n_hidden,learning_rate,reg_lambda,l1_lambda,dropout_rate,momentum,activation,optimizer,lr_decay,batch_size,weight_init,init_range,patience,val_loss,val_accuracy
[3],0.16,0.0,0.0,0.15000000000000002,0.8,sigmoid,sgd,0.6500000000000001,2,gaussian,"(-0.1, 0.1)",15,0.028433769502197396,0.92
[3],0.16,0.0,0.0,0.15000000000000002,0.8,sigmoid,sgd,0.6500000000000001,4,gaussian,"(-0.1, 0.1)",15,0.04594328070666226,0.92
[3],0.16,0.0,0.0,0.15000000000000002,0.8,sigmoid,sgd,0.7500000000000002,2,gaussian,"(-0.1, 0.1)",15,0.02895035706812305,0.92
[3],0.16,0.0,0.0,0.15000000000000002,0.8,sigmoid,sgd,0.7500000000000002,4,gaussian,"(-0.1, 0.1)",15,0.05151110764101243,0.92
[3],0.16,0.0,0.0,0.15000000000000002,0.8,sigmoid,sgd,0.8000000000000003,2,gaussian,"(-0.1, 0.1)",15,0.029283369208666223,0.92
[3],0.16,0.0,0.0,0.15000000000000002,0.8,sigmoid,sgd,0.8000000000000003,4,gaussian,"(-0.1, 0.1)",15,0.05481759803564919,0.92
[3],0.16,0.0,0.0,0.15000000000000002,0.8,sigmoid,sgd,0.5,2,gaussian,"(-0.1, 0.1)",15,0.029178050935448386,0.92
[3],0.16,0.0,0.0,0.15000000000000002,0.8,sigmoid,sgd,0.5,4,gaussian,"(-0.1, 0.1)",15,0.03994180767212355,0.92
[3],0.16,0.0,0.0,0.15000000000000002,0.8500000000000001,sigmoid,sgd,0.6500000000000001,2,gaussian,"(-0.1, 0.1)",15,0.02915843083451163,0.92
[3],0.16,0.0,0.0,0.15000000000000002,0.8500000000000001,sigmoid,sgd,0.6500000000000001,4,gaussian,"(-0.1, 0.1)",15,0.03491293046264609,0.92
[3],0.16,0.0,0.0,0.15000000000000002,0.8500000000000001,sigmoid,sgd,0.7500000000000002,2,gaussian,"(-0.1, 0.1)",15,0.029643994696876442,0.92
[3],0.16,0.0,0.0,0.15000000000000002,0.8500000000000001,sigmoid,sgd,0.7500000000000002,4,gaussian,"(-0.1, 0.1)",15,0.036825134463404394,0.92
[3],0.16,0.0,0.0,0.15000000000000002,0.8500000000000001,sigmoid,sgd,0.8000000000000003,2,gaussian,"(-0.1, 0.1)",15,0.02989929664174933,0.92
[3],0.16,0.0,0.0,0.15000000000000002,0.8500000000000001,sigmoid,sgd,0.8000000000000003,4,gaussian,"(-0.1, 0.1)",15,0.037805279655115445,0.92
[3],0.16,0.0,0.0,0.15000000000000002,0.8500000000000001,sigmoid,sgd,0.5,2,gaussian,"(-0.1, 0.1)",15,0.028596410031649585,0.92
[3],0.16,0.0,0.0,0.15000000000000002,0.8500000000000001,sigmoid,sgd,0.5,4,gaussian,"(-0.1, 0.1)",15,0.03216664433526556,0.92
[3],0.16,0.0,0.0,0.15000000000000002,0.9000000000000001,sigmoid,sgd,0.6500000000000001,2,gaussian,"(-0.1, 0.1)",15,0.028370345828992574,0.96
[3],0.16,0.0,0.0,0.15000000000000002,0.9000000000000001,sigmoid,sgd,0.6500000000000001,4,gaussian,"(-0.1, 0.1)",15,0.028345593915055516,0.92
[3],0.16,0.0,0.0,0.15000000000000002,0.9000000000000001,sigmoid,sgd,0.7500000000000002,2,gaussian,"(-0.1, 0.1)",15,0.028520107836363447,0.92
[3],0.16,0.0,0.0,0.15000000000000002,0.9000000000000001,sigmoid,sgd,0.7500000000000002,4,gaussian,"(-0.1, 0.1)",15,0.02928333584698618,0.92
[3],0.16,0.0,0.0,0.15000000000000002,0.9000000000000001,sigmoid,sgd,0.8000000000000003,2,gaussian,"(-0.1, 0.1)",15,0.028617981276068565,0.92
[3],0.16,0.0,0.0,0.15000000000000002,0.9000000000000001,sigmoid,sgd,0.8000000000000003,4,gaussian,"(-0.1, 0.1)",15,0.029781829454452163,0.92
[3],0.16,0.0,0.0,0.15000000000000002,0.9000000000000001,sigmoid,sgd,0.5,2,gaussian,"(-0.1, 0.1)",15,0.028208090105293716,0.96
[3],0.16,0.0,0.0,0.15000000000000002,0.9000000000000001,sigmoid,sgd,0.5,4,gaussian,"(-0.1, 0.1)",15,0.027161036796683767,0.96
[3],0.16,0.0,0.0,0.2,0.8,sigmoid,sgd,0.6500000000000001,2,gaussian,"(-0.1, 0.1)",15,0.03211356195434658,0.92
[3],0.16,0.0,0.0,0.2,0.8,sigmoid,sgd,0.6500000000000001,4,gaussian,"(-0.1, 0.1)",15,0.060500059586468306,0.92
[3],0.16,0.0,0.0,0.2,0.8,sigmoid,sgd,0.7500000000000002,2,gaussian,"(-0.1, 0.1)",15,0.03289002149830734,0.92
[3],0.16,0.0,0.0,0.2,0.8,sigmoid,sgd,0.7500000000000002,4,gaussian,"(-0.1, 0.1)",15,0.0666268305542739,0.92
[3],0.16,0.0,0.0,0.2,0.8,sigmoid,sgd,0.8000000000000003,2,gaussian,"(-0.1, 0.1)",15,0.033291987476947164,0.92
[3],0.16,0.0,0.0,0.2,0.8,sigmoid,sgd,0.8000000000000003,4,gaussian,"(-0.1, 0.1)",15,0.0697874666529121,0.92
[3],0.16,0.0,0.0,0.2,0.8,sigmoid,sgd,0.5,2,gaussian,"(-0.1, 0.1)",15,0.03128125095528672,0.92
[3],0.16,0.0,0.0,0.2,0.8,sigmoid,sgd,0.5,4,gaussian,"(-0.1, 0.1)",15,0.05189937151671476,0.92
[3],0.16,0.0,0.0,0.2,0.8500000000000001,sigmoid,sgd,0.6500000000000001,2,gaussian,"(-0.1, 0.1)",15,0.030782445523935973,0.92
[3],0.16,0.0,0.0,0.2,0.8500000000000001,sigmoid,sgd,0.6500000000000001,4,gaussian,"(-0.1, 0.1)",15,0.0364655256059401,0.92
[3],0.16,0.0,0.0,0.2,0.8500000000000001,sigmoid,sgd,0.7500000000000002,2,gaussian,"(-0.1, 0.1)",15,0.031217900599983365,0.92
[3],0.16,0.0,0.0,0.2,0.8500000000000001,sigmoid,sgd,0.7500000000000002,4,gaussian,"(-0.1, 0.1)",15,0.03903235957392476,0.92
[3],0.16,0.0,0.0,0.2,0.8500000000000001,sigmoid,sgd,0.8000000000000003,2,gaussian,"(-0.1, 0.1)",15,0.031432553827470254,0.92
[3],0.16,0.0,0.0,0.2,0.8500000000000001,sigmoid,sgd,0.8000000000000003,4,gaussian,"(-0.1, 0.1)",15,0.040396457414568966,0.92
[3],0.16,0.0,0.0,0.2,0.8500000000000001,sigmoid,sgd,0.5,2,gaussian,"(-0.1, 0.1)",15,0.030245083792854874,0.92
[3],0.16,0.0,0.0,0.2,0.8500000000000001,sigmoid,sgd,0.5,4,gaussian,"(-0.1, 0.1)",15,0.03292458264339019,0.92
[3],0.16,0.0,0.0,0.2,0.9000000000000001,sigmoid,sgd,0.6500000000000001,2,gaussian,"(-0.1, 0.1)",15,0.029514094478090766,0.92
[3],0.16,0.0,0.0,0.2,0.9000000000000001,sigmoid,sgd,0.6500000000000001,4,gaussian,"(-0.1, 0.1)",15,0.029390647294220376,0.92
[3],0.16,0.0,0.0,0.2,0.9000000000000001,sigmoid,sgd,0.7500000000000002,2,gaussian,"(-0.1, 0.1)",15,0.029709153252676028,0.92
[3],0.16,0.0,0.0,0.2,0.9000000000000001,sigmoid,sgd,0.7500000000000002,4,gaussian,"(-0.1, 0.1)",15,0.030499675401071978,0.92
[3],0.16,0.0,0.0,0.2,0.9000000000000001,sigmoid,sgd,0.8000000000000003,2,gaussian,"(-0.1, 0.1)",15,0.029817512631869218,0.92
[3],0.16,0.0,0.0,0.2,0.9000000000000001,sigmoid,sgd,0.8000000000000003,4,gaussian,"(-0.1, 0.1)",15,0.031053738634670425,0.92
[3],0.16,0.0,0.0,0.2,0.9000000000000001,sigmoid,sgd,0.5,2,gaussian,"(-0.1, 0.1)",15,0.029501056483657036,0.92
[3],0.16,0.0,0.0,0.2,0.9000000000000001,sigmoid,sgd,0.5,4,gaussian,"(-0.1, 0.1)",15,0.027783191831964146,0.92
[3],0.16,0.0,0.0,0.25,0.8,sigmoid,sgd,0.6500000000000001,2,gaussian,"(-0.1, 0.1)",15,0.032162087826432234,0.92
[3],0.16,0.0,0.0,0.25,0.8,sigmoid,sgd,0.6500000000000001,4,gaussian,"(-0.1, 0.1)",15,0.03795472253354317,0.92
[3],0.16,0.0,0.0,0.25,0.8,sigmoid,sgd,0.7500000000000002,2,gaussian,"(-0.1, 0.1)",15,0.03318878461725878,0.92
[3],0.16,0.0,0.0,0.25,0.8,sigmoid,sgd,0.7500000000000002,4,gaussian,"(-0.1, 0.1)",15,0.03994470803944511,0.92
[3],0.16,0.0,0.0,0.25,0.8,sigmoid,sgd,0.8000000000000003,2,gaussian,"(-0.1, 0.1)",15,0.03366442963799097,0.92
[3],0.16,0.0,0.0,0.25,0.8,sigmoid,sgd,0.8000000000000003,4,gaussian,"(-0.1, 0.1)",15,0.04102788307720833,0.92
[3],0.16,0.0,0.0,0.25,0.8,sigmoid,sgd,0.5,2,gaussian,"(-0.1, 0.1)",15,0.03048911677032291,0.92
[3],0.16,0.0,0.0,0.25,0.8,sigmoid,sgd,0.5,4,gaussian,"(-0.1, 0.1)",15,0.03520807997320405,0.92
[3],0.16,0.0,0.0,0.25,0.8500000000000001,sigmoid,sgd,0.6500000000000001,2,gaussian,"(-0.1, 0.1)",15,0.0325098211829977,0.92
[3],0.16,0.0,0.0,0.25,0.8500000000000001,sigmoid,sgd,0.6500000000000001,4,gaussian,"(-0.1, 0.1)",15,0.03384287233920556,0.92
[3],0.16,0.0,0.0,0.25,0.8500000000000001,sigmoid,sgd,0.7500000000000002,2,gaussian,"(-0.1, 0.1)",15,0.0329941647137469,0.92
[3],0.16,0.0,0.0,0.25,0.8500000000000001,sigmoid,sgd,0.7500000000000002,4,gaussian,"(-0.1, 0.1)",15,0.03514853690614685,0.92
[3],0.16,0.0,0.0,0.25,0.8500000000000001,sigmoid,sgd,0.8000000000000003,2,gaussian,"(-0.1, 0.1)",15,0.0332469675540193,0.92
[3],0.16,0.0,0.0,0.25,0.8500000000000001,sigmoid,sgd,0.8000000000000003,4,gaussian,"(-0.1, 0.1)",15,0.035790604462294213,0.92
[3],0.16,0.0,0.0,0.25,0.8500000000000001,sigmoid,sgd,0.5,2,gaussian,"(-0.1, 0.1)",15,0.03168122472041948,0.92
[3],0.16,0.0,0.0,0.25,0.8500000000000001,sigmoid,sgd,0.5,4,gaussian,"(-0.1, 0.1)",15,0.03176295982309625,0.92
[3],0.16,0.0,0.0,0.25,0.9000000000000001,sigmoid,sgd,0.6500000000000001,2,gaussian,"(-0.1, 0.1)",15,0.032140599973322526,0.92
[3],0.16,0.0,0.0,0.25,0.9000000000000001,sigmoid,sgd,0.6500000000000001,4,gaussian,"(-0.1, 0.1)",15,0.0297376739165674,0.92
[3],0.16,0.0,0.0,0.25,0.9000000000000001,sigmoid,sgd,0.7500000000000002,2,gaussian,"(-0.1, 0.1)",15,0.032068428837982756,0.92
[3],0.16,0.0,0.0,0.25,0.9000000000000001,sigmoid,sgd,0.7500000000000002,4,gaussian,"(-0.1, 0.1)",15,0.030720856894806095,0.92
[3],0.16,0.0,0.0,0.25,0.9000000000000001,sigmoid,sgd,0.8000000000000003,2,gaussian,"(-0.1, 0.1)",15,0.03207283650223832,0.92
[3],0.16,0.0,0.0,0.25,0.9000000000000001,sigmoid,sgd,0.8000000000000003,4,gaussian,"(-0.1, 0.1)",15,0.031194628615366128,0.92
[3],0.16,0.0,0.0,0.25,0.9000000000000001,sigmoid,sgd,0.5,2,gaussian,"(-0.1, 0.1)",15,0.03243150577235761,0.92
[3],0.16,0.0,0.0,0.25,0.9000000000000001,sigmoid,sgd,0.5,4,gaussian,"(-0.1, 0.1)",15,0.02816371642050327,0.92
[3],0.16,0.0,0.0,0.05,0.8,sigmoid,sgd,0.6500000000000001,2,gaussian,"(-0.1, 0.1)",15,0.032393110855046266,0.92
[3],0.16,0.0,0.0,0.05,0.8,sigmoid,sgd,0.6500000000000001,4,gaussian,"(-0.1, 0.1)",15,0.03734337539164,0.92
[3],0.16,0.0,0.0,0.05,0.8,sigmoid,sgd,0.7500000000000002,2,gaussian,"(-0.1, 0.1)",15,0.03269974658285834,0.92
[3],0.16,0.0,0.0,0.05,0.8,sigmoid,sgd,0.7500000000000002,4,gaussian,"(-0.1, 0.1)",15,0.03918429184880162,0.92
[3],0.16,0.0,0.0,0.05,0.8,sigmoid,sgd,0.8000000000000003,2,gaussian,"(-0.1, 0.1)",15,0.032885759616114243,0.92
[3],0.16,0.0,0.0,0.05,0.8,sigmoid,sgd,0.8000000000000003,4,gaussian,"(-0.1, 0.1)",15,0.04022694000231388,0.92
[3],0.16,0.0,0.0,0.05,0.8,sigmoid,sgd,0.5,2,gaussian,"(-0.1, 0.1)",15,0.032135641331886476,0.92
[3],0.16,0.0,0.0,0.05,0.8,sigmoid,sgd,0.5,4,gaussian,"(-0.1, 0.1)",15,0.035091672257748,0.92
[3],0.16,0.0,0.0,0.05,0.8500000000000001,sigmoid,sgd,0.6500000000000001,2,gaussian,"(-0.1, 0.1)",15,0.031961136184252836,0.92
[3],0.16,0.0,0.0,0.05,0.8500000000000001,sigmoid,sgd,0.6500000000000001,4,gaussian,"(-0.1, 0.1)",15,0.03428399914200246,0.92
[3],0.16,0.0,0.0,0.05,0.8500000000000001,sigmoid,sgd,0.7500000000000002,2,gaussian,"(-0.1, 0.1)",15,0.03200222928476344,0.92
[3],0.16,0.0,0.0,0.05,0.8500000000000001,sigmoid,sgd,0.7500000000000002,4,gaussian,"(-0.1, 0.1)",15,0.03523990730065525,0.92
[3],0.16,0.0,0.0,0.05,0.8500000000000001,sigmoid,sgd,0.8000000000000003,2,gaussian,"(-0.1, 0.1)",15,0.032044116944914776,0.92
[3],0.16,0.0,0.0,0.05,0.8500000000000001,sigmoid,sgd,0.8000000000000003,4,gaussian,"(-0.1, 0.1)",15,0.035731770238251276,0.92
[3],0.16,0.0,0.0,0.05,0.8500000000000001,sigmoid,sgd,0.5,2,gaussian,"(-0.1, 0.1)",15,0.03203332062854483,0.92
[3],0.16,0.0,0.0,0.05,0.8500000000000001,sigmoid,sgd,0.5,4,gaussian,"(-0.1, 0.1)",15,0.03284918448765908,0.92
[3],0.16,0.0,0.0,0.05,0.9000000000000001,sigmoid,sgd,0.6500000000000001,2,gaussian,"(-0.1, 0.1)",15,0.031769710541380135,0.92
[3],0.16,0.0,0.0,0.05,0.9000000000000001,sigmoid,sgd,0.6500000000000001,4,gaussian,"(-0.1, 0.1)",15,0.031807201295786285,0.92
[3],0.16,0.0,0.0,0.05,0.9000000000000001,sigmoid,sgd,0.7500000000000002,2,gaussian,"(-0.1, 0.1)",15,0.031645365725567275,0.92
[3],0.16,0.0,0.0,0.05,0.9000000000000001,sigmoid,sgd,0.7500000000000002,4,gaussian,"(-0.1, 0.1)",15,0.03222070058550028,0.92
[3],0.16,0.0,0.0,0.05,0.9000000000000001,sigmoid,sgd,0.8000000000000003,2,gaussian,"(-0.1, 0.1)",15,0.03160598131816852,0.92
[3],0.16,0.0,0.0,0.05,0.9000000000000001,sigmoid,sgd,0.8000000000000003,4,gaussian,"(-0.1, 0.1)",15,0.03245682984487311,0.92
[3],0.16,0.0,0.0,0.05,0.9000000000000001,sigmoid,sgd,0.5,2,gaussian,"(-0.1, 0.1)",15,0.03209387688881478,0.92
[3],0.16,0.0,0.0,0.05,0.9000000000000001,sigmoid,sgd,0.5,4,gaussian,"(-0.1, 0.1)",15,0.031367691682008494,0.92
[4],0.16,0.0,0.0,0.15000000000000002,0.8,sigmoid,sgd,0.6500000000000001,2,gaussian,"(-0.1, 0.1)",15,0.029416259211672412,0.92
[4],0.16,0.0,0.0,0.15000000000000002,0.8,sigmoid,sgd,0.6500000000000001,4,gaussian,"(-0.1, 0.1)",15,0.0393097940011647,0.92
[4],0.16,0.0,0.0,0.15000000000000002,0.8,sigmoid,sgd,0.7500000000000002,2,gaussian,"(-0.1, 0.1)",15,0.030391505081793623,0.92
[4],0.16,0.0,0.0,0.15000000000000002,0.8,sigmoid,sgd,0.7500000000000002,4,gaussian,"(-0.1, 0.1)",15,0.04136829134387551,0.92
[4],0.16,0.0,0.0,0.15000000000000002,0.8,sigmoid,sgd,0.8000000000000003,2,gaussian,"(-0.1, 0.1)",15,0.03086965139376863,0.92
[4],0.16,0.0,0.0,0.15000000000000002,0.8,sigmoid,sgd,0.8000000000000003,4,gaussian,"(-0.1, 0.1)",15,0.04263775672403465,0.92
[4],0.16,0.0,0.0,0.15000000000000002,0.8,sigmoid,sgd,0.5,2,gaussian,"(-0.1, 0.1)",15,0.02794571484356055,0.92
[4],0.16,0.0,0.0,0.15000000000000002,0.8,sigmoid,sgd,0.5,4,gaussian,"(-0.1, 0.1)",15,0.036971033824398335,0.92
[4],0.16,0.0,0.0,0.15000000000000002,0.8500000000000001,sigmoid,sgd,0.6500000000000001,2,gaussian,"(-0.1, 0.1)",15,0.02806916738128941,0.92
[4],0.16,0.0,0.0,0.15000000000000002,0.8500000000000001,sigmoid,sgd,0.6500000000000001,4,gaussian,"(-0.1, 0.1)",15,0.03579074773578062,0.92
[4],0.16,0.0,0.0,0.15000000000000002,0.8500000000000001,sigmoid,sgd,0.7500000000000002,2,gaussian,"(-0.1, 0.1)",15,0.028809127637868633,0.92
[4],0.16,0.0,0.0,0.15000000000000002,0.8500000000000001,sigmoid,sgd,0.7500000000000002,4,gaussian,"(-0.1, 0.1)",15,0.0370649655500138,0.92
[4],0.16,0.0,0.0,0.15000000000000002,0.8500000000000001,sigmoid,sgd,0.8000000000000003,2,gaussian,"(-0.1, 0.1)",15,0.029174353996004734,0.92
[4],0.16,0.0,0.0,0.15000000000000002,0.8500000000000001,sigmoid,sgd,0.8000000000000003,4,gaussian,"(-0.1, 0.1)",15,0.0377003480038591,0.92
[4],0.16,0.0,0.0,0.15000000000000002,0.8500000000000001,sigmoid,sgd,0.5,2,gaussian,"(-0.1, 0.1)",15,0.026987142550615396,0.96
[4],0.16,0.0,0.0,0.15000000000000002,0.8500000000000001,sigmoid,sgd,0.5,4,gaussian,"(-0.1, 0.1)",15,0.03350049052997,0.92
[4],0.16,0.0,0.0,0.15000000000000002,0.9000000000000001,sigmoid,sgd,0.6500000000000001,2,gaussian,"(-0.1, 0.1)",15,0.030573572552990633,0.92
[4],0.16,0.0,0.0,0.15000000000000002,0.9000000000000001,sigmoid,sgd,0.6500000000000001,4,gaussian,"(-0.1, 0.1)",15,0.031026304885318573,0.92
[4],0.16,0.0,0.0,0.15000000000000002,0.9000000000000001,sigmoid,sgd,0.7500000000000002,2,gaussian,"(-0.1, 0.1)",15,0.03050852724454667,0.92
[4],0.16,0.0,0.0,0.15000000000000002,0.9000000000000001,sigmoid,sgd,0.7500000000000002,4,gaussian,"(-0.1, 0.1)",15,0.03233928859248929,0.92
[4],0.16,0.0,0.0,0.15000000000000002,0.9000000000000001,sigmoid,sgd,0.8000000000000003,2,gaussian,"(-0.1, 0.1)",15,0.029596860260712822,0.92
[4],0.16,0.0,0.0,0.15000000000000002,0.9000000000000001,sigmoid,sgd,0.8000000000000003,4,gaussian,"(-0.1, 0.1)",15,0.03297289713385962,0.92
[4],0.16,0.0,0.0,0.15000000000000002,0.9000000000000001,sigmoid,sgd,0.5,2,gaussian,"(-0.1, 0.1)",15,0.03000853045524343,0.92
[4],0.16,0.0,0.0,0.15000000000000002,0.9000000000000001,sigmoid,sgd,0.5,4,gaussian,"(-0.1, 0.1)",15,0.029134113832779557,0.92
[4],0.16,0.0,0.0,0.2,0.8,sigmoid,sgd,0.6500000000000001,2,gaussian,"(-0.1, 0.1)",15,0.03412630239522739,0.92
[4],0.16,0.0,0.0,0.2,0.8,sigmoid,sgd,0.6500000000000001,4,gaussian,"(-0.1, 0.1)",15,0.04297244570550964,0.92
[4],0.16,0.0,0.0,0.2,0.8,sigmoid,sgd,0.7500000000000002,2,gaussian,"(-0.1, 0.1)",15,0.03481376540970148,0.92
[4],0.16,0.0,0.0,0.2,0.8,sigmoid,sgd,0.7500000000000002,4,gaussian,"(-0.1, 0.1)",15,0.045538801985942026,0.92
[4],0.16,0.0,0.0,0.2,0.8,sigmoid,sgd,0.8000000000000003,2,gaussian,"(-0.1, 0.1)",15,0.035162130501784385,0.92
[4],0.16,0.0,0.0,0.2,0.8,sigmoid,sgd,0.8000000000000003,4,gaussian,"(-0.1, 0.1)",15,0.04708704587639054,0.92
[4],0.16,0.0,0.0,0.2,0.8,sigmoid,sgd,0.5,2,gaussian,"(-0.1, 0.1)",15,0.032886311631927984,0.92
[4],0.16,0.0,0.0,0.2,0.8,sigmoid,sgd,0.5,4,gaussian,"(-0.1, 0.1)",15,0.040357131080879426,0.92
[4],0.16,0.0,0.0,0.2,0.8500000000000001,sigmoid,sgd,0.6500000000000001,2,gaussian,"(-0.1, 0.1)",15,0.03267779569709029,0.92
[4],0.16,0.0,0.0,0.2,0.8500000000000001,sigmoid,sgd,0.6500000000000001,4,gaussian,"(-0.1, 0.1)",15,0.03922825911194257,0.92
[4],0.16,0.0,0.0,0.2,0.8500000000000001,sigmoid,sgd,0.7500000000000002,2,gaussian,"(-0.1, 0.1)",15,0.03317984766933918,0.92
[4],0.16,0.0,0.0,0.2,0.8500000000000001,sigmoid,sgd,0.7500000000000002,4,gaussian,"(-0.1, 0.1)",15,0.04013969742473415,0.92
[4],0.16,0.0,0.0,0.2,0.8500000000000001,sigmoid,sgd,0.8000000000000003,2,gaussian,"(-0.1, 0.1)",15,0.03343206005548513,0.92
[4],0.16,0.0,0.0,0.2,0.8500000000000001,sigmoid,sgd,0.8000000000000003,4,gaussian,"(-0.1, 0.1)",15,0.04065978452850416,0.92
[4],0.16,0.0,0.0,0.2,0.8500000000000001,sigmoid,sgd,0.5,2,gaussian,"(-0.1, 0.1)",15,0.03187283559903532,0.92
[4],0.16,0.0,0.0,0.2,0.8500000000000001,sigmoid,sgd,0.5,4,gaussian,"(-0.1, 0.1)",15,0.03778980845154548,0.92
[4],0.16,0.0,0.0,0.2,0.9000000000000001,sigmoid,sgd,0.6500000000000001,2,gaussian,"(-0.1, 0.1)",15,0.0278653191525567,0.92
[4],0.16,0.0,0.0,0.2,0.9000000000000001,sigmoid,sgd,0.6500000000000001,4,gaussian,"(-0.1, 0.1)",15,0.035497988120144014,0.92
[4],0.16,0.0,0.0,0.2,0.9000000000000001,sigmoid,sgd,0.7500000000000002,2,gaussian,"(-0.1, 0.1)",15,0.028416702898182145,0.92
[4],0.16,0.0,0.0,0.2,0.9000000000000001,sigmoid,sgd,0.7500000000000002,4,gaussian,"(-0.1, 0.1)",15,0.03656839748772134,0.92
[4],0.16,0.0,0.0,0.2,0.9000000000000001,sigmoid,sgd,0.8000000000000003,2,gaussian,"(-0.1, 0.1)",15,0.02874086068119681,0.92
[4],0.16,0.0,0.0,0.2,0.9000000000000001,sigmoid,sgd,0.8000000000000003,4,gaussian,"(-0.1, 0.1)",15,0.037039699023086944,0.92
[4],0.16,0.0,0.0,0.2,0.9000000000000001,sigmoid,sgd,0.5,2,gaussian,"(-0.1, 0.1)",15,0.027484670946567268,0.92
[4],0.16,0.0,0.0,0.2,0.9000000000000001,sigmoid,sgd,0.5,4,gaussian,"(-0.1, 0.1)",15,0.0340142003699203,0.92
[4],0.16,0.0,0.0,0.25,0.8,sigmoid,sgd,0.6500000000000001,2,gaussian,"(-0.1, 0.1)",15,0.0365990313721383,0.92
[4],0.16,0.0,0.0,0.25,0.8,sigmoid,sgd,0.6500000000000001,4,gaussian,"(-0.1, 0.1)",15,0.054972502679083754,0.92
[4],0.16,0.0,0.0,0.25,0.8,sigmoid,sgd,0.7500000000000002,2,gaussian,"(-0.1, 0.1)",15,0.03772966033264685,0.92
[4],0.16,0.0,0.0,0.25,0.8,sigmoid,sgd,0.7500000000000002,4,gaussian,"(-0.1, 0.1)",15,0.05943310340281001,0.92
[4],0.16,0.0,0.0,0.25,0.8,sigmoid,sgd,0.8000000000000003,2,gaussian,"(-0.1, 0.1)",15,0.038166456407360036,0.92
[4],0.16,0.0,0.0,0.25,0.8,sigmoid,sgd,0.8000000000000003,4,gaussian,"(-0.1, 0.1)",15,0.06175561470772938,0.92
[4],0.16,0.0,0.0,0.25,0.8,sigmoid,sgd,0.5,2,gaussian,"(-0.1, 0.1)",15,0.03429480904609237,0.92
[4],0.16,0.0,0.0,0.25,0.8,sigmoid,sgd,0.5,4,gaussian,"(-0.1, 0.1)",15,0.049166529739843326,0.92
[4],0.16,0.0,0.0,0.25,0.8500000000000001,sigmoid,sgd,0.6500000000000001,2,gaussian,"(-0.1, 0.1)",15,0.0341359393105406,0.92
[4],0.16,0.0,0.0,0.25,0.8500000000000001,sigmoid,sgd,0.6500000000000001,4,gaussian,"(-0.1, 0.1)",15,0.04256697642598141,0.92
[4],0.16,0.0,0.0,0.25,0.8500000000000001,sigmoid,sgd,0.7500000000000002,2,gaussian,"(-0.1, 0.1)",15,0.035086971020598524,0.92
[4],0.16,0.0,0.0,0.25,0.8500000000000001,sigmoid,sgd,0.7500000000000002,4,gaussian,"(-0.1, 0.1)",15,0.04428121582807891,0.92
[4],0.16,0.0,0.0,0.25,0.8500000000000001,sigmoid,sgd,0.8000000000000003,2,gaussian,"(-0.1, 0.1)",15,0.03548359989525482,0.92
[4],0.16,0.0,0.0,0.25,0.8500000000000001,sigmoid,sgd,0.8000000000000003,4,gaussian,"(-0.1, 0.1)",15,0.045367048867485146,0.92
[4],0.16,0.0,0.0,0.25,0.8500000000000001,sigmoid,sgd,0.5,2,gaussian,"(-0.1, 0.1)",15,0.03221245192126109,0.92
[4],0.16,0.0,0.0,0.25,0.8500000000000001,sigmoid,sgd,0.5,4,gaussian,"(-0.1, 0.1)",15,0.04095373740986246,0.92
[4],0.16,0.0,0.0,0.25,0.9000000000000001,sigmoid,sgd,0.6500000000000001,2,gaussian,"(-0.1, 0.1)",15,0.030611076553849755,0.92
[4],0.16,0.0,0.0,0.25,0.9000000000000001,sigmoid,sgd,0.6500000000000001,4,gaussian,"(-0.1, 0.1)",15,0.040128117847600446,0.92
[4],0.16,0.0,0.0,0.25,0.9000000000000001,sigmoid,sgd,0.7500000000000002,2,gaussian,"(-0.1, 0.1)",15,0.03158623181310848,0.92
[4],0.16,0.0,0.0,0.25,0.9000000000000001,sigmoid,sgd,0.7500000000000002,4,gaussian,"(-0.1, 0.1)",15,0.040323580204422296,0.92
[4],0.16,0.0,0.0,0.25,0.9000000000000001,sigmoid,sgd,0.8000000000000003,2,gaussian,"(-0.1, 0.1)",15,0.03196211251290936,0.92
[4],0.16,0.0,0.0,0.25,0.9000000000000001,sigmoid,sgd,0.8000000000000003,4,gaussian,"(-0.1, 0.1)",15,0.04046758258359666,0.92
[4],0.16,0.0,0.0,0.25,0.9000000000000001,sigmoid,sgd,0.5,2,gaussian,"(-0.1, 0.1)",15,0.02907154608488746,0.92
[4],0.16,0.0,0.0,0.25,0.9000000000000001,sigmoid,sgd,0.5,4,gaussian,"(-0.1, 0.1)",15,0.03961368558867907,0.92
[4],0.16,0.0,0.0,0.05,0.8,sigmoid,sgd,0.6500000000000001,2,gaussian,"(-0.1, 0.1)",15,0.031359340828544746,0.92
[4],0.16,0.0,0.0,0.05,0.8,sigmoid,sgd,0.6500000000000001,4,gaussian,"(-0.1, 0.1)",15,0.03987628103729555,0.92
[4],0.16,0.0,0.0,0.05,0.8,sigmoid,sgd,0.7500000000000002,2,gaussian,"(-0.1, 0.1)",15,0.03186069920635545,0.92
[4],0.16,0.0,0.0,0.05,0.8,sigmoid,sgd,0.7500000000000002,4,gaussian,"(-0.1, 0.1)",15,0.0411136810357515,0.92
[4],0.16,0.0,0.0,0.05,0.8,sigmoid,sgd,0.8000000000000003,2,gaussian,"(-0.1, 0.1)",15,0.03214095775459583,0.92
[4],0.16,0.0,0.0,0.05,0.8,sigmoid,sgd,0.8000000000000003,4,gaussian,"(-0.1, 0.1)",15,0.04195181722451494,0.92
[4],0.16,0.0,0.0,0.05,0.8,sigmoid,sgd,0.5,2,gaussian,"(-0.1, 0.1)",15,0.030792611688012967,0.92
[4],0.16,0.0,0.0,0.05,0.8,sigmoid,sgd,0.5,4,gaussian,"(-0.1, 0.1)",15,0.03839268064478633,0.92
[4],0.16,0.0,0.0,0.05,0.8500000000000001,sigmoid,sgd,0.6500000000000001,2,gaussian,"(-0.1, 0.1)",15,0.030094375636081364,0.92
[4],0.16,0.0,0.0,0.05,0.8500000000000001,sigmoid,sgd,0.6500000000000001,4,gaussian,"(-0.1, 0.1)",15,0.036446433284756094,0.92
[4],0.16,0.0,0.0,0.05,0.8500000000000001,sigmoid,sgd,0.7500000000000002,2,gaussian,"(-0.1, 0.1)",15,0.030398998382893314,0.92
[4],0.16,0.0,0.0,0.05,0.8500000000000001,sigmoid,sgd,0.7500000000000002,4,gaussian,"(-0.1, 0.1)",15,0.03777281668567021,0.92
[4],0.16,0.0,0.0,0.05,0.8500000000000001,sigmoid,sgd,0.8000000000000003,2,gaussian,"(-0.1, 0.1)",15,0.030566134930439387,0.92
[4],0.16,0.0,0.0,0.05,0.8500000000000001,sigmoid,sgd,0.8000000000000003,4,gaussian,"(-0.1, 0.1)",15,0.03831789646002099,0.92
[4],0.16,0.0,0.0,0.05,0.8500000000000001,sigmoid,sgd,0.5,2,gaussian,"(-0.1, 0.1)",15,0.029703586067436744,0.92
[4],0.16,0.0,0.0,0.05,0.8500000000000001,sigmoid,sgd,0.5,4,gaussian,"(-0.1, 0.1)",15,0.034246294859667244,0.92
[4],0.16,0.0,0.0,0.05,0.9000000000000001,sigmoid,sgd,0.6500000000000001,2,gaussian,"(-0.1, 0.1)",15,0.02993718284192458,0.92
[4],0.16,0.0,0.0,0.05,0.9000000000000001,sigmoid,sgd,0.6500000000000001,4,gaussian,"(-0.1, 0.1)",15,0.03215806835328079,0.92
[4],0.16,0.0,0.0,0.05,0.9000000000000001,sigmoid,sgd,0.7500000000000002,2,gaussian,"(-0.1, 0.1)",15,0.029932005661073003,0.92
[4],0.16,0.0,0.0,0.05,0.9000000000000001,sigmoid,sgd,0.7500000000000002,4,gaussian,"(-0.1, 0.1)",15,0.0328664490697331,0.92
[4],0.16,0.0,0.0,0.05,0.9000000000000001,sigmoid,sgd,0.8000000000000003,2,gaussian,"(-0.1, 0.1)",15,0.02998509902316615,0.92
[4],0.16,0.0,0.0,0.05,0.9000000000000001,sigmoid,sgd,0.8000000000000003,4,gaussian,"(-0.1, 0.1)",15,0.033262505352629854,0.92
[4],0.16,0.0,0.0,0.05,0.9000000000000001,sigmoid,sgd,0.5,2,gaussian,"(-0.1, 0.1)",15,0.03002329774081677,0.92
[4],0.16,0.0,0.0,0.05,0.9000000000000001,sigmoid,sgd,0.5,4,gaussian,"(-0.1, 0.1)",15,0.03133126777675475,0.92
[4],0.16,0.0,0.0,0.25,0.8500000000000001,sigmoid,sgd,0.7000000000000002,2,gaussian,"(-0.1, 0.1)",15,0.01711226021828754,1.0
[4],0.16,0.0,0.0,0.25,0.8500000000000001,sigmoid,sgd,0.7000000000000002,2,gaussian,"(-0.5, 0.5)",15,0.026825601348999563,1.0
[4],0.16,0.0,0.0,0.25,0.8500000000000001,sigmoid,sgd,0.7000000000000002,4,gaussian,"(-0.1, 0.1)",15,0.03803762608371785,1.0
[4],0.16,0.0,0.0,0.25,0.8500000000000001,sigmoid,sgd,0.7000000000000002,4,gaussian,"(-0.5, 0.5)",15,0.04334277947124909,1.0
[4],0.16,0.0,0.0,0.25,0.8500000000000001,sigmoid,sgd,0.5,2,gaussian,"(-0.5, 0.5)",15,0.02075752944555869,1.0
[4],0.16,0.0,0.0,0.25,0.8500000000000001,sigmoid,sgd,0.5,4,gaussian,"(-0.5, 0.5)",15,0.035368684051931755,1.0
[4],0.16,0.0,0.0,0.25,0.8500000000000001,sigmoid,sgd,0.9500000000000004,2,gaussian,"(-0.1, 0.1)",15,0.01922747992613404,1.0
[4],0.16,0.0,0.0,0.25,0.8500000000000001,sigmoid,sgd,0.9500000000000004,2,gaussian,"(-0.5, 0.5)",15,0.03157694261837451,1.0
[4],0.16,0.0,0.0,0.25,0.8500000000000001,sigmoid,sgd,0.9500000000000004,4,gaussian,"(-0.1, 0.1)",15,0.04501678441586177,1.0
[4],0.16,0.0,0.0,0.25,0.8500000000000001,sigmoid,sgd,0.9500000000000004,4,gaussian,"(-0.5, 0.5)",15,0.05482959917390984,1.0
[4],0.16,0.0,0.0,0.25,0.8500000000000001,sigmoid,sgd,0.55,2,gaussian,"(-0.1, 0.1)",15,0.016094536691933187,1.0
[4],0.16,0.0,0.0,0.25,0.8500000000000001,sigmoid,sgd,0.55,2,gaussian,"(-0.5, 0.5)",15,0.0224480228838148,1.0
[4],0.16,0.0,0.0,0.25,0.8500000000000001,sigmoid,sgd,0.55,4,gaussian,"(-0.1, 0.1)",15,0.03408826878366179,1.0
[4],0.16,0.0,0.0,0.25,0.8500000000000001,sigmoid,sgd,0.55,4,gaussian,"(-0.5, 0.5)",15,0.037109866958784085,1.0
[4],0.16,0.0,0.0,0.25,0.9000000000000001,sigmoid,sgd,0.7000000000000002,2,gaussian,"(-0.1, 0.1)",15,0.016766312328123045,0.96
[4],0.16,0.0,0.0,0.25,0.9000000000000001,sigmoid,sgd,0.7000000000000002,2,gaussian,"(-0.5, 0.5)",15,0.019799387766054305,1.0
[4],0.16,0.0,0.0,0.25,0.9000000000000001,sigmoid,sgd,0.7000000000000002,4,gaussian,"(-0.1, 0.1)",15,0.02284765426251671,1.0
[4],0.16,0.0,0.0,0.25,0.9000000000000001,sigmoid,sgd,0.7000000000000002,4,gaussian,"(-0.5, 0.5)",15,0.03579463448621664,1.0
[4],0.16,0.0,0.0,0.25,0.9000000000000001,sigmoid,sgd,0.5,2,gaussian,"(-0.5, 0.5)",15,0.016866844156095975,1.0
[4],0.16,0.0,0.0,0.25,0.9000000000000001,sigmoid,sgd,0.5,4,gaussian,"(-0.5, 0.5)",15,0.03227796595894751,1.0
[4],0.16,0.0,0.0,0.25,0.9000000000000001,sigmoid,sgd,0.9500000000000004,2,gaussian,"(-0.1, 0.1)",15,0.017061352806797398,1.0
[4],0.16,0.0,0.0,0.25,0.9000000000000001,sigmoid,sgd,0.9500000000000004,2,gaussian,"(-0.5, 0.5)",15,0.02558031636466659,1.0
[4],0.16,0.0,0.0,0.25,0.9000000000000001,sigmoid,sgd,0.9500000000000004,4,gaussian,"(-0.1, 0.1)",15,0.027002389492916064,1.0
[4],0.16,0.0,0.0,0.25,0.9000000000000001,sigmoid,sgd,0.9500000000000004,4,gaussian,"(-0.5, 0.5)",15,0.04229918682087098,1.0
[4],0.16,0.0,0.0,0.25,0.9000000000000001,sigmoid,sgd,0.55,2,gaussian,"(-0.1, 0.1)",15,0.01708159504508601,0.96
[4],0.16,0.0,0.0,0.25,0.9000000000000001,sigmoid,sgd,0.55,2,gaussian,"(-0.5, 0.5)",15,0.017645351953511797,1.0
[4],0.16,0.0,0.0,0.25,0.9000000000000001,sigmoid,sgd,0.55,4,gaussian,"(-0.1, 0.1)",15,0.020186432018425213,0.96
[4],0.16,0.0,0.0,0.25,0.9000000000000001,sigmoid,sgd,0.55,4,gaussian,"(-0.5, 0.5)",15,0.03306532580598607,1.0
[4],0.16,0.0,0.0,0.25,0.75,sigmoid,sgd,0.7000000000000002,2,gaussian,"(-0.1, 0.1)",15,0.02563645554201241,1.0
[4],0.16,0.0,0.0,0.25,0.75,sigmoid,sgd,0.7000000000000002,2,gaussian,"(-0.5, 0.5)",15,0.0331351043076135,1.0
[4],0.16,0.0,0.0,0.25,0.75,sigmoid,sgd,0.7000000000000002,4,gaussian,"(-0.1, 0.1)",15,0.05864344981911485,1.0
[4],0.16,0.0,0.0,0.25,0.75,sigmoid,sgd,0.7000000000000002,4,gaussian,"(-0.5, 0.5)",15,0.06616378484723084,0.96
[4],0.16,0.0,0.0,0.25,0.75,sigmoid,sgd,0.5,2,gaussian,"(-0.1, 0.1)",15,0.020955814899767843,1.0
[4],0.16,0.0,0.0,0.25,0.75,sigmoid,sgd,0.5,2,gaussian,"(-0.5, 0.5)",15,0.02927433280513321,1.0
[4],0.16,0.0,0.0,0.25,0.75,sigmoid,sgd,0.5,4,gaussian,"(-0.1, 0.1)",15,0.042662647757125874,1.0
[4],0.16,0.0,0.0,0.25,0.75,sigmoid,sgd,0.5,4,gaussian,"(-0.5, 0.5)",15,0.04970855620704107,1.0
[4],0.16,0.0,0.0,0.25,0.75,sigmoid,sgd,0.9500000000000004,2,gaussian,"(-0.1, 0.1)",15,0.03134029226398551,1.0
[4],0.16,0.0,0.0,0.25,0.75,sigmoid,sgd,0.9500000000000004,2,gaussian,"(-0.5, 0.5)",15,0.03903552698971642,1.0
[4],0.16,0.0,0.0,0.25,0.75,sigmoid,sgd,0.9500000000000004,4,gaussian,"(-0.1, 0.1)",15,0.07796788903325062,0.96
[4],0.16,0.0,0.0,0.25,0.75,sigmoid,sgd,0.9500000000000004,4,gaussian,"(-0.5, 0.5)",15,0.08348828260004751,0.84
[4],0.16,0.0,0.0,0.25,0.75,sigmoid,sgd,0.55,2,gaussian,"(-0.1, 0.1)",15,0.02213175843825167,1.0
[4],0.16,0.0,0.0,0.25,0.75,sigmoid,sgd,0.55,2,gaussian,"(-0.5, 0.5)",15,0.03029111988767015,1.0
[4],0.16,0.0,0.0,0.25,0.75,sigmoid,sgd,0.55,4,gaussian,"(-0.1, 0.1)",15,0.04635286180440843,1.0
[4],0.16,0.0,0.0,0.25,0.75,sigmoid,sgd,0.55,4,gaussian,"(-0.5, 0.5)",15,0.0539198871807441,0.96
[4],0.16,0.0,0.0,0.05,0.8500000000000001,sigmoid,sgd,0.7000000000000002,2,gaussian,"(-0.1, 0.1)",15,0.01990060558108166,0.96
[4],0.16,0.0,0.0,0.05,0.8500000000000001,sigmoid,sgd,0.7000000000000002,2,gaussian,"(-0.5, 0.5)",15,0.020520977599732638,0.96
[4],0.16,0.0,0.0,0.05,0.8500000000000001,sigmoid,sgd,0.7000000000000002,4,gaussian,"(-0.1, 0.1)",15,0.029272181711857703,0.92
[4],0.16,0.0,0.0,0.05,0.8500000000000001,sigmoid,sgd,0.7000000000000002,4,gaussian,"(-0.5, 0.5)",15,0.03159443877619886,0.96
[4],0.16,0.0,0.0,0.05,0.8500000000000001,sigmoid,sgd,0.5,2,gaussian,"(-0.5, 0.5)",15,0.018308919141206824,0.96
[4],0.16,0.0,0.0,0.05,0.8500000000000001,sigmoid,sgd,0.5,4,gaussian,"(-0.5, 0.5)",15,0.029159640132006302,0.96
[4],0.16,0.0,0.0,0.05,0.8500000000000001,sigmoid,sgd,0.9500000000000004,2,gaussian,"(-0.1, 0.1)",15,0.02074773978576575,0.96
[4],0.16,0.0,0.0,0.05,0.8500000000000001,sigmoid,sgd,0.9500000000000004,2,gaussian,"(-0.5, 0.5)",15,0.02710048061804599,0.92
[4],0.16,0.0,0.0,0.05,0.8500000000000001,sigmoid,sgd,0.9500000000000004,4,gaussian,"(-0.1, 0.1)",15,0.032768303970527234,0.96
[4],0.16,0.0,0.0,0.05,0.8500000000000001,sigmoid,sgd,0.9500000000000004,4,gaussian,"(-0.5, 0.5)",15,0.04223939807182757,1.0
[4],0.16,0.0,0.0,0.05,0.8500000000000001,sigmoid,sgd,0.55,2,gaussian,"(-0.1, 0.1)",15,0.02022352663127206,0.96
[4],0.16,0.0,0.0,0.05,0.8500000000000001,sigmoid,sgd,0.55,2,gaussian,"(-0.5, 0.5)",15,0.018131396598769618,0.96
[4],0.16,0.0,0.0,0.05,0.8500000000000001,sigmoid,sgd,0.55,4,gaussian,"(-0.1, 0.1)",15,0.026604924614960303,0.92
[4],0.16,0.0,0.0,0.05,0.8500000000000001,sigmoid,sgd,0.55,4,gaussian,"(-0.5, 0.5)",15,0.029803855649557648,0.96
[4],0.16,0.0,0.0,0.05,0.9000000000000001,sigmoid,sgd,0.7000000000000002,2,gaussian,"(-0.1, 0.1)",15,0.01723600755519042,0.96
[4],0.16,0.0,0.0,0.05,0.9000000000000001,sigmoid,sgd,0.7000000000000002,2,gaussian,"(-0.5, 0.5)",15,0.018007945422704487,0.96
[4],0.16,0.0,0.0,0.05,0.9000000000000001,sigmoid,sgd,0.7000000000000002,4,gaussian,"(-0.1, 0.1)",15,0.02222556616511397,0.96
[4],0.16,0.0,0.0,0.05,0.9000000000000001,sigmoid,sgd,0.7000000000000002,4,gaussian,"(-0.5, 0.5)",15,0.028063057963054125,0.92
[4],0.16,0.0,0.0,0.05,0.9000000000000001,sigmoid,sgd,0.5,2,gaussian,"(-0.5, 0.5)",15,0.016513166552706578,0.96
[4],0.16,0.0,0.0,0.05,0.9000000000000001,sigmoid,sgd,0.5,4,gaussian,"(-0.5, 0.5)",15,0.020710923786664795,0.96
[4],0.16,0.0,0.0,0.05,0.9000000000000001,sigmoid,sgd,0.9500000000000004,2,gaussian,"(-0.1, 0.1)",15,0.017652329327841065,0.96
[4],0.16,0.0,0.0,0.05,0.9000000000000001,sigmoid,sgd,0.9500000000000004,2,gaussian,"(-0.5, 0.5)",15,0.020874154104270726,0.96
[4],0.16,0.0,0.0,0.05,0.9000000000000001,sigmoid,sgd,0.9500000000000004,4,gaussian,"(-0.1, 0.1)",15,0.025961812495449692,0.96
[4],0.16,0.0,0.0,0.05,0.9000000000000001,sigmoid,sgd,0.9500000000000004,4,gaussian,"(-0.5, 0.5)",15,0.02946438490102819,0.96
[4],0.16,0.0,0.0,0.05,0.9000000000000001,sigmoid,sgd,0.55,2,gaussian,"(-0.1, 0.1)",15,0.017837946886586215,0.96
[4],0.16,0.0,0.0,0.05,0.9000000000000001,sigmoid,sgd,0.55,2,gaussian,"(-0.5, 0.5)",15,0.016732762475810303,0.96
[4],0.16,0.0,0.0,0.05,0.9000000000000001,sigmoid,sgd,0.55,4,gaussian,"(-0.1, 0.1)",15,0.02020853778731101,0.96
[4],0.16,0.0,0.0,0.05,0.9000000000000001,sigmoid,sgd,0.55,4,gaussian,"(-0.5, 0.5)",15,0.023163851264252265,0.96
[4],0.16,0.0,0.0,0.05,0.75,sigmoid,sgd,0.7000000000000002,2,gaussian,"(-0.1, 0.1)",15,0.0245543802969865,0.96
[4],0.16,0.0,0.0,0.05,0.75,sigmoid,sgd,0.7000000000000002,2,gaussian,"(-0.5, 0.5)",15,0.02910633381135673,0.96
[4],0.16,0.0,0.0,0.05,0.75,sigmoid,sgd,0.7000000000000002,4,gaussian,"(-0.1, 0.1)",15,0.042537772102661714,0.96
[4],0.16,0.0,0.0,0.05,0.75,sigmoid,sgd,0.7000000000000002,4,gaussian,"(-0.5, 0.5)",15,0.06078105745218286,0.96
[4],0.16,0.0,0.0,0.05,0.75,sigmoid,sgd,0.5,2,gaussian,"(-0.1, 0.1)",15,0.021106882908450992,0.96
[4],0.16,0.0,0.0,0.05,0.75,sigmoid,sgd,0.5,2,gaussian,"(-0.5, 0.5)",15,0.023770807417709424,0.96
[4],0.16,0.0,0.0,0.05,0.75,sigmoid,sgd,0.5,4,gaussian,"(-0.1, 0.1)",15,0.03376505961747972,0.96
[4],0.16,0.0,0.0,0.05,0.75,sigmoid,sgd,0.5,4,gaussian,"(-0.5, 0.5)",15,0.04198552131043637,1.0
[4],0.16,0.0,0.0,0.05,0.75,sigmoid,sgd,0.9500000000000004,2,gaussian,"(-0.1, 0.1)",15,0.02823653287947708,0.96
[4],0.16,0.0,0.0,0.05,0.75,sigmoid,sgd,0.9500000000000004,2,gaussian,"(-0.5, 0.5)",15,0.03235279462144167,0.96
[4],0.16,0.0,0.0,0.05,0.75,sigmoid,sgd,0.9500000000000004,4,gaussian,"(-0.1, 0.1)",15,0.0591784980505399,1.0
[4],0.16,0.0,0.0,0.05,0.75,sigmoid,sgd,0.9500000000000004,4,gaussian,"(-0.5, 0.5)",15,0.08015004743646967,0.96
[4],0.16,0.0,0.0,0.05,0.75,sigmoid,sgd,0.55,2,gaussian,"(-0.1, 0.1)",15,0.021956290085047795,0.96
[4],0.16,0.0,0.0,0.05,0.75,sigmoid,sgd,0.55,2,gaussian,"(-0.5, 0.5)",15,0.02569510299933889,0.96
[4],0.16,0.0,0.0,0.05,0.75,sigmoid,sgd,0.55,4,gaussian,"(-0.1, 0.1)",15,0.0354966182106294,0.96
[4],0.16,0.0,0.0,0.05,0.75,sigmoid,sgd,0.55,4,gaussian,"(-0.5, 0.5)",15,0.046699224125268696,1.0
[4],0.16,0.0,0.0,0.2,0.8500000000000001,sigmoid,sgd,0.7000000000000002,2,gaussian,"(-0.1, 0.1)",15,0.019140208703292576,0.96
[4],0.16,0.0,0.0,0.2,0.8500000000000001,sigmoid,sgd,0.7000000000000002,2,gaussian,"(-0.5, 0.5)",15,0.02440096589066292,1.0
[4],0.16,0.0,0.0,0.2,0.8500000000000001,sigmoid,sgd,0.7000000000000002,4,gaussian,"(-0.1, 0.1)",15,0.041603575894640456,1.0
[4],0.16,0.0,0.0,0.2,0.8500000000000001,sigmoid,sgd,0.7000000000000002,4,gaussian,"(-0.5, 0.5)",15,0.040484811679785834,1.0
[4],0.16,0.0,0.0,0.2,0.8500000000000001,sigmoid,sgd,0.5,2,gaussian,"(-0.5, 0.5)",15,0.018468410074565175,1.0
[4],0.16,0.0,0.0,0.2,0.8500000000000001,sigmoid,sgd,0.5,4,gaussian,"(-0.5, 0.5)",15,0.03297668461959061,1.0
[4],0.16,0.0,0.0,0.2,0.8500000000000001,sigmoid,sgd,0.9500000000000004,2,gaussian,"(-0.1, 0.1)",15,0.02142968232953562,0.96
[4],0.16,0.0,0.0,0.2,0.8500000000000001,sigmoid,sgd,0.9500000000000004,2,gaussian,"(-0.5, 0.5)",15,0.029061021328457608,1.0
[4],0.16,0.0,0.0,0.2,0.8500000000000001,sigmoid,sgd,0.9500000000000004,4,gaussian,"(-0.1, 0.1)",15,0.05442311061541601,1.0
[4],0.16,0.0,0.0,0.2,0.8500000000000001,sigmoid,sgd,0.9500000000000004,4,gaussian,"(-0.5, 0.5)",15,0.05215956161898761,1.0
[4],0.16,0.0,0.0,0.2,0.8500000000000001,sigmoid,sgd,0.55,2,gaussian,"(-0.1, 0.1)",15,0.01774561416574192,0.96
[4],0.16,0.0,0.0,0.2,0.8500000000000001,sigmoid,sgd,0.55,2,gaussian,"(-0.5, 0.5)",15,0.020016410757885867,1.0
[4],0.16,0.0,0.0,0.2,0.8500000000000001,sigmoid,sgd,0.55,4,gaussian,"(-0.1, 0.1)",15,0.03559693679408169,1.0
[4],0.16,0.0,0.0,0.2,0.8500000000000001,sigmoid,sgd,0.55,4,gaussian,"(-0.5, 0.5)",15,0.0346184508403581,1.0
[4],0.16,0.0,0.0,0.2,0.9000000000000001,sigmoid,sgd,0.7000000000000002,2,gaussian,"(-0.1, 0.1)",15,0.0166956055720584,0.96
[4],0.16,0.0,0.0,0.2,0.9000000000000001,sigmoid,sgd,0.7000000000000002,2,gaussian,"(-0.5, 0.5)",15,0.0303608610111305,0.92
[4],0.16,0.0,0.0,0.2,0.9000000000000001,sigmoid,sgd,0.7000000000000002,4,gaussian,"(-0.1, 0.1)",15,0.02506406180532157,0.96
[4],0.16,0.0,0.0,0.2,0.9000000000000001,sigmoid,sgd,0.7000000000000002,4,gaussian,"(-0.5, 0.5)",15,0.03264255626989749,1.0
[4],0.16,0.0,0.0,0.2,0.9000000000000001,sigmoid,sgd,0.5,2,gaussian,"(-0.5, 0.5)",15,0.03446453234915879,0.92
[4],0.16,0.0,0.0,0.2,0.9000000000000001,sigmoid,sgd,0.5,4,gaussian,"(-0.5, 0.5)",15,0.028458344279468237,1.0
[4],0.16,0.0,0.0,0.2,0.9000000000000001,sigmoid,sgd,0.9500000000000004,2,gaussian,"(-0.1, 0.1)",15,0.01698141556436211,1.0
[4],0.16,0.0,0.0,0.2,0.9000000000000001,sigmoid,sgd,0.9500000000000004,2,gaussian,"(-0.5, 0.5)",15,0.029761598204852822,0.96
[4],0.16,0.0,0.0,0.2,0.9000000000000001,sigmoid,sgd,0.9500000000000004,4,gaussian,"(-0.1, 0.1)",15,0.027539497209649263,1.0
[4],0.16,0.0,0.0,0.2,0.9000000000000001,sigmoid,sgd,0.9500000000000004,4,gaussian,"(-0.5, 0.5)",15,0.038671054796378015,1.0
[4],0.16,0.0,0.0,0.2,0.9000000000000001,sigmoid,sgd,0.55,2,gaussian,"(-0.1, 0.1)",15,0.016964125675290646,0.96
[4],0.16,0.0,0.0,0.2,0.9000000000000001,sigmoid,sgd,0.55,2,gaussian,"(-0.5, 0.5)",15,0.03368241281011049,0.92
[4],0.16,0.0,0.0,0.2,0.9000000000000001,sigmoid,sgd,0.55,4,gaussian,"(-0.1, 0.1)",15,0.023749178434065866,0.96
[4],0.16,0.0,0.0,0.2,0.9000000000000001,sigmoid,sgd,0.55,4,gaussian,"(-0.5, 0.5)",15,0.02956757046174889,1.0
[4],0.16,0.0,0.0,0.2,0.75,sigmoid,sgd,0.7000000000000002,2,gaussian,"(-0.1, 0.1)",15,0.026498335863137455,1.0
[4],0.16,0.0,0.0,0.2,0.75,sigmoid,sgd,0.7000000000000002,2,gaussian,"(-0.5, 0.5)",15,0.030354092225021022,1.0
[4],0.16,0.0,0.0,0.2,0.75,sigmoid,sgd,0.7000000000000002,4,gaussian,"(-0.1, 0.1)",15,0.06918391524160267,1.0
[4],0.16,0.0,0.0,0.2,0.75,sigmoid,sgd,0.7000000000000002,4,gaussian,"(-0.5, 0.5)",15,0.06455189321929969,0.96
[4],0.16,0.0,0.0,0.2,0.75,sigmoid,sgd,0.5,2,gaussian,"(-0.1, 0.1)",15,0.024077859698742418,0.96
[4],0.16,0.0,0.0,0.2,0.75,sigmoid,sgd,0.5,2,gaussian,"(-0.5, 0.5)",15,0.02597463426045772,1.0
[4],0.16,0.0,0.0,0.2,0.75,sigmoid,sgd,0.5,4,gaussian,"(-0.1, 0.1)",15,0.049660914519100804,1.0
[4],0.16,0.0,0.0,0.2,0.75,sigmoid,sgd,0.5,4,gaussian,"(-0.5, 0.5)",15,0.04771630453521966,1.0
[4],0.16,0.0,0.0,0.2,0.75,sigmoid,sgd,0.9500000000000004,2,gaussian,"(-0.1, 0.1)",15,0.03136404279452239,1.0
[4],0.16,0.0,0.0,0.2,0.75,sigmoid,sgd,0.9500000000000004,2,gaussian,"(-0.5, 0.5)",15,0.03599098145146502,1.0
[4],0.16,0.0,0.0,0.2,0.75,sigmoid,sgd,0.9500000000000004,4,gaussian,"(-0.1, 0.1)",15,0.08782534561588619,0.88
[4],0.16,0.0,0.0,0.2,0.75,sigmoid,sgd,0.9500000000000004,4,gaussian,"(-0.5, 0.5)",15,0.0823468598418489,0.84
[4],0.16,0.0,0.0,0.2,0.75,sigmoid,sgd,0.55,2,gaussian,"(-0.1, 0.1)",15,0.024609943633249597,0.96
[4],0.16,0.0,0.0,0.2,0.75,sigmoid,sgd,0.55,2,gaussian,"(-0.5, 0.5)",15,0.02721216908138594,1.0
[4],0.16,0.0,0.0,0.2,0.75,sigmoid,sgd,0.55,4,gaussian,"(-0.1, 0.1)",15,0.05497951435802623,1.0
[4],0.16,0.0,0.0,0.2,0.75,sigmoid,sgd,0.55,4,gaussian,"(-0.5, 0.5)",15,0.051974494919942736,1.0
[4],0.16,0.0,0.0,0.15000000000000002,0.9000000000000001,sigmoid,sgd,0.6000000000000001,2,gaussian,"(-0.5, 0.5)",15,0.0202348270332502,0.9583333333333334
[4],0.16,0.0,0.0,0.15000000000000002,0.9000000000000001,sigmoid,sgd,0.6000000000000001,2,gaussian,"(-0.1, 0.1)",15,0.022600052093075265,0.9583333333333334
[4],0.16,0.0,0.0,0.15000000000000002,0.9000000000000001,sigmoid,sgd,0.6000000000000001,4,gaussian,"(-0.5, 0.5)",15,0.020198460961571896,0.9583333333333334
[4],0.16,0.0,0.0,0.15000000000000002,0.9000000000000001,sigmoid,sgd,0.6000000000000001,4,gaussian,"(-0.1, 0.1)",15,0.021648341588554568,0.9583333333333334
[4],0.16,0.0,0.0,0.15000000000000002,0.9000000000000001,sigmoid,sgd,0.8000000000000003,2,gaussian,"(-0.5, 0.5)",15,0.020198500238160437,0.9583333333333334
[4],0.16,0.0,0.0,0.15000000000000002,0.9000000000000001,sigmoid,sgd,0.8000000000000003,4,gaussian,"(-0.5, 0.5)",15,0.021279135873881097,0.9583333333333334
[4],0.16,0.0,0.0,0.15000000000000002,0.9000000000000001,sigmoid,sgd,0.6500000000000001,2,gaussian,"(-0.5, 0.5)",15,0.020154780256104735,0.9583333333333334
[4],0.16,0.0,0.0,0.15000000000000002,0.9000000000000001,sigmoid,sgd,0.6500000000000001,4,gaussian,"(-0.5, 0.5)",15,0.020383259155444523,0.9583333333333334
[4],0.16,0.0,0.0,0.15000000000000002,0.9000000000000001,sigmoid,sgd,0.55,2,gaussian,"(-0.5, 0.5)",15,0.020435293435253608,0.9583333333333334
[4],0.16,0.0,0.0,0.15000000000000002,0.9000000000000001,sigmoid,sgd,0.55,2,gaussian,"(-0.1, 0.1)",15,0.022735147304710376,0.9583333333333334
[4],0.16,0.0,0.0,0.15000000000000002,0.9000000000000001,sigmoid,sgd,0.55,4,gaussian,"(-0.5, 0.5)",15,0.02008131391044645,0.9583333333333334
[4],0.16,0.0,0.0,0.15000000000000002,0.9000000000000001,sigmoid,sgd,0.55,4,gaussian,"(-0.1, 0.1)",15,0.02164287406898438,0.9583333333333334
[4],0.16,0.0,0.0,0.15000000000000002,0.9000000000000001,sigmoid,sgd,0.7000000000000002,2,gaussian,"(-0.5, 0.5)",15,0.020128661655919738,0.9583333333333334
[4],0.16,0.0,0.0,0.15000000000000002,0.9000000000000001,sigmoid,sgd,0.7000000000000002,2,gaussian,"(-0.1, 0.1)",15,0.02246831032996525,0.9583333333333334
[4],0.16,0.0,0.0,0.15000000000000002,0.9000000000000001,sigmoid,sgd,0.7000000000000002,4,gaussian,"(-0.5, 0.5)",15,0.020630393257723298,0.9583333333333334
[4],0.16,0.0,0.0,0.15000000000000002,0.9000000000000001,sigmoid,sgd,0.7000000000000002,4,gaussian,"(-0.1, 0.1)",15,0.021668902011423827,0.9583333333333334
[4],0.16,0.0,0.0,0.15000000000000002,0.75,sigmoid,sgd,0.6000000000000001,2,gaussian,"(-0.5, 0.5)",15,0.021697634447888414,0.9583333333333334
[4],0.16,0.0,0.0,0.15000000000000002,0.75,sigmoid,sgd,0.6000000000000001,2,gaussian,"(-0.1, 0.1)",15,0.021241093556424267,0.9583333333333334
[4],0.16,0.0,0.0,0.15000000000000002,0.75,sigmoid,sgd,0.6000000000000001,4,gaussian,"(-0.5, 0.5)",15,0.03737136375256997,0.9583333333333334
[4],0.16,0.0,0.0,0.15000000000000002,0.75,sigmoid,sgd,0.6000000000000001,4,gaussian,"(-0.1, 0.1)",15,0.02777549891882164,0.9583333333333334
[4],0.16,0.0,0.0,0.15000000000000002,0.75,sigmoid,sgd,0.8000000000000003,2,gaussian,"(-0.5, 0.5)",15,0.024103802794673584,0.9583333333333334
[4],0.16,0.0,0.0,0.15000000000000002,0.75,sigmoid,sgd,0.8000000000000003,2,gaussian,"(-0.1, 0.1)",15,0.021509727244660434,0.9583333333333334
[4],0.16,0.0,0.0,0.15000000000000002,0.75,sigmoid,sgd,0.8000000000000003,4,gaussian,"(-0.5, 0.5)",15,0.052969643744627794,0.9583333333333334
[4],0.16,0.0,0.0,0.15000000000000002,0.75,sigmoid,sgd,0.8000000000000003,4,gaussian,"(-0.1, 0.1)",15,0.03872568589801315,0.9583333333333334
[4],0.16,0.0,0.0,0.15000000000000002,0.75,sigmoid,sgd,0.6500000000000001,2,gaussian,"(-0.5, 0.5)",15,0.022233530640185132,0.9583333333333334
[4],0.16,0.0,0.0,0.15000000000000002,0.75,sigmoid,sgd,0.6500000000000001,2,gaussian,"(-0.1, 0.1)",15,0.021281769443051587,0.9583333333333334
[4],0.16,0.0,0.0,0.15000000000000002,0.75,sigmoid,sgd,0.6500000000000001,4,gaussian,"(-0.5, 0.5)",15,0.040975069278636096,0.9583333333333334
[4],0.16,0.0,0.0,0.15000000000000002,0.75,sigmoid,sgd,0.6500000000000001,4,gaussian,"(-0.1, 0.1)",15,0.029961199242553808,0.9583333333333334
[4],0.16,0.0,0.0,0.15000000000000002,0.75,sigmoid,sgd,0.55,2,gaussian,"(-0.5, 0.5)",15,0.021208168144015396,0.9583333333333334
[4],0.16,0.0,0.0,0.15000000000000002,0.75,sigmoid,sgd,0.55,2,gaussian,"(-0.1, 0.1)",15,0.02120995993502557,0.9583333333333334
[4],0.16,0.0,0.0,0.15000000000000002,0.75,sigmoid,sgd,0.55,4,gaussian,"(-0.5, 0.5)",15,0.03401121616422472,0.9583333333333334
[4],0.16,0.0,0.0,0.15000000000000002,0.75,sigmoid,sgd,0.55,4,gaussian,"(-0.1, 0.1)",15,0.025939591474301898,0.9583333333333334
[4],0.16,0.0,0.0,0.15000000000000002,0.75,sigmoid,sgd,0.7000000000000002,2,gaussian,"(-0.5, 0.5)",15,0.02281294065537193,0.9583333333333334
[4],0.16,0.0,0.0,0.15000000000000002,0.75,sigmoid,sgd,0.7000000000000002,2,gaussian,"(-0.1, 0.1)",15,0.021337155891320753,0.9583333333333334
[4],0.16,0.0,0.0,0.15000000000000002,0.75,sigmoid,sgd,0.7000000000000002,4,gaussian,"(-0.5, 0.5)",15,0.04480158908751933,0.9583333333333334
[4],0.16,0.0,0.0,0.15000000000000002,0.75,sigmoid,sgd,0.7000000000000002,4,gaussian,"(-0.1, 0.1)",15,0.03251469419730424,0.9583333333333334
[4],0.16,0.0,0.0,0.05,0.9000000000000001,sigmoid,sgd,0.6000000000000001,2,gaussian,"(-0.5, 0.5)",15,0.02138100542419254,0.9583333333333334
[4],0.16,0.0,0.0,0.05,0.9000000000000001,sigmoid,sgd,0.6000000000000001,2,gaussian,"(-0.1, 0.1)",15,0.02361301429175547,0.9583333333333334
[4],0.16,0.0,0.0,0.05,0.9000000000000001,sigmoid,sgd,0.6000000000000001,4,gaussian,"(-0.5, 0.5)",15,0.02094476624139946,0.9583333333333334
[4],0.16,0.0,0.0,0.05,0.9000000000000001,sigmoid,sgd,0.6000000000000001,4,gaussian,"(-0.1, 0.1)",15,0.022930122233907668,0.9583333333333334
[4],0.16,0.0,0.0,0.05,0.9000000000000001,sigmoid,sgd,0.8000000000000003,2,gaussian,"(-0.5, 0.5)",15,0.021006277378521718,0.9583333333333334
[4],0.16,0.0,0.0,0.05,0.9000000000000001,sigmoid,sgd,0.8000000000000003,4,gaussian,"(-0.5, 0.5)",15,0.02110195383544856,0.9583333333333334
[4],0.16,0.0,0.0,0.05,0.9000000000000001,sigmoid,sgd,0.6500000000000001,2,gaussian,"(-0.5, 0.5)",15,0.0212814649711127,0.9583333333333334
[4],0.16,0.0,0.0,0.05,0.9000000000000001,sigmoid,sgd,0.6500000000000001,4,gaussian,"(-0.5, 0.5)",15,0.02094206954267777,0.9583333333333334
[4],0.16,0.0,0.0,0.05,0.75,sigmoid,sgd,0.6000000000000001,2,gaussian,"(-0.5, 0.5)",15,0.021661839044653425,0.9583333333333334
[4],0.16,0.0,0.0,0.05,0.75,sigmoid,sgd,0.6000000000000001,2,gaussian,"(-0.1, 0.1)",15,0.02249031679168907,0.9583333333333334
[4],0.16,0.0,0.0,0.05,0.75,sigmoid,sgd,0.6000000000000001,4,gaussian,"(-0.5, 0.5)",15,0.03495052394213609,0.9583333333333334
[4],0.16,0.0,0.0,0.05,0.75,sigmoid,sgd,0.6000000000000001,4,gaussian,"(-0.1, 0.1)",15,0.02484643749986082,0.9583333333333334
[4],0.16,0.0,0.0,0.05,0.75,sigmoid,sgd,0.8000000000000003,2,gaussian,"(-0.5, 0.5)",15,0.023084484329869186,0.9583333333333334
[4],0.16,0.0,0.0,0.05,0.75,sigmoid,sgd,0.8000000000000003,2,gaussian,"(-0.1, 0.1)",15,0.022419958272803703,0.9583333333333334
[4],0.16,0.0,0.0,0.05,0.75,sigmoid,sgd,0.8000000000000003,4,gaussian,"(-0.5, 0.5)",15,0.05086094207295655,0.9583333333333334
[4],0.16,0.0,0.0,0.05,0.75,sigmoid,sgd,0.8000000000000003,4,gaussian,"(-0.1, 0.1)",15,0.03100540114207961,0.9583333333333334
[4],0.16,0.0,0.0,0.05,0.75,sigmoid,sgd,0.6500000000000001,2,gaussian,"(-0.5, 0.5)",15,0.021964677530011755,0.9583333333333334
[4],0.16,0.0,0.0,0.05,0.75,sigmoid,sgd,0.6500000000000001,2,gaussian,"(-0.1, 0.1)",15,0.022466371841756094,0.9583333333333334
[4],0.16,0.0,0.0,0.05,0.75,sigmoid,sgd,0.6500000000000001,4,gaussian,"(-0.5, 0.5)",15,0.03852506787976234,0.9583333333333334
[4],0.16,0.0,0.0,0.05,0.75,sigmoid,sgd,0.6500000000000001,4,gaussian,"(-0.1, 0.1)",15,0.02600579882517483,0.9583333333333334
[4],0.16,0.0,0.0,0.1,0.9000000000000001,sigmoid,sgd,0.6000000000000001,2,gaussian,"(-0.5, 0.5)",15,0.02115925327548257,0.9583333333333334
[4],0.16,0.0,0.0,0.1,0.9000000000000001,sigmoid,sgd,0.6000000000000001,2,gaussian,"(-0.1, 0.1)",15,0.023224933595119183,0.9583333333333334
[4],0.16,0.0,0.0,0.1,0.9000000000000001,sigmoid,sgd,0.6000000000000001,4,gaussian,"(-0.5, 0.5)",15,0.020723466373686945,0.9583333333333334
[4],0.16,0.0,0.0,0.1,0.9000000000000001,sigmoid,sgd,0.6000000000000001,4,gaussian,"(-0.1, 0.1)",15,0.021950842439639195,0.9583333333333334
[4],0.16,0.0,0.0,0.1,0.9000000000000001,sigmoid,sgd,0.8000000000000003,2,gaussian,"(-0.5, 0.5)",15,0.020939418012705005,0.9583333333333334
[4],0.16,0.0,0.0,0.1,0.9000000000000001,sigmoid,sgd,0.8000000000000003,2,gaussian,"(-0.1, 0.1)",15,0.022430503267697632,0.9583333333333334
[4],0.16,0.0,0.0,0.1,0.9000000000000001,sigmoid,sgd,0.8000000000000003,4,gaussian,"(-0.5, 0.5)",15,0.021177407169342754,0.9583333333333334
[4],0.16,0.0,0.0,0.1,0.9000000000000001,sigmoid,sgd,0.8000000000000003,4,gaussian,"(-0.1, 0.1)",15,0.021844374373850898,0.9583333333333334
[4],0.16,0.0,0.0,0.1,0.9000000000000001,sigmoid,sgd,0.6500000000000001,2,gaussian,"(-0.5, 0.5)",15,0.02109313714390035,0.9583333333333334
[4],0.16,0.0,0.0,0.1,0.9000000000000001,sigmoid,sgd,0.6500000000000001,2,gaussian,"(-0.1, 0.1)",15,0.022966921401723156,0.9583333333333334
[4],0.16,0.0,0.0,0.1,0.9000000000000001,sigmoid,sgd,0.6500000000000001,4,gaussian,"(-0.5, 0.5)",15,0.02076118881568818,0.9583333333333334
[4],0.16,0.0,0.0,0.1,0.9000000000000001,sigmoid,sgd,0.6500000000000001,4,gaussian,"(-0.1, 0.1)",15,0.021921652812597375,0.9583333333333334
[4],0.16,0.0,0.0,0.1,0.9000000000000001,sigmoid,sgd,0.55,2,gaussian,"(-0.5, 0.5)",15,0.021234103469079908,0.9583333333333334
[4],0.16,0.0,0.0,0.1,0.9000000000000001,sigmoid,sgd,0.55,2,gaussian,"(-0.1, 0.1)",15,0.02358743756940046,0.9583333333333334
[4],0.16,0.0,0.0,0.1,0.9000000000000001,sigmoid,sgd,0.55,4,gaussian,"(-0.5, 0.5)",15,0.020725137665449568,0.9583333333333334
[4],0.16,0.0,0.0,0.1,0.9000000000000001,sigmoid,sgd,0.55,4,gaussian,"(-0.1, 0.1)",15,0.021984448978965423,0.9583333333333334
[4],0.16,0.0,0.0,0.1,0.9000000000000001,sigmoid,sgd,0.7000000000000002,2,gaussian,"(-0.5, 0.5)",15,0.021035214282763264,0.9583333333333334
[4],0.16,0.0,0.0,0.1,0.9000000000000001,sigmoid,sgd,0.7000000000000002,2,gaussian,"(-0.1, 0.1)",15,0.022756441092934426,0.9583333333333334
[4],0.16,0.0,0.0,0.1,0.9000000000000001,sigmoid,sgd,0.7000000000000002,4,gaussian,"(-0.5, 0.5)",15,0.020846678576251998,0.9583333333333334
[4],0.16,0.0,0.0,0.1,0.9000000000000001,sigmoid,sgd,0.7000000000000002,4,gaussian,"(-0.1, 0.1)",15,0.02189497125473334,0.9583333333333334
[4],0.16,0.0,0.0,0.1,0.75,sigmoid,sgd,0.6000000000000001,2,gaussian,"(-0.5, 0.5)",15,0.021961486930839654,0.9583333333333334
[4],0.16,0.0,0.0,0.1,0.75,sigmoid,sgd,0.6000000000000001,2,gaussian,"(-0.1, 0.1)",15,0.021184011307869635,0.9583333333333334
[4],0.16,0.0,0.0,0.1,0.75,sigmoid,sgd,0.6000000000000001,4,gaussian,"(-0.5, 0.5)",15,0.03611663673533929,0.9583333333333334
[4],0.16,0.0,0.0,0.1,0.75,sigmoid,sgd,0.6000000000000001,4,gaussian,"(-0.1, 0.1)",15,0.0271476330091461,0.9583333333333334
[4],0.16,0.0,0.0,0.1,0.75,sigmoid,sgd,0.8000000000000003,2,gaussian,"(-0.5, 0.5)",15,0.02383581389958182,0.9583333333333334
[4],0.16,0.0,0.0,0.1,0.75,sigmoid,sgd,0.8000000000000003,2,gaussian,"(-0.1, 0.1)",15,0.021297323264038586,0.9583333333333334
[4],0.16,0.0,0.0,0.1,0.75,sigmoid,sgd,0.8000000000000003,4,gaussian,"(-0.5, 0.5)",15,0.05222401705382885,0.9583333333333334
[4],0.16,0.0,0.0,0.1,0.75,sigmoid,sgd,0.8000000000000003,4,gaussian,"(-0.1, 0.1)",15,0.03910273704077957,0.9583333333333334
[4],0.16,0.0,0.0,0.1,0.75,sigmoid,sgd,0.6500000000000001,2,gaussian,"(-0.5, 0.5)",15,0.022391506744637038,0.9583333333333334
[4],0.16,0.0,0.0,0.1,0.75,sigmoid,sgd,0.6500000000000001,2,gaussian,"(-0.1, 0.1)",15,0.02120830807431033,0.9583333333333334
[4],0.16,0.0,0.0,0.1,0.75,sigmoid,sgd,0.6500000000000001,4,gaussian,"(-0.5, 0.5)",15,0.03976924360811943,0.9583333333333334
[4],0.16,0.0,0.0,0.1,0.75,sigmoid,sgd,0.6500000000000001,4,gaussian,"(-0.1, 0.1)",15,0.02943150469359618,0.9583333333333334
[4],0.16,0.0,0.0,0.1,0.75,sigmoid,sgd,0.55,2,gaussian,"(-0.5, 0.5)",15,0.02157292167908953,0.9583333333333334
[4],0.16,0.0,0.0,0.1,0.75,sigmoid,sgd,0.55,2,gaussian,"(-0.1, 0.1)",15,0.021149131125758048,0.9583333333333334
[4],0.16,0.0,0.0,0.1,0.75,sigmoid,sgd,0.55,4,gaussian,"(-0.5, 0.5)",15,0.032790439249974566,0.9583333333333334
[4],0.16,0.0,0.0,0.1,0.75,sigmoid,sgd,0.55,4,gaussian,"(-0.1, 0.1)",15,0.02529408219956383,0.9583333333333334
[4],0.16,0.0,0.0,0.1,0.75,sigmoid,sgd,0.7000000000000002,2,gaussian,"(-0.5, 0.5)",15,0.022849003154238795,0.9583333333333334
[4],0.16,0.0,0.0,0.1,0.75,sigmoid,sgd,0.7000000000000002,2,gaussian,"(-0.1, 0.1)",15,0.02122785543154751,0.9583333333333334
[4],0.16,0.0,0.0,0.1,0.75,sigmoid,sgd,0.7000000000000002,4,gaussian,"(-0.5, 0.5)",15,0.04370618799136245,0.9583333333333334
[4],0.16,0.0,0.0,0.1,0.75,sigmoid,sgd,0.7000000000000002,4,gaussian,"(-0.1, 0.1)",15,0.03218052196038198,0.9583333333333334
[4],0.16,0.0,0.0,0.25,0.9000000000000001,sigmoid,sgd,0.6000000000000001,2,gaussian,"(-0.5, 0.5)",15,0.02120605291777938,0.9583333333333334
[4],0.16,0.0,0.0,0.25,0.9000000000000001,sigmoid,sgd,0.6000000000000001,2,gaussian,"(-0.1, 0.1)",15,0.021526258479395557,0.9583333333333334
[4],0.16,0.0,0.0,0.25,0.9000000000000001,sigmoid,sgd,0.6000000000000001,4,gaussian,"(-0.5, 0.5)",15,0.022057027486418763,0.9583333333333334
[4],0.16,0.0,0.0,0.25,0.9000000000000001,sigmoid,sgd,0.6000000000000001,4,gaussian,"(-0.1, 0.1)",15,0.021681094213680138,0.9583333333333334
[4],0.16,0.0,0.0,0.25,0.9000000000000001,sigmoid,sgd,0.8000000000000003,2,gaussian,"(-0.5, 0.5)",15,0.021601071085017673,0.9583333333333334
[4],0.16,0.0,0.0,0.25,0.9000000000000001,sigmoid,sgd,0.8000000000000003,4,gaussian,"(-0.5, 0.5)",15,0.025126745090331654,0.9583333333333334
[4],0.16,0.0,0.0,0.25,0.9000000000000001,sigmoid,sgd,0.6500000000000001,2,gaussian,"(-0.5, 0.5)",15,0.02128354202660933,0.9583333333333334
[4],0.16,0.0,0.0,0.25,0.9000000000000001,sigmoid,sgd,0.6500000000000001,4,gaussian,"(-0.5, 0.5)",15,0.022665296172981558,0.9583333333333334
[4],0.16,0.0,0.0,0.25,0.75,sigmoid,sgd,0.6000000000000001,2,gaussian,"(-0.5, 0.5)",15,0.02330375403351778,0.9583333333333334
[4],0.16,0.0,0.0,0.25,0.75,sigmoid,sgd,0.6000000000000001,2,gaussian,"(-0.1, 0.1)",15,0.02134093544591345,0.9583333333333334
[4],0.16,0.0,0.0,0.25,0.75,sigmoid,sgd,0.6000000000000001,4,gaussian,"(-0.5, 0.5)",15,0.04168374518397407,0.9583333333333334
[4],0.16,0.0,0.0,0.25,0.75,sigmoid,sgd,0.6000000000000001,4,gaussian,"(-0.1, 0.1)",15,0.04619740804285821,0.9583333333333334
[4],0.16,0.0,0.0,0.25,0.75,sigmoid,sgd,0.8000000000000003,2,gaussian,"(-0.5, 0.5)",15,0.02527116924841478,0.9583333333333334
[4],0.16,0.0,0.0,0.25,0.75,sigmoid,sgd,0.8000000000000003,2,gaussian,"(-0.1, 0.1)",15,0.02198996278139262,0.9583333333333334
[4],0.16,0.0,0.0,0.25,0.75,sigmoid,sgd,0.8000000000000003,4,gaussian,"(-0.5, 0.5)",15,0.0571472956246343,0.9583333333333334
[4],0.16,0.0,0.0,0.25,0.75,sigmoid,sgd,0.8000000000000003,4,gaussian,"(-0.1, 0.1)",15,0.06736926592255991,0.9583333333333334
[4],0.16,0.0,0.0,0.25,0.75,sigmoid,sgd,0.6500000000000001,2,gaussian,"(-0.5, 0.5)",15,0.023726120727394915,0.9583333333333334
[4],0.16,0.0,0.0,0.25,0.75,sigmoid,sgd,0.6500000000000001,2,gaussian,"(-0.1, 0.1)",15,0.021447609641538842,0.9583333333333334
[4],0.16,0.0,0.0,0.25,0.75,sigmoid,sgd,0.6500000000000001,4,gaussian,"(-0.5, 0.5)",15,0.04538069851802031,0.9583333333333334
[4],0.16,0.0,0.0,0.25,0.75,sigmoid,sgd,0.6500000000000001,4,gaussian,"(-0.1, 0.1)",15,0.05167056034640349,0.9583333333333334
[4],0.16,0.0,0.0,0.15000000000000002,0.9000000000000001,sigmoid,sgd,0.7500000000000002,2,gaussian,"(-0.5, 0.5)",15,0.0658397367617357,0.8333333333333334
[4],0.16,0.0,0.0,0.15000000000000002,0.9000000000000001,sigmoid,sgd,0.7500000000000002,4,gaussian,"(-0.5, 0.5)",15,0.06910741672241409,0.875
[4],0.16,0.0,0.0,0.15000000000000002,0.9000000000000001,sigmoid,sgd,0.8500000000000003,2,gaussian,"(-0.5, 0.5)",15,0.06537643197598869,0.8333333333333334
[4],0.16,0.0,0.0,0.15000000000000002,0.9000000000000001,sigmoid,sgd,0.8500000000000003,2,gaussian,"(-0.1, 0.1)",15,0.0635235302895993,0.7916666666666666
[4],0.16,0.0,0.0,0.15000000000000002,0.9000000000000001,sigmoid,sgd,0.8500000000000003,4,gaussian,"(-0.5, 0.5)",15,0.0710956953474023,0.875
[4],0.16,0.0,0.0,0.15000000000000002,0.9000000000000001,sigmoid,sgd,0.8500000000000003,4,gaussian,"(-0.1, 0.1)",15,0.059433177070900435,0.875
[4],0.16,0.0,0.0,0.15000000000000002,0.8500000000000001,sigmoid,sgd,0.6000000000000001,2,gaussian,"(-0.5, 0.5)",15,0.06391296672206044,0.8333333333333334
[4],0.16,0.0,0.0,0.15000000000000002,0.8500000000000001,sigmoid,sgd,0.6000000000000001,2,gaussian,"(-0.1, 0.1)",15,0.06246178343113843,0.8333333333333334
[4],0.16,0.0,0.0,0.15000000000000002,0.8500000000000001,sigmoid,sgd,0.6000000000000001,4,gaussian,"(-0.5, 0.5)",15,0.06948909033447111,0.875
[4],0.16,0.0,0.0,0.15000000000000002,0.8500000000000001,sigmoid,sgd,0.6000000000000001,4,gaussian,"(-0.1, 0.1)",15,0.05963186201857209,0.875
[4],0.16,0.0,0.0,0.15000000000000002,0.8500000000000001,sigmoid,sgd,0.7500000000000002,2,gaussian,"(-0.5, 0.5)",15,0.06360285394617425,0.875
[4],0.16,0.0,0.0,0.15000000000000002,0.8500000000000001,sigmoid,sgd,0.7500000000000002,4,gaussian,"(-0.5, 0.5)",15,0.0737617510122141,0.875
[4],0.16,0.0,0.0,0.15000000000000002,0.8500000000000001,sigmoid,sgd,0.8500000000000003,2,gaussian,"(-0.5, 0.5)",15,0.06372993258582803,0.875
[4],0.16,0.0,0.0,0.15000000000000002,0.8500000000000001,sigmoid,sgd,0.8500000000000003,2,gaussian,"(-0.1, 0.1)",15,0.060992313318425175,0.8333333333333334
[4],0.16,0.0,0.0,0.15000000000000002,0.8500000000000001,sigmoid,sgd,0.8500000000000003,4,gaussian,"(-0.5, 0.5)",15,0.07659293905444638,0.875
[4],0.16,0.0,0.0,0.15000000000000002,0.8500000000000001,sigmoid,sgd,0.8500000000000003,4,gaussian,"(-0.1, 0.1)",15,0.06093126666101956,0.875
[4],0.16,0.0,0.0,0.15000000000000002,0.8500000000000001,sigmoid,sgd,0.8000000000000003,2,gaussian,"(-0.5, 0.5)",15,0.06363596826872343,0.875
[4],0.16,0.0,0.0,0.15000000000000002,0.8500000000000001,sigmoid,sgd,0.8000000000000003,4,gaussian,"(-0.5, 0.5)",15,0.07518015075452393,0.875
[4],0.16,0.0,0.0,0.15000000000000002,0.8,sigmoid,sgd,0.6000000000000001,2,gaussian,"(-0.5, 0.5)",15,0.06279724992284678,0.875
[4],0.16,0.0,0.0,0.15000000000000002,0.8,sigmoid,sgd,0.6000000000000001,2,gaussian,"(-0.1, 0.1)",15,0.06048050735094551,0.8333333333333334
[4],0.16,0.0,0.0,0.15000000000000002,0.8,sigmoid,sgd,0.6000000000000001,4,gaussian,"(-0.5, 0.5)",15,0.07386082237260548,0.875
[4],0.16,0.0,0.0,0.15000000000000002,0.8,sigmoid,sgd,0.6000000000000001,4,gaussian,"(-0.1, 0.1)",15,0.0616150863338081,0.875
[4],0.16,0.0,0.0,0.15000000000000002,0.8,sigmoid,sgd,0.7500000000000002,2,gaussian,"(-0.5, 0.5)",15,0.06337609223433512,0.875
[4],0.16,0.0,0.0,0.15000000000000002,0.8,sigmoid,sgd,0.7500000000000002,4,gaussian,"(-0.5, 0.5)",15,0.07971431049631608,0.875
[4],0.16,0.0,0.0,0.15000000000000002,0.8,sigmoid,sgd,0.8500000000000003,2,gaussian,"(-0.5, 0.5)",15,0.06410403783598562,0.875
[4],0.16,0.0,0.0,0.15000000000000002,0.8,sigmoid,sgd,0.8500000000000003,2,gaussian,"(-0.1, 0.1)",15,0.05962492281357782,0.875
[4],0.16,0.0,0.0,0.15000000000000002,0.8,sigmoid,sgd,0.8500000000000003,4,gaussian,"(-0.5, 0.5)",15,0.0836547728761274,0.875
[4],0.16,0.0,0.0,0.15000000000000002,0.8,sigmoid,sgd,0.8500000000000003,4,gaussian,"(-0.1, 0.1)",15,0.06707900330744827,0.875
[4],0.16,0.0,0.0,0.15000000000000002,0.8,sigmoid,sgd,0.8000000000000003,2,gaussian,"(-0.5, 0.5)",15,0.06371317428014288,0.875
[4],0.16,0.0,0.0,0.15000000000000002,0.8,sigmoid,sgd,0.8000000000000003,4,gaussian,"(-0.5, 0.5)",15,0.08168715248747034,0.875
[4],0.16,0.0,0.0,0.0,0.9000000000000001,sigmoid,sgd,0.6000000000000001,2,gaussian,"(-0.5, 0.5)",15,0.06189568416570638,0.8333333333333334
[4],0.16,0.0,0.0,0.0,0.9000000000000001,sigmoid,sgd,0.6000000000000001,2,gaussian,"(-0.1, 0.1)",15,0.0629773860247092,0.7916666666666666
[4],0.16,0.0,0.0,0.0,0.9000000000000001,sigmoid,sgd,0.6000000000000001,4,gaussian,"(-0.5, 0.5)",15,0.06314844128570453,0.875
[4],0.16,0.0,0.0,0.0,0.9000000000000001,sigmoid,sgd,0.6000000000000001,4,gaussian,"(-0.1, 0.1)",15,0.05962844237027068,0.8333333333333334
[4],0.16,0.0,0.0,0.0,0.9000000000000001,sigmoid,sgd,0.7500000000000002,2,gaussian,"(-0.5, 0.5)",15,0.06255695010441022,0.8333333333333334
[4],0.16,0.0,0.0,0.0,0.9000000000000001,sigmoid,sgd,0.7500000000000002,2,gaussian,"(-0.1, 0.1)",15,0.061819723436091344,0.7916666666666666
[4],0.16,0.0,0.0,0.0,0.9000000000000001,sigmoid,sgd,0.7500000000000002,4,gaussian,"(-0.5, 0.5)",15,0.06585390067437356,0.875
[4],0.16,0.0,0.0,0.0,0.9000000000000001,sigmoid,sgd,0.7500000000000002,4,gaussian,"(-0.1, 0.1)",15,0.05909662210078057,0.8333333333333334
[4],0.16,0.0,0.0,0.0,0.9000000000000001,sigmoid,sgd,0.8500000000000003,2,gaussian,"(-0.5, 0.5)",15,0.06282165446696714,0.8333333333333334
[4],0.16,0.0,0.0,0.0,0.9000000000000001,sigmoid,sgd,0.8500000000000003,2,gaussian,"(-0.1, 0.1)",15,0.06125361356288369,0.7916666666666666
[4],0.16,0.0,0.0,0.0,0.9000000000000001,sigmoid,sgd,0.8500000000000003,4,gaussian,"(-0.5, 0.5)",15,0.06750051429160452,0.875
[4],0.16,0.0,0.0,0.0,0.9000000000000001,sigmoid,sgd,0.8500000000000003,4,gaussian,"(-0.1, 0.1)",15,0.0588291215765149,0.8333333333333334
[4],0.16,0.0,0.0,0.0,0.9000000000000001,sigmoid,sgd,0.8000000000000003,2,gaussian,"(-0.5, 0.5)",15,0.06271489943938825,0.8333333333333334
[4],0.16,0.0,0.0,0.0,0.9000000000000001,sigmoid,sgd,0.8000000000000003,2,gaussian,"(-0.1, 0.1)",15,0.06151825502234997,0.7916666666666666
[4],0.16,0.0,0.0,0.0,0.9000000000000001,sigmoid,sgd,0.8000000000000003,4,gaussian,"(-0.5, 0.5)",15,0.06667437358253658,0.875
[4],0.16,0.0,0.0,0.0,0.9000000000000001,sigmoid,sgd,0.8000000000000003,4,gaussian,"(-0.1, 0.1)",15,0.058953055344710965,0.8333333333333334
[4],0.16,0.0,0.0,0.0,0.8500000000000001,sigmoid,sgd,0.6000000000000001,2,gaussian,"(-0.5, 0.5)",15,0.06117897131116725,0.8333333333333334
[4],0.16,0.0,0.0,0.0,0.8500000000000001,sigmoid,sgd,0.6000000000000001,2,gaussian,"(-0.1, 0.1)",15,0.06119521748078282,0.8333333333333334
[4],0.16,0.0,0.0,0.0,0.8500000000000001,sigmoid,sgd,0.6000000000000001,4,gaussian,"(-0.5, 0.5)",15,0.06536803927443746,0.875
[4],0.16,0.0,0.0,0.0,0.8500000000000001,sigmoid,sgd,0.6000000000000001,4,gaussian,"(-0.1, 0.1)",15,0.05875792534595505,0.875
[4],0.16,0.0,0.0,0.0,0.8500000000000001,sigmoid,sgd,0.7500000000000002,2,gaussian,"(-0.5, 0.5)",15,0.06137740368332507,0.875
[4],0.16,0.0,0.0,0.0,0.8500000000000001,sigmoid,sgd,0.7500000000000002,2,gaussian,"(-0.1, 0.1)",15,0.06078679401106579,0.8333333333333334
[4],0.16,0.0,0.0,0.0,0.8500000000000001,sigmoid,sgd,0.7500000000000002,4,gaussian,"(-0.5, 0.5)",15,0.06954230689577574,0.875
[4],0.16,0.0,0.0,0.0,0.8500000000000001,sigmoid,sgd,0.7500000000000002,4,gaussian,"(-0.1, 0.1)",15,0.058724465970396905,0.875
[4],0.16,0.0,0.0,0.0,0.8500000000000001,sigmoid,sgd,0.8500000000000003,2,gaussian,"(-0.5, 0.5)",15,0.06149508397669681,0.875
[4],0.16,0.0,0.0,0.0,0.8500000000000001,sigmoid,sgd,0.8500000000000003,2,gaussian,"(-0.1, 0.1)",15,0.060721309669496716,0.875
[4],0.16,0.0,0.0,0.0,0.8500000000000001,sigmoid,sgd,0.8500000000000003,4,gaussian,"(-0.5, 0.5)",15,0.0724128777323682,0.875
[4],0.16,0.0,0.0,0.0,0.8500000000000001,sigmoid,sgd,0.8500000000000003,4,gaussian,"(-0.1, 0.1)",15,0.05885226856218709,0.875
[4],0.16,0.0,0.0,0.0,0.8500000000000001,sigmoid,sgd,0.8000000000000003,2,gaussian,"(-0.5, 0.5)",15,0.06143373760524703,0.875
[4],0.16,0.0,0.0,0.0,0.8500000000000001,sigmoid,sgd,0.8000000000000003,2,gaussian,"(-0.1, 0.1)",15,0.06073250957633149,0.875
[4],0.16,0.0,0.0,0.0,0.8500000000000001,sigmoid,sgd,0.8000000000000003,4,gaussian,"(-0.5, 0.5)",15,0.07096289793353408,0.875
[4],0.16,0.0,0.0,0.0,0.8500000000000001,sigmoid,sgd,0.8000000000000003,4,gaussian,"(-0.1, 0.1)",15,0.058771462682117526,0.875
[4],0.16,0.0,0.0,0.0,0.8,sigmoid,sgd,0.6000000000000001,2,gaussian,"(-0.5, 0.5)",15,0.061550029767897176,0.875
[4],0.16,0.0,0.0,0.0,0.8,sigmoid,sgd,0.6000000000000001,2,gaussian,"(-0.1, 0.1)",15,0.0598073354453477,0.8333333333333334
[4],0.16,0.0,0.0,0.0,0.8,sigmoid,sgd,0.6000000000000001,4,gaussian,"(-0.5, 0.5)",15,0.06992399698178843,0.875
[4],0.16,0.0,0.0,0.0,0.8,sigmoid,sgd,0.6000000000000001,4,gaussian,"(-0.1, 0.1)",15,0.05897420143016565,0.875
[4],0.16,0.0,0.0,0.0,0.8,sigmoid,sgd,0.7500000000000002,2,gaussian,"(-0.5, 0.5)",15,0.061769882275763965,0.875
[4],0.16,0.0,0.0,0.0,0.8,sigmoid,sgd,0.7500000000000002,2,gaussian,"(-0.1, 0.1)",15,0.05930439996198276,0.875
[4],0.16,0.0,0.0,0.0,0.8,sigmoid,sgd,0.7500000000000002,4,gaussian,"(-0.5, 0.5)",15,0.07609996762843736,0.875
[4],0.16,0.0,0.0,0.0,0.8,sigmoid,sgd,0.7500000000000002,4,gaussian,"(-0.1, 0.1)",15,0.0595342026233136,0.875
[4],0.16,0.0,0.0,0.0,0.8,sigmoid,sgd,0.8500000000000003,2,gaussian,"(-0.5, 0.5)",15,0.06219587254756553,0.875
[4],0.16,0.0,0.0,0.0,0.8,sigmoid,sgd,0.8500000000000003,2,gaussian,"(-0.1, 0.1)",15,0.059317660141923335,0.875
[4],0.16,0.0,0.0,0.0,0.8,sigmoid,sgd,0.8500000000000003,4,gaussian,"(-0.5, 0.5)",15,0.08044090107074389,0.875
[4],0.16,0.0,0.0,0.0,0.8,sigmoid,sgd,0.8500000000000003,4,gaussian,"(-0.1, 0.1)",15,0.06033006148245527,0.875
[4],0.16,0.0,0.0,0.0,0.8,sigmoid,sgd,0.8000000000000003,2,gaussian,"(-0.5, 0.5)",15,0.06196113316039447,0.875
[4],0.16,0.0,0.0,0.0,0.8,sigmoid,sgd,0.8000000000000003,2,gaussian,"(-0.1, 0.1)",15,0.05927173783990203,0.875
[4],0.16,0.0,0.0,0.0,0.8,sigmoid,sgd,0.8000000000000003,4,gaussian,"(-0.5, 0.5)",15,0.07826116333157895,0.875
[4],0.16,0.0,0.0,0.0,0.8,sigmoid,sgd,0.8000000000000003,4,gaussian,"(-0.1, 0.1)",15,0.05988518501347053,0.875
[3],0.16,0.0,0.0,0.15000000000000002,0.9000000000000001,sigmoid,sgd,0.6000000000000001,2,gaussian,"(-0.5, 0.5)",15,0.06319698435406738,0.7916666666666666
[3],0.16,0.0,0.0,0.15000000000000002,0.9000000000000001,sigmoid,sgd,0.6000000000000001,2,gaussian,"(-0.1, 0.1)",15,0.06127231811338866,0.8333333333333334
[3],0.16,0.0,0.0,0.15000000000000002,0.9000000000000001,sigmoid,sgd,0.6000000000000001,4,gaussian,"(-0.5, 0.5)",15,0.05936909120036276,0.8333333333333334
[3],0.16,0.0,0.0,0.15000000000000002,0.9000000000000001,sigmoid,sgd,0.6000000000000001,4,gaussian,"(-0.1, 0.1)",15,0.058796587085726826,0.8333333333333334
[3],0.16,0.0,0.0,0.15000000000000002,0.9000000000000001,sigmoid,sgd,0.7500000000000002,2,gaussian,"(-0.5, 0.5)",15,0.062115885315498436,0.7916666666666666
[3],0.16,0.0,0.0,0.15000000000000002,0.9000000000000001,sigmoid,sgd,0.7500000000000002,4,gaussian,"(-0.5, 0.5)",15,0.05897547936301498,0.875
[3],0.16,0.0,0.0,0.15000000000000002,0.9000000000000001,sigmoid,sgd,0.8500000000000003,2,gaussian,"(-0.5, 0.5)",15,0.061532395422023406,0.8333333333333334
[3],0.16,0.0,0.0,0.15000000000000002,0.9000000000000001,sigmoid,sgd,0.8500000000000003,2,gaussian,"(-0.1, 0.1)",15,0.0595577985187857,0.7916666666666666
[3],0.16,0.0,0.0,0.15000000000000002,0.9000000000000001,sigmoid,sgd,0.8500000000000003,4,gaussian,"(-0.5, 0.5)",15,0.058826082915510246,0.875
[3],0.16,0.0,0.0,0.15000000000000002,0.9000000000000001,sigmoid,sgd,0.8500000000000003,4,gaussian,"(-0.1, 0.1)",15,0.05786467290210326,0.875
[3],0.16,0.0,0.0,0.15000000000000002,0.9000000000000001,sigmoid,sgd,0.8000000000000003,2,gaussian,"(-0.5, 0.5)",15,0.06180291748697181,0.8333333333333334
[3],0.16,0.0,0.0,0.15000000000000002,0.9000000000000001,sigmoid,sgd,0.8000000000000003,4,gaussian,"(-0.5, 0.5)",15,0.05888866255558848,0.875
[3],0.16,0.0,0.0,0.15000000000000002,0.8500000000000001,sigmoid,sgd,0.6000000000000001,2,gaussian,"(-0.5, 0.5)",15,0.06058678367029676,0.8333333333333334
[3],0.16,0.0,0.0,0.15000000000000002,0.8500000000000001,sigmoid,sgd,0.6000000000000001,2,gaussian,"(-0.1, 0.1)",15,0.059186376189815704,0.8333333333333334
[3],0.16,0.0,0.0,0.15000000000000002,0.8500000000000001,sigmoid,sgd,0.6000000000000001,4,gaussian,"(-0.5, 0.5)",15,0.05873105365259742,0.875
[3],0.16,0.0,0.0,0.15000000000000002,0.8500000000000001,sigmoid,sgd,0.6000000000000001,4,gaussian,"(-0.1, 0.1)",15,0.05757221409153821,0.875
[3],0.16,0.0,0.0,0.15000000000000002,0.8500000000000001,sigmoid,sgd,0.7500000000000002,2,gaussian,"(-0.5, 0.5)",15,0.0600533479282499,0.8333333333333334
[3],0.16,0.0,0.0,0.15000000000000002,0.8500000000000001,sigmoid,sgd,0.7500000000000002,4,gaussian,"(-0.5, 0.5)",15,0.05929102198270991,0.875
[3],0.16,0.0,0.0,0.15000000000000002,0.8500000000000001,sigmoid,sgd,0.8500000000000003,2,gaussian,"(-0.5, 0.5)",15,0.05974588147351351,0.8333333333333334
[3],0.16,0.0,0.0,0.15000000000000002,0.8500000000000001,sigmoid,sgd,0.8500000000000003,2,gaussian,"(-0.1, 0.1)",15,0.05827741556868352,0.8333333333333334
[3],0.16,0.0,0.0,0.15000000000000002,0.8500000000000001,sigmoid,sgd,0.8500000000000003,4,gaussian,"(-0.5, 0.5)",15,0.06024863245258064,0.875
[3],0.16,0.0,0.0,0.15000000000000002,0.8500000000000001,sigmoid,sgd,0.8500000000000003,4,gaussian,"(-0.1, 0.1)",15,0.05703374541934974,0.875
[3],0.16,0.0,0.0,0.15000000000000002,0.8500000000000001,sigmoid,sgd,0.8000000000000003,2,gaussian,"(-0.5, 0.5)",15,0.059894115063322095,0.8333333333333334
[3],0.16,0.0,0.0,0.15000000000000002,0.8500000000000001,sigmoid,sgd,0.8000000000000003,4,gaussian,"(-0.5, 0.5)",15,0.05968685386351918,0.875
[3],0.16,0.0,0.0,0.15000000000000002,0.8,sigmoid,sgd,0.6000000000000001,2,gaussian,"(-0.5, 0.5)",15,0.0595470288098201,0.8333333333333334
[3],0.16,0.0,0.0,0.15000000000000002,0.8,sigmoid,sgd,0.6000000000000001,2,gaussian,"(-0.1, 0.1)",15,0.05837222150273807,0.8333333333333334
[3],0.16,0.0,0.0,0.15000000000000002,0.8,sigmoid,sgd,0.6000000000000001,4,gaussian,"(-0.5, 0.5)",15,0.06078675786736623,0.875
[3],0.16,0.0,0.0,0.15000000000000002,0.8,sigmoid,sgd,0.6000000000000001,4,gaussian,"(-0.1, 0.1)",15,0.05705257679038148,0.875
[3],0.16,0.0,0.0,0.15000000000000002,0.8,sigmoid,sgd,0.7500000000000002,2,gaussian,"(-0.5, 0.5)",15,0.05908698127437081,0.8333333333333334
[3],0.16,0.0,0.0,0.15000000000000002,0.8,sigmoid,sgd,0.7500000000000002,4,gaussian,"(-0.5, 0.5)",15,0.06874963267690797,0.8333333333333334
[3],0.16,0.0,0.0,0.15000000000000002,0.8,sigmoid,sgd,0.8500000000000003,2,gaussian,"(-0.5, 0.5)",15,0.05886411087110482,0.875
[3],0.16,0.0,0.0,0.15000000000000002,0.8,sigmoid,sgd,0.8500000000000003,2,gaussian,"(-0.1, 0.1)",15,0.0575513714476105,0.875
[3],0.16,0.0,0.0,0.15000000000000002,0.8,sigmoid,sgd,0.8500000000000003,4,gaussian,"(-0.5, 0.5)",15,0.07918518544730813,0.8333333333333334
[3],0.16,0.0,0.0,0.15000000000000002,0.8,sigmoid,sgd,0.8500000000000003,4,gaussian,"(-0.1, 0.1)",15,0.05781387785004755,0.875
[3],0.16,0.0,0.0,0.15000000000000002,0.8,sigmoid,sgd,0.8000000000000003,2,gaussian,"(-0.5, 0.5)",15,0.058966826270986955,0.875
[3],0.16,0.0,0.0,0.15000000000000002,0.8,sigmoid,sgd,0.8000000000000003,4,gaussian,"(-0.5, 0.5)",15,0.07366597745510958,0.8333333333333334
[3],0.16,0.0,0.0,0.0,0.9000000000000001,sigmoid,sgd,0.6000000000000001,2,gaussian,"(-0.5, 0.5)",15,0.06744952974934952,0.7916666666666666
[3],0.16,0.0,0.0,0.0,0.9000000000000001,sigmoid,sgd,0.6000000000000001,2,gaussian,"(-0.1, 0.1)",15,0.05912077363983698,0.875
[3],0.16,0.0,0.0,0.0,0.9000000000000001,sigmoid,sgd,0.6000000000000001,4,gaussian,"(-0.5, 0.5)",15,0.06164061908842528,0.8333333333333334
[3],0.16,0.0,0.0,0.0,0.9000000000000001,sigmoid,sgd,0.6000000000000001,4,gaussian,"(-0.1, 0.1)",15,0.06146247247728907,0.8333333333333334
[3],0.16,0.0,0.0,0.0,0.9000000000000001,sigmoid,sgd,0.7500000000000002,2,gaussian,"(-0.5, 0.5)",15,0.06622235636033721,0.7916666666666666
[3],0.16,0.0,0.0,0.0,0.9000000000000001,sigmoid,sgd,0.7500000000000002,2,gaussian,"(-0.1, 0.1)",15,0.05912151655534432,0.875
[3],0.16,0.0,0.0,0.0,0.9000000000000001,sigmoid,sgd,0.7500000000000002,4,gaussian,"(-0.5, 0.5)",15,0.06061984824775283,0.8333333333333334
[3],0.16,0.0,0.0,0.0,0.9000000000000001,sigmoid,sgd,0.7500000000000002,4,gaussian,"(-0.1, 0.1)",15,0.06068736787644944,0.8333333333333334
[3],0.16,0.0,0.0,0.0,0.9000000000000001,sigmoid,sgd,0.8500000000000003,2,gaussian,"(-0.5, 0.5)",15,0.06541907179963706,0.7916666666666666
[3],0.16,0.0,0.0,0.0,0.9000000000000001,sigmoid,sgd,0.8500000000000003,2,gaussian,"(-0.1, 0.1)",15,0.05904674545954667,0.875
[3],0.16,0.0,0.0,0.0,0.9000000000000001,sigmoid,sgd,0.8500000000000003,4,gaussian,"(-0.5, 0.5)",15,0.06015448120870894,0.8333333333333334
[3],0.16,0.0,0.0,0.0,0.9000000000000001,sigmoid,sgd,0.8500000000000003,4,gaussian,"(-0.1, 0.1)",15,0.060286709815171015,0.8333333333333334
[3],0.16,0.0,0.0,0.0,0.9000000000000001,sigmoid,sgd,0.8000000000000003,2,gaussian,"(-0.5, 0.5)",15,0.06581750077835406,0.7916666666666666
[3],0.16,0.0,0.0,0.0,0.9000000000000001,sigmoid,sgd,0.8000000000000003,2,gaussian,"(-0.1, 0.1)",15,0.05909037896031661,0.875
[3],0.16,0.0,0.0,0.0,0.9000000000000001,sigmoid,sgd,0.8000000000000003,4,gaussian,"(-0.5, 0.5)",15,0.06037031261656952,0.8333333333333334
[3],0.16,0.0,0.0,0.0,0.9000000000000001,sigmoid,sgd,0.8000000000000003,4,gaussian,"(-0.1, 0.1)",15,0.06047731798542202,0.8333333333333334
[3],0.16,0.0,0.0,0.0,0.8500000000000001,sigmoid,sgd,0.6000000000000001,2,gaussian,"(-0.5, 0.5)",15,0.06341247470790279,0.7916666666666666
[3],0.16,0.0,0.0,0.0,0.8500000000000001,sigmoid,sgd,0.6000000000000001,2,gaussian,"(-0.1, 0.1)",15,0.06250182712552754,0.7916666666666666
[3],0.16,0.0,0.0,0.0,0.8500000000000001,sigmoid,sgd,0.6000000000000001,4,gaussian,"(-0.5, 0.5)",15,0.05942867933735457,0.875
[3],0.16,0.0,0.0,0.0,0.8500000000000001,sigmoid,sgd,0.6000000000000001,4,gaussian,"(-0.1, 0.1)",15,0.05958550291650086,0.875
[3],0.16,0.0,0.0,0.0,0.8500000000000001,sigmoid,sgd,0.7500000000000002,2,gaussian,"(-0.5, 0.5)",15,0.062136169592948605,0.7916666666666666
[3],0.16,0.0,0.0,0.0,0.8500000000000001,sigmoid,sgd,0.7500000000000002,2,gaussian,"(-0.1, 0.1)",15,0.06178974262874023,0.7916666666666666
[3],0.16,0.0,0.0,0.0,0.8500000000000001,sigmoid,sgd,0.7500000000000002,4,gaussian,"(-0.5, 0.5)",15,0.059116269219259,0.875
[3],0.16,0.0,0.0,0.0,0.8500000000000001,sigmoid,sgd,0.7500000000000002,4,gaussian,"(-0.1, 0.1)",15,0.05914701050212098,0.875
[3],0.16,0.0,0.0,0.0,0.8500000000000001,sigmoid,sgd,0.8500000000000003,2,gaussian,"(-0.5, 0.5)",15,0.061480620838330335,0.7916666666666666
[3],0.16,0.0,0.0,0.0,0.8500000000000001,sigmoid,sgd,0.8500000000000003,2,gaussian,"(-0.1, 0.1)",15,0.06136342821570526,0.8333333333333334
[3],0.16,0.0,0.0,0.0,0.8500000000000001,sigmoid,sgd,0.8500000000000003,4,gaussian,"(-0.5, 0.5)",15,0.05924536147361281,0.875
[3],0.16,0.0,0.0,0.0,0.8500000000000001,sigmoid,sgd,0.8500000000000003,4,gaussian,"(-0.1, 0.1)",15,0.05907973366418987,0.875
[3],0.16,0.0,0.0,0.0,0.8500000000000001,sigmoid,sgd,0.8000000000000003,2,gaussian,"(-0.5, 0.5)",15,0.06178951313983389,0.7916666666666666
[3],0.16,0.0,0.0,0.0,0.8500000000000001,sigmoid,sgd,0.8000000000000003,2,gaussian,"(-0.1, 0.1)",15,0.06158109264295253,0.7916666666666666
[3],0.16,0.0,0.0,0.0,0.8500000000000001,sigmoid,sgd,0.8000000000000003,4,gaussian,"(-0.5, 0.5)",15,0.059143046515918674,0.875
[3],0.16,0.0,0.0,0.0,0.8500000000000001,sigmoid,sgd,0.8000000000000003,4,gaussian,"(-0.1, 0.1)",15,0.05908975086567034,0.875
[3],0.16,0.0,0.0,0.0,0.8,sigmoid,sgd,0.6000000000000001,2,gaussian,"(-0.5, 0.5)",15,0.06106866559264507,0.8333333333333334
[3],0.16,0.0,0.0,0.0,0.8,sigmoid,sgd,0.6000000000000001,2,gaussian,"(-0.1, 0.1)",15,0.06097806115027229,0.8333333333333334
[3],0.16,0.0,0.0,0.0,0.8,sigmoid,sgd,0.6000000000000001,4,gaussian,"(-0.5, 0.5)",15,0.059294435957253554,0.875
[3],0.16,0.0,0.0,0.0,0.8,sigmoid,sgd,0.6000000000000001,4,gaussian,"(-0.1, 0.1)",15,0.05892487659860663,0.875
[3],0.16,0.0,0.0,0.0,0.8,sigmoid,sgd,0.7500000000000002,2,gaussian,"(-0.5, 0.5)",15,0.0601704807783354,0.8333333333333334
[3],0.16,0.0,0.0,0.0,0.8,sigmoid,sgd,0.7500000000000002,2,gaussian,"(-0.1, 0.1)",15,0.06030927786060647,0.8333333333333334
[3],0.16,0.0,0.0,0.0,0.8,sigmoid,sgd,0.7500000000000002,4,gaussian,"(-0.5, 0.5)",15,0.062221451243097886,0.875
[3],0.16,0.0,0.0,0.0,0.8,sigmoid,sgd,0.7500000000000002,4,gaussian,"(-0.1, 0.1)",15,0.05952534028065546,0.875
[3],0.16,0.0,0.0,0.0,0.8,sigmoid,sgd,0.8500000000000003,2,gaussian,"(-0.5, 0.5)",15,0.05974498017508586,0.8333333333333334
[3],0.16,0.0,0.0,0.0,0.8,sigmoid,sgd,0.8500000000000003,2,gaussian,"(-0.1, 0.1)",15,0.059952273488112405,0.8333333333333334
[3],0.16,0.0,0.0,0.0,0.8,sigmoid,sgd,0.8500000000000003,4,gaussian,"(-0.5, 0.5)",15,0.06772205425636871,0.875
[3],0.16,0.0,0.0,0.0,0.8,sigmoid,sgd,0.8500000000000003,4,gaussian,"(-0.1, 0.1)",15,0.06047396165956818,0.875
[3],0.16,0.0,0.0,0.0,0.8,sigmoid,sgd,0.8000000000000003,2,gaussian,"(-0.5, 0.5)",15,0.059943925373673455,0.8333333333333334
[3],0.16,0.0,0.0,0.0,0.8,sigmoid,sgd,0.8000000000000003,2,gaussian,"(-0.1, 0.1)",15,0.0601231916813236,0.8333333333333334
[3],0.16,0.0,0.0,0.0,0.8,sigmoid,sgd,0.8000000000000003,4,gaussian,"(-0.5, 0.5)",15,0.06451821489562609,0.875
[3],0.16,0.0,0.0,0.0,0.8,sigmoid,sgd,0.8000000000000003,4,gaussian,"(-0.1, 0.1)",15,0.059938102820749184,0.875
[3],0.060000000000000005,0.0,0.0,0.0,0.9000000000000001,sigmoid,sgd,0.5,4,gaussian,"(-0.1, 0.1)",15,0.03823483878090334,0.92
[3],0.060000000000000005,0.0,0.0,0.0,0.9000000000000001,sigmoid,sgd,0.5,4,gaussian,"(-0.5, 0.5)",15,0.05357709665467776,0.92
[3],0.060000000000000005,0.0,0.0,0.0,0.9000000000000001,sigmoid,sgd,0.6500000000000001,4,gaussian,"(-0.1, 0.1)",15,0.043561704660898905,0.92
[3],0.060000000000000005,0.0,0.0,0.0,0.9000000000000001,sigmoid,sgd,0.6500000000000001,4,gaussian,"(-0.5, 0.5)",15,0.0790686989339512,0.8
[3],0.060000000000000005,0.0,0.0,0.0,0.9000000000000001,sigmoid,sgd,0.7500000000000002,4,gaussian,"(-0.1, 0.1)",15,0.048901948977094226,0.92
[3],0.060000000000000005,0.0,0.0,0.0,0.9000000000000001,sigmoid,sgd,0.7500000000000002,4,gaussian,"(-0.5, 0.5)",15,0.09393989704220422,0.76
[3],0.060000000000000005,0.0,0.0,0.0,0.8500000000000001,sigmoid,sgd,0.5,4,gaussian,"(-0.1, 0.1)",15,0.058186708559664346,0.92
[3],0.060000000000000005,0.0,0.0,0.0,0.8500000000000001,sigmoid,sgd,0.5,4,gaussian,"(-0.5, 0.5)",15,0.1064168537356409,0.64
[3],0.060000000000000005,0.0,0.0,0.0,0.8500000000000001,sigmoid,sgd,0.6500000000000001,4,gaussian,"(-0.1, 0.1)",15,0.07959651017327016,0.92
[3],0.060000000000000005,0.0,0.0,0.0,0.8500000000000001,sigmoid,sgd,0.6500000000000001,4,gaussian,"(-0.5, 0.5)",15,0.11696739157172865,0.6
[3],0.060000000000000005,0.0,0.0,0.0,0.8500000000000001,sigmoid,sgd,0.7500000000000002,4,gaussian,"(-0.1, 0.1)",15,0.09218087034193995,0.92
[3],0.060000000000000005,0.0,0.0,0.0,0.8500000000000001,sigmoid,sgd,0.7500000000000002,4,gaussian,"(-0.5, 0.5)",15,0.11983508848872304,0.56
[3],0.060000000000000005,0.0,0.0,0.15000000000000002,0.9000000000000001,sigmoid,sgd,0.5,4,gaussian,"(-0.1, 0.1)",15,0.05321708995874436,0.92
[3],0.060000000000000005,0.0,0.0,0.15000000000000002,0.9000000000000001,sigmoid,sgd,0.5,4,gaussian,"(-0.5, 0.5)",15,0.06120767801270412,0.88
[3],0.060000000000000005,0.0,0.0,0.15000000000000002,0.9000000000000001,sigmoid,sgd,0.6500000000000001,4,gaussian,"(-0.1, 0.1)",15,0.0766663718108793,0.92
[3],0.060000000000000005,0.0,0.0,0.15000000000000002,0.9000000000000001,sigmoid,sgd,0.6500000000000001,4,gaussian,"(-0.5, 0.5)",15,0.08644375732119756,0.8
[3],0.060000000000000005,0.0,0.0,0.15000000000000002,0.9000000000000001,sigmoid,sgd,0.7500000000000002,4,gaussian,"(-0.1, 0.1)",15,0.09253191093718513,0.84
[3],0.060000000000000005,0.0,0.0,0.15000000000000002,0.9000000000000001,sigmoid,sgd,0.7500000000000002,4,gaussian,"(-0.5, 0.5)",15,0.0991460176530524,0.68
[3],0.060000000000000005,0.0,0.0,0.15000000000000002,0.8500000000000001,sigmoid,sgd,0.5,4,gaussian,"(-0.1, 0.1)",15,0.10068740114578771,0.84
[3],0.060000000000000005,0.0,0.0,0.15000000000000002,0.8500000000000001,sigmoid,sgd,0.5,4,gaussian,"(-0.5, 0.5)",15,0.10901188202998649,0.64
[3],0.060000000000000005,0.0,0.0,0.15000000000000002,0.8500000000000001,sigmoid,sgd,0.6500000000000001,4,gaussian,"(-0.1, 0.1)",15,0.11711783256525615,0.6
[3],0.060000000000000005,0.0,0.0,0.15000000000000002,0.8500000000000001,sigmoid,sgd,0.6500000000000001,4,gaussian,"(-0.5, 0.5)",15,0.11808174485502454,0.6
[3],0.060000000000000005,0.0,0.0,0.15000000000000002,0.8500000000000001,sigmoid,sgd,0.7500000000000002,4,gaussian,"(-0.1, 0.1)",15,0.12105453817607519,0.6
[3],0.060000000000000005,0.0,0.0,0.15000000000000002,0.8500000000000001,sigmoid,sgd,0.7500000000000002,4,gaussian,"(-0.5, 0.5)",15,0.12051906564560083,0.6
[4],0.060000000000000005,0.0,0.0,0.0,0.9000000000000001,sigmoid,sgd,0.5,4,gaussian,"(-0.1, 0.1)",15,0.041443105793924115,0.92
[4],0.060000000000000005,0.0,0.0,0.0,0.9000000000000001,sigmoid,sgd,0.5,4,gaussian,"(-0.5, 0.5)",15,0.06706352717717101,0.92
[4],0.060000000000000005,0.0,0.0,0.0,0.9000000000000001,sigmoid,sgd,0.6500000000000001,4,gaussian,"(-0.1, 0.1)",15,0.04781275217972355,0.92
[4],0.060000000000000005,0.0,0.0,0.0,0.9000000000000001,sigmoid,sgd,0.6500000000000001,4,gaussian,"(-0.5, 0.5)",15,0.07961838215872002,0.84
[4],0.060000000000000005,0.0,0.0,0.0,0.9000000000000001,sigmoid,sgd,0.7500000000000002,4,gaussian,"(-0.1, 0.1)",15,0.054665942017016744,0.92
[4],0.060000000000000005,0.0,0.0,0.0,0.9000000000000001,sigmoid,sgd,0.7500000000000002,4,gaussian,"(-0.5, 0.5)",15,0.08791432134550348,0.84
[4],0.060000000000000005,0.0,0.0,0.0,0.8500000000000001,sigmoid,sgd,0.5,4,gaussian,"(-0.1, 0.1)",15,0.060367908616188765,0.92
[4],0.060000000000000005,0.0,0.0,0.0,0.8500000000000001,sigmoid,sgd,0.5,4,gaussian,"(-0.5, 0.5)",15,0.09276572546499656,0.8
[4],0.060000000000000005,0.0,0.0,0.0,0.8500000000000001,sigmoid,sgd,0.6500000000000001,4,gaussian,"(-0.1, 0.1)",15,0.08096550843118604,0.92
[4],0.060000000000000005,0.0,0.0,0.0,0.8500000000000001,sigmoid,sgd,0.6500000000000001,4,gaussian,"(-0.5, 0.5)",15,0.10757318678820312,0.6
[4],0.060000000000000005,0.0,0.0,0.0,0.8500000000000001,sigmoid,sgd,0.7500000000000002,4,gaussian,"(-0.1, 0.1)",15,0.09274740778877445,0.92
[4],0.060000000000000005,0.0,0.0,0.0,0.8500000000000001,sigmoid,sgd,0.7500000000000002,4,gaussian,"(-0.5, 0.5)",15,0.11303573418142401,0.52
[4],0.060000000000000005,0.0,0.0,0.15000000000000002,0.9000000000000001,sigmoid,sgd,0.5,4,gaussian,"(-0.1, 0.1)",15,0.04249102071271423,0.92
[4],0.060000000000000005,0.0,0.0,0.15000000000000002,0.9000000000000001,sigmoid,sgd,0.5,4,gaussian,"(-0.5, 0.5)",15,0.07059859958428011,0.92
[4],0.060000000000000005,0.0,0.0,0.15000000000000002,0.9000000000000001,sigmoid,sgd,0.6500000000000001,4,gaussian,"(-0.1, 0.1)",15,0.051123735317788625,0.92
[4],0.060000000000000005,0.0,0.0,0.15000000000000002,0.9000000000000001,sigmoid,sgd,0.6500000000000001,4,gaussian,"(-0.5, 0.5)",15,0.08281574018730135,0.84
[4],0.060000000000000005,0.0,0.0,0.15000000000000002,0.9000000000000001,sigmoid,sgd,0.7500000000000002,4,gaussian,"(-0.1, 0.1)",15,0.05963800517298509,0.92
[4],0.060000000000000005,0.0,0.0,0.15000000000000002,0.9000000000000001,sigmoid,sgd,0.7500000000000002,4,gaussian,"(-0.5, 0.5)",15,0.09047945167617019,0.84
[4],0.060000000000000005,0.0,0.0,0.15000000000000002,0.8500000000000001,sigmoid,sgd,0.5,4,gaussian,"(-0.1, 0.1)",15,0.0657046549508241,0.92
[4],0.060000000000000005,0.0,0.0,0.15000000000000002,0.8500000000000001,sigmoid,sgd,0.5,4,gaussian,"(-0.5, 0.5)",15,0.09476887582529887,0.8
[4],0.060000000000000005,0.0,0.0,0.15000000000000002,0.8500000000000001,sigmoid,sgd,0.6500000000000001,4,gaussian,"(-0.1, 0.1)",15,0.08692307549341534,0.92
[4],0.060000000000000005,0.0,0.0,0.15000000000000002,0.8500000000000001,sigmoid,sgd,0.6500000000000001,4,gaussian,"(-0.5, 0.5)",15,0.10805453403327213,0.6
[4],0.060000000000000005,0.0,0.0,0.15000000000000002,0.8500000000000001,sigmoid,sgd,0.7500000000000002,4,gaussian,"(-0.1, 0.1)",15,0.09718200388975927,0.88
[4],0.060000000000000005,0.0,0.0,0.15000000000000002,0.8500000000000001,sigmoid,sgd,0.7500000000000002,4,gaussian,"(-0.5, 0.5)",15,0.11314905798855461,0.56
[4],0.060000000000000005,0.0,0.0,0.05,0.9000000000000001,sigmoid,sgd,0.7000000000000002,4,gaussian,"(-0.1, 0.1)",15,0.04942266478151551,0.96
[4],0.060000000000000005,0.0,0.0,0.05,0.9000000000000001,sigmoid,sgd,0.7000000000000002,4,gaussian,"(-0.5, 0.5)",15,0.08168218274248128,0.84
[4],0.060000000000000005,0.0,0.0,0.05,0.9000000000000001,sigmoid,sgd,0.7500000000000002,4,gaussian,"(-0.1, 0.1)",15,0.05347244088125376,1.0
[4],0.060000000000000005,0.0,0.0,0.05,0.9000000000000001,sigmoid,sgd,0.7500000000000002,4,gaussian,"(-0.5, 0.5)",15,0.08578818972733732,0.8
[4],0.060000000000000005,0.0,0.0,0.05,0.9000000000000001,sigmoid,sgd,0.8500000000000003,4,gaussian,"(-0.1, 0.1)",15,0.06197618237743525,0.96
[4],0.060000000000000005,0.0,0.0,0.05,0.9000000000000001,sigmoid,sgd,0.8500000000000003,4,gaussian,"(-0.5, 0.5)",15,0.09261557024312811,0.6
[4],0.060000000000000005,0.0,0.0,0.05,0.9000000000000001,sigmoid,sgd,0.55,4,gaussian,"(-0.1, 0.1)",15,0.039177006208153564,0.96
[4],0.060000000000000005,0.0,0.0,0.05,0.9000000000000001,sigmoid,sgd,0.55,4,gaussian,"(-0.5, 0.5)",15,0.06438888988846854,1.0
[4],0.060000000000000005,0.0,0.0,0.15000000000000002,0.9000000000000001,sigmoid,sgd,0.7000000000000002,4,gaussian,"(-0.1, 0.1)",15,0.06236119198086312,0.96
[4],0.060000000000000005,0.0,0.0,0.15000000000000002,0.9000000000000001,sigmoid,sgd,0.7000000000000002,4,gaussian,"(-0.5, 0.5)",15,0.08421459506067241,0.8
[4],0.060000000000000005,0.0,0.0,0.15000000000000002,0.9000000000000001,sigmoid,sgd,0.8500000000000003,4,gaussian,"(-0.1, 0.1)",15,0.07778638964564986,0.92
[4],0.060000000000000005,0.0,0.0,0.15000000000000002,0.9000000000000001,sigmoid,sgd,0.8500000000000003,4,gaussian,"(-0.5, 0.5)",15,0.09382573698057561,0.6
[4],0.060000000000000005,0.0,0.0,0.15000000000000002,0.9000000000000001,sigmoid,sgd,0.55,4,gaussian,"(-0.1, 0.1)",15,0.04816824324599228,0.96
[4],0.060000000000000005,0.0,0.0,0.15000000000000002,0.9000000000000001,sigmoid,sgd,0.55,4,gaussian,"(-0.5, 0.5)",15,0.07138111856149906,0.92
[3],0.060000000000000005,0.0,0.0,0.05,0.9000000000000001,sigmoid,sgd,0.7000000000000002,4,gaussian,"(-0.1, 0.1)",15,0.05151622798192925,0.92
[3],0.060000000000000005,0.0,0.0,0.05,0.9000000000000001,sigmoid,sgd,0.7000000000000002,4,gaussian,"(-0.5, 0.5)",15,0.09245971368284012,0.76
[3],0.060000000000000005,0.0,0.0,0.05,0.9000000000000001,sigmoid,sgd,0.7500000000000002,4,gaussian,"(-0.1, 0.1)",15,0.056026905712326915,0.92
[3],0.060000000000000005,0.0,0.0,0.05,0.9000000000000001,sigmoid,sgd,0.7500000000000002,4,gaussian,"(-0.5, 0.5)",15,0.09800760952487916,0.76
[3],0.060000000000000005,0.0,0.0,0.05,0.9000000000000001,sigmoid,sgd,0.8500000000000003,4,gaussian,"(-0.1, 0.1)",15,0.0653826680246326,0.88
[3],0.060000000000000005,0.0,0.0,0.05,0.9000000000000001,sigmoid,sgd,0.8500000000000003,4,gaussian,"(-0.5, 0.5)",15,0.10600840084196793,0.72
[3],0.060000000000000005,0.0,0.0,0.05,0.9000000000000001,sigmoid,sgd,0.55,4,gaussian,"(-0.1, 0.1)",15,0.03964508002376033,0.96
[3],0.060000000000000005,0.0,0.0,0.05,0.9000000000000001,sigmoid,sgd,0.55,4,gaussian,"(-0.5, 0.5)",15,0.0669531879097967,0.88
[3],0.060000000000000005,0.0,0.0,0.15000000000000002,0.9000000000000001,sigmoid,sgd,0.7000000000000002,4,gaussian,"(-0.1, 0.1)",15,0.05371627885600276,0.96
[3],0.060000000000000005,0.0,0.0,0.15000000000000002,0.9000000000000001,sigmoid,sgd,0.7000000000000002,4,gaussian,"(-0.5, 0.5)",15,0.09936112910855503,0.76
[3],0.060000000000000005,0.0,0.0,0.15000000000000002,0.9000000000000001,sigmoid,sgd,0.8500000000000003,4,gaussian,"(-0.1, 0.1)",15,0.06644402157483414,0.96
[3],0.060000000000000005,0.0,0.0,0.15000000000000002,0.9000000000000001,sigmoid,sgd,0.8500000000000003,4,gaussian,"(-0.5, 0.5)",15,0.10976677928568203,0.68
[3],0.060000000000000005,0.0,0.0,0.15000000000000002,0.9000000000000001,sigmoid,sgd,0.55,4,gaussian,"(-0.1, 0.1)",15,0.042577745306305204,1.0
[3],0.060000000000000005,0.0,0.0,0.15000000000000002,0.9000000000000001,sigmoid,sgd,0.55,4,gaussian,"(-0.5, 0.5)",15,0.07871209113148389,0.8
[3],0.060000000000000005,0.0,0.0,0.15000000000000002,0.9000000000000001,sigmoid,sgd,0.9500000000000004,4,gaussian,"(-0.1, 0.1)",15,0.08108987180922285,0.875
[3],0.060000000000000005,0.0,0.0,0.15000000000000002,0.9000000000000001,sigmoid,sgd,0.9500000000000004,4,gaussian,"(-0.5, 0.5)",15,0.11157338235699799,0.7083333333333334
[3],0.060000000000000005,0.0,0.0,0.15000000000000002,0.8500000000000001,sigmoid,sgd,0.7000000000000002,4,gaussian,"(-0.1, 0.1)",15,0.11068681689402281,0.875
[3],0.060000000000000005,0.0,0.0,0.15000000000000002,0.8500000000000001,sigmoid,sgd,0.7000000000000002,4,gaussian,"(-0.5, 0.5)",15,0.11886439480098794,0.625
[3],0.060000000000000005,0.0,0.0,0.15000000000000002,0.8500000000000001,sigmoid,sgd,0.9500000000000004,4,gaussian,"(-0.1, 0.1)",15,0.12114063676657799,0.5833333333333334
[3],0.060000000000000005,0.0,0.0,0.15000000000000002,0.8500000000000001,sigmoid,sgd,0.9500000000000004,4,gaussian,"(-0.5, 0.5)",15,0.12230551502714848,0.625
[3],0.060000000000000005,0.0,0.0,0.15000000000000002,0.8500000000000001,sigmoid,sgd,0.55,4,gaussian,"(-0.1, 0.1)",15,0.09126438035158928,0.875
[3],0.060000000000000005,0.0,0.0,0.15000000000000002,0.8500000000000001,sigmoid,sgd,0.55,4,gaussian,"(-0.5, 0.5)",15,0.11142769301639162,0.7083333333333334
[3],0.060000000000000005,0.0,0.0,0.1,0.9000000000000001,sigmoid,sgd,0.5,4,gaussian,"(-0.1, 0.1)",15,0.03924137073750634,0.9166666666666666
[3],0.060000000000000005,0.0,0.0,0.1,0.9000000000000001,sigmoid,sgd,0.5,4,gaussian,"(-0.5, 0.5)",15,0.051096176508174905,0.9166666666666666
[3],0.060000000000000005,0.0,0.0,0.1,0.9000000000000001,sigmoid,sgd,0.7000000000000002,4,gaussian,"(-0.1, 0.1)",15,0.046719552817532095,0.9166666666666666
[3],0.060000000000000005,0.0,0.0,0.1,0.9000000000000001,sigmoid,sgd,0.7000000000000002,4,gaussian,"(-0.5, 0.5)",15,0.0885070421922345,0.875
[3],0.060000000000000005,0.0,0.0,0.1,0.9000000000000001,sigmoid,sgd,0.9500000000000004,4,gaussian,"(-0.1, 0.1)",15,0.06535953821382567,0.9166666666666666
[3],0.060000000000000005,0.0,0.0,0.1,0.9000000000000001,sigmoid,sgd,0.9500000000000004,4,gaussian,"(-0.5, 0.5)",15,0.11137785668459584,0.7083333333333334
[3],0.060000000000000005,0.0,0.0,0.1,0.9000000000000001,sigmoid,sgd,0.55,4,gaussian,"(-0.1, 0.1)",15,0.04044107859982419,0.9166666666666666
[3],0.060000000000000005,0.0,0.0,0.1,0.9000000000000001,sigmoid,sgd,0.55,4,gaussian,"(-0.5, 0.5)",15,0.06060039842834592,0.9166666666666666
[3],0.060000000000000005,0.0,0.0,0.1,0.8500000000000001,sigmoid,sgd,0.5,4,gaussian,"(-0.1, 0.1)",15,0.0632038248828653,0.9166666666666666
[3],0.060000000000000005,0.0,0.0,0.1,0.8500000000000001,sigmoid,sgd,0.5,4,gaussian,"(-0.5, 0.5)",15,0.10629193182996198,0.7083333333333334
[3],0.060000000000000005,0.0,0.0,0.1,0.8500000000000001,sigmoid,sgd,0.7000000000000002,4,gaussian,"(-0.1, 0.1)",15,0.09437922731661881,0.875
[3],0.060000000000000005,0.0,0.0,0.1,0.8500000000000001,sigmoid,sgd,0.7000000000000002,4,gaussian,"(-0.5, 0.5)",15,0.1188923289578838,0.625
[3],0.060000000000000005,0.0,0.0,0.1,0.8500000000000001,sigmoid,sgd,0.9500000000000004,4,gaussian,"(-0.1, 0.1)",15,0.11459844815885685,0.7916666666666666
[3],0.060000000000000005,0.0,0.0,0.1,0.8500000000000001,sigmoid,sgd,0.9500000000000004,4,gaussian,"(-0.5, 0.5)",15,0.12231540514617582,0.625
[3],0.060000000000000005,0.0,0.0,0.1,0.8500000000000001,sigmoid,sgd,0.55,4,gaussian,"(-0.1, 0.1)",15,0.07151782735257785,0.875
[3],0.060000000000000005,0.0,0.0,0.1,0.8500000000000001,sigmoid,sgd,0.55,4,gaussian,"(-0.5, 0.5)",15,0.11148059786090025,0.7083333333333334
[3],0.060000000000000005,0.0,0.0,0.25,0.9000000000000001,sigmoid,sgd,0.5,4,gaussian,"(-0.1, 0.1)",15,0.070796846527956,0.9166666666666666
[3],0.060000000000000005,0.0,0.0,0.25,0.9000000000000001,sigmoid,sgd,0.5,4,gaussian,"(-0.5, 0.5)",15,0.05875199348101953,0.9166666666666666
[3],0.060000000000000005,0.0,0.0,0.25,0.9000000000000001,sigmoid,sgd,0.7000000000000002,4,gaussian,"(-0.1, 0.1)",15,0.094074230564603,0.7916666666666666
[3],0.060000000000000005,0.0,0.0,0.25,0.9000000000000001,sigmoid,sgd,0.7000000000000002,4,gaussian,"(-0.5, 0.5)",15,0.09246155545385715,0.9166666666666666
[3],0.060000000000000005,0.0,0.0,0.25,0.9000000000000001,sigmoid,sgd,0.9500000000000004,4,gaussian,"(-0.1, 0.1)",15,0.1103018981310334,0.625
[3],0.060000000000000005,0.0,0.0,0.25,0.9000000000000001,sigmoid,sgd,0.9500000000000004,4,gaussian,"(-0.5, 0.5)",15,0.11282941518766615,0.7083333333333334
[3],0.060000000000000005,0.0,0.0,0.25,0.9000000000000001,sigmoid,sgd,0.55,4,gaussian,"(-0.1, 0.1)",15,0.0770412436856897,0.875
[3],0.060000000000000005,0.0,0.0,0.25,0.9000000000000001,sigmoid,sgd,0.55,4,gaussian,"(-0.5, 0.5)",15,0.06774690156723674,0.9166666666666666
[3],0.060000000000000005,0.0,0.0,0.25,0.8500000000000001,sigmoid,sgd,0.5,4,gaussian,"(-0.1, 0.1)",15,0.11469355446224472,0.5416666666666666
[3],0.060000000000000005,0.0,0.0,0.25,0.8500000000000001,sigmoid,sgd,0.5,4,gaussian,"(-0.5, 0.5)",15,0.10797922037736461,0.7083333333333334
[3],0.060000000000000005,0.0,0.0,0.25,0.8500000000000001,sigmoid,sgd,0.7000000000000002,4,gaussian,"(-0.1, 0.1)",15,0.12131151591492124,0.4583333333333333
[3],0.060000000000000005,0.0,0.0,0.25,0.8500000000000001,sigmoid,sgd,0.7000000000000002,4,gaussian,"(-0.5, 0.5)",15,0.11932952501064424,0.625
[3],0.060000000000000005,0.0,0.0,0.25,0.8500000000000001,sigmoid,sgd,0.9500000000000004,4,gaussian,"(-0.1, 0.1)",15,0.12349765237371706,0.4583333333333333
[3],0.060000000000000005,0.0,0.0,0.25,0.8500000000000001,sigmoid,sgd,0.9500000000000004,4,gaussian,"(-0.5, 0.5)",15,0.12245754529539166,0.625
[3],0.060000000000000005,0.0,0.0,0.25,0.8500000000000001,sigmoid,sgd,0.55,4,gaussian,"(-0.1, 0.1)",15,0.11724798161389353,0.5416666666666666
[3],0.060000000000000005,0.0,0.0,0.25,0.8500000000000001,sigmoid,sgd,0.55,4,gaussian,"(-0.5, 0.5)",15,0.11265552201551006,0.7083333333333334
[4],0.060000000000000005,0.0,0.0,0.15000000000000002,0.9000000000000001,sigmoid,sgd,0.9500000000000004,4,gaussian,"(-0.1, 0.1)",15,0.061277516323643595,0.9166666666666666
[4],0.060000000000000005,0.0,0.0,0.15000000000000002,0.9000000000000001,sigmoid,sgd,0.9500000000000004,4,gaussian,"(-0.5, 0.5)",15,0.09429002501049477,0.7083333333333334
[4],0.060000000000000005,0.0,0.0,0.15000000000000002,0.8500000000000001,sigmoid,sgd,0.7000000000000002,4,gaussian,"(-0.1, 0.1)",15,0.07682464165580777,0.9166666666666666
[4],0.060000000000000005,0.0,0.0,0.15000000000000002,0.8500000000000001,sigmoid,sgd,0.7000000000000002,4,gaussian,"(-0.5, 0.5)",15,0.104034783501659,0.7083333333333334
[4],0.060000000000000005,0.0,0.0,0.15000000000000002,0.8500000000000001,sigmoid,sgd,0.9500000000000004,4,gaussian,"(-0.1, 0.1)",15,0.09838654868686592,0.9166666666666666
[4],0.060000000000000005,0.0,0.0,0.15000000000000002,0.8500000000000001,sigmoid,sgd,0.9500000000000004,4,gaussian,"(-0.5, 0.5)",15,0.11397147964885852,0.7083333333333334
[4],0.060000000000000005,0.0,0.0,0.15000000000000002,0.8500000000000001,sigmoid,sgd,0.55,4,gaussian,"(-0.1, 0.1)",15,0.06019728134803953,0.9166666666666666
[4],0.060000000000000005,0.0,0.0,0.15000000000000002,0.8500000000000001,sigmoid,sgd,0.55,4,gaussian,"(-0.5, 0.5)",15,0.09303131684577039,0.7083333333333334
[4],0.060000000000000005,0.0,0.0,0.1,0.9000000000000001,sigmoid,sgd,0.5,4,gaussian,"(-0.1, 0.1)",15,0.04010581620741342,0.9166666666666666
[4],0.060000000000000005,0.0,0.0,0.1,0.9000000000000001,sigmoid,sgd,0.5,4,gaussian,"(-0.5, 0.5)",15,0.0576702111387433,0.9166666666666666
[4],0.060000000000000005,0.0,0.0,0.1,0.9000000000000001,sigmoid,sgd,0.7000000000000002,4,gaussian,"(-0.1, 0.1)",15,0.045481088423627476,0.9166666666666666
[4],0.060000000000000005,0.0,0.0,0.1,0.9000000000000001,sigmoid,sgd,0.7000000000000002,4,gaussian,"(-0.5, 0.5)",15,0.07671176718848578,0.8333333333333334
[4],0.060000000000000005,0.0,0.0,0.1,0.9000000000000001,sigmoid,sgd,0.9500000000000004,4,gaussian,"(-0.1, 0.1)",15,0.059652662442057525,0.9166666666666666
[4],0.060000000000000005,0.0,0.0,0.1,0.9000000000000001,sigmoid,sgd,0.9500000000000004,4,gaussian,"(-0.5, 0.5)",15,0.09429399656220606,0.7083333333333334
[4],0.060000000000000005,0.0,0.0,0.1,0.9000000000000001,sigmoid,sgd,0.55,4,gaussian,"(-0.1, 0.1)",15,0.04092842685338494,0.9166666666666666
[4],0.060000000000000005,0.0,0.0,0.1,0.9000000000000001,sigmoid,sgd,0.55,4,gaussian,"(-0.5, 0.5)",15,0.06284679142076159,0.9166666666666666
[4],0.060000000000000005,0.0,0.0,0.1,0.8500000000000001,sigmoid,sgd,0.5,4,gaussian,"(-0.1, 0.1)",15,0.05354192702303106,0.9166666666666666
[4],0.060000000000000005,0.0,0.0,0.1,0.8500000000000001,sigmoid,sgd,0.5,4,gaussian,"(-0.5, 0.5)",15,0.08741293337267537,0.7916666666666666
[4],0.060000000000000005,0.0,0.0,0.1,0.8500000000000001,sigmoid,sgd,0.7000000000000002,4,gaussian,"(-0.1, 0.1)",15,0.07612387937785425,0.9166666666666666
[4],0.060000000000000005,0.0,0.0,0.1,0.8500000000000001,sigmoid,sgd,0.7000000000000002,4,gaussian,"(-0.5, 0.5)",15,0.10415757731237633,0.7083333333333334
[4],0.060000000000000005,0.0,0.0,0.1,0.8500000000000001,sigmoid,sgd,0.9500000000000004,4,gaussian,"(-0.1, 0.1)",15,0.09903651684804134,0.9166666666666666
[4],0.060000000000000005,0.0,0.0,0.1,0.8500000000000001,sigmoid,sgd,0.9500000000000004,4,gaussian,"(-0.5, 0.5)",15,0.1141424277281034,0.7083333333333334
[4],0.060000000000000005,0.0,0.0,0.1,0.8500000000000001,sigmoid,sgd,0.55,4,gaussian,"(-0.1, 0.1)",15,0.05886861985726815,0.9166666666666666
[4],0.060000000000000005,0.0,0.0,0.1,0.8500000000000001,sigmoid,sgd,0.55,4,gaussian,"(-0.5, 0.5)",15,0.09296353448935435,0.7083333333333334
[4],0.060000000000000005,0.0,0.0,0.25,0.9000000000000001,sigmoid,sgd,0.5,4,gaussian,"(-0.1, 0.1)",15,0.04290391305487257,0.9166666666666666
[4],0.060000000000000005,0.0,0.0,0.25,0.9000000000000001,sigmoid,sgd,0.5,4,gaussian,"(-0.5, 0.5)",15,0.06493586611578979,0.9166666666666666
[4],0.060000000000000005,0.0,0.0,0.25,0.9000000000000001,sigmoid,sgd,0.7000000000000002,4,gaussian,"(-0.1, 0.1)",15,0.052337552927547805,0.9166666666666666
[4],0.060000000000000005,0.0,0.0,0.25,0.9000000000000001,sigmoid,sgd,0.7000000000000002,4,gaussian,"(-0.5, 0.5)",15,0.08033192070827379,0.8333333333333334
[4],0.060000000000000005,0.0,0.0,0.25,0.9000000000000001,sigmoid,sgd,0.9500000000000004,4,gaussian,"(-0.1, 0.1)",15,0.06958256681475734,0.9166666666666666
[4],0.060000000000000005,0.0,0.0,0.25,0.9000000000000001,sigmoid,sgd,0.9500000000000004,4,gaussian,"(-0.5, 0.5)",15,0.09577882186081561,0.625
[4],0.060000000000000005,0.0,0.0,0.25,0.9000000000000001,sigmoid,sgd,0.55,4,gaussian,"(-0.1, 0.1)",15,0.044710883322857775,0.9166666666666666
[4],0.060000000000000005,0.0,0.0,0.25,0.9000000000000001,sigmoid,sgd,0.55,4,gaussian,"(-0.5, 0.5)",15,0.06875699903951715,0.9166666666666666
[4],0.060000000000000005,0.0,0.0,0.25,0.8500000000000001,sigmoid,sgd,0.5,4,gaussian,"(-0.1, 0.1)",15,0.061752704683279806,0.9166666666666666
[4],0.060000000000000005,0.0,0.0,0.25,0.8500000000000001,sigmoid,sgd,0.5,4,gaussian,"(-0.5, 0.5)",15,0.08960355234243655,0.7916666666666666
[4],0.060000000000000005,0.0,0.0,0.25,0.8500000000000001,sigmoid,sgd,0.7000000000000002,4,gaussian,"(-0.1, 0.1)",15,0.08438079205058129,0.9166666666666666
[4],0.060000000000000005,0.0,0.0,0.25,0.8500000000000001,sigmoid,sgd,0.7000000000000002,4,gaussian,"(-0.5, 0.5)",15,0.10477626138352414,0.7083333333333334
[4],0.060000000000000005,0.0,0.0,0.25,0.8500000000000001,sigmoid,sgd,0.9500000000000004,4,gaussian,"(-0.1, 0.1)",15,0.10380161249644593,0.7083333333333334
[4],0.060000000000000005,0.0,0.0,0.25,0.8500000000000001,sigmoid,sgd,0.9500000000000004,4,gaussian,"(-0.5, 0.5)",15,0.11418493098913689,0.6666666666666666
[4],0.060000000000000005,0.0,0.0,0.25,0.8500000000000001,sigmoid,sgd,0.55,4,gaussian,"(-0.1, 0.1)",15,0.06755223228638209,0.9166666666666666
[4],0.060000000000000005,0.0,0.0,0.25,0.8500000000000001,sigmoid,sgd,0.55,4,gaussian,"(-0.5, 0.5)",15,0.09456862155890526,0.6666666666666666
[4],0.060000000000000005,0.0,0.0,0.1,0.9000000000000001,sigmoid,sgd,0.6000000000000001,4,gaussian,"(-0.1, 0.1)",15,0.03197025927072649,0.9583333333333334
[4],0.060000000000000005,0.0,0.0,0.1,0.9000000000000001,sigmoid,sgd,0.6000000000000001,4,gaussian,"(-0.5, 0.5)",15,0.04544847952972536,0.9583333333333334
[4],0.060000000000000005,0.0,0.0,0.1,0.9000000000000001,sigmoid,sgd,0.8500000000000003,4,gaussian,"(-0.1, 0.1)",15,0.05481432516082918,0.9583333333333334
[4],0.060000000000000005,0.0,0.0,0.1,0.9000000000000001,sigmoid,sgd,0.8500000000000003,4,gaussian,"(-0.5, 0.5)",15,0.0769250699716341,0.875
[4],0.060000000000000005,0.0,0.0,0.1,0.9000000000000001,sigmoid,sgd,0.7500000000000002,4,gaussian,"(-0.1, 0.1)",15,0.04422557739397049,0.9583333333333334
[4],0.060000000000000005,0.0,0.0,0.1,0.9000000000000001,sigmoid,sgd,0.7500000000000002,4,gaussian,"(-0.5, 0.5)",15,0.06573337568958172,0.9583333333333334
[4],0.060000000000000005,0.0,0.0,0.1,0.8500000000000001,sigmoid,sgd,0.6000000000000001,4,gaussian,"(-0.1, 0.1)",15,0.07303433740052513,0.9583333333333334
[4],0.060000000000000005,0.0,0.0,0.1,0.8500000000000001,sigmoid,sgd,0.6000000000000001,4,gaussian,"(-0.5, 0.5)",15,0.09069805942480802,0.875
[4],0.060000000000000005,0.0,0.0,0.1,0.8500000000000001,sigmoid,sgd,0.8500000000000003,4,gaussian,"(-0.1, 0.1)",15,0.10592125934397172,0.9583333333333334
[4],0.060000000000000005,0.0,0.0,0.1,0.8500000000000001,sigmoid,sgd,0.8500000000000003,4,gaussian,"(-0.5, 0.5)",15,0.11070671158188543,0.75
[4],0.060000000000000005,0.0,0.0,0.1,0.8500000000000001,sigmoid,sgd,0.7500000000000002,4,gaussian,"(-0.1, 0.1)",15,0.09590313239690969,0.9583333333333334
[4],0.060000000000000005,0.0,0.0,0.1,0.8500000000000001,sigmoid,sgd,0.7500000000000002,4,gaussian,"(-0.5, 0.5)",15,0.10433435037954046,0.8333333333333334
[4],0.060000000000000005,0.0,0.0,0.05,0.9000000000000001,sigmoid,sgd,0.6000000000000001,4,gaussian,"(-0.1, 0.1)",15,0.027191007672412115,0.9583333333333334
[4],0.060000000000000005,0.0,0.0,0.05,0.9000000000000001,sigmoid,sgd,0.6000000000000001,4,gaussian,"(-0.5, 0.5)",15,0.04397759102780524,0.9583333333333334
[4],0.060000000000000005,0.0,0.0,0.05,0.8500000000000001,sigmoid,sgd,0.6000000000000001,4,gaussian,"(-0.1, 0.1)",15,0.05364464677790528,0.9583333333333334
[4],0.060000000000000005,0.0,0.0,0.05,0.8500000000000001,sigmoid,sgd,0.6000000000000001,4,gaussian,"(-0.5, 0.5)",15,0.0893482367924648,0.875
[4],0.060000000000000005,0.0,0.0,0.05,0.8500000000000001,sigmoid,sgd,0.55,4,gaussian,"(-0.1, 0.1)",15,0.04674139883638396,0.9583333333333334
[4],0.060000000000000005,0.0,0.0,0.05,0.8500000000000001,sigmoid,sgd,0.55,4,gaussian,"(-0.5, 0.5)",15,0.08311365723550686,0.875
[4],0.060000000000000005,0.0,0.0,0.05,0.8500000000000001,sigmoid,sgd,0.8500000000000003,4,gaussian,"(-0.1, 0.1)",15,0.08788413614658767,0.9583333333333334
[4],0.060000000000000005,0.0,0.0,0.05,0.8500000000000001,sigmoid,sgd,0.8500000000000003,4,gaussian,"(-0.5, 0.5)",15,0.11003483413602781,0.75
[4],0.060000000000000005,0.0,0.0,0.05,0.8500000000000001,sigmoid,sgd,0.7500000000000002,4,gaussian,"(-0.1, 0.1)",15,0.07525511399920648,0.9583333333333334
[4],0.060000000000000005,0.0,0.0,0.05,0.8500000000000001,sigmoid,sgd,0.7500000000000002,4,gaussian,"(-0.5, 0.5)",15,0.10341727373272229,0.8333333333333334
[4],0.060000000000000005,0.0,0.0,0.15000000000000002,0.9000000000000001,sigmoid,sgd,0.6000000000000001,4,gaussian,"(-0.1, 0.1)",15,0.031905388169941394,0.9583333333333334
[4],0.060000000000000005,0.0,0.0,0.15000000000000002,0.9000000000000001,sigmoid,sgd,0.6000000000000001,4,gaussian,"(-0.5, 0.5)",15,0.04736322986228845,0.9583333333333334
[4],0.060000000000000005,0.0,0.0,0.15000000000000002,0.8500000000000001,sigmoid,sgd,0.6000000000000001,4,gaussian,"(-0.1, 0.1)",15,0.07162581318238802,0.9583333333333334
[4],0.060000000000000005,0.0,0.0,0.15000000000000002,0.8500000000000001,sigmoid,sgd,0.6000000000000001,4,gaussian,"(-0.5, 0.5)",15,0.09096710438655971,0.875
[4],0.060000000000000005,0.0,0.0,0.15000000000000002,0.8500000000000001,sigmoid,sgd,0.8500000000000003,4,gaussian,"(-0.1, 0.1)",15,0.10253772848157539,0.9583333333333334
[4],0.060000000000000005,0.0,0.0,0.15000000000000002,0.8500000000000001,sigmoid,sgd,0.8500000000000003,4,gaussian,"(-0.5, 0.5)",15,0.11063767094220756,0.75
[3],0.060000000000000005,0.0,0.0,0.1,0.9000000000000001,sigmoid,sgd,0.6000000000000001,4,gaussian,"(-0.1, 0.1)",15,0.0325872659494211,0.9583333333333334
[3],0.060000000000000005,0.0,0.0,0.1,0.9000000000000001,sigmoid,sgd,0.6000000000000001,4,gaussian,"(-0.5, 0.5)",15,0.07743607343446485,0.7916666666666666
[3],0.060000000000000005,0.0,0.0,0.1,0.9000000000000001,sigmoid,sgd,0.8500000000000003,4,gaussian,"(-0.1, 0.1)",15,0.05295557694319103,0.9583333333333334
[3],0.060000000000000005,0.0,0.0,0.1,0.9000000000000001,sigmoid,sgd,0.8500000000000003,4,gaussian,"(-0.5, 0.5)",15,0.11510167451059829,0.625
[3],0.060000000000000005,0.0,0.0,0.1,0.9000000000000001,sigmoid,sgd,0.7500000000000002,4,gaussian,"(-0.1, 0.1)",15,0.043474401010885004,0.9583333333333334
[3],0.060000000000000005,0.0,0.0,0.1,0.9000000000000001,sigmoid,sgd,0.7500000000000002,4,gaussian,"(-0.5, 0.5)",15,0.10568518373020953,0.6666666666666666
[3],0.060000000000000005,0.0,0.0,0.1,0.8500000000000001,sigmoid,sgd,0.6000000000000001,4,gaussian,"(-0.1, 0.1)",15,0.07912257492898163,0.9583333333333334
[3],0.060000000000000005,0.0,0.0,0.1,0.8500000000000001,sigmoid,sgd,0.6000000000000001,4,gaussian,"(-0.5, 0.5)",15,0.12159422565581131,0.5416666666666666
[3],0.060000000000000005,0.0,0.0,0.1,0.8500000000000001,sigmoid,sgd,0.8500000000000003,4,gaussian,"(-0.1, 0.1)",15,0.11235358998003193,0.5
[3],0.060000000000000005,0.0,0.0,0.1,0.8500000000000001,sigmoid,sgd,0.8500000000000003,4,gaussian,"(-0.5, 0.5)",15,0.125400078011503,0.375
[3],0.060000000000000005,0.0,0.0,0.1,0.8500000000000001,sigmoid,sgd,0.7500000000000002,4,gaussian,"(-0.1, 0.1)",15,0.10301028501734615,0.7916666666666666
[3],0.060000000000000005,0.0,0.0,0.1,0.8500000000000001,sigmoid,sgd,0.7500000000000002,4,gaussian,"(-0.5, 0.5)",15,0.12460918758370844,0.4166666666666667
[3],0.060000000000000005,0.0,0.0,0.05,0.9000000000000001,sigmoid,sgd,0.6000000000000001,4,gaussian,"(-0.1, 0.1)",15,0.05728266995057702,0.9583333333333334
[3],0.060000000000000005,0.0,0.0,0.05,0.9000000000000001,sigmoid,sgd,0.6000000000000001,4,gaussian,"(-0.5, 0.5)",15,0.07084162831058395,0.8333333333333334
[3],0.060000000000000005,0.0,0.0,0.05,0.8500000000000001,sigmoid,sgd,0.6000000000000001,4,gaussian,"(-0.1, 0.1)",15,0.10606226970432857,0.6666666666666666
[3],0.060000000000000005,0.0,0.0,0.05,0.8500000000000001,sigmoid,sgd,0.6000000000000001,4,gaussian,"(-0.5, 0.5)",15,0.12024437743722283,0.625
[3],0.060000000000000005,0.0,0.0,0.05,0.8500000000000001,sigmoid,sgd,0.55,4,gaussian,"(-0.1, 0.1)",15,0.09977232246546186,0.7916666666666666
[3],0.060000000000000005,0.0,0.0,0.05,0.8500000000000001,sigmoid,sgd,0.55,4,gaussian,"(-0.5, 0.5)",15,0.11735211997342576,0.625
[3],0.060000000000000005,0.0,0.0,0.05,0.8500000000000001,sigmoid,sgd,0.8500000000000003,4,gaussian,"(-0.1, 0.1)",15,0.12189157366814475,0.375
[3],0.060000000000000005,0.0,0.0,0.05,0.8500000000000001,sigmoid,sgd,0.8500000000000003,4,gaussian,"(-0.5, 0.5)",15,0.12498218980378521,0.4166666666666667
[3],0.060000000000000005,0.0,0.0,0.05,0.8500000000000001,sigmoid,sgd,0.7500000000000002,4,gaussian,"(-0.1, 0.1)",15,0.11778581719122581,0.4583333333333333
[3],0.060000000000000005,0.0,0.0,0.05,0.8500000000000001,sigmoid,sgd,0.7500000000000002,4,gaussian,"(-0.5, 0.5)",15,0.12400348828033496,0.5
[3],0.060000000000000005,0.0,0.0,0.15000000000000002,0.9000000000000001,sigmoid,sgd,0.6000000000000001,4,gaussian,"(-0.1, 0.1)",15,0.04059537009271716,0.9583333333333334
[3],0.060000000000000005,0.0,0.0,0.15000000000000002,0.9000000000000001,sigmoid,sgd,0.6000000000000001,4,gaussian,"(-0.5, 0.5)",15,0.07816429016013972,0.7916666666666666
[3],0.060000000000000005,0.0,0.0,0.15000000000000002,0.8500000000000001,sigmoid,sgd,0.6000000000000001,4,gaussian,"(-0.1, 0.1)",15,0.0955850951208874,0.875
[3],0.060000000000000005,0.0,0.0,0.15000000000000002,0.8500000000000001,sigmoid,sgd,0.6000000000000001,4,gaussian,"(-0.5, 0.5)",15,0.12117181522272856,0.5416666666666666
[3],0.060000000000000005,0.0,0.0,0.15000000000000002,0.8500000000000001,sigmoid,sgd,0.8500000000000003,4,gaussian,"(-0.1, 0.1)",15,0.119373487888778,0.4583333333333333
[3],0.060000000000000005,0.0,0.0,0.15000000000000002,0.8500000000000001,sigmoid,sgd,0.8500000000000003,4,gaussian,"(-0.5, 0.5)",15,0.12526031030246718,0.4166666666666667
[4],0.060000000000000005,0.0,0.0,0.0,0.9000000000000001,sigmoid,sgd,0.8000000000000003,4,gaussian,"(-0.1, 0.1)",15,0.06779333589389708,0.875
[4],0.060000000000000005,0.0,0.0,0.0,0.9000000000000001,sigmoid,sgd,0.8000000000000003,4,gaussian,"(-0.5, 0.5)",15,0.10584556309068192,0.4583333333333333
[4],0.060000000000000005,0.0,0.0,0.0,0.9000000000000001,sigmoid,sgd,0.6000000000000001,4,gaussian,"(-0.1, 0.1)",15,0.061388949033925805,0.875
[4],0.060000000000000005,0.0,0.0,0.0,0.9000000000000001,sigmoid,sgd,0.6000000000000001,4,gaussian,"(-0.5, 0.5)",15,0.0968259885448088,0.875
[4],0.060000000000000005,0.0,0.0,0.0,0.8500000000000001,sigmoid,sgd,0.8000000000000003,4,gaussian,"(-0.1, 0.1)",15,0.10074212029192824,0.8333333333333334
[4],0.060000000000000005,0.0,0.0,0.0,0.8500000000000001,sigmoid,sgd,0.8000000000000003,4,gaussian,"(-0.5, 0.5)",15,0.11672763027284695,0.375
[4],0.060000000000000005,0.0,0.0,0.0,0.8500000000000001,sigmoid,sgd,0.6000000000000001,4,gaussian,"(-0.1, 0.1)",15,0.07958452150585464,0.875
[4],0.060000000000000005,0.0,0.0,0.0,0.8500000000000001,sigmoid,sgd,0.6000000000000001,4,gaussian,"(-0.5, 0.5)",15,0.10957318244650321,0.4166666666666667
[4],0.060000000000000005,0.0,0.0,0.1,0.9000000000000001,sigmoid,sgd,0.8000000000000003,4,gaussian,"(-0.1, 0.1)",15,0.10385508492456773,0.8333333333333334
[4],0.060000000000000005,0.0,0.0,0.1,0.9000000000000001,sigmoid,sgd,0.8000000000000003,4,gaussian,"(-0.5, 0.5)",15,0.10562351391066498,0.4583333333333333
[4],0.060000000000000005,0.0,0.0,0.1,0.9000000000000001,sigmoid,sgd,0.6500000000000001,4,gaussian,"(-0.1, 0.1)",15,0.09606136168251649,0.8333333333333334
[4],0.060000000000000005,0.0,0.0,0.1,0.9000000000000001,sigmoid,sgd,0.6500000000000001,4,gaussian,"(-0.5, 0.5)",15,0.0999244763925768,0.8333333333333334
[4],0.060000000000000005,0.0,0.0,0.1,0.8500000000000001,sigmoid,sgd,0.8000000000000003,4,gaussian,"(-0.1, 0.1)",15,0.11574178720164212,0.375
[4],0.060000000000000005,0.0,0.0,0.1,0.8500000000000001,sigmoid,sgd,0.8000000000000003,4,gaussian,"(-0.5, 0.5)",15,0.11633413204375213,0.375
[4],0.060000000000000005,0.0,0.0,0.1,0.8500000000000001,sigmoid,sgd,0.6500000000000001,4,gaussian,"(-0.1, 0.1)",15,0.10749119798462381,0.5416666666666666
[4],0.060000000000000005,0.0,0.0,0.1,0.8500000000000001,sigmoid,sgd,0.6500000000000001,4,gaussian,"(-0.5, 0.5)",15,0.11097546417269111,0.375
[4],0.060000000000000005,0.0,0.0,0.15000000000000002,0.9000000000000001,sigmoid,sgd,0.8000000000000003,4,gaussian,"(-0.1, 0.1)",15,0.10193639469437721,0.8333333333333334
[4],0.060000000000000005,0.0,0.0,0.15000000000000002,0.9000000000000001,sigmoid,sgd,0.8000000000000003,4,gaussian,"(-0.5, 0.5)",15,0.10631365432931456,0.4583333333333333
[4],0.060000000000000005,0.0,0.0,0.15000000000000002,0.8500000000000001,sigmoid,sgd,0.8000000000000003,4,gaussian,"(-0.1, 0.1)",15,0.11822863856358708,0.375
[4],0.060000000000000005,0.0,0.0,0.15000000000000002,0.8500000000000001,sigmoid,sgd,0.8000000000000003,4,gaussian,"(-0.5, 0.5)",15,0.11656066890218823,0.375
[3],0.060000000000000005,0.0,0.0,0.0,0.9000000000000001,sigmoid,sgd,0.8000000000000003,4,gaussian,"(-0.1, 0.1)",15,0.07602786463826296,0.875
[3],0.060000000000000005,0.0,0.0,0.0,0.9000000000000001,sigmoid,sgd,0.8000000000000003,4,gaussian,"(-0.5, 0.5)",15,0.10421015659492709,0.5833333333333334
[3],0.060000000000000005,0.0,0.0,0.0,0.9000000000000001,sigmoid,sgd,0.6000000000000001,4,gaussian,"(-0.1, 0.1)",15,0.06356970940237523,0.875
[3],0.060000000000000005,0.0,0.0,0.0,0.9000000000000001,sigmoid,sgd,0.6000000000000001,4,gaussian,"(-0.5, 0.5)",15,0.0812157506530456,0.8333333333333334
[3],0.060000000000000005,0.0,0.0,0.0,0.8500000000000001,sigmoid,sgd,0.8000000000000003,4,gaussian,"(-0.1, 0.1)",15,0.11535871348337563,0.375
[3],0.060000000000000005,0.0,0.0,0.0,0.8500000000000001,sigmoid,sgd,0.8000000000000003,4,gaussian,"(-0.5, 0.5)",15,0.12500384374690424,0.4583333333333333
[3],0.060000000000000005,0.0,0.0,0.0,0.8500000000000001,sigmoid,sgd,0.6000000000000001,4,gaussian,"(-0.1, 0.1)",15,0.09656095747293016,0.7916666666666666
[3],0.060000000000000005,0.0,0.0,0.0,0.8500000000000001,sigmoid,sgd,0.6000000000000001,4,gaussian,"(-0.5, 0.5)",15,0.11938308242417889,0.5
[3],0.060000000000000005,0.0,0.0,0.1,0.9000000000000001,sigmoid,sgd,0.8000000000000003,4,gaussian,"(-0.1, 0.1)",15,0.07029722313728291,0.875
[3],0.060000000000000005,0.0,0.0,0.1,0.9000000000000001,sigmoid,sgd,0.8000000000000003,4,gaussian,"(-0.5, 0.5)",15,0.11320172173167407,0.5833333333333334
[3],0.060000000000000005,0.0,0.0,0.1,0.9000000000000001,sigmoid,sgd,0.6500000000000001,4,gaussian,"(-0.1, 0.1)",15,0.06294173865774562,0.875
[3],0.060000000000000005,0.0,0.0,0.1,0.9000000000000001,sigmoid,sgd,0.6500000000000001,4,gaussian,"(-0.5, 0.5)",15,0.09896855116695706,0.6666666666666666
[3],0.060000000000000005,0.0,0.0,0.1,0.8500000000000001,sigmoid,sgd,0.8000000000000003,4,gaussian,"(-0.1, 0.1)",15,0.11840191805071261,0.375
[3],0.060000000000000005,0.0,0.0,0.1,0.8500000000000001,sigmoid,sgd,0.8000000000000003,4,gaussian,"(-0.5, 0.5)",15,0.12629433531518877,0.4583333333333333
[3],0.060000000000000005,0.0,0.0,0.1,0.8500000000000001,sigmoid,sgd,0.6500000000000001,4,gaussian,"(-0.1, 0.1)",15,0.10447198860438896,0.8333333333333334
[3],0.060000000000000005,0.0,0.0,0.1,0.8500000000000001,sigmoid,sgd,0.6500000000000001,4,gaussian,"(-0.5, 0.5)",15,0.12414935588505478,0.5
[3],0.060000000000000005,0.0,0.0,0.15000000000000002,0.9000000000000001,sigmoid,sgd,0.8000000000000003,4,gaussian,"(-0.1, 0.1)",15,0.0686799217548988,0.875
[3],0.060000000000000005,0.0,0.0,0.15000000000000002,0.9000000000000001,sigmoid,sgd,0.8000000000000003,4,gaussian,"(-0.5, 0.5)",15,0.11241969350053001,0.5833333333333334
[3],0.060000000000000005,0.0,0.0,0.15000000000000002,0.8500000000000001,sigmoid,sgd,0.8000000000000003,4,gaussian,"(-0.1, 0.1)",15,0.11513601260553312,0.5
[3],0.060000000000000005,0.0,0.0,0.15000000000000002,0.8500000000000001,sigmoid,sgd,0.8000000000000003,4,gaussian,"(-0.5, 0.5)",15,0.1261045448415344,0.4583333333333333
[3],0.09,0.0,0.0,0.25,0.9000000000000001,sigmoid,sgd,0.6000000000000001,8,gaussian,"(-0.1, 0.1)",15,0.06748754470580556,0.92
[3],0.09,0.0,0.0,0.25,0.9000000000000001,sigmoid,sgd,0.6000000000000001,10,gaussian,"(-0.1, 0.1)",15,0.08681454128808905,0.88
[3],0.09,0.0,0.0,0.25,0.9000000000000001,sigmoid,sgd,0.55,8,gaussian,"(-0.1, 0.1)",15,0.06205922838903253,0.92
[3],0.09,0.0,0.0,0.25,0.9000000000000001,sigmoid,sgd,0.55,10,gaussian,"(-0.1, 0.1)",15,0.08081523765232505,0.92
[3],0.09,0.0,0.0,0.25,0.9000000000000001,sigmoid,sgd,0.7500000000000002,8,gaussian,"(-0.1, 0.1)",15,0.08342710026937328,0.88
[3],0.09,0.0,0.0,0.25,0.9000000000000001,sigmoid,sgd,0.7500000000000002,10,gaussian,"(-0.1, 0.1)",15,0.10112603155394233,0.84
[3],0.09,0.0,0.0,0.25,0.9000000000000001,sigmoid,sgd,0.8000000000000003,8,gaussian,"(-0.1, 0.1)",15,0.08821436536991327,0.88
[3],0.09,0.0,0.0,0.25,0.9000000000000001,sigmoid,sgd,0.8000000000000003,10,gaussian,"(-0.1, 0.1)",15,0.10465355396437123,0.84
[3],0.09,0.0,0.0,0.0,0.9000000000000001,sigmoid,sgd,0.6000000000000001,8,gaussian,"(-0.1, 0.1)",15,0.06302656118405384,0.92
[3],0.09,0.0,0.0,0.0,0.9000000000000001,sigmoid,sgd,0.6000000000000001,10,gaussian,"(-0.1, 0.1)",15,0.09622005854470334,0.88
[3],0.09,0.0,0.0,0.0,0.9000000000000001,sigmoid,sgd,0.55,8,gaussian,"(-0.1, 0.1)",15,0.0567792944788489,0.92
[3],0.09,0.0,0.0,0.0,0.9000000000000001,sigmoid,sgd,0.55,10,gaussian,"(-0.1, 0.1)",15,0.08900739946278416,0.88
[3],0.09,0.0,0.0,0.0,0.9000000000000001,sigmoid,sgd,0.7500000000000002,8,gaussian,"(-0.1, 0.1)",15,0.08227261055600751,0.92
[3],0.09,0.0,0.0,0.0,0.9000000000000001,sigmoid,sgd,0.7500000000000002,10,gaussian,"(-0.1, 0.1)",15,0.11047587994646993,0.76
[3],0.09,0.0,0.0,0.0,0.9000000000000001,sigmoid,sgd,0.8000000000000003,8,gaussian,"(-0.1, 0.1)",15,0.08803494116295163,0.92
[3],0.09,0.0,0.0,0.0,0.9000000000000001,sigmoid,sgd,0.8000000000000003,10,gaussian,"(-0.1, 0.1)",15,0.11330598783456787,0.76
[3],0.09,0.0,0.0,0.15000000000000002,0.9000000000000001,sigmoid,sgd,0.6000000000000001,8,gaussian,"(-0.1, 0.1)",15,0.092763622861302,0.84
[3],0.09,0.0,0.0,0.15000000000000002,0.9000000000000001,sigmoid,sgd,0.6000000000000001,10,gaussian,"(-0.1, 0.1)",15,0.11695123564039552,0.8
[3],0.09,0.0,0.0,0.15000000000000002,0.9000000000000001,sigmoid,sgd,0.55,8,gaussian,"(-0.1, 0.1)",15,0.08466608689523657,0.92
[3],0.09,0.0,0.0,0.15000000000000002,0.9000000000000001,sigmoid,sgd,0.55,10,gaussian,"(-0.1, 0.1)",15,0.11314551736813425,0.8
[3],0.09,0.0,0.0,0.15000000000000002,0.9000000000000001,sigmoid,sgd,0.7500000000000002,8,gaussian,"(-0.1, 0.1)",15,0.10980562519666162,0.76
[3],0.09,0.0,0.0,0.15000000000000002,0.9000000000000001,sigmoid,sgd,0.7500000000000002,10,gaussian,"(-0.1, 0.1)",15,0.12210910896351646,0.68
[3],0.09,0.0,0.0,0.15000000000000002,0.9000000000000001,sigmoid,sgd,0.8000000000000003,8,gaussian,"(-0.1, 0.1)",15,0.113152030227537,0.68
[3],0.09,0.0,0.0,0.15000000000000002,0.9000000000000001,sigmoid,sgd,0.8000000000000003,10,gaussian,"(-0.1, 0.1)",15,0.12284071650991164,0.64
[3],0.08,0.0,0.0,0.25,0.9000000000000001,sigmoid,sgd,0.6000000000000001,8,gaussian,"(-0.1, 0.1)",15,0.07907291087173773,0.92
[3],0.08,0.0,0.0,0.25,0.9000000000000001,sigmoid,sgd,0.6000000000000001,10,gaussian,"(-0.1, 0.1)",15,0.09809615576213672,0.84
[3],0.08,0.0,0.0,0.25,0.9000000000000001,sigmoid,sgd,0.55,8,gaussian,"(-0.1, 0.1)",15,0.07285012146171693,0.92
[3],0.08,0.0,0.0,0.25,0.9000000000000001,sigmoid,sgd,0.55,10,gaussian,"(-0.1, 0.1)",15,0.09258680988799478,0.88
[3],0.08,0.0,0.0,0.25,0.9000000000000001,sigmoid,sgd,0.7500000000000002,8,gaussian,"(-0.1, 0.1)",15,0.09524349098887741,0.84
[3],0.08,0.0,0.0,0.25,0.9000000000000001,sigmoid,sgd,0.7500000000000002,10,gaussian,"(-0.1, 0.1)",15,0.10967909150053366,0.8
[3],0.08,0.0,0.0,0.25,0.9000000000000001,sigmoid,sgd,0.8000000000000003,8,gaussian,"(-0.1, 0.1)",15,0.09954712372448457,0.84
[3],0.08,0.0,0.0,0.25,0.9000000000000001,sigmoid,sgd,0.8000000000000003,10,gaussian,"(-0.1, 0.1)",15,0.11220109232921668,0.8
[3],0.08,0.0,0.0,0.0,0.9000000000000001,sigmoid,sgd,0.6000000000000001,8,gaussian,"(-0.1, 0.1)",15,0.07751930813141236,0.92
[3],0.08,0.0,0.0,0.0,0.9000000000000001,sigmoid,sgd,0.6000000000000001,10,gaussian,"(-0.1, 0.1)",15,0.10780285339253906,0.76
[3],0.08,0.0,0.0,0.0,0.9000000000000001,sigmoid,sgd,0.55,8,gaussian,"(-0.1, 0.1)",15,0.06989373931410724,0.92
[3],0.08,0.0,0.0,0.0,0.9000000000000001,sigmoid,sgd,0.55,10,gaussian,"(-0.1, 0.1)",15,0.10245006973226742,0.8
[3],0.08,0.0,0.0,0.0,0.9000000000000001,sigmoid,sgd,0.7500000000000002,8,gaussian,"(-0.1, 0.1)",15,0.09684093158581225,0.92
[3],0.08,0.0,0.0,0.0,0.9000000000000001,sigmoid,sgd,0.7500000000000002,10,gaussian,"(-0.1, 0.1)",15,0.11688642542305257,0.76
[3],0.08,0.0,0.0,0.0,0.9000000000000001,sigmoid,sgd,0.8000000000000003,8,gaussian,"(-0.1, 0.1)",15,0.10164174409286503,0.84
[3],0.08,0.0,0.0,0.0,0.9000000000000001,sigmoid,sgd,0.8000000000000003,10,gaussian,"(-0.1, 0.1)",15,0.11849650394090645,0.76
[3],0.08,0.0,0.0,0.15000000000000002,0.9000000000000001,sigmoid,sgd,0.6000000000000001,8,gaussian,"(-0.1, 0.1)",15,0.1067508844372469,0.8
[3],0.08,0.0,0.0,0.15000000000000002,0.9000000000000001,sigmoid,sgd,0.6000000000000001,10,gaussian,"(-0.1, 0.1)",15,0.12032312844727079,0.72
[3],0.08,0.0,0.0,0.15000000000000002,0.9000000000000001,sigmoid,sgd,0.55,8,gaussian,"(-0.1, 0.1)",15,0.10035339795673921,0.84
[3],0.08,0.0,0.0,0.15000000000000002,0.9000000000000001,sigmoid,sgd,0.55,10,gaussian,"(-0.1, 0.1)",15,0.11813743927367464,0.8
[3],0.08,0.0,0.0,0.15000000000000002,0.9000000000000001,sigmoid,sgd,0.7500000000000002,8,gaussian,"(-0.1, 0.1)",15,0.11729983050682803,0.56
[3],0.08,0.0,0.0,0.15000000000000002,0.9000000000000001,sigmoid,sgd,0.7500000000000002,10,gaussian,"(-0.1, 0.1)",15,0.1232209920878164,0.68
[3],0.08,0.0,0.0,0.15000000000000002,0.9000000000000001,sigmoid,sgd,0.8000000000000003,8,gaussian,"(-0.1, 0.1)",15,0.11904825206852068,0.56
[3],0.08,0.0,0.0,0.15000000000000002,0.9000000000000001,sigmoid,sgd,0.8000000000000003,10,gaussian,"(-0.1, 0.1)",15,0.12364200246107092,0.68
[4],0.09,0.0,0.0,0.25,0.9000000000000001,sigmoid,sgd,0.6000000000000001,8,gaussian,"(-0.1, 0.1)",15,0.09363042288094105,0.76
[4],0.09,0.0,0.0,0.25,0.9000000000000001,sigmoid,sgd,0.6000000000000001,10,gaussian,"(-0.1, 0.1)",15,0.11561246179442465,0.52
[4],0.09,0.0,0.0,0.25,0.9000000000000001,sigmoid,sgd,0.55,8,gaussian,"(-0.1, 0.1)",15,0.08998284600026189,0.84
[4],0.09,0.0,0.0,0.25,0.9000000000000001,sigmoid,sgd,0.55,10,gaussian,"(-0.1, 0.1)",15,0.1135797465929667,0.52
[4],0.09,0.0,0.0,0.25,0.9000000000000001,sigmoid,sgd,0.7500000000000002,8,gaussian,"(-0.1, 0.1)",15,0.10210597993631634,0.6
[4],0.09,0.0,0.0,0.25,0.9000000000000001,sigmoid,sgd,0.7500000000000002,10,gaussian,"(-0.1, 0.1)",15,0.1193044984501416,0.52
[4],0.09,0.0,0.0,0.25,0.9000000000000001,sigmoid,sgd,0.8000000000000003,8,gaussian,"(-0.1, 0.1)",15,0.10427875440410657,0.56
[4],0.09,0.0,0.0,0.25,0.9000000000000001,sigmoid,sgd,0.8000000000000003,10,gaussian,"(-0.1, 0.1)",15,0.12004703060123692,0.52
[4],0.09,0.0,0.0,0.0,0.9000000000000001,sigmoid,sgd,0.6000000000000001,8,gaussian,"(-0.1, 0.1)",15,0.06872407185741777,0.92
[4],0.09,0.0,0.0,0.0,0.9000000000000001,sigmoid,sgd,0.6000000000000001,10,gaussian,"(-0.1, 0.1)",15,0.09413874380673279,0.92
[4],0.09,0.0,0.0,0.0,0.9000000000000001,sigmoid,sgd,0.55,8,gaussian,"(-0.1, 0.1)",15,0.06188403525127734,0.92
[4],0.09,0.0,0.0,0.0,0.9000000000000001,sigmoid,sgd,0.55,10,gaussian,"(-0.1, 0.1)",15,0.087488631365828,0.92
[4],0.09,0.0,0.0,0.0,0.9000000000000001,sigmoid,sgd,0.7500000000000002,8,gaussian,"(-0.1, 0.1)",15,0.0882451866382311,0.92
[4],0.09,0.0,0.0,0.0,0.9000000000000001,sigmoid,sgd,0.7500000000000002,10,gaussian,"(-0.1, 0.1)",15,0.10749008653784553,0.76
[4],0.09,0.0,0.0,0.0,0.9000000000000001,sigmoid,sgd,0.8000000000000003,8,gaussian,"(-0.1, 0.1)",15,0.09342970791206992,0.88
[4],0.09,0.0,0.0,0.0,0.9000000000000001,sigmoid,sgd,0.8000000000000003,10,gaussian,"(-0.1, 0.1)",15,0.1102185182243791,0.6
[4],0.09,0.0,0.0,0.15000000000000002,0.9000000000000001,sigmoid,sgd,0.6000000000000001,8,gaussian,"(-0.1, 0.1)",15,0.07885613678243336,0.92
[4],0.09,0.0,0.0,0.15000000000000002,0.9000000000000001,sigmoid,sgd,0.6000000000000001,10,gaussian,"(-0.1, 0.1)",15,0.09647403057687386,0.92
[4],0.09,0.0,0.0,0.15000000000000002,0.9000000000000001,sigmoid,sgd,0.55,8,gaussian,"(-0.1, 0.1)",15,0.07180932399956017,0.92
[4],0.09,0.0,0.0,0.15000000000000002,0.9000000000000001,sigmoid,sgd,0.55,10,gaussian,"(-0.1, 0.1)",15,0.09011310748522576,0.92
[4],0.09,0.0,0.0,0.15000000000000002,0.9000000000000001,sigmoid,sgd,0.7500000000000002,8,gaussian,"(-0.1, 0.1)",15,0.09458498901581461,0.8
[4],0.09,0.0,0.0,0.15000000000000002,0.9000000000000001,sigmoid,sgd,0.7500000000000002,10,gaussian,"(-0.1, 0.1)",15,0.10895641940308182,0.84
[4],0.09,0.0,0.0,0.15000000000000002,0.9000000000000001,sigmoid,sgd,0.8000000000000003,8,gaussian,"(-0.1, 0.1)",15,0.09812590848502774,0.8
[4],0.09,0.0,0.0,0.15000000000000002,0.9000000000000001,sigmoid,sgd,0.8000000000000003,10,gaussian,"(-0.1, 0.1)",15,0.11148140939384922,0.6
[4],0.08,0.0,0.0,0.25,0.9000000000000001,sigmoid,sgd,0.6000000000000001,8,gaussian,"(-0.1, 0.1)",15,0.10063883535029612,0.68
[4],0.08,0.0,0.0,0.25,0.9000000000000001,sigmoid,sgd,0.6000000000000001,10,gaussian,"(-0.1, 0.1)",15,0.11869612727834011,0.52
[4],0.08,0.0,0.0,0.25,0.9000000000000001,sigmoid,sgd,0.55,8,gaussian,"(-0.1, 0.1)",15,0.09731946487353424,0.72
[4],0.08,0.0,0.0,0.25,0.9000000000000001,sigmoid,sgd,0.55,10,gaussian,"(-0.1, 0.1)",15,0.11732030415241193,0.52
[4],0.08,0.0,0.0,0.25,0.9000000000000001,sigmoid,sgd,0.7500000000000002,8,gaussian,"(-0.1, 0.1)",15,0.10801229565922357,0.52
[4],0.08,0.0,0.0,0.25,0.9000000000000001,sigmoid,sgd,0.7500000000000002,10,gaussian,"(-0.1, 0.1)",15,0.12111539355145187,0.52
[4],0.08,0.0,0.0,0.25,0.9000000000000001,sigmoid,sgd,0.8000000000000003,8,gaussian,"(-0.1, 0.1)",15,0.10981416220164322,0.52
[4],0.08,0.0,0.0,0.25,0.9000000000000001,sigmoid,sgd,0.8000000000000003,10,gaussian,"(-0.1, 0.1)",15,0.12159308463879252,0.52
[4],0.08,0.0,0.0,0.0,0.9000000000000001,sigmoid,sgd,0.6000000000000001,8,gaussian,"(-0.1, 0.1)",15,0.08104264620558639,0.92
[4],0.08,0.0,0.0,0.0,0.9000000000000001,sigmoid,sgd,0.6000000000000001,10,gaussian,"(-0.1, 0.1)",15,0.10428814858530455,0.8
[4],0.08,0.0,0.0,0.0,0.9000000000000001,sigmoid,sgd,0.55,8,gaussian,"(-0.1, 0.1)",15,0.07343856721303149,0.92
[4],0.08,0.0,0.0,0.0,0.9000000000000001,sigmoid,sgd,0.55,10,gaussian,"(-0.1, 0.1)",15,0.09914101592645061,0.88
[4],0.08,0.0,0.0,0.0,0.9000000000000001,sigmoid,sgd,0.7500000000000002,8,gaussian,"(-0.1, 0.1)",15,0.09880440786518989,0.8
[4],0.08,0.0,0.0,0.0,0.9000000000000001,sigmoid,sgd,0.7500000000000002,10,gaussian,"(-0.1, 0.1)",15,0.11344081687250003,0.52
[4],0.08,0.0,0.0,0.0,0.9000000000000001,sigmoid,sgd,0.8000000000000003,8,gaussian,"(-0.1, 0.1)",15,0.10279123780195194,0.8
[4],0.08,0.0,0.0,0.0,0.9000000000000001,sigmoid,sgd,0.8000000000000003,10,gaussian,"(-0.1, 0.1)",15,0.11519660057720986,0.52
[4],0.08,0.0,0.0,0.15000000000000002,0.9000000000000001,sigmoid,sgd,0.6000000000000001,8,gaussian,"(-0.1, 0.1)",15,0.09002485614851649,0.88
[4],0.08,0.0,0.0,0.15000000000000002,0.9000000000000001,sigmoid,sgd,0.6000000000000001,10,gaussian,"(-0.1, 0.1)",15,0.10598872704650544,0.8
[4],0.08,0.0,0.0,0.15000000000000002,0.9000000000000001,sigmoid,sgd,0.55,8,gaussian,"(-0.1, 0.1)",15,0.08378977605281993,0.92
[4],0.08,0.0,0.0,0.15000000000000002,0.9000000000000001,sigmoid,sgd,0.55,10,gaussian,"(-0.1, 0.1)",15,0.1011932500614343,0.88
[4],0.08,0.0,0.0,0.15000000000000002,0.9000000000000001,sigmoid,sgd,0.7500000000000002,8,gaussian,"(-0.1, 0.1)",15,0.10240662042142704,0.8
[4],0.08,0.0,0.0,0.15000000000000002,0.9000000000000001,sigmoid,sgd,0.7500000000000002,10,gaussian,"(-0.1, 0.1)",15,0.11445899066797267,0.52
[4],0.08,0.0,0.0,0.15000000000000002,0.9000000000000001,sigmoid,sgd,0.8000000000000003,8,gaussian,"(-0.1, 0.1)",15,0.10515025078738008,0.6
[4],0.08,0.0,0.0,0.15000000000000002,0.9000000000000001,sigmoid,sgd,0.8000000000000003,10,gaussian,"(-0.1, 0.1)",15,0.1160782823815735,0.52
[4],0.09,0.0,0.0,0.1,0.9000000000000001,sigmoid,sgd,0.55,8,gaussian,"(-0.1, 0.1)",15,0.06635435492426942,0.96
[4],0.09,0.0,0.0,0.1,0.9000000000000001,sigmoid,sgd,0.55,10,gaussian,"(-0.1, 0.1)",15,0.10121142279090567,0.72
[4],0.09,0.0,0.0,0.1,0.9000000000000001,sigmoid,sgd,0.6000000000000001,8,gaussian,"(-0.1, 0.1)",15,0.0733373398573261,0.96
[4],0.09,0.0,0.0,0.1,0.9000000000000001,sigmoid,sgd,0.6000000000000001,10,gaussian,"(-0.1, 0.1)",15,0.10643774885099226,0.6
[4],0.09,0.0,0.0,0.1,0.9000000000000001,sigmoid,sgd,0.8000000000000003,8,gaussian,"(-0.1, 0.1)",15,0.0964382202052047,0.92
[4],0.09,0.0,0.0,0.1,0.9000000000000001,sigmoid,sgd,0.8000000000000003,10,gaussian,"(-0.1, 0.1)",15,0.11745350327401344,0.48
[4],0.09,0.0,0.0,0.1,0.9000000000000001,sigmoid,sgd,0.7500000000000002,8,gaussian,"(-0.1, 0.1)",15,0.09159273093917981,0.96
[4],0.09,0.0,0.0,0.1,0.9000000000000001,sigmoid,sgd,0.7500000000000002,10,gaussian,"(-0.1, 0.1)",15,0.1156895214273152,0.48
[4],0.09,0.0,0.0,0.1,0.9000000000000001,sigmoid,sgd,0.6500000000000001,8,gaussian,"(-0.1, 0.1)",15,0.07997192813136449,0.96
[4],0.09,0.0,0.0,0.1,0.9000000000000001,sigmoid,sgd,0.6500000000000001,10,gaussian,"(-0.1, 0.1)",15,0.11040012573187193,0.48
[4],0.09,0.0,0.0,0.2,0.9000000000000001,sigmoid,sgd,0.55,8,gaussian,"(-0.1, 0.1)",15,0.08104497687067765,0.96
[4],0.09,0.0,0.0,0.2,0.9000000000000001,sigmoid,sgd,0.55,10,gaussian,"(-0.1, 0.1)",15,0.11097012789668645,0.48
[4],0.09,0.0,0.0,0.2,0.9000000000000001,sigmoid,sgd,0.6000000000000001,8,gaussian,"(-0.1, 0.1)",15,0.08828484891854865,0.96
[4],0.09,0.0,0.0,0.2,0.9000000000000001,sigmoid,sgd,0.6000000000000001,10,gaussian,"(-0.1, 0.1)",15,0.11382168132410707,0.48
[4],0.09,0.0,0.0,0.2,0.9000000000000001,sigmoid,sgd,0.8000000000000003,8,gaussian,"(-0.1, 0.1)",15,0.10674613697120623,0.56
[4],0.09,0.0,0.0,0.2,0.9000000000000001,sigmoid,sgd,0.8000000000000003,10,gaussian,"(-0.1, 0.1)",15,0.12015451748990304,0.48
[4],0.09,0.0,0.0,0.2,0.9000000000000001,sigmoid,sgd,0.7500000000000002,8,gaussian,"(-0.1, 0.1)",15,0.10347301843395307,0.64
[4],0.09,0.0,0.0,0.2,0.9000000000000001,sigmoid,sgd,0.7500000000000002,10,gaussian,"(-0.1, 0.1)",15,0.11909327422732276,0.48
[4],0.09,0.0,0.0,0.2,0.9000000000000001,sigmoid,sgd,0.6500000000000001,8,gaussian,"(-0.1, 0.1)",15,0.09443823232410482,0.88
[4],0.09,0.0,0.0,0.2,0.9000000000000001,sigmoid,sgd,0.6500000000000001,10,gaussian,"(-0.1, 0.1)",15,0.11602895118004136,0.48
[4],0.09,0.0,0.0,0.05,0.9000000000000001,sigmoid,sgd,0.55,8,gaussian,"(-0.1, 0.1)",15,0.05802027361472036,1.0
[4],0.09,0.0,0.0,0.05,0.9000000000000001,sigmoid,sgd,0.55,10,gaussian,"(-0.1, 0.1)",15,0.09315276725466438,0.96
[4],0.09,0.0,0.0,0.05,0.9000000000000001,sigmoid,sgd,0.6000000000000001,8,gaussian,"(-0.1, 0.1)",15,0.06416781189848232,1.0
[4],0.09,0.0,0.0,0.05,0.9000000000000001,sigmoid,sgd,0.6000000000000001,10,gaussian,"(-0.1, 0.1)",15,0.09938337342763362,0.8
[4],0.09,0.0,0.0,0.05,0.9000000000000001,sigmoid,sgd,0.8000000000000003,8,gaussian,"(-0.1, 0.1)",15,0.08654118874576704,0.92
[4],0.09,0.0,0.0,0.05,0.9000000000000001,sigmoid,sgd,0.8000000000000003,10,gaussian,"(-0.1, 0.1)",15,0.11421374431520162,0.48
[4],0.09,0.0,0.0,0.05,0.9000000000000001,sigmoid,sgd,0.7500000000000002,8,gaussian,"(-0.1, 0.1)",15,0.08149782321189795,0.92
[4],0.09,0.0,0.0,0.05,0.9000000000000001,sigmoid,sgd,0.7500000000000002,10,gaussian,"(-0.1, 0.1)",15,0.11173840605183091,0.56
[4],0.09,0.0,0.0,0.05,0.9000000000000001,sigmoid,sgd,0.6500000000000001,8,gaussian,"(-0.1, 0.1)",15,0.07022981397765898,0.96
[4],0.09,0.0,0.0,0.05,0.9000000000000001,sigmoid,sgd,0.6500000000000001,10,gaussian,"(-0.1, 0.1)",15,0.10449103401942754,0.72
[4],0.09,0.0,0.0,0.15000000000000002,0.9000000000000001,sigmoid,sgd,0.6500000000000001,8,gaussian,"(-0.1, 0.1)",15,0.08298887962218857,0.92
[4],0.09,0.0,0.0,0.15000000000000002,0.9000000000000001,sigmoid,sgd,0.6500000000000001,10,gaussian,"(-0.1, 0.1)",15,0.11257054868437726,0.48
[4],0.08,0.0,0.0,0.1,0.9000000000000001,sigmoid,sgd,0.55,8,gaussian,"(-0.1, 0.1)",15,0.07854389750584112,0.92
[4],0.08,0.0,0.0,0.1,0.9000000000000001,sigmoid,sgd,0.55,10,gaussian,"(-0.1, 0.1)",15,0.10925138822180636,0.56
[4],0.08,0.0,0.0,0.1,0.9000000000000001,sigmoid,sgd,0.6000000000000001,8,gaussian,"(-0.1, 0.1)",15,0.08562682205459116,0.96
[4],0.08,0.0,0.0,0.1,0.9000000000000001,sigmoid,sgd,0.6000000000000001,10,gaussian,"(-0.1, 0.1)",15,0.11296884909734993,0.48
[4],0.08,0.0,0.0,0.1,0.9000000000000001,sigmoid,sgd,0.8000000000000003,8,gaussian,"(-0.1, 0.1)",15,0.10577613868286147,0.64
[4],0.08,0.0,0.0,0.1,0.9000000000000001,sigmoid,sgd,0.8000000000000003,10,gaussian,"(-0.1, 0.1)",15,0.12035052133705734,0.48
[4],0.08,0.0,0.0,0.1,0.9000000000000001,sigmoid,sgd,0.7500000000000002,8,gaussian,"(-0.1, 0.1)",15,0.10196160256723216,0.8
[4],0.08,0.0,0.0,0.1,0.9000000000000001,sigmoid,sgd,0.7500000000000002,10,gaussian,"(-0.1, 0.1)",15,0.11920333355413833,0.48
[4],0.08,0.0,0.0,0.1,0.9000000000000001,sigmoid,sgd,0.6500000000000001,8,gaussian,"(-0.1, 0.1)",15,0.09192258208722741,0.96
[4],0.08,0.0,0.0,0.1,0.9000000000000001,sigmoid,sgd,0.6500000000000001,10,gaussian,"(-0.1, 0.1)",15,0.11568600930537976,0.48
[4],0.08,0.0,0.0,0.2,0.9000000000000001,sigmoid,sgd,0.55,8,gaussian,"(-0.1, 0.1)",15,0.09273337756856098,0.92
[4],0.08,0.0,0.0,0.2,0.9000000000000001,sigmoid,sgd,0.55,10,gaussian,"(-0.1, 0.1)",15,0.11540261976340936,0.48
[4],0.08,0.0,0.0,0.2,0.9000000000000001,sigmoid,sgd,0.6000000000000001,8,gaussian,"(-0.1, 0.1)",15,0.09874195945449848,0.72
[4],0.08,0.0,0.0,0.2,0.9000000000000001,sigmoid,sgd,0.6000000000000001,10,gaussian,"(-0.1, 0.1)",15,0.11754080981235784,0.48
[4],0.08,0.0,0.0,0.2,0.9000000000000001,sigmoid,sgd,0.8000000000000003,8,gaussian,"(-0.1, 0.1)",15,0.11259514089407403,0.48
[4],0.08,0.0,0.0,0.2,0.9000000000000001,sigmoid,sgd,0.8000000000000003,10,gaussian,"(-0.1, 0.1)",15,0.12200079876059265,0.48
[4],0.08,0.0,0.0,0.2,0.9000000000000001,sigmoid,sgd,0.7500000000000002,8,gaussian,"(-0.1, 0.1)",15,0.11018380854814228,0.48
[4],0.08,0.0,0.0,0.2,0.9000000000000001,sigmoid,sgd,0.7500000000000002,10,gaussian,"(-0.1, 0.1)",15,0.1212827838445321,0.48
[4],0.08,0.0,0.0,0.2,0.9000000000000001,sigmoid,sgd,0.6500000000000001,8,gaussian,"(-0.1, 0.1)",15,0.10346701412055834,0.64
[4],0.08,0.0,0.0,0.2,0.9000000000000001,sigmoid,sgd,0.6500000000000001,10,gaussian,"(-0.1, 0.1)",15,0.11914274133242779,0.48
[4],0.08,0.0,0.0,0.05,0.9000000000000001,sigmoid,sgd,0.55,8,gaussian,"(-0.1, 0.1)",15,0.0701761260391906,0.96
[4],0.08,0.0,0.0,0.05,0.9000000000000001,sigmoid,sgd,0.55,10,gaussian,"(-0.1, 0.1)",15,0.10397766167361741,0.72
[4],0.08,0.0,0.0,0.05,0.9000000000000001,sigmoid,sgd,0.6000000000000001,8,gaussian,"(-0.1, 0.1)",15,0.07695610129636837,0.96
[4],0.08,0.0,0.0,0.05,0.9000000000000001,sigmoid,sgd,0.6000000000000001,10,gaussian,"(-0.1, 0.1)",15,0.10875253059246968,0.64
[4],0.08,0.0,0.0,0.05,0.9000000000000001,sigmoid,sgd,0.8000000000000003,8,gaussian,"(-0.1, 0.1)",15,0.09848918152467785,0.92
[4],0.08,0.0,0.0,0.05,0.9000000000000001,sigmoid,sgd,0.8000000000000003,10,gaussian,"(-0.1, 0.1)",15,0.11859094821255764,0.48
[4],0.08,0.0,0.0,0.05,0.9000000000000001,sigmoid,sgd,0.7500000000000002,8,gaussian,"(-0.1, 0.1)",15,0.0940231759415408,0.96
[4],0.08,0.0,0.0,0.05,0.9000000000000001,sigmoid,sgd,0.7500000000000002,10,gaussian,"(-0.1, 0.1)",15,0.11705722729321817,0.48
[4],0.08,0.0,0.0,0.05,0.9000000000000001,sigmoid,sgd,0.6500000000000001,8,gaussian,"(-0.1, 0.1)",15,0.08323724008597208,0.92
[4],0.08,0.0,0.0,0.05,0.9000000000000001,sigmoid,sgd,0.6500000000000001,10,gaussian,"(-0.1, 0.1)",15,0.11234851185554277,0.48
[4],0.08,0.0,0.0,0.15000000000000002,0.9000000000000001,sigmoid,sgd,0.6500000000000001,8,gaussian,"(-0.1, 0.1)",15,0.09505685792553585,0.96
[4],0.08,0.0,0.0,0.15000000000000002,0.9000000000000001,sigmoid,sgd,0.6500000000000001,10,gaussian,"(-0.1, 0.1)",15,0.11695068225468075,0.48
[3],0.09,0.0,0.0,0.1,0.9000000000000001,sigmoid,sgd,0.55,8,gaussian,"(-0.1, 0.1)",15,0.09380624787131181,0.72
[3],0.09,0.0,0.0,0.1,0.9000000000000001,sigmoid,sgd,0.55,10,gaussian,"(-0.1, 0.1)",15,0.11224215651929173,0.72
[3],0.09,0.0,0.0,0.1,0.9000000000000001,sigmoid,sgd,0.6000000000000001,8,gaussian,"(-0.1, 0.1)",15,0.10174211620198616,0.72
[3],0.09,0.0,0.0,0.1,0.9000000000000001,sigmoid,sgd,0.6000000000000001,10,gaussian,"(-0.1, 0.1)",15,0.11660958903387429,0.64
[3],0.09,0.0,0.0,0.1,0.9000000000000001,sigmoid,sgd,0.8000000000000003,8,gaussian,"(-0.1, 0.1)",15,0.11782502272192456,0.68
[3],0.09,0.0,0.0,0.1,0.9000000000000001,sigmoid,sgd,0.8000000000000003,10,gaussian,"(-0.1, 0.1)",15,0.12347733119453784,0.48
[3],0.09,0.0,0.0,0.1,0.9000000000000001,sigmoid,sgd,0.7500000000000002,8,gaussian,"(-0.1, 0.1)",15,0.11548066649689469,0.68
[3],0.09,0.0,0.0,0.1,0.9000000000000001,sigmoid,sgd,0.7500000000000002,10,gaussian,"(-0.1, 0.1)",15,0.12264140661848483,0.48
[3],0.09,0.0,0.0,0.1,0.9000000000000001,sigmoid,sgd,0.6500000000000001,8,gaussian,"(-0.1, 0.1)",15,0.10780659698575373,0.68
[3],0.09,0.0,0.0,0.1,0.9000000000000001,sigmoid,sgd,0.6500000000000001,10,gaussian,"(-0.1, 0.1)",15,0.11950274713437625,0.56
[3],0.09,0.0,0.0,0.2,0.9000000000000001,sigmoid,sgd,0.55,8,gaussian,"(-0.1, 0.1)",15,0.061809908765306475,0.88
[3],0.09,0.0,0.0,0.2,0.9000000000000001,sigmoid,sgd,0.55,10,gaussian,"(-0.1, 0.1)",15,0.09401949708197624,0.8
[3],0.09,0.0,0.0,0.2,0.9000000000000001,sigmoid,sgd,0.6000000000000001,8,gaussian,"(-0.1, 0.1)",15,0.06734444137304356,0.88
[3],0.09,0.0,0.0,0.2,0.9000000000000001,sigmoid,sgd,0.6000000000000001,10,gaussian,"(-0.1, 0.1)",15,0.09999584113433016,0.8
[3],0.09,0.0,0.0,0.2,0.9000000000000001,sigmoid,sgd,0.8000000000000003,8,gaussian,"(-0.1, 0.1)",15,0.08737847062922487,0.8
[3],0.09,0.0,0.0,0.2,0.9000000000000001,sigmoid,sgd,0.8000000000000003,10,gaussian,"(-0.1, 0.1)",15,0.1151571064493892,0.76
[3],0.09,0.0,0.0,0.2,0.9000000000000001,sigmoid,sgd,0.7500000000000002,8,gaussian,"(-0.1, 0.1)",15,0.08283477111624958,0.8
[3],0.09,0.0,0.0,0.2,0.9000000000000001,sigmoid,sgd,0.7500000000000002,10,gaussian,"(-0.1, 0.1)",15,0.11251278978383976,0.72
[3],0.09,0.0,0.0,0.2,0.9000000000000001,sigmoid,sgd,0.6500000000000001,8,gaussian,"(-0.1, 0.1)",15,0.07275781956399748,0.84
[3],0.09,0.0,0.0,0.2,0.9000000000000001,sigmoid,sgd,0.6500000000000001,10,gaussian,"(-0.1, 0.1)",15,0.10503173056093383,0.76
[3],0.09,0.0,0.0,0.05,0.9000000000000001,sigmoid,sgd,0.55,8,gaussian,"(-0.1, 0.1)",15,0.05944033192368562,0.88
[3],0.09,0.0,0.0,0.05,0.9000000000000001,sigmoid,sgd,0.55,10,gaussian,"(-0.1, 0.1)",15,0.09804059356751427,0.88
[3],0.09,0.0,0.0,0.05,0.9000000000000001,sigmoid,sgd,0.6000000000000001,8,gaussian,"(-0.1, 0.1)",15,0.06600307882542182,0.84
[3],0.09,0.0,0.0,0.05,0.9000000000000001,sigmoid,sgd,0.6000000000000001,10,gaussian,"(-0.1, 0.1)",15,0.10402477667909968,0.92
[3],0.09,0.0,0.0,0.05,0.9000000000000001,sigmoid,sgd,0.8000000000000003,8,gaussian,"(-0.1, 0.1)",15,0.0896284892772296,0.84
[3],0.09,0.0,0.0,0.05,0.9000000000000001,sigmoid,sgd,0.8000000000000003,10,gaussian,"(-0.1, 0.1)",15,0.11681149965794076,0.56
[3],0.09,0.0,0.0,0.05,0.9000000000000001,sigmoid,sgd,0.7500000000000002,8,gaussian,"(-0.1, 0.1)",15,0.08435382401527829,0.84
[3],0.09,0.0,0.0,0.05,0.9000000000000001,sigmoid,sgd,0.7500000000000002,10,gaussian,"(-0.1, 0.1)",15,0.11479834349967918,0.64
[3],0.09,0.0,0.0,0.05,0.9000000000000001,sigmoid,sgd,0.6500000000000001,8,gaussian,"(-0.1, 0.1)",15,0.07244781399072871,0.84
[3],0.09,0.0,0.0,0.05,0.9000000000000001,sigmoid,sgd,0.6500000000000001,10,gaussian,"(-0.1, 0.1)",15,0.10864177318442479,0.84
[3],0.09,0.0,0.0,0.15000000000000002,0.9000000000000001,sigmoid,sgd,0.6500000000000001,8,gaussian,"(-0.1, 0.1)",15,0.07281497023755908,0.84
[3],0.09,0.0,0.0,0.15000000000000002,0.9000000000000001,sigmoid,sgd,0.6500000000000001,10,gaussian,"(-0.1, 0.1)",15,0.10876206731990956,0.8
[3],0.08,0.0,0.0,0.1,0.9000000000000001,sigmoid,sgd,0.55,8,gaussian,"(-0.1, 0.1)",15,0.10422422557580688,0.72
[3],0.08,0.0,0.0,0.1,0.9000000000000001,sigmoid,sgd,0.55,10,gaussian,"(-0.1, 0.1)",15,0.11889681190787306,0.6
[3],0.08,0.0,0.0,0.1,0.9000000000000001,sigmoid,sgd,0.6000000000000001,8,gaussian,"(-0.1, 0.1)",15,0.1102097381269308,0.68
[3],0.08,0.0,0.0,0.1,0.9000000000000001,sigmoid,sgd,0.6000000000000001,10,gaussian,"(-0.1, 0.1)",15,0.1211981170595531,0.56
[3],0.08,0.0,0.0,0.1,0.9000000000000001,sigmoid,sgd,0.8000000000000003,8,gaussian,"(-0.1, 0.1)",15,0.12081529710001894,0.64
[3],0.08,0.0,0.0,0.1,0.9000000000000001,sigmoid,sgd,0.8000000000000003,10,gaussian,"(-0.1, 0.1)",15,0.12453204921446223,0.48
[3],0.08,0.0,0.0,0.1,0.9000000000000001,sigmoid,sgd,0.7500000000000002,8,gaussian,"(-0.1, 0.1)",15,0.11938581659590797,0.68
[3],0.08,0.0,0.0,0.1,0.9000000000000001,sigmoid,sgd,0.7500000000000002,10,gaussian,"(-0.1, 0.1)",15,0.1241338578491283,0.48
[3],0.08,0.0,0.0,0.1,0.9000000000000001,sigmoid,sgd,0.6500000000000001,8,gaussian,"(-0.1, 0.1)",15,0.1144232393206453,0.68
[3],0.08,0.0,0.0,0.1,0.9000000000000001,sigmoid,sgd,0.6500000000000001,10,gaussian,"(-0.1, 0.1)",15,0.12262937822519002,0.48
[3],0.08,0.0,0.0,0.2,0.9000000000000001,sigmoid,sgd,0.55,8,gaussian,"(-0.1, 0.1)",15,0.07353315716027156,0.84
[3],0.08,0.0,0.0,0.2,0.9000000000000001,sigmoid,sgd,0.55,10,gaussian,"(-0.1, 0.1)",15,0.10506948286275683,0.8
[3],0.08,0.0,0.0,0.2,0.9000000000000001,sigmoid,sgd,0.6000000000000001,8,gaussian,"(-0.1, 0.1)",15,0.07966778839814215,0.84
[3],0.08,0.0,0.0,0.2,0.9000000000000001,sigmoid,sgd,0.6000000000000001,10,gaussian,"(-0.1, 0.1)",15,0.10983159071016427,0.72
[3],0.08,0.0,0.0,0.2,0.9000000000000001,sigmoid,sgd,0.8000000000000003,8,gaussian,"(-0.1, 0.1)",15,0.09931478980087619,0.72
[3],0.08,0.0,0.0,0.2,0.9000000000000001,sigmoid,sgd,0.8000000000000003,10,gaussian,"(-0.1, 0.1)",15,0.11995094233249982,0.64
[3],0.08,0.0,0.0,0.2,0.9000000000000001,sigmoid,sgd,0.7500000000000002,8,gaussian,"(-0.1, 0.1)",15,0.09519141911705957,0.72
[3],0.08,0.0,0.0,0.2,0.9000000000000001,sigmoid,sgd,0.7500000000000002,10,gaussian,"(-0.1, 0.1)",15,0.11839203266038165,0.64
[3],0.08,0.0,0.0,0.2,0.9000000000000001,sigmoid,sgd,0.6500000000000001,8,gaussian,"(-0.1, 0.1)",15,0.08535856419141293,0.8
[3],0.08,0.0,0.0,0.2,0.9000000000000001,sigmoid,sgd,0.6500000000000001,10,gaussian,"(-0.1, 0.1)",15,0.11351419107888834,0.72
[3],0.08,0.0,0.0,0.05,0.9000000000000001,sigmoid,sgd,0.55,8,gaussian,"(-0.1, 0.1)",15,0.07227830465991661,0.84
[3],0.08,0.0,0.0,0.05,0.9000000000000001,sigmoid,sgd,0.55,10,gaussian,"(-0.1, 0.1)",15,0.10864591101742004,0.88
[3],0.08,0.0,0.0,0.05,0.9000000000000001,sigmoid,sgd,0.6000000000000001,8,gaussian,"(-0.1, 0.1)",15,0.07947554530305982,0.84
[3],0.08,0.0,0.0,0.05,0.9000000000000001,sigmoid,sgd,0.6000000000000001,10,gaussian,"(-0.1, 0.1)",15,0.11268496478908815,0.68
[3],0.08,0.0,0.0,0.05,0.9000000000000001,sigmoid,sgd,0.8000000000000003,8,gaussian,"(-0.1, 0.1)",15,0.10178737877795911,0.84
[3],0.08,0.0,0.0,0.05,0.9000000000000001,sigmoid,sgd,0.8000000000000003,10,gaussian,"(-0.1, 0.1)",15,0.12040807361290104,0.48
[3],0.08,0.0,0.0,0.05,0.9000000000000001,sigmoid,sgd,0.7500000000000002,8,gaussian,"(-0.1, 0.1)",15,0.09729294337415728,0.84
[3],0.08,0.0,0.0,0.05,0.9000000000000001,sigmoid,sgd,0.7500000000000002,10,gaussian,"(-0.1, 0.1)",15,0.11925699104640104,0.52
[3],0.08,0.0,0.0,0.05,0.9000000000000001,sigmoid,sgd,0.6500000000000001,8,gaussian,"(-0.1, 0.1)",15,0.08610482298676005,0.84
[3],0.08,0.0,0.0,0.05,0.9000000000000001,sigmoid,sgd,0.6500000000000001,10,gaussian,"(-0.1, 0.1)",15,0.1155969296647329,0.6
[3],0.08,0.0,0.0,0.15000000000000002,0.9000000000000001,sigmoid,sgd,0.6500000000000001,8,gaussian,"(-0.1, 0.1)",15,0.08637667687741685,0.8
[3],0.08,0.0,0.0,0.15000000000000002,0.9000000000000001,sigmoid,sgd,0.6500000000000001,10,gaussian,"(-0.1, 0.1)",15,0.11647374672533424,0.64
[4],0.08,0.0,0.0,0.05,0.9000000000000001,sigmoid,sgd,0.55,8,gaussian,"(-0.5, 0.5)",15,0.09526730991683241,0.6666666666666666
[4],0.08,0.0,0.0,0.05,0.9000000000000001,sigmoid,sgd,0.55,10,gaussian,"(-0.5, 0.5)",15,0.11062277605416375,0.5833333333333334
[4],0.08,0.0,0.0,0.05,0.9000000000000001,sigmoid,sgd,0.5,8,gaussian,"(-0.1, 0.1)",15,0.0490091819226392,0.9166666666666666
[4],0.08,0.0,0.0,0.05,0.9000000000000001,sigmoid,sgd,0.5,8,gaussian,"(-0.5, 0.5)",15,0.09044081597919827,0.75
[4],0.08,0.0,0.0,0.05,0.9000000000000001,sigmoid,sgd,0.5,10,gaussian,"(-0.1, 0.1)",15,0.07431453226275819,0.9166666666666666
[4],0.08,0.0,0.0,0.05,0.9000000000000001,sigmoid,sgd,0.5,10,gaussian,"(-0.5, 0.5)",15,0.10752539279701227,0.5833333333333334
[4],0.08,0.0,0.0,0.05,0.9000000000000001,sigmoid,sgd,0.6000000000000001,8,gaussian,"(-0.5, 0.5)",15,0.0992239621122895,0.625
[4],0.08,0.0,0.0,0.05,0.9000000000000001,sigmoid,sgd,0.6000000000000001,10,gaussian,"(-0.5, 0.5)",15,0.11305253200485325,0.5833333333333334
[4],0.08,0.0,0.0,0.0,0.9000000000000001,sigmoid,sgd,0.55,8,gaussian,"(-0.5, 0.5)",15,0.09599792191931278,0.6666666666666666
[4],0.08,0.0,0.0,0.0,0.9000000000000001,sigmoid,sgd,0.55,10,gaussian,"(-0.5, 0.5)",15,0.11085914492029225,0.5833333333333334
[4],0.08,0.0,0.0,0.0,0.9000000000000001,sigmoid,sgd,0.5,8,gaussian,"(-0.1, 0.1)",15,0.05030728641582938,0.9166666666666666
[4],0.08,0.0,0.0,0.0,0.9000000000000001,sigmoid,sgd,0.5,8,gaussian,"(-0.5, 0.5)",15,0.09108276912656366,0.75
[4],0.08,0.0,0.0,0.0,0.9000000000000001,sigmoid,sgd,0.5,10,gaussian,"(-0.1, 0.1)",15,0.07915855648638312,0.9166666666666666
[4],0.08,0.0,0.0,0.0,0.9000000000000001,sigmoid,sgd,0.5,10,gaussian,"(-0.5, 0.5)",15,0.10778255730293083,0.5833333333333334
[4],0.08,0.0,0.0,0.0,0.9000000000000001,sigmoid,sgd,0.6000000000000001,8,gaussian,"(-0.5, 0.5)",15,0.10000397419848757,0.625
[4],0.08,0.0,0.0,0.0,0.9000000000000001,sigmoid,sgd,0.6000000000000001,10,gaussian,"(-0.5, 0.5)",15,0.11326358186719497,0.5833333333333334
[4],0.08,0.0,0.0,0.2,0.9000000000000001,sigmoid,sgd,0.55,8,gaussian,"(-0.5, 0.5)",15,0.09618868477466887,0.625
[4],0.08,0.0,0.0,0.2,0.9000000000000001,sigmoid,sgd,0.55,10,gaussian,"(-0.5, 0.5)",15,0.11069446175419902,0.5833333333333334
[4],0.08,0.0,0.0,0.2,0.9000000000000001,sigmoid,sgd,0.5,8,gaussian,"(-0.1, 0.1)",15,0.052615275889996864,0.9166666666666666
[4],0.08,0.0,0.0,0.2,0.9000000000000001,sigmoid,sgd,0.5,8,gaussian,"(-0.5, 0.5)",15,0.09167813505542462,0.6666666666666666
[4],0.08,0.0,0.0,0.2,0.9000000000000001,sigmoid,sgd,0.5,10,gaussian,"(-0.1, 0.1)",15,0.07645765360872747,0.9166666666666666
[4],0.08,0.0,0.0,0.2,0.9000000000000001,sigmoid,sgd,0.5,10,gaussian,"(-0.5, 0.5)",15,0.10769322493578944,0.5833333333333334
[4],0.08,0.0,0.0,0.2,0.9000000000000001,sigmoid,sgd,0.6000000000000001,8,gaussian,"(-0.5, 0.5)",15,0.09989503768302398,0.5833333333333334
[4],0.08,0.0,0.0,0.2,0.9000000000000001,sigmoid,sgd,0.6000000000000001,10,gaussian,"(-0.5, 0.5)",15,0.11308131673914308,0.5833333333333334
[4],0.08,0.0,0.0,0.25,0.9000000000000001,sigmoid,sgd,0.55,8,gaussian,"(-0.5, 0.5)",15,0.09762984806865758,0.5833333333333334
[4],0.08,0.0,0.0,0.25,0.9000000000000001,sigmoid,sgd,0.55,10,gaussian,"(-0.5, 0.5)",15,0.11121939167382854,0.5833333333333334
[4],0.08,0.0,0.0,0.25,0.9000000000000001,sigmoid,sgd,0.5,8,gaussian,"(-0.1, 0.1)",15,0.06183946457350148,0.9166666666666666
[4],0.08,0.0,0.0,0.25,0.9000000000000001,sigmoid,sgd,0.5,8,gaussian,"(-0.5, 0.5)",15,0.09341365287238107,0.6666666666666666
[4],0.08,0.0,0.0,0.25,0.9000000000000001,sigmoid,sgd,0.5,10,gaussian,"(-0.1, 0.1)",15,0.08945645809405496,0.9166666666666666
[4],0.08,0.0,0.0,0.25,0.9000000000000001,sigmoid,sgd,0.5,10,gaussian,"(-0.5, 0.5)",15,0.10835803731887868,0.5416666666666666
[4],0.08,0.0,0.0,0.25,0.9000000000000001,sigmoid,sgd,0.6000000000000001,8,gaussian,"(-0.5, 0.5)",15,0.10109816290041035,0.5833333333333334
[4],0.08,0.0,0.0,0.25,0.9000000000000001,sigmoid,sgd,0.6000000000000001,10,gaussian,"(-0.5, 0.5)",15,0.11348251697810581,0.5833333333333334
[4],0.09,0.0,0.0,0.05,0.9000000000000001,sigmoid,sgd,0.55,8,gaussian,"(-0.5, 0.5)",15,0.08612506372609981,0.75
[4],0.09,0.0,0.0,0.05,0.9000000000000001,sigmoid,sgd,0.55,10,gaussian,"(-0.5, 0.5)",15,0.10462972189497377,0.5833333333333334
[4],0.09,0.0,0.0,0.05,0.9000000000000001,sigmoid,sgd,0.5,8,gaussian,"(-0.1, 0.1)",15,0.0436559975999932,0.9166666666666666
[4],0.09,0.0,0.0,0.05,0.9000000000000001,sigmoid,sgd,0.5,8,gaussian,"(-0.5, 0.5)",15,0.0804553944329565,0.8333333333333334
[4],0.09,0.0,0.0,0.05,0.9000000000000001,sigmoid,sgd,0.5,10,gaussian,"(-0.1, 0.1)",15,0.0619353857971014,0.9166666666666666
[4],0.09,0.0,0.0,0.05,0.9000000000000001,sigmoid,sgd,0.5,10,gaussian,"(-0.5, 0.5)",15,0.10093598722813901,0.625
[4],0.09,0.0,0.0,0.05,0.9000000000000001,sigmoid,sgd,0.6000000000000001,8,gaussian,"(-0.5, 0.5)",15,0.09095952536356189,0.75
[4],0.09,0.0,0.0,0.05,0.9000000000000001,sigmoid,sgd,0.6000000000000001,10,gaussian,"(-0.5, 0.5)",15,0.10774493045426918,0.5833333333333334
[4],0.09,0.0,0.0,0.0,0.9000000000000001,sigmoid,sgd,0.55,8,gaussian,"(-0.5, 0.5)",15,0.08676141218014362,0.75
[4],0.09,0.0,0.0,0.0,0.9000000000000001,sigmoid,sgd,0.55,10,gaussian,"(-0.5, 0.5)",15,0.1049497855566535,0.5833333333333334
[4],0.09,0.0,0.0,0.0,0.9000000000000001,sigmoid,sgd,0.5,8,gaussian,"(-0.1, 0.1)",15,0.04395548130385133,0.9166666666666666
[4],0.09,0.0,0.0,0.0,0.9000000000000001,sigmoid,sgd,0.5,8,gaussian,"(-0.5, 0.5)",15,0.08081746078445248,0.7916666666666666
[4],0.09,0.0,0.0,0.0,0.9000000000000001,sigmoid,sgd,0.5,10,gaussian,"(-0.1, 0.1)",15,0.06556347843870025,0.9166666666666666
[4],0.09,0.0,0.0,0.0,0.9000000000000001,sigmoid,sgd,0.5,10,gaussian,"(-0.5, 0.5)",15,0.10127505670254533,0.625
[4],0.09,0.0,0.0,0.0,0.9000000000000001,sigmoid,sgd,0.6000000000000001,8,gaussian,"(-0.5, 0.5)",15,0.09172563764663744,0.75
[4],0.09,0.0,0.0,0.0,0.9000000000000001,sigmoid,sgd,0.6000000000000001,10,gaussian,"(-0.5, 0.5)",15,0.1080443481618542,0.5833333333333334
[4],0.09,0.0,0.0,0.2,0.9000000000000001,sigmoid,sgd,0.55,8,gaussian,"(-0.5, 0.5)",15,0.0876464121391823,0.75
[4],0.09,0.0,0.0,0.2,0.9000000000000001,sigmoid,sgd,0.55,10,gaussian,"(-0.5, 0.5)",15,0.10492178487671903,0.5833333333333334
[4],0.09,0.0,0.0,0.2,0.9000000000000001,sigmoid,sgd,0.5,8,gaussian,"(-0.1, 0.1)",15,0.04676769878646179,0.9166666666666666
[4],0.09,0.0,0.0,0.2,0.9000000000000001,sigmoid,sgd,0.5,8,gaussian,"(-0.5, 0.5)",15,0.08240927505526177,0.7916666666666666
[4],0.09,0.0,0.0,0.2,0.9000000000000001,sigmoid,sgd,0.5,10,gaussian,"(-0.1, 0.1)",15,0.06534525867560484,0.9166666666666666
[4],0.09,0.0,0.0,0.2,0.9000000000000001,sigmoid,sgd,0.5,10,gaussian,"(-0.5, 0.5)",15,0.10142259555958992,0.625
[4],0.09,0.0,0.0,0.2,0.9000000000000001,sigmoid,sgd,0.6000000000000001,8,gaussian,"(-0.5, 0.5)",15,0.09214927101803083,0.625
[4],0.09,0.0,0.0,0.2,0.9000000000000001,sigmoid,sgd,0.6000000000000001,10,gaussian,"(-0.5, 0.5)",15,0.10790253221192377,0.5833333333333334
[4],0.09,0.0,0.0,0.25,0.9000000000000001,sigmoid,sgd,0.55,8,gaussian,"(-0.5, 0.5)",15,0.08967644038414013,0.625
[4],0.09,0.0,0.0,0.25,0.9000000000000001,sigmoid,sgd,0.55,10,gaussian,"(-0.5, 0.5)",15,0.10574226923996215,0.5833333333333334
[4],0.09,0.0,0.0,0.25,0.9000000000000001,sigmoid,sgd,0.5,8,gaussian,"(-0.1, 0.1)",15,0.053575574094616885,0.9166666666666666
[4],0.09,0.0,0.0,0.25,0.9000000000000001,sigmoid,sgd,0.5,8,gaussian,"(-0.5, 0.5)",15,0.08474689497489113,0.7916666666666666
[4],0.09,0.0,0.0,0.25,0.9000000000000001,sigmoid,sgd,0.5,10,gaussian,"(-0.1, 0.1)",15,0.07822196553387063,0.9166666666666666
[4],0.09,0.0,0.0,0.25,0.9000000000000001,sigmoid,sgd,0.5,10,gaussian,"(-0.5, 0.5)",15,0.10243554747764011,0.5833333333333334
[4],0.09,0.0,0.0,0.25,0.9000000000000001,sigmoid,sgd,0.6000000000000001,8,gaussian,"(-0.5, 0.5)",15,0.09389874698107174,0.6666666666666666
[4],0.09,0.0,0.0,0.25,0.9000000000000001,sigmoid,sgd,0.6000000000000001,10,gaussian,"(-0.5, 0.5)",15,0.10857987961259095,0.5416666666666666
[3],0.08,0.0,0.0,0.05,0.9000000000000001,sigmoid,sgd,0.55,8,gaussian,"(-0.5, 0.5)",15,0.11006397451437289,0.7083333333333334
[3],0.08,0.0,0.0,0.05,0.9000000000000001,sigmoid,sgd,0.55,10,gaussian,"(-0.5, 0.5)",15,0.12087873623613699,0.6666666666666666
[3],0.08,0.0,0.0,0.05,0.9000000000000001,sigmoid,sgd,0.5,8,gaussian,"(-0.1, 0.1)",15,0.08824438729182582,0.875
[3],0.08,0.0,0.0,0.05,0.9000000000000001,sigmoid,sgd,0.5,8,gaussian,"(-0.5, 0.5)",15,0.1045967369932097,0.7083333333333334
[3],0.08,0.0,0.0,0.05,0.9000000000000001,sigmoid,sgd,0.5,10,gaussian,"(-0.1, 0.1)",15,0.11735486967307457,0.8333333333333334
[3],0.08,0.0,0.0,0.05,0.9000000000000001,sigmoid,sgd,0.5,10,gaussian,"(-0.5, 0.5)",15,0.11967894019641039,0.6666666666666666
[3],0.08,0.0,0.0,0.05,0.9000000000000001,sigmoid,sgd,0.6000000000000001,8,gaussian,"(-0.5, 0.5)",15,0.11381639453138469,0.6666666666666666
[3],0.08,0.0,0.0,0.05,0.9000000000000001,sigmoid,sgd,0.6000000000000001,10,gaussian,"(-0.5, 0.5)",15,0.12168165100287003,0.625
[3],0.08,0.0,0.0,0.0,0.9000000000000001,sigmoid,sgd,0.55,8,gaussian,"(-0.5, 0.5)",15,0.1053361168759603,0.7083333333333334
[3],0.08,0.0,0.0,0.0,0.9000000000000001,sigmoid,sgd,0.55,10,gaussian,"(-0.5, 0.5)",15,0.12022026789477919,0.6666666666666666
[3],0.08,0.0,0.0,0.0,0.9000000000000001,sigmoid,sgd,0.5,8,gaussian,"(-0.1, 0.1)",15,0.058207679440846614,0.9166666666666666
[3],0.08,0.0,0.0,0.0,0.9000000000000001,sigmoid,sgd,0.5,8,gaussian,"(-0.5, 0.5)",15,0.09879438192364466,0.75
[3],0.08,0.0,0.0,0.0,0.9000000000000001,sigmoid,sgd,0.5,10,gaussian,"(-0.1, 0.1)",15,0.09849285121696007,0.9166666666666666
[3],0.08,0.0,0.0,0.0,0.9000000000000001,sigmoid,sgd,0.5,10,gaussian,"(-0.5, 0.5)",15,0.11882507215246392,0.6666666666666666
[3],0.08,0.0,0.0,0.0,0.9000000000000001,sigmoid,sgd,0.6000000000000001,8,gaussian,"(-0.5, 0.5)",15,0.11004671921428467,0.7083333333333334
[3],0.08,0.0,0.0,0.0,0.9000000000000001,sigmoid,sgd,0.6000000000000001,10,gaussian,"(-0.5, 0.5)",15,0.12115157354841265,0.6666666666666666
[3],0.08,0.0,0.0,0.2,0.9000000000000001,sigmoid,sgd,0.55,8,gaussian,"(-0.5, 0.5)",15,0.11062942612204917,0.7083333333333334
[3],0.08,0.0,0.0,0.2,0.9000000000000001,sigmoid,sgd,0.55,10,gaussian,"(-0.5, 0.5)",15,0.1208175342278937,0.625
[3],0.08,0.0,0.0,0.2,0.9000000000000001,sigmoid,sgd,0.5,8,gaussian,"(-0.1, 0.1)",15,0.1153201606757629,0.5416666666666666
[3],0.08,0.0,0.0,0.2,0.9000000000000001,sigmoid,sgd,0.5,8,gaussian,"(-0.5, 0.5)",15,0.10541013866312048,0.7083333333333334
[3],0.08,0.0,0.0,0.2,0.9000000000000001,sigmoid,sgd,0.5,10,gaussian,"(-0.1, 0.1)",15,0.12252843609693886,0.4583333333333333
[3],0.08,0.0,0.0,0.2,0.9000000000000001,sigmoid,sgd,0.5,10,gaussian,"(-0.5, 0.5)",15,0.11961577593737775,0.6666666666666666
[3],0.08,0.0,0.0,0.2,0.9000000000000001,sigmoid,sgd,0.6000000000000001,8,gaussian,"(-0.5, 0.5)",15,0.11422771374269465,0.6666666666666666
[3],0.08,0.0,0.0,0.2,0.9000000000000001,sigmoid,sgd,0.6000000000000001,10,gaussian,"(-0.5, 0.5)",15,0.12162453415431862,0.625
[3],0.08,0.0,0.0,0.25,0.9000000000000001,sigmoid,sgd,0.55,8,gaussian,"(-0.5, 0.5)",15,0.11287925625523369,0.6666666666666666
[3],0.08,0.0,0.0,0.25,0.9000000000000001,sigmoid,sgd,0.55,10,gaussian,"(-0.5, 0.5)",15,0.12133368145606767,0.625
[3],0.08,0.0,0.0,0.25,0.9000000000000001,sigmoid,sgd,0.5,8,gaussian,"(-0.1, 0.1)",15,0.11586059247898058,0.5416666666666666
[3],0.08,0.0,0.0,0.25,0.9000000000000001,sigmoid,sgd,0.5,8,gaussian,"(-0.5, 0.5)",15,0.1083750774503774,0.7083333333333334
[3],0.08,0.0,0.0,0.25,0.9000000000000001,sigmoid,sgd,0.5,10,gaussian,"(-0.1, 0.1)",15,0.1230848223707427,0.4583333333333333
[3],0.08,0.0,0.0,0.25,0.9000000000000001,sigmoid,sgd,0.5,10,gaussian,"(-0.5, 0.5)",15,0.12032103035211787,0.625
[3],0.08,0.0,0.0,0.25,0.9000000000000001,sigmoid,sgd,0.6000000000000001,8,gaussian,"(-0.5, 0.5)",15,0.11589227959432036,0.6666666666666666
[3],0.08,0.0,0.0,0.25,0.9000000000000001,sigmoid,sgd,0.6000000000000001,10,gaussian,"(-0.5, 0.5)",15,0.12202171311695097,0.625
[3],0.09,0.0,0.0,0.05,0.9000000000000001,sigmoid,sgd,0.55,8,gaussian,"(-0.5, 0.5)",15,0.09899135692380166,0.7916666666666666
[3],0.09,0.0,0.0,0.05,0.9000000000000001,sigmoid,sgd,0.55,10,gaussian,"(-0.5, 0.5)",15,0.11837075285001682,0.6666666666666666
[3],0.09,0.0,0.0,0.05,0.9000000000000001,sigmoid,sgd,0.5,8,gaussian,"(-0.1, 0.1)",15,0.07203122635923781,0.9166666666666666
[3],0.09,0.0,0.0,0.05,0.9000000000000001,sigmoid,sgd,0.5,8,gaussian,"(-0.5, 0.5)",15,0.09069722505484994,0.9166666666666666
[3],0.09,0.0,0.0,0.05,0.9000000000000001,sigmoid,sgd,0.5,10,gaussian,"(-0.1, 0.1)",15,0.11127592270322643,0.875
[3],0.09,0.0,0.0,0.05,0.9000000000000001,sigmoid,sgd,0.5,10,gaussian,"(-0.5, 0.5)",15,0.11609028288405247,0.6666666666666666
[3],0.09,0.0,0.0,0.05,0.9000000000000001,sigmoid,sgd,0.6000000000000001,8,gaussian,"(-0.5, 0.5)",15,0.10520143386413845,0.7083333333333334
[3],0.09,0.0,0.0,0.05,0.9000000000000001,sigmoid,sgd,0.6000000000000001,10,gaussian,"(-0.5, 0.5)",15,0.1198453536502103,0.6666666666666666
[3],0.09,0.0,0.0,0.0,0.9000000000000001,sigmoid,sgd,0.55,8,gaussian,"(-0.5, 0.5)",15,0.09174123876396208,0.7916666666666666
[3],0.09,0.0,0.0,0.0,0.9000000000000001,sigmoid,sgd,0.55,10,gaussian,"(-0.5, 0.5)",15,0.11717002336967659,0.6666666666666666
[3],0.09,0.0,0.0,0.0,0.9000000000000001,sigmoid,sgd,0.5,8,gaussian,"(-0.1, 0.1)",15,0.04766644889678943,0.9166666666666666
[3],0.09,0.0,0.0,0.0,0.9000000000000001,sigmoid,sgd,0.5,8,gaussian,"(-0.5, 0.5)",15,0.08215846979717599,0.875
[3],0.09,0.0,0.0,0.0,0.9000000000000001,sigmoid,sgd,0.5,10,gaussian,"(-0.1, 0.1)",15,0.08331371819516374,0.9166666666666666
[3],0.09,0.0,0.0,0.0,0.9000000000000001,sigmoid,sgd,0.5,10,gaussian,"(-0.5, 0.5)",15,0.11449027280993444,0.6666666666666666
[3],0.09,0.0,0.0,0.0,0.9000000000000001,sigmoid,sgd,0.6000000000000001,8,gaussian,"(-0.5, 0.5)",15,0.09906300699451381,0.75
[3],0.09,0.0,0.0,0.0,0.9000000000000001,sigmoid,sgd,0.6000000000000001,10,gaussian,"(-0.5, 0.5)",15,0.11891517255709298,0.6666666666666666
[3],0.09,0.0,0.0,0.2,0.9000000000000001,sigmoid,sgd,0.55,8,gaussian,"(-0.5, 0.5)",15,0.10044435027238043,0.75
[3],0.09,0.0,0.0,0.2,0.9000000000000001,sigmoid,sgd,0.55,10,gaussian,"(-0.5, 0.5)",15,0.11836681689038187,0.6666666666666666
[3],0.09,0.0,0.0,0.2,0.9000000000000001,sigmoid,sgd,0.5,8,gaussian,"(-0.1, 0.1)",15,0.10660443379485392,0.5416666666666666
[3],0.09,0.0,0.0,0.2,0.9000000000000001,sigmoid,sgd,0.5,8,gaussian,"(-0.5, 0.5)",15,0.09276800084825633,0.875
[3],0.09,0.0,0.0,0.2,0.9000000000000001,sigmoid,sgd,0.5,10,gaussian,"(-0.1, 0.1)",15,0.12101548784532958,0.4583333333333333
[3],0.09,0.0,0.0,0.2,0.9000000000000001,sigmoid,sgd,0.5,10,gaussian,"(-0.5, 0.5)",15,0.11612256603409658,0.6666666666666666
[3],0.09,0.0,0.0,0.2,0.9000000000000001,sigmoid,sgd,0.6000000000000001,8,gaussian,"(-0.5, 0.5)",15,0.1062784477284543,0.7083333333333334
[3],0.09,0.0,0.0,0.2,0.9000000000000001,sigmoid,sgd,0.6000000000000001,10,gaussian,"(-0.5, 0.5)",15,0.11982392005701654,0.6666666666666666
[3],0.09,0.0,0.0,0.25,0.9000000000000001,sigmoid,sgd,0.55,8,gaussian,"(-0.5, 0.5)",15,0.10408016694296096,0.75
[3],0.09,0.0,0.0,0.25,0.9000000000000001,sigmoid,sgd,0.55,10,gaussian,"(-0.5, 0.5)",15,0.11931132728533085,0.6666666666666666
[3],0.09,0.0,0.0,0.25,0.9000000000000001,sigmoid,sgd,0.5,8,gaussian,"(-0.1, 0.1)",15,0.1083578694717282,0.5416666666666666
[3],0.09,0.0,0.0,0.25,0.9000000000000001,sigmoid,sgd,0.5,8,gaussian,"(-0.5, 0.5)",15,0.09714862222791654,0.875
[3],0.09,0.0,0.0,0.25,0.9000000000000001,sigmoid,sgd,0.5,10,gaussian,"(-0.1, 0.1)",15,0.12192742347200407,0.4583333333333333
[3],0.09,0.0,0.0,0.25,0.9000000000000001,sigmoid,sgd,0.5,10,gaussian,"(-0.5, 0.5)",15,0.11745793156521515,0.6666666666666666
[3],0.09,0.0,0.0,0.25,0.9000000000000001,sigmoid,sgd,0.6000000000000001,8,gaussian,"(-0.5, 0.5)",15,0.10923724180180318,0.7083333333333334
[3],0.09,0.0,0.0,0.25,0.9000000000000001,sigmoid,sgd,0.6000000000000001,10,gaussian,"(-0.5, 0.5)",15,0.12052113682326165,0.625
[4],0.09,0.0,0.0,0.05,0.9000000000000001,sigmoid,sgd,0.7000000000000002,8,gaussian,"(-0.1, 0.1)",15,0.0553353291475721,0.9583333333333334
[4],0.09,0.0,0.0,0.05,0.9000000000000001,sigmoid,sgd,0.7000000000000002,8,gaussian,"(-0.5, 0.5)",15,0.09135492581532222,0.875
[4],0.09,0.0,0.0,0.0,0.9000000000000001,sigmoid,sgd,0.7000000000000002,8,gaussian,"(-0.1, 0.1)",15,0.050222815374241093,0.9583333333333334
[4],0.09,0.0,0.0,0.0,0.9000000000000001,sigmoid,sgd,0.7000000000000002,8,gaussian,"(-0.5, 0.5)",15,0.09066331962656067,0.875
[4],0.09,0.0,0.0,0.2,0.9000000000000001,sigmoid,sgd,0.7000000000000002,8,gaussian,"(-0.1, 0.1)",15,0.07514424923716762,0.9583333333333334
[4],0.09,0.0,0.0,0.2,0.9000000000000001,sigmoid,sgd,0.7000000000000002,8,gaussian,"(-0.5, 0.5)",15,0.0930250156131715,0.875
[4],0.09,0.0,0.0,0.15000000000000002,0.9000000000000001,sigmoid,sgd,0.7000000000000002,8,gaussian,"(-0.1, 0.1)",15,0.06792773638491918,0.9583333333333334
[4],0.09,0.0,0.0,0.15000000000000002,0.9000000000000001,sigmoid,sgd,0.7000000000000002,8,gaussian,"(-0.5, 0.5)",15,0.09294634283454799,0.875
[4],0.09,0.0,0.0,0.15000000000000002,0.9000000000000001,sigmoid,sgd,0.5,8,gaussian,"(-0.1, 0.1)",15,0.04095532011277842,0.9583333333333334
[4],0.09,0.0,0.0,0.15000000000000002,0.9000000000000001,sigmoid,sgd,0.5,8,gaussian,"(-0.5, 0.5)",15,0.06834588991705039,0.9166666666666666
[4],0.09,0.0,0.0,0.15000000000000002,0.9000000000000001,sigmoid,sgd,0.6000000000000001,8,gaussian,"(-0.5, 0.5)",15,0.0827779354575056,0.875
[4],0.09,0.0,0.0,0.1,0.9000000000000001,sigmoid,sgd,0.7000000000000002,8,gaussian,"(-0.1, 0.1)",15,0.07442355743814995,0.9583333333333334
[4],0.09,0.0,0.0,0.1,0.9000000000000001,sigmoid,sgd,0.7000000000000002,8,gaussian,"(-0.5, 0.5)",15,0.09270550097854897,0.875
[4],0.09,0.0,0.0,0.1,0.9000000000000001,sigmoid,sgd,0.5,8,gaussian,"(-0.1, 0.1)",15,0.04288288126910119,0.9583333333333334
[4],0.09,0.0,0.0,0.1,0.9000000000000001,sigmoid,sgd,0.5,8,gaussian,"(-0.5, 0.5)",15,0.067373035605164,0.9583333333333334
[4],0.09,0.0,0.0,0.1,0.9000000000000001,sigmoid,sgd,0.6000000000000001,8,gaussian,"(-0.5, 0.5)",15,0.08229607314270115,0.875
[4],0.08,0.0,0.0,0.05,0.9000000000000001,sigmoid,sgd,0.7000000000000002,8,gaussian,"(-0.1, 0.1)",15,0.07132654738064927,0.9583333333333334
[4],0.08,0.0,0.0,0.05,0.9000000000000001,sigmoid,sgd,0.7000000000000002,8,gaussian,"(-0.5, 0.5)",15,0.10172935778713839,0.8333333333333334
[4],0.08,0.0,0.0,0.0,0.9000000000000001,sigmoid,sgd,0.7000000000000002,8,gaussian,"(-0.1, 0.1)",15,0.06584850808590463,0.9583333333333334
[4],0.08,0.0,0.0,0.0,0.9000000000000001,sigmoid,sgd,0.7000000000000002,8,gaussian,"(-0.5, 0.5)",15,0.10216531850776349,0.7916666666666666
[4],0.08,0.0,0.0,0.2,0.9000000000000001,sigmoid,sgd,0.7000000000000002,8,gaussian,"(-0.1, 0.1)",15,0.09050813614466625,0.9583333333333334
[4],0.08,0.0,0.0,0.2,0.9000000000000001,sigmoid,sgd,0.7000000000000002,8,gaussian,"(-0.5, 0.5)",15,0.10297156710668243,0.8333333333333334
[4],0.08,0.0,0.0,0.15000000000000002,0.9000000000000001,sigmoid,sgd,0.7000000000000002,8,gaussian,"(-0.1, 0.1)",15,0.08425454821447187,0.9583333333333334
[4],0.08,0.0,0.0,0.15000000000000002,0.9000000000000001,sigmoid,sgd,0.7000000000000002,8,gaussian,"(-0.5, 0.5)",15,0.10266716670622424,0.8333333333333334
[4],0.08,0.0,0.0,0.15000000000000002,0.9000000000000001,sigmoid,sgd,0.5,8,gaussian,"(-0.1, 0.1)",15,0.05296467091542911,0.9583333333333334
[4],0.08,0.0,0.0,0.15000000000000002,0.9000000000000001,sigmoid,sgd,0.5,8,gaussian,"(-0.5, 0.5)",15,0.08202314285246173,0.875
[4],0.08,0.0,0.0,0.15000000000000002,0.9000000000000001,sigmoid,sgd,0.6000000000000001,8,gaussian,"(-0.5, 0.5)",15,0.09402389386964571,0.875
[4],0.08,0.0,0.0,0.1,0.9000000000000001,sigmoid,sgd,0.7000000000000002,8,gaussian,"(-0.1, 0.1)",15,0.09122149110023925,0.9583333333333334
[4],0.08,0.0,0.0,0.1,0.9000000000000001,sigmoid,sgd,0.7000000000000002,8,gaussian,"(-0.5, 0.5)",15,0.10264915792360495,0.8333333333333334
[4],0.08,0.0,0.0,0.1,0.9000000000000001,sigmoid,sgd,0.5,8,gaussian,"(-0.1, 0.1)",15,0.05599288077069867,0.9583333333333334
[4],0.08,0.0,0.0,0.1,0.9000000000000001,sigmoid,sgd,0.5,8,gaussian,"(-0.5, 0.5)",15,0.08151123465406197,0.875
[4],0.08,0.0,0.0,0.1,0.9000000000000001,sigmoid,sgd,0.6000000000000001,8,gaussian,"(-0.5, 0.5)",15,0.09379510557953159,0.875
[3],0.09,0.0,0.0,0.05,0.9000000000000001,sigmoid,sgd,0.7000000000000002,8,gaussian,"(-0.1, 0.1)",15,0.10783369696104662,0.5
[3],0.09,0.0,0.0,0.05,0.9000000000000001,sigmoid,sgd,0.7000000000000002,8,gaussian,"(-0.5, 0.5)",15,0.12111280146445898,0.5833333333333334
[3],0.09,0.0,0.0,0.0,0.9000000000000001,sigmoid,sgd,0.7000000000000002,8,gaussian,"(-0.1, 0.1)",15,0.0697405778956047,0.9583333333333334
[3],0.09,0.0,0.0,0.0,0.9000000000000001,sigmoid,sgd,0.7000000000000002,8,gaussian,"(-0.5, 0.5)",15,0.11541128170659591,0.625
[3],0.09,0.0,0.0,0.2,0.9000000000000001,sigmoid,sgd,0.7000000000000002,8,gaussian,"(-0.1, 0.1)",15,0.1168439269096762,0.4583333333333333
[3],0.09,0.0,0.0,0.2,0.9000000000000001,sigmoid,sgd,0.7000000000000002,8,gaussian,"(-0.5, 0.5)",15,0.12106388517436824,0.5833333333333334
[3],0.09,0.0,0.0,0.15000000000000002,0.9000000000000001,sigmoid,sgd,0.7000000000000002,8,gaussian,"(-0.1, 0.1)",15,0.10015712124503855,0.7916666666666666
[3],0.09,0.0,0.0,0.15000000000000002,0.9000000000000001,sigmoid,sgd,0.7000000000000002,8,gaussian,"(-0.5, 0.5)",15,0.12208314543990773,0.5416666666666666
[3],0.09,0.0,0.0,0.15000000000000002,0.9000000000000001,sigmoid,sgd,0.5,8,gaussian,"(-0.1, 0.1)",15,0.06302579868144409,0.9583333333333334
[3],0.09,0.0,0.0,0.15000000000000002,0.9000000000000001,sigmoid,sgd,0.5,8,gaussian,"(-0.5, 0.5)",15,0.1054414082979845,0.625
[3],0.09,0.0,0.0,0.15000000000000002,0.9000000000000001,sigmoid,sgd,0.6000000000000001,8,gaussian,"(-0.5, 0.5)",15,0.11739517034865347,0.625
[3],0.09,0.0,0.0,0.1,0.9000000000000001,sigmoid,sgd,0.7000000000000002,8,gaussian,"(-0.1, 0.1)",15,0.08028960652313549,0.9583333333333334
[3],0.09,0.0,0.0,0.1,0.9000000000000001,sigmoid,sgd,0.7000000000000002,8,gaussian,"(-0.5, 0.5)",15,0.12240128628117497,0.5416666666666666
[3],0.09,0.0,0.0,0.1,0.9000000000000001,sigmoid,sgd,0.5,8,gaussian,"(-0.1, 0.1)",15,0.04675366653626706,0.9583333333333334
[3],0.09,0.0,0.0,0.1,0.9000000000000001,sigmoid,sgd,0.5,8,gaussian,"(-0.5, 0.5)",15,0.10536421363970538,0.6666666666666666
[3],0.09,0.0,0.0,0.1,0.9000000000000001,sigmoid,sgd,0.6000000000000001,8,gaussian,"(-0.5, 0.5)",15,0.1177444035254518,0.625
[3],0.08,0.0,0.0,0.05,0.9000000000000001,sigmoid,sgd,0.7000000000000002,8,gaussian,"(-0.1, 0.1)",15,0.11587238452369136,0.4583333333333333
[3],0.08,0.0,0.0,0.05,0.9000000000000001,sigmoid,sgd,0.7000000000000002,8,gaussian,"(-0.5, 0.5)",15,0.12387446996253955,0.5416666666666666
[3],0.08,0.0,0.0,0.0,0.9000000000000001,sigmoid,sgd,0.7000000000000002,8,gaussian,"(-0.1, 0.1)",15,0.08879591436575489,0.9583333333333334
[3],0.08,0.0,0.0,0.0,0.9000000000000001,sigmoid,sgd,0.7000000000000002,8,gaussian,"(-0.5, 0.5)",15,0.12070385294020163,0.625
[3],0.08,0.0,0.0,0.2,0.9000000000000001,sigmoid,sgd,0.7000000000000002,8,gaussian,"(-0.1, 0.1)",15,0.1224581803323072,0.375
[3],0.08,0.0,0.0,0.2,0.9000000000000001,sigmoid,sgd,0.7000000000000002,8,gaussian,"(-0.5, 0.5)",15,0.12378207801364487,0.5833333333333334
[3],0.08,0.0,0.0,0.15000000000000002,0.9000000000000001,sigmoid,sgd,0.7000000000000002,8,gaussian,"(-0.1, 0.1)",15,0.11321792507587998,0.5
[3],0.08,0.0,0.0,0.15000000000000002,0.9000000000000001,sigmoid,sgd,0.7000000000000002,8,gaussian,"(-0.5, 0.5)",15,0.12428220805927796,0.5
[3],0.08,0.0,0.0,0.15000000000000002,0.9000000000000001,sigmoid,sgd,0.5,8,gaussian,"(-0.1, 0.1)",15,0.0823528196455222,0.9583333333333334
[3],0.08,0.0,0.0,0.15000000000000002,0.9000000000000001,sigmoid,sgd,0.5,8,gaussian,"(-0.5, 0.5)",15,0.11668880860461624,0.625
[3],0.08,0.0,0.0,0.15000000000000002,0.9000000000000001,sigmoid,sgd,0.6000000000000001,8,gaussian,"(-0.5, 0.5)",15,0.12225673239594888,0.5416666666666666
[3],0.08,0.0,0.0,0.1,0.9000000000000001,sigmoid,sgd,0.7000000000000002,8,gaussian,"(-0.1, 0.1)",15,0.09965673083970633,0.7916666666666666
[3],0.08,0.0,0.0,0.1,0.9000000000000001,sigmoid,sgd,0.7000000000000002,8,gaussian,"(-0.5, 0.5)",15,0.12450831183755882,0.4583333333333333
[3],0.08,0.0,0.0,0.1,0.9000000000000001,sigmoid,sgd,0.5,8,gaussian,"(-0.1, 0.1)",15,0.0623220338514916,0.9583333333333334
[3],0.08,0.0,0.0,0.1,0.9000000000000001,sigmoid,sgd,0.5,8,gaussian,"(-0.5, 0.5)",15,0.11707864303697464,0.625
[3],0.08,0.0,0.0,0.1,0.9000000000000001,sigmoid,sgd,0.6000000000000001,8,gaussian,"(-0.5, 0.5)",15,0.12257996327081523,0.5416666666666666
[3],0.09,0.0,0.0,0.1,0.8500000000000001,sigmoid,sgd,0.5,8,gaussian,"(-0.1, 0.1)",15,0.12311466060534153,0.375
[3],0.09,0.0,0.0,0.1,0.8500000000000001,sigmoid,sgd,0.6000000000000001,8,gaussian,"(-0.1, 0.1)",15,0.12765246457521995,0.375
[3],0.09,0.0,0.0,0.1,0.8500000000000001,sigmoid,sgd,0.7500000000000002,8,gaussian,"(-0.1, 0.1)",15,0.13029763787613718,0.375
[3],0.09,0.0,0.0,0.0,0.8500000000000001,sigmoid,sgd,0.5,8,gaussian,"(-0.1, 0.1)",15,0.11348128949925544,0.375
[3],0.09,0.0,0.0,0.0,0.8500000000000001,sigmoid,sgd,0.6000000000000001,8,gaussian,"(-0.1, 0.1)",15,0.1208942362462357,0.375
[3],0.09,0.0,0.0,0.0,0.8500000000000001,sigmoid,sgd,0.7500000000000002,8,gaussian,"(-0.1, 0.1)",15,0.1265378503145174,0.375
[3],0.09,0.0,0.0,0.05,0.8500000000000001,sigmoid,sgd,0.5,8,gaussian,"(-0.1, 0.1)",15,0.12610934379239414,0.375
[3],0.09,0.0,0.0,0.05,0.8500000000000001,sigmoid,sgd,0.6000000000000001,8,gaussian,"(-0.1, 0.1)",15,0.12922596584861576,0.375
[3],0.09,0.0,0.0,0.05,0.8500000000000001,sigmoid,sgd,0.7500000000000002,8,gaussian,"(-0.1, 0.1)",15,0.13107835003848775,0.375
[3],0.07,0.0,0.0,0.1,0.9000000000000001,sigmoid,sgd,0.5,8,gaussian,"(-0.1, 0.1)",15,0.11581562135099881,0.375
[3],0.07,0.0,0.0,0.1,0.9000000000000001,sigmoid,sgd,0.6000000000000001,8,gaussian,"(-0.1, 0.1)",15,0.12331746468762751,0.375
[3],0.07,0.0,0.0,0.1,0.9000000000000001,sigmoid,sgd,0.7500000000000002,8,gaussian,"(-0.1, 0.1)",15,0.12832628883997474,0.375
[3],0.07,0.0,0.0,0.1,0.8500000000000001,sigmoid,sgd,0.5,8,gaussian,"(-0.1, 0.1)",15,0.13063794413329352,0.375
[3],0.07,0.0,0.0,0.1,0.8500000000000001,sigmoid,sgd,0.6000000000000001,8,gaussian,"(-0.1, 0.1)",15,0.13136498345421102,0.375
[3],0.07,0.0,0.0,0.1,0.8500000000000001,sigmoid,sgd,0.7500000000000002,8,gaussian,"(-0.1, 0.1)",15,0.1315587066039043,0.375
[3],0.07,0.0,0.0,0.0,0.9000000000000001,sigmoid,sgd,0.5,8,gaussian,"(-0.1, 0.1)",15,0.10562980202332668,0.75
[3],0.07,0.0,0.0,0.0,0.9000000000000001,sigmoid,sgd,0.6000000000000001,8,gaussian,"(-0.1, 0.1)",15,0.11559442774178959,0.375
[3],0.07,0.0,0.0,0.0,0.9000000000000001,sigmoid,sgd,0.7500000000000002,8,gaussian,"(-0.1, 0.1)",15,0.12322969439892477,0.375
[3],0.07,0.0,0.0,0.0,0.8500000000000001,sigmoid,sgd,0.5,8,gaussian,"(-0.1, 0.1)",15,0.12593911460577142,0.375
[3],0.07,0.0,0.0,0.0,0.8500000000000001,sigmoid,sgd,0.6000000000000001,8,gaussian,"(-0.1, 0.1)",15,0.12879409273762754,0.375
[3],0.07,0.0,0.0,0.0,0.8500000000000001,sigmoid,sgd,0.7500000000000002,8,gaussian,"(-0.1, 0.1)",15,0.13061001398249308,0.375
[3],0.07,0.0,0.0,0.05,0.9000000000000001,sigmoid,sgd,0.5,8,gaussian,"(-0.1, 0.1)",15,0.12265928521380148,0.375
[3],0.07,0.0,0.0,0.05,0.9000000000000001,sigmoid,sgd,0.6000000000000001,8,gaussian,"(-0.1, 0.1)",15,0.12689231186654173,0.375
[3],0.07,0.0,0.0,0.05,0.9000000000000001,sigmoid,sgd,0.7500000000000002,8,gaussian,"(-0.1, 0.1)",15,0.13005718423330315,0.375
[3],0.07,0.0,0.0,0.05,0.8500000000000001,sigmoid,sgd,0.5,8,gaussian,"(-0.1, 0.1)",15,0.13082872837597456,0.375
[3],0.07,0.0,0.0,0.05,0.8500000000000001,sigmoid,sgd,0.6000000000000001,8,gaussian,"(-0.1, 0.1)",15,0.1315121323256979,0.375
[3],0.07,0.0,0.0,0.05,0.8500000000000001,sigmoid,sgd,0.7500000000000002,8,gaussian,"(-0.1, 0.1)",15,0.13169699595280307,0.375
[4],0.09,0.0,0.0,0.1,0.8500000000000001,sigmoid,sgd,0.5,8,gaussian,"(-0.1, 0.1)",15,0.10449894044172887,0.75
[4],0.09,0.0,0.0,0.1,0.8500000000000001,sigmoid,sgd,0.6000000000000001,8,gaussian,"(-0.1, 0.1)",15,0.11447191398091518,0.375
[4],0.09,0.0,0.0,0.1,0.8500000000000001,sigmoid,sgd,0.7500000000000002,8,gaussian,"(-0.1, 0.1)",15,0.12216709106820328,0.375
[4],0.09,0.0,0.0,0.0,0.8500000000000001,sigmoid,sgd,0.5,8,gaussian,"(-0.1, 0.1)",15,0.09453059195964085,0.8333333333333334
[4],0.09,0.0,0.0,0.0,0.8500000000000001,sigmoid,sgd,0.6000000000000001,8,gaussian,"(-0.1, 0.1)",15,0.10744400392838681,0.5833333333333334
[4],0.09,0.0,0.0,0.0,0.8500000000000001,sigmoid,sgd,0.7500000000000002,8,gaussian,"(-0.1, 0.1)",15,0.11845301253872181,0.375
[4],0.09,0.0,0.0,0.05,0.8500000000000001,sigmoid,sgd,0.5,8,gaussian,"(-0.1, 0.1)",15,0.09017967065610648,0.8333333333333334
[4],0.09,0.0,0.0,0.05,0.8500000000000001,sigmoid,sgd,0.6000000000000001,8,gaussian,"(-0.1, 0.1)",15,0.10347489382585488,0.7916666666666666
[4],0.09,0.0,0.0,0.05,0.8500000000000001,sigmoid,sgd,0.7500000000000002,8,gaussian,"(-0.1, 0.1)",15,0.11592226303315158,0.375
[4],0.07,0.0,0.0,0.1,0.9000000000000001,sigmoid,sgd,0.5,8,gaussian,"(-0.1, 0.1)",15,0.09390051689422642,0.8333333333333334
[4],0.07,0.0,0.0,0.1,0.9000000000000001,sigmoid,sgd,0.6000000000000001,8,gaussian,"(-0.1, 0.1)",15,0.1073522790569959,0.5416666666666666
[4],0.07,0.0,0.0,0.1,0.9000000000000001,sigmoid,sgd,0.7500000000000002,8,gaussian,"(-0.1, 0.1)",15,0.11833089416332739,0.375
[4],0.07,0.0,0.0,0.1,0.8500000000000001,sigmoid,sgd,0.5,8,gaussian,"(-0.1, 0.1)",15,0.1195032014651537,0.375
[4],0.07,0.0,0.0,0.1,0.8500000000000001,sigmoid,sgd,0.6000000000000001,8,gaussian,"(-0.1, 0.1)",15,0.12431897010177397,0.375
[4],0.07,0.0,0.0,0.1,0.8500000000000001,sigmoid,sgd,0.7500000000000002,8,gaussian,"(-0.1, 0.1)",15,0.12773443040851226,0.375
[4],0.07,0.0,0.0,0.0,0.9000000000000001,sigmoid,sgd,0.5,8,gaussian,"(-0.1, 0.1)",15,0.08188628822190037,0.875
[4],0.07,0.0,0.0,0.0,0.9000000000000001,sigmoid,sgd,0.6000000000000001,8,gaussian,"(-0.1, 0.1)",15,0.09537916516354716,0.8333333333333334
[4],0.07,0.0,0.0,0.0,0.9000000000000001,sigmoid,sgd,0.7500000000000002,8,gaussian,"(-0.1, 0.1)",15,0.1109009171186011,0.5
[4],0.07,0.0,0.0,0.0,0.8500000000000001,sigmoid,sgd,0.5,8,gaussian,"(-0.1, 0.1)",15,0.11701490705646127,0.375
[4],0.07,0.0,0.0,0.0,0.8500000000000001,sigmoid,sgd,0.6000000000000001,8,gaussian,"(-0.1, 0.1)",15,0.1229195364345715,0.375
[4],0.07,0.0,0.0,0.0,0.8500000000000001,sigmoid,sgd,0.7500000000000002,8,gaussian,"(-0.1, 0.1)",15,0.12707732988405787,0.375
[4],0.07,0.0,0.0,0.05,0.9000000000000001,sigmoid,sgd,0.5,8,gaussian,"(-0.1, 0.1)",15,0.07905686323037277,0.875
[4],0.07,0.0,0.0,0.05,0.9000000000000001,sigmoid,sgd,0.6000000000000001,8,gaussian,"(-0.1, 0.1)",15,0.0915025260120188,0.8333333333333334
[4],0.07,0.0,0.0,0.05,0.9000000000000001,sigmoid,sgd,0.7500000000000002,8,gaussian,"(-0.1, 0.1)",15,0.1077199804023876,0.5416666666666666
[4],0.07,0.0,0.0,0.05,0.8500000000000001,sigmoid,sgd,0.5,8,gaussian,"(-0.1, 0.1)",15,0.11307848632720559,0.375
[4],0.07,0.0,0.0,0.05,0.8500000000000001,sigmoid,sgd,0.6000000000000001,8,gaussian,"(-0.1, 0.1)",15,0.12033177633066751,0.375
[4],0.07,0.0,0.0,0.05,0.8500000000000001,sigmoid,sgd,0.7500000000000002,8,gaussian,"(-0.1, 0.1)",15,0.12551018276503378,0.375
[3],0.12000000000000001,0.0,0.0,0.2,0.9500000000000004,sigmoid,sgd,0.6000000000000001,4,gaussian,"(-0.1, 0.1)",15,0.026510914554995456,0.96
[3],0.14,0.0,0.0,0.05,0.9500000000000004,sigmoid,sgd,0.6500000000000001,2,gaussian,"(-0.5, 0.5)",15,0.01774731312169096,0.96
[4],0.16000000000000003,0.0,0.0,0.0,0.9500000000000004,sigmoid,sgd,0.5,2,gaussian,"(-0.1, 0.1)",15,0.03934951613882961,0.9166666666666666
[4],0.16000000000000003,0.0,0.0,0.1,0.9500000000000004,sigmoid,sgd,0.8500000000000003,4,gaussian,"(-0.5, 0.5)",15,0.020428704811972377,0.9583333333333334
[4],0.16000000000000003,0.0,0.0,0.1,0.9500000000000004,sigmoid,sgd,0.8500000000000003,2,gaussian,"(-0.5, 0.5)",15,0.021179039786111006,0.9583333333333334
[4],0.16000000000000003,0.0,0.0,0.1,0.9500000000000004,sigmoid,sgd,0.7000000000000002,4,gaussian,"(-0.5, 0.5)",15,0.02034122556776454,0.9583333333333334
[4],0.16000000000000003,0.0,0.0,0.1,0.9500000000000004,sigmoid,sgd,0.7000000000000002,2,gaussian,"(-0.5, 0.5)",15,0.021091677536231812,0.9583333333333334
[4],0.16000000000000003,0.0,0.0,0.1,0.9500000000000004,sigmoid,sgd,0.9000000000000004,4,gaussian,"(-0.5, 0.5)",15,0.020397031029853855,0.9583333333333334
[4],0.16000000000000003,0.0,0.0,0.1,0.9500000000000004,sigmoid,sgd,0.9000000000000004,2,gaussian,"(-0.5, 0.5)",15,0.02114653932415832,0.9583333333333334
[4],0.16000000000000003,0.0,0.0,0.1,0.9500000000000004,sigmoid,sgd,0.9500000000000004,4,gaussian,"(-0.5, 0.5)",15,0.020353382430727405,0.9583333333333334
[4],0.16000000000000003,0.0,0.0,0.1,0.9500000000000004,sigmoid,sgd,0.9500000000000004,2,gaussian,"(-0.5, 0.5)",15,0.0210976946020875,0.9583333333333334
[4],0.16000000000000003,0.0,0.0,0.05,0.9500000000000004,sigmoid,sgd,0.8500000000000003,4,gaussian,"(-0.5, 0.5)",15,0.02050750354196568,0.9583333333333334
[4],0.16000000000000003,0.0,0.0,0.05,0.9500000000000004,sigmoid,sgd,0.8500000000000003,2,gaussian,"(-0.5, 0.5)",15,0.022099790746509505,0.9583333333333334
[4],0.16000000000000003,0.0,0.0,0.05,0.9500000000000004,sigmoid,sgd,0.7000000000000002,4,gaussian,"(-0.5, 0.5)",15,0.020598943090615152,0.9583333333333334
[4],0.16000000000000003,0.0,0.0,0.05,0.9500000000000004,sigmoid,sgd,0.7000000000000002,2,gaussian,"(-0.5, 0.5)",15,0.022574762171524942,0.9583333333333334
[4],0.16000000000000003,0.0,0.0,0.05,0.9500000000000004,sigmoid,sgd,0.9000000000000004,4,gaussian,"(-0.5, 0.5)",15,0.02054707742485477,0.9583333333333334
[4],0.16000000000000003,0.0,0.0,0.05,0.9500000000000004,sigmoid,sgd,0.9000000000000004,2,gaussian,"(-0.5, 0.5)",15,0.021955661924682162,0.9583333333333334
[4],0.16000000000000003,0.0,0.0,0.05,0.9500000000000004,sigmoid,sgd,0.9500000000000004,4,gaussian,"(-0.5, 0.5)",15,0.02060888758092952,0.9583333333333334
[4],0.16000000000000003,0.0,0.0,0.05,0.9500000000000004,sigmoid,sgd,0.9500000000000004,2,gaussian,"(-0.5, 0.5)",15,0.021811534608773553,0.9583333333333334
[4],0.16000000000000003,0.0,0.0,0.15000000000000002,0.9500000000000004,sigmoid,sgd,0.8500000000000003,4,gaussian,"(-0.5, 0.5)",15,0.02029515741899053,0.9583333333333334
[4],0.16000000000000003,0.0,0.0,0.15000000000000002,0.9500000000000004,sigmoid,sgd,0.8500000000000003,2,gaussian,"(-0.5, 0.5)",15,0.02383632642427839,0.9583333333333334
[4],0.16000000000000003,0.0,0.0,0.15000000000000002,0.9500000000000004,sigmoid,sgd,0.7000000000000002,4,gaussian,"(-0.5, 0.5)",15,0.020502516359698245,0.9583333333333334
[4],0.16000000000000003,0.0,0.0,0.15000000000000002,0.9500000000000004,sigmoid,sgd,0.7000000000000002,2,gaussian,"(-0.5, 0.5)",15,0.023907808738619557,0.9583333333333334
[4],0.16000000000000003,0.0,0.0,0.15000000000000002,0.9500000000000004,sigmoid,sgd,0.9000000000000004,4,gaussian,"(-0.5, 0.5)",15,0.02025389087093667,0.9583333333333334
[4],0.16000000000000003,0.0,0.0,0.15000000000000002,0.9500000000000004,sigmoid,sgd,0.9000000000000004,2,gaussian,"(-0.5, 0.5)",15,0.023852585300117853,0.9583333333333334
[4],0.16000000000000003,0.0,0.0,0.15000000000000002,0.9500000000000004,sigmoid,sgd,0.9500000000000004,4,gaussian,"(-0.5, 0.5)",15,0.02022210825502779,0.9583333333333334
[4],0.16000000000000003,0.0,0.0,0.15000000000000002,0.9500000000000004,sigmoid,sgd,0.9500000000000004,2,gaussian,"(-0.5, 0.5)",15,0.023881874514353738,0.9583333333333334
[4],0.16000000000000003,0.0,0.0,0.0,0.9500000000000004,sigmoid,sgd,0.8500000000000003,4,gaussian,"(-0.5, 0.5)",15,0.0212458905952522,0.9583333333333334
[4],0.16000000000000003,0.0,0.0,0.0,0.9500000000000004,sigmoid,sgd,0.8500000000000003,2,gaussian,"(-0.5, 0.5)",15,0.02038045816388821,0.9583333333333334
[4],0.16000000000000003,0.0,0.0,0.0,0.9500000000000004,sigmoid,sgd,0.7000000000000002,4,gaussian,"(-0.5, 0.5)",15,0.021459149152114304,0.9583333333333334
[4],0.16000000000000003,0.0,0.0,0.0,0.9500000000000004,sigmoid,sgd,0.7000000000000002,2,gaussian,"(-0.5, 0.5)",15,0.0202665491482993,0.9583333333333334
[4],0.16000000000000003,0.0,0.0,0.0,0.9500000000000004,sigmoid,sgd,0.9000000000000004,4,gaussian,"(-0.5, 0.5)",15,0.021179038243300228,0.9583333333333334
[4],0.16000000000000003,0.0,0.0,0.0,0.9500000000000004,sigmoid,sgd,0.9000000000000004,2,gaussian,"(-0.5, 0.5)",15,0.020353354135954974,0.9583333333333334
[4],0.16000000000000003,0.0,0.0,0.0,0.9500000000000004,sigmoid,sgd,0.9500000000000004,4,gaussian,"(-0.5, 0.5)",15,0.021110591686766562,0.9583333333333334
[4],0.16000000000000003,0.0,0.0,0.0,0.9500000000000004,sigmoid,sgd,0.9500000000000004,2,gaussian,"(-0.5, 0.5)",15,0.0216120463443131,0.9583333333333334
[4],0.14,0.0,0.0,0.1,0.9500000000000004,sigmoid,sgd,0.8500000000000003,4,gaussian,"(-0.5, 0.5)",15,0.02040734619549707,0.9583333333333334
[4],0.14,0.0,0.0,0.1,0.9500000000000004,sigmoid,sgd,0.8500000000000003,2,gaussian,"(-0.5, 0.5)",15,0.02042136667232873,0.9583333333333334
[4],0.14,0.0,0.0,0.1,0.9500000000000004,sigmoid,sgd,0.7000000000000002,4,gaussian,"(-0.5, 0.5)",15,0.020614862716694715,0.9583333333333334
[4],0.14,0.0,0.0,0.1,0.9500000000000004,sigmoid,sgd,0.7000000000000002,2,gaussian,"(-0.5, 0.5)",15,0.021348111312142416,0.9583333333333334
[4],0.14,0.0,0.0,0.1,0.9500000000000004,sigmoid,sgd,0.9000000000000004,4,gaussian,"(-0.5, 0.5)",15,0.020338106591779145,0.9583333333333334
[4],0.14,0.0,0.0,0.1,0.9500000000000004,sigmoid,sgd,0.9000000000000004,2,gaussian,"(-0.5, 0.5)",15,0.020409039893685175,0.9583333333333334
[4],0.14,0.0,0.0,0.1,0.9500000000000004,sigmoid,sgd,0.9500000000000004,4,gaussian,"(-0.5, 0.5)",15,0.02027524856017846,0.9583333333333334
[4],0.14,0.0,0.0,0.1,0.9500000000000004,sigmoid,sgd,0.9500000000000004,2,gaussian,"(-0.5, 0.5)",15,0.020408346563733762,0.9583333333333334
[4],0.14,0.0,0.0,0.05,0.9500000000000004,sigmoid,sgd,0.8500000000000003,4,gaussian,"(-0.5, 0.5)",15,0.02043496652057661,0.9583333333333334
[4],0.14,0.0,0.0,0.05,0.9500000000000004,sigmoid,sgd,0.8500000000000003,2,gaussian,"(-0.5, 0.5)",15,0.021863209949585627,0.9583333333333334
[4],0.14,0.0,0.0,0.05,0.9500000000000004,sigmoid,sgd,0.7000000000000002,4,gaussian,"(-0.5, 0.5)",15,0.020469189579751204,0.9583333333333334
[4],0.14,0.0,0.0,0.05,0.9500000000000004,sigmoid,sgd,0.7000000000000002,2,gaussian,"(-0.5, 0.5)",15,0.02244496683934999,0.9583333333333334
[4],0.14,0.0,0.0,0.05,0.9500000000000004,sigmoid,sgd,0.9000000000000004,4,gaussian,"(-0.5, 0.5)",15,0.020469364779534312,0.9583333333333334
[4],0.14,0.0,0.0,0.05,0.9500000000000004,sigmoid,sgd,0.9000000000000004,2,gaussian,"(-0.5, 0.5)",15,0.021680840132300924,0.9583333333333334
[4],0.14,0.0,0.0,0.05,0.9500000000000004,sigmoid,sgd,0.9500000000000004,4,gaussian,"(-0.5, 0.5)",15,0.02047806576041761,0.9583333333333334
[4],0.14,0.0,0.0,0.05,0.9500000000000004,sigmoid,sgd,0.9500000000000004,2,gaussian,"(-0.5, 0.5)",15,0.021495646246824138,0.9583333333333334
[4],0.14,0.0,0.0,0.15000000000000002,0.9500000000000004,sigmoid,sgd,0.8500000000000003,4,gaussian,"(-0.5, 0.5)",15,0.020216032948878,0.9583333333333334
[4],0.14,0.0,0.0,0.15000000000000002,0.9500000000000004,sigmoid,sgd,0.8500000000000003,2,gaussian,"(-0.5, 0.5)",15,0.021675972132542826,0.9583333333333334
[4],0.14,0.0,0.0,0.15000000000000002,0.9500000000000004,sigmoid,sgd,0.7000000000000002,4,gaussian,"(-0.5, 0.5)",15,0.02045076394888703,0.9583333333333334
[4],0.14,0.0,0.0,0.15000000000000002,0.9500000000000004,sigmoid,sgd,0.7000000000000002,2,gaussian,"(-0.5, 0.5)",15,0.021627780454006738,0.9583333333333334
[4],0.14,0.0,0.0,0.15000000000000002,0.9500000000000004,sigmoid,sgd,0.9000000000000004,4,gaussian,"(-0.5, 0.5)",15,0.020169070010490488,0.9583333333333334
[4],0.14,0.0,0.0,0.15000000000000002,0.9500000000000004,sigmoid,sgd,0.9000000000000004,2,gaussian,"(-0.5, 0.5)",15,0.0217630825007685,0.9583333333333334
[4],0.14,0.0,0.0,0.15000000000000002,0.9500000000000004,sigmoid,sgd,0.9500000000000004,4,gaussian,"(-0.5, 0.5)",15,0.0201415270030174,0.9583333333333334
[4],0.14,0.0,0.0,0.15000000000000002,0.9500000000000004,sigmoid,sgd,0.9500000000000004,2,gaussian,"(-0.5, 0.5)",15,0.02187326824617984,0.9583333333333334
[4],0.14,0.0,0.0,0.0,0.9500000000000004,sigmoid,sgd,0.8500000000000003,4,gaussian,"(-0.5, 0.5)",15,0.021173595186940165,0.9583333333333334
[4],0.14,0.0,0.0,0.0,0.9500000000000004,sigmoid,sgd,0.8500000000000003,2,gaussian,"(-0.5, 0.5)",15,0.02047720953378059,0.9583333333333334
[4],0.14,0.0,0.0,0.0,0.9500000000000004,sigmoid,sgd,0.7000000000000002,4,gaussian,"(-0.5, 0.5)",15,0.021419264172695986,0.9583333333333334
[4],0.14,0.0,0.0,0.0,0.9500000000000004,sigmoid,sgd,0.7000000000000002,2,gaussian,"(-0.5, 0.5)",15,0.02036785672249908,0.9583333333333334
[4],0.14,0.0,0.0,0.0,0.9500000000000004,sigmoid,sgd,0.9000000000000004,4,gaussian,"(-0.5, 0.5)",15,0.021097767829141204,0.9583333333333334
[4],0.14,0.0,0.0,0.0,0.9500000000000004,sigmoid,sgd,0.9000000000000004,2,gaussian,"(-0.5, 0.5)",15,0.022876516061372722,0.9583333333333334
[4],0.14,0.0,0.0,0.0,0.9500000000000004,sigmoid,sgd,0.9500000000000004,4,gaussian,"(-0.5, 0.5)",15,0.021021334738241162,0.9583333333333334
[4],0.14,0.0,0.0,0.0,0.9500000000000004,sigmoid,sgd,0.9500000000000004,2,gaussian,"(-0.5, 0.5)",15,0.022653648496651874,0.9583333333333334
[4],0.1,0.0,0.0,0.1,0.9500000000000004,sigmoid,sgd,0.8500000000000003,4,gaussian,"(-0.5, 0.5)",15,0.020450795345667492,0.9583333333333334
[4],0.1,0.0,0.0,0.1,0.9500000000000004,sigmoid,sgd,0.8500000000000003,2,gaussian,"(-0.5, 0.5)",15,0.02048996679708381,0.9583333333333334
[4],0.1,0.0,0.0,0.1,0.9500000000000004,sigmoid,sgd,0.7000000000000002,4,gaussian,"(-0.5, 0.5)",15,0.020474813390860328,0.9583333333333334
[4],0.1,0.0,0.0,0.1,0.9500000000000004,sigmoid,sgd,0.7000000000000002,2,gaussian,"(-0.5, 0.5)",15,0.021031620966096773,0.9583333333333334
[4],0.1,0.0,0.0,0.1,0.9500000000000004,sigmoid,sgd,0.9000000000000004,4,gaussian,"(-0.5, 0.5)",15,0.020519431588672813,0.9583333333333334
[4],0.1,0.0,0.0,0.1,0.9500000000000004,sigmoid,sgd,0.9000000000000004,2,gaussian,"(-0.5, 0.5)",15,0.02037129626378069,0.9583333333333334
[4],0.1,0.0,0.0,0.1,0.9500000000000004,sigmoid,sgd,0.9500000000000004,4,gaussian,"(-0.5, 0.5)",15,0.020629787161296455,0.9583333333333334
[4],0.1,0.0,0.0,0.1,0.9500000000000004,sigmoid,sgd,0.9500000000000004,2,gaussian,"(-0.5, 0.5)",15,0.020301043245357735,0.9583333333333334
[4],0.1,0.0,0.0,0.05,0.9500000000000004,sigmoid,sgd,0.8500000000000003,4,gaussian,"(-0.5, 0.5)",15,0.020712843631208032,0.9583333333333334
[4],0.1,0.0,0.0,0.05,0.9500000000000004,sigmoid,sgd,0.8500000000000003,2,gaussian,"(-0.5, 0.5)",15,0.02113785219199564,0.9583333333333334
[4],0.1,0.0,0.0,0.05,0.9500000000000004,sigmoid,sgd,0.7000000000000002,4,gaussian,"(-0.5, 0.5)",15,0.02083854140097599,0.9583333333333334
[4],0.1,0.0,0.0,0.05,0.9500000000000004,sigmoid,sgd,0.7000000000000002,2,gaussian,"(-0.5, 0.5)",15,0.021822861324715764,0.9583333333333334
[4],0.1,0.0,0.0,0.05,0.9500000000000004,sigmoid,sgd,0.9000000000000004,4,gaussian,"(-0.5, 0.5)",15,0.020704836093017272,0.9583333333333334
[4],0.1,0.0,0.0,0.05,0.9500000000000004,sigmoid,sgd,0.9000000000000004,2,gaussian,"(-0.5, 0.5)",15,0.02093457772936459,0.9583333333333334
[4],0.1,0.0,0.0,0.05,0.9500000000000004,sigmoid,sgd,0.9500000000000004,4,gaussian,"(-0.5, 0.5)",15,0.020721691675671578,0.9583333333333334
[4],0.1,0.0,0.0,0.05,0.9500000000000004,sigmoid,sgd,0.9500000000000004,2,gaussian,"(-0.5, 0.5)",15,0.02076663854886356,0.9583333333333334
[4],0.1,0.0,0.0,0.15000000000000002,0.9500000000000004,sigmoid,sgd,0.8500000000000003,4,gaussian,"(-0.5, 0.5)",15,0.02045951982235249,0.9583333333333334
[4],0.1,0.0,0.0,0.15000000000000002,0.9500000000000004,sigmoid,sgd,0.8500000000000003,2,gaussian,"(-0.5, 0.5)",15,0.02075755245407157,0.9583333333333334
[4],0.1,0.0,0.0,0.15000000000000002,0.9500000000000004,sigmoid,sgd,0.7000000000000002,4,gaussian,"(-0.5, 0.5)",15,0.020084723513506986,0.9583333333333334
[4],0.1,0.0,0.0,0.15000000000000002,0.9500000000000004,sigmoid,sgd,0.7000000000000002,2,gaussian,"(-0.5, 0.5)",15,0.02101600132601243,0.9583333333333334
[4],0.1,0.0,0.0,0.15000000000000002,0.9500000000000004,sigmoid,sgd,0.9000000000000004,4,gaussian,"(-0.5, 0.5)",15,0.020677720839983104,0.9583333333333334
[4],0.1,0.0,0.0,0.15000000000000002,0.9500000000000004,sigmoid,sgd,0.9000000000000004,2,gaussian,"(-0.5, 0.5)",15,0.02068733366705273,0.9583333333333334
[4],0.1,0.0,0.0,0.15000000000000002,0.9500000000000004,sigmoid,sgd,0.9500000000000004,4,gaussian,"(-0.5, 0.5)",15,0.020927509803495753,0.9583333333333334
[4],0.1,0.0,0.0,0.15000000000000002,0.9500000000000004,sigmoid,sgd,0.9500000000000004,2,gaussian,"(-0.5, 0.5)",15,0.02064312926669612,0.9583333333333334
[4],0.1,0.0,0.0,0.0,0.9500000000000004,sigmoid,sgd,0.8500000000000003,4,gaussian,"(-0.5, 0.5)",15,0.020622511171005206,0.9583333333333334
[4],0.1,0.0,0.0,0.0,0.9500000000000004,sigmoid,sgd,0.8500000000000003,2,gaussian,"(-0.5, 0.5)",15,0.02168125148881619,0.9583333333333334
[4],0.1,0.0,0.0,0.0,0.9500000000000004,sigmoid,sgd,0.7000000000000002,4,gaussian,"(-0.5, 0.5)",15,0.020865896475266408,0.9583333333333334
[4],0.1,0.0,0.0,0.0,0.9500000000000004,sigmoid,sgd,0.7000000000000002,2,gaussian,"(-0.5, 0.5)",15,0.022079226451538637,0.9583333333333334
[4],0.1,0.0,0.0,0.0,0.9500000000000004,sigmoid,sgd,0.9000000000000004,4,gaussian,"(-0.5, 0.5)",15,0.02057925932317208,0.9583333333333334
[4],0.1,0.0,0.0,0.0,0.9500000000000004,sigmoid,sgd,0.9000000000000004,2,gaussian,"(-0.5, 0.5)",15,0.02159329170681314,0.9583333333333334
[4],0.1,0.0,0.0,0.0,0.9500000000000004,sigmoid,sgd,0.9500000000000004,4,gaussian,"(-0.5, 0.5)",15,0.020556386632903365,0.9583333333333334
[4],0.1,0.0,0.0,0.0,0.9500000000000004,sigmoid,sgd,0.9500000000000004,2,gaussian,"(-0.5, 0.5)",15,0.02152080782789691,0.9583333333333334
[4],0.12000000000000001,0.0,0.0,0.1,0.9500000000000004,sigmoid,sgd,0.8500000000000003,4,gaussian,"(-0.5, 0.5)",15,0.020337856179623557,0.9583333333333334
[4],0.12000000000000001,0.0,0.0,0.1,0.9500000000000004,sigmoid,sgd,0.8500000000000003,2,gaussian,"(-0.5, 0.5)",15,0.020665724223271984,0.9583333333333334
[4],0.12000000000000001,0.0,0.0,0.1,0.9500000000000004,sigmoid,sgd,0.7000000000000002,4,gaussian,"(-0.5, 0.5)",15,0.020555730185647696,0.9583333333333334
[4],0.12000000000000001,0.0,0.0,0.1,0.9500000000000004,sigmoid,sgd,0.7000000000000002,2,gaussian,"(-0.5, 0.5)",15,0.021391969349044523,0.9583333333333334
[4],0.12000000000000001,0.0,0.0,0.1,0.9500000000000004,sigmoid,sgd,0.9000000000000004,4,gaussian,"(-0.5, 0.5)",15,0.020312362011597376,0.9583333333333334
[4],0.12000000000000001,0.0,0.0,0.1,0.9500000000000004,sigmoid,sgd,0.9000000000000004,2,gaussian,"(-0.5, 0.5)",15,0.02042414309679558,0.9583333333333334
[4],0.12000000000000001,0.0,0.0,0.1,0.9500000000000004,sigmoid,sgd,0.9500000000000004,4,gaussian,"(-0.5, 0.5)",15,0.02030616777955326,0.9583333333333334
[4],0.12000000000000001,0.0,0.0,0.1,0.9500000000000004,sigmoid,sgd,0.9500000000000004,2,gaussian,"(-0.5, 0.5)",15,0.020297447739716375,0.9583333333333334
[4],0.12000000000000001,0.0,0.0,0.05,0.9500000000000004,sigmoid,sgd,0.8500000000000003,4,gaussian,"(-0.5, 0.5)",15,0.020643340060620054,0.9583333333333334
[4],0.12000000000000001,0.0,0.0,0.05,0.9500000000000004,sigmoid,sgd,0.8500000000000003,2,gaussian,"(-0.5, 0.5)",15,0.021575144094948522,0.9583333333333334
[4],0.12000000000000001,0.0,0.0,0.05,0.9500000000000004,sigmoid,sgd,0.7000000000000002,4,gaussian,"(-0.5, 0.5)",15,0.02074654968730712,0.9583333333333334
[4],0.12000000000000001,0.0,0.0,0.05,0.9500000000000004,sigmoid,sgd,0.7000000000000002,2,gaussian,"(-0.5, 0.5)",15,0.022122772941555697,0.9583333333333334
[4],0.12000000000000001,0.0,0.0,0.05,0.9500000000000004,sigmoid,sgd,0.9000000000000004,4,gaussian,"(-0.5, 0.5)",15,0.020612546637645564,0.9583333333333334
[4],0.12000000000000001,0.0,0.0,0.05,0.9500000000000004,sigmoid,sgd,0.9000000000000004,2,gaussian,"(-0.5, 0.5)",15,0.021375466198924536,0.9583333333333334
[4],0.12000000000000001,0.0,0.0,0.05,0.9500000000000004,sigmoid,sgd,0.9500000000000004,4,gaussian,"(-0.5, 0.5)",15,0.02058845753737278,0.9583333333333334
[4],0.12000000000000001,0.0,0.0,0.05,0.9500000000000004,sigmoid,sgd,0.9500000000000004,2,gaussian,"(-0.5, 0.5)",15,0.021172766263525416,0.9583333333333334
[4],0.12000000000000001,0.0,0.0,0.15000000000000002,0.9500000000000004,sigmoid,sgd,0.8500000000000003,4,gaussian,"(-0.5, 0.5)",15,0.02007823617159019,0.9583333333333334
[4],0.12000000000000001,0.0,0.0,0.15000000000000002,0.9500000000000004,sigmoid,sgd,0.8500000000000003,2,gaussian,"(-0.5, 0.5)",15,0.020984744451929518,0.9583333333333334
[4],0.12000000000000001,0.0,0.0,0.15000000000000002,0.9500000000000004,sigmoid,sgd,0.7000000000000002,4,gaussian,"(-0.5, 0.5)",15,0.02028072915353595,0.9583333333333334
[4],0.12000000000000001,0.0,0.0,0.15000000000000002,0.9500000000000004,sigmoid,sgd,0.7000000000000002,2,gaussian,"(-0.5, 0.5)",15,0.021314932971544045,0.9583333333333334
[4],0.12000000000000001,0.0,0.0,0.15000000000000002,0.9500000000000004,sigmoid,sgd,0.9000000000000004,4,gaussian,"(-0.5, 0.5)",15,0.020123068310691276,0.9583333333333334
[4],0.12000000000000001,0.0,0.0,0.15000000000000002,0.9500000000000004,sigmoid,sgd,0.9000000000000004,2,gaussian,"(-0.5, 0.5)",15,0.020936111875150463,0.9583333333333334
[4],0.12000000000000001,0.0,0.0,0.15000000000000002,0.9500000000000004,sigmoid,sgd,0.9500000000000004,4,gaussian,"(-0.5, 0.5)",15,0.020206565570589044,0.9583333333333334
[4],0.12000000000000001,0.0,0.0,0.15000000000000002,0.9500000000000004,sigmoid,sgd,0.9500000000000004,2,gaussian,"(-0.5, 0.5)",15,0.02094318365677463,0.9583333333333334
[4],0.12000000000000001,0.0,0.0,0.0,0.9500000000000004,sigmoid,sgd,0.8500000000000003,4,gaussian,"(-0.5, 0.5)",15,0.0209309370661637,0.9583333333333334
[4],0.12000000000000001,0.0,0.0,0.0,0.9500000000000004,sigmoid,sgd,0.8500000000000003,2,gaussian,"(-0.5, 0.5)",15,0.02230575622491153,0.9583333333333334
[4],0.12000000000000001,0.0,0.0,0.0,0.9500000000000004,sigmoid,sgd,0.7000000000000002,4,gaussian,"(-0.5, 0.5)",15,0.021235254768965397,0.9583333333333334
[4],0.12000000000000001,0.0,0.0,0.0,0.9500000000000004,sigmoid,sgd,0.7000000000000002,2,gaussian,"(-0.5, 0.5)",15,0.022961738263925724,0.9583333333333334
[4],0.12000000000000001,0.0,0.0,0.0,0.9500000000000004,sigmoid,sgd,0.9000000000000004,4,gaussian,"(-0.5, 0.5)",15,0.020838656818078293,0.9583333333333334
[4],0.12000000000000001,0.0,0.0,0.0,0.9500000000000004,sigmoid,sgd,0.9000000000000004,2,gaussian,"(-0.5, 0.5)",15,0.022132511182311427,0.9583333333333334
[4],0.12000000000000001,0.0,0.0,0.0,0.9500000000000004,sigmoid,sgd,0.9500000000000004,4,gaussian,"(-0.5, 0.5)",15,0.020755543743490486,0.9583333333333334
[4],0.12000000000000001,0.0,0.0,0.0,0.9500000000000004,sigmoid,sgd,0.9500000000000004,2,gaussian,"(-0.5, 0.5)",15,0.021984550126011707,0.9583333333333334
[4],0.12000000000000001,0.0,0.0,0.2,0.8000000000000003,sigmoid,sgd,0.6000000000000001,4,gaussian,"(-0.1, 0.1)",15,0.0670990374315248,0.875
[3],0.16,0.0,0.0,0.0,0.8500000000000001,sigmoid,sgd,0.75,2,gaussian,"(-0.1, 0.1)",15,0.03227848519879782,0.92
[3],0.16,0.0,0.0,0.0,0.8500000000000001,sigmoid,sgd,0.75,2,gaussian,"(-0.5, 0.5)",15,0.032610843477684455,0.92
[3],0.16,0.0,0.0,0.0,0.7,sigmoid,sgd,0.75,2,gaussian,"(-0.1, 0.1)",15,0.03347746640364596,0.92
[3],0.16,0.0,0.0,0.0,0.7,sigmoid,sgd,0.75,2,gaussian,"(-0.5, 0.5)",15,0.0367781438582386,0.92
[3],0.16,0.0,0.0,0.0,0.8,sigmoid,sgd,0.75,2,gaussian,"(-0.1, 0.1)",15,0.0336594172258487,0.92
[3],0.16,0.0,0.0,0.0,0.8,sigmoid,sgd,0.75,2,gaussian,"(-0.5, 0.5)",15,0.03336597149596939,0.92
[3],0.16,0.0,0.0,0.0,0.9000000000000001,sigmoid,sgd,0.75,2,gaussian,"(-0.5, 0.5)",15,0.012803670461568717,1.0
[3],0.16,0.0,0.0,0.0,0.9000000000000001,sigmoid,sgd,0.75,2,gaussian,"(-0.1, 0.1)",15,0.020347611067482032,0.96
[4],0.16,0.0,0.0,0.0,0.9000000000000001,sigmoid,sgd,0.75,2,gaussian,"(-0.5, 0.5)",15,0.016013199847739613,0.96
[4],0.16,0.0,0.0,0.0,0.9000000000000001,sigmoid,sgd,0.75,2,gaussian,"(-0.1, 0.1)",15,0.01604317002748123,0.96
[4],0.16,0.0,0.0,0.0,0.8500000000000001,sigmoid,sgd,0.75,2,gaussian,"(-0.5, 0.5)",15,0.021294906562526944,0.96
[4],0.16,0.0,0.0,0.0,0.8500000000000001,sigmoid,sgd,0.75,2,gaussian,"(-0.1, 0.1)",15,0.016909577210298638,0.96
[4],0.16,0.0,0.0,0.0,0.8,sigmoid,sgd,0.75,2,gaussian,"(-0.5, 0.5)",15,0.0235388116549983,0.96
[4],0.16,0.0,0.0,0.0,0.8,sigmoid,sgd,0.75,2,gaussian,"(-0.1, 0.1)",15,0.018755347541762297,0.96
[3],0.16,0.0,0.0,0.0,0.9000000000000001,sigmoid,sgd,0.75,4,gaussian,"(-0.5, 0.5)",15,0.03352806375543813,0.9166666666666666
[3],0.16,0.0,0.0,0.0,0.9000000000000001,sigmoid,sgd,0.75,4,gaussian,"(-0.1, 0.1)",15,0.03556510478348134,0.9166666666666666
[3],0.16,0.0,0.0,0.0,0.8,sigmoid,sgd,0.75,4,gaussian,"(-0.5, 0.5)",15,0.03875534794431785,0.9166666666666666
[3],0.16,0.0,0.0,0.0,0.8,sigmoid,sgd,0.75,4,gaussian,"(-0.1, 0.1)",15,0.03785831199846554,0.9166666666666666
[4],0.16,0.0,0.0,0.0,0.9000000000000001,sigmoid,sgd,0.75,4,gaussian,"(-0.5, 0.5)",15,0.037793903223416775,0.9166666666666666
[4],0.16,0.0,0.0,0.0,0.9000000000000001,sigmoid,sgd,0.75,4,gaussian,"(-0.1, 0.1)",15,0.03871185235873304,0.9166666666666666
[4],0.16,0.0,0.0,0.0,0.8,sigmoid,sgd,0.75,4,gaussian,"(-0.5, 0.5)",15,0.04888981816230568,0.9166666666666666
[4],0.16,0.0,0.0,0.0,0.8,sigmoid,sgd,0.75,4,gaussian,"(-0.1, 0.1)",15,0.03919360054355688,0.9166666666666666
[3],0.16,0.0,0.0,0.0,0.75,sigmoid,sgd,0.75,2,gaussian,"(-0.5, 0.5)",15,0.05911386600802989,0.875
[3],0.16,0.0,0.0,0.0,0.75,sigmoid,sgd,0.75,2,gaussian,"(-0.1, 0.1)",15,0.05935360084719172,0.875
[3],0.16,0.0,0.0,0.0,0.75,sigmoid,sgd,0.75,4,gaussian,"(-0.5, 0.5)",15,0.08402063789733742,0.8333333333333334
[3],0.16,0.0,0.0,0.0,0.75,sigmoid,sgd,0.75,4,gaussian,"(-0.1, 0.1)",15,0.06316248470684425,0.875
[4],0.16,0.0,0.0,0.0,0.75,sigmoid,sgd,0.75,2,gaussian,"(-0.5, 0.5)",15,0.06190286685711847,0.875
[4],0.16,0.0,0.0,0.0,0.75,sigmoid,sgd,0.75,2,gaussian,"(-0.1, 0.1)",15,0.05848655928643202,0.875
[4],0.16,0.0,0.0,0.0,0.75,sigmoid,sgd,0.75,4,gaussian,"(-0.5, 0.5)",15,0.08467188787552056,0.875
[4],0.16,0.0,0.0,0.0,0.75,sigmoid,sgd,0.75,4,gaussian,"(-0.1, 0.1)",15,0.06198021442732776,0.875
