n_hidden,learning_rate,reg_lambda,l1_lambda,dropout_rate,momentum,activation,optimizer,lr_decay,batch_size,weight_init,init_range,patience,val_loss,val_accuracy,trial_number
[3],0.01,0.008,0.002,0.05,0.2,sigmoid,sgd,0.04,64,gaussian,"(-0.1, 0.1)",15,0.12573850397185976,0.52,1
[4],0.06999999999999999,0.016,0.008,0.0,0.8,sigmoid,adam,0.01,64,range,"(-0.5, 0.5)",15,0.0796561003340322,0.92,2
[4],0.12999999999999998,0.01,0.004,0.05,0.30000000000000004,tanh,sgd,0.0,64,gaussian,"(-0.5, 0.5)",20,0.13386325315882705,0.52,3
[5],0.01,0.014,0.008,0.0,0.6000000000000001,sigmoid,adam,0.04,32,range,"(-0.1, 0.1)",30,0.1251664776411865,0.48,4
[3],0.01,0.006,0.004,0.0,0.30000000000000004,sigmoid,adam,0.02,64,he,"(-0.1, 0.1)",20,0.09877533243569217,0.84,5
[5],0.06999999999999999,0.008,0.0,0.2,0.2,sigmoid,sgd,0.03,64,he,"(-0.7, 0.7)",30,0.12639942223254028,0.56,6
[4],0.10999999999999997,0.0,0.002,0.0,0.5,tanh,adam,0.0,16,range,"(-0.7, 0.7)",20,0.03371725532098202,0.96,7
[4],0.15,0.012,0.006,0.05,0.4,sigmoid,sgd,0.04,32,range,"(-0.5, 0.5)",30,0.11590203196187358,0.84,8
[6],0.10999999999999997,0.006,0.002,0.2,0.7000000000000001,sigmoid,sgd,0.0,16,xavier,"(-0.7, 0.7)",20,0.05396349175544978,0.92,9
[3],0.12999999999999998,0.012,0.008,0.15000000000000002,0.8,tanh,sgd,0.0,32,he,"(-0.1, 0.1)",20,0.04454925412503817,0.92,10
[6],0.049999999999999996,0.014,0.0,0.25,0.4,sigmoid,sgd,0.02,16,xavier,"(-0.5, 0.5)",15,0.12072202280082289,0.68,11
[3],0.18999999999999997,0.01,0.006,0.0,0.1,tanh,adam,0.01,8,xavier,"(-0.7, 0.7)",15,0.05808248057992478,0.92,12
[3],0.15,0.002,0.008,0.05,0.2,tanh,sgd,0.02,64,xavier,"(-0.7, 0.7)",30,0.08511512388101204,0.84,13
[4],0.08999999999999998,0.012,0.004,0.15000000000000002,0.8,tanh,sgd,0.01,16,gaussian,"(-0.5, 0.5)",15,0.05121084705488738,0.92,14
[4],0.18999999999999997,0.006,0.0,0.0,0.0,sigmoid,sgd,0.0,32,gaussian,"(-0.7, 0.7)",15,0.13425153724538558,0.4,15
[5],0.15,0.006,0.008,0.05,0.7000000000000001,sigmoid,adam,0.03,16,gaussian,"(-0.1, 0.1)",30,0.06431803583632557,0.92,16
[6],0.10999999999999997,0.012,0.006,0.15000000000000002,0.0,sigmoid,sgd,0.03,32,gaussian,"(-0.1, 0.1)",15,0.12628989840675142,0.52,17
[4],0.16999999999999998,0.014,0.002,0.15000000000000002,0.2,tanh,adam,0.01,8,glorot,"(-0.7, 0.7)",15,0.049735951508689376,0.92,18
[3],0.16999999999999998,0.0,0.0,0.05,0.2,tanh,adam,0.03,16,glorot,"(-0.1, 0.1)",15,0.032763185897006775,0.92,19
[6],0.01,0.012,0.004,0.15000000000000002,0.4,tanh,adam,0.01,16,he,"(-0.1, 0.1)",15,0.046097562071276715,0.92,20
[3],0.10999999999999997,0.0,0.0,0.2,0.7000000000000001,sigmoid,sgd,0.04,8,xavier,"(-0.1, 0.1)",30,0.04041981708753172,0.92,21
[3],0.06999999999999999,0.012,0.0,0.2,0.30000000000000004,sigmoid,sgd,0.03,32,he,"(-0.1, 0.1)",30,0.12657505938660718,0.48,22
[5],0.06999999999999999,0.008,0.006,0.05,0.4,tanh,adam,0.0,8,glorot,"(-0.7, 0.7)",30,0.04859316114686218,0.92,23
[3],0.03,0.016,0.002,0.2,0.4,sigmoid,adam,0.0,16,he,"(-0.5, 0.5)",15,0.0700201035732479,0.92,24
[6],0.16999999999999998,0.008,0.008,0.25,0.8,sigmoid,adam,0.0,16,he,"(-0.1, 0.1)",15,0.06508934739328127,0.92,25
[4],0.08999999999999998,0.008,0.008,0.05,0.5,sigmoid,adam,0.04,64,he,"(-0.1, 0.1)",15,0.06292409643757325,0.92,26
[6],0.08999999999999998,0.0,0.0,0.1,0.2,tanh,sgd,0.03,64,range,"(-0.1, 0.1)",15,0.12282485619357747,0.68,27
[3],0.049999999999999996,0.016,0.0,0.1,0.8,sigmoid,adam,0.01,8,he,"(-0.5, 0.5)",15,0.06094685630414686,0.92,28
[5],0.06999999999999999,0.006,0.0,0.1,0.8,tanh,sgd,0.01,16,xavier,"(-0.5, 0.5)",15,0.03725522897000142,0.92,29
[4],0.10999999999999997,0.012,0.002,0.1,0.2,sigmoid,adam,0.0,64,xavier,"(-0.1, 0.1)",20,0.06345250505611992,0.92,30
[5],0.08999999999999998,0.006,0.002,0.0,0.30000000000000004,tanh,adam,0.02,8,he,"(-0.5, 0.5)",30,0.042806097019822846,0.96,31
[6],0.16999999999999998,0.01,0.0,0.0,0.4,sigmoid,adam,0.0,8,range,"(-0.5, 0.5)",20,0.0671165410268293,0.92,32
[5],0.12999999999999998,0.018000000000000002,0.008,0.0,0.6000000000000001,sigmoid,adam,0.0,64,gaussian,"(-0.7, 0.7)",30,0.08736874559622612,0.92,33
[4],0.10999999999999997,0.012,0.0,0.25,0.5,tanh,sgd,0.02,32,glorot,"(-0.5, 0.5)",20,0.04773773295343154,0.92,34
[5],0.16999999999999998,0.004,0.002,0.15000000000000002,0.6000000000000001,sigmoid,adam,0.03,8,he,"(-0.5, 0.5)",15,0.052662428864433314,0.92,35
[6],0.18999999999999997,0.018000000000000002,0.004,0.15000000000000002,0.7000000000000001,tanh,sgd,0.04,64,xavier,"(-0.7, 0.7)",15,0.046641610598376654,0.92,36
[5],0.16999999999999998,0.018000000000000002,0.004,0.0,0.30000000000000004,tanh,sgd,0.01,16,gaussian,"(-0.1, 0.1)",15,0.04752283685138121,0.92,37
[6],0.18999999999999997,0.002,0.006,0.15000000000000002,0.30000000000000004,tanh,adam,0.03,16,xavier,"(-0.7, 0.7)",30,0.044493901683262185,0.92,38
[3],0.03,0.012,0.002,0.05,0.8,tanh,sgd,0.04,16,gaussian,"(-0.5, 0.5)",15,0.12773136353557699,0.52,39
[6],0.16999999999999998,0.016,0.008,0.1,0.7000000000000001,tanh,adam,0.01,64,glorot,"(-0.5, 0.5)",15,0.060610677857872414,0.92,40
[5],0.16999999999999998,0.014,0.002,0.1,0.7000000000000001,sigmoid,adam,0.01,32,he,"(-0.5, 0.5)",30,0.07135918997132516,0.92,41
[3],0.049999999999999996,0.004,0.002,0.15000000000000002,0.2,sigmoid,sgd,0.03,64,he,"(-0.7, 0.7)",20,0.12680770793458299,0.52,42
[6],0.01,0.006,0.006,0.15000000000000002,0.0,tanh,adam,0.0,32,he,"(-0.5, 0.5)",20,0.050332641607869655,0.92,43
[4],0.15,0.006,0.004,0.15000000000000002,0.7000000000000001,sigmoid,adam,0.02,64,xavier,"(-0.5, 0.5)",15,0.05901147421603473,0.92,44
[3],0.12999999999999998,0.018000000000000002,0.008,0.25,0.0,sigmoid,adam,0.01,64,xavier,"(-0.1, 0.1)",20,0.08440215509980328,0.92,45
[6],0.10999999999999997,0.006,0.006,0.1,0.5,tanh,adam,0.03,32,gaussian,"(-0.5, 0.5)",15,0.044322689350587564,0.92,46
[3],0.10999999999999997,0.006,0.0,0.25,0.0,sigmoid,sgd,0.01,8,range,"(-0.1, 0.1)",15,0.11028175166664966,0.8,47
[4],0.15,0.002,0.008,0.05,0.7000000000000001,tanh,adam,0.01,8,xavier,"(-0.5, 0.5)",15,0.046448580898508215,0.92,48
[3],0.08999999999999998,0.018000000000000002,0.006,0.15000000000000002,0.30000000000000004,sigmoid,sgd,0.0,32,range,"(-0.1, 0.1)",30,0.12888845676537633,0.48,49
[3],0.10999999999999997,0.016,0.006,0.25,0.5,sigmoid,adam,0.0,64,glorot,"(-0.1, 0.1)",20,0.07275850943337236,0.92,50
[5],0.15,0.004,0.006,0.05,0.8,tanh,adam,0.03,64,range,"(-0.5, 0.5)",20,0.0431607907392102,0.96,51
[4],0.03,0.008,0.006,0.05,0.7000000000000001,tanh,adam,0.0,64,he,"(-0.1, 0.1)",20,0.04697149627512302,0.92,52
[4],0.10999999999999997,0.008,0.004,0.1,0.4,sigmoid,sgd,0.0,16,glorot,"(-0.5, 0.5)",30,0.06277730664212917,0.92,53
[4],0.15,0.014,0.006,0.0,0.1,tanh,sgd,0.03,16,he,"(-0.7, 0.7)",30,0.05007594304585092,0.92,54
[5],0.15,0.016,0.008,0.1,0.6000000000000001,tanh,adam,0.03,32,he,"(-0.5, 0.5)",15,0.052757623845012716,0.92,55
[3],0.06999999999999999,0.01,0.0,0.25,0.8,sigmoid,sgd,0.01,64,he,"(-0.7, 0.7)",30,0.12410491204799588,0.6,56
[5],0.03,0.006,0.004,0.05,0.5,sigmoid,adam,0.0,16,he,"(-0.1, 0.1)",15,0.05609764147736403,0.92,57
[5],0.049999999999999996,0.014,0.0,0.0,0.4,tanh,adam,0.03,32,xavier,"(-0.1, 0.1)",20,0.04055618025838911,0.92,58
[6],0.03,0.002,0.006,0.15000000000000002,0.1,sigmoid,sgd,0.01,32,gaussian,"(-0.1, 0.1)",15,0.12634701301597598,0.52,59
[6],0.18999999999999997,0.018000000000000002,0.008,0.05,0.8,tanh,adam,0.03,32,range,"(-0.5, 0.5)",20,0.05228088633764281,0.92,60
[3],0.18999999999999997,0.002,0.002,0.25,0.30000000000000004,tanh,sgd,0.01,16,xavier,"(-0.7, 0.7)",15,0.034619541001932465,0.92,61
[4],0.01,0.012,0.006,0.25,0.7000000000000001,tanh,sgd,0.01,32,he,"(-0.7, 0.7)",20,0.07518748813541638,0.92,62
[3],0.06999999999999999,0.008,0.008,0.25,0.30000000000000004,tanh,sgd,0.04,16,xavier,"(-0.5, 0.5)",15,0.053794971308247654,0.92,63
[3],0.01,0.004,0.004,0.2,0.4,tanh,sgd,0.03,32,glorot,"(-0.5, 0.5)",30,0.13049280552201062,0.48,64
[6],0.15,0.002,0.008,0.0,0.6000000000000001,tanh,adam,0.0,8,xavier,"(-0.7, 0.7)",30,0.04969707189436798,0.92,65
[3],0.08999999999999998,0.018000000000000002,0.0,0.05,0.7000000000000001,tanh,adam,0.01,64,glorot,"(-0.1, 0.1)",20,0.04293146786020555,0.92,66
[5],0.12999999999999998,0.01,0.004,0.25,0.1,sigmoid,adam,0.03,64,he,"(-0.7, 0.7)",20,0.07132021685924031,0.92,67
[3],0.15,0.002,0.004,0.1,0.5,sigmoid,adam,0.04,8,range,"(-0.5, 0.5)",20,0.04809392799945597,0.92,68
[3],0.06999999999999999,0.016,0.004,0.2,0.7000000000000001,tanh,sgd,0.01,32,range,"(-0.1, 0.1)",20,0.04666653235721625,0.92,69
[6],0.15,0.002,0.0,0.25,0.30000000000000004,sigmoid,adam,0.04,8,range,"(-0.5, 0.5)",15,0.046222865055578786,0.96,70
[4],0.03,0.014,0.0,0.25,0.2,tanh,adam,0.04,32,glorot,"(-0.5, 0.5)",20,0.04951344974712858,0.92,71
[4],0.15,0.016,0.002,0.15000000000000002,0.30000000000000004,sigmoid,sgd,0.02,64,he,"(-0.7, 0.7)",20,0.11161897524834605,0.84,72
[3],0.08999999999999998,0.008,0.008,0.2,0.7000000000000001,sigmoid,adam,0.04,64,he,"(-0.5, 0.5)",30,0.07460488067564765,0.96,73
[6],0.15,0.01,0.002,0.25,0.30000000000000004,tanh,sgd,0.03,8,he,"(-0.7, 0.7)",20,0.04428964248072433,0.92,74
[6],0.12999999999999998,0.004,0.006,0.0,0.2,tanh,sgd,0.03,8,range,"(-0.5, 0.5)",15,0.040159210816808406,0.92,75
[4],0.12999999999999998,0.004,0.0,0.15000000000000002,0.4,tanh,adam,0.0,32,range,"(-0.5, 0.5)",20,0.03429849714984355,0.92,76
[6],0.16999999999999998,0.0,0.008,0.0,0.30000000000000004,tanh,sgd,0.0,64,gaussian,"(-0.7, 0.7)",30,0.08393067106143497,0.88,77
[3],0.15,0.004,0.004,0.0,0.0,tanh,sgd,0.02,32,he,"(-0.5, 0.5)",15,0.050264834676706865,0.92,78
[4],0.16999999999999998,0.012,0.008,0.25,0.2,sigmoid,sgd,0.0,64,range,"(-0.7, 0.7)",15,0.12208846661431275,0.68,79
[6],0.18999999999999997,0.004,0.002,0.15000000000000002,0.4,tanh,adam,0.0,64,he,"(-0.7, 0.7)",30,0.04027213855435129,0.92,80
[4],0.03,0.014,0.004,0.2,0.4,tanh,adam,0.03,32,xavier,"(-0.5, 0.5)",20,0.047560011730699354,0.92,81
[3],0.06999999999999999,0.012,0.008,0.1,0.4,tanh,sgd,0.03,32,gaussian,"(-0.7, 0.7)",30,0.14159834782205205,0.52,82
[3],0.18999999999999997,0.014,0.004,0.05,0.5,sigmoid,sgd,0.04,32,xavier,"(-0.7, 0.7)",15,0.11275542570223274,0.76,83
[3],0.08999999999999998,0.014,0.0,0.2,0.5,sigmoid,sgd,0.02,32,glorot,"(-0.1, 0.1)",15,0.1196394094036269,0.64,84
[4],0.16999999999999998,0.01,0.008,0.2,0.4,sigmoid,adam,0.03,32,he,"(-0.1, 0.1)",20,0.06796850487439576,0.92,85
[3],0.049999999999999996,0.006,0.006,0.2,0.5,sigmoid,adam,0.0,32,range,"(-0.1, 0.1)",20,0.06041896627909386,0.92,86
[5],0.08999999999999998,0.018000000000000002,0.006,0.25,0.5,sigmoid,sgd,0.03,8,range,"(-0.7, 0.7)",20,0.07377994235489571,0.92,87
[4],0.03,0.014,0.004,0.25,0.6000000000000001,sigmoid,sgd,0.0,8,he,"(-0.5, 0.5)",15,0.08097287282750276,0.92,88
[3],0.06999999999999999,0.016,0.002,0.15000000000000002,0.7000000000000001,tanh,adam,0.04,16,glorot,"(-0.7, 0.7)",15,0.04599667348630129,0.92,89
[6],0.18999999999999997,0.012,0.004,0.0,0.5,sigmoid,adam,0.03,16,he,"(-0.1, 0.1)",30,0.07223708134950124,0.92,90
[5],0.16999999999999998,0.01,0.0,0.15000000000000002,0.4,sigmoid,sgd,0.03,8,xavier,"(-0.7, 0.7)",30,0.051877544127395404,0.92,91
[3],0.01,0.01,0.002,0.05,0.30000000000000004,sigmoid,sgd,0.04,16,xavier,"(-0.5, 0.5)",15,0.1264398657185972,0.56,92
[3],0.08999999999999998,0.004,0.002,0.2,0.4,sigmoid,sgd,0.0,16,gaussian,"(-0.5, 0.5)",15,0.12615626813360017,0.56,93
[5],0.01,0.004,0.004,0.0,0.2,tanh,sgd,0.0,64,glorot,"(-0.5, 0.5)",30,0.13957522892903204,0.56,94
[3],0.15,0.016,0.002,0.2,0.0,tanh,adam,0.0,8,glorot,"(-0.5, 0.5)",20,0.05846374037227336,0.92,95
[3],0.15,0.014,0.0,0.0,0.5,sigmoid,sgd,0.01,32,range,"(-0.7, 0.7)",30,0.09614805185282066,0.84,96
[5],0.12999999999999998,0.018000000000000002,0.008,0.1,0.7000000000000001,tanh,sgd,0.0,16,glorot,"(-0.5, 0.5)",15,0.05132530625576327,0.92,97
[6],0.10999999999999997,0.014,0.006,0.15000000000000002,0.1,tanh,adam,0.02,32,he,"(-0.1, 0.1)",30,0.1996390147019319,0.6,98
[6],0.03,0.002,0.0,0.0,0.6000000000000001,sigmoid,adam,0.01,8,range,"(-0.7, 0.7)",30,0.04224473640332763,0.92,99
[5],0.03,0.012,0.004,0.25,0.6000000000000001,sigmoid,adam,0.04,32,he,"(-0.1, 0.1)",30,0.06519438256683777,0.92,100
[4],0.049999999999999996,0.014,0.002,0.0,0.5,tanh,sgd,0.02,16,glorot,"(-0.7, 0.7)",30,0.03155768068849683,1.0,1
[3],0.18999999999999997,0.008,0.0,0.05,0.4,tanh,adam,0.02,8,xavier,"(-0.1, 0.1)",30,0.028713198956395465,1.0,2
[6],0.03,0.004,0.0,0.0,0.8,sigmoid,adam,0.03,64,he,"(-0.1, 0.1)",20,0.03773379309574938,0.96,3
[5],0.10999999999999997,0.018000000000000002,0.008,0.0,0.0,sigmoid,sgd,0.04,8,gaussian,"(-0.5, 0.5)",20,0.13806297822073396,0.68,4
[6],0.15,0.018000000000000002,0.006,0.15000000000000002,0.4,sigmoid,sgd,0.02,64,gaussian,"(-0.5, 0.5)",30,0.14784938114522603,0.6,5
[6],0.16999999999999998,0.008,0.0,0.05,0.6000000000000001,sigmoid,sgd,0.01,32,xavier,"(-0.1, 0.1)",20,0.07302691773224787,0.8,6
[5],0.10999999999999997,0.002,0.0,0.15000000000000002,0.6000000000000001,sigmoid,sgd,0.03,16,range,"(-0.7, 0.7)",30,0.05425161665919147,1.0,7
[5],0.03,0.012,0.0,0.15000000000000002,0.0,tanh,sgd,0.02,64,range,"(-0.5, 0.5)",30,0.1205413374871705,0.64,8
[6],0.08999999999999998,0.002,0.006,0.0,0.5,sigmoid,adam,0.02,8,glorot,"(-0.1, 0.1)",15,0.02324934414040941,1.0,9
[6],0.18999999999999997,0.012,0.008,0.0,0.6000000000000001,tanh,adam,0.01,32,xavier,"(-0.1, 0.1)",30,0.034644900265399986,1.0,10
[3],0.16999999999999998,0.016,0.002,0.1,0.5,sigmoid,sgd,0.0,16,he,"(-0.1, 0.1)",15,0.06405030123943042,0.88,11
[4],0.03,0.004,0.006,0.15000000000000002,0.7000000000000001,tanh,adam,0.01,64,gaussian,"(-0.5, 0.5)",20,0.033617020813009955,0.96,12
[5],0.08999999999999998,0.018000000000000002,0.0,0.1,0.8,sigmoid,adam,0.03,64,gaussian,"(-0.1, 0.1)",20,0.07105622443996322,0.92,13
[5],0.03,0.002,0.008,0.2,0.8,tanh,adam,0.04,8,glorot,"(-0.7, 0.7)",30,0.026374226922133724,0.96,14
[4],0.10999999999999997,0.018000000000000002,0.006,0.2,0.2,sigmoid,adam,0.0,32,gaussian,"(-0.7, 0.7)",30,0.09465950952648944,0.84,15
[4],0.01,0.006,0.006,0.15000000000000002,0.8,sigmoid,adam,0.02,32,glorot,"(-0.5, 0.5)",20,0.08973391819973078,0.84,16
[3],0.10999999999999997,0.002,0.004,0.0,0.8,tanh,adam,0.02,16,he,"(-0.1, 0.1)",30,0.018664734719525837,0.96,17
[4],0.10999999999999997,0.008,0.006,0.05,0.1,tanh,adam,0.02,16,range,"(-0.1, 0.1)",30,0.015440767558855671,1.0,18
[6],0.16999999999999998,0.01,0.0,0.1,0.4,sigmoid,sgd,0.02,64,xavier,"(-0.1, 0.1)",15,0.11410817212504684,0.84,19
[4],0.03,0.008,0.0,0.2,0.8,sigmoid,adam,0.04,16,range,"(-0.5, 0.5)",15,0.042827121736026735,1.0,20
[4],0.049999999999999996,0.018000000000000002,0.002,0.25,0.7000000000000001,sigmoid,adam,0.02,16,glorot,"(-0.7, 0.7)",20,0.0563915657645682,1.0,21
[6],0.06999999999999999,0.016,0.002,0.1,0.7000000000000001,sigmoid,adam,0.04,64,glorot,"(-0.5, 0.5)",20,0.06330287564532133,0.92,22
[6],0.049999999999999996,0.006,0.008,0.05,0.4,sigmoid,adam,0.02,8,range,"(-0.1, 0.1)",20,0.03583547716643411,1.0,23
[3],0.049999999999999996,0.008,0.006,0.2,0.2,tanh,sgd,0.01,64,he,"(-0.1, 0.1)",20,0.12323885892223757,0.72,24
[3],0.12999999999999998,0.016,0.004,0.05,0.6000000000000001,sigmoid,adam,0.01,8,he,"(-0.1, 0.1)",30,0.04414423895592689,1.0,25
[5],0.049999999999999996,0.004,0.0,0.1,0.7000000000000001,sigmoid,adam,0.03,8,gaussian,"(-0.1, 0.1)",20,0.03190826221504614,1.0,26
[4],0.049999999999999996,0.016,0.008,0.2,0.6000000000000001,sigmoid,adam,0.01,32,gaussian,"(-0.1, 0.1)",15,0.05584816830605094,1.0,27
[6],0.18999999999999997,0.014,0.0,0.0,0.7000000000000001,sigmoid,sgd,0.01,32,glorot,"(-0.1, 0.1)",30,0.05523992516441427,0.92,28
[5],0.06999999999999999,0.018000000000000002,0.006,0.05,0.1,tanh,sgd,0.04,8,glorot,"(-0.5, 0.5)",15,0.03706742107395149,1.0,29
[6],0.10999999999999997,0.008,0.0,0.1,0.1,tanh,sgd,0.0,32,xavier,"(-0.1, 0.1)",20,0.09864289733231786,0.68,30
[5],0.049999999999999996,0.014,0.006,0.25,0.2,sigmoid,sgd,0.03,8,he,"(-0.1, 0.1)",15,0.12566710476955736,0.6,31
[4],0.01,0.01,0.004,0.2,0.6000000000000001,tanh,adam,0.0,16,he,"(-0.5, 0.5)",15,0.022373635913521282,1.0,32
[5],0.08999999999999998,0.002,0.004,0.15000000000000002,0.6000000000000001,tanh,adam,0.02,16,glorot,"(-0.7, 0.7)",20,0.016886124455676416,1.0,33
[5],0.16999999999999998,0.008,0.0,0.25,0.6000000000000001,sigmoid,adam,0.04,16,range,"(-0.5, 0.5)",20,0.03990351914972447,1.0,34
[3],0.03,0.01,0.004,0.1,0.7000000000000001,tanh,sgd,0.03,32,glorot,"(-0.1, 0.1)",30,0.07287827350121204,0.8,35
[5],0.18999999999999997,0.012,0.004,0.25,0.0,sigmoid,adam,0.02,16,gaussian,"(-0.1, 0.1)",30,0.055538633188713424,0.96,36
[6],0.01,0.004,0.0,0.05,0.5,tanh,adam,0.04,8,range,"(-0.1, 0.1)",30,0.021311754008502486,0.96,37
[6],0.10999999999999997,0.01,0.006,0.0,0.2,tanh,adam,0.02,32,xavier,"(-0.1, 0.1)",15,0.02867996328184863,1.0,38
[4],0.15,0.016,0.006,0.2,0.1,tanh,adam,0.03,16,range,"(-0.5, 0.5)",30,0.030900931056542114,1.0,39
[6],0.06999999999999999,0.002,0.002,0.0,0.7000000000000001,sigmoid,adam,0.0,32,he,"(-0.7, 0.7)",15,0.02466586513834882,1.0,40
[5],0.08999999999999998,0.004,0.002,0.1,0.8,sigmoid,sgd,0.01,16,xavier,"(-0.5, 0.5)",15,0.046681692709220894,0.88,41
[5],0.16999999999999998,0.018000000000000002,0.004,0.15000000000000002,0.8,sigmoid,sgd,0.0,32,glorot,"(-0.7, 0.7)",30,0.07103564695924844,1.0,42
[6],0.16999999999999998,0.012,0.006,0.2,0.1,sigmoid,adam,0.0,64,glorot,"(-0.7, 0.7)",30,0.05715906217819464,1.0,43
[5],0.049999999999999996,0.016,0.008,0.05,0.2,tanh,sgd,0.0,16,he,"(-0.1, 0.1)",15,0.05189181123145763,0.96,44
[5],0.06999999999999999,0.01,0.008,0.1,0.1,tanh,sgd,0.04,32,xavier,"(-0.7, 0.7)",20,0.10232079918546896,0.72,45
[3],0.16999999999999998,0.004,0.008,0.2,0.2,sigmoid,adam,0.04,8,gaussian,"(-0.1, 0.1)",15,0.037806205285177065,1.0,46
[5],0.06999999999999999,0.018000000000000002,0.006,0.2,0.0,tanh,adam,0.02,64,xavier,"(-0.7, 0.7)",20,0.0359365001487561,1.0,47
[5],0.15,0.002,0.0,0.05,0.7000000000000001,tanh,adam,0.03,16,he,"(-0.7, 0.7)",15,0.00929382375714066,1.0,48
[5],0.10999999999999997,0.01,0.006,0.05,0.5,sigmoid,adam,0.01,64,gaussian,"(-0.5, 0.5)",20,0.060228070228717095,0.96,49
[4],0.049999999999999996,0.002,0.0,0.1,0.6000000000000001,tanh,sgd,0.01,32,range,"(-0.7, 0.7)",20,0.03410533305872747,0.88,50
[4],0.049999999999999996,0.014,0.008,0.15000000000000002,0.7000000000000001,tanh,adam,0.0,8,glorot,"(-0.7, 0.7)",20,0.022145917705691937,1.0,51
[4],0.06999999999999999,0.018000000000000002,0.004,0.0,0.0,tanh,adam,0.04,64,he,"(-0.7, 0.7)",15,0.02892501942039879,1.0,52
[3],0.12999999999999998,0.004,0.004,0.25,0.5,tanh,adam,0.0,64,gaussian,"(-0.7, 0.7)",30,0.024774971222093295,1.0,53
[4],0.10999999999999997,0.016,0.004,0.0,0.6000000000000001,tanh,adam,0.04,8,xavier,"(-0.1, 0.1)",20,0.022108173028329074,1.0,54
[5],0.10999999999999997,0.016,0.004,0.05,0.30000000000000004,tanh,sgd,0.0,8,xavier,"(-0.7, 0.7)",20,0.028731965419515226,0.96,55
[6],0.16999999999999998,0.014,0.002,0.2,0.8,sigmoid,adam,0.04,32,xavier,"(-0.5, 0.5)",30,0.05047950890686123,0.96,56
[5],0.18999999999999997,0.01,0.008,0.2,0.8,tanh,adam,0.03,8,he,"(-0.5, 0.5)",30,0.047978479666407586,1.0,57
[3],0.12999999999999998,0.018000000000000002,0.004,0.25,0.0,tanh,adam,0.04,16,gaussian,"(-0.7, 0.7)",20,0.03559557886575867,1.0,58
[4],0.16999999999999998,0.018000000000000002,0.006,0.05,0.30000000000000004,sigmoid,sgd,0.01,8,glorot,"(-0.5, 0.5)",20,0.05985569834926147,0.96,59
[4],0.12999999999999998,0.006,0.006,0.2,0.7000000000000001,sigmoid,sgd,0.04,16,range,"(-0.5, 0.5)",30,0.06116262096733411,0.92,60
[6],0.16999999999999998,0.012,0.004,0.05,0.7000000000000001,tanh,adam,0.02,64,xavier,"(-0.1, 0.1)",20,0.03169906847797019,1.0,61
[5],0.06999999999999999,0.008,0.004,0.25,0.30000000000000004,tanh,adam,0.03,32,range,"(-0.7, 0.7)",20,0.02267684216239639,1.0,62
[5],0.03,0.018000000000000002,0.008,0.15000000000000002,0.6000000000000001,tanh,sgd,0.02,8,he,"(-0.7, 0.7)",15,0.04221857299272469,0.96,63
[5],0.15,0.008,0.006,0.05,0.30000000000000004,tanh,adam,0.01,8,range,"(-0.7, 0.7)",30,0.10845664196315138,0.84,64
[4],0.06999999999999999,0.0,0.008,0.05,0.30000000000000004,sigmoid,sgd,0.03,32,glorot,"(-0.1, 0.1)",30,0.11740044570655782,0.84,65
[4],0.01,0.016,0.002,0.15000000000000002,0.7000000000000001,tanh,sgd,0.02,32,he,"(-0.7, 0.7)",15,0.07355899014699782,0.92,66
[3],0.18999999999999997,0.006,0.008,0.25,0.0,sigmoid,adam,0.01,8,glorot,"(-0.5, 0.5)",15,0.04208327959631193,1.0,67
[5],0.01,0.0,0.004,0.2,0.1,tanh,adam,0.03,64,xavier,"(-0.7, 0.7)",20,0.0483687299025483,0.92,68
[5],0.06999999999999999,0.002,0.004,0.05,0.7000000000000001,tanh,sgd,0.0,32,he,"(-0.7, 0.7)",30,0.03690183292241299,0.92,69
[4],0.049999999999999996,0.018000000000000002,0.006,0.15000000000000002,0.8,tanh,sgd,0.03,8,xavier,"(-0.1, 0.1)",20,0.02790494020121919,0.96,70
[5],0.06999999999999999,0.0,0.004,0.15000000000000002,0.30000000000000004,tanh,adam,0.02,32,range,"(-0.7, 0.7)",30,0.018195994591377558,1.0,71
[3],0.08999999999999998,0.01,0.002,0.0,0.1,tanh,adam,0.01,64,range,"(-0.7, 0.7)",20,0.02183923061859217,1.0,72
[3],0.08999999999999998,0.01,0.008,0.05,0.30000000000000004,sigmoid,adam,0.01,64,range,"(-0.5, 0.5)",20,0.05624338531737265,1.0,73
[6],0.16999999999999998,0.006,0.002,0.25,0.1,tanh,adam,0.0,8,gaussian,"(-0.7, 0.7)",30,0.03250579418078273,1.0,74
[4],0.18999999999999997,0.016,0.002,0.05,0.5,tanh,sgd,0.01,64,gaussian,"(-0.7, 0.7)",20,0.1485032384316369,0.4,75
[3],0.15,0.004,0.008,0.15000000000000002,0.7000000000000001,sigmoid,adam,0.02,8,glorot,"(-0.5, 0.5)",15,0.04420804108580479,0.96,76
[4],0.18999999999999997,0.002,0.0,0.15000000000000002,0.5,sigmoid,sgd,0.0,64,gaussian,"(-0.5, 0.5)",20,0.12516657918738902,0.52,77
[4],0.049999999999999996,0.012,0.004,0.15000000000000002,0.7000000000000001,tanh,adam,0.0,16,he,"(-0.1, 0.1)",15,0.025467151685163933,1.0,78
[6],0.16999999999999998,0.004,0.002,0.0,0.0,tanh,adam,0.04,64,range,"(-0.5, 0.5)",15,0.019424624897067096,1.0,79
[4],0.15,0.01,0.002,0.1,0.30000000000000004,sigmoid,sgd,0.03,8,xavier,"(-0.1, 0.1)",15,0.05410690902818361,0.96,80
[3],0.18999999999999997,0.0,0.006,0.2,0.0,sigmoid,sgd,0.03,64,xavier,"(-0.7, 0.7)",15,0.12572226768556893,0.64,81
[3],0.049999999999999996,0.016,0.004,0.05,0.5,tanh,sgd,0.02,16,range,"(-0.1, 0.1)",20,0.04871196430741063,0.96,82
[5],0.08999999999999998,0.0,0.008,0.2,0.2,tanh,adam,0.0,32,glorot,"(-0.7, 0.7)",20,0.04900046641072007,0.8,83
[6],0.12999999999999998,0.004,0.004,0.15000000000000002,0.2,tanh,sgd,0.01,32,xavier,"(-0.5, 0.5)",15,0.09065403099330786,0.72,84
[6],0.12999999999999998,0.016,0.008,0.05,0.6000000000000001,sigmoid,adam,0.01,32,gaussian,"(-0.5, 0.5)",20,0.048497846768087986,1.0,85
[3],0.16999999999999998,0.006,0.0,0.1,0.6000000000000001,sigmoid,sgd,0.01,16,glorot,"(-0.1, 0.1)",20,0.04375056281824264,0.96,86
[5],0.01,0.006,0.002,0.25,0.1,tanh,sgd,0.04,16,glorot,"(-0.1, 0.1)",30,0.11611664038738095,0.68,87
[5],0.08999999999999998,0.012,0.006,0.2,0.5,tanh,adam,0.02,64,glorot,"(-0.1, 0.1)",30,0.031869319264611284,1.0,88
[6],0.10999999999999997,0.006,0.004,0.1,0.6000000000000001,sigmoid,sgd,0.01,8,he,"(-0.7, 0.7)",30,0.04481498265870962,0.96,89
[6],0.08999999999999998,0.004,0.002,0.1,0.30000000000000004,tanh,sgd,0.03,32,he,"(-0.5, 0.5)",30,0.06181342473361829,0.84,90
[6],0.15,0.004,0.004,0.05,0.2,tanh,sgd,0.04,8,range,"(-0.1, 0.1)",15,0.02129696137039074,0.96,91
[3],0.01,0.012,0.002,0.25,0.30000000000000004,sigmoid,sgd,0.0,16,range,"(-0.5, 0.5)",20,0.12518846799323055,0.6,92
[3],0.18999999999999997,0.018000000000000002,0.006,0.25,0.7000000000000001,sigmoid,sgd,0.04,64,gaussian,"(-0.1, 0.1)",30,0.12499702602551972,0.56,93
[5],0.16999999999999998,0.008,0.0,0.2,0.6000000000000001,sigmoid,sgd,0.0,16,xavier,"(-0.1, 0.1)",30,0.037618440029243146,1.0,94
[5],0.10999999999999997,0.008,0.006,0.0,0.5,tanh,adam,0.04,16,xavier,"(-0.5, 0.5)",30,0.02393928602195381,1.0,95
[3],0.01,0.002,0.006,0.15000000000000002,0.6000000000000001,tanh,sgd,0.0,16,gaussian,"(-0.5, 0.5)",20,0.12873450047376594,0.56,96
[5],0.18999999999999997,0.002,0.008,0.0,0.30000000000000004,sigmoid,adam,0.02,8,gaussian,"(-0.7, 0.7)",20,0.02994449948030452,1.0,97
[3],0.049999999999999996,0.01,0.0,0.05,0.2,tanh,sgd,0.02,16,range,"(-0.1, 0.1)",30,0.08114779921953086,0.76,98
[6],0.16999999999999998,0.01,0.006,0.25,0.2,sigmoid,adam,0.0,8,glorot,"(-0.1, 0.1)",15,0.05835578391528609,1.0,99
[5],0.18999999999999997,0.018000000000000002,0.008,0.15000000000000002,0.5,sigmoid,adam,0.03,64,xavier,"(-0.5, 0.5)",30,0.08488526245743837,1.0,100
[6],0.12999999999999998,0.004,0.008,0.25,0.6000000000000001,sigmoid,adam,0.01,8,gaussian,"(-0.5, 0.5)",15,0.0673138340598297,0.9166666666666666,1
[6],0.049999999999999996,0.012,0.004,0.1,0.1,sigmoid,sgd,0.02,64,he,"(-0.5, 0.5)",15,0.1279447678052616,0.5833333333333334,2
[4],0.03,0.004,0.006,0.15000000000000002,0.8,tanh,sgd,0.0,8,he,"(-0.7, 0.7)",15,0.04711941870897314,0.9166666666666666,3
[5],0.12999999999999998,0.0,0.004,0.15000000000000002,0.6000000000000001,sigmoid,sgd,0.04,16,glorot,"(-0.1, 0.1)",15,0.05250850316333948,0.9166666666666666,4
[5],0.08999999999999998,0.008,0.006,0.05,0.1,sigmoid,adam,0.02,64,he,"(-0.5, 0.5)",15,0.06257492083296388,0.9166666666666666,5
[5],0.08999999999999998,0.006,0.006,0.2,0.30000000000000004,tanh,sgd,0.01,32,gaussian,"(-0.5, 0.5)",20,0.1307084802684836,0.5416666666666666,6
[6],0.10999999999999997,0.014,0.004,0.15000000000000002,0.2,tanh,adam,0.04,16,glorot,"(-0.5, 0.5)",15,0.06135373392575916,0.9166666666666666,7
[6],0.10999999999999997,0.008,0.006,0.2,0.30000000000000004,tanh,adam,0.02,64,he,"(-0.1, 0.1)",30,0.0432865388293171,0.9166666666666666,8
[4],0.18999999999999997,0.016,0.002,0.25,0.8,sigmoid,adam,0.01,64,he,"(-0.7, 0.7)",15,0.07468286699559547,0.9166666666666666,9
[6],0.15,0.004,0.004,0.05,0.4,sigmoid,adam,0.03,8,glorot,"(-0.7, 0.7)",20,0.06080835236590191,0.9166666666666666,10
[6],0.16999999999999998,0.016,0.006,0.2,0.0,tanh,sgd,0.0,16,he,"(-0.1, 0.1)",30,0.05676652796448428,0.9166666666666666,11
[3],0.18999999999999997,0.012,0.004,0.15000000000000002,0.1,sigmoid,sgd,0.02,16,range,"(-0.7, 0.7)",30,0.08455053494728611,0.9166666666666666,12
[4],0.15,0.01,0.006,0.15000000000000002,0.8,sigmoid,adam,0.0,64,gaussian,"(-0.5, 0.5)",20,0.07190974267877487,0.9166666666666666,13
[3],0.03,0.004,0.004,0.1,0.5,tanh,sgd,0.04,64,he,"(-0.5, 0.5)",15,0.131528098500088,0.3333333333333333,14
[6],0.15,0.01,0.0,0.1,0.0,sigmoid,sgd,0.02,8,xavier,"(-0.7, 0.7)",15,0.05654186558156081,0.9166666666666666,15
[4],0.16999999999999998,0.004,0.004,0.2,0.6000000000000001,tanh,sgd,0.03,16,xavier,"(-0.7, 0.7)",30,0.039539238379717394,0.9166666666666666,16
[6],0.12999999999999998,0.0,0.008,0.05,0.7000000000000001,tanh,adam,0.0,16,xavier,"(-0.5, 0.5)",30,0.04322611046231428,0.9166666666666666,17
[3],0.18999999999999997,0.002,0.008,0.05,0.5,tanh,sgd,0.03,8,he,"(-0.7, 0.7)",20,0.035762265958147126,0.9166666666666666,18
[5],0.18999999999999997,0.012,0.008,0.15000000000000002,0.1,tanh,adam,0.03,16,he,"(-0.7, 0.7)",30,0.06007580226417915,0.9166666666666666,19
[3],0.049999999999999996,0.01,0.0,0.05,0.4,sigmoid,sgd,0.02,16,range,"(-0.5, 0.5)",20,0.12165089835410667,0.5833333333333334,20
[4],0.18999999999999997,0.012,0.006,0.05,0.7000000000000001,sigmoid,sgd,0.03,32,xavier,"(-0.1, 0.1)",20,0.0651897310608268,0.9166666666666666,21
[6],0.18999999999999997,0.0,0.004,0.0,0.7000000000000001,sigmoid,sgd,0.03,64,glorot,"(-0.7, 0.7)",20,0.08136392269353089,0.9166666666666666,22
[6],0.15,0.014,0.002,0.0,0.0,sigmoid,adam,0.0,32,xavier,"(-0.7, 0.7)",20,0.06428084296348219,0.9166666666666666,23
[4],0.15,0.018000000000000002,0.006,0.2,0.8,sigmoid,sgd,0.02,32,range,"(-0.1, 0.1)",30,0.07466557149147728,0.9166666666666666,24
[6],0.16999999999999998,0.006,0.006,0.0,0.30000000000000004,tanh,sgd,0.03,32,he,"(-0.1, 0.1)",20,0.04669664788280474,0.9166666666666666,25
[3],0.06999999999999999,0.006,0.008,0.25,0.5,tanh,sgd,0.04,16,xavier,"(-0.1, 0.1)",15,0.04320246636071838,0.9166666666666666,26
[5],0.16999999999999998,0.008,0.008,0.2,0.2,tanh,adam,0.02,32,range,"(-0.7, 0.7)",15,0.055974896457562706,0.9166666666666666,27
[4],0.12999999999999998,0.0,0.004,0.25,0.2,sigmoid,sgd,0.01,32,xavier,"(-0.7, 0.7)",20,0.09931886260629033,0.9166666666666666,28
[6],0.049999999999999996,0.018000000000000002,0.004,0.25,0.6000000000000001,tanh,adam,0.0,8,glorot,"(-0.7, 0.7)",30,0.05396823295591332,0.9166666666666666,29
[5],0.10999999999999997,0.014,0.006,0.1,0.0,sigmoid,adam,0.02,8,range,"(-0.5, 0.5)",15,0.09534363133351771,0.9166666666666666,30
[6],0.06999999999999999,0.014,0.004,0.1,0.4,tanh,sgd,0.04,64,he,"(-0.7, 0.7)",15,0.07861049326964029,0.9166666666666666,31
[3],0.03,0.014,0.0,0.0,0.2,tanh,adam,0.0,64,xavier,"(-0.7, 0.7)",15,0.04310143639177527,0.9166666666666666,32
[5],0.049999999999999996,0.008,0.0,0.25,0.5,tanh,sgd,0.02,16,gaussian,"(-0.5, 0.5)",30,0.1284816682923461,0.5416666666666666,33
[5],0.06999999999999999,0.012,0.0,0.25,0.1,sigmoid,sgd,0.03,8,xavier,"(-0.7, 0.7)",15,0.11738849876551563,0.875,34
[6],0.01,0.0,0.004,0.0,0.6000000000000001,sigmoid,adam,0.0,16,glorot,"(-0.1, 0.1)",30,0.04543004093644311,0.9166666666666666,35
[3],0.03,0.01,0.004,0.1,0.2,tanh,sgd,0.01,8,range,"(-0.7, 0.7)",15,0.05683675768454778,0.9166666666666666,36
[4],0.15,0.01,0.002,0.25,0.2,tanh,adam,0.01,8,gaussian,"(-0.1, 0.1)",15,0.04704131417662957,0.9166666666666666,37
[6],0.10999999999999997,0.012,0.004,0.05,0.30000000000000004,tanh,sgd,0.01,32,gaussian,"(-0.7, 0.7)",20,0.13591034145748337,0.8333333333333334,38
[4],0.16999999999999998,0.018000000000000002,0.008,0.05,0.6000000000000001,tanh,sgd,0.01,64,glorot,"(-0.1, 0.1)",15,0.0531143259083052,0.9166666666666666,39
[6],0.18999999999999997,0.002,0.008,0.0,0.5,tanh,sgd,0.03,64,he,"(-0.7, 0.7)",30,0.04680412618894226,0.9166666666666666,40
[4],0.15,0.002,0.0,0.2,0.1,sigmoid,adam,0.01,8,gaussian,"(-0.5, 0.5)",30,0.04226052174113308,0.9166666666666666,41
[5],0.16999999999999998,0.012,0.006,0.25,0.6000000000000001,sigmoid,sgd,0.02,8,he,"(-0.1, 0.1)",30,0.0687905559479288,0.9166666666666666,42
[4],0.049999999999999996,0.016,0.004,0.15000000000000002,0.1,tanh,adam,0.01,8,xavier,"(-0.1, 0.1)",20,0.0462190533961199,0.9166666666666666,43
[3],0.15,0.018000000000000002,0.008,0.0,0.4,sigmoid,sgd,0.0,16,gaussian,"(-0.1, 0.1)",20,0.07825538681277767,0.9166666666666666,44
[5],0.16999999999999998,0.016,0.004,0.05,0.5,sigmoid,adam,0.0,8,he,"(-0.5, 0.5)",20,0.0783959708432857,0.875,45
[3],0.08999999999999998,0.018000000000000002,0.0,0.15000000000000002,0.7000000000000001,tanh,sgd,0.03,16,he,"(-0.1, 0.1)",20,0.04755599115152886,0.9166666666666666,46
[3],0.18999999999999997,0.002,0.002,0.25,0.8,sigmoid,sgd,0.0,16,gaussian,"(-0.5, 0.5)",20,0.04446441624760772,0.9166666666666666,47
[6],0.049999999999999996,0.004,0.0,0.2,0.6000000000000001,sigmoid,adam,0.01,64,he,"(-0.5, 0.5)",15,0.04543484773758952,0.9166666666666666,48
[5],0.03,0.016,0.0,0.05,0.30000000000000004,sigmoid,adam,0.0,64,he,"(-0.5, 0.5)",20,0.06576963639026412,0.9166666666666666,49
[3],0.16999999999999998,0.014,0.0,0.1,0.30000000000000004,tanh,adam,0.04,16,glorot,"(-0.5, 0.5)",30,0.05035052811972866,0.9166666666666666,50
[6],0.06999999999999999,0.016,0.002,0.05,0.0,tanh,sgd,0.01,32,gaussian,"(-0.5, 0.5)",15,0.13226552585297927,0.5,51
[6],0.08999999999999998,0.002,0.002,0.2,0.30000000000000004,tanh,adam,0.0,16,he,"(-0.1, 0.1)",15,0.03396210533965574,0.9166666666666666,52
[4],0.16999999999999998,0.012,0.004,0.15000000000000002,0.1,sigmoid,sgd,0.03,8,range,"(-0.7, 0.7)",15,0.06315542130270209,0.9166666666666666,53
[6],0.049999999999999996,0.006,0.004,0.1,0.5,tanh,adam,0.02,64,he,"(-0.1, 0.1)",15,0.04391045340996376,0.9166666666666666,54
[4],0.049999999999999996,0.018000000000000002,0.0,0.05,0.1,sigmoid,adam,0.03,32,glorot,"(-0.1, 0.1)",30,0.08001053460181871,0.9166666666666666,55
[5],0.06999999999999999,0.014,0.004,0.15000000000000002,0.4,sigmoid,sgd,0.01,32,range,"(-0.1, 0.1)",15,0.1247859009394907,0.5416666666666666,56
[5],0.049999999999999996,0.002,0.002,0.1,0.6000000000000001,sigmoid,adam,0.02,16,gaussian,"(-0.5, 0.5)",20,0.04133347161676071,0.9166666666666666,57
[4],0.03,0.014,0.0,0.05,0.1,sigmoid,sgd,0.01,16,xavier,"(-0.5, 0.5)",20,0.11598232370943823,0.8333333333333334,58
[3],0.18999999999999997,0.018000000000000002,0.004,0.0,0.0,sigmoid,sgd,0.03,16,gaussian,"(-0.5, 0.5)",15,0.13366235536719331,0.625,59
[3],0.15,0.0,0.002,0.2,0.6000000000000001,tanh,adam,0.0,64,glorot,"(-0.1, 0.1)",20,0.03180173791533844,0.9166666666666666,60
[4],0.049999999999999996,0.008,0.004,0.15000000000000002,0.2,sigmoid,sgd,0.02,64,glorot,"(-0.7, 0.7)",20,0.12482717309012271,0.5416666666666666,61
[3],0.03,0.008,0.006,0.05,0.6000000000000001,sigmoid,sgd,0.04,8,glorot,"(-0.7, 0.7)",20,0.10343302737402414,0.8333333333333334,62
[6],0.16999999999999998,0.014,0.004,0.2,0.8,tanh,adam,0.02,16,gaussian,"(-0.5, 0.5)",30,0.061715174223613695,0.9166666666666666,63
[4],0.01,0.008,0.0,0.15000000000000002,0.8,tanh,sgd,0.01,8,xavier,"(-0.7, 0.7)",15,0.04324838292070215,0.9166666666666666,64
[5],0.16999999999999998,0.0,0.002,0.2,0.6000000000000001,tanh,sgd,0.01,16,range,"(-0.5, 0.5)",30,0.041237534239052784,0.9166666666666666,65
[5],0.18999999999999997,0.0,0.004,0.2,0.2,sigmoid,adam,0.04,32,xavier,"(-0.5, 0.5)",15,0.05284028351351249,0.9166666666666666,66
[3],0.01,0.006,0.008,0.05,0.0,tanh,sgd,0.02,16,xavier,"(-0.5, 0.5)",30,0.12990654293964624,0.375,67
[4],0.10999999999999997,0.0,0.0,0.05,0.2,sigmoid,adam,0.0,32,glorot,"(-0.7, 0.7)",15,0.04101964844465419,0.9166666666666666,68
[5],0.08999999999999998,0.01,0.002,0.05,0.6000000000000001,tanh,adam,0.01,32,xavier,"(-0.7, 0.7)",30,0.04140964382751764,0.9166666666666666,69
[4],0.12999999999999998,0.008,0.004,0.05,0.2,sigmoid,adam,0.04,8,xavier,"(-0.7, 0.7)",20,0.058175836510034315,0.9166666666666666,70
[4],0.18999999999999997,0.002,0.006,0.05,0.5,sigmoid,sgd,0.02,32,xavier,"(-0.7, 0.7)",15,0.05942965626133577,0.9166666666666666,71
[5],0.15,0.0,0.004,0.05,0.30000000000000004,sigmoid,adam,0.02,8,gaussian,"(-0.1, 0.1)",20,0.03855332765816387,0.9166666666666666,72
[6],0.12999999999999998,0.004,0.006,0.15000000000000002,0.6000000000000001,tanh,adam,0.0,64,range,"(-0.7, 0.7)",30,0.04835092261135242,0.9166666666666666,73
[4],0.049999999999999996,0.014,0.0,0.0,0.4,sigmoid,adam,0.02,8,gaussian,"(-0.5, 0.5)",15,0.06302325860648932,0.9166666666666666,74
[6],0.049999999999999996,0.002,0.008,0.0,0.5,tanh,sgd,0.03,16,range,"(-0.5, 0.5)",15,0.047373450662473504,0.9166666666666666,75
[3],0.03,0.01,0.002,0.05,0.6000000000000001,tanh,adam,0.02,16,gaussian,"(-0.1, 0.1)",20,0.0430640385290435,0.9166666666666666,76
[6],0.049999999999999996,0.0,0.004,0.0,0.6000000000000001,sigmoid,adam,0.04,64,xavier,"(-0.1, 0.1)",15,0.04281605710230812,0.9166666666666666,77
[4],0.049999999999999996,0.008,0.0,0.15000000000000002,0.1,tanh,adam,0.03,64,he,"(-0.1, 0.1)",30,0.044521714862187506,0.9166666666666666,78
[6],0.049999999999999996,0.01,0.006,0.1,0.2,tanh,sgd,0.02,64,glorot,"(-0.5, 0.5)",15,0.12261960685487341,0.5833333333333334,79
[5],0.18999999999999997,0.0,0.002,0.25,0.1,sigmoid,adam,0.04,64,range,"(-0.1, 0.1)",30,0.035375067675652905,0.9166666666666666,80
[3],0.12999999999999998,0.016,0.006,0.2,0.7000000000000001,sigmoid,adam,0.02,8,glorot,"(-0.7, 0.7)",15,0.07439949167623279,0.9166666666666666,81
[4],0.03,0.014,0.002,0.05,0.30000000000000004,sigmoid,sgd,0.0,64,gaussian,"(-0.7, 0.7)",20,0.1469294148337443,0.4583333333333333,82
[4],0.049999999999999996,0.018000000000000002,0.004,0.1,0.1,sigmoid,adam,0.04,64,range,"(-0.5, 0.5)",20,0.07351607996223983,0.9166666666666666,83
[6],0.01,0.018000000000000002,0.008,0.2,0.6000000000000001,sigmoid,adam,0.01,16,range,"(-0.7, 0.7)",30,0.07790194653571503,0.9166666666666666,84
[3],0.03,0.018000000000000002,0.0,0.1,0.8,tanh,adam,0.02,64,glorot,"(-0.7, 0.7)",30,0.05230528721511381,0.9166666666666666,85
[6],0.01,0.004,0.004,0.15000000000000002,0.2,tanh,sgd,0.03,32,xavier,"(-0.1, 0.1)",30,0.1202227823432765,0.5833333333333334,86
[6],0.08999999999999998,0.01,0.0,0.1,0.4,tanh,adam,0.03,8,xavier,"(-0.1, 0.1)",20,0.048949009864554145,0.9166666666666666,87
[6],0.10999999999999997,0.008,0.006,0.2,0.1,sigmoid,adam,0.01,64,glorot,"(-0.7, 0.7)",20,0.06007107967753767,0.9166666666666666,88
[3],0.16999999999999998,0.004,0.0,0.1,0.8,tanh,sgd,0.04,8,xavier,"(-0.1, 0.1)",15,0.03154679208016592,0.9166666666666666,89
[3],0.06999999999999999,0.0,0.006,0.0,0.5,sigmoid,adam,0.02,64,range,"(-0.5, 0.5)",30,0.0482517226164449,0.9166666666666666,90
[3],0.01,0.006,0.004,0.15000000000000002,0.7000000000000001,sigmoid,adam,0.04,32,he,"(-0.1, 0.1)",20,0.10101205387803802,0.875,91
[3],0.08999999999999998,0.0,0.006,0.0,0.2,sigmoid,sgd,0.01,16,he,"(-0.7, 0.7)",20,0.1163581057474766,0.7083333333333334,92
[3],0.01,0.014,0.002,0.25,0.2,sigmoid,sgd,0.02,32,he,"(-0.5, 0.5)",20,0.13047103578174069,0.375,93
[5],0.15,0.008,0.002,0.15000000000000002,0.4,tanh,sgd,0.0,32,range,"(-0.7, 0.7)",30,0.04797858109136457,0.9166666666666666,94
[5],0.08999999999999998,0.002,0.006,0.0,0.5,tanh,adam,0.02,32,he,"(-0.1, 0.1)",15,0.04336458174549961,0.9166666666666666,95
[4],0.01,0.018000000000000002,0.006,0.25,0.5,sigmoid,sgd,0.03,32,he,"(-0.5, 0.5)",20,0.1275706315006628,0.5833333333333334,96
[6],0.01,0.018000000000000002,0.008,0.05,0.5,sigmoid,adam,0.02,32,xavier,"(-0.7, 0.7)",30,0.0868700993545108,0.9166666666666666,97
[4],0.08999999999999998,0.002,0.006,0.05,0.4,sigmoid,adam,0.0,16,he,"(-0.1, 0.1)",30,0.04849123168248681,0.9166666666666666,98
[5],0.12999999999999998,0.01,0.004,0.1,0.4,tanh,sgd,0.03,8,range,"(-0.7, 0.7)",30,0.048511480432937557,0.9166666666666666,99
[3],0.15,0.006,0.008,0.0,0.6000000000000001,tanh,adam,0.0,16,xavier,"(-0.1, 0.1)",20,0.041856247109905056,0.9166666666666666,100
[6],0.18999999999999997,0.014,0.002,0.1,0.2,sigmoid,adam,0.02,16,he,"(-0.7, 0.7)",15,0.0490625730850518,0.9583333333333334,1
[3],0.15,0.008,0.002,0.05,0.2,tanh,sgd,0.01,64,glorot,"(-0.5, 0.5)",20,0.037369020565212616,0.9583333333333334,2
[6],0.12999999999999998,0.0,0.0,0.2,0.30000000000000004,tanh,sgd,0.02,16,gaussian,"(-0.7, 0.7)",15,0.02569609392451481,0.9583333333333334,3
[4],0.06999999999999999,0.01,0.004,0.05,0.1,tanh,adam,0.01,8,gaussian,"(-0.5, 0.5)",20,0.03427582615171122,0.9583333333333334,4
[6],0.16999999999999998,0.018000000000000002,0.008,0.1,0.6000000000000001,sigmoid,adam,0.03,32,xavier,"(-0.1, 0.1)",20,0.06941775115409199,0.9583333333333334,5
[3],0.06999999999999999,0.006,0.002,0.05,0.0,sigmoid,sgd,0.02,8,glorot,"(-0.7, 0.7)",20,0.08752030161831093,0.9583333333333334,6
[3],0.18999999999999997,0.0,0.0,0.25,0.0,sigmoid,sgd,0.03,64,glorot,"(-0.1, 0.1)",30,0.1216263249593283,0.5,7
[5],0.15,0.004,0.002,0.25,0.0,tanh,adam,0.0,32,range,"(-0.7, 0.7)",30,0.02943023353536191,0.9583333333333334,8
[4],0.12999999999999998,0.002,0.008,0.25,0.1,tanh,sgd,0.0,64,xavier,"(-0.7, 0.7)",15,0.03254010022643383,0.9583333333333334,9
[5],0.16999999999999998,0.006,0.004,0.25,0.6000000000000001,tanh,sgd,0.0,64,xavier,"(-0.7, 0.7)",20,0.02854623362934307,0.9583333333333334,10
[5],0.06999999999999999,0.0,0.0,0.25,0.1,sigmoid,adam,0.01,8,range,"(-0.1, 0.1)",30,0.019606096597469935,0.9583333333333334,11
[3],0.08999999999999998,0.006,0.006,0.1,0.4,tanh,sgd,0.0,16,gaussian,"(-0.5, 0.5)",20,0.034798244557314666,0.9583333333333334,12
[5],0.12999999999999998,0.002,0.0,0.0,0.0,sigmoid,sgd,0.02,32,glorot,"(-0.7, 0.7)",20,0.10401217678742607,0.8333333333333334,13
[3],0.10999999999999997,0.01,0.002,0.0,0.6000000000000001,tanh,adam,0.02,64,glorot,"(-0.5, 0.5)",30,0.02771166993349051,0.9583333333333334,14
[4],0.03,0.004,0.0,0.05,0.1,tanh,adam,0.04,64,xavier,"(-0.7, 0.7)",20,0.023001112724519643,0.9583333333333334,15
[5],0.18999999999999997,0.0,0.002,0.15000000000000002,0.7000000000000001,sigmoid,adam,0.03,8,gaussian,"(-0.5, 0.5)",30,0.02518902794996161,0.9583333333333334,16
[5],0.01,0.016,0.008,0.25,0.30000000000000004,tanh,sgd,0.03,16,glorot,"(-0.5, 0.5)",30,0.1206919007286103,0.6666666666666666,17
[6],0.049999999999999996,0.016,0.008,0.0,0.0,sigmoid,adam,0.03,16,gaussian,"(-0.5, 0.5)",20,0.07817186622506639,0.9583333333333334,18
[4],0.10999999999999997,0.008,0.0,0.2,0.30000000000000004,tanh,adam,0.01,8,glorot,"(-0.5, 0.5)",30,0.02434621713202668,0.9583333333333334,19
[6],0.03,0.014,0.006,0.1,0.1,tanh,sgd,0.0,64,glorot,"(-0.1, 0.1)",30,0.12810371859332526,0.7083333333333334,20
[3],0.03,0.018000000000000002,0.008,0.25,0.4,sigmoid,adam,0.02,32,gaussian,"(-0.1, 0.1)",20,0.06726746729828383,0.9583333333333334,21
[5],0.16999999999999998,0.018000000000000002,0.008,0.15000000000000002,0.5,tanh,sgd,0.0,16,gaussian,"(-0.5, 0.5)",20,0.046682688490416235,0.9583333333333334,22
[5],0.16999999999999998,0.016,0.004,0.25,0.1,sigmoid,sgd,0.03,16,glorot,"(-0.1, 0.1)",20,0.08915306415344246,0.9583333333333334,23
[4],0.06999999999999999,0.002,0.006,0.05,0.7000000000000001,sigmoid,adam,0.0,64,gaussian,"(-0.7, 0.7)",30,0.056131789827962575,0.9583333333333334,24
[3],0.15,0.014,0.008,0.2,0.2,tanh,sgd,0.04,8,range,"(-0.5, 0.5)",30,0.035611633422722624,0.9583333333333334,25
[6],0.16999999999999998,0.004,0.008,0.05,0.2,sigmoid,adam,0.04,32,range,"(-0.5, 0.5)",20,0.053762432400837605,0.9583333333333334,26
[4],0.08999999999999998,0.012,0.004,0.1,0.7000000000000001,sigmoid,sgd,0.03,32,range,"(-0.5, 0.5)",30,0.09958289582845999,0.9166666666666666,27
[4],0.06999999999999999,0.006,0.008,0.25,0.4,tanh,sgd,0.01,32,gaussian,"(-0.5, 0.5)",30,0.14561415006528536,0.375,28
[6],0.18999999999999997,0.018000000000000002,0.006,0.25,0.8,tanh,adam,0.0,8,gaussian,"(-0.5, 0.5)",15,0.0581550584946452,0.9583333333333334,29
[3],0.01,0.006,0.004,0.05,0.4,tanh,sgd,0.0,32,xavier,"(-0.7, 0.7)",15,0.1283348932259074,0.4166666666666667,30
[5],0.15,0.002,0.008,0.25,0.8,sigmoid,adam,0.01,32,gaussian,"(-0.5, 0.5)",20,0.04399444893714521,0.9583333333333334,31
[6],0.10999999999999997,0.016,0.0,0.0,0.4,sigmoid,adam,0.01,32,range,"(-0.7, 0.7)",30,0.07559062469229759,0.9583333333333334,32
[4],0.06999999999999999,0.008,0.006,0.05,0.1,sigmoid,sgd,0.04,8,glorot,"(-0.1, 0.1)",20,0.08036692079800666,0.9166666666666666,33
[5],0.16999999999999998,0.008,0.002,0.05,0.4,sigmoid,adam,0.03,16,gaussian,"(-0.1, 0.1)",20,0.046368079055114655,0.9583333333333334,34
[3],0.18999999999999997,0.008,0.006,0.2,0.8,tanh,sgd,0.02,16,xavier,"(-0.7, 0.7)",15,0.027077707233314523,0.9583333333333334,35
[4],0.12999999999999998,0.016,0.008,0.15000000000000002,0.1,tanh,sgd,0.01,32,he,"(-0.5, 0.5)",20,0.04232250008798178,0.9583333333333334,36
[4],0.18999999999999997,0.016,0.006,0.2,0.0,sigmoid,adam,0.03,16,range,"(-0.7, 0.7)",15,0.06981828454822248,0.9583333333333334,37
[3],0.10999999999999997,0.012,0.0,0.15000000000000002,0.4,tanh,sgd,0.04,32,range,"(-0.7, 0.7)",20,0.04122017775180467,0.9583333333333334,38
[6],0.01,0.008,0.002,0.1,0.8,sigmoid,sgd,0.01,8,gaussian,"(-0.1, 0.1)",30,0.126116955149546,0.4166666666666667,39
[4],0.12999999999999998,0.002,0.002,0.2,0.6000000000000001,sigmoid,sgd,0.0,64,he,"(-0.1, 0.1)",15,0.07715055032708752,0.9583333333333334,40
[3],0.01,0.004,0.004,0.2,0.1,sigmoid,adam,0.03,64,glorot,"(-0.7, 0.7)",20,0.08774048634714285,0.9166666666666666,41
[6],0.10999999999999997,0.0,0.006,0.25,0.1,sigmoid,sgd,0.04,8,gaussian,"(-0.5, 0.5)",30,0.11605142455348884,0.625,42
[3],0.08999999999999998,0.008,0.008,0.0,0.4,tanh,adam,0.03,8,glorot,"(-0.1, 0.1)",30,0.03075962109432107,0.9583333333333334,43
[4],0.049999999999999996,0.012,0.008,0.1,0.2,tanh,adam,0.0,16,gaussian,"(-0.1, 0.1)",15,0.03238504136806944,0.9583333333333334,44
[6],0.16999999999999998,0.016,0.0,0.1,0.30000000000000004,tanh,sgd,0.03,16,xavier,"(-0.1, 0.1)",15,0.028234262386295072,0.9583333333333334,45
[5],0.06999999999999999,0.002,0.002,0.25,0.0,tanh,sgd,0.02,8,he,"(-0.1, 0.1)",15,0.025084576121107618,0.9583333333333334,46
[6],0.10999999999999997,0.01,0.002,0.25,0.30000000000000004,sigmoid,adam,0.04,8,xavier,"(-0.5, 0.5)",20,0.04871987831121944,0.9583333333333334,47
[6],0.10999999999999997,0.018000000000000002,0.004,0.25,0.2,tanh,adam,0.03,16,gaussian,"(-0.5, 0.5)",15,0.035256542727541494,0.9583333333333334,48
[4],0.12999999999999998,0.008,0.004,0.05,0.5,tanh,adam,0.03,32,he,"(-0.5, 0.5)",30,0.05931985753473113,0.9583333333333334,49
[3],0.049999999999999996,0.018000000000000002,0.0,0.1,0.2,sigmoid,adam,0.0,8,gaussian,"(-0.7, 0.7)",30,0.05612924708859515,0.9583333333333334,50
[3],0.18999999999999997,0.018000000000000002,0.006,0.2,0.30000000000000004,sigmoid,adam,0.04,64,xavier,"(-0.5, 0.5)",20,0.06478526759950773,0.9583333333333334,51
[4],0.18999999999999997,0.008,0.002,0.15000000000000002,0.8,sigmoid,adam,0.02,8,xavier,"(-0.7, 0.7)",30,0.046691266028778856,0.9583333333333334,52
[4],0.16999999999999998,0.004,0.006,0.05,0.2,sigmoid,adam,0.02,8,xavier,"(-0.5, 0.5)",15,0.04060332883119777,0.9583333333333334,53
[3],0.08999999999999998,0.01,0.002,0.0,0.30000000000000004,tanh,adam,0.03,64,gaussian,"(-0.1, 0.1)",30,0.023227310176317212,0.9583333333333334,54
[5],0.03,0.016,0.004,0.25,0.4,sigmoid,adam,0.03,32,range,"(-0.7, 0.7)",15,0.06114348823306151,0.9583333333333334,55
[5],0.12999999999999998,0.006,0.008,0.15000000000000002,0.5,tanh,adam,0.03,8,range,"(-0.1, 0.1)",20,0.03823477505927352,0.9583333333333334,56
[4],0.06999999999999999,0.002,0.008,0.25,0.4,sigmoid,sgd,0.01,16,he,"(-0.7, 0.7)",30,0.08346558550798432,0.9583333333333334,57
[3],0.06999999999999999,0.012,0.004,0.25,0.1,tanh,adam,0.03,16,range,"(-0.1, 0.1)",30,0.034027401230837216,0.9583333333333334,58
[6],0.01,0.006,0.0,0.05,0.2,sigmoid,sgd,0.04,16,gaussian,"(-0.1, 0.1)",20,0.1262799799747836,0.5,59
[4],0.16999999999999998,0.012,0.008,0.2,0.0,tanh,sgd,0.01,64,range,"(-0.5, 0.5)",20,0.04025709070927811,0.9583333333333334,60
[4],0.06999999999999999,0.012,0.008,0.05,0.2,tanh,sgd,0.02,64,range,"(-0.7, 0.7)",15,0.08321138558539203,0.9166666666666666,61
[4],0.12999999999999998,0.012,0.002,0.0,0.0,sigmoid,adam,0.01,8,xavier,"(-0.5, 0.5)",30,0.04361482694672232,0.9583333333333334,62
[3],0.16999999999999998,0.016,0.0,0.0,0.7000000000000001,sigmoid,sgd,0.03,64,he,"(-0.1, 0.1)",30,0.11823980173196949,0.7916666666666666,63
[6],0.06999999999999999,0.014,0.006,0.1,0.1,tanh,sgd,0.02,64,xavier,"(-0.1, 0.1)",20,0.08847321278822383,0.9583333333333334,64
[6],0.08999999999999998,0.006,0.0,0.25,0.0,sigmoid,sgd,0.03,16,he,"(-0.5, 0.5)",20,0.1150317143709987,0.5833333333333334,65
[3],0.049999999999999996,0.012,0.008,0.1,0.4,tanh,adam,0.04,32,glorot,"(-0.1, 0.1)",20,0.03775462179967997,0.9583333333333334,66
[6],0.049999999999999996,0.01,0.008,0.2,0.7000000000000001,tanh,adam,0.04,32,glorot,"(-0.7, 0.7)",15,0.03748147356364857,0.9583333333333334,67
[3],0.06999999999999999,0.014,0.002,0.0,0.30000000000000004,tanh,adam,0.04,8,xavier,"(-0.5, 0.5)",30,0.030746096683469917,0.9583333333333334,68
[3],0.03,0.004,0.006,0.2,0.6000000000000001,sigmoid,sgd,0.02,16,he,"(-0.1, 0.1)",30,0.12974091334073734,0.4583333333333333,69
[3],0.12999999999999998,0.012,0.008,0.25,0.8,tanh,sgd,0.01,64,glorot,"(-0.1, 0.1)",15,0.030733578098747577,0.9583333333333334,70
[5],0.06999999999999999,0.0,0.008,0.2,0.8,sigmoid,sgd,0.0,32,xavier,"(-0.7, 0.7)",15,0.06521087924706914,0.9583333333333334,71
[4],0.03,0.008,0.006,0.1,0.6000000000000001,tanh,sgd,0.04,8,gaussian,"(-0.1, 0.1)",30,0.028231758307556736,0.9583333333333334,72
[5],0.16999999999999998,0.018000000000000002,0.004,0.1,0.4,sigmoid,sgd,0.03,64,range,"(-0.1, 0.1)",20,0.12393357340072808,0.625,73
[4],0.12999999999999998,0.016,0.0,0.2,0.1,tanh,adam,0.0,32,range,"(-0.7, 0.7)",20,0.03211923119722871,0.9583333333333334,74
[6],0.12999999999999998,0.018000000000000002,0.006,0.05,0.5,tanh,adam,0.04,8,glorot,"(-0.1, 0.1)",20,0.04474749830447706,0.9583333333333334,75
[3],0.12999999999999998,0.006,0.002,0.1,0.6000000000000001,tanh,sgd,0.02,16,he,"(-0.1, 0.1)",20,0.02935652487943268,0.9583333333333334,76
[5],0.03,0.016,0.002,0.15000000000000002,0.5,tanh,sgd,0.04,32,xavier,"(-0.7, 0.7)",30,0.10427906216231426,0.9166666666666666,77
[4],0.15,0.006,0.002,0.25,0.30000000000000004,tanh,sgd,0.01,16,xavier,"(-0.7, 0.7)",20,0.03633786918323832,0.9583333333333334,78
[4],0.03,0.002,0.0,0.25,0.7000000000000001,sigmoid,sgd,0.03,32,range,"(-0.5, 0.5)",20,0.11711432883683628,0.625,79
[5],0.15,0.004,0.008,0.1,0.6000000000000001,sigmoid,sgd,0.0,64,glorot,"(-0.7, 0.7)",15,0.08459661906957568,0.9583333333333334,80
[5],0.12999999999999998,0.004,0.006,0.0,0.8,tanh,adam,0.0,8,xavier,"(-0.5, 0.5)",30,0.02891858314933144,0.9583333333333334,81
[3],0.10999999999999997,0.01,0.008,0.1,0.2,tanh,sgd,0.02,64,range,"(-0.5, 0.5)",20,0.09711266407522888,0.8333333333333334,82
[4],0.15,0.012,0.002,0.15000000000000002,0.5,tanh,adam,0.02,64,xavier,"(-0.7, 0.7)",15,0.025385094642654888,0.9583333333333334,83
[4],0.03,0.008,0.002,0.2,0.6000000000000001,tanh,sgd,0.01,16,glorot,"(-0.1, 0.1)",15,0.0274565308561787,0.9583333333333334,84
[6],0.15,0.004,0.008,0.2,0.5,tanh,adam,0.02,8,glorot,"(-0.1, 0.1)",30,0.035548087575316085,0.9583333333333334,85
[4],0.01,0.006,0.004,0.15000000000000002,0.1,tanh,adam,0.02,32,he,"(-0.7, 0.7)",30,0.035262386933374835,0.9583333333333334,86
[5],0.10999999999999997,0.0,0.006,0.0,0.5,sigmoid,sgd,0.02,32,he,"(-0.7, 0.7)",30,0.11022719184293103,0.9166666666666666,87
[6],0.15,0.002,0.006,0.2,0.4,tanh,sgd,0.01,32,glorot,"(-0.7, 0.7)",30,0.026510464801165392,0.9583333333333334,88
[6],0.03,0.002,0.002,0.1,0.30000000000000004,tanh,adam,0.02,32,range,"(-0.7, 0.7)",20,0.022194167256462925,0.9583333333333334,89
[5],0.15,0.01,0.008,0.2,0.7000000000000001,tanh,sgd,0.01,8,xavier,"(-0.7, 0.7)",15,0.03341515558549507,0.9583333333333334,90
[5],0.03,0.006,0.002,0.15000000000000002,0.1,sigmoid,sgd,0.03,8,gaussian,"(-0.5, 0.5)",30,0.1334504128132694,0.5,91
[3],0.03,0.008,0.008,0.05,0.1,tanh,adam,0.01,16,he,"(-0.5, 0.5)",30,0.029753889039075894,0.9583333333333334,92
[4],0.049999999999999996,0.016,0.002,0.0,0.0,tanh,adam,0.03,64,range,"(-0.5, 0.5)",30,0.05189164823824405,0.9583333333333334,93
[6],0.049999999999999996,0.016,0.002,0.2,0.7000000000000001,tanh,adam,0.02,64,range,"(-0.1, 0.1)",15,0.03127064433671764,0.9583333333333334,94
[6],0.08999999999999998,0.01,0.006,0.1,0.2,tanh,sgd,0.0,16,he,"(-0.5, 0.5)",20,0.029547860645063224,0.9583333333333334,95
[3],0.15,0.014,0.004,0.0,0.6000000000000001,tanh,sgd,0.0,32,xavier,"(-0.5, 0.5)",30,0.035225655403091985,0.9583333333333334,96
[6],0.12999999999999998,0.006,0.002,0.25,0.6000000000000001,tanh,sgd,0.02,8,glorot,"(-0.7, 0.7)",15,0.030234557976766052,0.9583333333333334,97
[5],0.08999999999999998,0.016,0.004,0.15000000000000002,0.30000000000000004,sigmoid,sgd,0.01,32,gaussian,"(-0.7, 0.7)",20,0.1579135300086223,0.5416666666666666,98
[6],0.08999999999999998,0.018000000000000002,0.006,0.05,0.5,sigmoid,sgd,0.0,8,xavier,"(-0.1, 0.1)",20,0.053561570410917025,0.9583333333333334,99
[5],0.049999999999999996,0.014,0.0,0.05,0.1,sigmoid,sgd,0.03,16,he,"(-0.5, 0.5)",20,0.12747743134023193,0.75,100
[6],0.10999999999999997,0.014,0.0,0.1,0.1,sigmoid,sgd,0.02,64,gaussian,"(-0.7, 0.7)",20,0.15381841925234715,0.4583333333333333,1
[4],0.06999999999999999,0.008,0.006,0.0,0.1,sigmoid,adam,0.03,16,gaussian,"(-0.1, 0.1)",20,0.07858005329467409,0.875,2
[3],0.16999999999999998,0.006,0.006,0.15000000000000002,0.4,tanh,sgd,0.0,8,he,"(-0.5, 0.5)",30,0.08127074662628986,0.8333333333333334,3
[5],0.06999999999999999,0.01,0.0,0.25,0.30000000000000004,sigmoid,sgd,0.03,32,gaussian,"(-0.1, 0.1)",20,0.12302003121723194,0.625,4
[3],0.12999999999999998,0.006,0.0,0.0,0.7000000000000001,sigmoid,adam,0.0,16,xavier,"(-0.5, 0.5)",15,0.07293098905048842,0.875,5
[5],0.01,0.0,0.004,0.25,0.2,sigmoid,sgd,0.03,16,he,"(-0.7, 0.7)",30,0.13212294338506153,0.375,6
[5],0.15,0.006,0.0,0.25,0.6000000000000001,tanh,sgd,0.02,8,glorot,"(-0.7, 0.7)",20,0.06012062242611967,0.875,7
[5],0.16999999999999998,0.014,0.002,0.2,0.2,tanh,adam,0.03,32,range,"(-0.7, 0.7)",15,0.07325005580648745,0.875,8
[3],0.16999999999999998,0.004,0.006,0.1,0.4,tanh,adam,0.0,64,xavier,"(-0.1, 0.1)",30,0.06327936821077747,0.875,9
[5],0.18999999999999997,0.006,0.004,0.25,0.1,tanh,sgd,0.04,64,range,"(-0.1, 0.1)",30,0.08464050217309183,0.875,10
[5],0.10999999999999997,0.012,0.004,0.0,0.1,sigmoid,sgd,0.01,16,gaussian,"(-0.1, 0.1)",15,0.12768684454333115,0.375,11
[6],0.06999999999999999,0.002,0.0,0.2,0.6000000000000001,tanh,adam,0.0,32,xavier,"(-0.7, 0.7)",30,0.054115031882516276,0.875,12
[3],0.01,0.006,0.006,0.0,0.7000000000000001,sigmoid,adam,0.04,64,he,"(-0.7, 0.7)",15,0.10983775897824119,0.7916666666666666,13
[5],0.16999999999999998,0.0,0.0,0.1,0.1,sigmoid,sgd,0.0,16,range,"(-0.5, 0.5)",15,0.0622611013281146,0.875,14
[4],0.16999999999999998,0.006,0.008,0.25,0.2,tanh,sgd,0.04,32,glorot,"(-0.7, 0.7)",30,0.06630338138249102,0.875,15
[6],0.03,0.004,0.002,0.2,0.6000000000000001,tanh,sgd,0.04,64,he,"(-0.5, 0.5)",30,0.0970806612920368,0.75,16
[5],0.10999999999999997,0.012,0.006,0.25,0.5,sigmoid,sgd,0.03,32,he,"(-0.5, 0.5)",20,0.1211842609237147,0.625,17
[6],0.01,0.0,0.004,0.2,0.0,sigmoid,adam,0.0,32,xavier,"(-0.1, 0.1)",20,0.06366641561557697,0.875,18
[3],0.08999999999999998,0.016,0.008,0.2,0.2,sigmoid,sgd,0.03,32,xavier,"(-0.1, 0.1)",20,0.13008694396244724,0.375,19
[5],0.18999999999999997,0.006,0.002,0.1,0.4,sigmoid,adam,0.04,16,gaussian,"(-0.7, 0.7)",20,0.0780883912368465,0.8333333333333334,20
[6],0.049999999999999996,0.014,0.008,0.0,0.4,sigmoid,adam,0.0,8,he,"(-0.5, 0.5)",20,0.08303202089552675,0.875,21
[6],0.03,0.006,0.008,0.0,0.6000000000000001,sigmoid,adam,0.04,8,he,"(-0.7, 0.7)",30,0.07206255952606555,0.875,22
[4],0.10999999999999997,0.016,0.002,0.05,0.0,tanh,adam,0.04,8,xavier,"(-0.5, 0.5)",20,0.07150394704326214,0.8333333333333334,23
[6],0.049999999999999996,0.004,0.004,0.0,0.7000000000000001,sigmoid,adam,0.02,8,glorot,"(-0.7, 0.7)",20,0.07252973330217591,0.875,24
[4],0.049999999999999996,0.014,0.008,0.05,0.7000000000000001,tanh,sgd,0.04,16,xavier,"(-0.1, 0.1)",20,0.0643712011392337,0.875,25
[6],0.10999999999999997,0.018000000000000002,0.0,0.0,0.6000000000000001,tanh,adam,0.02,16,he,"(-0.5, 0.5)",30,0.06635794931118218,0.875,26
[3],0.08999999999999998,0.004,0.004,0.2,0.7000000000000001,sigmoid,adam,0.0,16,xavier,"(-0.7, 0.7)",20,0.07104061074795034,0.875,27
[4],0.03,0.002,0.0,0.05,0.2,tanh,sgd,0.02,8,he,"(-0.5, 0.5)",20,0.05749888551652449,0.875,28
[3],0.10999999999999997,0.006,0.008,0.05,0.30000000000000004,tanh,adam,0.04,16,gaussian,"(-0.5, 0.5)",30,0.06642132371280773,0.9166666666666666,29
[3],0.08999999999999998,0.004,0.0,0.1,0.30000000000000004,tanh,sgd,0.03,8,gaussian,"(-0.5, 0.5)",30,0.07115155045569468,0.8333333333333334,30
[5],0.10999999999999997,0.002,0.0,0.1,0.6000000000000001,sigmoid,adam,0.04,8,he,"(-0.5, 0.5)",30,0.06017376399131204,0.875,31
[3],0.049999999999999996,0.006,0.008,0.15000000000000002,0.8,sigmoid,sgd,0.01,32,he,"(-0.5, 0.5)",20,0.12190613335214341,0.5,32
[4],0.01,0.01,0.004,0.1,0.4,sigmoid,adam,0.0,32,glorot,"(-0.1, 0.1)",30,0.08313831531931373,0.875,33
[5],0.06999999999999999,0.004,0.004,0.15000000000000002,0.2,sigmoid,adam,0.04,16,glorot,"(-0.1, 0.1)",30,0.07488354214466902,0.875,34
[4],0.12999999999999998,0.008,0.008,0.1,0.7000000000000001,sigmoid,sgd,0.01,16,xavier,"(-0.5, 0.5)",30,0.0818089758042412,0.875,35
[4],0.12999999999999998,0.004,0.008,0.05,0.5,sigmoid,sgd,0.01,32,xavier,"(-0.7, 0.7)",15,0.08171426273384207,0.875,36
[5],0.12999999999999998,0.012,0.004,0.15000000000000002,0.4,sigmoid,sgd,0.0,16,xavier,"(-0.1, 0.1)",30,0.07746827171125395,0.875,37
[5],0.18999999999999997,0.018000000000000002,0.008,0.05,0.30000000000000004,sigmoid,sgd,0.02,8,glorot,"(-0.1, 0.1)",30,0.09603504415603026,0.875,38
[6],0.10999999999999997,0.004,0.006,0.15000000000000002,0.7000000000000001,sigmoid,sgd,0.01,16,gaussian,"(-0.5, 0.5)",15,0.07270296467541185,0.875,39
[5],0.12999999999999998,0.006,0.002,0.05,0.1,sigmoid,adam,0.04,64,he,"(-0.5, 0.5)",15,0.06895199853879365,0.875,40
[6],0.12999999999999998,0.0,0.008,0.25,0.6000000000000001,tanh,adam,0.04,8,range,"(-0.1, 0.1)",20,0.0688665161887286,0.875,41
[6],0.01,0.006,0.008,0.2,0.6000000000000001,sigmoid,adam,0.04,8,xavier,"(-0.5, 0.5)",20,0.07323265405169466,0.875,42
[6],0.08999999999999998,0.008,0.006,0.05,0.6000000000000001,tanh,sgd,0.04,16,glorot,"(-0.7, 0.7)",20,0.06539731265024805,0.875,43
[3],0.16999999999999998,0.002,0.002,0.2,0.8,sigmoid,adam,0.03,32,glorot,"(-0.1, 0.1)",15,0.05998191681185995,0.875,44
[6],0.18999999999999997,0.006,0.006,0.0,0.4,tanh,sgd,0.0,8,gaussian,"(-0.7, 0.7)",20,0.074623776225608,0.875,45
[5],0.03,0.016,0.006,0.25,0.8,sigmoid,adam,0.04,64,gaussian,"(-0.1, 0.1)",20,0.10338149831348924,0.8333333333333334,46
[4],0.049999999999999996,0.004,0.002,0.25,0.0,tanh,adam,0.02,64,he,"(-0.7, 0.7)",15,0.05273976600801468,0.875,47
[3],0.049999999999999996,0.006,0.0,0.2,0.4,sigmoid,adam,0.03,64,range,"(-0.1, 0.1)",30,0.08468214049050153,0.7916666666666666,48
[6],0.06999999999999999,0.006,0.008,0.25,0.7000000000000001,tanh,adam,0.03,8,range,"(-0.7, 0.7)",15,0.07061198151325501,0.875,49
[4],0.16999999999999998,0.008,0.008,0.25,0.8,sigmoid,sgd,0.01,16,gaussian,"(-0.7, 0.7)",20,0.09511567749383777,0.875,50
[3],0.049999999999999996,0.0,0.008,0.2,0.4,tanh,sgd,0.0,8,glorot,"(-0.1, 0.1)",15,0.06214497343985861,0.875,51
[5],0.18999999999999997,0.018000000000000002,0.008,0.2,0.2,tanh,adam,0.0,8,he,"(-0.5, 0.5)",20,0.08774005539339147,0.875,52
[6],0.03,0.012,0.008,0.0,0.4,tanh,sgd,0.0,32,he,"(-0.7, 0.7)",20,0.07835895965855667,0.875,53
[4],0.06999999999999999,0.018000000000000002,0.0,0.0,0.8,sigmoid,adam,0.04,32,glorot,"(-0.7, 0.7)",20,0.08735507570510653,0.875,54
[5],0.16999999999999998,0.018000000000000002,0.008,0.1,0.2,tanh,adam,0.03,16,range,"(-0.1, 0.1)",30,0.08069742223078924,0.875,55
[5],0.06999999999999999,0.0,0.0,0.0,0.7000000000000001,sigmoid,sgd,0.04,64,glorot,"(-0.1, 0.1)",20,0.12423622885834902,0.4166666666666667,56
[5],0.16999999999999998,0.006,0.0,0.25,0.30000000000000004,tanh,adam,0.0,32,he,"(-0.7, 0.7)",30,0.06103635415932007,0.875,57
[5],0.01,0.002,0.004,0.1,0.6000000000000001,sigmoid,sgd,0.01,32,he,"(-0.7, 0.7)",20,0.13301915937341657,0.375,58
[6],0.01,0.004,0.006,0.05,0.7000000000000001,tanh,adam,0.03,8,range,"(-0.5, 0.5)",30,0.0640107525604863,0.875,59
[5],0.16999999999999998,0.016,0.0,0.05,0.5,tanh,sgd,0.01,32,gaussian,"(-0.5, 0.5)",20,0.0781884104055863,0.8333333333333334,60
[4],0.18999999999999997,0.018000000000000002,0.006,0.05,0.1,tanh,adam,0.0,32,glorot,"(-0.1, 0.1)",20,0.07334562497808893,0.875,61
[4],0.10999999999999997,0.014,0.004,0.05,0.8,tanh,sgd,0.0,32,gaussian,"(-0.1, 0.1)",15,0.061334434937193746,0.875,62
[6],0.16999999999999998,0.0,0.006,0.2,0.2,sigmoid,adam,0.03,32,he,"(-0.1, 0.1)",15,0.06252336878425975,0.875,63
[4],0.06999999999999999,0.0,0.006,0.15000000000000002,0.8,sigmoid,sgd,0.02,8,range,"(-0.1, 0.1)",20,0.06524799254310712,0.875,64
[6],0.01,0.002,0.008,0.25,0.4,sigmoid,adam,0.01,32,xavier,"(-0.1, 0.1)",20,0.0729951831163671,0.875,65
[5],0.16999999999999998,0.01,0.006,0.25,0.1,tanh,sgd,0.01,32,gaussian,"(-0.1, 0.1)",30,0.0654074512589403,0.875,66
[3],0.06999999999999999,0.016,0.004,0.2,0.5,tanh,sgd,0.02,16,xavier,"(-0.1, 0.1)",20,0.06929072660998131,0.875,67
[5],0.16999999999999998,0.014,0.0,0.05,0.0,tanh,sgd,0.0,64,gaussian,"(-0.1, 0.1)",20,0.07291684063939276,0.875,68
[6],0.049999999999999996,0.018000000000000002,0.008,0.25,0.7000000000000001,tanh,adam,0.02,16,range,"(-0.1, 0.1)",20,0.07185215019742487,0.875,69
[4],0.03,0.014,0.0,0.15000000000000002,0.4,tanh,adam,0.01,16,xavier,"(-0.7, 0.7)",20,0.05626551524949628,0.875,70
[5],0.12999999999999998,0.004,0.004,0.1,0.7000000000000001,tanh,sgd,0.0,64,gaussian,"(-0.5, 0.5)",20,0.0699335104646459,0.875,71
[6],0.049999999999999996,0.008,0.004,0.2,0.2,sigmoid,adam,0.0,32,range,"(-0.7, 0.7)",15,0.07895470142038447,0.875,72
[5],0.16999999999999998,0.014,0.006,0.2,0.6000000000000001,sigmoid,sgd,0.04,16,glorot,"(-0.5, 0.5)",15,0.07601782852986293,0.875,73
[5],0.06999999999999999,0.018000000000000002,0.006,0.15000000000000002,0.5,sigmoid,sgd,0.0,64,gaussian,"(-0.7, 0.7)",30,0.164603032050544,0.5416666666666666,74
[6],0.10999999999999997,0.016,0.0,0.15000000000000002,0.2,tanh,adam,0.0,8,range,"(-0.5, 0.5)",20,0.06786123830352395,0.8333333333333334,75
[6],0.01,0.002,0.002,0.05,0.0,sigmoid,sgd,0.03,32,glorot,"(-0.7, 0.7)",30,0.13862660804567234,0.375,76
[6],0.06999999999999999,0.006,0.004,0.1,0.4,tanh,adam,0.0,8,range,"(-0.7, 0.7)",20,0.06682008395167358,0.875,77
[4],0.08999999999999998,0.0,0.004,0.2,0.0,sigmoid,adam,0.0,32,gaussian,"(-0.1, 0.1)",20,0.061298929498180284,0.875,78
[6],0.10999999999999997,0.012,0.006,0.15000000000000002,0.6000000000000001,sigmoid,sgd,0.03,16,xavier,"(-0.7, 0.7)",20,0.07621446392448242,0.875,79
[5],0.12999999999999998,0.004,0.004,0.25,0.2,sigmoid,sgd,0.0,8,xavier,"(-0.7, 0.7)",20,0.06620579090952901,0.875,80
[6],0.049999999999999996,0.002,0.002,0.25,0.6000000000000001,tanh,adam,0.04,16,glorot,"(-0.7, 0.7)",20,0.05726227754826278,0.875,81
[6],0.12999999999999998,0.01,0.002,0.05,0.6000000000000001,sigmoid,adam,0.01,32,glorot,"(-0.7, 0.7)",30,0.08218448344053013,0.875,82
[5],0.01,0.0,0.008,0.15000000000000002,0.5,sigmoid,adam,0.0,16,range,"(-0.5, 0.5)",20,0.07373460540680413,0.875,83
[3],0.16999999999999998,0.018000000000000002,0.0,0.05,0.7000000000000001,sigmoid,adam,0.04,8,he,"(-0.7, 0.7)",15,0.09928435523588788,0.875,84
[6],0.15,0.016,0.006,0.2,0.5,tanh,adam,0.02,32,xavier,"(-0.1, 0.1)",30,0.0685633067006457,0.875,85
[5],0.18999999999999997,0.008,0.0,0.25,0.7000000000000001,sigmoid,sgd,0.02,8,he,"(-0.5, 0.5)",15,0.06783698954572924,0.875,86
[4],0.16999999999999998,0.002,0.004,0.1,0.2,tanh,adam,0.02,8,gaussian,"(-0.7, 0.7)",15,0.06251672432335828,0.875,87
[4],0.15,0.01,0.002,0.1,0.30000000000000004,tanh,sgd,0.04,8,he,"(-0.1, 0.1)",15,0.057970634239108226,0.875,88
[4],0.15,0.012,0.006,0.05,0.7000000000000001,sigmoid,sgd,0.04,32,gaussian,"(-0.7, 0.7)",20,0.14993130875061908,0.5416666666666666,89
[3],0.01,0.004,0.006,0.15000000000000002,0.7000000000000001,tanh,adam,0.04,16,glorot,"(-0.7, 0.7)",30,0.06818106002240917,0.875,90
[6],0.15,0.008,0.002,0.2,0.6000000000000001,sigmoid,adam,0.03,64,he,"(-0.7, 0.7)",30,0.0744962014265746,0.875,91
[3],0.03,0.016,0.004,0.15000000000000002,0.4,tanh,adam,0.02,8,he,"(-0.7, 0.7)",30,0.06561184591883536,0.875,92
[6],0.15,0.006,0.008,0.05,0.8,tanh,sgd,0.02,8,gaussian,"(-0.1, 0.1)",15,0.06489024827458909,0.875,93
[6],0.03,0.016,0.0,0.25,0.7000000000000001,tanh,sgd,0.02,32,xavier,"(-0.1, 0.1)",15,0.06368611567423434,0.875,94
[3],0.01,0.018000000000000002,0.002,0.2,0.1,sigmoid,sgd,0.04,16,glorot,"(-0.7, 0.7)",30,0.12965121909416136,0.4583333333333333,95
[4],0.03,0.004,0.004,0.1,0.7000000000000001,sigmoid,adam,0.02,64,he,"(-0.5, 0.5)",15,0.07289196562009308,0.875,96
[3],0.08999999999999998,0.0,0.006,0.15000000000000002,0.5,sigmoid,adam,0.02,16,glorot,"(-0.1, 0.1)",20,0.05869837667464373,0.875,97
[4],0.18999999999999997,0.012,0.002,0.25,0.7000000000000001,sigmoid,sgd,0.04,64,xavier,"(-0.7, 0.7)",30,0.09803452271797038,0.875,98
[3],0.15,0.008,0.0,0.0,0.1,sigmoid,adam,0.03,8,glorot,"(-0.1, 0.1)",30,0.07251325621263635,0.875,99
[3],0.01,0.012,0.004,0.05,0.5,tanh,sgd,0.04,64,glorot,"(-0.5, 0.5)",20,0.12962162451121428,0.5416666666666666,100
[3],0.01,0.008,0.002,0.05,0.2,sigmoid,sgd,0.04,64,gaussian,"(-0.1, 0.1)",20,0.12573850397185976,0.52,1
[4],0.06999999999999999,0.016,0.008,0.0,0.8,sigmoid,adam,0.01,64,range,"(-0.5, 0.5)",20,0.0796561003340322,0.92,2
[4],0.12999999999999998,0.01,0.004,0.05,0.30000000000000004,tanh,sgd,0.0,64,gaussian,"(-0.5, 0.5)",30,0.1342100482472728,0.48,3
[5],0.01,0.014,0.008,0.0,0.6000000000000001,sigmoid,adam,0.04,32,range,"(-0.1, 0.1)",35,0.1251664776411865,0.48,4
[3],0.01,0.006,0.004,0.0,0.30000000000000004,sigmoid,adam,0.02,64,he,"(-0.1, 0.1)",30,0.09877533243569217,0.84,5
[5],0.06999999999999999,0.008,0.0,0.2,0.2,sigmoid,sgd,0.03,64,he,"(-0.7, 0.7)",35,0.12639942223254028,0.56,6
[4],0.10999999999999997,0.0,0.002,0.0,0.5,tanh,adam,0.0,16,range,"(-0.7, 0.7)",30,0.03824901118619132,0.92,7
[4],0.15,0.012,0.006,0.05,0.4,sigmoid,sgd,0.04,32,range,"(-0.5, 0.5)",35,0.11590203196187358,0.84,8
[6],0.10999999999999997,0.006,0.002,0.2,0.7000000000000001,sigmoid,sgd,0.0,16,xavier,"(-0.7, 0.7)",30,0.05396349175544978,0.92,9
[3],0.12999999999999998,0.012,0.008,0.15000000000000002,0.8,tanh,sgd,0.0,32,he,"(-0.1, 0.1)",30,0.0604998529781296,0.92,10
[6],0.049999999999999996,0.014,0.0,0.25,0.4,sigmoid,sgd,0.02,16,xavier,"(-0.5, 0.5)",20,0.12072202280082289,0.68,11
[3],0.18999999999999997,0.01,0.006,0.0,0.1,tanh,adam,0.01,8,xavier,"(-0.7, 0.7)",20,0.05295931333647216,0.92,12
[3],0.15,0.002,0.008,0.05,0.2,tanh,sgd,0.02,64,xavier,"(-0.7, 0.7)",35,0.08511512388101204,0.84,13
[4],0.08999999999999998,0.012,0.004,0.15000000000000002,0.8,tanh,sgd,0.01,16,gaussian,"(-0.5, 0.5)",20,0.05121084705488738,0.92,14
[4],0.18999999999999997,0.006,0.0,0.0,0.0,sigmoid,sgd,0.0,32,gaussian,"(-0.7, 0.7)",20,0.13425153724538558,0.4,15
[5],0.15,0.006,0.008,0.05,0.7000000000000001,sigmoid,adam,0.03,16,gaussian,"(-0.1, 0.1)",35,0.06431803583632557,0.92,16
[6],0.10999999999999997,0.012,0.006,0.15000000000000002,0.0,sigmoid,sgd,0.03,32,gaussian,"(-0.1, 0.1)",20,0.12628989840675142,0.52,17
[4],0.16999999999999998,0.014,0.002,0.15000000000000002,0.2,tanh,adam,0.01,8,glorot,"(-0.7, 0.7)",20,0.049735951508689376,0.92,18
[3],0.16999999999999998,0.0,0.0,0.05,0.2,tanh,adam,0.03,16,glorot,"(-0.1, 0.1)",20,0.032763185897006775,0.92,19
[6],0.01,0.012,0.004,0.15000000000000002,0.4,tanh,adam,0.01,16,he,"(-0.1, 0.1)",20,0.046097562071276715,0.92,20
[3],0.10999999999999997,0.0,0.0,0.2,0.7000000000000001,sigmoid,sgd,0.04,8,xavier,"(-0.1, 0.1)",35,0.04041981708753172,0.92,21
[3],0.06999999999999999,0.012,0.0,0.2,0.30000000000000004,sigmoid,sgd,0.03,32,he,"(-0.1, 0.1)",35,0.12657505938660718,0.48,22
[5],0.06999999999999999,0.008,0.006,0.05,0.4,tanh,adam,0.0,8,glorot,"(-0.7, 0.7)",35,0.04859316114686218,0.92,23
[3],0.03,0.016,0.002,0.2,0.4,sigmoid,adam,0.0,16,he,"(-0.5, 0.5)",20,0.0700201035732479,0.92,24
[6],0.16999999999999998,0.008,0.008,0.25,0.8,sigmoid,adam,0.0,16,he,"(-0.1, 0.1)",20,0.09685879132811613,0.92,25
[4],0.08999999999999998,0.008,0.008,0.05,0.5,sigmoid,adam,0.04,64,he,"(-0.1, 0.1)",20,0.06292409643757325,0.92,26
[6],0.08999999999999998,0.0,0.0,0.1,0.2,tanh,sgd,0.03,64,range,"(-0.1, 0.1)",20,0.12282485619357747,0.68,27
[3],0.049999999999999996,0.016,0.0,0.1,0.8,sigmoid,adam,0.01,8,he,"(-0.5, 0.5)",20,0.07025719867911023,0.92,28
[5],0.06999999999999999,0.006,0.0,0.1,0.8,tanh,sgd,0.01,16,xavier,"(-0.5, 0.5)",20,0.03725522897000142,0.92,29
[4],0.10999999999999997,0.012,0.002,0.1,0.2,sigmoid,adam,0.0,64,xavier,"(-0.1, 0.1)",30,0.06345250505611992,0.92,30
[5],0.08999999999999998,0.006,0.002,0.0,0.30000000000000004,tanh,adam,0.02,8,he,"(-0.5, 0.5)",35,0.042806097019822846,0.96,31
[6],0.16999999999999998,0.01,0.0,0.0,0.4,sigmoid,adam,0.0,8,range,"(-0.5, 0.5)",30,0.0671165410268293,0.92,32
[5],0.12999999999999998,0.018000000000000002,0.008,0.0,0.6000000000000001,sigmoid,adam,0.0,64,gaussian,"(-0.7, 0.7)",35,0.18208545540571058,0.92,33
[4],0.10999999999999997,0.012,0.0,0.25,0.5,tanh,sgd,0.02,32,glorot,"(-0.5, 0.5)",30,0.04773773295343154,0.92,34
[5],0.16999999999999998,0.004,0.002,0.15000000000000002,0.6000000000000001,sigmoid,adam,0.03,8,he,"(-0.5, 0.5)",20,0.052662428864433314,0.92,35
[6],0.18999999999999997,0.018000000000000002,0.004,0.15000000000000002,0.7000000000000001,tanh,sgd,0.04,64,xavier,"(-0.7, 0.7)",20,0.046641610598376654,0.92,36
[5],0.16999999999999998,0.018000000000000002,0.004,0.0,0.30000000000000004,tanh,sgd,0.01,16,gaussian,"(-0.1, 0.1)",20,0.04752283685138121,0.92,37
[6],0.18999999999999997,0.002,0.006,0.15000000000000002,0.30000000000000004,tanh,adam,0.03,16,xavier,"(-0.7, 0.7)",35,0.044493901683262185,0.92,38
[3],0.03,0.012,0.002,0.05,0.8,tanh,sgd,0.04,16,gaussian,"(-0.5, 0.5)",20,0.12773136353557699,0.52,39
[6],0.16999999999999998,0.016,0.008,0.1,0.7000000000000001,tanh,adam,0.01,64,glorot,"(-0.5, 0.5)",20,0.060610677857872414,0.92,40
[5],0.16999999999999998,0.014,0.002,0.1,0.7000000000000001,sigmoid,adam,0.01,32,he,"(-0.5, 0.5)",35,0.075328093025364,0.92,41
[3],0.049999999999999996,0.004,0.002,0.15000000000000002,0.2,sigmoid,sgd,0.03,64,he,"(-0.7, 0.7)",30,0.12680770793458299,0.52,42
[6],0.01,0.006,0.006,0.15000000000000002,0.0,tanh,adam,0.0,32,he,"(-0.5, 0.5)",30,0.050332641607869655,0.92,43
[4],0.15,0.006,0.004,0.15000000000000002,0.7000000000000001,sigmoid,adam,0.02,64,xavier,"(-0.5, 0.5)",20,0.05901147421603473,0.92,44
[3],0.12999999999999998,0.018000000000000002,0.008,0.25,0.0,sigmoid,adam,0.01,64,xavier,"(-0.1, 0.1)",30,0.08440215509980328,0.92,45
[6],0.10999999999999997,0.006,0.006,0.1,0.5,tanh,adam,0.03,32,gaussian,"(-0.5, 0.5)",20,0.06341176266766782,0.88,46
[3],0.10999999999999997,0.006,0.0,0.25,0.0,sigmoid,sgd,0.01,8,range,"(-0.1, 0.1)",20,0.11028175166664966,0.8,47
[4],0.15,0.002,0.008,0.05,0.7000000000000001,tanh,adam,0.01,8,xavier,"(-0.5, 0.5)",20,0.046448580898508215,0.92,48
[3],0.08999999999999998,0.018000000000000002,0.006,0.15000000000000002,0.30000000000000004,sigmoid,sgd,0.0,32,range,"(-0.1, 0.1)",35,0.12888845676537633,0.48,49
[3],0.10999999999999997,0.016,0.006,0.25,0.5,sigmoid,adam,0.0,64,glorot,"(-0.1, 0.1)",30,0.07275850943337236,0.92,50
[5],0.15,0.004,0.006,0.05,0.8,tanh,adam,0.03,64,range,"(-0.5, 0.5)",30,0.05061252075461293,0.96,51
[4],0.03,0.008,0.006,0.05,0.7000000000000001,tanh,adam,0.0,64,he,"(-0.1, 0.1)",30,0.05303929840668472,0.92,52
[4],0.10999999999999997,0.008,0.004,0.1,0.4,sigmoid,sgd,0.0,16,glorot,"(-0.5, 0.5)",35,0.06277730664212917,0.92,53
[4],0.15,0.014,0.006,0.0,0.1,tanh,sgd,0.03,16,he,"(-0.7, 0.7)",35,0.05007594304585092,0.92,54
[5],0.15,0.016,0.008,0.1,0.6000000000000001,tanh,adam,0.03,32,he,"(-0.5, 0.5)",20,0.052757623845012716,0.92,55
[3],0.06999999999999999,0.01,0.0,0.25,0.8,sigmoid,sgd,0.01,64,he,"(-0.7, 0.7)",35,0.12410491204799588,0.6,56
[5],0.03,0.006,0.004,0.05,0.5,sigmoid,adam,0.0,16,he,"(-0.1, 0.1)",20,0.05609764147736403,0.92,57
[5],0.049999999999999996,0.014,0.0,0.0,0.4,tanh,adam,0.03,32,xavier,"(-0.1, 0.1)",30,0.04406673363439609,0.92,58
[6],0.03,0.002,0.006,0.15000000000000002,0.1,sigmoid,sgd,0.01,32,gaussian,"(-0.1, 0.1)",20,0.12634701301597598,0.52,59
[6],0.18999999999999997,0.018000000000000002,0.008,0.05,0.8,tanh,adam,0.03,32,range,"(-0.5, 0.5)",30,0.05228088633764281,0.92,60
[3],0.18999999999999997,0.002,0.002,0.25,0.30000000000000004,tanh,sgd,0.01,16,xavier,"(-0.7, 0.7)",20,0.034619541001932465,0.92,61
[4],0.01,0.012,0.006,0.25,0.7000000000000001,tanh,sgd,0.01,32,he,"(-0.7, 0.7)",30,0.07518748813541638,0.92,62
[3],0.06999999999999999,0.008,0.008,0.25,0.30000000000000004,tanh,sgd,0.04,16,xavier,"(-0.5, 0.5)",20,0.053794971308247654,0.92,63
[3],0.01,0.004,0.004,0.2,0.4,tanh,sgd,0.03,32,glorot,"(-0.5, 0.5)",35,0.13049280552201062,0.48,64
[6],0.15,0.002,0.008,0.0,0.6000000000000001,tanh,adam,0.0,8,xavier,"(-0.7, 0.7)",35,0.04969707189436798,0.92,65
[3],0.08999999999999998,0.018000000000000002,0.0,0.05,0.7000000000000001,tanh,adam,0.01,64,glorot,"(-0.1, 0.1)",30,0.04293146786020555,0.92,66
[5],0.12999999999999998,0.01,0.004,0.25,0.1,sigmoid,adam,0.03,64,he,"(-0.7, 0.7)",30,0.07132021685924031,0.92,67
[3],0.15,0.002,0.004,0.1,0.5,sigmoid,adam,0.04,8,range,"(-0.5, 0.5)",30,0.04809392799945597,0.92,68
[3],0.06999999999999999,0.016,0.004,0.2,0.7000000000000001,tanh,sgd,0.01,32,range,"(-0.1, 0.1)",30,0.04666653235721625,0.92,69
[6],0.15,0.002,0.0,0.25,0.30000000000000004,sigmoid,adam,0.04,8,range,"(-0.5, 0.5)",20,0.046222865055578786,0.96,70
[4],0.03,0.014,0.0,0.25,0.2,tanh,adam,0.04,32,glorot,"(-0.5, 0.5)",30,0.04951344974712858,0.92,71
[4],0.15,0.016,0.002,0.15000000000000002,0.30000000000000004,sigmoid,sgd,0.02,64,he,"(-0.7, 0.7)",30,0.11161897524834605,0.84,72
[3],0.08999999999999998,0.008,0.008,0.2,0.7000000000000001,sigmoid,adam,0.04,64,he,"(-0.5, 0.5)",35,0.07460488067564765,0.96,73
[6],0.15,0.01,0.002,0.25,0.30000000000000004,tanh,sgd,0.03,8,he,"(-0.7, 0.7)",30,0.04428964248072433,0.92,74
[6],0.12999999999999998,0.004,0.006,0.0,0.2,tanh,sgd,0.03,8,range,"(-0.5, 0.5)",20,0.040159210816808406,0.92,75
[4],0.12999999999999998,0.004,0.0,0.15000000000000002,0.4,tanh,adam,0.0,32,range,"(-0.5, 0.5)",30,0.03429849714984355,0.92,76
[6],0.16999999999999998,0.0,0.008,0.0,0.30000000000000004,tanh,sgd,0.0,64,gaussian,"(-0.7, 0.7)",35,0.08393067106143497,0.88,77
[3],0.15,0.004,0.004,0.0,0.0,tanh,sgd,0.02,32,he,"(-0.5, 0.5)",20,0.050264834676706865,0.92,78
[4],0.16999999999999998,0.012,0.008,0.25,0.2,sigmoid,sgd,0.0,64,range,"(-0.7, 0.7)",20,0.12208846661431275,0.68,79
[6],0.18999999999999997,0.004,0.002,0.15000000000000002,0.4,tanh,adam,0.0,64,he,"(-0.7, 0.7)",35,0.0632921621601617,0.92,80
[4],0.03,0.014,0.004,0.2,0.4,tanh,adam,0.03,32,xavier,"(-0.5, 0.5)",30,0.05472359065328661,0.92,81
[3],0.06999999999999999,0.012,0.008,0.1,0.4,tanh,sgd,0.03,32,gaussian,"(-0.7, 0.7)",35,0.14159834782205205,0.52,82
[3],0.18999999999999997,0.014,0.004,0.05,0.5,sigmoid,sgd,0.04,32,xavier,"(-0.7, 0.7)",20,0.11275542570223274,0.76,83
[3],0.08999999999999998,0.014,0.0,0.2,0.5,sigmoid,sgd,0.02,32,glorot,"(-0.1, 0.1)",20,0.1196394094036269,0.64,84
[4],0.16999999999999998,0.01,0.008,0.2,0.4,sigmoid,adam,0.03,32,he,"(-0.1, 0.1)",30,0.06796850487439576,0.92,85
[3],0.049999999999999996,0.006,0.006,0.2,0.5,sigmoid,adam,0.0,32,range,"(-0.1, 0.1)",30,0.06041896627909386,0.92,86
[5],0.08999999999999998,0.018000000000000002,0.006,0.25,0.5,sigmoid,sgd,0.03,8,range,"(-0.7, 0.7)",30,0.07377994235489571,0.92,87
[4],0.03,0.014,0.004,0.25,0.6000000000000001,sigmoid,sgd,0.0,8,he,"(-0.5, 0.5)",20,0.08097287282750276,0.92,88
[3],0.06999999999999999,0.016,0.002,0.15000000000000002,0.7000000000000001,tanh,adam,0.04,16,glorot,"(-0.7, 0.7)",20,0.04599667348630129,0.92,89
[6],0.18999999999999997,0.012,0.004,0.0,0.5,sigmoid,adam,0.03,16,he,"(-0.1, 0.1)",35,0.0752278529012511,0.92,90
[5],0.16999999999999998,0.01,0.0,0.15000000000000002,0.4,sigmoid,sgd,0.03,8,xavier,"(-0.7, 0.7)",35,0.051877544127395404,0.92,91
[3],0.01,0.01,0.002,0.05,0.30000000000000004,sigmoid,sgd,0.04,16,xavier,"(-0.5, 0.5)",20,0.1264398657185972,0.56,92
[3],0.08999999999999998,0.004,0.002,0.2,0.4,sigmoid,sgd,0.0,16,gaussian,"(-0.5, 0.5)",20,0.12615626813360017,0.56,93
[5],0.01,0.004,0.004,0.0,0.2,tanh,sgd,0.0,64,glorot,"(-0.5, 0.5)",35,0.13957522892903204,0.56,94
[3],0.15,0.016,0.002,0.2,0.0,tanh,adam,0.0,8,glorot,"(-0.5, 0.5)",30,0.05846374037227336,0.92,95
[3],0.15,0.014,0.0,0.0,0.5,sigmoid,sgd,0.01,32,range,"(-0.7, 0.7)",35,0.09614805185282066,0.84,96
[5],0.12999999999999998,0.018000000000000002,0.008,0.1,0.7000000000000001,tanh,sgd,0.0,16,glorot,"(-0.5, 0.5)",20,0.05132530625576327,0.92,97
[6],0.10999999999999997,0.014,0.006,0.15000000000000002,0.1,tanh,adam,0.02,32,he,"(-0.1, 0.1)",35,0.1996390147019319,0.6,98
[6],0.03,0.002,0.0,0.0,0.6000000000000001,sigmoid,adam,0.01,8,range,"(-0.7, 0.7)",35,0.04224473640332763,0.92,99
[5],0.03,0.012,0.004,0.25,0.6000000000000001,sigmoid,adam,0.04,32,he,"(-0.1, 0.1)",35,0.06519438256683777,0.92,100
[4],0.049999999999999996,0.014,0.002,0.0,0.5,tanh,sgd,0.02,16,glorot,"(-0.7, 0.7)",35,0.03155768068849683,1.0,1
[3],0.18999999999999997,0.008,0.0,0.05,0.4,tanh,adam,0.02,8,xavier,"(-0.1, 0.1)",35,0.028713198956395465,1.0,2
[6],0.03,0.004,0.0,0.0,0.8,sigmoid,adam,0.03,64,he,"(-0.1, 0.1)",30,0.03773379309574938,0.96,3
[5],0.10999999999999997,0.018000000000000002,0.008,0.0,0.0,sigmoid,sgd,0.04,8,gaussian,"(-0.5, 0.5)",30,0.13806297822073396,0.68,4
[6],0.15,0.018000000000000002,0.006,0.15000000000000002,0.4,sigmoid,sgd,0.02,64,gaussian,"(-0.5, 0.5)",35,0.14784938114522603,0.6,5
[6],0.16999999999999998,0.008,0.0,0.05,0.6000000000000001,sigmoid,sgd,0.01,32,xavier,"(-0.1, 0.1)",30,0.07302691773224787,0.8,6
[5],0.10999999999999997,0.002,0.0,0.15000000000000002,0.6000000000000001,sigmoid,sgd,0.03,16,range,"(-0.7, 0.7)",35,0.05425161665919147,1.0,7
[5],0.03,0.012,0.0,0.15000000000000002,0.0,tanh,sgd,0.02,64,range,"(-0.5, 0.5)",35,0.1205413374871705,0.64,8
[6],0.08999999999999998,0.002,0.006,0.0,0.5,sigmoid,adam,0.02,8,glorot,"(-0.1, 0.1)",20,0.02324934414040941,1.0,9
[6],0.18999999999999997,0.012,0.008,0.0,0.6000000000000001,tanh,adam,0.01,32,xavier,"(-0.1, 0.1)",35,0.09140393855833227,0.76,10
[3],0.16999999999999998,0.016,0.002,0.1,0.5,sigmoid,sgd,0.0,16,he,"(-0.1, 0.1)",20,0.06405030123943042,0.88,11
[4],0.03,0.004,0.006,0.15000000000000002,0.7000000000000001,tanh,adam,0.01,64,gaussian,"(-0.5, 0.5)",30,0.033617020813009955,0.96,12
[5],0.08999999999999998,0.018000000000000002,0.0,0.1,0.8,sigmoid,adam,0.03,64,gaussian,"(-0.1, 0.1)",30,0.09561618157285545,1.0,13
[5],0.03,0.002,0.008,0.2,0.8,tanh,adam,0.04,8,glorot,"(-0.7, 0.7)",35,0.026374226922133724,0.96,14
[4],0.10999999999999997,0.018000000000000002,0.006,0.2,0.2,sigmoid,adam,0.0,32,gaussian,"(-0.7, 0.7)",35,0.09465950952648944,0.84,15
[4],0.01,0.006,0.006,0.15000000000000002,0.8,sigmoid,adam,0.02,32,glorot,"(-0.5, 0.5)",30,0.08973391819973078,0.84,16
[3],0.10999999999999997,0.002,0.004,0.0,0.8,tanh,adam,0.02,16,he,"(-0.1, 0.1)",35,0.050345362999771104,0.88,17
[4],0.10999999999999997,0.008,0.006,0.05,0.1,tanh,adam,0.02,16,range,"(-0.1, 0.1)",35,0.015440767558855671,1.0,18
[6],0.16999999999999998,0.01,0.0,0.1,0.4,sigmoid,sgd,0.02,64,xavier,"(-0.1, 0.1)",20,0.11410817212504684,0.84,19
[4],0.03,0.008,0.0,0.2,0.8,sigmoid,adam,0.04,16,range,"(-0.5, 0.5)",20,0.04832896598419627,0.96,20
[4],0.049999999999999996,0.018000000000000002,0.002,0.25,0.7000000000000001,sigmoid,adam,0.02,16,glorot,"(-0.7, 0.7)",30,0.06408839804392699,0.96,21
[6],0.06999999999999999,0.016,0.002,0.1,0.7000000000000001,sigmoid,adam,0.04,64,glorot,"(-0.5, 0.5)",30,0.07475705914368505,0.96,22
[6],0.049999999999999996,0.006,0.008,0.05,0.4,sigmoid,adam,0.02,8,range,"(-0.1, 0.1)",30,0.04164920465408063,1.0,23
[3],0.049999999999999996,0.008,0.006,0.2,0.2,tanh,sgd,0.01,64,he,"(-0.1, 0.1)",30,0.12323885892223757,0.72,24
[3],0.12999999999999998,0.016,0.004,0.05,0.6000000000000001,sigmoid,adam,0.01,8,he,"(-0.1, 0.1)",35,0.04414423895592689,1.0,25
[5],0.049999999999999996,0.004,0.0,0.1,0.7000000000000001,sigmoid,adam,0.03,8,gaussian,"(-0.1, 0.1)",30,0.03190826221504614,1.0,26
[4],0.049999999999999996,0.016,0.008,0.2,0.6000000000000001,sigmoid,adam,0.01,32,gaussian,"(-0.1, 0.1)",20,0.05584816830605094,1.0,27
[6],0.18999999999999997,0.014,0.0,0.0,0.7000000000000001,sigmoid,sgd,0.01,32,glorot,"(-0.1, 0.1)",35,0.05523992516441427,0.92,28
[5],0.06999999999999999,0.018000000000000002,0.006,0.05,0.1,tanh,sgd,0.04,8,glorot,"(-0.5, 0.5)",20,0.03706742107395149,1.0,29
[6],0.10999999999999997,0.008,0.0,0.1,0.1,tanh,sgd,0.0,32,xavier,"(-0.1, 0.1)",30,0.09864289733231786,0.68,30
[5],0.049999999999999996,0.014,0.006,0.25,0.2,sigmoid,sgd,0.03,8,he,"(-0.1, 0.1)",20,0.12566710476955736,0.6,31
[4],0.01,0.01,0.004,0.2,0.6000000000000001,tanh,adam,0.0,16,he,"(-0.5, 0.5)",20,0.022373635913521282,1.0,32
[5],0.08999999999999998,0.002,0.004,0.15000000000000002,0.6000000000000001,tanh,adam,0.02,16,glorot,"(-0.7, 0.7)",30,0.030265554446060286,0.96,33
[5],0.16999999999999998,0.008,0.0,0.25,0.6000000000000001,sigmoid,adam,0.04,16,range,"(-0.5, 0.5)",30,0.05401963994848742,0.96,34
[3],0.03,0.01,0.004,0.1,0.7000000000000001,tanh,sgd,0.03,32,glorot,"(-0.1, 0.1)",35,0.07287827350121204,0.8,35
[5],0.18999999999999997,0.012,0.004,0.25,0.0,sigmoid,adam,0.02,16,gaussian,"(-0.1, 0.1)",35,0.06294523851077298,1.0,36
[6],0.01,0.004,0.0,0.05,0.5,tanh,adam,0.04,8,range,"(-0.1, 0.1)",35,0.021311754008502486,0.96,37
[6],0.10999999999999997,0.01,0.006,0.0,0.2,tanh,adam,0.02,32,xavier,"(-0.1, 0.1)",20,0.02867996328184863,1.0,38
[4],0.15,0.016,0.006,0.2,0.1,tanh,adam,0.03,16,range,"(-0.5, 0.5)",35,0.030900931056542114,1.0,39
[6],0.06999999999999999,0.002,0.002,0.0,0.7000000000000001,sigmoid,adam,0.0,32,he,"(-0.7, 0.7)",20,0.02466586513834882,1.0,40
[5],0.08999999999999998,0.004,0.002,0.1,0.8,sigmoid,sgd,0.01,16,xavier,"(-0.5, 0.5)",20,0.046681692709220894,0.88,41
[5],0.16999999999999998,0.018000000000000002,0.004,0.15000000000000002,0.8,sigmoid,sgd,0.0,32,glorot,"(-0.7, 0.7)",35,0.07103564695924844,1.0,42
[6],0.16999999999999998,0.012,0.006,0.2,0.1,sigmoid,adam,0.0,64,glorot,"(-0.7, 0.7)",35,0.13624441273340093,1.0,43
[5],0.049999999999999996,0.016,0.008,0.05,0.2,tanh,sgd,0.0,16,he,"(-0.1, 0.1)",20,0.05189181123145763,0.96,44
[5],0.06999999999999999,0.01,0.008,0.1,0.1,tanh,sgd,0.04,32,xavier,"(-0.7, 0.7)",30,0.10232079918546896,0.72,45
[3],0.16999999999999998,0.004,0.008,0.2,0.2,sigmoid,adam,0.04,8,gaussian,"(-0.1, 0.1)",20,0.037806205285177065,1.0,46
[5],0.06999999999999999,0.018000000000000002,0.006,0.2,0.0,tanh,adam,0.02,64,xavier,"(-0.7, 0.7)",30,0.048849202952607466,1.0,47
[5],0.15,0.002,0.0,0.05,0.7000000000000001,tanh,adam,0.03,16,he,"(-0.7, 0.7)",20,0.00929382375714066,1.0,48
[5],0.10999999999999997,0.01,0.006,0.05,0.5,sigmoid,adam,0.01,64,gaussian,"(-0.5, 0.5)",30,0.060228070228717095,0.96,49
[4],0.049999999999999996,0.002,0.0,0.1,0.6000000000000001,tanh,sgd,0.01,32,range,"(-0.7, 0.7)",30,0.03410533305872747,0.88,50
[4],0.049999999999999996,0.014,0.008,0.15000000000000002,0.7000000000000001,tanh,adam,0.0,8,glorot,"(-0.7, 0.7)",30,0.022145917705691937,1.0,51
[4],0.06999999999999999,0.018000000000000002,0.004,0.0,0.0,tanh,adam,0.04,64,he,"(-0.7, 0.7)",20,0.02892501942039879,1.0,52
[3],0.12999999999999998,0.004,0.004,0.25,0.5,tanh,adam,0.0,64,gaussian,"(-0.7, 0.7)",35,0.04694408048792529,0.92,53
[4],0.10999999999999997,0.016,0.004,0.0,0.6000000000000001,tanh,adam,0.04,8,xavier,"(-0.1, 0.1)",30,0.022108173028329074,1.0,54
[5],0.10999999999999997,0.016,0.004,0.05,0.30000000000000004,tanh,sgd,0.0,8,xavier,"(-0.7, 0.7)",30,0.033569232746549674,1.0,55
[6],0.16999999999999998,0.014,0.002,0.2,0.8,sigmoid,adam,0.04,32,xavier,"(-0.5, 0.5)",35,0.11060996778497038,0.8,56
[5],0.18999999999999997,0.01,0.008,0.2,0.8,tanh,adam,0.03,8,he,"(-0.5, 0.5)",35,0.047978479666407586,1.0,57
[3],0.12999999999999998,0.018000000000000002,0.004,0.25,0.0,tanh,adam,0.04,16,gaussian,"(-0.7, 0.7)",30,0.036595592804188615,1.0,58
[4],0.16999999999999998,0.018000000000000002,0.006,0.05,0.30000000000000004,sigmoid,sgd,0.01,8,glorot,"(-0.5, 0.5)",30,0.05985569834926147,0.96,59
[4],0.12999999999999998,0.006,0.006,0.2,0.7000000000000001,sigmoid,sgd,0.04,16,range,"(-0.5, 0.5)",35,0.06116262096733411,0.92,60
[6],0.16999999999999998,0.012,0.004,0.05,0.7000000000000001,tanh,adam,0.02,64,xavier,"(-0.1, 0.1)",30,0.03169906847797019,1.0,61
[5],0.06999999999999999,0.008,0.004,0.25,0.30000000000000004,tanh,adam,0.03,32,range,"(-0.7, 0.7)",30,0.02267684216239639,1.0,62
[5],0.03,0.018000000000000002,0.008,0.15000000000000002,0.6000000000000001,tanh,sgd,0.02,8,he,"(-0.7, 0.7)",20,0.04221857299272469,0.96,63
[5],0.15,0.008,0.006,0.05,0.30000000000000004,tanh,adam,0.01,8,range,"(-0.7, 0.7)",35,0.10845664196315138,0.84,64
[4],0.06999999999999999,0.0,0.008,0.05,0.30000000000000004,sigmoid,sgd,0.03,32,glorot,"(-0.1, 0.1)",35,0.11740044570655782,0.84,65
[4],0.01,0.016,0.002,0.15000000000000002,0.7000000000000001,tanh,sgd,0.02,32,he,"(-0.7, 0.7)",20,0.07355899014699782,0.92,66
[3],0.18999999999999997,0.006,0.008,0.25,0.0,sigmoid,adam,0.01,8,glorot,"(-0.5, 0.5)",20,0.056458129729802506,1.0,67
[5],0.01,0.0,0.004,0.2,0.1,tanh,adam,0.03,64,xavier,"(-0.7, 0.7)",30,0.0483687299025483,0.92,68
[5],0.06999999999999999,0.002,0.004,0.05,0.7000000000000001,tanh,sgd,0.0,32,he,"(-0.7, 0.7)",35,0.03690183292241299,0.92,69
[4],0.049999999999999996,0.018000000000000002,0.006,0.15000000000000002,0.8,tanh,sgd,0.03,8,xavier,"(-0.1, 0.1)",30,0.041534714411225714,0.96,70
[5],0.06999999999999999,0.0,0.004,0.15000000000000002,0.30000000000000004,tanh,adam,0.02,32,range,"(-0.7, 0.7)",35,0.018195994591377558,1.0,71
[3],0.08999999999999998,0.01,0.002,0.0,0.1,tanh,adam,0.01,64,range,"(-0.7, 0.7)",30,0.02183923061859217,1.0,72
[3],0.08999999999999998,0.01,0.008,0.05,0.30000000000000004,sigmoid,adam,0.01,64,range,"(-0.5, 0.5)",30,0.07225390261301846,0.96,73
[6],0.16999999999999998,0.006,0.002,0.25,0.1,tanh,adam,0.0,8,gaussian,"(-0.7, 0.7)",35,0.03250579418078273,1.0,74
[4],0.18999999999999997,0.016,0.002,0.05,0.5,tanh,sgd,0.01,64,gaussian,"(-0.7, 0.7)",30,0.1485032384316369,0.4,75
[3],0.15,0.004,0.008,0.15000000000000002,0.7000000000000001,sigmoid,adam,0.02,8,glorot,"(-0.5, 0.5)",20,0.04420804108580479,0.96,76
[4],0.18999999999999997,0.002,0.0,0.15000000000000002,0.5,sigmoid,sgd,0.0,64,gaussian,"(-0.5, 0.5)",30,0.12516657918738902,0.52,77
[4],0.049999999999999996,0.012,0.004,0.15000000000000002,0.7000000000000001,tanh,adam,0.0,16,he,"(-0.1, 0.1)",20,0.025467151685163933,1.0,78
[6],0.16999999999999998,0.004,0.002,0.0,0.0,tanh,adam,0.04,64,range,"(-0.5, 0.5)",20,0.019424624897067096,1.0,79
[4],0.15,0.01,0.002,0.1,0.30000000000000004,sigmoid,sgd,0.03,8,xavier,"(-0.1, 0.1)",20,0.05410690902818361,0.96,80
[3],0.18999999999999997,0.0,0.006,0.2,0.0,sigmoid,sgd,0.03,64,xavier,"(-0.7, 0.7)",20,0.12572226768556893,0.64,81
[3],0.049999999999999996,0.016,0.004,0.05,0.5,tanh,sgd,0.02,16,range,"(-0.1, 0.1)",30,0.04871196430741063,0.96,82
[5],0.08999999999999998,0.0,0.008,0.2,0.2,tanh,adam,0.0,32,glorot,"(-0.7, 0.7)",30,0.04900046641072007,0.8,83
[6],0.12999999999999998,0.004,0.004,0.15000000000000002,0.2,tanh,sgd,0.01,32,xavier,"(-0.5, 0.5)",20,0.09065403099330786,0.72,84
[6],0.12999999999999998,0.016,0.008,0.05,0.6000000000000001,sigmoid,adam,0.01,32,gaussian,"(-0.5, 0.5)",30,0.048497846768087986,1.0,85
[3],0.16999999999999998,0.006,0.0,0.1,0.6000000000000001,sigmoid,sgd,0.01,16,glorot,"(-0.1, 0.1)",30,0.04375056281824264,0.96,86
[5],0.01,0.006,0.002,0.25,0.1,tanh,sgd,0.04,16,glorot,"(-0.1, 0.1)",35,0.11611664038738095,0.68,87
[5],0.08999999999999998,0.012,0.006,0.2,0.5,tanh,adam,0.02,64,glorot,"(-0.1, 0.1)",35,0.050231801625168854,0.96,88
[6],0.10999999999999997,0.006,0.004,0.1,0.6000000000000001,sigmoid,sgd,0.01,8,he,"(-0.7, 0.7)",35,0.04481498265870962,0.96,89
[6],0.08999999999999998,0.004,0.002,0.1,0.30000000000000004,tanh,sgd,0.03,32,he,"(-0.5, 0.5)",35,0.06181342473361829,0.84,90
[6],0.15,0.004,0.004,0.05,0.2,tanh,sgd,0.04,8,range,"(-0.1, 0.1)",20,0.02129696137039074,0.96,91
[3],0.01,0.012,0.002,0.25,0.30000000000000004,sigmoid,sgd,0.0,16,range,"(-0.5, 0.5)",30,0.12518846799323055,0.6,92
[3],0.18999999999999997,0.018000000000000002,0.006,0.25,0.7000000000000001,sigmoid,sgd,0.04,64,gaussian,"(-0.1, 0.1)",35,0.12499702602551972,0.56,93
[5],0.16999999999999998,0.008,0.0,0.2,0.6000000000000001,sigmoid,sgd,0.0,16,xavier,"(-0.1, 0.1)",35,0.037618440029243146,1.0,94
[5],0.10999999999999997,0.008,0.006,0.0,0.5,tanh,adam,0.04,16,xavier,"(-0.5, 0.5)",35,0.035496860740268574,1.0,95
[3],0.01,0.002,0.006,0.15000000000000002,0.6000000000000001,tanh,sgd,0.0,16,gaussian,"(-0.5, 0.5)",30,0.12873450047376594,0.56,96
[5],0.18999999999999997,0.002,0.008,0.0,0.30000000000000004,sigmoid,adam,0.02,8,gaussian,"(-0.7, 0.7)",30,0.02994449948030452,1.0,97
[3],0.049999999999999996,0.01,0.0,0.05,0.2,tanh,sgd,0.02,16,range,"(-0.1, 0.1)",35,0.08114779921953086,0.76,98
[6],0.16999999999999998,0.01,0.006,0.25,0.2,sigmoid,adam,0.0,8,glorot,"(-0.1, 0.1)",20,0.05835578391528609,1.0,99
[5],0.18999999999999997,0.018000000000000002,0.008,0.15000000000000002,0.5,sigmoid,adam,0.03,64,xavier,"(-0.5, 0.5)",35,0.17041999990174553,0.96,100
[6],0.12999999999999998,0.004,0.008,0.25,0.6000000000000001,sigmoid,adam,0.01,8,gaussian,"(-0.5, 0.5)",20,0.0673138340598297,0.9166666666666666,1
[6],0.049999999999999996,0.012,0.004,0.1,0.1,sigmoid,sgd,0.02,64,he,"(-0.5, 0.5)",20,0.1279447678052616,0.5833333333333334,2
[4],0.03,0.004,0.006,0.15000000000000002,0.8,tanh,sgd,0.0,8,he,"(-0.7, 0.7)",20,0.04711941870897314,0.9166666666666666,3
[5],0.12999999999999998,0.0,0.004,0.15000000000000002,0.6000000000000001,sigmoid,sgd,0.04,16,glorot,"(-0.1, 0.1)",20,0.05250850316333948,0.9166666666666666,4
[5],0.08999999999999998,0.008,0.006,0.05,0.1,sigmoid,adam,0.02,64,he,"(-0.5, 0.5)",20,0.06257492083296388,0.9166666666666666,5
[5],0.08999999999999998,0.006,0.006,0.2,0.30000000000000004,tanh,sgd,0.01,32,gaussian,"(-0.5, 0.5)",30,0.1307084802684836,0.5416666666666666,6
[6],0.10999999999999997,0.014,0.004,0.15000000000000002,0.2,tanh,adam,0.04,16,glorot,"(-0.5, 0.5)",20,0.0624618498174605,0.9166666666666666,7
[6],0.10999999999999997,0.008,0.006,0.2,0.30000000000000004,tanh,adam,0.02,64,he,"(-0.1, 0.1)",35,0.0725747357289532,0.9166666666666666,8
[4],0.18999999999999997,0.016,0.002,0.25,0.8,sigmoid,adam,0.01,64,he,"(-0.7, 0.7)",20,0.07468286699559547,0.9166666666666666,9
[6],0.15,0.004,0.004,0.05,0.4,sigmoid,adam,0.03,8,glorot,"(-0.7, 0.7)",30,0.06672205273386336,0.9166666666666666,10
[6],0.16999999999999998,0.016,0.006,0.2,0.0,tanh,sgd,0.0,16,he,"(-0.1, 0.1)",35,0.05676652796448428,0.9166666666666666,11
[3],0.18999999999999997,0.012,0.004,0.15000000000000002,0.1,sigmoid,sgd,0.02,16,range,"(-0.7, 0.7)",35,0.08455053494728611,0.9166666666666666,12
[4],0.15,0.01,0.006,0.15000000000000002,0.8,sigmoid,adam,0.0,64,gaussian,"(-0.5, 0.5)",30,0.07190974267877487,0.9166666666666666,13
[3],0.03,0.004,0.004,0.1,0.5,tanh,sgd,0.04,64,he,"(-0.5, 0.5)",20,0.131528098500088,0.3333333333333333,14
[6],0.15,0.01,0.0,0.1,0.0,sigmoid,sgd,0.02,8,xavier,"(-0.7, 0.7)",20,0.05654186558156081,0.9166666666666666,15
[4],0.16999999999999998,0.004,0.004,0.2,0.6000000000000001,tanh,sgd,0.03,16,xavier,"(-0.7, 0.7)",35,0.0481061902868379,0.9166666666666666,16
[6],0.12999999999999998,0.0,0.008,0.05,0.7000000000000001,tanh,adam,0.0,16,xavier,"(-0.5, 0.5)",35,0.04322611046231428,0.9166666666666666,17
[3],0.18999999999999997,0.002,0.008,0.05,0.5,tanh,sgd,0.03,8,he,"(-0.7, 0.7)",30,0.046214138181085336,0.9166666666666666,18
[5],0.18999999999999997,0.012,0.008,0.15000000000000002,0.1,tanh,adam,0.03,16,he,"(-0.7, 0.7)",35,0.06007580226417915,0.9166666666666666,19
[3],0.049999999999999996,0.01,0.0,0.05,0.4,sigmoid,sgd,0.02,16,range,"(-0.5, 0.5)",30,0.12165089835410667,0.5833333333333334,20
[4],0.18999999999999997,0.012,0.006,0.05,0.7000000000000001,sigmoid,sgd,0.03,32,xavier,"(-0.1, 0.1)",30,0.0651897310608268,0.9166666666666666,21
[6],0.18999999999999997,0.0,0.004,0.0,0.7000000000000001,sigmoid,sgd,0.03,64,glorot,"(-0.7, 0.7)",30,0.08136392269353089,0.9166666666666666,22
[6],0.15,0.014,0.002,0.0,0.0,sigmoid,adam,0.0,32,xavier,"(-0.7, 0.7)",30,0.09497372336076954,0.9166666666666666,23
[4],0.15,0.018000000000000002,0.006,0.2,0.8,sigmoid,sgd,0.02,32,range,"(-0.1, 0.1)",35,0.07466557149147728,0.9166666666666666,24
[6],0.16999999999999998,0.006,0.006,0.0,0.30000000000000004,tanh,sgd,0.03,32,he,"(-0.1, 0.1)",30,0.04669664788280474,0.9166666666666666,25
[3],0.06999999999999999,0.006,0.008,0.25,0.5,tanh,sgd,0.04,16,xavier,"(-0.1, 0.1)",20,0.04320246636071838,0.9166666666666666,26
[5],0.16999999999999998,0.008,0.008,0.2,0.2,tanh,adam,0.02,32,range,"(-0.7, 0.7)",20,0.055974896457562706,0.9166666666666666,27
[4],0.12999999999999998,0.0,0.004,0.25,0.2,sigmoid,sgd,0.01,32,xavier,"(-0.7, 0.7)",30,0.09931886260629033,0.9166666666666666,28
[6],0.049999999999999996,0.018000000000000002,0.004,0.25,0.6000000000000001,tanh,adam,0.0,8,glorot,"(-0.7, 0.7)",35,0.05396823295591332,0.9166666666666666,29
[5],0.10999999999999997,0.014,0.006,0.1,0.0,sigmoid,adam,0.02,8,range,"(-0.5, 0.5)",20,0.09534363133351771,0.9166666666666666,30
[6],0.06999999999999999,0.014,0.004,0.1,0.4,tanh,sgd,0.04,64,he,"(-0.7, 0.7)",20,0.07861049326964029,0.9166666666666666,31
[3],0.03,0.014,0.0,0.0,0.2,tanh,adam,0.0,64,xavier,"(-0.7, 0.7)",20,0.050807601945675775,0.9166666666666666,32
[5],0.049999999999999996,0.008,0.0,0.25,0.5,tanh,sgd,0.02,16,gaussian,"(-0.5, 0.5)",35,0.1284816682923461,0.5416666666666666,33
[5],0.06999999999999999,0.012,0.0,0.25,0.1,sigmoid,sgd,0.03,8,xavier,"(-0.7, 0.7)",20,0.11738849876551563,0.875,34
[6],0.01,0.0,0.004,0.0,0.6000000000000001,sigmoid,adam,0.0,16,glorot,"(-0.1, 0.1)",35,0.04543004093644311,0.9166666666666666,35
[3],0.03,0.01,0.004,0.1,0.2,tanh,sgd,0.01,8,range,"(-0.7, 0.7)",20,0.05683675768454778,0.9166666666666666,36
[4],0.15,0.01,0.002,0.25,0.2,tanh,adam,0.01,8,gaussian,"(-0.1, 0.1)",20,0.04704131417662957,0.9166666666666666,37
[6],0.10999999999999997,0.012,0.004,0.05,0.30000000000000004,tanh,sgd,0.01,32,gaussian,"(-0.7, 0.7)",30,0.13591034145748337,0.8333333333333334,38
[4],0.16999999999999998,0.018000000000000002,0.008,0.05,0.6000000000000001,tanh,sgd,0.01,64,glorot,"(-0.1, 0.1)",20,0.05562160049797057,0.9166666666666666,39
[6],0.18999999999999997,0.002,0.008,0.0,0.5,tanh,sgd,0.03,64,he,"(-0.7, 0.7)",35,0.04680412618894226,0.9166666666666666,40
[4],0.15,0.002,0.0,0.2,0.1,sigmoid,adam,0.01,8,gaussian,"(-0.5, 0.5)",35,0.04226052174113308,0.9166666666666666,41
[5],0.16999999999999998,0.012,0.006,0.25,0.6000000000000001,sigmoid,sgd,0.02,8,he,"(-0.1, 0.1)",35,0.0687905559479288,0.9166666666666666,42
[4],0.049999999999999996,0.016,0.004,0.15000000000000002,0.1,tanh,adam,0.01,8,xavier,"(-0.1, 0.1)",30,0.0462190533961199,0.9166666666666666,43
[3],0.15,0.018000000000000002,0.008,0.0,0.4,sigmoid,sgd,0.0,16,gaussian,"(-0.1, 0.1)",30,0.07825538681277767,0.9166666666666666,44
[5],0.16999999999999998,0.016,0.004,0.05,0.5,sigmoid,adam,0.0,8,he,"(-0.5, 0.5)",30,0.09671052183842319,0.9166666666666666,45
[3],0.08999999999999998,0.018000000000000002,0.0,0.15000000000000002,0.7000000000000001,tanh,sgd,0.03,16,he,"(-0.1, 0.1)",30,0.04755599115152886,0.9166666666666666,46
[3],0.18999999999999997,0.002,0.002,0.25,0.8,sigmoid,sgd,0.0,16,gaussian,"(-0.5, 0.5)",30,0.04446441624760772,0.9166666666666666,47
[6],0.049999999999999996,0.004,0.0,0.2,0.6000000000000001,sigmoid,adam,0.01,64,he,"(-0.5, 0.5)",20,0.04543484773758952,0.9166666666666666,48
[5],0.03,0.016,0.0,0.05,0.30000000000000004,sigmoid,adam,0.0,64,he,"(-0.5, 0.5)",30,0.08533737222733973,0.9166666666666666,49
[3],0.16999999999999998,0.014,0.0,0.1,0.30000000000000004,tanh,adam,0.04,16,glorot,"(-0.5, 0.5)",35,0.06383979638069143,0.9166666666666666,50
[6],0.06999999999999999,0.016,0.002,0.05,0.0,tanh,sgd,0.01,32,gaussian,"(-0.5, 0.5)",20,0.13226552585297927,0.5,51
[6],0.08999999999999998,0.002,0.002,0.2,0.30000000000000004,tanh,adam,0.0,16,he,"(-0.1, 0.1)",20,0.03396210533965574,0.9166666666666666,52
[4],0.16999999999999998,0.012,0.004,0.15000000000000002,0.1,sigmoid,sgd,0.03,8,range,"(-0.7, 0.7)",20,0.06315542130270209,0.9166666666666666,53
[6],0.049999999999999996,0.006,0.004,0.1,0.5,tanh,adam,0.02,64,he,"(-0.1, 0.1)",20,0.04391045340996376,0.9166666666666666,54
[4],0.049999999999999996,0.018000000000000002,0.0,0.05,0.1,sigmoid,adam,0.03,32,glorot,"(-0.1, 0.1)",35,0.08001053460181871,0.9166666666666666,55
[5],0.06999999999999999,0.014,0.004,0.15000000000000002,0.4,sigmoid,sgd,0.01,32,range,"(-0.1, 0.1)",20,0.1247859009394907,0.5416666666666666,56
[5],0.049999999999999996,0.002,0.002,0.1,0.6000000000000001,sigmoid,adam,0.02,16,gaussian,"(-0.5, 0.5)",30,0.0526313784638374,0.9166666666666666,57
[4],0.03,0.014,0.0,0.05,0.1,sigmoid,sgd,0.01,16,xavier,"(-0.5, 0.5)",30,0.11598232370943823,0.8333333333333334,58
[3],0.18999999999999997,0.018000000000000002,0.004,0.0,0.0,sigmoid,sgd,0.03,16,gaussian,"(-0.5, 0.5)",20,0.13366235536719331,0.625,59
[3],0.15,0.0,0.002,0.2,0.6000000000000001,tanh,adam,0.0,64,glorot,"(-0.1, 0.1)",30,0.03180173791533844,0.9166666666666666,60
[4],0.049999999999999996,0.008,0.004,0.15000000000000002,0.2,sigmoid,sgd,0.02,64,glorot,"(-0.7, 0.7)",30,0.12482717309012271,0.5416666666666666,61
[3],0.03,0.008,0.006,0.05,0.6000000000000001,sigmoid,sgd,0.04,8,glorot,"(-0.7, 0.7)",30,0.10343302737402414,0.8333333333333334,62
[6],0.16999999999999998,0.014,0.004,0.2,0.8,tanh,adam,0.02,16,gaussian,"(-0.5, 0.5)",35,0.061715174223613695,0.9166666666666666,63
[4],0.01,0.008,0.0,0.15000000000000002,0.8,tanh,sgd,0.01,8,xavier,"(-0.7, 0.7)",20,0.04324838292070215,0.9166666666666666,64
[5],0.16999999999999998,0.0,0.002,0.2,0.6000000000000001,tanh,sgd,0.01,16,range,"(-0.5, 0.5)",35,0.041237534239052784,0.9166666666666666,65
[5],0.18999999999999997,0.0,0.004,0.2,0.2,sigmoid,adam,0.04,32,xavier,"(-0.5, 0.5)",20,0.05284028351351249,0.9166666666666666,66
[3],0.01,0.006,0.008,0.05,0.0,tanh,sgd,0.02,16,xavier,"(-0.5, 0.5)",35,0.12990654293964624,0.375,67
[4],0.10999999999999997,0.0,0.0,0.05,0.2,sigmoid,adam,0.0,32,glorot,"(-0.7, 0.7)",20,0.04101964844465419,0.9166666666666666,68
[5],0.08999999999999998,0.01,0.002,0.05,0.6000000000000001,tanh,adam,0.01,32,xavier,"(-0.7, 0.7)",35,0.04140964382751764,0.9166666666666666,69
[4],0.12999999999999998,0.008,0.004,0.05,0.2,sigmoid,adam,0.04,8,xavier,"(-0.7, 0.7)",30,0.058175836510034315,0.9166666666666666,70
[4],0.18999999999999997,0.002,0.006,0.05,0.5,sigmoid,sgd,0.02,32,xavier,"(-0.7, 0.7)",20,0.05942965626133577,0.9166666666666666,71
[5],0.15,0.0,0.004,0.05,0.30000000000000004,sigmoid,adam,0.02,8,gaussian,"(-0.1, 0.1)",30,0.054016148355617674,0.9166666666666666,72
[6],0.12999999999999998,0.004,0.006,0.15000000000000002,0.6000000000000001,tanh,adam,0.0,64,range,"(-0.7, 0.7)",35,0.0831349776993976,0.9166666666666666,73
[4],0.049999999999999996,0.014,0.0,0.0,0.4,sigmoid,adam,0.02,8,gaussian,"(-0.5, 0.5)",20,0.06302325860648932,0.9166666666666666,74
[6],0.049999999999999996,0.002,0.008,0.0,0.5,tanh,sgd,0.03,16,range,"(-0.5, 0.5)",20,0.047373450662473504,0.9166666666666666,75
[3],0.03,0.01,0.002,0.05,0.6000000000000001,tanh,adam,0.02,16,gaussian,"(-0.1, 0.1)",30,0.05112107350466389,0.9166666666666666,76
[6],0.049999999999999996,0.0,0.004,0.0,0.6000000000000001,sigmoid,adam,0.04,64,xavier,"(-0.1, 0.1)",20,0.046327407154129516,0.9166666666666666,77
[4],0.049999999999999996,0.008,0.0,0.15000000000000002,0.1,tanh,adam,0.03,64,he,"(-0.1, 0.1)",35,0.044521714862187506,0.9166666666666666,78
[6],0.049999999999999996,0.01,0.006,0.1,0.2,tanh,sgd,0.02,64,glorot,"(-0.5, 0.5)",20,0.12261960685487341,0.5833333333333334,79
[5],0.18999999999999997,0.0,0.002,0.25,0.1,sigmoid,adam,0.04,64,range,"(-0.1, 0.1)",35,0.051517344670233556,0.9166666666666666,80
[3],0.12999999999999998,0.016,0.006,0.2,0.7000000000000001,sigmoid,adam,0.02,8,glorot,"(-0.7, 0.7)",20,0.07439949167623279,0.9166666666666666,81
[4],0.03,0.014,0.002,0.05,0.30000000000000004,sigmoid,sgd,0.0,64,gaussian,"(-0.7, 0.7)",30,0.1469294148337443,0.4583333333333333,82
[4],0.049999999999999996,0.018000000000000002,0.004,0.1,0.1,sigmoid,adam,0.04,64,range,"(-0.5, 0.5)",30,0.09167299764943332,0.9166666666666666,83
[6],0.01,0.018000000000000002,0.008,0.2,0.6000000000000001,sigmoid,adam,0.01,16,range,"(-0.7, 0.7)",35,0.07790194653571503,0.9166666666666666,84
[3],0.03,0.018000000000000002,0.0,0.1,0.8,tanh,adam,0.02,64,glorot,"(-0.7, 0.7)",35,0.05230528721511381,0.9166666666666666,85
[6],0.01,0.004,0.004,0.15000000000000002,0.2,tanh,sgd,0.03,32,xavier,"(-0.1, 0.1)",35,0.1202227823432765,0.5833333333333334,86
[6],0.08999999999999998,0.01,0.0,0.1,0.4,tanh,adam,0.03,8,xavier,"(-0.1, 0.1)",30,0.048949009864554145,0.9166666666666666,87
[6],0.10999999999999997,0.008,0.006,0.2,0.1,sigmoid,adam,0.01,64,glorot,"(-0.7, 0.7)",30,0.06007107967753767,0.9166666666666666,88
[3],0.16999999999999998,0.004,0.0,0.1,0.8,tanh,sgd,0.04,8,xavier,"(-0.1, 0.1)",20,0.03154679208016592,0.9166666666666666,89
[3],0.06999999999999999,0.0,0.006,0.0,0.5,sigmoid,adam,0.02,64,range,"(-0.5, 0.5)",35,0.0482517226164449,0.9166666666666666,90
[3],0.01,0.006,0.004,0.15000000000000002,0.7000000000000001,sigmoid,adam,0.04,32,he,"(-0.1, 0.1)",30,0.10101205387803802,0.875,91
[3],0.08999999999999998,0.0,0.006,0.0,0.2,sigmoid,sgd,0.01,16,he,"(-0.7, 0.7)",30,0.1163581057474766,0.7083333333333334,92
[3],0.01,0.014,0.002,0.25,0.2,sigmoid,sgd,0.02,32,he,"(-0.5, 0.5)",30,0.13047103578174069,0.375,93
[5],0.15,0.008,0.002,0.15000000000000002,0.4,tanh,sgd,0.0,32,range,"(-0.7, 0.7)",35,0.04797858109136457,0.9166666666666666,94
[5],0.08999999999999998,0.002,0.006,0.0,0.5,tanh,adam,0.02,32,he,"(-0.1, 0.1)",20,0.04336458174549961,0.9166666666666666,95
[4],0.01,0.018000000000000002,0.006,0.25,0.5,sigmoid,sgd,0.03,32,he,"(-0.5, 0.5)",30,0.1275706315006628,0.5833333333333334,96
[6],0.01,0.018000000000000002,0.008,0.05,0.5,sigmoid,adam,0.02,32,xavier,"(-0.7, 0.7)",35,0.0868700993545108,0.9166666666666666,97
[4],0.08999999999999998,0.002,0.006,0.05,0.4,sigmoid,adam,0.0,16,he,"(-0.1, 0.1)",35,0.04849123168248681,0.9166666666666666,98
[5],0.12999999999999998,0.01,0.004,0.1,0.4,tanh,sgd,0.03,8,range,"(-0.7, 0.7)",35,0.052870549464525116,0.9166666666666666,99
[3],0.15,0.006,0.008,0.0,0.6000000000000001,tanh,adam,0.0,16,xavier,"(-0.1, 0.1)",30,0.041856247109905056,0.9166666666666666,100
[6],0.18999999999999997,0.014,0.002,0.1,0.2,sigmoid,adam,0.02,16,he,"(-0.7, 0.7)",20,0.0490625730850518,0.9583333333333334,1
[3],0.15,0.008,0.002,0.05,0.2,tanh,sgd,0.01,64,glorot,"(-0.5, 0.5)",30,0.037369020565212616,0.9583333333333334,2
[6],0.12999999999999998,0.0,0.0,0.2,0.30000000000000004,tanh,sgd,0.02,16,gaussian,"(-0.7, 0.7)",20,0.02569609392451481,0.9583333333333334,3
[4],0.06999999999999999,0.01,0.004,0.05,0.1,tanh,adam,0.01,8,gaussian,"(-0.5, 0.5)",30,0.03427582615171122,0.9583333333333334,4
[6],0.16999999999999998,0.018000000000000002,0.008,0.1,0.6000000000000001,sigmoid,adam,0.03,32,xavier,"(-0.1, 0.1)",30,0.06941775115409199,0.9583333333333334,5
[3],0.06999999999999999,0.006,0.002,0.05,0.0,sigmoid,sgd,0.02,8,glorot,"(-0.7, 0.7)",30,0.08752030161831093,0.9583333333333334,6
[3],0.18999999999999997,0.0,0.0,0.25,0.0,sigmoid,sgd,0.03,64,glorot,"(-0.1, 0.1)",35,0.1216263249593283,0.5,7
[5],0.15,0.004,0.002,0.25,0.0,tanh,adam,0.0,32,range,"(-0.7, 0.7)",35,0.02943023353536191,0.9583333333333334,8
[4],0.12999999999999998,0.002,0.008,0.25,0.1,tanh,sgd,0.0,64,xavier,"(-0.7, 0.7)",20,0.03254010022643383,0.9583333333333334,9
[5],0.16999999999999998,0.006,0.004,0.25,0.6000000000000001,tanh,sgd,0.0,64,xavier,"(-0.7, 0.7)",30,0.02854623362934307,0.9583333333333334,10
[5],0.06999999999999999,0.0,0.0,0.25,0.1,sigmoid,adam,0.01,8,range,"(-0.1, 0.1)",35,0.02547588516033662,0.9583333333333334,11
[3],0.08999999999999998,0.006,0.006,0.1,0.4,tanh,sgd,0.0,16,gaussian,"(-0.5, 0.5)",30,0.034798244557314666,0.9583333333333334,12
[5],0.12999999999999998,0.002,0.0,0.0,0.0,sigmoid,sgd,0.02,32,glorot,"(-0.7, 0.7)",30,0.10401217678742607,0.8333333333333334,13
[3],0.10999999999999997,0.01,0.002,0.0,0.6000000000000001,tanh,adam,0.02,64,glorot,"(-0.5, 0.5)",35,0.06452435347737526,0.875,14
[4],0.03,0.004,0.0,0.05,0.1,tanh,adam,0.04,64,xavier,"(-0.7, 0.7)",30,0.024647656951175455,0.9583333333333334,15
[5],0.18999999999999997,0.0,0.002,0.15000000000000002,0.7000000000000001,sigmoid,adam,0.03,8,gaussian,"(-0.5, 0.5)",35,0.02518902794996161,0.9583333333333334,16
[5],0.01,0.016,0.008,0.25,0.30000000000000004,tanh,sgd,0.03,16,glorot,"(-0.5, 0.5)",35,0.1206919007286103,0.6666666666666666,17
[6],0.049999999999999996,0.016,0.008,0.0,0.0,sigmoid,adam,0.03,16,gaussian,"(-0.5, 0.5)",30,0.07817186622506639,0.9583333333333334,18
[4],0.10999999999999997,0.008,0.0,0.2,0.30000000000000004,tanh,adam,0.01,8,glorot,"(-0.5, 0.5)",35,0.02434621713202668,0.9583333333333334,19
[6],0.03,0.014,0.006,0.1,0.1,tanh,sgd,0.0,64,glorot,"(-0.1, 0.1)",35,0.12810371859332526,0.7083333333333334,20
[3],0.03,0.018000000000000002,0.008,0.25,0.4,sigmoid,adam,0.02,32,gaussian,"(-0.1, 0.1)",30,0.06726746729828383,0.9583333333333334,21
[5],0.16999999999999998,0.018000000000000002,0.008,0.15000000000000002,0.5,tanh,sgd,0.0,16,gaussian,"(-0.5, 0.5)",30,0.046682688490416235,0.9583333333333334,22
[5],0.16999999999999998,0.016,0.004,0.25,0.1,sigmoid,sgd,0.03,16,glorot,"(-0.1, 0.1)",30,0.08915306415344246,0.9583333333333334,23
[4],0.06999999999999999,0.002,0.006,0.05,0.7000000000000001,sigmoid,adam,0.0,64,gaussian,"(-0.7, 0.7)",35,0.056131789827962575,0.9583333333333334,24
[3],0.15,0.014,0.008,0.2,0.2,tanh,sgd,0.04,8,range,"(-0.5, 0.5)",35,0.035611633422722624,0.9583333333333334,25
[6],0.16999999999999998,0.004,0.008,0.05,0.2,sigmoid,adam,0.04,32,range,"(-0.5, 0.5)",30,0.053762432400837605,0.9583333333333334,26
[4],0.08999999999999998,0.012,0.004,0.1,0.7000000000000001,sigmoid,sgd,0.03,32,range,"(-0.5, 0.5)",35,0.09958289582845999,0.9166666666666666,27
[4],0.06999999999999999,0.006,0.008,0.25,0.4,tanh,sgd,0.01,32,gaussian,"(-0.5, 0.5)",35,0.14561415006528536,0.375,28
[6],0.18999999999999997,0.018000000000000002,0.006,0.25,0.8,tanh,adam,0.0,8,gaussian,"(-0.5, 0.5)",20,0.0581550584946452,0.9583333333333334,29
[3],0.01,0.006,0.004,0.05,0.4,tanh,sgd,0.0,32,xavier,"(-0.7, 0.7)",20,0.1283348932259074,0.4166666666666667,30
[5],0.15,0.002,0.008,0.25,0.8,sigmoid,adam,0.01,32,gaussian,"(-0.5, 0.5)",30,0.04399444893714521,0.9583333333333334,31
[6],0.10999999999999997,0.016,0.0,0.0,0.4,sigmoid,adam,0.01,32,range,"(-0.7, 0.7)",35,0.07559062469229759,0.9583333333333334,32
[4],0.06999999999999999,0.008,0.006,0.05,0.1,sigmoid,sgd,0.04,8,glorot,"(-0.1, 0.1)",30,0.08036692079800666,0.9166666666666666,33
[5],0.16999999999999998,0.008,0.002,0.05,0.4,sigmoid,adam,0.03,16,gaussian,"(-0.1, 0.1)",30,0.046368079055114655,0.9583333333333334,34
[3],0.18999999999999997,0.008,0.006,0.2,0.8,tanh,sgd,0.02,16,xavier,"(-0.7, 0.7)",20,0.027077707233314523,0.9583333333333334,35
[4],0.12999999999999998,0.016,0.008,0.15000000000000002,0.1,tanh,sgd,0.01,32,he,"(-0.5, 0.5)",30,0.04232250008798178,0.9583333333333334,36
[4],0.18999999999999997,0.016,0.006,0.2,0.0,sigmoid,adam,0.03,16,range,"(-0.7, 0.7)",20,0.06981828454822248,0.9583333333333334,37
[3],0.10999999999999997,0.012,0.0,0.15000000000000002,0.4,tanh,sgd,0.04,32,range,"(-0.7, 0.7)",30,0.04122017775180467,0.9583333333333334,38
[6],0.01,0.008,0.002,0.1,0.8,sigmoid,sgd,0.01,8,gaussian,"(-0.1, 0.1)",35,0.12813651200791598,0.375,39
[4],0.12999999999999998,0.002,0.002,0.2,0.6000000000000001,sigmoid,sgd,0.0,64,he,"(-0.1, 0.1)",20,0.07715055032708752,0.9583333333333334,40
[3],0.01,0.004,0.004,0.2,0.1,sigmoid,adam,0.03,64,glorot,"(-0.7, 0.7)",30,0.08774048634714285,0.9166666666666666,41
[6],0.10999999999999997,0.0,0.006,0.25,0.1,sigmoid,sgd,0.04,8,gaussian,"(-0.5, 0.5)",35,0.11605142455348884,0.625,42
[3],0.08999999999999998,0.008,0.008,0.0,0.4,tanh,adam,0.03,8,glorot,"(-0.1, 0.1)",35,0.03075962109432107,0.9583333333333334,43
[4],0.049999999999999996,0.012,0.008,0.1,0.2,tanh,adam,0.0,16,gaussian,"(-0.1, 0.1)",20,0.03238504136806944,0.9583333333333334,44
[6],0.16999999999999998,0.016,0.0,0.1,0.30000000000000004,tanh,sgd,0.03,16,xavier,"(-0.1, 0.1)",20,0.028234262386295072,0.9583333333333334,45
[5],0.06999999999999999,0.002,0.002,0.25,0.0,tanh,sgd,0.02,8,he,"(-0.1, 0.1)",20,0.025084576121107618,0.9583333333333334,46
[6],0.10999999999999997,0.01,0.002,0.25,0.30000000000000004,sigmoid,adam,0.04,8,xavier,"(-0.5, 0.5)",30,0.04871987831121944,0.9583333333333334,47
[6],0.10999999999999997,0.018000000000000002,0.004,0.25,0.2,tanh,adam,0.03,16,gaussian,"(-0.5, 0.5)",20,0.035256542727541494,0.9583333333333334,48
[4],0.12999999999999998,0.008,0.004,0.05,0.5,tanh,adam,0.03,32,he,"(-0.5, 0.5)",35,0.05931985753473113,0.9583333333333334,49
[3],0.049999999999999996,0.018000000000000002,0.0,0.1,0.2,sigmoid,adam,0.0,8,gaussian,"(-0.7, 0.7)",35,0.05612924708859515,0.9583333333333334,50
[3],0.18999999999999997,0.018000000000000002,0.006,0.2,0.30000000000000004,sigmoid,adam,0.04,64,xavier,"(-0.5, 0.5)",30,0.06478526759950773,0.9583333333333334,51
[4],0.18999999999999997,0.008,0.002,0.15000000000000002,0.8,sigmoid,adam,0.02,8,xavier,"(-0.7, 0.7)",35,0.046691266028778856,0.9583333333333334,52
[4],0.16999999999999998,0.004,0.006,0.05,0.2,sigmoid,adam,0.02,8,xavier,"(-0.5, 0.5)",20,0.04060332883119777,0.9583333333333334,53
[3],0.08999999999999998,0.01,0.002,0.0,0.30000000000000004,tanh,adam,0.03,64,gaussian,"(-0.1, 0.1)",35,0.04126280870266448,0.9583333333333334,54
[5],0.03,0.016,0.004,0.25,0.4,sigmoid,adam,0.03,32,range,"(-0.7, 0.7)",20,0.06114348823306151,0.9583333333333334,55
[5],0.12999999999999998,0.006,0.008,0.15000000000000002,0.5,tanh,adam,0.03,8,range,"(-0.1, 0.1)",30,0.03823477505927352,0.9583333333333334,56
[4],0.06999999999999999,0.002,0.008,0.25,0.4,sigmoid,sgd,0.01,16,he,"(-0.7, 0.7)",35,0.08346558550798432,0.9583333333333334,57
[3],0.06999999999999999,0.012,0.004,0.25,0.1,tanh,adam,0.03,16,range,"(-0.1, 0.1)",35,0.034027401230837216,0.9583333333333334,58
[6],0.01,0.006,0.0,0.05,0.2,sigmoid,sgd,0.04,16,gaussian,"(-0.1, 0.1)",30,0.1262799799747836,0.5,59
[4],0.16999999999999998,0.012,0.008,0.2,0.0,tanh,sgd,0.01,64,range,"(-0.5, 0.5)",30,0.04025709070927811,0.9583333333333334,60
[4],0.06999999999999999,0.012,0.008,0.05,0.2,tanh,sgd,0.02,64,range,"(-0.7, 0.7)",20,0.08321138558539203,0.9166666666666666,61
[4],0.12999999999999998,0.012,0.002,0.0,0.0,sigmoid,adam,0.01,8,xavier,"(-0.5, 0.5)",35,0.04361482694672232,0.9583333333333334,62
[3],0.16999999999999998,0.016,0.0,0.0,0.7000000000000001,sigmoid,sgd,0.03,64,he,"(-0.1, 0.1)",35,0.11823980173196949,0.7916666666666666,63
[6],0.06999999999999999,0.014,0.006,0.1,0.1,tanh,sgd,0.02,64,xavier,"(-0.1, 0.1)",30,0.08847321278822383,0.9583333333333334,64
[6],0.08999999999999998,0.006,0.0,0.25,0.0,sigmoid,sgd,0.03,16,he,"(-0.5, 0.5)",30,0.1150317143709987,0.5833333333333334,65
[3],0.049999999999999996,0.012,0.008,0.1,0.4,tanh,adam,0.04,32,glorot,"(-0.1, 0.1)",30,0.03775462179967997,0.9583333333333334,66
[6],0.049999999999999996,0.01,0.008,0.2,0.7000000000000001,tanh,adam,0.04,32,glorot,"(-0.7, 0.7)",20,0.03748147356364857,0.9583333333333334,67
[3],0.06999999999999999,0.014,0.002,0.0,0.30000000000000004,tanh,adam,0.04,8,xavier,"(-0.5, 0.5)",35,0.030746096683469917,0.9583333333333334,68
[3],0.03,0.004,0.006,0.2,0.6000000000000001,sigmoid,sgd,0.02,16,he,"(-0.1, 0.1)",35,0.12974091334073734,0.4583333333333333,69
[3],0.12999999999999998,0.012,0.008,0.25,0.8,tanh,sgd,0.01,64,glorot,"(-0.1, 0.1)",20,0.03395669276778633,0.9583333333333334,70
[5],0.06999999999999999,0.0,0.008,0.2,0.8,sigmoid,sgd,0.0,32,xavier,"(-0.7, 0.7)",20,0.06521087924706914,0.9583333333333334,71
[4],0.03,0.008,0.006,0.1,0.6000000000000001,tanh,sgd,0.04,8,gaussian,"(-0.1, 0.1)",35,0.028231758307556736,0.9583333333333334,72
[5],0.16999999999999998,0.018000000000000002,0.004,0.1,0.4,sigmoid,sgd,0.03,64,range,"(-0.1, 0.1)",30,0.12393357340072808,0.625,73
[4],0.12999999999999998,0.016,0.0,0.2,0.1,tanh,adam,0.0,32,range,"(-0.7, 0.7)",30,0.03211923119722871,0.9583333333333334,74
[6],0.12999999999999998,0.018000000000000002,0.006,0.05,0.5,tanh,adam,0.04,8,glorot,"(-0.1, 0.1)",30,0.04474749830447706,0.9583333333333334,75
[3],0.12999999999999998,0.006,0.002,0.1,0.6000000000000001,tanh,sgd,0.02,16,he,"(-0.1, 0.1)",30,0.02935652487943268,0.9583333333333334,76
[5],0.03,0.016,0.002,0.15000000000000002,0.5,tanh,sgd,0.04,32,xavier,"(-0.7, 0.7)",35,0.10427906216231426,0.9166666666666666,77
[4],0.15,0.006,0.002,0.25,0.30000000000000004,tanh,sgd,0.01,16,xavier,"(-0.7, 0.7)",30,0.03633786918323832,0.9583333333333334,78
[4],0.03,0.002,0.0,0.25,0.7000000000000001,sigmoid,sgd,0.03,32,range,"(-0.5, 0.5)",30,0.11711432883683628,0.625,79
[5],0.15,0.004,0.008,0.1,0.6000000000000001,sigmoid,sgd,0.0,64,glorot,"(-0.7, 0.7)",20,0.08459661906957568,0.9583333333333334,80
[5],0.12999999999999998,0.004,0.006,0.0,0.8,tanh,adam,0.0,8,xavier,"(-0.5, 0.5)",35,0.02891858314933144,0.9583333333333334,81
[3],0.10999999999999997,0.01,0.008,0.1,0.2,tanh,sgd,0.02,64,range,"(-0.5, 0.5)",30,0.09711266407522888,0.8333333333333334,82
[4],0.15,0.012,0.002,0.15000000000000002,0.5,tanh,adam,0.02,64,xavier,"(-0.7, 0.7)",20,0.025385094642654888,0.9583333333333334,83
[4],0.03,0.008,0.002,0.2,0.6000000000000001,tanh,sgd,0.01,16,glorot,"(-0.1, 0.1)",20,0.0274565308561787,0.9583333333333334,84
[6],0.15,0.004,0.008,0.2,0.5,tanh,adam,0.02,8,glorot,"(-0.1, 0.1)",35,0.035548087575316085,0.9583333333333334,85
[4],0.01,0.006,0.004,0.15000000000000002,0.1,tanh,adam,0.02,32,he,"(-0.7, 0.7)",35,0.035262386933374835,0.9583333333333334,86
[5],0.10999999999999997,0.0,0.006,0.0,0.5,sigmoid,sgd,0.02,32,he,"(-0.7, 0.7)",35,0.11022719184293103,0.9166666666666666,87
[6],0.15,0.002,0.006,0.2,0.4,tanh,sgd,0.01,32,glorot,"(-0.7, 0.7)",35,0.026510464801165392,0.9583333333333334,88
[6],0.03,0.002,0.002,0.1,0.30000000000000004,tanh,adam,0.02,32,range,"(-0.7, 0.7)",30,0.026234321182392398,0.9583333333333334,89
[5],0.15,0.01,0.008,0.2,0.7000000000000001,tanh,sgd,0.01,8,xavier,"(-0.7, 0.7)",20,0.03341515558549507,0.9583333333333334,90
[5],0.03,0.006,0.002,0.15000000000000002,0.1,sigmoid,sgd,0.03,8,gaussian,"(-0.5, 0.5)",35,0.1334504128132694,0.5,91
[3],0.03,0.008,0.008,0.05,0.1,tanh,adam,0.01,16,he,"(-0.5, 0.5)",35,0.03938810024341588,0.9583333333333334,92
[4],0.049999999999999996,0.016,0.002,0.0,0.0,tanh,adam,0.03,64,range,"(-0.5, 0.5)",35,0.05189164823824405,0.9583333333333334,93
[6],0.049999999999999996,0.016,0.002,0.2,0.7000000000000001,tanh,adam,0.02,64,range,"(-0.1, 0.1)",20,0.03127064433671764,0.9583333333333334,94
[6],0.08999999999999998,0.01,0.006,0.1,0.2,tanh,sgd,0.0,16,he,"(-0.5, 0.5)",30,0.029547860645063224,0.9583333333333334,95
[3],0.15,0.014,0.004,0.0,0.6000000000000001,tanh,sgd,0.0,32,xavier,"(-0.5, 0.5)",35,0.035225655403091985,0.9583333333333334,96
[6],0.12999999999999998,0.006,0.002,0.25,0.6000000000000001,tanh,sgd,0.02,8,glorot,"(-0.7, 0.7)",20,0.030234557976766052,0.9583333333333334,97
[5],0.08999999999999998,0.016,0.004,0.15000000000000002,0.30000000000000004,sigmoid,sgd,0.01,32,gaussian,"(-0.7, 0.7)",30,0.152716326944688,0.6666666666666666,98
[6],0.08999999999999998,0.018000000000000002,0.006,0.05,0.5,sigmoid,sgd,0.0,8,xavier,"(-0.1, 0.1)",30,0.053561570410917025,0.9583333333333334,99
[5],0.049999999999999996,0.014,0.0,0.05,0.1,sigmoid,sgd,0.03,16,he,"(-0.5, 0.5)",30,0.12747743134023193,0.75,100
[6],0.10999999999999997,0.014,0.0,0.1,0.1,sigmoid,sgd,0.02,64,gaussian,"(-0.7, 0.7)",30,0.15381841925234715,0.4583333333333333,1
[4],0.06999999999999999,0.008,0.006,0.0,0.1,sigmoid,adam,0.03,16,gaussian,"(-0.1, 0.1)",30,0.07858005329467409,0.875,2
[3],0.16999999999999998,0.006,0.006,0.15000000000000002,0.4,tanh,sgd,0.0,8,he,"(-0.5, 0.5)",35,0.08127074662628986,0.8333333333333334,3
[5],0.06999999999999999,0.01,0.0,0.25,0.30000000000000004,sigmoid,sgd,0.03,32,gaussian,"(-0.1, 0.1)",30,0.1336811258440788,0.375,4
[3],0.12999999999999998,0.006,0.0,0.0,0.7000000000000001,sigmoid,adam,0.0,16,xavier,"(-0.5, 0.5)",20,0.07293098905048842,0.875,5
[5],0.01,0.0,0.004,0.25,0.2,sigmoid,sgd,0.03,16,he,"(-0.7, 0.7)",35,0.13212294338506153,0.375,6
[5],0.15,0.006,0.0,0.25,0.6000000000000001,tanh,sgd,0.02,8,glorot,"(-0.7, 0.7)",30,0.06012062242611967,0.875,7
[5],0.16999999999999998,0.014,0.002,0.2,0.2,tanh,adam,0.03,32,range,"(-0.7, 0.7)",20,0.07325005580648745,0.875,8
[3],0.16999999999999998,0.004,0.006,0.1,0.4,tanh,adam,0.0,64,xavier,"(-0.1, 0.1)",35,0.06327936821077747,0.875,9
[5],0.18999999999999997,0.006,0.004,0.25,0.1,tanh,sgd,0.04,64,range,"(-0.1, 0.1)",35,0.08464050217309183,0.875,10
[5],0.10999999999999997,0.012,0.004,0.0,0.1,sigmoid,sgd,0.01,16,gaussian,"(-0.1, 0.1)",20,0.12768684454333115,0.375,11
[6],0.06999999999999999,0.002,0.0,0.2,0.6000000000000001,tanh,adam,0.0,32,xavier,"(-0.7, 0.7)",35,0.06676625679537784,0.875,12
[3],0.01,0.006,0.006,0.0,0.7000000000000001,sigmoid,adam,0.04,64,he,"(-0.7, 0.7)",20,0.10983775897824119,0.7916666666666666,13
[5],0.16999999999999998,0.0,0.0,0.1,0.1,sigmoid,sgd,0.0,16,range,"(-0.5, 0.5)",20,0.0622611013281146,0.875,14
[4],0.16999999999999998,0.006,0.008,0.25,0.2,tanh,sgd,0.04,32,glorot,"(-0.7, 0.7)",35,0.06630338138249102,0.875,15
[6],0.03,0.004,0.002,0.2,0.6000000000000001,tanh,sgd,0.04,64,he,"(-0.5, 0.5)",35,0.0970806612920368,0.75,16
[5],0.10999999999999997,0.012,0.006,0.25,0.5,sigmoid,sgd,0.03,32,he,"(-0.5, 0.5)",30,0.13627395609205736,0.375,17
[6],0.01,0.0,0.004,0.2,0.0,sigmoid,adam,0.0,32,xavier,"(-0.1, 0.1)",30,0.06366641561557697,0.875,18
[3],0.08999999999999998,0.016,0.008,0.2,0.2,sigmoid,sgd,0.03,32,xavier,"(-0.1, 0.1)",30,0.13164568094066148,0.375,19
[5],0.18999999999999997,0.006,0.002,0.1,0.4,sigmoid,adam,0.04,16,gaussian,"(-0.7, 0.7)",30,0.0780883912368465,0.8333333333333334,20
[6],0.049999999999999996,0.014,0.008,0.0,0.4,sigmoid,adam,0.0,8,he,"(-0.5, 0.5)",30,0.08303202089552675,0.875,21
[6],0.03,0.006,0.008,0.0,0.6000000000000001,sigmoid,adam,0.04,8,he,"(-0.7, 0.7)",35,0.07206255952606555,0.875,22
[4],0.10999999999999997,0.016,0.002,0.05,0.0,tanh,adam,0.04,8,xavier,"(-0.5, 0.5)",30,0.09044951161993142,0.7916666666666666,23
[6],0.049999999999999996,0.004,0.004,0.0,0.7000000000000001,sigmoid,adam,0.02,8,glorot,"(-0.7, 0.7)",30,0.07252973330217591,0.875,24
[4],0.049999999999999996,0.014,0.008,0.05,0.7000000000000001,tanh,sgd,0.04,16,xavier,"(-0.1, 0.1)",30,0.0643712011392337,0.875,25
[6],0.10999999999999997,0.018000000000000002,0.0,0.0,0.6000000000000001,tanh,adam,0.02,16,he,"(-0.5, 0.5)",35,0.06635794931118218,0.875,26
[3],0.08999999999999998,0.004,0.004,0.2,0.7000000000000001,sigmoid,adam,0.0,16,xavier,"(-0.7, 0.7)",30,0.07104061074795034,0.875,27
[4],0.03,0.002,0.0,0.05,0.2,tanh,sgd,0.02,8,he,"(-0.5, 0.5)",30,0.05749888551652449,0.875,28
[3],0.10999999999999997,0.006,0.008,0.05,0.30000000000000004,tanh,adam,0.04,16,gaussian,"(-0.5, 0.5)",35,0.06642132371280773,0.9166666666666666,29
[3],0.08999999999999998,0.004,0.0,0.1,0.30000000000000004,tanh,sgd,0.03,8,gaussian,"(-0.5, 0.5)",35,0.07115155045569468,0.8333333333333334,30
[5],0.10999999999999997,0.002,0.0,0.1,0.6000000000000001,sigmoid,adam,0.04,8,he,"(-0.5, 0.5)",35,0.06017376399131204,0.875,31
[3],0.049999999999999996,0.006,0.008,0.15000000000000002,0.8,sigmoid,sgd,0.01,32,he,"(-0.5, 0.5)",30,0.12190613335214341,0.5,32
[4],0.01,0.01,0.004,0.1,0.4,sigmoid,adam,0.0,32,glorot,"(-0.1, 0.1)",35,0.08313831531931373,0.875,33
[5],0.06999999999999999,0.004,0.004,0.15000000000000002,0.2,sigmoid,adam,0.04,16,glorot,"(-0.1, 0.1)",35,0.07488354214466902,0.875,34
[4],0.12999999999999998,0.008,0.008,0.1,0.7000000000000001,sigmoid,sgd,0.01,16,xavier,"(-0.5, 0.5)",35,0.0818089758042412,0.875,35
[4],0.12999999999999998,0.004,0.008,0.05,0.5,sigmoid,sgd,0.01,32,xavier,"(-0.7, 0.7)",20,0.08171426273384207,0.875,36
[5],0.12999999999999998,0.012,0.004,0.15000000000000002,0.4,sigmoid,sgd,0.0,16,xavier,"(-0.1, 0.1)",35,0.07746827171125395,0.875,37
[5],0.18999999999999997,0.018000000000000002,0.008,0.05,0.30000000000000004,sigmoid,sgd,0.02,8,glorot,"(-0.1, 0.1)",35,0.09603504415603026,0.875,38
[6],0.10999999999999997,0.004,0.006,0.15000000000000002,0.7000000000000001,sigmoid,sgd,0.01,16,gaussian,"(-0.5, 0.5)",20,0.07270296467541185,0.875,39
[5],0.12999999999999998,0.006,0.002,0.05,0.1,sigmoid,adam,0.04,64,he,"(-0.5, 0.5)",20,0.06895199853879365,0.875,40
[6],0.12999999999999998,0.0,0.008,0.25,0.6000000000000001,tanh,adam,0.04,8,range,"(-0.1, 0.1)",30,0.0688665161887286,0.875,41
[6],0.01,0.006,0.008,0.2,0.6000000000000001,sigmoid,adam,0.04,8,xavier,"(-0.5, 0.5)",30,0.08139117297198062,0.875,42
[6],0.08999999999999998,0.008,0.006,0.05,0.6000000000000001,tanh,sgd,0.04,16,glorot,"(-0.7, 0.7)",30,0.07405042454640505,0.8333333333333334,43
[3],0.16999999999999998,0.002,0.002,0.2,0.8,sigmoid,adam,0.03,32,glorot,"(-0.1, 0.1)",20,0.05998191681185995,0.875,44
[6],0.18999999999999997,0.006,0.006,0.0,0.4,tanh,sgd,0.0,8,gaussian,"(-0.7, 0.7)",30,0.074623776225608,0.875,45
[5],0.03,0.016,0.006,0.25,0.8,sigmoid,adam,0.04,64,gaussian,"(-0.1, 0.1)",30,0.11480854368564067,0.875,46
[4],0.049999999999999996,0.004,0.002,0.25,0.0,tanh,adam,0.02,64,he,"(-0.7, 0.7)",20,0.05273976600801468,0.875,47
[3],0.049999999999999996,0.006,0.0,0.2,0.4,sigmoid,adam,0.03,64,range,"(-0.1, 0.1)",35,0.08468214049050153,0.7916666666666666,48
[6],0.06999999999999999,0.006,0.008,0.25,0.7000000000000001,tanh,adam,0.03,8,range,"(-0.7, 0.7)",20,0.07061198151325501,0.875,49
[4],0.16999999999999998,0.008,0.008,0.25,0.8,sigmoid,sgd,0.01,16,gaussian,"(-0.7, 0.7)",30,0.09511567749383777,0.875,50
[3],0.049999999999999996,0.0,0.008,0.2,0.4,tanh,sgd,0.0,8,glorot,"(-0.1, 0.1)",20,0.0666827226928034,0.8333333333333334,51
[5],0.18999999999999997,0.018000000000000002,0.008,0.2,0.2,tanh,adam,0.0,8,he,"(-0.5, 0.5)",30,0.08774005539339147,0.875,52
[6],0.03,0.012,0.008,0.0,0.4,tanh,sgd,0.0,32,he,"(-0.7, 0.7)",30,0.07835895965855667,0.875,53
[4],0.06999999999999999,0.018000000000000002,0.0,0.0,0.8,sigmoid,adam,0.04,32,glorot,"(-0.7, 0.7)",30,0.08735507570510653,0.875,54
[5],0.16999999999999998,0.018000000000000002,0.008,0.1,0.2,tanh,adam,0.03,16,range,"(-0.1, 0.1)",35,0.08069742223078924,0.875,55
[5],0.06999999999999999,0.0,0.0,0.0,0.7000000000000001,sigmoid,sgd,0.04,64,glorot,"(-0.1, 0.1)",30,0.12423622885834902,0.4166666666666667,56
[5],0.16999999999999998,0.006,0.0,0.25,0.30000000000000004,tanh,adam,0.0,32,he,"(-0.7, 0.7)",35,0.06103635415932007,0.875,57
[5],0.01,0.002,0.004,0.1,0.6000000000000001,sigmoid,sgd,0.01,32,he,"(-0.7, 0.7)",30,0.13301915937341657,0.375,58
[6],0.01,0.004,0.006,0.05,0.7000000000000001,tanh,adam,0.03,8,range,"(-0.5, 0.5)",35,0.0731947026937488,0.7916666666666666,59
[5],0.16999999999999998,0.016,0.0,0.05,0.5,tanh,sgd,0.01,32,gaussian,"(-0.5, 0.5)",30,0.0781884104055863,0.8333333333333334,60
[4],0.18999999999999997,0.018000000000000002,0.006,0.05,0.1,tanh,adam,0.0,32,glorot,"(-0.1, 0.1)",30,0.07334562497808893,0.875,61
[4],0.10999999999999997,0.014,0.004,0.05,0.8,tanh,sgd,0.0,32,gaussian,"(-0.1, 0.1)",20,0.061334434937193746,0.875,62
[6],0.16999999999999998,0.0,0.006,0.2,0.2,sigmoid,adam,0.03,32,he,"(-0.1, 0.1)",20,0.06252336878425975,0.875,63
[4],0.06999999999999999,0.0,0.006,0.15000000000000002,0.8,sigmoid,sgd,0.02,8,range,"(-0.1, 0.1)",30,0.06524799254310712,0.875,64
[6],0.01,0.002,0.008,0.25,0.4,sigmoid,adam,0.01,32,xavier,"(-0.1, 0.1)",30,0.0729951831163671,0.875,65
[5],0.16999999999999998,0.01,0.006,0.25,0.1,tanh,sgd,0.01,32,gaussian,"(-0.1, 0.1)",35,0.0654074512589403,0.875,66
[3],0.06999999999999999,0.016,0.004,0.2,0.5,tanh,sgd,0.02,16,xavier,"(-0.1, 0.1)",30,0.06929072660998131,0.875,67
[5],0.16999999999999998,0.014,0.0,0.05,0.0,tanh,sgd,0.0,64,gaussian,"(-0.1, 0.1)",30,0.07291684063939276,0.875,68
[6],0.049999999999999996,0.018000000000000002,0.008,0.25,0.7000000000000001,tanh,adam,0.02,16,range,"(-0.1, 0.1)",30,0.07185215019742487,0.875,69
[4],0.03,0.014,0.0,0.15000000000000002,0.4,tanh,adam,0.01,16,xavier,"(-0.7, 0.7)",30,0.05626551524949628,0.875,70
[5],0.12999999999999998,0.004,0.004,0.1,0.7000000000000001,tanh,sgd,0.0,64,gaussian,"(-0.5, 0.5)",30,0.0699335104646459,0.875,71
[6],0.049999999999999996,0.008,0.004,0.2,0.2,sigmoid,adam,0.0,32,range,"(-0.7, 0.7)",20,0.07895470142038447,0.875,72
[5],0.16999999999999998,0.014,0.006,0.2,0.6000000000000001,sigmoid,sgd,0.04,16,glorot,"(-0.5, 0.5)",20,0.08181605191821148,0.875,73
[5],0.06999999999999999,0.018000000000000002,0.006,0.15000000000000002,0.5,sigmoid,sgd,0.0,64,gaussian,"(-0.7, 0.7)",35,0.164603032050544,0.5416666666666666,74
[6],0.10999999999999997,0.016,0.0,0.15000000000000002,0.2,tanh,adam,0.0,8,range,"(-0.5, 0.5)",30,0.06786123830352395,0.8333333333333334,75
[6],0.01,0.002,0.002,0.05,0.0,sigmoid,sgd,0.03,32,glorot,"(-0.7, 0.7)",35,0.13862660804567234,0.375,76
[6],0.06999999999999999,0.006,0.004,0.1,0.4,tanh,adam,0.0,8,range,"(-0.7, 0.7)",30,0.06682008395167358,0.875,77
[4],0.08999999999999998,0.0,0.004,0.2,0.0,sigmoid,adam,0.0,32,gaussian,"(-0.1, 0.1)",30,0.07414390749041146,0.7916666666666666,78
[6],0.10999999999999997,0.012,0.006,0.15000000000000002,0.6000000000000001,sigmoid,sgd,0.03,16,xavier,"(-0.7, 0.7)",30,0.07621446392448242,0.875,79
[5],0.12999999999999998,0.004,0.004,0.25,0.2,sigmoid,sgd,0.0,8,xavier,"(-0.7, 0.7)",30,0.06620579090952901,0.875,80
[6],0.049999999999999996,0.002,0.002,0.25,0.6000000000000001,tanh,adam,0.04,16,glorot,"(-0.7, 0.7)",30,0.08148998998171011,0.7916666666666666,81
[6],0.12999999999999998,0.01,0.002,0.05,0.6000000000000001,sigmoid,adam,0.01,32,glorot,"(-0.7, 0.7)",35,0.10496758092127198,0.8333333333333334,82
[5],0.01,0.0,0.008,0.15000000000000002,0.5,sigmoid,adam,0.0,16,range,"(-0.5, 0.5)",30,0.07373460540680413,0.875,83
[3],0.16999999999999998,0.018000000000000002,0.0,0.05,0.7000000000000001,sigmoid,adam,0.04,8,he,"(-0.7, 0.7)",20,0.09928435523588788,0.875,84
[6],0.15,0.016,0.006,0.2,0.5,tanh,adam,0.02,32,xavier,"(-0.1, 0.1)",35,0.0685633067006457,0.875,85
[5],0.18999999999999997,0.008,0.0,0.25,0.7000000000000001,sigmoid,sgd,0.02,8,he,"(-0.5, 0.5)",20,0.06783698954572924,0.875,86
[4],0.16999999999999998,0.002,0.004,0.1,0.2,tanh,adam,0.02,8,gaussian,"(-0.7, 0.7)",20,0.06251672432335828,0.875,87
[4],0.15,0.01,0.002,0.1,0.30000000000000004,tanh,sgd,0.04,8,he,"(-0.1, 0.1)",20,0.057970634239108226,0.875,88
[4],0.15,0.012,0.006,0.05,0.7000000000000001,sigmoid,sgd,0.04,32,gaussian,"(-0.7, 0.7)",30,0.14821545059648475,0.375,89
[3],0.01,0.004,0.006,0.15000000000000002,0.7000000000000001,tanh,adam,0.04,16,glorot,"(-0.7, 0.7)",35,0.06818106002240917,0.875,90
[6],0.15,0.008,0.002,0.2,0.6000000000000001,sigmoid,adam,0.03,64,he,"(-0.7, 0.7)",35,0.0744962014265746,0.875,91
[3],0.03,0.016,0.004,0.15000000000000002,0.4,tanh,adam,0.02,8,he,"(-0.7, 0.7)",35,0.06561184591883536,0.875,92
[6],0.15,0.006,0.008,0.05,0.8,tanh,sgd,0.02,8,gaussian,"(-0.1, 0.1)",20,0.06489024827458909,0.875,93
[6],0.03,0.016,0.0,0.25,0.7000000000000001,tanh,sgd,0.02,32,xavier,"(-0.1, 0.1)",20,0.06368611567423434,0.875,94
[3],0.01,0.018000000000000002,0.002,0.2,0.1,sigmoid,sgd,0.04,16,glorot,"(-0.7, 0.7)",35,0.12965121909416136,0.4583333333333333,95
[4],0.03,0.004,0.004,0.1,0.7000000000000001,sigmoid,adam,0.02,64,he,"(-0.5, 0.5)",20,0.07289196562009308,0.875,96
[3],0.08999999999999998,0.0,0.006,0.15000000000000002,0.5,sigmoid,adam,0.02,16,glorot,"(-0.1, 0.1)",30,0.05869837667464373,0.875,97
[4],0.18999999999999997,0.012,0.002,0.25,0.7000000000000001,sigmoid,sgd,0.04,64,xavier,"(-0.7, 0.7)",35,0.09803452271797038,0.875,98
[3],0.15,0.008,0.0,0.0,0.1,sigmoid,adam,0.03,8,glorot,"(-0.1, 0.1)",35,0.07251325621263635,0.875,99
[3],0.01,0.012,0.004,0.05,0.5,tanh,sgd,0.04,64,glorot,"(-0.5, 0.5)",30,0.12962162451121428,0.5416666666666666,100
[3],0.01,0.008,0.002,0.05,0.2,sigmoid,sgd,0.04,64,gaussian,"(-0.1, 0.1)",25,0.12573850397185976,0.52,1
[4],0.06999999999999999,0.016,0.008,0.0,0.8,sigmoid,adam,0.01,64,range,"(-0.5, 0.5)",25,0.0796561003340322,0.92,2
[6],0.049999999999999996,0.014,0.0,0.25,0.4,sigmoid,sgd,0.02,16,xavier,"(-0.5, 0.5)",25,0.12072202280082289,0.68,11
[3],0.18999999999999997,0.01,0.006,0.0,0.1,tanh,adam,0.01,8,xavier,"(-0.7, 0.7)",25,0.05295931333647216,0.92,12
[4],0.08999999999999998,0.012,0.004,0.15000000000000002,0.8,tanh,sgd,0.01,16,gaussian,"(-0.5, 0.5)",25,0.05121084705488738,0.92,14
[4],0.18999999999999997,0.006,0.0,0.0,0.0,sigmoid,sgd,0.0,32,gaussian,"(-0.7, 0.7)",25,0.13425153724538558,0.4,15
[6],0.10999999999999997,0.012,0.006,0.15000000000000002,0.0,sigmoid,sgd,0.03,32,gaussian,"(-0.1, 0.1)",25,0.12628989840675142,0.52,17
[4],0.16999999999999998,0.014,0.002,0.15000000000000002,0.2,tanh,adam,0.01,8,glorot,"(-0.7, 0.7)",25,0.049735951508689376,0.92,18
[3],0.16999999999999998,0.0,0.0,0.05,0.2,tanh,adam,0.03,16,glorot,"(-0.1, 0.1)",25,0.032763185897006775,0.92,19
[6],0.01,0.012,0.004,0.15000000000000002,0.4,tanh,adam,0.01,16,he,"(-0.1, 0.1)",25,0.046097562071276715,0.92,20
[3],0.03,0.016,0.002,0.2,0.4,sigmoid,adam,0.0,16,he,"(-0.5, 0.5)",25,0.0700201035732479,0.92,24
[6],0.16999999999999998,0.008,0.008,0.25,0.8,sigmoid,adam,0.0,16,he,"(-0.1, 0.1)",25,0.09685879132811613,0.92,25
[4],0.08999999999999998,0.008,0.008,0.05,0.5,sigmoid,adam,0.04,64,he,"(-0.1, 0.1)",25,0.06292409643757325,0.92,26
[6],0.08999999999999998,0.0,0.0,0.1,0.2,tanh,sgd,0.03,64,range,"(-0.1, 0.1)",25,0.12282485619357747,0.68,27
[3],0.049999999999999996,0.016,0.0,0.1,0.8,sigmoid,adam,0.01,8,he,"(-0.5, 0.5)",25,0.07025719867911023,0.92,28
[5],0.06999999999999999,0.006,0.0,0.1,0.8,tanh,sgd,0.01,16,xavier,"(-0.5, 0.5)",25,0.04097536296892159,0.92,29
[5],0.16999999999999998,0.004,0.002,0.15000000000000002,0.6000000000000001,sigmoid,adam,0.03,8,he,"(-0.5, 0.5)",25,0.052662428864433314,0.92,35
[6],0.18999999999999997,0.018000000000000002,0.004,0.15000000000000002,0.7000000000000001,tanh,sgd,0.04,64,xavier,"(-0.7, 0.7)",25,0.046641610598376654,0.92,36
[5],0.16999999999999998,0.018000000000000002,0.004,0.0,0.30000000000000004,tanh,sgd,0.01,16,gaussian,"(-0.1, 0.1)",25,0.04752283685138121,0.92,37
[3],0.03,0.012,0.002,0.05,0.8,tanh,sgd,0.04,16,gaussian,"(-0.5, 0.5)",25,0.12773136353557699,0.52,39
[6],0.16999999999999998,0.016,0.008,0.1,0.7000000000000001,tanh,adam,0.01,64,glorot,"(-0.5, 0.5)",25,0.060610677857872414,0.92,40
[4],0.15,0.006,0.004,0.15000000000000002,0.7000000000000001,sigmoid,adam,0.02,64,xavier,"(-0.5, 0.5)",25,0.05901147421603473,0.92,44
[6],0.10999999999999997,0.006,0.006,0.1,0.5,tanh,adam,0.03,32,gaussian,"(-0.5, 0.5)",25,0.06341176266766782,0.88,46
[3],0.10999999999999997,0.006,0.0,0.25,0.0,sigmoid,sgd,0.01,8,range,"(-0.1, 0.1)",25,0.11028175166664966,0.8,47
[4],0.15,0.002,0.008,0.05,0.7000000000000001,tanh,adam,0.01,8,xavier,"(-0.5, 0.5)",25,0.046448580898508215,0.92,48
[5],0.15,0.016,0.008,0.1,0.6000000000000001,tanh,adam,0.03,32,he,"(-0.5, 0.5)",25,0.052757623845012716,0.92,55
[5],0.03,0.006,0.004,0.05,0.5,sigmoid,adam,0.0,16,he,"(-0.1, 0.1)",25,0.05609764147736403,0.92,57
[6],0.03,0.002,0.006,0.15000000000000002,0.1,sigmoid,sgd,0.01,32,gaussian,"(-0.1, 0.1)",25,0.12634701301597598,0.52,59
[3],0.18999999999999997,0.002,0.002,0.25,0.30000000000000004,tanh,sgd,0.01,16,xavier,"(-0.7, 0.7)",25,0.034619541001932465,0.92,61
[3],0.06999999999999999,0.008,0.008,0.25,0.30000000000000004,tanh,sgd,0.04,16,xavier,"(-0.5, 0.5)",25,0.053794971308247654,0.92,63
[6],0.15,0.002,0.0,0.25,0.30000000000000004,sigmoid,adam,0.04,8,range,"(-0.5, 0.5)",25,0.046222865055578786,0.96,70
[6],0.12999999999999998,0.004,0.006,0.0,0.2,tanh,sgd,0.03,8,range,"(-0.5, 0.5)",25,0.040159210816808406,0.92,75
[3],0.15,0.004,0.004,0.0,0.0,tanh,sgd,0.02,32,he,"(-0.5, 0.5)",25,0.050264834676706865,0.92,78
[4],0.16999999999999998,0.012,0.008,0.25,0.2,sigmoid,sgd,0.0,64,range,"(-0.7, 0.7)",25,0.12208846661431275,0.68,79
[3],0.18999999999999997,0.014,0.004,0.05,0.5,sigmoid,sgd,0.04,32,xavier,"(-0.7, 0.7)",25,0.11275542570223274,0.76,83
[3],0.08999999999999998,0.014,0.0,0.2,0.5,sigmoid,sgd,0.02,32,glorot,"(-0.1, 0.1)",25,0.1196394094036269,0.64,84
[4],0.03,0.014,0.004,0.25,0.6000000000000001,sigmoid,sgd,0.0,8,he,"(-0.5, 0.5)",25,0.08097287282750276,0.92,88
[3],0.06999999999999999,0.016,0.002,0.15000000000000002,0.7000000000000001,tanh,adam,0.04,16,glorot,"(-0.7, 0.7)",25,0.04599667348630129,0.92,89
[3],0.01,0.01,0.002,0.05,0.30000000000000004,sigmoid,sgd,0.04,16,xavier,"(-0.5, 0.5)",25,0.1264398657185972,0.56,92
[3],0.08999999999999998,0.004,0.002,0.2,0.4,sigmoid,sgd,0.0,16,gaussian,"(-0.5, 0.5)",25,0.12615626813360017,0.56,93
[5],0.12999999999999998,0.018000000000000002,0.008,0.1,0.7000000000000001,tanh,sgd,0.0,16,glorot,"(-0.5, 0.5)",25,0.05132530625576327,0.92,97
[6],0.08999999999999998,0.002,0.006,0.0,0.5,sigmoid,adam,0.02,8,glorot,"(-0.1, 0.1)",25,0.02324934414040941,1.0,9
[3],0.16999999999999998,0.016,0.002,0.1,0.5,sigmoid,sgd,0.0,16,he,"(-0.1, 0.1)",25,0.06405030123943042,0.88,11
[6],0.16999999999999998,0.01,0.0,0.1,0.4,sigmoid,sgd,0.02,64,xavier,"(-0.1, 0.1)",25,0.11410817212504684,0.84,19
[4],0.03,0.008,0.0,0.2,0.8,sigmoid,adam,0.04,16,range,"(-0.5, 0.5)",25,0.04832896598419627,0.96,20
[4],0.049999999999999996,0.016,0.008,0.2,0.6000000000000001,sigmoid,adam,0.01,32,gaussian,"(-0.1, 0.1)",25,0.08473637054804511,0.88,27
[5],0.06999999999999999,0.018000000000000002,0.006,0.05,0.1,tanh,sgd,0.04,8,glorot,"(-0.5, 0.5)",25,0.03706742107395149,1.0,29
[5],0.049999999999999996,0.014,0.006,0.25,0.2,sigmoid,sgd,0.03,8,he,"(-0.1, 0.1)",25,0.12566710476955736,0.6,31
[4],0.01,0.01,0.004,0.2,0.6000000000000001,tanh,adam,0.0,16,he,"(-0.5, 0.5)",25,0.03123547602174973,0.96,32
[6],0.10999999999999997,0.01,0.006,0.0,0.2,tanh,adam,0.02,32,xavier,"(-0.1, 0.1)",25,0.02867996328184863,1.0,38
[6],0.06999999999999999,0.002,0.002,0.0,0.7000000000000001,sigmoid,adam,0.0,32,he,"(-0.7, 0.7)",25,0.02466586513834882,1.0,40
[5],0.08999999999999998,0.004,0.002,0.1,0.8,sigmoid,sgd,0.01,16,xavier,"(-0.5, 0.5)",25,0.046681692709220894,0.88,41
[5],0.049999999999999996,0.016,0.008,0.05,0.2,tanh,sgd,0.0,16,he,"(-0.1, 0.1)",25,0.05189181123145763,0.96,44
[3],0.16999999999999998,0.004,0.008,0.2,0.2,sigmoid,adam,0.04,8,gaussian,"(-0.1, 0.1)",25,0.04207959456511754,1.0,46
[5],0.15,0.002,0.0,0.05,0.7000000000000001,tanh,adam,0.03,16,he,"(-0.7, 0.7)",25,0.00929382375714066,1.0,48
[4],0.06999999999999999,0.018000000000000002,0.004,0.0,0.0,tanh,adam,0.04,64,he,"(-0.7, 0.7)",25,0.03633393207303611,0.96,52
[5],0.03,0.018000000000000002,0.008,0.15000000000000002,0.6000000000000001,tanh,sgd,0.02,8,he,"(-0.7, 0.7)",25,0.04221857299272469,0.96,63
[4],0.01,0.016,0.002,0.15000000000000002,0.7000000000000001,tanh,sgd,0.02,32,he,"(-0.7, 0.7)",25,0.07355899014699782,0.92,66
[3],0.18999999999999997,0.006,0.008,0.25,0.0,sigmoid,adam,0.01,8,glorot,"(-0.5, 0.5)",25,0.056458129729802506,1.0,67
[3],0.15,0.004,0.008,0.15000000000000002,0.7000000000000001,sigmoid,adam,0.02,8,glorot,"(-0.5, 0.5)",25,0.04746373093335394,0.96,76
[4],0.049999999999999996,0.012,0.004,0.15000000000000002,0.7000000000000001,tanh,adam,0.0,16,he,"(-0.1, 0.1)",25,0.025467151685163933,1.0,78
[6],0.16999999999999998,0.004,0.002,0.0,0.0,tanh,adam,0.04,64,range,"(-0.5, 0.5)",25,0.027733350388255622,1.0,79
[4],0.15,0.01,0.002,0.1,0.30000000000000004,sigmoid,sgd,0.03,8,xavier,"(-0.1, 0.1)",25,0.05410690902818361,0.96,80
[3],0.18999999999999997,0.0,0.006,0.2,0.0,sigmoid,sgd,0.03,64,xavier,"(-0.7, 0.7)",25,0.12572226768556893,0.64,81
[6],0.12999999999999998,0.004,0.004,0.15000000000000002,0.2,tanh,sgd,0.01,32,xavier,"(-0.5, 0.5)",25,0.09065403099330786,0.72,84
[6],0.15,0.004,0.004,0.05,0.2,tanh,sgd,0.04,8,range,"(-0.1, 0.1)",25,0.02129696137039074,0.96,91
[6],0.16999999999999998,0.01,0.006,0.25,0.2,sigmoid,adam,0.0,8,glorot,"(-0.1, 0.1)",25,0.05601909295275464,1.0,99
[6],0.12999999999999998,0.004,0.008,0.25,0.6000000000000001,sigmoid,adam,0.01,8,gaussian,"(-0.5, 0.5)",25,0.0673138340598297,0.9166666666666666,1
[6],0.049999999999999996,0.012,0.004,0.1,0.1,sigmoid,sgd,0.02,64,he,"(-0.5, 0.5)",25,0.1279447678052616,0.5833333333333334,2
[4],0.03,0.004,0.006,0.15000000000000002,0.8,tanh,sgd,0.0,8,he,"(-0.7, 0.7)",25,0.04711941870897314,0.9166666666666666,3
[5],0.12999999999999998,0.0,0.004,0.15000000000000002,0.6000000000000001,sigmoid,sgd,0.04,16,glorot,"(-0.1, 0.1)",25,0.05250850316333948,0.9166666666666666,4
[5],0.08999999999999998,0.008,0.006,0.05,0.1,sigmoid,adam,0.02,64,he,"(-0.5, 0.5)",25,0.06257492083296388,0.9166666666666666,5
[6],0.10999999999999997,0.014,0.004,0.15000000000000002,0.2,tanh,adam,0.04,16,glorot,"(-0.5, 0.5)",25,0.0624618498174605,0.9166666666666666,7
[4],0.18999999999999997,0.016,0.002,0.25,0.8,sigmoid,adam,0.01,64,he,"(-0.7, 0.7)",25,0.07468286699559547,0.9166666666666666,9
[3],0.03,0.004,0.004,0.1,0.5,tanh,sgd,0.04,64,he,"(-0.5, 0.5)",25,0.131528098500088,0.3333333333333333,14
[6],0.15,0.01,0.0,0.1,0.0,sigmoid,sgd,0.02,8,xavier,"(-0.7, 0.7)",25,0.05654186558156081,0.9166666666666666,15
[3],0.06999999999999999,0.006,0.008,0.25,0.5,tanh,sgd,0.04,16,xavier,"(-0.1, 0.1)",25,0.04320246636071838,0.9166666666666666,26
[5],0.16999999999999998,0.008,0.008,0.2,0.2,tanh,adam,0.02,32,range,"(-0.7, 0.7)",25,0.055974896457562706,0.9166666666666666,27
[5],0.10999999999999997,0.014,0.006,0.1,0.0,sigmoid,adam,0.02,8,range,"(-0.5, 0.5)",25,0.09534363133351771,0.9166666666666666,30
[6],0.06999999999999999,0.014,0.004,0.1,0.4,tanh,sgd,0.04,64,he,"(-0.7, 0.7)",25,0.07861049326964029,0.9166666666666666,31
[3],0.03,0.014,0.0,0.0,0.2,tanh,adam,0.0,64,xavier,"(-0.7, 0.7)",25,0.050807601945675775,0.9166666666666666,32
[5],0.06999999999999999,0.012,0.0,0.25,0.1,sigmoid,sgd,0.03,8,xavier,"(-0.7, 0.7)",25,0.11738849876551563,0.875,34
[3],0.03,0.01,0.004,0.1,0.2,tanh,sgd,0.01,8,range,"(-0.7, 0.7)",25,0.05683675768454778,0.9166666666666666,36
[4],0.15,0.01,0.002,0.25,0.2,tanh,adam,0.01,8,gaussian,"(-0.1, 0.1)",25,0.04704131417662957,0.9166666666666666,37
[4],0.16999999999999998,0.018000000000000002,0.008,0.05,0.6000000000000001,tanh,sgd,0.01,64,glorot,"(-0.1, 0.1)",25,0.05562160049797057,0.9166666666666666,39
[6],0.049999999999999996,0.004,0.0,0.2,0.6000000000000001,sigmoid,adam,0.01,64,he,"(-0.5, 0.5)",25,0.04543484773758952,0.9166666666666666,48
[6],0.06999999999999999,0.016,0.002,0.05,0.0,tanh,sgd,0.01,32,gaussian,"(-0.5, 0.5)",25,0.13226552585297927,0.5,51
[6],0.08999999999999998,0.002,0.002,0.2,0.30000000000000004,tanh,adam,0.0,16,he,"(-0.1, 0.1)",25,0.03396210533965574,0.9166666666666666,52
[4],0.16999999999999998,0.012,0.004,0.15000000000000002,0.1,sigmoid,sgd,0.03,8,range,"(-0.7, 0.7)",25,0.06315542130270209,0.9166666666666666,53
[6],0.049999999999999996,0.006,0.004,0.1,0.5,tanh,adam,0.02,64,he,"(-0.1, 0.1)",25,0.04391045340996376,0.9166666666666666,54
[5],0.06999999999999999,0.014,0.004,0.15000000000000002,0.4,sigmoid,sgd,0.01,32,range,"(-0.1, 0.1)",25,0.1247859009394907,0.5416666666666666,56
[3],0.18999999999999997,0.018000000000000002,0.004,0.0,0.0,sigmoid,sgd,0.03,16,gaussian,"(-0.5, 0.5)",25,0.13366235536719331,0.625,59
[4],0.01,0.008,0.0,0.15000000000000002,0.8,tanh,sgd,0.01,8,xavier,"(-0.7, 0.7)",25,0.04324838292070215,0.9166666666666666,64
[5],0.18999999999999997,0.0,0.004,0.2,0.2,sigmoid,adam,0.04,32,xavier,"(-0.5, 0.5)",25,0.05284028351351249,0.9166666666666666,66
[4],0.10999999999999997,0.0,0.0,0.05,0.2,sigmoid,adam,0.0,32,glorot,"(-0.7, 0.7)",25,0.04101964844465419,0.9166666666666666,68
[4],0.18999999999999997,0.002,0.006,0.05,0.5,sigmoid,sgd,0.02,32,xavier,"(-0.7, 0.7)",25,0.05942965626133577,0.9166666666666666,71
[4],0.049999999999999996,0.014,0.0,0.0,0.4,sigmoid,adam,0.02,8,gaussian,"(-0.5, 0.5)",25,0.06302325860648932,0.9166666666666666,74
[6],0.049999999999999996,0.002,0.008,0.0,0.5,tanh,sgd,0.03,16,range,"(-0.5, 0.5)",25,0.047373450662473504,0.9166666666666666,75
[6],0.049999999999999996,0.0,0.004,0.0,0.6000000000000001,sigmoid,adam,0.04,64,xavier,"(-0.1, 0.1)",25,0.046327407154129516,0.9166666666666666,77
[6],0.049999999999999996,0.01,0.006,0.1,0.2,tanh,sgd,0.02,64,glorot,"(-0.5, 0.5)",25,0.12261960685487341,0.5833333333333334,79
[3],0.12999999999999998,0.016,0.006,0.2,0.7000000000000001,sigmoid,adam,0.02,8,glorot,"(-0.7, 0.7)",25,0.07439949167623279,0.9166666666666666,81
[3],0.16999999999999998,0.004,0.0,0.1,0.8,tanh,sgd,0.04,8,xavier,"(-0.1, 0.1)",25,0.03154679208016592,0.9166666666666666,89
[5],0.08999999999999998,0.002,0.006,0.0,0.5,tanh,adam,0.02,32,he,"(-0.1, 0.1)",25,0.04336458174549961,0.9166666666666666,95
[6],0.18999999999999997,0.014,0.002,0.1,0.2,sigmoid,adam,0.02,16,he,"(-0.7, 0.7)",25,0.0490625730850518,0.9583333333333334,1
[6],0.12999999999999998,0.0,0.0,0.2,0.30000000000000004,tanh,sgd,0.02,16,gaussian,"(-0.7, 0.7)",25,0.02569609392451481,0.9583333333333334,3
[4],0.12999999999999998,0.002,0.008,0.25,0.1,tanh,sgd,0.0,64,xavier,"(-0.7, 0.7)",25,0.03254010022643383,0.9583333333333334,9
[6],0.18999999999999997,0.018000000000000002,0.006,0.25,0.8,tanh,adam,0.0,8,gaussian,"(-0.5, 0.5)",25,0.0581550584946452,0.9583333333333334,29
[3],0.01,0.006,0.004,0.05,0.4,tanh,sgd,0.0,32,xavier,"(-0.7, 0.7)",25,0.1283348932259074,0.4166666666666667,30
[3],0.18999999999999997,0.008,0.006,0.2,0.8,tanh,sgd,0.02,16,xavier,"(-0.7, 0.7)",25,0.027077707233314523,0.9583333333333334,35
[4],0.18999999999999997,0.016,0.006,0.2,0.0,sigmoid,adam,0.03,16,range,"(-0.7, 0.7)",25,0.06981828454822248,0.9583333333333334,37
[4],0.12999999999999998,0.002,0.002,0.2,0.6000000000000001,sigmoid,sgd,0.0,64,he,"(-0.1, 0.1)",25,0.07715055032708752,0.9583333333333334,40
[4],0.049999999999999996,0.012,0.008,0.1,0.2,tanh,adam,0.0,16,gaussian,"(-0.1, 0.1)",25,0.03238504136806944,0.9583333333333334,44
[6],0.16999999999999998,0.016,0.0,0.1,0.30000000000000004,tanh,sgd,0.03,16,xavier,"(-0.1, 0.1)",25,0.028234262386295072,0.9583333333333334,45
[5],0.06999999999999999,0.002,0.002,0.25,0.0,tanh,sgd,0.02,8,he,"(-0.1, 0.1)",25,0.025084576121107618,0.9583333333333334,46
[6],0.10999999999999997,0.018000000000000002,0.004,0.25,0.2,tanh,adam,0.03,16,gaussian,"(-0.5, 0.5)",25,0.035256542727541494,0.9583333333333334,48
[4],0.16999999999999998,0.004,0.006,0.05,0.2,sigmoid,adam,0.02,8,xavier,"(-0.5, 0.5)",25,0.04060332883119777,0.9583333333333334,53
[5],0.03,0.016,0.004,0.25,0.4,sigmoid,adam,0.03,32,range,"(-0.7, 0.7)",25,0.06114348823306151,0.9583333333333334,55
[4],0.06999999999999999,0.012,0.008,0.05,0.2,tanh,sgd,0.02,64,range,"(-0.7, 0.7)",25,0.08321138558539203,0.9166666666666666,61
[6],0.049999999999999996,0.01,0.008,0.2,0.7000000000000001,tanh,adam,0.04,32,glorot,"(-0.7, 0.7)",25,0.03748147356364857,0.9583333333333334,67
[3],0.12999999999999998,0.012,0.008,0.25,0.8,tanh,sgd,0.01,64,glorot,"(-0.1, 0.1)",25,0.03395669276778633,0.9583333333333334,70
[5],0.06999999999999999,0.0,0.008,0.2,0.8,sigmoid,sgd,0.0,32,xavier,"(-0.7, 0.7)",25,0.06521087924706914,0.9583333333333334,71
[5],0.15,0.004,0.008,0.1,0.6000000000000001,sigmoid,sgd,0.0,64,glorot,"(-0.7, 0.7)",25,0.08459661906957568,0.9583333333333334,80
[4],0.15,0.012,0.002,0.15000000000000002,0.5,tanh,adam,0.02,64,xavier,"(-0.7, 0.7)",25,0.025385094642654888,0.9583333333333334,83
[4],0.03,0.008,0.002,0.2,0.6000000000000001,tanh,sgd,0.01,16,glorot,"(-0.1, 0.1)",25,0.0274565308561787,0.9583333333333334,84
[5],0.15,0.01,0.008,0.2,0.7000000000000001,tanh,sgd,0.01,8,xavier,"(-0.7, 0.7)",25,0.03341515558549507,0.9583333333333334,90
[6],0.049999999999999996,0.016,0.002,0.2,0.7000000000000001,tanh,adam,0.02,64,range,"(-0.1, 0.1)",25,0.03127064433671764,0.9583333333333334,94
[6],0.12999999999999998,0.006,0.002,0.25,0.6000000000000001,tanh,sgd,0.02,8,glorot,"(-0.7, 0.7)",25,0.030234557976766052,0.9583333333333334,97
[3],0.12999999999999998,0.006,0.0,0.0,0.7000000000000001,sigmoid,adam,0.0,16,xavier,"(-0.5, 0.5)",25,0.07293098905048842,0.875,5
[5],0.16999999999999998,0.014,0.002,0.2,0.2,tanh,adam,0.03,32,range,"(-0.7, 0.7)",25,0.07325005580648745,0.875,8
[5],0.10999999999999997,0.012,0.004,0.0,0.1,sigmoid,sgd,0.01,16,gaussian,"(-0.1, 0.1)",25,0.12768684454333115,0.375,11
[3],0.01,0.006,0.006,0.0,0.7000000000000001,sigmoid,adam,0.04,64,he,"(-0.7, 0.7)",25,0.10983775897824119,0.7916666666666666,13
[5],0.16999999999999998,0.0,0.0,0.1,0.1,sigmoid,sgd,0.0,16,range,"(-0.5, 0.5)",25,0.0622611013281146,0.875,14
[4],0.12999999999999998,0.004,0.008,0.05,0.5,sigmoid,sgd,0.01,32,xavier,"(-0.7, 0.7)",25,0.08171426273384207,0.875,36
[6],0.10999999999999997,0.004,0.006,0.15000000000000002,0.7000000000000001,sigmoid,sgd,0.01,16,gaussian,"(-0.5, 0.5)",25,0.07270296467541185,0.875,39
[5],0.12999999999999998,0.006,0.002,0.05,0.1,sigmoid,adam,0.04,64,he,"(-0.5, 0.5)",25,0.06895199853879365,0.875,40
[3],0.16999999999999998,0.002,0.002,0.2,0.8,sigmoid,adam,0.03,32,glorot,"(-0.1, 0.1)",25,0.05998191681185995,0.875,44
[4],0.049999999999999996,0.004,0.002,0.25,0.0,tanh,adam,0.02,64,he,"(-0.7, 0.7)",25,0.05273976600801468,0.875,47
[6],0.06999999999999999,0.006,0.008,0.25,0.7000000000000001,tanh,adam,0.03,8,range,"(-0.7, 0.7)",25,0.07061198151325501,0.875,49
[3],0.049999999999999996,0.0,0.008,0.2,0.4,tanh,sgd,0.0,8,glorot,"(-0.1, 0.1)",25,0.0666827226928034,0.8333333333333334,51
[4],0.10999999999999997,0.014,0.004,0.05,0.8,tanh,sgd,0.0,32,gaussian,"(-0.1, 0.1)",25,0.061334434937193746,0.875,62
[6],0.16999999999999998,0.0,0.006,0.2,0.2,sigmoid,adam,0.03,32,he,"(-0.1, 0.1)",25,0.06252336878425975,0.875,63
[6],0.049999999999999996,0.008,0.004,0.2,0.2,sigmoid,adam,0.0,32,range,"(-0.7, 0.7)",25,0.07895470142038447,0.875,72
[5],0.16999999999999998,0.014,0.006,0.2,0.6000000000000001,sigmoid,sgd,0.04,16,glorot,"(-0.5, 0.5)",25,0.08181605191821148,0.875,73
[3],0.16999999999999998,0.018000000000000002,0.0,0.05,0.7000000000000001,sigmoid,adam,0.04,8,he,"(-0.7, 0.7)",25,0.10058322993313937,0.875,84
[5],0.18999999999999997,0.008,0.0,0.25,0.7000000000000001,sigmoid,sgd,0.02,8,he,"(-0.5, 0.5)",25,0.06783698954572924,0.875,86
[4],0.16999999999999998,0.002,0.004,0.1,0.2,tanh,adam,0.02,8,gaussian,"(-0.7, 0.7)",25,0.06251672432335828,0.875,87
[4],0.15,0.01,0.002,0.1,0.30000000000000004,tanh,sgd,0.04,8,he,"(-0.1, 0.1)",25,0.057970634239108226,0.875,88
[6],0.15,0.006,0.008,0.05,0.8,tanh,sgd,0.02,8,gaussian,"(-0.1, 0.1)",25,0.06489024827458909,0.875,93
[6],0.03,0.016,0.0,0.25,0.7000000000000001,tanh,sgd,0.02,32,xavier,"(-0.1, 0.1)",25,0.06368611567423434,0.875,94
[4],0.03,0.004,0.004,0.1,0.7000000000000001,sigmoid,adam,0.02,64,he,"(-0.5, 0.5)",25,0.07289196562009308,0.875,96
