Epoch,Train Loss,Train Accuracy,Validation Loss,Validation Accuracy
1,0.112146,0.6429,0.035146,0.9167
2,0.044413,0.9184,0.041799,0.9167
3,0.035654,0.9388,0.045957,0.9167
4,0.035471,0.9388,0.046233,0.9167
5,0.026663,0.9490,0.041792,0.9167
6,0.077706,0.8163,0.067502,0.8333
7,0.050296,0.8980,0.047875,0.9167
8,0.036545,0.9388,0.047322,0.9167
9,0.031784,0.9490,0.048028,0.9167
10,0.030049,0.9592,0.048119,0.9167
11,0.027510,0.9592,0.048059,0.9167
12,0.029145,0.9592,0.046963,0.9167
13,0.031471,0.9592,0.047972,0.9167
14,0.034077,0.9490,0.045990,0.9167
15,0.029254,0.9490,0.045987,0.9167
1,0.112146,0.6429,0.035146,0.9167
2,0.044413,0.9184,0.041799,0.9167
3,0.035654,0.9388,0.045957,0.9167
4,0.035471,0.9388,0.046233,0.9167
5,0.026663,0.9490,0.041792,0.9167
6,0.077706,0.8163,0.067502,0.8333
7,0.050296,0.8980,0.047875,0.9167
8,0.036545,0.9388,0.047322,0.9167
9,0.031784,0.9490,0.048028,0.9167
10,0.030049,0.9592,0.048119,0.9167
11,0.027510,0.9592,0.048059,0.9167
12,0.029145,0.9592,0.046963,0.9167
13,0.031471,0.9592,0.047972,0.9167
14,0.034077,0.9490,0.045990,0.9167
15,0.029254,0.9490,0.045987,0.9167
16,0.029026,0.9694,0.050904,0.9167
17,0.033041,0.9592,0.042169,0.9167
18,0.035180,0.9592,0.052606,0.9167
19,0.035150,0.9592,0.043183,0.9167
20,0.035341,0.9490,0.052830,0.9167
1,0.112146,0.6429,0.035146,0.9167
2,0.044413,0.9184,0.041799,0.9167
3,0.035654,0.9388,0.045957,0.9167
4,0.035471,0.9388,0.046233,0.9167
5,0.026663,0.9490,0.041792,0.9167
6,0.077706,0.8163,0.067502,0.8333
7,0.050296,0.8980,0.047875,0.9167
8,0.036545,0.9388,0.047322,0.9167
9,0.031784,0.9490,0.048028,0.9167
10,0.030049,0.9592,0.048119,0.9167
11,0.027510,0.9592,0.048059,0.9167
12,0.029145,0.9592,0.046963,0.9167
13,0.031471,0.9592,0.047972,0.9167
14,0.034077,0.9490,0.045990,0.9167
15,0.029254,0.9490,0.045987,0.9167
16,0.029026,0.9694,0.050904,0.9167
17,0.033041,0.9592,0.042169,0.9167
18,0.035180,0.9592,0.052606,0.9167
19,0.035150,0.9592,0.043183,0.9167
20,0.035341,0.9490,0.052830,0.9167
1,0.112146,0.6429,0.035146,0.9167
2,0.044413,0.9184,0.041799,0.9167
3,0.035654,0.9388,0.045957,0.9167
4,0.035471,0.9388,0.046233,0.9167
5,0.026663,0.9490,0.041792,0.9167
6,0.077706,0.8163,0.067502,0.8333
7,0.050296,0.8980,0.047875,0.9167
8,0.036545,0.9388,0.047322,0.9167
9,0.031784,0.9490,0.048028,0.9167
10,0.030049,0.9592,0.048119,0.9167
11,0.027510,0.9592,0.048059,0.9167
12,0.029145,0.9592,0.046963,0.9167
13,0.031471,0.9592,0.047972,0.9167
14,0.034077,0.9490,0.045990,0.9167
15,0.029254,0.9490,0.045987,0.9167
16,0.029026,0.9694,0.050904,0.9167
17,0.033041,0.9592,0.042169,0.9167
18,0.035180,0.9592,0.052606,0.9167
19,0.035150,0.9592,0.043183,0.9167
20,0.035341,0.9490,0.052830,0.9167
1,0.112146,0.6429,0.035146,0.9167
2,0.044413,0.9184,0.041799,0.9167
3,0.035654,0.9388,0.045957,0.9167
4,0.035471,0.9388,0.046233,0.9167
5,0.026663,0.9490,0.041792,0.9167
6,0.077706,0.8163,0.067502,0.8333
7,0.050296,0.8980,0.047875,0.9167
8,0.036545,0.9388,0.047322,0.9167
9,0.031784,0.9490,0.048028,0.9167
10,0.030049,0.9592,0.048119,0.9167
11,0.027510,0.9592,0.048059,0.9167
12,0.029145,0.9592,0.046963,0.9167
13,0.031471,0.9592,0.047972,0.9167
14,0.034077,0.9490,0.045990,0.9167
15,0.029254,0.9490,0.045987,0.9167
16,0.029026,0.9694,0.050904,0.9167
17,0.033041,0.9592,0.042169,0.9167
18,0.035162,0.9592,0.052579,0.9167
19,0.034979,0.9592,0.042924,0.9167
20,0.034869,0.9490,0.052516,0.9167
1,0.112146,0.6429,0.035146,0.9167
2,0.044413,0.9184,0.041799,0.9167
3,0.035654,0.9388,0.045957,0.9167
4,0.035471,0.9388,0.046233,0.9167
5,0.026663,0.9490,0.041792,0.9167
6,0.077706,0.8163,0.067502,0.8333
7,0.050296,0.8980,0.047875,0.9167
8,0.036545,0.9388,0.047322,0.9167
9,0.031784,0.9490,0.048028,0.9167
10,0.030049,0.9592,0.048119,0.9167
11,0.027510,0.9592,0.048059,0.9167
12,0.029145,0.9592,0.046963,0.9167
13,0.031471,0.9592,0.047972,0.9167
14,0.034077,0.9490,0.045990,0.9167
15,0.029254,0.9490,0.045987,0.9167
16,0.029026,0.9694,0.050904,0.9167
17,0.033041,0.9592,0.042169,0.9167
18,0.035162,0.9592,0.052579,0.9167
19,0.034979,0.9592,0.042924,0.9167
20,0.034869,0.9490,0.052516,0.9167
1,0.112146,0.6429,0.035146,0.9167
2,0.044413,0.9184,0.041799,0.9167
3,0.035654,0.9388,0.045957,0.9167
4,0.035471,0.9388,0.046233,0.9167
5,0.026663,0.9490,0.041792,0.9167
6,0.077706,0.8163,0.067502,0.8333
7,0.050296,0.8980,0.047875,0.9167
8,0.036545,0.9388,0.047322,0.9167
9,0.031784,0.9490,0.048028,0.9167
10,0.030049,0.9592,0.048119,0.9167
11,0.027510,0.9592,0.048059,0.9167
12,0.029145,0.9592,0.046963,0.9167
13,0.031471,0.9592,0.047972,0.9167
14,0.034077,0.9490,0.045990,0.9167
15,0.029254,0.9490,0.045987,0.9167
16,0.029026,0.9694,0.050904,0.9167
17,0.033041,0.9592,0.042169,0.9167
18,0.035162,0.9592,0.052579,0.9167
19,0.034979,0.9592,0.042924,0.9167
20,0.034869,0.9490,0.052516,0.9167
1,0.112146,0.6429,0.035146,0.9167
2,0.044413,0.9184,0.041799,0.9167
3,0.035654,0.9388,0.045957,0.9167
4,0.035471,0.9388,0.046233,0.9167
5,0.026663,0.9490,0.041792,0.9167
6,0.077706,0.8163,0.067502,0.8333
7,0.050296,0.8980,0.047875,0.9167
8,0.036545,0.9388,0.047322,0.9167
9,0.031784,0.9490,0.048028,0.9167
10,0.030049,0.9592,0.048119,0.9167
11,0.027510,0.9592,0.048059,0.9167
12,0.029145,0.9592,0.046963,0.9167
13,0.031471,0.9592,0.047972,0.9167
14,0.034077,0.9490,0.045990,0.9167
15,0.029254,0.9490,0.045987,0.9167
16,0.029026,0.9694,0.050904,0.9167
17,0.033041,0.9592,0.042169,0.9167
18,0.035162,0.9592,0.052579,0.9167
19,0.034979,0.9592,0.042924,0.9167
20,0.034869,0.9490,0.052516,0.9167
1,0.112146,0.6429,0.035146,0.9167
2,0.044413,0.9184,0.041799,0.9167
3,0.035654,0.9388,0.045957,0.9167
4,0.035471,0.9388,0.046233,0.9167
5,0.026663,0.9490,0.041792,0.9167
6,0.077706,0.8163,0.067502,0.8333
7,0.050296,0.8980,0.047875,0.9167
8,0.036545,0.9388,0.047322,0.9167
9,0.031784,0.9490,0.048028,0.9167
10,0.030049,0.9592,0.048119,0.9167
11,0.027510,0.9592,0.048059,0.9167
12,0.029145,0.9592,0.046963,0.9167
13,0.031471,0.9592,0.047972,0.9167
14,0.034077,0.9490,0.045990,0.9167
15,0.029254,0.9490,0.045987,0.9167
16,0.029026,0.9694,0.050904,0.9167
17,0.033041,0.9592,0.042169,0.9167
18,0.035162,0.9592,0.052579,0.9167
19,0.034979,0.9592,0.042924,0.9167
20,0.034869,0.9490,0.052516,0.9167
21,0.032778,0.9694,0.045823,0.9167
22,0.027843,0.9898,0.051607,0.9167
23,0.032743,0.9694,0.043482,0.9167
24,0.026734,0.9898,0.047727,0.9167
25,0.027701,0.9898,0.043964,0.9167
26,0.027535,0.9796,0.051214,0.9167
27,0.029316,0.9796,0.044217,0.9167
28,0.028653,0.9796,0.044301,0.9167
29,0.026608,0.9898,0.051300,0.9167
30,0.028902,0.9796,0.039563,0.9167
31,0.027952,0.9796,0.053212,0.9167
32,0.028453,0.9796,0.046046,0.9167
33,0.031618,0.9694,0.051765,0.9167
34,0.026510,0.9898,0.051969,0.9167
35,0.025973,0.9898,0.052585,0.9167
36,0.025930,0.9898,0.051484,0.9167
37,0.026070,0.9898,0.051617,0.9167
38,0.024547,0.9898,0.048657,0.9167
39,0.025321,0.9898,0.049961,0.9167
40,0.028613,0.9898,0.046542,0.9167
41,0.027530,0.9796,0.054521,0.9167
42,0.032387,0.9694,0.038628,0.9167
43,0.033954,0.9694,0.056512,0.9167
44,0.029108,0.9898,0.043396,0.9167
45,0.026756,0.9898,0.047081,0.9167
46,0.027752,0.9898,0.048846,0.9167
47,0.029798,0.9796,0.059767,0.8750
48,0.029773,0.9796,0.067407,0.8750
49,0.027400,0.9898,0.059539,0.8750
50,0.026291,0.9796,0.057924,0.8750
51,0.026868,0.9898,0.055930,0.8750
52,0.032602,0.9694,0.054194,0.9167
53,0.029034,0.9796,0.048074,0.9167
54,0.025586,0.9898,0.048448,0.9167
55,0.025838,0.9898,0.052323,0.9167
56,0.025941,0.9898,0.046502,0.9167
57,0.025127,0.9898,0.045814,0.9167
58,0.025330,0.9898,0.052953,0.9167
59,0.027362,0.9796,0.043301,0.9167
60,0.025965,0.9898,0.046190,0.9167
61,0.026487,0.9796,0.038009,0.9167
62,0.028198,0.9796,0.039401,0.9167
63,0.025302,0.9898,0.038109,0.9167
64,0.027622,0.9796,0.043206,0.9167
65,0.031348,0.9592,0.039678,0.9583
66,0.029093,0.9898,0.040378,0.9167
67,0.027713,0.9796,0.035681,0.9583
68,0.024538,0.9898,0.042513,0.9167
69,0.028669,0.9694,0.035927,0.9583
70,0.024814,0.9898,0.048357,0.9167
71,0.025852,0.9898,0.043911,0.9167
72,0.026797,0.9796,0.042648,0.9167
73,0.025531,0.9898,0.046308,0.9167
74,0.025523,0.9796,0.037956,0.9583
75,0.024983,0.9898,0.043357,0.9167
76,0.026498,0.9796,0.044472,0.9167
77,0.024938,0.9898,0.040385,0.9167
78,0.021976,0.9898,0.043184,0.9167
79,0.027071,0.9796,0.037005,0.9583
80,0.027925,0.9796,0.044683,0.9167
81,0.025476,0.9898,0.041007,0.9167
82,0.025392,0.9898,0.043195,0.9167
83,0.026072,0.9898,0.037692,0.9167
84,0.024929,0.9898,0.038357,0.9167
85,0.025627,0.9898,0.037718,0.9583
86,0.025709,0.9898,0.043602,0.9167
87,0.024893,0.9898,0.038063,0.9167
88,0.026668,0.9796,0.038160,0.9167
89,0.025540,0.9898,0.041266,0.9167
90,0.025569,0.9796,0.053387,0.9167
91,0.026289,0.9796,0.049036,0.9167
92,0.024024,0.9898,0.045967,0.9167
93,0.024718,0.9898,0.045724,0.9167
94,0.025482,0.9898,0.038721,0.9583
95,0.025185,0.9898,0.039745,0.9167
96,0.026469,0.9796,0.036438,0.9583
97,0.028700,0.9694,0.037774,0.9583
98,0.026027,0.9898,0.035474,0.9583
99,0.024423,0.9898,0.034878,0.9583
100,0.024446,0.9898,0.037333,0.9583
101,0.025873,0.9898,0.034141,0.9583
102,0.021292,1.0000,0.033256,0.9583
103,0.035817,0.9694,0.050853,0.9167
104,0.027301,0.9898,0.050883,0.9167
105,0.025940,0.9898,0.038813,0.9167
106,0.029753,0.9796,0.050037,0.9167
107,0.027641,0.9796,0.052147,0.9167
108,0.025893,0.9898,0.049981,0.9167
109,0.026308,0.9898,0.044152,0.9167
110,0.025748,0.9898,0.043175,0.9167
111,0.024767,0.9898,0.040441,0.9167
112,0.026233,0.9898,0.034667,0.9583
113,0.028370,0.9796,0.034938,0.9583
114,0.025723,0.9898,0.038017,0.9167
115,0.025387,0.9898,0.041436,0.9167
116,0.025058,0.9898,0.040237,0.9167
117,0.024999,0.9898,0.046335,0.9167
118,0.025633,0.9898,0.041676,0.9167
119,0.026148,0.9898,0.043193,0.9167
120,0.025509,0.9898,0.040545,0.9167
121,0.027351,0.9796,0.039257,0.9167
122,0.022008,0.9898,0.040062,0.9167
123,0.024952,0.9898,0.037319,0.9583
124,0.027379,0.9796,0.036503,0.9583
125,0.024995,0.9898,0.036855,0.9583
126,0.025349,0.9898,0.036747,0.9583
127,0.024911,0.9898,0.037216,0.9583
128,0.025291,0.9898,0.037249,0.9583
129,0.028613,0.9694,0.037645,0.9167
130,0.026672,0.9796,0.044765,0.9167
131,0.026279,0.9796,0.033741,0.9583
132,0.024636,0.9898,0.033309,0.9583
133,0.026104,0.9898,0.034380,0.9583
134,0.032256,0.9694,0.040220,0.9167
135,0.025443,0.9898,0.049225,0.8750
136,0.026421,0.9898,0.046452,0.9167
137,0.024932,0.9898,0.043277,0.9167
138,0.025153,0.9898,0.039594,0.9167
139,0.025772,0.9898,0.049968,0.9167
140,0.024981,0.9898,0.049417,0.9167
141,0.026223,0.9796,0.039404,0.9167
142,0.024832,0.9898,0.038329,0.9167
143,0.029887,0.9694,0.034985,0.9583
144,0.031090,0.9796,0.032979,0.9583
145,0.025700,0.9898,0.036339,0.9583
146,0.025254,0.9898,0.041381,0.9167
147,0.025788,0.9898,0.047906,0.9167
148,0.024747,0.9898,0.046007,0.9167
149,0.024969,0.9898,0.047860,0.9167
150,0.025385,0.9898,0.043912,0.9167
151,0.024459,0.9898,0.042710,0.9167
152,0.024531,0.9898,0.041919,0.9167
153,0.024464,0.9898,0.041554,0.9167
154,0.024558,0.9898,0.043249,0.9167
155,0.024685,0.9898,0.042549,0.9167
156,0.024046,0.9898,0.042089,0.9167
157,0.024784,0.9898,0.039204,0.9167
158,0.024452,0.9898,0.042106,0.9167
159,0.024420,0.9898,0.039301,0.9167
160,0.023026,0.9898,0.037021,0.9167
161,0.025134,0.9898,0.033577,0.9583
162,0.024372,0.9898,0.034485,0.9583
163,0.025542,0.9898,0.039809,0.9167
164,0.027443,0.9796,0.036489,0.9583
165,0.025427,0.9898,0.035348,0.9583
166,0.023976,0.9796,0.035817,0.9583
167,0.023828,0.9898,0.037893,0.9167
168,0.027489,0.9796,0.041145,0.9167
169,0.025103,0.9898,0.035770,0.9583
170,0.025432,0.9796,0.050559,0.9167
171,0.024102,0.9898,0.051224,0.9167
172,0.024033,0.9898,0.049788,0.9167
173,0.024363,0.9898,0.049608,0.9167
174,0.027377,0.9796,0.048321,0.9167
175,0.027484,0.9796,0.043454,0.9167
176,0.026360,0.9898,0.038438,0.9167
177,0.026773,0.9796,0.041906,0.9167
178,0.024016,0.9898,0.039934,0.9167
179,0.026617,0.9796,0.039495,0.9167
180,0.025949,0.9898,0.044235,0.9167
181,0.026145,0.9898,0.037823,0.9167
182,0.025603,0.9898,0.044665,0.9167
183,0.024699,0.9898,0.049342,0.9167
184,0.024679,0.9898,0.044751,0.9167
185,0.025218,0.9898,0.045041,0.9167
186,0.024354,0.9898,0.046052,0.9167
187,0.027455,0.9694,0.036176,0.9583
188,0.023731,0.9898,0.036660,0.9583
189,0.023953,0.9898,0.040614,0.9167
190,0.023508,0.9898,0.041395,0.9167
191,0.023688,0.9898,0.034297,0.9583
192,0.025666,0.9898,0.035861,0.9583
193,0.026198,0.9796,0.042814,0.9167
194,0.024421,0.9898,0.042559,0.9167
195,0.025686,0.9898,0.045696,0.9167
196,0.024692,0.9898,0.049384,0.9167
197,0.027778,0.9796,0.033807,0.9583
198,0.039106,0.9592,0.040069,0.9167
199,0.029229,0.9796,0.050423,0.9167
200,0.027704,0.9796,0.049351,0.9167
1,0.111053,0.6429,0.033863,0.9167
2,0.041037,0.9184,0.039077,0.9167
3,0.030249,0.9388,0.042395,0.9167
4,0.028893,0.9388,0.041674,0.9167
5,0.019252,0.9490,0.036256,0.9167
6,0.063014,0.8163,0.048940,0.8750
7,0.032781,0.9082,0.038033,0.9167
8,0.023634,0.9490,0.038295,0.9167
9,0.020279,0.9388,0.039509,0.9167
10,0.018172,0.9592,0.040128,0.9167
11,0.015191,0.9592,0.040647,0.9167
12,0.017416,0.9592,0.040123,0.9167
13,0.018522,0.9592,0.042481,0.9167
14,0.020922,0.9490,0.037510,0.9167
15,0.015257,0.9592,0.038537,0.9167
16,0.013716,0.9592,0.044778,0.8750
17,0.017089,0.9490,0.031019,0.9167
18,0.020050,0.9592,0.044031,0.9167
19,0.017376,0.9694,0.019283,0.9583
20,0.018122,0.9592,0.041109,0.9167
21,0.015242,0.9694,0.028551,0.9167
22,0.012661,0.9694,0.040592,0.9167
23,0.014417,0.9592,0.034606,0.9167
24,0.007876,0.9796,0.036215,0.9167
25,0.008692,0.9898,0.037288,0.9167
26,0.006073,0.9898,0.039016,0.9167
27,0.010161,0.9694,0.037007,0.9167
28,0.009686,0.9796,0.032352,0.9167
29,0.008220,0.9796,0.039530,0.9167
30,0.010732,0.9694,0.021782,0.9583
31,0.011680,0.9592,0.042105,0.9167
32,0.008060,0.9796,0.033256,0.9167
33,0.011986,0.9592,0.041002,0.9167
34,0.008963,0.9796,0.022595,0.9583
35,0.008477,0.9796,0.041081,0.9167
36,0.006536,0.9796,0.040810,0.9167
37,0.005848,0.9796,0.040067,0.9167
38,0.003749,0.9898,0.040137,0.9167
39,0.005412,0.9898,0.039386,0.9167
40,0.006692,0.9796,0.041338,0.9167
41,0.007730,0.9796,0.042309,0.9167
42,0.009877,0.9796,0.038832,0.9167
43,0.006643,0.9796,0.043402,0.9167
44,0.007342,0.9694,0.051607,0.8750
45,0.004528,0.9898,0.058389,0.8750
46,0.004494,0.9898,0.037564,0.9167
47,0.006043,0.9796,0.044875,0.9167
48,0.007887,0.9796,0.045455,0.8750
49,0.005483,0.9898,0.046546,0.8750
50,0.006435,0.9796,0.047957,0.8750
51,0.004378,0.9898,0.047464,0.8750
52,0.007511,0.9796,0.045497,0.9167
53,0.009182,0.9694,0.039582,0.9167
54,0.003581,0.9898,0.040353,0.9167
55,0.002689,0.9898,0.041454,0.9167
56,0.002840,0.9898,0.042156,0.9167
57,0.001969,0.9898,0.041835,0.9167
58,0.002679,0.9898,0.042895,0.9167
59,0.003082,0.9898,0.041335,0.9167
60,0.003264,0.9898,0.041281,0.9167
61,0.004276,0.9796,0.041880,0.9167
62,0.005659,0.9898,0.041494,0.9167
63,0.001860,0.9898,0.041447,0.9167
64,0.002717,0.9898,0.041721,0.9167
65,0.002706,0.9898,0.044601,0.9167
66,0.002597,0.9898,0.041436,0.9167
67,0.004977,0.9898,0.040070,0.9167
68,0.001928,1.0000,0.040451,0.9167
69,0.005960,0.9898,0.041186,0.9167
70,0.000952,1.0000,0.041284,0.9167
71,0.001997,1.0000,0.041214,0.9167
72,0.001014,1.0000,0.041205,0.9167
73,0.003034,1.0000,0.041410,0.9167
74,0.004808,0.9898,0.041344,0.9167
75,0.001161,1.0000,0.041263,0.9167
76,0.001421,1.0000,0.041197,0.9167
77,0.001917,1.0000,0.040725,0.9167
78,0.004825,0.9796,0.041185,0.9167
79,0.004570,0.9898,0.039569,0.9167
80,0.008886,0.9796,0.047873,0.8750
81,0.002177,1.0000,0.041123,0.8750
82,0.002913,0.9898,0.037786,0.9167
83,0.002139,1.0000,0.038391,0.9167
84,0.001321,1.0000,0.038639,0.9167
85,0.001952,1.0000,0.032601,0.9167
86,0.002764,1.0000,0.039548,0.9167
87,0.003906,0.9898,0.039925,0.9167
88,0.001702,1.0000,0.039052,0.9167
89,0.000877,1.0000,0.038501,0.9167
90,0.001108,1.0000,0.040596,0.9167
91,0.001349,1.0000,0.040883,0.9167
92,0.004659,0.9898,0.040579,0.9167
93,0.000865,1.0000,0.039980,0.9167
94,0.001328,1.0000,0.038763,0.9167
95,0.000816,1.0000,0.039745,0.9167
96,0.002788,0.9898,0.038624,0.9167
97,0.001310,1.0000,0.036249,0.9167
98,0.000935,1.0000,0.036766,0.9167
99,0.000881,1.0000,0.040196,0.9167
100,0.000454,1.0000,0.040472,0.9167
101,0.003271,0.9898,0.035010,0.9167
102,0.000705,1.0000,0.026231,0.9167
103,0.003974,1.0000,0.040092,0.9167
104,0.002227,1.0000,0.041302,0.9167
105,0.003779,0.9898,0.041324,0.9167
106,0.001190,1.0000,0.040669,0.9167
107,0.001824,1.0000,0.040554,0.9167
108,0.000730,1.0000,0.040734,0.9167
109,0.000728,1.0000,0.040626,0.9167
110,0.001251,1.0000,0.039496,0.9167
111,0.000570,1.0000,0.040332,0.9167
112,0.000615,1.0000,0.040245,0.9167
113,0.001698,1.0000,0.040066,0.9167
114,0.000617,1.0000,0.039843,0.9167
115,0.000553,1.0000,0.039524,0.9167
116,0.000570,1.0000,0.038017,0.9167
117,0.000542,1.0000,0.040500,0.9167
118,0.000416,1.0000,0.040540,0.9167
1,0.126502,0.4796,0.125796,0.4583
2,0.121782,0.5714,0.098370,0.7917
3,0.067042,0.9082,0.051777,0.8750
4,0.034448,0.9388,0.040049,0.9167
5,0.029950,0.9286,0.038320,0.9167
6,0.027715,0.9286,0.033585,0.9167
7,0.020289,0.9388,0.040390,0.9167
8,0.023464,0.9286,0.029516,0.9167
9,0.019455,0.9388,0.036358,0.9167
10,0.020021,0.9388,0.030787,0.9167
11,0.017672,0.9388,0.040150,0.9167
12,0.018125,0.9388,0.033608,0.9167
13,0.017601,0.9388,0.037026,0.9167
14,0.016832,0.9388,0.037393,0.9167
15,0.017257,0.9388,0.037611,0.9167
16,0.019359,0.9388,0.030253,0.9167
17,0.017728,0.9490,0.035845,0.9167
18,0.017783,0.9388,0.033753,0.9167
19,0.016393,0.9490,0.037358,0.9167
20,0.017184,0.9490,0.036654,0.9167
21,0.016460,0.9592,0.033522,0.9167
22,0.017012,0.9490,0.036817,0.9167
23,0.016124,0.9490,0.038553,0.9167
24,0.016492,0.9592,0.033681,0.9167
25,0.014539,0.9694,0.038140,0.9167
26,0.016687,0.9490,0.029977,0.9167
27,0.015030,0.9592,0.038495,0.9167
28,0.015398,0.9592,0.033455,0.9167
29,0.015190,0.9388,0.038204,0.9167
30,0.016509,0.9490,0.034764,0.9167
31,0.015343,0.9592,0.028009,0.9167
32,0.013472,0.9796,0.037426,0.9167
33,0.013959,0.9796,0.033584,0.9167
34,0.012419,0.9694,0.035174,0.9167
35,0.013599,0.9694,0.032538,0.9167
36,0.011930,0.9796,0.031049,0.9167
37,0.012181,0.9694,0.025762,0.9167
38,0.011558,0.9796,0.037851,0.9167
39,0.010556,0.9796,0.027170,0.9167
40,0.009933,0.9898,0.036694,0.9167
41,0.010547,0.9796,0.033446,0.9167
42,0.010460,0.9694,0.022836,0.9167
43,0.011548,0.9796,0.033823,0.9167
44,0.010369,0.9796,0.026505,0.9167
45,0.008108,0.9898,0.037051,0.9167
46,0.008784,0.9898,0.034162,0.9167
47,0.008321,0.9898,0.035809,0.9167
48,0.008456,0.9898,0.033189,0.9167
49,0.007967,0.9898,0.035938,0.9167
50,0.008318,0.9898,0.029141,0.9167
51,0.007476,0.9898,0.038234,0.9167
52,0.008668,0.9898,0.029127,0.9167
53,0.007723,0.9898,0.037471,0.9167
54,0.008029,0.9898,0.032116,0.9167
55,0.007236,0.9898,0.033884,0.9167
56,0.006966,0.9898,0.035861,0.9167
57,0.007387,0.9898,0.036198,0.9167
58,0.006843,0.9898,0.034836,0.9167
59,0.006776,0.9898,0.035908,0.9167
60,0.006964,0.9898,0.036947,0.9167
61,0.006827,0.9898,0.037662,0.9167
62,0.006814,0.9898,0.036494,0.9167
63,0.007073,0.9898,0.036521,0.9167
64,0.006745,0.9898,0.036625,0.9167
65,0.007529,0.9898,0.033177,0.9167
66,0.006945,0.9898,0.037875,0.9167
67,0.007598,0.9898,0.034979,0.9167
68,0.006551,0.9898,0.035870,0.9167
69,0.006608,0.9898,0.037176,0.9167
70,0.006639,0.9898,0.038354,0.9167
71,0.006938,0.9898,0.036046,0.9167
72,0.006490,0.9898,0.037726,0.9167
73,0.006757,0.9898,0.037588,0.9167
74,0.006396,0.9898,0.038187,0.9167
75,0.006468,0.9898,0.037442,0.9167
76,0.006515,0.9898,0.037423,0.9167
77,0.006506,0.9898,0.038802,0.9167
78,0.006378,0.9898,0.037741,0.9167
79,0.006329,0.9898,0.038551,0.9167
80,0.006446,0.9898,0.038576,0.9167
81,0.006342,0.9898,0.039408,0.9167
82,0.006421,0.9898,0.039116,0.9167
83,0.006437,0.9898,0.039042,0.9167
84,0.006349,0.9898,0.040279,0.9167
85,0.006543,0.9898,0.038804,0.9167
86,0.006335,0.9898,0.039303,0.9167
87,0.006274,0.9898,0.040447,0.9167
88,0.007284,0.9898,0.038878,0.9167
89,0.006862,0.9898,0.038202,0.9167
90,0.006165,0.9898,0.039707,0.9167
91,0.006398,0.9898,0.039787,0.9167
92,0.006308,0.9898,0.039129,0.9167
93,0.006172,0.9898,0.039121,0.9167
94,0.006415,0.9898,0.038749,0.9167
95,0.006296,0.9898,0.040523,0.9167
96,0.006337,0.9898,0.040076,0.9167
97,0.006159,0.9898,0.041710,0.9167
98,0.006446,0.9898,0.041379,0.9167
99,0.006306,0.9898,0.042403,0.9167
100,0.006602,0.9898,0.040175,0.9167
101,0.006321,0.9898,0.040064,0.9167
102,0.006826,0.9898,0.040074,0.9167
103,0.006169,0.9898,0.039469,0.9167
104,0.006336,0.9898,0.039660,0.9167
105,0.006199,0.9898,0.040810,0.9167
106,0.006201,0.9898,0.040100,0.9167
107,0.006359,0.9898,0.039944,0.9167
108,0.006243,0.9898,0.039470,0.9167
109,0.006367,0.9898,0.040868,0.9167
110,0.006250,0.9898,0.040239,0.9167
111,0.006407,0.9898,0.041231,0.9167
112,0.006479,0.9898,0.040669,0.9167
113,0.006174,0.9898,0.041500,0.9167
114,0.006315,0.9898,0.040405,0.9167
115,0.006280,0.9898,0.040979,0.9167
116,0.006286,0.9898,0.040071,0.9167
117,0.006297,0.9898,0.040610,0.9167
118,0.006213,0.9898,0.040292,0.9167
119,0.006166,0.9898,0.042188,0.9167
120,0.006431,0.9898,0.040066,0.9167
121,0.006227,0.9898,0.040410,0.9167
122,0.006249,0.9898,0.041234,0.9167
123,0.006289,0.9898,0.041185,0.9167
124,0.006342,0.9898,0.041418,0.9167
125,0.006346,0.9898,0.039842,0.9167
126,0.006258,0.9898,0.040074,0.9167
127,0.006197,0.9898,0.040986,0.9167
128,0.006162,0.9898,0.040993,0.9167
129,0.006250,0.9898,0.040580,0.9167
130,0.006310,0.9898,0.041130,0.9167
131,0.006136,0.9898,0.041252,0.9167
132,0.006164,0.9898,0.042203,0.9167
133,0.006812,0.9898,0.039570,0.9167
134,0.006274,0.9898,0.042577,0.8750
135,0.006151,0.9898,0.041721,0.9167
136,0.006308,0.9898,0.040858,0.9167
137,0.006170,0.9898,0.041388,0.9167
138,0.006767,0.9898,0.039795,0.9167
139,0.006195,0.9898,0.041067,0.9167
140,0.006287,0.9898,0.041277,0.9167
141,0.006254,0.9898,0.040012,0.9167
1,0.128430,0.4490,0.122271,0.6667
2,0.122525,0.5612,0.111121,0.5417
3,0.097840,0.7143,0.079512,0.9167
4,0.079577,0.8163,0.058133,0.9167
5,0.059709,0.9082,0.046178,0.9167
6,0.048717,0.8980,0.046742,0.9167
7,0.054454,0.8673,0.041203,0.9167
8,0.045355,0.9082,0.039447,0.9167
9,0.047239,0.8878,0.043544,0.9167
10,0.044288,0.8673,0.038676,0.9167
11,0.058326,0.8673,0.042957,0.9167
12,0.030546,0.9388,0.039768,0.9167
13,0.033449,0.9388,0.037030,0.9167
14,0.034537,0.9082,0.035295,0.9167
15,0.039322,0.9082,0.035515,0.9167
16,0.033927,0.9082,0.036098,0.9167
17,0.033303,0.8980,0.035423,0.9167
18,0.041441,0.8878,0.033758,0.9167
19,0.043543,0.8776,0.036252,0.9167
20,0.025935,0.9388,0.036372,0.9167
21,0.034655,0.9082,0.036206,0.9167
22,0.029103,0.9184,0.036330,0.9167
23,0.029798,0.9286,0.034213,0.9167
24,0.032716,0.9184,0.036610,0.9167
25,0.027735,0.9286,0.034486,0.9167
26,0.030517,0.9082,0.035468,0.9167
27,0.027174,0.9082,0.034689,0.9167
28,0.030728,0.9184,0.036964,0.9167
29,0.029704,0.9286,0.034839,0.9167
30,0.034120,0.9082,0.036673,0.9167
31,0.023418,0.9286,0.036581,0.9167
32,0.029938,0.9082,0.034959,0.9167
33,0.035060,0.9184,0.037567,0.9167
34,0.030840,0.9082,0.036330,0.9167
35,0.051540,0.8571,0.036987,0.9167
36,0.023789,0.9388,0.034748,0.9167
37,0.028760,0.9184,0.036268,0.9167
38,0.028626,0.9286,0.034567,0.9167
39,0.035530,0.9082,0.035372,0.9167
40,0.033035,0.9082,0.036500,0.9167
41,0.025581,0.9286,0.034401,0.9167
42,0.025365,0.9184,0.037679,0.9167
43,0.025724,0.9184,0.035937,0.9167
44,0.037628,0.8878,0.037397,0.9167
45,0.033448,0.9286,0.035722,0.9167
46,0.031927,0.8980,0.033634,0.9167
47,0.026113,0.9286,0.034548,0.9167
48,0.032191,0.8980,0.036597,0.9167
49,0.027694,0.9184,0.034537,0.9167
50,0.029776,0.9082,0.035792,0.9167
51,0.021944,0.9388,0.034741,0.9167
52,0.024921,0.9082,0.036564,0.9167
53,0.028135,0.9184,0.037005,0.9167
54,0.025729,0.9286,0.037145,0.9167
55,0.031498,0.9082,0.036969,0.9167
56,0.028662,0.9286,0.037002,0.9167
57,0.034681,0.9286,0.037451,0.9167
58,0.034858,0.9082,0.036708,0.9167
59,0.038014,0.9082,0.036485,0.9167
60,0.028972,0.9388,0.037113,0.9167
61,0.032385,0.9286,0.036744,0.9167
62,0.028356,0.9184,0.035086,0.9167
63,0.025545,0.9286,0.036106,0.9167
64,0.028304,0.9388,0.034740,0.9167
65,0.030101,0.9082,0.035256,0.9167
66,0.026067,0.9286,0.034719,0.9167
67,0.030245,0.9184,0.036362,0.9167
68,0.029053,0.8980,0.036445,0.9167
69,0.024545,0.9286,0.037281,0.9167
70,0.025357,0.9184,0.036175,0.9167
71,0.019199,0.9388,0.036994,0.9167
72,0.029792,0.9286,0.034703,0.9167
73,0.023673,0.9388,0.035919,0.9167
74,0.027703,0.9184,0.034665,0.9167
75,0.030931,0.8980,0.035820,0.9167
76,0.022328,0.9592,0.037726,0.9167
77,0.025298,0.9286,0.035179,0.9167
78,0.029457,0.9082,0.037203,0.9167
79,0.023685,0.9286,0.038766,0.9167
80,0.018166,0.9592,0.038119,0.9167
81,0.030844,0.9184,0.038234,0.9167
82,0.028195,0.9082,0.035269,0.9167
83,0.029653,0.9286,0.034053,0.9167
84,0.031615,0.8878,0.035115,0.9167
85,0.030188,0.9184,0.034629,0.9167
86,0.024680,0.9286,0.034168,0.9167
87,0.027934,0.9184,0.036789,0.9167
88,0.026031,0.9184,0.033845,0.9167
89,0.027265,0.9388,0.039988,0.9167
90,0.026887,0.9286,0.034748,0.9167
91,0.031916,0.9184,0.036729,0.9167
92,0.027472,0.9286,0.033927,0.9167
93,0.022005,0.9592,0.035397,0.9167
94,0.025477,0.9286,0.035708,0.9167
95,0.025739,0.9184,0.037984,0.9167
96,0.020867,0.9286,0.031726,0.9167
97,0.026297,0.9388,0.036754,0.9167
98,0.026560,0.9184,0.034328,0.9167
99,0.031302,0.9286,0.032954,0.9167
100,0.027649,0.9082,0.037652,0.9167
101,0.028365,0.9082,0.037143,0.9167
102,0.025682,0.9388,0.036862,0.9167
103,0.027968,0.9184,0.042064,0.9167
104,0.026471,0.9286,0.036759,0.9167
105,0.026083,0.9082,0.036408,0.9167
106,0.031733,0.9082,0.034731,0.9167
107,0.017655,0.9490,0.035729,0.9167
108,0.030110,0.9082,0.035744,0.9167
109,0.025454,0.9388,0.036151,0.9167
110,0.037739,0.8980,0.035287,0.9167
111,0.024113,0.9286,0.035607,0.9167
112,0.023351,0.9286,0.034335,0.9167
113,0.029204,0.8980,0.035901,0.9167
114,0.020211,0.9490,0.037035,0.9167
115,0.030253,0.9184,0.038045,0.9167
116,0.018974,0.9490,0.037145,0.9167
117,0.022138,0.9490,0.037141,0.9167
118,0.029430,0.8980,0.037493,0.9167
119,0.031369,0.9286,0.035735,0.9167
120,0.022938,0.9286,0.037821,0.9167
121,0.025996,0.8980,0.036925,0.9167
122,0.027065,0.9286,0.035189,0.9167
123,0.031235,0.9184,0.036553,0.9167
124,0.019962,0.9184,0.034463,0.9167
125,0.029780,0.9184,0.036610,0.9167
126,0.035916,0.8776,0.034136,0.9167
127,0.022993,0.9286,0.036274,0.9167
128,0.025460,0.9184,0.034919,0.9167
129,0.019714,0.9490,0.039571,0.9167
130,0.021194,0.9490,0.037514,0.9167
131,0.026622,0.9184,0.037735,0.9167
132,0.022804,0.9286,0.036690,0.9167
133,0.015585,0.9490,0.037317,0.9167
134,0.026084,0.9286,0.038697,0.9167
135,0.024180,0.9184,0.035801,0.9167
136,0.024201,0.9082,0.035609,0.9167
137,0.029043,0.9184,0.034828,0.9167
138,0.023866,0.9286,0.034476,0.9167
139,0.028419,0.9184,0.036103,0.9167
140,0.030759,0.9184,0.037048,0.9167
141,0.024526,0.9286,0.033971,0.9167
142,0.024912,0.9286,0.035600,0.9167
143,0.028732,0.9082,0.034991,0.9167
144,0.034597,0.9082,0.036515,0.9167
145,0.030932,0.9184,0.035229,0.9167
146,0.029286,0.9082,0.037636,0.9167
147,0.025277,0.9184,0.037672,0.9167
148,0.029185,0.8980,0.036004,0.9167
149,0.037089,0.8878,0.034451,0.9167
150,0.037633,0.8980,0.035892,0.9167
151,0.027100,0.9388,0.035370,0.9167
152,0.030217,0.9082,0.036847,0.9167
153,0.025976,0.9388,0.035538,0.9167
154,0.022837,0.9286,0.035026,0.9167
155,0.029675,0.9082,0.038274,0.9167
156,0.023465,0.9592,0.040407,0.9167
157,0.033318,0.8878,0.036976,0.9167
158,0.031530,0.8980,0.035574,0.9167
159,0.021773,0.9490,0.039199,0.9167
160,0.023252,0.9490,0.035565,0.9167
161,0.029562,0.9082,0.036044,0.9167
162,0.034692,0.9082,0.033516,0.9167
163,0.037099,0.9082,0.038397,0.9167
164,0.039601,0.8980,0.038022,0.9167
165,0.030177,0.9286,0.035886,0.9167
166,0.021159,0.9592,0.036926,0.9167
167,0.021595,0.9490,0.036902,0.9167
168,0.025411,0.9184,0.034808,0.9167
169,0.021315,0.9490,0.039837,0.9167
170,0.026507,0.9286,0.034831,0.9167
171,0.022711,0.9592,0.037809,0.9167
172,0.022103,0.9286,0.034770,0.9167
173,0.034530,0.9082,0.035837,0.9167
174,0.022547,0.9388,0.039022,0.9167
175,0.026423,0.9184,0.034061,0.9167
176,0.026879,0.9286,0.035890,0.9167
177,0.026139,0.9286,0.037376,0.9167
178,0.027719,0.9286,0.034177,0.9167
179,0.021060,0.9490,0.036702,0.9167
180,0.021632,0.9388,0.035268,0.9167
181,0.021598,0.9388,0.033667,0.9167
182,0.025044,0.9388,0.037966,0.9167
183,0.032651,0.8980,0.037336,0.9167
184,0.033270,0.9184,0.036581,0.9167
185,0.027199,0.9286,0.035195,0.9167
186,0.015880,0.9388,0.035157,0.9167
187,0.026057,0.8980,0.034724,0.9167
188,0.024284,0.9286,0.042568,0.8750
189,0.030462,0.9388,0.042951,0.8750
190,0.024891,0.9388,0.036071,0.9167
191,0.025940,0.9388,0.035906,0.9167
192,0.028423,0.9082,0.036945,0.9167
193,0.021950,0.9388,0.036203,0.9167
194,0.036796,0.8980,0.034245,0.9167
195,0.027343,0.9286,0.035292,0.9167
1,0.128430,0.4490,0.122271,0.6667
2,0.122525,0.5612,0.111121,0.5417
3,0.097840,0.7143,0.079512,0.9167
4,0.079577,0.8163,0.058133,0.9167
5,0.059709,0.9082,0.046178,0.9167
6,0.048717,0.8980,0.046742,0.9167
7,0.054454,0.8673,0.041203,0.9167
8,0.045355,0.9082,0.039447,0.9167
9,0.047239,0.8878,0.043544,0.9167
10,0.044288,0.8673,0.038676,0.9167
11,0.058326,0.8673,0.042957,0.9167
12,0.030546,0.9388,0.039768,0.9167
13,0.033449,0.9388,0.037030,0.9167
14,0.034537,0.9082,0.035295,0.9167
15,0.039322,0.9082,0.035515,0.9167
16,0.033927,0.9082,0.036098,0.9167
17,0.033303,0.8980,0.035423,0.9167
18,0.041441,0.8878,0.033758,0.9167
19,0.043543,0.8776,0.036252,0.9167
20,0.025935,0.9388,0.036372,0.9167
21,0.034655,0.9082,0.036206,0.9167
22,0.029103,0.9184,0.036330,0.9167
23,0.029798,0.9286,0.034213,0.9167
24,0.032716,0.9184,0.036610,0.9167
25,0.027735,0.9286,0.034486,0.9167
26,0.030517,0.9082,0.035468,0.9167
27,0.027174,0.9082,0.034689,0.9167
28,0.030728,0.9184,0.036964,0.9167
29,0.029704,0.9286,0.034839,0.9167
30,0.034120,0.9082,0.036673,0.9167
31,0.023418,0.9286,0.036581,0.9167
32,0.029938,0.9082,0.034959,0.9167
33,0.035060,0.9184,0.037567,0.9167
34,0.030840,0.9082,0.036330,0.9167
35,0.051540,0.8571,0.036987,0.9167
36,0.023789,0.9388,0.034748,0.9167
37,0.028760,0.9184,0.036268,0.9167
38,0.028626,0.9286,0.034567,0.9167
39,0.035530,0.9082,0.035372,0.9167
40,0.033035,0.9082,0.036500,0.9167
41,0.025581,0.9286,0.034401,0.9167
42,0.025365,0.9184,0.037679,0.9167
43,0.025724,0.9184,0.035937,0.9167
44,0.037628,0.8878,0.037397,0.9167
45,0.033448,0.9286,0.035722,0.9167
46,0.031927,0.8980,0.033634,0.9167
47,0.026113,0.9286,0.034548,0.9167
48,0.032191,0.8980,0.036597,0.9167
49,0.027694,0.9184,0.034537,0.9167
50,0.029776,0.9082,0.035792,0.9167
51,0.021944,0.9388,0.034741,0.9167
52,0.024921,0.9082,0.036564,0.9167
53,0.028135,0.9184,0.037005,0.9167
54,0.025729,0.9286,0.037145,0.9167
55,0.031498,0.9082,0.036969,0.9167
56,0.028662,0.9286,0.037002,0.9167
57,0.034681,0.9286,0.037451,0.9167
58,0.034858,0.9082,0.036708,0.9167
59,0.038014,0.9082,0.036485,0.9167
60,0.028972,0.9388,0.037113,0.9167
61,0.032385,0.9286,0.036744,0.9167
62,0.028356,0.9184,0.035086,0.9167
63,0.025545,0.9286,0.036106,0.9167
64,0.028304,0.9388,0.034740,0.9167
65,0.030101,0.9082,0.035256,0.9167
66,0.026067,0.9286,0.034719,0.9167
67,0.030245,0.9184,0.036362,0.9167
68,0.029053,0.8980,0.036445,0.9167
69,0.024545,0.9286,0.037281,0.9167
70,0.025357,0.9184,0.036175,0.9167
71,0.019199,0.9388,0.036994,0.9167
72,0.029792,0.9286,0.034703,0.9167
73,0.023673,0.9388,0.035919,0.9167
74,0.027703,0.9184,0.034665,0.9167
75,0.030931,0.8980,0.035820,0.9167
1,0.126502,0.4796,0.125796,0.4583
2,0.121782,0.5714,0.098370,0.7917
3,0.067042,0.9082,0.051777,0.8750
4,0.034448,0.9388,0.040049,0.9167
5,0.029950,0.9286,0.038320,0.9167
6,0.027715,0.9286,0.033585,0.9167
7,0.020289,0.9388,0.040390,0.9167
8,0.023464,0.9286,0.029516,0.9167
9,0.019455,0.9388,0.036358,0.9167
10,0.020021,0.9388,0.030787,0.9167
11,0.017672,0.9388,0.040150,0.9167
12,0.018125,0.9388,0.033608,0.9167
13,0.017601,0.9388,0.037026,0.9167
14,0.016832,0.9388,0.037393,0.9167
15,0.017257,0.9388,0.037611,0.9167
16,0.019359,0.9388,0.030253,0.9167
17,0.017728,0.9490,0.035845,0.9167
18,0.017783,0.9388,0.033753,0.9167
19,0.016393,0.9490,0.037358,0.9167
20,0.017184,0.9490,0.036654,0.9167
21,0.016460,0.9592,0.033522,0.9167
22,0.017012,0.9490,0.036817,0.9167
23,0.016124,0.9490,0.038553,0.9167
24,0.016492,0.9592,0.033681,0.9167
25,0.014539,0.9694,0.038140,0.9167
26,0.016687,0.9490,0.029977,0.9167
27,0.015030,0.9592,0.038495,0.9167
28,0.015398,0.9592,0.033455,0.9167
29,0.015190,0.9388,0.038204,0.9167
30,0.016509,0.9490,0.034764,0.9167
31,0.015343,0.9592,0.028009,0.9167
32,0.013472,0.9796,0.037426,0.9167
33,0.013959,0.9796,0.033584,0.9167
34,0.012419,0.9694,0.035174,0.9167
35,0.013599,0.9694,0.032538,0.9167
36,0.011930,0.9796,0.031049,0.9167
37,0.012181,0.9694,0.025762,0.9167
38,0.011558,0.9796,0.037851,0.9167
39,0.010556,0.9796,0.027170,0.9167
40,0.009933,0.9898,0.036694,0.9167
41,0.010547,0.9796,0.033446,0.9167
42,0.010460,0.9694,0.022836,0.9167
43,0.011548,0.9796,0.033823,0.9167
44,0.010369,0.9796,0.026505,0.9167
45,0.008108,0.9898,0.037051,0.9167
46,0.008784,0.9898,0.034162,0.9167
47,0.008321,0.9898,0.035809,0.9167
48,0.008456,0.9898,0.033189,0.9167
49,0.007967,0.9898,0.035938,0.9167
50,0.008318,0.9898,0.029141,0.9167
51,0.007476,0.9898,0.038234,0.9167
52,0.008668,0.9898,0.029127,0.9167
53,0.007723,0.9898,0.037471,0.9167
54,0.008029,0.9898,0.032116,0.9167
55,0.007236,0.9898,0.033884,0.9167
56,0.006966,0.9898,0.035861,0.9167
57,0.007387,0.9898,0.036198,0.9167
58,0.006843,0.9898,0.034836,0.9167
59,0.006776,0.9898,0.035908,0.9167
60,0.006964,0.9898,0.036947,0.9167
61,0.006827,0.9898,0.037662,0.9167
62,0.006814,0.9898,0.036494,0.9167
63,0.007073,0.9898,0.036521,0.9167
64,0.006745,0.9898,0.036625,0.9167
65,0.007529,0.9898,0.033177,0.9167
66,0.006945,0.9898,0.037875,0.9167
67,0.007598,0.9898,0.034979,0.9167
68,0.006551,0.9898,0.035870,0.9167
69,0.006608,0.9898,0.037176,0.9167
70,0.006639,0.9898,0.038354,0.9167
71,0.006938,0.9898,0.036046,0.9167
1,0.126502,0.4796,0.125796,0.4583
2,0.121782,0.5714,0.098370,0.7917
3,0.067042,0.9082,0.051777,0.8750
4,0.034448,0.9388,0.040049,0.9167
5,0.029950,0.9286,0.038320,0.9167
6,0.027715,0.9286,0.033585,0.9167
7,0.020289,0.9388,0.040390,0.9167
8,0.023464,0.9286,0.029516,0.9167
9,0.019455,0.9388,0.036358,0.9167
10,0.020021,0.9388,0.030787,0.9167
11,0.017672,0.9388,0.040150,0.9167
12,0.018125,0.9388,0.033608,0.9167
13,0.017601,0.9388,0.037026,0.9167
14,0.016832,0.9388,0.037393,0.9167
15,0.017257,0.9388,0.037611,0.9167
16,0.019359,0.9388,0.030253,0.9167
17,0.017728,0.9490,0.035845,0.9167
18,0.017783,0.9388,0.033753,0.9167
19,0.016393,0.9490,0.037358,0.9167
20,0.017184,0.9490,0.036654,0.9167
21,0.016460,0.9592,0.033522,0.9167
22,0.017012,0.9490,0.036817,0.9167
23,0.016124,0.9490,0.038553,0.9167
24,0.016492,0.9592,0.033681,0.9167
25,0.014539,0.9694,0.038140,0.9167
26,0.016687,0.9490,0.029977,0.9167
27,0.015030,0.9592,0.038495,0.9167
28,0.015398,0.9592,0.033455,0.9167
29,0.015190,0.9388,0.038204,0.9167
30,0.016509,0.9490,0.034764,0.9167
31,0.015343,0.9592,0.028009,0.9167
32,0.013472,0.9796,0.037426,0.9167
33,0.013959,0.9796,0.033584,0.9167
34,0.012419,0.9694,0.035174,0.9167
35,0.013599,0.9694,0.032538,0.9167
36,0.011930,0.9796,0.031049,0.9167
37,0.012181,0.9694,0.025762,0.9167
38,0.011558,0.9796,0.037851,0.9167
39,0.010556,0.9796,0.027170,0.9167
40,0.009933,0.9898,0.036694,0.9167
41,0.010547,0.9796,0.033446,0.9167
42,0.010460,0.9694,0.022836,0.9167
43,0.011548,0.9796,0.033823,0.9167
44,0.010369,0.9796,0.026505,0.9167
45,0.008108,0.9898,0.037051,0.9167
46,0.008784,0.9898,0.034162,0.9167
47,0.008321,0.9898,0.035809,0.9167
48,0.008456,0.9898,0.033189,0.9167
49,0.007967,0.9898,0.035938,0.9167
50,0.008318,0.9898,0.029141,0.9167
51,0.007476,0.9898,0.038234,0.9167
52,0.008668,0.9898,0.029127,0.9167
53,0.007723,0.9898,0.037471,0.9167
54,0.008029,0.9898,0.032116,0.9167
55,0.007236,0.9898,0.033884,0.9167
56,0.006966,0.9898,0.035861,0.9167
57,0.007387,0.9898,0.036198,0.9167
58,0.006843,0.9898,0.034836,0.9167
59,0.006776,0.9898,0.035908,0.9167
60,0.006964,0.9898,0.036947,0.9167
61,0.006827,0.9898,0.037662,0.9167
62,0.006814,0.9898,0.036494,0.9167
63,0.007073,0.9898,0.036521,0.9167
64,0.006745,0.9898,0.036625,0.9167
65,0.007529,0.9898,0.033177,0.9167
66,0.006945,0.9898,0.037875,0.9167
67,0.007598,0.9898,0.034979,0.9167
68,0.006551,0.9898,0.035870,0.9167
69,0.006608,0.9898,0.037176,0.9167
70,0.006639,0.9898,0.038354,0.9167
71,0.006938,0.9898,0.036046,0.9167
1,0.126502,0.4796,0.125796,0.4583
2,0.121782,0.5714,0.098370,0.7917
3,0.067042,0.9082,0.051777,0.8750
4,0.034448,0.9388,0.040049,0.9167
5,0.029950,0.9286,0.038320,0.9167
6,0.027715,0.9286,0.033585,0.9167
7,0.020289,0.9388,0.040390,0.9167
8,0.023464,0.9286,0.029516,0.9167
9,0.019455,0.9388,0.036358,0.9167
10,0.020021,0.9388,0.030787,0.9167
11,0.017672,0.9388,0.040150,0.9167
12,0.018125,0.9388,0.033608,0.9167
13,0.017601,0.9388,0.037026,0.9167
14,0.016832,0.9388,0.037393,0.9167
15,0.017257,0.9388,0.037611,0.9167
16,0.019359,0.9388,0.030253,0.9167
17,0.017728,0.9490,0.035845,0.9167
18,0.017783,0.9388,0.033753,0.9167
19,0.016393,0.9490,0.037358,0.9167
20,0.017184,0.9490,0.036654,0.9167
21,0.016460,0.9592,0.033522,0.9167
22,0.017012,0.9490,0.036817,0.9167
23,0.016124,0.9490,0.038553,0.9167
24,0.016492,0.9592,0.033681,0.9167
25,0.014539,0.9694,0.038140,0.9167
26,0.016687,0.9490,0.029977,0.9167
27,0.015030,0.9592,0.038495,0.9167
28,0.015398,0.9592,0.033455,0.9167
29,0.015190,0.9388,0.038204,0.9167
30,0.016509,0.9490,0.034764,0.9167
31,0.015343,0.9592,0.028009,0.9167
32,0.013472,0.9796,0.037426,0.9167
33,0.013959,0.9796,0.033584,0.9167
34,0.012419,0.9694,0.035174,0.9167
35,0.013599,0.9694,0.032538,0.9167
36,0.011930,0.9796,0.031049,0.9167
37,0.012181,0.9694,0.025762,0.9167
38,0.011558,0.9796,0.037851,0.9167
39,0.010556,0.9796,0.027170,0.9167
40,0.009933,0.9898,0.036694,0.9167
41,0.010547,0.9796,0.033446,0.9167
42,0.010460,0.9694,0.022836,0.9167
43,0.011548,0.9796,0.033823,0.9167
44,0.010369,0.9796,0.026505,0.9167
45,0.008108,0.9898,0.037051,0.9167
46,0.008784,0.9898,0.034162,0.9167
47,0.008321,0.9898,0.035809,0.9167
48,0.008456,0.9898,0.033189,0.9167
49,0.007967,0.9898,0.035938,0.9167
50,0.008318,0.9898,0.029141,0.9167
51,0.007476,0.9898,0.038234,0.9167
52,0.008668,0.9898,0.029127,0.9167
53,0.007723,0.9898,0.037471,0.9167
54,0.008029,0.9898,0.032116,0.9167
55,0.007236,0.9898,0.033884,0.9167
56,0.006966,0.9898,0.035861,0.9167
57,0.007387,0.9898,0.036198,0.9167
58,0.006843,0.9898,0.034836,0.9167
59,0.006776,0.9898,0.035908,0.9167
60,0.006964,0.9898,0.036947,0.9167
61,0.006827,0.9898,0.037662,0.9167
62,0.006814,0.9898,0.036494,0.9167
63,0.007073,0.9898,0.036521,0.9167
64,0.006745,0.9898,0.036625,0.9167
65,0.007529,0.9898,0.033177,0.9167
66,0.006945,0.9898,0.037875,0.9167
67,0.007598,0.9898,0.034979,0.9167
68,0.006551,0.9898,0.035870,0.9167
69,0.006608,0.9898,0.037176,0.9167
70,0.006639,0.9898,0.038354,0.9167
71,0.006938,0.9898,0.036046,0.9167
72,0.006490,0.9898,0.037726,0.9167
73,0.006757,0.9898,0.037588,0.9167
74,0.006396,0.9898,0.038187,0.9167
75,0.006468,0.9898,0.037442,0.9167
76,0.006515,0.9898,0.037423,0.9167
77,0.006506,0.9898,0.038802,0.9167
78,0.006378,0.9898,0.037741,0.9167
79,0.006329,0.9898,0.038551,0.9167
80,0.006446,0.9898,0.038576,0.9167
81,0.006342,0.9898,0.039408,0.9167
82,0.006421,0.9898,0.039116,0.9167
83,0.006437,0.9898,0.039042,0.9167
84,0.006349,0.9898,0.040279,0.9167
85,0.006543,0.9898,0.038804,0.9167
86,0.006335,0.9898,0.039303,0.9167
87,0.006274,0.9898,0.040447,0.9167
88,0.007284,0.9898,0.038878,0.9167
89,0.006862,0.9898,0.038202,0.9167
90,0.006165,0.9898,0.039707,0.9167
91,0.006398,0.9898,0.039787,0.9167
92,0.006308,0.9898,0.039129,0.9167
93,0.006172,0.9898,0.039121,0.9167
94,0.006415,0.9898,0.038749,0.9167
95,0.006296,0.9898,0.040523,0.9167
96,0.006337,0.9898,0.040076,0.9167
97,0.006159,0.9898,0.041710,0.9167
98,0.006446,0.9898,0.041379,0.9167
99,0.006306,0.9898,0.042403,0.9167
100,0.006602,0.9898,0.040175,0.9167
101,0.006321,0.9898,0.040064,0.9167
102,0.006826,0.9898,0.040074,0.9167
103,0.006169,0.9898,0.039469,0.9167
104,0.006336,0.9898,0.039660,0.9167
105,0.006199,0.9898,0.040810,0.9167
106,0.006201,0.9898,0.040100,0.9167
107,0.006359,0.9898,0.039944,0.9167
108,0.006243,0.9898,0.039470,0.9167
109,0.006367,0.9898,0.040868,0.9167
110,0.006250,0.9898,0.040239,0.9167
111,0.006407,0.9898,0.041231,0.9167
112,0.006479,0.9898,0.040669,0.9167
113,0.006174,0.9898,0.041500,0.9167
114,0.006315,0.9898,0.040405,0.9167
115,0.006280,0.9898,0.040979,0.9167
116,0.006286,0.9898,0.040071,0.9167
117,0.006297,0.9898,0.040610,0.9167
118,0.006213,0.9898,0.040292,0.9167
119,0.006166,0.9898,0.042188,0.9167
120,0.006431,0.9898,0.040066,0.9167
121,0.006227,0.9898,0.040410,0.9167
122,0.006249,0.9898,0.041234,0.9167
123,0.006289,0.9898,0.041185,0.9167
124,0.006342,0.9898,0.041418,0.9167
125,0.006346,0.9898,0.039842,0.9167
126,0.006258,0.9898,0.040074,0.9167
127,0.006197,0.9898,0.040986,0.9167
128,0.006162,0.9898,0.040993,0.9167
129,0.006250,0.9898,0.040580,0.9167
130,0.006310,0.9898,0.041130,0.9167
131,0.006136,0.9898,0.041252,0.9167
132,0.006164,0.9898,0.042203,0.9167
133,0.006812,0.9898,0.039570,0.9167
134,0.006274,0.9898,0.042577,0.8750
135,0.006151,0.9898,0.041721,0.9167
136,0.006308,0.9898,0.040858,0.9167
137,0.006170,0.9898,0.041388,0.9167
138,0.006767,0.9898,0.039795,0.9167
139,0.006195,0.9898,0.041067,0.9167
140,0.006287,0.9898,0.041277,0.9167
141,0.006254,0.9898,0.040012,0.9167
142,0.006255,0.9898,0.040682,0.9167
143,0.006192,0.9898,0.040604,0.9167
144,0.006157,0.9898,0.040438,0.9167
145,0.006125,0.9898,0.040106,0.9167
146,0.006350,0.9898,0.039163,0.9167
147,0.006234,0.9898,0.040552,0.9167
148,0.006140,0.9898,0.041044,0.9167
149,0.006110,0.9898,0.041117,0.9167
150,0.006251,0.9898,0.041692,0.9167
151,0.006196,0.9898,0.041361,0.9167
152,0.006282,0.9898,0.040655,0.9167
153,0.006153,0.9898,0.041357,0.9167
154,0.006351,0.9898,0.040308,0.9167
155,0.006304,0.9898,0.041388,0.9167
156,0.006229,0.9898,0.041167,0.9167
157,0.006277,0.9898,0.040580,0.9167
158,0.006164,0.9898,0.040782,0.9167
159,0.006156,0.9898,0.040862,0.9167
160,0.006150,0.9898,0.040776,0.9167
161,0.006319,0.9898,0.040517,0.9167
162,0.006183,0.9898,0.041488,0.9167
163,0.006223,0.9898,0.041700,0.9167
164,0.006375,0.9898,0.040765,0.9167
165,0.006224,0.9898,0.041068,0.9167
166,0.006334,0.9898,0.040414,0.9167
167,0.006213,0.9898,0.040697,0.9167
168,0.006438,0.9898,0.042159,0.9167
169,0.006618,0.9898,0.040369,0.9167
170,0.006416,0.9898,0.041168,0.9167
171,0.006174,0.9898,0.041755,0.9167
172,0.006242,0.9898,0.040591,0.9167
173,0.006121,0.9898,0.040801,0.9167
174,0.006149,0.9898,0.042764,0.9167
175,0.006286,0.9898,0.041360,0.9167
176,0.006079,0.9898,0.041096,0.9167
177,0.006227,0.9898,0.041117,0.9167
178,0.006263,0.9898,0.040719,0.9167
179,0.006233,0.9898,0.041987,0.9167
180,0.006198,0.9898,0.041510,0.9167
181,0.006191,0.9898,0.042137,0.9167
182,0.006139,0.9898,0.041034,0.9167
183,0.006285,0.9898,0.041023,0.9167
184,0.006161,0.9898,0.042618,0.9167
185,0.006326,0.9898,0.041502,0.9167
186,0.006086,0.9898,0.041187,0.9167
187,0.006157,0.9898,0.042483,0.9167
188,0.006307,0.9898,0.041476,0.9167
189,0.006097,0.9898,0.040608,0.9167
190,0.006098,0.9898,0.042950,0.9167
191,0.007285,0.9898,0.041180,0.9167
192,0.006177,0.9898,0.041230,0.9167
193,0.006394,0.9898,0.041349,0.9167
194,0.006063,0.9898,0.040954,0.9167
195,0.006129,0.9898,0.042101,0.9167
196,0.006312,0.9898,0.041839,0.9167
197,0.006371,0.9898,0.041420,0.9167
198,0.006113,0.9898,0.040137,0.9167
199,0.006232,0.9898,0.040648,0.9167
200,0.006242,0.9898,0.041415,0.9167
1,0.126502,0.4796,0.125796,0.4583
2,0.121782,0.5714,0.098370,0.7917
3,0.067042,0.9082,0.051777,0.8750
4,0.034448,0.9388,0.040049,0.9167
5,0.029950,0.9286,0.038320,0.9167
6,0.027715,0.9286,0.033585,0.9167
7,0.020289,0.9388,0.040390,0.9167
8,0.023464,0.9286,0.029516,0.9167
9,0.019455,0.9388,0.036358,0.9167
10,0.020021,0.9388,0.030787,0.9167
11,0.017672,0.9388,0.040150,0.9167
12,0.018125,0.9388,0.033608,0.9167
13,0.017601,0.9388,0.037026,0.9167
14,0.016832,0.9388,0.037393,0.9167
15,0.017257,0.9388,0.037611,0.9167
16,0.019359,0.9388,0.030253,0.9167
17,0.017728,0.9490,0.035845,0.9167
18,0.017783,0.9388,0.033753,0.9167
19,0.016393,0.9490,0.037358,0.9167
20,0.017184,0.9490,0.036654,0.9167
21,0.016460,0.9592,0.033522,0.9167
22,0.017012,0.9490,0.036817,0.9167
23,0.016124,0.9490,0.038553,0.9167
24,0.016492,0.9592,0.033681,0.9167
25,0.014539,0.9694,0.038140,0.9167
26,0.016687,0.9490,0.029977,0.9167
27,0.015030,0.9592,0.038495,0.9167
28,0.015398,0.9592,0.033455,0.9167
29,0.015190,0.9388,0.038204,0.9167
30,0.016509,0.9490,0.034764,0.9167
31,0.015343,0.9592,0.028009,0.9167
32,0.013472,0.9796,0.037426,0.9167
33,0.013959,0.9796,0.033584,0.9167
34,0.012419,0.9694,0.035174,0.9167
35,0.013599,0.9694,0.032538,0.9167
36,0.011930,0.9796,0.031049,0.9167
37,0.012181,0.9694,0.025762,0.9167
38,0.011558,0.9796,0.037851,0.9167
39,0.010556,0.9796,0.027170,0.9167
40,0.009933,0.9898,0.036694,0.9167
41,0.010547,0.9796,0.033446,0.9167
42,0.010460,0.9694,0.022836,0.9167
43,0.011548,0.9796,0.033823,0.9167
44,0.010369,0.9796,0.026505,0.9167
45,0.008108,0.9898,0.037051,0.9167
46,0.008784,0.9898,0.034162,0.9167
47,0.008321,0.9898,0.035809,0.9167
48,0.008456,0.9898,0.033189,0.9167
49,0.007967,0.9898,0.035938,0.9167
50,0.008318,0.9898,0.029141,0.9167
51,0.007476,0.9898,0.038234,0.9167
52,0.008668,0.9898,0.029127,0.9167
53,0.007723,0.9898,0.037471,0.9167
54,0.008029,0.9898,0.032116,0.9167
55,0.007236,0.9898,0.033884,0.9167
56,0.006966,0.9898,0.035861,0.9167
57,0.007387,0.9898,0.036198,0.9167
58,0.006843,0.9898,0.034836,0.9167
59,0.006776,0.9898,0.035908,0.9167
60,0.006964,0.9898,0.036947,0.9167
61,0.006827,0.9898,0.037662,0.9167
62,0.006814,0.9898,0.036494,0.9167
63,0.007073,0.9898,0.036521,0.9167
64,0.006745,0.9898,0.036625,0.9167
65,0.007529,0.9898,0.033177,0.9167
66,0.006945,0.9898,0.037875,0.9167
67,0.007598,0.9898,0.034979,0.9167
68,0.006551,0.9898,0.035870,0.9167
69,0.006608,0.9898,0.037176,0.9167
70,0.006639,0.9898,0.038354,0.9167
71,0.006938,0.9898,0.036046,0.9167
72,0.006490,0.9898,0.037726,0.9167
73,0.006757,0.9898,0.037588,0.9167
74,0.006396,0.9898,0.038187,0.9167
75,0.006468,0.9898,0.037442,0.9167
76,0.006515,0.9898,0.037423,0.9167
77,0.006506,0.9898,0.038802,0.9167
78,0.006378,0.9898,0.037741,0.9167
79,0.006329,0.9898,0.038551,0.9167
80,0.006446,0.9898,0.038576,0.9167
81,0.006342,0.9898,0.039408,0.9167
82,0.006421,0.9898,0.039116,0.9167
83,0.006437,0.9898,0.039042,0.9167
84,0.006349,0.9898,0.040279,0.9167
85,0.006543,0.9898,0.038804,0.9167
86,0.006335,0.9898,0.039303,0.9167
87,0.006274,0.9898,0.040447,0.9167
88,0.007284,0.9898,0.038878,0.9167
89,0.006862,0.9898,0.038202,0.9167
90,0.006165,0.9898,0.039707,0.9167
91,0.006398,0.9898,0.039787,0.9167
92,0.006308,0.9898,0.039129,0.9167
93,0.006172,0.9898,0.039121,0.9167
94,0.006415,0.9898,0.038749,0.9167
95,0.006296,0.9898,0.040523,0.9167
96,0.006337,0.9898,0.040076,0.9167
97,0.006159,0.9898,0.041710,0.9167
98,0.006446,0.9898,0.041379,0.9167
99,0.006306,0.9898,0.042403,0.9167
100,0.006602,0.9898,0.040175,0.9167
101,0.006321,0.9898,0.040064,0.9167
102,0.006826,0.9898,0.040074,0.9167
103,0.006169,0.9898,0.039469,0.9167
104,0.006336,0.9898,0.039660,0.9167
105,0.006199,0.9898,0.040810,0.9167
106,0.006201,0.9898,0.040100,0.9167
107,0.006359,0.9898,0.039944,0.9167
108,0.006243,0.9898,0.039470,0.9167
109,0.006367,0.9898,0.040868,0.9167
110,0.006250,0.9898,0.040239,0.9167
111,0.006407,0.9898,0.041231,0.9167
112,0.006479,0.9898,0.040669,0.9167
113,0.006174,0.9898,0.041500,0.9167
114,0.006315,0.9898,0.040405,0.9167
115,0.006280,0.9898,0.040979,0.9167
116,0.006286,0.9898,0.040071,0.9167
117,0.006297,0.9898,0.040610,0.9167
118,0.006213,0.9898,0.040292,0.9167
119,0.006166,0.9898,0.042188,0.9167
120,0.006431,0.9898,0.040066,0.9167
121,0.006227,0.9898,0.040410,0.9167
122,0.006249,0.9898,0.041234,0.9167
123,0.006289,0.9898,0.041185,0.9167
124,0.006342,0.9898,0.041418,0.9167
125,0.006346,0.9898,0.039842,0.9167
126,0.006258,0.9898,0.040074,0.9167
127,0.006197,0.9898,0.040986,0.9167
128,0.006162,0.9898,0.040993,0.9167
129,0.006250,0.9898,0.040580,0.9167
130,0.006310,0.9898,0.041130,0.9167
131,0.006136,0.9898,0.041252,0.9167
132,0.006164,0.9898,0.042203,0.9167
133,0.006812,0.9898,0.039570,0.9167
134,0.006274,0.9898,0.042577,0.8750
135,0.006151,0.9898,0.041721,0.9167
136,0.006308,0.9898,0.040858,0.9167
137,0.006170,0.9898,0.041388,0.9167
138,0.006767,0.9898,0.039795,0.9167
139,0.006195,0.9898,0.041067,0.9167
140,0.006287,0.9898,0.041277,0.9167
141,0.006254,0.9898,0.040012,0.9167
142,0.006255,0.9898,0.040682,0.9167
143,0.006192,0.9898,0.040604,0.9167
144,0.006157,0.9898,0.040438,0.9167
145,0.006125,0.9898,0.040106,0.9167
146,0.006350,0.9898,0.039163,0.9167
147,0.006234,0.9898,0.040552,0.9167
148,0.006140,0.9898,0.041044,0.9167
149,0.006110,0.9898,0.041117,0.9167
150,0.006251,0.9898,0.041692,0.9167
151,0.006196,0.9898,0.041361,0.9167
152,0.006282,0.9898,0.040655,0.9167
153,0.006153,0.9898,0.041357,0.9167
154,0.006351,0.9898,0.040308,0.9167
155,0.006304,0.9898,0.041388,0.9167
156,0.006229,0.9898,0.041167,0.9167
157,0.006277,0.9898,0.040580,0.9167
158,0.006164,0.9898,0.040782,0.9167
159,0.006156,0.9898,0.040862,0.9167
160,0.006150,0.9898,0.040776,0.9167
161,0.006319,0.9898,0.040517,0.9167
162,0.006183,0.9898,0.041488,0.9167
163,0.006223,0.9898,0.041700,0.9167
164,0.006375,0.9898,0.040765,0.9167
165,0.006224,0.9898,0.041068,0.9167
166,0.006334,0.9898,0.040414,0.9167
167,0.006213,0.9898,0.040697,0.9167
168,0.006438,0.9898,0.042159,0.9167
169,0.006618,0.9898,0.040369,0.9167
170,0.006416,0.9898,0.041168,0.9167
171,0.006174,0.9898,0.041755,0.9167
172,0.006242,0.9898,0.040591,0.9167
173,0.006121,0.9898,0.040801,0.9167
174,0.006149,0.9898,0.042764,0.9167
175,0.006286,0.9898,0.041360,0.9167
176,0.006079,0.9898,0.041096,0.9167
177,0.006227,0.9898,0.041117,0.9167
178,0.006263,0.9898,0.040719,0.9167
179,0.006233,0.9898,0.041987,0.9167
180,0.006198,0.9898,0.041510,0.9167
181,0.006191,0.9898,0.042137,0.9167
182,0.006139,0.9898,0.041034,0.9167
183,0.006285,0.9898,0.041023,0.9167
184,0.006161,0.9898,0.042618,0.9167
185,0.006326,0.9898,0.041502,0.9167
186,0.006086,0.9898,0.041187,0.9167
187,0.006157,0.9898,0.042483,0.9167
188,0.006307,0.9898,0.041476,0.9167
189,0.006097,0.9898,0.040608,0.9167
190,0.006098,0.9898,0.042950,0.9167
191,0.007285,0.9898,0.041180,0.9167
192,0.006177,0.9898,0.041230,0.9167
193,0.006394,0.9898,0.041349,0.9167
194,0.006063,0.9898,0.040954,0.9167
195,0.006129,0.9898,0.042101,0.9167
196,0.006312,0.9898,0.041839,0.9167
197,0.006371,0.9898,0.041420,0.9167
198,0.006113,0.9898,0.040137,0.9167
199,0.006232,0.9898,0.040648,0.9167
200,0.006242,0.9898,0.041415,0.9167
1,0.126502,0.4796,0.125796,0.4583
2,0.121782,0.5714,0.098370,0.7917
3,0.067042,0.9082,0.051777,0.8750
4,0.034448,0.9388,0.040049,0.9167
5,0.029950,0.9286,0.038320,0.9167
6,0.027715,0.9286,0.033585,0.9167
7,0.020289,0.9388,0.040390,0.9167
8,0.023464,0.9286,0.029516,0.9167
9,0.019455,0.9388,0.036358,0.9167
10,0.020021,0.9388,0.030787,0.9167
11,0.017672,0.9388,0.040150,0.9167
12,0.018125,0.9388,0.033608,0.9167
13,0.017601,0.9388,0.037026,0.9167
14,0.016832,0.9388,0.037393,0.9167
15,0.017257,0.9388,0.037611,0.9167
16,0.019359,0.9388,0.030253,0.9167
17,0.017728,0.9490,0.035845,0.9167
18,0.017783,0.9388,0.033753,0.9167
19,0.016393,0.9490,0.037358,0.9167
20,0.017184,0.9490,0.036654,0.9167
21,0.016460,0.9592,0.033522,0.9167
22,0.017012,0.9490,0.036817,0.9167
23,0.016124,0.9490,0.038553,0.9167
24,0.016492,0.9592,0.033681,0.9167
25,0.014539,0.9694,0.038140,0.9167
26,0.016687,0.9490,0.029977,0.9167
27,0.015030,0.9592,0.038495,0.9167
28,0.015398,0.9592,0.033455,0.9167
29,0.015190,0.9388,0.038204,0.9167
30,0.016509,0.9490,0.034764,0.9167
31,0.015343,0.9592,0.028009,0.9167
32,0.013472,0.9796,0.037426,0.9167
33,0.013959,0.9796,0.033584,0.9167
34,0.012419,0.9694,0.035174,0.9167
35,0.013599,0.9694,0.032538,0.9167
36,0.011930,0.9796,0.031049,0.9167
37,0.012181,0.9694,0.025762,0.9167
38,0.011558,0.9796,0.037851,0.9167
39,0.010556,0.9796,0.027170,0.9167
40,0.009933,0.9898,0.036694,0.9167
41,0.010547,0.9796,0.033446,0.9167
42,0.010460,0.9694,0.022836,0.9167
43,0.011548,0.9796,0.033823,0.9167
44,0.010369,0.9796,0.026505,0.9167
45,0.008108,0.9898,0.037051,0.9167
46,0.008784,0.9898,0.034162,0.9167
47,0.008321,0.9898,0.035809,0.9167
48,0.008456,0.9898,0.033189,0.9167
49,0.007967,0.9898,0.035938,0.9167
50,0.008318,0.9898,0.029141,0.9167
51,0.007476,0.9898,0.038234,0.9167
52,0.008668,0.9898,0.029127,0.9167
53,0.007723,0.9898,0.037471,0.9167
54,0.008029,0.9898,0.032116,0.9167
55,0.007236,0.9898,0.033884,0.9167
56,0.006966,0.9898,0.035861,0.9167
57,0.007387,0.9898,0.036198,0.9167
58,0.006843,0.9898,0.034836,0.9167
59,0.006776,0.9898,0.035908,0.9167
60,0.006964,0.9898,0.036947,0.9167
61,0.006827,0.9898,0.037662,0.9167
62,0.006814,0.9898,0.036494,0.9167
63,0.007073,0.9898,0.036521,0.9167
64,0.006745,0.9898,0.036625,0.9167
65,0.007529,0.9898,0.033177,0.9167
66,0.006945,0.9898,0.037875,0.9167
67,0.007598,0.9898,0.034979,0.9167
68,0.006551,0.9898,0.035870,0.9167
69,0.006608,0.9898,0.037176,0.9167
70,0.006639,0.9898,0.038354,0.9167
71,0.006938,0.9898,0.036046,0.9167
72,0.006490,0.9898,0.037726,0.9167
73,0.006757,0.9898,0.037588,0.9167
74,0.006396,0.9898,0.038187,0.9167
75,0.006468,0.9898,0.037442,0.9167
76,0.006515,0.9898,0.037423,0.9167
77,0.006506,0.9898,0.038802,0.9167
78,0.006378,0.9898,0.037741,0.9167
79,0.006329,0.9898,0.038551,0.9167
80,0.006446,0.9898,0.038576,0.9167
81,0.006342,0.9898,0.039408,0.9167
82,0.006421,0.9898,0.039116,0.9167
83,0.006437,0.9898,0.039042,0.9167
84,0.006349,0.9898,0.040279,0.9167
85,0.006543,0.9898,0.038804,0.9167
86,0.006335,0.9898,0.039303,0.9167
87,0.006274,0.9898,0.040447,0.9167
88,0.007284,0.9898,0.038878,0.9167
89,0.006862,0.9898,0.038202,0.9167
90,0.006165,0.9898,0.039707,0.9167
91,0.006398,0.9898,0.039787,0.9167
92,0.006308,0.9898,0.039129,0.9167
93,0.006172,0.9898,0.039121,0.9167
94,0.006415,0.9898,0.038749,0.9167
95,0.006296,0.9898,0.040523,0.9167
96,0.006337,0.9898,0.040076,0.9167
97,0.006159,0.9898,0.041710,0.9167
98,0.006446,0.9898,0.041379,0.9167
99,0.006306,0.9898,0.042403,0.9167
100,0.006602,0.9898,0.040175,0.9167
101,0.006321,0.9898,0.040064,0.9167
102,0.006826,0.9898,0.040074,0.9167
103,0.006169,0.9898,0.039469,0.9167
104,0.006336,0.9898,0.039660,0.9167
105,0.006199,0.9898,0.040810,0.9167
106,0.006201,0.9898,0.040100,0.9167
107,0.006359,0.9898,0.039944,0.9167
108,0.006243,0.9898,0.039470,0.9167
109,0.006367,0.9898,0.040868,0.9167
110,0.006250,0.9898,0.040239,0.9167
111,0.006407,0.9898,0.041231,0.9167
112,0.006479,0.9898,0.040669,0.9167
113,0.006174,0.9898,0.041500,0.9167
114,0.006315,0.9898,0.040405,0.9167
115,0.006280,0.9898,0.040979,0.9167
116,0.006286,0.9898,0.040071,0.9167
117,0.006297,0.9898,0.040610,0.9167
118,0.006213,0.9898,0.040292,0.9167
119,0.006166,0.9898,0.042188,0.9167
120,0.006431,0.9898,0.040066,0.9167
121,0.006227,0.9898,0.040410,0.9167
122,0.006249,0.9898,0.041234,0.9167
123,0.006289,0.9898,0.041185,0.9167
124,0.006342,0.9898,0.041418,0.9167
125,0.006346,0.9898,0.039842,0.9167
126,0.006258,0.9898,0.040074,0.9167
127,0.006197,0.9898,0.040986,0.9167
128,0.006162,0.9898,0.040993,0.9167
129,0.006250,0.9898,0.040580,0.9167
130,0.006310,0.9898,0.041130,0.9167
131,0.006136,0.9898,0.041252,0.9167
132,0.006164,0.9898,0.042203,0.9167
133,0.006812,0.9898,0.039570,0.9167
134,0.006274,0.9898,0.042577,0.8750
135,0.006151,0.9898,0.041721,0.9167
136,0.006308,0.9898,0.040858,0.9167
137,0.006170,0.9898,0.041388,0.9167
138,0.006767,0.9898,0.039795,0.9167
139,0.006195,0.9898,0.041067,0.9167
140,0.006287,0.9898,0.041277,0.9167
141,0.006254,0.9898,0.040012,0.9167
142,0.006255,0.9898,0.040682,0.9167
143,0.006192,0.9898,0.040604,0.9167
144,0.006157,0.9898,0.040438,0.9167
145,0.006125,0.9898,0.040106,0.9167
146,0.006350,0.9898,0.039163,0.9167
147,0.006234,0.9898,0.040552,0.9167
148,0.006140,0.9898,0.041044,0.9167
149,0.006110,0.9898,0.041117,0.9167
150,0.006251,0.9898,0.041692,0.9167
151,0.006196,0.9898,0.041361,0.9167
152,0.006282,0.9898,0.040655,0.9167
153,0.006153,0.9898,0.041357,0.9167
154,0.006351,0.9898,0.040308,0.9167
155,0.006304,0.9898,0.041388,0.9167
156,0.006229,0.9898,0.041167,0.9167
157,0.006277,0.9898,0.040580,0.9167
158,0.006164,0.9898,0.040782,0.9167
159,0.006156,0.9898,0.040862,0.9167
160,0.006150,0.9898,0.040776,0.9167
161,0.006319,0.9898,0.040517,0.9167
162,0.006183,0.9898,0.041488,0.9167
163,0.006223,0.9898,0.041700,0.9167
164,0.006375,0.9898,0.040765,0.9167
165,0.006224,0.9898,0.041068,0.9167
166,0.006334,0.9898,0.040414,0.9167
167,0.006213,0.9898,0.040697,0.9167
168,0.006438,0.9898,0.042159,0.9167
169,0.006618,0.9898,0.040369,0.9167
170,0.006416,0.9898,0.041168,0.9167
171,0.006174,0.9898,0.041755,0.9167
172,0.006242,0.9898,0.040591,0.9167
173,0.006121,0.9898,0.040801,0.9167
174,0.006149,0.9898,0.042764,0.9167
175,0.006286,0.9898,0.041360,0.9167
176,0.006079,0.9898,0.041096,0.9167
177,0.006227,0.9898,0.041117,0.9167
178,0.006263,0.9898,0.040719,0.9167
179,0.006233,0.9898,0.041987,0.9167
180,0.006198,0.9898,0.041510,0.9167
181,0.006191,0.9898,0.042137,0.9167
182,0.006139,0.9898,0.041034,0.9167
183,0.006285,0.9898,0.041023,0.9167
184,0.006161,0.9898,0.042618,0.9167
185,0.006326,0.9898,0.041502,0.9167
186,0.006086,0.9898,0.041187,0.9167
187,0.006157,0.9898,0.042483,0.9167
188,0.006307,0.9898,0.041476,0.9167
189,0.006097,0.9898,0.040608,0.9167
190,0.006098,0.9898,0.042950,0.9167
191,0.007285,0.9898,0.041180,0.9167
192,0.006177,0.9898,0.041230,0.9167
193,0.006394,0.9898,0.041349,0.9167
194,0.006063,0.9898,0.040954,0.9167
195,0.006129,0.9898,0.042101,0.9167
196,0.006312,0.9898,0.041839,0.9167
197,0.006371,0.9898,0.041420,0.9167
198,0.006113,0.9898,0.040137,0.9167
199,0.006232,0.9898,0.040648,0.9167
200,0.006242,0.9898,0.041415,0.9167
1,0.126502,0.4796,0.125796,0.4583
2,0.121782,0.5714,0.098370,0.7917
3,0.067042,0.9082,0.051777,0.8750
4,0.034448,0.9388,0.040049,0.9167
5,0.029950,0.9286,0.038320,0.9167
6,0.027715,0.9286,0.033585,0.9167
7,0.020289,0.9388,0.040390,0.9167
8,0.023464,0.9286,0.029516,0.9167
9,0.019455,0.9388,0.036358,0.9167
10,0.020021,0.9388,0.030787,0.9167
11,0.017672,0.9388,0.040150,0.9167
12,0.018125,0.9388,0.033608,0.9167
13,0.017601,0.9388,0.037026,0.9167
14,0.016832,0.9388,0.037393,0.9167
15,0.017257,0.9388,0.037611,0.9167
16,0.019359,0.9388,0.030253,0.9167
17,0.017728,0.9490,0.035845,0.9167
18,0.017783,0.9388,0.033753,0.9167
19,0.016393,0.9490,0.037358,0.9167
20,0.017184,0.9490,0.036654,0.9167
21,0.016460,0.9592,0.033522,0.9167
22,0.017012,0.9490,0.036817,0.9167
23,0.016124,0.9490,0.038553,0.9167
24,0.016492,0.9592,0.033681,0.9167
25,0.014539,0.9694,0.038140,0.9167
26,0.016687,0.9490,0.029977,0.9167
27,0.015030,0.9592,0.038495,0.9167
28,0.015398,0.9592,0.033455,0.9167
29,0.015190,0.9388,0.038204,0.9167
30,0.016509,0.9490,0.034764,0.9167
31,0.015343,0.9592,0.028009,0.9167
32,0.013472,0.9796,0.037426,0.9167
33,0.013959,0.9796,0.033584,0.9167
34,0.012419,0.9694,0.035174,0.9167
35,0.013599,0.9694,0.032538,0.9167
36,0.011930,0.9796,0.031049,0.9167
37,0.012181,0.9694,0.025762,0.9167
38,0.011558,0.9796,0.037851,0.9167
39,0.010556,0.9796,0.027170,0.9167
40,0.009933,0.9898,0.036694,0.9167
41,0.010547,0.9796,0.033446,0.9167
42,0.010460,0.9694,0.022836,0.9167
43,0.011548,0.9796,0.033823,0.9167
44,0.010369,0.9796,0.026505,0.9167
45,0.008108,0.9898,0.037051,0.9167
46,0.008784,0.9898,0.034162,0.9167
47,0.008321,0.9898,0.035809,0.9167
48,0.008456,0.9898,0.033189,0.9167
49,0.007967,0.9898,0.035938,0.9167
50,0.008318,0.9898,0.029141,0.9167
51,0.007476,0.9898,0.038234,0.9167
52,0.008668,0.9898,0.029127,0.9167
53,0.007723,0.9898,0.037471,0.9167
54,0.008029,0.9898,0.032116,0.9167
55,0.007236,0.9898,0.033884,0.9167
56,0.006966,0.9898,0.035861,0.9167
57,0.007387,0.9898,0.036198,0.9167
58,0.006843,0.9898,0.034836,0.9167
59,0.006776,0.9898,0.035908,0.9167
60,0.006964,0.9898,0.036947,0.9167
61,0.006827,0.9898,0.037662,0.9167
62,0.006814,0.9898,0.036494,0.9167
63,0.007073,0.9898,0.036521,0.9167
64,0.006745,0.9898,0.036625,0.9167
65,0.007529,0.9898,0.033177,0.9167
66,0.006945,0.9898,0.037875,0.9167
67,0.007598,0.9898,0.034979,0.9167
68,0.006551,0.9898,0.035870,0.9167
69,0.006608,0.9898,0.037176,0.9167
70,0.006639,0.9898,0.038354,0.9167
71,0.006938,0.9898,0.036046,0.9167
72,0.006490,0.9898,0.037726,0.9167
73,0.006757,0.9898,0.037588,0.9167
74,0.006396,0.9898,0.038187,0.9167
75,0.006468,0.9898,0.037442,0.9167
76,0.006515,0.9898,0.037423,0.9167
77,0.006506,0.9898,0.038802,0.9167
78,0.006378,0.9898,0.037741,0.9167
79,0.006329,0.9898,0.038551,0.9167
80,0.006446,0.9898,0.038576,0.9167
81,0.006342,0.9898,0.039408,0.9167
82,0.006421,0.9898,0.039116,0.9167
83,0.006437,0.9898,0.039042,0.9167
84,0.006349,0.9898,0.040279,0.9167
85,0.006543,0.9898,0.038804,0.9167
86,0.006335,0.9898,0.039303,0.9167
87,0.006274,0.9898,0.040447,0.9167
88,0.007284,0.9898,0.038878,0.9167
89,0.006862,0.9898,0.038202,0.9167
90,0.006165,0.9898,0.039707,0.9167
91,0.006398,0.9898,0.039787,0.9167
92,0.006308,0.9898,0.039129,0.9167
93,0.006172,0.9898,0.039121,0.9167
94,0.006415,0.9898,0.038749,0.9167
95,0.006296,0.9898,0.040523,0.9167
96,0.006337,0.9898,0.040076,0.9167
97,0.006159,0.9898,0.041710,0.9167
98,0.006446,0.9898,0.041379,0.9167
99,0.006306,0.9898,0.042403,0.9167
100,0.006602,0.9898,0.040175,0.9167
101,0.006321,0.9898,0.040064,0.9167
102,0.006826,0.9898,0.040074,0.9167
103,0.006169,0.9898,0.039469,0.9167
104,0.006336,0.9898,0.039660,0.9167
105,0.006199,0.9898,0.040810,0.9167
106,0.006201,0.9898,0.040100,0.9167
107,0.006359,0.9898,0.039944,0.9167
108,0.006243,0.9898,0.039470,0.9167
109,0.006367,0.9898,0.040868,0.9167
110,0.006250,0.9898,0.040239,0.9167
111,0.006407,0.9898,0.041231,0.9167
112,0.006479,0.9898,0.040669,0.9167
113,0.006174,0.9898,0.041500,0.9167
114,0.006315,0.9898,0.040405,0.9167
115,0.006280,0.9898,0.040979,0.9167
116,0.006286,0.9898,0.040071,0.9167
117,0.006297,0.9898,0.040610,0.9167
118,0.006213,0.9898,0.040292,0.9167
119,0.006166,0.9898,0.042188,0.9167
120,0.006431,0.9898,0.040066,0.9167
121,0.006227,0.9898,0.040410,0.9167
122,0.006249,0.9898,0.041234,0.9167
123,0.006289,0.9898,0.041185,0.9167
124,0.006342,0.9898,0.041418,0.9167
125,0.006346,0.9898,0.039842,0.9167
126,0.006258,0.9898,0.040074,0.9167
127,0.006197,0.9898,0.040986,0.9167
128,0.006162,0.9898,0.040993,0.9167
129,0.006250,0.9898,0.040580,0.9167
130,0.006310,0.9898,0.041130,0.9167
131,0.006136,0.9898,0.041252,0.9167
132,0.006164,0.9898,0.042203,0.9167
133,0.006812,0.9898,0.039570,0.9167
134,0.006274,0.9898,0.042577,0.8750
135,0.006151,0.9898,0.041721,0.9167
136,0.006308,0.9898,0.040858,0.9167
137,0.006170,0.9898,0.041388,0.9167
138,0.006767,0.9898,0.039795,0.9167
139,0.006195,0.9898,0.041067,0.9167
140,0.006287,0.9898,0.041277,0.9167
141,0.006254,0.9898,0.040012,0.9167
142,0.006255,0.9898,0.040682,0.9167
143,0.006192,0.9898,0.040604,0.9167
144,0.006157,0.9898,0.040438,0.9167
145,0.006125,0.9898,0.040106,0.9167
146,0.006350,0.9898,0.039163,0.9167
147,0.006234,0.9898,0.040552,0.9167
148,0.006140,0.9898,0.041044,0.9167
149,0.006110,0.9898,0.041117,0.9167
150,0.006251,0.9898,0.041692,0.9167
151,0.006196,0.9898,0.041361,0.9167
152,0.006282,0.9898,0.040655,0.9167
153,0.006153,0.9898,0.041357,0.9167
154,0.006351,0.9898,0.040308,0.9167
155,0.006304,0.9898,0.041388,0.9167
156,0.006229,0.9898,0.041167,0.9167
157,0.006277,0.9898,0.040580,0.9167
158,0.006164,0.9898,0.040782,0.9167
159,0.006156,0.9898,0.040862,0.9167
160,0.006150,0.9898,0.040776,0.9167
161,0.006319,0.9898,0.040517,0.9167
162,0.006183,0.9898,0.041488,0.9167
163,0.006223,0.9898,0.041700,0.9167
164,0.006375,0.9898,0.040765,0.9167
165,0.006224,0.9898,0.041068,0.9167
166,0.006334,0.9898,0.040414,0.9167
167,0.006213,0.9898,0.040697,0.9167
168,0.006438,0.9898,0.042159,0.9167
169,0.006618,0.9898,0.040369,0.9167
170,0.006416,0.9898,0.041168,0.9167
171,0.006174,0.9898,0.041755,0.9167
172,0.006242,0.9898,0.040591,0.9167
173,0.006121,0.9898,0.040801,0.9167
174,0.006149,0.9898,0.042764,0.9167
175,0.006286,0.9898,0.041360,0.9167
176,0.006079,0.9898,0.041096,0.9167
177,0.006227,0.9898,0.041117,0.9167
178,0.006263,0.9898,0.040719,0.9167
179,0.006233,0.9898,0.041987,0.9167
180,0.006198,0.9898,0.041510,0.9167
181,0.006191,0.9898,0.042137,0.9167
182,0.006139,0.9898,0.041034,0.9167
183,0.006285,0.9898,0.041023,0.9167
184,0.006161,0.9898,0.042618,0.9167
185,0.006326,0.9898,0.041502,0.9167
186,0.006086,0.9898,0.041187,0.9167
187,0.006157,0.9898,0.042483,0.9167
188,0.006307,0.9898,0.041476,0.9167
189,0.006097,0.9898,0.040608,0.9167
190,0.006098,0.9898,0.042950,0.9167
191,0.007285,0.9898,0.041180,0.9167
192,0.006177,0.9898,0.041230,0.9167
193,0.006394,0.9898,0.041349,0.9167
194,0.006063,0.9898,0.040954,0.9167
195,0.006129,0.9898,0.042101,0.9167
196,0.006312,0.9898,0.041839,0.9167
197,0.006371,0.9898,0.041420,0.9167
198,0.006113,0.9898,0.040137,0.9167
199,0.006232,0.9898,0.040648,0.9167
200,0.006242,0.9898,0.041415,0.9167
1,0.129098,0.4898,0.111650,0.9167
2,0.086996,0.8776,0.065353,0.7917
3,0.051765,0.9286,0.041351,0.9167
4,0.033591,0.9388,0.037194,0.9167
5,0.029797,0.9388,0.038887,0.9167
6,0.027414,0.9388,0.039598,0.9167
7,0.026622,0.9388,0.037359,0.9167
8,0.024464,0.9388,0.035717,0.9167
9,0.021649,0.9490,0.038500,0.9167
10,0.021635,0.9286,0.031328,0.9167
11,0.021676,0.9286,0.035208,0.9167
12,0.018129,0.9592,0.037113,0.9167
13,0.018027,0.9592,0.037183,0.9167
14,0.016210,0.9592,0.036455,0.9167
15,0.015476,0.9694,0.037349,0.9167
16,0.015624,0.9592,0.033738,0.9167
17,0.013356,0.9694,0.037704,0.9167
18,0.014387,0.9490,0.034049,0.9167
19,0.012861,0.9592,0.032921,0.9167
20,0.012175,0.9694,0.035430,0.9167
21,0.012922,0.9490,0.033425,0.9167
22,0.011672,0.9796,0.032956,0.9167
23,0.011278,0.9796,0.034179,0.9167
24,0.011522,0.9796,0.034425,0.9167
25,0.011081,0.9796,0.035559,0.9167
26,0.011206,0.9796,0.034294,0.9167
27,0.010452,0.9796,0.034220,0.9167
28,0.010283,0.9898,0.034396,0.9167
29,0.010296,0.9898,0.033421,0.9167
30,0.009656,0.9898,0.034570,0.9167
31,0.009786,0.9898,0.034014,0.9167
32,0.009419,0.9898,0.034718,0.9167
33,0.010041,0.9796,0.034349,0.9167
34,0.009089,0.9898,0.033183,0.9167
35,0.009117,0.9898,0.034463,0.9167
36,0.009107,0.9898,0.034181,0.9167
37,0.008792,0.9898,0.034595,0.9167
38,0.008855,0.9898,0.034596,0.9167
39,0.008742,0.9898,0.034679,0.9167
40,0.008514,0.9898,0.034530,0.9167
41,0.008976,0.9898,0.034391,0.9167
42,0.008485,0.9898,0.033278,0.9167
43,0.008560,0.9898,0.033896,0.9167
44,0.008244,0.9898,0.033956,0.9167
45,0.008332,0.9898,0.033747,0.9167
46,0.008080,0.9898,0.033861,0.9167
47,0.008128,0.9898,0.034115,0.9167
48,0.008363,0.9898,0.034017,0.9167
49,0.008297,0.9898,0.033799,0.9167
50,0.008017,0.9898,0.033647,0.9167
51,0.008007,0.9898,0.033849,0.9167
52,0.008071,0.9898,0.033840,0.9167
53,0.008024,0.9898,0.034019,0.9167
54,0.007936,0.9898,0.033362,0.9167
55,0.008005,0.9898,0.034031,0.9167
56,0.007923,0.9898,0.033811,0.9167
57,0.007877,0.9898,0.034332,0.9167
58,0.007832,0.9898,0.033416,0.9167
59,0.007990,0.9898,0.034015,0.9167
60,0.008018,0.9898,0.033623,0.9167
61,0.007745,0.9898,0.034077,0.9167
62,0.007765,0.9898,0.033474,0.9167
63,0.007835,0.9898,0.034315,0.9167
64,0.007689,0.9898,0.033677,0.9167
65,0.007742,0.9898,0.033919,0.9167
66,0.007699,0.9898,0.033428,0.9167
67,0.007761,0.9898,0.034029,0.9167
68,0.007598,0.9898,0.033976,0.9167
69,0.007587,0.9898,0.033836,0.9167
70,0.007585,0.9898,0.033868,0.9167
71,0.007584,0.9898,0.033879,0.9167
72,0.007515,0.9898,0.034073,0.9167
73,0.007652,0.9898,0.033974,0.9167
74,0.007481,0.9898,0.033793,0.9167
75,0.007473,0.9898,0.033791,0.9167
76,0.007485,0.9898,0.033882,0.9167
77,0.007467,0.9898,0.033922,0.9167
78,0.007435,0.9898,0.034027,0.9167
79,0.007410,0.9898,0.033812,0.9167
80,0.007434,0.9898,0.033918,0.9167
81,0.007386,0.9898,0.034069,0.9167
82,0.007411,0.9898,0.033806,0.9167
83,0.007412,0.9898,0.033816,0.9167
84,0.007409,0.9898,0.033821,0.9167
85,0.007423,0.9898,0.033969,0.9167
86,0.007337,0.9898,0.033980,0.9167
87,0.007350,0.9898,0.033680,0.9167
88,0.007493,0.9898,0.034294,0.9167
89,0.007357,0.9898,0.033695,0.9167
90,0.007285,0.9898,0.033717,0.9167
91,0.007297,0.9898,0.034036,0.9167
92,0.007367,0.9898,0.033925,0.9167
93,0.007274,0.9898,0.033541,0.9167
94,0.007313,0.9898,0.033762,0.9167
95,0.007260,0.9898,0.033900,0.9167
96,0.007224,0.9898,0.033626,0.9167
97,0.007208,0.9898,0.033827,0.9167
98,0.007206,0.9898,0.034114,0.9167
99,0.007293,0.9898,0.033974,0.9167
100,0.007230,0.9898,0.034054,0.9167
101,0.007241,0.9898,0.033715,0.9167
102,0.007248,0.9898,0.034005,0.9167
103,0.007207,0.9898,0.034008,0.9167
104,0.007204,0.9898,0.033835,0.9167
105,0.007143,0.9898,0.033767,0.9167
106,0.007157,0.9898,0.033748,0.9167
107,0.007201,0.9898,0.034032,0.9167
108,0.007200,0.9898,0.033771,0.9167
109,0.007132,0.9898,0.033761,0.9167
110,0.007214,0.9898,0.033714,0.9167
111,0.007118,0.9898,0.033669,0.9167
112,0.007143,0.9898,0.033861,0.9167
113,0.007121,0.9898,0.033759,0.9167
114,0.007117,0.9898,0.033872,0.9167
115,0.007116,0.9898,0.033877,0.9167
116,0.007132,0.9898,0.033807,0.9167
117,0.007092,0.9898,0.033839,0.9167
118,0.007051,0.9898,0.033623,0.9167
119,0.007036,0.9898,0.033897,0.9167
120,0.007051,0.9898,0.033918,0.9167
121,0.007072,0.9898,0.033921,0.9167
122,0.007060,0.9898,0.033784,0.9167
123,0.007027,0.9898,0.033919,0.9167
124,0.007049,0.9898,0.033770,0.9167
125,0.007026,0.9898,0.033903,0.9167
126,0.007063,0.9898,0.033702,0.9167
127,0.007010,0.9898,0.033793,0.9167
128,0.007014,0.9898,0.033918,0.9167
129,0.007036,0.9898,0.033768,0.9167
130,0.007002,0.9898,0.033855,0.9167
131,0.007000,0.9898,0.033702,0.9167
132,0.006979,0.9898,0.033787,0.9167
133,0.007056,0.9898,0.034017,0.9167
134,0.006995,0.9898,0.033834,0.9167
135,0.006984,0.9898,0.033799,0.9167
136,0.007001,0.9898,0.033966,0.9167
137,0.006958,0.9898,0.033659,0.9167
138,0.007057,0.9898,0.033907,0.9167
139,0.006990,0.9898,0.033901,0.9167
140,0.006946,0.9898,0.033794,0.9167
141,0.006961,0.9898,0.033677,0.9167
142,0.006940,0.9898,0.033803,0.9167
143,0.006941,0.9898,0.033891,0.9167
144,0.006943,0.9898,0.033731,0.9167
145,0.006921,0.9898,0.033787,0.9167
146,0.006984,0.9898,0.033756,0.9167
147,0.006922,0.9898,0.033833,0.9167
148,0.006908,0.9898,0.033762,0.9167
149,0.006911,0.9898,0.033665,0.9167
150,0.006902,0.9898,0.033821,0.9167
151,0.006893,0.9898,0.033788,0.9167
152,0.006902,0.9898,0.033827,0.9167
153,0.006898,0.9898,0.033712,0.9167
154,0.006913,0.9898,0.033972,0.9167
155,0.006895,0.9898,0.033748,0.9167
156,0.006879,0.9898,0.033747,0.9167
157,0.006911,0.9898,0.033972,0.9167
158,0.006878,0.9898,0.033748,0.9167
159,0.006858,0.9898,0.033810,0.9167
160,0.006864,0.9898,0.033698,0.9167
161,0.006891,0.9898,0.033932,0.9167
162,0.006873,0.9898,0.033801,0.9167
163,0.006835,0.9898,0.033711,0.9167
164,0.006879,0.9898,0.033872,0.9167
165,0.006866,0.9898,0.033708,0.9167
166,0.006830,0.9898,0.033797,0.9167
167,0.006858,0.9898,0.033844,0.9167
168,0.006840,0.9898,0.033770,0.9167
169,0.006882,0.9898,0.034042,0.9167
170,0.006840,0.9898,0.033719,0.9167
171,0.006815,0.9898,0.033739,0.9167
172,0.006810,0.9898,0.033771,0.9167
173,0.006827,0.9898,0.033665,0.9167
174,0.006807,0.9898,0.033798,0.9167
175,0.006821,0.9898,0.033978,0.9167
176,0.006818,0.9898,0.033804,0.9167
177,0.006812,0.9898,0.033752,0.9167
178,0.006835,0.9898,0.033818,0.9167
179,0.006794,0.9898,0.033839,0.9167
180,0.006809,0.9898,0.033813,0.9167
181,0.006793,0.9898,0.033772,0.9167
182,0.006773,0.9898,0.033741,0.9167
183,0.006809,0.9898,0.033702,0.9167
184,0.006771,0.9898,0.033719,0.9167
185,0.006805,0.9898,0.033894,0.9167
186,0.006777,0.9898,0.033678,0.9167
187,0.006764,0.9898,0.033743,0.9167
188,0.006783,0.9898,0.034063,0.9167
189,0.006750,0.9898,0.033820,0.9167
190,0.006754,0.9898,0.033710,0.9167
191,0.006790,0.9898,0.033886,0.9167
192,0.006741,0.9898,0.033682,0.9167
193,0.006761,0.9898,0.033810,0.9167
194,0.006737,0.9898,0.033729,0.9167
195,0.006737,0.9898,0.033717,0.9167
196,0.006740,0.9898,0.033703,0.9167
197,0.006746,0.9898,0.033827,0.9167
198,0.006735,0.9898,0.033802,0.9167
199,0.006741,0.9898,0.033777,0.9167
200,0.006731,0.9898,0.033805,0.9167
1,0.129579,0.5000,0.117154,0.8750
2,0.101933,0.8265,0.085794,0.6667
3,0.068858,0.9082,0.050285,0.9167
4,0.041030,0.9388,0.039219,0.9167
5,0.033569,0.9388,0.039520,0.9167
6,0.030598,0.9388,0.040171,0.9167
7,0.029754,0.9388,0.038580,0.9167
8,0.028409,0.9388,0.039022,0.9167
9,0.028045,0.9388,0.039822,0.9167
10,0.027707,0.9388,0.037882,0.9167
11,0.028331,0.9388,0.038473,0.9167
12,0.025817,0.9388,0.038506,0.9167
13,0.025379,0.9388,0.038326,0.9167
14,0.024803,0.9388,0.038313,0.9167
15,0.024675,0.9388,0.038290,0.9167
16,0.024003,0.9388,0.037238,0.9167
17,0.023206,0.9388,0.037776,0.9167
18,0.023034,0.9388,0.037724,0.9167
19,0.022648,0.9388,0.037211,0.9167
20,0.021996,0.9388,0.037331,0.9167
21,0.022101,0.9388,0.037278,0.9167
22,0.022018,0.9388,0.036718,0.9167
23,0.021415,0.9388,0.036801,0.9167
24,0.021472,0.9388,0.037082,0.9167
25,0.021288,0.9388,0.037454,0.9167
26,0.021186,0.9388,0.037093,0.9167
27,0.020721,0.9388,0.036671,0.9167
28,0.020554,0.9388,0.036813,0.9167
29,0.020920,0.9388,0.036644,0.9167
30,0.020226,0.9388,0.036736,0.9167
31,0.020271,0.9388,0.036745,0.9167
32,0.020057,0.9388,0.036930,0.9167
33,0.020421,0.9388,0.036959,0.9167
34,0.019860,0.9388,0.036435,0.9167
35,0.019876,0.9388,0.036669,0.9167
36,0.019625,0.9388,0.036591,0.9167
37,0.019489,0.9388,0.036778,0.9167
38,0.019595,0.9388,0.036860,0.9167
39,0.019377,0.9388,0.036920,0.9167
40,0.019353,0.9388,0.036955,0.9167
41,0.019613,0.9388,0.036916,0.9167
42,0.019110,0.9388,0.036239,0.9167
43,0.019367,0.9388,0.036477,0.9167
44,0.019059,0.9388,0.036428,0.9167
45,0.019041,0.9388,0.036415,0.9167
46,0.018906,0.9388,0.036432,0.9167
47,0.018720,0.9388,0.036482,0.9167
48,0.018871,0.9388,0.036530,0.9167
49,0.018836,0.9388,0.036434,0.9167
50,0.018504,0.9388,0.036470,0.9167
51,0.018698,0.9388,0.036472,0.9167
52,0.018419,0.9388,0.036365,0.9167
53,0.018547,0.9388,0.036477,0.9167
54,0.018449,0.9388,0.036262,0.9167
55,0.018579,0.9388,0.036508,0.9167
56,0.018365,0.9388,0.036441,0.9167
57,0.018398,0.9388,0.036697,0.9167
58,0.018244,0.9388,0.036322,0.9167
59,0.018402,0.9388,0.036529,0.9167
60,0.018274,0.9388,0.036400,0.9167
61,0.018016,0.9388,0.036437,0.9167
62,0.018139,0.9388,0.036206,0.9167
63,0.018182,0.9388,0.036708,0.9167
64,0.017925,0.9388,0.036371,0.9167
65,0.017954,0.9388,0.036347,0.9167
66,0.017831,0.9388,0.036276,0.9167
67,0.017874,0.9388,0.036388,0.9167
68,0.017837,0.9388,0.036596,0.9167
69,0.017676,0.9388,0.036443,0.9167
70,0.017671,0.9388,0.036382,0.9167
71,0.017675,0.9388,0.036433,0.9167
72,0.017665,0.9388,0.036604,0.9167
73,0.017789,0.9388,0.036400,0.9167
74,0.017558,0.9388,0.036397,0.9167
75,0.017543,0.9388,0.036426,0.9167
76,0.017422,0.9388,0.036381,0.9167
77,0.017455,0.9388,0.036275,0.9167
78,0.017380,0.9388,0.036302,0.9167
79,0.017244,0.9388,0.036266,0.9167
80,0.017337,0.9388,0.036240,0.9167
81,0.017231,0.9388,0.036330,0.9167
82,0.017235,0.9388,0.036288,0.9167
83,0.017304,0.9388,0.036269,0.9167
84,0.017179,0.9490,0.036251,0.9167
85,0.017264,0.9490,0.036257,0.9167
86,0.017188,0.9490,0.036268,0.9167
87,0.017039,0.9388,0.036167,0.9167
88,0.017288,0.9490,0.036432,0.9167
89,0.017080,0.9388,0.036187,0.9167
90,0.016938,0.9490,0.036150,0.9167
91,0.017017,0.9490,0.036405,0.9167
92,0.017036,0.9490,0.036216,0.9167
93,0.016881,0.9490,0.036055,0.9167
94,0.017012,0.9490,0.036159,0.9167
95,0.016871,0.9490,0.036252,0.9167
96,0.016776,0.9490,0.036127,0.9167
97,0.016752,0.9490,0.036171,0.9167
98,0.016777,0.9490,0.036268,0.9167
99,0.016885,0.9490,0.036218,0.9167
100,0.016809,0.9490,0.036249,0.9167
101,0.016706,0.9490,0.036080,0.9167
102,0.016775,0.9490,0.036252,0.9167
103,0.016740,0.9490,0.036261,0.9167
104,0.016669,0.9490,0.036081,0.9167
105,0.016520,0.9490,0.036094,0.9167
106,0.016519,0.9490,0.036041,0.9167
107,0.016623,0.9490,0.036213,0.9167
108,0.016563,0.9490,0.035955,0.9167
109,0.016430,0.9490,0.036053,0.9167
110,0.016510,0.9490,0.036020,0.9167
111,0.016496,0.9490,0.036000,0.9167
112,0.016450,0.9490,0.036087,0.9167
113,0.016360,0.9490,0.035988,0.9167
114,0.016403,0.9490,0.036063,0.9167
115,0.016383,0.9490,0.036064,0.9167
116,0.016465,0.9490,0.036011,0.9167
117,0.016349,0.9490,0.036024,0.9167
118,0.016201,0.9490,0.035882,0.9167
119,0.016190,0.9490,0.036074,0.9167
120,0.016202,0.9490,0.036024,0.9167
121,0.016245,0.9490,0.035979,0.9167
122,0.016129,0.9490,0.035884,0.9167
123,0.016089,0.9490,0.035959,0.9167
124,0.016080,0.9490,0.035881,0.9167
125,0.016125,0.9490,0.035949,0.9167
126,0.016203,0.9490,0.035817,0.9167
127,0.016069,0.9490,0.035953,0.9167
128,0.016014,0.9490,0.035939,0.9167
129,0.016060,0.9490,0.035840,0.9167
130,0.015975,0.9490,0.035891,0.9167
131,0.015888,0.9490,0.035787,0.9167
132,0.015869,0.9490,0.035916,0.9167
133,0.016043,0.9490,0.036017,0.9167
134,0.015877,0.9490,0.035890,0.9167
135,0.015810,0.9490,0.035824,0.9167
136,0.015864,0.9490,0.035946,0.9167
137,0.015779,0.9490,0.035769,0.9167
138,0.016042,0.9490,0.035870,0.9167
139,0.015815,0.9490,0.035811,0.9167
140,0.015763,0.9490,0.035766,0.9167
141,0.015776,0.9490,0.035662,0.9167
142,0.015738,0.9490,0.035710,0.9167
143,0.015685,0.9490,0.035833,0.9167
144,0.015688,0.9490,0.035644,0.9167
145,0.015655,0.9490,0.035712,0.9167
146,0.015806,0.9490,0.035626,0.9167
147,0.015596,0.9490,0.035735,0.9167
148,0.015530,0.9490,0.035619,0.9167
149,0.015503,0.9490,0.035543,0.9167
150,0.015471,0.9490,0.035677,0.9167
151,0.015486,0.9490,0.035618,0.9167
152,0.015512,0.9490,0.035624,0.9167
153,0.015410,0.9490,0.035567,0.9167
154,0.015520,0.9490,0.035688,0.9167
155,0.015391,0.9490,0.035591,0.9167
156,0.015370,0.9490,0.035535,0.9167
157,0.015526,0.9490,0.035683,0.9167
158,0.015373,0.9490,0.035508,0.9167
159,0.015286,0.9490,0.035564,0.9167
160,0.015279,0.9490,0.035487,0.9167
161,0.015381,0.9490,0.035633,0.9167
162,0.015244,0.9490,0.035536,0.9167
163,0.015186,0.9490,0.035414,0.9167
164,0.015272,0.9490,0.035604,0.9167
165,0.015186,0.9490,0.035414,0.9167
166,0.015148,0.9490,0.035471,0.9167
167,0.015137,0.9490,0.035438,0.9167
168,0.015149,0.9490,0.035413,0.9167
169,0.015180,0.9490,0.035613,0.9167
170,0.015086,0.9490,0.035355,0.9167
171,0.015020,0.9490,0.035332,0.9167
172,0.014998,0.9490,0.035340,0.9167
173,0.015013,0.9490,0.035261,0.9167
174,0.014949,0.9490,0.035369,0.9167
175,0.015016,0.9490,0.035533,0.9167
176,0.014932,0.9490,0.035318,0.9167
177,0.014943,0.9490,0.035285,0.9167
178,0.014972,0.9490,0.035258,0.9167
179,0.014866,0.9490,0.035357,0.9167
180,0.014883,0.9490,0.035245,0.9167
181,0.014815,0.9592,0.035276,0.9167
182,0.014806,0.9592,0.035220,0.9167
183,0.014790,0.9490,0.035159,0.9167
184,0.014736,0.9592,0.035179,0.9167
185,0.014806,0.9592,0.035288,0.9167
186,0.014702,0.9592,0.035087,0.9167
187,0.014660,0.9592,0.035173,0.9167
188,0.014787,0.9490,0.035457,0.9167
189,0.014632,0.9592,0.035205,0.9167
190,0.014623,0.9592,0.035036,0.9167
191,0.014726,0.9490,0.035176,0.9167
192,0.014606,0.9592,0.035025,0.9167
193,0.014572,0.9592,0.035092,0.9167
194,0.014509,0.9592,0.035044,0.9167
195,0.014508,0.9592,0.035031,0.9167
196,0.014497,0.9592,0.035012,0.9167
197,0.014562,0.9592,0.035082,0.9167
198,0.014485,0.9592,0.035033,0.9167
199,0.014478,0.9592,0.034997,0.9167
200,0.014450,0.9592,0.034998,0.9167
1,0.129579,0.5000,0.117154,0.8750
2,0.101933,0.8265,0.085794,0.6667
3,0.068858,0.9082,0.050285,0.9167
4,0.041030,0.9388,0.039219,0.9167
5,0.033569,0.9388,0.039520,0.9167
6,0.030598,0.9388,0.040171,0.9167
7,0.029754,0.9388,0.038580,0.9167
8,0.028409,0.9388,0.039022,0.9167
9,0.028045,0.9388,0.039822,0.9167
10,0.027707,0.9388,0.037882,0.9167
11,0.028331,0.9388,0.038473,0.9167
12,0.025817,0.9388,0.038506,0.9167
13,0.025379,0.9388,0.038326,0.9167
14,0.024803,0.9388,0.038313,0.9167
15,0.024675,0.9388,0.038290,0.9167
16,0.024003,0.9388,0.037238,0.9167
17,0.023206,0.9388,0.037776,0.9167
18,0.023034,0.9388,0.037724,0.9167
19,0.022648,0.9388,0.037211,0.9167
20,0.021996,0.9388,0.037331,0.9167
21,0.022101,0.9388,0.037278,0.9167
22,0.022018,0.9388,0.036718,0.9167
23,0.021415,0.9388,0.036801,0.9167
24,0.021472,0.9388,0.037082,0.9167
25,0.021288,0.9388,0.037454,0.9167
26,0.021186,0.9388,0.037093,0.9167
27,0.020721,0.9388,0.036671,0.9167
28,0.020554,0.9388,0.036813,0.9167
29,0.020920,0.9388,0.036644,0.9167
30,0.020226,0.9388,0.036736,0.9167
31,0.020271,0.9388,0.036745,0.9167
32,0.020057,0.9388,0.036930,0.9167
33,0.020421,0.9388,0.036959,0.9167
34,0.019860,0.9388,0.036435,0.9167
35,0.019876,0.9388,0.036669,0.9167
36,0.019625,0.9388,0.036591,0.9167
37,0.019489,0.9388,0.036778,0.9167
38,0.019595,0.9388,0.036860,0.9167
39,0.019377,0.9388,0.036920,0.9167
40,0.019353,0.9388,0.036955,0.9167
41,0.019613,0.9388,0.036916,0.9167
42,0.019110,0.9388,0.036239,0.9167
43,0.019367,0.9388,0.036477,0.9167
44,0.019059,0.9388,0.036428,0.9167
45,0.019041,0.9388,0.036415,0.9167
46,0.018906,0.9388,0.036432,0.9167
47,0.018720,0.9388,0.036482,0.9167
48,0.018871,0.9388,0.036530,0.9167
49,0.018836,0.9388,0.036434,0.9167
50,0.018504,0.9388,0.036470,0.9167
51,0.018698,0.9388,0.036472,0.9167
52,0.018419,0.9388,0.036365,0.9167
53,0.018547,0.9388,0.036477,0.9167
54,0.018449,0.9388,0.036262,0.9167
55,0.018579,0.9388,0.036508,0.9167
56,0.018365,0.9388,0.036441,0.9167
57,0.018398,0.9388,0.036697,0.9167
58,0.018244,0.9388,0.036322,0.9167
59,0.018402,0.9388,0.036529,0.9167
60,0.018274,0.9388,0.036400,0.9167
61,0.018016,0.9388,0.036437,0.9167
62,0.018139,0.9388,0.036206,0.9167
63,0.018182,0.9388,0.036708,0.9167
64,0.017925,0.9388,0.036371,0.9167
65,0.017954,0.9388,0.036347,0.9167
66,0.017831,0.9388,0.036276,0.9167
67,0.017874,0.9388,0.036388,0.9167
68,0.017837,0.9388,0.036596,0.9167
69,0.017676,0.9388,0.036443,0.9167
70,0.017671,0.9388,0.036382,0.9167
71,0.017675,0.9388,0.036433,0.9167
72,0.017665,0.9388,0.036604,0.9167
73,0.017789,0.9388,0.036400,0.9167
74,0.017558,0.9388,0.036397,0.9167
75,0.017543,0.9388,0.036426,0.9167
76,0.017422,0.9388,0.036381,0.9167
77,0.017455,0.9388,0.036275,0.9167
78,0.017380,0.9388,0.036302,0.9167
79,0.017244,0.9388,0.036266,0.9167
80,0.017337,0.9388,0.036240,0.9167
81,0.017231,0.9388,0.036330,0.9167
82,0.017235,0.9388,0.036288,0.9167
83,0.017304,0.9388,0.036269,0.9167
84,0.017179,0.9490,0.036251,0.9167
85,0.017264,0.9490,0.036257,0.9167
86,0.017188,0.9490,0.036268,0.9167
87,0.017039,0.9388,0.036167,0.9167
88,0.017288,0.9490,0.036432,0.9167
89,0.017080,0.9388,0.036187,0.9167
90,0.016938,0.9490,0.036150,0.9167
91,0.017017,0.9490,0.036405,0.9167
92,0.017036,0.9490,0.036216,0.9167
93,0.016881,0.9490,0.036055,0.9167
94,0.017012,0.9490,0.036159,0.9167
95,0.016871,0.9490,0.036252,0.9167
96,0.016776,0.9490,0.036127,0.9167
97,0.016752,0.9490,0.036171,0.9167
98,0.016777,0.9490,0.036268,0.9167
99,0.016885,0.9490,0.036218,0.9167
100,0.016809,0.9490,0.036249,0.9167
101,0.016706,0.9490,0.036080,0.9167
102,0.016775,0.9490,0.036252,0.9167
103,0.016740,0.9490,0.036261,0.9167
104,0.016669,0.9490,0.036081,0.9167
105,0.016520,0.9490,0.036094,0.9167
106,0.016519,0.9490,0.036041,0.9167
107,0.016623,0.9490,0.036213,0.9167
108,0.016563,0.9490,0.035955,0.9167
109,0.016430,0.9490,0.036053,0.9167
110,0.016510,0.9490,0.036020,0.9167
111,0.016496,0.9490,0.036000,0.9167
112,0.016450,0.9490,0.036087,0.9167
113,0.016360,0.9490,0.035988,0.9167
114,0.016403,0.9490,0.036063,0.9167
115,0.016383,0.9490,0.036064,0.9167
116,0.016465,0.9490,0.036011,0.9167
117,0.016349,0.9490,0.036024,0.9167
118,0.016201,0.9490,0.035882,0.9167
119,0.016190,0.9490,0.036074,0.9167
120,0.016202,0.9490,0.036024,0.9167
121,0.016245,0.9490,0.035979,0.9167
122,0.016129,0.9490,0.035884,0.9167
123,0.016089,0.9490,0.035959,0.9167
124,0.016080,0.9490,0.035881,0.9167
125,0.016125,0.9490,0.035949,0.9167
126,0.016203,0.9490,0.035817,0.9167
127,0.016069,0.9490,0.035953,0.9167
128,0.016014,0.9490,0.035939,0.9167
129,0.016060,0.9490,0.035840,0.9167
130,0.015975,0.9490,0.035891,0.9167
131,0.015888,0.9490,0.035787,0.9167
132,0.015869,0.9490,0.035916,0.9167
133,0.016043,0.9490,0.036017,0.9167
134,0.015877,0.9490,0.035890,0.9167
135,0.015810,0.9490,0.035824,0.9167
136,0.015864,0.9490,0.035946,0.9167
137,0.015779,0.9490,0.035769,0.9167
138,0.016042,0.9490,0.035870,0.9167
139,0.015815,0.9490,0.035811,0.9167
140,0.015763,0.9490,0.035766,0.9167
141,0.015776,0.9490,0.035662,0.9167
142,0.015738,0.9490,0.035710,0.9167
143,0.015685,0.9490,0.035833,0.9167
144,0.015688,0.9490,0.035644,0.9167
145,0.015655,0.9490,0.035712,0.9167
146,0.015806,0.9490,0.035626,0.9167
147,0.015596,0.9490,0.035735,0.9167
148,0.015530,0.9490,0.035619,0.9167
149,0.015503,0.9490,0.035543,0.9167
150,0.015471,0.9490,0.035677,0.9167
151,0.015486,0.9490,0.035618,0.9167
152,0.015512,0.9490,0.035624,0.9167
153,0.015410,0.9490,0.035567,0.9167
154,0.015520,0.9490,0.035688,0.9167
155,0.015391,0.9490,0.035591,0.9167
156,0.015370,0.9490,0.035535,0.9167
157,0.015526,0.9490,0.035683,0.9167
158,0.015373,0.9490,0.035508,0.9167
159,0.015286,0.9490,0.035564,0.9167
160,0.015279,0.9490,0.035487,0.9167
161,0.015381,0.9490,0.035633,0.9167
162,0.015244,0.9490,0.035536,0.9167
163,0.015186,0.9490,0.035414,0.9167
164,0.015272,0.9490,0.035604,0.9167
165,0.015186,0.9490,0.035414,0.9167
166,0.015148,0.9490,0.035471,0.9167
167,0.015137,0.9490,0.035438,0.9167
168,0.015149,0.9490,0.035413,0.9167
169,0.015180,0.9490,0.035613,0.9167
170,0.015086,0.9490,0.035355,0.9167
171,0.015020,0.9490,0.035332,0.9167
172,0.014998,0.9490,0.035340,0.9167
173,0.015013,0.9490,0.035261,0.9167
174,0.014949,0.9490,0.035369,0.9167
175,0.015016,0.9490,0.035533,0.9167
176,0.014932,0.9490,0.035318,0.9167
177,0.014943,0.9490,0.035285,0.9167
178,0.014972,0.9490,0.035258,0.9167
179,0.014866,0.9490,0.035357,0.9167
180,0.014883,0.9490,0.035245,0.9167
181,0.014815,0.9592,0.035276,0.9167
182,0.014806,0.9592,0.035220,0.9167
183,0.014790,0.9490,0.035159,0.9167
184,0.014736,0.9592,0.035179,0.9167
185,0.014806,0.9592,0.035288,0.9167
186,0.014702,0.9592,0.035087,0.9167
187,0.014660,0.9592,0.035173,0.9167
188,0.014787,0.9490,0.035457,0.9167
189,0.014632,0.9592,0.035205,0.9167
190,0.014623,0.9592,0.035036,0.9167
191,0.014726,0.9490,0.035176,0.9167
192,0.014606,0.9592,0.035025,0.9167
193,0.014572,0.9592,0.035092,0.9167
194,0.014509,0.9592,0.035044,0.9167
195,0.014508,0.9592,0.035031,0.9167
196,0.014497,0.9592,0.035012,0.9167
197,0.014562,0.9592,0.035082,0.9167
198,0.014485,0.9592,0.035033,0.9167
199,0.014478,0.9592,0.034997,0.9167
200,0.014450,0.9592,0.034998,0.9167
1,0.129579,0.5000,0.117154,0.8750
2,0.101933,0.8265,0.085794,0.6667
3,0.068858,0.9082,0.050285,0.9167
4,0.041030,0.9388,0.039219,0.9167
5,0.033569,0.9388,0.039520,0.9167
6,0.030598,0.9388,0.040171,0.9167
7,0.029754,0.9388,0.038580,0.9167
8,0.028409,0.9388,0.039022,0.9167
9,0.028045,0.9388,0.039822,0.9167
10,0.027707,0.9388,0.037882,0.9167
11,0.028331,0.9388,0.038473,0.9167
12,0.025817,0.9388,0.038506,0.9167
13,0.025379,0.9388,0.038326,0.9167
14,0.024803,0.9388,0.038313,0.9167
15,0.024675,0.9388,0.038290,0.9167
16,0.024003,0.9388,0.037238,0.9167
17,0.023206,0.9388,0.037776,0.9167
18,0.023034,0.9388,0.037724,0.9167
19,0.022648,0.9388,0.037211,0.9167
20,0.021996,0.9388,0.037331,0.9167
21,0.022101,0.9388,0.037278,0.9167
22,0.022018,0.9388,0.036718,0.9167
23,0.021415,0.9388,0.036801,0.9167
24,0.021472,0.9388,0.037082,0.9167
25,0.021288,0.9388,0.037454,0.9167
26,0.021186,0.9388,0.037093,0.9167
27,0.020721,0.9388,0.036671,0.9167
28,0.020554,0.9388,0.036813,0.9167
29,0.020920,0.9388,0.036644,0.9167
30,0.020226,0.9388,0.036736,0.9167
31,0.020271,0.9388,0.036745,0.9167
32,0.020057,0.9388,0.036930,0.9167
33,0.020421,0.9388,0.036959,0.9167
34,0.019860,0.9388,0.036435,0.9167
35,0.019876,0.9388,0.036669,0.9167
36,0.019625,0.9388,0.036591,0.9167
37,0.019489,0.9388,0.036778,0.9167
38,0.019595,0.9388,0.036860,0.9167
39,0.019377,0.9388,0.036920,0.9167
40,0.019353,0.9388,0.036955,0.9167
41,0.019613,0.9388,0.036916,0.9167
42,0.019110,0.9388,0.036239,0.9167
43,0.019367,0.9388,0.036477,0.9167
44,0.019059,0.9388,0.036428,0.9167
45,0.019041,0.9388,0.036415,0.9167
46,0.018906,0.9388,0.036432,0.9167
47,0.018720,0.9388,0.036482,0.9167
48,0.018871,0.9388,0.036530,0.9167
49,0.018836,0.9388,0.036434,0.9167
50,0.018504,0.9388,0.036470,0.9167
51,0.018698,0.9388,0.036472,0.9167
52,0.018419,0.9388,0.036365,0.9167
53,0.018547,0.9388,0.036477,0.9167
54,0.018449,0.9388,0.036262,0.9167
55,0.018579,0.9388,0.036508,0.9167
56,0.018365,0.9388,0.036441,0.9167
57,0.018398,0.9388,0.036697,0.9167
58,0.018244,0.9388,0.036322,0.9167
59,0.018402,0.9388,0.036529,0.9167
60,0.018274,0.9388,0.036400,0.9167
61,0.018016,0.9388,0.036437,0.9167
62,0.018139,0.9388,0.036206,0.9167
63,0.018182,0.9388,0.036708,0.9167
64,0.017925,0.9388,0.036371,0.9167
65,0.017954,0.9388,0.036347,0.9167
66,0.017831,0.9388,0.036276,0.9167
67,0.017874,0.9388,0.036388,0.9167
68,0.017837,0.9388,0.036596,0.9167
69,0.017676,0.9388,0.036443,0.9167
70,0.017671,0.9388,0.036382,0.9167
71,0.017675,0.9388,0.036433,0.9167
72,0.017665,0.9388,0.036604,0.9167
73,0.017789,0.9388,0.036400,0.9167
74,0.017558,0.9388,0.036397,0.9167
75,0.017543,0.9388,0.036426,0.9167
76,0.017422,0.9388,0.036381,0.9167
77,0.017455,0.9388,0.036275,0.9167
78,0.017380,0.9388,0.036302,0.9167
79,0.017244,0.9388,0.036266,0.9167
80,0.017337,0.9388,0.036240,0.9167
81,0.017231,0.9388,0.036330,0.9167
82,0.017235,0.9388,0.036288,0.9167
83,0.017304,0.9388,0.036269,0.9167
84,0.017179,0.9490,0.036251,0.9167
85,0.017264,0.9490,0.036257,0.9167
86,0.017188,0.9490,0.036268,0.9167
87,0.017039,0.9388,0.036167,0.9167
88,0.017288,0.9490,0.036432,0.9167
89,0.017080,0.9388,0.036187,0.9167
90,0.016938,0.9490,0.036150,0.9167
91,0.017017,0.9490,0.036405,0.9167
92,0.017036,0.9490,0.036216,0.9167
93,0.016881,0.9490,0.036055,0.9167
94,0.017012,0.9490,0.036159,0.9167
95,0.016871,0.9490,0.036252,0.9167
96,0.016776,0.9490,0.036127,0.9167
97,0.016752,0.9490,0.036171,0.9167
98,0.016777,0.9490,0.036268,0.9167
99,0.016885,0.9490,0.036218,0.9167
100,0.016809,0.9490,0.036249,0.9167
101,0.016706,0.9490,0.036080,0.9167
102,0.016775,0.9490,0.036252,0.9167
103,0.016740,0.9490,0.036261,0.9167
104,0.016669,0.9490,0.036081,0.9167
105,0.016520,0.9490,0.036094,0.9167
106,0.016519,0.9490,0.036041,0.9167
107,0.016623,0.9490,0.036213,0.9167
108,0.016563,0.9490,0.035955,0.9167
109,0.016430,0.9490,0.036053,0.9167
110,0.016510,0.9490,0.036020,0.9167
111,0.016496,0.9490,0.036000,0.9167
112,0.016450,0.9490,0.036087,0.9167
113,0.016360,0.9490,0.035988,0.9167
114,0.016403,0.9490,0.036063,0.9167
115,0.016383,0.9490,0.036064,0.9167
116,0.016465,0.9490,0.036011,0.9167
117,0.016349,0.9490,0.036024,0.9167
118,0.016201,0.9490,0.035882,0.9167
119,0.016190,0.9490,0.036074,0.9167
120,0.016202,0.9490,0.036024,0.9167
121,0.016245,0.9490,0.035979,0.9167
122,0.016129,0.9490,0.035884,0.9167
123,0.016089,0.9490,0.035959,0.9167
124,0.016080,0.9490,0.035881,0.9167
125,0.016125,0.9490,0.035949,0.9167
126,0.016203,0.9490,0.035817,0.9167
127,0.016069,0.9490,0.035953,0.9167
128,0.016014,0.9490,0.035939,0.9167
129,0.016060,0.9490,0.035840,0.9167
130,0.015975,0.9490,0.035891,0.9167
131,0.015888,0.9490,0.035787,0.9167
132,0.015869,0.9490,0.035916,0.9167
133,0.016043,0.9490,0.036017,0.9167
134,0.015877,0.9490,0.035890,0.9167
135,0.015810,0.9490,0.035824,0.9167
136,0.015864,0.9490,0.035946,0.9167
137,0.015779,0.9490,0.035769,0.9167
138,0.016042,0.9490,0.035870,0.9167
139,0.015815,0.9490,0.035811,0.9167
140,0.015763,0.9490,0.035766,0.9167
141,0.015776,0.9490,0.035662,0.9167
142,0.015738,0.9490,0.035710,0.9167
143,0.015685,0.9490,0.035833,0.9167
144,0.015688,0.9490,0.035644,0.9167
145,0.015655,0.9490,0.035712,0.9167
146,0.015806,0.9490,0.035626,0.9167
147,0.015596,0.9490,0.035735,0.9167
148,0.015530,0.9490,0.035619,0.9167
149,0.015503,0.9490,0.035543,0.9167
150,0.015471,0.9490,0.035677,0.9167
151,0.015486,0.9490,0.035618,0.9167
152,0.015512,0.9490,0.035624,0.9167
153,0.015410,0.9490,0.035567,0.9167
154,0.015520,0.9490,0.035688,0.9167
155,0.015391,0.9490,0.035591,0.9167
156,0.015370,0.9490,0.035535,0.9167
157,0.015526,0.9490,0.035683,0.9167
158,0.015373,0.9490,0.035508,0.9167
159,0.015286,0.9490,0.035564,0.9167
160,0.015279,0.9490,0.035487,0.9167
161,0.015381,0.9490,0.035633,0.9167
162,0.015244,0.9490,0.035536,0.9167
163,0.015186,0.9490,0.035414,0.9167
164,0.015272,0.9490,0.035604,0.9167
165,0.015186,0.9490,0.035414,0.9167
166,0.015148,0.9490,0.035471,0.9167
167,0.015137,0.9490,0.035438,0.9167
168,0.015149,0.9490,0.035413,0.9167
169,0.015180,0.9490,0.035613,0.9167
170,0.015086,0.9490,0.035355,0.9167
171,0.015020,0.9490,0.035332,0.9167
172,0.014998,0.9490,0.035340,0.9167
173,0.015013,0.9490,0.035261,0.9167
174,0.014949,0.9490,0.035369,0.9167
175,0.015016,0.9490,0.035533,0.9167
176,0.014932,0.9490,0.035318,0.9167
177,0.014943,0.9490,0.035285,0.9167
178,0.014972,0.9490,0.035258,0.9167
179,0.014866,0.9490,0.035357,0.9167
180,0.014883,0.9490,0.035245,0.9167
181,0.014815,0.9592,0.035276,0.9167
182,0.014806,0.9592,0.035220,0.9167
183,0.014790,0.9490,0.035159,0.9167
184,0.014736,0.9592,0.035179,0.9167
185,0.014806,0.9592,0.035288,0.9167
186,0.014702,0.9592,0.035087,0.9167
187,0.014660,0.9592,0.035173,0.9167
188,0.014787,0.9490,0.035457,0.9167
189,0.014632,0.9592,0.035205,0.9167
190,0.014623,0.9592,0.035036,0.9167
191,0.014726,0.9490,0.035176,0.9167
192,0.014606,0.9592,0.035025,0.9167
193,0.014572,0.9592,0.035092,0.9167
194,0.014509,0.9592,0.035044,0.9167
195,0.014508,0.9592,0.035031,0.9167
196,0.014497,0.9592,0.035012,0.9167
197,0.014562,0.9592,0.035082,0.9167
198,0.014485,0.9592,0.035033,0.9167
199,0.014478,0.9592,0.034997,0.9167
200,0.014450,0.9592,0.034998,0.9167
1,0.129098,0.4898,0.111650,0.9167
2,0.086996,0.8776,0.065353,0.7917
3,0.051765,0.9286,0.041351,0.9167
4,0.033591,0.9388,0.037194,0.9167
5,0.029797,0.9388,0.038887,0.9167
6,0.027414,0.9388,0.039598,0.9167
7,0.026622,0.9388,0.037359,0.9167
8,0.024464,0.9388,0.035717,0.9167
9,0.021649,0.9490,0.038500,0.9167
10,0.021635,0.9286,0.031328,0.9167
11,0.021676,0.9286,0.035208,0.9167
12,0.018129,0.9592,0.037113,0.9167
13,0.018027,0.9592,0.037183,0.9167
14,0.016210,0.9592,0.036455,0.9167
15,0.015476,0.9694,0.037349,0.9167
16,0.015624,0.9592,0.033738,0.9167
17,0.013356,0.9694,0.037704,0.9167
18,0.014387,0.9490,0.034049,0.9167
19,0.012861,0.9592,0.032921,0.9167
20,0.012175,0.9694,0.035430,0.9167
21,0.012922,0.9490,0.033425,0.9167
22,0.011672,0.9796,0.032956,0.9167
23,0.011278,0.9796,0.034179,0.9167
24,0.011522,0.9796,0.034425,0.9167
25,0.011081,0.9796,0.035559,0.9167
26,0.011206,0.9796,0.034294,0.9167
27,0.010452,0.9796,0.034220,0.9167
28,0.010283,0.9898,0.034396,0.9167
29,0.010296,0.9898,0.033421,0.9167
30,0.009656,0.9898,0.034570,0.9167
31,0.009786,0.9898,0.034014,0.9167
32,0.009419,0.9898,0.034718,0.9167
33,0.010041,0.9796,0.034349,0.9167
34,0.009089,0.9898,0.033183,0.9167
35,0.009117,0.9898,0.034463,0.9167
36,0.009107,0.9898,0.034181,0.9167
37,0.008792,0.9898,0.034595,0.9167
38,0.008855,0.9898,0.034596,0.9167
39,0.008742,0.9898,0.034679,0.9167
40,0.008514,0.9898,0.034530,0.9167
41,0.008976,0.9898,0.034391,0.9167
42,0.008485,0.9898,0.033278,0.9167
43,0.008560,0.9898,0.033896,0.9167
44,0.008244,0.9898,0.033956,0.9167
45,0.008332,0.9898,0.033747,0.9167
46,0.008080,0.9898,0.033861,0.9167
47,0.008128,0.9898,0.034115,0.9167
48,0.008363,0.9898,0.034017,0.9167
49,0.008297,0.9898,0.033799,0.9167
50,0.008017,0.9898,0.033647,0.9167
51,0.008007,0.9898,0.033849,0.9167
52,0.008071,0.9898,0.033840,0.9167
53,0.008024,0.9898,0.034019,0.9167
54,0.007936,0.9898,0.033362,0.9167
55,0.008005,0.9898,0.034031,0.9167
56,0.007923,0.9898,0.033811,0.9167
57,0.007877,0.9898,0.034332,0.9167
58,0.007832,0.9898,0.033416,0.9167
59,0.007990,0.9898,0.034015,0.9167
60,0.008018,0.9898,0.033623,0.9167
61,0.007745,0.9898,0.034077,0.9167
62,0.007765,0.9898,0.033474,0.9167
63,0.007835,0.9898,0.034315,0.9167
64,0.007689,0.9898,0.033677,0.9167
65,0.007742,0.9898,0.033919,0.9167
66,0.007699,0.9898,0.033428,0.9167
67,0.007761,0.9898,0.034029,0.9167
68,0.007598,0.9898,0.033976,0.9167
69,0.007587,0.9898,0.033836,0.9167
70,0.007585,0.9898,0.033868,0.9167
71,0.007584,0.9898,0.033879,0.9167
72,0.007515,0.9898,0.034073,0.9167
73,0.007652,0.9898,0.033974,0.9167
74,0.007481,0.9898,0.033793,0.9167
75,0.007473,0.9898,0.033791,0.9167
76,0.007485,0.9898,0.033882,0.9167
77,0.007467,0.9898,0.033922,0.9167
78,0.007435,0.9898,0.034027,0.9167
79,0.007410,0.9898,0.033812,0.9167
80,0.007434,0.9898,0.033918,0.9167
81,0.007386,0.9898,0.034069,0.9167
82,0.007411,0.9898,0.033806,0.9167
83,0.007412,0.9898,0.033816,0.9167
84,0.007409,0.9898,0.033821,0.9167
85,0.007423,0.9898,0.033969,0.9167
86,0.007337,0.9898,0.033980,0.9167
87,0.007350,0.9898,0.033680,0.9167
88,0.007493,0.9898,0.034294,0.9167
89,0.007357,0.9898,0.033695,0.9167
90,0.007285,0.9898,0.033717,0.9167
91,0.007297,0.9898,0.034036,0.9167
92,0.007367,0.9898,0.033925,0.9167
93,0.007274,0.9898,0.033541,0.9167
94,0.007313,0.9898,0.033762,0.9167
95,0.007260,0.9898,0.033900,0.9167
96,0.007224,0.9898,0.033626,0.9167
97,0.007208,0.9898,0.033827,0.9167
98,0.007206,0.9898,0.034114,0.9167
99,0.007293,0.9898,0.033974,0.9167
100,0.007230,0.9898,0.034054,0.9167
101,0.007241,0.9898,0.033715,0.9167
102,0.007248,0.9898,0.034005,0.9167
103,0.007207,0.9898,0.034008,0.9167
104,0.007204,0.9898,0.033835,0.9167
105,0.007143,0.9898,0.033767,0.9167
106,0.007157,0.9898,0.033748,0.9167
107,0.007201,0.9898,0.034032,0.9167
108,0.007200,0.9898,0.033771,0.9167
109,0.007132,0.9898,0.033761,0.9167
110,0.007214,0.9898,0.033714,0.9167
111,0.007118,0.9898,0.033669,0.9167
112,0.007143,0.9898,0.033861,0.9167
113,0.007121,0.9898,0.033759,0.9167
114,0.007117,0.9898,0.033872,0.9167
115,0.007116,0.9898,0.033877,0.9167
116,0.007132,0.9898,0.033807,0.9167
117,0.007092,0.9898,0.033839,0.9167
118,0.007051,0.9898,0.033623,0.9167
119,0.007036,0.9898,0.033897,0.9167
120,0.007051,0.9898,0.033918,0.9167
121,0.007072,0.9898,0.033921,0.9167
122,0.007060,0.9898,0.033784,0.9167
123,0.007027,0.9898,0.033919,0.9167
124,0.007049,0.9898,0.033770,0.9167
125,0.007026,0.9898,0.033903,0.9167
126,0.007063,0.9898,0.033702,0.9167
127,0.007010,0.9898,0.033793,0.9167
128,0.007014,0.9898,0.033918,0.9167
129,0.007036,0.9898,0.033768,0.9167
130,0.007002,0.9898,0.033855,0.9167
131,0.007000,0.9898,0.033702,0.9167
132,0.006979,0.9898,0.033787,0.9167
133,0.007056,0.9898,0.034017,0.9167
134,0.006995,0.9898,0.033834,0.9167
135,0.006984,0.9898,0.033799,0.9167
136,0.007001,0.9898,0.033966,0.9167
137,0.006958,0.9898,0.033659,0.9167
138,0.007057,0.9898,0.033907,0.9167
139,0.006990,0.9898,0.033901,0.9167
140,0.006946,0.9898,0.033794,0.9167
141,0.006961,0.9898,0.033677,0.9167
142,0.006940,0.9898,0.033803,0.9167
143,0.006941,0.9898,0.033891,0.9167
144,0.006943,0.9898,0.033731,0.9167
145,0.006921,0.9898,0.033787,0.9167
146,0.006984,0.9898,0.033756,0.9167
147,0.006922,0.9898,0.033833,0.9167
148,0.006908,0.9898,0.033762,0.9167
149,0.006911,0.9898,0.033665,0.9167
150,0.006902,0.9898,0.033821,0.9167
151,0.006893,0.9898,0.033788,0.9167
152,0.006902,0.9898,0.033827,0.9167
153,0.006898,0.9898,0.033712,0.9167
154,0.006913,0.9898,0.033972,0.9167
155,0.006895,0.9898,0.033748,0.9167
156,0.006879,0.9898,0.033747,0.9167
157,0.006911,0.9898,0.033972,0.9167
158,0.006878,0.9898,0.033748,0.9167
159,0.006858,0.9898,0.033810,0.9167
160,0.006864,0.9898,0.033698,0.9167
161,0.006891,0.9898,0.033932,0.9167
162,0.006873,0.9898,0.033801,0.9167
163,0.006835,0.9898,0.033711,0.9167
164,0.006879,0.9898,0.033872,0.9167
165,0.006866,0.9898,0.033708,0.9167
166,0.006830,0.9898,0.033797,0.9167
167,0.006858,0.9898,0.033844,0.9167
168,0.006840,0.9898,0.033770,0.9167
169,0.006882,0.9898,0.034042,0.9167
170,0.006840,0.9898,0.033719,0.9167
171,0.006815,0.9898,0.033739,0.9167
172,0.006810,0.9898,0.033771,0.9167
173,0.006827,0.9898,0.033665,0.9167
174,0.006807,0.9898,0.033798,0.9167
175,0.006821,0.9898,0.033978,0.9167
176,0.006818,0.9898,0.033804,0.9167
177,0.006812,0.9898,0.033752,0.9167
178,0.006835,0.9898,0.033818,0.9167
179,0.006794,0.9898,0.033839,0.9167
180,0.006809,0.9898,0.033813,0.9167
181,0.006793,0.9898,0.033772,0.9167
182,0.006773,0.9898,0.033741,0.9167
183,0.006809,0.9898,0.033702,0.9167
184,0.006771,0.9898,0.033719,0.9167
185,0.006805,0.9898,0.033894,0.9167
186,0.006777,0.9898,0.033678,0.9167
187,0.006764,0.9898,0.033743,0.9167
188,0.006783,0.9898,0.034063,0.9167
189,0.006750,0.9898,0.033820,0.9167
190,0.006754,0.9898,0.033710,0.9167
191,0.006790,0.9898,0.033886,0.9167
192,0.006741,0.9898,0.033682,0.9167
193,0.006761,0.9898,0.033810,0.9167
194,0.006737,0.9898,0.033729,0.9167
195,0.006737,0.9898,0.033717,0.9167
196,0.006740,0.9898,0.033703,0.9167
197,0.006746,0.9898,0.033827,0.9167
198,0.006735,0.9898,0.033802,0.9167
199,0.006741,0.9898,0.033777,0.9167
200,0.006731,0.9898,0.033805,0.9167
1,0.130101,0.4898,0.116154,0.7500
2,0.109132,0.6122,0.085078,0.8750
3,0.079368,0.8265,0.063449,0.9167
4,0.067446,0.8878,0.051700,0.9167
5,0.057991,0.8980,0.046388,0.9167
6,0.051439,0.9082,0.042871,0.9167
7,0.045617,0.9184,0.041037,0.9167
8,0.048261,0.9082,0.040332,0.9167
9,0.056418,0.8776,0.038919,0.9167
10,0.046003,0.9082,0.039549,0.9167
11,0.043351,0.9184,0.039230,0.9167
12,0.041324,0.9184,0.038611,0.9167
13,0.041727,0.9184,0.038201,0.9167
14,0.045278,0.9082,0.038034,0.9167
15,0.039846,0.9184,0.038066,0.9167
16,0.045899,0.8980,0.038124,0.9167
17,0.039270,0.9286,0.038354,0.9167
18,0.038801,0.9184,0.038429,0.9167
19,0.057529,0.8571,0.038174,0.9167
20,0.031892,0.9286,0.037857,0.9167
21,0.038843,0.8980,0.037530,0.9167
22,0.034073,0.9286,0.037625,0.9167
23,0.039426,0.9082,0.037541,0.9167
24,0.034875,0.9286,0.037394,0.9167
25,0.029882,0.9490,0.037517,0.9167
26,0.034728,0.9388,0.037365,0.9167
27,0.036618,0.9082,0.037493,0.9167
28,0.040130,0.9082,0.037638,0.9167
29,0.028791,0.9388,0.037610,0.9167
30,0.040488,0.8980,0.037288,0.9167
31,0.041765,0.9082,0.037423,0.9167
32,0.040342,0.9082,0.037042,0.9167
33,0.026215,0.9490,0.037057,0.9167
34,0.037704,0.9286,0.037095,0.9167
35,0.048680,0.8776,0.037186,0.9167
36,0.033891,0.9184,0.037308,0.9167
37,0.035906,0.9286,0.037375,0.9167
38,0.032311,0.9388,0.037491,0.9167
39,0.034527,0.9388,0.037414,0.9167
40,0.023117,0.9490,0.037453,0.9167
41,0.034566,0.9286,0.037271,0.9167
42,0.032952,0.9286,0.037165,0.9167
43,0.031511,0.9286,0.037317,0.9167
44,0.039702,0.8878,0.037101,0.9167
45,0.036270,0.9286,0.037065,0.9167
46,0.044888,0.8980,0.037076,0.9167
47,0.029801,0.9286,0.036985,0.9167
48,0.033260,0.9286,0.036948,0.9167
49,0.035114,0.9286,0.036826,0.9167
50,0.030554,0.9286,0.036832,0.9167
51,0.035568,0.8980,0.036656,0.9167
52,0.027357,0.9388,0.036620,0.9167
53,0.034693,0.9082,0.036692,0.9167
54,0.033023,0.9286,0.036737,0.9167
55,0.039065,0.9184,0.036661,0.9167
56,0.034258,0.9082,0.036662,0.9167
57,0.036954,0.9184,0.036593,0.9167
58,0.042771,0.9082,0.036627,0.9167
59,0.046612,0.8878,0.036567,0.9167
60,0.035917,0.8878,0.036473,0.9167
61,0.033367,0.8980,0.036408,0.9167
62,0.026486,0.9490,0.036563,0.9167
63,0.030127,0.9388,0.036667,0.9167
64,0.034767,0.9286,0.036697,0.9167
65,0.033805,0.9490,0.036635,0.9167
66,0.039210,0.9184,0.036674,0.9167
67,0.036580,0.9082,0.036663,0.9167
68,0.035692,0.9286,0.036636,0.9167
69,0.032601,0.9286,0.036442,0.9167
70,0.036103,0.9082,0.036442,0.9167
71,0.032210,0.9184,0.036562,0.9167
72,0.031109,0.9184,0.036607,0.9167
73,0.024853,0.9490,0.036663,0.9167
74,0.037879,0.9184,0.036759,0.9167
75,0.038750,0.9184,0.036826,0.9167
76,0.029472,0.9286,0.036793,0.9167
77,0.032859,0.9388,0.036799,0.9167
78,0.027746,0.9388,0.036761,0.9167
79,0.033562,0.9184,0.036804,0.9167
80,0.030377,0.9388,0.037002,0.9167
81,0.033087,0.9082,0.036964,0.9167
82,0.042456,0.8980,0.036746,0.9167
83,0.033160,0.9184,0.036658,0.9167
84,0.033802,0.9184,0.036487,0.9167
85,0.029395,0.9388,0.036454,0.9167
86,0.036005,0.9184,0.036502,0.9167
87,0.032778,0.9082,0.036456,0.9167
88,0.036640,0.9082,0.036423,0.9167
89,0.036749,0.9184,0.036379,0.9167
90,0.033955,0.9286,0.036273,0.9167
91,0.033153,0.9286,0.036355,0.9167
92,0.032123,0.9388,0.036342,0.9167
93,0.041706,0.8980,0.036262,0.9167
94,0.031669,0.9388,0.036360,0.9167
95,0.035756,0.9184,0.036397,0.9167
96,0.030829,0.9388,0.036431,0.9167
97,0.031516,0.9286,0.036343,0.9167
98,0.033204,0.9388,0.036285,0.9167
99,0.031335,0.9286,0.036297,0.9167
100,0.033713,0.9286,0.036239,0.9167
101,0.026195,0.9388,0.036362,0.9167
102,0.024271,0.9490,0.036368,0.9167
103,0.031948,0.9184,0.036364,0.9167
104,0.031904,0.9082,0.036499,0.9167
105,0.027504,0.9490,0.036427,0.9167
106,0.035457,0.9286,0.036566,0.9167
107,0.024872,0.9388,0.036535,0.9167
108,0.038126,0.9082,0.036439,0.9167
109,0.030960,0.9184,0.036392,0.9167
110,0.036190,0.9286,0.036332,0.9167
111,0.030515,0.9184,0.036431,0.9167
112,0.037467,0.9082,0.036409,0.9167
113,0.033853,0.9286,0.036359,0.9167
114,0.033414,0.9286,0.036384,0.9167
115,0.025808,0.9490,0.036465,0.9167
116,0.027026,0.9490,0.036386,0.9167
117,0.024651,0.9490,0.036472,0.9167
118,0.028901,0.9184,0.036452,0.9167
119,0.032638,0.9286,0.036492,0.9167
120,0.029839,0.9388,0.036311,0.9167
121,0.032526,0.9184,0.036316,0.9167
122,0.038625,0.9184,0.036399,0.9167
123,0.038541,0.9184,0.036293,0.9167
124,0.028504,0.9286,0.036152,0.9167
125,0.029642,0.9286,0.036182,0.9167
126,0.032759,0.9388,0.036179,0.9167
127,0.036129,0.9082,0.036168,0.9167
128,0.031681,0.9286,0.036284,0.9167
129,0.026118,0.9490,0.036290,0.9167
130,0.035786,0.9184,0.036195,0.9167
131,0.025984,0.9388,0.036188,0.9167
132,0.030029,0.9184,0.036295,0.9167
133,0.025806,0.9490,0.036380,0.9167
134,0.031513,0.9286,0.036452,0.9167
135,0.028726,0.9490,0.036422,0.9167
136,0.034085,0.9184,0.036360,0.9167
137,0.028515,0.9286,0.036259,0.9167
138,0.033562,0.9286,0.036223,0.9167
139,0.031934,0.9286,0.036115,0.9167
140,0.036530,0.9184,0.036026,0.9167
141,0.032744,0.9286,0.036113,0.9167
142,0.031650,0.9286,0.036028,0.9167
143,0.029719,0.9388,0.036061,0.9167
144,0.033735,0.9286,0.035961,0.9167
145,0.038721,0.9286,0.036004,0.9167
146,0.030948,0.9286,0.036062,0.9167
147,0.038678,0.8980,0.035975,0.9167
148,0.032536,0.9286,0.035917,0.9167
149,0.051916,0.8776,0.035859,0.9167
150,0.040664,0.9082,0.035860,0.9167
151,0.034922,0.9286,0.035871,0.9167
152,0.027565,0.9286,0.035985,0.9167
153,0.026491,0.9388,0.035993,0.9167
154,0.030562,0.9184,0.035979,0.9167
155,0.035445,0.9184,0.036081,0.9167
156,0.027683,0.9286,0.036082,0.9167
157,0.048284,0.8776,0.036106,0.9167
158,0.024520,0.9286,0.036061,0.9167
159,0.022440,0.9592,0.036133,0.9167
160,0.021891,0.9388,0.036098,0.9167
161,0.029494,0.9388,0.036104,0.9167
162,0.029209,0.9388,0.036160,0.9167
163,0.034045,0.9082,0.036129,0.9167
164,0.031014,0.9286,0.036120,0.9167
165,0.030563,0.9388,0.036166,0.9167
166,0.028165,0.9388,0.036174,0.9167
167,0.024257,0.9490,0.036194,0.9167
168,0.032018,0.9388,0.036203,0.9167
169,0.022282,0.9388,0.036158,0.9167
170,0.032828,0.9286,0.036121,0.9167
171,0.028530,0.9286,0.036101,0.9167
172,0.025705,0.9286,0.036144,0.9167
173,0.034816,0.9184,0.036160,0.9167
174,0.034054,0.8980,0.036118,0.9167
175,0.027264,0.9286,0.036223,0.9167
176,0.021504,0.9388,0.036206,0.9167
177,0.037541,0.9286,0.036207,0.9167
178,0.030264,0.9184,0.036283,0.9167
179,0.033962,0.9184,0.036267,0.9167
180,0.033413,0.9286,0.036220,0.9167
181,0.036805,0.9082,0.036256,0.9167
182,0.032132,0.9082,0.036241,0.9167
183,0.036894,0.9082,0.036194,0.9167
184,0.029043,0.9184,0.036148,0.9167
185,0.033889,0.9184,0.036178,0.9167
186,0.025435,0.9286,0.036175,0.9167
187,0.036509,0.8980,0.036101,0.9167
188,0.031014,0.9286,0.036106,0.9167
189,0.026593,0.9286,0.036155,0.9167
190,0.032779,0.9082,0.036168,0.9167
191,0.029899,0.9388,0.036183,0.9167
192,0.034049,0.9082,0.036136,0.9167
193,0.024899,0.9490,0.036165,0.9167
194,0.036499,0.9082,0.036099,0.9167
195,0.025560,0.9388,0.036089,0.9167
196,0.022968,0.9388,0.036133,0.9167
197,0.038829,0.9184,0.036048,0.9167
198,0.026270,0.9388,0.036166,0.9167
199,0.031763,0.9388,0.036218,0.9167
200,0.023647,0.9490,0.036196,0.9167
1,0.130101,0.4898,0.116154,0.7500
2,0.109132,0.6122,0.085078,0.8750
3,0.079368,0.8265,0.063449,0.9167
4,0.067446,0.8878,0.051700,0.9167
5,0.057991,0.8980,0.046388,0.9167
6,0.051439,0.9082,0.042871,0.9167
7,0.045617,0.9184,0.041037,0.9167
8,0.048261,0.9082,0.040332,0.9167
9,0.056418,0.8776,0.038919,0.9167
10,0.046003,0.9082,0.039549,0.9167
11,0.043351,0.9184,0.039230,0.9167
12,0.041324,0.9184,0.038611,0.9167
13,0.041727,0.9184,0.038201,0.9167
14,0.045278,0.9082,0.038034,0.9167
15,0.039846,0.9184,0.038066,0.9167
16,0.045899,0.8980,0.038124,0.9167
17,0.039270,0.9286,0.038354,0.9167
18,0.038801,0.9184,0.038429,0.9167
19,0.057529,0.8571,0.038174,0.9167
20,0.031892,0.9286,0.037857,0.9167
21,0.038843,0.8980,0.037530,0.9167
22,0.034073,0.9286,0.037625,0.9167
23,0.039426,0.9082,0.037541,0.9167
24,0.034875,0.9286,0.037394,0.9167
25,0.029882,0.9490,0.037517,0.9167
26,0.034728,0.9388,0.037365,0.9167
27,0.036618,0.9082,0.037493,0.9167
28,0.040130,0.9082,0.037638,0.9167
29,0.028791,0.9388,0.037610,0.9167
30,0.040488,0.8980,0.037288,0.9167
31,0.041765,0.9082,0.037423,0.9167
32,0.040342,0.9082,0.037042,0.9167
33,0.026215,0.9490,0.037057,0.9167
34,0.037704,0.9286,0.037095,0.9167
35,0.048680,0.8776,0.037186,0.9167
36,0.033891,0.9184,0.037308,0.9167
37,0.035906,0.9286,0.037375,0.9167
38,0.032311,0.9388,0.037491,0.9167
39,0.034527,0.9388,0.037414,0.9167
40,0.023117,0.9490,0.037453,0.9167
41,0.034566,0.9286,0.037271,0.9167
42,0.032952,0.9286,0.037165,0.9167
43,0.031511,0.9286,0.037317,0.9167
44,0.039702,0.8878,0.037101,0.9167
45,0.036270,0.9286,0.037065,0.9167
46,0.044888,0.8980,0.037076,0.9167
47,0.029801,0.9286,0.036985,0.9167
48,0.033260,0.9286,0.036948,0.9167
49,0.035114,0.9286,0.036826,0.9167
50,0.030554,0.9286,0.036832,0.9167
51,0.035568,0.8980,0.036656,0.9167
52,0.027357,0.9388,0.036620,0.9167
53,0.034693,0.9082,0.036692,0.9167
54,0.033023,0.9286,0.036737,0.9167
55,0.039065,0.9184,0.036661,0.9167
56,0.034258,0.9082,0.036662,0.9167
57,0.036954,0.9184,0.036593,0.9167
58,0.042771,0.9082,0.036627,0.9167
59,0.046612,0.8878,0.036567,0.9167
60,0.035917,0.8878,0.036473,0.9167
61,0.033367,0.8980,0.036408,0.9167
62,0.026486,0.9490,0.036563,0.9167
63,0.030127,0.9388,0.036667,0.9167
64,0.034767,0.9286,0.036697,0.9167
65,0.033805,0.9490,0.036635,0.9167
66,0.039210,0.9184,0.036674,0.9167
67,0.036580,0.9082,0.036663,0.9167
68,0.035692,0.9286,0.036636,0.9167
69,0.032601,0.9286,0.036442,0.9167
70,0.036103,0.9082,0.036442,0.9167
71,0.032210,0.9184,0.036562,0.9167
72,0.031109,0.9184,0.036607,0.9167
73,0.024853,0.9490,0.036663,0.9167
74,0.037879,0.9184,0.036759,0.9167
75,0.038750,0.9184,0.036826,0.9167
76,0.029472,0.9286,0.036793,0.9167
77,0.032859,0.9388,0.036799,0.9167
78,0.027746,0.9388,0.036761,0.9167
79,0.033562,0.9184,0.036804,0.9167
80,0.030377,0.9388,0.037002,0.9167
81,0.033087,0.9082,0.036964,0.9167
82,0.042456,0.8980,0.036746,0.9167
83,0.033160,0.9184,0.036658,0.9167
84,0.033802,0.9184,0.036487,0.9167
85,0.029395,0.9388,0.036454,0.9167
86,0.036005,0.9184,0.036502,0.9167
87,0.032778,0.9082,0.036456,0.9167
88,0.036640,0.9082,0.036423,0.9167
89,0.036749,0.9184,0.036379,0.9167
90,0.033955,0.9286,0.036273,0.9167
91,0.033153,0.9286,0.036355,0.9167
92,0.032123,0.9388,0.036342,0.9167
93,0.041706,0.8980,0.036262,0.9167
94,0.031669,0.9388,0.036360,0.9167
95,0.035756,0.9184,0.036397,0.9167
96,0.030829,0.9388,0.036431,0.9167
97,0.031516,0.9286,0.036343,0.9167
98,0.033204,0.9388,0.036285,0.9167
99,0.031335,0.9286,0.036297,0.9167
100,0.033713,0.9286,0.036239,0.9167
101,0.026195,0.9388,0.036362,0.9167
102,0.024271,0.9490,0.036368,0.9167
103,0.031948,0.9184,0.036364,0.9167
104,0.031904,0.9082,0.036499,0.9167
105,0.027504,0.9490,0.036427,0.9167
106,0.035457,0.9286,0.036566,0.9167
107,0.024872,0.9388,0.036535,0.9167
108,0.038126,0.9082,0.036439,0.9167
109,0.030960,0.9184,0.036392,0.9167
110,0.036190,0.9286,0.036332,0.9167
111,0.030515,0.9184,0.036431,0.9167
112,0.037467,0.9082,0.036409,0.9167
113,0.033853,0.9286,0.036359,0.9167
114,0.033414,0.9286,0.036384,0.9167
115,0.025808,0.9490,0.036465,0.9167
116,0.027026,0.9490,0.036386,0.9167
117,0.024651,0.9490,0.036472,0.9167
118,0.028901,0.9184,0.036452,0.9167
119,0.032638,0.9286,0.036492,0.9167
120,0.029839,0.9388,0.036311,0.9167
121,0.032526,0.9184,0.036316,0.9167
122,0.038625,0.9184,0.036399,0.9167
123,0.038541,0.9184,0.036293,0.9167
124,0.028504,0.9286,0.036152,0.9167
125,0.029642,0.9286,0.036182,0.9167
126,0.032759,0.9388,0.036179,0.9167
127,0.036129,0.9082,0.036168,0.9167
128,0.031681,0.9286,0.036284,0.9167
129,0.026118,0.9490,0.036290,0.9167
130,0.035786,0.9184,0.036195,0.9167
131,0.025984,0.9388,0.036188,0.9167
132,0.030029,0.9184,0.036295,0.9167
133,0.025806,0.9490,0.036380,0.9167
134,0.031513,0.9286,0.036452,0.9167
135,0.028726,0.9490,0.036422,0.9167
136,0.034085,0.9184,0.036360,0.9167
137,0.028515,0.9286,0.036259,0.9167
138,0.033562,0.9286,0.036223,0.9167
139,0.031934,0.9286,0.036115,0.9167
140,0.036530,0.9184,0.036026,0.9167
141,0.032744,0.9286,0.036113,0.9167
142,0.031650,0.9286,0.036028,0.9167
143,0.029719,0.9388,0.036061,0.9167
144,0.033735,0.9286,0.035961,0.9167
145,0.038721,0.9286,0.036004,0.9167
146,0.030948,0.9286,0.036062,0.9167
147,0.038678,0.8980,0.035975,0.9167
148,0.032536,0.9286,0.035917,0.9167
149,0.051916,0.8776,0.035859,0.9167
150,0.040664,0.9082,0.035860,0.9167
151,0.034922,0.9286,0.035871,0.9167
152,0.027565,0.9286,0.035985,0.9167
153,0.026491,0.9388,0.035993,0.9167
154,0.030562,0.9184,0.035979,0.9167
155,0.035445,0.9184,0.036081,0.9167
156,0.027683,0.9286,0.036082,0.9167
157,0.048284,0.8776,0.036106,0.9167
158,0.024520,0.9286,0.036061,0.9167
159,0.022440,0.9592,0.036133,0.9167
160,0.021891,0.9388,0.036098,0.9167
161,0.029494,0.9388,0.036104,0.9167
162,0.029209,0.9388,0.036160,0.9167
163,0.034045,0.9082,0.036129,0.9167
164,0.031014,0.9286,0.036120,0.9167
165,0.030563,0.9388,0.036166,0.9167
166,0.028165,0.9388,0.036174,0.9167
167,0.024257,0.9490,0.036194,0.9167
168,0.032018,0.9388,0.036203,0.9167
169,0.022282,0.9388,0.036158,0.9167
170,0.032828,0.9286,0.036121,0.9167
171,0.028530,0.9286,0.036101,0.9167
172,0.025705,0.9286,0.036144,0.9167
173,0.034816,0.9184,0.036160,0.9167
174,0.034054,0.8980,0.036118,0.9167
175,0.027264,0.9286,0.036223,0.9167
176,0.021504,0.9388,0.036206,0.9167
177,0.037541,0.9286,0.036207,0.9167
178,0.030264,0.9184,0.036283,0.9167
179,0.033962,0.9184,0.036267,0.9167
180,0.033413,0.9286,0.036220,0.9167
181,0.036805,0.9082,0.036256,0.9167
182,0.032132,0.9082,0.036241,0.9167
183,0.036894,0.9082,0.036194,0.9167
184,0.029043,0.9184,0.036148,0.9167
185,0.033889,0.9184,0.036178,0.9167
186,0.025435,0.9286,0.036175,0.9167
187,0.036509,0.8980,0.036101,0.9167
188,0.031014,0.9286,0.036106,0.9167
189,0.026593,0.9286,0.036155,0.9167
190,0.032779,0.9082,0.036168,0.9167
191,0.029899,0.9388,0.036183,0.9167
192,0.034049,0.9082,0.036136,0.9167
193,0.024899,0.9490,0.036165,0.9167
194,0.036499,0.9082,0.036099,0.9167
195,0.025560,0.9388,0.036089,0.9167
196,0.022968,0.9388,0.036133,0.9167
197,0.038829,0.9184,0.036048,0.9167
198,0.026270,0.9388,0.036166,0.9167
199,0.031763,0.9388,0.036218,0.9167
200,0.023647,0.9490,0.036196,0.9167
1,0.130101,0.4898,0.116154,0.7500
2,0.109132,0.6122,0.085078,0.8750
3,0.079368,0.8265,0.063449,0.9167
4,0.067446,0.8878,0.051700,0.9167
5,0.057991,0.8980,0.046388,0.9167
6,0.051439,0.9082,0.042871,0.9167
7,0.045617,0.9184,0.041037,0.9167
8,0.048261,0.9082,0.040332,0.9167
9,0.056418,0.8776,0.038919,0.9167
10,0.046003,0.9082,0.039549,0.9167
11,0.043351,0.9184,0.039230,0.9167
12,0.041324,0.9184,0.038611,0.9167
13,0.041727,0.9184,0.038201,0.9167
14,0.045278,0.9082,0.038034,0.9167
15,0.039846,0.9184,0.038066,0.9167
16,0.045899,0.8980,0.038124,0.9167
17,0.039270,0.9286,0.038354,0.9167
18,0.038801,0.9184,0.038429,0.9167
19,0.057529,0.8571,0.038174,0.9167
20,0.031892,0.9286,0.037857,0.9167
21,0.038843,0.8980,0.037530,0.9167
22,0.034073,0.9286,0.037625,0.9167
23,0.039426,0.9082,0.037541,0.9167
24,0.034875,0.9286,0.037394,0.9167
25,0.029882,0.9490,0.037517,0.9167
26,0.034728,0.9388,0.037365,0.9167
27,0.036618,0.9082,0.037493,0.9167
28,0.040130,0.9082,0.037638,0.9167
29,0.028791,0.9388,0.037610,0.9167
30,0.040488,0.8980,0.037288,0.9167
31,0.041765,0.9082,0.037423,0.9167
32,0.040342,0.9082,0.037042,0.9167
33,0.026215,0.9490,0.037057,0.9167
34,0.037704,0.9286,0.037095,0.9167
35,0.048680,0.8776,0.037186,0.9167
36,0.033891,0.9184,0.037308,0.9167
37,0.035906,0.9286,0.037375,0.9167
38,0.032311,0.9388,0.037491,0.9167
39,0.034527,0.9388,0.037414,0.9167
40,0.023117,0.9490,0.037453,0.9167
41,0.034566,0.9286,0.037271,0.9167
42,0.032952,0.9286,0.037165,0.9167
43,0.031511,0.9286,0.037317,0.9167
44,0.039702,0.8878,0.037101,0.9167
45,0.036270,0.9286,0.037065,0.9167
46,0.044888,0.8980,0.037076,0.9167
47,0.029801,0.9286,0.036985,0.9167
48,0.033260,0.9286,0.036948,0.9167
49,0.035114,0.9286,0.036826,0.9167
50,0.030554,0.9286,0.036832,0.9167
51,0.035568,0.8980,0.036656,0.9167
52,0.027357,0.9388,0.036620,0.9167
53,0.034693,0.9082,0.036692,0.9167
54,0.033023,0.9286,0.036737,0.9167
55,0.039065,0.9184,0.036661,0.9167
56,0.034258,0.9082,0.036662,0.9167
57,0.036954,0.9184,0.036593,0.9167
58,0.042771,0.9082,0.036627,0.9167
59,0.046612,0.8878,0.036567,0.9167
60,0.035917,0.8878,0.036473,0.9167
61,0.033367,0.8980,0.036408,0.9167
62,0.026486,0.9490,0.036563,0.9167
63,0.030127,0.9388,0.036667,0.9167
64,0.034767,0.9286,0.036697,0.9167
65,0.033805,0.9490,0.036635,0.9167
66,0.039210,0.9184,0.036674,0.9167
67,0.036580,0.9082,0.036663,0.9167
68,0.035692,0.9286,0.036636,0.9167
69,0.032601,0.9286,0.036442,0.9167
70,0.036103,0.9082,0.036442,0.9167
71,0.032210,0.9184,0.036562,0.9167
72,0.031109,0.9184,0.036607,0.9167
73,0.024853,0.9490,0.036663,0.9167
74,0.037879,0.9184,0.036759,0.9167
75,0.038750,0.9184,0.036826,0.9167
76,0.029472,0.9286,0.036793,0.9167
77,0.032859,0.9388,0.036799,0.9167
78,0.027746,0.9388,0.036761,0.9167
79,0.033562,0.9184,0.036804,0.9167
80,0.030377,0.9388,0.037002,0.9167
81,0.033087,0.9082,0.036964,0.9167
82,0.042456,0.8980,0.036746,0.9167
83,0.033160,0.9184,0.036658,0.9167
84,0.033802,0.9184,0.036487,0.9167
85,0.029395,0.9388,0.036454,0.9167
86,0.036005,0.9184,0.036502,0.9167
87,0.032778,0.9082,0.036456,0.9167
88,0.036640,0.9082,0.036423,0.9167
89,0.036749,0.9184,0.036379,0.9167
90,0.033955,0.9286,0.036273,0.9167
91,0.033153,0.9286,0.036355,0.9167
92,0.032123,0.9388,0.036342,0.9167
93,0.041706,0.8980,0.036262,0.9167
94,0.031669,0.9388,0.036360,0.9167
95,0.035756,0.9184,0.036397,0.9167
96,0.030829,0.9388,0.036431,0.9167
97,0.031516,0.9286,0.036343,0.9167
98,0.033204,0.9388,0.036285,0.9167
99,0.031335,0.9286,0.036297,0.9167
100,0.033713,0.9286,0.036239,0.9167
101,0.026195,0.9388,0.036362,0.9167
102,0.024271,0.9490,0.036368,0.9167
103,0.031948,0.9184,0.036364,0.9167
104,0.031904,0.9082,0.036499,0.9167
105,0.027504,0.9490,0.036427,0.9167
106,0.035457,0.9286,0.036566,0.9167
107,0.024872,0.9388,0.036535,0.9167
108,0.038126,0.9082,0.036439,0.9167
109,0.030960,0.9184,0.036392,0.9167
110,0.036190,0.9286,0.036332,0.9167
111,0.030515,0.9184,0.036431,0.9167
112,0.037467,0.9082,0.036409,0.9167
113,0.033853,0.9286,0.036359,0.9167
114,0.033414,0.9286,0.036384,0.9167
115,0.025808,0.9490,0.036465,0.9167
116,0.027026,0.9490,0.036386,0.9167
117,0.024651,0.9490,0.036472,0.9167
118,0.028901,0.9184,0.036452,0.9167
119,0.032638,0.9286,0.036492,0.9167
120,0.029839,0.9388,0.036311,0.9167
121,0.032526,0.9184,0.036316,0.9167
122,0.038625,0.9184,0.036399,0.9167
123,0.038541,0.9184,0.036293,0.9167
124,0.028504,0.9286,0.036152,0.9167
125,0.029642,0.9286,0.036182,0.9167
126,0.032759,0.9388,0.036179,0.9167
127,0.036129,0.9082,0.036168,0.9167
128,0.031681,0.9286,0.036284,0.9167
129,0.026118,0.9490,0.036290,0.9167
130,0.035786,0.9184,0.036195,0.9167
131,0.025984,0.9388,0.036188,0.9167
132,0.030029,0.9184,0.036295,0.9167
133,0.025806,0.9490,0.036380,0.9167
134,0.031513,0.9286,0.036452,0.9167
135,0.028726,0.9490,0.036422,0.9167
136,0.034085,0.9184,0.036360,0.9167
137,0.028515,0.9286,0.036259,0.9167
138,0.033562,0.9286,0.036223,0.9167
139,0.031934,0.9286,0.036115,0.9167
140,0.036530,0.9184,0.036026,0.9167
141,0.032744,0.9286,0.036113,0.9167
142,0.031650,0.9286,0.036028,0.9167
143,0.029719,0.9388,0.036061,0.9167
144,0.033735,0.9286,0.035961,0.9167
145,0.038721,0.9286,0.036004,0.9167
146,0.030948,0.9286,0.036062,0.9167
147,0.038678,0.8980,0.035975,0.9167
148,0.032536,0.9286,0.035917,0.9167
149,0.051916,0.8776,0.035859,0.9167
150,0.040664,0.9082,0.035860,0.9167
151,0.034922,0.9286,0.035871,0.9167
152,0.027565,0.9286,0.035985,0.9167
153,0.026491,0.9388,0.035993,0.9167
154,0.030562,0.9184,0.035979,0.9167
155,0.035445,0.9184,0.036081,0.9167
156,0.027683,0.9286,0.036082,0.9167
157,0.048284,0.8776,0.036106,0.9167
158,0.024520,0.9286,0.036061,0.9167
159,0.022440,0.9592,0.036133,0.9167
160,0.021891,0.9388,0.036098,0.9167
161,0.029494,0.9388,0.036104,0.9167
162,0.029209,0.9388,0.036160,0.9167
163,0.034045,0.9082,0.036129,0.9167
164,0.031014,0.9286,0.036120,0.9167
165,0.030563,0.9388,0.036166,0.9167
166,0.028165,0.9388,0.036174,0.9167
167,0.024257,0.9490,0.036194,0.9167
168,0.032018,0.9388,0.036203,0.9167
169,0.022282,0.9388,0.036158,0.9167
170,0.032828,0.9286,0.036121,0.9167
171,0.028530,0.9286,0.036101,0.9167
172,0.025705,0.9286,0.036144,0.9167
173,0.034816,0.9184,0.036160,0.9167
174,0.034054,0.8980,0.036118,0.9167
175,0.027264,0.9286,0.036223,0.9167
176,0.021504,0.9388,0.036206,0.9167
177,0.037541,0.9286,0.036207,0.9167
178,0.030264,0.9184,0.036283,0.9167
179,0.033962,0.9184,0.036267,0.9167
180,0.033413,0.9286,0.036220,0.9167
181,0.036805,0.9082,0.036256,0.9167
182,0.032132,0.9082,0.036241,0.9167
183,0.036894,0.9082,0.036194,0.9167
184,0.029043,0.9184,0.036148,0.9167
185,0.033889,0.9184,0.036178,0.9167
186,0.025435,0.9286,0.036175,0.9167
187,0.036509,0.8980,0.036101,0.9167
188,0.031014,0.9286,0.036106,0.9167
189,0.026593,0.9286,0.036155,0.9167
190,0.032779,0.9082,0.036168,0.9167
191,0.029899,0.9388,0.036183,0.9167
192,0.034049,0.9082,0.036136,0.9167
193,0.024899,0.9490,0.036165,0.9167
194,0.036499,0.9082,0.036099,0.9167
195,0.025560,0.9388,0.036089,0.9167
196,0.022968,0.9388,0.036133,0.9167
197,0.038829,0.9184,0.036048,0.9167
198,0.026270,0.9388,0.036166,0.9167
199,0.031763,0.9388,0.036218,0.9167
200,0.023647,0.9490,0.036196,0.9167
1,0.125901,0.5000,0.125234,0.4583
2,0.126124,0.5000,0.124802,0.4583
3,0.124661,0.5612,0.123601,0.5833
4,0.123200,0.6939,0.122310,0.8750
5,0.120916,0.7449,0.119798,0.8750
6,0.117418,0.8265,0.116063,0.9167
7,0.112100,0.8673,0.110752,0.9167
8,0.104901,0.9388,0.104164,0.9167
9,0.096902,0.9388,0.097276,0.9167
10,0.089223,0.9184,0.090161,0.9167
11,0.080661,0.9388,0.083659,0.9167
12,0.073567,0.9286,0.077752,0.9167
13,0.067342,0.9388,0.071776,0.9167
14,0.062070,0.9388,0.066728,0.9167
15,0.057564,0.9388,0.062775,0.9167
16,0.053925,0.9388,0.060074,0.9167
17,0.050543,0.9388,0.056743,0.9167
18,0.047862,0.9388,0.054105,0.9167
19,0.045622,0.9388,0.052629,0.9167
20,0.043683,0.9388,0.050029,0.9167
21,0.042011,0.9388,0.048964,0.9167
22,0.040476,0.9388,0.047420,0.9167
23,0.039181,0.9388,0.045909,0.9167
24,0.038172,0.9388,0.044953,0.9167
25,0.037213,0.9388,0.044376,0.9167
26,0.036450,0.9388,0.043648,0.9167
27,0.035776,0.9388,0.043102,0.9167
28,0.034970,0.9388,0.042328,0.9167
29,0.034473,0.9388,0.041914,0.9167
30,0.033991,0.9388,0.041449,0.9167
31,0.033524,0.9388,0.041247,0.9167
32,0.033066,0.9388,0.040898,0.9167
33,0.032674,0.9388,0.040577,0.9167
34,0.032363,0.9388,0.040211,0.9167
35,0.031992,0.9388,0.039897,0.9167
36,0.031751,0.9388,0.039713,0.9167
37,0.031563,0.9388,0.040031,0.9167
38,0.031266,0.9388,0.039899,0.9167
39,0.031038,0.9388,0.039647,0.9167
40,0.030852,0.9388,0.039534,0.9167
41,0.030579,0.9388,0.039211,0.9167
42,0.030450,0.9388,0.039285,0.9167
43,0.030252,0.9388,0.039120,0.9167
44,0.030068,0.9388,0.039059,0.9167
45,0.029926,0.9388,0.038906,0.9167
46,0.029771,0.9388,0.038925,0.9167
47,0.029607,0.9388,0.038620,0.9167
48,0.029507,0.9388,0.038424,0.9167
49,0.029374,0.9388,0.038243,0.9167
50,0.029243,0.9388,0.038309,0.9167
51,0.029118,0.9388,0.038150,0.9167
52,0.029051,0.9388,0.038314,0.9167
53,0.028974,0.9388,0.038131,0.9167
54,0.028781,0.9388,0.038319,0.9167
55,0.028772,0.9388,0.038311,0.9167
56,0.028606,0.9388,0.038132,0.9167
57,0.028555,0.9388,0.038179,0.9167
58,0.028455,0.9388,0.038144,0.9167
59,0.028409,0.9388,0.038117,0.9167
60,0.028321,0.9388,0.038126,0.9167
61,0.028237,0.9388,0.037934,0.9167
62,0.028125,0.9388,0.037844,0.9167
63,0.028092,0.9388,0.038032,0.9167
64,0.028006,0.9388,0.037968,0.9167
65,0.027997,0.9388,0.037953,0.9167
66,0.027879,0.9388,0.037847,0.9167
67,0.027797,0.9388,0.037838,0.9167
68,0.027785,0.9388,0.037859,0.9167
69,0.027696,0.9388,0.037802,0.9167
70,0.027712,0.9388,0.037547,0.9167
71,0.027634,0.9388,0.037796,0.9167
72,0.027564,0.9388,0.037702,0.9167
73,0.027466,0.9388,0.037725,0.9167
74,0.027413,0.9388,0.037833,0.9167
75,0.027412,0.9388,0.037917,0.9167
76,0.027356,0.9388,0.037845,0.9167
77,0.027288,0.9388,0.037740,0.9167
78,0.027227,0.9388,0.037742,0.9167
79,0.027174,0.9388,0.037653,0.9167
80,0.027105,0.9388,0.037643,0.9167
81,0.027085,0.9388,0.037685,0.9167
82,0.027037,0.9388,0.037660,0.9167
83,0.027022,0.9388,0.037643,0.9167
84,0.026994,0.9388,0.037676,0.9167
85,0.026982,0.9388,0.037710,0.9167
86,0.026921,0.9388,0.037709,0.9167
87,0.026856,0.9388,0.037662,0.9167
88,0.026924,0.9388,0.037738,0.9167
89,0.026787,0.9388,0.037541,0.9167
90,0.026719,0.9388,0.037552,0.9167
91,0.026693,0.9388,0.037537,0.9167
92,0.026640,0.9388,0.037489,0.9167
93,0.026623,0.9388,0.037405,0.9167
94,0.026594,0.9388,0.037498,0.9167
95,0.026542,0.9388,0.037541,0.9167
96,0.026506,0.9388,0.037502,0.9167
97,0.026489,0.9388,0.037527,0.9167
98,0.026449,0.9388,0.037538,0.9167
99,0.026469,0.9388,0.037494,0.9167
100,0.026434,0.9388,0.037576,0.9167
101,0.026409,0.9388,0.037443,0.9167
102,0.026383,0.9388,0.037580,0.9167
103,0.026358,0.9388,0.037610,0.9167
104,0.026313,0.9388,0.037548,0.9167
105,0.026274,0.9388,0.037528,0.9167
106,0.026269,0.9388,0.037463,0.9167
107,0.026285,0.9388,0.037559,0.9167
108,0.026212,0.9388,0.037443,0.9167
109,0.026177,0.9388,0.037459,0.9167
110,0.026155,0.9388,0.037425,0.9167
111,0.026116,0.9388,0.037436,0.9167
112,0.026114,0.9388,0.037472,0.9167
113,0.026068,0.9388,0.037452,0.9167
114,0.026054,0.9388,0.037494,0.9167
115,0.026056,0.9388,0.037504,0.9167
116,0.026050,0.9388,0.037505,0.9167
117,0.026016,0.9388,0.037521,0.9167
118,0.025978,0.9388,0.037421,0.9167
119,0.025945,0.9388,0.037483,0.9167
120,0.025925,0.9388,0.037492,0.9167
121,0.025936,0.9388,0.037487,0.9167
122,0.025896,0.9388,0.037489,0.9167
123,0.025857,0.9388,0.037444,0.9167
124,0.025838,0.9388,0.037450,0.9167
125,0.025852,0.9388,0.037489,0.9167
126,0.025834,0.9388,0.037451,0.9167
127,0.025781,0.9388,0.037468,0.9167
128,0.025761,0.9388,0.037467,0.9167
129,0.025758,0.9388,0.037447,0.9167
130,0.025721,0.9388,0.037443,0.9167
131,0.025697,0.9388,0.037417,0.9167
132,0.025670,0.9388,0.037411,0.9167
133,0.025705,0.9388,0.037467,0.9167
134,0.025662,0.9388,0.037448,0.9167
135,0.025630,0.9388,0.037396,0.9167
136,0.025612,0.9388,0.037442,0.9167
137,0.025590,0.9388,0.037405,0.9167
138,0.025660,0.9388,0.037470,0.9167
139,0.025587,0.9388,0.037451,0.9167
140,0.025560,0.9388,0.037440,0.9167
141,0.025539,0.9388,0.037391,0.9167
142,0.025523,0.9388,0.037443,0.9167
143,0.025505,0.9388,0.037450,0.9167
144,0.025480,0.9388,0.037384,0.9167
145,0.025461,0.9388,0.037396,0.9167
146,0.025465,0.9388,0.037374,0.9167
147,0.025413,0.9388,0.037369,0.9167
148,0.025367,0.9388,0.037283,0.9167
149,0.025347,0.9388,0.037264,0.9167
150,0.025339,0.9388,0.037287,0.9167
151,0.025332,0.9388,0.037292,0.9167
152,0.025323,0.9388,0.037311,0.9167
153,0.025328,0.9388,0.037273,0.9167
154,0.025307,0.9388,0.037293,0.9167
155,0.025274,0.9388,0.037257,0.9167
156,0.025231,0.9388,0.037220,0.9167
157,0.025275,0.9388,0.037302,0.9167
158,0.025228,0.9388,0.037272,0.9167
159,0.025198,0.9388,0.037273,0.9167
160,0.025188,0.9388,0.037265,0.9167
161,0.025202,0.9388,0.037316,0.9167
162,0.025178,0.9388,0.037287,0.9167
163,0.025135,0.9388,0.037279,0.9167
164,0.025178,0.9388,0.037350,0.9167
165,0.025172,0.9388,0.037296,0.9167
166,0.025120,0.9388,0.037302,0.9167
167,0.025121,0.9388,0.037290,0.9167
168,0.025125,0.9388,0.037349,0.9167
169,0.025129,0.9388,0.037364,0.9167
170,0.025080,0.9388,0.037303,0.9167
171,0.025055,0.9388,0.037292,0.9167
172,0.025027,0.9388,0.037293,0.9167
173,0.025029,0.9388,0.037299,0.9167
174,0.025001,0.9388,0.037319,0.9167
175,0.025030,0.9388,0.037377,0.9167
176,0.024996,0.9388,0.037292,0.9167
177,0.024979,0.9388,0.037298,0.9167
178,0.025027,0.9388,0.037368,0.9167
179,0.024970,0.9388,0.037368,0.9167
180,0.024962,0.9388,0.037355,0.9167
181,0.024954,0.9388,0.037366,0.9167
182,0.024929,0.9388,0.037335,0.9167
183,0.024926,0.9388,0.037310,0.9167
184,0.024895,0.9388,0.037326,0.9167
185,0.024915,0.9388,0.037364,0.9167
186,0.024891,0.9388,0.037318,0.9167
187,0.024865,0.9388,0.037317,0.9167
188,0.024926,0.9388,0.037418,0.9167
189,0.024825,0.9388,0.037322,0.9167
190,0.024829,0.9388,0.037293,0.9167
191,0.024844,0.9388,0.037336,0.9167
192,0.024808,0.9388,0.037299,0.9167
193,0.024787,0.9388,0.037314,0.9167
194,0.024787,0.9388,0.037313,0.9167
195,0.024774,0.9388,0.037300,0.9167
196,0.024763,0.9388,0.037267,0.9167
197,0.024764,0.9388,0.037327,0.9167
198,0.024736,0.9388,0.037316,0.9167
199,0.024743,0.9388,0.037336,0.9167
200,0.024723,0.9388,0.037305,0.9167
1,0.126850,0.5204,0.125226,0.4583
2,0.125508,0.5000,0.126163,0.4583
3,0.124593,0.5306,0.123377,0.5833
4,0.123712,0.5000,0.121512,0.5417
5,0.122936,0.5000,0.119541,0.5417
6,0.119574,0.5204,0.117331,0.5417
7,0.116806,0.5204,0.114561,0.5417
8,0.112972,0.7143,0.111689,0.7500
9,0.109597,0.8469,0.108002,0.7083
10,0.102573,0.9082,0.103955,0.8750
11,0.103731,0.8367,0.100318,0.9167
12,0.092688,0.9082,0.095454,0.9167
13,0.090083,0.8878,0.090859,0.9167
14,0.085257,0.8776,0.086997,0.9167
15,0.076455,0.9184,0.082859,0.9167
16,0.073372,0.9388,0.078772,0.9167
17,0.071975,0.9184,0.075478,0.9167
18,0.065368,0.9184,0.072835,0.9167
19,0.064385,0.9184,0.069991,0.9167
20,0.064768,0.8980,0.067079,0.9167
21,0.057915,0.9286,0.064516,0.9167
22,0.061797,0.8878,0.062286,0.9167
23,0.061115,0.8878,0.060935,0.9167
24,0.053893,0.9184,0.059120,0.9167
25,0.053452,0.9082,0.057363,0.9167
26,0.055237,0.8980,0.055892,0.9167
27,0.051398,0.9184,0.054999,0.9167
28,0.050421,0.9082,0.054025,0.9167
29,0.053477,0.8776,0.053473,0.9167
30,0.046111,0.9184,0.052466,0.9167
31,0.046072,0.9184,0.051759,0.9167
32,0.042054,0.9388,0.051161,0.9167
33,0.046946,0.9082,0.050316,0.9167
34,0.045412,0.9082,0.049864,0.9167
35,0.045906,0.9082,0.050014,0.9167
36,0.044451,0.9082,0.049201,0.9167
37,0.043508,0.9082,0.048260,0.9167
38,0.040069,0.9286,0.047821,0.9167
39,0.045453,0.8980,0.047636,0.9167
40,0.040368,0.9286,0.047376,0.9167
41,0.043309,0.9184,0.046862,0.9167
42,0.038931,0.9286,0.046329,0.9167
43,0.041386,0.9082,0.045960,0.9167
44,0.036140,0.9286,0.045528,0.9167
45,0.043272,0.9082,0.045155,0.9167
46,0.042169,0.9184,0.044582,0.9167
47,0.042919,0.8980,0.044118,0.9167
48,0.045848,0.8878,0.043819,0.9167
49,0.035350,0.9184,0.043755,0.9167
50,0.038821,0.9184,0.043656,0.9167
51,0.037274,0.9184,0.043426,0.9167
52,0.033961,0.9286,0.043145,0.9167
53,0.037667,0.9184,0.043017,0.9167
54,0.040193,0.9082,0.042889,0.9167
55,0.034522,0.9388,0.042632,0.9167
56,0.036855,0.9184,0.042564,0.9167
57,0.040658,0.9082,0.042474,0.9167
58,0.041669,0.9082,0.042563,0.9167
59,0.030866,0.9388,0.042516,0.9167
60,0.036024,0.9184,0.042484,0.9167
61,0.041015,0.9082,0.042300,0.9167
62,0.037241,0.9082,0.042175,0.9167
63,0.043100,0.8878,0.042066,0.9167
64,0.038220,0.8980,0.042304,0.9167
65,0.039989,0.8980,0.042356,0.9167
66,0.036404,0.9184,0.042116,0.9167
67,0.040127,0.9082,0.042010,0.9167
68,0.039587,0.9082,0.041899,0.9167
69,0.035379,0.9082,0.041744,0.9167
70,0.039181,0.8980,0.041692,0.9167
71,0.034457,0.9286,0.041617,0.9167
72,0.034836,0.9184,0.041531,0.9167
73,0.033154,0.9286,0.041428,0.9167
74,0.036763,0.9184,0.041385,0.9167
75,0.041706,0.8980,0.041337,0.9167
76,0.031755,0.9286,0.041025,0.9167
77,0.042284,0.8878,0.041019,0.9167
78,0.042345,0.8776,0.040881,0.9167
79,0.036795,0.9184,0.040755,0.9167
80,0.034732,0.9184,0.040786,0.9167
81,0.037366,0.9082,0.040744,0.9167
82,0.040004,0.8878,0.040709,0.9167
83,0.032780,0.9388,0.040709,0.9167
84,0.031226,0.9286,0.040371,0.9167
85,0.034477,0.9184,0.040321,0.9167
86,0.035549,0.9184,0.040299,0.9167
87,0.026903,0.9490,0.040231,0.9167
88,0.035742,0.9184,0.040247,0.9167
89,0.038909,0.9082,0.040104,0.9167
90,0.033683,0.9286,0.040081,0.9167
91,0.030114,0.9388,0.040052,0.9167
92,0.037804,0.9082,0.040093,0.9167
93,0.033550,0.9184,0.040019,0.9167
94,0.037171,0.9082,0.040078,0.9167
95,0.035942,0.9184,0.040070,0.9167
96,0.036516,0.9082,0.040057,0.9167
97,0.036005,0.9082,0.039991,0.9167
98,0.029871,0.9388,0.039938,0.9167
99,0.036734,0.9082,0.040018,0.9167
100,0.040311,0.8980,0.039987,0.9167
101,0.030929,0.9286,0.040074,0.9167
102,0.031513,0.9286,0.040093,0.9167
103,0.033588,0.9286,0.040001,0.9167
104,0.040503,0.8878,0.040015,0.9167
105,0.036099,0.9082,0.039928,0.9167
106,0.034255,0.9184,0.039931,0.9167
107,0.044913,0.8673,0.039773,0.9167
108,0.031379,0.9286,0.039738,0.9167
109,0.033784,0.9184,0.039699,0.9167
110,0.034950,0.9082,0.039659,0.9167
111,0.031359,0.9286,0.039652,0.9167
112,0.038133,0.8980,0.039623,0.9167
113,0.028303,0.9388,0.039568,0.9167
114,0.033038,0.9184,0.039455,0.9167
115,0.030142,0.9286,0.039447,0.9167
116,0.037031,0.8980,0.039417,0.9167
117,0.037660,0.8980,0.039431,0.9167
118,0.035440,0.8980,0.039330,0.9167
119,0.033156,0.9184,0.039337,0.9167
120,0.030200,0.9286,0.039303,0.9167
121,0.029414,0.9388,0.039292,0.9167
122,0.034759,0.9184,0.039268,0.9167
123,0.031941,0.9184,0.039159,0.9167
124,0.034989,0.9184,0.039143,0.9167
125,0.030975,0.9286,0.039122,0.9167
126,0.033718,0.9184,0.039132,0.9167
127,0.036040,0.9082,0.039137,0.9167
128,0.032299,0.9286,0.039185,0.9167
129,0.035149,0.9082,0.039187,0.9167
130,0.033020,0.9184,0.039257,0.9167
131,0.030512,0.9286,0.039275,0.9167
132,0.033169,0.9184,0.039268,0.9167
133,0.028909,0.9388,0.039251,0.9167
134,0.042982,0.8776,0.039254,0.9167
135,0.032321,0.9082,0.039254,0.9167
136,0.033945,0.9184,0.039226,0.9167
137,0.030195,0.9286,0.039206,0.9167
138,0.035694,0.9082,0.039248,0.9167
139,0.033315,0.9184,0.039210,0.9167
140,0.031806,0.9184,0.039169,0.9167
141,0.042255,0.8776,0.039247,0.9167
142,0.033294,0.9184,0.039244,0.9167
143,0.034690,0.9082,0.039260,0.9167
144,0.027769,0.9388,0.039188,0.9167
145,0.031232,0.9184,0.039114,0.9167
146,0.035920,0.8980,0.039109,0.9167
147,0.038895,0.8878,0.039125,0.9167
148,0.031442,0.9286,0.039145,0.9167
149,0.033882,0.9082,0.039153,0.9167
150,0.040943,0.8776,0.039179,0.9167
151,0.035316,0.9082,0.039227,0.9167
152,0.036005,0.8980,0.039216,0.9167
153,0.033383,0.9184,0.039252,0.9167
154,0.032784,0.9082,0.039275,0.9167
155,0.027064,0.9388,0.039325,0.9167
156,0.029134,0.9388,0.039294,0.9167
157,0.032270,0.9184,0.039266,0.9167
158,0.034096,0.9184,0.039222,0.9167
159,0.034414,0.9082,0.039268,0.9167
160,0.032457,0.9184,0.039301,0.9167
161,0.031037,0.9286,0.039288,0.9167
162,0.036809,0.8980,0.039378,0.9167
163,0.032463,0.9184,0.039326,0.9167
164,0.028010,0.9388,0.039296,0.9167
165,0.031737,0.9184,0.039303,0.9167
166,0.032939,0.9184,0.039280,0.9167
167,0.029332,0.9286,0.039271,0.9167
168,0.035365,0.9082,0.039308,0.9167
169,0.026289,0.9286,0.039271,0.9167
170,0.031284,0.9184,0.039261,0.9167
171,0.032983,0.9082,0.039218,0.9167
172,0.033352,0.9184,0.039252,0.9167
173,0.041647,0.8878,0.039218,0.9167
174,0.026098,0.9490,0.039180,0.9167
175,0.035980,0.8980,0.039219,0.9167
176,0.027929,0.9388,0.039198,0.9167
177,0.038164,0.8980,0.039172,0.9167
178,0.030972,0.9286,0.039165,0.9167
179,0.031278,0.9286,0.039115,0.9167
180,0.032343,0.9184,0.039112,0.9167
181,0.036162,0.8980,0.039120,0.9167
182,0.027678,0.9388,0.039080,0.9167
183,0.034515,0.9184,0.039008,0.9167
184,0.030370,0.9184,0.038976,0.9167
185,0.029420,0.9286,0.039007,0.9167
186,0.031209,0.9184,0.039019,0.9167
187,0.033885,0.9082,0.039012,0.9167
188,0.031177,0.9286,0.038962,0.9167
189,0.032071,0.9184,0.038934,0.9167
190,0.029801,0.9286,0.038949,0.9167
191,0.026187,0.9388,0.038912,0.9167
192,0.037649,0.8980,0.038836,0.9167
193,0.033777,0.9082,0.038819,0.9167
194,0.036665,0.8878,0.038823,0.9167
195,0.027534,0.9388,0.038822,0.9167
196,0.031627,0.9286,0.038820,0.9167
197,0.037365,0.8980,0.038790,0.9167
198,0.033014,0.9184,0.038813,0.9167
199,0.027630,0.9388,0.038813,0.9167
200,0.035992,0.8980,0.038785,0.9167
1,0.129579,0.5000,0.117154,0.8750
2,0.101933,0.8265,0.085794,0.6667
3,0.068858,0.9082,0.050285,0.9167
4,0.041030,0.9388,0.039219,0.9167
5,0.033569,0.9388,0.039520,0.9167
6,0.030598,0.9388,0.040171,0.9167
7,0.029754,0.9388,0.038580,0.9167
8,0.028409,0.9388,0.039022,0.9167
9,0.028045,0.9388,0.039822,0.9167
10,0.027707,0.9388,0.037882,0.9167
11,0.028331,0.9388,0.038473,0.9167
12,0.025817,0.9388,0.038506,0.9167
13,0.025379,0.9388,0.038326,0.9167
14,0.024803,0.9388,0.038313,0.9167
15,0.024675,0.9388,0.038290,0.9167
16,0.024003,0.9388,0.037238,0.9167
17,0.023206,0.9388,0.037776,0.9167
18,0.023034,0.9388,0.037724,0.9167
19,0.022648,0.9388,0.037211,0.9167
20,0.021996,0.9388,0.037331,0.9167
21,0.022101,0.9388,0.037278,0.9167
22,0.022018,0.9388,0.036718,0.9167
23,0.021415,0.9388,0.036801,0.9167
24,0.021472,0.9388,0.037082,0.9167
25,0.021288,0.9388,0.037454,0.9167
26,0.021186,0.9388,0.037093,0.9167
27,0.020721,0.9388,0.036671,0.9167
28,0.020554,0.9388,0.036813,0.9167
29,0.020920,0.9388,0.036644,0.9167
30,0.020226,0.9388,0.036736,0.9167
31,0.020271,0.9388,0.036745,0.9167
32,0.020057,0.9388,0.036930,0.9167
33,0.020421,0.9388,0.036959,0.9167
34,0.019860,0.9388,0.036435,0.9167
35,0.019876,0.9388,0.036669,0.9167
36,0.019625,0.9388,0.036591,0.9167
37,0.019489,0.9388,0.036778,0.9167
38,0.019595,0.9388,0.036860,0.9167
39,0.019377,0.9388,0.036920,0.9167
40,0.019353,0.9388,0.036955,0.9167
41,0.019613,0.9388,0.036916,0.9167
42,0.019110,0.9388,0.036239,0.9167
43,0.019367,0.9388,0.036477,0.9167
44,0.019059,0.9388,0.036428,0.9167
45,0.019041,0.9388,0.036415,0.9167
46,0.018906,0.9388,0.036432,0.9167
47,0.018720,0.9388,0.036482,0.9167
48,0.018871,0.9388,0.036530,0.9167
49,0.018836,0.9388,0.036434,0.9167
50,0.018504,0.9388,0.036470,0.9167
51,0.018698,0.9388,0.036472,0.9167
52,0.018419,0.9388,0.036365,0.9167
53,0.018547,0.9388,0.036477,0.9167
54,0.018449,0.9388,0.036262,0.9167
55,0.018579,0.9388,0.036508,0.9167
56,0.018365,0.9388,0.036441,0.9167
57,0.018398,0.9388,0.036697,0.9167
58,0.018244,0.9388,0.036322,0.9167
59,0.018402,0.9388,0.036529,0.9167
60,0.018274,0.9388,0.036400,0.9167
61,0.018016,0.9388,0.036437,0.9167
62,0.018139,0.9388,0.036206,0.9167
63,0.018182,0.9388,0.036708,0.9167
64,0.017925,0.9388,0.036371,0.9167
65,0.017954,0.9388,0.036347,0.9167
66,0.017831,0.9388,0.036276,0.9167
67,0.017874,0.9388,0.036388,0.9167
68,0.017837,0.9388,0.036596,0.9167
69,0.017676,0.9388,0.036443,0.9167
70,0.017671,0.9388,0.036382,0.9167
71,0.017675,0.9388,0.036433,0.9167
72,0.017665,0.9388,0.036604,0.9167
73,0.017789,0.9388,0.036400,0.9167
74,0.017558,0.9388,0.036397,0.9167
75,0.017543,0.9388,0.036426,0.9167
76,0.017422,0.9388,0.036381,0.9167
77,0.017455,0.9388,0.036275,0.9167
78,0.017380,0.9388,0.036302,0.9167
79,0.017244,0.9388,0.036266,0.9167
80,0.017337,0.9388,0.036240,0.9167
81,0.017231,0.9388,0.036330,0.9167
82,0.017235,0.9388,0.036288,0.9167
83,0.017304,0.9388,0.036269,0.9167
84,0.017179,0.9490,0.036251,0.9167
85,0.017264,0.9490,0.036257,0.9167
86,0.017188,0.9490,0.036268,0.9167
87,0.017039,0.9388,0.036167,0.9167
88,0.017288,0.9490,0.036432,0.9167
89,0.017080,0.9388,0.036187,0.9167
90,0.016938,0.9490,0.036150,0.9167
91,0.017017,0.9490,0.036405,0.9167
92,0.017036,0.9490,0.036216,0.9167
93,0.016881,0.9490,0.036055,0.9167
94,0.017012,0.9490,0.036159,0.9167
95,0.016871,0.9490,0.036252,0.9167
96,0.016776,0.9490,0.036127,0.9167
97,0.016752,0.9490,0.036171,0.9167
98,0.016777,0.9490,0.036268,0.9167
99,0.016885,0.9490,0.036218,0.9167
100,0.016809,0.9490,0.036249,0.9167
101,0.016706,0.9490,0.036080,0.9167
102,0.016775,0.9490,0.036252,0.9167
103,0.016740,0.9490,0.036261,0.9167
104,0.016669,0.9490,0.036081,0.9167
105,0.016520,0.9490,0.036094,0.9167
106,0.016519,0.9490,0.036041,0.9167
107,0.016623,0.9490,0.036213,0.9167
108,0.016563,0.9490,0.035955,0.9167
109,0.016430,0.9490,0.036053,0.9167
110,0.016510,0.9490,0.036020,0.9167
111,0.016496,0.9490,0.036000,0.9167
112,0.016450,0.9490,0.036087,0.9167
113,0.016360,0.9490,0.035988,0.9167
114,0.016403,0.9490,0.036063,0.9167
115,0.016383,0.9490,0.036064,0.9167
116,0.016465,0.9490,0.036011,0.9167
117,0.016349,0.9490,0.036024,0.9167
118,0.016201,0.9490,0.035882,0.9167
119,0.016190,0.9490,0.036074,0.9167
120,0.016202,0.9490,0.036024,0.9167
121,0.016245,0.9490,0.035979,0.9167
122,0.016129,0.9490,0.035884,0.9167
123,0.016089,0.9490,0.035959,0.9167
124,0.016080,0.9490,0.035881,0.9167
125,0.016125,0.9490,0.035949,0.9167
126,0.016203,0.9490,0.035817,0.9167
127,0.016069,0.9490,0.035953,0.9167
128,0.016014,0.9490,0.035939,0.9167
129,0.016060,0.9490,0.035840,0.9167
130,0.015975,0.9490,0.035891,0.9167
131,0.015888,0.9490,0.035787,0.9167
132,0.015869,0.9490,0.035916,0.9167
133,0.016043,0.9490,0.036017,0.9167
134,0.015877,0.9490,0.035890,0.9167
135,0.015810,0.9490,0.035824,0.9167
136,0.015864,0.9490,0.035946,0.9167
137,0.015779,0.9490,0.035769,0.9167
138,0.016042,0.9490,0.035870,0.9167
139,0.015815,0.9490,0.035811,0.9167
140,0.015763,0.9490,0.035766,0.9167
141,0.015776,0.9490,0.035662,0.9167
142,0.015738,0.9490,0.035710,0.9167
143,0.015685,0.9490,0.035833,0.9167
144,0.015688,0.9490,0.035644,0.9167
145,0.015655,0.9490,0.035712,0.9167
146,0.015806,0.9490,0.035626,0.9167
147,0.015596,0.9490,0.035735,0.9167
148,0.015530,0.9490,0.035619,0.9167
149,0.015503,0.9490,0.035543,0.9167
150,0.015471,0.9490,0.035677,0.9167
151,0.015486,0.9490,0.035618,0.9167
152,0.015512,0.9490,0.035624,0.9167
153,0.015410,0.9490,0.035567,0.9167
154,0.015520,0.9490,0.035688,0.9167
155,0.015391,0.9490,0.035591,0.9167
156,0.015370,0.9490,0.035535,0.9167
157,0.015526,0.9490,0.035683,0.9167
158,0.015373,0.9490,0.035508,0.9167
159,0.015286,0.9490,0.035564,0.9167
160,0.015279,0.9490,0.035487,0.9167
161,0.015381,0.9490,0.035633,0.9167
162,0.015244,0.9490,0.035536,0.9167
163,0.015186,0.9490,0.035414,0.9167
164,0.015272,0.9490,0.035604,0.9167
165,0.015186,0.9490,0.035414,0.9167
166,0.015148,0.9490,0.035471,0.9167
167,0.015137,0.9490,0.035438,0.9167
168,0.015149,0.9490,0.035413,0.9167
169,0.015180,0.9490,0.035613,0.9167
170,0.015086,0.9490,0.035355,0.9167
171,0.015020,0.9490,0.035332,0.9167
172,0.014998,0.9490,0.035340,0.9167
173,0.015013,0.9490,0.035261,0.9167
174,0.014949,0.9490,0.035369,0.9167
175,0.015016,0.9490,0.035533,0.9167
176,0.014932,0.9490,0.035318,0.9167
177,0.014943,0.9490,0.035285,0.9167
178,0.014972,0.9490,0.035258,0.9167
179,0.014866,0.9490,0.035357,0.9167
180,0.014883,0.9490,0.035245,0.9167
181,0.014815,0.9592,0.035276,0.9167
182,0.014806,0.9592,0.035220,0.9167
183,0.014790,0.9490,0.035159,0.9167
184,0.014736,0.9592,0.035179,0.9167
185,0.014806,0.9592,0.035288,0.9167
186,0.014702,0.9592,0.035087,0.9167
187,0.014660,0.9592,0.035173,0.9167
188,0.014787,0.9490,0.035457,0.9167
189,0.014632,0.9592,0.035205,0.9167
190,0.014623,0.9592,0.035036,0.9167
191,0.014726,0.9490,0.035176,0.9167
192,0.014606,0.9592,0.035025,0.9167
193,0.014572,0.9592,0.035092,0.9167
194,0.014509,0.9592,0.035044,0.9167
195,0.014508,0.9592,0.035031,0.9167
196,0.014497,0.9592,0.035012,0.9167
197,0.014562,0.9592,0.035082,0.9167
198,0.014485,0.9592,0.035033,0.9167
199,0.014478,0.9592,0.034997,0.9167
200,0.014450,0.9592,0.034998,0.9167
1,0.125978,0.4796,0.110617,0.6667
2,0.083787,0.7959,0.043006,0.9167
3,0.037849,0.9184,0.038249,0.9167
4,0.029883,0.9184,0.038112,0.9167
5,0.032521,0.9184,0.038520,0.9167
6,0.030785,0.9184,0.039067,0.9167
7,0.028770,0.9184,0.037721,0.9167
8,0.028513,0.9184,0.034660,0.9167
9,0.027110,0.8980,0.036576,0.9167
10,0.029216,0.9082,0.036304,0.9167
11,0.026606,0.8980,0.033704,0.9167
12,0.027746,0.8878,0.036945,0.9167
13,0.021447,0.9286,0.034859,0.9167
14,0.023511,0.9082,0.035820,0.9167
15,0.026126,0.9082,0.037737,0.9167
16,0.029137,0.8980,0.035125,0.9167
17,0.019820,0.9388,0.038827,0.9167
18,0.024311,0.9082,0.037701,0.9167
19,0.028689,0.8878,0.037587,0.9167
20,0.019837,0.9286,0.037513,0.9167
21,0.022680,0.9184,0.038385,0.9167
22,0.032597,0.8673,0.038263,0.9167
23,0.021461,0.9184,0.038768,0.9167
24,0.019583,0.9286,0.037339,0.9167
25,0.025736,0.9082,0.037723,0.9167
26,0.035680,0.8673,0.037807,0.9167
27,0.025741,0.9184,0.039126,0.9167
28,0.020683,0.9286,0.037627,0.9167
29,0.018369,0.9184,0.037335,0.9167
30,0.017806,0.9388,0.037650,0.9167
31,0.023804,0.9082,0.037550,0.9167
32,0.027105,0.8980,0.037807,0.9167
33,0.023645,0.8980,0.037657,0.9167
34,0.023224,0.9082,0.037619,0.9167
35,0.019951,0.9184,0.037056,0.9167
36,0.020545,0.9286,0.036891,0.9167
37,0.024450,0.9082,0.038334,0.9167
38,0.022388,0.9388,0.038102,0.9167
39,0.019618,0.9286,0.037727,0.9167
40,0.019598,0.9388,0.038120,0.9167
41,0.024022,0.9082,0.038750,0.9167
42,0.023183,0.9082,0.038729,0.9167
43,0.015272,0.9490,0.038168,0.9167
44,0.023842,0.9184,0.037058,0.9167
45,0.023048,0.9184,0.038104,0.9167
46,0.024634,0.9082,0.037570,0.9167
47,0.026971,0.8980,0.036760,0.9167
48,0.027423,0.9184,0.038164,0.9167
49,0.023434,0.9286,0.038897,0.9167
50,0.021363,0.9286,0.038247,0.9167
51,0.034783,0.8673,0.038075,0.9167
52,0.026559,0.8980,0.038197,0.9167
53,0.024060,0.8980,0.038145,0.9167
54,0.020558,0.9184,0.037912,0.9167
55,0.021571,0.9184,0.037570,0.9167
56,0.020213,0.9184,0.037569,0.9167
57,0.034379,0.8469,0.037300,0.9167
58,0.030205,0.8673,0.036904,0.9167
59,0.021218,0.9184,0.037388,0.9167
60,0.031246,0.8673,0.037597,0.9167
61,0.025714,0.9082,0.038019,0.9167
62,0.023757,0.8980,0.038107,0.9167
63,0.024755,0.8980,0.037956,0.9167
64,0.019376,0.9286,0.037608,0.9167
65,0.027432,0.8878,0.037499,0.9167
66,0.029956,0.8776,0.037293,0.9167
67,0.023018,0.9184,0.037280,0.9167
68,0.027131,0.8878,0.037152,0.9167
69,0.023540,0.8980,0.037330,0.9167
70,0.028476,0.8980,0.037958,0.9167
71,0.027408,0.8980,0.038342,0.9167
72,0.021880,0.9286,0.038414,0.9167
73,0.023827,0.9082,0.038411,0.9167
74,0.022900,0.9082,0.038027,0.9167
75,0.020034,0.9184,0.037597,0.9167
76,0.026047,0.8878,0.038020,0.9167
77,0.029432,0.8776,0.038113,0.9167
78,0.022932,0.9184,0.037953,0.9167
79,0.018952,0.9286,0.037904,0.9167
80,0.023196,0.9082,0.037904,0.9167
81,0.026029,0.8980,0.038154,0.9167
82,0.023204,0.8980,0.038186,0.9167
83,0.026231,0.8878,0.038026,0.9167
84,0.025271,0.8878,0.037922,0.9167
85,0.019819,0.9184,0.037817,0.9167
86,0.022647,0.9082,0.037415,0.9167
87,0.023920,0.8980,0.037278,0.9167
88,0.022346,0.9082,0.037599,0.9167
89,0.018433,0.9388,0.038027,0.9167
90,0.035372,0.8571,0.038232,0.9167
91,0.023668,0.9082,0.038182,0.9167
92,0.017591,0.9388,0.038024,0.9167
93,0.020385,0.9184,0.037686,0.9167
94,0.019398,0.9388,0.038133,0.9167
95,0.022044,0.9184,0.038121,0.9167
96,0.016329,0.9388,0.037970,0.9167
97,0.021632,0.9184,0.037770,0.9167
98,0.022794,0.9082,0.037773,0.9167
99,0.017422,0.9388,0.038021,0.9167
100,0.020524,0.9184,0.037735,0.9167
101,0.024077,0.9184,0.038078,0.9167
102,0.018112,0.9286,0.038118,0.9167
103,0.027575,0.9082,0.038444,0.9167
104,0.021975,0.9184,0.038427,0.9167
105,0.022835,0.9082,0.038175,0.9167
106,0.031802,0.8776,0.038344,0.9167
107,0.023279,0.9184,0.038393,0.9167
108,0.022475,0.9184,0.038142,0.9167
109,0.019706,0.9184,0.038154,0.9167
110,0.021205,0.9184,0.037943,0.9167
111,0.015927,0.9286,0.037958,0.9167
112,0.025092,0.8980,0.037879,0.9167
113,0.023066,0.9184,0.037672,0.9167
114,0.016877,0.9286,0.037482,0.9167
115,0.021620,0.9082,0.037493,0.9167
116,0.021384,0.9184,0.037302,0.9167
117,0.027077,0.8878,0.037595,0.9167
118,0.023319,0.9082,0.037645,0.9167
119,0.021683,0.9184,0.037835,0.9167
120,0.025645,0.8878,0.038221,0.9167
121,0.026003,0.8980,0.038234,0.9167
122,0.021286,0.9286,0.038423,0.9167
123,0.023594,0.8980,0.038550,0.9167
124,0.021359,0.9184,0.038310,0.9167
125,0.016631,0.9388,0.038138,0.9167
126,0.020315,0.9388,0.038240,0.9167
127,0.022040,0.9184,0.038339,0.9167
128,0.021282,0.9184,0.038378,0.9167
129,0.021026,0.9184,0.038260,0.9167
130,0.019828,0.9184,0.038168,0.9167
131,0.023771,0.8980,0.038194,0.9167
132,0.027316,0.8878,0.038083,0.9167
133,0.022745,0.9184,0.038114,0.9167
134,0.022853,0.8980,0.038087,0.9167
135,0.023318,0.9286,0.038218,0.9167
136,0.018374,0.9184,0.038238,0.9167
137,0.018266,0.9388,0.038205,0.9167
138,0.019863,0.9184,0.038367,0.9167
139,0.020600,0.9184,0.038166,0.9167
140,0.020174,0.9388,0.038209,0.9167
141,0.016227,0.9388,0.038268,0.9167
142,0.018338,0.9388,0.038261,0.9167
143,0.023866,0.9082,0.038324,0.9167
144,0.026611,0.8980,0.038323,0.9167
145,0.023895,0.8980,0.038304,0.9167
146,0.023228,0.9082,0.038277,0.9167
147,0.021389,0.9082,0.038127,0.9167
148,0.029209,0.8878,0.038171,0.9167
149,0.023191,0.9184,0.038258,0.9167
150,0.024155,0.8980,0.038196,0.9167
151,0.017653,0.9388,0.038226,0.9167
152,0.024587,0.8980,0.038434,0.9167
153,0.023154,0.9082,0.038420,0.9167
154,0.020343,0.9184,0.038278,0.9167
155,0.024735,0.8980,0.038365,0.9167
156,0.029374,0.8878,0.038236,0.9167
157,0.024192,0.9082,0.038428,0.9167
158,0.016235,0.9388,0.038358,0.9167
159,0.018012,0.9286,0.038322,0.9167
160,0.030572,0.8776,0.038187,0.9167
161,0.023179,0.9184,0.038374,0.9167
162,0.026455,0.8980,0.038075,0.9167
163,0.021536,0.9184,0.038134,0.9167
164,0.028154,0.8878,0.037993,0.9167
165,0.020354,0.9286,0.037937,0.9167
166,0.019451,0.9388,0.038209,0.9167
167,0.023749,0.9082,0.038275,0.9167
168,0.030842,0.8776,0.038173,0.9167
169,0.022610,0.9082,0.038122,0.9167
170,0.017905,0.9286,0.037959,0.9167
171,0.030628,0.8673,0.037900,0.9167
172,0.024171,0.8980,0.037770,0.9167
173,0.024400,0.9082,0.037807,0.9167
174,0.019656,0.9388,0.037872,0.9167
175,0.018616,0.9286,0.037850,0.9167
176,0.022922,0.9082,0.037843,0.9167
177,0.019814,0.9184,0.037843,0.9167
178,0.020819,0.9184,0.037681,0.9167
179,0.022570,0.9082,0.037677,0.9167
180,0.022778,0.9184,0.037788,0.9167
181,0.019498,0.9184,0.037798,0.9167
182,0.018884,0.9286,0.037762,0.9167
183,0.019120,0.9286,0.037721,0.9167
184,0.019381,0.9184,0.037643,0.9167
185,0.020955,0.9388,0.037794,0.9167
186,0.027866,0.8776,0.037615,0.9167
187,0.019682,0.9286,0.037621,0.9167
188,0.023339,0.9082,0.037663,0.9167
189,0.018573,0.9286,0.037783,0.9167
190,0.025168,0.9082,0.037746,0.9167
191,0.019823,0.9286,0.037691,0.9167
192,0.024478,0.9082,0.037945,0.9167
193,0.021717,0.9184,0.037932,0.9167
194,0.023010,0.9082,0.037988,0.9167
195,0.021600,0.9184,0.038090,0.9167
196,0.022503,0.8980,0.038110,0.9167
197,0.022322,0.9082,0.037952,0.9167
198,0.024151,0.8878,0.037904,0.9167
199,0.020565,0.9184,0.037813,0.9167
200,0.026309,0.8980,0.037790,0.9167
1,0.129579,0.5000,0.117154,0.8750
2,0.101933,0.8265,0.085794,0.6667
3,0.068858,0.9082,0.050285,0.9167
4,0.041030,0.9388,0.039219,0.9167
5,0.033569,0.9388,0.039520,0.9167
6,0.030598,0.9388,0.040171,0.9167
7,0.029754,0.9388,0.038580,0.9167
8,0.028409,0.9388,0.039022,0.9167
9,0.028045,0.9388,0.039822,0.9167
10,0.027707,0.9388,0.037882,0.9167
11,0.028331,0.9388,0.038473,0.9167
12,0.025817,0.9388,0.038506,0.9167
13,0.025379,0.9388,0.038326,0.9167
14,0.024803,0.9388,0.038313,0.9167
15,0.024675,0.9388,0.038290,0.9167
16,0.024003,0.9388,0.037238,0.9167
17,0.023206,0.9388,0.037776,0.9167
18,0.023034,0.9388,0.037724,0.9167
19,0.022648,0.9388,0.037211,0.9167
20,0.021996,0.9388,0.037331,0.9167
21,0.022101,0.9388,0.037278,0.9167
22,0.022018,0.9388,0.036718,0.9167
23,0.021415,0.9388,0.036801,0.9167
24,0.021472,0.9388,0.037082,0.9167
25,0.021288,0.9388,0.037454,0.9167
26,0.021186,0.9388,0.037093,0.9167
27,0.020721,0.9388,0.036671,0.9167
28,0.020554,0.9388,0.036813,0.9167
29,0.020920,0.9388,0.036644,0.9167
30,0.020226,0.9388,0.036736,0.9167
31,0.020271,0.9388,0.036745,0.9167
32,0.020057,0.9388,0.036930,0.9167
33,0.020421,0.9388,0.036959,0.9167
34,0.019860,0.9388,0.036435,0.9167
35,0.019876,0.9388,0.036669,0.9167
36,0.019625,0.9388,0.036591,0.9167
37,0.019489,0.9388,0.036778,0.9167
38,0.019595,0.9388,0.036860,0.9167
39,0.019377,0.9388,0.036920,0.9167
40,0.019353,0.9388,0.036955,0.9167
41,0.019613,0.9388,0.036916,0.9167
42,0.019110,0.9388,0.036239,0.9167
43,0.019367,0.9388,0.036477,0.9167
44,0.019059,0.9388,0.036428,0.9167
45,0.019041,0.9388,0.036415,0.9167
46,0.018906,0.9388,0.036432,0.9167
47,0.018720,0.9388,0.036482,0.9167
48,0.018871,0.9388,0.036530,0.9167
49,0.018836,0.9388,0.036434,0.9167
50,0.018504,0.9388,0.036470,0.9167
51,0.018698,0.9388,0.036472,0.9167
52,0.018419,0.9388,0.036365,0.9167
53,0.018547,0.9388,0.036477,0.9167
54,0.018449,0.9388,0.036262,0.9167
55,0.018579,0.9388,0.036508,0.9167
56,0.018365,0.9388,0.036441,0.9167
57,0.018398,0.9388,0.036697,0.9167
58,0.018244,0.9388,0.036322,0.9167
59,0.018402,0.9388,0.036529,0.9167
60,0.018274,0.9388,0.036400,0.9167
61,0.018016,0.9388,0.036437,0.9167
62,0.018139,0.9388,0.036206,0.9167
63,0.018182,0.9388,0.036708,0.9167
64,0.017925,0.9388,0.036371,0.9167
65,0.017954,0.9388,0.036347,0.9167
66,0.017831,0.9388,0.036276,0.9167
67,0.017874,0.9388,0.036388,0.9167
68,0.017837,0.9388,0.036596,0.9167
69,0.017676,0.9388,0.036443,0.9167
70,0.017671,0.9388,0.036382,0.9167
71,0.017675,0.9388,0.036433,0.9167
72,0.017665,0.9388,0.036604,0.9167
73,0.017789,0.9388,0.036400,0.9167
74,0.017558,0.9388,0.036397,0.9167
75,0.017543,0.9388,0.036426,0.9167
76,0.017422,0.9388,0.036381,0.9167
77,0.017455,0.9388,0.036275,0.9167
78,0.017380,0.9388,0.036302,0.9167
79,0.017244,0.9388,0.036266,0.9167
80,0.017337,0.9388,0.036240,0.9167
81,0.017231,0.9388,0.036330,0.9167
82,0.017235,0.9388,0.036288,0.9167
83,0.017304,0.9388,0.036269,0.9167
84,0.017179,0.9490,0.036251,0.9167
85,0.017264,0.9490,0.036257,0.9167
86,0.017188,0.9490,0.036268,0.9167
87,0.017039,0.9388,0.036167,0.9167
88,0.017288,0.9490,0.036432,0.9167
89,0.017080,0.9388,0.036187,0.9167
90,0.016938,0.9490,0.036150,0.9167
91,0.017017,0.9490,0.036405,0.9167
92,0.017036,0.9490,0.036216,0.9167
93,0.016881,0.9490,0.036055,0.9167
94,0.017012,0.9490,0.036159,0.9167
95,0.016871,0.9490,0.036252,0.9167
96,0.016776,0.9490,0.036127,0.9167
97,0.016752,0.9490,0.036171,0.9167
98,0.016777,0.9490,0.036268,0.9167
99,0.016885,0.9490,0.036218,0.9167
100,0.016809,0.9490,0.036249,0.9167
101,0.016706,0.9490,0.036080,0.9167
102,0.016775,0.9490,0.036252,0.9167
103,0.016740,0.9490,0.036261,0.9167
104,0.016669,0.9490,0.036081,0.9167
105,0.016520,0.9490,0.036094,0.9167
106,0.016519,0.9490,0.036041,0.9167
107,0.016623,0.9490,0.036213,0.9167
108,0.016563,0.9490,0.035955,0.9167
109,0.016430,0.9490,0.036053,0.9167
110,0.016510,0.9490,0.036020,0.9167
111,0.016496,0.9490,0.036000,0.9167
112,0.016450,0.9490,0.036087,0.9167
113,0.016360,0.9490,0.035988,0.9167
114,0.016403,0.9490,0.036063,0.9167
115,0.016383,0.9490,0.036064,0.9167
116,0.016465,0.9490,0.036011,0.9167
117,0.016349,0.9490,0.036024,0.9167
118,0.016201,0.9490,0.035882,0.9167
119,0.016190,0.9490,0.036074,0.9167
120,0.016202,0.9490,0.036024,0.9167
121,0.016245,0.9490,0.035979,0.9167
122,0.016129,0.9490,0.035884,0.9167
123,0.016089,0.9490,0.035959,0.9167
124,0.016080,0.9490,0.035881,0.9167
125,0.016125,0.9490,0.035949,0.9167
126,0.016203,0.9490,0.035817,0.9167
127,0.016069,0.9490,0.035953,0.9167
128,0.016014,0.9490,0.035939,0.9167
129,0.016060,0.9490,0.035840,0.9167
130,0.015975,0.9490,0.035891,0.9167
131,0.015888,0.9490,0.035787,0.9167
132,0.015869,0.9490,0.035916,0.9167
133,0.016043,0.9490,0.036017,0.9167
134,0.015877,0.9490,0.035890,0.9167
135,0.015810,0.9490,0.035824,0.9167
136,0.015864,0.9490,0.035946,0.9167
137,0.015779,0.9490,0.035769,0.9167
138,0.016042,0.9490,0.035870,0.9167
139,0.015815,0.9490,0.035811,0.9167
140,0.015763,0.9490,0.035766,0.9167
141,0.015776,0.9490,0.035662,0.9167
142,0.015738,0.9490,0.035710,0.9167
143,0.015685,0.9490,0.035833,0.9167
144,0.015688,0.9490,0.035644,0.9167
145,0.015655,0.9490,0.035712,0.9167
146,0.015806,0.9490,0.035626,0.9167
147,0.015596,0.9490,0.035735,0.9167
148,0.015530,0.9490,0.035619,0.9167
149,0.015503,0.9490,0.035543,0.9167
150,0.015471,0.9490,0.035677,0.9167
151,0.015486,0.9490,0.035618,0.9167
152,0.015512,0.9490,0.035624,0.9167
153,0.015410,0.9490,0.035567,0.9167
154,0.015520,0.9490,0.035688,0.9167
155,0.015391,0.9490,0.035591,0.9167
156,0.015370,0.9490,0.035535,0.9167
157,0.015526,0.9490,0.035683,0.9167
158,0.015373,0.9490,0.035508,0.9167
159,0.015286,0.9490,0.035564,0.9167
160,0.015279,0.9490,0.035487,0.9167
161,0.015381,0.9490,0.035633,0.9167
162,0.015244,0.9490,0.035536,0.9167
163,0.015186,0.9490,0.035414,0.9167
164,0.015272,0.9490,0.035604,0.9167
165,0.015186,0.9490,0.035414,0.9167
166,0.015148,0.9490,0.035471,0.9167
167,0.015137,0.9490,0.035438,0.9167
168,0.015149,0.9490,0.035413,0.9167
169,0.015180,0.9490,0.035613,0.9167
170,0.015086,0.9490,0.035355,0.9167
171,0.015020,0.9490,0.035332,0.9167
172,0.014998,0.9490,0.035340,0.9167
173,0.015013,0.9490,0.035261,0.9167
174,0.014949,0.9490,0.035369,0.9167
175,0.015016,0.9490,0.035533,0.9167
176,0.014932,0.9490,0.035318,0.9167
177,0.014943,0.9490,0.035285,0.9167
178,0.014972,0.9490,0.035258,0.9167
179,0.014866,0.9490,0.035357,0.9167
180,0.014883,0.9490,0.035245,0.9167
181,0.014815,0.9592,0.035276,0.9167
182,0.014806,0.9592,0.035220,0.9167
183,0.014790,0.9490,0.035159,0.9167
184,0.014736,0.9592,0.035179,0.9167
185,0.014806,0.9592,0.035288,0.9167
186,0.014702,0.9592,0.035087,0.9167
187,0.014660,0.9592,0.035173,0.9167
188,0.014787,0.9490,0.035457,0.9167
189,0.014632,0.9592,0.035205,0.9167
190,0.014623,0.9592,0.035036,0.9167
191,0.014726,0.9490,0.035176,0.9167
192,0.014606,0.9592,0.035025,0.9167
193,0.014572,0.9592,0.035092,0.9167
194,0.014509,0.9592,0.035044,0.9167
195,0.014508,0.9592,0.035031,0.9167
196,0.014497,0.9592,0.035012,0.9167
197,0.014562,0.9592,0.035082,0.9167
198,0.014485,0.9592,0.035033,0.9167
199,0.014478,0.9592,0.034997,0.9167
200,0.014450,0.9592,0.034998,0.9167
1,0.130101,0.4898,0.116154,0.7500
2,0.109132,0.6122,0.085078,0.8750
3,0.079368,0.8265,0.063449,0.9167
4,0.067446,0.8878,0.051700,0.9167
5,0.057991,0.8980,0.046388,0.9167
6,0.051439,0.9082,0.042871,0.9167
7,0.045617,0.9184,0.041037,0.9167
8,0.048261,0.9082,0.040332,0.9167
9,0.056418,0.8776,0.038919,0.9167
10,0.046003,0.9082,0.039549,0.9167
11,0.043351,0.9184,0.039230,0.9167
12,0.041324,0.9184,0.038611,0.9167
13,0.041727,0.9184,0.038201,0.9167
14,0.045278,0.9082,0.038034,0.9167
15,0.039846,0.9184,0.038066,0.9167
16,0.045899,0.8980,0.038124,0.9167
17,0.039270,0.9286,0.038354,0.9167
18,0.038801,0.9184,0.038429,0.9167
19,0.057529,0.8571,0.038174,0.9167
20,0.031892,0.9286,0.037857,0.9167
21,0.038843,0.8980,0.037530,0.9167
22,0.034073,0.9286,0.037625,0.9167
23,0.039426,0.9082,0.037541,0.9167
24,0.034875,0.9286,0.037394,0.9167
25,0.029882,0.9490,0.037517,0.9167
26,0.034728,0.9388,0.037365,0.9167
27,0.036618,0.9082,0.037493,0.9167
28,0.040130,0.9082,0.037638,0.9167
29,0.028791,0.9388,0.037610,0.9167
30,0.040488,0.8980,0.037288,0.9167
31,0.041765,0.9082,0.037423,0.9167
32,0.040342,0.9082,0.037042,0.9167
33,0.026215,0.9490,0.037057,0.9167
34,0.037704,0.9286,0.037095,0.9167
35,0.048680,0.8776,0.037186,0.9167
36,0.033891,0.9184,0.037308,0.9167
37,0.035906,0.9286,0.037375,0.9167
38,0.032311,0.9388,0.037491,0.9167
39,0.034527,0.9388,0.037414,0.9167
40,0.023117,0.9490,0.037453,0.9167
41,0.034566,0.9286,0.037271,0.9167
42,0.032952,0.9286,0.037165,0.9167
43,0.031511,0.9286,0.037317,0.9167
44,0.039702,0.8878,0.037101,0.9167
45,0.036270,0.9286,0.037065,0.9167
46,0.044888,0.8980,0.037076,0.9167
47,0.029801,0.9286,0.036985,0.9167
48,0.033260,0.9286,0.036948,0.9167
49,0.035114,0.9286,0.036826,0.9167
50,0.030554,0.9286,0.036832,0.9167
51,0.035568,0.8980,0.036656,0.9167
52,0.027357,0.9388,0.036620,0.9167
53,0.034693,0.9082,0.036692,0.9167
54,0.033023,0.9286,0.036737,0.9167
55,0.039065,0.9184,0.036661,0.9167
56,0.034258,0.9082,0.036662,0.9167
57,0.036954,0.9184,0.036593,0.9167
58,0.042771,0.9082,0.036627,0.9167
59,0.046612,0.8878,0.036567,0.9167
60,0.035917,0.8878,0.036473,0.9167
61,0.033367,0.8980,0.036408,0.9167
62,0.026486,0.9490,0.036563,0.9167
63,0.030127,0.9388,0.036667,0.9167
64,0.034767,0.9286,0.036697,0.9167
65,0.033805,0.9490,0.036635,0.9167
66,0.039210,0.9184,0.036674,0.9167
67,0.036580,0.9082,0.036663,0.9167
68,0.035692,0.9286,0.036636,0.9167
69,0.032601,0.9286,0.036442,0.9167
70,0.036103,0.9082,0.036442,0.9167
71,0.032210,0.9184,0.036562,0.9167
72,0.031109,0.9184,0.036607,0.9167
73,0.024853,0.9490,0.036663,0.9167
74,0.037879,0.9184,0.036759,0.9167
75,0.038750,0.9184,0.036826,0.9167
76,0.029472,0.9286,0.036793,0.9167
77,0.032859,0.9388,0.036799,0.9167
78,0.027746,0.9388,0.036761,0.9167
79,0.033562,0.9184,0.036804,0.9167
80,0.030377,0.9388,0.037002,0.9167
81,0.033087,0.9082,0.036964,0.9167
82,0.042456,0.8980,0.036746,0.9167
83,0.033160,0.9184,0.036658,0.9167
84,0.033802,0.9184,0.036487,0.9167
85,0.029395,0.9388,0.036454,0.9167
86,0.036005,0.9184,0.036502,0.9167
87,0.032778,0.9082,0.036456,0.9167
88,0.036640,0.9082,0.036423,0.9167
89,0.036749,0.9184,0.036379,0.9167
90,0.033955,0.9286,0.036273,0.9167
91,0.033153,0.9286,0.036355,0.9167
92,0.032123,0.9388,0.036342,0.9167
93,0.041706,0.8980,0.036262,0.9167
94,0.031669,0.9388,0.036360,0.9167
95,0.035756,0.9184,0.036397,0.9167
96,0.030829,0.9388,0.036431,0.9167
97,0.031516,0.9286,0.036343,0.9167
98,0.033204,0.9388,0.036285,0.9167
99,0.031335,0.9286,0.036297,0.9167
100,0.033713,0.9286,0.036239,0.9167
101,0.026195,0.9388,0.036362,0.9167
102,0.024271,0.9490,0.036368,0.9167
103,0.031948,0.9184,0.036364,0.9167
104,0.031904,0.9082,0.036499,0.9167
105,0.027504,0.9490,0.036427,0.9167
106,0.035457,0.9286,0.036566,0.9167
107,0.024872,0.9388,0.036535,0.9167
108,0.038126,0.9082,0.036439,0.9167
109,0.030960,0.9184,0.036392,0.9167
110,0.036190,0.9286,0.036332,0.9167
111,0.030515,0.9184,0.036431,0.9167
112,0.037467,0.9082,0.036409,0.9167
113,0.033853,0.9286,0.036359,0.9167
114,0.033414,0.9286,0.036384,0.9167
115,0.025808,0.9490,0.036465,0.9167
116,0.027026,0.9490,0.036386,0.9167
117,0.024651,0.9490,0.036472,0.9167
118,0.028901,0.9184,0.036452,0.9167
119,0.032638,0.9286,0.036492,0.9167
120,0.029839,0.9388,0.036311,0.9167
121,0.032526,0.9184,0.036316,0.9167
122,0.038625,0.9184,0.036399,0.9167
123,0.038541,0.9184,0.036293,0.9167
124,0.028504,0.9286,0.036152,0.9167
125,0.029642,0.9286,0.036182,0.9167
126,0.032759,0.9388,0.036179,0.9167
127,0.036129,0.9082,0.036168,0.9167
128,0.031681,0.9286,0.036284,0.9167
129,0.026118,0.9490,0.036290,0.9167
130,0.035786,0.9184,0.036195,0.9167
131,0.025984,0.9388,0.036188,0.9167
132,0.030029,0.9184,0.036295,0.9167
133,0.025806,0.9490,0.036380,0.9167
134,0.031513,0.9286,0.036452,0.9167
135,0.028726,0.9490,0.036422,0.9167
136,0.034085,0.9184,0.036360,0.9167
137,0.028515,0.9286,0.036259,0.9167
138,0.033562,0.9286,0.036223,0.9167
139,0.031934,0.9286,0.036115,0.9167
140,0.036530,0.9184,0.036026,0.9167
141,0.032744,0.9286,0.036113,0.9167
142,0.031650,0.9286,0.036028,0.9167
143,0.029719,0.9388,0.036061,0.9167
144,0.033735,0.9286,0.035961,0.9167
145,0.038721,0.9286,0.036004,0.9167
146,0.030948,0.9286,0.036062,0.9167
147,0.038678,0.8980,0.035975,0.9167
148,0.032536,0.9286,0.035917,0.9167
149,0.051916,0.8776,0.035859,0.9167
150,0.040664,0.9082,0.035860,0.9167
151,0.034922,0.9286,0.035871,0.9167
152,0.027565,0.9286,0.035985,0.9167
153,0.026491,0.9388,0.035993,0.9167
154,0.030562,0.9184,0.035979,0.9167
155,0.035445,0.9184,0.036081,0.9167
156,0.027683,0.9286,0.036082,0.9167
157,0.048284,0.8776,0.036106,0.9167
158,0.024520,0.9286,0.036061,0.9167
159,0.022440,0.9592,0.036133,0.9167
160,0.021891,0.9388,0.036098,0.9167
161,0.029494,0.9388,0.036104,0.9167
162,0.029209,0.9388,0.036160,0.9167
163,0.034045,0.9082,0.036129,0.9167
164,0.031014,0.9286,0.036120,0.9167
165,0.030563,0.9388,0.036166,0.9167
166,0.028165,0.9388,0.036174,0.9167
167,0.024257,0.9490,0.036194,0.9167
168,0.032018,0.9388,0.036203,0.9167
169,0.022282,0.9388,0.036158,0.9167
170,0.032828,0.9286,0.036121,0.9167
171,0.028530,0.9286,0.036101,0.9167
172,0.025705,0.9286,0.036144,0.9167
173,0.034816,0.9184,0.036160,0.9167
174,0.034054,0.8980,0.036118,0.9167
175,0.027264,0.9286,0.036223,0.9167
176,0.021504,0.9388,0.036206,0.9167
177,0.037541,0.9286,0.036207,0.9167
178,0.030264,0.9184,0.036283,0.9167
179,0.033962,0.9184,0.036267,0.9167
180,0.033413,0.9286,0.036220,0.9167
181,0.036805,0.9082,0.036256,0.9167
182,0.032132,0.9082,0.036241,0.9167
183,0.036894,0.9082,0.036194,0.9167
184,0.029043,0.9184,0.036148,0.9167
185,0.033889,0.9184,0.036178,0.9167
186,0.025435,0.9286,0.036175,0.9167
187,0.036509,0.8980,0.036101,0.9167
188,0.031014,0.9286,0.036106,0.9167
189,0.026593,0.9286,0.036155,0.9167
190,0.032779,0.9082,0.036168,0.9167
191,0.029899,0.9388,0.036183,0.9167
192,0.034049,0.9082,0.036136,0.9167
193,0.024899,0.9490,0.036165,0.9167
194,0.036499,0.9082,0.036099,0.9167
195,0.025560,0.9388,0.036089,0.9167
196,0.022968,0.9388,0.036133,0.9167
197,0.038829,0.9184,0.036048,0.9167
198,0.026270,0.9388,0.036166,0.9167
199,0.031763,0.9388,0.036218,0.9167
200,0.023647,0.9490,0.036196,0.9167
1,0.130101,0.4898,0.116154,0.7500
2,0.109132,0.6122,0.085078,0.8750
3,0.079368,0.8265,0.063449,0.9167
4,0.067446,0.8878,0.051700,0.9167
5,0.057991,0.8980,0.046388,0.9167
6,0.051439,0.9082,0.042871,0.9167
7,0.045617,0.9184,0.041037,0.9167
8,0.048261,0.9082,0.040332,0.9167
9,0.056418,0.8776,0.038919,0.9167
10,0.046003,0.9082,0.039549,0.9167
11,0.043351,0.9184,0.039230,0.9167
12,0.041324,0.9184,0.038611,0.9167
13,0.041727,0.9184,0.038201,0.9167
14,0.045278,0.9082,0.038034,0.9167
15,0.039846,0.9184,0.038066,0.9167
16,0.045899,0.8980,0.038124,0.9167
17,0.039270,0.9286,0.038354,0.9167
18,0.038801,0.9184,0.038429,0.9167
19,0.057529,0.8571,0.038174,0.9167
20,0.031892,0.9286,0.037857,0.9167
21,0.038843,0.8980,0.037530,0.9167
22,0.034073,0.9286,0.037625,0.9167
23,0.039426,0.9082,0.037541,0.9167
24,0.034875,0.9286,0.037394,0.9167
25,0.029882,0.9490,0.037517,0.9167
26,0.034728,0.9388,0.037365,0.9167
27,0.036618,0.9082,0.037493,0.9167
28,0.040130,0.9082,0.037638,0.9167
29,0.028791,0.9388,0.037610,0.9167
30,0.040488,0.8980,0.037288,0.9167
31,0.041765,0.9082,0.037423,0.9167
32,0.040342,0.9082,0.037042,0.9167
33,0.026215,0.9490,0.037057,0.9167
34,0.037704,0.9286,0.037095,0.9167
35,0.048680,0.8776,0.037186,0.9167
36,0.033891,0.9184,0.037308,0.9167
37,0.035906,0.9286,0.037375,0.9167
38,0.032311,0.9388,0.037491,0.9167
39,0.034527,0.9388,0.037414,0.9167
40,0.023117,0.9490,0.037453,0.9167
41,0.034566,0.9286,0.037271,0.9167
42,0.032952,0.9286,0.037165,0.9167
43,0.031511,0.9286,0.037317,0.9167
44,0.039702,0.8878,0.037101,0.9167
45,0.036270,0.9286,0.037065,0.9167
46,0.044888,0.8980,0.037076,0.9167
47,0.029801,0.9286,0.036985,0.9167
48,0.033260,0.9286,0.036948,0.9167
49,0.035114,0.9286,0.036826,0.9167
50,0.030554,0.9286,0.036832,0.9167
51,0.035568,0.8980,0.036656,0.9167
52,0.027357,0.9388,0.036620,0.9167
53,0.034693,0.9082,0.036692,0.9167
54,0.033023,0.9286,0.036737,0.9167
55,0.039065,0.9184,0.036661,0.9167
56,0.034258,0.9082,0.036662,0.9167
57,0.036954,0.9184,0.036593,0.9167
58,0.042771,0.9082,0.036627,0.9167
59,0.046612,0.8878,0.036567,0.9167
60,0.035917,0.8878,0.036473,0.9167
61,0.033367,0.8980,0.036408,0.9167
62,0.026486,0.9490,0.036563,0.9167
63,0.030127,0.9388,0.036667,0.9167
64,0.034767,0.9286,0.036697,0.9167
65,0.033805,0.9490,0.036635,0.9167
66,0.039210,0.9184,0.036674,0.9167
67,0.036580,0.9082,0.036663,0.9167
68,0.035692,0.9286,0.036636,0.9167
69,0.032601,0.9286,0.036442,0.9167
70,0.036103,0.9082,0.036442,0.9167
71,0.032210,0.9184,0.036562,0.9167
72,0.031109,0.9184,0.036607,0.9167
73,0.024853,0.9490,0.036663,0.9167
74,0.037879,0.9184,0.036759,0.9167
75,0.038750,0.9184,0.036826,0.9167
76,0.029472,0.9286,0.036793,0.9167
77,0.032859,0.9388,0.036799,0.9167
78,0.027746,0.9388,0.036761,0.9167
79,0.033562,0.9184,0.036804,0.9167
80,0.030377,0.9388,0.037002,0.9167
81,0.033087,0.9082,0.036964,0.9167
82,0.042456,0.8980,0.036746,0.9167
83,0.033160,0.9184,0.036658,0.9167
84,0.033802,0.9184,0.036487,0.9167
85,0.029395,0.9388,0.036454,0.9167
86,0.036005,0.9184,0.036502,0.9167
87,0.032778,0.9082,0.036456,0.9167
88,0.036640,0.9082,0.036423,0.9167
89,0.036749,0.9184,0.036379,0.9167
90,0.033955,0.9286,0.036273,0.9167
91,0.033153,0.9286,0.036355,0.9167
92,0.032123,0.9388,0.036342,0.9167
93,0.041706,0.8980,0.036262,0.9167
94,0.031669,0.9388,0.036360,0.9167
95,0.035756,0.9184,0.036397,0.9167
96,0.030829,0.9388,0.036431,0.9167
97,0.031516,0.9286,0.036343,0.9167
98,0.033204,0.9388,0.036285,0.9167
99,0.031335,0.9286,0.036297,0.9167
100,0.033713,0.9286,0.036239,0.9167
101,0.026195,0.9388,0.036362,0.9167
102,0.024271,0.9490,0.036368,0.9167
103,0.031948,0.9184,0.036364,0.9167
104,0.031904,0.9082,0.036499,0.9167
105,0.027504,0.9490,0.036427,0.9167
106,0.035457,0.9286,0.036566,0.9167
107,0.024872,0.9388,0.036535,0.9167
108,0.038126,0.9082,0.036439,0.9167
109,0.030960,0.9184,0.036392,0.9167
110,0.036190,0.9286,0.036332,0.9167
111,0.030515,0.9184,0.036431,0.9167
112,0.037467,0.9082,0.036409,0.9167
113,0.033853,0.9286,0.036359,0.9167
114,0.033414,0.9286,0.036384,0.9167
115,0.025808,0.9490,0.036465,0.9167
116,0.027026,0.9490,0.036386,0.9167
117,0.024651,0.9490,0.036472,0.9167
118,0.028901,0.9184,0.036452,0.9167
119,0.032638,0.9286,0.036492,0.9167
120,0.029839,0.9388,0.036311,0.9167
121,0.032526,0.9184,0.036316,0.9167
122,0.038625,0.9184,0.036399,0.9167
123,0.038541,0.9184,0.036293,0.9167
124,0.028504,0.9286,0.036152,0.9167
125,0.029642,0.9286,0.036182,0.9167
126,0.032759,0.9388,0.036179,0.9167
127,0.036129,0.9082,0.036168,0.9167
128,0.031681,0.9286,0.036284,0.9167
129,0.026118,0.9490,0.036290,0.9167
130,0.035786,0.9184,0.036195,0.9167
131,0.025984,0.9388,0.036188,0.9167
132,0.030029,0.9184,0.036295,0.9167
133,0.025806,0.9490,0.036380,0.9167
134,0.031513,0.9286,0.036452,0.9167
135,0.028726,0.9490,0.036422,0.9167
136,0.034085,0.9184,0.036360,0.9167
137,0.028515,0.9286,0.036259,0.9167
138,0.033562,0.9286,0.036223,0.9167
139,0.031934,0.9286,0.036115,0.9167
140,0.036530,0.9184,0.036026,0.9167
141,0.032744,0.9286,0.036113,0.9167
142,0.031650,0.9286,0.036028,0.9167
143,0.029719,0.9388,0.036061,0.9167
144,0.033735,0.9286,0.035961,0.9167
145,0.038721,0.9286,0.036004,0.9167
146,0.030948,0.9286,0.036062,0.9167
147,0.038678,0.8980,0.035975,0.9167
148,0.032536,0.9286,0.035917,0.9167
149,0.051916,0.8776,0.035859,0.9167
150,0.040664,0.9082,0.035860,0.9167
151,0.034922,0.9286,0.035871,0.9167
152,0.027565,0.9286,0.035985,0.9167
153,0.026491,0.9388,0.035993,0.9167
154,0.030562,0.9184,0.035979,0.9167
155,0.035445,0.9184,0.036081,0.9167
156,0.027683,0.9286,0.036082,0.9167
157,0.048284,0.8776,0.036106,0.9167
158,0.024520,0.9286,0.036061,0.9167
159,0.022440,0.9592,0.036133,0.9167
160,0.021891,0.9388,0.036098,0.9167
161,0.029494,0.9388,0.036104,0.9167
162,0.029209,0.9388,0.036160,0.9167
163,0.034045,0.9082,0.036129,0.9167
164,0.031014,0.9286,0.036120,0.9167
165,0.030563,0.9388,0.036166,0.9167
166,0.028165,0.9388,0.036174,0.9167
167,0.024257,0.9490,0.036194,0.9167
168,0.032018,0.9388,0.036203,0.9167
169,0.022282,0.9388,0.036158,0.9167
170,0.032828,0.9286,0.036121,0.9167
171,0.028530,0.9286,0.036101,0.9167
172,0.025705,0.9286,0.036144,0.9167
173,0.034816,0.9184,0.036160,0.9167
174,0.034054,0.8980,0.036118,0.9167
175,0.027264,0.9286,0.036223,0.9167
176,0.021504,0.9388,0.036206,0.9167
177,0.037541,0.9286,0.036207,0.9167
178,0.030264,0.9184,0.036283,0.9167
179,0.033962,0.9184,0.036267,0.9167
180,0.033413,0.9286,0.036220,0.9167
181,0.036805,0.9082,0.036256,0.9167
182,0.032132,0.9082,0.036241,0.9167
183,0.036894,0.9082,0.036194,0.9167
184,0.029043,0.9184,0.036148,0.9167
185,0.033889,0.9184,0.036178,0.9167
186,0.025435,0.9286,0.036175,0.9167
187,0.036509,0.8980,0.036101,0.9167
188,0.031014,0.9286,0.036106,0.9167
189,0.026593,0.9286,0.036155,0.9167
190,0.032779,0.9082,0.036168,0.9167
191,0.029899,0.9388,0.036183,0.9167
192,0.034049,0.9082,0.036136,0.9167
193,0.024899,0.9490,0.036165,0.9167
194,0.036499,0.9082,0.036099,0.9167
195,0.025560,0.9388,0.036089,0.9167
196,0.022968,0.9388,0.036133,0.9167
197,0.038829,0.9184,0.036048,0.9167
198,0.026270,0.9388,0.036166,0.9167
199,0.031763,0.9388,0.036218,0.9167
200,0.023647,0.9490,0.036196,0.9167
1,0.126044,0.4898,0.117598,0.6667
2,0.095754,0.7347,0.052209,0.9167
3,0.040273,0.9388,0.037634,0.9167
4,0.030748,0.9388,0.037752,0.9167
5,0.028084,0.9388,0.033997,0.9167
6,0.025790,0.9388,0.033426,0.9167
7,0.023166,0.9388,0.037674,0.9167
8,0.023150,0.9388,0.032926,0.9167
9,0.020921,0.9388,0.032143,0.9167
10,0.020687,0.9388,0.032724,0.9167
11,0.019246,0.9388,0.035001,0.9167
12,0.019235,0.9388,0.034424,0.9167
13,0.019066,0.9388,0.034911,0.9167
14,0.018630,0.9388,0.034319,0.9167
15,0.018364,0.9388,0.034809,0.9167
16,0.018670,0.9388,0.035557,0.9167
17,0.017857,0.9388,0.034913,0.9167
18,0.017736,0.9388,0.034816,0.9167
19,0.017752,0.9388,0.035116,0.9167
20,0.017898,0.9388,0.035340,0.9167
21,0.017841,0.9388,0.035130,0.9167
22,0.017467,0.9388,0.035231,0.9167
23,0.017226,0.9388,0.035101,0.9167
24,0.017333,0.9388,0.035186,0.9167
25,0.017096,0.9388,0.035354,0.9167
26,0.017252,0.9388,0.035546,0.9167
27,0.017117,0.9388,0.035812,0.9167
28,0.017009,0.9388,0.035629,0.9167
29,0.017123,0.9388,0.035781,0.9167
30,0.017133,0.9388,0.035565,0.9167
31,0.017184,0.9388,0.036003,0.9167
32,0.016841,0.9388,0.035664,0.9167
33,0.016843,0.9388,0.035767,0.9167
34,0.016797,0.9388,0.035773,0.9167
35,0.016665,0.9388,0.035906,0.9167
36,0.016816,0.9388,0.035770,0.9167
37,0.016939,0.9388,0.035880,0.9167
38,0.016585,0.9388,0.035685,0.9167
39,0.016609,0.9388,0.035656,0.9167
40,0.016545,0.9388,0.035949,0.9167
41,0.016463,0.9388,0.035677,0.9167
42,0.016588,0.9490,0.035937,0.9167
43,0.016641,0.9388,0.035785,0.9167
44,0.016433,0.9388,0.035790,0.9167
45,0.016389,0.9388,0.035675,0.9167
46,0.016344,0.9490,0.036015,0.9167
47,0.016403,0.9388,0.035947,0.9167
48,0.016321,0.9388,0.035746,0.9167
49,0.016341,0.9388,0.035797,0.9167
50,0.016373,0.9490,0.035771,0.9167
51,0.016295,0.9490,0.035735,0.9167
52,0.016343,0.9490,0.035810,0.9167
53,0.016313,0.9388,0.035733,0.9167
54,0.016226,0.9388,0.035882,0.9167
55,0.016305,0.9388,0.035985,0.9167
56,0.016187,0.9490,0.035813,0.9167
57,0.016197,0.9490,0.035968,0.9167
58,0.016168,0.9490,0.035826,0.9167
59,0.016057,0.9490,0.035713,0.9167
60,0.016061,0.9490,0.035952,0.9167
61,0.016125,0.9490,0.035850,0.9167
62,0.016002,0.9490,0.035746,0.9167
63,0.016054,0.9490,0.035982,0.9167
64,0.016003,0.9490,0.035894,0.9167
65,0.016141,0.9490,0.035935,0.9167
66,0.015994,0.9490,0.035816,0.9167
67,0.015973,0.9490,0.035829,0.9167
68,0.015967,0.9490,0.035861,0.9167
69,0.015957,0.9490,0.035890,0.9167
70,0.015907,0.9490,0.035763,0.9167
71,0.016031,0.9490,0.035999,0.9167
72,0.015955,0.9490,0.035793,0.9167
73,0.015900,0.9490,0.035942,0.9167
74,0.015859,0.9490,0.035801,0.9167
75,0.015863,0.9490,0.035952,0.9167
76,0.015882,0.9490,0.036011,0.9167
77,0.015816,0.9490,0.035895,0.9167
78,0.015782,0.9490,0.035914,0.9167
79,0.015778,0.9490,0.035831,0.9167
80,0.015801,0.9490,0.035880,0.9167
81,0.015746,0.9490,0.035879,0.9167
82,0.015750,0.9490,0.035853,0.9167
83,0.015763,0.9490,0.035871,0.9167
84,0.015742,0.9490,0.035826,0.9167
85,0.015781,0.9490,0.035861,0.9167
86,0.015702,0.9490,0.035879,0.9167
87,0.015669,0.9490,0.035877,0.9167
88,0.015827,0.9490,0.036034,0.9167
89,0.015731,0.9490,0.035847,0.9167
90,0.015634,0.9490,0.035825,0.9167
91,0.015689,0.9490,0.035948,0.9167
92,0.015725,0.9490,0.035876,0.9167
93,0.015611,0.9490,0.035787,0.9167
94,0.015646,0.9490,0.035821,0.9167
95,0.015610,0.9490,0.035915,0.9167
96,0.015588,0.9490,0.035815,0.9167
97,0.015578,0.9592,0.035860,0.9167
98,0.015557,0.9592,0.035926,0.9167
99,0.015610,0.9592,0.035882,0.9167
100,0.015615,0.9490,0.035951,0.9167
101,0.015580,0.9592,0.035814,0.9167
102,0.015611,0.9490,0.035916,0.9167
103,0.015561,0.9490,0.035955,0.9167
104,0.015577,0.9490,0.035919,0.9167
105,0.015501,0.9592,0.035871,0.9167
106,0.015505,0.9592,0.035827,0.9167
107,0.015593,0.9490,0.035967,0.9167
108,0.015567,0.9490,0.035918,0.9167
109,0.015482,0.9592,0.035824,0.9167
110,0.015532,0.9592,0.035828,0.9167
111,0.015472,0.9592,0.035757,0.9167
112,0.015521,0.9490,0.035859,0.9167
113,0.015481,0.9592,0.035821,0.9167
114,0.015472,0.9592,0.035855,0.9167
115,0.015482,0.9592,0.035871,0.9167
116,0.015503,0.9592,0.035855,0.9167
117,0.015461,0.9592,0.035874,0.9167
118,0.015421,0.9592,0.035751,0.9167
119,0.015378,0.9592,0.035825,0.9167
120,0.015413,0.9592,0.035853,0.9167
121,0.015459,0.9592,0.035887,0.9167
122,0.015409,0.9592,0.035839,0.9167
123,0.015396,0.9592,0.035844,0.9167
124,0.015395,0.9592,0.035763,0.9167
125,0.015402,0.9592,0.035828,0.9167
126,0.015413,0.9592,0.035782,0.9167
127,0.015394,0.9592,0.035855,0.9167
128,0.015384,0.9592,0.035862,0.9167
129,0.015403,0.9592,0.035800,0.9167
130,0.015394,0.9592,0.035845,0.9167
131,0.015368,0.9592,0.035768,0.9167
132,0.015333,0.9592,0.035790,0.9167
133,0.015425,0.9592,0.035893,0.9167
134,0.015351,0.9592,0.035831,0.9167
135,0.015328,0.9592,0.035768,0.9167
136,0.015364,0.9592,0.035858,0.9167
137,0.015323,0.9592,0.035770,0.9167
138,0.015420,0.9592,0.035846,0.9167
139,0.015373,0.9592,0.035866,0.9167
140,0.015320,0.9592,0.035790,0.9167
141,0.015319,0.9592,0.035737,0.9167
142,0.015296,0.9592,0.035795,0.9167
143,0.015327,0.9592,0.035871,0.9167
144,0.015334,0.9592,0.035787,0.9167
145,0.015311,0.9592,0.035790,0.9167
146,0.015360,0.9592,0.035776,0.9167
147,0.015302,0.9592,0.035826,0.9167
148,0.015282,0.9592,0.035780,0.9167
149,0.015274,0.9592,0.035733,0.9167
150,0.015260,0.9592,0.035778,0.9167
151,0.015268,0.9592,0.035773,0.9167
152,0.015282,0.9592,0.035782,0.9167
153,0.015276,0.9592,0.035752,0.9167
154,0.015307,0.9592,0.035820,0.9167
155,0.015258,0.9592,0.035763,0.9167
156,0.015251,0.9592,0.035764,0.9167
157,0.015302,0.9592,0.035828,0.9167
158,0.015256,0.9592,0.035764,0.9167
159,0.015226,0.9592,0.035775,0.9167
160,0.015241,0.9592,0.035743,0.9167
161,0.015270,0.9592,0.035846,0.9167
162,0.015236,0.9592,0.035779,0.9167
163,0.015210,0.9592,0.035744,0.9167
164,0.015274,0.9592,0.035868,0.9167
165,0.015248,0.9592,0.035743,0.9167
166,0.015216,0.9592,0.035768,0.9167
167,0.015232,0.9592,0.035785,0.9167
168,0.015210,0.9592,0.035755,0.9167
169,0.015275,0.9592,0.035870,0.9167
170,0.015235,0.9592,0.035770,0.9167
171,0.015204,0.9592,0.035739,0.9167
172,0.015203,0.9592,0.035747,0.9167
173,0.015219,0.9592,0.035750,0.9167
174,0.015176,0.9592,0.035753,0.9167
175,0.015219,0.9592,0.035847,0.9167
176,0.015193,0.9592,0.035750,0.9167
177,0.015202,0.9592,0.035712,0.9167
178,0.015229,0.9592,0.035785,0.9167
179,0.015185,0.9592,0.035796,0.9167
180,0.015203,0.9592,0.035778,0.9167
181,0.015185,0.9592,0.035743,0.9167
182,0.015163,0.9592,0.035741,0.9167
183,0.015197,0.9592,0.035736,0.9167
184,0.015158,0.9592,0.035725,0.9167
185,0.015198,0.9592,0.035796,0.9167
186,0.015173,0.9592,0.035722,0.9167
187,0.015154,0.9592,0.035719,0.9167
188,0.015184,0.9592,0.035860,0.9167
189,0.015146,0.9592,0.035770,0.9167
190,0.015140,0.9592,0.035712,0.9167
191,0.015201,0.9592,0.035776,0.9167
192,0.015138,0.9592,0.035707,0.9167
193,0.015152,0.9592,0.035740,0.9167
194,0.015127,0.9592,0.035715,0.9167
195,0.015124,0.9592,0.035699,0.9167
196,0.015133,0.9592,0.035701,0.9167
197,0.015134,0.9592,0.035740,0.9167
198,0.015131,0.9592,0.035720,0.9167
199,0.015136,0.9592,0.035751,0.9167
200,0.015134,0.9592,0.035754,0.9167
1,0.126044,0.4898,0.117598,0.6667
2,0.095754,0.7347,0.052209,0.9167
3,0.040273,0.9388,0.037634,0.9167
4,0.030748,0.9388,0.037752,0.9167
5,0.028084,0.9388,0.033997,0.9167
6,0.025790,0.9388,0.033426,0.9167
7,0.023166,0.9388,0.037674,0.9167
8,0.023150,0.9388,0.032926,0.9167
9,0.020921,0.9388,0.032143,0.9167
10,0.020687,0.9388,0.032724,0.9167
11,0.019246,0.9388,0.035001,0.9167
12,0.019235,0.9388,0.034424,0.9167
13,0.019066,0.9388,0.034911,0.9167
14,0.018630,0.9388,0.034319,0.9167
15,0.018364,0.9388,0.034809,0.9167
16,0.018670,0.9388,0.035557,0.9167
17,0.017857,0.9388,0.034913,0.9167
18,0.017736,0.9388,0.034816,0.9167
19,0.017752,0.9388,0.035116,0.9167
20,0.017898,0.9388,0.035340,0.9167
21,0.017841,0.9388,0.035130,0.9167
22,0.017467,0.9388,0.035231,0.9167
23,0.017226,0.9388,0.035101,0.9167
24,0.017333,0.9388,0.035186,0.9167
25,0.017096,0.9388,0.035354,0.9167
26,0.017252,0.9388,0.035546,0.9167
27,0.017117,0.9388,0.035812,0.9167
28,0.017009,0.9388,0.035629,0.9167
29,0.017123,0.9388,0.035781,0.9167
30,0.017133,0.9388,0.035565,0.9167
31,0.017184,0.9388,0.036003,0.9167
32,0.016841,0.9388,0.035664,0.9167
33,0.016843,0.9388,0.035767,0.9167
34,0.016797,0.9388,0.035773,0.9167
35,0.016665,0.9388,0.035906,0.9167
36,0.016816,0.9388,0.035770,0.9167
37,0.016939,0.9388,0.035880,0.9167
38,0.016585,0.9388,0.035685,0.9167
39,0.016609,0.9388,0.035656,0.9167
40,0.016545,0.9388,0.035949,0.9167
41,0.016463,0.9388,0.035677,0.9167
42,0.016588,0.9490,0.035937,0.9167
43,0.016641,0.9388,0.035785,0.9167
44,0.016433,0.9388,0.035790,0.9167
45,0.016389,0.9388,0.035675,0.9167
46,0.016344,0.9490,0.036015,0.9167
47,0.016403,0.9388,0.035947,0.9167
48,0.016321,0.9388,0.035746,0.9167
49,0.016341,0.9388,0.035797,0.9167
50,0.016373,0.9490,0.035771,0.9167
51,0.016295,0.9490,0.035735,0.9167
52,0.016343,0.9490,0.035810,0.9167
53,0.016313,0.9388,0.035733,0.9167
54,0.016226,0.9388,0.035882,0.9167
55,0.016305,0.9388,0.035985,0.9167
56,0.016187,0.9490,0.035813,0.9167
57,0.016197,0.9490,0.035968,0.9167
58,0.016168,0.9490,0.035826,0.9167
59,0.016057,0.9490,0.035713,0.9167
60,0.016061,0.9490,0.035952,0.9167
61,0.016125,0.9490,0.035850,0.9167
62,0.016002,0.9490,0.035746,0.9167
63,0.016054,0.9490,0.035982,0.9167
64,0.016003,0.9490,0.035894,0.9167
65,0.016141,0.9490,0.035935,0.9167
66,0.015994,0.9490,0.035816,0.9167
67,0.015973,0.9490,0.035829,0.9167
68,0.015967,0.9490,0.035861,0.9167
69,0.015957,0.9490,0.035890,0.9167
70,0.015907,0.9490,0.035763,0.9167
71,0.016031,0.9490,0.035999,0.9167
72,0.015955,0.9490,0.035793,0.9167
73,0.015900,0.9490,0.035942,0.9167
74,0.015859,0.9490,0.035801,0.9167
75,0.015863,0.9490,0.035952,0.9167
76,0.015882,0.9490,0.036011,0.9167
77,0.015816,0.9490,0.035895,0.9167
78,0.015782,0.9490,0.035914,0.9167
79,0.015778,0.9490,0.035831,0.9167
80,0.015801,0.9490,0.035880,0.9167
81,0.015746,0.9490,0.035879,0.9167
82,0.015750,0.9490,0.035853,0.9167
83,0.015763,0.9490,0.035871,0.9167
84,0.015742,0.9490,0.035826,0.9167
85,0.015781,0.9490,0.035861,0.9167
86,0.015702,0.9490,0.035879,0.9167
87,0.015669,0.9490,0.035877,0.9167
88,0.015827,0.9490,0.036034,0.9167
89,0.015731,0.9490,0.035847,0.9167
90,0.015634,0.9490,0.035825,0.9167
91,0.015689,0.9490,0.035948,0.9167
92,0.015725,0.9490,0.035876,0.9167
93,0.015611,0.9490,0.035787,0.9167
94,0.015646,0.9490,0.035821,0.9167
95,0.015610,0.9490,0.035915,0.9167
96,0.015588,0.9490,0.035815,0.9167
97,0.015578,0.9592,0.035860,0.9167
98,0.015557,0.9592,0.035926,0.9167
99,0.015610,0.9592,0.035882,0.9167
100,0.015615,0.9490,0.035951,0.9167
101,0.015580,0.9592,0.035814,0.9167
102,0.015611,0.9490,0.035916,0.9167
103,0.015561,0.9490,0.035955,0.9167
104,0.015577,0.9490,0.035919,0.9167
105,0.015501,0.9592,0.035871,0.9167
106,0.015505,0.9592,0.035827,0.9167
107,0.015593,0.9490,0.035967,0.9167
108,0.015567,0.9490,0.035918,0.9167
109,0.015482,0.9592,0.035824,0.9167
110,0.015532,0.9592,0.035828,0.9167
111,0.015472,0.9592,0.035757,0.9167
112,0.015521,0.9490,0.035859,0.9167
113,0.015481,0.9592,0.035821,0.9167
114,0.015472,0.9592,0.035855,0.9167
115,0.015482,0.9592,0.035871,0.9167
116,0.015503,0.9592,0.035855,0.9167
117,0.015461,0.9592,0.035874,0.9167
118,0.015421,0.9592,0.035751,0.9167
119,0.015378,0.9592,0.035825,0.9167
120,0.015413,0.9592,0.035853,0.9167
121,0.015459,0.9592,0.035887,0.9167
122,0.015409,0.9592,0.035839,0.9167
123,0.015396,0.9592,0.035844,0.9167
124,0.015395,0.9592,0.035763,0.9167
125,0.015402,0.9592,0.035828,0.9167
126,0.015413,0.9592,0.035782,0.9167
127,0.015394,0.9592,0.035855,0.9167
128,0.015384,0.9592,0.035862,0.9167
129,0.015403,0.9592,0.035800,0.9167
130,0.015394,0.9592,0.035845,0.9167
131,0.015368,0.9592,0.035768,0.9167
132,0.015333,0.9592,0.035790,0.9167
133,0.015425,0.9592,0.035893,0.9167
134,0.015351,0.9592,0.035831,0.9167
135,0.015328,0.9592,0.035768,0.9167
136,0.015364,0.9592,0.035858,0.9167
137,0.015323,0.9592,0.035770,0.9167
138,0.015420,0.9592,0.035846,0.9167
139,0.015373,0.9592,0.035866,0.9167
140,0.015320,0.9592,0.035790,0.9167
141,0.015319,0.9592,0.035737,0.9167
142,0.015296,0.9592,0.035795,0.9167
143,0.015327,0.9592,0.035871,0.9167
144,0.015334,0.9592,0.035787,0.9167
145,0.015311,0.9592,0.035790,0.9167
146,0.015360,0.9592,0.035776,0.9167
147,0.015302,0.9592,0.035826,0.9167
148,0.015282,0.9592,0.035780,0.9167
149,0.015274,0.9592,0.035733,0.9167
150,0.015260,0.9592,0.035778,0.9167
151,0.015268,0.9592,0.035773,0.9167
152,0.015282,0.9592,0.035782,0.9167
153,0.015276,0.9592,0.035752,0.9167
154,0.015307,0.9592,0.035820,0.9167
155,0.015258,0.9592,0.035763,0.9167
156,0.015251,0.9592,0.035764,0.9167
157,0.015302,0.9592,0.035828,0.9167
158,0.015256,0.9592,0.035764,0.9167
159,0.015226,0.9592,0.035775,0.9167
160,0.015241,0.9592,0.035743,0.9167
161,0.015270,0.9592,0.035846,0.9167
162,0.015236,0.9592,0.035779,0.9167
163,0.015210,0.9592,0.035744,0.9167
164,0.015274,0.9592,0.035868,0.9167
165,0.015248,0.9592,0.035743,0.9167
166,0.015216,0.9592,0.035768,0.9167
167,0.015232,0.9592,0.035785,0.9167
168,0.015210,0.9592,0.035755,0.9167
169,0.015275,0.9592,0.035870,0.9167
170,0.015235,0.9592,0.035770,0.9167
171,0.015204,0.9592,0.035739,0.9167
172,0.015203,0.9592,0.035747,0.9167
173,0.015219,0.9592,0.035750,0.9167
174,0.015176,0.9592,0.035753,0.9167
175,0.015219,0.9592,0.035847,0.9167
176,0.015193,0.9592,0.035750,0.9167
177,0.015202,0.9592,0.035712,0.9167
178,0.015229,0.9592,0.035785,0.9167
179,0.015185,0.9592,0.035796,0.9167
180,0.015203,0.9592,0.035778,0.9167
181,0.015185,0.9592,0.035743,0.9167
182,0.015163,0.9592,0.035741,0.9167
183,0.015197,0.9592,0.035736,0.9167
184,0.015158,0.9592,0.035725,0.9167
185,0.015198,0.9592,0.035796,0.9167
186,0.015173,0.9592,0.035722,0.9167
187,0.015154,0.9592,0.035719,0.9167
188,0.015184,0.9592,0.035860,0.9167
189,0.015146,0.9592,0.035770,0.9167
190,0.015140,0.9592,0.035712,0.9167
191,0.015201,0.9592,0.035776,0.9167
192,0.015138,0.9592,0.035707,0.9167
193,0.015152,0.9592,0.035740,0.9167
194,0.015127,0.9592,0.035715,0.9167
195,0.015124,0.9592,0.035699,0.9167
196,0.015133,0.9592,0.035701,0.9167
197,0.015134,0.9592,0.035740,0.9167
198,0.015131,0.9592,0.035720,0.9167
199,0.015136,0.9592,0.035751,0.9167
200,0.015134,0.9592,0.035754,0.9167
