n_hidden,learning_rate,reg_lambda,l1_lambda,dropout_rate,momentum,activation,optimizer,lr_decay,batch_size,weight_init,init_range,patience,val_loss,val_accuracy
[3],0.16999999999999998,0.0,0.002,0.05,0.2,tanh,adam,0.03,32,glorot,"(-0.1, 0.1)",20,0.031714418088199525,0.92
[5],0.15,0.002,0.0,0.05,0.7000000000000001,tanh,adam,0.03,16,he,"(-0.7, 0.7)",15,0.00929382375714066,1.0
[3],0.16999999999999998,0.004,0.0,0.1,0.8,tanh,sgd,0.0,64,xavier,"(-0.1, 0.1)",15,0.036817678969029786,0.9166666666666666
[5],0.06999999999999999,0.0,0.0,0.25,0.1,sigmoid,adam,0.01,8,range,"(-0.1, 0.1)",30,0.019606096597469935,0.9583333333333334
[4],0.06999999999999999,0.004,0.002,0.2,0.0,tanh,adam,0.0,64,he,"(-0.7, 0.7)",15,0.0553763517867236,0.875
[3],0.16999999999999998,0.004,0.0,0.05,0.2,tanh,adam,0.03,32,glorot,"(-0.1, 0.1)",20,0.036099306070617926,0.92
[5],0.15,0.002,0.0,0.05,0.7000000000000001,tanh,adam,0.03,16,he,"(-0.7, 0.7)",20,0.00929382375714066,1.0
[3],0.15,0.004,0.002,0.1,0.8,tanh,adam,0.04,8,xavier,"(-0.1, 0.1)",30,0.041297451285154656,0.9166666666666666
[4],0.10999999999999997,0.008,0.0,0.2,0.30000000000000004,tanh,adam,0.01,8,glorot,"(-0.5, 0.5)",30,0.02434621713202668,0.9583333333333334
[4],0.049999999999999996,0.004,0.002,0.25,0.0,tanh,adam,0.01,64,he,"(-0.7, 0.7)",20,0.052576192168092534,0.875
[3],0.16999999999999998,0.002,0.0,0.05,0.4,tanh,adam,0.01,32,glorot,"(-0.1, 0.1)",25,0.039069249210049714,0.92
[5],0.15,0.002,0.0,0.05,0.7000000000000001,tanh,adam,0.03,16,he,"(-0.7, 0.7)",25,0.00929382375714066,1.0
[4],0.049999999999999996,0.004,0.002,0.25,0.0,tanh,adam,0.01,64,he,"(-0.7, 0.7)",25,0.052576192168092534,0.875
[3],0.06999999999999999,0.0,0.002,0.1,0.2,tanh,adam,0.01,64,glorot,"(-0.5, 0.5)",20,0.009760454413971852,1.0
[3],0.16999999999999998,0.0,0.0,0.05,0.8,sigmoid,adam,0.03,16,he,"(-0.1, 0.1)",35,0.023189694850192566,0.9166666666666666
[3],0.06999999999999999,0.006,0.0,0.25,0.4,tanh,adam,0.03,32,glorot,"(-0.7, 0.7)",20,0.01594173069332779,1.0
[6],0.16999999999999998,0.002,0.002,0.0,0.4,tanh,adam,0.01,32,xavier,"(-0.1, 0.1)",20,0.050509906287846115,0.875
[4],0.16,0.0,0.0,0.1,0.7,sigmoid,sgd,0.0,2,gaussian,"(-0.5, 0.5)",15,0.026568886670373996,0.96
[4],0.16,0.0,0.0,0.1,0.7,sigmoid,sgd,0.0,2,gaussian,"(-0.1, 0.1)",15,0.03530396325781969,0.92
[4],0.16,0.0,0.0,0.1,0.75,sigmoid,sgd,0.0,2,gaussian,"(-0.5, 0.5)",15,0.02692472631064156,0.96
[4],0.16,0.0,0.0,0.1,0.75,sigmoid,sgd,0.0,2,gaussian,"(-0.1, 0.1)",15,0.038927760442158676,0.88
[4],0.16,0.0,0.0,0.1,0.8,sigmoid,sgd,0.0,2,gaussian,"(-0.5, 0.5)",15,0.0329953681219541,0.96
[4],0.16,0.0,0.0,0.1,0.8,sigmoid,sgd,0.0,2,gaussian,"(-0.1, 0.1)",15,0.0397450816702909,0.88
[4],0.16,0.0,0.0,0.1,0.8500000000000001,sigmoid,sgd,0.0,2,gaussian,"(-0.5, 0.5)",15,0.03486169973457004,0.96
[4],0.16,0.0,0.0,0.1,0.8500000000000001,sigmoid,sgd,0.0,2,gaussian,"(-0.1, 0.1)",15,0.03397954189059161,0.96
[4],0.16,0.0,0.0,0.0,0.7,sigmoid,sgd,0.0,2,gaussian,"(-0.5, 0.5)",15,0.042767660828260876,0.88
[4],0.16,0.0,0.0,0.0,0.7,sigmoid,sgd,0.0,2,gaussian,"(-0.1, 0.1)",15,0.03680995709444603,0.92
[4],0.16,0.0,0.0,0.0,0.75,sigmoid,sgd,0.0,2,gaussian,"(-0.5, 0.5)",15,0.04183655634575215,0.88
[4],0.16,0.0,0.0,0.0,0.75,sigmoid,sgd,0.0,2,gaussian,"(-0.1, 0.1)",15,0.03286479532850488,0.92
[4],0.16,0.0,0.0,0.0,0.8,sigmoid,sgd,0.0,2,gaussian,"(-0.5, 0.5)",15,0.04528578004111178,0.88
[4],0.16,0.0,0.0,0.0,0.8,sigmoid,sgd,0.0,2,gaussian,"(-0.1, 0.1)",15,0.02897307954409348,0.96
[4],0.16,0.0,0.0,0.0,0.8500000000000001,sigmoid,sgd,0.0,2,gaussian,"(-0.5, 0.5)",15,0.053071636730429014,0.88
[4],0.16,0.0,0.0,0.0,0.8500000000000001,sigmoid,sgd,0.0,2,gaussian,"(-0.1, 0.1)",15,0.029324808903962173,0.96
[4],0.16,0.0,0.0,0.15000000000000002,0.7,sigmoid,sgd,0.0,2,gaussian,"(-0.5, 0.5)",15,0.035336354005852735,0.92
[4],0.16,0.0,0.0,0.15000000000000002,0.7,sigmoid,sgd,0.0,2,gaussian,"(-0.1, 0.1)",15,0.029122690162319748,0.96
[4],0.16,0.0,0.0,0.15000000000000002,0.75,sigmoid,sgd,0.0,2,gaussian,"(-0.5, 0.5)",15,0.0334888805100512,0.96
[4],0.16,0.0,0.0,0.15000000000000002,0.75,sigmoid,sgd,0.0,2,gaussian,"(-0.1, 0.1)",15,0.03177933068286989,0.92
[4],0.16,0.0,0.0,0.15000000000000002,0.8,sigmoid,sgd,0.0,2,gaussian,"(-0.5, 0.5)",15,0.03537519544895448,0.96
[4],0.16,0.0,0.0,0.15000000000000002,0.8,sigmoid,sgd,0.0,2,gaussian,"(-0.1, 0.1)",15,0.030818706336670477,0.92
[4],0.16,0.0,0.0,0.15000000000000002,0.8500000000000001,sigmoid,sgd,0.0,2,gaussian,"(-0.5, 0.5)",15,0.03778988231108866,0.92
[4],0.16,0.0,0.0,0.15000000000000002,0.8500000000000001,sigmoid,sgd,0.0,2,gaussian,"(-0.1, 0.1)",15,0.03347711674272829,0.92
[4],0.16,0.0,0.0,0.05,0.7,sigmoid,sgd,0.0,2,gaussian,"(-0.5, 0.5)",15,0.029854942022908594,0.96
[4],0.16,0.0,0.0,0.05,0.7,sigmoid,sgd,0.0,2,gaussian,"(-0.1, 0.1)",15,0.03063168013098838,0.92
[4],0.16,0.0,0.0,0.05,0.75,sigmoid,sgd,0.0,2,gaussian,"(-0.5, 0.5)",15,0.030091453976636727,0.92
[4],0.16,0.0,0.0,0.05,0.75,sigmoid,sgd,0.0,2,gaussian,"(-0.1, 0.1)",15,0.03216684306730451,0.92
[4],0.16,0.0,0.0,0.05,0.8,sigmoid,sgd,0.0,2,gaussian,"(-0.5, 0.5)",15,0.033013481084022744,0.96
[4],0.16,0.0,0.0,0.05,0.8,sigmoid,sgd,0.0,2,gaussian,"(-0.1, 0.1)",15,0.03572967248839429,0.92
[4],0.16,0.0,0.0,0.05,0.8500000000000001,sigmoid,sgd,0.0,2,gaussian,"(-0.5, 0.5)",15,0.03639492351684106,0.88
[4],0.16,0.0,0.0,0.05,0.8500000000000001,sigmoid,sgd,0.0,2,gaussian,"(-0.1, 0.1)",15,0.029546523790394318,0.92
[4],0.16,0.0,0.0,0.25,0.8,sigmoid,sgd,0.0,2,gaussian,"(-0.5, 0.5)",15,0.01345516033494755,1.0
[4],0.16,0.0,0.0,0.25,0.8,sigmoid,sgd,0.0,2,gaussian,"(-0.1, 0.1)",15,0.0432459738828671,0.88
[4],0.16,0.0,0.0,0.25,0.9000000000000001,sigmoid,sgd,0.0,2,gaussian,"(-0.5, 0.5)",15,0.03715836755105059,0.92
[4],0.16,0.0,0.0,0.25,0.9000000000000001,sigmoid,sgd,0.0,2,gaussian,"(-0.1, 0.1)",15,0.048357597932426825,0.84
[4],0.16,0.0,0.0,0.25,0.75,sigmoid,sgd,0.0,2,gaussian,"(-0.5, 0.5)",15,0.012248792993079991,1.0
[4],0.16,0.0,0.0,0.25,0.75,sigmoid,sgd,0.0,2,gaussian,"(-0.1, 0.1)",15,0.03386847974398422,0.88
[4],0.16,0.0,0.0,0.0,0.9000000000000001,sigmoid,sgd,0.0,2,gaussian,"(-0.5, 0.5)",15,0.02430822707181639,0.92
[4],0.16,0.0,0.0,0.0,0.9000000000000001,sigmoid,sgd,0.0,2,gaussian,"(-0.1, 0.1)",15,0.031439201273807414,0.92
[4],0.16,0.0,0.0,0.2,0.8,sigmoid,sgd,0.0,2,gaussian,"(-0.5, 0.5)",15,0.022367548295760917,0.92
[4],0.16,0.0,0.0,0.2,0.8,sigmoid,sgd,0.0,2,gaussian,"(-0.1, 0.1)",15,0.0350454715163806,0.88
[4],0.16,0.0,0.0,0.2,0.9000000000000001,sigmoid,sgd,0.0,2,gaussian,"(-0.5, 0.5)",15,0.017298210714478124,1.0
[4],0.16,0.0,0.0,0.2,0.9000000000000001,sigmoid,sgd,0.0,2,gaussian,"(-0.1, 0.1)",15,0.05695415502408123,0.8
[4],0.16,0.0,0.0,0.2,0.75,sigmoid,sgd,0.0,2,gaussian,"(-0.5, 0.5)",15,0.023158288622515556,0.96
[4],0.16,0.0,0.0,0.2,0.75,sigmoid,sgd,0.0,2,gaussian,"(-0.1, 0.1)",15,0.02241019054692761,0.96
[4],0.01,0.0,0.0,0.25,0.8,sigmoid,sgd,0.0,2,gaussian,"(-0.5, 0.5)",15,0.0394842103381699,1.0
[4],0.01,0.0,0.0,0.25,0.8,sigmoid,sgd,0.0,2,gaussian,"(-0.1, 0.1)",15,0.03233426125510011,0.96
[4],0.01,0.0,0.0,0.25,0.9000000000000001,sigmoid,sgd,0.0,2,gaussian,"(-0.5, 0.5)",15,0.026518872453450647,0.96
[4],0.01,0.0,0.0,0.25,0.9000000000000001,sigmoid,sgd,0.0,2,gaussian,"(-0.1, 0.1)",15,0.02840832153357682,0.92
[4],0.01,0.0,0.0,0.25,0.75,sigmoid,sgd,0.0,2,gaussian,"(-0.5, 0.5)",15,0.05423380609350479,1.0
[4],0.01,0.0,0.0,0.25,0.75,sigmoid,sgd,0.0,2,gaussian,"(-0.1, 0.1)",15,0.040908247740948464,0.96
[4],0.01,0.0,0.0,0.0,0.8,sigmoid,sgd,0.0,2,gaussian,"(-0.5, 0.5)",15,0.03175794236278149,0.96
[4],0.01,0.0,0.0,0.0,0.8,sigmoid,sgd,0.0,2,gaussian,"(-0.1, 0.1)",15,0.02796975413382595,0.96
[4],0.01,0.0,0.0,0.0,0.9000000000000001,sigmoid,sgd,0.0,2,gaussian,"(-0.5, 0.5)",15,0.019417778499978028,0.96
[4],0.01,0.0,0.0,0.0,0.9000000000000001,sigmoid,sgd,0.0,2,gaussian,"(-0.1, 0.1)",15,0.017157846592897805,0.96
[4],0.01,0.0,0.0,0.0,0.75,sigmoid,sgd,0.0,2,gaussian,"(-0.5, 0.5)",15,0.04543267266134813,1.0
[4],0.01,0.0,0.0,0.0,0.75,sigmoid,sgd,0.0,2,gaussian,"(-0.1, 0.1)",15,0.03169459906062973,0.96
[4],0.01,0.0,0.0,0.2,0.8,sigmoid,sgd,0.0,2,gaussian,"(-0.5, 0.5)",15,0.03551587475242567,1.0
[4],0.01,0.0,0.0,0.2,0.8,sigmoid,sgd,0.0,2,gaussian,"(-0.1, 0.1)",15,0.030018921882739386,0.96
[4],0.01,0.0,0.0,0.2,0.9000000000000001,sigmoid,sgd,0.0,2,gaussian,"(-0.5, 0.5)",15,0.026505600231317268,0.92
[4],0.01,0.0,0.0,0.2,0.9000000000000001,sigmoid,sgd,0.0,2,gaussian,"(-0.1, 0.1)",15,0.023301230722136603,0.96
[4],0.01,0.0,0.0,0.2,0.75,sigmoid,sgd,0.0,2,gaussian,"(-0.5, 0.5)",15,0.051137990082352515,1.0
[4],0.01,0.0,0.0,0.2,0.75,sigmoid,sgd,0.0,2,gaussian,"(-0.1, 0.1)",15,0.03742612617110013,0.96
[4],0.16,0.0,0.0,0.25,0.8500000000000001,sigmoid,sgd,0.0,2,gaussian,"(-0.5, 0.5)",15,0.03656949003285375,0.9166666666666666
[4],0.16,0.0,0.0,0.25,0.8500000000000001,sigmoid,sgd,0.0,2,gaussian,"(-0.1, 0.1)",15,0.03188721402600643,0.9166666666666666
[4],0.16,0.0,0.0,0.2,0.8500000000000001,sigmoid,sgd,0.0,2,gaussian,"(-0.5, 0.5)",15,0.033078947394084304,0.9166666666666666
[4],0.16,0.0,0.0,0.2,0.8500000000000001,sigmoid,sgd,0.0,2,gaussian,"(-0.1, 0.1)",15,0.0353649600440846,0.9166666666666666
[4],0.16,0.0,0.0,0.15000000000000002,0.9000000000000001,sigmoid,sgd,0.0,2,gaussian,"(-0.5, 0.5)",15,0.02882784013353676,0.9166666666666666
[4],0.16,0.0,0.0,0.15000000000000002,0.9000000000000001,sigmoid,sgd,0.0,2,gaussian,"(-0.1, 0.1)",15,0.0361412596293517,0.9166666666666666
[4],0.01,0.0,0.0,0.25,0.8500000000000001,sigmoid,sgd,0.0,2,gaussian,"(-0.5, 0.5)",15,0.041034764405013927,0.9166666666666666
[4],0.01,0.0,0.0,0.25,0.8500000000000001,sigmoid,sgd,0.0,2,gaussian,"(-0.1, 0.1)",15,0.037582870303997803,0.9166666666666666
[4],0.01,0.0,0.0,0.0,0.8500000000000001,sigmoid,sgd,0.0,2,gaussian,"(-0.5, 0.5)",15,0.03794462748712834,0.9166666666666666
[4],0.01,0.0,0.0,0.0,0.8500000000000001,sigmoid,sgd,0.0,2,gaussian,"(-0.1, 0.1)",15,0.03689024101269833,0.9166666666666666
[4],0.01,0.0,0.0,0.2,0.8500000000000001,sigmoid,sgd,0.0,2,gaussian,"(-0.5, 0.5)",15,0.037888117517693366,0.9166666666666666
[4],0.01,0.0,0.0,0.2,0.8500000000000001,sigmoid,sgd,0.0,2,gaussian,"(-0.1, 0.1)",15,0.03790846134199314,0.9166666666666666
[4],0.01,0.0,0.0,0.15000000000000002,0.8,sigmoid,sgd,0.0,2,gaussian,"(-0.5, 0.5)",15,0.04321337966591989,0.9166666666666666
[4],0.01,0.0,0.0,0.15000000000000002,0.8,sigmoid,sgd,0.0,2,gaussian,"(-0.1, 0.1)",15,0.037499237600196196,0.9166666666666666
[4],0.01,0.0,0.0,0.15000000000000002,0.9000000000000001,sigmoid,sgd,0.0,2,gaussian,"(-0.5, 0.5)",15,0.03586516791595976,0.9166666666666666
[4],0.01,0.0,0.0,0.15000000000000002,0.9000000000000001,sigmoid,sgd,0.0,2,gaussian,"(-0.1, 0.1)",15,0.03655090171432473,0.9166666666666666
[4],0.01,0.0,0.0,0.15000000000000002,0.75,sigmoid,sgd,0.0,2,gaussian,"(-0.5, 0.5)",15,0.051151193098114445,0.9166666666666666
[4],0.01,0.0,0.0,0.15000000000000002,0.75,sigmoid,sgd,0.0,2,gaussian,"(-0.1, 0.1)",15,0.03865087188364709,0.9166666666666666
[4],0.01,0.0,0.0,0.15000000000000002,0.8500000000000001,sigmoid,sgd,0.0,2,gaussian,"(-0.5, 0.5)",15,0.03746714143875985,0.9166666666666666
[4],0.01,0.0,0.0,0.15000000000000002,0.8500000000000001,sigmoid,sgd,0.0,2,gaussian,"(-0.1, 0.1)",15,0.03742434643652251,0.9166666666666666
[4],0.01,0.0,0.0,0.0,0.8500000000000001,tanh,adam,0.0,2,gaussian,"(-0.5, 0.5)",15,0.02387185697660954,0.96
[4],0.16,0.0,0.0,0.15000000000000002,0.9000000000000001,tanh,sgd,0.0,2,glorot,"(-0.5, 0.5)",15,0.002030262132272169,1.0
[4],0.16,0.0,0.0,0.0,0.8,sigmoid,sgd,0.0,4,gaussian,"(-0.5, 0.5)",15,0.006364076558067617,1.0
[4],0.16,0.0,0.0,0.0,0.8,sigmoid,sgd,0.0,4,gaussian,"(-0.1, 0.1)",15,0.010911801985264279,1.0
[4],0.16,0.0,0.0,0.0,0.8,sigmoid,sgd,0.0,8,gaussian,"(-0.5, 0.5)",15,0.008459895643263129,1.0
[4],0.16,0.0,0.0,0.0,0.8,sigmoid,sgd,0.0,8,gaussian,"(-0.1, 0.1)",15,0.011715498010390157,1.0
[4],0.16,0.0,0.0,0.0,0.9000000000000001,sigmoid,sgd,0.0,4,gaussian,"(-0.5, 0.5)",15,0.028094150447322684,0.92
[4],0.16,0.0,0.0,0.0,0.9000000000000001,sigmoid,sgd,0.0,4,gaussian,"(-0.1, 0.1)",15,0.014217162615812842,1.0
[4],0.16,0.0,0.0,0.0,0.9000000000000001,sigmoid,sgd,0.0,8,gaussian,"(-0.5, 0.5)",15,0.010520866642036409,1.0
[4],0.16,0.0,0.0,0.0,0.9000000000000001,sigmoid,sgd,0.0,8,gaussian,"(-0.1, 0.1)",15,0.013257704763680787,0.96
[4],0.16,0.0,0.0,0.0,0.75,sigmoid,sgd,0.0,4,gaussian,"(-0.5, 0.5)",15,0.020420838881588032,0.96
[4],0.16,0.0,0.0,0.0,0.75,sigmoid,sgd,0.0,4,gaussian,"(-0.1, 0.1)",15,0.010833904517785093,1.0
[4],0.16,0.0,0.0,0.0,0.75,sigmoid,sgd,0.0,8,gaussian,"(-0.5, 0.5)",15,0.010368166760744727,1.0
[4],0.16,0.0,0.0,0.0,0.75,sigmoid,sgd,0.0,8,gaussian,"(-0.1, 0.1)",15,0.013925114296414225,1.0
[4],0.16,0.0,0.0,0.05,0.8,sigmoid,sgd,0.0,4,gaussian,"(-0.5, 0.5)",15,0.0270463710932681,0.92
[4],0.16,0.0,0.0,0.05,0.8,sigmoid,sgd,0.0,4,gaussian,"(-0.1, 0.1)",15,0.03134247876827668,0.88
[4],0.16,0.0,0.0,0.05,0.8,sigmoid,sgd,0.0,8,gaussian,"(-0.5, 0.5)",15,0.00927940193482811,1.0
[4],0.16,0.0,0.0,0.05,0.8,sigmoid,sgd,0.0,8,gaussian,"(-0.1, 0.1)",15,0.029910727358237747,0.92
[4],0.16,0.0,0.0,0.05,0.9000000000000001,sigmoid,sgd,0.0,4,gaussian,"(-0.5, 0.5)",15,0.03268416985375069,0.92
[4],0.16,0.0,0.0,0.05,0.9000000000000001,sigmoid,sgd,0.0,4,gaussian,"(-0.1, 0.1)",15,0.02398860348434519,0.96
[4],0.16,0.0,0.0,0.05,0.9000000000000001,sigmoid,sgd,0.0,8,gaussian,"(-0.5, 0.5)",15,0.019553256854757256,0.96
[4],0.16,0.0,0.0,0.05,0.9000000000000001,sigmoid,sgd,0.0,8,gaussian,"(-0.1, 0.1)",15,0.035491429969820715,0.88
[4],0.16,0.0,0.0,0.05,0.75,sigmoid,sgd,0.0,4,gaussian,"(-0.5, 0.5)",15,0.015396979574554472,0.96
[4],0.16,0.0,0.0,0.05,0.75,sigmoid,sgd,0.0,4,gaussian,"(-0.1, 0.1)",15,0.02553043259818343,0.88
[4],0.16,0.0,0.0,0.05,0.75,sigmoid,sgd,0.0,8,gaussian,"(-0.5, 0.5)",15,0.009954851524602392,1.0
[4],0.16,0.0,0.0,0.05,0.75,sigmoid,sgd,0.0,8,gaussian,"(-0.1, 0.1)",15,0.025538552870127643,0.92
[4],0.16,0.0,0.0,0.1,0.8,sigmoid,sgd,0.0,4,gaussian,"(-0.5, 0.5)",15,0.013579794363992958,0.96
[4],0.16,0.0,0.0,0.1,0.8,sigmoid,sgd,0.0,4,gaussian,"(-0.1, 0.1)",15,0.021312824289745194,0.96
[4],0.16,0.0,0.0,0.1,0.8,sigmoid,sgd,0.0,8,gaussian,"(-0.5, 0.5)",15,0.010039035391533396,1.0
[4],0.16,0.0,0.0,0.1,0.8,sigmoid,sgd,0.0,8,gaussian,"(-0.1, 0.1)",15,0.02464153256805661,0.96
[4],0.16,0.0,0.0,0.1,0.9000000000000001,sigmoid,sgd,0.0,4,gaussian,"(-0.5, 0.5)",15,0.027424310481225254,0.96
[4],0.16,0.0,0.0,0.1,0.9000000000000001,sigmoid,sgd,0.0,4,gaussian,"(-0.1, 0.1)",15,0.035445939085347586,0.88
[4],0.16,0.0,0.0,0.1,0.9000000000000001,sigmoid,sgd,0.0,8,gaussian,"(-0.5, 0.5)",15,0.011609876641849948,1.0
[4],0.16,0.0,0.0,0.1,0.9000000000000001,sigmoid,sgd,0.0,8,gaussian,"(-0.1, 0.1)",15,0.03160061466036823,0.88
[4],0.16,0.0,0.0,0.1,0.75,sigmoid,sgd,0.0,4,gaussian,"(-0.5, 0.5)",15,0.013656293691697206,1.0
[4],0.16,0.0,0.0,0.1,0.75,sigmoid,sgd,0.0,4,gaussian,"(-0.1, 0.1)",15,0.021197446831485733,0.96
[4],0.16,0.0,0.0,0.1,0.75,sigmoid,sgd,0.0,8,gaussian,"(-0.5, 0.5)",15,0.012966828139489546,1.0
[4],0.16,0.0,0.0,0.1,0.75,sigmoid,sgd,0.0,8,gaussian,"(-0.1, 0.1)",15,0.02274521329466974,0.96
[4],0.16,0.0,0.0,0.2,0.8,sigmoid,sgd,0.0,4,gaussian,"(-0.5, 0.5)",15,0.0234916460685466,0.96
[4],0.16,0.0,0.0,0.2,0.8,sigmoid,sgd,0.0,4,gaussian,"(-0.1, 0.1)",15,0.015997968492051203,1.0
[4],0.16,0.0,0.0,0.2,0.8,sigmoid,sgd,0.0,8,gaussian,"(-0.5, 0.5)",15,0.017139945750720573,1.0
[4],0.16,0.0,0.0,0.2,0.8,sigmoid,sgd,0.0,8,gaussian,"(-0.1, 0.1)",15,0.030784289784686926,0.92
[4],0.16,0.0,0.0,0.2,0.9000000000000001,sigmoid,sgd,0.0,4,gaussian,"(-0.5, 0.5)",15,0.028024348939614696,1.0
[4],0.16,0.0,0.0,0.2,0.9000000000000001,sigmoid,sgd,0.0,4,gaussian,"(-0.1, 0.1)",15,0.02170121586823154,0.96
[4],0.16,0.0,0.0,0.2,0.9000000000000001,sigmoid,sgd,0.0,8,gaussian,"(-0.5, 0.5)",15,0.025508972568778477,0.92
[4],0.16,0.0,0.0,0.2,0.9000000000000001,sigmoid,sgd,0.0,8,gaussian,"(-0.1, 0.1)",15,0.010587803045698237,1.0
[4],0.16,0.0,0.0,0.2,0.75,sigmoid,sgd,0.0,4,gaussian,"(-0.5, 0.5)",15,0.018245454434777576,1.0
[4],0.16,0.0,0.0,0.2,0.75,sigmoid,sgd,0.0,4,gaussian,"(-0.1, 0.1)",15,0.01381367784935595,1.0
[4],0.16,0.0,0.0,0.2,0.75,sigmoid,sgd,0.0,8,gaussian,"(-0.5, 0.5)",15,0.020198025346494695,0.96
[4],0.16,0.0,0.0,0.2,0.75,sigmoid,sgd,0.0,8,gaussian,"(-0.1, 0.1)",15,0.0282660334260698,0.92
[3],0.16,0.0,0.0,0.0,0.8,sigmoid,sgd,0.0,4,gaussian,"(-0.5, 0.5)",15,0.010041861589586778,0.96
[3],0.16,0.0,0.0,0.0,0.8,sigmoid,sgd,0.0,4,gaussian,"(-0.1, 0.1)",15,0.01345944974538211,1.0
[3],0.16,0.0,0.0,0.0,0.8,sigmoid,sgd,0.0,8,gaussian,"(-0.5, 0.5)",15,0.012320438326754939,1.0
[3],0.16,0.0,0.0,0.0,0.8,sigmoid,sgd,0.0,8,gaussian,"(-0.1, 0.1)",15,0.011893103660021092,1.0
[3],0.16,0.0,0.0,0.0,0.9000000000000001,sigmoid,sgd,0.0,4,gaussian,"(-0.5, 0.5)",15,0.012003403008786525,0.96
[3],0.16,0.0,0.0,0.0,0.9000000000000001,sigmoid,sgd,0.0,4,gaussian,"(-0.1, 0.1)",15,0.004205561044668479,1.0
[3],0.16,0.0,0.0,0.0,0.9000000000000001,sigmoid,sgd,0.0,8,gaussian,"(-0.5, 0.5)",15,0.036669201974703684,0.88
[3],0.16,0.0,0.0,0.0,0.9000000000000001,sigmoid,sgd,0.0,8,gaussian,"(-0.1, 0.1)",15,0.008791517153667675,1.0
[3],0.16,0.0,0.0,0.0,0.75,sigmoid,sgd,0.0,4,gaussian,"(-0.5, 0.5)",15,0.012585009167646188,1.0
[3],0.16,0.0,0.0,0.0,0.75,sigmoid,sgd,0.0,4,gaussian,"(-0.1, 0.1)",15,0.02474979209073878,0.92
[3],0.16,0.0,0.0,0.0,0.75,sigmoid,sgd,0.0,8,gaussian,"(-0.5, 0.5)",15,0.017263705000860375,1.0
[3],0.16,0.0,0.0,0.0,0.75,sigmoid,sgd,0.0,8,gaussian,"(-0.1, 0.1)",15,0.014991580760172445,1.0
[3],0.16,0.0,0.0,0.05,0.8,sigmoid,sgd,0.0,4,gaussian,"(-0.5, 0.5)",15,0.014818693571680445,0.96
[3],0.16,0.0,0.0,0.05,0.8,sigmoid,sgd,0.0,4,gaussian,"(-0.1, 0.1)",15,0.029041540635683948,0.88
[3],0.16,0.0,0.0,0.05,0.8,sigmoid,sgd,0.0,8,gaussian,"(-0.5, 0.5)",15,0.016329749828437226,0.96
[3],0.16,0.0,0.0,0.05,0.8,sigmoid,sgd,0.0,8,gaussian,"(-0.1, 0.1)",15,0.01511772383920446,0.96
[3],0.16,0.0,0.0,0.05,0.9000000000000001,sigmoid,sgd,0.0,4,gaussian,"(-0.5, 0.5)",15,0.015222952370470418,0.96
[3],0.16,0.0,0.0,0.05,0.9000000000000001,sigmoid,sgd,0.0,4,gaussian,"(-0.1, 0.1)",15,0.04745954447760962,0.84
[3],0.16,0.0,0.0,0.05,0.9000000000000001,sigmoid,sgd,0.0,8,gaussian,"(-0.5, 0.5)",15,0.00916432907441109,0.96
[3],0.16,0.0,0.0,0.05,0.9000000000000001,sigmoid,sgd,0.0,8,gaussian,"(-0.1, 0.1)",15,0.01753756584854416,0.96
[3],0.16,0.0,0.0,0.05,0.75,sigmoid,sgd,0.0,4,gaussian,"(-0.5, 0.5)",15,0.015060760285839357,0.96
[3],0.16,0.0,0.0,0.05,0.75,sigmoid,sgd,0.0,4,gaussian,"(-0.1, 0.1)",15,0.019442480746205262,0.96
[3],0.16,0.0,0.0,0.05,0.75,sigmoid,sgd,0.0,8,gaussian,"(-0.5, 0.5)",15,0.01893270161975998,0.96
[3],0.16,0.0,0.0,0.05,0.75,sigmoid,sgd,0.0,8,gaussian,"(-0.1, 0.1)",15,0.01584705503549322,0.96
[3],0.16,0.0,0.0,0.1,0.8,sigmoid,sgd,0.0,4,gaussian,"(-0.5, 0.5)",15,0.033447035014634315,0.92
[3],0.16,0.0,0.0,0.1,0.8,sigmoid,sgd,0.0,4,gaussian,"(-0.1, 0.1)",15,0.02757966554370095,0.88
[3],0.16,0.0,0.0,0.1,0.8,sigmoid,sgd,0.0,8,gaussian,"(-0.5, 0.5)",15,0.028789208972969212,0.92
[3],0.16,0.0,0.0,0.1,0.8,sigmoid,sgd,0.0,8,gaussian,"(-0.1, 0.1)",15,0.014957866967591079,1.0
[3],0.16,0.0,0.0,0.1,0.9000000000000001,sigmoid,sgd,0.0,4,gaussian,"(-0.5, 0.5)",15,0.0587700972595479,0.8
[3],0.16,0.0,0.0,0.1,0.9000000000000001,sigmoid,sgd,0.0,4,gaussian,"(-0.1, 0.1)",15,0.02723634265194289,0.92
[3],0.16,0.0,0.0,0.1,0.9000000000000001,sigmoid,sgd,0.0,8,gaussian,"(-0.5, 0.5)",15,0.023315836764008613,0.92
[3],0.16,0.0,0.0,0.1,0.9000000000000001,sigmoid,sgd,0.0,8,gaussian,"(-0.1, 0.1)",15,0.015604949935821738,1.0
[3],0.16,0.0,0.0,0.1,0.75,sigmoid,sgd,0.0,4,gaussian,"(-0.5, 0.5)",15,0.030629413706898187,0.92
[3],0.16,0.0,0.0,0.1,0.75,sigmoid,sgd,0.0,4,gaussian,"(-0.1, 0.1)",15,0.024427375011076554,0.92
[3],0.16,0.0,0.0,0.1,0.75,sigmoid,sgd,0.0,8,gaussian,"(-0.5, 0.5)",15,0.027118454843794756,0.92
[3],0.16,0.0,0.0,0.1,0.75,sigmoid,sgd,0.0,8,gaussian,"(-0.1, 0.1)",15,0.025582721084386636,0.92
[3],0.16,0.0,0.0,0.2,0.8,sigmoid,sgd,0.0,4,gaussian,"(-0.5, 0.5)",15,0.04606960467324803,0.84
[3],0.16,0.0,0.0,0.2,0.8,sigmoid,sgd,0.0,4,gaussian,"(-0.1, 0.1)",15,0.019679911887246694,0.96
[3],0.16,0.0,0.0,0.2,0.8,sigmoid,sgd,0.0,8,gaussian,"(-0.5, 0.5)",15,0.027996367680908022,0.88
[3],0.16,0.0,0.0,0.2,0.8,sigmoid,sgd,0.0,8,gaussian,"(-0.1, 0.1)",15,0.019787724630809325,0.92
[3],0.16,0.0,0.0,0.2,0.9000000000000001,sigmoid,sgd,0.0,4,gaussian,"(-0.5, 0.5)",15,0.060016061804090616,0.8
[3],0.16,0.0,0.0,0.2,0.9000000000000001,sigmoid,sgd,0.0,4,gaussian,"(-0.1, 0.1)",15,0.024307450529198783,0.96
[3],0.16,0.0,0.0,0.2,0.9000000000000001,sigmoid,sgd,0.0,8,gaussian,"(-0.5, 0.5)",15,0.025104572330247533,0.96
[3],0.16,0.0,0.0,0.2,0.9000000000000001,sigmoid,sgd,0.0,8,gaussian,"(-0.1, 0.1)",15,0.024967493932454444,0.92
[3],0.16,0.0,0.0,0.2,0.75,sigmoid,sgd,0.0,4,gaussian,"(-0.5, 0.5)",15,0.04379604883959462,0.84
[3],0.16,0.0,0.0,0.2,0.75,sigmoid,sgd,0.0,4,gaussian,"(-0.1, 0.1)",15,0.017420341924076342,0.96
[3],0.16,0.0,0.0,0.2,0.75,sigmoid,sgd,0.0,8,gaussian,"(-0.5, 0.5)",15,0.02714464673326303,0.92
[3],0.16,0.0,0.0,0.2,0.75,sigmoid,sgd,0.0,8,gaussian,"(-0.1, 0.1)",15,0.019520519028787965,0.96
[3],0.01,0.0,0.0,0.0,0.9000000000000001,sigmoid,sgd,0.0,8,gaussian,"(-0.1, 0.1)",15,0.0695563821245181,0.9166666666666666
[4],0.16,0.0,0.0,0.0,0.7,sigmoid,sgd,0.0,4,gaussian,"(-0.5, 0.5)",15,0.023046069060749037,0.9583333333333334
[4],0.16,0.0,0.0,0.0,0.7,sigmoid,sgd,0.0,4,gaussian,"(-0.1, 0.1)",15,0.022484421383561517,0.9583333333333334
[4],0.16,0.0,0.0,0.0,0.7,sigmoid,sgd,0.0,8,gaussian,"(-0.5, 0.5)",15,0.02131211631581752,0.9583333333333334
[4],0.16,0.0,0.0,0.0,0.7,sigmoid,sgd,0.0,8,gaussian,"(-0.1, 0.1)",15,0.022370107508058904,0.9583333333333334
[4],0.16,0.0,0.0,0.0,0.8500000000000001,sigmoid,sgd,0.0,4,gaussian,"(-0.5, 0.5)",15,0.027098646435060963,0.9583333333333334
[4],0.16,0.0,0.0,0.0,0.8500000000000001,sigmoid,sgd,0.0,4,gaussian,"(-0.1, 0.1)",15,0.026893014936595006,0.9166666666666666
[4],0.16,0.0,0.0,0.0,0.8500000000000001,sigmoid,sgd,0.0,8,gaussian,"(-0.5, 0.5)",15,0.022662442553026272,0.9583333333333334
[4],0.16,0.0,0.0,0.0,0.8500000000000001,sigmoid,sgd,0.0,8,gaussian,"(-0.1, 0.1)",15,0.021618075710985413,0.9583333333333334
[4],0.16,0.0,0.0,0.25,0.8,sigmoid,sgd,0.0,4,gaussian,"(-0.5, 0.5)",15,0.020756657431168724,0.9583333333333334
[4],0.16,0.0,0.0,0.25,0.8,sigmoid,sgd,0.0,4,gaussian,"(-0.1, 0.1)",15,0.025998775760783008,0.9583333333333334
[4],0.16,0.0,0.0,0.25,0.8,sigmoid,sgd,0.0,8,gaussian,"(-0.5, 0.5)",15,0.020694726819826734,0.9583333333333334
[4],0.16,0.0,0.0,0.25,0.8,sigmoid,sgd,0.0,8,gaussian,"(-0.1, 0.1)",15,0.021694855746561426,0.9583333333333334
[4],0.16,0.0,0.0,0.25,0.7,sigmoid,sgd,0.0,4,gaussian,"(-0.5, 0.5)",15,0.020249496180733736,0.9583333333333334
[4],0.16,0.0,0.0,0.25,0.7,sigmoid,sgd,0.0,4,gaussian,"(-0.1, 0.1)",15,0.019539894866726405,0.9583333333333334
[4],0.16,0.0,0.0,0.25,0.7,sigmoid,sgd,0.0,8,gaussian,"(-0.5, 0.5)",15,0.019897592832767055,0.9583333333333334
[4],0.16,0.0,0.0,0.25,0.7,sigmoid,sgd,0.0,8,gaussian,"(-0.1, 0.1)",15,0.01965387045098455,0.9583333333333334
[4],0.16,0.0,0.0,0.25,0.8500000000000001,sigmoid,sgd,0.0,4,gaussian,"(-0.5, 0.5)",15,0.0211754460252382,0.9583333333333334
[4],0.16,0.0,0.0,0.25,0.8500000000000001,sigmoid,sgd,0.0,4,gaussian,"(-0.1, 0.1)",15,0.028028164930627625,0.9583333333333334
[4],0.16,0.0,0.0,0.25,0.8500000000000001,sigmoid,sgd,0.0,8,gaussian,"(-0.5, 0.5)",15,0.021257946437076968,0.9583333333333334
[4],0.16,0.0,0.0,0.25,0.8500000000000001,sigmoid,sgd,0.0,8,gaussian,"(-0.1, 0.1)",15,0.02270473720292418,0.9583333333333334
[4],0.16,0.0,0.0,0.25,0.75,sigmoid,sgd,0.0,4,gaussian,"(-0.5, 0.5)",15,0.02052416800462317,0.9583333333333334
[4],0.16,0.0,0.0,0.25,0.75,sigmoid,sgd,0.0,4,gaussian,"(-0.1, 0.1)",15,0.02165345424999739,0.9583333333333334
[4],0.16,0.0,0.0,0.25,0.75,sigmoid,sgd,0.0,8,gaussian,"(-0.5, 0.5)",15,0.02022018072882826,0.9583333333333334
[4],0.16,0.0,0.0,0.25,0.75,sigmoid,sgd,0.0,8,gaussian,"(-0.1, 0.1)",15,0.020290520114260344,0.9583333333333334
[4],0.16,0.0,0.0,0.15000000000000002,0.8,sigmoid,sgd,0.0,4,gaussian,"(-0.5, 0.5)",15,0.022392802698069505,0.9583333333333334
[4],0.16,0.0,0.0,0.15000000000000002,0.8,sigmoid,sgd,0.0,4,gaussian,"(-0.1, 0.1)",15,0.024141870386148775,0.9583333333333334
[4],0.16,0.0,0.0,0.15000000000000002,0.8,sigmoid,sgd,0.0,8,gaussian,"(-0.5, 0.5)",15,0.02099981134938855,0.9583333333333334
[4],0.16,0.0,0.0,0.15000000000000002,0.8,sigmoid,sgd,0.0,8,gaussian,"(-0.1, 0.1)",15,0.021449935617720958,0.9583333333333334
[4],0.16,0.0,0.0,0.15000000000000002,0.7,sigmoid,sgd,0.0,4,gaussian,"(-0.5, 0.5)",15,0.021086533430308738,0.9583333333333334
[4],0.16,0.0,0.0,0.15000000000000002,0.7,sigmoid,sgd,0.0,4,gaussian,"(-0.1, 0.1)",15,0.022073129148748278,0.9583333333333334
[4],0.16,0.0,0.0,0.15000000000000002,0.7,sigmoid,sgd,0.0,8,gaussian,"(-0.5, 0.5)",15,0.020026673016148706,0.9583333333333334
[4],0.16,0.0,0.0,0.15000000000000002,0.7,sigmoid,sgd,0.0,8,gaussian,"(-0.1, 0.1)",15,0.020595624392982587,0.9583333333333334
[4],0.16,0.0,0.0,0.15000000000000002,0.8500000000000001,sigmoid,sgd,0.0,4,gaussian,"(-0.5, 0.5)",15,0.02380517316483371,0.9583333333333334
[4],0.16,0.0,0.0,0.15000000000000002,0.8500000000000001,sigmoid,sgd,0.0,4,gaussian,"(-0.1, 0.1)",15,0.02463323183578753,0.9583333333333334
[4],0.16,0.0,0.0,0.15000000000000002,0.8500000000000001,sigmoid,sgd,0.0,8,gaussian,"(-0.5, 0.5)",15,0.021580529287138592,0.9583333333333334
[4],0.16,0.0,0.0,0.15000000000000002,0.8500000000000001,sigmoid,sgd,0.0,8,gaussian,"(-0.1, 0.1)",15,0.022715370847419366,0.9583333333333334
[4],0.16,0.0,0.0,0.15000000000000002,0.75,sigmoid,sgd,0.0,4,gaussian,"(-0.5, 0.5)",15,0.02157217093214575,0.9583333333333334
[4],0.16,0.0,0.0,0.15000000000000002,0.75,sigmoid,sgd,0.0,4,gaussian,"(-0.1, 0.1)",15,0.023601092490864034,0.9583333333333334
[4],0.16,0.0,0.0,0.15000000000000002,0.75,sigmoid,sgd,0.0,8,gaussian,"(-0.5, 0.5)",15,0.0204713238284572,0.9583333333333334
[4],0.16,0.0,0.0,0.15000000000000002,0.75,sigmoid,sgd,0.0,8,gaussian,"(-0.1, 0.1)",15,0.0210649666757473,0.9583333333333334
[2],0.16,0.0,0.0,0.0,0.8,sigmoid,sgd,0.0,4,gaussian,"(-0.5, 0.5)",15,0.022777099702678747,0.9583333333333334
[2],0.16,0.0,0.0,0.0,0.8,sigmoid,sgd,0.0,4,gaussian,"(-0.1, 0.1)",15,0.021033136561469244,0.9583333333333334
[2],0.16,0.0,0.0,0.0,0.8,sigmoid,sgd,0.0,8,gaussian,"(-0.5, 0.5)",15,0.023162635779129036,0.9583333333333334
[2],0.16,0.0,0.0,0.0,0.8,sigmoid,sgd,0.0,8,gaussian,"(-0.1, 0.1)",15,0.021578211362461863,0.9583333333333334
[2],0.16,0.0,0.0,0.0,0.7,sigmoid,sgd,0.0,4,gaussian,"(-0.5, 0.5)",15,0.022915321231296987,0.9583333333333334
[2],0.16,0.0,0.0,0.0,0.7,sigmoid,sgd,0.0,4,gaussian,"(-0.1, 0.1)",15,0.02211520825135714,0.9583333333333334
[2],0.16,0.0,0.0,0.0,0.7,sigmoid,sgd,0.0,8,gaussian,"(-0.5, 0.5)",15,0.02286138824457051,0.9583333333333334
[2],0.16,0.0,0.0,0.0,0.7,sigmoid,sgd,0.0,8,gaussian,"(-0.1, 0.1)",15,0.021299161483739473,0.9583333333333334
[2],0.16,0.0,0.0,0.0,0.8500000000000001,sigmoid,sgd,0.0,4,gaussian,"(-0.5, 0.5)",15,0.023325287653085836,0.9583333333333334
[2],0.16,0.0,0.0,0.0,0.8500000000000001,sigmoid,sgd,0.0,4,gaussian,"(-0.1, 0.1)",15,0.019791572761608662,0.9583333333333334
[2],0.16,0.0,0.0,0.0,0.8500000000000001,sigmoid,sgd,0.0,8,gaussian,"(-0.5, 0.5)",15,0.023197450575080675,0.9583333333333334
[2],0.16,0.0,0.0,0.0,0.8500000000000001,sigmoid,sgd,0.0,8,gaussian,"(-0.1, 0.1)",15,0.022417636596341172,0.9583333333333334
[2],0.16,0.0,0.0,0.0,0.75,sigmoid,sgd,0.0,4,gaussian,"(-0.5, 0.5)",15,0.022793143677877475,0.9583333333333334
[2],0.16,0.0,0.0,0.0,0.75,sigmoid,sgd,0.0,4,gaussian,"(-0.1, 0.1)",15,0.02240099294975904,0.9583333333333334
[2],0.16,0.0,0.0,0.0,0.75,sigmoid,sgd,0.0,8,gaussian,"(-0.5, 0.5)",15,0.02306575814245723,0.9583333333333334
[2],0.16,0.0,0.0,0.0,0.75,sigmoid,sgd,0.0,8,gaussian,"(-0.1, 0.1)",15,0.02126870472072713,0.9583333333333334
[2],0.16,0.0,0.0,0.25,0.8,sigmoid,sgd,0.0,4,gaussian,"(-0.5, 0.5)",15,0.04040144228583487,0.875
[2],0.16,0.0,0.0,0.25,0.8,sigmoid,sgd,0.0,4,gaussian,"(-0.1, 0.1)",15,0.023678944755248735,0.9583333333333334
[2],0.16,0.0,0.0,0.25,0.8,sigmoid,sgd,0.0,8,gaussian,"(-0.5, 0.5)",15,0.04266632545446536,0.9583333333333334
[2],0.16,0.0,0.0,0.25,0.8,sigmoid,sgd,0.0,8,gaussian,"(-0.1, 0.1)",15,0.024201636484298256,0.9583333333333334
[2],0.16,0.0,0.0,0.25,0.7,sigmoid,sgd,0.0,4,gaussian,"(-0.5, 0.5)",15,0.03666855328456646,0.9583333333333334
[2],0.16,0.0,0.0,0.25,0.7,sigmoid,sgd,0.0,4,gaussian,"(-0.1, 0.1)",15,0.02372384764949888,0.9583333333333334
[2],0.16,0.0,0.0,0.25,0.7,sigmoid,sgd,0.0,8,gaussian,"(-0.5, 0.5)",15,0.04365563202326885,0.9583333333333334
[2],0.16,0.0,0.0,0.25,0.7,sigmoid,sgd,0.0,8,gaussian,"(-0.1, 0.1)",15,0.0350551077980386,0.9583333333333334
[2],0.16,0.0,0.0,0.25,0.8500000000000001,sigmoid,sgd,0.0,4,gaussian,"(-0.5, 0.5)",15,0.039333827453056004,0.9166666666666666
[2],0.16,0.0,0.0,0.25,0.8500000000000001,sigmoid,sgd,0.0,4,gaussian,"(-0.1, 0.1)",15,0.02368988033984334,0.9583333333333334
[2],0.16,0.0,0.0,0.25,0.8500000000000001,sigmoid,sgd,0.0,8,gaussian,"(-0.5, 0.5)",15,0.03672336432618394,0.9583333333333334
[2],0.16,0.0,0.0,0.25,0.8500000000000001,sigmoid,sgd,0.0,8,gaussian,"(-0.1, 0.1)",15,0.023934163810181402,0.9583333333333334
[2],0.16,0.0,0.0,0.25,0.75,sigmoid,sgd,0.0,4,gaussian,"(-0.5, 0.5)",15,0.037785178247855024,0.9166666666666666
[2],0.16,0.0,0.0,0.25,0.75,sigmoid,sgd,0.0,4,gaussian,"(-0.1, 0.1)",15,0.0238243417350249,0.9583333333333334
[2],0.16,0.0,0.0,0.25,0.75,sigmoid,sgd,0.0,8,gaussian,"(-0.5, 0.5)",15,0.044519099040042844,0.9583333333333334
[2],0.16,0.0,0.0,0.25,0.75,sigmoid,sgd,0.0,8,gaussian,"(-0.1, 0.1)",15,0.03683609566891638,0.9166666666666666
[2],0.16,0.0,0.0,0.15000000000000002,0.8,sigmoid,sgd,0.0,4,gaussian,"(-0.5, 0.5)",15,0.03617808461198931,0.9583333333333334
[2],0.16,0.0,0.0,0.15000000000000002,0.8,sigmoid,sgd,0.0,4,gaussian,"(-0.1, 0.1)",15,0.03493517711046138,0.9166666666666666
[2],0.16,0.0,0.0,0.15000000000000002,0.8,sigmoid,sgd,0.0,8,gaussian,"(-0.5, 0.5)",15,0.0394620608742056,0.9583333333333334
[2],0.16,0.0,0.0,0.15000000000000002,0.8,sigmoid,sgd,0.0,8,gaussian,"(-0.1, 0.1)",15,0.03086974286939227,0.9583333333333334
[2],0.16,0.0,0.0,0.15000000000000002,0.7,sigmoid,sgd,0.0,4,gaussian,"(-0.5, 0.5)",15,0.04172884647211925,0.9166666666666666
[2],0.16,0.0,0.0,0.15000000000000002,0.7,sigmoid,sgd,0.0,4,gaussian,"(-0.1, 0.1)",15,0.033052040102499014,0.9583333333333334
[2],0.16,0.0,0.0,0.15000000000000002,0.7,sigmoid,sgd,0.0,8,gaussian,"(-0.5, 0.5)",15,0.038495424673126194,0.9583333333333334
[2],0.16,0.0,0.0,0.15000000000000002,0.7,sigmoid,sgd,0.0,8,gaussian,"(-0.1, 0.1)",15,0.029187105491179144,0.9583333333333334
[2],0.16,0.0,0.0,0.15000000000000002,0.8500000000000001,sigmoid,sgd,0.0,4,gaussian,"(-0.5, 0.5)",15,0.034861247374487724,0.9166666666666666
[2],0.16,0.0,0.0,0.15000000000000002,0.8500000000000001,sigmoid,sgd,0.0,4,gaussian,"(-0.1, 0.1)",15,0.03720470284809103,0.875
[2],0.16,0.0,0.0,0.15000000000000002,0.8500000000000001,sigmoid,sgd,0.0,8,gaussian,"(-0.5, 0.5)",15,0.03952658439612397,0.9583333333333334
[2],0.16,0.0,0.0,0.15000000000000002,0.8500000000000001,sigmoid,sgd,0.0,8,gaussian,"(-0.1, 0.1)",15,0.032034003689988544,0.9583333333333334
[2],0.16,0.0,0.0,0.15000000000000002,0.75,sigmoid,sgd,0.0,4,gaussian,"(-0.5, 0.5)",15,0.04050806927071325,0.9166666666666666
[2],0.16,0.0,0.0,0.15000000000000002,0.75,sigmoid,sgd,0.0,4,gaussian,"(-0.1, 0.1)",15,0.033645117771643605,0.9166666666666666
[2],0.16,0.0,0.0,0.15000000000000002,0.75,sigmoid,sgd,0.0,8,gaussian,"(-0.5, 0.5)",15,0.03907652022572142,0.9583333333333334
[2],0.16,0.0,0.0,0.15000000000000002,0.75,sigmoid,sgd,0.0,8,gaussian,"(-0.1, 0.1)",15,0.029735623522784718,0.9583333333333334
[3],0.16,0.0,0.0,0.05,0.75,sigmoid,sgd,0.0,2,gaussian,"(-0.5, 0.5)",15,0.028697645241057276,0.92
[3],0.16,0.0,0.0,0.05,0.75,sigmoid,sgd,0.0,2,gaussian,"(-0.1, 0.1)",15,0.038633203558179174,0.92
[3],0.16,0.0,0.0,0.05,0.7,sigmoid,sgd,0.0,2,gaussian,"(-0.5, 0.5)",15,0.03007153895150142,0.92
[3],0.16,0.0,0.0,0.05,0.7,sigmoid,sgd,0.0,2,gaussian,"(-0.1, 0.1)",15,0.03674469084083687,0.92
[3],0.16,0.0,0.0,0.05,0.8,sigmoid,sgd,0.0,2,gaussian,"(-0.5, 0.5)",15,0.028997590297195824,0.92
[3],0.16,0.0,0.0,0.05,0.8,sigmoid,sgd,0.0,2,gaussian,"(-0.1, 0.1)",15,0.03952826544223608,0.88
[3],0.16,0.0,0.0,0.05,0.8500000000000001,sigmoid,sgd,0.0,2,gaussian,"(-0.5, 0.5)",15,0.030474370880930718,0.92
[3],0.16,0.0,0.0,0.05,0.8500000000000001,sigmoid,sgd,0.0,2,gaussian,"(-0.1, 0.1)",15,0.04424077812635195,0.88
[3],0.16,0.0,0.0,0.1,0.75,sigmoid,sgd,0.0,2,gaussian,"(-0.5, 0.5)",15,0.03035636714546811,0.92
[3],0.16,0.0,0.0,0.1,0.75,sigmoid,sgd,0.0,2,gaussian,"(-0.1, 0.1)",15,0.028801360381199105,0.96
[3],0.16,0.0,0.0,0.1,0.7,sigmoid,sgd,0.0,2,gaussian,"(-0.5, 0.5)",15,0.030582900137254555,0.96
[3],0.16,0.0,0.0,0.1,0.7,sigmoid,sgd,0.0,2,gaussian,"(-0.1, 0.1)",15,0.027486652909766433,0.96
[3],0.16,0.0,0.0,0.1,0.8,sigmoid,sgd,0.0,2,gaussian,"(-0.5, 0.5)",15,0.03383343947907162,0.92
[3],0.16,0.0,0.0,0.1,0.8,sigmoid,sgd,0.0,2,gaussian,"(-0.1, 0.1)",15,0.03101910114199562,0.96
[3],0.16,0.0,0.0,0.1,0.8500000000000001,sigmoid,sgd,0.0,2,gaussian,"(-0.5, 0.5)",15,0.027689668557023484,0.96
[3],0.16,0.0,0.0,0.1,0.8500000000000001,sigmoid,sgd,0.0,2,gaussian,"(-0.1, 0.1)",15,0.03079549954295087,0.92
[3],0.16,0.0,0.0,0.0,0.75,sigmoid,sgd,0.0,2,gaussian,"(-0.5, 0.5)",15,0.03150986624570177,0.96
[3],0.16,0.0,0.0,0.0,0.75,sigmoid,sgd,0.0,2,gaussian,"(-0.1, 0.1)",15,0.028210773165458926,0.96
[3],0.16,0.0,0.0,0.0,0.7,sigmoid,sgd,0.0,2,gaussian,"(-0.5, 0.5)",15,0.035377050862703444,0.92
[3],0.16,0.0,0.0,0.0,0.7,sigmoid,sgd,0.0,2,gaussian,"(-0.1, 0.1)",15,0.029189968472641076,0.96
[3],0.16,0.0,0.0,0.0,0.8,sigmoid,sgd,0.0,2,gaussian,"(-0.5, 0.5)",15,0.02721265527317456,0.96
[3],0.16,0.0,0.0,0.0,0.8,sigmoid,sgd,0.0,2,gaussian,"(-0.1, 0.1)",15,0.026822423126964968,0.96
[3],0.16,0.0,0.0,0.0,0.8500000000000001,sigmoid,sgd,0.0,2,gaussian,"(-0.5, 0.5)",15,0.026650679592481304,0.96
[3],0.16,0.0,0.0,0.0,0.8500000000000001,sigmoid,sgd,0.0,2,gaussian,"(-0.1, 0.1)",15,0.026938324711401403,0.96
[3],0.16,0.0,0.0,0.15000000000000002,0.75,sigmoid,sgd,0.0,2,gaussian,"(-0.5, 0.5)",15,0.030016929668738018,0.96
[3],0.16,0.0,0.0,0.15000000000000002,0.75,sigmoid,sgd,0.0,2,gaussian,"(-0.1, 0.1)",15,0.024093886202381752,0.96
[3],0.16,0.0,0.0,0.15000000000000002,0.7,sigmoid,sgd,0.0,2,gaussian,"(-0.5, 0.5)",15,0.029595669674232918,0.96
[3],0.16,0.0,0.0,0.15000000000000002,0.7,sigmoid,sgd,0.0,2,gaussian,"(-0.1, 0.1)",15,0.023785097356495748,0.96
[3],0.16,0.0,0.0,0.15000000000000002,0.8,sigmoid,sgd,0.0,2,gaussian,"(-0.5, 0.5)",15,0.037009903709855664,0.92
[3],0.16,0.0,0.0,0.15000000000000002,0.8,sigmoid,sgd,0.0,2,gaussian,"(-0.1, 0.1)",15,0.02853620007369107,0.96
[3],0.16,0.0,0.0,0.15000000000000002,0.8500000000000001,sigmoid,sgd,0.0,2,gaussian,"(-0.5, 0.5)",15,0.03842743629117495,0.92
[3],0.16,0.0,0.0,0.15000000000000002,0.8500000000000001,sigmoid,sgd,0.0,2,gaussian,"(-0.1, 0.1)",15,0.027061824534532892,0.96
[3],0.16,0.0,0.0,0.2,0.7,sigmoid,sgd,0.0,2,gaussian,"(-0.1, 0.1)",15,0.02816823437187432,0.92
[3],0.16,0.0,0.0,0.2,0.7,sigmoid,sgd,0.0,2,gaussian,"(-0.5, 0.5)",15,0.051631174359978535,0.84
[3],0.16,0.0,0.0,0.2,0.75,sigmoid,sgd,0.0,2,gaussian,"(-0.1, 0.1)",15,0.01249411198019256,1.0
[3],0.16,0.0,0.0,0.2,0.75,sigmoid,sgd,0.0,2,gaussian,"(-0.5, 0.5)",15,0.061771439244808796,0.8
[3],0.16,0.0,0.0,0.2,0.8,sigmoid,sgd,0.0,2,gaussian,"(-0.1, 0.1)",15,0.024672295090141207,0.92
[3],0.16,0.0,0.0,0.2,0.8,sigmoid,sgd,0.0,2,gaussian,"(-0.5, 0.5)",15,0.0581444772810603,0.8
[3],0.16,0.0,0.0,0.2,0.8500000000000001,sigmoid,sgd,0.0,2,gaussian,"(-0.1, 0.1)",15,0.03254926709729508,0.92
[3],0.16,0.0,0.0,0.2,0.8500000000000001,sigmoid,sgd,0.0,2,gaussian,"(-0.5, 0.5)",15,0.06571629426856881,0.76
[3],0.16,0.0,0.0,0.25,0.7,sigmoid,sgd,0.0,2,gaussian,"(-0.1, 0.1)",15,0.039526116222368735,0.84
[3],0.16,0.0,0.0,0.25,0.7,sigmoid,sgd,0.0,2,gaussian,"(-0.5, 0.5)",15,0.046963719838621784,0.84
[3],0.16,0.0,0.0,0.25,0.75,sigmoid,sgd,0.0,2,gaussian,"(-0.1, 0.1)",15,0.05210877246387498,0.8
[3],0.16,0.0,0.0,0.25,0.75,sigmoid,sgd,0.0,2,gaussian,"(-0.5, 0.5)",15,0.047895631201981655,0.84
[3],0.16,0.0,0.0,0.25,0.8,sigmoid,sgd,0.0,2,gaussian,"(-0.1, 0.1)",15,0.05264082399611269,0.8
[3],0.16,0.0,0.0,0.25,0.8,sigmoid,sgd,0.0,2,gaussian,"(-0.5, 0.5)",15,0.05322003401481339,0.84
[3],0.16,0.0,0.0,0.25,0.8500000000000001,sigmoid,sgd,0.0,2,gaussian,"(-0.1, 0.1)",15,0.04232353281889869,0.84
[3],0.16,0.0,0.0,0.25,0.8500000000000001,sigmoid,sgd,0.0,2,gaussian,"(-0.5, 0.5)",15,0.044215667013014874,0.84
[4],0.16,0.0,0.0,0.2,0.7,sigmoid,sgd,0.0,2,gaussian,"(-0.1, 0.1)",15,0.0167540116474526,1.0
[4],0.16,0.0,0.0,0.2,0.7,sigmoid,sgd,0.0,2,gaussian,"(-0.5, 0.5)",15,0.024849073947559846,0.96
[4],0.16,0.0,0.0,0.25,0.7,sigmoid,sgd,0.0,2,gaussian,"(-0.1, 0.1)",15,0.01249080072396366,1.0
[4],0.16,0.0,0.0,0.25,0.7,sigmoid,sgd,0.0,2,gaussian,"(-0.5, 0.5)",15,0.01081410446172673,1.0
[3],0.16,0.0,0.0,0.2,0.9000000000000001,sigmoid,sgd,0.0,2,gaussian,"(-0.1, 0.1)",15,0.023799338279394122,0.9583333333333334
[3],0.16,0.0,0.0,0.2,0.9000000000000001,sigmoid,sgd,0.0,2,gaussian,"(-0.5, 0.5)",15,0.02305788218444167,0.9583333333333334
[3],0.16,0.0,0.0,0.25,0.9000000000000001,sigmoid,sgd,0.0,2,gaussian,"(-0.1, 0.1)",15,0.026311445397555793,0.9583333333333334
[3],0.16,0.0,0.0,0.25,0.9000000000000001,sigmoid,sgd,0.0,2,gaussian,"(-0.5, 0.5)",15,0.023797341154647513,0.9583333333333334
[3],0.16,0.0,0.0,0.05,0.9000000000000001,sigmoid,sgd,0.0,2,gaussian,"(-0.1, 0.1)",15,0.02180373493195818,0.9583333333333334
[3],0.16,0.0,0.0,0.05,0.9000000000000001,sigmoid,sgd,0.0,2,gaussian,"(-0.5, 0.5)",15,0.020813614028128435,0.9583333333333334
[3],0.16,0.0,0.0,0.0,0.9000000000000001,sigmoid,sgd,0.0,2,gaussian,"(-0.1, 0.1)",15,0.02218553621576229,0.9583333333333334
[3],0.16,0.0,0.0,0.0,0.9000000000000001,sigmoid,sgd,0.0,2,gaussian,"(-0.5, 0.5)",15,0.0367773703961824,0.9166666666666666
[4],0.16,0.0,0.0,0.05,0.9000000000000001,sigmoid,sgd,0.0,2,gaussian,"(-0.1, 0.1)",15,0.01913597510682845,0.9583333333333334
[4],0.16,0.0,0.0,0.05,0.9000000000000001,sigmoid,sgd,0.0,2,gaussian,"(-0.5, 0.5)",15,0.022346179409096386,0.9583333333333334
[4],0.01,0.0,0.0,0.05,0.8,sigmoid,sgd,0.0,2,gaussian,"(-0.5, 0.5)",15,0.06487381143774928,0.875
[4],0.01,0.0,0.0,0.05,0.8,sigmoid,sgd,0.0,2,gaussian,"(-0.1, 0.1)",15,0.05907323686390029,0.875
[4],0.01,0.0,0.0,0.05,0.8500000000000001,sigmoid,sgd,0.0,2,gaussian,"(-0.5, 0.5)",15,0.05988237043392669,0.875
[4],0.01,0.0,0.0,0.05,0.8500000000000001,sigmoid,sgd,0.0,2,gaussian,"(-0.1, 0.1)",15,0.05984445167753472,0.875
[4],0.01,0.0,0.0,0.05,0.9000000000000001,sigmoid,sgd,0.0,2,gaussian,"(-0.5, 0.5)",15,0.06139102878658184,0.875
[4],0.01,0.0,0.0,0.05,0.9000000000000001,sigmoid,sgd,0.0,2,gaussian,"(-0.1, 0.1)",15,0.06174902962151488,0.8333333333333334
[3],0.01,0.0,0.0,0.25,0.8,sigmoid,sgd,0.0,2,gaussian,"(-0.5, 0.5)",15,0.06321824631228577,0.875
[3],0.01,0.0,0.0,0.25,0.8,sigmoid,sgd,0.0,2,gaussian,"(-0.1, 0.1)",15,0.06420678963539705,0.875
[3],0.01,0.0,0.0,0.25,0.8500000000000001,sigmoid,sgd,0.0,2,gaussian,"(-0.5, 0.5)",15,0.05982650793985481,0.875
[3],0.01,0.0,0.0,0.25,0.8500000000000001,sigmoid,sgd,0.0,2,gaussian,"(-0.1, 0.1)",15,0.06181408500545758,0.875
[3],0.01,0.0,0.0,0.25,0.9000000000000001,sigmoid,sgd,0.0,2,gaussian,"(-0.5, 0.5)",15,0.05934009994069112,0.8333333333333334
[3],0.01,0.0,0.0,0.25,0.9000000000000001,sigmoid,sgd,0.0,2,gaussian,"(-0.1, 0.1)",15,0.06226114968860056,0.8333333333333334
[3],0.01,0.0,0.0,0.0,0.8,sigmoid,sgd,0.0,2,gaussian,"(-0.5, 0.5)",15,0.05872565606392948,0.875
[3],0.01,0.0,0.0,0.0,0.8,sigmoid,sgd,0.0,2,gaussian,"(-0.1, 0.1)",15,0.05816631208420029,0.875
[3],0.01,0.0,0.0,0.0,0.8500000000000001,sigmoid,sgd,0.0,2,gaussian,"(-0.5, 0.5)",15,0.058899393923858956,0.875
[3],0.01,0.0,0.0,0.0,0.8500000000000001,sigmoid,sgd,0.0,2,gaussian,"(-0.1, 0.1)",15,0.05887729685436057,0.875
[3],0.01,0.0,0.0,0.0,0.9000000000000001,sigmoid,sgd,0.0,2,gaussian,"(-0.5, 0.5)",15,0.06110389966969328,0.8333333333333334
[3],0.01,0.0,0.0,0.0,0.9000000000000001,sigmoid,sgd,0.0,2,gaussian,"(-0.1, 0.1)",15,0.060473056079846044,0.875
[3],0.01,0.0,0.0,0.05,0.8,sigmoid,sgd,0.0,2,gaussian,"(-0.5, 0.5)",15,0.060088514544786864,0.875
[3],0.01,0.0,0.0,0.05,0.8,sigmoid,sgd,0.0,2,gaussian,"(-0.1, 0.1)",15,0.060797029435096926,0.875
[3],0.01,0.0,0.0,0.05,0.8500000000000001,sigmoid,sgd,0.0,2,gaussian,"(-0.5, 0.5)",15,0.06044774548288092,0.8333333333333334
[3],0.01,0.0,0.0,0.05,0.8500000000000001,sigmoid,sgd,0.0,2,gaussian,"(-0.1, 0.1)",15,0.06127436622435667,0.8333333333333334
[3],0.01,0.0,0.0,0.05,0.9000000000000001,sigmoid,sgd,0.0,2,gaussian,"(-0.5, 0.5)",15,0.0641819906832218,0.8333333333333334
[3],0.01,0.0,0.0,0.05,0.9000000000000001,sigmoid,sgd,0.0,2,gaussian,"(-0.1, 0.1)",15,0.06470069266341304,0.7916666666666666
[4],0.16,0.0,0.0,0.15000000000000002,0.7,tanh,sgd,0.0,2,glorot,"(-0.5, 0.5)",15,0.03520641825025917,0.92
[4],0.16,0.0,0.0,0.25,0.9000000000000001,tanh,sgd,0.0,4,glorot,"(-0.5, 0.5)",15,0.021030117894562245,0.9166666666666666
[3],0.16,0.0,0.0,0.05,0.7,tanh,sgd,0.0,4,glorot,"(-0.1, 0.1)",15,0.018039904492780454,0.9583333333333334
[3],0.16,0.0,0.0,0.1,0.75,tanh,adam,0.0,4,gaussian,"(-0.1, 0.1)",15,0.053033753330959936,0.875
[4],0.16,0.0,0.0,0.0,0.9000000000000001,sigmoid,sgd,0.8,2,gaussian,"(-0.1, 0.1)",15,0.029554133870831147,0.92
[4],0.16,0.0,0.0,0.25,0.8,sigmoid,sgd,0.8,2,gaussian,"(-0.1, 0.1)",15,0.02174326166303313,1.0
[4],0.16,0.0,0.0,0.25,0.8,sigmoid,sgd,0.8,2,gaussian,"(-0.5, 0.5)",15,0.03259185312639319,1.0
[4],0.16,0.0,0.0,0.25,0.8,sigmoid,sgd,0.8,4,gaussian,"(-0.1, 0.1)",15,0.05322293138437122,1.0
[4],0.16,0.0,0.0,0.25,0.8,sigmoid,sgd,0.8,4,gaussian,"(-0.5, 0.5)",15,0.060320615659934046,0.96
[4],0.16,0.0,0.0,0.25,0.9000000000000001,sigmoid,sgd,0.8,2,gaussian,"(-0.1, 0.1)",15,0.016830786404354862,1.0
[4],0.16,0.0,0.0,0.25,0.9000000000000001,sigmoid,sgd,0.8,2,gaussian,"(-0.5, 0.5)",15,0.021723862660797254,1.0
[4],0.16,0.0,0.0,0.25,0.9000000000000001,sigmoid,sgd,0.8,4,gaussian,"(-0.1, 0.1)",15,0.024545400652329505,1.0
[4],0.16,0.0,0.0,0.25,0.9000000000000001,sigmoid,sgd,0.8,4,gaussian,"(-0.5, 0.5)",15,0.03812528084673266,1.0
[4],0.16,0.0,0.0,0.05,0.8,sigmoid,sgd,0.8,2,gaussian,"(-0.1, 0.1)",15,0.02221610877314835,0.96
[4],0.16,0.0,0.0,0.05,0.8,sigmoid,sgd,0.8,2,gaussian,"(-0.5, 0.5)",15,0.027971027025878413,0.96
[4],0.16,0.0,0.0,0.05,0.8,sigmoid,sgd,0.8,4,gaussian,"(-0.1, 0.1)",15,0.036992140527867305,0.96
[4],0.16,0.0,0.0,0.05,0.8,sigmoid,sgd,0.8,4,gaussian,"(-0.5, 0.5)",15,0.052806662520197285,1.0
[4],0.16,0.0,0.0,0.05,0.9000000000000001,sigmoid,sgd,0.8,2,gaussian,"(-0.1, 0.1)",15,0.014833490113736934,1.0
[4],0.16,0.0,0.0,0.05,0.9000000000000001,sigmoid,sgd,0.8,2,gaussian,"(-0.5, 0.5)",15,0.017912035518946937,0.96
[4],0.16,0.0,0.0,0.05,0.9000000000000001,sigmoid,sgd,0.8,4,gaussian,"(-0.1, 0.1)",15,0.02374191803766265,0.96
[4],0.16,0.0,0.0,0.05,0.9000000000000001,sigmoid,sgd,0.8,4,gaussian,"(-0.5, 0.5)",15,0.029133014300789583,0.96
[4],0.16,0.0,0.0,0.2,0.8,sigmoid,sgd,0.8,2,gaussian,"(-0.1, 0.1)",15,0.02492414157571928,0.96
[4],0.16,0.0,0.0,0.2,0.8,sigmoid,sgd,0.8,2,gaussian,"(-0.5, 0.5)",15,0.029619621809751043,1.0
[4],0.16,0.0,0.0,0.2,0.8,sigmoid,sgd,0.8,4,gaussian,"(-0.1, 0.1)",15,0.06390828253850799,1.0
[4],0.16,0.0,0.0,0.2,0.8,sigmoid,sgd,0.8,4,gaussian,"(-0.5, 0.5)",15,0.05831959301752482,0.96
[4],0.16,0.0,0.0,0.2,0.9000000000000001,sigmoid,sgd,0.8,2,gaussian,"(-0.1, 0.1)",15,0.016731734241420413,0.96
[4],0.16,0.0,0.0,0.2,0.9000000000000001,sigmoid,sgd,0.8,2,gaussian,"(-0.5, 0.5)",15,0.029801088913176656,0.96
[4],0.16,0.0,0.0,0.2,0.9000000000000001,sigmoid,sgd,0.8,4,gaussian,"(-0.1, 0.1)",15,0.025934816825765605,1.0
[4],0.16,0.0,0.0,0.2,0.9000000000000001,sigmoid,sgd,0.8,4,gaussian,"(-0.5, 0.5)",15,0.03484886557360258,1.0
[4],0.16,0.0,0.0,0.0,0.8,sigmoid,sgd,0.8,2,gaussian,"(-0.1, 0.1)",15,0.01931971811927864,0.96
[4],0.16,0.0,0.0,0.0,0.8,sigmoid,sgd,0.8,2,gaussian,"(-0.5, 0.5)",15,0.024877552987000402,0.96
[4],0.16,0.0,0.0,0.0,0.8,sigmoid,sgd,0.8,4,gaussian,"(-0.1, 0.1)",15,0.03143632864654615,0.96
[4],0.16,0.0,0.0,0.0,0.8,sigmoid,sgd,0.8,4,gaussian,"(-0.5, 0.5)",15,0.04650257955533804,1.0
[4],0.16,0.0,0.0,0.0,0.9000000000000001,sigmoid,sgd,0.8,2,gaussian,"(-0.5, 0.5)",15,0.0176463614744837,0.96
[4],0.16,0.0,0.0,0.0,0.9000000000000001,sigmoid,sgd,0.8,4,gaussian,"(-0.1, 0.1)",15,0.01973175286067399,0.96
[4],0.16,0.0,0.0,0.0,0.9000000000000001,sigmoid,sgd,0.8,4,gaussian,"(-0.5, 0.5)",15,0.025882787799285784,0.96
[3],0.16,0.0,0.0,0.25,0.8,sigmoid,sgd,0.8,2,gaussian,"(-0.1, 0.1)",15,0.02771260698637511,0.96
[3],0.16,0.0,0.0,0.25,0.8,sigmoid,sgd,0.8,2,gaussian,"(-0.5, 0.5)",15,0.03603493295671515,0.92
[3],0.16,0.0,0.0,0.25,0.8,sigmoid,sgd,0.8,4,gaussian,"(-0.1, 0.1)",15,0.04264605776746055,0.96
[3],0.16,0.0,0.0,0.25,0.8,sigmoid,sgd,0.8,4,gaussian,"(-0.5, 0.5)",15,0.06752590191308463,0.92
[3],0.16,0.0,0.0,0.25,0.9000000000000001,sigmoid,sgd,0.8,2,gaussian,"(-0.1, 0.1)",15,0.023892136478789835,1.0
[3],0.16,0.0,0.0,0.25,0.9000000000000001,sigmoid,sgd,0.8,2,gaussian,"(-0.5, 0.5)",15,0.027634451282385165,0.96
[3],0.16,0.0,0.0,0.25,0.9000000000000001,sigmoid,sgd,0.8,4,gaussian,"(-0.1, 0.1)",15,0.02850944133104649,0.96
[3],0.16,0.0,0.0,0.25,0.9000000000000001,sigmoid,sgd,0.8,4,gaussian,"(-0.5, 0.5)",15,0.0371503019120324,0.88
[3],0.16,0.0,0.0,0.05,0.8,sigmoid,sgd,0.8,2,gaussian,"(-0.1, 0.1)",15,0.022621326234291715,0.96
[3],0.16,0.0,0.0,0.05,0.8,sigmoid,sgd,0.8,2,gaussian,"(-0.5, 0.5)",15,0.02928116074075618,0.92
[3],0.16,0.0,0.0,0.05,0.8,sigmoid,sgd,0.8,4,gaussian,"(-0.1, 0.1)",15,0.0371077546583371,0.96
[3],0.16,0.0,0.0,0.05,0.8,sigmoid,sgd,0.8,4,gaussian,"(-0.5, 0.5)",15,0.055237702715561963,0.96
[3],0.16,0.0,0.0,0.05,0.9000000000000001,sigmoid,sgd,0.8,2,gaussian,"(-0.1, 0.1)",15,0.010048370054519766,1.0
[3],0.16,0.0,0.0,0.05,0.9000000000000001,sigmoid,sgd,0.8,2,gaussian,"(-0.5, 0.5)",15,0.0158831380121666,0.96
[3],0.16,0.0,0.0,0.05,0.9000000000000001,sigmoid,sgd,0.8,4,gaussian,"(-0.1, 0.1)",15,0.022705089673875665,0.96
[3],0.16,0.0,0.0,0.05,0.9000000000000001,sigmoid,sgd,0.8,4,gaussian,"(-0.5, 0.5)",15,0.026817904648640912,0.96
[3],0.16,0.0,0.0,0.2,0.8,sigmoid,sgd,0.8,2,gaussian,"(-0.1, 0.1)",15,0.02796265984497037,0.96
[3],0.16,0.0,0.0,0.2,0.8,sigmoid,sgd,0.8,2,gaussian,"(-0.5, 0.5)",15,0.03494549148802018,0.92
[3],0.16,0.0,0.0,0.2,0.8,sigmoid,sgd,0.8,4,gaussian,"(-0.1, 0.1)",15,0.04102599396948875,0.96
[3],0.16,0.0,0.0,0.2,0.8,sigmoid,sgd,0.8,4,gaussian,"(-0.5, 0.5)",15,0.07277845597630896,0.84
[3],0.16,0.0,0.0,0.2,0.9000000000000001,sigmoid,sgd,0.8,2,gaussian,"(-0.1, 0.1)",15,0.021353392804954095,0.96
[3],0.16,0.0,0.0,0.2,0.9000000000000001,sigmoid,sgd,0.8,2,gaussian,"(-0.5, 0.5)",15,0.03032174871438193,0.88
[3],0.16,0.0,0.0,0.2,0.9000000000000001,sigmoid,sgd,0.8,4,gaussian,"(-0.1, 0.1)",15,0.02743657720481577,1.0
[3],0.16,0.0,0.0,0.2,0.9000000000000001,sigmoid,sgd,0.8,4,gaussian,"(-0.5, 0.5)",15,0.03602825702202532,0.88
[3],0.16,0.0,0.0,0.0,0.8,sigmoid,sgd,0.8,2,gaussian,"(-0.1, 0.1)",15,0.01785785695538956,0.96
[3],0.16,0.0,0.0,0.0,0.8,sigmoid,sgd,0.8,2,gaussian,"(-0.5, 0.5)",15,0.026961179670134207,0.92
[3],0.16,0.0,0.0,0.0,0.8,sigmoid,sgd,0.8,4,gaussian,"(-0.1, 0.1)",15,0.03535559604611003,0.96
[3],0.16,0.0,0.0,0.0,0.8,sigmoid,sgd,0.8,4,gaussian,"(-0.5, 0.5)",15,0.05483809629457105,0.96
[3],0.16,0.0,0.0,0.0,0.9000000000000001,sigmoid,sgd,0.8,2,gaussian,"(-0.1, 0.1)",15,0.020157291932534127,0.96
[3],0.16,0.0,0.0,0.0,0.9000000000000001,sigmoid,sgd,0.8,2,gaussian,"(-0.5, 0.5)",15,0.012825654639349024,1.0
[3],0.16,0.0,0.0,0.0,0.9000000000000001,sigmoid,sgd,0.8,4,gaussian,"(-0.1, 0.1)",15,0.018510814219044082,0.96
[3],0.16,0.0,0.0,0.0,0.9000000000000001,sigmoid,sgd,0.8,4,gaussian,"(-0.5, 0.5)",15,0.026615275445002428,0.92
[4],0.16,0.0,0.0,0.25,0.75,sigmoid,sgd,0.8,2,gaussian,"(-0.1, 0.1)",15,0.03813918886580268,0.9166666666666666
[4],0.16,0.0,0.0,0.25,0.75,sigmoid,sgd,0.8,2,gaussian,"(-0.5, 0.5)",15,0.042019381187346876,0.9166666666666666
[4],0.16,0.0,0.0,0.25,0.75,sigmoid,sgd,0.8,8,gaussian,"(-0.1, 0.1)",15,0.10536942224618033,0.7083333333333334
[4],0.16,0.0,0.0,0.25,0.75,sigmoid,sgd,0.8,8,gaussian,"(-0.5, 0.5)",15,0.11554096601975261,0.6666666666666666
[4],0.16,0.0,0.0,0.25,0.9000000000000001,sigmoid,sgd,0.8,8,gaussian,"(-0.1, 0.1)",15,0.043791391205092955,0.9166666666666666
[4],0.16,0.0,0.0,0.25,0.9000000000000001,sigmoid,sgd,0.8,8,gaussian,"(-0.5, 0.5)",15,0.06768129742279766,0.9166666666666666
[4],0.16,0.0,0.0,0.25,0.8500000000000001,sigmoid,sgd,0.8,2,gaussian,"(-0.1, 0.1)",15,0.037433429443960935,0.9166666666666666
[4],0.16,0.0,0.0,0.25,0.8500000000000001,sigmoid,sgd,0.8,2,gaussian,"(-0.5, 0.5)",15,0.039442941823625795,0.9166666666666666
[4],0.16,0.0,0.0,0.25,0.8500000000000001,sigmoid,sgd,0.8,8,gaussian,"(-0.1, 0.1)",15,0.06319857505484223,0.9166666666666666
[4],0.16,0.0,0.0,0.25,0.8500000000000001,sigmoid,sgd,0.8,8,gaussian,"(-0.5, 0.5)",15,0.09099323629502191,0.7083333333333334
[4],0.16,0.0,0.0,0.0,0.75,sigmoid,sgd,0.8,2,gaussian,"(-0.1, 0.1)",15,0.039191866208058534,0.9166666666666666
[4],0.16,0.0,0.0,0.0,0.75,sigmoid,sgd,0.8,2,gaussian,"(-0.5, 0.5)",15,0.03962093212563395,0.9166666666666666
[4],0.16,0.0,0.0,0.0,0.75,sigmoid,sgd,0.8,8,gaussian,"(-0.1, 0.1)",15,0.10237535337493553,0.9166666666666666
[4],0.16,0.0,0.0,0.0,0.75,sigmoid,sgd,0.8,8,gaussian,"(-0.5, 0.5)",15,0.115619362366093,0.6666666666666666
[4],0.16,0.0,0.0,0.0,0.9000000000000001,sigmoid,sgd,0.8,8,gaussian,"(-0.1, 0.1)",15,0.039275734138563057,0.9166666666666666
[4],0.16,0.0,0.0,0.0,0.9000000000000001,sigmoid,sgd,0.8,8,gaussian,"(-0.5, 0.5)",15,0.05821013596386957,0.9166666666666666
[4],0.16,0.0,0.0,0.0,0.8500000000000001,sigmoid,sgd,0.8,2,gaussian,"(-0.1, 0.1)",15,0.036573005516111,0.9166666666666666
[4],0.16,0.0,0.0,0.0,0.8500000000000001,sigmoid,sgd,0.8,2,gaussian,"(-0.5, 0.5)",15,0.03795435021191199,0.9166666666666666
[4],0.16,0.0,0.0,0.0,0.8500000000000001,sigmoid,sgd,0.8,8,gaussian,"(-0.1, 0.1)",15,0.05155194016872868,0.9166666666666666
[4],0.16,0.0,0.0,0.0,0.8500000000000001,sigmoid,sgd,0.8,8,gaussian,"(-0.5, 0.5)",15,0.08886191679178429,0.75
[3],0.16,0.0,0.0,0.25,0.75,sigmoid,sgd,0.8,2,gaussian,"(-0.1, 0.1)",15,0.04089879940854583,0.9166666666666666
[3],0.16,0.0,0.0,0.25,0.75,sigmoid,sgd,0.8,2,gaussian,"(-0.5, 0.5)",15,0.03809659792890038,0.9166666666666666
[3],0.16,0.0,0.0,0.25,0.75,sigmoid,sgd,0.8,8,gaussian,"(-0.1, 0.1)",15,0.1234279668686515,0.4583333333333333
[3],0.16,0.0,0.0,0.25,0.75,sigmoid,sgd,0.8,8,gaussian,"(-0.5, 0.5)",15,0.12277937062214966,0.6666666666666666
[3],0.16,0.0,0.0,0.25,0.9000000000000001,sigmoid,sgd,0.8,8,gaussian,"(-0.1, 0.1)",15,0.05931900587451664,0.9166666666666666
[3],0.16,0.0,0.0,0.25,0.9000000000000001,sigmoid,sgd,0.8,8,gaussian,"(-0.5, 0.5)",15,0.06376475673234203,0.9166666666666666
[3],0.16,0.0,0.0,0.25,0.8500000000000001,sigmoid,sgd,0.8,2,gaussian,"(-0.1, 0.1)",15,0.035999262433470916,0.9166666666666666
[3],0.16,0.0,0.0,0.25,0.8500000000000001,sigmoid,sgd,0.8,2,gaussian,"(-0.5, 0.5)",15,0.03681457824291639,0.9166666666666666
[3],0.16,0.0,0.0,0.25,0.8500000000000001,sigmoid,sgd,0.8,8,gaussian,"(-0.1, 0.1)",15,0.10510239504496201,0.625
[3],0.16,0.0,0.0,0.25,0.8500000000000001,sigmoid,sgd,0.8,8,gaussian,"(-0.5, 0.5)",15,0.10921922495150345,0.7083333333333334
[3],0.16,0.0,0.0,0.0,0.75,sigmoid,sgd,0.8,2,gaussian,"(-0.1, 0.1)",15,0.037222999673424594,0.9166666666666666
[3],0.16,0.0,0.0,0.0,0.75,sigmoid,sgd,0.8,2,gaussian,"(-0.5, 0.5)",15,0.033731494751907336,0.9166666666666666
[3],0.16,0.0,0.0,0.0,0.75,sigmoid,sgd,0.8,8,gaussian,"(-0.1, 0.1)",15,0.1125335972527977,0.875
[3],0.16,0.0,0.0,0.0,0.75,sigmoid,sgd,0.8,8,gaussian,"(-0.5, 0.5)",15,0.12156011636344578,0.6666666666666666
[3],0.16,0.0,0.0,0.0,0.9000000000000001,sigmoid,sgd,0.8,8,gaussian,"(-0.1, 0.1)",15,0.038260532451611984,0.9166666666666666
[3],0.16,0.0,0.0,0.0,0.9000000000000001,sigmoid,sgd,0.8,8,gaussian,"(-0.5, 0.5)",15,0.04293644717031977,0.9166666666666666
[3],0.16,0.0,0.0,0.0,0.8500000000000001,sigmoid,sgd,0.8,2,gaussian,"(-0.1, 0.1)",15,0.03619266212452143,0.9166666666666666
[3],0.16,0.0,0.0,0.0,0.8500000000000001,sigmoid,sgd,0.8,2,gaussian,"(-0.5, 0.5)",15,0.03244961514723224,0.9166666666666666
[3],0.16,0.0,0.0,0.0,0.8500000000000001,sigmoid,sgd,0.8,8,gaussian,"(-0.1, 0.1)",15,0.057661834859969986,0.9166666666666666
[3],0.16,0.0,0.0,0.0,0.8500000000000001,sigmoid,sgd,0.8,8,gaussian,"(-0.5, 0.5)",15,0.09724380327970063,0.75
[3],0.16,0.0,0.0,0.0,0.75,sigmoid,sgd,0.8,4,gaussian,"(-0.5, 0.5)",15,0.0899142995479388,0.75
[3],0.16,0.0,0.0,0.0,0.75,sigmoid,sgd,0.8,4,gaussian,"(-0.1, 0.1)",15,0.06489631012634912,0.875
[3],0.16,0.0,0.0,0.0,0.8500000000000001,sigmoid,sgd,0.8,4,gaussian,"(-0.5, 0.5)",15,0.05914304651591867,0.875
[3],0.16,0.0,0.0,0.0,0.8500000000000001,sigmoid,sgd,0.8,4,gaussian,"(-0.1, 0.1)",15,0.059089750865670344,0.875
[3],0.16,0.0,0.0,0.15000000000000002,0.75,sigmoid,sgd,0.8,2,gaussian,"(-0.5, 0.5)",15,0.0585839372620778,0.875
[3],0.16,0.0,0.0,0.15000000000000002,0.75,sigmoid,sgd,0.8,2,gaussian,"(-0.1, 0.1)",15,0.057038424276272946,0.875
[3],0.16,0.0,0.0,0.15000000000000002,0.75,sigmoid,sgd,0.8,4,gaussian,"(-0.5, 0.5)",15,0.1026246939720723,0.625
[3],0.16,0.0,0.0,0.15000000000000002,0.75,sigmoid,sgd,0.8,4,gaussian,"(-0.1, 0.1)",15,0.0608916670199611,0.875
[3],0.16,0.0,0.0,0.15000000000000002,0.8,sigmoid,sgd,0.8,2,gaussian,"(-0.5, 0.5)",15,0.05804142641119966,0.875
[3],0.16,0.0,0.0,0.15000000000000002,0.8,sigmoid,sgd,0.8,2,gaussian,"(-0.1, 0.1)",15,0.05600931534405862,0.875
[3],0.16,0.0,0.0,0.15000000000000002,0.8,sigmoid,sgd,0.8,4,gaussian,"(-0.5, 0.5)",15,0.07366597745510954,0.8333333333333334
[3],0.16,0.0,0.0,0.15000000000000002,0.8,sigmoid,sgd,0.8,4,gaussian,"(-0.1, 0.1)",15,0.057533618651779694,0.875
[3],0.16,0.0,0.0,0.15000000000000002,0.8500000000000001,sigmoid,sgd,0.8,2,gaussian,"(-0.5, 0.5)",15,0.057958456132715865,0.875
[3],0.16,0.0,0.0,0.15000000000000002,0.8500000000000001,sigmoid,sgd,0.8,2,gaussian,"(-0.1, 0.1)",15,0.055992297667991874,0.875
[3],0.16,0.0,0.0,0.15000000000000002,0.8500000000000001,sigmoid,sgd,0.8,4,gaussian,"(-0.5, 0.5)",15,0.05968685386351918,0.875
[3],0.16,0.0,0.0,0.15000000000000002,0.8500000000000001,sigmoid,sgd,0.8,4,gaussian,"(-0.1, 0.1)",15,0.057078797373078416,0.875
[3],0.16,0.0,0.0,0.25,0.75,sigmoid,sgd,0.8,4,gaussian,"(-0.5, 0.5)",15,0.09959627562069989,0.6666666666666666
[3],0.16,0.0,0.0,0.25,0.75,sigmoid,sgd,0.8,4,gaussian,"(-0.1, 0.1)",15,0.06944104293808619,0.875
[3],0.16,0.0,0.0,0.25,0.8500000000000001,sigmoid,sgd,0.8,4,gaussian,"(-0.5, 0.5)",15,0.06132955087800879,0.875
[3],0.16,0.0,0.0,0.25,0.8500000000000001,sigmoid,sgd,0.8,4,gaussian,"(-0.1, 0.1)",15,0.059645791271242664,0.875
[3],0.16,0.0,0.0,0.1,0.75,sigmoid,sgd,0.8,2,gaussian,"(-0.5, 0.5)",15,0.05864629375812321,0.875
[3],0.16,0.0,0.0,0.1,0.75,sigmoid,sgd,0.8,2,gaussian,"(-0.1, 0.1)",15,0.056360417315719745,0.875
[3],0.16,0.0,0.0,0.1,0.75,sigmoid,sgd,0.8,4,gaussian,"(-0.5, 0.5)",15,0.103409298776531,0.6666666666666666
[3],0.16,0.0,0.0,0.1,0.75,sigmoid,sgd,0.8,4,gaussian,"(-0.1, 0.1)",15,0.06114129136334421,0.875
[3],0.16,0.0,0.0,0.1,0.8,sigmoid,sgd,0.8,2,gaussian,"(-0.5, 0.5)",15,0.059169754230411396,0.8333333333333334
[3],0.16,0.0,0.0,0.1,0.8,sigmoid,sgd,0.8,2,gaussian,"(-0.1, 0.1)",15,0.05666612564549554,0.875
[3],0.16,0.0,0.0,0.1,0.8,sigmoid,sgd,0.8,4,gaussian,"(-0.5, 0.5)",15,0.07427832382469367,0.8333333333333334
[3],0.16,0.0,0.0,0.1,0.8,sigmoid,sgd,0.8,4,gaussian,"(-0.1, 0.1)",15,0.05752971386281389,0.875
[3],0.16,0.0,0.0,0.1,0.8500000000000001,sigmoid,sgd,0.8,2,gaussian,"(-0.5, 0.5)",15,0.05757494259189557,0.875
[3],0.16,0.0,0.0,0.1,0.8500000000000001,sigmoid,sgd,0.8,2,gaussian,"(-0.1, 0.1)",15,0.057057881658169544,0.875
[3],0.16,0.0,0.0,0.1,0.8500000000000001,sigmoid,sgd,0.8,4,gaussian,"(-0.5, 0.5)",15,0.059607612905600675,0.875
[3],0.16,0.0,0.0,0.1,0.8500000000000001,sigmoid,sgd,0.8,4,gaussian,"(-0.1, 0.1)",15,0.05714610533455875,0.875
[4],0.16,0.0,0.0,0.0,0.75,sigmoid,sgd,0.8,4,gaussian,"(-0.5, 0.5)",15,0.08746723960044617,0.875
[4],0.16,0.0,0.0,0.0,0.75,sigmoid,sgd,0.8,4,gaussian,"(-0.1, 0.1)",15,0.06314879454850898,0.875
[4],0.16,0.0,0.0,0.0,0.8500000000000001,sigmoid,sgd,0.8,4,gaussian,"(-0.5, 0.5)",15,0.07096289793353407,0.875
[4],0.16,0.0,0.0,0.0,0.8500000000000001,sigmoid,sgd,0.8,4,gaussian,"(-0.1, 0.1)",15,0.058771462682117526,0.875
[4],0.16,0.0,0.0,0.15000000000000002,0.75,sigmoid,sgd,0.8,2,gaussian,"(-0.5, 0.5)",15,0.06482099530493574,0.875
[4],0.16,0.0,0.0,0.15000000000000002,0.75,sigmoid,sgd,0.8,2,gaussian,"(-0.1, 0.1)",15,0.059988695856439206,0.875
[4],0.16,0.0,0.0,0.15000000000000002,0.75,sigmoid,sgd,0.8,4,gaussian,"(-0.5, 0.5)",15,0.08962648803430219,0.875
[4],0.16,0.0,0.0,0.15000000000000002,0.75,sigmoid,sgd,0.8,4,gaussian,"(-0.1, 0.1)",15,0.08166997448041217,0.875
[4],0.16,0.0,0.0,0.15000000000000002,0.8,sigmoid,sgd,0.8,2,gaussian,"(-0.5, 0.5)",15,0.06371317428014288,0.875
[4],0.16,0.0,0.0,0.15000000000000002,0.8,sigmoid,sgd,0.8,2,gaussian,"(-0.1, 0.1)",15,0.05974146595305294,0.8333333333333334
[4],0.16,0.0,0.0,0.15000000000000002,0.8,sigmoid,sgd,0.8,4,gaussian,"(-0.5, 0.5)",15,0.08168715248747035,0.875
[4],0.16,0.0,0.0,0.15000000000000002,0.8,sigmoid,sgd,0.8,4,gaussian,"(-0.1, 0.1)",15,0.06551550598367983,0.875
[4],0.16,0.0,0.0,0.15000000000000002,0.8500000000000001,sigmoid,sgd,0.8,2,gaussian,"(-0.5, 0.5)",15,0.06363596826872343,0.875
[4],0.16,0.0,0.0,0.15000000000000002,0.8500000000000001,sigmoid,sgd,0.8,2,gaussian,"(-0.1, 0.1)",15,0.06122043160648929,0.8333333333333334
[4],0.16,0.0,0.0,0.15000000000000002,0.8500000000000001,sigmoid,sgd,0.8,4,gaussian,"(-0.5, 0.5)",15,0.07518015075452393,0.875
[4],0.16,0.0,0.0,0.15000000000000002,0.8500000000000001,sigmoid,sgd,0.8,4,gaussian,"(-0.1, 0.1)",15,0.060607862938782,0.875
[4],0.16,0.0,0.0,0.25,0.75,sigmoid,sgd,0.8,4,gaussian,"(-0.5, 0.5)",15,0.0914295520923804,0.875
[4],0.16,0.0,0.0,0.25,0.75,sigmoid,sgd,0.8,4,gaussian,"(-0.1, 0.1)",15,0.0674451820780033,0.875
[4],0.16,0.0,0.0,0.25,0.8500000000000001,sigmoid,sgd,0.8,4,gaussian,"(-0.5, 0.5)",15,0.07743651605863648,0.875
[4],0.16,0.0,0.0,0.25,0.8500000000000001,sigmoid,sgd,0.8,4,gaussian,"(-0.1, 0.1)",15,0.06033454932774481,0.875
[4],0.16,0.0,0.0,0.1,0.75,sigmoid,sgd,0.8,2,gaussian,"(-0.5, 0.5)",15,0.06436742253398198,0.875
[4],0.16,0.0,0.0,0.1,0.75,sigmoid,sgd,0.8,2,gaussian,"(-0.1, 0.1)",15,0.06126027353007111,0.875
[4],0.16,0.0,0.0,0.1,0.75,sigmoid,sgd,0.8,4,gaussian,"(-0.5, 0.5)",15,0.08830198172205511,0.875
[4],0.16,0.0,0.0,0.1,0.75,sigmoid,sgd,0.8,4,gaussian,"(-0.1, 0.1)",15,0.08346292332891768,0.875
[4],0.16,0.0,0.0,0.1,0.8,sigmoid,sgd,0.8,2,gaussian,"(-0.5, 0.5)",15,0.06352452230457366,0.875
[4],0.16,0.0,0.0,0.1,0.8,sigmoid,sgd,0.8,2,gaussian,"(-0.1, 0.1)",15,0.06023057319579574,0.875
[4],0.16,0.0,0.0,0.1,0.8,sigmoid,sgd,0.8,4,gaussian,"(-0.5, 0.5)",15,0.08002586512708959,0.875
[4],0.16,0.0,0.0,0.1,0.8,sigmoid,sgd,0.8,4,gaussian,"(-0.1, 0.1)",15,0.07562421834897569,0.875
[4],0.16,0.0,0.0,0.1,0.8500000000000001,sigmoid,sgd,0.8,2,gaussian,"(-0.5, 0.5)",15,0.06325747303984758,0.875
[4],0.16,0.0,0.0,0.1,0.8500000000000001,sigmoid,sgd,0.8,2,gaussian,"(-0.1, 0.1)",15,0.061132283170283956,0.8333333333333334
[4],0.16,0.0,0.0,0.1,0.8500000000000001,sigmoid,sgd,0.8,4,gaussian,"(-0.5, 0.5)",15,0.07373135800288041,0.875
[4],0.16,0.0,0.0,0.1,0.8500000000000001,sigmoid,sgd,0.8,4,gaussian,"(-0.1, 0.1)",15,0.06341904681932391,0.875
[4],0.16,0.0,0.0,0.15000000000000002,0.9000000000000001,sigmoid,sgd,0.5,4,gaussian,"(-0.1, 0.1)",15,0.029134113832779557,0.92
[4],0.16,0.0,0.0,0.0,0.8500000000000001,sigmoid,sgd,0.7500000000000002,2,gaussian,"(-0.1, 0.1)",15,0.016909577210298635,0.96
[3],0.16,0.0,0.0,0.05,0.9000000000000001,sigmoid,sgd,0.55,2,gaussian,"(-0.5, 0.5)",15,0.02908223565482645,0.9166666666666666
[3],0.16,0.0,0.0,0.05,0.9000000000000001,sigmoid,sgd,0.55,4,gaussian,"(-0.5, 0.5)",15,0.032764670457521766,0.9166666666666666
[3],0.16,0.0,0.0,0.05,0.9000000000000001,sigmoid,sgd,0.8000000000000003,2,gaussian,"(-0.5, 0.5)",15,0.030343331628956638,0.9166666666666666
[3],0.16,0.0,0.0,0.05,0.9000000000000001,sigmoid,sgd,0.8000000000000003,4,gaussian,"(-0.5, 0.5)",15,0.03380628595960863,0.9166666666666666
[3],0.16,0.0,0.0,0.05,0.9000000000000001,sigmoid,sgd,0.9500000000000004,2,gaussian,"(-0.5, 0.5)",15,0.031092487676849596,0.9166666666666666
[3],0.16,0.0,0.0,0.05,0.9000000000000001,sigmoid,sgd,0.9500000000000004,4,gaussian,"(-0.5, 0.5)",15,0.03375226789972636,0.9166666666666666
[3],0.16,0.0,0.0,0.05,0.8500000000000001,sigmoid,sgd,0.55,2,gaussian,"(-0.5, 0.5)",15,0.03164756250402595,0.9166666666666666
[3],0.16,0.0,0.0,0.05,0.8500000000000001,sigmoid,sgd,0.55,4,gaussian,"(-0.5, 0.5)",15,0.033803782338,0.9166666666666666
[3],0.16,0.0,0.0,0.05,0.8500000000000001,sigmoid,sgd,0.8000000000000003,2,gaussian,"(-0.5, 0.5)",15,0.03204059485498941,0.9166666666666666
[3],0.16,0.0,0.0,0.05,0.8500000000000001,sigmoid,sgd,0.8000000000000003,4,gaussian,"(-0.5, 0.5)",15,0.03505495818150154,0.9166666666666666
[3],0.16,0.0,0.0,0.05,0.8500000000000001,sigmoid,sgd,0.9500000000000004,2,gaussian,"(-0.5, 0.5)",15,0.03241520766685544,0.9166666666666666
[3],0.16,0.0,0.0,0.05,0.8500000000000001,sigmoid,sgd,0.9500000000000004,4,gaussian,"(-0.5, 0.5)",15,0.03721711655100496,0.9166666666666666
[3],0.16,0.0,0.0,0.05,0.8,sigmoid,sgd,0.55,2,gaussian,"(-0.5, 0.5)",15,0.03241652981961327,0.9166666666666666
[3],0.16,0.0,0.0,0.05,0.8,sigmoid,sgd,0.55,4,gaussian,"(-0.5, 0.5)",15,0.03527761980349597,0.9166666666666666
[3],0.16,0.0,0.0,0.05,0.8,sigmoid,sgd,0.8000000000000003,2,gaussian,"(-0.5, 0.5)",15,0.03317563720254533,0.9166666666666666
[3],0.16,0.0,0.0,0.05,0.8,sigmoid,sgd,0.8000000000000003,4,gaussian,"(-0.5, 0.5)",15,0.046571990750088,0.9166666666666666
[3],0.16,0.0,0.0,0.05,0.8,sigmoid,sgd,0.9500000000000004,2,gaussian,"(-0.5, 0.5)",15,0.03367036099805438,0.9166666666666666
[3],0.16,0.0,0.0,0.05,0.8,sigmoid,sgd,0.9500000000000004,4,gaussian,"(-0.5, 0.5)",15,0.06176564822919436,0.9166666666666666
[3],0.16,0.0,0.0,0.0,0.9000000000000001,sigmoid,sgd,0.55,2,gaussian,"(-0.5, 0.5)",15,0.032121211501523673,0.9166666666666666
[3],0.16,0.0,0.0,0.0,0.9000000000000001,sigmoid,sgd,0.55,4,gaussian,"(-0.5, 0.5)",15,0.03422948317865857,0.9166666666666666
[3],0.16,0.0,0.0,0.0,0.9000000000000001,sigmoid,sgd,0.8000000000000003,2,gaussian,"(-0.5, 0.5)",15,0.03212003965103067,0.9166666666666666
[3],0.16,0.0,0.0,0.0,0.9000000000000001,sigmoid,sgd,0.8000000000000003,4,gaussian,"(-0.5, 0.5)",15,0.033403072501161,0.9166666666666666
[3],0.16,0.0,0.0,0.0,0.9000000000000001,sigmoid,sgd,0.9500000000000004,2,gaussian,"(-0.5, 0.5)",15,0.03212562154915002,0.9166666666666666
[3],0.16,0.0,0.0,0.0,0.9000000000000001,sigmoid,sgd,0.9500000000000004,4,gaussian,"(-0.5, 0.5)",15,0.03322065860432272,0.9166666666666666
[3],0.16,0.0,0.0,0.0,0.8500000000000001,sigmoid,sgd,0.55,2,gaussian,"(-0.5, 0.5)",15,0.03209076418290351,0.9166666666666666
[3],0.16,0.0,0.0,0.0,0.8500000000000001,sigmoid,sgd,0.55,4,gaussian,"(-0.5, 0.5)",15,0.0333106259960346,0.9166666666666666
[3],0.16,0.0,0.0,0.0,0.8500000000000001,sigmoid,sgd,0.8000000000000003,2,gaussian,"(-0.5, 0.5)",15,0.032449615147232234,0.9166666666666666
[3],0.16,0.0,0.0,0.0,0.8500000000000001,sigmoid,sgd,0.8000000000000003,4,gaussian,"(-0.5, 0.5)",15,0.034158754579734246,0.9166666666666666
[3],0.16,0.0,0.0,0.0,0.8500000000000001,sigmoid,sgd,0.9500000000000004,2,gaussian,"(-0.5, 0.5)",15,0.03292257645175518,0.9166666666666666
[3],0.16,0.0,0.0,0.0,0.8500000000000001,sigmoid,sgd,0.9500000000000004,4,gaussian,"(-0.5, 0.5)",15,0.03538465754109929,0.9166666666666666
[3],0.16,0.0,0.0,0.0,0.8,sigmoid,sgd,0.55,2,gaussian,"(-0.5, 0.5)",15,0.032915605663434606,0.9166666666666666
[3],0.16,0.0,0.0,0.0,0.8,sigmoid,sgd,0.55,4,gaussian,"(-0.5, 0.5)",15,0.03433145039170655,0.9166666666666666
[3],0.16,0.0,0.0,0.0,0.8,sigmoid,sgd,0.8000000000000003,2,gaussian,"(-0.5, 0.5)",15,0.03393566532178592,0.9166666666666666
[3],0.16,0.0,0.0,0.0,0.8,sigmoid,sgd,0.8000000000000003,4,gaussian,"(-0.5, 0.5)",15,0.041231492926993955,0.9166666666666666
[3],0.16,0.0,0.0,0.0,0.8,sigmoid,sgd,0.9500000000000004,2,gaussian,"(-0.5, 0.5)",15,0.0336848763459159,0.9166666666666666
[3],0.16,0.0,0.0,0.0,0.8,sigmoid,sgd,0.9500000000000004,4,gaussian,"(-0.5, 0.5)",15,0.05305948323288131,0.9166666666666666
[3],0.16,0.0,0.0,0.1,0.9000000000000001,sigmoid,sgd,0.55,2,gaussian,"(-0.5, 0.5)",15,0.030864931975567906,0.9166666666666666
[3],0.16,0.0,0.0,0.1,0.9000000000000001,sigmoid,sgd,0.55,4,gaussian,"(-0.5, 0.5)",15,0.03430507372797722,0.9166666666666666
[3],0.16,0.0,0.0,0.1,0.9000000000000001,sigmoid,sgd,0.8000000000000003,2,gaussian,"(-0.5, 0.5)",15,0.031322125409843644,0.9166666666666666
[3],0.16,0.0,0.0,0.1,0.9000000000000001,sigmoid,sgd,0.8000000000000003,4,gaussian,"(-0.5, 0.5)",15,0.0339797786850265,0.9166666666666666
[3],0.16,0.0,0.0,0.1,0.9000000000000001,sigmoid,sgd,0.9500000000000004,2,gaussian,"(-0.5, 0.5)",15,0.031460205516264626,0.9166666666666666
[3],0.16,0.0,0.0,0.1,0.9000000000000001,sigmoid,sgd,0.9500000000000004,4,gaussian,"(-0.5, 0.5)",15,0.03424332209587724,0.9166666666666666
[3],0.16,0.0,0.0,0.1,0.8500000000000001,sigmoid,sgd,0.55,2,gaussian,"(-0.5, 0.5)",15,0.03216525971473027,0.9166666666666666
[3],0.16,0.0,0.0,0.1,0.8500000000000001,sigmoid,sgd,0.55,4,gaussian,"(-0.5, 0.5)",15,0.03419083797298938,0.9166666666666666
[3],0.16,0.0,0.0,0.1,0.8500000000000001,sigmoid,sgd,0.8000000000000003,2,gaussian,"(-0.5, 0.5)",15,0.03301736471561323,0.9166666666666666
[3],0.16,0.0,0.0,0.1,0.8500000000000001,sigmoid,sgd,0.8000000000000003,4,gaussian,"(-0.5, 0.5)",15,0.036153102673677724,0.9166666666666666
[3],0.16,0.0,0.0,0.1,0.8500000000000001,sigmoid,sgd,0.9500000000000004,2,gaussian,"(-0.5, 0.5)",15,0.03358209220535003,0.9166666666666666
[3],0.16,0.0,0.0,0.1,0.8500000000000001,sigmoid,sgd,0.9500000000000004,4,gaussian,"(-0.5, 0.5)",15,0.039152171900316696,0.9166666666666666
[3],0.16,0.0,0.0,0.1,0.8,sigmoid,sgd,0.55,2,gaussian,"(-0.5, 0.5)",15,0.03350397686611132,0.9166666666666666
[3],0.16,0.0,0.0,0.1,0.8,sigmoid,sgd,0.55,4,gaussian,"(-0.5, 0.5)",15,0.036365047832251994,0.9166666666666666
[3],0.16,0.0,0.0,0.1,0.8,sigmoid,sgd,0.8000000000000003,2,gaussian,"(-0.5, 0.5)",15,0.03400497192593498,0.9166666666666666
[3],0.16,0.0,0.0,0.1,0.8,sigmoid,sgd,0.8000000000000003,4,gaussian,"(-0.5, 0.5)",15,0.050489450164050625,0.9166666666666666
[3],0.16,0.0,0.0,0.1,0.8,sigmoid,sgd,0.9500000000000004,2,gaussian,"(-0.5, 0.5)",15,0.034136070163814924,0.9166666666666666
[3],0.16,0.0,0.0,0.1,0.8,sigmoid,sgd,0.9500000000000004,4,gaussian,"(-0.5, 0.5)",15,0.06793680549588932,0.875
[4],0.16,0.0,0.0,0.05,0.9000000000000001,sigmoid,sgd,0.7000000000000002,2,gaussian,"(-0.1, 0.1)",15,0.020170576343282693,0.9583333333333334
[4],0.16,0.0,0.0,0.05,0.9000000000000001,sigmoid,sgd,0.7000000000000002,2,gaussian,"(-0.5, 0.5)",15,0.021186184234765964,0.9583333333333334
[4],0.16,0.0,0.0,0.05,0.9000000000000001,sigmoid,sgd,0.7000000000000002,4,gaussian,"(-0.1, 0.1)",15,0.021490556827287066,0.9583333333333334
[4],0.16,0.0,0.0,0.05,0.9000000000000001,sigmoid,sgd,0.7000000000000002,4,gaussian,"(-0.5, 0.5)",15,0.020963735382633474,0.9583333333333334
[4],0.16,0.0,0.0,0.05,0.9000000000000001,sigmoid,sgd,0.9000000000000004,2,gaussian,"(-0.1, 0.1)",15,0.02043990724890954,0.9583333333333334
[4],0.16,0.0,0.0,0.05,0.9000000000000001,sigmoid,sgd,0.9000000000000004,2,gaussian,"(-0.5, 0.5)",15,0.020842089407752135,0.9583333333333334
[4],0.16,0.0,0.0,0.05,0.9000000000000001,sigmoid,sgd,0.9000000000000004,4,gaussian,"(-0.1, 0.1)",15,0.021816378716472795,0.9583333333333334
[4],0.16,0.0,0.0,0.05,0.9000000000000001,sigmoid,sgd,0.9000000000000004,4,gaussian,"(-0.5, 0.5)",15,0.021400804724125273,0.9583333333333334
[4],0.16,0.0,0.0,0.05,0.9000000000000001,sigmoid,sgd,0.5,2,gaussian,"(-0.1, 0.1)",15,0.019720461483247843,0.9583333333333334
[4],0.16,0.0,0.0,0.05,0.9000000000000001,sigmoid,sgd,0.5,2,gaussian,"(-0.5, 0.5)",15,0.020387521652535174,0.9583333333333334
[4],0.16,0.0,0.0,0.05,0.9000000000000001,sigmoid,sgd,0.5,4,gaussian,"(-0.1, 0.1)",15,0.020999585649301395,0.9583333333333334
[4],0.16,0.0,0.0,0.05,0.9000000000000001,sigmoid,sgd,0.5,4,gaussian,"(-0.5, 0.5)",15,0.02100810776349929,0.9583333333333334
[4],0.16,0.0,0.0,0.05,0.9000000000000001,sigmoid,sgd,0.8500000000000003,2,gaussian,"(-0.1, 0.1)",15,0.02048559256807699,0.9583333333333334
[4],0.16,0.0,0.0,0.05,0.9000000000000001,sigmoid,sgd,0.8500000000000003,2,gaussian,"(-0.5, 0.5)",15,0.02092147238950083,0.9583333333333334
[4],0.16,0.0,0.0,0.05,0.9000000000000001,sigmoid,sgd,0.8500000000000003,4,gaussian,"(-0.1, 0.1)",15,0.021732363288152937,0.9583333333333334
[4],0.16,0.0,0.0,0.05,0.9000000000000001,sigmoid,sgd,0.8500000000000003,4,gaussian,"(-0.5, 0.5)",15,0.02122956376875965,0.9583333333333334
[4],0.16,0.0,0.0,0.2,0.9000000000000001,sigmoid,sgd,0.7000000000000002,2,gaussian,"(-0.1, 0.1)",15,0.01841637811541883,0.9583333333333334
[4],0.16,0.0,0.0,0.2,0.9000000000000001,sigmoid,sgd,0.7000000000000002,2,gaussian,"(-0.5, 0.5)",15,0.020153751605962587,0.9583333333333334
[4],0.16,0.0,0.0,0.2,0.9000000000000001,sigmoid,sgd,0.7000000000000002,4,gaussian,"(-0.1, 0.1)",15,0.023242243647291345,0.9583333333333334
[4],0.16,0.0,0.0,0.2,0.9000000000000001,sigmoid,sgd,0.7000000000000002,4,gaussian,"(-0.5, 0.5)",15,0.02038639318872862,0.9583333333333334
[4],0.16,0.0,0.0,0.2,0.9000000000000001,sigmoid,sgd,0.9000000000000004,2,gaussian,"(-0.1, 0.1)",15,0.019104279994485388,0.9583333333333334
[4],0.16,0.0,0.0,0.2,0.9000000000000001,sigmoid,sgd,0.9000000000000004,2,gaussian,"(-0.5, 0.5)",15,0.020173009976965365,0.9583333333333334
[4],0.16,0.0,0.0,0.2,0.9000000000000001,sigmoid,sgd,0.9000000000000004,4,gaussian,"(-0.1, 0.1)",15,0.023544309757477178,0.9583333333333334
[4],0.16,0.0,0.0,0.2,0.9000000000000001,sigmoid,sgd,0.9000000000000004,4,gaussian,"(-0.5, 0.5)",15,0.021483661111156793,0.9583333333333334
[4],0.16,0.0,0.0,0.2,0.9000000000000001,sigmoid,sgd,0.5,2,gaussian,"(-0.1, 0.1)",15,0.017833511246167093,0.9583333333333334
[4],0.16,0.0,0.0,0.2,0.9000000000000001,sigmoid,sgd,0.5,2,gaussian,"(-0.5, 0.5)",15,0.020181988203470756,0.9583333333333334
[4],0.16,0.0,0.0,0.2,0.9000000000000001,sigmoid,sgd,0.5,4,gaussian,"(-0.1, 0.1)",15,0.02399297606791041,0.9583333333333334
[4],0.16,0.0,0.0,0.2,0.9000000000000001,sigmoid,sgd,0.5,4,gaussian,"(-0.5, 0.5)",15,0.020198991560587555,0.9583333333333334
[4],0.16,0.0,0.0,0.2,0.9000000000000001,sigmoid,sgd,0.8500000000000003,2,gaussian,"(-0.1, 0.1)",15,0.019011924333199298,0.9583333333333334
[4],0.16,0.0,0.0,0.2,0.9000000000000001,sigmoid,sgd,0.8500000000000003,2,gaussian,"(-0.5, 0.5)",15,0.020127490614983163,0.9583333333333334
[4],0.16,0.0,0.0,0.2,0.9000000000000001,sigmoid,sgd,0.8500000000000003,4,gaussian,"(-0.1, 0.1)",15,0.023351978431939854,0.9583333333333334
[4],0.16,0.0,0.0,0.2,0.9000000000000001,sigmoid,sgd,0.8500000000000003,4,gaussian,"(-0.5, 0.5)",15,0.021150672955568803,0.9583333333333334
[4],0.16,0.0,0.0,0.0,0.9000000000000001,sigmoid,sgd,0.7000000000000002,2,gaussian,"(-0.1, 0.1)",15,0.019178180982634373,0.9583333333333334
[4],0.16,0.0,0.0,0.0,0.9000000000000001,sigmoid,sgd,0.7000000000000002,2,gaussian,"(-0.5, 0.5)",15,0.020377751228436863,0.9583333333333334
[4],0.16,0.0,0.0,0.0,0.9000000000000001,sigmoid,sgd,0.7000000000000002,4,gaussian,"(-0.1, 0.1)",15,0.02089629068571773,0.9583333333333334
[4],0.16,0.0,0.0,0.0,0.9000000000000001,sigmoid,sgd,0.7000000000000002,4,gaussian,"(-0.5, 0.5)",15,0.020874190766016917,0.9583333333333334
[4],0.16,0.0,0.0,0.0,0.9000000000000001,sigmoid,sgd,0.9000000000000004,2,gaussian,"(-0.1, 0.1)",15,0.019561462677050456,0.9583333333333334
[4],0.16,0.0,0.0,0.0,0.9000000000000001,sigmoid,sgd,0.9000000000000004,2,gaussian,"(-0.5, 0.5)",15,0.020306643932312796,0.9583333333333334
[4],0.16,0.0,0.0,0.0,0.9000000000000001,sigmoid,sgd,0.9000000000000004,4,gaussian,"(-0.1, 0.1)",15,0.02108188120895257,0.9583333333333334
[4],0.16,0.0,0.0,0.0,0.9000000000000001,sigmoid,sgd,0.9000000000000004,4,gaussian,"(-0.5, 0.5)",15,0.021011206397097058,0.9583333333333334
[4],0.16,0.0,0.0,0.0,0.9000000000000001,sigmoid,sgd,0.5,2,gaussian,"(-0.1, 0.1)",15,0.018965731130581562,0.9583333333333334
[4],0.16,0.0,0.0,0.0,0.9000000000000001,sigmoid,sgd,0.5,2,gaussian,"(-0.5, 0.5)",15,0.020482142719692557,0.9583333333333334
[4],0.16,0.0,0.0,0.0,0.9000000000000001,sigmoid,sgd,0.5,4,gaussian,"(-0.1, 0.1)",15,0.02073123585592214,0.9583333333333334
[4],0.16,0.0,0.0,0.0,0.9000000000000001,sigmoid,sgd,0.5,4,gaussian,"(-0.5, 0.5)",15,0.020550636097768044,0.9583333333333334
[4],0.16,0.0,0.0,0.0,0.9000000000000001,sigmoid,sgd,0.8500000000000003,2,gaussian,"(-0.1, 0.1)",15,0.019452027220273335,0.9583333333333334
[4],0.16,0.0,0.0,0.0,0.9000000000000001,sigmoid,sgd,0.8500000000000003,2,gaussian,"(-0.5, 0.5)",15,0.020308192739353855,0.9583333333333334
[4],0.16,0.0,0.0,0.0,0.9000000000000001,sigmoid,sgd,0.8500000000000003,4,gaussian,"(-0.1, 0.1)",15,0.02102538707922519,0.9583333333333334
[4],0.16,0.0,0.0,0.0,0.9000000000000001,sigmoid,sgd,0.8500000000000003,4,gaussian,"(-0.5, 0.5)",15,0.020924322660696455,0.9583333333333334
[4],0.16,0.0,0.0,0.05,0.7,sigmoid,sgd,0.9500000000000004,2,gaussian,"(-0.5, 0.5)",15,0.06687035059059461,0.875
[3],0.16,0.0,0.0,0.15000000000000002,0.8500000000000001,sigmoid,sgd,0.6500000000000001,2,gaussian,"(-0.1, 0.1)",15,0.02915843083451163,0.92
[4],0.16,0.0,0.0,0.25,0.9000000000000001,sigmoid,sgd,0.6500000000000001,4,gaussian,"(-0.1, 0.1)",15,0.021977662496335683,1.0
[4],0.16,0.0,0.0,0.0,0.9000000000000001,sigmoid,sgd,0.6000000000000001,2,gaussian,"(-0.1, 0.1)",15,0.03406826096648477,0.9166666666666666
[4],0.16,0.0,0.0,0.0,0.9000000000000001,sigmoid,sgd,0.6000000000000001,2,gaussian,"(-0.5, 0.5)",15,0.03783249739239009,0.9166666666666666
[4],0.16,0.0,0.0,0.0,0.9000000000000001,sigmoid,sgd,0.55,2,gaussian,"(-0.1, 0.1)",15,0.0339792569742595,0.9166666666666666
[4],0.16,0.0,0.0,0.0,0.9000000000000001,sigmoid,sgd,0.55,2,gaussian,"(-0.5, 0.5)",15,0.03789759833670034,0.9166666666666666
[4],0.16,0.0,0.0,0.0,0.8,sigmoid,sgd,0.5,2,gaussian,"(-0.1, 0.1)",15,0.03694882036264562,0.9166666666666666
[4],0.16,0.0,0.0,0.0,0.8,sigmoid,sgd,0.5,2,gaussian,"(-0.5, 0.5)",15,0.03837707334302285,0.9166666666666666
[4],0.16,0.0,0.0,0.0,0.8,sigmoid,sgd,0.6000000000000001,2,gaussian,"(-0.1, 0.1)",15,0.03723607854382776,0.9166666666666666
[4],0.16,0.0,0.0,0.0,0.8,sigmoid,sgd,0.6000000000000001,2,gaussian,"(-0.5, 0.5)",15,0.03831006929449842,0.9166666666666666
[4],0.16,0.0,0.0,0.0,0.8,sigmoid,sgd,0.8500000000000003,2,gaussian,"(-0.1, 0.1)",15,0.03831266591557999,0.9166666666666666
[4],0.16,0.0,0.0,0.0,0.8,sigmoid,sgd,0.8500000000000003,2,gaussian,"(-0.5, 0.5)",15,0.0387541655655676,0.9166666666666666
[4],0.16,0.0,0.0,0.0,0.8,sigmoid,sgd,0.55,2,gaussian,"(-0.1, 0.1)",15,0.0370786194772772,0.9166666666666666
[4],0.16,0.0,0.0,0.0,0.8,sigmoid,sgd,0.55,2,gaussian,"(-0.5, 0.5)",15,0.03832524689917169,0.9166666666666666
[4],0.16,0.0,0.0,0.0,0.7,sigmoid,sgd,0.5,2,gaussian,"(-0.1, 0.1)",15,0.038567202105912766,0.9166666666666666
[4],0.16,0.0,0.0,0.0,0.7,sigmoid,sgd,0.5,2,gaussian,"(-0.5, 0.5)",15,0.03910785391439115,0.9166666666666666
[4],0.16,0.0,0.0,0.0,0.7,sigmoid,sgd,0.6000000000000001,2,gaussian,"(-0.1, 0.1)",15,0.039017198133885565,0.9166666666666666
[4],0.16,0.0,0.0,0.0,0.7,sigmoid,sgd,0.6000000000000001,2,gaussian,"(-0.5, 0.5)",15,0.039509810995307953,0.9166666666666666
[4],0.16,0.0,0.0,0.0,0.7,sigmoid,sgd,0.8500000000000003,2,gaussian,"(-0.1, 0.1)",15,0.039280828578502736,0.9166666666666666
[4],0.16,0.0,0.0,0.0,0.7,sigmoid,sgd,0.8500000000000003,2,gaussian,"(-0.5, 0.5)",15,0.04134135647673639,0.9166666666666666
[4],0.16,0.0,0.0,0.0,0.7,sigmoid,sgd,0.55,2,gaussian,"(-0.1, 0.1)",15,0.03882290749727769,0.9166666666666666
[4],0.16,0.0,0.0,0.0,0.7,sigmoid,sgd,0.55,2,gaussian,"(-0.5, 0.5)",15,0.03929056136723927,0.9166666666666666
[4],0.16,0.0,0.0,0.0,0.8500000000000001,sigmoid,sgd,0.5,2,gaussian,"(-0.1, 0.1)",15,0.03553811142405878,0.9166666666666666
[4],0.16,0.0,0.0,0.0,0.8500000000000001,sigmoid,sgd,0.5,2,gaussian,"(-0.5, 0.5)",15,0.03816666524246459,0.9166666666666666
[4],0.16,0.0,0.0,0.0,0.8500000000000001,sigmoid,sgd,0.6000000000000001,2,gaussian,"(-0.1, 0.1)",15,0.036145284790942145,0.9166666666666666
[4],0.16,0.0,0.0,0.0,0.8500000000000001,sigmoid,sgd,0.6000000000000001,2,gaussian,"(-0.5, 0.5)",15,0.038031104886728555,0.9166666666666666
[4],0.16,0.0,0.0,0.0,0.8500000000000001,sigmoid,sgd,0.8500000000000003,2,gaussian,"(-0.1, 0.1)",15,0.03668903886044194,0.9166666666666666
[4],0.16,0.0,0.0,0.0,0.8500000000000001,sigmoid,sgd,0.8500000000000003,2,gaussian,"(-0.5, 0.5)",15,0.037984730194438966,0.9166666666666666
[4],0.16,0.0,0.0,0.0,0.8500000000000001,sigmoid,sgd,0.55,2,gaussian,"(-0.1, 0.1)",15,0.03594549326528048,0.9166666666666666
[4],0.16,0.0,0.0,0.0,0.8500000000000001,sigmoid,sgd,0.55,2,gaussian,"(-0.5, 0.5)",15,0.0380894355524729,0.9166666666666666
[4],0.16,0.0,0.0,0.1,0.9000000000000001,sigmoid,sgd,0.5,2,gaussian,"(-0.1, 0.1)",15,0.03719821256313339,0.9166666666666666
[4],0.16,0.0,0.0,0.1,0.9000000000000001,sigmoid,sgd,0.5,2,gaussian,"(-0.5, 0.5)",15,0.03786323399555174,0.9166666666666666
[4],0.16,0.0,0.0,0.1,0.9000000000000001,sigmoid,sgd,0.6000000000000001,2,gaussian,"(-0.1, 0.1)",15,0.03734903272921556,0.9166666666666666
[4],0.16,0.0,0.0,0.1,0.9000000000000001,sigmoid,sgd,0.6000000000000001,2,gaussian,"(-0.5, 0.5)",15,0.03814392993692769,0.9166666666666666
[4],0.16,0.0,0.0,0.1,0.9000000000000001,sigmoid,sgd,0.8500000000000003,2,gaussian,"(-0.1, 0.1)",15,0.03772770349547865,0.9166666666666666
[4],0.16,0.0,0.0,0.1,0.9000000000000001,sigmoid,sgd,0.8500000000000003,2,gaussian,"(-0.5, 0.5)",15,0.038349796830495435,0.9166666666666666
[4],0.16,0.0,0.0,0.1,0.9000000000000001,sigmoid,sgd,0.55,2,gaussian,"(-0.1, 0.1)",15,0.037290036415765886,0.9166666666666666
[4],0.16,0.0,0.0,0.1,0.9000000000000001,sigmoid,sgd,0.55,2,gaussian,"(-0.5, 0.5)",15,0.03805870124795801,0.9166666666666666
[4],0.16,0.0,0.0,0.1,0.8,sigmoid,sgd,0.5,2,gaussian,"(-0.1, 0.1)",15,0.038279922163129955,0.9166666666666666
[4],0.16,0.0,0.0,0.1,0.8,sigmoid,sgd,0.5,2,gaussian,"(-0.5, 0.5)",15,0.03888826032143291,0.9166666666666666
[4],0.16,0.0,0.0,0.1,0.8,sigmoid,sgd,0.6000000000000001,2,gaussian,"(-0.1, 0.1)",15,0.038512078725633316,0.9166666666666666
[4],0.16,0.0,0.0,0.1,0.8,sigmoid,sgd,0.6000000000000001,2,gaussian,"(-0.5, 0.5)",15,0.039107439912125445,0.9166666666666666
[4],0.16,0.0,0.0,0.1,0.8,sigmoid,sgd,0.8500000000000003,2,gaussian,"(-0.1, 0.1)",15,0.03898746397615894,0.9166666666666666
[4],0.16,0.0,0.0,0.1,0.8,sigmoid,sgd,0.8500000000000003,2,gaussian,"(-0.5, 0.5)",15,0.039891897803925,0.9166666666666666
[4],0.16,0.0,0.0,0.1,0.8,sigmoid,sgd,0.55,2,gaussian,"(-0.1, 0.1)",15,0.038390093075927674,0.9166666666666666
[4],0.16,0.0,0.0,0.1,0.8,sigmoid,sgd,0.55,2,gaussian,"(-0.5, 0.5)",15,0.038992898093028645,0.9166666666666666
[4],0.16,0.0,0.0,0.1,0.7,sigmoid,sgd,0.5,2,gaussian,"(-0.1, 0.1)",15,0.03835864005897419,0.9166666666666666
[4],0.16,0.0,0.0,0.1,0.7,sigmoid,sgd,0.5,2,gaussian,"(-0.5, 0.5)",15,0.039767055061470276,0.9166666666666666
[4],0.16,0.0,0.0,0.1,0.7,sigmoid,sgd,0.6000000000000001,2,gaussian,"(-0.1, 0.1)",15,0.03854058380119154,0.9166666666666666
[4],0.16,0.0,0.0,0.1,0.7,sigmoid,sgd,0.6000000000000001,2,gaussian,"(-0.5, 0.5)",15,0.040294687872099715,0.9166666666666666
[4],0.16,0.0,0.0,0.1,0.7,sigmoid,sgd,0.8500000000000003,2,gaussian,"(-0.1, 0.1)",15,0.038853218781423164,0.9166666666666666
[4],0.16,0.0,0.0,0.1,0.7,sigmoid,sgd,0.8500000000000003,2,gaussian,"(-0.5, 0.5)",15,0.042551427332041036,0.9166666666666666
[4],0.16,0.0,0.0,0.1,0.7,sigmoid,sgd,0.55,2,gaussian,"(-0.1, 0.1)",15,0.03848135051577381,0.9166666666666666
[4],0.16,0.0,0.0,0.1,0.7,sigmoid,sgd,0.55,2,gaussian,"(-0.5, 0.5)",15,0.04001020405271547,0.9166666666666666
[4],0.16,0.0,0.0,0.1,0.8500000000000001,sigmoid,sgd,0.5,2,gaussian,"(-0.1, 0.1)",15,0.03750528570063289,0.9166666666666666
[4],0.16,0.0,0.0,0.1,0.8500000000000001,sigmoid,sgd,0.5,2,gaussian,"(-0.5, 0.5)",15,0.038485957961217336,0.9166666666666666
[4],0.16,0.0,0.0,0.1,0.8500000000000001,sigmoid,sgd,0.6000000000000001,2,gaussian,"(-0.1, 0.1)",15,0.03766546342073588,0.9166666666666666
[4],0.16,0.0,0.0,0.1,0.8500000000000001,sigmoid,sgd,0.6000000000000001,2,gaussian,"(-0.5, 0.5)",15,0.038600198211928644,0.9166666666666666
[4],0.16,0.0,0.0,0.1,0.8500000000000001,sigmoid,sgd,0.8500000000000003,2,gaussian,"(-0.1, 0.1)",15,0.03848409488288202,0.9166666666666666
[4],0.16,0.0,0.0,0.1,0.8500000000000001,sigmoid,sgd,0.8500000000000003,2,gaussian,"(-0.5, 0.5)",15,0.03903355067094619,0.9166666666666666
[4],0.16,0.0,0.0,0.1,0.8500000000000001,sigmoid,sgd,0.55,2,gaussian,"(-0.1, 0.1)",15,0.03757442855156849,0.9166666666666666
[4],0.16,0.0,0.0,0.1,0.8500000000000001,sigmoid,sgd,0.55,2,gaussian,"(-0.5, 0.5)",15,0.03853880792622561,0.9166666666666666
[3],0.16,0.0,0.0,0.0,0.9000000000000001,sigmoid,sgd,0.5,2,gaussian,"(-0.1, 0.1)",15,0.036507125636455744,0.9166666666666666
[3],0.16,0.0,0.0,0.0,0.9000000000000001,sigmoid,sgd,0.5,2,gaussian,"(-0.5, 0.5)",15,0.03591340243617126,0.9166666666666666
[3],0.16,0.0,0.0,0.0,0.9000000000000001,sigmoid,sgd,0.6000000000000001,2,gaussian,"(-0.1, 0.1)",15,0.03634641875098613,0.9166666666666666
[3],0.16,0.0,0.0,0.0,0.9000000000000001,sigmoid,sgd,0.6000000000000001,2,gaussian,"(-0.5, 0.5)",15,0.035869756522166736,0.9166666666666666
[3],0.16,0.0,0.0,0.0,0.9000000000000001,sigmoid,sgd,0.8500000000000003,2,gaussian,"(-0.1, 0.1)",15,0.036441770786954174,0.9166666666666666
[3],0.16,0.0,0.0,0.0,0.9000000000000001,sigmoid,sgd,0.8500000000000003,2,gaussian,"(-0.5, 0.5)",15,0.035658472552243796,0.9166666666666666
[3],0.16,0.0,0.0,0.0,0.9000000000000001,sigmoid,sgd,0.55,2,gaussian,"(-0.1, 0.1)",15,0.03624268166596823,0.9166666666666666
[3],0.16,0.0,0.0,0.0,0.8,sigmoid,sgd,0.5,2,gaussian,"(-0.1, 0.1)",15,0.03611524790779861,0.9166666666666666
[3],0.16,0.0,0.0,0.0,0.8,sigmoid,sgd,0.5,2,gaussian,"(-0.5, 0.5)",15,0.03488410786978558,0.9166666666666666
[3],0.16,0.0,0.0,0.0,0.8,sigmoid,sgd,0.6000000000000001,2,gaussian,"(-0.1, 0.1)",15,0.0360687198005263,0.9166666666666666
[3],0.16,0.0,0.0,0.0,0.8,sigmoid,sgd,0.6000000000000001,2,gaussian,"(-0.5, 0.5)",15,0.034508391147830886,0.9166666666666666
[3],0.16,0.0,0.0,0.0,0.8,sigmoid,sgd,0.8500000000000003,2,gaussian,"(-0.1, 0.1)",15,0.03642849630356811,0.9166666666666666
[3],0.16,0.0,0.0,0.0,0.8,sigmoid,sgd,0.8500000000000003,2,gaussian,"(-0.5, 0.5)",15,0.033832755256849034,0.9166666666666666
[3],0.16,0.0,0.0,0.0,0.8,sigmoid,sgd,0.55,2,gaussian,"(-0.1, 0.1)",15,0.036079518804239825,0.9166666666666666
[3],0.16,0.0,0.0,0.0,0.7,sigmoid,sgd,0.5,2,gaussian,"(-0.1, 0.1)",15,0.036459285072876345,0.9166666666666666
[3],0.16,0.0,0.0,0.0,0.7,sigmoid,sgd,0.5,2,gaussian,"(-0.5, 0.5)",15,0.03384263581902008,0.9166666666666666
[3],0.16,0.0,0.0,0.0,0.7,sigmoid,sgd,0.6000000000000001,2,gaussian,"(-0.1, 0.1)",15,0.03715457640457595,0.9166666666666666
[3],0.16,0.0,0.0,0.0,0.7,sigmoid,sgd,0.6000000000000001,2,gaussian,"(-0.5, 0.5)",15,0.03380996036345079,0.9166666666666666
[3],0.16,0.0,0.0,0.0,0.7,sigmoid,sgd,0.8500000000000003,2,gaussian,"(-0.1, 0.1)",15,0.037786294374638076,0.9166666666666666
[3],0.16,0.0,0.0,0.0,0.7,sigmoid,sgd,0.8500000000000003,2,gaussian,"(-0.5, 0.5)",15,0.034642687266754964,0.9166666666666666
[3],0.16,0.0,0.0,0.0,0.7,sigmoid,sgd,0.55,2,gaussian,"(-0.1, 0.1)",15,0.03681754837157323,0.9166666666666666
[3],0.16,0.0,0.0,0.0,0.7,sigmoid,sgd,0.55,2,gaussian,"(-0.5, 0.5)",15,0.03379100208993444,0.9166666666666666
[3],0.16,0.0,0.0,0.0,0.8500000000000001,sigmoid,sgd,0.5,2,gaussian,"(-0.1, 0.1)",15,0.036453504762610466,0.9166666666666666
[3],0.16,0.0,0.0,0.0,0.8500000000000001,sigmoid,sgd,0.5,2,gaussian,"(-0.5, 0.5)",15,0.03569521291412165,0.9166666666666666
[3],0.16,0.0,0.0,0.0,0.8500000000000001,sigmoid,sgd,0.6000000000000001,2,gaussian,"(-0.1, 0.1)",15,0.036350660555916216,0.9166666666666666
[3],0.16,0.0,0.0,0.0,0.8500000000000001,sigmoid,sgd,0.6000000000000001,2,gaussian,"(-0.5, 0.5)",15,0.03538707058073399,0.9166666666666666
[3],0.16,0.0,0.0,0.0,0.8500000000000001,sigmoid,sgd,0.8500000000000003,2,gaussian,"(-0.1, 0.1)",15,0.03618579398736297,0.9166666666666666
[3],0.16,0.0,0.0,0.0,0.8500000000000001,sigmoid,sgd,0.8500000000000003,2,gaussian,"(-0.5, 0.5)",15,0.03465305657536724,0.9166666666666666
[3],0.16,0.0,0.0,0.0,0.8500000000000001,sigmoid,sgd,0.55,2,gaussian,"(-0.1, 0.1)",15,0.03642158213160861,0.9166666666666666
[3],0.16,0.0,0.0,0.1,0.9000000000000001,sigmoid,sgd,0.5,2,gaussian,"(-0.1, 0.1)",15,0.03825928431399692,0.9166666666666666
[3],0.16,0.0,0.0,0.1,0.9000000000000001,sigmoid,sgd,0.5,2,gaussian,"(-0.5, 0.5)",15,0.03701159075158765,0.9166666666666666
[3],0.16,0.0,0.0,0.1,0.9000000000000001,sigmoid,sgd,0.6000000000000001,2,gaussian,"(-0.1, 0.1)",15,0.03802374563853373,0.9166666666666666
[3],0.16,0.0,0.0,0.1,0.9000000000000001,sigmoid,sgd,0.6000000000000001,2,gaussian,"(-0.5, 0.5)",15,0.03675331854333235,0.9166666666666666
[3],0.16,0.0,0.0,0.1,0.9000000000000001,sigmoid,sgd,0.8500000000000003,2,gaussian,"(-0.1, 0.1)",15,0.037632490184812524,0.9166666666666666
[3],0.16,0.0,0.0,0.1,0.9000000000000001,sigmoid,sgd,0.8500000000000003,2,gaussian,"(-0.5, 0.5)",15,0.03590176653779739,0.9166666666666666
[3],0.16,0.0,0.0,0.1,0.9000000000000001,sigmoid,sgd,0.55,2,gaussian,"(-0.1, 0.1)",15,0.03813586233655889,0.9166666666666666
[3],0.16,0.0,0.0,0.1,0.8,sigmoid,sgd,0.5,2,gaussian,"(-0.1, 0.1)",15,0.03798655170369744,0.9166666666666666
[3],0.16,0.0,0.0,0.1,0.8,sigmoid,sgd,0.5,2,gaussian,"(-0.5, 0.5)",15,0.03469148778677034,0.9166666666666666
[3],0.16,0.0,0.0,0.1,0.8,sigmoid,sgd,0.6000000000000001,2,gaussian,"(-0.1, 0.1)",15,0.038316969897483975,0.9166666666666666
[3],0.16,0.0,0.0,0.1,0.8,sigmoid,sgd,0.6000000000000001,2,gaussian,"(-0.5, 0.5)",15,0.034289623865953335,0.9166666666666666
[3],0.16,0.0,0.0,0.1,0.8,sigmoid,sgd,0.8500000000000003,2,gaussian,"(-0.1, 0.1)",15,0.03819313623959251,0.9166666666666666
[3],0.16,0.0,0.0,0.1,0.8,sigmoid,sgd,0.8500000000000003,2,gaussian,"(-0.5, 0.5)",15,0.03402149150390473,0.9166666666666666
[3],0.16,0.0,0.0,0.1,0.8,sigmoid,sgd,0.55,2,gaussian,"(-0.1, 0.1)",15,0.038250635395320635,0.9166666666666666
[3],0.16,0.0,0.0,0.1,0.7,sigmoid,sgd,0.5,2,gaussian,"(-0.1, 0.1)",15,0.037999266543916665,0.9166666666666666
[3],0.16,0.0,0.0,0.1,0.7,sigmoid,sgd,0.5,2,gaussian,"(-0.5, 0.5)",15,0.034149066380564495,0.9166666666666666
[3],0.16,0.0,0.0,0.1,0.7,sigmoid,sgd,0.6000000000000001,2,gaussian,"(-0.1, 0.1)",15,0.03801259082246708,0.9166666666666666
[3],0.16,0.0,0.0,0.1,0.7,sigmoid,sgd,0.6000000000000001,2,gaussian,"(-0.5, 0.5)",15,0.03447334824030105,0.9166666666666666
[3],0.16,0.0,0.0,0.1,0.7,sigmoid,sgd,0.8500000000000003,2,gaussian,"(-0.1, 0.1)",15,0.03815030644685336,0.9166666666666666
[3],0.16,0.0,0.0,0.1,0.7,sigmoid,sgd,0.8500000000000003,2,gaussian,"(-0.5, 0.5)",15,0.03664560416138251,0.9166666666666666
[3],0.16,0.0,0.0,0.1,0.7,sigmoid,sgd,0.55,2,gaussian,"(-0.1, 0.1)",15,0.038004636288932594,0.9166666666666666
[3],0.16,0.0,0.0,0.1,0.7,sigmoid,sgd,0.55,2,gaussian,"(-0.5, 0.5)",15,0.03428213204346849,0.9166666666666666
[3],0.16,0.0,0.0,0.1,0.8500000000000001,sigmoid,sgd,0.5,2,gaussian,"(-0.1, 0.1)",15,0.03769084447853888,0.9166666666666666
[3],0.16,0.0,0.0,0.1,0.8500000000000001,sigmoid,sgd,0.5,2,gaussian,"(-0.5, 0.5)",15,0.035837125235577465,0.9166666666666666
[3],0.16,0.0,0.0,0.1,0.8500000000000001,sigmoid,sgd,0.6000000000000001,2,gaussian,"(-0.1, 0.1)",15,0.037514093496019696,0.9166666666666666
[3],0.16,0.0,0.0,0.1,0.8500000000000001,sigmoid,sgd,0.6000000000000001,2,gaussian,"(-0.5, 0.5)",15,0.03537912513823254,0.9166666666666666
[3],0.16,0.0,0.0,0.1,0.8500000000000001,sigmoid,sgd,0.8500000000000003,2,gaussian,"(-0.1, 0.1)",15,0.037650928996636336,0.9166666666666666
[3],0.16,0.0,0.0,0.1,0.8500000000000001,sigmoid,sgd,0.8500000000000003,2,gaussian,"(-0.5, 0.5)",15,0.03448261975801836,0.9166666666666666
[3],0.16,0.0,0.0,0.1,0.8500000000000001,sigmoid,sgd,0.55,2,gaussian,"(-0.1, 0.1)",15,0.03758732324145211,0.9166666666666666
[4],0.16,0.0,0.0,0.15000000000000002,0.9000000000000001,sigmoid,sgd,0.6000000000000001,2,gaussian,"(-0.5, 0.5)",15,0.0202348270332502,0.9583333333333334
[4],0.16,0.0,0.0,0.15000000000000002,0.9000000000000001,sigmoid,sgd,0.6000000000000001,2,gaussian,"(-0.1, 0.1)",15,0.022600052093075265,0.9583333333333334
[4],0.16,0.0,0.0,0.15000000000000002,0.9000000000000001,sigmoid,sgd,0.6000000000000001,4,gaussian,"(-0.5, 0.5)",15,0.020198460961571896,0.9583333333333334
[4],0.16,0.0,0.0,0.15000000000000002,0.9000000000000001,sigmoid,sgd,0.6000000000000001,4,gaussian,"(-0.1, 0.1)",15,0.021648341588554568,0.9583333333333334
[4],0.16,0.0,0.0,0.15000000000000002,0.9000000000000001,sigmoid,sgd,0.8000000000000003,2,gaussian,"(-0.5, 0.5)",15,0.020198500238160437,0.9583333333333334
[4],0.16,0.0,0.0,0.15000000000000002,0.9000000000000001,sigmoid,sgd,0.8000000000000003,2,gaussian,"(-0.1, 0.1)",15,0.022360941310288374,0.9583333333333334
[4],0.16,0.0,0.0,0.15000000000000002,0.9000000000000001,sigmoid,sgd,0.8000000000000003,4,gaussian,"(-0.5, 0.5)",15,0.021279135873881097,0.9583333333333334
[4],0.16,0.0,0.0,0.15000000000000002,0.9000000000000001,sigmoid,sgd,0.8000000000000003,4,gaussian,"(-0.1, 0.1)",15,0.021683436372028162,0.9583333333333334
[4],0.16,0.0,0.0,0.15000000000000002,0.9000000000000001,sigmoid,sgd,0.6500000000000001,2,gaussian,"(-0.5, 0.5)",15,0.020154780256104735,0.9583333333333334
[4],0.16,0.0,0.0,0.15000000000000002,0.9000000000000001,sigmoid,sgd,0.6500000000000001,2,gaussian,"(-0.1, 0.1)",15,0.02252637114662573,0.9583333333333334
[4],0.16,0.0,0.0,0.15000000000000002,0.9000000000000001,sigmoid,sgd,0.6500000000000001,4,gaussian,"(-0.5, 0.5)",15,0.020383259155444523,0.9583333333333334
[4],0.16,0.0,0.0,0.15000000000000002,0.9000000000000001,sigmoid,sgd,0.6500000000000001,4,gaussian,"(-0.1, 0.1)",15,0.021658501517326168,0.9583333333333334
[4],0.16,0.0,0.0,0.15000000000000002,0.9000000000000001,sigmoid,sgd,0.55,2,gaussian,"(-0.5, 0.5)",15,0.020435293435253608,0.9583333333333334
[4],0.16,0.0,0.0,0.15000000000000002,0.9000000000000001,sigmoid,sgd,0.55,2,gaussian,"(-0.1, 0.1)",15,0.022735147304710376,0.9583333333333334
[4],0.16,0.0,0.0,0.15000000000000002,0.9000000000000001,sigmoid,sgd,0.55,4,gaussian,"(-0.5, 0.5)",15,0.02008131391044645,0.9583333333333334
[4],0.16,0.0,0.0,0.15000000000000002,0.9000000000000001,sigmoid,sgd,0.55,4,gaussian,"(-0.1, 0.1)",15,0.02164287406898438,0.9583333333333334
[4],0.16,0.0,0.0,0.15000000000000002,0.9000000000000001,sigmoid,sgd,0.7000000000000002,2,gaussian,"(-0.5, 0.5)",15,0.020128661655919738,0.9583333333333334
[4],0.16,0.0,0.0,0.15000000000000002,0.9000000000000001,sigmoid,sgd,0.7000000000000002,2,gaussian,"(-0.1, 0.1)",15,0.02246831032996525,0.9583333333333334
[4],0.16,0.0,0.0,0.15000000000000002,0.9000000000000001,sigmoid,sgd,0.7000000000000002,4,gaussian,"(-0.5, 0.5)",15,0.020630393257723298,0.9583333333333334
[4],0.16,0.0,0.0,0.15000000000000002,0.9000000000000001,sigmoid,sgd,0.7000000000000002,4,gaussian,"(-0.1, 0.1)",15,0.021668902011423827,0.9583333333333334
[4],0.16,0.0,0.0,0.15000000000000002,0.75,sigmoid,sgd,0.6000000000000001,2,gaussian,"(-0.5, 0.5)",15,0.021697634447888414,0.9583333333333334
[4],0.16,0.0,0.0,0.15000000000000002,0.75,sigmoid,sgd,0.6000000000000001,2,gaussian,"(-0.1, 0.1)",15,0.021241093556424267,0.9583333333333334
[4],0.16,0.0,0.0,0.15000000000000002,0.75,sigmoid,sgd,0.6000000000000001,4,gaussian,"(-0.5, 0.5)",15,0.03737136375256997,0.9583333333333334
[4],0.16,0.0,0.0,0.15000000000000002,0.75,sigmoid,sgd,0.6000000000000001,4,gaussian,"(-0.1, 0.1)",15,0.02777549891882164,0.9583333333333334
[4],0.16,0.0,0.0,0.15000000000000002,0.75,sigmoid,sgd,0.8000000000000003,2,gaussian,"(-0.5, 0.5)",15,0.024103802794673584,0.9583333333333334
[4],0.16,0.0,0.0,0.15000000000000002,0.75,sigmoid,sgd,0.8000000000000003,2,gaussian,"(-0.1, 0.1)",15,0.021509727244660434,0.9583333333333334
[4],0.16,0.0,0.0,0.15000000000000002,0.75,sigmoid,sgd,0.8000000000000003,4,gaussian,"(-0.5, 0.5)",15,0.052969643744627794,0.9583333333333334
[4],0.16,0.0,0.0,0.15000000000000002,0.75,sigmoid,sgd,0.8000000000000003,4,gaussian,"(-0.1, 0.1)",15,0.03872568589801315,0.9583333333333334
[4],0.16,0.0,0.0,0.15000000000000002,0.75,sigmoid,sgd,0.6500000000000001,2,gaussian,"(-0.5, 0.5)",15,0.022233530640185132,0.9583333333333334
[4],0.16,0.0,0.0,0.15000000000000002,0.75,sigmoid,sgd,0.6500000000000001,2,gaussian,"(-0.1, 0.1)",15,0.021281769443051587,0.9583333333333334
[4],0.16,0.0,0.0,0.15000000000000002,0.75,sigmoid,sgd,0.6500000000000001,4,gaussian,"(-0.5, 0.5)",15,0.040975069278636096,0.9583333333333334
[4],0.16,0.0,0.0,0.15000000000000002,0.75,sigmoid,sgd,0.6500000000000001,4,gaussian,"(-0.1, 0.1)",15,0.029961199242553808,0.9583333333333334
[4],0.16,0.0,0.0,0.15000000000000002,0.75,sigmoid,sgd,0.55,2,gaussian,"(-0.5, 0.5)",15,0.021208168144015396,0.9583333333333334
[4],0.16,0.0,0.0,0.15000000000000002,0.75,sigmoid,sgd,0.55,2,gaussian,"(-0.1, 0.1)",15,0.02120995993502557,0.9583333333333334
[4],0.16,0.0,0.0,0.15000000000000002,0.75,sigmoid,sgd,0.55,4,gaussian,"(-0.5, 0.5)",15,0.03401121616422472,0.9583333333333334
[4],0.16,0.0,0.0,0.15000000000000002,0.75,sigmoid,sgd,0.55,4,gaussian,"(-0.1, 0.1)",15,0.025939591474301898,0.9583333333333334
[4],0.16,0.0,0.0,0.15000000000000002,0.75,sigmoid,sgd,0.7000000000000002,2,gaussian,"(-0.5, 0.5)",15,0.02281294065537193,0.9583333333333334
[4],0.16,0.0,0.0,0.15000000000000002,0.75,sigmoid,sgd,0.7000000000000002,2,gaussian,"(-0.1, 0.1)",15,0.021337155891320753,0.9583333333333334
[4],0.16,0.0,0.0,0.15000000000000002,0.75,sigmoid,sgd,0.7000000000000002,4,gaussian,"(-0.5, 0.5)",15,0.04480158908751933,0.9583333333333334
[4],0.16,0.0,0.0,0.15000000000000002,0.75,sigmoid,sgd,0.7000000000000002,4,gaussian,"(-0.1, 0.1)",15,0.03251469419730424,0.9583333333333334
[4],0.16,0.0,0.0,0.05,0.9000000000000001,sigmoid,sgd,0.6000000000000001,2,gaussian,"(-0.5, 0.5)",15,0.02138100542419254,0.9583333333333334
[4],0.16,0.0,0.0,0.05,0.9000000000000001,sigmoid,sgd,0.6000000000000001,2,gaussian,"(-0.1, 0.1)",15,0.02361301429175547,0.9583333333333334
[4],0.16,0.0,0.0,0.05,0.9000000000000001,sigmoid,sgd,0.6000000000000001,4,gaussian,"(-0.5, 0.5)",15,0.02094476624139946,0.9583333333333334
[4],0.16,0.0,0.0,0.05,0.9000000000000001,sigmoid,sgd,0.6000000000000001,4,gaussian,"(-0.1, 0.1)",15,0.022930122233907668,0.9583333333333334
[4],0.16,0.0,0.0,0.05,0.9000000000000001,sigmoid,sgd,0.8000000000000003,2,gaussian,"(-0.5, 0.5)",15,0.021006277378521718,0.9583333333333334
[4],0.16,0.0,0.0,0.05,0.9000000000000001,sigmoid,sgd,0.8000000000000003,2,gaussian,"(-0.1, 0.1)",15,0.023072110732863527,0.9583333333333334
[4],0.16,0.0,0.0,0.05,0.9000000000000001,sigmoid,sgd,0.8000000000000003,4,gaussian,"(-0.5, 0.5)",15,0.02110195383544856,0.9583333333333334
[4],0.16,0.0,0.0,0.05,0.9000000000000001,sigmoid,sgd,0.8000000000000003,4,gaussian,"(-0.1, 0.1)",15,0.022867133420795386,0.9583333333333334
[4],0.16,0.0,0.0,0.05,0.9000000000000001,sigmoid,sgd,0.6500000000000001,2,gaussian,"(-0.5, 0.5)",15,0.0212814649711127,0.9583333333333334
[4],0.16,0.0,0.0,0.05,0.9000000000000001,sigmoid,sgd,0.6500000000000001,2,gaussian,"(-0.1, 0.1)",15,0.02344819227934784,0.9583333333333334
[4],0.16,0.0,0.0,0.05,0.9000000000000001,sigmoid,sgd,0.6500000000000001,4,gaussian,"(-0.5, 0.5)",15,0.02094206954267777,0.9583333333333334
[4],0.16,0.0,0.0,0.05,0.9000000000000001,sigmoid,sgd,0.6500000000000001,4,gaussian,"(-0.1, 0.1)",15,0.022901816553234894,0.9583333333333334
[4],0.16,0.0,0.0,0.05,0.9000000000000001,sigmoid,sgd,0.55,2,gaussian,"(-0.5, 0.5)",15,0.02148749632106972,0.9583333333333334
[4],0.16,0.0,0.0,0.05,0.9000000000000001,sigmoid,sgd,0.55,2,gaussian,"(-0.1, 0.1)",15,0.023844337141101218,0.9583333333333334
[4],0.16,0.0,0.0,0.05,0.9000000000000001,sigmoid,sgd,0.55,4,gaussian,"(-0.5, 0.5)",15,0.02096779236361482,0.9583333333333334
[4],0.16,0.0,0.0,0.05,0.9000000000000001,sigmoid,sgd,0.55,4,gaussian,"(-0.1, 0.1)",15,0.022978388235225744,0.9583333333333334
[4],0.16,0.0,0.0,0.05,0.75,sigmoid,sgd,0.6000000000000001,2,gaussian,"(-0.5, 0.5)",15,0.021661839044653425,0.9583333333333334
[4],0.16,0.0,0.0,0.05,0.75,sigmoid,sgd,0.6000000000000001,2,gaussian,"(-0.1, 0.1)",15,0.02249031679168907,0.9583333333333334
[4],0.16,0.0,0.0,0.05,0.75,sigmoid,sgd,0.6000000000000001,4,gaussian,"(-0.5, 0.5)",15,0.03495052394213609,0.9583333333333334
[4],0.16,0.0,0.0,0.05,0.75,sigmoid,sgd,0.6000000000000001,4,gaussian,"(-0.1, 0.1)",15,0.02484643749986082,0.9583333333333334
[4],0.16,0.0,0.0,0.05,0.75,sigmoid,sgd,0.8000000000000003,2,gaussian,"(-0.5, 0.5)",15,0.023084484329869186,0.9583333333333334
[4],0.16,0.0,0.0,0.05,0.75,sigmoid,sgd,0.8000000000000003,2,gaussian,"(-0.1, 0.1)",15,0.022419958272803703,0.9583333333333334
[4],0.16,0.0,0.0,0.05,0.75,sigmoid,sgd,0.8000000000000003,4,gaussian,"(-0.5, 0.5)",15,0.05086094207295655,0.9583333333333334
[4],0.16,0.0,0.0,0.05,0.75,sigmoid,sgd,0.8000000000000003,4,gaussian,"(-0.1, 0.1)",15,0.03100540114207961,0.9583333333333334
[4],0.16,0.0,0.0,0.05,0.75,sigmoid,sgd,0.6500000000000001,2,gaussian,"(-0.5, 0.5)",15,0.021964677530011755,0.9583333333333334
[4],0.16,0.0,0.0,0.05,0.75,sigmoid,sgd,0.6500000000000001,2,gaussian,"(-0.1, 0.1)",15,0.022466371841756094,0.9583333333333334
[4],0.16,0.0,0.0,0.05,0.75,sigmoid,sgd,0.6500000000000001,4,gaussian,"(-0.5, 0.5)",15,0.03852506787976234,0.9583333333333334
[4],0.16,0.0,0.0,0.05,0.75,sigmoid,sgd,0.6500000000000001,4,gaussian,"(-0.1, 0.1)",15,0.02600579882517483,0.9583333333333334
[4],0.16,0.0,0.0,0.05,0.75,sigmoid,sgd,0.55,2,gaussian,"(-0.5, 0.5)",15,0.021409396763517618,0.9583333333333334
[4],0.16,0.0,0.0,0.05,0.75,sigmoid,sgd,0.55,2,gaussian,"(-0.1, 0.1)",15,0.02251668662441449,0.9583333333333334
[4],0.16,0.0,0.0,0.05,0.75,sigmoid,sgd,0.55,4,gaussian,"(-0.5, 0.5)",15,0.03176700597345283,0.9583333333333334
[4],0.16,0.0,0.0,0.05,0.75,sigmoid,sgd,0.55,4,gaussian,"(-0.1, 0.1)",15,0.02391495008168548,0.9583333333333334
[4],0.16,0.0,0.0,0.05,0.75,sigmoid,sgd,0.7000000000000002,2,gaussian,"(-0.5, 0.5)",15,0.022308029288240952,0.9583333333333334
[4],0.16,0.0,0.0,0.05,0.75,sigmoid,sgd,0.7000000000000002,2,gaussian,"(-0.1, 0.1)",15,0.02244575426588666,0.9583333333333334
[4],0.16,0.0,0.0,0.05,0.75,sigmoid,sgd,0.7000000000000002,4,gaussian,"(-0.5, 0.5)",15,0.04241331950017979,0.9583333333333334
[4],0.16,0.0,0.0,0.05,0.75,sigmoid,sgd,0.7000000000000002,4,gaussian,"(-0.1, 0.1)",15,0.027407590055070274,0.9583333333333334
[4],0.16,0.0,0.0,0.1,0.9000000000000001,sigmoid,sgd,0.6000000000000001,4,gaussian,"(-0.5, 0.5)",15,0.020723466373686945,0.9583333333333334
[4],0.16,0.0,0.0,0.1,0.9000000000000001,sigmoid,sgd,0.6000000000000001,4,gaussian,"(-0.1, 0.1)",15,0.021950842439639195,0.9583333333333334
[4],0.16,0.0,0.0,0.1,0.9000000000000001,sigmoid,sgd,0.8000000000000003,2,gaussian,"(-0.5, 0.5)",15,0.020939418012705005,0.9583333333333334
[4],0.16,0.0,0.0,0.1,0.9000000000000001,sigmoid,sgd,0.8000000000000003,2,gaussian,"(-0.1, 0.1)",15,0.022430503267697632,0.9583333333333334
[4],0.16,0.0,0.0,0.1,0.9000000000000001,sigmoid,sgd,0.8000000000000003,4,gaussian,"(-0.5, 0.5)",15,0.021177407169342754,0.9583333333333334
[4],0.16,0.0,0.0,0.1,0.9000000000000001,sigmoid,sgd,0.8000000000000003,4,gaussian,"(-0.1, 0.1)",15,0.021844374373850898,0.9583333333333334
[4],0.16,0.0,0.0,0.1,0.9000000000000001,sigmoid,sgd,0.6500000000000001,2,gaussian,"(-0.5, 0.5)",15,0.02109313714390035,0.9583333333333334
[4],0.16,0.0,0.0,0.1,0.9000000000000001,sigmoid,sgd,0.6500000000000001,2,gaussian,"(-0.1, 0.1)",15,0.022966921401723156,0.9583333333333334
[4],0.16,0.0,0.0,0.1,0.9000000000000001,sigmoid,sgd,0.6500000000000001,4,gaussian,"(-0.5, 0.5)",15,0.02076118881568818,0.9583333333333334
[4],0.16,0.0,0.0,0.1,0.9000000000000001,sigmoid,sgd,0.6500000000000001,4,gaussian,"(-0.1, 0.1)",15,0.021921652812597375,0.9583333333333334
[4],0.16,0.0,0.0,0.1,0.9000000000000001,sigmoid,sgd,0.55,4,gaussian,"(-0.5, 0.5)",15,0.020725137665449568,0.9583333333333334
[4],0.16,0.0,0.0,0.1,0.9000000000000001,sigmoid,sgd,0.55,4,gaussian,"(-0.1, 0.1)",15,0.021984448978965423,0.9583333333333334
[4],0.16,0.0,0.0,0.1,0.9000000000000001,sigmoid,sgd,0.7000000000000002,2,gaussian,"(-0.5, 0.5)",15,0.021035214282763264,0.9583333333333334
[4],0.16,0.0,0.0,0.1,0.9000000000000001,sigmoid,sgd,0.7000000000000002,2,gaussian,"(-0.1, 0.1)",15,0.022756441092934426,0.9583333333333334
[4],0.16,0.0,0.0,0.1,0.9000000000000001,sigmoid,sgd,0.7000000000000002,4,gaussian,"(-0.5, 0.5)",15,0.020846678576251998,0.9583333333333334
[4],0.16,0.0,0.0,0.1,0.9000000000000001,sigmoid,sgd,0.7000000000000002,4,gaussian,"(-0.1, 0.1)",15,0.02189497125473334,0.9583333333333334
[4],0.16,0.0,0.0,0.1,0.75,sigmoid,sgd,0.6000000000000001,2,gaussian,"(-0.5, 0.5)",15,0.021961486930839654,0.9583333333333334
[4],0.16,0.0,0.0,0.1,0.75,sigmoid,sgd,0.6000000000000001,2,gaussian,"(-0.1, 0.1)",15,0.021184011307869635,0.9583333333333334
[4],0.16,0.0,0.0,0.1,0.75,sigmoid,sgd,0.6000000000000001,4,gaussian,"(-0.5, 0.5)",15,0.03611663673533929,0.9583333333333334
[4],0.16,0.0,0.0,0.1,0.75,sigmoid,sgd,0.6000000000000001,4,gaussian,"(-0.1, 0.1)",15,0.0271476330091461,0.9583333333333334
[4],0.16,0.0,0.0,0.1,0.75,sigmoid,sgd,0.8000000000000003,2,gaussian,"(-0.5, 0.5)",15,0.02383581389958182,0.9583333333333334
[4],0.16,0.0,0.0,0.1,0.75,sigmoid,sgd,0.8000000000000003,2,gaussian,"(-0.1, 0.1)",15,0.021297323264038586,0.9583333333333334
[4],0.16,0.0,0.0,0.1,0.75,sigmoid,sgd,0.8000000000000003,4,gaussian,"(-0.5, 0.5)",15,0.05222401705382885,0.9583333333333334
[4],0.16,0.0,0.0,0.1,0.75,sigmoid,sgd,0.8000000000000003,4,gaussian,"(-0.1, 0.1)",15,0.03910273704077957,0.9583333333333334
[4],0.16,0.0,0.0,0.1,0.75,sigmoid,sgd,0.6500000000000001,2,gaussian,"(-0.5, 0.5)",15,0.022391506744637038,0.9583333333333334
[4],0.16,0.0,0.0,0.1,0.75,sigmoid,sgd,0.6500000000000001,2,gaussian,"(-0.1, 0.1)",15,0.02120830807431033,0.9583333333333334
[4],0.16,0.0,0.0,0.1,0.75,sigmoid,sgd,0.6500000000000001,4,gaussian,"(-0.5, 0.5)",15,0.03976924360811943,0.9583333333333334
[4],0.16,0.0,0.0,0.1,0.75,sigmoid,sgd,0.6500000000000001,4,gaussian,"(-0.1, 0.1)",15,0.02943150469359618,0.9583333333333334
[4],0.16,0.0,0.0,0.1,0.75,sigmoid,sgd,0.55,2,gaussian,"(-0.5, 0.5)",15,0.02157292167908953,0.9583333333333334
[4],0.16,0.0,0.0,0.1,0.75,sigmoid,sgd,0.55,2,gaussian,"(-0.1, 0.1)",15,0.021149131125758048,0.9583333333333334
[4],0.16,0.0,0.0,0.1,0.75,sigmoid,sgd,0.55,4,gaussian,"(-0.5, 0.5)",15,0.032790439249974566,0.9583333333333334
[4],0.16,0.0,0.0,0.1,0.75,sigmoid,sgd,0.55,4,gaussian,"(-0.1, 0.1)",15,0.02529408219956383,0.9583333333333334
[4],0.16,0.0,0.0,0.1,0.75,sigmoid,sgd,0.7000000000000002,2,gaussian,"(-0.5, 0.5)",15,0.022849003154238795,0.9583333333333334
[4],0.16,0.0,0.0,0.1,0.75,sigmoid,sgd,0.7000000000000002,2,gaussian,"(-0.1, 0.1)",15,0.02122785543154751,0.9583333333333334
[4],0.16,0.0,0.0,0.1,0.75,sigmoid,sgd,0.7000000000000002,4,gaussian,"(-0.5, 0.5)",15,0.04370618799136245,0.9583333333333334
[4],0.16,0.0,0.0,0.1,0.75,sigmoid,sgd,0.7000000000000002,4,gaussian,"(-0.1, 0.1)",15,0.03218052196038198,0.9583333333333334
[4],0.16,0.0,0.0,0.25,0.9000000000000001,sigmoid,sgd,0.6000000000000001,2,gaussian,"(-0.5, 0.5)",15,0.02120605291777938,0.9583333333333334
[4],0.16,0.0,0.0,0.25,0.9000000000000001,sigmoid,sgd,0.6000000000000001,2,gaussian,"(-0.1, 0.1)",15,0.021526258479395557,0.9583333333333334
[4],0.16,0.0,0.0,0.25,0.9000000000000001,sigmoid,sgd,0.6000000000000001,4,gaussian,"(-0.5, 0.5)",15,0.022057027486418763,0.9583333333333334
[4],0.16,0.0,0.0,0.25,0.9000000000000001,sigmoid,sgd,0.6000000000000001,4,gaussian,"(-0.1, 0.1)",15,0.021681094213680138,0.9583333333333334
[4],0.16,0.0,0.0,0.25,0.9000000000000001,sigmoid,sgd,0.8000000000000003,2,gaussian,"(-0.5, 0.5)",15,0.021601071085017673,0.9583333333333334
[4],0.16,0.0,0.0,0.25,0.9000000000000001,sigmoid,sgd,0.8000000000000003,2,gaussian,"(-0.1, 0.1)",15,0.021418845719826902,0.9583333333333334
[4],0.16,0.0,0.0,0.25,0.9000000000000001,sigmoid,sgd,0.8000000000000003,4,gaussian,"(-0.5, 0.5)",15,0.025126745090331654,0.9583333333333334
[4],0.16,0.0,0.0,0.25,0.9000000000000001,sigmoid,sgd,0.8000000000000003,4,gaussian,"(-0.1, 0.1)",15,0.02176451525272589,0.9583333333333334
[4],0.16,0.0,0.0,0.25,0.9000000000000001,sigmoid,sgd,0.6500000000000001,2,gaussian,"(-0.5, 0.5)",15,0.02128354202660933,0.9583333333333334
[4],0.16,0.0,0.0,0.25,0.9000000000000001,sigmoid,sgd,0.6500000000000001,2,gaussian,"(-0.1, 0.1)",15,0.021495012751026606,0.9583333333333334
[4],0.16,0.0,0.0,0.25,0.9000000000000001,sigmoid,sgd,0.6500000000000001,4,gaussian,"(-0.5, 0.5)",15,0.022665296172981558,0.9583333333333334
[4],0.16,0.0,0.0,0.25,0.9000000000000001,sigmoid,sgd,0.55,2,gaussian,"(-0.5, 0.5)",15,0.021141570849691805,0.9583333333333334
[4],0.16,0.0,0.0,0.25,0.9000000000000001,sigmoid,sgd,0.55,2,gaussian,"(-0.1, 0.1)",15,0.02156973592380002,0.9583333333333334
[4],0.16,0.0,0.0,0.25,0.9000000000000001,sigmoid,sgd,0.55,4,gaussian,"(-0.5, 0.5)",15,0.02152909975172908,0.9583333333333334
[4],0.16,0.0,0.0,0.25,0.9000000000000001,sigmoid,sgd,0.55,4,gaussian,"(-0.1, 0.1)",15,0.02168646440959911,0.9583333333333334
[4],0.16,0.0,0.0,0.25,0.9000000000000001,sigmoid,sgd,0.7000000000000002,2,gaussian,"(-0.5, 0.5)",15,0.02137708702842721,0.9583333333333334
[4],0.16,0.0,0.0,0.25,0.9000000000000001,sigmoid,sgd,0.7000000000000002,2,gaussian,"(-0.1, 0.1)",15,0.021467836910949695,0.9583333333333334
[4],0.16,0.0,0.0,0.25,0.9000000000000001,sigmoid,sgd,0.7000000000000002,4,gaussian,"(-0.5, 0.5)",15,0.023376167889507683,0.9583333333333334
[4],0.16,0.0,0.0,0.25,0.9000000000000001,sigmoid,sgd,0.7000000000000002,4,gaussian,"(-0.1, 0.1)",15,0.02168217414722627,0.9583333333333334
[4],0.16,0.0,0.0,0.25,0.75,sigmoid,sgd,0.6000000000000001,2,gaussian,"(-0.5, 0.5)",15,0.02330375403351778,0.9583333333333334
[4],0.16,0.0,0.0,0.25,0.75,sigmoid,sgd,0.6000000000000001,2,gaussian,"(-0.1, 0.1)",15,0.02134093544591345,0.9583333333333334
[4],0.16,0.0,0.0,0.25,0.75,sigmoid,sgd,0.6000000000000001,4,gaussian,"(-0.5, 0.5)",15,0.04168374518397407,0.9583333333333334
[4],0.16,0.0,0.0,0.25,0.75,sigmoid,sgd,0.6000000000000001,4,gaussian,"(-0.1, 0.1)",15,0.04619740804285821,0.9583333333333334
[4],0.16,0.0,0.0,0.25,0.75,sigmoid,sgd,0.8000000000000003,2,gaussian,"(-0.5, 0.5)",15,0.02527116924841478,0.9583333333333334
[4],0.16,0.0,0.0,0.25,0.75,sigmoid,sgd,0.8000000000000003,2,gaussian,"(-0.1, 0.1)",15,0.02198996278139262,0.9583333333333334
[4],0.16,0.0,0.0,0.25,0.75,sigmoid,sgd,0.8000000000000003,4,gaussian,"(-0.5, 0.5)",15,0.0571472956246343,0.9583333333333334
[4],0.16,0.0,0.0,0.25,0.75,sigmoid,sgd,0.8000000000000003,4,gaussian,"(-0.1, 0.1)",15,0.06736926592255991,0.9583333333333334
[4],0.16,0.0,0.0,0.25,0.75,sigmoid,sgd,0.6500000000000001,2,gaussian,"(-0.5, 0.5)",15,0.023726120727394915,0.9583333333333334
[4],0.16,0.0,0.0,0.25,0.75,sigmoid,sgd,0.6500000000000001,2,gaussian,"(-0.1, 0.1)",15,0.021447609641538842,0.9583333333333334
[4],0.16,0.0,0.0,0.25,0.75,sigmoid,sgd,0.6500000000000001,4,gaussian,"(-0.5, 0.5)",15,0.04538069851802031,0.9583333333333334
[4],0.16,0.0,0.0,0.25,0.75,sigmoid,sgd,0.6500000000000001,4,gaussian,"(-0.1, 0.1)",15,0.05167056034640349,0.9583333333333334
[4],0.16,0.0,0.0,0.25,0.75,sigmoid,sgd,0.55,2,gaussian,"(-0.5, 0.5)",15,0.022919225540987537,0.9583333333333334
[4],0.16,0.0,0.0,0.25,0.75,sigmoid,sgd,0.55,2,gaussian,"(-0.1, 0.1)",15,0.021272318713243005,0.9583333333333334
[4],0.16,0.0,0.0,0.25,0.75,sigmoid,sgd,0.55,4,gaussian,"(-0.5, 0.5)",15,0.038140561465030524,0.9583333333333334
[4],0.16,0.0,0.0,0.25,0.75,sigmoid,sgd,0.55,4,gaussian,"(-0.1, 0.1)",15,0.04098450461169937,0.9583333333333334
[4],0.16,0.0,0.0,0.25,0.75,sigmoid,sgd,0.7000000000000002,2,gaussian,"(-0.5, 0.5)",15,0.024192441265670935,0.9583333333333334
[4],0.16,0.0,0.0,0.25,0.75,sigmoid,sgd,0.7000000000000002,2,gaussian,"(-0.1, 0.1)",15,0.0215931595264247,0.9583333333333334
[4],0.16,0.0,0.0,0.25,0.75,sigmoid,sgd,0.7000000000000002,4,gaussian,"(-0.5, 0.5)",15,0.049210904136760415,0.9583333333333334
[4],0.16,0.0,0.0,0.25,0.75,sigmoid,sgd,0.7000000000000002,4,gaussian,"(-0.1, 0.1)",15,0.057143693482373005,0.9583333333333334
[4],0.16,0.0,0.0,0.15000000000000002,0.9000000000000001,sigmoid,sgd,0.7500000000000002,2,gaussian,"(-0.5, 0.5)",15,0.0658397367617357,0.8333333333333334
[4],0.16,0.0,0.0,0.15000000000000002,0.9000000000000001,sigmoid,sgd,0.7500000000000002,2,gaussian,"(-0.1, 0.1)",15,0.06424366104472524,0.7916666666666666
[4],0.16,0.0,0.0,0.15000000000000002,0.9000000000000001,sigmoid,sgd,0.7500000000000002,4,gaussian,"(-0.5, 0.5)",15,0.06910741672241409,0.875
[4],0.16,0.0,0.0,0.15000000000000002,0.9000000000000001,sigmoid,sgd,0.7500000000000002,4,gaussian,"(-0.1, 0.1)",15,0.05935730518646407,0.875
[4],0.16,0.0,0.0,0.15000000000000002,0.9000000000000001,sigmoid,sgd,0.8500000000000003,2,gaussian,"(-0.5, 0.5)",15,0.06537643197598869,0.8333333333333334
[4],0.16,0.0,0.0,0.15000000000000002,0.9000000000000001,sigmoid,sgd,0.8500000000000003,2,gaussian,"(-0.1, 0.1)",15,0.0635235302895993,0.7916666666666666
[4],0.16,0.0,0.0,0.15000000000000002,0.9000000000000001,sigmoid,sgd,0.8500000000000003,4,gaussian,"(-0.5, 0.5)",15,0.0710956953474023,0.875
[4],0.16,0.0,0.0,0.15000000000000002,0.9000000000000001,sigmoid,sgd,0.8500000000000003,4,gaussian,"(-0.1, 0.1)",15,0.059433177070900435,0.875
[4],0.16,0.0,0.0,0.15000000000000002,0.8500000000000001,sigmoid,sgd,0.6000000000000001,2,gaussian,"(-0.5, 0.5)",15,0.06391296672206044,0.8333333333333334
[4],0.16,0.0,0.0,0.15000000000000002,0.8500000000000001,sigmoid,sgd,0.6000000000000001,2,gaussian,"(-0.1, 0.1)",15,0.06246178343113843,0.8333333333333334
[4],0.16,0.0,0.0,0.15000000000000002,0.8500000000000001,sigmoid,sgd,0.6000000000000001,4,gaussian,"(-0.5, 0.5)",15,0.06948909033447111,0.875
[4],0.16,0.0,0.0,0.15000000000000002,0.8500000000000001,sigmoid,sgd,0.6000000000000001,4,gaussian,"(-0.1, 0.1)",15,0.05963186201857209,0.875
[4],0.16,0.0,0.0,0.15000000000000002,0.8500000000000001,sigmoid,sgd,0.7500000000000002,2,gaussian,"(-0.5, 0.5)",15,0.06360285394617425,0.875
[4],0.16,0.0,0.0,0.15000000000000002,0.8500000000000001,sigmoid,sgd,0.7500000000000002,2,gaussian,"(-0.1, 0.1)",15,0.06147708312905179,0.8333333333333334
[4],0.16,0.0,0.0,0.15000000000000002,0.8500000000000001,sigmoid,sgd,0.7500000000000002,4,gaussian,"(-0.5, 0.5)",15,0.0737617510122141,0.875
[4],0.16,0.0,0.0,0.15000000000000002,0.8500000000000001,sigmoid,sgd,0.7500000000000002,4,gaussian,"(-0.1, 0.1)",15,0.06031648473803917,0.875
[4],0.16,0.0,0.0,0.15000000000000002,0.8500000000000001,sigmoid,sgd,0.8500000000000003,2,gaussian,"(-0.5, 0.5)",15,0.06372993258582803,0.875
[4],0.16,0.0,0.0,0.15000000000000002,0.8500000000000001,sigmoid,sgd,0.8500000000000003,2,gaussian,"(-0.1, 0.1)",15,0.060992313318425175,0.8333333333333334
[4],0.16,0.0,0.0,0.15000000000000002,0.8500000000000001,sigmoid,sgd,0.8500000000000003,4,gaussian,"(-0.5, 0.5)",15,0.07659293905444638,0.875
[4],0.16,0.0,0.0,0.15000000000000002,0.8500000000000001,sigmoid,sgd,0.8500000000000003,4,gaussian,"(-0.1, 0.1)",15,0.06093126666101956,0.875
[4],0.16,0.0,0.0,0.15000000000000002,0.8500000000000001,sigmoid,sgd,0.8000000000000003,2,gaussian,"(-0.5, 0.5)",15,0.06363596826872343,0.875
[4],0.16,0.0,0.0,0.15000000000000002,0.8500000000000001,sigmoid,sgd,0.8000000000000003,2,gaussian,"(-0.1, 0.1)",15,0.06122043160648929,0.8333333333333334
[4],0.16,0.0,0.0,0.15000000000000002,0.8500000000000001,sigmoid,sgd,0.8000000000000003,4,gaussian,"(-0.5, 0.5)",15,0.07518015075452393,0.875
[4],0.16,0.0,0.0,0.15000000000000002,0.8500000000000001,sigmoid,sgd,0.8000000000000003,4,gaussian,"(-0.1, 0.1)",15,0.06060786293878199,0.875
[4],0.16,0.0,0.0,0.15000000000000002,0.8,sigmoid,sgd,0.6000000000000001,2,gaussian,"(-0.5, 0.5)",15,0.06279724992284678,0.875
[4],0.16,0.0,0.0,0.15000000000000002,0.8,sigmoid,sgd,0.6000000000000001,2,gaussian,"(-0.1, 0.1)",15,0.06048050735094551,0.8333333333333334
[4],0.16,0.0,0.0,0.15000000000000002,0.8,sigmoid,sgd,0.6000000000000001,4,gaussian,"(-0.5, 0.5)",15,0.07386082237260548,0.875
[4],0.16,0.0,0.0,0.15000000000000002,0.8,sigmoid,sgd,0.6000000000000001,4,gaussian,"(-0.1, 0.1)",15,0.0616150863338081,0.875
[4],0.16,0.0,0.0,0.15000000000000002,0.8,sigmoid,sgd,0.7500000000000002,2,gaussian,"(-0.5, 0.5)",15,0.06337609223433512,0.875
[4],0.16,0.0,0.0,0.15000000000000002,0.8,sigmoid,sgd,0.7500000000000002,2,gaussian,"(-0.1, 0.1)",15,0.05988279415231454,0.8333333333333334
[4],0.16,0.0,0.0,0.15000000000000002,0.8,sigmoid,sgd,0.7500000000000002,4,gaussian,"(-0.5, 0.5)",15,0.07971431049631608,0.875
[4],0.16,0.0,0.0,0.15000000000000002,0.8,sigmoid,sgd,0.7500000000000002,4,gaussian,"(-0.1, 0.1)",15,0.06422395696823836,0.875
[4],0.16,0.0,0.0,0.15000000000000002,0.8,sigmoid,sgd,0.8500000000000003,2,gaussian,"(-0.5, 0.5)",15,0.06410403783598562,0.875
[4],0.16,0.0,0.0,0.15000000000000002,0.8,sigmoid,sgd,0.8500000000000003,2,gaussian,"(-0.1, 0.1)",15,0.05962492281357782,0.875
[4],0.16,0.0,0.0,0.15000000000000002,0.8,sigmoid,sgd,0.8500000000000003,4,gaussian,"(-0.5, 0.5)",15,0.0836547728761274,0.875
[4],0.16,0.0,0.0,0.15000000000000002,0.8,sigmoid,sgd,0.8500000000000003,4,gaussian,"(-0.1, 0.1)",15,0.06707900330744827,0.875
[4],0.16,0.0,0.0,0.15000000000000002,0.8,sigmoid,sgd,0.8000000000000003,2,gaussian,"(-0.5, 0.5)",15,0.06371317428014288,0.875
[4],0.16,0.0,0.0,0.15000000000000002,0.8,sigmoid,sgd,0.8000000000000003,2,gaussian,"(-0.1, 0.1)",15,0.05974146595305294,0.8333333333333334
[4],0.16,0.0,0.0,0.15000000000000002,0.8,sigmoid,sgd,0.8000000000000003,4,gaussian,"(-0.5, 0.5)",15,0.08168715248747034,0.875
[4],0.16,0.0,0.0,0.15000000000000002,0.8,sigmoid,sgd,0.8000000000000003,4,gaussian,"(-0.1, 0.1)",15,0.06551550598367985,0.875
[4],0.16,0.0,0.0,0.0,0.9000000000000001,sigmoid,sgd,0.6000000000000001,4,gaussian,"(-0.5, 0.5)",15,0.06314844128570453,0.875
[4],0.16,0.0,0.0,0.0,0.9000000000000001,sigmoid,sgd,0.6000000000000001,4,gaussian,"(-0.1, 0.1)",15,0.05962844237027068,0.8333333333333334
[4],0.16,0.0,0.0,0.0,0.9000000000000001,sigmoid,sgd,0.7500000000000002,2,gaussian,"(-0.5, 0.5)",15,0.06255695010441022,0.8333333333333334
[4],0.16,0.0,0.0,0.0,0.9000000000000001,sigmoid,sgd,0.7500000000000002,2,gaussian,"(-0.1, 0.1)",15,0.061819723436091344,0.7916666666666666
[4],0.16,0.0,0.0,0.0,0.9000000000000001,sigmoid,sgd,0.7500000000000002,4,gaussian,"(-0.5, 0.5)",15,0.06585390067437356,0.875
[4],0.16,0.0,0.0,0.0,0.9000000000000001,sigmoid,sgd,0.7500000000000002,4,gaussian,"(-0.1, 0.1)",15,0.05909662210078057,0.8333333333333334
[4],0.16,0.0,0.0,0.0,0.9000000000000001,sigmoid,sgd,0.8000000000000003,2,gaussian,"(-0.5, 0.5)",15,0.06271489943938825,0.8333333333333334
[4],0.16,0.0,0.0,0.0,0.9000000000000001,sigmoid,sgd,0.8000000000000003,2,gaussian,"(-0.1, 0.1)",15,0.06151825502234997,0.7916666666666666
[4],0.16,0.0,0.0,0.0,0.9000000000000001,sigmoid,sgd,0.8000000000000003,4,gaussian,"(-0.5, 0.5)",15,0.06667437358253658,0.875
[4],0.16,0.0,0.0,0.0,0.9000000000000001,sigmoid,sgd,0.8000000000000003,4,gaussian,"(-0.1, 0.1)",15,0.058953055344710965,0.8333333333333334
[4],0.16,0.0,0.0,0.0,0.8500000000000001,sigmoid,sgd,0.6000000000000001,4,gaussian,"(-0.5, 0.5)",15,0.06536803927443746,0.875
[4],0.16,0.0,0.0,0.0,0.8500000000000001,sigmoid,sgd,0.6000000000000001,4,gaussian,"(-0.1, 0.1)",15,0.05875792534595505,0.875
[4],0.16,0.0,0.0,0.0,0.8500000000000001,sigmoid,sgd,0.7500000000000002,2,gaussian,"(-0.5, 0.5)",15,0.06137740368332507,0.875
[4],0.16,0.0,0.0,0.0,0.8500000000000001,sigmoid,sgd,0.7500000000000002,4,gaussian,"(-0.5, 0.5)",15,0.06954230689577574,0.875
[4],0.16,0.0,0.0,0.0,0.8500000000000001,sigmoid,sgd,0.7500000000000002,4,gaussian,"(-0.1, 0.1)",15,0.058724465970396905,0.875
[4],0.16,0.0,0.0,0.0,0.8500000000000001,sigmoid,sgd,0.8500000000000003,4,gaussian,"(-0.5, 0.5)",15,0.0724128777323682,0.875
[4],0.16,0.0,0.0,0.0,0.8500000000000001,sigmoid,sgd,0.8500000000000003,4,gaussian,"(-0.1, 0.1)",15,0.05885226856218709,0.875
[4],0.16,0.0,0.0,0.0,0.8500000000000001,sigmoid,sgd,0.8000000000000003,2,gaussian,"(-0.5, 0.5)",15,0.06143373760524703,0.875
[4],0.16,0.0,0.0,0.0,0.8500000000000001,sigmoid,sgd,0.8000000000000003,2,gaussian,"(-0.1, 0.1)",15,0.06073250957633149,0.875
[4],0.16,0.0,0.0,0.0,0.8500000000000001,sigmoid,sgd,0.8000000000000003,4,gaussian,"(-0.5, 0.5)",15,0.07096289793353408,0.875
[4],0.16,0.0,0.0,0.0,0.8500000000000001,sigmoid,sgd,0.8000000000000003,4,gaussian,"(-0.1, 0.1)",15,0.058771462682117526,0.875
[4],0.16,0.0,0.0,0.0,0.8,sigmoid,sgd,0.6000000000000001,4,gaussian,"(-0.5, 0.5)",15,0.06992399698178843,0.875
[4],0.16,0.0,0.0,0.0,0.8,sigmoid,sgd,0.6000000000000001,4,gaussian,"(-0.1, 0.1)",15,0.05897420143016565,0.875
[4],0.16,0.0,0.0,0.0,0.8,sigmoid,sgd,0.7500000000000002,2,gaussian,"(-0.5, 0.5)",15,0.061769882275763965,0.875
[4],0.16,0.0,0.0,0.0,0.8,sigmoid,sgd,0.7500000000000002,2,gaussian,"(-0.1, 0.1)",15,0.05930439996198276,0.875
[4],0.16,0.0,0.0,0.0,0.8,sigmoid,sgd,0.7500000000000002,4,gaussian,"(-0.5, 0.5)",15,0.07609996762843736,0.875
[4],0.16,0.0,0.0,0.0,0.8,sigmoid,sgd,0.7500000000000002,4,gaussian,"(-0.1, 0.1)",15,0.0595342026233136,0.875
[4],0.16,0.0,0.0,0.0,0.8,sigmoid,sgd,0.8500000000000003,4,gaussian,"(-0.5, 0.5)",15,0.08044090107074389,0.875
[4],0.16,0.0,0.0,0.0,0.8,sigmoid,sgd,0.8500000000000003,4,gaussian,"(-0.1, 0.1)",15,0.06033006148245527,0.875
[4],0.16,0.0,0.0,0.0,0.8,sigmoid,sgd,0.8000000000000003,2,gaussian,"(-0.5, 0.5)",15,0.06196113316039447,0.875
[4],0.16,0.0,0.0,0.0,0.8,sigmoid,sgd,0.8000000000000003,2,gaussian,"(-0.1, 0.1)",15,0.05927173783990203,0.875
[4],0.16,0.0,0.0,0.0,0.8,sigmoid,sgd,0.8000000000000003,4,gaussian,"(-0.5, 0.5)",15,0.07826116333157895,0.875
[4],0.16,0.0,0.0,0.0,0.8,sigmoid,sgd,0.8000000000000003,4,gaussian,"(-0.1, 0.1)",15,0.05988518501347053,0.875
[3],0.16,0.0,0.0,0.15000000000000002,0.9000000000000001,sigmoid,sgd,0.6000000000000001,2,gaussian,"(-0.5, 0.5)",15,0.06319698435406738,0.7916666666666666
[3],0.16,0.0,0.0,0.15000000000000002,0.9000000000000001,sigmoid,sgd,0.6000000000000001,2,gaussian,"(-0.1, 0.1)",15,0.06127231811338866,0.8333333333333334
[3],0.16,0.0,0.0,0.15000000000000002,0.9000000000000001,sigmoid,sgd,0.6000000000000001,4,gaussian,"(-0.5, 0.5)",15,0.05936909120036276,0.8333333333333334
[3],0.16,0.0,0.0,0.15000000000000002,0.9000000000000001,sigmoid,sgd,0.6000000000000001,4,gaussian,"(-0.1, 0.1)",15,0.058796587085726826,0.8333333333333334
[3],0.16,0.0,0.0,0.15000000000000002,0.9000000000000001,sigmoid,sgd,0.7500000000000002,2,gaussian,"(-0.5, 0.5)",15,0.062115885315498436,0.7916666666666666
[3],0.16,0.0,0.0,0.15000000000000002,0.9000000000000001,sigmoid,sgd,0.7500000000000002,2,gaussian,"(-0.1, 0.1)",15,0.060079838103866,0.7916666666666666
[3],0.16,0.0,0.0,0.15000000000000002,0.9000000000000001,sigmoid,sgd,0.7500000000000002,4,gaussian,"(-0.5, 0.5)",15,0.05897547936301498,0.875
[3],0.16,0.0,0.0,0.15000000000000002,0.9000000000000001,sigmoid,sgd,0.7500000000000002,4,gaussian,"(-0.1, 0.1)",15,0.05817553154708174,0.875
[3],0.16,0.0,0.0,0.15000000000000002,0.9000000000000001,sigmoid,sgd,0.8500000000000003,2,gaussian,"(-0.5, 0.5)",15,0.061532395422023406,0.8333333333333334
[3],0.16,0.0,0.0,0.15000000000000002,0.9000000000000001,sigmoid,sgd,0.8500000000000003,2,gaussian,"(-0.1, 0.1)",15,0.0595577985187857,0.7916666666666666
[3],0.16,0.0,0.0,0.15000000000000002,0.9000000000000001,sigmoid,sgd,0.8500000000000003,4,gaussian,"(-0.5, 0.5)",15,0.058826082915510246,0.875
[3],0.16,0.0,0.0,0.15000000000000002,0.9000000000000001,sigmoid,sgd,0.8500000000000003,4,gaussian,"(-0.1, 0.1)",15,0.05786467290210326,0.875
[3],0.16,0.0,0.0,0.15000000000000002,0.9000000000000001,sigmoid,sgd,0.8000000000000003,2,gaussian,"(-0.5, 0.5)",15,0.06180291748697181,0.8333333333333334
[3],0.16,0.0,0.0,0.15000000000000002,0.9000000000000001,sigmoid,sgd,0.8000000000000003,2,gaussian,"(-0.1, 0.1)",15,0.0597913273534634,0.7916666666666666
[3],0.16,0.0,0.0,0.15000000000000002,0.9000000000000001,sigmoid,sgd,0.8000000000000003,4,gaussian,"(-0.5, 0.5)",15,0.05888866255558848,0.875
[3],0.16,0.0,0.0,0.15000000000000002,0.9000000000000001,sigmoid,sgd,0.8000000000000003,4,gaussian,"(-0.1, 0.1)",15,0.058011874461532546,0.875
[3],0.16,0.0,0.0,0.15000000000000002,0.8500000000000001,sigmoid,sgd,0.6000000000000001,2,gaussian,"(-0.5, 0.5)",15,0.06058678367029676,0.8333333333333334
[3],0.16,0.0,0.0,0.15000000000000002,0.8500000000000001,sigmoid,sgd,0.6000000000000001,2,gaussian,"(-0.1, 0.1)",15,0.059186376189815704,0.8333333333333334
[3],0.16,0.0,0.0,0.15000000000000002,0.8500000000000001,sigmoid,sgd,0.6000000000000001,4,gaussian,"(-0.5, 0.5)",15,0.05873105365259742,0.875
[3],0.16,0.0,0.0,0.15000000000000002,0.8500000000000001,sigmoid,sgd,0.6000000000000001,4,gaussian,"(-0.1, 0.1)",15,0.05757221409153821,0.875
[3],0.16,0.0,0.0,0.15000000000000002,0.8500000000000001,sigmoid,sgd,0.7500000000000002,2,gaussian,"(-0.5, 0.5)",15,0.0600533479282499,0.8333333333333334
[3],0.16,0.0,0.0,0.15000000000000002,0.8500000000000001,sigmoid,sgd,0.7500000000000002,2,gaussian,"(-0.1, 0.1)",15,0.05857044571294027,0.8333333333333334
[3],0.16,0.0,0.0,0.15000000000000002,0.8500000000000001,sigmoid,sgd,0.7500000000000002,4,gaussian,"(-0.5, 0.5)",15,0.05929102198270991,0.875
[3],0.16,0.0,0.0,0.15000000000000002,0.8500000000000001,sigmoid,sgd,0.7500000000000002,4,gaussian,"(-0.1, 0.1)",15,0.057153087265949365,0.875
[3],0.16,0.0,0.0,0.15000000000000002,0.8500000000000001,sigmoid,sgd,0.8500000000000003,2,gaussian,"(-0.5, 0.5)",15,0.05974588147351351,0.8333333333333334
[3],0.16,0.0,0.0,0.15000000000000002,0.8500000000000001,sigmoid,sgd,0.8500000000000003,2,gaussian,"(-0.1, 0.1)",15,0.05827741556868352,0.8333333333333334
[3],0.16,0.0,0.0,0.15000000000000002,0.8500000000000001,sigmoid,sgd,0.8500000000000003,4,gaussian,"(-0.5, 0.5)",15,0.06024863245258064,0.875
[3],0.16,0.0,0.0,0.15000000000000002,0.8500000000000001,sigmoid,sgd,0.8500000000000003,4,gaussian,"(-0.1, 0.1)",15,0.05703374541934974,0.875
[3],0.16,0.0,0.0,0.15000000000000002,0.8500000000000001,sigmoid,sgd,0.8000000000000003,2,gaussian,"(-0.5, 0.5)",15,0.059894115063322095,0.8333333333333334
[3],0.16,0.0,0.0,0.15000000000000002,0.8500000000000001,sigmoid,sgd,0.8000000000000003,2,gaussian,"(-0.1, 0.1)",15,0.05841547563621816,0.8333333333333334
[3],0.16,0.0,0.0,0.15000000000000002,0.8500000000000001,sigmoid,sgd,0.8000000000000003,4,gaussian,"(-0.5, 0.5)",15,0.05968685386351918,0.875
[3],0.16,0.0,0.0,0.15000000000000002,0.8500000000000001,sigmoid,sgd,0.8000000000000003,4,gaussian,"(-0.1, 0.1)",15,0.057078797373078416,0.875
[3],0.16,0.0,0.0,0.15000000000000002,0.8,sigmoid,sgd,0.6000000000000001,2,gaussian,"(-0.5, 0.5)",15,0.0595470288098201,0.8333333333333334
[3],0.16,0.0,0.0,0.15000000000000002,0.8,sigmoid,sgd,0.6000000000000001,2,gaussian,"(-0.1, 0.1)",15,0.05837222150273807,0.8333333333333334
[3],0.16,0.0,0.0,0.15000000000000002,0.8,sigmoid,sgd,0.6000000000000001,4,gaussian,"(-0.5, 0.5)",15,0.06078675786736623,0.875
[3],0.16,0.0,0.0,0.15000000000000002,0.8,sigmoid,sgd,0.6000000000000001,4,gaussian,"(-0.1, 0.1)",15,0.05705257679038148,0.875
[3],0.16,0.0,0.0,0.15000000000000002,0.8,sigmoid,sgd,0.7500000000000002,2,gaussian,"(-0.5, 0.5)",15,0.05908698127437081,0.8333333333333334
[3],0.16,0.0,0.0,0.15000000000000002,0.8,sigmoid,sgd,0.7500000000000002,2,gaussian,"(-0.1, 0.1)",15,0.057830165661830225,0.8333333333333334
[3],0.16,0.0,0.0,0.15000000000000002,0.8,sigmoid,sgd,0.7500000000000002,4,gaussian,"(-0.5, 0.5)",15,0.06874963267690797,0.8333333333333334
[3],0.16,0.0,0.0,0.15000000000000002,0.8,sigmoid,sgd,0.7500000000000002,4,gaussian,"(-0.1, 0.1)",15,0.057320638348288634,0.875
[3],0.16,0.0,0.0,0.15000000000000002,0.8,sigmoid,sgd,0.8500000000000003,2,gaussian,"(-0.5, 0.5)",15,0.05886411087110482,0.875
[3],0.16,0.0,0.0,0.15000000000000002,0.8,sigmoid,sgd,0.8500000000000003,2,gaussian,"(-0.1, 0.1)",15,0.0575513714476105,0.875
[3],0.16,0.0,0.0,0.15000000000000002,0.8,sigmoid,sgd,0.8500000000000003,4,gaussian,"(-0.5, 0.5)",15,0.07918518544730813,0.8333333333333334
[3],0.16,0.0,0.0,0.15000000000000002,0.8,sigmoid,sgd,0.8500000000000003,4,gaussian,"(-0.1, 0.1)",15,0.05781387785004755,0.875
[3],0.16,0.0,0.0,0.15000000000000002,0.8,sigmoid,sgd,0.8000000000000003,2,gaussian,"(-0.5, 0.5)",15,0.058966826270986955,0.875
[3],0.16,0.0,0.0,0.15000000000000002,0.8,sigmoid,sgd,0.8000000000000003,2,gaussian,"(-0.1, 0.1)",15,0.05768422767520274,0.875
[3],0.16,0.0,0.0,0.15000000000000002,0.8,sigmoid,sgd,0.8000000000000003,4,gaussian,"(-0.5, 0.5)",15,0.07366597745510958,0.8333333333333334
[3],0.16,0.0,0.0,0.15000000000000002,0.8,sigmoid,sgd,0.8000000000000003,4,gaussian,"(-0.1, 0.1)",15,0.057533618651779715,0.875
[3],0.16,0.0,0.0,0.0,0.9000000000000001,sigmoid,sgd,0.6000000000000001,4,gaussian,"(-0.5, 0.5)",15,0.06164061908842528,0.8333333333333334
[3],0.16,0.0,0.0,0.0,0.9000000000000001,sigmoid,sgd,0.6000000000000001,4,gaussian,"(-0.1, 0.1)",15,0.06146247247728907,0.8333333333333334
[3],0.16,0.0,0.0,0.0,0.9000000000000001,sigmoid,sgd,0.7500000000000002,2,gaussian,"(-0.5, 0.5)",15,0.06622235636033721,0.7916666666666666
[3],0.16,0.0,0.0,0.0,0.9000000000000001,sigmoid,sgd,0.7500000000000002,2,gaussian,"(-0.1, 0.1)",15,0.05912151655534432,0.875
[3],0.16,0.0,0.0,0.0,0.9000000000000001,sigmoid,sgd,0.7500000000000002,4,gaussian,"(-0.5, 0.5)",15,0.06061984824775283,0.8333333333333334
[3],0.16,0.0,0.0,0.0,0.9000000000000001,sigmoid,sgd,0.7500000000000002,4,gaussian,"(-0.1, 0.1)",15,0.06068736787644944,0.8333333333333334
[3],0.16,0.0,0.0,0.0,0.9000000000000001,sigmoid,sgd,0.8500000000000003,4,gaussian,"(-0.5, 0.5)",15,0.06015448120870894,0.8333333333333334
[3],0.16,0.0,0.0,0.0,0.9000000000000001,sigmoid,sgd,0.8500000000000003,4,gaussian,"(-0.1, 0.1)",15,0.060286709815171015,0.8333333333333334
[3],0.16,0.0,0.0,0.0,0.9000000000000001,sigmoid,sgd,0.8000000000000003,2,gaussian,"(-0.1, 0.1)",15,0.05909037896031661,0.875
[3],0.16,0.0,0.0,0.0,0.9000000000000001,sigmoid,sgd,0.8000000000000003,4,gaussian,"(-0.1, 0.1)",15,0.06047731798542202,0.8333333333333334
[3],0.16,0.0,0.0,0.0,0.8500000000000001,sigmoid,sgd,0.6000000000000001,4,gaussian,"(-0.5, 0.5)",15,0.05942867933735457,0.875
[3],0.16,0.0,0.0,0.0,0.8500000000000001,sigmoid,sgd,0.6000000000000001,4,gaussian,"(-0.1, 0.1)",15,0.05958550291650086,0.875
[3],0.16,0.0,0.0,0.0,0.8500000000000001,sigmoid,sgd,0.7500000000000002,2,gaussian,"(-0.5, 0.5)",15,0.062136169592948605,0.7916666666666666
[3],0.16,0.0,0.0,0.0,0.8500000000000001,sigmoid,sgd,0.7500000000000002,2,gaussian,"(-0.1, 0.1)",15,0.06178974262874023,0.7916666666666666
[3],0.16,0.0,0.0,0.0,0.8500000000000001,sigmoid,sgd,0.7500000000000002,4,gaussian,"(-0.5, 0.5)",15,0.059116269219259,0.875
[3],0.16,0.0,0.0,0.0,0.8500000000000001,sigmoid,sgd,0.7500000000000002,4,gaussian,"(-0.1, 0.1)",15,0.05914701050212098,0.875
[3],0.16,0.0,0.0,0.0,0.8500000000000001,sigmoid,sgd,0.8500000000000003,4,gaussian,"(-0.5, 0.5)",15,0.05924536147361281,0.875
[3],0.16,0.0,0.0,0.0,0.8500000000000001,sigmoid,sgd,0.8500000000000003,4,gaussian,"(-0.1, 0.1)",15,0.05907973366418987,0.875
[3],0.16,0.0,0.0,0.0,0.8500000000000001,sigmoid,sgd,0.8000000000000003,2,gaussian,"(-0.1, 0.1)",15,0.06158109264295253,0.7916666666666666
[3],0.16,0.0,0.0,0.0,0.8500000000000001,sigmoid,sgd,0.8000000000000003,4,gaussian,"(-0.1, 0.1)",15,0.05908975086567034,0.875
[3],0.16,0.0,0.0,0.0,0.8,sigmoid,sgd,0.6000000000000001,4,gaussian,"(-0.5, 0.5)",15,0.059294435957253554,0.875
[3],0.16,0.0,0.0,0.0,0.8,sigmoid,sgd,0.6000000000000001,4,gaussian,"(-0.1, 0.1)",15,0.05892487659860663,0.875
[3],0.16,0.0,0.0,0.0,0.8,sigmoid,sgd,0.7500000000000002,2,gaussian,"(-0.5, 0.5)",15,0.0601704807783354,0.8333333333333334
[3],0.16,0.0,0.0,0.0,0.8,sigmoid,sgd,0.7500000000000002,2,gaussian,"(-0.1, 0.1)",15,0.06030927786060647,0.8333333333333334
[3],0.16,0.0,0.0,0.0,0.8,sigmoid,sgd,0.7500000000000002,4,gaussian,"(-0.5, 0.5)",15,0.062221451243097886,0.875
[3],0.16,0.0,0.0,0.0,0.8,sigmoid,sgd,0.7500000000000002,4,gaussian,"(-0.1, 0.1)",15,0.05952534028065546,0.875
[3],0.16,0.0,0.0,0.0,0.8,sigmoid,sgd,0.8500000000000003,4,gaussian,"(-0.5, 0.5)",15,0.06772205425636871,0.875
[3],0.16,0.0,0.0,0.0,0.8,sigmoid,sgd,0.8500000000000003,4,gaussian,"(-0.1, 0.1)",15,0.06047396165956818,0.875
[3],0.16,0.0,0.0,0.0,0.8,sigmoid,sgd,0.8000000000000003,2,gaussian,"(-0.1, 0.1)",15,0.0601231916813236,0.8333333333333334
[3],0.16,0.0,0.0,0.0,0.8,sigmoid,sgd,0.8000000000000003,4,gaussian,"(-0.1, 0.1)",15,0.059938102820749184,0.875
