n_hidden,learning_rate,reg_lambda,l1_lambda,dropout_rate,momentum,activation,optimizer,lr_decay,batch_size,weight_init,init_range,patience,val_loss,val_accuracy,trial_number
[3],0.01,0.0,0.0,0.25,0.8,sigmoid,sgd,0.9000000000000004,2,gaussian,"(-0.1, 0.1)",15,0.12486161430204679,0.6,1
[3],0.01,0.0,0.0,0.05,0.75,sigmoid,sgd,0.8500000000000003,12,gaussian,"(-0.1, 0.1)",15,0.12529576358133576,0.48,2
[3],0.16,0.0,0.0,0.1,0.8,sigmoid,sgd,0.55,10,gaussian,"(-0.5, 0.5)",15,0.12124611057910194,0.56,3
[4],0.16,0.0,0.0,0.0,0.8500000000000001,sigmoid,sgd,0.9500000000000004,8,gaussian,"(-0.1, 0.1)",15,0.08854484600818345,0.88,4
[3],0.01,0.0,0.0,0.1,0.7,sigmoid,sgd,0.8500000000000003,8,gaussian,"(-0.5, 0.5)",15,0.1253446326499864,0.44,5
[4],0.01,0.0,0.0,0.25,0.8,sigmoid,sgd,0.8500000000000003,10,gaussian,"(-0.1, 0.1)",15,0.1251993854976591,0.52,6
[4],0.01,0.0,0.0,0.05,0.7,sigmoid,sgd,0.6500000000000001,12,gaussian,"(-0.1, 0.1)",15,0.12529990573230176,0.52,7
[4],0.16,0.0,0.0,0.25,0.8500000000000001,sigmoid,sgd,0.9000000000000004,12,gaussian,"(-0.5, 0.5)",15,0.1198202392081427,0.56,8
[4],0.16,0.0,0.0,0.05,0.75,sigmoid,sgd,0.6000000000000001,4,gaussian,"(-0.1, 0.1)",15,0.0421579665457285,0.92,9
[4],0.16,0.0,0.0,0.2,0.8500000000000001,sigmoid,sgd,0.7500000000000002,2,gaussian,"(-0.5, 0.5)",15,0.04307895108948409,0.92,10
[3],0.16,0.0,0.0,0.0,0.8,sigmoid,sgd,0.6000000000000001,8,gaussian,"(-0.1, 0.1)",15,0.07074771830663093,0.92,11
[4],0.16,0.0,0.0,0.0,0.7,sigmoid,sgd,0.6500000000000001,12,gaussian,"(-0.1, 0.1)",15,0.12155779503867624,0.52,12
[4],0.01,0.0,0.0,0.2,0.75,sigmoid,sgd,0.9000000000000004,12,gaussian,"(-0.1, 0.1)",15,0.12532226202358068,0.52,13
[3],0.16,0.0,0.0,0.15000000000000002,0.8,sigmoid,sgd,0.6500000000000001,2,gaussian,"(-0.1, 0.1)",15,0.028433769502197396,0.92,14
[3],0.01,0.0,0.0,0.0,0.7,sigmoid,sgd,0.7500000000000002,2,gaussian,"(-0.5, 0.5)",15,0.12491304192701268,0.56,15
[4],0.01,0.0,0.0,0.2,0.75,sigmoid,sgd,0.6500000000000001,2,gaussian,"(-0.5, 0.5)",15,0.125242928736652,0.56,16
[4],0.16,0.0,0.0,0.15000000000000002,0.8500000000000001,sigmoid,sgd,0.7500000000000002,2,gaussian,"(-0.1, 0.1)",15,0.028809127637868633,0.92,17
[3],0.16,0.0,0.0,0.05,0.8500000000000001,sigmoid,sgd,0.55,10,gaussian,"(-0.1, 0.1)",15,0.06528839824520148,0.92,18
[3],0.01,0.0,0.0,0.05,0.75,sigmoid,sgd,0.8000000000000003,2,gaussian,"(-0.5, 0.5)",15,0.12489518024449749,0.56,19
[3],0.16,0.0,0.0,0.1,0.8500000000000001,sigmoid,sgd,0.6500000000000001,8,gaussian,"(-0.1, 0.1)",15,0.09060717916849736,0.8,20
[3],0.16,0.0,0.0,0.0,0.7,sigmoid,sgd,0.6000000000000001,2,gaussian,"(-0.1, 0.1)",15,0.032725202320932276,0.92,21
[4],0.01,0.0,0.0,0.2,0.75,sigmoid,sgd,0.7000000000000002,4,gaussian,"(-0.1, 0.1)",15,0.1247950787914778,0.52,22
[4],0.16,0.0,0.0,0.05,0.8,sigmoid,sgd,0.8500000000000003,12,gaussian,"(-0.1, 0.1)",15,0.11753962716555376,0.52,23
[3],0.16,0.0,0.0,0.05,0.8,sigmoid,sgd,0.6000000000000001,10,gaussian,"(-0.1, 0.1)",15,0.10398220516659724,0.8,24
[4],0.01,0.0,0.0,0.05,0.8,sigmoid,sgd,0.7000000000000002,12,gaussian,"(-0.5, 0.5)",15,0.12613511686947507,0.48,25
[3],0.16,0.0,0.0,0.2,0.8500000000000001,sigmoid,sgd,0.7000000000000002,2,gaussian,"(-0.5, 0.5)",15,0.03189959715545246,0.92,26
[3],0.16,0.0,0.0,0.05,0.8500000000000001,sigmoid,sgd,0.6000000000000001,12,gaussian,"(-0.5, 0.5)",15,0.11678640318454918,0.6,27
[3],0.16,0.0,0.0,0.05,0.7,sigmoid,sgd,0.6500000000000001,4,gaussian,"(-0.5, 0.5)",15,0.08771479079463668,0.8,28
[4],0.01,0.0,0.0,0.05,0.75,sigmoid,sgd,0.7500000000000002,10,gaussian,"(-0.5, 0.5)",15,0.12610873609496134,0.56,29
[3],0.01,0.0,0.0,0.15000000000000002,0.7,sigmoid,sgd,0.7500000000000002,8,gaussian,"(-0.1, 0.1)",15,0.1252120709905449,0.4,30
[3],0.01,0.0,0.0,0.15000000000000002,0.8,sigmoid,sgd,0.9000000000000004,10,gaussian,"(-0.1, 0.1)",15,0.12519690258358676,0.52,31
[3],0.16,0.0,0.0,0.05,0.9000000000000001,sigmoid,sgd,0.7500000000000002,8,gaussian,"(-0.1, 0.1)",15,0.04013004277620933,0.92,32
[4],0.01,0.0,0.0,0.1,0.7,sigmoid,sgd,0.8000000000000003,2,gaussian,"(-0.5, 0.5)",15,0.12540268573261712,0.56,33
[3],0.16,0.0,0.0,0.2,0.8,sigmoid,sgd,0.9000000000000004,4,gaussian,"(-0.5, 0.5)",15,0.07295654593630632,0.84,34
[4],0.01,0.0,0.0,0.2,0.9000000000000001,sigmoid,sgd,0.7000000000000002,4,gaussian,"(-0.5, 0.5)",15,0.12527658368758346,0.52,35
[4],0.16,0.0,0.0,0.15000000000000002,0.75,sigmoid,sgd,0.9000000000000004,12,gaussian,"(-0.1, 0.1)",15,0.12113666351320417,0.52,36
[3],0.16,0.0,0.0,0.05,0.75,sigmoid,sgd,0.8500000000000003,12,gaussian,"(-0.5, 0.5)",15,0.12411120605902891,0.56,37
[4],0.01,0.0,0.0,0.25,0.8500000000000001,sigmoid,sgd,0.5,2,gaussian,"(-0.1, 0.1)",15,0.1240202147254441,0.52,38
[3],0.16,0.0,0.0,0.0,0.9000000000000001,sigmoid,sgd,0.8500000000000003,12,gaussian,"(-0.5, 0.5)",15,0.1124897503074164,0.56,39
[4],0.16,0.0,0.0,0.05,0.8500000000000001,sigmoid,sgd,0.9000000000000004,10,gaussian,"(-0.5, 0.5)",15,0.11615418555836733,0.56,40
[4],0.01,0.0,0.0,0.25,0.8,sigmoid,sgd,0.9000000000000004,2,gaussian,"(-0.1, 0.1)",15,0.12459635961339076,0.52,41
[3],0.16,0.0,0.0,0.25,0.75,sigmoid,sgd,0.7500000000000002,12,gaussian,"(-0.5, 0.5)",15,0.12400560102089166,0.56,42
[3],0.01,0.0,0.0,0.15000000000000002,0.8500000000000001,sigmoid,sgd,0.7500000000000002,8,gaussian,"(-0.5, 0.5)",15,0.12525091461892932,0.44,43
[3],0.16,0.0,0.0,0.05,0.8,sigmoid,sgd,0.7500000000000002,10,gaussian,"(-0.5, 0.5)",15,0.12280464470535993,0.52,44
[3],0.01,0.0,0.0,0.15000000000000002,0.9000000000000001,sigmoid,sgd,0.8500000000000003,4,gaussian,"(-0.5, 0.5)",15,0.12495140873663572,0.52,45
[4],0.16,0.0,0.0,0.05,0.8500000000000001,sigmoid,sgd,0.8000000000000003,8,gaussian,"(-0.5, 0.5)",15,0.09614819571058668,0.8,46
[3],0.01,0.0,0.0,0.1,0.75,sigmoid,sgd,0.6500000000000001,2,gaussian,"(-0.1, 0.1)",15,0.12497796366202264,0.56,47
[3],0.16,0.0,0.0,0.25,0.7,sigmoid,sgd,0.6000000000000001,12,gaussian,"(-0.1, 0.1)",15,0.12263116994329577,0.56,48
[4],0.01,0.0,0.0,0.2,0.7,sigmoid,sgd,0.55,12,gaussian,"(-0.1, 0.1)",15,0.1252456430646393,0.52,49
[4],0.01,0.0,0.0,0.2,0.7,sigmoid,sgd,0.9000000000000004,8,gaussian,"(-0.5, 0.5)",15,0.12613193188890343,0.52,50
[4],0.01,0.0,0.0,0.15000000000000002,0.8,sigmoid,sgd,0.9000000000000004,8,gaussian,"(-0.5, 0.5)",15,0.12605656888071454,0.48,51
[4],0.16,0.0,0.0,0.1,0.75,sigmoid,sgd,0.8500000000000003,12,gaussian,"(-0.5, 0.5)",15,0.12412818074139192,0.56,52
[3],0.16,0.0,0.0,0.1,0.75,sigmoid,sgd,0.7500000000000002,8,gaussian,"(-0.1, 0.1)",15,0.1219730860332874,0.44,53
[3],0.01,0.0,0.0,0.05,0.8500000000000001,sigmoid,sgd,0.8500000000000003,2,gaussian,"(-0.5, 0.5)",15,0.12472512406607006,0.56,54
[3],0.16,0.0,0.0,0.25,0.75,sigmoid,sgd,0.8000000000000003,12,gaussian,"(-0.5, 0.5)",15,0.12409911756866038,0.56,55
[4],0.16,0.0,0.0,0.1,0.8,sigmoid,sgd,0.55,12,gaussian,"(-0.1, 0.1)",15,0.10795626016025556,0.56,56
[3],0.16,0.0,0.0,0.1,0.9000000000000001,sigmoid,sgd,0.6500000000000001,8,gaussian,"(-0.5, 0.5)",15,0.047607077922912557,0.92,57
[3],0.01,0.0,0.0,0.1,0.7,sigmoid,sgd,0.55,2,gaussian,"(-0.5, 0.5)",15,0.12485514495396022,0.56,58
[4],0.16,0.0,0.0,0.1,0.75,sigmoid,sgd,0.55,10,gaussian,"(-0.1, 0.1)",15,0.11230381589807599,0.68,59
[3],0.01,0.0,0.0,0.05,0.9000000000000001,sigmoid,sgd,0.9000000000000004,10,gaussian,"(-0.5, 0.5)",15,0.1252608228357341,0.44,60
[4],0.16,0.0,0.0,0.1,0.9000000000000001,sigmoid,sgd,0.6500000000000001,4,gaussian,"(-0.1, 0.1)",15,0.03648805923885821,0.92,61
[3],0.01,0.0,0.0,0.05,0.9000000000000001,sigmoid,sgd,0.8500000000000003,12,gaussian,"(-0.5, 0.5)",15,0.1252957693801784,0.52,62
[3],0.01,0.0,0.0,0.1,0.8,sigmoid,sgd,0.9500000000000004,4,gaussian,"(-0.1, 0.1)",15,0.12510629581034746,0.44,63
[3],0.01,0.0,0.0,0.1,0.75,sigmoid,sgd,0.9500000000000004,12,gaussian,"(-0.5, 0.5)",15,0.12540564267442228,0.48,64
[3],0.16,0.0,0.0,0.25,0.8,sigmoid,sgd,0.55,12,gaussian,"(-0.5, 0.5)",15,0.12193660343561939,0.56,65
[4],0.16,0.0,0.0,0.0,0.7,sigmoid,sgd,0.6000000000000001,10,gaussian,"(-0.5, 0.5)",15,0.1227411375204886,0.6,66
[3],0.16,0.0,0.0,0.25,0.8500000000000001,sigmoid,sgd,0.7500000000000002,8,gaussian,"(-0.1, 0.1)",15,0.06356306498360619,0.92,67
[4],0.16,0.0,0.0,0.25,0.8500000000000001,sigmoid,sgd,0.55,8,gaussian,"(-0.5, 0.5)",15,0.07781361020981281,0.88,68
[3],0.16,0.0,0.0,0.2,0.7,sigmoid,sgd,0.9000000000000004,8,gaussian,"(-0.5, 0.5)",15,0.12394400981392806,0.52,69
[3],0.01,0.0,0.0,0.1,0.9000000000000001,sigmoid,sgd,0.55,2,gaussian,"(-0.1, 0.1)",15,0.1245197519869847,0.48,70
[4],0.01,0.0,0.0,0.2,0.8500000000000001,sigmoid,sgd,0.55,4,gaussian,"(-0.5, 0.5)",15,0.12539122332580524,0.52,71
[4],0.16,0.0,0.0,0.15000000000000002,0.8500000000000001,sigmoid,sgd,0.6500000000000001,12,gaussian,"(-0.1, 0.1)",15,0.09934912985431786,0.8,72
[4],0.16,0.0,0.0,0.1,0.9000000000000001,sigmoid,sgd,0.9500000000000004,12,gaussian,"(-0.1, 0.1)",15,0.10024021816508974,0.6,73
[4],0.16,0.0,0.0,0.1,0.8,sigmoid,sgd,0.6500000000000001,12,gaussian,"(-0.1, 0.1)",15,0.11291553202559473,0.52,74
[4],0.01,0.0,0.0,0.1,0.8500000000000001,sigmoid,sgd,0.5,4,gaussian,"(-0.1, 0.1)",15,0.12441640850562967,0.52,75
[4],0.01,0.0,0.0,0.2,0.8500000000000001,sigmoid,sgd,0.55,10,gaussian,"(-0.5, 0.5)",15,0.12589790065242837,0.52,76
[4],0.01,0.0,0.0,0.1,0.9000000000000001,sigmoid,sgd,0.9500000000000004,2,gaussian,"(-0.5, 0.5)",15,0.12460312394668929,0.52,77
[3],0.01,0.0,0.0,0.15000000000000002,0.7,sigmoid,sgd,0.5,2,gaussian,"(-0.1, 0.1)",15,0.12492875944487455,0.52,78
[4],0.16,0.0,0.0,0.1,0.8500000000000001,sigmoid,sgd,0.6000000000000001,4,gaussian,"(-0.5, 0.5)",15,0.047834635542163564,0.92,79
[3],0.16,0.0,0.0,0.2,0.75,sigmoid,sgd,0.7000000000000002,2,gaussian,"(-0.5, 0.5)",15,0.03627972634270367,0.92,80
[3],0.01,0.0,0.0,0.15000000000000002,0.8,sigmoid,sgd,0.7000000000000002,4,gaussian,"(-0.5, 0.5)",15,0.12508277027964604,0.48,81
[3],0.01,0.0,0.0,0.15000000000000002,0.9000000000000001,sigmoid,sgd,0.8000000000000003,8,gaussian,"(-0.1, 0.1)",15,0.12511580463241415,0.48,82
[4],0.16,0.0,0.0,0.05,0.9000000000000001,sigmoid,sgd,0.6000000000000001,2,gaussian,"(-0.5, 0.5)",15,0.038089286705831726,0.92,83
[4],0.01,0.0,0.0,0.2,0.8,sigmoid,sgd,0.8000000000000003,4,gaussian,"(-0.1, 0.1)",15,0.12474248199780769,0.52,84
[4],0.16,0.0,0.0,0.05,0.8,sigmoid,sgd,0.8500000000000003,2,gaussian,"(-0.1, 0.1)",15,0.032436362487698676,0.92,85
[4],0.16,0.0,0.0,0.0,0.8500000000000001,sigmoid,sgd,0.7500000000000002,8,gaussian,"(-0.5, 0.5)",15,0.09031873634977847,0.84,86
[3],0.01,0.0,0.0,0.15000000000000002,0.7,sigmoid,sgd,0.7000000000000002,10,gaussian,"(-0.1, 0.1)",15,0.12520981158572206,0.52,87
[3],0.01,0.0,0.0,0.1,0.8500000000000001,sigmoid,sgd,0.8000000000000003,10,gaussian,"(-0.5, 0.5)",15,0.12530405072192288,0.48,88
[3],0.16,0.0,0.0,0.25,0.7,sigmoid,sgd,0.7500000000000002,4,gaussian,"(-0.5, 0.5)",15,0.10092435926909697,0.72,89
[3],0.16,0.0,0.0,0.0,0.8,sigmoid,sgd,0.6500000000000001,2,gaussian,"(-0.1, 0.1)",15,0.03309550227111449,0.92,90
[3],0.01,0.0,0.0,0.0,0.8,sigmoid,sgd,0.9000000000000004,4,gaussian,"(-0.1, 0.1)",15,0.12501871801755637,0.52,91
[4],0.01,0.0,0.0,0.2,0.7,sigmoid,sgd,0.6000000000000001,2,gaussian,"(-0.1, 0.1)",15,0.12454623840815256,0.52,92
[3],0.16,0.0,0.0,0.05,0.9000000000000001,sigmoid,sgd,0.5,4,gaussian,"(-0.1, 0.1)",15,0.031367691682008494,0.92,93
[3],0.16,0.0,0.0,0.15000000000000002,0.8,sigmoid,sgd,0.9000000000000004,8,gaussian,"(-0.1, 0.1)",15,0.11989662319853817,0.56,94
[3],0.16,0.0,0.0,0.15000000000000002,0.8500000000000001,sigmoid,sgd,0.55,8,gaussian,"(-0.1, 0.1)",15,0.056797982495971074,0.92,95
[3],0.16,0.0,0.0,0.2,0.9000000000000001,sigmoid,sgd,0.9000000000000004,12,gaussian,"(-0.1, 0.1)",15,0.1065170964942869,0.56,96
[3],0.01,0.0,0.0,0.15000000000000002,0.8500000000000001,sigmoid,sgd,0.8000000000000003,10,gaussian,"(-0.5, 0.5)",15,0.12530068541063102,0.52,97
[4],0.16,0.0,0.0,0.25,0.8,sigmoid,sgd,0.55,2,gaussian,"(-0.5, 0.5)",15,0.042572845446297095,0.92,98
[3],0.16,0.0,0.0,0.05,0.9000000000000001,sigmoid,sgd,0.7500000000000002,10,gaussian,"(-0.5, 0.5)",15,0.09422987691985718,0.72,99
[4],0.16,0.0,0.0,0.0,0.9000000000000001,sigmoid,sgd,0.55,8,gaussian,"(-0.1, 0.1)",15,0.04083249257662183,0.92,100
[4],0.01,0.0,0.0,0.15000000000000002,0.9000000000000001,sigmoid,sgd,0.7000000000000002,8,gaussian,"(-0.5, 0.5)",15,0.12576717635028262,0.52,101
[3],0.01,0.0,0.0,0.05,0.9000000000000001,sigmoid,sgd,0.55,12,gaussian,"(-0.5, 0.5)",15,0.1252184362352808,0.44,102
[4],0.16,0.0,0.0,0.1,0.75,sigmoid,sgd,0.5,4,gaussian,"(-0.1, 0.1)",15,0.04274943995848157,0.92,103
[3],0.16,0.0,0.0,0.15000000000000002,0.8500000000000001,sigmoid,sgd,0.6500000000000001,12,gaussian,"(-0.5, 0.5)",15,0.11972470514989615,0.6,104
[4],0.01,0.0,0.0,0.1,0.9000000000000001,sigmoid,sgd,0.8000000000000003,12,gaussian,"(-0.1, 0.1)",15,0.12492503160207223,0.52,105
[3],0.16,0.0,0.0,0.05,0.75,sigmoid,sgd,0.5,10,gaussian,"(-0.1, 0.1)",15,0.1110482680826203,0.76,106
[3],0.16,0.0,0.0,0.2,0.75,sigmoid,sgd,0.8000000000000003,2,gaussian,"(-0.1, 0.1)",15,0.03590573754414928,0.92,107
[4],0.16,0.0,0.0,0.2,0.8500000000000001,sigmoid,sgd,0.5,8,gaussian,"(-0.5, 0.5)",15,0.07278520509126092,0.92,108
[4],0.01,0.0,0.0,0.15000000000000002,0.7,sigmoid,sgd,0.8000000000000003,8,gaussian,"(-0.1, 0.1)",15,0.1251962514960482,0.52,109
[4],0.01,0.0,0.0,0.0,0.9000000000000001,sigmoid,sgd,0.6000000000000001,4,gaussian,"(-0.1, 0.1)",15,0.12413596265087185,0.52,110
[4],0.01,0.0,0.0,0.05,0.9000000000000001,sigmoid,sgd,0.8500000000000003,12,gaussian,"(-0.5, 0.5)",15,0.12604439986343488,0.48,111
[4],0.01,0.0,0.0,0.15000000000000002,0.7,sigmoid,sgd,0.9500000000000004,2,gaussian,"(-0.1, 0.1)",15,0.12465732143253788,0.52,112
[4],0.16,0.0,0.0,0.15000000000000002,0.7,sigmoid,sgd,0.55,12,gaussian,"(-0.5, 0.5)",15,0.12344198125950254,0.56,113
[3],0.16,0.0,0.0,0.2,0.75,sigmoid,sgd,0.8500000000000003,2,gaussian,"(-0.1, 0.1)",15,0.036449676940075386,0.92,114
[3],0.01,0.0,0.0,0.05,0.8500000000000001,sigmoid,sgd,0.7000000000000002,10,gaussian,"(-0.5, 0.5)",15,0.12528038659690086,0.48,115
[3],0.16,0.0,0.0,0.0,0.8,sigmoid,sgd,0.9500000000000004,4,gaussian,"(-0.1, 0.1)",15,0.040942490798021716,0.92,116
[3],0.16,0.0,0.0,0.1,0.8500000000000001,sigmoid,sgd,0.7500000000000002,4,gaussian,"(-0.5, 0.5)",15,0.038372266997264835,0.92,117
[4],0.01,0.0,0.0,0.1,0.8,sigmoid,sgd,0.6500000000000001,4,gaussian,"(-0.1, 0.1)",15,0.12467530199759663,0.52,118
[3],0.16,0.0,0.0,0.0,0.9000000000000001,sigmoid,sgd,0.6000000000000001,4,gaussian,"(-0.1, 0.1)",15,0.033858553587911615,0.92,119
[4],0.01,0.0,0.0,0.15000000000000002,0.8,sigmoid,sgd,0.6500000000000001,12,gaussian,"(-0.5, 0.5)",15,0.12612154146563725,0.48,120
[4],0.01,0.0,0.0,0.1,0.9000000000000001,sigmoid,sgd,0.9000000000000004,12,gaussian,"(-0.1, 0.1)",15,0.12496633868080559,0.52,121
[3],0.01,0.0,0.0,0.1,0.7,sigmoid,sgd,0.7000000000000002,2,gaussian,"(-0.5, 0.5)",15,0.12491967888379142,0.56,122
[4],0.01,0.0,0.0,0.15000000000000002,0.7,sigmoid,sgd,0.8000000000000003,2,gaussian,"(-0.5, 0.5)",15,0.12540671035750275,0.52,123
[3],0.16,0.0,0.0,0.0,0.8,sigmoid,sgd,0.7500000000000002,4,gaussian,"(-0.1, 0.1)",15,0.037252747583665154,0.92,124
[4],0.16,0.0,0.0,0.25,0.75,sigmoid,sgd,0.5,8,gaussian,"(-0.1, 0.1)",15,0.09565599174628858,0.84,125
[4],0.01,0.0,0.0,0.1,0.75,sigmoid,sgd,0.8000000000000003,12,gaussian,"(-0.1, 0.1)",15,0.12530458920069504,0.52,126
[3],0.16,0.0,0.0,0.2,0.9000000000000001,sigmoid,sgd,0.8000000000000003,2,gaussian,"(-0.1, 0.1)",15,0.029817512631869218,0.92,127
[4],0.01,0.0,0.0,0.25,0.7,sigmoid,sgd,0.8500000000000003,2,gaussian,"(-0.5, 0.5)",15,0.1254821020543811,0.56,128
[4],0.01,0.0,0.0,0.1,0.7,sigmoid,sgd,0.6000000000000001,2,gaussian,"(-0.5, 0.5)",15,0.12527916673075937,0.52,129
[3],0.16,0.0,0.0,0.25,0.8500000000000001,sigmoid,sgd,0.5,8,gaussian,"(-0.1, 0.1)",15,0.04550801004157819,0.92,130
[3],0.01,0.0,0.0,0.1,0.8,sigmoid,sgd,0.6500000000000001,8,gaussian,"(-0.1, 0.1)",15,0.12518597095535136,0.48,131
[4],0.16,0.0,0.0,0.0,0.8,sigmoid,sgd,0.7500000000000002,4,gaussian,"(-0.5, 0.5)",15,0.055557191305720094,0.92,132
[4],0.16,0.0,0.0,0.0,0.8500000000000001,sigmoid,sgd,0.7500000000000002,2,gaussian,"(-0.5, 0.5)",15,0.04085042045068165,0.92,133
[4],0.16,0.0,0.0,0.15000000000000002,0.9000000000000001,sigmoid,sgd,0.8500000000000003,2,gaussian,"(-0.5, 0.5)",15,0.04185035820037228,0.92,134
[4],0.01,0.0,0.0,0.0,0.8500000000000001,sigmoid,sgd,0.9500000000000004,10,gaussian,"(-0.1, 0.1)",15,0.12512386619475793,0.52,135
[3],0.01,0.0,0.0,0.25,0.8,sigmoid,sgd,0.8500000000000003,8,gaussian,"(-0.5, 0.5)",15,0.12530470120582105,0.44,136
[3],0.01,0.0,0.0,0.2,0.8,sigmoid,sgd,0.55,2,gaussian,"(-0.5, 0.5)",15,0.1247114950660295,0.52,137
[4],0.01,0.0,0.0,0.1,0.8,sigmoid,sgd,0.6500000000000001,2,gaussian,"(-0.1, 0.1)",15,0.12422224123362426,0.52,138
[4],0.01,0.0,0.0,0.25,0.8500000000000001,sigmoid,sgd,0.9000000000000004,12,gaussian,"(-0.5, 0.5)",15,0.12617323340226683,0.48,139
[3],0.01,0.0,0.0,0.1,0.9000000000000001,sigmoid,sgd,0.6500000000000001,10,gaussian,"(-0.5, 0.5)",15,0.12521386680614152,0.44,140
[4],0.16,0.0,0.0,0.2,0.75,sigmoid,sgd,0.8500000000000003,12,gaussian,"(-0.5, 0.5)",15,0.12425093028065477,0.56,141
[3],0.01,0.0,0.0,0.1,0.7,sigmoid,sgd,0.9000000000000004,12,gaussian,"(-0.1, 0.1)",15,0.12531994686064749,0.48,142
[4],0.01,0.0,0.0,0.0,0.9000000000000001,sigmoid,sgd,0.7500000000000002,4,gaussian,"(-0.5, 0.5)",15,0.12529648923409037,0.52,143
[3],0.16,0.0,0.0,0.05,0.9000000000000001,sigmoid,sgd,0.9000000000000004,4,gaussian,"(-0.1, 0.1)",15,0.032976140653671125,0.92,144
[4],0.01,0.0,0.0,0.0,0.7,sigmoid,sgd,0.9500000000000004,2,gaussian,"(-0.5, 0.5)",15,0.1254755184386215,0.52,145
[4],0.16,0.0,0.0,0.05,0.8500000000000001,sigmoid,sgd,0.6000000000000001,10,gaussian,"(-0.5, 0.5)",15,0.1011382510913206,0.68,146
[4],0.01,0.0,0.0,0.1,0.9000000000000001,sigmoid,sgd,0.8000000000000003,4,gaussian,"(-0.1, 0.1)",15,0.12434541104925786,0.52,147
[4],0.01,0.0,0.0,0.15000000000000002,0.7,sigmoid,sgd,0.55,2,gaussian,"(-0.5, 0.5)",15,0.12524229381875027,0.52,148
[4],0.01,0.0,0.0,0.05,0.8,sigmoid,sgd,0.9000000000000004,10,gaussian,"(-0.5, 0.5)",15,0.1261029452749262,0.52,149
[4],0.01,0.0,0.0,0.0,0.8500000000000001,sigmoid,sgd,0.5,2,gaussian,"(-0.5, 0.5)",15,0.1244688039070388,0.56,150
[4],0.16,0.0,0.0,0.2,0.7,sigmoid,sgd,0.7500000000000002,10,gaussian,"(-0.1, 0.1)",15,0.12190276238400682,0.52,151
[4],0.01,0.0,0.0,0.2,0.9000000000000001,sigmoid,sgd,0.8000000000000003,12,gaussian,"(-0.5, 0.5)",15,0.12605088097902292,0.52,152
[3],0.01,0.0,0.0,0.0,0.8500000000000001,sigmoid,sgd,0.6500000000000001,12,gaussian,"(-0.1, 0.1)",15,0.12509916132093427,0.52,153
[3],0.01,0.0,0.0,0.05,0.8,sigmoid,sgd,0.7500000000000002,12,gaussian,"(-0.1, 0.1)",15,0.1252665466522118,0.48,154
[4],0.16,0.0,0.0,0.2,0.8,sigmoid,sgd,0.7500000000000002,8,gaussian,"(-0.5, 0.5)",15,0.11103595060557153,0.6,155
[4],0.01,0.0,0.0,0.2,0.8500000000000001,sigmoid,sgd,0.6000000000000001,12,gaussian,"(-0.1, 0.1)",15,0.1250057707161862,0.52,156
[3],0.01,0.0,0.0,0.2,0.7,sigmoid,sgd,0.8000000000000003,4,gaussian,"(-0.1, 0.1)",15,0.12509330043747716,0.52,157
[4],0.16,0.0,0.0,0.25,0.7,sigmoid,sgd,0.9000000000000004,10,gaussian,"(-0.1, 0.1)",15,0.12343109577211826,0.52,158
[4],0.16,0.0,0.0,0.2,0.8,sigmoid,sgd,0.7000000000000002,12,gaussian,"(-0.1, 0.1)",15,0.11483769974111593,0.52,159
[4],0.16,0.0,0.0,0.25,0.75,sigmoid,sgd,0.9000000000000004,8,gaussian,"(-0.1, 0.1)",15,0.11523378558770117,0.52,160
[4],0.16,0.0,0.0,0.1,0.75,sigmoid,sgd,0.7500000000000002,10,gaussian,"(-0.5, 0.5)",15,0.12266922682759918,0.6,161
[3],0.01,0.0,0.0,0.2,0.8,sigmoid,sgd,0.6500000000000001,2,gaussian,"(-0.1, 0.1)",15,0.12489440513267701,0.56,162
[3],0.01,0.0,0.0,0.15000000000000002,0.8,sigmoid,sgd,0.9000000000000004,4,gaussian,"(-0.5, 0.5)",15,0.12513862765364733,0.48,163
[4],0.01,0.0,0.0,0.1,0.8,sigmoid,sgd,0.9000000000000004,2,gaussian,"(-0.5, 0.5)",15,0.12523866280702728,0.56,164
[3],0.01,0.0,0.0,0.15000000000000002,0.8500000000000001,sigmoid,sgd,0.7000000000000002,12,gaussian,"(-0.5, 0.5)",15,0.12532676448485952,0.44,165
[4],0.16,0.0,0.0,0.25,0.9000000000000001,sigmoid,sgd,0.6500000000000001,2,gaussian,"(-0.1, 0.1)",15,0.030611076553849755,0.92,166
[4],0.16,0.0,0.0,0.25,0.75,sigmoid,sgd,0.6000000000000001,12,gaussian,"(-0.5, 0.5)",15,0.12273904947004359,0.56,167
[4],0.01,0.0,0.0,0.15000000000000002,0.7,sigmoid,sgd,0.6500000000000001,2,gaussian,"(-0.5, 0.5)",15,0.12531741962113702,0.52,168
[3],0.16,0.0,0.0,0.1,0.8,sigmoid,sgd,0.6500000000000001,2,gaussian,"(-0.5, 0.5)",15,0.032390965200986915,0.92,169
[4],0.01,0.0,0.0,0.15000000000000002,0.9000000000000001,sigmoid,sgd,0.9500000000000004,4,gaussian,"(-0.1, 0.1)",15,0.12442886883051528,0.52,170
[4],0.01,0.0,0.0,0.15000000000000002,0.9000000000000001,sigmoid,sgd,0.6500000000000001,12,gaussian,"(-0.5, 0.5)",15,0.12596354993502423,0.52,171
[4],0.01,0.0,0.0,0.2,0.7,sigmoid,sgd,0.7500000000000002,12,gaussian,"(-0.1, 0.1)",15,0.12533029703359988,0.52,172
[3],0.16,0.0,0.0,0.0,0.9000000000000001,sigmoid,sgd,0.9000000000000004,10,gaussian,"(-0.1, 0.1)",15,0.06020394428213872,0.92,173
[4],0.16,0.0,0.0,0.25,0.7,sigmoid,sgd,0.9500000000000004,2,gaussian,"(-0.5, 0.5)",15,0.05119415559016468,0.92,174
[4],0.01,0.0,0.0,0.2,0.7,sigmoid,sgd,0.8000000000000003,4,gaussian,"(-0.5, 0.5)",15,0.12581423852887594,0.52,175
[4],0.16,0.0,0.0,0.15000000000000002,0.8500000000000001,sigmoid,sgd,0.55,4,gaussian,"(-0.1, 0.1)",15,0.03435087768677036,0.92,176
[3],0.01,0.0,0.0,0.0,0.8,sigmoid,sgd,0.6500000000000001,10,gaussian,"(-0.1, 0.1)",15,0.12516586031557075,0.52,177
[4],0.01,0.0,0.0,0.25,0.7,sigmoid,sgd,0.6500000000000001,2,gaussian,"(-0.1, 0.1)",15,0.12465396928332939,0.52,178
[4],0.01,0.0,0.0,0.05,0.7,sigmoid,sgd,0.5,4,gaussian,"(-0.1, 0.1)",15,0.12474650402228248,0.52,179
[4],0.16,0.0,0.0,0.05,0.8,sigmoid,sgd,0.7000000000000002,2,gaussian,"(-0.5, 0.5)",15,0.042129690468920754,0.92,180
[4],0.01,0.0,0.0,0.1,0.8500000000000001,sigmoid,sgd,0.7000000000000002,10,gaussian,"(-0.5, 0.5)",15,0.125963345912378,0.52,181
[3],0.01,0.0,0.0,0.1,0.75,sigmoid,sgd,0.9000000000000004,12,gaussian,"(-0.5, 0.5)",15,0.1254004994631264,0.48,182
[3],0.16,0.0,0.0,0.05,0.8,sigmoid,sgd,0.9000000000000004,4,gaussian,"(-0.5, 0.5)",15,0.0621465675258796,0.88,183
[4],0.01,0.0,0.0,0.0,0.75,sigmoid,sgd,0.7000000000000002,2,gaussian,"(-0.1, 0.1)",15,0.12442402942767859,0.52,184
[3],0.16,0.0,0.0,0.05,0.9000000000000001,sigmoid,sgd,0.7000000000000002,10,gaussian,"(-0.5, 0.5)",15,0.08742198587672631,0.8,185
[4],0.16,0.0,0.0,0.1,0.9000000000000001,sigmoid,sgd,0.7500000000000002,4,gaussian,"(-0.5, 0.5)",15,0.047235168906401614,0.92,186
[4],0.01,0.0,0.0,0.2,0.75,sigmoid,sgd,0.7000000000000002,4,gaussian,"(-0.5, 0.5)",15,0.12571271288041833,0.52,187
[3],0.16,0.0,0.0,0.2,0.75,sigmoid,sgd,0.8500000000000003,10,gaussian,"(-0.5, 0.5)",15,0.12402664836046189,0.56,188
[3],0.01,0.0,0.0,0.25,0.9000000000000001,sigmoid,sgd,0.55,2,gaussian,"(-0.5, 0.5)",15,0.12396565199665922,0.56,189
[3],0.01,0.0,0.0,0.0,0.75,sigmoid,sgd,0.5,12,gaussian,"(-0.5, 0.5)",15,0.1252936045541269,0.56,190
[3],0.01,0.0,0.0,0.2,0.9000000000000001,sigmoid,sgd,0.9000000000000004,8,gaussian,"(-0.5, 0.5)",15,0.12522253253415058,0.44,191
[3],0.01,0.0,0.0,0.0,0.9000000000000001,sigmoid,sgd,0.7500000000000002,8,gaussian,"(-0.1, 0.1)",15,0.12499188259380604,0.52,192
[4],0.16,0.0,0.0,0.15000000000000002,0.9000000000000001,sigmoid,sgd,0.5,2,gaussian,"(-0.5, 0.5)",15,0.04123424926539937,0.92,193
[4],0.16,0.0,0.0,0.0,0.7,sigmoid,sgd,0.7500000000000002,12,gaussian,"(-0.1, 0.1)",15,0.12244254356242244,0.52,194
[3],0.01,0.0,0.0,0.25,0.9000000000000001,sigmoid,sgd,0.7000000000000002,12,gaussian,"(-0.1, 0.1)",15,0.1251935882723606,0.48,195
[4],0.01,0.0,0.0,0.05,0.9000000000000001,sigmoid,sgd,0.6000000000000001,12,gaussian,"(-0.5, 0.5)",15,0.1259252450588532,0.52,196
[4],0.16,0.0,0.0,0.25,0.75,sigmoid,sgd,0.8000000000000003,4,gaussian,"(-0.5, 0.5)",15,0.07753220467196757,0.88,197
[4],0.16,0.0,0.0,0.0,0.8,sigmoid,sgd,0.9000000000000004,10,gaussian,"(-0.1, 0.1)",15,0.11604485729949107,0.52,198
[4],0.01,0.0,0.0,0.2,0.8,sigmoid,sgd,0.6000000000000001,10,gaussian,"(-0.5, 0.5)",15,0.12600760456411644,0.52,199
[4],0.16,0.0,0.0,0.0,0.7,sigmoid,sgd,0.7000000000000002,2,gaussian,"(-0.1, 0.1)",15,0.0346453768018108,0.92,200
[3],0.16,0.0,0.0,0.15000000000000002,0.9000000000000001,sigmoid,sgd,0.7500000000000002,12,gaussian,"(-0.5, 0.5)",15,0.10790214935166066,0.68,1
[4],0.01,0.0,0.0,0.1,0.8500000000000001,sigmoid,sgd,0.8000000000000003,4,gaussian,"(-0.5, 0.5)",15,0.12697673319218863,0.52,2
[4],0.16,0.0,0.0,0.15000000000000002,0.75,sigmoid,sgd,0.8000000000000003,8,gaussian,"(-0.1, 0.1)",15,0.1146089866410753,0.48,3
[4],0.16,0.0,0.0,0.05,0.8500000000000001,sigmoid,sgd,0.7000000000000002,2,gaussian,"(-0.5, 0.5)",15,0.020520977599732638,0.96,4
[4],0.16,0.0,0.0,0.15000000000000002,0.8,sigmoid,sgd,0.9500000000000004,4,gaussian,"(-0.5, 0.5)",15,0.06606111921974461,0.96,5
[3],0.16,0.0,0.0,0.1,0.8,sigmoid,sgd,0.7000000000000002,10,gaussian,"(-0.1, 0.1)",15,0.12300530427653696,0.48,6
[3],0.01,0.0,0.0,0.25,0.9000000000000001,sigmoid,sgd,0.7000000000000002,2,gaussian,"(-0.5, 0.5)",15,0.12376279538183026,0.6,7
[3],0.16,0.0,0.0,0.05,0.8,sigmoid,sgd,0.8500000000000003,12,gaussian,"(-0.5, 0.5)",15,0.12221398948520712,0.6,8
[4],0.01,0.0,0.0,0.1,0.9000000000000001,sigmoid,sgd,0.6000000000000001,12,gaussian,"(-0.5, 0.5)",15,0.12749196732990517,0.48,9
[4],0.16,0.0,0.0,0.0,0.7,sigmoid,sgd,0.8500000000000003,8,gaussian,"(-0.5, 0.5)",15,0.12230699004180016,0.52,10
[3],0.16,0.0,0.0,0.0,0.8500000000000001,sigmoid,sgd,0.55,4,gaussian,"(-0.5, 0.5)",15,0.029813675877815787,0.92,11
[4],0.16,0.0,0.0,0.05,0.9000000000000001,sigmoid,sgd,0.8500000000000003,10,gaussian,"(-0.1, 0.1)",15,0.06755141898540779,0.96,12
[4],0.01,0.0,0.0,0.25,0.7,sigmoid,sgd,0.6500000000000001,12,gaussian,"(-0.1, 0.1)",15,0.12616157596456726,0.48,13
[4],0.16,0.0,0.0,0.15000000000000002,0.75,sigmoid,sgd,0.8000000000000003,2,gaussian,"(-0.5, 0.5)",15,0.03268338442029262,1.0,14
[4],0.16,0.0,0.0,0.0,0.75,sigmoid,sgd,0.9000000000000004,4,gaussian,"(-0.5, 0.5)",15,0.07517755258311136,0.96,15
[3],0.16,0.0,0.0,0.0,0.8,sigmoid,sgd,0.9500000000000004,2,gaussian,"(-0.5, 0.5)",15,0.029024741742184293,0.92,16
[4],0.01,0.0,0.0,0.25,0.8,sigmoid,sgd,0.6500000000000001,8,gaussian,"(-0.1, 0.1)",15,0.1258691043631981,0.48,17
[4],0.01,0.0,0.0,0.2,0.8500000000000001,sigmoid,sgd,0.6000000000000001,10,gaussian,"(-0.1, 0.1)",15,0.1258793699229409,0.48,18
[4],0.16,0.0,0.0,0.05,0.75,sigmoid,sgd,0.5,10,gaussian,"(-0.1, 0.1)",15,0.1096950412696856,0.64,19
[4],0.16,0.0,0.0,0.15000000000000002,0.8500000000000001,sigmoid,sgd,0.55,12,gaussian,"(-0.1, 0.1)",15,0.08818703649511639,0.96,20
[4],0.01,0.0,0.0,0.1,0.75,sigmoid,sgd,0.9000000000000004,12,gaussian,"(-0.1, 0.1)",15,0.12619329367059165,0.48,21
[4],0.16,0.0,0.0,0.2,0.7,sigmoid,sgd,0.6500000000000001,8,gaussian,"(-0.5, 0.5)",15,0.11847696944042291,0.6,22
[4],0.16,0.0,0.0,0.0,0.8500000000000001,sigmoid,sgd,0.9500000000000004,10,gaussian,"(-0.1, 0.1)",15,0.09897257136869433,0.92,23
[3],0.01,0.0,0.0,0.0,0.9000000000000001,sigmoid,sgd,0.7000000000000002,8,gaussian,"(-0.1, 0.1)",15,0.12515045528200103,0.48,24
[3],0.16,0.0,0.0,0.0,0.8,sigmoid,sgd,0.7500000000000002,4,gaussian,"(-0.5, 0.5)",15,0.049806792034033306,0.96,25
[3],0.16,0.0,0.0,0.25,0.8500000000000001,sigmoid,sgd,0.8000000000000003,12,gaussian,"(-0.5, 0.5)",15,0.12117426197443931,0.52,26
[4],0.16,0.0,0.0,0.1,0.9000000000000001,sigmoid,sgd,0.55,12,gaussian,"(-0.1, 0.1)",15,0.04930882782003236,0.96,27
[4],0.01,0.0,0.0,0.15000000000000002,0.8,sigmoid,sgd,0.9500000000000004,10,gaussian,"(-0.1, 0.1)",15,0.12613079785593057,0.48,28
[3],0.01,0.0,0.0,0.25,0.8500000000000001,sigmoid,sgd,0.8500000000000003,2,gaussian,"(-0.1, 0.1)",15,0.12511483157532166,0.48,29
[3],0.16,0.0,0.0,0.05,0.8,sigmoid,sgd,0.7500000000000002,4,gaussian,"(-0.5, 0.5)",15,0.050401751480328355,0.96,30
[4],0.01,0.0,0.0,0.15000000000000002,0.7,sigmoid,sgd,0.55,4,gaussian,"(-0.5, 0.5)",15,0.12730674653069363,0.48,31
[3],0.01,0.0,0.0,0.25,0.8,sigmoid,sgd,0.55,4,gaussian,"(-0.1, 0.1)",15,0.12514883113498784,0.48,32
[3],0.01,0.0,0.0,0.1,0.8,sigmoid,sgd,0.6000000000000001,2,gaussian,"(-0.1, 0.1)",15,0.12524429382030702,0.48,33
[4],0.16,0.0,0.0,0.25,0.75,sigmoid,sgd,0.55,2,gaussian,"(-0.1, 0.1)",15,0.02213175843825167,1.0,34
[4],0.16,0.0,0.0,0.15000000000000002,0.8,sigmoid,sgd,0.6500000000000001,12,gaussian,"(-0.1, 0.1)",15,0.11493355305875745,0.48,35
[4],0.01,0.0,0.0,0.2,0.9000000000000001,sigmoid,sgd,0.6500000000000001,10,gaussian,"(-0.1, 0.1)",15,0.12575639460645172,0.48,36
[3],0.16,0.0,0.0,0.25,0.9000000000000001,sigmoid,sgd,0.6000000000000001,10,gaussian,"(-0.5, 0.5)",15,0.08663313365667853,0.84,37
[3],0.16,0.0,0.0,0.0,0.7,sigmoid,sgd,0.5,2,gaussian,"(-0.5, 0.5)",15,0.029523764922648875,0.92,38
[4],0.16,0.0,0.0,0.25,0.8500000000000001,sigmoid,sgd,0.7000000000000002,2,gaussian,"(-0.1, 0.1)",15,0.01711226021828754,1.0,39
[4],0.16,0.0,0.0,0.2,0.7,sigmoid,sgd,0.6500000000000001,2,gaussian,"(-0.1, 0.1)",15,0.03291974758466722,1.0,40
[4],0.01,0.0,0.0,0.1,0.75,sigmoid,sgd,0.6000000000000001,10,gaussian,"(-0.5, 0.5)",15,0.1279590063657663,0.48,41
[3],0.16,0.0,0.0,0.05,0.8,sigmoid,sgd,0.7000000000000002,12,gaussian,"(-0.5, 0.5)",15,0.12154481701501067,0.6,42
[3],0.16,0.0,0.0,0.15000000000000002,0.9000000000000001,sigmoid,sgd,0.7500000000000002,4,gaussian,"(-0.1, 0.1)",15,0.02531652208872991,1.0,43
[3],0.01,0.0,0.0,0.25,0.9000000000000001,sigmoid,sgd,0.5,10,gaussian,"(-0.5, 0.5)",15,0.12467358068118457,0.6,44
[3],0.01,0.0,0.0,0.0,0.9000000000000001,sigmoid,sgd,0.8000000000000003,8,gaussian,"(-0.1, 0.1)",15,0.12515002023747498,0.48,45
[4],0.01,0.0,0.0,0.2,0.7,sigmoid,sgd,0.55,10,gaussian,"(-0.5, 0.5)",15,0.12798833051098332,0.48,46
[4],0.01,0.0,0.0,0.2,0.8500000000000001,sigmoid,sgd,0.9500000000000004,8,gaussian,"(-0.5, 0.5)",15,0.1276950941362078,0.48,47
[4],0.16,0.0,0.0,0.05,0.9000000000000001,sigmoid,sgd,0.5,4,gaussian,"(-0.1, 0.1)",15,0.01964798338318219,0.96,48
[4],0.01,0.0,0.0,0.25,0.8500000000000001,sigmoid,sgd,0.8000000000000003,10,gaussian,"(-0.1, 0.1)",15,0.12598319217993578,0.48,49
[4],0.01,0.0,0.0,0.0,0.75,sigmoid,sgd,0.9500000000000004,2,gaussian,"(-0.5, 0.5)",15,0.12683678064245513,0.52,50
[3],0.01,0.0,0.0,0.15000000000000002,0.75,sigmoid,sgd,0.8000000000000003,8,gaussian,"(-0.5, 0.5)",15,0.1248032068780656,0.6,51
[4],0.01,0.0,0.0,0.0,0.75,sigmoid,sgd,0.6000000000000001,10,gaussian,"(-0.5, 0.5)",15,0.12797186607209723,0.48,52
[4],0.01,0.0,0.0,0.2,0.8,sigmoid,sgd,0.7000000000000002,2,gaussian,"(-0.1, 0.1)",15,0.12535173777691216,0.48,53
[4],0.01,0.0,0.0,0.05,0.8,sigmoid,sgd,0.8000000000000003,12,gaussian,"(-0.5, 0.5)",15,0.1280174833585545,0.48,54
[4],0.01,0.0,0.0,0.0,0.8500000000000001,sigmoid,sgd,0.55,4,gaussian,"(-0.1, 0.1)",15,0.12541427053955898,0.48,55
[3],0.01,0.0,0.0,0.05,0.75,sigmoid,sgd,0.55,2,gaussian,"(-0.1, 0.1)",15,0.12508626110270515,0.48,56
[4],0.01,0.0,0.0,0.0,0.8,sigmoid,sgd,0.6000000000000001,12,gaussian,"(-0.5, 0.5)",15,0.1278484194938751,0.4,57
[4],0.01,0.0,0.0,0.15000000000000002,0.8500000000000001,sigmoid,sgd,0.7000000000000002,8,gaussian,"(-0.1, 0.1)",15,0.1257713291667214,0.48,58
[3],0.01,0.0,0.0,0.25,0.8,sigmoid,sgd,0.55,8,gaussian,"(-0.1, 0.1)",15,0.12512620656485907,0.48,59
[4],0.01,0.0,0.0,0.25,0.9000000000000001,sigmoid,sgd,0.8500000000000003,12,gaussian,"(-0.5, 0.5)",15,0.12765969261716037,0.48,60
[4],0.16,0.0,0.0,0.1,0.75,sigmoid,sgd,0.7000000000000002,2,gaussian,"(-0.5, 0.5)",15,0.031034274354305356,0.96,61
[3],0.01,0.0,0.0,0.0,0.75,sigmoid,sgd,0.9500000000000004,10,gaussian,"(-0.1, 0.1)",15,0.12526529357715696,0.48,62
[3],0.01,0.0,0.0,0.2,0.8,sigmoid,sgd,0.9500000000000004,4,gaussian,"(-0.5, 0.5)",15,0.124683430644292,0.56,63
[3],0.16,0.0,0.0,0.0,0.7,sigmoid,sgd,0.9000000000000004,10,gaussian,"(-0.5, 0.5)",15,0.12381190716773617,0.56,64
[3],0.01,0.0,0.0,0.1,0.75,sigmoid,sgd,0.9500000000000004,4,gaussian,"(-0.5, 0.5)",15,0.12469704411794112,0.56,65
[3],0.16,0.0,0.0,0.25,0.8500000000000001,sigmoid,sgd,0.6000000000000001,4,gaussian,"(-0.5, 0.5)",15,0.04245470389613814,0.84,66
[4],0.01,0.0,0.0,0.25,0.9000000000000001,sigmoid,sgd,0.7000000000000002,8,gaussian,"(-0.1, 0.1)",15,0.1256569210582209,0.48,67
[3],0.16,0.0,0.0,0.2,0.7,sigmoid,sgd,0.8500000000000003,4,gaussian,"(-0.1, 0.1)",15,0.07360409133665274,0.88,68
[3],0.16,0.0,0.0,0.1,0.75,sigmoid,sgd,0.7000000000000002,4,gaussian,"(-0.1, 0.1)",15,0.058066809474125965,0.96,69
[4],0.16,0.0,0.0,0.0,0.8500000000000001,sigmoid,sgd,0.5,8,gaussian,"(-0.5, 0.5)",15,0.055308496725098806,1.0,71
[4],0.01,0.0,0.0,0.0,0.8,sigmoid,sgd,0.9000000000000004,2,gaussian,"(-0.5, 0.5)",15,0.12655007554510858,0.52,72
[3],0.16,0.0,0.0,0.25,0.75,sigmoid,sgd,0.7500000000000002,4,gaussian,"(-0.5, 0.5)",15,0.08823085164752552,0.76,73
[4],0.16,0.0,0.0,0.1,0.75,sigmoid,sgd,0.6000000000000001,2,gaussian,"(-0.1, 0.1)",15,0.024798208195709645,0.96,74
[4],0.01,0.0,0.0,0.1,0.9000000000000001,sigmoid,sgd,0.6500000000000001,4,gaussian,"(-0.1, 0.1)",15,0.12533699223801326,0.48,75
[4],0.01,0.0,0.0,0.1,0.8500000000000001,sigmoid,sgd,0.9000000000000004,10,gaussian,"(-0.5, 0.5)",15,0.1278841499336772,0.48,76
[4],0.16,0.0,0.0,0.05,0.8500000000000001,sigmoid,sgd,0.7000000000000002,4,gaussian,"(-0.1, 0.1)",15,0.029272181711857703,0.92,77
[3],0.01,0.0,0.0,0.0,0.8,sigmoid,sgd,0.9000000000000004,10,gaussian,"(-0.1, 0.1)",15,0.1252447904258064,0.48,78
[4],0.16,0.0,0.0,0.0,0.8500000000000001,sigmoid,sgd,0.6000000000000001,4,gaussian,"(-0.1, 0.1)",15,0.022937895104482388,0.96,79
[3],0.01,0.0,0.0,0.15000000000000002,0.7,sigmoid,sgd,0.7500000000000002,2,gaussian,"(-0.5, 0.5)",15,0.12455105353366598,0.52,80
[4],0.16,0.0,0.0,0.1,0.9000000000000001,sigmoid,sgd,0.8000000000000003,4,gaussian,"(-0.1, 0.1)",15,0.02719771456524904,0.96,81
[3],0.01,0.0,0.0,0.1,0.9000000000000001,sigmoid,sgd,0.8500000000000003,12,gaussian,"(-0.1, 0.1)",15,0.12503992732307465,0.52,82
[3],0.16,0.0,0.0,0.15000000000000002,0.75,sigmoid,sgd,0.6500000000000001,2,gaussian,"(-0.5, 0.5)",15,0.03652640789532249,0.92,83
[4],0.01,0.0,0.0,0.1,0.8,sigmoid,sgd,0.6500000000000001,4,gaussian,"(-0.5, 0.5)",15,0.12709744548506305,0.52,84
[4],0.16,0.0,0.0,0.25,0.8500000000000001,sigmoid,sgd,0.8000000000000003,10,gaussian,"(-0.1, 0.1)",15,0.10953430370476556,0.52,85
[3],0.01,0.0,0.0,0.1,0.9000000000000001,sigmoid,sgd,0.6500000000000001,4,gaussian,"(-0.1, 0.1)",15,0.1251257032923604,0.48,86
[3],0.16,0.0,0.0,0.0,0.8,sigmoid,sgd,0.9000000000000004,10,gaussian,"(-0.1, 0.1)",15,0.12145561806025804,0.48,87
[4],0.01,0.0,0.0,0.15000000000000002,0.7,sigmoid,sgd,0.6500000000000001,8,gaussian,"(-0.1, 0.1)",15,0.1259965704812302,0.48,89
[3],0.16,0.0,0.0,0.05,0.75,sigmoid,sgd,0.7000000000000002,10,gaussian,"(-0.5, 0.5)",15,0.12313075001848083,0.6,90
[4],0.16,0.0,0.0,0.05,0.8500000000000001,sigmoid,sgd,0.9000000000000004,8,gaussian,"(-0.5, 0.5)",15,0.09634759705064555,0.68,91
[3],0.16,0.0,0.0,0.0,0.8,sigmoid,sgd,0.7000000000000002,4,gaussian,"(-0.1, 0.1)",15,0.03205757549736866,0.96,92
[3],0.16,0.0,0.0,0.25,0.8,sigmoid,sgd,0.7000000000000002,10,gaussian,"(-0.5, 0.5)",15,0.12232458345145705,0.6,93
[3],0.01,0.0,0.0,0.1,0.75,sigmoid,sgd,0.9000000000000004,4,gaussian,"(-0.1, 0.1)",15,0.1251434338142187,0.48,94
[4],0.01,0.0,0.0,0.25,0.8,sigmoid,sgd,0.7500000000000002,4,gaussian,"(-0.5, 0.5)",15,0.12715857448225334,0.52,95
[4],0.16,0.0,0.0,0.1,0.9000000000000001,sigmoid,sgd,0.5,12,gaussian,"(-0.5, 0.5)",15,0.06844585451246699,0.92,96
[3],0.01,0.0,0.0,0.25,0.8500000000000001,sigmoid,sgd,0.6000000000000001,4,gaussian,"(-0.5, 0.5)",15,0.12447812598075174,0.6,97
[4],0.01,0.0,0.0,0.1,0.75,sigmoid,sgd,0.7500000000000002,2,gaussian,"(-0.5, 0.5)",15,0.1266268256429511,0.48,98
[4],0.01,0.0,0.0,0.05,0.9000000000000001,sigmoid,sgd,0.9500000000000004,10,gaussian,"(-0.5, 0.5)",15,0.12768453303622287,0.48,99
[4],0.16,0.0,0.0,0.15000000000000002,0.7,sigmoid,sgd,0.7500000000000002,12,gaussian,"(-0.1, 0.1)",15,0.12341761571816576,0.48,100
[3],0.01,0.0,0.0,0.05,0.8,sigmoid,sgd,0.9000000000000004,12,gaussian,"(-0.1, 0.1)",15,0.12514288956639322,0.76,101
[3],0.01,0.0,0.0,0.1,0.8,sigmoid,sgd,0.7500000000000002,10,gaussian,"(-0.1, 0.1)",15,0.1252472174501943,0.48,102
[3],0.16,0.0,0.0,0.0,0.75,sigmoid,sgd,0.9500000000000004,12,gaussian,"(-0.1, 0.1)",15,0.12440983013295984,0.48,103
[4],0.01,0.0,0.0,0.15000000000000002,0.8,sigmoid,sgd,0.5,2,gaussian,"(-0.5, 0.5)",15,0.12590274701254334,0.48,104
[4],0.01,0.0,0.0,0.2,0.8,sigmoid,sgd,0.7000000000000002,10,gaussian,"(-0.5, 0.5)",15,0.12791127117815726,0.48,105
[3],0.16,0.0,0.0,0.0,0.9000000000000001,sigmoid,sgd,0.8500000000000003,4,gaussian,"(-0.5, 0.5)",15,0.027394056233551605,0.92,106
[3],0.16,0.0,0.0,0.25,0.8500000000000001,sigmoid,sgd,0.6500000000000001,10,gaussian,"(-0.1, 0.1)",15,0.08080512062858235,0.84,107
[3],0.01,0.0,0.0,0.25,0.7,sigmoid,sgd,0.9000000000000004,2,gaussian,"(-0.5, 0.5)",15,0.1245784909585217,0.52,108
[3],0.16,0.0,0.0,0.1,0.8,sigmoid,sgd,0.5,8,gaussian,"(-0.5, 0.5)",15,0.10568592072221922,0.68,109
[4],0.01,0.0,0.0,0.0,0.7,sigmoid,sgd,0.7500000000000002,10,gaussian,"(-0.1, 0.1)",15,0.1262084543985888,0.48,110
[4],0.16,0.0,0.0,0.05,0.7,sigmoid,sgd,0.8000000000000003,10,gaussian,"(-0.1, 0.1)",15,0.12331813990741802,0.48,111
[3],0.01,0.0,0.0,0.25,0.7,sigmoid,sgd,0.9500000000000004,10,gaussian,"(-0.5, 0.5)",15,0.12490707776332714,0.56,112
[4],0.01,0.0,0.0,0.25,0.75,sigmoid,sgd,0.8500000000000003,2,gaussian,"(-0.5, 0.5)",15,0.12667350267439711,0.48,113
[4],0.01,0.0,0.0,0.25,0.9000000000000001,sigmoid,sgd,0.6500000000000001,10,gaussian,"(-0.5, 0.5)",15,0.12743377737597072,0.52,114
[3],0.01,0.0,0.0,0.0,0.75,sigmoid,sgd,0.8500000000000003,8,gaussian,"(-0.5, 0.5)",15,0.12483212932266856,0.56,115
[4],0.01,0.0,0.0,0.2,0.75,sigmoid,sgd,0.8500000000000003,10,gaussian,"(-0.1, 0.1)",15,0.1261646280846469,0.48,116
[4],0.16,0.0,0.0,0.1,0.7,sigmoid,sgd,0.8000000000000003,2,gaussian,"(-0.1, 0.1)",15,0.03965764838388404,1.0,117
[4],0.01,0.0,0.0,0.25,0.8500000000000001,sigmoid,sgd,0.8500000000000003,8,gaussian,"(-0.5, 0.5)",15,0.12763192832472098,0.48,118
[4],0.01,0.0,0.0,0.0,0.75,sigmoid,sgd,0.9000000000000004,12,gaussian,"(-0.1, 0.1)",15,0.12608051133000517,0.48,119
[3],0.01,0.0,0.0,0.15000000000000002,0.75,sigmoid,sgd,0.6500000000000001,2,gaussian,"(-0.1, 0.1)",15,0.12531788489166973,0.48,120
[4],0.01,0.0,0.0,0.25,0.8,sigmoid,sgd,0.8500000000000003,10,gaussian,"(-0.5, 0.5)",15,0.12797482004910607,0.48,121
[3],0.01,0.0,0.0,0.2,0.8500000000000001,sigmoid,sgd,0.55,10,gaussian,"(-0.5, 0.5)",15,0.12478720219970889,0.56,122
[4],0.01,0.0,0.0,0.1,0.8500000000000001,sigmoid,sgd,0.6000000000000001,10,gaussian,"(-0.5, 0.5)",15,0.1277052070893153,0.48,123
[3],0.01,0.0,0.0,0.05,0.9000000000000001,sigmoid,sgd,0.9000000000000004,12,gaussian,"(-0.1, 0.1)",15,0.12501207960673313,0.52,124
[4],0.16,0.0,0.0,0.2,0.9000000000000001,sigmoid,sgd,0.9000000000000004,2,gaussian,"(-0.5, 0.5)",15,0.029712742772747408,0.96,125
[3],0.01,0.0,0.0,0.25,0.7,sigmoid,sgd,0.7000000000000002,4,gaussian,"(-0.5, 0.5)",15,0.12469213855460272,0.56,126
[3],0.01,0.0,0.0,0.1,0.8500000000000001,sigmoid,sgd,0.9000000000000004,8,gaussian,"(-0.5, 0.5)",15,0.12472635669078377,0.6,127
[4],0.16,0.0,0.0,0.25,0.8,sigmoid,sgd,0.9500000000000004,10,gaussian,"(-0.5, 0.5)",15,0.1224361179446623,0.48,128
[3],0.01,0.0,0.0,0.1,0.8500000000000001,sigmoid,sgd,0.9000000000000004,2,gaussian,"(-0.1, 0.1)",15,0.12526027793732236,0.48,129
[4],0.16,0.0,0.0,0.2,0.8,sigmoid,sgd,0.7500000000000002,10,gaussian,"(-0.1, 0.1)",15,0.11904406490667963,0.48,130
[3],0.16,0.0,0.0,0.2,0.7,sigmoid,sgd,0.7500000000000002,12,gaussian,"(-0.1, 0.1)",15,0.12438239973347746,0.6,131
[3],0.01,0.0,0.0,0.15000000000000002,0.9000000000000001,sigmoid,sgd,0.6500000000000001,8,gaussian,"(-0.5, 0.5)",15,0.12459594097489939,0.6,132
[4],0.01,0.0,0.0,0.2,0.9000000000000001,sigmoid,sgd,0.8500000000000003,4,gaussian,"(-0.1, 0.1)",15,0.12547247024886235,0.48,133
[4],0.16,0.0,0.0,0.0,0.8500000000000001,sigmoid,sgd,0.9000000000000004,12,gaussian,"(-0.5, 0.5)",15,0.11732146662996817,0.56,134
[3],0.16,0.0,0.0,0.25,0.75,sigmoid,sgd,0.9000000000000004,12,gaussian,"(-0.1, 0.1)",15,0.12347223570007915,0.64,135
[3],0.01,0.0,0.0,0.25,0.8500000000000001,sigmoid,sgd,0.6000000000000001,2,gaussian,"(-0.5, 0.5)",15,0.12410986601677335,0.56,136
[3],0.01,0.0,0.0,0.0,0.7,sigmoid,sgd,0.7000000000000002,10,gaussian,"(-0.5, 0.5)",15,0.1248743231060556,0.56,137
[4],0.16,0.0,0.0,0.1,0.7,sigmoid,sgd,0.9500000000000004,2,gaussian,"(-0.5, 0.5)",15,0.03986299713717537,1.0,138
[3],0.16,0.0,0.0,0.25,0.8,sigmoid,sgd,0.8000000000000003,2,gaussian,"(-0.1, 0.1)",15,0.02771260698637511,0.96,139
[3],0.01,0.0,0.0,0.25,0.8500000000000001,sigmoid,sgd,0.5,12,gaussian,"(-0.1, 0.1)",15,0.12510387289372837,0.52,140
[3],0.01,0.0,0.0,0.2,0.9000000000000001,sigmoid,sgd,0.7500000000000002,4,gaussian,"(-0.1, 0.1)",15,0.12523953994025397,0.48,141
[3],0.01,0.0,0.0,0.05,0.9000000000000001,sigmoid,sgd,0.9500000000000004,2,gaussian,"(-0.1, 0.1)",15,0.1246952858082457,0.48,142
[4],0.01,0.0,0.0,0.1,0.7,sigmoid,sgd,0.6000000000000001,4,gaussian,"(-0.5, 0.5)",15,0.12736517343671294,0.48,143
[3],0.01,0.0,0.0,0.1,0.8500000000000001,sigmoid,sgd,0.9500000000000004,12,gaussian,"(-0.5, 0.5)",15,0.12479627883966954,0.68,144
[4],0.01,0.0,0.0,0.0,0.8,sigmoid,sgd,0.7500000000000002,4,gaussian,"(-0.5, 0.5)",15,0.1271823468952252,0.48,145
[4],0.16,0.0,0.0,0.1,0.8,sigmoid,sgd,0.7000000000000002,4,gaussian,"(-0.5, 0.5)",15,0.04891522383944599,1.0,146
[3],0.01,0.0,0.0,0.0,0.9000000000000001,sigmoid,sgd,0.9000000000000004,8,gaussian,"(-0.1, 0.1)",15,0.12514986574932815,0.48,147
[4],0.16,0.0,0.0,0.05,0.9000000000000001,sigmoid,sgd,0.8000000000000003,8,gaussian,"(-0.1, 0.1)",15,0.037821551340239734,0.96,148
[3],0.01,0.0,0.0,0.15000000000000002,0.75,sigmoid,sgd,0.5,4,gaussian,"(-0.1, 0.1)",15,0.1252046596178632,0.48,149
[3],0.16,0.0,0.0,0.1,0.75,sigmoid,sgd,0.8500000000000003,10,gaussian,"(-0.1, 0.1)",15,0.12528866591203075,0.48,150
[4],0.01,0.0,0.0,0.25,0.9000000000000001,sigmoid,sgd,0.8000000000000003,8,gaussian,"(-0.5, 0.5)",15,0.12728323738688027,0.52,151
[4],0.01,0.0,0.0,0.2,0.8500000000000001,sigmoid,sgd,0.9500000000000004,2,gaussian,"(-0.5, 0.5)",15,0.1261536669685582,0.48,152
[3],0.01,0.0,0.0,0.0,0.9000000000000001,sigmoid,sgd,0.6000000000000001,8,gaussian,"(-0.1, 0.1)",15,0.12515116682113608,0.48,153
[4],0.16,0.0,0.0,0.25,0.7,sigmoid,sgd,0.9500000000000004,4,gaussian,"(-0.1, 0.1)",15,0.09095286974158892,0.92,154
[3],0.01,0.0,0.0,0.05,0.9000000000000001,sigmoid,sgd,0.5,4,gaussian,"(-0.1, 0.1)",15,0.12485605382351465,0.48,155
[4],0.01,0.0,0.0,0.25,0.8,sigmoid,sgd,0.8500000000000003,4,gaussian,"(-0.5, 0.5)",15,0.12724130477811182,0.52,156
[3],0.01,0.0,0.0,0.2,0.9000000000000001,sigmoid,sgd,0.9500000000000004,12,gaussian,"(-0.1, 0.1)",15,0.12514045276573935,0.52,157
[4],0.16,0.0,0.0,0.05,0.7,sigmoid,sgd,0.9500000000000004,2,gaussian,"(-0.5, 0.5)",15,0.03771980362189354,1.0,158
[3],0.01,0.0,0.0,0.0,0.8500000000000001,sigmoid,sgd,0.7500000000000002,2,gaussian,"(-0.1, 0.1)",15,0.1250548813688571,0.48,159
[4],0.16,0.0,0.0,0.1,0.9000000000000001,sigmoid,sgd,0.8500000000000003,4,gaussian,"(-0.5, 0.5)",15,0.030575735029640172,0.96,160
[4],0.16,0.0,0.0,0.05,0.7,sigmoid,sgd,0.6500000000000001,8,gaussian,"(-0.5, 0.5)",15,0.11844025806973263,0.64,161
[3],0.01,0.0,0.0,0.15000000000000002,0.9000000000000001,sigmoid,sgd,0.9500000000000004,8,gaussian,"(-0.1, 0.1)",15,0.1251661589500542,0.48,162
[4],0.16,0.0,0.0,0.05,0.8,sigmoid,sgd,0.8000000000000003,4,gaussian,"(-0.1, 0.1)",15,0.036992140527867305,0.96,163
[4],0.01,0.0,0.0,0.0,0.75,sigmoid,sgd,0.8000000000000003,2,gaussian,"(-0.1, 0.1)",15,0.12544377403496118,0.48,164
[4],0.16,0.0,0.0,0.0,0.7,sigmoid,sgd,0.9500000000000004,2,gaussian,"(-0.5, 0.5)",15,0.033535425528642665,1.0,165
[4],0.01,0.0,0.0,0.05,0.8500000000000001,sigmoid,sgd,0.6500000000000001,2,gaussian,"(-0.1, 0.1)",15,0.12495584274484745,0.48,166
[3],0.16,0.0,0.0,0.05,0.7,sigmoid,sgd,0.7500000000000002,10,gaussian,"(-0.1, 0.1)",15,0.12400302129283848,0.48,167
[3],0.01,0.0,0.0,0.0,0.9000000000000001,sigmoid,sgd,0.6500000000000001,12,gaussian,"(-0.5, 0.5)",15,0.12472926120488097,0.6,168
[4],0.16,0.0,0.0,0.2,0.8500000000000001,sigmoid,sgd,0.9500000000000004,2,gaussian,"(-0.1, 0.1)",15,0.02142968232953562,0.96,170
[4],0.01,0.0,0.0,0.15000000000000002,0.75,sigmoid,sgd,0.9000000000000004,12,gaussian,"(-0.5, 0.5)",15,0.12811943706992332,0.48,171
[3],0.16,0.0,0.0,0.0,0.8500000000000001,sigmoid,sgd,0.7500000000000002,8,gaussian,"(-0.5, 0.5)",15,0.10619705543417607,0.72,172
[3],0.01,0.0,0.0,0.15000000000000002,0.75,sigmoid,sgd,0.6500000000000001,4,gaussian,"(-0.5, 0.5)",15,0.12464656502216354,0.56,173
[3],0.01,0.0,0.0,0.0,0.7,sigmoid,sgd,0.7500000000000002,12,gaussian,"(-0.5, 0.5)",15,0.12489163585529164,0.56,174
[4],0.16,0.0,0.0,0.05,0.9000000000000001,sigmoid,sgd,0.5,12,gaussian,"(-0.5, 0.5)",15,0.06458724017312151,0.92,175
[3],0.16,0.0,0.0,0.15000000000000002,0.75,sigmoid,sgd,0.5,2,gaussian,"(-0.5, 0.5)",15,0.03279141994310724,0.92,176
[3],0.16,0.0,0.0,0.1,0.9000000000000001,sigmoid,sgd,0.7000000000000002,10,gaussian,"(-0.5, 0.5)",15,0.1006413784486458,0.76,177
[3],0.16,0.0,0.0,0.15000000000000002,0.75,sigmoid,sgd,0.7000000000000002,10,gaussian,"(-0.1, 0.1)",15,0.12316176107898462,0.56,178
[3],0.01,0.0,0.0,0.25,0.8,sigmoid,sgd,0.6000000000000001,4,gaussian,"(-0.1, 0.1)",15,0.12514830189350798,0.48,179
[3],0.16,0.0,0.0,0.15000000000000002,0.75,sigmoid,sgd,0.9000000000000004,12,gaussian,"(-0.5, 0.5)",15,0.12349380970960283,0.64,180
[3],0.01,0.0,0.0,0.0,0.75,sigmoid,sgd,0.7500000000000002,8,gaussian,"(-0.5, 0.5)",15,0.12482017150055062,0.56,181
[4],0.16,0.0,0.0,0.0,0.8500000000000001,sigmoid,sgd,0.7000000000000002,8,gaussian,"(-0.5, 0.5)",15,0.081146496952937,0.84,182
[4],0.01,0.0,0.0,0.15000000000000002,0.9000000000000001,sigmoid,sgd,0.7500000000000002,10,gaussian,"(-0.1, 0.1)",15,0.12579809300590752,0.48,183
[3],0.01,0.0,0.0,0.1,0.75,sigmoid,sgd,0.9500000000000004,10,gaussian,"(-0.5, 0.5)",15,0.1248954990852857,0.56,184
[4],0.16,0.0,0.0,0.15000000000000002,0.75,sigmoid,sgd,0.7000000000000002,2,gaussian,"(-0.1, 0.1)",15,0.02658035518437606,0.96,185
[4],0.01,0.0,0.0,0.0,0.7,sigmoid,sgd,0.9000000000000004,2,gaussian,"(-0.5, 0.5)",15,0.12696665920855835,0.52,186
[3],0.01,0.0,0.0,0.25,0.8500000000000001,sigmoid,sgd,0.8500000000000003,4,gaussian,"(-0.1, 0.1)",15,0.1251453165684713,0.48,187
[3],0.01,0.0,0.0,0.25,0.8,sigmoid,sgd,0.9000000000000004,10,gaussian,"(-0.1, 0.1)",15,0.12525110263080416,0.48,188
[4],0.16,0.0,0.0,0.2,0.9000000000000001,sigmoid,sgd,0.55,10,gaussian,"(-0.5, 0.5)",15,0.07386958457157522,0.88,189
[4],0.16,0.0,0.0,0.05,0.8,sigmoid,sgd,0.7000000000000002,10,gaussian,"(-0.5, 0.5)",15,0.11845159330242193,0.52,190
[4],0.16,0.0,0.0,0.0,0.8500000000000001,sigmoid,sgd,0.6500000000000001,10,gaussian,"(-0.5, 0.5)",15,0.10175105510569457,0.56,191
[3],0.01,0.0,0.0,0.25,0.8500000000000001,sigmoid,sgd,0.8000000000000003,4,gaussian,"(-0.5, 0.5)",15,0.12455251901837418,0.6,192
[4],0.16,0.0,0.0,0.05,0.7,sigmoid,sgd,0.8500000000000003,12,gaussian,"(-0.5, 0.5)",15,0.12466354392204952,0.52,193
[4],0.01,0.0,0.0,0.1,0.7,sigmoid,sgd,0.55,8,gaussian,"(-0.1, 0.1)",15,0.12595293037994026,0.48,194
[4],0.01,0.0,0.0,0.05,0.7,sigmoid,sgd,0.7500000000000002,10,gaussian,"(-0.5, 0.5)",15,0.12810115317333629,0.48,195
[4],0.16,0.0,0.0,0.25,0.7,sigmoid,sgd,0.7000000000000002,10,gaussian,"(-0.5, 0.5)",15,0.12392683404507134,0.48,196
[3],0.01,0.0,0.0,0.1,0.8500000000000001,sigmoid,sgd,0.8500000000000003,4,gaussian,"(-0.1, 0.1)",15,0.12512061307440617,0.48,197
[4],0.01,0.0,0.0,0.2,0.75,sigmoid,sgd,0.6000000000000001,2,gaussian,"(-0.5, 0.5)",15,0.126405553412188,0.48,198
[4],0.16,0.0,0.0,0.05,0.8,sigmoid,sgd,0.8000000000000003,8,gaussian,"(-0.1, 0.1)",15,0.09343557983621102,0.96,199
[4],0.01,0.0,0.0,0.15000000000000002,0.75,sigmoid,sgd,0.7500000000000002,2,gaussian,"(-0.1, 0.1)",15,0.12544295751390366,0.48,200
[4],0.01,0.0,0.0,0.25,0.9000000000000001,sigmoid,sgd,0.6000000000000001,12,gaussian,"(-0.1, 0.1)",15,0.12426698752819425,0.5416666666666666,1
[4],0.01,0.0,0.0,0.1,0.9000000000000001,sigmoid,sgd,0.8000000000000003,8,gaussian,"(-0.5, 0.5)",15,0.12359426775272768,0.5833333333333334,2
[3],0.16,0.0,0.0,0.25,0.8500000000000001,sigmoid,sgd,0.9000000000000004,8,gaussian,"(-0.5, 0.5)",15,0.11442412816879315,0.6666666666666666,3
[4],0.01,0.0,0.0,0.0,0.9000000000000001,sigmoid,sgd,0.9000000000000004,8,gaussian,"(-0.1, 0.1)",15,0.1244744320815712,0.5416666666666666,4
[4],0.01,0.0,0.0,0.0,0.9000000000000001,sigmoid,sgd,0.9000000000000004,10,gaussian,"(-0.5, 0.5)",15,0.123799022525869,0.5833333333333334,5
[3],0.16,0.0,0.0,0.1,0.8500000000000001,sigmoid,sgd,0.5,4,gaussian,"(-0.1, 0.1)",15,0.03759664356011037,0.9166666666666666,6
[3],0.01,0.0,0.0,0.15000000000000002,0.75,sigmoid,sgd,0.9000000000000004,12,gaussian,"(-0.1, 0.1)",15,0.12537859202944204,0.4583333333333333,7
[4],0.01,0.0,0.0,0.2,0.7,sigmoid,sgd,0.8500000000000003,2,gaussian,"(-0.5, 0.5)",15,0.12333025877196942,0.5833333333333334,8
[4],0.01,0.0,0.0,0.2,0.8,sigmoid,sgd,0.6500000000000001,12,gaussian,"(-0.1, 0.1)",15,0.12457113913131307,0.5416666666666666,9
[3],0.16,0.0,0.0,0.05,0.75,sigmoid,sgd,0.9500000000000004,8,gaussian,"(-0.5, 0.5)",15,0.12329214425876787,0.625,10
[3],0.01,0.0,0.0,0.05,0.9000000000000001,sigmoid,sgd,0.7500000000000002,8,gaussian,"(-0.5, 0.5)",15,0.12566930423270659,0.375,11
[4],0.16,0.0,0.0,0.25,0.8,sigmoid,sgd,0.7500000000000002,10,gaussian,"(-0.5, 0.5)",15,0.11584146139736377,0.6666666666666666,12
[3],0.01,0.0,0.0,0.1,0.9000000000000001,sigmoid,sgd,0.7000000000000002,4,gaussian,"(-0.5, 0.5)",15,0.12524330774762163,0.4166666666666667,13
[3],0.16,0.0,0.0,0.2,0.9000000000000001,sigmoid,sgd,0.7500000000000002,4,gaussian,"(-0.5, 0.5)",15,0.03553866240359435,0.9166666666666666,14
[4],0.01,0.0,0.0,0.05,0.8,sigmoid,sgd,0.55,8,gaussian,"(-0.1, 0.1)",15,0.124400030422457,0.5416666666666666,15
[4],0.01,0.0,0.0,0.2,0.8,sigmoid,sgd,0.7500000000000002,8,gaussian,"(-0.5, 0.5)",15,0.12386369557294748,0.5416666666666666,16
[3],0.01,0.0,0.0,0.25,0.9000000000000001,sigmoid,sgd,0.9000000000000004,2,gaussian,"(-0.1, 0.1)",15,0.12496931157014653,0.4583333333333333,17
[4],0.01,0.0,0.0,0.05,0.7,sigmoid,sgd,0.8000000000000003,8,gaussian,"(-0.1, 0.1)",15,0.12464667069859524,0.5416666666666666,18
[3],0.16,0.0,0.0,0.0,0.8500000000000001,sigmoid,sgd,0.8000000000000003,12,gaussian,"(-0.1, 0.1)",15,0.10440834681075062,0.9166666666666666,19
[3],0.16,0.0,0.0,0.2,0.75,sigmoid,sgd,0.6500000000000001,2,gaussian,"(-0.5, 0.5)",15,0.035533343003735736,0.9166666666666666,20
[4],0.01,0.0,0.0,0.0,0.8500000000000001,sigmoid,sgd,0.7500000000000002,8,gaussian,"(-0.5, 0.5)",15,0.12381145711477543,0.5416666666666666,21
[3],0.16,0.0,0.0,0.2,0.8500000000000001,sigmoid,sgd,0.6500000000000001,8,gaussian,"(-0.1, 0.1)",15,0.09015967093619721,0.8333333333333334,22
[3],0.01,0.0,0.0,0.05,0.9000000000000001,sigmoid,sgd,0.55,8,gaussian,"(-0.5, 0.5)",15,0.12556772376643024,0.375,23
[3],0.16,0.0,0.0,0.05,0.9000000000000001,sigmoid,sgd,0.9500000000000004,4,gaussian,"(-0.5, 0.5)",15,0.03375226789972636,0.9166666666666666,24
[3],0.16,0.0,0.0,0.05,0.7,sigmoid,sgd,0.8500000000000003,2,gaussian,"(-0.5, 0.5)",15,0.03538639106621322,0.9166666666666666,25
[4],0.16,0.0,0.0,0.0,0.7,sigmoid,sgd,0.9000000000000004,2,gaussian,"(-0.5, 0.5)",15,0.04189540350057893,0.9166666666666666,26
[3],0.01,0.0,0.0,0.05,0.9000000000000001,sigmoid,sgd,0.9000000000000004,8,gaussian,"(-0.5, 0.5)",15,0.12572148240069306,0.375,27
[4],0.01,0.0,0.0,0.0,0.8,sigmoid,sgd,0.9000000000000004,8,gaussian,"(-0.5, 0.5)",15,0.12396528113249168,0.5416666666666666,28
[4],0.01,0.0,0.0,0.2,0.8,sigmoid,sgd,0.6000000000000001,2,gaussian,"(-0.1, 0.1)",15,0.12349995708888561,0.5416666666666666,29
[4],0.01,0.0,0.0,0.2,0.75,sigmoid,sgd,0.9000000000000004,4,gaussian,"(-0.1, 0.1)",15,0.12441575141026927,0.5416666666666666,30
[3],0.01,0.0,0.0,0.1,0.9000000000000001,sigmoid,sgd,0.7500000000000002,2,gaussian,"(-0.1, 0.1)",15,0.12481637296540626,0.5833333333333334,31
[4],0.01,0.0,0.0,0.25,0.7,sigmoid,sgd,0.8500000000000003,8,gaussian,"(-0.1, 0.1)",15,0.12463949624304488,0.5416666666666666,32
[3],0.01,0.0,0.0,0.05,0.7,sigmoid,sgd,0.5,8,gaussian,"(-0.5, 0.5)",15,0.12585546674917403,0.25,33
[3],0.16,0.0,0.0,0.25,0.8,sigmoid,sgd,0.6000000000000001,4,gaussian,"(-0.1, 0.1)",15,0.04718283513565619,0.9166666666666666,34
[3],0.16,0.0,0.0,0.0,0.8,sigmoid,sgd,0.55,4,gaussian,"(-0.5, 0.5)",15,0.03433145039170655,0.9166666666666666,35
[4],0.16,0.0,0.0,0.05,0.8500000000000001,sigmoid,sgd,0.8000000000000003,12,gaussian,"(-0.1, 0.1)",15,0.08595056011527313,0.9166666666666666,36
[4],0.16,0.0,0.0,0.0,0.75,sigmoid,sgd,0.6500000000000001,8,gaussian,"(-0.5, 0.5)",15,0.11001274930096122,0.6666666666666666,37
[4],0.16,0.0,0.0,0.15000000000000002,0.75,sigmoid,sgd,0.8500000000000003,10,gaussian,"(-0.1, 0.1)",15,0.1172123469908577,0.5833333333333334,38
[3],0.01,0.0,0.0,0.15000000000000002,0.8500000000000001,sigmoid,sgd,0.8500000000000003,12,gaussian,"(-0.5, 0.5)",15,0.12593114629535176,0.25,39
[3],0.16,0.0,0.0,0.1,0.75,sigmoid,sgd,0.7500000000000002,2,gaussian,"(-0.1, 0.1)",15,0.03806640702373348,0.9166666666666666,40
[4],0.16,0.0,0.0,0.0,0.75,sigmoid,sgd,0.6000000000000001,2,gaussian,"(-0.5, 0.5)",15,0.0388161075564584,0.9166666666666666,41
[4],0.16,0.0,0.0,0.1,0.75,sigmoid,sgd,0.9500000000000004,8,gaussian,"(-0.5, 0.5)",15,0.1181050665853301,0.6666666666666666,42
[4],0.16,0.0,0.0,0.2,0.7,sigmoid,sgd,0.8500000000000003,10,gaussian,"(-0.1, 0.1)",15,0.11944116337015942,0.5833333333333334,43
[3],0.01,0.0,0.0,0.2,0.8,sigmoid,sgd,0.5,8,gaussian,"(-0.1, 0.1)",15,0.1251794347023157,0.4583333333333333,44
[3],0.16,0.0,0.0,0.1,0.7,sigmoid,sgd,0.6000000000000001,8,gaussian,"(-0.5, 0.5)",15,0.12235981816663571,0.625,45
[4],0.01,0.0,0.0,0.0,0.8,sigmoid,sgd,0.8000000000000003,12,gaussian,"(-0.5, 0.5)",15,0.124076934974837,0.5416666666666666,46
[4],0.01,0.0,0.0,0.0,0.8,sigmoid,sgd,0.9500000000000004,2,gaussian,"(-0.1, 0.1)",15,0.12402267972224519,0.5416666666666666,47
[4],0.16,0.0,0.0,0.15000000000000002,0.9000000000000001,sigmoid,sgd,0.9500000000000004,12,gaussian,"(-0.5, 0.5)",15,0.10148325309038625,0.5416666666666666,48
[4],0.01,0.0,0.0,0.2,0.75,sigmoid,sgd,0.5,10,gaussian,"(-0.1, 0.1)",15,0.12460413597333618,0.5416666666666666,49
[4],0.16,0.0,0.0,0.0,0.8,sigmoid,sgd,0.7000000000000002,8,gaussian,"(-0.5, 0.5)",15,0.10099602242625366,0.6666666666666666,50
[4],0.16,0.0,0.0,0.0,0.7,sigmoid,sgd,0.6000000000000001,4,gaussian,"(-0.5, 0.5)",15,0.06018881648438806,0.9166666666666666,51
[4],0.16,0.0,0.0,0.0,0.75,sigmoid,sgd,0.8500000000000003,10,gaussian,"(-0.5, 0.5)",15,0.12023807033942736,0.625,52
[4],0.01,0.0,0.0,0.05,0.9000000000000001,sigmoid,sgd,0.7000000000000002,2,gaussian,"(-0.5, 0.5)",15,0.12131943488451195,0.5833333333333334,53
[3],0.16,0.0,0.0,0.15000000000000002,0.8,sigmoid,sgd,0.7500000000000002,2,gaussian,"(-0.1, 0.1)",15,0.03824452539206605,0.9166666666666666,55
[4],0.01,0.0,0.0,0.15000000000000002,0.9000000000000001,sigmoid,sgd,0.9000000000000004,8,gaussian,"(-0.1, 0.1)",15,0.12428517230963425,0.5416666666666666,56
[3],0.01,0.0,0.0,0.05,0.7,sigmoid,sgd,0.7000000000000002,2,gaussian,"(-0.5, 0.5)",15,0.12537599586084316,0.3333333333333333,57
[4],0.16,0.0,0.0,0.15000000000000002,0.7,sigmoid,sgd,0.55,2,gaussian,"(-0.1, 0.1)",15,0.0382897330761107,0.9166666666666666,59
[4],0.16,0.0,0.0,0.1,0.75,sigmoid,sgd,0.7000000000000002,12,gaussian,"(-0.5, 0.5)",15,0.1200547597482748,0.625,60
[3],0.01,0.0,0.0,0.0,0.8500000000000001,sigmoid,sgd,0.55,10,gaussian,"(-0.1, 0.1)",15,0.12513064368259086,0.5416666666666666,61
[4],0.16,0.0,0.0,0.1,0.8,sigmoid,sgd,0.55,10,gaussian,"(-0.5, 0.5)",15,0.10697317901434711,0.6666666666666666,62
[4],0.16,0.0,0.0,0.15000000000000002,0.75,sigmoid,sgd,0.8000000000000003,4,gaussian,"(-0.5, 0.5)",15,0.06584884922232305,0.9166666666666666,63
[4],0.16,0.0,0.0,0.0,0.7,sigmoid,sgd,0.8500000000000003,4,gaussian,"(-0.5, 0.5)",15,0.08481636820303812,0.9166666666666666,64
[3],0.01,0.0,0.0,0.15000000000000002,0.7,sigmoid,sgd,0.8000000000000003,12,gaussian,"(-0.1, 0.1)",15,0.12537665667863354,0.4583333333333333,65
[3],0.01,0.0,0.0,0.15000000000000002,0.8500000000000001,sigmoid,sgd,0.8000000000000003,12,gaussian,"(-0.1, 0.1)",15,0.12532283964398572,0.4583333333333333,66
[4],0.16,0.0,0.0,0.0,0.9000000000000001,sigmoid,sgd,0.5,2,gaussian,"(-0.1, 0.1)",15,0.033646605960173326,0.9166666666666666,68
[3],0.01,0.0,0.0,0.25,0.75,sigmoid,sgd,0.6500000000000001,4,gaussian,"(-0.5, 0.5)",15,0.12562446263100255,0.3333333333333333,69
[4],0.16,0.0,0.0,0.25,0.8,sigmoid,sgd,0.7000000000000002,2,gaussian,"(-0.1, 0.1)",15,0.037843218449350714,0.9166666666666666,70
[3],0.16,0.0,0.0,0.0,0.8,sigmoid,sgd,0.7500000000000002,10,gaussian,"(-0.5, 0.5)",15,0.1222856150711753,0.625,71
[4],0.01,0.0,0.0,0.25,0.75,sigmoid,sgd,0.7500000000000002,10,gaussian,"(-0.5, 0.5)",15,0.12402692712825807,0.5416666666666666,72
[3],0.01,0.0,0.0,0.0,0.7,sigmoid,sgd,0.6000000000000001,2,gaussian,"(-0.5, 0.5)",15,0.12529982771062953,0.4166666666666667,73
[4],0.16,0.0,0.0,0.2,0.75,sigmoid,sgd,0.7500000000000002,4,gaussian,"(-0.5, 0.5)",15,0.06333003111993354,0.9166666666666666,74
[3],0.16,0.0,0.0,0.25,0.75,sigmoid,sgd,0.5,12,gaussian,"(-0.5, 0.5)",15,0.12302015953048824,0.6666666666666666,75
[3],0.16,0.0,0.0,0.25,0.7,sigmoid,sgd,0.9000000000000004,12,gaussian,"(-0.1, 0.1)",15,0.12502891789050014,0.4583333333333333,76
[4],0.01,0.0,0.0,0.25,0.9000000000000001,sigmoid,sgd,0.8500000000000003,10,gaussian,"(-0.5, 0.5)",15,0.12375430562854811,0.5833333333333334,77
[4],0.16,0.0,0.0,0.1,0.8,sigmoid,sgd,0.5,10,gaussian,"(-0.1, 0.1)",15,0.07621116162097837,0.9166666666666666,78
[4],0.01,0.0,0.0,0.1,0.8500000000000001,sigmoid,sgd,0.7000000000000002,4,gaussian,"(-0.5, 0.5)",15,0.1232943420396918,0.5416666666666666,79
[4],0.01,0.0,0.0,0.25,0.7,sigmoid,sgd,0.6000000000000001,8,gaussian,"(-0.5, 0.5)",15,0.1239105825146859,0.5416666666666666,80
[3],0.01,0.0,0.0,0.1,0.7,sigmoid,sgd,0.8000000000000003,4,gaussian,"(-0.1, 0.1)",15,0.12518099663672663,0.4583333333333333,81
[3],0.16,0.0,0.0,0.0,0.8,sigmoid,sgd,0.8000000000000003,10,gaussian,"(-0.5, 0.5)",15,0.1226387218444704,0.625,82
[3],0.16,0.0,0.0,0.25,0.8500000000000001,sigmoid,sgd,0.5,8,gaussian,"(-0.5, 0.5)",15,0.06881333049206947,0.9166666666666666,83
[4],0.01,0.0,0.0,0.0,0.9000000000000001,sigmoid,sgd,0.7000000000000002,8,gaussian,"(-0.5, 0.5)",15,0.12358560467156655,0.5416666666666666,84
[4],0.16,0.0,0.0,0.25,0.75,sigmoid,sgd,0.9000000000000004,2,gaussian,"(-0.1, 0.1)",15,0.0384625480146644,0.9166666666666666,85
[3],0.16,0.0,0.0,0.0,0.9000000000000001,sigmoid,sgd,0.7000000000000002,8,gaussian,"(-0.1, 0.1)",15,0.03720724074121995,0.9166666666666666,86
[3],0.01,0.0,0.0,0.0,0.9000000000000001,sigmoid,sgd,0.9500000000000004,4,gaussian,"(-0.1, 0.1)",15,0.12486885948528077,0.5416666666666666,87
[3],0.01,0.0,0.0,0.1,0.8,sigmoid,sgd,0.8000000000000003,8,gaussian,"(-0.1, 0.1)",15,0.12528819524724052,0.4583333333333333,88
[3],0.16,0.0,0.0,0.0,0.8500000000000001,sigmoid,sgd,0.7000000000000002,4,gaussian,"(-0.1, 0.1)",15,0.03690432320493185,0.9166666666666666,89
[4],0.01,0.0,0.0,0.2,0.8500000000000001,sigmoid,sgd,0.9000000000000004,10,gaussian,"(-0.1, 0.1)",15,0.12457833153245541,0.5416666666666666,90
[4],0.16,0.0,0.0,0.0,0.7,sigmoid,sgd,0.5,10,gaussian,"(-0.1, 0.1)",15,0.11023898695864798,0.75,91
[3],0.01,0.0,0.0,0.15000000000000002,0.8500000000000001,sigmoid,sgd,0.8000000000000003,2,gaussian,"(-0.5, 0.5)",15,0.12501928153638628,0.5,93
[4],0.01,0.0,0.0,0.15000000000000002,0.8,sigmoid,sgd,0.6500000000000001,8,gaussian,"(-0.1, 0.1)",15,0.12444874017630486,0.5416666666666666,94
[4],0.16,0.0,0.0,0.0,0.8500000000000001,sigmoid,sgd,0.5,12,gaussian,"(-0.5, 0.5)",15,0.09417510152152471,0.6666666666666666,95
[4],0.01,0.0,0.0,0.2,0.8,sigmoid,sgd,0.7500000000000002,2,gaussian,"(-0.1, 0.1)",15,0.12377720808110577,0.5416666666666666,96
[4],0.01,0.0,0.0,0.05,0.9000000000000001,sigmoid,sgd,0.5,4,gaussian,"(-0.1, 0.1)",15,0.12317708128384279,0.5416666666666666,97
[4],0.01,0.0,0.0,0.05,0.75,sigmoid,sgd,0.55,10,gaussian,"(-0.1, 0.1)",15,0.12462567300492396,0.5416666666666666,98
[3],0.01,0.0,0.0,0.15000000000000002,0.9000000000000001,sigmoid,sgd,0.7500000000000002,10,gaussian,"(-0.1, 0.1)",15,0.12514577976817196,0.2916666666666667,99
[3],0.16,0.0,0.0,0.05,0.7,sigmoid,sgd,0.7000000000000002,4,gaussian,"(-0.1, 0.1)",15,0.08208710058977728,0.9166666666666666,100
[4],0.01,0.0,0.0,0.15000000000000002,0.75,sigmoid,sgd,0.6000000000000001,2,gaussian,"(-0.1, 0.1)",15,0.12393202577708468,0.5416666666666666,101
[3],0.01,0.0,0.0,0.05,0.7,sigmoid,sgd,0.6500000000000001,4,gaussian,"(-0.5, 0.5)",15,0.12567960935502992,0.25,102
[4],0.01,0.0,0.0,0.05,0.9000000000000001,sigmoid,sgd,0.7000000000000002,8,gaussian,"(-0.1, 0.1)",15,0.12418064289123924,0.5416666666666666,103
[3],0.01,0.0,0.0,0.0,0.9000000000000001,sigmoid,sgd,0.6500000000000001,8,gaussian,"(-0.1, 0.1)",15,0.12493424468936805,0.5416666666666666,104
[3],0.01,0.0,0.0,0.25,0.8500000000000001,sigmoid,sgd,0.5,8,gaussian,"(-0.1, 0.1)",15,0.12516636876188522,0.4583333333333333,105
[4],0.16,0.0,0.0,0.1,0.9000000000000001,sigmoid,sgd,0.9000000000000004,4,gaussian,"(-0.1, 0.1)",15,0.03933838896297124,0.9166666666666666,106
[4],0.01,0.0,0.0,0.0,0.75,sigmoid,sgd,0.7500000000000002,4,gaussian,"(-0.5, 0.5)",15,0.12364803493121555,0.5416666666666666,107
[3],0.01,0.0,0.0,0.05,0.8500000000000001,sigmoid,sgd,0.8500000000000003,12,gaussian,"(-0.1, 0.1)",15,0.1253337081698677,0.4583333333333333,108
[4],0.01,0.0,0.0,0.05,0.9000000000000001,sigmoid,sgd,0.6000000000000001,10,gaussian,"(-0.5, 0.5)",15,0.12364985663624069,0.5833333333333334,109
[4],0.01,0.0,0.0,0.1,0.75,sigmoid,sgd,0.55,10,gaussian,"(-0.5, 0.5)",15,0.12397319365680944,0.5416666666666666,110
[3],0.16,0.0,0.0,0.05,0.8,sigmoid,sgd,0.8000000000000003,12,gaussian,"(-0.1, 0.1)",15,0.12316061286948894,0.5,111
[4],0.16,0.0,0.0,0.1,0.7,sigmoid,sgd,0.8000000000000003,12,gaussian,"(-0.1, 0.1)",15,0.12122613202515402,0.5416666666666666,112
[3],0.16,0.0,0.0,0.0,0.7,sigmoid,sgd,0.8500000000000003,2,gaussian,"(-0.5, 0.5)",15,0.034642687266754964,0.9166666666666666,113
[3],0.01,0.0,0.0,0.2,0.7,sigmoid,sgd,0.7000000000000002,4,gaussian,"(-0.1, 0.1)",15,0.12513919504601453,0.4166666666666667,114
[4],0.16,0.0,0.0,0.05,0.8500000000000001,sigmoid,sgd,0.8000000000000003,4,gaussian,"(-0.5, 0.5)",15,0.04236307086240538,0.9166666666666666,115
[3],0.01,0.0,0.0,0.15000000000000002,0.8,sigmoid,sgd,0.9500000000000004,12,gaussian,"(-0.1, 0.1)",15,0.1253703571698905,0.4583333333333333,116
[4],0.01,0.0,0.0,0.2,0.8,sigmoid,sgd,0.8500000000000003,12,gaussian,"(-0.5, 0.5)",15,0.12403945525126425,0.5416666666666666,117
[4],0.01,0.0,0.0,0.25,0.9000000000000001,sigmoid,sgd,0.6500000000000001,12,gaussian,"(-0.5, 0.5)",15,0.12370330441688278,0.5833333333333334,118
[3],0.01,0.0,0.0,0.1,0.8,sigmoid,sgd,0.55,8,gaussian,"(-0.5, 0.5)",15,0.12579442421897674,0.20833333333333334,119
[4],0.01,0.0,0.0,0.15000000000000002,0.9000000000000001,sigmoid,sgd,0.6500000000000001,10,gaussian,"(-0.1, 0.1)",15,0.12435467444437986,0.5416666666666666,120
[4],0.01,0.0,0.0,0.1,0.7,sigmoid,sgd,0.6000000000000001,10,gaussian,"(-0.1, 0.1)",15,0.12469297627359084,0.5416666666666666,121
[3],0.16,0.0,0.0,0.15000000000000002,0.9000000000000001,sigmoid,sgd,0.8500000000000003,2,gaussian,"(-0.1, 0.1)",15,0.03847957604175405,0.9166666666666666,122
[4],0.01,0.0,0.0,0.1,0.75,sigmoid,sgd,0.7000000000000002,2,gaussian,"(-0.5, 0.5)",15,0.1231066336159919,0.5833333333333334,124
[4],0.16,0.0,0.0,0.05,0.9000000000000001,sigmoid,sgd,0.6000000000000001,4,gaussian,"(-0.1, 0.1)",15,0.038096481507507475,0.9166666666666666,125
[3],0.16,0.0,0.0,0.2,0.75,sigmoid,sgd,0.6500000000000001,12,gaussian,"(-0.5, 0.5)",15,0.12379604954244683,0.5833333333333334,126
[4],0.01,0.0,0.0,0.1,0.8500000000000001,sigmoid,sgd,0.8000000000000003,10,gaussian,"(-0.5, 0.5)",15,0.12392333161930663,0.5416666666666666,127
[4],0.01,0.0,0.0,0.0,0.9000000000000001,sigmoid,sgd,0.9500000000000004,4,gaussian,"(-0.5, 0.5)",15,0.12317695216323903,0.5833333333333334,128
[3],0.16,0.0,0.0,0.0,0.75,sigmoid,sgd,0.9500000000000004,4,gaussian,"(-0.5, 0.5)",15,0.08846984438721887,0.875,129
[3],0.16,0.0,0.0,0.0,0.9000000000000001,sigmoid,sgd,0.5,2,gaussian,"(-0.1, 0.1)",15,0.036507125636455744,0.9166666666666666,130
[4],0.01,0.0,0.0,0.15000000000000002,0.8,sigmoid,sgd,0.8000000000000003,8,gaussian,"(-0.5, 0.5)",15,0.12388816550382782,0.5416666666666666,131
[3],0.16,0.0,0.0,0.1,0.8,sigmoid,sgd,0.8500000000000003,10,gaussian,"(-0.5, 0.5)",15,0.1233765333155648,0.625,132
[3],0.16,0.0,0.0,0.25,0.8500000000000001,sigmoid,sgd,0.7000000000000002,10,gaussian,"(-0.1, 0.1)",15,0.12151858753423313,0.4583333333333333,133
[4],0.01,0.0,0.0,0.0,0.8500000000000001,sigmoid,sgd,0.9500000000000004,4,gaussian,"(-0.1, 0.1)",15,0.12430584814006178,0.5416666666666666,134
[4],0.16,0.0,0.0,0.2,0.8500000000000001,sigmoid,sgd,0.9000000000000004,10,gaussian,"(-0.1, 0.1)",15,0.08560130599518134,0.9166666666666666,135
[3],0.01,0.0,0.0,0.1,0.8,sigmoid,sgd,0.6000000000000001,10,gaussian,"(-0.1, 0.1)",15,0.12522209221093353,0.5,136
[3],0.16,0.0,0.0,0.15000000000000002,0.7,sigmoid,sgd,0.8500000000000003,2,gaussian,"(-0.1, 0.1)",15,0.0385608231547094,0.9166666666666666,137
[4],0.01,0.0,0.0,0.2,0.7,sigmoid,sgd,0.7500000000000002,4,gaussian,"(-0.5, 0.5)",15,0.1236923890924601,0.5416666666666666,138
[4],0.16,0.0,0.0,0.25,0.8,sigmoid,sgd,0.9000000000000004,4,gaussian,"(-0.1, 0.1)",15,0.046216391897976904,0.9166666666666666,139
[3],0.16,0.0,0.0,0.1,0.8,sigmoid,sgd,0.6000000000000001,2,gaussian,"(-0.5, 0.5)",15,0.034289623865953335,0.9166666666666666,140
[4],0.16,0.0,0.0,0.15000000000000002,0.8,sigmoid,sgd,0.9000000000000004,4,gaussian,"(-0.1, 0.1)",15,0.043448806772955574,0.9166666666666666,141
[4],0.16,0.0,0.0,0.0,0.7,sigmoid,sgd,0.7000000000000002,8,gaussian,"(-0.5, 0.5)",15,0.11744938127846583,0.6666666666666666,142
[4],0.01,0.0,0.0,0.25,0.8,sigmoid,sgd,0.6000000000000001,4,gaussian,"(-0.1, 0.1)",15,0.124202727520264,0.5416666666666666,143
[3],0.01,0.0,0.0,0.0,0.8500000000000001,sigmoid,sgd,0.8000000000000003,2,gaussian,"(-0.1, 0.1)",15,0.12470063726460552,0.625,144
[3],0.01,0.0,0.0,0.25,0.8,sigmoid,sgd,0.9500000000000004,8,gaussian,"(-0.1, 0.1)",15,0.12530500864764446,0.4583333333333333,146
[3],0.01,0.0,0.0,0.0,0.9000000000000001,sigmoid,sgd,0.6000000000000001,12,gaussian,"(-0.1, 0.1)",15,0.12499137655524871,0.5416666666666666,147
[3],0.16,0.0,0.0,0.1,0.9000000000000001,sigmoid,sgd,0.7500000000000002,10,gaussian,"(-0.1, 0.1)",15,0.05150670638086113,0.9166666666666666,148
[3],0.16,0.0,0.0,0.0,0.8,sigmoid,sgd,0.8500000000000003,8,gaussian,"(-0.1, 0.1)",15,0.09701416838009336,0.9166666666666666,149
[3],0.16,0.0,0.0,0.15000000000000002,0.7,sigmoid,sgd,0.8500000000000003,4,gaussian,"(-0.5, 0.5)",15,0.10972661138901374,0.7083333333333334,150
[4],0.01,0.0,0.0,0.0,0.8500000000000001,sigmoid,sgd,0.55,10,gaussian,"(-0.1, 0.1)",15,0.12446257018546443,0.5416666666666666,151
[3],0.01,0.0,0.0,0.15000000000000002,0.8500000000000001,sigmoid,sgd,0.6500000000000001,8,gaussian,"(-0.5, 0.5)",15,0.1257568431266006,0.20833333333333334,152
[4],0.01,0.0,0.0,0.15000000000000002,0.7,sigmoid,sgd,0.6500000000000001,4,gaussian,"(-0.1, 0.1)",15,0.12439090517448133,0.5416666666666666,154
[3],0.01,0.0,0.0,0.15000000000000002,0.7,sigmoid,sgd,0.7000000000000002,12,gaussian,"(-0.1, 0.1)",15,0.1253610686540915,0.4583333333333333,155
[4],0.16,0.0,0.0,0.05,0.8,sigmoid,sgd,0.9000000000000004,12,gaussian,"(-0.1, 0.1)",15,0.11318508213670442,0.75,156
[4],0.01,0.0,0.0,0.15000000000000002,0.8500000000000001,sigmoid,sgd,0.5,2,gaussian,"(-0.5, 0.5)",15,0.12194236592284591,0.5833333333333334,157
[3],0.16,0.0,0.0,0.15000000000000002,0.75,sigmoid,sgd,0.9500000000000004,10,gaussian,"(-0.5, 0.5)",15,0.1242802767486026,0.625,158
[3],0.01,0.0,0.0,0.15000000000000002,0.8,sigmoid,sgd,0.7500000000000002,2,gaussian,"(-0.1, 0.1)",15,0.12498937444263218,0.5,159
[3],0.16,0.0,0.0,0.1,0.9000000000000001,sigmoid,sgd,0.8000000000000003,8,gaussian,"(-0.5, 0.5)",15,0.05463376473876821,0.9166666666666666,160
[4],0.01,0.0,0.0,0.25,0.75,sigmoid,sgd,0.55,8,gaussian,"(-0.5, 0.5)",15,0.12382962552301735,0.5416666666666666,161
[3],0.01,0.0,0.0,0.2,0.8,sigmoid,sgd,0.7000000000000002,2,gaussian,"(-0.1, 0.1)",15,0.12495482388547197,0.5,162
[4],0.16,0.0,0.0,0.2,0.8500000000000001,sigmoid,sgd,0.6500000000000001,8,gaussian,"(-0.5, 0.5)",15,0.07700687824573425,0.875,163
[3],0.16,0.0,0.0,0.1,0.8500000000000001,sigmoid,sgd,0.7000000000000002,8,gaussian,"(-0.5, 0.5)",15,0.09722142483393148,0.8333333333333334,164
[4],0.01,0.0,0.0,0.2,0.7,sigmoid,sgd,0.9500000000000004,12,gaussian,"(-0.5, 0.5)",15,0.12413940717255767,0.5416666666666666,165
[3],0.16,0.0,0.0,0.15000000000000002,0.75,sigmoid,sgd,0.8000000000000003,8,gaussian,"(-0.1, 0.1)",15,0.12287387079304206,0.5416666666666666,168
[4],0.16,0.0,0.0,0.1,0.75,sigmoid,sgd,0.55,4,gaussian,"(-0.1, 0.1)",15,0.039725033802562475,0.9166666666666666,169
[3],0.16,0.0,0.0,0.15000000000000002,0.8500000000000001,sigmoid,sgd,0.6000000000000001,8,gaussian,"(-0.1, 0.1)",15,0.057274945391526826,0.9166666666666666,170
[4],0.16,0.0,0.0,0.25,0.9000000000000001,sigmoid,sgd,0.5,2,gaussian,"(-0.5, 0.5)",15,0.03781598948908135,0.9166666666666666,171
[3],0.16,0.0,0.0,0.1,0.7,sigmoid,sgd,0.9500000000000004,12,gaussian,"(-0.5, 0.5)",15,0.12490270995826609,0.5,172
[4],0.01,0.0,0.0,0.05,0.9000000000000001,sigmoid,sgd,0.6500000000000001,10,gaussian,"(-0.1, 0.1)",15,0.12435143624122641,0.5416666666666666,173
[3],0.01,0.0,0.0,0.05,0.8,sigmoid,sgd,0.8500000000000003,12,gaussian,"(-0.1, 0.1)",15,0.12535742814088466,0.4583333333333333,174
[4],0.16,0.0,0.0,0.15000000000000002,0.75,sigmoid,sgd,0.7500000000000002,8,gaussian,"(-0.1, 0.1)",15,0.09695413560796544,0.9166666666666666,175
[3],0.01,0.0,0.0,0.1,0.9000000000000001,sigmoid,sgd,0.9000000000000004,4,gaussian,"(-0.5, 0.5)",15,0.12536879974451406,0.4166666666666667,176
[3],0.16,0.0,0.0,0.1,0.8,sigmoid,sgd,0.6000000000000001,10,gaussian,"(-0.5, 0.5)",15,0.12136845713200595,0.625,177
[3],0.16,0.0,0.0,0.0,0.8500000000000001,sigmoid,sgd,0.55,4,gaussian,"(-0.1, 0.1)",15,0.036170500118090816,0.9166666666666666,178
[4],0.16,0.0,0.0,0.2,0.9000000000000001,sigmoid,sgd,0.6000000000000001,10,gaussian,"(-0.1, 0.1)",15,0.04232741243718124,0.9166666666666666,179
[4],0.01,0.0,0.0,0.25,0.8,sigmoid,sgd,0.6500000000000001,12,gaussian,"(-0.5, 0.5)",15,0.12396386428321064,0.5833333333333334,180
[4],0.16,0.0,0.0,0.15000000000000002,0.75,sigmoid,sgd,0.6500000000000001,2,gaussian,"(-0.5, 0.5)",15,0.04023203300699008,0.9166666666666666,181
[3],0.16,0.0,0.0,0.15000000000000002,0.9000000000000001,sigmoid,sgd,0.55,10,gaussian,"(-0.5, 0.5)",15,0.06127457045599629,0.9166666666666666,182
[3],0.01,0.0,0.0,0.15000000000000002,0.9000000000000001,sigmoid,sgd,0.7500000000000002,4,gaussian,"(-0.1, 0.1)",15,0.12503243895419466,0.4583333333333333,183
[4],0.16,0.0,0.0,0.25,0.8500000000000001,sigmoid,sgd,0.7000000000000002,8,gaussian,"(-0.5, 0.5)",15,0.08350073619510885,0.8333333333333334,184
[3],0.16,0.0,0.0,0.05,0.9000000000000001,sigmoid,sgd,0.6000000000000001,10,gaussian,"(-0.1, 0.1)",15,0.060750281687029874,0.9166666666666666,185
[4],0.16,0.0,0.0,0.05,0.9000000000000001,sigmoid,sgd,0.55,2,gaussian,"(-0.1, 0.1)",15,0.036807064967947466,0.9166666666666666,186
[4],0.16,0.0,0.0,0.25,0.75,sigmoid,sgd,0.55,12,gaussian,"(-0.1, 0.1)",15,0.11111040269271551,0.7083333333333334,187
[4],0.01,0.0,0.0,0.15000000000000002,0.8,sigmoid,sgd,0.7000000000000002,10,gaussian,"(-0.1, 0.1)",15,0.12460980334826226,0.5416666666666666,188
[3],0.01,0.0,0.0,0.1,0.75,sigmoid,sgd,0.55,8,gaussian,"(-0.1, 0.1)",15,0.12525113141189606,0.4583333333333333,189
[4],0.01,0.0,0.0,0.1,0.7,sigmoid,sgd,0.8000000000000003,8,gaussian,"(-0.5, 0.5)",15,0.1240012293945396,0.5416666666666666,190
[4],0.16,0.0,0.0,0.05,0.8,sigmoid,sgd,0.6500000000000001,4,gaussian,"(-0.1, 0.1)",15,0.03901043947982996,0.9166666666666666,191
[3],0.01,0.0,0.0,0.15000000000000002,0.8,sigmoid,sgd,0.8500000000000003,2,gaussian,"(-0.5, 0.5)",15,0.12524871467794269,0.4166666666666667,192
[4],0.16,0.0,0.0,0.15000000000000002,0.7,sigmoid,sgd,0.6500000000000001,8,gaussian,"(-0.1, 0.1)",15,0.10326734834798074,0.875,193
[4],0.01,0.0,0.0,0.2,0.7,sigmoid,sgd,0.8500000000000003,2,gaussian,"(-0.1, 0.1)",15,0.12423418186043328,0.5416666666666666,194
[4],0.01,0.0,0.0,0.15000000000000002,0.8,sigmoid,sgd,0.55,10,gaussian,"(-0.5, 0.5)",15,0.12390658757391253,0.5416666666666666,195
[4],0.01,0.0,0.0,0.1,0.7,sigmoid,sgd,0.5,8,gaussian,"(-0.1, 0.1)",15,0.12451291454556983,0.5416666666666666,196
[3],0.16,0.0,0.0,0.0,0.8500000000000001,sigmoid,sgd,0.55,2,gaussian,"(-0.1, 0.1)",15,0.03642158213160861,0.9166666666666666,197
[3],0.16,0.0,0.0,0.2,0.75,sigmoid,sgd,0.7000000000000002,12,gaussian,"(-0.1, 0.1)",15,0.12474137174312994,0.4583333333333333,199
[4],0.16,0.0,0.0,0.2,0.75,sigmoid,sgd,0.9000000000000004,8,gaussian,"(-0.1, 0.1)",15,0.10255273454635216,0.9166666666666666,200
[3],0.16,0.0,0.0,0.2,0.9000000000000001,sigmoid,sgd,0.55,10,gaussian,"(-0.1, 0.1)",15,0.07933710686022338,0.875,1
[3],0.16,0.0,0.0,0.05,0.9000000000000001,sigmoid,sgd,0.5,12,gaussian,"(-0.5, 0.5)",15,0.06668602136769053,0.8333333333333334,2
[4],0.01,0.0,0.0,0.15000000000000002,0.9000000000000001,sigmoid,sgd,0.9000000000000004,2,gaussian,"(-0.5, 0.5)",15,0.12588471210799793,0.4583333333333333,3
[3],0.01,0.0,0.0,0.15000000000000002,0.7,sigmoid,sgd,0.9500000000000004,10,gaussian,"(-0.5, 0.5)",15,0.12590579395012522,0.3333333333333333,4
[4],0.01,0.0,0.0,0.05,0.75,sigmoid,sgd,0.9000000000000004,2,gaussian,"(-0.5, 0.5)",15,0.12784018935143923,0.2916666666666667,5
[3],0.01,0.0,0.0,0.05,0.8500000000000001,sigmoid,sgd,0.9500000000000004,12,gaussian,"(-0.5, 0.5)",15,0.1259458883624128,0.375,6
[4],0.01,0.0,0.0,0.05,0.75,sigmoid,sgd,0.6500000000000001,2,gaussian,"(-0.5, 0.5)",15,0.1278178984136812,0.3333333333333333,7
[3],0.01,0.0,0.0,0.15000000000000002,0.9000000000000001,sigmoid,sgd,0.6000000000000001,10,gaussian,"(-0.1, 0.1)",15,0.12673398882772147,0.375,8
[3],0.01,0.0,0.0,0.05,0.8500000000000001,sigmoid,sgd,0.9500000000000004,4,gaussian,"(-0.5, 0.5)",15,0.12607062017471846,0.375,9
[4],0.01,0.0,0.0,0.1,0.7,sigmoid,sgd,0.9500000000000004,12,gaussian,"(-0.1, 0.1)",15,0.1246545020143592,0.625,10
[4],0.16,0.0,0.0,0.15000000000000002,0.9000000000000001,sigmoid,sgd,0.8000000000000003,12,gaussian,"(-0.1, 0.1)",15,0.052676959417569745,0.9583333333333334,11
[4],0.16,0.0,0.0,0.15000000000000002,0.7,sigmoid,sgd,0.5,4,gaussian,"(-0.1, 0.1)",15,0.03025838062947589,0.9583333333333334,12
[4],0.16,0.0,0.0,0.15000000000000002,0.75,sigmoid,sgd,0.7000000000000002,10,gaussian,"(-0.5, 0.5)",15,0.1229615584167321,0.4583333333333333,13
[4],0.01,0.0,0.0,0.2,0.75,sigmoid,sgd,0.6000000000000001,4,gaussian,"(-0.5, 0.5)",15,0.12780837855109592,0.25,14
[3],0.16,0.0,0.0,0.15000000000000002,0.8,sigmoid,sgd,0.7500000000000002,8,gaussian,"(-0.1, 0.1)",15,0.10920401627653831,0.5833333333333334,15
[3],0.01,0.0,0.0,0.0,0.8,sigmoid,sgd,0.9000000000000004,4,gaussian,"(-0.5, 0.5)",15,0.1260370279419362,0.3333333333333333,16
[4],0.16,0.0,0.0,0.0,0.9000000000000001,sigmoid,sgd,0.8500000000000003,10,gaussian,"(-0.1, 0.1)",15,0.03492491247196033,0.9583333333333334,17
[3],0.01,0.0,0.0,0.2,0.7,sigmoid,sgd,0.6000000000000001,8,gaussian,"(-0.5, 0.5)",15,0.12607815353786528,0.3333333333333333,18
[3],0.01,0.0,0.0,0.25,0.8,sigmoid,sgd,0.8500000000000003,10,gaussian,"(-0.1, 0.1)",15,0.12606693408004357,0.375,19
[4],0.16,0.0,0.0,0.1,0.9000000000000001,sigmoid,sgd,0.8000000000000003,8,gaussian,"(-0.1, 0.1)",15,0.02752251198753841,0.9583333333333334,20
[4],0.01,0.0,0.0,0.05,0.8500000000000001,sigmoid,sgd,0.5,10,gaussian,"(-0.1, 0.1)",15,0.12524702133086077,0.4583333333333333,21
[3],0.01,0.0,0.0,0.1,0.8,sigmoid,sgd,0.8000000000000003,2,gaussian,"(-0.1, 0.1)",15,0.12778883909306235,0.375,22
[4],0.16,0.0,0.0,0.15000000000000002,0.9000000000000001,sigmoid,sgd,0.7000000000000002,12,gaussian,"(-0.5, 0.5)",15,0.0757481347920518,0.875,23
[4],0.01,0.0,0.0,0.2,0.9000000000000001,sigmoid,sgd,0.7000000000000002,2,gaussian,"(-0.5, 0.5)",15,0.12537304108293112,0.4583333333333333,24
[4],0.01,0.0,0.0,0.2,0.9000000000000001,sigmoid,sgd,0.9000000000000004,8,gaussian,"(-0.1, 0.1)",15,0.1254137594031408,0.3333333333333333,25
[3],0.16,0.0,0.0,0.05,0.8,sigmoid,sgd,0.7000000000000002,12,gaussian,"(-0.1, 0.1)",15,0.12526168799406504,0.375,26
[3],0.01,0.0,0.0,0.15000000000000002,0.8,sigmoid,sgd,0.9500000000000004,12,gaussian,"(-0.5, 0.5)",15,0.12596208696641623,0.375,27
[4],0.16,0.0,0.0,0.25,0.9000000000000001,sigmoid,sgd,0.7500000000000002,12,gaussian,"(-0.5, 0.5)",15,0.08347106720096081,0.875,28
[4],0.01,0.0,0.0,0.05,0.8500000000000001,sigmoid,sgd,0.8000000000000003,4,gaussian,"(-0.1, 0.1)",15,0.1257735517837981,0.375,29
[4],0.01,0.0,0.0,0.1,0.9000000000000001,sigmoid,sgd,0.8000000000000003,10,gaussian,"(-0.5, 0.5)",15,0.12733988583153846,0.375,30
[3],0.01,0.0,0.0,0.2,0.75,sigmoid,sgd,0.6500000000000001,10,gaussian,"(-0.1, 0.1)",15,0.12610302542739124,0.375,31
[3],0.16,0.0,0.0,0.0,0.9000000000000001,sigmoid,sgd,0.9500000000000004,8,gaussian,"(-0.1, 0.1)",15,0.03002232895135246,0.9583333333333334,32
[3],0.16,0.0,0.0,0.1,0.8,sigmoid,sgd,0.6000000000000001,4,gaussian,"(-0.1, 0.1)",15,0.02421461201996496,0.9583333333333334,33
[4],0.16,0.0,0.0,0.05,0.75,sigmoid,sgd,0.55,2,gaussian,"(-0.5, 0.5)",15,0.021409396763517618,0.9583333333333334,34
[4],0.16,0.0,0.0,0.1,0.8500000000000001,sigmoid,sgd,0.8500000000000003,10,gaussian,"(-0.5, 0.5)",15,0.1073856299615185,0.7916666666666666,35
[3],0.16,0.0,0.0,0.15000000000000002,0.75,sigmoid,sgd,0.7000000000000002,2,gaussian,"(-0.1, 0.1)",15,0.02337319428231982,0.9583333333333334,36
[4],0.01,0.0,0.0,0.25,0.9000000000000001,sigmoid,sgd,0.8500000000000003,12,gaussian,"(-0.1, 0.1)",15,0.12490494084177865,0.625,37
[3],0.01,0.0,0.0,0.1,0.75,sigmoid,sgd,0.8000000000000003,12,gaussian,"(-0.5, 0.5)",15,0.12599042558450843,0.375,38
[3],0.16,0.0,0.0,0.05,0.75,sigmoid,sgd,0.8000000000000003,4,gaussian,"(-0.5, 0.5)",15,0.0852701955858866,0.7916666666666666,40
[3],0.01,0.0,0.0,0.25,0.7,sigmoid,sgd,0.6000000000000001,10,gaussian,"(-0.5, 0.5)",15,0.1259549736073341,0.375,41
[4],0.01,0.0,0.0,0.0,0.75,sigmoid,sgd,0.55,8,gaussian,"(-0.5, 0.5)",15,0.12799201479733816,0.375,42
[4],0.16,0.0,0.0,0.0,0.8500000000000001,sigmoid,sgd,0.7000000000000002,12,gaussian,"(-0.1, 0.1)",15,0.07696238475714913,0.9583333333333334,43
[3],0.16,0.0,0.0,0.2,0.8500000000000001,sigmoid,sgd,0.7500000000000002,12,gaussian,"(-0.1, 0.1)",15,0.12411617555073533,0.375,44
[4],0.16,0.0,0.0,0.0,0.7,sigmoid,sgd,0.5,10,gaussian,"(-0.5, 0.5)",15,0.12156691123093728,0.5,45
[4],0.16,0.0,0.0,0.25,0.75,sigmoid,sgd,0.7000000000000002,2,gaussian,"(-0.1, 0.1)",15,0.0215931595264247,0.9583333333333334,46
[3],0.16,0.0,0.0,0.15000000000000002,0.75,sigmoid,sgd,0.7000000000000002,4,gaussian,"(-0.5, 0.5)",15,0.07410176275228086,0.7916666666666666,47
[3],0.16,0.0,0.0,0.2,0.8,sigmoid,sgd,0.5,2,gaussian,"(-0.5, 0.5)",15,0.022932183207128226,0.9583333333333334,48
[4],0.16,0.0,0.0,0.2,0.7,sigmoid,sgd,0.7500000000000002,10,gaussian,"(-0.5, 0.5)",15,0.12595911720245145,0.4583333333333333,49
[3],0.01,0.0,0.0,0.0,0.8500000000000001,sigmoid,sgd,0.6500000000000001,2,gaussian,"(-0.5, 0.5)",15,0.12629586004200644,0.375,50
[3],0.01,0.0,0.0,0.25,0.8500000000000001,sigmoid,sgd,0.9000000000000004,4,gaussian,"(-0.1, 0.1)",15,0.1271423161319106,0.375,52
[3],0.01,0.0,0.0,0.05,0.8,sigmoid,sgd,0.9000000000000004,12,gaussian,"(-0.5, 0.5)",15,0.1259682112232611,0.375,53
[3],0.16,0.0,0.0,0.25,0.7,sigmoid,sgd,0.55,12,gaussian,"(-0.5, 0.5)",15,0.12669652405705933,0.4583333333333333,54
[4],0.01,0.0,0.0,0.25,0.75,sigmoid,sgd,0.7500000000000002,2,gaussian,"(-0.1, 0.1)",15,0.12594824743157126,0.375,55
[4],0.01,0.0,0.0,0.2,0.7,sigmoid,sgd,0.6500000000000001,4,gaussian,"(-0.5, 0.5)",15,0.12795480481851093,0.25,56
[3],0.01,0.0,0.0,0.0,0.8500000000000001,sigmoid,sgd,0.6500000000000001,2,gaussian,"(-0.1, 0.1)",15,0.12779221893974452,0.375,57
[4],0.01,0.0,0.0,0.1,0.9000000000000001,sigmoid,sgd,0.8500000000000003,12,gaussian,"(-0.1, 0.1)",15,0.12501226952352065,0.625,58
[3],0.01,0.0,0.0,0.15000000000000002,0.8,sigmoid,sgd,0.5,8,gaussian,"(-0.1, 0.1)",15,0.1266095612188114,0.375,59
[3],0.01,0.0,0.0,0.2,0.7,sigmoid,sgd,0.9500000000000004,10,gaussian,"(-0.1, 0.1)",15,0.12589560871192826,0.375,60
[4],0.16,0.0,0.0,0.15000000000000002,0.8500000000000001,sigmoid,sgd,0.9000000000000004,8,gaussian,"(-0.1, 0.1)",15,0.06426278990720159,0.9583333333333334,61
[3],0.01,0.0,0.0,0.2,0.7,sigmoid,sgd,0.8000000000000003,10,gaussian,"(-0.1, 0.1)",15,0.12594985320516325,0.375,62
[3],0.01,0.0,0.0,0.0,0.7,sigmoid,sgd,0.7000000000000002,12,gaussian,"(-0.1, 0.1)",15,0.12569907474765787,0.375,63
[4],0.16,0.0,0.0,0.2,0.8,sigmoid,sgd,0.5,4,gaussian,"(-0.5, 0.5)",15,0.023792057058054844,0.9583333333333334,64
[4],0.01,0.0,0.0,0.05,0.75,sigmoid,sgd,0.8500000000000003,12,gaussian,"(-0.5, 0.5)",15,0.12783131214417195,0.375,65
[4],0.16,0.0,0.0,0.1,0.75,sigmoid,sgd,0.6500000000000001,2,gaussian,"(-0.1, 0.1)",15,0.02120830807431033,0.9583333333333334,66
[4],0.01,0.0,0.0,0.05,0.8500000000000001,sigmoid,sgd,0.6000000000000001,2,gaussian,"(-0.1, 0.1)",15,0.12534309436771118,0.375,67
[3],0.16,0.0,0.0,0.0,0.9000000000000001,sigmoid,sgd,0.6500000000000001,12,gaussian,"(-0.1, 0.1)",15,0.03881997010403481,0.9583333333333334,68
[3],0.01,0.0,0.0,0.05,0.8,sigmoid,sgd,0.55,8,gaussian,"(-0.5, 0.5)",15,0.12605652158853045,0.3333333333333333,70
[4],0.01,0.0,0.0,0.1,0.8,sigmoid,sgd,0.6000000000000001,4,gaussian,"(-0.1, 0.1)",15,0.1257775282289657,0.375,71
[4],0.16,0.0,0.0,0.1,0.9000000000000001,sigmoid,sgd,0.9000000000000004,8,gaussian,"(-0.5, 0.5)",15,0.04787745789788007,0.9583333333333334,72
[3],0.01,0.0,0.0,0.25,0.8,sigmoid,sgd,0.8500000000000003,12,gaussian,"(-0.1, 0.1)",15,0.12612415311627342,0.375,73
[4],0.16,0.0,0.0,0.15000000000000002,0.9000000000000001,sigmoid,sgd,0.9000000000000004,10,gaussian,"(-0.5, 0.5)",15,0.07964808112110955,0.875,74
[4],0.16,0.0,0.0,0.25,0.9000000000000001,sigmoid,sgd,0.8500000000000003,4,gaussian,"(-0.1, 0.1)",15,0.021851266711599773,0.9583333333333334,75
[4],0.16,0.0,0.0,0.15000000000000002,0.9000000000000001,sigmoid,sgd,0.6000000000000001,2,gaussian,"(-0.5, 0.5)",15,0.0202348270332502,0.9583333333333334,76
[4],0.01,0.0,0.0,0.2,0.7,sigmoid,sgd,0.8500000000000003,10,gaussian,"(-0.5, 0.5)",15,0.12788293723853453,0.375,77
[4],0.16,0.0,0.0,0.1,0.8500000000000001,sigmoid,sgd,0.7000000000000002,2,gaussian,"(-0.1, 0.1)",15,0.021820805780763165,0.9583333333333334,78
[4],0.01,0.0,0.0,0.1,0.75,sigmoid,sgd,0.5,12,gaussian,"(-0.5, 0.5)",15,0.12777077963690034,0.375,79
[4],0.16,0.0,0.0,0.2,0.7,sigmoid,sgd,0.6500000000000001,4,gaussian,"(-0.1, 0.1)",15,0.04651814861814806,0.9583333333333334,81
[4],0.16,0.0,0.0,0.1,0.7,sigmoid,sgd,0.6500000000000001,10,gaussian,"(-0.1, 0.1)",15,0.12234735168436699,0.5416666666666666,82
[4],0.01,0.0,0.0,0.2,0.75,sigmoid,sgd,0.7500000000000002,4,gaussian,"(-0.5, 0.5)",15,0.12781361999561486,0.3333333333333333,83
[4],0.16,0.0,0.0,0.1,0.9000000000000001,sigmoid,sgd,0.7500000000000002,12,gaussian,"(-0.5, 0.5)",15,0.08036698455455554,0.875,84
[3],0.16,0.0,0.0,0.0,0.9000000000000001,sigmoid,sgd,0.7500000000000002,12,gaussian,"(-0.5, 0.5)",15,0.0990076757975219,0.7083333333333334,85
[3],0.01,0.0,0.0,0.0,0.9000000000000001,sigmoid,sgd,0.6000000000000001,4,gaussian,"(-0.5, 0.5)",15,0.12588455642178054,0.4583333333333333,86
[4],0.01,0.0,0.0,0.05,0.8,sigmoid,sgd,0.9000000000000004,2,gaussian,"(-0.5, 0.5)",15,0.12753232298399328,0.2916666666666667,87
[4],0.16,0.0,0.0,0.05,0.7,sigmoid,sgd,0.8000000000000003,4,gaussian,"(-0.1, 0.1)",15,0.04273800916659887,0.9583333333333334,88
[4],0.16,0.0,0.0,0.25,0.8500000000000001,sigmoid,sgd,0.7000000000000002,4,gaussian,"(-0.1, 0.1)",15,0.02333087385025161,0.9583333333333334,89
[4],0.01,0.0,0.0,0.15000000000000002,0.9000000000000001,sigmoid,sgd,0.8500000000000003,12,gaussian,"(-0.1, 0.1)",15,0.12499102903776511,0.625,90
[4],0.16,0.0,0.0,0.1,0.8,sigmoid,sgd,0.6000000000000001,12,gaussian,"(-0.5, 0.5)",15,0.11620227581714378,0.7083333333333334,91
[4],0.01,0.0,0.0,0.25,0.9000000000000001,sigmoid,sgd,0.6000000000000001,8,gaussian,"(-0.1, 0.1)",15,0.12528637627712005,0.375,92
[3],0.16,0.0,0.0,0.15000000000000002,0.9000000000000001,sigmoid,sgd,0.9000000000000004,8,gaussian,"(-0.5, 0.5)",15,0.07843579884185882,0.7916666666666666,93
[3],0.16,0.0,0.0,0.05,0.9000000000000001,sigmoid,sgd,0.8500000000000003,10,gaussian,"(-0.5, 0.5)",15,0.1104501315382279,0.625,94
[3],0.16,0.0,0.0,0.0,0.7,sigmoid,sgd,0.8500000000000003,10,gaussian,"(-0.1, 0.1)",15,0.1272857157792282,0.375,95
[3],0.01,0.0,0.0,0.25,0.8500000000000001,sigmoid,sgd,0.6000000000000001,2,gaussian,"(-0.1, 0.1)",15,0.12809039902820224,0.375,96
[3],0.01,0.0,0.0,0.25,0.9000000000000001,sigmoid,sgd,0.8000000000000003,8,gaussian,"(-0.1, 0.1)",15,0.126916587179882,0.375,98
[3],0.01,0.0,0.0,0.15000000000000002,0.75,sigmoid,sgd,0.55,2,gaussian,"(-0.1, 0.1)",15,0.12774230011760335,0.375,99
[3],0.16,0.0,0.0,0.05,0.7,sigmoid,sgd,0.5,10,gaussian,"(-0.5, 0.5)",15,0.12641749926327342,0.4583333333333333,100
[3],0.01,0.0,0.0,0.15000000000000002,0.8,sigmoid,sgd,0.6500000000000001,2,gaussian,"(-0.5, 0.5)",15,0.12646265849056723,0.375,102
[3],0.01,0.0,0.0,0.05,0.8500000000000001,sigmoid,sgd,0.7000000000000002,2,gaussian,"(-0.5, 0.5)",15,0.126322365195542,0.375,103
[3],0.16,0.0,0.0,0.05,0.8,sigmoid,sgd,0.9500000000000004,12,gaussian,"(-0.5, 0.5)",15,0.12696660621957842,0.4166666666666667,104
[3],0.01,0.0,0.0,0.05,0.7,sigmoid,sgd,0.6500000000000001,12,gaussian,"(-0.1, 0.1)",15,0.12608792535240024,0.375,105
[3],0.16,0.0,0.0,0.15000000000000002,0.8,sigmoid,sgd,0.5,4,gaussian,"(-0.5, 0.5)",15,0.027381224824045442,0.9583333333333334,106
[3],0.16,0.0,0.0,0.1,0.7,sigmoid,sgd,0.7500000000000002,8,gaussian,"(-0.1, 0.1)",15,0.12419896525735852,0.375,107
[3],0.01,0.0,0.0,0.25,0.75,sigmoid,sgd,0.5,2,gaussian,"(-0.1, 0.1)",15,0.12779163717526223,0.375,108
[3],0.01,0.0,0.0,0.25,0.75,sigmoid,sgd,0.9500000000000004,12,gaussian,"(-0.1, 0.1)",15,0.12600514175468655,0.375,109
[3],0.16,0.0,0.0,0.25,0.8500000000000001,sigmoid,sgd,0.8000000000000003,4,gaussian,"(-0.5, 0.5)",15,0.03173123256846253,0.9583333333333334,110
[4],0.16,0.0,0.0,0.25,0.75,sigmoid,sgd,0.8000000000000003,10,gaussian,"(-0.5, 0.5)",15,0.12426560183234932,0.4583333333333333,111
[4],0.16,0.0,0.0,0.2,0.9000000000000001,sigmoid,sgd,0.8000000000000003,10,gaussian,"(-0.5, 0.5)",15,0.06998500326491609,0.9166666666666666,112
[3],0.01,0.0,0.0,0.1,0.8500000000000001,sigmoid,sgd,0.8000000000000003,12,gaussian,"(-0.1, 0.1)",15,0.1264784406619197,0.375,113
[4],0.01,0.0,0.0,0.25,0.8500000000000001,sigmoid,sgd,0.5,12,gaussian,"(-0.5, 0.5)",15,0.12742392081614615,0.375,114
[4],0.16,0.0,0.0,0.15000000000000002,0.8,sigmoid,sgd,0.8000000000000003,2,gaussian,"(-0.5, 0.5)",15,0.022051493023075606,0.9583333333333334,115
[3],0.01,0.0,0.0,0.15000000000000002,0.8,sigmoid,sgd,0.8000000000000003,10,gaussian,"(-0.1, 0.1)",15,0.12609959707683016,0.375,116
[4],0.01,0.0,0.0,0.1,0.7,sigmoid,sgd,0.7000000000000002,4,gaussian,"(-0.1, 0.1)",15,0.1255445918358991,0.2916666666666667,117
[3],0.01,0.0,0.0,0.25,0.8500000000000001,sigmoid,sgd,0.6000000000000001,10,gaussian,"(-0.5, 0.5)",15,0.1258865993210541,0.3333333333333333,118
[4],0.16,0.0,0.0,0.25,0.8500000000000001,sigmoid,sgd,0.7000000000000002,4,gaussian,"(-0.5, 0.5)",15,0.028958450712638067,0.9583333333333334,119
[4],0.01,0.0,0.0,0.25,0.75,sigmoid,sgd,0.8500000000000003,12,gaussian,"(-0.1, 0.1)",15,0.12465180069754435,0.625,121
[3],0.01,0.0,0.0,0.25,0.75,sigmoid,sgd,0.9500000000000004,2,gaussian,"(-0.1, 0.1)",15,0.12739832725094893,0.375,122
[4],0.01,0.0,0.0,0.15000000000000002,0.7,sigmoid,sgd,0.9500000000000004,4,gaussian,"(-0.5, 0.5)",15,0.12793360994412442,0.3333333333333333,123
[3],0.01,0.0,0.0,0.0,0.8,sigmoid,sgd,0.9000000000000004,2,gaussian,"(-0.5, 0.5)",15,0.12633996440672116,0.375,124
[4],0.01,0.0,0.0,0.1,0.8,sigmoid,sgd,0.6000000000000001,2,gaussian,"(-0.5, 0.5)",15,0.12740047726068313,0.3333333333333333,126
[3],0.16,0.0,0.0,0.15000000000000002,0.9000000000000001,sigmoid,sgd,0.7500000000000002,2,gaussian,"(-0.1, 0.1)",15,0.022498999952273793,0.9583333333333334,127
[4],0.16,0.0,0.0,0.05,0.9000000000000001,sigmoid,sgd,0.8000000000000003,10,gaussian,"(-0.5, 0.5)",15,0.06728505088631065,0.9583333333333334,128
[4],0.01,0.0,0.0,0.25,0.75,sigmoid,sgd,0.7000000000000002,12,gaussian,"(-0.1, 0.1)",15,0.12467907974583792,0.625,129
[4],0.01,0.0,0.0,0.15000000000000002,0.9000000000000001,sigmoid,sgd,0.55,2,gaussian,"(-0.1, 0.1)",15,0.12246635064004048,0.5416666666666666,130
[3],0.16,0.0,0.0,0.15000000000000002,0.8,sigmoid,sgd,0.6000000000000001,12,gaussian,"(-0.1, 0.1)",15,0.12358929340154871,0.375,131
[4],0.01,0.0,0.0,0.2,0.9000000000000001,sigmoid,sgd,0.9000000000000004,10,gaussian,"(-0.1, 0.1)",15,0.12519241523325195,0.4583333333333333,132
[4],0.01,0.0,0.0,0.1,0.7,sigmoid,sgd,0.55,12,gaussian,"(-0.1, 0.1)",15,0.12473724191887925,0.625,133
[4],0.16,0.0,0.0,0.2,0.7,sigmoid,sgd,0.8000000000000003,8,gaussian,"(-0.1, 0.1)",15,0.12072183048080994,0.5416666666666666,134
[3],0.01,0.0,0.0,0.15000000000000002,0.7,sigmoid,sgd,0.6500000000000001,10,gaussian,"(-0.1, 0.1)",15,0.12599545932584647,0.375,135
[4],0.01,0.0,0.0,0.25,0.7,sigmoid,sgd,0.9500000000000004,10,gaussian,"(-0.5, 0.5)",15,0.1278515718291318,0.375,136
[4],0.16,0.0,0.0,0.0,0.8,sigmoid,sgd,0.6000000000000001,10,gaussian,"(-0.5, 0.5)",15,0.10834781308015407,0.7916666666666666,137
[3],0.01,0.0,0.0,0.2,0.8500000000000001,sigmoid,sgd,0.8000000000000003,10,gaussian,"(-0.5, 0.5)",15,0.12586484440417614,0.375,138
[4],0.01,0.0,0.0,0.25,0.9000000000000001,sigmoid,sgd,0.9500000000000004,2,gaussian,"(-0.5, 0.5)",15,0.12574038127718853,0.4166666666666667,139
[3],0.01,0.0,0.0,0.15000000000000002,0.8500000000000001,sigmoid,sgd,0.6500000000000001,2,gaussian,"(-0.1, 0.1)",15,0.1282107658997865,0.375,140
[3],0.16,0.0,0.0,0.15000000000000002,0.75,sigmoid,sgd,0.6000000000000001,2,gaussian,"(-0.5, 0.5)",15,0.023414598273586676,0.9583333333333334,141
[4],0.01,0.0,0.0,0.15000000000000002,0.8500000000000001,sigmoid,sgd,0.55,2,gaussian,"(-0.1, 0.1)",15,0.125431942495165,0.375,143
[4],0.01,0.0,0.0,0.0,0.9000000000000001,sigmoid,sgd,0.8000000000000003,10,gaussian,"(-0.5, 0.5)",15,0.12734613142573284,0.375,144
[3],0.01,0.0,0.0,0.25,0.7,sigmoid,sgd,0.7500000000000002,2,gaussian,"(-0.1, 0.1)",15,0.1274149819878001,0.375,146
[4],0.01,0.0,0.0,0.05,0.8,sigmoid,sgd,0.9500000000000004,10,gaussian,"(-0.5, 0.5)",15,0.12775719781953015,0.375,148
[3],0.01,0.0,0.0,0.25,0.7,sigmoid,sgd,0.7000000000000002,4,gaussian,"(-0.1, 0.1)",15,0.12674450905317036,0.375,149
[4],0.16,0.0,0.0,0.05,0.9000000000000001,sigmoid,sgd,0.8000000000000003,4,gaussian,"(-0.5, 0.5)",15,0.02110195383544856,0.9583333333333334,150
[3],0.16,0.0,0.0,0.25,0.8500000000000001,sigmoid,sgd,0.6500000000000001,8,gaussian,"(-0.5, 0.5)",15,0.09631672436512047,0.6666666666666666,151
[3],0.16,0.0,0.0,0.15000000000000002,0.8500000000000001,sigmoid,sgd,0.55,12,gaussian,"(-0.5, 0.5)",15,0.12187790899077755,0.5416666666666666,152
[3],0.16,0.0,0.0,0.25,0.7,sigmoid,sgd,0.6500000000000001,8,gaussian,"(-0.1, 0.1)",15,0.12644812727387014,0.375,153
[4],0.01,0.0,0.0,0.15000000000000002,0.7,sigmoid,sgd,0.55,12,gaussian,"(-0.5, 0.5)",15,0.12784350804630631,0.375,154
[4],0.01,0.0,0.0,0.0,0.75,sigmoid,sgd,0.9000000000000004,12,gaussian,"(-0.5, 0.5)",15,0.12802304798485795,0.375,155
[3],0.16,0.0,0.0,0.0,0.9000000000000001,sigmoid,sgd,0.9500000000000004,8,gaussian,"(-0.5, 0.5)",15,0.058301494865792204,0.9583333333333334,156
[3],0.16,0.0,0.0,0.25,0.7,sigmoid,sgd,0.55,2,gaussian,"(-0.1, 0.1)",15,0.02470704816318771,0.9583333333333334,158
[3],0.01,0.0,0.0,0.0,0.8,sigmoid,sgd,0.8500000000000003,10,gaussian,"(-0.5, 0.5)",15,0.1258789516888619,0.375,159
[3],0.01,0.0,0.0,0.25,0.7,sigmoid,sgd,0.9500000000000004,10,gaussian,"(-0.1, 0.1)",15,0.1258637854062108,0.375,160
[3],0.01,0.0,0.0,0.1,0.75,sigmoid,sgd,0.8000000000000003,4,gaussian,"(-0.1, 0.1)",15,0.12687674735220658,0.375,161
[4],0.01,0.0,0.0,0.2,0.7,sigmoid,sgd,0.7000000000000002,4,gaussian,"(-0.5, 0.5)",15,0.12795108177219747,0.2916666666666667,162
[3],0.16,0.0,0.0,0.25,0.9000000000000001,sigmoid,sgd,0.7500000000000002,2,gaussian,"(-0.5, 0.5)",15,0.025487574475808517,0.9583333333333334,163
[4],0.16,0.0,0.0,0.0,0.7,sigmoid,sgd,0.5,2,gaussian,"(-0.5, 0.5)",15,0.022009650068044912,0.9583333333333334,164
[3],0.01,0.0,0.0,0.2,0.9000000000000001,sigmoid,sgd,0.5,4,gaussian,"(-0.1, 0.1)",15,0.12807799254919158,0.375,165
[4],0.16,0.0,0.0,0.1,0.8,sigmoid,sgd,0.55,10,gaussian,"(-0.1, 0.1)",15,0.09536038135991677,0.9583333333333334,166
[3],0.16,0.0,0.0,0.25,0.8500000000000001,sigmoid,sgd,0.6500000000000001,8,gaussian,"(-0.1, 0.1)",15,0.08275922320350435,0.9166666666666666,167
[4],0.16,0.0,0.0,0.25,0.8,sigmoid,sgd,0.7000000000000002,2,gaussian,"(-0.5, 0.5)",15,0.02299623984163619,0.9583333333333334,168
[4],0.01,0.0,0.0,0.1,0.8500000000000001,sigmoid,sgd,0.5,4,gaussian,"(-0.5, 0.5)",15,0.12719629757906017,0.2916666666666667,169
[3],0.01,0.0,0.0,0.0,0.8,sigmoid,sgd,0.7000000000000002,8,gaussian,"(-0.1, 0.1)",15,0.12607969216053458,0.375,170
[4],0.01,0.0,0.0,0.25,0.9000000000000001,sigmoid,sgd,0.55,4,gaussian,"(-0.1, 0.1)",15,0.1256788717416947,0.375,172
[4],0.01,0.0,0.0,0.05,0.8500000000000001,sigmoid,sgd,0.8000000000000003,10,gaussian,"(-0.1, 0.1)",15,0.1249947151297363,0.625,173
[3],0.16,0.0,0.0,0.15000000000000002,0.8500000000000001,sigmoid,sgd,0.55,8,gaussian,"(-0.5, 0.5)",15,0.08179134579094828,0.7916666666666666,174
[4],0.16,0.0,0.0,0.05,0.8,sigmoid,sgd,0.5,8,gaussian,"(-0.5, 0.5)",15,0.0696332541076081,0.9583333333333334,175
[4],0.16,0.0,0.0,0.2,0.7,sigmoid,sgd,0.7500000000000002,8,gaussian,"(-0.1, 0.1)",15,0.11942299655421244,0.6666666666666666,176
[3],0.01,0.0,0.0,0.25,0.9000000000000001,sigmoid,sgd,0.9500000000000004,12,gaussian,"(-0.1, 0.1)",15,0.12654348601378015,0.375,177
[4],0.01,0.0,0.0,0.2,0.8500000000000001,sigmoid,sgd,0.5,12,gaussian,"(-0.1, 0.1)",15,0.12502246597910574,0.6666666666666666,178
[4],0.01,0.0,0.0,0.0,0.9000000000000001,sigmoid,sgd,0.9000000000000004,4,gaussian,"(-0.1, 0.1)",15,0.1261553225003322,0.375,179
[3],0.16,0.0,0.0,0.2,0.8,sigmoid,sgd,0.8000000000000003,2,gaussian,"(-0.5, 0.5)",15,0.023844603836043515,0.9583333333333334,180
[3],0.01,0.0,0.0,0.2,0.8,sigmoid,sgd,0.6500000000000001,10,gaussian,"(-0.1, 0.1)",15,0.12622096121537163,0.375,181
[3],0.16,0.0,0.0,0.2,0.8500000000000001,sigmoid,sgd,0.6000000000000001,2,gaussian,"(-0.1, 0.1)",15,0.03035922903553777,0.9583333333333334,182
[3],0.16,0.0,0.0,0.2,0.9000000000000001,sigmoid,sgd,0.7000000000000002,12,gaussian,"(-0.1, 0.1)",15,0.102773472713234,0.5833333333333334,183
[3],0.01,0.0,0.0,0.2,0.75,sigmoid,sgd,0.6000000000000001,8,gaussian,"(-0.1, 0.1)",15,0.12641107992415587,0.375,184
[3],0.01,0.0,0.0,0.0,0.8,sigmoid,sgd,0.6000000000000001,10,gaussian,"(-0.5, 0.5)",15,0.12591057309153192,0.375,185
[4],0.01,0.0,0.0,0.15000000000000002,0.75,sigmoid,sgd,0.6000000000000001,10,gaussian,"(-0.5, 0.5)",15,0.12781916694583495,0.375,187
[4],0.01,0.0,0.0,0.15000000000000002,0.7,sigmoid,sgd,0.6000000000000001,4,gaussian,"(-0.1, 0.1)",15,0.12562264387401567,0.4166666666666667,188
[4],0.01,0.0,0.0,0.1,0.75,sigmoid,sgd,0.6000000000000001,2,gaussian,"(-0.1, 0.1)",15,0.1261700227926291,0.375,189
[4],0.16,0.0,0.0,0.0,0.9000000000000001,sigmoid,sgd,0.8000000000000003,2,gaussian,"(-0.1, 0.1)",15,0.021605778422044395,0.9583333333333334,190
[3],0.01,0.0,0.0,0.05,0.7,sigmoid,sgd,0.55,12,gaussian,"(-0.1, 0.1)",15,0.1261334501694422,0.375,191
[3],0.01,0.0,0.0,0.15000000000000002,0.9000000000000001,sigmoid,sgd,0.8500000000000003,4,gaussian,"(-0.1, 0.1)",15,0.12768884585115656,0.375,192
[4],0.01,0.0,0.0,0.0,0.7,sigmoid,sgd,0.6000000000000001,2,gaussian,"(-0.1, 0.1)",15,0.12632982017864322,0.375,193
[3],0.16,0.0,0.0,0.15000000000000002,0.75,sigmoid,sgd,0.55,10,gaussian,"(-0.1, 0.1)",15,0.12585722135424396,0.375,194
[3],0.01,0.0,0.0,0.1,0.8,sigmoid,sgd,0.55,2,gaussian,"(-0.1, 0.1)",15,0.12799978952589133,0.375,195
[4],0.16,0.0,0.0,0.2,0.75,sigmoid,sgd,0.7500000000000002,2,gaussian,"(-0.5, 0.5)",15,0.022390951528441266,0.9583333333333334,196
[4],0.16,0.0,0.0,0.25,0.7,sigmoid,sgd,0.6000000000000001,10,gaussian,"(-0.5, 0.5)",15,0.12421760718265033,0.5,197
[3],0.01,0.0,0.0,0.2,0.8500000000000001,sigmoid,sgd,0.6000000000000001,4,gaussian,"(-0.5, 0.5)",15,0.12613441391299585,0.375,198
[4],0.16,0.0,0.0,0.15000000000000002,0.8500000000000001,sigmoid,sgd,0.8000000000000003,10,gaussian,"(-0.5, 0.5)",15,0.10426032359249537,0.8333333333333334,199
[3],0.16,0.0,0.0,0.0,0.9000000000000001,sigmoid,sgd,0.7500000000000002,2,gaussian,"(-0.1, 0.1)",15,0.02298842548057159,0.9583333333333334,200
[4],0.16,0.0,0.0,0.05,0.7,sigmoid,sgd,0.7000000000000002,10,gaussian,"(-0.5, 0.5)",15,0.12673112932768588,0.375,1
[3],0.01,0.0,0.0,0.05,0.7,sigmoid,sgd,0.5,10,gaussian,"(-0.1, 0.1)",15,0.12705659174738757,0.375,2
[3],0.01,0.0,0.0,0.15000000000000002,0.9000000000000001,sigmoid,sgd,0.6000000000000001,2,gaussian,"(-0.1, 0.1)",15,0.1310380060950638,0.375,3
[3],0.16,0.0,0.0,0.05,0.75,sigmoid,sgd,0.8000000000000003,8,gaussian,"(-0.1, 0.1)",15,0.13041552813777277,0.375,4
[4],0.01,0.0,0.0,0.05,0.7,sigmoid,sgd,0.8000000000000003,10,gaussian,"(-0.5, 0.5)",15,0.12843902231819518,0.375,5
[4],0.01,0.0,0.0,0.15000000000000002,0.75,sigmoid,sgd,0.6500000000000001,10,gaussian,"(-0.1, 0.1)",15,0.12916489857872837,0.375,6
[4],0.01,0.0,0.0,0.25,0.9000000000000001,sigmoid,sgd,0.8000000000000003,10,gaussian,"(-0.1, 0.1)",15,0.12975538198394296,0.375,7
[4],0.16,0.0,0.0,0.05,0.8,sigmoid,sgd,0.9500000000000004,8,gaussian,"(-0.1, 0.1)",15,0.1068141378602,0.625,8
[4],0.01,0.0,0.0,0.2,0.7,sigmoid,sgd,0.6500000000000001,12,gaussian,"(-0.1, 0.1)",15,0.12876291480244292,0.375,9
[3],0.01,0.0,0.0,0.0,0.9000000000000001,sigmoid,sgd,0.6000000000000001,4,gaussian,"(-0.1, 0.1)",15,0.13012564620476222,0.375,12
[3],0.01,0.0,0.0,0.05,0.75,sigmoid,sgd,0.7500000000000002,8,gaussian,"(-0.5, 0.5)",15,0.12693263652085937,0.375,13
[3],0.16,0.0,0.0,0.05,0.75,sigmoid,sgd,0.5,4,gaussian,"(-0.1, 0.1)",15,0.060822300922024564,0.875,14
[4],0.01,0.0,0.0,0.15000000000000002,0.8,sigmoid,sgd,0.7000000000000002,12,gaussian,"(-0.5, 0.5)",15,0.12820740699055336,0.375,15
[3],0.01,0.0,0.0,0.05,0.8500000000000001,sigmoid,sgd,0.6000000000000001,2,gaussian,"(-0.1, 0.1)",15,0.1305729700455145,0.375,16
[4],0.16,0.0,0.0,0.15000000000000002,0.8500000000000001,sigmoid,sgd,0.7500000000000002,2,gaussian,"(-0.5, 0.5)",15,0.06360285394617425,0.875,17
[4],0.01,0.0,0.0,0.2,0.7,sigmoid,sgd,0.7000000000000002,10,gaussian,"(-0.5, 0.5)",15,0.12843699561579203,0.375,18
[3],0.01,0.0,0.0,0.15000000000000002,0.8500000000000001,sigmoid,sgd,0.9000000000000004,10,gaussian,"(-0.1, 0.1)",15,0.12702022159122894,0.375,19
[3],0.01,0.0,0.0,0.15000000000000002,0.8500000000000001,sigmoid,sgd,0.7500000000000002,8,gaussian,"(-0.1, 0.1)",15,0.12766927444184237,0.375,20
[4],0.01,0.0,0.0,0.1,0.8500000000000001,sigmoid,sgd,0.6500000000000001,8,gaussian,"(-0.5, 0.5)",15,0.12801007723918226,0.375,21
[3],0.16,0.0,0.0,0.15000000000000002,0.8500000000000001,sigmoid,sgd,0.8000000000000003,8,gaussian,"(-0.1, 0.1)",15,0.07935833394134738,0.875,22
[3],0.01,0.0,0.0,0.0,0.8,sigmoid,sgd,0.8000000000000003,12,gaussian,"(-0.5, 0.5)",15,0.12679819046006244,0.375,23
[3],0.01,0.0,0.0,0.0,0.8500000000000001,sigmoid,sgd,0.7500000000000002,10,gaussian,"(-0.5, 0.5)",15,0.12666533023970775,0.375,24
[3],0.16,0.0,0.0,0.1,0.9000000000000001,sigmoid,sgd,0.9500000000000004,12,gaussian,"(-0.5, 0.5)",15,0.12328718334507964,0.5,25
[4],0.01,0.0,0.0,0.05,0.8500000000000001,sigmoid,sgd,0.8000000000000003,8,gaussian,"(-0.5, 0.5)",15,0.12803754499177375,0.375,26
[3],0.16,0.0,0.0,0.25,0.9000000000000001,sigmoid,sgd,0.8000000000000003,12,gaussian,"(-0.5, 0.5)",15,0.11607937608074541,0.5833333333333334,27
[3],0.16,0.0,0.0,0.05,0.75,sigmoid,sgd,0.7000000000000002,8,gaussian,"(-0.5, 0.5)",15,0.12767653881592314,0.375,28
[4],0.16,0.0,0.0,0.15000000000000002,0.8,sigmoid,sgd,0.6000000000000001,10,gaussian,"(-0.5, 0.5)",15,0.11773855809484957,0.375,29
[3],0.01,0.0,0.0,0.2,0.8500000000000001,sigmoid,sgd,0.9500000000000004,2,gaussian,"(-0.1, 0.1)",15,0.12936010543405138,0.375,30
[3],0.01,0.0,0.0,0.2,0.8500000000000001,sigmoid,sgd,0.9000000000000004,12,gaussian,"(-0.5, 0.5)",15,0.12665302410496357,0.375,31
[4],0.01,0.0,0.0,0.05,0.8500000000000001,sigmoid,sgd,0.55,8,gaussian,"(-0.5, 0.5)",15,0.1279937384300144,0.375,32
[4],0.01,0.0,0.0,0.1,0.75,sigmoid,sgd,0.8000000000000003,4,gaussian,"(-0.5, 0.5)",15,0.1283171367815968,0.375,33
[3],0.01,0.0,0.0,0.0,0.75,sigmoid,sgd,0.9500000000000004,10,gaussian,"(-0.5, 0.5)",15,0.12669045912419089,0.375,34
[3],0.16,0.0,0.0,0.0,0.9000000000000001,sigmoid,sgd,0.8000000000000003,8,gaussian,"(-0.5, 0.5)",15,0.06914370558338494,0.875,35
[3],0.01,0.0,0.0,0.25,0.75,sigmoid,sgd,0.7500000000000002,4,gaussian,"(-0.1, 0.1)",15,0.1279828965653288,0.375,36
[3],0.16,0.0,0.0,0.0,0.9000000000000001,sigmoid,sgd,0.5,4,gaussian,"(-0.5, 0.5)",15,0.06266031625310013,0.7916666666666666,37
[3],0.01,0.0,0.0,0.25,0.75,sigmoid,sgd,0.7000000000000002,2,gaussian,"(-0.1, 0.1)",15,0.12910653982894452,0.375,38
[3],0.01,0.0,0.0,0.25,0.9000000000000001,sigmoid,sgd,0.55,4,gaussian,"(-0.5, 0.5)",15,0.126995069782175,0.375,39
[3],0.01,0.0,0.0,0.0,0.8500000000000001,sigmoid,sgd,0.8500000000000003,2,gaussian,"(-0.1, 0.1)",15,0.1300631578471235,0.375,40
[4],0.01,0.0,0.0,0.05,0.8500000000000001,sigmoid,sgd,0.6000000000000001,8,gaussian,"(-0.1, 0.1)",15,0.12959899628601587,0.375,41
[3],0.01,0.0,0.0,0.1,0.8,sigmoid,sgd,0.55,4,gaussian,"(-0.1, 0.1)",15,0.1288639788977476,0.375,42
[3],0.01,0.0,0.0,0.1,0.7,sigmoid,sgd,0.6500000000000001,2,gaussian,"(-0.5, 0.5)",15,0.12825911958237068,0.375,43
[4],0.16,0.0,0.0,0.05,0.7,sigmoid,sgd,0.8000000000000003,12,gaussian,"(-0.1, 0.1)",15,0.12839901926375075,0.375,44
[4],0.01,0.0,0.0,0.05,0.8,sigmoid,sgd,0.6500000000000001,10,gaussian,"(-0.5, 0.5)",15,0.12829365947617832,0.375,45
[4],0.16,0.0,0.0,0.1,0.9000000000000001,sigmoid,sgd,0.9500000000000004,8,gaussian,"(-0.1, 0.1)",15,0.09332573499388014,0.875,46
[4],0.01,0.0,0.0,0.0,0.9000000000000001,sigmoid,sgd,0.8000000000000003,2,gaussian,"(-0.1, 0.1)",15,0.12986568872608495,0.375,47
[4],0.16,0.0,0.0,0.05,0.8,sigmoid,sgd,0.7500000000000002,4,gaussian,"(-0.1, 0.1)",15,0.06109338789703087,0.875,48
[3],0.16,0.0,0.0,0.25,0.7,sigmoid,sgd,0.6500000000000001,12,gaussian,"(-0.5, 0.5)",15,0.12948977086033703,0.375,49
[4],0.01,0.0,0.0,0.2,0.75,sigmoid,sgd,0.8000000000000003,8,gaussian,"(-0.1, 0.1)",15,0.12896372274905815,0.375,50
[3],0.01,0.0,0.0,0.15000000000000002,0.8500000000000001,sigmoid,sgd,0.55,10,gaussian,"(-0.5, 0.5)",15,0.12673060764338803,0.375,51
[4],0.01,0.0,0.0,0.2,0.7,sigmoid,sgd,0.7000000000000002,4,gaussian,"(-0.1, 0.1)",15,0.12959628098152232,0.375,52
[3],0.16,0.0,0.0,0.25,0.7,sigmoid,sgd,0.7000000000000002,8,gaussian,"(-0.5, 0.5)",15,0.12851796447154173,0.375,53
[4],0.01,0.0,0.0,0.2,0.8,sigmoid,sgd,0.8500000000000003,10,gaussian,"(-0.5, 0.5)",15,0.12830630893608427,0.375,54
[3],0.01,0.0,0.0,0.05,0.7,sigmoid,sgd,0.8000000000000003,4,gaussian,"(-0.1, 0.1)",15,0.12800463765879397,0.375,55
[3],0.16,0.0,0.0,0.2,0.7,sigmoid,sgd,0.5,8,gaussian,"(-0.5, 0.5)",15,0.12666606724138563,0.4583333333333333,56
[4],0.16,0.0,0.0,0.1,0.75,sigmoid,sgd,0.7500000000000002,4,gaussian,"(-0.5, 0.5)",15,0.08568380780529106,0.875,57
[3],0.01,0.0,0.0,0.2,0.8500000000000001,sigmoid,sgd,0.6500000000000001,2,gaussian,"(-0.5, 0.5)",15,0.12768463773093727,0.375,58
[3],0.16,0.0,0.0,0.2,0.75,sigmoid,sgd,0.5,4,gaussian,"(-0.1, 0.1)",15,0.057936487005255666,0.875,59
[4],0.16,0.0,0.0,0.05,0.8500000000000001,sigmoid,sgd,0.7000000000000002,10,gaussian,"(-0.1, 0.1)",15,0.09063615670871718,0.8333333333333334,60
[3],0.01,0.0,0.0,0.1,0.8500000000000001,sigmoid,sgd,0.55,8,gaussian,"(-0.1, 0.1)",15,0.1280670113220642,0.375,61
[4],0.01,0.0,0.0,0.05,0.8500000000000001,sigmoid,sgd,0.8500000000000003,4,gaussian,"(-0.1, 0.1)",15,0.13013165508528154,0.375,62
[4],0.16,0.0,0.0,0.1,0.8,sigmoid,sgd,0.6500000000000001,4,gaussian,"(-0.5, 0.5)",15,0.07413214764577075,0.875,63
[4],0.01,0.0,0.0,0.15000000000000002,0.8,sigmoid,sgd,0.8000000000000003,4,gaussian,"(-0.1, 0.1)",15,0.12992843861834225,0.375,64
[4],0.01,0.0,0.0,0.2,0.8,sigmoid,sgd,0.6500000000000001,2,gaussian,"(-0.1, 0.1)",15,0.13062473713106734,0.375,65
[3],0.01,0.0,0.0,0.2,0.8,sigmoid,sgd,0.6500000000000001,12,gaussian,"(-0.5, 0.5)",15,0.12677593936303883,0.375,66
[4],0.01,0.0,0.0,0.05,0.8,sigmoid,sgd,0.7500000000000002,8,gaussian,"(-0.1, 0.1)",15,0.12922800945915047,0.375,67
[3],0.01,0.0,0.0,0.2,0.9000000000000001,sigmoid,sgd,0.7500000000000002,2,gaussian,"(-0.1, 0.1)",15,0.1303462311629881,0.375,68
[4],0.16,0.0,0.0,0.05,0.7,sigmoid,sgd,0.6000000000000001,8,gaussian,"(-0.1, 0.1)",15,0.10897053222083504,0.5416666666666666,69
[3],0.16,0.0,0.0,0.15000000000000002,0.9000000000000001,sigmoid,sgd,0.55,2,gaussian,"(-0.5, 0.5)",15,0.06349671966229098,0.7916666666666666,70
[3],0.01,0.0,0.0,0.05,0.7,sigmoid,sgd,0.8500000000000003,8,gaussian,"(-0.5, 0.5)",15,0.12691213692357475,0.375,71
[4],0.16,0.0,0.0,0.15000000000000002,0.7,sigmoid,sgd,0.55,8,gaussian,"(-0.1, 0.1)",15,0.1145532059255115,0.375,72
[4],0.01,0.0,0.0,0.25,0.75,sigmoid,sgd,0.9500000000000004,10,gaussian,"(-0.1, 0.1)",15,0.12907221401562288,0.375,73
[3],0.01,0.0,0.0,0.15000000000000002,0.7,sigmoid,sgd,0.7500000000000002,8,gaussian,"(-0.5, 0.5)",15,0.1269480340720246,0.375,74
[4],0.16,0.0,0.0,0.05,0.7,sigmoid,sgd,0.9500000000000004,8,gaussian,"(-0.1, 0.1)",15,0.12443568342106394,0.375,75
[3],0.16,0.0,0.0,0.25,0.75,sigmoid,sgd,0.7000000000000002,10,gaussian,"(-0.1, 0.1)",15,0.1303184827544078,0.375,76
[4],0.01,0.0,0.0,0.15000000000000002,0.7,sigmoid,sgd,0.8500000000000003,8,gaussian,"(-0.5, 0.5)",15,0.1283520158204741,0.375,77
[4],0.01,0.0,0.0,0.0,0.8,sigmoid,sgd,0.55,8,gaussian,"(-0.1, 0.1)",15,0.1294245656784194,0.375,78
[4],0.01,0.0,0.0,0.1,0.75,sigmoid,sgd,0.8000000000000003,10,gaussian,"(-0.1, 0.1)",15,0.12908406512328943,0.375,79
[4],0.16,0.0,0.0,0.2,0.8,sigmoid,sgd,0.6500000000000001,8,gaussian,"(-0.5, 0.5)",15,0.10909417003974597,0.4166666666666667,80
[3],0.16,0.0,0.0,0.1,0.7,sigmoid,sgd,0.8000000000000003,2,gaussian,"(-0.5, 0.5)",15,0.05899848342765172,0.875,81
[4],0.16,0.0,0.0,0.15000000000000002,0.8,sigmoid,sgd,0.8500000000000003,2,gaussian,"(-0.5, 0.5)",15,0.06410403783598562,0.875,82
[3],0.01,0.0,0.0,0.2,0.8,sigmoid,sgd,0.5,10,gaussian,"(-0.5, 0.5)",15,0.12680906118398014,0.375,83
[3],0.16,0.0,0.0,0.2,0.8500000000000001,sigmoid,sgd,0.55,8,gaussian,"(-0.5, 0.5)",15,0.09080929734537248,0.75,84
[4],0.01,0.0,0.0,0.15000000000000002,0.9000000000000001,sigmoid,sgd,0.6000000000000001,12,gaussian,"(-0.1, 0.1)",15,0.12946668289736263,0.375,86
[3],0.01,0.0,0.0,0.0,0.8500000000000001,sigmoid,sgd,0.55,8,gaussian,"(-0.5, 0.5)",15,0.12700527084731084,0.375,87
[3],0.01,0.0,0.0,0.2,0.8,sigmoid,sgd,0.5,4,gaussian,"(-0.1, 0.1)",15,0.12865819705885728,0.375,88
[3],0.16,0.0,0.0,0.15000000000000002,0.8500000000000001,sigmoid,sgd,0.55,12,gaussian,"(-0.1, 0.1)",15,0.1131442358697519,0.4583333333333333,90
[4],0.01,0.0,0.0,0.25,0.9000000000000001,sigmoid,sgd,0.8500000000000003,10,gaussian,"(-0.1, 0.1)",15,0.12971688453347582,0.375,91
[3],0.16,0.0,0.0,0.2,0.9000000000000001,sigmoid,sgd,0.6000000000000001,4,gaussian,"(-0.5, 0.5)",15,0.05922561343841093,0.8333333333333334,92
[4],0.01,0.0,0.0,0.1,0.8,sigmoid,sgd,0.8500000000000003,12,gaussian,"(-0.5, 0.5)",15,0.12821276442554172,0.375,93
[3],0.16,0.0,0.0,0.2,0.9000000000000001,sigmoid,sgd,0.5,4,gaussian,"(-0.1, 0.1)",15,0.05990354577559576,0.875,94
[3],0.16,0.0,0.0,0.25,0.8500000000000001,sigmoid,sgd,0.6000000000000001,10,gaussian,"(-0.1, 0.1)",15,0.11678924524675881,0.375,95
[3],0.16,0.0,0.0,0.0,0.7,sigmoid,sgd,0.6000000000000001,8,gaussian,"(-0.5, 0.5)",15,0.12842948439299662,0.375,96
[4],0.01,0.0,0.0,0.25,0.9000000000000001,sigmoid,sgd,0.8500000000000003,8,gaussian,"(-0.1, 0.1)",15,0.12970073061435825,0.375,97
[3],0.16,0.0,0.0,0.2,0.75,sigmoid,sgd,0.5,4,gaussian,"(-0.5, 0.5)",15,0.06433458019699186,0.875,98
[4],0.01,0.0,0.0,0.1,0.75,sigmoid,sgd,0.9000000000000004,8,gaussian,"(-0.1, 0.1)",15,0.12897983914019032,0.375,99
[3],0.16,0.0,0.0,0.15000000000000002,0.8500000000000001,sigmoid,sgd,0.55,2,gaussian,"(-0.1, 0.1)",15,0.05946810827320237,0.8333333333333334,100
[3],0.16,0.0,0.0,0.0,0.75,sigmoid,sgd,0.55,4,gaussian,"(-0.1, 0.1)",15,0.05934558792752531,0.875,101
[3],0.16,0.0,0.0,0.15000000000000002,0.9000000000000001,sigmoid,sgd,0.5,2,gaussian,"(-0.5, 0.5)",15,0.06370129470059317,0.7916666666666666,102
[4],0.01,0.0,0.0,0.1,0.7,sigmoid,sgd,0.6500000000000001,10,gaussian,"(-0.1, 0.1)",15,0.12909423629310052,0.375,103
[4],0.01,0.0,0.0,0.15000000000000002,0.9000000000000001,sigmoid,sgd,0.5,2,gaussian,"(-0.5, 0.5)",15,0.12511359500261002,0.375,104
[3],0.16,0.0,0.0,0.15000000000000002,0.8500000000000001,sigmoid,sgd,0.5,4,gaussian,"(-0.1, 0.1)",15,0.05804747700959049,0.875,105
[4],0.01,0.0,0.0,0.15000000000000002,0.8500000000000001,sigmoid,sgd,0.55,10,gaussian,"(-0.5, 0.5)",15,0.12813072886903906,0.375,106
[4],0.01,0.0,0.0,0.1,0.8500000000000001,sigmoid,sgd,0.9500000000000004,2,gaussian,"(-0.5, 0.5)",15,0.12771467570652348,0.375,107
[3],0.01,0.0,0.0,0.25,0.75,sigmoid,sgd,0.8500000000000003,4,gaussian,"(-0.1, 0.1)",15,0.1278482090887202,0.375,108
[4],0.16,0.0,0.0,0.2,0.75,sigmoid,sgd,0.55,2,gaussian,"(-0.5, 0.5)",15,0.0633645314284366,0.875,109
[3],0.16,0.0,0.0,0.25,0.8,sigmoid,sgd,0.9000000000000004,8,gaussian,"(-0.5, 0.5)",15,0.12653554428300834,0.4583333333333333,110
[4],0.01,0.0,0.0,0.0,0.8,sigmoid,sgd,0.6500000000000001,4,gaussian,"(-0.5, 0.5)",15,0.12814084669534118,0.375,111
[3],0.01,0.0,0.0,0.1,0.75,sigmoid,sgd,0.55,2,gaussian,"(-0.1, 0.1)",15,0.12989587908298142,0.375,112
[4],0.16,0.0,0.0,0.2,0.8500000000000001,sigmoid,sgd,0.9500000000000004,10,gaussian,"(-0.1, 0.1)",15,0.12086696698762604,0.375,113
[4],0.16,0.0,0.0,0.15000000000000002,0.7,sigmoid,sgd,0.8000000000000003,12,gaussian,"(-0.5, 0.5)",15,0.12740837419487194,0.375,114
[3],0.01,0.0,0.0,0.2,0.8500000000000001,sigmoid,sgd,0.6000000000000001,10,gaussian,"(-0.1, 0.1)",15,0.12720445364859517,0.375,116
[3],0.01,0.0,0.0,0.1,0.8,sigmoid,sgd,0.9500000000000004,10,gaussian,"(-0.5, 0.5)",15,0.12666654224655494,0.375,117
[4],0.16,0.0,0.0,0.25,0.8,sigmoid,sgd,0.7000000000000002,4,gaussian,"(-0.5, 0.5)",15,0.08022982044517274,0.875,118
[3],0.16,0.0,0.0,0.0,0.8500000000000001,sigmoid,sgd,0.8000000000000003,2,gaussian,"(-0.5, 0.5)",15,0.06178951313983389,0.7916666666666666,119
[4],0.01,0.0,0.0,0.15000000000000002,0.75,sigmoid,sgd,0.6000000000000001,4,gaussian,"(-0.1, 0.1)",15,0.12997649695475635,0.375,120
[3],0.01,0.0,0.0,0.0,0.7,sigmoid,sgd,0.9000000000000004,4,gaussian,"(-0.5, 0.5)",15,0.12731865710940857,0.375,121
[4],0.01,0.0,0.0,0.25,0.8,sigmoid,sgd,0.55,12,gaussian,"(-0.1, 0.1)",15,0.12907084978064276,0.375,122
[3],0.01,0.0,0.0,0.05,0.8,sigmoid,sgd,0.7000000000000002,4,gaussian,"(-0.5, 0.5)",15,0.12732779296397367,0.375,123
[4],0.16,0.0,0.0,0.15000000000000002,0.8,sigmoid,sgd,0.7500000000000002,2,gaussian,"(-0.1, 0.1)",15,0.05988279415231454,0.8333333333333334,124
[3],0.01,0.0,0.0,0.2,0.75,sigmoid,sgd,0.9500000000000004,2,gaussian,"(-0.5, 0.5)",15,0.127828719020011,0.375,125
[3],0.01,0.0,0.0,0.05,0.9000000000000001,sigmoid,sgd,0.9000000000000004,12,gaussian,"(-0.5, 0.5)",15,0.12659907512034582,0.375,126
[4],0.01,0.0,0.0,0.2,0.8,sigmoid,sgd,0.6500000000000001,10,gaussian,"(-0.1, 0.1)",15,0.12917771702559952,0.375,127
[3],0.16,0.0,0.0,0.25,0.8500000000000001,sigmoid,sgd,0.7500000000000002,10,gaussian,"(-0.5, 0.5)",15,0.12434945872961277,0.5,128
[4],0.01,0.0,0.0,0.2,0.75,sigmoid,sgd,0.7000000000000002,8,gaussian,"(-0.1, 0.1)",15,0.12903923418192756,0.375,129
[4],0.16,0.0,0.0,0.2,0.8500000000000001,sigmoid,sgd,0.5,4,gaussian,"(-0.1, 0.1)",15,0.05912628632368248,0.875,131
[4],0.16,0.0,0.0,0.1,0.75,sigmoid,sgd,0.7500000000000002,8,gaussian,"(-0.1, 0.1)",15,0.11707327497846169,0.375,132
[3],0.16,0.0,0.0,0.15000000000000002,0.8500000000000001,sigmoid,sgd,0.6000000000000001,4,gaussian,"(-0.1, 0.1)",15,0.05757221409153821,0.875,133
[3],0.16,0.0,0.0,0.25,0.8500000000000001,sigmoid,sgd,0.9000000000000004,12,gaussian,"(-0.1, 0.1)",15,0.12765002825033514,0.375,134
[3],0.16,0.0,0.0,0.15000000000000002,0.8,sigmoid,sgd,0.8000000000000003,8,gaussian,"(-0.1, 0.1)",15,0.1150877733003467,0.4166666666666667,135
[3],0.01,0.0,0.0,0.15000000000000002,0.9000000000000001,sigmoid,sgd,0.7000000000000002,4,gaussian,"(-0.5, 0.5)",15,0.12695406223689767,0.375,136
[4],0.16,0.0,0.0,0.15000000000000002,0.75,sigmoid,sgd,0.6500000000000001,8,gaussian,"(-0.1, 0.1)",15,0.11339011889757235,0.375,137
[3],0.01,0.0,0.0,0.0,0.9000000000000001,sigmoid,sgd,0.5,8,gaussian,"(-0.5, 0.5)",15,0.12689052160365286,0.375,138
[4],0.16,0.0,0.0,0.2,0.75,sigmoid,sgd,0.8500000000000003,10,gaussian,"(-0.5, 0.5)",15,0.1264352294581193,0.375,139
[3],0.01,0.0,0.0,0.1,0.7,sigmoid,sgd,0.7500000000000002,4,gaussian,"(-0.5, 0.5)",15,0.1274002383996715,0.375,140
[4],0.01,0.0,0.0,0.25,0.8,sigmoid,sgd,0.6500000000000001,12,gaussian,"(-0.1, 0.1)",15,0.1289690225223894,0.375,141
[3],0.01,0.0,0.0,0.2,0.8500000000000001,sigmoid,sgd,0.6000000000000001,10,gaussian,"(-0.5, 0.5)",15,0.12669996240267112,0.375,142
[4],0.01,0.0,0.0,0.05,0.7,sigmoid,sgd,0.8500000000000003,12,gaussian,"(-0.1, 0.1)",15,0.12874438987321016,0.375,143
[3],0.16,0.0,0.0,0.25,0.8,sigmoid,sgd,0.9000000000000004,4,gaussian,"(-0.1, 0.1)",15,0.06337028620470503,0.875,144
[4],0.16,0.0,0.0,0.15000000000000002,0.8500000000000001,sigmoid,sgd,0.6500000000000001,2,gaussian,"(-0.5, 0.5)",15,0.06373820460397893,0.8333333333333334,145
[4],0.16,0.0,0.0,0.05,0.8500000000000001,sigmoid,sgd,0.55,8,gaussian,"(-0.1, 0.1)",15,0.062200633173609084,0.875,146
[4],0.16,0.0,0.0,0.2,0.8500000000000001,sigmoid,sgd,0.9000000000000004,4,gaussian,"(-0.1, 0.1)",15,0.060143961297963455,0.875,147
[4],0.16,0.0,0.0,0.25,0.8,sigmoid,sgd,0.8000000000000003,8,gaussian,"(-0.5, 0.5)",15,0.11503438766340508,0.375,148
[4],0.01,0.0,0.0,0.1,0.7,sigmoid,sgd,0.9500000000000004,4,gaussian,"(-0.1, 0.1)",15,0.12948654820744301,0.375,149
[4],0.01,0.0,0.0,0.2,0.9000000000000001,sigmoid,sgd,0.7500000000000002,8,gaussian,"(-0.1, 0.1)",15,0.12957919798201845,0.375,150
[3],0.16,0.0,0.0,0.2,0.75,sigmoid,sgd,0.6000000000000001,8,gaussian,"(-0.5, 0.5)",15,0.12584205804671153,0.5,151
[3],0.01,0.0,0.0,0.0,0.7,sigmoid,sgd,0.5,4,gaussian,"(-0.5, 0.5)",15,0.1277172708662626,0.375,152
[3],0.01,0.0,0.0,0.25,0.75,sigmoid,sgd,0.8000000000000003,4,gaussian,"(-0.1, 0.1)",15,0.12791297917982128,0.375,153
[3],0.01,0.0,0.0,0.2,0.8500000000000001,sigmoid,sgd,0.9500000000000004,10,gaussian,"(-0.5, 0.5)",15,0.126610875095544,0.375,154
[4],0.16,0.0,0.0,0.2,0.7,sigmoid,sgd,0.55,8,gaussian,"(-0.5, 0.5)",15,0.11967466744258726,0.375,155
[4],0.16,0.0,0.0,0.0,0.75,sigmoid,sgd,0.9000000000000004,12,gaussian,"(-0.5, 0.5)",15,0.12700770604346046,0.375,156
[3],0.16,0.0,0.0,0.25,0.8500000000000001,sigmoid,sgd,0.9500000000000004,2,gaussian,"(-0.1, 0.1)",15,0.05825808592956202,0.875,157
[4],0.16,0.0,0.0,0.15000000000000002,0.9000000000000001,sigmoid,sgd,0.55,2,gaussian,"(-0.1, 0.1)",15,0.06608319248603924,0.7916666666666666,158
[4],0.01,0.0,0.0,0.0,0.75,sigmoid,sgd,0.8500000000000003,8,gaussian,"(-0.5, 0.5)",15,0.12826092089805163,0.375,159
[4],0.01,0.0,0.0,0.0,0.8,sigmoid,sgd,0.9000000000000004,10,gaussian,"(-0.5, 0.5)",15,0.12832953769190356,0.375,160
[3],0.16,0.0,0.0,0.15000000000000002,0.8500000000000001,sigmoid,sgd,0.8000000000000003,4,gaussian,"(-0.1, 0.1)",15,0.057078797373078416,0.875,161
[3],0.01,0.0,0.0,0.05,0.8500000000000001,sigmoid,sgd,0.6000000000000001,12,gaussian,"(-0.1, 0.1)",15,0.1275186070996314,0.375,162
[4],0.16,0.0,0.0,0.0,0.8,sigmoid,sgd,0.9000000000000004,8,gaussian,"(-0.1, 0.1)",15,0.1048978583336178,0.7083333333333334,163
[3],0.16,0.0,0.0,0.2,0.75,sigmoid,sgd,0.6500000000000001,8,gaussian,"(-0.1, 0.1)",15,0.13028286375995216,0.375,164
[4],0.01,0.0,0.0,0.1,0.8500000000000001,sigmoid,sgd,0.5,8,gaussian,"(-0.1, 0.1)",15,0.1297093266863816,0.375,165
[3],0.16,0.0,0.0,0.1,0.7,sigmoid,sgd,0.7500000000000002,12,gaussian,"(-0.5, 0.5)",15,0.12975049139227401,0.375,166
[3],0.01,0.0,0.0,0.1,0.8,sigmoid,sgd,0.7000000000000002,12,gaussian,"(-0.1, 0.1)",15,0.1270769630862754,0.375,167
[3],0.01,0.0,0.0,0.25,0.75,sigmoid,sgd,0.6000000000000001,12,gaussian,"(-0.5, 0.5)",15,0.12683294630173167,0.375,168
[4],0.16,0.0,0.0,0.05,0.75,sigmoid,sgd,0.9500000000000004,4,gaussian,"(-0.1, 0.1)",15,0.07329584390977574,0.875,169
[4],0.01,0.0,0.0,0.1,0.7,sigmoid,sgd,0.8500000000000003,8,gaussian,"(-0.1, 0.1)",15,0.12894871233478072,0.375,170
[3],0.16,0.0,0.0,0.15000000000000002,0.8500000000000001,sigmoid,sgd,0.9000000000000004,2,gaussian,"(-0.1, 0.1)",15,0.05815306731723946,0.8333333333333334,171
[4],0.01,0.0,0.0,0.15000000000000002,0.9000000000000001,sigmoid,sgd,0.9000000000000004,10,gaussian,"(-0.1, 0.1)",15,0.12957589123078647,0.375,172
[3],0.16,0.0,0.0,0.15000000000000002,0.8,sigmoid,sgd,0.7500000000000002,4,gaussian,"(-0.1, 0.1)",15,0.057320638348288634,0.875,173
[4],0.16,0.0,0.0,0.2,0.75,sigmoid,sgd,0.7500000000000002,8,gaussian,"(-0.5, 0.5)",15,0.12087561703543104,0.375,174
[3],0.16,0.0,0.0,0.25,0.8500000000000001,sigmoid,sgd,0.5,12,gaussian,"(-0.5, 0.5)",15,0.11911686114332869,0.5416666666666666,175
[4],0.16,0.0,0.0,0.05,0.8500000000000001,sigmoid,sgd,0.9500000000000004,4,gaussian,"(-0.1, 0.1)",15,0.06160788369414655,0.875,176
[3],0.16,0.0,0.0,0.0,0.7,sigmoid,sgd,0.9000000000000004,8,gaussian,"(-0.1, 0.1)",15,0.12990246112936718,0.375,177
[4],0.16,0.0,0.0,0.25,0.75,sigmoid,sgd,0.5,2,gaussian,"(-0.1, 0.1)",15,0.06025161932315661,0.875,178
[4],0.01,0.0,0.0,0.05,0.8500000000000001,sigmoid,sgd,0.6000000000000001,2,gaussian,"(-0.5, 0.5)",15,0.12741655349168837,0.375,179
[4],0.01,0.0,0.0,0.1,0.8500000000000001,sigmoid,sgd,0.55,4,gaussian,"(-0.1, 0.1)",15,0.13047286856509066,0.375,180
[4],0.01,0.0,0.0,0.05,0.7,sigmoid,sgd,0.6500000000000001,8,gaussian,"(-0.1, 0.1)",15,0.12912037256332215,0.375,181
[4],0.01,0.0,0.0,0.15000000000000002,0.8,sigmoid,sgd,0.8000000000000003,4,gaussian,"(-0.5, 0.5)",15,0.1281576236524435,0.375,182
[3],0.01,0.0,0.0,0.1,0.8,sigmoid,sgd,0.7500000000000002,12,gaussian,"(-0.5, 0.5)",15,0.1267529496115836,0.375,183
[4],0.01,0.0,0.0,0.0,0.9000000000000001,sigmoid,sgd,0.7500000000000002,8,gaussian,"(-0.5, 0.5)",15,0.12771865273030994,0.375,184
[4],0.01,0.0,0.0,0.2,0.75,sigmoid,sgd,0.5,2,gaussian,"(-0.5, 0.5)",15,0.12832409807442813,0.375,185
[3],0.16,0.0,0.0,0.2,0.8,sigmoid,sgd,0.55,8,gaussian,"(-0.1, 0.1)",15,0.1204940834885837,0.375,186
[4],0.16,0.0,0.0,0.1,0.8,sigmoid,sgd,0.6000000000000001,10,gaussian,"(-0.1, 0.1)",15,0.1140994107506987,0.375,187
[4],0.16,0.0,0.0,0.2,0.9000000000000001,sigmoid,sgd,0.7000000000000002,8,gaussian,"(-0.5, 0.5)",15,0.09256481035391013,0.875,188
[4],0.16,0.0,0.0,0.0,0.75,sigmoid,sgd,0.9500000000000004,10,gaussian,"(-0.1, 0.1)",15,0.12720442016294317,0.375,189
[3],0.16,0.0,0.0,0.2,0.9000000000000001,sigmoid,sgd,0.5,2,gaussian,"(-0.1, 0.1)",15,0.0620033435048839,0.7916666666666666,190
[4],0.16,0.0,0.0,0.15000000000000002,0.75,sigmoid,sgd,0.6000000000000001,8,gaussian,"(-0.1, 0.1)",15,0.11030350852213473,0.4583333333333333,191
[3],0.01,0.0,0.0,0.05,0.8500000000000001,sigmoid,sgd,0.5,10,gaussian,"(-0.5, 0.5)",15,0.1267642299053399,0.375,192
[3],0.16,0.0,0.0,0.2,0.8500000000000001,sigmoid,sgd,0.6500000000000001,2,gaussian,"(-0.1, 0.1)",15,0.058273538881428354,0.875,193
[4],0.01,0.0,0.0,0.15000000000000002,0.8,sigmoid,sgd,0.7500000000000002,10,gaussian,"(-0.1, 0.1)",15,0.12920531843987243,0.375,194
[3],0.01,0.0,0.0,0.1,0.8,sigmoid,sgd,0.6500000000000001,4,gaussian,"(-0.1, 0.1)",15,0.12863772271167254,0.375,195
[3],0.01,0.0,0.0,0.1,0.8500000000000001,sigmoid,sgd,0.8000000000000003,4,gaussian,"(-0.5, 0.5)",15,0.127145041507787,0.375,196
[4],0.16,0.0,0.0,0.0,0.8,sigmoid,sgd,0.9000000000000004,2,gaussian,"(-0.1, 0.1)",15,0.05943950158607825,0.875,197
[4],0.01,0.0,0.0,0.25,0.8500000000000001,sigmoid,sgd,0.9500000000000004,12,gaussian,"(-0.5, 0.5)",15,0.12811163335039116,0.375,198
[3],0.16,0.0,0.0,0.25,0.8500000000000001,sigmoid,sgd,0.7000000000000002,2,gaussian,"(-0.5, 0.5)",15,0.05928608155730713,0.8333333333333334,199
[4],0.16,0.0,0.0,0.2,0.8,sigmoid,sgd,0.55,4,gaussian,"(-0.5, 0.5)",15,0.07303051498847656,0.875,200
[3],0.01,0.0,0.0,0.25,0.8,sigmoid,sgd,0.9000000000000004,4,gaussian,"(-0.1, 0.1)",15,0.12506104442813284,0.44,1
[3],0.01,0.0,0.0,0.05,0.75,sigmoid,sgd,0.8500000000000003,10,gaussian,"(-0.1, 0.1)",15,0.12522334228984877,0.52,2
[3],0.060000000000000005,0.0,0.0,0.1,0.8,sigmoid,sgd,0.55,8,gaussian,"(-0.5, 0.5)",15,0.12434530902910805,0.56,3
[4],0.060000000000000005,0.0,0.0,0.0,0.8500000000000001,sigmoid,sgd,0.9500000000000004,8,gaussian,"(-0.1, 0.1)",15,0.12309846365878326,0.52,4
[3],0.01,0.0,0.0,0.1,0.7,sigmoid,sgd,0.8500000000000003,10,gaussian,"(-0.1, 0.1)",15,0.12524364401178262,0.52,5
[4],0.060000000000000005,0.0,0.0,0.05,0.8,sigmoid,sgd,0.8500000000000003,8,gaussian,"(-0.1, 0.1)",15,0.12346595757646636,0.52,6
[4],0.01,0.0,0.0,0.05,0.7,sigmoid,sgd,0.6500000000000001,10,gaussian,"(-0.1, 0.1)",15,0.1252602094457102,0.52,7
[4],0.060000000000000005,0.0,0.0,0.25,0.8500000000000001,sigmoid,sgd,0.9000000000000004,10,gaussian,"(-0.5, 0.5)",15,0.12489756713522907,0.52,8
[4],0.060000000000000005,0.0,0.0,0.05,0.75,sigmoid,sgd,0.6000000000000001,10,gaussian,"(-0.5, 0.5)",15,0.12497690904312331,0.6,9
[3],0.060000000000000005,0.0,0.0,0.15000000000000002,0.9000000000000001,sigmoid,sgd,0.9000000000000004,8,gaussian,"(-0.1, 0.1)",15,0.12419197975166943,0.52,10
[4],0.060000000000000005,0.0,0.0,0.05,0.8500000000000001,sigmoid,sgd,0.7000000000000002,10,gaussian,"(-0.1, 0.1)",15,0.1230903137574975,0.52,11
[4],0.01,0.0,0.0,0.2,0.9000000000000001,sigmoid,sgd,0.55,8,gaussian,"(-0.1, 0.1)",15,0.12462006862464174,0.52,12
[3],0.01,0.0,0.0,0.2,0.7,sigmoid,sgd,0.6000000000000001,10,gaussian,"(-0.1, 0.1)",15,0.12519344871568727,0.52,13
[4],0.060000000000000005,0.0,0.0,0.05,0.9000000000000001,sigmoid,sgd,0.8500000000000003,10,gaussian,"(-0.1, 0.1)",15,0.12150701033141197,0.52,14
[3],0.01,0.0,0.0,0.0,0.8,sigmoid,sgd,0.55,10,gaussian,"(-0.1, 0.1)",15,0.12514557230087367,0.52,15
[3],0.01,0.0,0.0,0.1,0.7,sigmoid,sgd,0.9000000000000004,4,gaussian,"(-0.1, 0.1)",15,0.12512779675974392,0.36,16
[4],0.060000000000000005,0.0,0.0,0.05,0.7,sigmoid,sgd,0.8000000000000003,8,gaussian,"(-0.1, 0.1)",15,0.12414383588630756,0.52,17
[3],0.060000000000000005,0.0,0.0,0.25,0.8,sigmoid,sgd,0.9000000000000004,8,gaussian,"(-0.5, 0.5)",15,0.12465230875882767,0.52,18
[3],0.060000000000000005,0.0,0.0,0.15000000000000002,0.75,sigmoid,sgd,0.9000000000000004,4,gaussian,"(-0.1, 0.1)",15,0.12472753836060618,0.56,19
[3],0.060000000000000005,0.0,0.0,0.15000000000000002,0.8500000000000001,sigmoid,sgd,0.8000000000000003,4,gaussian,"(-0.5, 0.5)",15,0.12124989408902524,0.6,20
[4],0.060000000000000005,0.0,0.0,0.15000000000000002,0.9000000000000001,sigmoid,sgd,0.6500000000000001,4,gaussian,"(-0.5, 0.5)",15,0.08281574018730135,0.84,21
[3],0.01,0.0,0.0,0.2,0.8500000000000001,sigmoid,sgd,0.55,10,gaussian,"(-0.1, 0.1)",15,0.12510382059668787,0.52,22
[4],0.060000000000000005,0.0,0.0,0.05,0.8,sigmoid,sgd,0.8500000000000003,10,gaussian,"(-0.1, 0.1)",15,0.12407692623159292,0.52,24
[3],0.060000000000000005,0.0,0.0,0.05,0.8,sigmoid,sgd,0.6000000000000001,8,gaussian,"(-0.1, 0.1)",15,0.12432715468556277,0.6,25
[4],0.01,0.0,0.0,0.05,0.8,sigmoid,sgd,0.7000000000000002,10,gaussian,"(-0.5, 0.5)",15,0.12604352795816143,0.52,26
[3],0.060000000000000005,0.0,0.0,0.2,0.8500000000000001,sigmoid,sgd,0.7000000000000002,4,gaussian,"(-0.5, 0.5)",15,0.12011533073730435,0.56,27
[3],0.060000000000000005,0.0,0.0,0.05,0.8500000000000001,sigmoid,sgd,0.6000000000000001,10,gaussian,"(-0.5, 0.5)",15,0.12436933132476855,0.56,28
[3],0.060000000000000005,0.0,0.0,0.05,0.7,sigmoid,sgd,0.6500000000000001,10,gaussian,"(-0.1, 0.1)",15,0.1249176739123158,0.6,29
[4],0.060000000000000005,0.0,0.0,0.2,0.75,sigmoid,sgd,0.5,4,gaussian,"(-0.5, 0.5)",15,0.11981284355321675,0.6,30
[3],0.060000000000000005,0.0,0.0,0.05,0.7,sigmoid,sgd,0.6500000000000001,8,gaussian,"(-0.5, 0.5)",15,0.12469588460971805,0.52,31
[3],0.01,0.0,0.0,0.0,0.75,sigmoid,sgd,0.7000000000000002,8,gaussian,"(-0.5, 0.5)",15,0.1252689221305904,0.56,32
[3],0.01,0.0,0.0,0.1,0.75,sigmoid,sgd,0.7500000000000002,10,gaussian,"(-0.5, 0.5)",15,0.1253427374801456,0.48,33
[3],0.060000000000000005,0.0,0.0,0.2,0.75,sigmoid,sgd,0.9000000000000004,10,gaussian,"(-0.5, 0.5)",15,0.12485595673754077,0.52,34
[4],0.01,0.0,0.0,0.25,0.8,sigmoid,sgd,0.8000000000000003,8,gaussian,"(-0.5, 0.5)",15,0.12604483181389448,0.48,35
[3],0.01,0.0,0.0,0.15000000000000002,0.8500000000000001,sigmoid,sgd,0.7000000000000002,8,gaussian,"(-0.5, 0.5)",15,0.12523872975246816,0.44,36
[4],0.060000000000000005,0.0,0.0,0.15000000000000002,0.8500000000000001,sigmoid,sgd,0.7000000000000002,10,gaussian,"(-0.1, 0.1)",15,0.12330695941390468,0.52,37
[3],0.060000000000000005,0.0,0.0,0.05,0.75,sigmoid,sgd,0.8500000000000003,10,gaussian,"(-0.5, 0.5)",15,0.12482490342065367,0.52,38
[4],0.01,0.0,0.0,0.25,0.8500000000000001,sigmoid,sgd,0.5,4,gaussian,"(-0.1, 0.1)",15,0.12455962074671303,0.52,39
[3],0.060000000000000005,0.0,0.0,0.0,0.9000000000000001,sigmoid,sgd,0.8500000000000003,10,gaussian,"(-0.5, 0.5)",15,0.12417836298348746,0.52,40
[4],0.060000000000000005,0.0,0.0,0.05,0.8500000000000001,sigmoid,sgd,0.9000000000000004,8,gaussian,"(-0.5, 0.5)",15,0.12450676090941921,0.52,41
[4],0.01,0.0,0.0,0.25,0.8,sigmoid,sgd,0.9000000000000004,4,gaussian,"(-0.1, 0.1)",15,0.12481436724934103,0.52,42
[3],0.060000000000000005,0.0,0.0,0.25,0.75,sigmoid,sgd,0.7500000000000002,10,gaussian,"(-0.5, 0.5)",15,0.12478052599883217,0.52,43
[3],0.060000000000000005,0.0,0.0,0.05,0.8,sigmoid,sgd,0.7500000000000002,10,gaussian,"(-0.1, 0.1)",15,0.12483068033996236,0.56,45
[4],0.01,0.0,0.0,0.2,0.9000000000000001,sigmoid,sgd,0.8000000000000003,4,gaussian,"(-0.1, 0.1)",15,0.12439435329326193,0.52,46
[3],0.060000000000000005,0.0,0.0,0.15000000000000002,0.8,sigmoid,sgd,0.8000000000000003,8,gaussian,"(-0.5, 0.5)",15,0.12460929357985474,0.6,47
[3],0.060000000000000005,0.0,0.0,0.0,0.9000000000000001,sigmoid,sgd,0.5,4,gaussian,"(-0.1, 0.1)",15,0.03823483878090334,0.92,48
[3],0.01,0.0,0.0,0.05,0.75,sigmoid,sgd,0.7000000000000002,8,gaussian,"(-0.1, 0.1)",15,0.1252004625908461,0.4,49
[3],0.060000000000000005,0.0,0.0,0.0,0.9000000000000001,sigmoid,sgd,0.6500000000000001,4,gaussian,"(-0.1, 0.1)",15,0.043561704660898905,0.92,50
[4],0.01,0.0,0.0,0.2,0.7,sigmoid,sgd,0.9000000000000004,10,gaussian,"(-0.1, 0.1)",15,0.1253394570981041,0.52,51
[4],0.060000000000000005,0.0,0.0,0.0,0.8500000000000001,sigmoid,sgd,0.6000000000000001,10,gaussian,"(-0.5, 0.5)",15,0.12428127400063714,0.56,52
[4],0.060000000000000005,0.0,0.0,0.25,0.9000000000000001,sigmoid,sgd,0.7000000000000002,8,gaussian,"(-0.5, 0.5)",15,0.12116626619479076,0.52,53
[4],0.060000000000000005,0.0,0.0,0.0,0.8500000000000001,sigmoid,sgd,0.7500000000000002,8,gaussian,"(-0.5, 0.5)",15,0.12434238956249238,0.52,54
[4],0.01,0.0,0.0,0.2,0.75,sigmoid,sgd,0.9000000000000004,4,gaussian,"(-0.5, 0.5)",15,0.1258020111968426,0.52,55
[4],0.01,0.0,0.0,0.0,0.8,sigmoid,sgd,0.9500000000000004,8,gaussian,"(-0.5, 0.5)",15,0.1260846419053096,0.52,56
[4],0.060000000000000005,0.0,0.0,0.1,0.8500000000000001,sigmoid,sgd,0.55,10,gaussian,"(-0.5, 0.5)",15,0.12414563431403174,0.56,57
[3],0.01,0.0,0.0,0.05,0.75,sigmoid,sgd,0.6500000000000001,8,gaussian,"(-0.5, 0.5)",15,0.12528636050861766,0.44,58
[3],0.060000000000000005,0.0,0.0,0.0,0.9000000000000001,sigmoid,sgd,0.9000000000000004,8,gaussian,"(-0.5, 0.5)",15,0.12365276940946948,0.56,59
[3],0.01,0.0,0.0,0.2,0.8,sigmoid,sgd,0.6000000000000001,4,gaussian,"(-0.5, 0.5)",15,0.12504988981293302,0.52,60
[3],0.01,0.0,0.0,0.15000000000000002,0.8500000000000001,sigmoid,sgd,0.9500000000000004,8,gaussian,"(-0.1, 0.1)",15,0.12518072540946046,0.48,61
[3],0.060000000000000005,0.0,0.0,0.2,0.9000000000000001,sigmoid,sgd,0.7000000000000002,10,gaussian,"(-0.5, 0.5)",15,0.12404589237309505,0.52,62
[3],0.01,0.0,0.0,0.05,0.75,sigmoid,sgd,0.6000000000000001,10,gaussian,"(-0.1, 0.1)",15,0.1251849156884403,0.52,63
[3],0.060000000000000005,0.0,0.0,0.15000000000000002,0.9000000000000001,sigmoid,sgd,0.7000000000000002,10,gaussian,"(-0.5, 0.5)",15,0.12401792061027261,0.56,64
[3],0.01,0.0,0.0,0.1,0.9000000000000001,sigmoid,sgd,0.6000000000000001,8,gaussian,"(-0.1, 0.1)",15,0.125121784996938,0.48,65
[3],0.01,0.0,0.0,0.1,0.9000000000000001,sigmoid,sgd,0.7000000000000002,10,gaussian,"(-0.5, 0.5)",15,0.12522698315560976,0.44,66
[4],0.060000000000000005,0.0,0.0,0.0,0.9000000000000001,sigmoid,sgd,0.5,4,gaussian,"(-0.1, 0.1)",15,0.041443105793924115,0.92,67
[4],0.01,0.0,0.0,0.05,0.8500000000000001,sigmoid,sgd,0.8500000000000003,4,gaussian,"(-0.5, 0.5)",15,0.1255672020172474,0.52,68
[4],0.060000000000000005,0.0,0.0,0.1,0.7,sigmoid,sgd,0.7000000000000002,10,gaussian,"(-0.1, 0.1)",15,0.1244196294787826,0.52,69
[4],0.01,0.0,0.0,0.1,0.8,sigmoid,sgd,0.9000000000000004,8,gaussian,"(-0.1, 0.1)",15,0.12508778237533322,0.52,70
[3],0.060000000000000005,0.0,0.0,0.2,0.8500000000000001,sigmoid,sgd,0.9000000000000004,4,gaussian,"(-0.5, 0.5)",15,0.12242294808633312,0.56,71
[3],0.060000000000000005,0.0,0.0,0.0,0.75,sigmoid,sgd,0.8500000000000003,8,gaussian,"(-0.5, 0.5)",15,0.1246578163949455,0.56,73
[3],0.060000000000000005,0.0,0.0,0.05,0.9000000000000001,sigmoid,sgd,0.7500000000000002,10,gaussian,"(-0.1, 0.1)",15,0.1230698450943954,0.68,74
[4],0.060000000000000005,0.0,0.0,0.2,0.9000000000000001,sigmoid,sgd,0.7500000000000002,8,gaussian,"(-0.5, 0.5)",15,0.12169658081630484,0.52,75
[4],0.01,0.0,0.0,0.15000000000000002,0.7,sigmoid,sgd,0.55,10,gaussian,"(-0.1, 0.1)",15,0.12521494418156928,0.52,77
[3],0.060000000000000005,0.0,0.0,0.25,0.75,sigmoid,sgd,0.9500000000000004,10,gaussian,"(-0.1, 0.1)",15,0.12487040387719923,0.64,78
[4],0.060000000000000005,0.0,0.0,0.1,0.8500000000000001,sigmoid,sgd,0.6500000000000001,10,gaussian,"(-0.5, 0.5)",15,0.1244111247253003,0.56,79
[3],0.01,0.0,0.0,0.15000000000000002,0.75,sigmoid,sgd,0.5,8,gaussian,"(-0.5, 0.5)",15,0.12524839233119028,0.48,80
[4],0.01,0.0,0.0,0.05,0.9000000000000001,sigmoid,sgd,0.55,10,gaussian,"(-0.1, 0.1)",15,0.12473977588305757,0.52,81
[4],0.01,0.0,0.0,0.05,0.8500000000000001,sigmoid,sgd,0.8500000000000003,8,gaussian,"(-0.1, 0.1)",15,0.12493283533282432,0.52,82
[4],0.060000000000000005,0.0,0.0,0.2,0.8,sigmoid,sgd,0.6500000000000001,8,gaussian,"(-0.1, 0.1)",15,0.12316490155512855,0.52,83
[3],0.060000000000000005,0.0,0.0,0.2,0.8,sigmoid,sgd,0.7000000000000002,4,gaussian,"(-0.5, 0.5)",15,0.12312750168771971,0.52,84
[4],0.01,0.0,0.0,0.2,0.8,sigmoid,sgd,0.55,10,gaussian,"(-0.5, 0.5)",15,0.12598416041896873,0.52,85
[4],0.060000000000000005,0.0,0.0,0.05,0.8,sigmoid,sgd,0.8500000000000003,4,gaussian,"(-0.1, 0.1)",15,0.11626663262111495,0.52,87
[4],0.060000000000000005,0.0,0.0,0.0,0.8500000000000001,sigmoid,sgd,0.7500000000000002,10,gaussian,"(-0.5, 0.5)",15,0.124584141842331,0.52,88
[4],0.01,0.0,0.0,0.25,0.75,sigmoid,sgd,0.55,10,gaussian,"(-0.5, 0.5)",15,0.1260468208820893,0.56,89
[4],0.01,0.0,0.0,0.05,0.7,sigmoid,sgd,0.55,4,gaussian,"(-0.5, 0.5)",15,0.12566873477995838,0.52,90
[4],0.060000000000000005,0.0,0.0,0.25,0.9000000000000001,sigmoid,sgd,0.8500000000000003,10,gaussian,"(-0.5, 0.5)",15,0.12412530435939999,0.52,91
[3],0.060000000000000005,0.0,0.0,0.05,0.8500000000000001,sigmoid,sgd,0.7500000000000002,10,gaussian,"(-0.1, 0.1)",15,0.12458346559217937,0.6,92
[4],0.060000000000000005,0.0,0.0,0.05,0.7,sigmoid,sgd,0.5,8,gaussian,"(-0.1, 0.1)",15,0.1235845571684304,0.52,93
[3],0.01,0.0,0.0,0.2,0.75,sigmoid,sgd,0.9500000000000004,4,gaussian,"(-0.1, 0.1)",15,0.12510141269010927,0.44,94
[3],0.01,0.0,0.0,0.25,0.9000000000000001,sigmoid,sgd,0.8500000000000003,8,gaussian,"(-0.1, 0.1)",15,0.1251310179572274,0.48,97
[4],0.060000000000000005,0.0,0.0,0.0,0.7,sigmoid,sgd,0.7000000000000002,10,gaussian,"(-0.5, 0.5)",15,0.12519335495700712,0.6,98
[4],0.060000000000000005,0.0,0.0,0.2,0.9000000000000001,sigmoid,sgd,0.8000000000000003,8,gaussian,"(-0.5, 0.5)",15,0.12224868579696709,0.52,99
[4],0.060000000000000005,0.0,0.0,0.15000000000000002,0.8500000000000001,sigmoid,sgd,0.7000000000000002,8,gaussian,"(-0.5, 0.5)",15,0.1239971751103489,0.52,100
[3],0.01,0.0,0.0,0.0,0.7,sigmoid,sgd,0.9000000000000004,4,gaussian,"(-0.1, 0.1)",15,0.1250653476637212,0.52,101
[4],0.060000000000000005,0.0,0.0,0.25,0.8500000000000001,sigmoid,sgd,0.55,10,gaussian,"(-0.1, 0.1)",15,0.12368193719002177,0.52,102
[4],0.01,0.0,0.0,0.0,0.8,sigmoid,sgd,0.8000000000000003,10,gaussian,"(-0.5, 0.5)",15,0.12607702678530386,0.52,103
[3],0.01,0.0,0.0,0.0,0.9000000000000001,sigmoid,sgd,0.7500000000000002,4,gaussian,"(-0.5, 0.5)",15,0.12487446433362483,0.52,105
[4],0.01,0.0,0.0,0.0,0.75,sigmoid,sgd,0.8500000000000003,10,gaussian,"(-0.5, 0.5)",15,0.12613596272208955,0.52,106
[4],0.060000000000000005,0.0,0.0,0.1,0.75,sigmoid,sgd,0.7000000000000002,10,gaussian,"(-0.5, 0.5)",15,0.12507100364501336,0.6,107
[3],0.01,0.0,0.0,0.15000000000000002,0.9000000000000001,sigmoid,sgd,0.6500000000000001,4,gaussian,"(-0.5, 0.5)",15,0.1248589192824067,0.52,108
[4],0.01,0.0,0.0,0.0,0.8500000000000001,sigmoid,sgd,0.9000000000000004,10,gaussian,"(-0.5, 0.5)",15,0.12603484421058084,0.52,109
[3],0.060000000000000005,0.0,0.0,0.25,0.7,sigmoid,sgd,0.7500000000000002,10,gaussian,"(-0.5, 0.5)",15,0.12484076621168869,0.56,110
[4],0.060000000000000005,0.0,0.0,0.0,0.8500000000000001,sigmoid,sgd,0.7500000000000002,4,gaussian,"(-0.1, 0.1)",15,0.09274740778877445,0.92,111
[3],0.060000000000000005,0.0,0.0,0.2,0.8500000000000001,sigmoid,sgd,0.6500000000000001,8,gaussian,"(-0.1, 0.1)",15,0.12432588543807795,0.56,112
[3],0.01,0.0,0.0,0.1,0.8,sigmoid,sgd,0.7000000000000002,4,gaussian,"(-0.1, 0.1)",15,0.12506858228021728,0.44,113
[3],0.01,0.0,0.0,0.25,0.8500000000000001,sigmoid,sgd,0.6000000000000001,8,gaussian,"(-0.5, 0.5)",15,0.12520736086501016,0.48,114
[4],0.060000000000000005,0.0,0.0,0.1,0.9000000000000001,sigmoid,sgd,0.8500000000000003,8,gaussian,"(-0.1, 0.1)",15,0.11845388101779171,0.52,115
[4],0.060000000000000005,0.0,0.0,0.0,0.7,sigmoid,sgd,0.9500000000000004,10,gaussian,"(-0.5, 0.5)",15,0.12533122864482663,0.52,116
[4],0.01,0.0,0.0,0.0,0.8500000000000001,sigmoid,sgd,0.5,4,gaussian,"(-0.5, 0.5)",15,0.125333054837199,0.56,117
[3],0.060000000000000005,0.0,0.0,0.1,0.8,sigmoid,sgd,0.7500000000000002,4,gaussian,"(-0.1, 0.1)",15,0.12398606029562945,0.48,118
[4],0.060000000000000005,0.0,0.0,0.1,0.9000000000000001,sigmoid,sgd,0.7500000000000002,8,gaussian,"(-0.1, 0.1)",15,0.11635594005612625,0.52,119
[3],0.060000000000000005,0.0,0.0,0.2,0.8500000000000001,sigmoid,sgd,0.9000000000000004,8,gaussian,"(-0.5, 0.5)",15,0.12449480041625195,0.52,120
[4],0.01,0.0,0.0,0.05,0.8,sigmoid,sgd,0.6000000000000001,4,gaussian,"(-0.1, 0.1)",15,0.12461597879627784,0.52,121
[3],0.060000000000000005,0.0,0.0,0.2,0.75,sigmoid,sgd,0.9500000000000004,4,gaussian,"(-0.1, 0.1)",15,0.124561240803651,0.48,122
[4],0.060000000000000005,0.0,0.0,0.25,0.75,sigmoid,sgd,0.9000000000000004,4,gaussian,"(-0.5, 0.5)",15,0.12413370807260594,0.56,123
[3],0.060000000000000005,0.0,0.0,0.25,0.9000000000000001,sigmoid,sgd,0.9000000000000004,10,gaussian,"(-0.1, 0.1)",15,0.12227812630037621,0.68,124
[3],0.01,0.0,0.0,0.1,0.7,sigmoid,sgd,0.7000000000000002,4,gaussian,"(-0.5, 0.5)",15,0.12515359778501461,0.44,125
[4],0.01,0.0,0.0,0.15000000000000002,0.7,sigmoid,sgd,0.8000000000000003,4,gaussian,"(-0.5, 0.5)",15,0.1258055446208683,0.52,126
[3],0.060000000000000005,0.0,0.0,0.0,0.8,sigmoid,sgd,0.7500000000000002,4,gaussian,"(-0.1, 0.1)",15,0.11623456195792212,0.8,127
[4],0.060000000000000005,0.0,0.0,0.25,0.75,sigmoid,sgd,0.5,8,gaussian,"(-0.1, 0.1)",15,0.12347183424620929,0.52,128
[3],0.060000000000000005,0.0,0.0,0.2,0.9000000000000001,sigmoid,sgd,0.8000000000000003,4,gaussian,"(-0.1, 0.1)",15,0.09686175548779681,0.8,130
[4],0.01,0.0,0.0,0.25,0.7,sigmoid,sgd,0.8500000000000003,4,gaussian,"(-0.5, 0.5)",15,0.12585037590694795,0.52,131
[3],0.060000000000000005,0.0,0.0,0.25,0.8500000000000001,sigmoid,sgd,0.5,8,gaussian,"(-0.1, 0.1)",15,0.11881342777985615,0.72,133
[4],0.060000000000000005,0.0,0.0,0.0,0.8,sigmoid,sgd,0.7500000000000002,4,gaussian,"(-0.5, 0.5)",15,0.12084343757701359,0.56,135
[4],0.060000000000000005,0.0,0.0,0.0,0.8500000000000001,sigmoid,sgd,0.7500000000000002,4,gaussian,"(-0.5, 0.5)",15,0.11303573418142401,0.52,136
[4],0.060000000000000005,0.0,0.0,0.15000000000000002,0.9000000000000001,sigmoid,sgd,0.8500000000000003,4,gaussian,"(-0.5, 0.5)",15,0.09722826000330753,0.72,137
[3],0.01,0.0,0.0,0.05,0.8,sigmoid,sgd,0.8500000000000003,8,gaussian,"(-0.5, 0.5)",15,0.12530266674234805,0.44,139
[3],0.01,0.0,0.0,0.2,0.8,sigmoid,sgd,0.55,4,gaussian,"(-0.5, 0.5)",15,0.1250282587703647,0.52,140
[4],0.01,0.0,0.0,0.25,0.8500000000000001,sigmoid,sgd,0.9000000000000004,10,gaussian,"(-0.5, 0.5)",15,0.12604866205304166,0.52,142
[3],0.01,0.0,0.0,0.1,0.9000000000000001,sigmoid,sgd,0.6500000000000001,8,gaussian,"(-0.5, 0.5)",15,0.1251513647289506,0.48,143
[4],0.060000000000000005,0.0,0.0,0.2,0.75,sigmoid,sgd,0.8500000000000003,10,gaussian,"(-0.5, 0.5)",15,0.12520466573191566,0.56,144
[3],0.01,0.0,0.0,0.1,0.7,sigmoid,sgd,0.9000000000000004,10,gaussian,"(-0.1, 0.1)",15,0.1252493422247528,0.52,145
[4],0.01,0.0,0.0,0.0,0.9000000000000001,sigmoid,sgd,0.7500000000000002,10,gaussian,"(-0.5, 0.5)",15,0.12584581861462107,0.52,146
[4],0.01,0.0,0.0,0.1,0.75,sigmoid,sgd,0.9000000000000004,10,gaussian,"(-0.1, 0.1)",15,0.12529262359590157,0.52,147
[3],0.060000000000000005,0.0,0.0,0.2,0.7,sigmoid,sgd,0.6500000000000001,10,gaussian,"(-0.1, 0.1)",15,0.12491553313041688,0.52,148
[4],0.060000000000000005,0.0,0.0,0.25,0.8,sigmoid,sgd,0.8500000000000003,4,gaussian,"(-0.1, 0.1)",15,0.11998123643539993,0.52,149
[4],0.060000000000000005,0.0,0.0,0.15000000000000002,0.8500000000000001,sigmoid,sgd,0.7500000000000002,10,gaussian,"(-0.5, 0.5)",15,0.12458383903823192,0.56,150
[3],0.060000000000000005,0.0,0.0,0.2,0.9000000000000001,sigmoid,sgd,0.55,8,gaussian,"(-0.1, 0.1)",15,0.11866265001347444,0.6,151
[3],0.01,0.0,0.0,0.0,0.8,sigmoid,sgd,0.7500000000000002,10,gaussian,"(-0.1, 0.1)",15,0.12518283435522062,0.52,152
[3],0.060000000000000005,0.0,0.0,0.2,0.8500000000000001,sigmoid,sgd,0.55,8,gaussian,"(-0.1, 0.1)",15,0.12377797888499505,0.56,153
[3],0.060000000000000005,0.0,0.0,0.0,0.7,sigmoid,sgd,0.9000000000000004,4,gaussian,"(-0.5, 0.5)",15,0.12431590812375236,0.52,154
[3],0.060000000000000005,0.0,0.0,0.25,0.8,sigmoid,sgd,0.5,10,gaussian,"(-0.5, 0.5)",15,0.1244983336896831,0.52,155
[4],0.01,0.0,0.0,0.15000000000000002,0.9000000000000001,sigmoid,sgd,0.55,8,gaussian,"(-0.5, 0.5)",15,0.12565804766425379,0.52,156
[4],0.01,0.0,0.0,0.2,0.9000000000000001,sigmoid,sgd,0.8000000000000003,10,gaussian,"(-0.5, 0.5)",15,0.12587360148292193,0.52,158
[4],0.060000000000000005,0.0,0.0,0.15000000000000002,0.7,sigmoid,sgd,0.9500000000000004,8,gaussian,"(-0.5, 0.5)",15,0.1252995035749921,0.52,159
[4],0.01,0.0,0.0,0.25,0.7,sigmoid,sgd,0.6500000000000001,4,gaussian,"(-0.1, 0.1)",15,0.12486598120318344,0.52,160
[3],0.060000000000000005,0.0,0.0,0.1,0.8500000000000001,sigmoid,sgd,0.9000000000000004,10,gaussian,"(-0.1, 0.1)",15,0.12495327369940068,0.48,161
[3],0.01,0.0,0.0,0.2,0.8,sigmoid,sgd,0.8500000000000003,10,gaussian,"(-0.5, 0.5)",15,0.12533741059691234,0.48,162
[4],0.060000000000000005,0.0,0.0,0.05,0.75,sigmoid,sgd,0.7000000000000002,10,gaussian,"(-0.5, 0.5)",15,0.12506665748338452,0.6,163
[4],0.060000000000000005,0.0,0.0,0.1,0.9000000000000001,sigmoid,sgd,0.8000000000000003,8,gaussian,"(-0.5, 0.5)",15,0.12208187057250333,0.52,164
[3],0.060000000000000005,0.0,0.0,0.25,0.7,sigmoid,sgd,0.6500000000000001,4,gaussian,"(-0.5, 0.5)",15,0.12402196044106278,0.56,165
[3],0.01,0.0,0.0,0.2,0.9000000000000001,sigmoid,sgd,0.6500000000000001,4,gaussian,"(-0.5, 0.5)",15,0.1248677329923187,0.52,166
[4],0.060000000000000005,0.0,0.0,0.0,0.75,sigmoid,sgd,0.8500000000000003,10,gaussian,"(-0.5, 0.5)",15,0.125175102568531,0.56,167
[4],0.060000000000000005,0.0,0.0,0.25,0.7,sigmoid,sgd,0.8000000000000003,4,gaussian,"(-0.5, 0.5)",15,0.1244115134703684,0.6,168
[4],0.01,0.0,0.0,0.25,0.8,sigmoid,sgd,0.7500000000000002,8,gaussian,"(-0.5, 0.5)",15,0.12602654889124007,0.48,169
[3],0.060000000000000005,0.0,0.0,0.1,0.75,sigmoid,sgd,0.7000000000000002,10,gaussian,"(-0.1, 0.1)",15,0.12496108140407673,0.52,170
[4],0.060000000000000005,0.0,0.0,0.2,0.75,sigmoid,sgd,0.55,8,gaussian,"(-0.1, 0.1)",15,0.12354245273557823,0.52,171
[3],0.060000000000000005,0.0,0.0,0.1,0.75,sigmoid,sgd,0.8500000000000003,8,gaussian,"(-0.5, 0.5)",15,0.12476135621996781,0.56,172
[3],0.060000000000000005,0.0,0.0,0.25,0.8,sigmoid,sgd,0.7000000000000002,4,gaussian,"(-0.5, 0.5)",15,0.12273908325501397,0.56,173
[3],0.060000000000000005,0.0,0.0,0.1,0.9000000000000001,sigmoid,sgd,0.6000000000000001,8,gaussian,"(-0.5, 0.5)",15,0.12244099084582405,0.56,174
[4],0.01,0.0,0.0,0.05,0.9000000000000001,sigmoid,sgd,0.9500000000000004,4,gaussian,"(-0.1, 0.1)",15,0.1243658439716382,0.52,175
[3],0.01,0.0,0.0,0.1,0.9000000000000001,sigmoid,sgd,0.55,10,gaussian,"(-0.1, 0.1)",15,0.12507959255185502,0.52,176
[4],0.01,0.0,0.0,0.2,0.8500000000000001,sigmoid,sgd,0.5,8,gaussian,"(-0.1, 0.1)",15,0.12477900832569501,0.52,177
[3],0.01,0.0,0.0,0.0,0.8500000000000001,sigmoid,sgd,0.8500000000000003,4,gaussian,"(-0.5, 0.5)",15,0.1250385004420595,0.56,178
[3],0.01,0.0,0.0,0.2,0.8500000000000001,sigmoid,sgd,0.7000000000000002,8,gaussian,"(-0.5, 0.5)",15,0.12524357540028727,0.44,180
[3],0.01,0.0,0.0,0.15000000000000002,0.8,sigmoid,sgd,0.5,10,gaussian,"(-0.1, 0.1)",15,0.12512594833376406,0.52,181
[3],0.01,0.0,0.0,0.0,0.7,sigmoid,sgd,0.5,8,gaussian,"(-0.1, 0.1)",15,0.12509237196366943,0.52,182
[3],0.01,0.0,0.0,0.05,0.9000000000000001,sigmoid,sgd,0.6500000000000001,8,gaussian,"(-0.1, 0.1)",15,0.12510072838415287,0.44,183
[4],0.060000000000000005,0.0,0.0,0.1,0.7,sigmoid,sgd,0.7500000000000002,10,gaussian,"(-0.5, 0.5)",15,0.1252253274028842,0.52,184
[4],0.060000000000000005,0.0,0.0,0.05,0.8,sigmoid,sgd,0.6500000000000001,8,gaussian,"(-0.5, 0.5)",15,0.12456116633258628,0.52,185
[3],0.060000000000000005,0.0,0.0,0.15000000000000002,0.9000000000000001,sigmoid,sgd,0.6500000000000001,8,gaussian,"(-0.5, 0.5)",15,0.12279086954681563,0.56,186
[4],0.01,0.0,0.0,0.2,0.75,sigmoid,sgd,0.55,4,gaussian,"(-0.5, 0.5)",15,0.1256213269611755,0.52,187
[3],0.060000000000000005,0.0,0.0,0.1,0.7,sigmoid,sgd,0.6500000000000001,10,gaussian,"(-0.5, 0.5)",15,0.12481891022726822,0.56,188
[3],0.060000000000000005,0.0,0.0,0.1,0.8500000000000001,sigmoid,sgd,0.7500000000000002,10,gaussian,"(-0.5, 0.5)",15,0.12455804923519022,0.56,189
[3],0.060000000000000005,0.0,0.0,0.1,0.75,sigmoid,sgd,0.9500000000000004,4,gaussian,"(-0.1, 0.1)",15,0.12483679489193486,0.44,190
[4],0.060000000000000005,0.0,0.0,0.1,0.75,sigmoid,sgd,0.9500000000000004,4,gaussian,"(-0.5, 0.5)",15,0.12401426314173752,0.56,191
[4],0.060000000000000005,0.0,0.0,0.25,0.8500000000000001,sigmoid,sgd,0.6000000000000001,10,gaussian,"(-0.1, 0.1)",15,0.12383276707572864,0.52,192
[3],0.01,0.0,0.0,0.0,0.7,sigmoid,sgd,0.55,10,gaussian,"(-0.1, 0.1)",15,0.12518851856669938,0.52,193
[3],0.060000000000000005,0.0,0.0,0.1,0.7,sigmoid,sgd,0.9000000000000004,10,gaussian,"(-0.1, 0.1)",15,0.12499511277953441,0.56,194
[3],0.060000000000000005,0.0,0.0,0.2,0.8,sigmoid,sgd,0.55,10,gaussian,"(-0.1, 0.1)",15,0.12471561956334877,0.68,195
[3],0.060000000000000005,0.0,0.0,0.1,0.8,sigmoid,sgd,0.8500000000000003,10,gaussian,"(-0.1, 0.1)",15,0.124970331149442,0.56,196
[4],0.01,0.0,0.0,0.25,0.7,sigmoid,sgd,0.9000000000000004,8,gaussian,"(-0.1, 0.1)",15,0.12522628955629578,0.52,197
[3],0.01,0.0,0.0,0.15000000000000002,0.8500000000000001,sigmoid,sgd,0.6500000000000001,10,gaussian,"(-0.5, 0.5)",15,0.12527154067289875,0.52,198
[3],0.01,0.0,0.0,0.25,0.8,sigmoid,sgd,0.6500000000000001,10,gaussian,"(-0.5, 0.5)",15,0.1253010669245818,0.52,199
[3],0.060000000000000005,0.0,0.0,0.05,0.9000000000000001,sigmoid,sgd,0.6000000000000001,10,gaussian,"(-0.5, 0.5)",15,0.12367009294598301,0.52,200
[3],0.01,0.0,0.0,0.15000000000000002,0.75,sigmoid,sgd,0.5,10,gaussian,"(-0.5, 0.5)",15,0.12483537782466061,0.56,1
[4],0.01,0.0,0.0,0.1,0.9000000000000001,sigmoid,sgd,0.55,10,gaussian,"(-0.1, 0.1)",15,0.12571774798380583,0.48,2
[3],0.01,0.0,0.0,0.1,0.75,sigmoid,sgd,0.7500000000000002,4,gaussian,"(-0.1, 0.1)",15,0.12513806028328975,0.48,3
[4],0.060000000000000005,0.0,0.0,0.1,0.8,sigmoid,sgd,0.8000000000000003,8,gaussian,"(-0.1, 0.1)",15,0.12473913025309312,0.48,4
[3],0.01,0.0,0.0,0.1,0.9000000000000001,sigmoid,sgd,0.7000000000000002,8,gaussian,"(-0.1, 0.1)",15,0.1250314668482958,0.48,5
[3],0.01,0.0,0.0,0.25,0.8500000000000001,sigmoid,sgd,0.7000000000000002,8,gaussian,"(-0.1, 0.1)",15,0.12511740661457058,0.48,6
[3],0.060000000000000005,0.0,0.0,0.1,0.8500000000000001,sigmoid,sgd,0.7000000000000002,4,gaussian,"(-0.1, 0.1)",15,0.11636684659733966,0.68,7
[4],0.01,0.0,0.0,0.05,0.8,sigmoid,sgd,0.7500000000000002,8,gaussian,"(-0.5, 0.5)",15,0.12777253462562363,0.48,8
[3],0.060000000000000005,0.0,0.0,0.1,0.9000000000000001,sigmoid,sgd,0.8000000000000003,8,gaussian,"(-0.5, 0.5)",15,0.12241040715294085,0.64,9
[3],0.060000000000000005,0.0,0.0,0.15000000000000002,0.8,sigmoid,sgd,0.9500000000000004,10,gaussian,"(-0.1, 0.1)",15,0.12538429086129294,0.48,10
[4],0.01,0.0,0.0,0.15000000000000002,0.8,sigmoid,sgd,0.7000000000000002,4,gaussian,"(-0.1, 0.1)",15,0.12560862889474167,0.48,11
[4],0.060000000000000005,0.0,0.0,0.0,0.8500000000000001,sigmoid,sgd,0.7500000000000002,10,gaussian,"(-0.1, 0.1)",15,0.12450415290005788,0.48,12
[3],0.060000000000000005,0.0,0.0,0.05,0.9000000000000001,sigmoid,sgd,0.55,4,gaussian,"(-0.5, 0.5)",15,0.0669531879097967,0.88,13
[3],0.01,0.0,0.0,0.15000000000000002,0.8,sigmoid,sgd,0.5,8,gaussian,"(-0.5, 0.5)",15,0.12470624375731613,0.6,14
[4],0.01,0.0,0.0,0.0,0.75,sigmoid,sgd,0.6500000000000001,10,gaussian,"(-0.5, 0.5)",15,0.12800000044283555,0.48,15
[4],0.01,0.0,0.0,0.15000000000000002,0.8500000000000001,sigmoid,sgd,0.55,4,gaussian,"(-0.1, 0.1)",15,0.12544369462279856,0.48,16
[3],0.01,0.0,0.0,0.2,0.75,sigmoid,sgd,0.6500000000000001,8,gaussian,"(-0.1, 0.1)",15,0.12517407372292716,0.48,17
[4],0.060000000000000005,0.0,0.0,0.0,0.9000000000000001,sigmoid,sgd,0.5,10,gaussian,"(-0.1, 0.1)",15,0.11138579298357035,0.6,18
[4],0.01,0.0,0.0,0.2,0.7,sigmoid,sgd,0.8500000000000003,4,gaussian,"(-0.5, 0.5)",15,0.12754116838400117,0.48,19
[4],0.060000000000000005,0.0,0.0,0.2,0.8500000000000001,sigmoid,sgd,0.9500000000000004,4,gaussian,"(-0.1, 0.1)",15,0.11769977439227403,0.48,20
[3],0.060000000000000005,0.0,0.0,0.0,0.75,sigmoid,sgd,0.6000000000000001,10,gaussian,"(-0.5, 0.5)",15,0.12428371528554662,0.52,21
[3],0.060000000000000005,0.0,0.0,0.15000000000000002,0.75,sigmoid,sgd,0.7000000000000002,4,gaussian,"(-0.5, 0.5)",15,0.12336167636025568,0.6,22
[4],0.01,0.0,0.0,0.1,0.7,sigmoid,sgd,0.9000000000000004,10,gaussian,"(-0.5, 0.5)",15,0.1281459756009939,0.48,23
[4],0.060000000000000005,0.0,0.0,0.25,0.8500000000000001,sigmoid,sgd,0.6500000000000001,8,gaussian,"(-0.5, 0.5)",15,0.12370538897201203,0.48,24
[3],0.060000000000000005,0.0,0.0,0.05,0.8500000000000001,sigmoid,sgd,0.9000000000000004,8,gaussian,"(-0.5, 0.5)",15,0.1234743521203303,0.64,25
[3],0.060000000000000005,0.0,0.0,0.0,0.75,sigmoid,sgd,0.7500000000000002,4,gaussian,"(-0.1, 0.1)",15,0.12321914104557878,0.48,26
[3],0.01,0.0,0.0,0.25,0.9000000000000001,sigmoid,sgd,0.6500000000000001,4,gaussian,"(-0.5, 0.5)",15,0.12431454930724337,0.6,27
[4],0.01,0.0,0.0,0.1,0.8,sigmoid,sgd,0.8000000000000003,4,gaussian,"(-0.1, 0.1)",15,0.12565627528010495,0.48,28
[3],0.01,0.0,0.0,0.05,0.8,sigmoid,sgd,0.9500000000000004,10,gaussian,"(-0.5, 0.5)",15,0.12486912130600449,0.56,29
[4],0.060000000000000005,0.0,0.0,0.0,0.7,sigmoid,sgd,0.8500000000000003,8,gaussian,"(-0.1, 0.1)",15,0.1251602872931667,0.48,30
[4],0.060000000000000005,0.0,0.0,0.0,0.9000000000000001,sigmoid,sgd,0.8500000000000003,8,gaussian,"(-0.5, 0.5)",15,0.12211531817822387,0.52,31
[4],0.01,0.0,0.0,0.2,0.8500000000000001,sigmoid,sgd,0.8500000000000003,4,gaussian,"(-0.1, 0.1)",15,0.12558514719765537,0.48,32
[4],0.060000000000000005,0.0,0.0,0.0,0.8500000000000001,sigmoid,sgd,0.7000000000000002,4,gaussian,"(-0.5, 0.5)",15,0.10748146203039782,0.56,33
[3],0.060000000000000005,0.0,0.0,0.25,0.75,sigmoid,sgd,0.8000000000000003,10,gaussian,"(-0.1, 0.1)",15,0.12521244750000085,0.48,34
[3],0.01,0.0,0.0,0.15000000000000002,0.7,sigmoid,sgd,0.5,10,gaussian,"(-0.1, 0.1)",15,0.12526075204314754,0.48,35
[4],0.01,0.0,0.0,0.15000000000000002,0.7,sigmoid,sgd,0.55,8,gaussian,"(-0.5, 0.5)",15,0.12782238156552694,0.48,36
[3],0.060000000000000005,0.0,0.0,0.05,0.75,sigmoid,sgd,0.7500000000000002,10,gaussian,"(-0.1, 0.1)",15,0.1251075748633219,0.48,37
[4],0.060000000000000005,0.0,0.0,0.05,0.7,sigmoid,sgd,0.7500000000000002,8,gaussian,"(-0.1, 0.1)",15,0.12510808300042928,0.48,38
[3],0.060000000000000005,0.0,0.0,0.25,0.7,sigmoid,sgd,0.6500000000000001,10,gaussian,"(-0.5, 0.5)",15,0.12446264507973613,0.52,39
[4],0.01,0.0,0.0,0.05,0.8500000000000001,sigmoid,sgd,0.9500000000000004,4,gaussian,"(-0.5, 0.5)",15,0.1271234954133107,0.52,40
[4],0.01,0.0,0.0,0.15000000000000002,0.9000000000000001,sigmoid,sgd,0.55,4,gaussian,"(-0.1, 0.1)",15,0.12523868731753904,0.48,41
[4],0.01,0.0,0.0,0.0,0.7,sigmoid,sgd,0.8000000000000003,4,gaussian,"(-0.5, 0.5)",15,0.12750577818430642,0.48,42
[3],0.060000000000000005,0.0,0.0,0.0,0.9000000000000001,sigmoid,sgd,0.9500000000000004,10,gaussian,"(-0.5, 0.5)",15,0.12367166117803884,0.6,43
[4],0.01,0.0,0.0,0.0,0.75,sigmoid,sgd,0.9500000000000004,10,gaussian,"(-0.5, 0.5)",15,0.12811897986022772,0.48,44
[3],0.01,0.0,0.0,0.0,0.75,sigmoid,sgd,0.9000000000000004,10,gaussian,"(-0.1, 0.1)",15,0.12526204024635576,0.48,45
[4],0.01,0.0,0.0,0.25,0.8,sigmoid,sgd,0.7000000000000002,10,gaussian,"(-0.5, 0.5)",15,0.12790379226243806,0.48,46
[3],0.060000000000000005,0.0,0.0,0.15000000000000002,0.9000000000000001,sigmoid,sgd,0.7500000000000002,4,gaussian,"(-0.1, 0.1)",15,0.05787439683610574,0.96,47
[3],0.01,0.0,0.0,0.25,0.9000000000000001,sigmoid,sgd,0.5,8,gaussian,"(-0.5, 0.5)",15,0.12452975369395476,0.6,48
[3],0.01,0.0,0.0,0.0,0.9000000000000001,sigmoid,sgd,0.8000000000000003,10,gaussian,"(-0.5, 0.5)",15,0.1247359739652484,0.6,49
[3],0.060000000000000005,0.0,0.0,0.0,0.9000000000000001,sigmoid,sgd,0.8000000000000003,4,gaussian,"(-0.5, 0.5)",15,0.10362273589949052,0.68,50
[4],0.060000000000000005,0.0,0.0,0.0,0.9000000000000001,sigmoid,sgd,0.7000000000000002,10,gaussian,"(-0.1, 0.1)",15,0.12024616983542728,0.48,51
[4],0.060000000000000005,0.0,0.0,0.2,0.8500000000000001,sigmoid,sgd,0.8000000000000003,4,gaussian,"(-0.5, 0.5)",15,0.11291275967820628,0.52,52
[3],0.060000000000000005,0.0,0.0,0.0,0.8500000000000001,sigmoid,sgd,0.8000000000000003,8,gaussian,"(-0.1, 0.1)",15,0.12446736366167696,0.48,53
[4],0.01,0.0,0.0,0.0,0.75,sigmoid,sgd,0.9500000000000004,4,gaussian,"(-0.5, 0.5)",15,0.1274885755657059,0.48,54
[3],0.01,0.0,0.0,0.15000000000000002,0.75,sigmoid,sgd,0.8000000000000003,10,gaussian,"(-0.5, 0.5)",15,0.12488204990851294,0.56,55
[4],0.060000000000000005,0.0,0.0,0.05,0.7,sigmoid,sgd,0.55,4,gaussian,"(-0.5, 0.5)",15,0.12301072469692997,0.52,56
[4],0.060000000000000005,0.0,0.0,0.0,0.9000000000000001,sigmoid,sgd,0.8500000000000003,8,gaussian,"(-0.1, 0.1)",15,0.11513833386963918,0.56,57
[3],0.060000000000000005,0.0,0.0,0.25,0.9000000000000001,sigmoid,sgd,0.55,10,gaussian,"(-0.5, 0.5)",15,0.12305155342595703,0.6,58
[4],0.01,0.0,0.0,0.0,0.7,sigmoid,sgd,0.7500000000000002,4,gaussian,"(-0.5, 0.5)",15,0.12747073848893606,0.48,61
[3],0.01,0.0,0.0,0.2,0.8500000000000001,sigmoid,sgd,0.8000000000000003,4,gaussian,"(-0.1, 0.1)",15,0.12520446134629454,0.48,62
[3],0.060000000000000005,0.0,0.0,0.1,0.8500000000000001,sigmoid,sgd,0.8500000000000003,8,gaussian,"(-0.1, 0.1)",15,0.12485019415053361,0.56,63
[3],0.060000000000000005,0.0,0.0,0.15000000000000002,0.75,sigmoid,sgd,0.8000000000000003,10,gaussian,"(-0.5, 0.5)",15,0.12445163669800667,0.52,64
[4],0.060000000000000005,0.0,0.0,0.2,0.9000000000000001,sigmoid,sgd,0.5,8,gaussian,"(-0.1, 0.1)",15,0.10855138102158551,0.56,65
[4],0.01,0.0,0.0,0.15000000000000002,0.9000000000000001,sigmoid,sgd,0.6500000000000001,10,gaussian,"(-0.5, 0.5)",15,0.12745951238966222,0.52,66
[3],0.01,0.0,0.0,0.2,0.8500000000000001,sigmoid,sgd,0.9500000000000004,8,gaussian,"(-0.1, 0.1)",15,0.12516406073666814,0.48,67
[4],0.01,0.0,0.0,0.2,0.75,sigmoid,sgd,0.5,4,gaussian,"(-0.1, 0.1)",15,0.12558233696454832,0.48,68
[3],0.01,0.0,0.0,0.2,0.8500000000000001,sigmoid,sgd,0.7500000000000002,10,gaussian,"(-0.5, 0.5)",15,0.12482796584602678,0.56,69
[3],0.01,0.0,0.0,0.05,0.9000000000000001,sigmoid,sgd,0.7500000000000002,10,gaussian,"(-0.1, 0.1)",15,0.12515830103485842,0.48,70
[4],0.060000000000000005,0.0,0.0,0.1,0.75,sigmoid,sgd,0.6000000000000001,10,gaussian,"(-0.1, 0.1)",15,0.12526388242410985,0.48,71
[3],0.060000000000000005,0.0,0.0,0.1,0.8,sigmoid,sgd,0.9500000000000004,4,gaussian,"(-0.5, 0.5)",15,0.12318500819203465,0.6,72
[3],0.01,0.0,0.0,0.15000000000000002,0.75,sigmoid,sgd,0.7500000000000002,4,gaussian,"(-0.5, 0.5)",15,0.12467182667301278,0.56,73
[4],0.01,0.0,0.0,0.1,0.75,sigmoid,sgd,0.55,10,gaussian,"(-0.1, 0.1)",15,0.12604364708959323,0.48,74
[4],0.060000000000000005,0.0,0.0,0.25,0.8500000000000001,sigmoid,sgd,0.7500000000000002,10,gaussian,"(-0.1, 0.1)",15,0.1250943007199693,0.48,75
[4],0.01,0.0,0.0,0.05,0.8500000000000001,sigmoid,sgd,0.7500000000000002,8,gaussian,"(-0.1, 0.1)",15,0.1257865445751644,0.48,76
[4],0.01,0.0,0.0,0.15000000000000002,0.75,sigmoid,sgd,0.5,8,gaussian,"(-0.5, 0.5)",15,0.12769002698715515,0.48,77
[3],0.060000000000000005,0.0,0.0,0.2,0.9000000000000001,sigmoid,sgd,0.5,8,gaussian,"(-0.5, 0.5)",15,0.12118406764763094,0.6,79
[4],0.01,0.0,0.0,0.0,0.7,sigmoid,sgd,0.8500000000000003,4,gaussian,"(-0.5, 0.5)",15,0.1275379340507505,0.48,80
[4],0.060000000000000005,0.0,0.0,0.25,0.8,sigmoid,sgd,0.8000000000000003,8,gaussian,"(-0.5, 0.5)",15,0.12532998884487853,0.48,81
[3],0.060000000000000005,0.0,0.0,0.15000000000000002,0.8500000000000001,sigmoid,sgd,0.6000000000000001,10,gaussian,"(-0.1, 0.1)",15,0.12523864886965733,0.48,82
[4],0.060000000000000005,0.0,0.0,0.2,0.75,sigmoid,sgd,0.9500000000000004,4,gaussian,"(-0.5, 0.5)",15,0.124301801842283,0.48,83
[3],0.060000000000000005,0.0,0.0,0.25,0.7,sigmoid,sgd,0.6000000000000001,4,gaussian,"(-0.1, 0.1)",15,0.12215723539030328,0.56,84
[3],0.060000000000000005,0.0,0.0,0.0,0.8500000000000001,sigmoid,sgd,0.55,4,gaussian,"(-0.5, 0.5)",15,0.1135912307209131,0.64,85
[4],0.060000000000000005,0.0,0.0,0.2,0.8500000000000001,sigmoid,sgd,0.6000000000000001,4,gaussian,"(-0.1, 0.1)",15,0.10050895715852812,0.64,86
[3],0.060000000000000005,0.0,0.0,0.2,0.8,sigmoid,sgd,0.9500000000000004,10,gaussian,"(-0.1, 0.1)",15,0.12534103856905138,0.48,87
[3],0.060000000000000005,0.0,0.0,0.15000000000000002,0.75,sigmoid,sgd,0.6500000000000001,4,gaussian,"(-0.5, 0.5)",15,0.12322822060165409,0.6,88
[4],0.060000000000000005,0.0,0.0,0.25,0.8500000000000001,sigmoid,sgd,0.8000000000000003,10,gaussian,"(-0.5, 0.5)",15,0.1254974448909005,0.48,90
[3],0.01,0.0,0.0,0.0,0.8,sigmoid,sgd,0.6500000000000001,4,gaussian,"(-0.1, 0.1)",15,0.12516398138247603,0.48,91
[3],0.060000000000000005,0.0,0.0,0.0,0.8,sigmoid,sgd,0.9000000000000004,8,gaussian,"(-0.1, 0.1)",15,0.1250141159771469,0.48,92
[3],0.060000000000000005,0.0,0.0,0.05,0.75,sigmoid,sgd,0.7000000000000002,8,gaussian,"(-0.5, 0.5)",15,0.12392453150372237,0.6,95
[4],0.060000000000000005,0.0,0.0,0.05,0.8500000000000001,sigmoid,sgd,0.9000000000000004,10,gaussian,"(-0.5, 0.5)",15,0.12578361666750573,0.48,96
[4],0.01,0.0,0.0,0.15000000000000002,0.7,sigmoid,sgd,0.7000000000000002,10,gaussian,"(-0.1, 0.1)",15,0.12616571013901987,0.48,97
[3],0.01,0.0,0.0,0.0,0.9000000000000001,sigmoid,sgd,0.8500000000000003,8,gaussian,"(-0.5, 0.5)",15,0.12466538551033468,0.6,98
[4],0.060000000000000005,0.0,0.0,0.25,0.7,sigmoid,sgd,0.7500000000000002,10,gaussian,"(-0.1, 0.1)",15,0.12543868727273946,0.48,99
[3],0.060000000000000005,0.0,0.0,0.0,0.8500000000000001,sigmoid,sgd,0.55,4,gaussian,"(-0.1, 0.1)",15,0.0744322061093556,0.88,100
[4],0.060000000000000005,0.0,0.0,0.1,0.8,sigmoid,sgd,0.8500000000000003,4,gaussian,"(-0.5, 0.5)",15,0.12187268133083831,0.52,101
[4],0.01,0.0,0.0,0.1,0.75,sigmoid,sgd,0.7500000000000002,10,gaussian,"(-0.1, 0.1)",15,0.12613775973377053,0.48,103
[4],0.060000000000000005,0.0,0.0,0.05,0.75,sigmoid,sgd,0.9500000000000004,8,gaussian,"(-0.5, 0.5)",15,0.12609265921692717,0.52,104
[4],0.060000000000000005,0.0,0.0,0.15000000000000002,0.7,sigmoid,sgd,0.7500000000000002,10,gaussian,"(-0.1, 0.1)",15,0.12542396191712774,0.48,105
[3],0.01,0.0,0.0,0.05,0.8,sigmoid,sgd,0.9000000000000004,10,gaussian,"(-0.1, 0.1)",15,0.12524102056543607,0.48,106
[3],0.01,0.0,0.0,0.1,0.8,sigmoid,sgd,0.7500000000000002,8,gaussian,"(-0.1, 0.1)",15,0.12512099622051662,0.48,107
[3],0.060000000000000005,0.0,0.0,0.0,0.75,sigmoid,sgd,0.9500000000000004,10,gaussian,"(-0.1, 0.1)",15,0.12514757728573184,0.48,108
[4],0.01,0.0,0.0,0.15000000000000002,0.8,sigmoid,sgd,0.5,10,gaussian,"(-0.5, 0.5)",15,0.127779927528619,0.48,109
[4],0.060000000000000005,0.0,0.0,0.0,0.9000000000000001,sigmoid,sgd,0.5,8,gaussian,"(-0.1, 0.1)",15,0.08351301835472186,0.96,110
[4],0.01,0.0,0.0,0.15000000000000002,0.7,sigmoid,sgd,0.8500000000000003,4,gaussian,"(-0.5, 0.5)",15,0.12755236917765617,0.48,111
[3],0.060000000000000005,0.0,0.0,0.25,0.8500000000000001,sigmoid,sgd,0.6500000000000001,10,gaussian,"(-0.5, 0.5)",15,0.12399906076535873,0.56,112
[3],0.060000000000000005,0.0,0.0,0.1,0.8,sigmoid,sgd,0.5,8,gaussian,"(-0.5, 0.5)",15,0.12347565404316395,0.6,114
[4],0.01,0.0,0.0,0.0,0.7,sigmoid,sgd,0.7500000000000002,8,gaussian,"(-0.1, 0.1)",15,0.1259575682676047,0.48,115
[4],0.060000000000000005,0.0,0.0,0.05,0.7,sigmoid,sgd,0.8000000000000003,10,gaussian,"(-0.5, 0.5)",15,0.12665956995123565,0.48,116
[3],0.01,0.0,0.0,0.05,0.7,sigmoid,sgd,0.9500000000000004,10,gaussian,"(-0.1, 0.1)",15,0.12527647837031852,0.48,117
[4],0.060000000000000005,0.0,0.0,0.2,0.7,sigmoid,sgd,0.8000000000000003,8,gaussian,"(-0.1, 0.1)",15,0.12520668023114495,0.48,118
[4],0.060000000000000005,0.0,0.0,0.0,0.9000000000000001,sigmoid,sgd,0.6500000000000001,8,gaussian,"(-0.5, 0.5)",15,0.11857671313801975,0.52,119
[4],0.01,0.0,0.0,0.2,0.75,sigmoid,sgd,0.8500000000000003,8,gaussian,"(-0.1, 0.1)",15,0.1260129504400294,0.48,121
[4],0.060000000000000005,0.0,0.0,0.1,0.7,sigmoid,sgd,0.8000000000000003,4,gaussian,"(-0.1, 0.1)",15,0.12371442996146227,0.48,122
[4],0.01,0.0,0.0,0.0,0.75,sigmoid,sgd,0.9000000000000004,10,gaussian,"(-0.1, 0.1)",15,0.12620555324203056,0.48,124
[3],0.01,0.0,0.0,0.15000000000000002,0.75,sigmoid,sgd,0.6500000000000001,4,gaussian,"(-0.1, 0.1)",15,0.12520169161744973,0.48,125
[4],0.01,0.0,0.0,0.25,0.8,sigmoid,sgd,0.8500000000000003,8,gaussian,"(-0.5, 0.5)",15,0.12779832856976608,0.48,126
[3],0.01,0.0,0.0,0.2,0.8500000000000001,sigmoid,sgd,0.55,8,gaussian,"(-0.5, 0.5)",15,0.12468296209488376,0.6,127
[4],0.01,0.0,0.0,0.1,0.8500000000000001,sigmoid,sgd,0.6000000000000001,8,gaussian,"(-0.5, 0.5)",15,0.12746686004762026,0.48,128
[3],0.01,0.0,0.0,0.05,0.9000000000000001,sigmoid,sgd,0.9000000000000004,10,gaussian,"(-0.1, 0.1)",15,0.1251711555262918,0.48,129
[4],0.060000000000000005,0.0,0.0,0.2,0.9000000000000001,sigmoid,sgd,0.9000000000000004,4,gaussian,"(-0.5, 0.5)",15,0.09723302252991158,0.56,130
[3],0.01,0.0,0.0,0.1,0.8500000000000001,sigmoid,sgd,0.9000000000000004,10,gaussian,"(-0.1, 0.1)",15,0.1252398994572323,0.48,132
[4],0.060000000000000005,0.0,0.0,0.15000000000000002,0.8,sigmoid,sgd,0.9500000000000004,8,gaussian,"(-0.5, 0.5)",15,0.1256574409788067,0.52,133
[3],0.01,0.0,0.0,0.1,0.8500000000000001,sigmoid,sgd,0.9000000000000004,4,gaussian,"(-0.1, 0.1)",15,0.12512079189912814,0.48,134
[4],0.060000000000000005,0.0,0.0,0.2,0.8,sigmoid,sgd,0.7500000000000002,8,gaussian,"(-0.1, 0.1)",15,0.12476846394221021,0.48,135
[3],0.060000000000000005,0.0,0.0,0.2,0.7,sigmoid,sgd,0.7500000000000002,10,gaussian,"(-0.1, 0.1)",15,0.12531615756423234,0.48,136
[3],0.01,0.0,0.0,0.15000000000000002,0.9000000000000001,sigmoid,sgd,0.6500000000000001,10,gaussian,"(-0.5, 0.5)",15,0.12472801766125258,0.6,137
[4],0.060000000000000005,0.0,0.0,0.05,0.9000000000000001,sigmoid,sgd,0.8500000000000003,4,gaussian,"(-0.1, 0.1)",15,0.06197618237743525,0.96,138
[4],0.060000000000000005,0.0,0.0,0.0,0.8500000000000001,sigmoid,sgd,0.9000000000000004,10,gaussian,"(-0.5, 0.5)",15,0.12579340606358388,0.48,139
[3],0.060000000000000005,0.0,0.0,0.25,0.75,sigmoid,sgd,0.9000000000000004,10,gaussian,"(-0.1, 0.1)",15,0.12521839493174367,0.48,140
[3],0.01,0.0,0.0,0.0,0.7,sigmoid,sgd,0.7000000000000002,8,gaussian,"(-0.5, 0.5)",15,0.12483439504534692,0.56,142
[4],0.060000000000000005,0.0,0.0,0.1,0.7,sigmoid,sgd,0.9500000000000004,4,gaussian,"(-0.5, 0.5)",15,0.1250313136934511,0.48,143
[3],0.060000000000000005,0.0,0.0,0.25,0.8,sigmoid,sgd,0.8000000000000003,10,gaussian,"(-0.5, 0.5)",15,0.12432527693417725,0.52,144
[3],0.01,0.0,0.0,0.05,0.8500000000000001,sigmoid,sgd,0.5,10,gaussian,"(-0.1, 0.1)",15,0.12517276059091484,0.48,145
[3],0.01,0.0,0.0,0.05,0.9000000000000001,sigmoid,sgd,0.9500000000000004,4,gaussian,"(-0.1, 0.1)",15,0.12497499380812646,0.48,147
[4],0.01,0.0,0.0,0.05,0.8,sigmoid,sgd,0.9500000000000004,4,gaussian,"(-0.5, 0.5)",15,0.127364356213552,0.52,149
[4],0.060000000000000005,0.0,0.0,0.1,0.8,sigmoid,sgd,0.7000000000000002,4,gaussian,"(-0.5, 0.5)",15,0.11925918384705536,0.52,151
[4],0.060000000000000005,0.0,0.0,0.05,0.9000000000000001,sigmoid,sgd,0.8000000000000003,8,gaussian,"(-0.1, 0.1)",15,0.11689835377997737,0.48,153
[3],0.060000000000000005,0.0,0.0,0.1,0.75,sigmoid,sgd,0.8500000000000003,8,gaussian,"(-0.1, 0.1)",15,0.12501338952866298,0.48,155
[4],0.01,0.0,0.0,0.2,0.8500000000000001,sigmoid,sgd,0.9500000000000004,4,gaussian,"(-0.5, 0.5)",15,0.12708102164414764,0.52,157
[4],0.060000000000000005,0.0,0.0,0.25,0.7,sigmoid,sgd,0.9500000000000004,4,gaussian,"(-0.1, 0.1)",15,0.12437784428688665,0.48,159
[3],0.01,0.0,0.0,0.2,0.9000000000000001,sigmoid,sgd,0.9500000000000004,10,gaussian,"(-0.1, 0.1)",15,0.1252328492975807,0.48,162
[4],0.060000000000000005,0.0,0.0,0.05,0.7,sigmoid,sgd,0.9500000000000004,4,gaussian,"(-0.5, 0.5)",15,0.1250775395126605,0.52,163
[3],0.01,0.0,0.0,0.0,0.8500000000000001,sigmoid,sgd,0.7500000000000002,4,gaussian,"(-0.1, 0.1)",15,0.12514666902916072,0.48,164
[4],0.060000000000000005,0.0,0.0,0.1,0.9000000000000001,sigmoid,sgd,0.8500000000000003,4,gaussian,"(-0.5, 0.5)",15,0.09358821182771719,0.6,165
[4],0.060000000000000005,0.0,0.0,0.05,0.7,sigmoid,sgd,0.6500000000000001,10,gaussian,"(-0.5, 0.5)",15,0.12648627344623536,0.48,166
[4],0.01,0.0,0.0,0.05,0.8500000000000001,sigmoid,sgd,0.9500000000000004,8,gaussian,"(-0.1, 0.1)",15,0.12585770217467157,0.48,167
[4],0.060000000000000005,0.0,0.0,0.05,0.8,sigmoid,sgd,0.8000000000000003,10,gaussian,"(-0.1, 0.1)",15,0.12527136318887183,0.48,168
[4],0.01,0.0,0.0,0.0,0.75,sigmoid,sgd,0.7000000000000002,4,gaussian,"(-0.1, 0.1)",15,0.12564004049916921,0.48,170
[3],0.060000000000000005,0.0,0.0,0.15000000000000002,0.9000000000000001,sigmoid,sgd,0.8500000000000003,4,gaussian,"(-0.5, 0.5)",15,0.10976677928568203,0.68,171
[3],0.01,0.0,0.0,0.2,0.9000000000000001,sigmoid,sgd,0.6500000000000001,10,gaussian,"(-0.1, 0.1)",15,0.12521689444931666,0.48,172
[3],0.060000000000000005,0.0,0.0,0.15000000000000002,0.8,sigmoid,sgd,0.55,4,gaussian,"(-0.5, 0.5)",15,0.12144065771974803,0.64,173
[4],0.060000000000000005,0.0,0.0,0.05,0.9000000000000001,sigmoid,sgd,0.7000000000000002,4,gaussian,"(-0.1, 0.1)",15,0.04942266478151551,0.96,174
[3],0.060000000000000005,0.0,0.0,0.1,0.7,sigmoid,sgd,0.9500000000000004,8,gaussian,"(-0.5, 0.5)",15,0.12422677164166761,0.6,175
[4],0.060000000000000005,0.0,0.0,0.2,0.7,sigmoid,sgd,0.8000000000000003,10,gaussian,"(-0.1, 0.1)",15,0.12545511307094073,0.48,176
[4],0.060000000000000005,0.0,0.0,0.1,0.9000000000000001,sigmoid,sgd,0.55,8,gaussian,"(-0.1, 0.1)",15,0.10553757506325384,0.68,177
[3],0.060000000000000005,0.0,0.0,0.05,0.75,sigmoid,sgd,0.55,4,gaussian,"(-0.5, 0.5)",15,0.12244386561109763,0.6,179
[3],0.01,0.0,0.0,0.15000000000000002,0.8,sigmoid,sgd,0.6000000000000001,10,gaussian,"(-0.5, 0.5)",15,0.12483054620072834,0.56,180
[3],0.060000000000000005,0.0,0.0,0.1,0.7,sigmoid,sgd,0.7500000000000002,8,gaussian,"(-0.1, 0.1)",15,0.12503089863462663,0.48,182
[4],0.060000000000000005,0.0,0.0,0.1,0.8500000000000001,sigmoid,sgd,0.7000000000000002,4,gaussian,"(-0.5, 0.5)",15,0.1077788185925816,0.52,184
[3],0.01,0.0,0.0,0.25,0.75,sigmoid,sgd,0.8500000000000003,4,gaussian,"(-0.5, 0.5)",15,0.12468941374079431,0.56,185
[4],0.060000000000000005,0.0,0.0,0.2,0.9000000000000001,sigmoid,sgd,0.5,4,gaussian,"(-0.5, 0.5)",15,0.0684435872467663,0.96,186
[3],0.060000000000000005,0.0,0.0,0.25,0.8,sigmoid,sgd,0.7500000000000002,4,gaussian,"(-0.1, 0.1)",15,0.11418207242368489,0.76,187
[4],0.060000000000000005,0.0,0.0,0.15000000000000002,0.75,sigmoid,sgd,0.55,4,gaussian,"(-0.5, 0.5)",15,0.12034543156927233,0.52,189
[3],0.060000000000000005,0.0,0.0,0.1,0.8,sigmoid,sgd,0.7500000000000002,10,gaussian,"(-0.5, 0.5)",15,0.12430288954953303,0.52,190
[3],0.01,0.0,0.0,0.0,0.75,sigmoid,sgd,0.6000000000000001,8,gaussian,"(-0.1, 0.1)",15,0.1252159326583442,0.48,191
[3],0.060000000000000005,0.0,0.0,0.2,0.7,sigmoid,sgd,0.7000000000000002,10,gaussian,"(-0.1, 0.1)",15,0.12532105612604463,0.48,192
[4],0.060000000000000005,0.0,0.0,0.05,0.75,sigmoid,sgd,0.9000000000000004,4,gaussian,"(-0.1, 0.1)",15,0.122712347540938,0.48,193
[4],0.060000000000000005,0.0,0.0,0.15000000000000002,0.8500000000000001,sigmoid,sgd,0.9500000000000004,10,gaussian,"(-0.5, 0.5)",15,0.1258010967854144,0.48,194
[4],0.060000000000000005,0.0,0.0,0.15000000000000002,0.9000000000000001,sigmoid,sgd,0.7500000000000002,8,gaussian,"(-0.1, 0.1)",15,0.11823643603058902,0.48,195
[4],0.01,0.0,0.0,0.0,0.9000000000000001,sigmoid,sgd,0.9000000000000004,4,gaussian,"(-0.5, 0.5)",15,0.12661604066462168,0.52,196
[4],0.01,0.0,0.0,0.15000000000000002,0.8,sigmoid,sgd,0.8000000000000003,10,gaussian,"(-0.5, 0.5)",15,0.12796785589176812,0.48,197
[3],0.01,0.0,0.0,0.25,0.8500000000000001,sigmoid,sgd,0.8000000000000003,10,gaussian,"(-0.5, 0.5)",15,0.12482513419031696,0.56,198
[4],0.060000000000000005,0.0,0.0,0.15000000000000002,0.75,sigmoid,sgd,0.55,10,gaussian,"(-0.5, 0.5)",15,0.12603797192814792,0.48,199
[4],0.060000000000000005,0.0,0.0,0.05,0.8,sigmoid,sgd,0.6000000000000001,4,gaussian,"(-0.5, 0.5)",15,0.11569359861564223,0.52,200
[3],0.060000000000000005,0.0,0.0,0.25,0.7,sigmoid,sgd,0.8500000000000003,4,gaussian,"(-0.5, 0.5)",15,0.12459476319062568,0.5833333333333334,1
[4],0.060000000000000005,0.0,0.0,0.1,0.8500000000000001,sigmoid,sgd,0.5,8,gaussian,"(-0.1, 0.1)",15,0.11328959451200642,0.7083333333333334,2
[4],0.01,0.0,0.0,0.05,0.8,sigmoid,sgd,0.8000000000000003,8,gaussian,"(-0.1, 0.1)",15,0.12452028064961566,0.5416666666666666,3
[3],0.060000000000000005,0.0,0.0,0.25,0.7,sigmoid,sgd,0.7500000000000002,4,gaussian,"(-0.1, 0.1)",15,0.12479691170942053,0.4583333333333333,4
[4],0.060000000000000005,0.0,0.0,0.25,0.8,sigmoid,sgd,0.55,4,gaussian,"(-0.5, 0.5)",15,0.11011410849152385,0.6666666666666666,5
[3],0.01,0.0,0.0,0.1,0.9000000000000001,sigmoid,sgd,0.5,10,gaussian,"(-0.1, 0.1)",15,0.12509718651620597,0.375,6
[4],0.01,0.0,0.0,0.05,0.75,sigmoid,sgd,0.5,8,gaussian,"(-0.1, 0.1)",15,0.12445188642569549,0.5416666666666666,7
[3],0.060000000000000005,0.0,0.0,0.05,0.8,sigmoid,sgd,0.8000000000000003,8,gaussian,"(-0.5, 0.5)",15,0.12492840648956026,0.5,8
[3],0.060000000000000005,0.0,0.0,0.25,0.8500000000000001,sigmoid,sgd,0.9000000000000004,8,gaussian,"(-0.5, 0.5)",15,0.12471054987306103,0.5,9
[4],0.01,0.0,0.0,0.0,0.9000000000000001,sigmoid,sgd,0.9000000000000004,8,gaussian,"(-0.5, 0.5)",15,0.12369760339186482,0.5416666666666666,11
[3],0.060000000000000005,0.0,0.0,0.1,0.8500000000000001,sigmoid,sgd,0.5,4,gaussian,"(-0.1, 0.1)",15,0.0632038248828653,0.9166666666666666,12
[3],0.01,0.0,0.0,0.15000000000000002,0.75,sigmoid,sgd,0.9000000000000004,10,gaussian,"(-0.1, 0.1)",15,0.12528814573350194,0.5416666666666666,13
[4],0.060000000000000005,0.0,0.0,0.25,0.7,sigmoid,sgd,0.55,4,gaussian,"(-0.1, 0.1)",15,0.11622456725389381,0.5833333333333334,15
[3],0.060000000000000005,0.0,0.0,0.05,0.75,sigmoid,sgd,0.9500000000000004,8,gaussian,"(-0.5, 0.5)",15,0.12524458157309443,0.5,16
[4],0.060000000000000005,0.0,0.0,0.25,0.8,sigmoid,sgd,0.7500000000000002,8,gaussian,"(-0.5, 0.5)",15,0.12205364906635556,0.625,18
[3],0.060000000000000005,0.0,0.0,0.2,0.9000000000000001,sigmoid,sgd,0.7500000000000002,4,gaussian,"(-0.5, 0.5)",15,0.09367709648124105,0.875,20
[4],0.01,0.0,0.0,0.05,0.8,sigmoid,sgd,0.55,10,gaussian,"(-0.5, 0.5)",15,0.12390709892785512,0.5416666666666666,21
[3],0.060000000000000005,0.0,0.0,0.25,0.9000000000000001,sigmoid,sgd,0.55,4,gaussian,"(-0.5, 0.5)",15,0.06774690156723674,0.9166666666666666,22
[4],0.060000000000000005,0.0,0.0,0.0,0.75,sigmoid,sgd,0.9000000000000004,4,gaussian,"(-0.1, 0.1)",15,0.11957192995239342,0.5416666666666666,23
[3],0.060000000000000005,0.0,0.0,0.0,0.8500000000000001,sigmoid,sgd,0.8000000000000003,10,gaussian,"(-0.1, 0.1)",15,0.12451957799575741,0.7083333333333334,25
[3],0.060000000000000005,0.0,0.0,0.2,0.75,sigmoid,sgd,0.6500000000000001,4,gaussian,"(-0.5, 0.5)",15,0.1235650895667515,0.625,26
[3],0.060000000000000005,0.0,0.0,0.2,0.8500000000000001,sigmoid,sgd,0.6500000000000001,10,gaussian,"(-0.1, 0.1)",15,0.12486231848083888,0.4583333333333333,28
[3],0.01,0.0,0.0,0.25,0.7,sigmoid,sgd,0.7500000000000002,10,gaussian,"(-0.5, 0.5)",15,0.1259419143852289,0.3333333333333333,29
[4],0.060000000000000005,0.0,0.0,0.0,0.8,sigmoid,sgd,0.9000000000000004,8,gaussian,"(-0.1, 0.1)",15,0.123292429425781,0.5416666666666666,30
[4],0.01,0.0,0.0,0.1,0.75,sigmoid,sgd,0.5,8,gaussian,"(-0.1, 0.1)",15,0.12445360918359895,0.5416666666666666,31
[4],0.060000000000000005,0.0,0.0,0.25,0.8,sigmoid,sgd,0.6500000000000001,8,gaussian,"(-0.5, 0.5)",15,0.1217974357815188,0.625,32
[4],0.01,0.0,0.0,0.05,0.75,sigmoid,sgd,0.9000000000000004,8,gaussian,"(-0.5, 0.5)",15,0.12398582945608976,0.5416666666666666,33
[4],0.01,0.0,0.0,0.2,0.8,sigmoid,sgd,0.6000000000000001,4,gaussian,"(-0.1, 0.1)",15,0.1242119387575099,0.5416666666666666,35
[3],0.01,0.0,0.0,0.1,0.9000000000000001,sigmoid,sgd,0.7500000000000002,4,gaussian,"(-0.1, 0.1)",15,0.12505470660643533,0.4583333333333333,37
[4],0.01,0.0,0.0,0.25,0.7,sigmoid,sgd,0.8500000000000003,10,gaussian,"(-0.1, 0.1)",15,0.12473494753422902,0.5416666666666666,38
[3],0.01,0.0,0.0,0.05,0.75,sigmoid,sgd,0.6500000000000001,10,gaussian,"(-0.5, 0.5)",15,0.12590282643623496,0.3333333333333333,39
[3],0.060000000000000005,0.0,0.0,0.05,0.9000000000000001,sigmoid,sgd,0.8500000000000003,8,gaussian,"(-0.1, 0.1)",15,0.1236198950965503,0.4583333333333333,40
[3],0.01,0.0,0.0,0.0,0.8500000000000001,sigmoid,sgd,0.6500000000000001,4,gaussian,"(-0.1, 0.1)",15,0.12490212137103925,0.5416666666666666,41
[4],0.060000000000000005,0.0,0.0,0.25,0.8,sigmoid,sgd,0.5,10,gaussian,"(-0.5, 0.5)",15,0.12211533037097082,0.625,42
[4],0.01,0.0,0.0,0.05,0.8,sigmoid,sgd,0.8500000000000003,4,gaussian,"(-0.5, 0.5)",15,0.12356359977355406,0.5416666666666666,44
[3],0.01,0.0,0.0,0.15000000000000002,0.8500000000000001,sigmoid,sgd,0.8000000000000003,8,gaussian,"(-0.5, 0.5)",15,0.1258068944699757,0.20833333333333334,45
[3],0.01,0.0,0.0,0.25,0.8500000000000001,sigmoid,sgd,0.8000000000000003,10,gaussian,"(-0.1, 0.1)",15,0.12522986421070742,0.4583333333333333,47
[3],0.060000000000000005,0.0,0.0,0.2,0.75,sigmoid,sgd,0.8000000000000003,8,gaussian,"(-0.5, 0.5)",15,0.12511776836933022,0.5,48
[4],0.01,0.0,0.0,0.0,0.75,sigmoid,sgd,0.8500000000000003,8,gaussian,"(-0.1, 0.1)",15,0.12471381401333718,0.5416666666666666,49
[4],0.01,0.0,0.0,0.0,0.75,sigmoid,sgd,0.6000000000000001,4,gaussian,"(-0.5, 0.5)",15,0.12355718314358988,0.5416666666666666,51
[3],0.01,0.0,0.0,0.0,0.8500000000000001,sigmoid,sgd,0.8500000000000003,10,gaussian,"(-0.1, 0.1)",15,0.12519142193704133,0.5416666666666666,52
[3],0.060000000000000005,0.0,0.0,0.1,0.8,sigmoid,sgd,0.7000000000000002,8,gaussian,"(-0.1, 0.1)",15,0.1248818315158607,0.4583333333333333,53
[4],0.060000000000000005,0.0,0.0,0.2,0.8500000000000001,sigmoid,sgd,0.9500000000000004,10,gaussian,"(-0.5, 0.5)",15,0.1224336433343159,0.625,54
[4],0.060000000000000005,0.0,0.0,0.2,0.8,sigmoid,sgd,0.9000000000000004,10,gaussian,"(-0.5, 0.5)",15,0.12279796233923627,0.5833333333333334,55
[4],0.060000000000000005,0.0,0.0,0.0,0.8,sigmoid,sgd,0.7000000000000002,8,gaussian,"(-0.5, 0.5)",15,0.12211856758299124,0.625,57
[4],0.060000000000000005,0.0,0.0,0.0,0.7,sigmoid,sgd,0.6000000000000001,4,gaussian,"(-0.5, 0.5)",15,0.12030580317577344,0.625,58
[4],0.060000000000000005,0.0,0.0,0.0,0.75,sigmoid,sgd,0.8500000000000003,8,gaussian,"(-0.5, 0.5)",15,0.12278817133131566,0.5833333333333334,59
[4],0.01,0.0,0.0,0.05,0.9000000000000001,sigmoid,sgd,0.7000000000000002,4,gaussian,"(-0.5, 0.5)",15,0.1228955104055483,0.5833333333333334,60
[3],0.060000000000000005,0.0,0.0,0.05,0.9000000000000001,sigmoid,sgd,0.7000000000000002,8,gaussian,"(-0.5, 0.5)",15,0.12268761405327272,0.6666666666666666,61
[3],0.060000000000000005,0.0,0.0,0.15000000000000002,0.8,sigmoid,sgd,0.7500000000000002,4,gaussian,"(-0.1, 0.1)",15,0.12388335583060861,0.5416666666666666,62
[3],0.01,0.0,0.0,0.05,0.7,sigmoid,sgd,0.7000000000000002,4,gaussian,"(-0.5, 0.5)",15,0.1256985130649407,0.25,64
[4],0.060000000000000005,0.0,0.0,0.15000000000000002,0.7,sigmoid,sgd,0.55,4,gaussian,"(-0.1, 0.1)",15,0.11519597406245956,0.6666666666666666,66
[3],0.01,0.0,0.0,0.0,0.8500000000000001,sigmoid,sgd,0.55,8,gaussian,"(-0.1, 0.1)",15,0.12499707172212034,0.5416666666666666,68
[4],0.060000000000000005,0.0,0.0,0.1,0.8,sigmoid,sgd,0.55,10,gaussian,"(-0.1, 0.1)",15,0.12292691676301615,0.5416666666666666,69
[4],0.060000000000000005,0.0,0.0,0.25,0.8500000000000001,sigmoid,sgd,0.9500000000000004,8,gaussian,"(-0.5, 0.5)",15,0.12176088184937778,0.5833333333333334,70
[3],0.060000000000000005,0.0,0.0,0.1,0.8500000000000001,sigmoid,sgd,0.55,8,gaussian,"(-0.5, 0.5)",15,0.12387084145136679,0.625,71
[3],0.060000000000000005,0.0,0.0,0.1,0.9000000000000001,sigmoid,sgd,0.7500000000000002,10,gaussian,"(-0.5, 0.5)",15,0.12416955501436394,0.625,72
[4],0.060000000000000005,0.0,0.0,0.2,0.8500000000000001,sigmoid,sgd,0.8000000000000003,4,gaussian,"(-0.1, 0.1)",15,0.08006481935770045,0.9166666666666666,73
[4],0.060000000000000005,0.0,0.0,0.2,0.8,sigmoid,sgd,0.55,10,gaussian,"(-0.5, 0.5)",15,0.12227429082121948,0.5833333333333334,74
[3],0.060000000000000005,0.0,0.0,0.05,0.8,sigmoid,sgd,0.7500000000000002,8,gaussian,"(-0.1, 0.1)",15,0.12486032254884881,0.4583333333333333,75
[3],0.060000000000000005,0.0,0.0,0.1,0.9000000000000001,sigmoid,sgd,0.9500000000000004,4,gaussian,"(-0.1, 0.1)",15,0.06535953821382567,0.9166666666666666,77
[4],0.01,0.0,0.0,0.1,0.9000000000000001,sigmoid,sgd,0.7000000000000002,4,gaussian,"(-0.5, 0.5)",15,0.12291663878179666,0.5833333333333334,78
[4],0.060000000000000005,0.0,0.0,0.25,0.8500000000000001,sigmoid,sgd,0.6000000000000001,8,gaussian,"(-0.1, 0.1)",15,0.11778154041691151,0.5416666666666666,79
[4],0.060000000000000005,0.0,0.0,0.15000000000000002,0.75,sigmoid,sgd,0.55,10,gaussian,"(-0.1, 0.1)",15,0.12350070874925288,0.5416666666666666,80
[4],0.060000000000000005,0.0,0.0,0.1,0.75,sigmoid,sgd,0.6500000000000001,10,gaussian,"(-0.5, 0.5)",15,0.12282307615359311,0.5833333333333334,82
[4],0.01,0.0,0.0,0.0,0.9000000000000001,sigmoid,sgd,0.55,4,gaussian,"(-0.5, 0.5)",15,0.12272013249267595,0.5833333333333334,83
[3],0.01,0.0,0.0,0.05,0.8500000000000001,sigmoid,sgd,0.9000000000000004,4,gaussian,"(-0.5, 0.5)",15,0.1255548771308346,0.3333333333333333,84
[4],0.060000000000000005,0.0,0.0,0.15000000000000002,0.8,sigmoid,sgd,0.9500000000000004,10,gaussian,"(-0.5, 0.5)",15,0.122855115778312,0.5833333333333334,85
[3],0.060000000000000005,0.0,0.0,0.2,0.75,sigmoid,sgd,0.8500000000000003,4,gaussian,"(-0.1, 0.1)",15,0.1248659293307978,0.4583333333333333,86
[4],0.060000000000000005,0.0,0.0,0.05,0.9000000000000001,sigmoid,sgd,0.55,10,gaussian,"(-0.1, 0.1)",15,0.10823401101564296,0.875,87
[4],0.060000000000000005,0.0,0.0,0.05,0.8,sigmoid,sgd,0.7500000000000002,4,gaussian,"(-0.1, 0.1)",15,0.10165209773527607,0.9166666666666666,88
[4],0.060000000000000005,0.0,0.0,0.15000000000000002,0.75,sigmoid,sgd,0.5,10,gaussian,"(-0.1, 0.1)",15,0.12334732012349521,0.5416666666666666,89
[4],0.01,0.0,0.0,0.2,0.8500000000000001,sigmoid,sgd,0.7500000000000002,10,gaussian,"(-0.1, 0.1)",15,0.12453819863960192,0.5416666666666666,91
[4],0.060000000000000005,0.0,0.0,0.2,0.8,sigmoid,sgd,0.7000000000000002,10,gaussian,"(-0.5, 0.5)",15,0.1225638933982634,0.5833333333333334,92
[3],0.01,0.0,0.0,0.2,0.8,sigmoid,sgd,0.55,4,gaussian,"(-0.1, 0.1)",15,0.1250448179332255,0.375,93
[3],0.060000000000000005,0.0,0.0,0.1,0.75,sigmoid,sgd,0.5,10,gaussian,"(-0.1, 0.1)",15,0.12493559572461983,0.5833333333333334,94
[3],0.01,0.0,0.0,0.25,0.7,sigmoid,sgd,0.55,10,gaussian,"(-0.5, 0.5)",15,0.12589879301647608,0.3333333333333333,95
[4],0.060000000000000005,0.0,0.0,0.25,0.7,sigmoid,sgd,0.7000000000000002,4,gaussian,"(-0.5, 0.5)",15,0.12092391531929442,0.625,96
[3],0.060000000000000005,0.0,0.0,0.15000000000000002,0.8,sigmoid,sgd,0.8500000000000003,4,gaussian,"(-0.1, 0.1)",15,0.12437763955069618,0.4583333333333333,97
[4],0.01,0.0,0.0,0.25,0.8500000000000001,sigmoid,sgd,0.9500000000000004,10,gaussian,"(-0.5, 0.5)",15,0.12394361483080624,0.5833333333333334,98
[4],0.01,0.0,0.0,0.0,0.7,sigmoid,sgd,0.8500000000000003,4,gaussian,"(-0.1, 0.1)",15,0.12451395321877771,0.5416666666666666,99
[4],0.060000000000000005,0.0,0.0,0.05,0.8,sigmoid,sgd,0.8000000000000003,8,gaussian,"(-0.1, 0.1)",15,0.122448788052101,0.5416666666666666,100
[3],0.060000000000000005,0.0,0.0,0.25,0.8500000000000001,sigmoid,sgd,0.8000000000000003,4,gaussian,"(-0.5, 0.5)",15,0.12109980095610655,0.625,101
[4],0.060000000000000005,0.0,0.0,0.0,0.8500000000000001,sigmoid,sgd,0.5,10,gaussian,"(-0.5, 0.5)",15,0.12120660629221358,0.625,103
[4],0.01,0.0,0.0,0.2,0.8,sigmoid,sgd,0.7500000000000002,4,gaussian,"(-0.1, 0.1)",15,0.12428327208596202,0.5416666666666666,104
[4],0.01,0.0,0.0,0.05,0.9000000000000001,sigmoid,sgd,0.5,10,gaussian,"(-0.5, 0.5)",15,0.12357125151589388,0.5833333333333334,105
[3],0.060000000000000005,0.0,0.0,0.2,0.7,sigmoid,sgd,0.5,8,gaussian,"(-0.5, 0.5)",15,0.12494332211967439,0.4583333333333333,106
[3],0.01,0.0,0.0,0.0,0.7,sigmoid,sgd,0.8000000000000003,8,gaussian,"(-0.5, 0.5)",15,0.12587411640456936,0.4166666666666667,107
[3],0.01,0.0,0.0,0.1,0.75,sigmoid,sgd,0.55,8,gaussian,"(-0.5, 0.5)",15,0.1258414820186716,0.25,108
[3],0.060000000000000005,0.0,0.0,0.2,0.75,sigmoid,sgd,0.55,10,gaussian,"(-0.1, 0.1)",15,0.12490941759569986,0.5833333333333334,109
[3],0.060000000000000005,0.0,0.0,0.0,0.7,sigmoid,sgd,0.8000000000000003,10,gaussian,"(-0.1, 0.1)",15,0.12492504408911793,0.625,110
[3],0.01,0.0,0.0,0.25,0.8,sigmoid,sgd,0.9500000000000004,10,gaussian,"(-0.1, 0.1)",15,0.12528323422192297,0.375,111
[4],0.01,0.0,0.0,0.25,0.8,sigmoid,sgd,0.6500000000000001,4,gaussian,"(-0.5, 0.5)",15,0.12341370942405751,0.5416666666666666,112
[3],0.060000000000000005,0.0,0.0,0.25,0.75,sigmoid,sgd,0.6000000000000001,10,gaussian,"(-0.5, 0.5)",15,0.12509062739542598,0.4166666666666667,113
[3],0.01,0.0,0.0,0.25,0.7,sigmoid,sgd,0.8000000000000003,8,gaussian,"(-0.5, 0.5)",15,0.1259327224045674,0.20833333333333334,114
[3],0.01,0.0,0.0,0.25,0.7,sigmoid,sgd,0.9000000000000004,4,gaussian,"(-0.1, 0.1)",15,0.12519597924585682,0.4583333333333333,115
[4],0.060000000000000005,0.0,0.0,0.15000000000000002,0.75,sigmoid,sgd,0.6500000000000001,4,gaussian,"(-0.5, 0.5)",15,0.11902770470635687,0.6666666666666666,116
[3],0.060000000000000005,0.0,0.0,0.05,0.7,sigmoid,sgd,0.6000000000000001,4,gaussian,"(-0.1, 0.1)",15,0.12419862942955488,0.6666666666666666,117
[4],0.060000000000000005,0.0,0.0,0.05,0.8500000000000001,sigmoid,sgd,0.7500000000000002,4,gaussian,"(-0.1, 0.1)",15,0.07215803386576018,0.9166666666666666,118
[4],0.01,0.0,0.0,0.0,0.8500000000000001,sigmoid,sgd,0.6500000000000001,8,gaussian,"(-0.1, 0.1)",15,0.12450546619113134,0.5416666666666666,119
[3],0.01,0.0,0.0,0.15000000000000002,0.9000000000000001,sigmoid,sgd,0.7000000000000002,4,gaussian,"(-0.1, 0.1)",15,0.12501736486972112,0.375,120
[3],0.060000000000000005,0.0,0.0,0.15000000000000002,0.9000000000000001,sigmoid,sgd,0.5,4,gaussian,"(-0.1, 0.1)",15,0.042719032786722344,0.9166666666666666,121
[4],0.060000000000000005,0.0,0.0,0.15000000000000002,0.7,sigmoid,sgd,0.9000000000000004,4,gaussian,"(-0.1, 0.1)",15,0.12140225220335533,0.5416666666666666,122
[3],0.060000000000000005,0.0,0.0,0.1,0.75,sigmoid,sgd,0.6000000000000001,10,gaussian,"(-0.1, 0.1)",15,0.12498001884304745,0.5416666666666666,123
[4],0.060000000000000005,0.0,0.0,0.05,0.8500000000000001,sigmoid,sgd,0.55,8,gaussian,"(-0.1, 0.1)",15,0.11349034997149478,0.7083333333333334,124
[4],0.060000000000000005,0.0,0.0,0.1,0.9000000000000001,sigmoid,sgd,0.9000000000000004,10,gaussian,"(-0.1, 0.1)",15,0.12066917764209534,0.5416666666666666,125
[3],0.060000000000000005,0.0,0.0,0.05,0.9000000000000001,sigmoid,sgd,0.7500000000000002,8,gaussian,"(-0.5, 0.5)",15,0.12301979372736078,0.6666666666666666,127
[4],0.01,0.0,0.0,0.0,0.8,sigmoid,sgd,0.8500000000000003,10,gaussian,"(-0.5, 0.5)",15,0.12401351262171106,0.5416666666666666,128
[4],0.01,0.0,0.0,0.05,0.8500000000000001,sigmoid,sgd,0.7000000000000002,4,gaussian,"(-0.1, 0.1)",15,0.1240921669426356,0.5416666666666666,129
[4],0.01,0.0,0.0,0.25,0.75,sigmoid,sgd,0.7000000000000002,8,gaussian,"(-0.5, 0.5)",15,0.12390320307990536,0.5416666666666666,130
[4],0.060000000000000005,0.0,0.0,0.15000000000000002,0.7,sigmoid,sgd,0.6500000000000001,10,gaussian,"(-0.5, 0.5)",15,0.12300762303387237,0.5833333333333334,131
[4],0.060000000000000005,0.0,0.0,0.15000000000000002,0.9000000000000001,sigmoid,sgd,0.7000000000000002,4,gaussian,"(-0.1, 0.1)",15,0.046657787258053106,0.9166666666666666,132
[4],0.060000000000000005,0.0,0.0,0.1,0.7,sigmoid,sgd,0.6000000000000001,10,gaussian,"(-0.5, 0.5)",15,0.12296498003096201,0.5833333333333334,133
[3],0.01,0.0,0.0,0.25,0.75,sigmoid,sgd,0.7500000000000002,10,gaussian,"(-0.5, 0.5)",15,0.12592088578691985,0.3333333333333333,134
[4],0.060000000000000005,0.0,0.0,0.05,0.75,sigmoid,sgd,0.7500000000000002,8,gaussian,"(-0.5, 0.5)",15,0.12248219801502935,0.5833333333333334,135
[3],0.01,0.0,0.0,0.15000000000000002,0.8500000000000001,sigmoid,sgd,0.5,10,gaussian,"(-0.5, 0.5)",15,0.125753035666482,0.4166666666666667,136
[3],0.060000000000000005,0.0,0.0,0.2,0.75,sigmoid,sgd,0.5,10,gaussian,"(-0.1, 0.1)",15,0.12488053794967831,0.625,138
[4],0.01,0.0,0.0,0.0,0.7,sigmoid,sgd,0.8500000000000003,8,gaussian,"(-0.5, 0.5)",15,0.12404983000430293,0.5416666666666666,139
[4],0.01,0.0,0.0,0.25,0.8500000000000001,sigmoid,sgd,0.7000000000000002,8,gaussian,"(-0.5, 0.5)",15,0.12371517777619902,0.5833333333333334,140
[3],0.01,0.0,0.0,0.05,0.8,sigmoid,sgd,0.55,4,gaussian,"(-0.5, 0.5)",15,0.1254984029428866,0.375,142
[4],0.01,0.0,0.0,0.2,0.8500000000000001,sigmoid,sgd,0.7000000000000002,10,gaussian,"(-0.1, 0.1)",15,0.12452283352792815,0.5416666666666666,143
[4],0.060000000000000005,0.0,0.0,0.15000000000000002,0.9000000000000001,sigmoid,sgd,0.6000000000000001,8,gaussian,"(-0.5, 0.5)",15,0.11388895243770863,0.5833333333333334,144
[3],0.060000000000000005,0.0,0.0,0.15000000000000002,0.75,sigmoid,sgd,0.7000000000000002,8,gaussian,"(-0.5, 0.5)",15,0.1250508713702878,0.5,145
[4],0.060000000000000005,0.0,0.0,0.1,0.8500000000000001,sigmoid,sgd,0.6000000000000001,10,gaussian,"(-0.1, 0.1)",15,0.12166067023696935,0.5416666666666666,146
[4],0.060000000000000005,0.0,0.0,0.25,0.75,sigmoid,sgd,0.7500000000000002,8,gaussian,"(-0.1, 0.1)",15,0.12329378801760633,0.5416666666666666,147
[4],0.060000000000000005,0.0,0.0,0.2,0.7,sigmoid,sgd,0.9000000000000004,8,gaussian,"(-0.5, 0.5)",15,0.12289515788254997,0.5833333333333334,148
[4],0.060000000000000005,0.0,0.0,0.0,0.9000000000000001,sigmoid,sgd,0.9000000000000004,8,gaussian,"(-0.5, 0.5)",15,0.11980266988443257,0.6666666666666666,149
[4],0.060000000000000005,0.0,0.0,0.05,0.7,sigmoid,sgd,0.9000000000000004,10,gaussian,"(-0.5, 0.5)",15,0.12319588742354548,0.5833333333333334,150
[3],0.060000000000000005,0.0,0.0,0.0,0.7,sigmoid,sgd,0.7000000000000002,4,gaussian,"(-0.1, 0.1)",15,0.12326416259505905,0.7083333333333334,152
[3],0.060000000000000005,0.0,0.0,0.25,0.7,sigmoid,sgd,0.5,4,gaussian,"(-0.1, 0.1)",15,0.12434107318769555,0.4583333333333333,153
[3],0.060000000000000005,0.0,0.0,0.0,0.8,sigmoid,sgd,0.55,4,gaussian,"(-0.1, 0.1)",15,0.10124155297328137,0.9166666666666666,154
[3],0.060000000000000005,0.0,0.0,0.0,0.7,sigmoid,sgd,0.6000000000000001,10,gaussian,"(-0.1, 0.1)",15,0.12486347967547352,0.6666666666666666,155
[3],0.01,0.0,0.0,0.2,0.75,sigmoid,sgd,0.55,4,gaussian,"(-0.5, 0.5)",15,0.125565497089179,0.3333333333333333,156
[3],0.060000000000000005,0.0,0.0,0.0,0.8500000000000001,sigmoid,sgd,0.7000000000000002,10,gaussian,"(-0.1, 0.1)",15,0.12437612359843227,0.7083333333333334,158
[4],0.060000000000000005,0.0,0.0,0.0,0.8500000000000001,sigmoid,sgd,0.6500000000000001,10,gaussian,"(-0.5, 0.5)",15,0.12185200129026186,0.6666666666666666,159
[4],0.01,0.0,0.0,0.0,0.8500000000000001,sigmoid,sgd,0.55,8,gaussian,"(-0.1, 0.1)",15,0.12445572802825806,0.5416666666666666,160
[3],0.01,0.0,0.0,0.15000000000000002,0.8500000000000001,sigmoid,sgd,0.8500000000000003,10,gaussian,"(-0.5, 0.5)",15,0.12586212378151365,0.3333333333333333,162
[4],0.01,0.0,0.0,0.15000000000000002,0.7,sigmoid,sgd,0.6500000000000001,10,gaussian,"(-0.1, 0.1)",15,0.12470500026076792,0.5416666666666666,163
[3],0.01,0.0,0.0,0.0,0.8500000000000001,sigmoid,sgd,0.6000000000000001,8,gaussian,"(-0.1, 0.1)",15,0.12501714597953048,0.5416666666666666,164
[4],0.060000000000000005,0.0,0.0,0.05,0.8,sigmoid,sgd,0.9000000000000004,10,gaussian,"(-0.1, 0.1)",15,0.12364160041171274,0.5416666666666666,165
[4],0.01,0.0,0.0,0.15000000000000002,0.8500000000000001,sigmoid,sgd,0.5,4,gaussian,"(-0.5, 0.5)",15,0.12306751644696794,0.5416666666666666,166
[3],0.060000000000000005,0.0,0.0,0.15000000000000002,0.75,sigmoid,sgd,0.9500000000000004,10,gaussian,"(-0.5, 0.5)",15,0.12530509728563252,0.375,167
[4],0.01,0.0,0.0,0.2,0.7,sigmoid,sgd,0.9500000000000004,10,gaussian,"(-0.5, 0.5)",15,0.12411549395671956,0.5416666666666666,168
[3],0.060000000000000005,0.0,0.0,0.1,0.8,sigmoid,sgd,0.6500000000000001,4,gaussian,"(-0.1, 0.1)",15,0.1178450175243525,0.7916666666666666,170
[3],0.060000000000000005,0.0,0.0,0.0,0.8,sigmoid,sgd,0.8500000000000003,10,gaussian,"(-0.5, 0.5)",15,0.12507809394115954,0.5,171
[4],0.01,0.0,0.0,0.25,0.8500000000000001,sigmoid,sgd,0.7500000000000002,10,gaussian,"(-0.5, 0.5)",15,0.12388090436343659,0.5833333333333334,172
[3],0.01,0.0,0.0,0.1,0.8500000000000001,sigmoid,sgd,0.8000000000000003,4,gaussian,"(-0.1, 0.1)",15,0.1251101894370302,0.4583333333333333,173
[3],0.060000000000000005,0.0,0.0,0.1,0.7,sigmoid,sgd,0.9500000000000004,4,gaussian,"(-0.5, 0.5)",15,0.12471563972198078,0.5833333333333334,174
[3],0.060000000000000005,0.0,0.0,0.15000000000000002,0.75,sigmoid,sgd,0.8000000000000003,10,gaussian,"(-0.1, 0.1)",15,0.1250148379127529,0.4583333333333333,175
[4],0.060000000000000005,0.0,0.0,0.1,0.9000000000000001,sigmoid,sgd,0.9500000000000004,8,gaussian,"(-0.5, 0.5)",15,0.1199009306157645,0.5833333333333334,176
[4],0.060000000000000005,0.0,0.0,0.2,0.7,sigmoid,sgd,0.6500000000000001,4,gaussian,"(-0.5, 0.5)",15,0.12061909928798176,0.625,177
[4],0.060000000000000005,0.0,0.0,0.0,0.75,sigmoid,sgd,0.7000000000000002,10,gaussian,"(-0.5, 0.5)",15,0.12285038025915786,0.5833333333333334,178
[3],0.01,0.0,0.0,0.05,0.75,sigmoid,sgd,0.8500000000000003,10,gaussian,"(-0.5, 0.5)",15,0.1259400607780504,0.3333333333333333,179
[3],0.01,0.0,0.0,0.05,0.8,sigmoid,sgd,0.9000000000000004,4,gaussian,"(-0.5, 0.5)",15,0.12565502656286595,0.3333333333333333,180
[3],0.01,0.0,0.0,0.0,0.8,sigmoid,sgd,0.55,8,gaussian,"(-0.1, 0.1)",15,0.12505905001488962,0.5416666666666666,181
[3],0.01,0.0,0.0,0.2,0.9000000000000001,sigmoid,sgd,0.9500000000000004,4,gaussian,"(-0.5, 0.5)",15,0.12536405684640203,0.4166666666666667,182
[4],0.01,0.0,0.0,0.15000000000000002,0.75,sigmoid,sgd,0.7000000000000002,8,gaussian,"(-0.5, 0.5)",15,0.12391509771406424,0.5416666666666666,183
[3],0.060000000000000005,0.0,0.0,0.2,0.8,sigmoid,sgd,0.6500000000000001,8,gaussian,"(-0.5, 0.5)",15,0.12470508824304875,0.4583333333333333,184
[4],0.060000000000000005,0.0,0.0,0.1,0.7,sigmoid,sgd,0.9000000000000004,8,gaussian,"(-0.5, 0.5)",15,0.12291854863254392,0.5833333333333334,185
[3],0.01,0.0,0.0,0.15000000000000002,0.8500000000000001,sigmoid,sgd,0.55,4,gaussian,"(-0.1, 0.1)",15,0.12501474610382055,0.5,186
[3],0.060000000000000005,0.0,0.0,0.25,0.8,sigmoid,sgd,0.8500000000000003,8,gaussian,"(-0.5, 0.5)",15,0.12499571137436606,0.5,187
[4],0.01,0.0,0.0,0.05,0.8,sigmoid,sgd,0.8500000000000003,10,gaussian,"(-0.1, 0.1)",15,0.12466013242656859,0.5416666666666666,188
[3],0.060000000000000005,0.0,0.0,0.25,0.75,sigmoid,sgd,0.7500000000000002,10,gaussian,"(-0.1, 0.1)",15,0.1250083267558871,0.4583333333333333,189
[3],0.01,0.0,0.0,0.2,0.75,sigmoid,sgd,0.6000000000000001,8,gaussian,"(-0.5, 0.5)",15,0.12584930641357778,0.25,190
[3],0.01,0.0,0.0,0.15000000000000002,0.75,sigmoid,sgd,0.9500000000000004,8,gaussian,"(-0.1, 0.1)",15,0.12531445375409642,0.4583333333333333,192
[3],0.060000000000000005,0.0,0.0,0.05,0.9000000000000001,sigmoid,sgd,0.8500000000000003,4,gaussian,"(-0.1, 0.1)",15,0.09383321628169156,0.875,193
[3],0.060000000000000005,0.0,0.0,0.1,0.8500000000000001,sigmoid,sgd,0.9500000000000004,4,gaussian,"(-0.1, 0.1)",15,0.11459844815885685,0.7916666666666666,194
[4],0.01,0.0,0.0,0.15000000000000002,0.75,sigmoid,sgd,0.9500000000000004,8,gaussian,"(-0.5, 0.5)",15,0.12399866596055727,0.5416666666666666,195
[4],0.01,0.0,0.0,0.0,0.8500000000000001,sigmoid,sgd,0.8000000000000003,10,gaussian,"(-0.5, 0.5)",15,0.12391616530337445,0.5416666666666666,196
[3],0.01,0.0,0.0,0.2,0.7,sigmoid,sgd,0.7500000000000002,10,gaussian,"(-0.1, 0.1)",15,0.12528477620330233,0.5,197
[4],0.060000000000000005,0.0,0.0,0.15000000000000002,0.8,sigmoid,sgd,0.6000000000000001,8,gaussian,"(-0.1, 0.1)",15,0.12120706228480937,0.5416666666666666,200
[4],0.01,0.0,0.0,0.05,0.75,sigmoid,sgd,0.8500000000000003,8,gaussian,"(-0.5, 0.5)",15,0.12782682538818754,0.375,1
[4],0.01,0.0,0.0,0.15000000000000002,0.7,sigmoid,sgd,0.8500000000000003,4,gaussian,"(-0.1, 0.1)",15,0.12542174005581244,0.375,2
[3],0.01,0.0,0.0,0.15000000000000002,0.7,sigmoid,sgd,0.8000000000000003,8,gaussian,"(-0.5, 0.5)",15,0.12604825425034005,0.3333333333333333,4
[3],0.01,0.0,0.0,0.0,0.8500000000000001,sigmoid,sgd,0.7500000000000002,4,gaussian,"(-0.5, 0.5)",15,0.125997340189173,0.375,5
[3],0.060000000000000005,0.0,0.0,0.0,0.7,sigmoid,sgd,0.7000000000000002,10,gaussian,"(-0.1, 0.1)",15,0.12751660572903908,0.375,7
[4],0.060000000000000005,0.0,0.0,0.15000000000000002,0.8,sigmoid,sgd,0.9000000000000004,4,gaussian,"(-0.5, 0.5)",15,0.12311009938370461,0.4166666666666667,8
[4],0.060000000000000005,0.0,0.0,0.1,0.9000000000000001,sigmoid,sgd,0.9500000000000004,4,gaussian,"(-0.5, 0.5)",15,0.08552902296411653,0.875,9
[3],0.01,0.0,0.0,0.2,0.8,sigmoid,sgd,0.9000000000000004,10,gaussian,"(-0.5, 0.5)",15,0.12588230699111616,0.375,10
[3],0.01,0.0,0.0,0.0,0.9000000000000001,sigmoid,sgd,0.8500000000000003,10,gaussian,"(-0.5, 0.5)",15,0.1257990716671069,0.375,12
[4],0.060000000000000005,0.0,0.0,0.2,0.8500000000000001,sigmoid,sgd,0.6500000000000001,4,gaussian,"(-0.5, 0.5)",15,0.0961575973791124,0.875,14
[3],0.060000000000000005,0.0,0.0,0.2,0.7,sigmoid,sgd,0.6000000000000001,10,gaussian,"(-0.5, 0.5)",15,0.12678784673767785,0.375,15
[4],0.060000000000000005,0.0,0.0,0.1,0.9000000000000001,sigmoid,sgd,0.6000000000000001,4,gaussian,"(-0.1, 0.1)",15,0.03197025927072649,0.9583333333333334,16
[3],0.01,0.0,0.0,0.25,0.75,sigmoid,sgd,0.6500000000000001,8,gaussian,"(-0.1, 0.1)",15,0.12632265850394694,0.375,17
[4],0.060000000000000005,0.0,0.0,0.05,0.8500000000000001,sigmoid,sgd,0.6000000000000001,10,gaussian,"(-0.5, 0.5)",15,0.1261076998900216,0.375,18
[4],0.01,0.0,0.0,0.15000000000000002,0.9000000000000001,sigmoid,sgd,0.5,8,gaussian,"(-0.1, 0.1)",15,0.12547175838321437,0.375,19
[4],0.060000000000000005,0.0,0.0,0.15000000000000002,0.9000000000000001,sigmoid,sgd,0.8500000000000003,10,gaussian,"(-0.1, 0.1)",15,0.12401133829630269,0.4583333333333333,20
[4],0.060000000000000005,0.0,0.0,0.0,0.75,sigmoid,sgd,0.8500000000000003,4,gaussian,"(-0.5, 0.5)",15,0.12572237212095716,0.4583333333333333,22
[4],0.01,0.0,0.0,0.1,0.8500000000000001,sigmoid,sgd,0.9500000000000004,4,gaussian,"(-0.1, 0.1)",15,0.12566832164688715,0.375,23
[4],0.01,0.0,0.0,0.05,0.75,sigmoid,sgd,0.8500000000000003,8,gaussian,"(-0.1, 0.1)",15,0.12494455689264224,0.625,24
[3],0.01,0.0,0.0,0.1,0.8,sigmoid,sgd,0.55,8,gaussian,"(-0.1, 0.1)",15,0.1266477098627371,0.375,25
[3],0.01,0.0,0.0,0.2,0.75,sigmoid,sgd,0.5,10,gaussian,"(-0.1, 0.1)",15,0.12621293526635885,0.375,26
[3],0.01,0.0,0.0,0.15000000000000002,0.8500000000000001,sigmoid,sgd,0.9000000000000004,4,gaussian,"(-0.1, 0.1)",15,0.1271981935877842,0.375,27
[3],0.060000000000000005,0.0,0.0,0.15000000000000002,0.7,sigmoid,sgd,0.9000000000000004,4,gaussian,"(-0.5, 0.5)",15,0.12710854910107633,0.375,29
[4],0.060000000000000005,0.0,0.0,0.1,0.75,sigmoid,sgd,0.8000000000000003,8,gaussian,"(-0.5, 0.5)",15,0.12747194085942967,0.3333333333333333,30
[4],0.01,0.0,0.0,0.15000000000000002,0.75,sigmoid,sgd,0.7500000000000002,8,gaussian,"(-0.5, 0.5)",15,0.12780173987343169,0.375,31
[3],0.060000000000000005,0.0,0.0,0.0,0.75,sigmoid,sgd,0.9000000000000004,8,gaussian,"(-0.5, 0.5)",15,0.12635345008820165,0.375,32
[3],0.060000000000000005,0.0,0.0,0.2,0.9000000000000001,sigmoid,sgd,0.9000000000000004,10,gaussian,"(-0.5, 0.5)",15,0.1261458105653472,0.4583333333333333,33
[4],0.01,0.0,0.0,0.1,0.7,sigmoid,sgd,0.9000000000000004,10,gaussian,"(-0.1, 0.1)",15,0.12470418915555594,0.625,34
[3],0.060000000000000005,0.0,0.0,0.2,0.8,sigmoid,sgd,0.6500000000000001,8,gaussian,"(-0.1, 0.1)",15,0.1285021056963029,0.375,35
[3],0.060000000000000005,0.0,0.0,0.1,0.9000000000000001,sigmoid,sgd,0.8500000000000003,8,gaussian,"(-0.5, 0.5)",15,0.1263374066010526,0.4583333333333333,36
[4],0.01,0.0,0.0,0.25,0.9000000000000001,sigmoid,sgd,0.9500000000000004,10,gaussian,"(-0.5, 0.5)",15,0.12728829709714384,0.375,37
[3],0.01,0.0,0.0,0.1,0.9000000000000001,sigmoid,sgd,0.6000000000000001,10,gaussian,"(-0.5, 0.5)",15,0.12584054492429705,0.3333333333333333,38
[4],0.060000000000000005,0.0,0.0,0.25,0.8500000000000001,sigmoid,sgd,0.6000000000000001,10,gaussian,"(-0.5, 0.5)",15,0.1259198829920339,0.375,40
[4],0.01,0.0,0.0,0.25,0.9000000000000001,sigmoid,sgd,0.5,10,gaussian,"(-0.5, 0.5)",15,0.1271106142815469,0.4166666666666667,41
[3],0.060000000000000005,0.0,0.0,0.0,0.7,sigmoid,sgd,0.55,8,gaussian,"(-0.5, 0.5)",15,0.12631643525000677,0.375,42
[4],0.060000000000000005,0.0,0.0,0.15000000000000002,0.7,sigmoid,sgd,0.7000000000000002,8,gaussian,"(-0.1, 0.1)",15,0.1259576880160036,0.375,43
[4],0.01,0.0,0.0,0.0,0.9000000000000001,sigmoid,sgd,0.8500000000000003,10,gaussian,"(-0.5, 0.5)",15,0.12736294971323614,0.375,44
[4],0.060000000000000005,0.0,0.0,0.15000000000000002,0.9000000000000001,sigmoid,sgd,0.8500000000000003,4,gaussian,"(-0.1, 0.1)",15,0.052133867909566346,0.9583333333333334,45
[4],0.060000000000000005,0.0,0.0,0.05,0.8500000000000001,sigmoid,sgd,0.55,4,gaussian,"(-0.5, 0.5)",15,0.08311365723550686,0.875,46
[3],0.01,0.0,0.0,0.05,0.9000000000000001,sigmoid,sgd,0.55,10,gaussian,"(-0.1, 0.1)",15,0.12680217701363025,0.375,47
[4],0.060000000000000005,0.0,0.0,0.05,0.8500000000000001,sigmoid,sgd,0.55,4,gaussian,"(-0.1, 0.1)",15,0.04674139883638396,0.9583333333333334,49
[3],0.01,0.0,0.0,0.1,0.8500000000000001,sigmoid,sgd,0.7500000000000002,8,gaussian,"(-0.1, 0.1)",15,0.12675980193441375,0.375,51
[3],0.01,0.0,0.0,0.05,0.9000000000000001,sigmoid,sgd,0.7000000000000002,4,gaussian,"(-0.5, 0.5)",15,0.12600835632852322,0.375,52
[4],0.01,0.0,0.0,0.15000000000000002,0.7,sigmoid,sgd,0.9000000000000004,10,gaussian,"(-0.1, 0.1)",15,0.12469903048733665,0.625,53
[3],0.060000000000000005,0.0,0.0,0.2,0.8500000000000001,sigmoid,sgd,0.7500000000000002,10,gaussian,"(-0.1, 0.1)",15,0.1284796360944059,0.375,54
[4],0.060000000000000005,0.0,0.0,0.0,0.7,sigmoid,sgd,0.5,8,gaussian,"(-0.5, 0.5)",15,0.12794578388427624,0.375,55
[4],0.060000000000000005,0.0,0.0,0.25,0.75,sigmoid,sgd,0.7000000000000002,4,gaussian,"(-0.1, 0.1)",15,0.12404990354833084,0.5,56
[3],0.060000000000000005,0.0,0.0,0.2,0.8,sigmoid,sgd,0.5,4,gaussian,"(-0.5, 0.5)",15,0.12380626815285395,0.5,58
[4],0.060000000000000005,0.0,0.0,0.2,0.7,sigmoid,sgd,0.7500000000000002,8,gaussian,"(-0.5, 0.5)",15,0.12779439629641567,0.3333333333333333,59
[3],0.01,0.0,0.0,0.0,0.8500000000000001,sigmoid,sgd,0.6500000000000001,10,gaussian,"(-0.5, 0.5)",15,0.12587073518190198,0.375,60
[3],0.01,0.0,0.0,0.05,0.8500000000000001,sigmoid,sgd,0.9000000000000004,4,gaussian,"(-0.1, 0.1)",15,0.1272129404110256,0.375,62
[3],0.01,0.0,0.0,0.05,0.8,sigmoid,sgd,0.9000000000000004,10,gaussian,"(-0.5, 0.5)",15,0.1258856378003231,0.375,63
[3],0.060000000000000005,0.0,0.0,0.25,0.7,sigmoid,sgd,0.55,10,gaussian,"(-0.5, 0.5)",15,0.1268186504165928,0.375,64
[4],0.01,0.0,0.0,0.25,0.75,sigmoid,sgd,0.7500000000000002,4,gaussian,"(-0.1, 0.1)",15,0.12542849221963026,0.2916666666666667,65
[4],0.01,0.0,0.0,0.1,0.9000000000000001,sigmoid,sgd,0.8500000000000003,10,gaussian,"(-0.1, 0.1)",15,0.1251451480098403,0.5833333333333334,68
[3],0.01,0.0,0.0,0.2,0.7,sigmoid,sgd,0.9500000000000004,8,gaussian,"(-0.1, 0.1)",15,0.12616556606779364,0.375,70
[4],0.060000000000000005,0.0,0.0,0.15000000000000002,0.8500000000000001,sigmoid,sgd,0.9000000000000004,8,gaussian,"(-0.1, 0.1)",15,0.12482535924774368,0.4583333333333333,71
[3],0.01,0.0,0.0,0.2,0.7,sigmoid,sgd,0.8000000000000003,8,gaussian,"(-0.1, 0.1)",15,0.12621615284283846,0.375,72
[3],0.01,0.0,0.0,0.0,0.7,sigmoid,sgd,0.7000000000000002,10,gaussian,"(-0.1, 0.1)",15,0.12590519329096553,0.375,73
[4],0.060000000000000005,0.0,0.0,0.2,0.8,sigmoid,sgd,0.5,4,gaussian,"(-0.5, 0.5)",15,0.10401368979106446,0.8333333333333334,74
[4],0.01,0.0,0.0,0.05,0.75,sigmoid,sgd,0.8500000000000003,10,gaussian,"(-0.5, 0.5)",15,0.12783395357253735,0.375,75
[4],0.060000000000000005,0.0,0.0,0.1,0.75,sigmoid,sgd,0.6500000000000001,4,gaussian,"(-0.1, 0.1)",15,0.12039054727090905,0.6666666666666666,76
[4],0.01,0.0,0.0,0.05,0.8500000000000001,sigmoid,sgd,0.6000000000000001,4,gaussian,"(-0.1, 0.1)",15,0.1258795204107248,0.375,77
[3],0.060000000000000005,0.0,0.0,0.0,0.9000000000000001,sigmoid,sgd,0.6500000000000001,10,gaussian,"(-0.1, 0.1)",15,0.12624091370664012,0.375,78
[3],0.01,0.0,0.0,0.05,0.8,sigmoid,sgd,0.7500000000000002,10,gaussian,"(-0.1, 0.1)",15,0.1261180218942485,0.375,79
[4],0.060000000000000005,0.0,0.0,0.1,0.9000000000000001,sigmoid,sgd,0.9000000000000004,8,gaussian,"(-0.5, 0.5)",15,0.12289052023167396,0.5416666666666666,82
[4],0.060000000000000005,0.0,0.0,0.15000000000000002,0.9000000000000001,sigmoid,sgd,0.9000000000000004,10,gaussian,"(-0.5, 0.5)",15,0.1251089285822771,0.4583333333333333,84
[4],0.060000000000000005,0.0,0.0,0.2,0.8500000000000001,sigmoid,sgd,0.8500000000000003,4,gaussian,"(-0.1, 0.1)",15,0.10696628495517417,0.9166666666666666,85
[4],0.060000000000000005,0.0,0.0,0.15000000000000002,0.9000000000000001,sigmoid,sgd,0.6000000000000001,4,gaussian,"(-0.5, 0.5)",15,0.04736322986228845,0.9583333333333334,86
[4],0.01,0.0,0.0,0.2,0.7,sigmoid,sgd,0.8500000000000003,8,gaussian,"(-0.5, 0.5)",15,0.1278890613975581,0.375,87
[4],0.060000000000000005,0.0,0.0,0.1,0.8500000000000001,sigmoid,sgd,0.7000000000000002,10,gaussian,"(-0.5, 0.5)",15,0.12640585345335167,0.375,88
[3],0.060000000000000005,0.0,0.0,0.2,0.9000000000000001,sigmoid,sgd,0.55,4,gaussian,"(-0.1, 0.1)",15,0.0827774037956243,0.875,89
[3],0.060000000000000005,0.0,0.0,0.05,0.8,sigmoid,sgd,0.9500000000000004,4,gaussian,"(-0.1, 0.1)",15,0.12770021455463101,0.375,90
[4],0.060000000000000005,0.0,0.0,0.1,0.8500000000000001,sigmoid,sgd,0.8000000000000003,4,gaussian,"(-0.1, 0.1)",15,0.10142197276291619,0.9583333333333334,91
[4],0.01,0.0,0.0,0.2,0.9000000000000001,sigmoid,sgd,0.7500000000000002,4,gaussian,"(-0.5, 0.5)",15,0.12674275929491402,0.4166666666666667,92
[4],0.060000000000000005,0.0,0.0,0.05,0.8500000000000001,sigmoid,sgd,0.9500000000000004,4,gaussian,"(-0.1, 0.1)",15,0.09787056098504708,0.9583333333333334,94
[3],0.060000000000000005,0.0,0.0,0.2,0.9000000000000001,sigmoid,sgd,0.55,10,gaussian,"(-0.1, 0.1)",15,0.12840834944213794,0.375,95
[4],0.01,0.0,0.0,0.05,0.75,sigmoid,sgd,0.6500000000000001,8,gaussian,"(-0.5, 0.5)",15,0.127802831182527,0.4166666666666667,97
[3],0.060000000000000005,0.0,0.0,0.2,0.7,sigmoid,sgd,0.6000000000000001,4,gaussian,"(-0.5, 0.5)",15,0.12677497584438058,0.4166666666666667,98
[4],0.01,0.0,0.0,0.15000000000000002,0.75,sigmoid,sgd,0.8500000000000003,4,gaussian,"(-0.1, 0.1)",15,0.1254908923965616,0.2916666666666667,99
[4],0.060000000000000005,0.0,0.0,0.2,0.7,sigmoid,sgd,0.7000000000000002,8,gaussian,"(-0.5, 0.5)",15,0.12775515174384097,0.3333333333333333,101
[3],0.01,0.0,0.0,0.2,0.8500000000000001,sigmoid,sgd,0.8000000000000003,10,gaussian,"(-0.1, 0.1)",15,0.12630917411808043,0.375,102
[3],0.060000000000000005,0.0,0.0,0.25,0.9000000000000001,sigmoid,sgd,0.8000000000000003,10,gaussian,"(-0.5, 0.5)",15,0.12607768159940774,0.4583333333333333,103
[3],0.01,0.0,0.0,0.2,0.8,sigmoid,sgd,0.6500000000000001,10,gaussian,"(-0.5, 0.5)",15,0.12591272613349164,0.375,104
[3],0.01,0.0,0.0,0.1,0.8500000000000001,sigmoid,sgd,0.9000000000000004,10,gaussian,"(-0.5, 0.5)",15,0.12586510420945088,0.375,106
[3],0.060000000000000005,0.0,0.0,0.1,0.75,sigmoid,sgd,0.7000000000000002,4,gaussian,"(-0.1, 0.1)",15,0.12699557987679963,0.375,107
[3],0.01,0.0,0.0,0.25,0.8,sigmoid,sgd,0.6500000000000001,10,gaussian,"(-0.1, 0.1)",15,0.12618516262727228,0.375,108
[4],0.01,0.0,0.0,0.25,0.9000000000000001,sigmoid,sgd,0.5,10,gaussian,"(-0.1, 0.1)",15,0.1252574913521555,0.4166666666666667,109
[4],0.01,0.0,0.0,0.05,0.8,sigmoid,sgd,0.8000000000000003,4,gaussian,"(-0.5, 0.5)",15,0.12764413983957434,0.3333333333333333,110
[3],0.01,0.0,0.0,0.05,0.7,sigmoid,sgd,0.9000000000000004,4,gaussian,"(-0.5, 0.5)",15,0.12618807206323265,0.375,111
[3],0.01,0.0,0.0,0.2,0.8500000000000001,sigmoid,sgd,0.55,8,gaussian,"(-0.1, 0.1)",15,0.1268131736723571,0.375,112
[3],0.060000000000000005,0.0,0.0,0.25,0.8,sigmoid,sgd,0.6500000000000001,4,gaussian,"(-0.5, 0.5)",15,0.1254619157582154,0.4166666666666667,113
[3],0.01,0.0,0.0,0.05,0.8500000000000001,sigmoid,sgd,0.7000000000000002,4,gaussian,"(-0.5, 0.5)",15,0.12611975519074725,0.375,114
[3],0.060000000000000005,0.0,0.0,0.05,0.8,sigmoid,sgd,0.9500000000000004,10,gaussian,"(-0.5, 0.5)",15,0.12650152103045126,0.375,115
[3],0.01,0.0,0.0,0.05,0.7,sigmoid,sgd,0.6500000000000001,10,gaussian,"(-0.1, 0.1)",15,0.12599302062034604,0.375,116
[3],0.060000000000000005,0.0,0.0,0.15000000000000002,0.8,sigmoid,sgd,0.5,4,gaussian,"(-0.5, 0.5)",15,0.1241440513382124,0.4583333333333333,117
[3],0.01,0.0,0.0,0.25,0.75,sigmoid,sgd,0.5,4,gaussian,"(-0.1, 0.1)",15,0.12707136439476008,0.375,119
[3],0.01,0.0,0.0,0.25,0.75,sigmoid,sgd,0.9500000000000004,10,gaussian,"(-0.1, 0.1)",15,0.12592789239138685,0.375,120
[4],0.060000000000000005,0.0,0.0,0.25,0.75,sigmoid,sgd,0.8000000000000003,8,gaussian,"(-0.5, 0.5)",15,0.12728543212375462,0.3333333333333333,122
[3],0.01,0.0,0.0,0.1,0.8500000000000001,sigmoid,sgd,0.8000000000000003,10,gaussian,"(-0.1, 0.1)",15,0.12630016669881153,0.375,124
[4],0.01,0.0,0.0,0.25,0.8500000000000001,sigmoid,sgd,0.5,10,gaussian,"(-0.5, 0.5)",15,0.12747145028634588,0.375,125
[4],0.060000000000000005,0.0,0.0,0.15000000000000002,0.8,sigmoid,sgd,0.8000000000000003,4,gaussian,"(-0.5, 0.5)",15,0.12136802370811628,0.4583333333333333,126
[3],0.01,0.0,0.0,0.15000000000000002,0.8,sigmoid,sgd,0.8000000000000003,8,gaussian,"(-0.1, 0.1)",15,0.12643115422381443,0.375,127
[4],0.060000000000000005,0.0,0.0,0.25,0.8500000000000001,sigmoid,sgd,0.7000000000000002,10,gaussian,"(-0.5, 0.5)",15,0.1261806479553761,0.375,130
[4],0.01,0.0,0.0,0.05,0.8500000000000001,sigmoid,sgd,0.9000000000000004,8,gaussian,"(-0.5, 0.5)",15,0.12756073847628618,0.375,131
[3],0.01,0.0,0.0,0.0,0.75,sigmoid,sgd,0.9500000000000004,4,gaussian,"(-0.1, 0.1)",15,0.12648000143348237,0.375,133
[4],0.060000000000000005,0.0,0.0,0.1,0.9000000000000001,sigmoid,sgd,0.7500000000000002,4,gaussian,"(-0.5, 0.5)",15,0.06573337568958172,0.9583333333333334,136
[4],0.01,0.0,0.0,0.1,0.8,sigmoid,sgd,0.6000000000000001,4,gaussian,"(-0.5, 0.5)",15,0.12760114637894895,0.2916666666666667,137
[4],0.060000000000000005,0.0,0.0,0.05,0.9000000000000001,sigmoid,sgd,0.8000000000000003,8,gaussian,"(-0.5, 0.5)",15,0.12133674751894873,0.5416666666666666,139
[4],0.01,0.0,0.0,0.25,0.75,sigmoid,sgd,0.7000000000000002,10,gaussian,"(-0.1, 0.1)",15,0.12475360556128684,0.625,140
[3],0.060000000000000005,0.0,0.0,0.15000000000000002,0.8,sigmoid,sgd,0.6000000000000001,10,gaussian,"(-0.1, 0.1)",15,0.12820475703802345,0.375,142
[4],0.01,0.0,0.0,0.1,0.7,sigmoid,sgd,0.55,10,gaussian,"(-0.1, 0.1)",15,0.12489415459924046,0.625,144
[3],0.01,0.0,0.0,0.15000000000000002,0.7,sigmoid,sgd,0.6500000000000001,8,gaussian,"(-0.1, 0.1)",15,0.12627134357077166,0.375,146
[4],0.01,0.0,0.0,0.25,0.7,sigmoid,sgd,0.9500000000000004,8,gaussian,"(-0.5, 0.5)",15,0.12786127436044678,0.375,147
[4],0.060000000000000005,0.0,0.0,0.0,0.8,sigmoid,sgd,0.6000000000000001,8,gaussian,"(-0.5, 0.5)",15,0.126880695793581,0.3333333333333333,148
[3],0.01,0.0,0.0,0.2,0.8500000000000001,sigmoid,sgd,0.8000000000000003,8,gaussian,"(-0.5, 0.5)",15,0.12597454370205416,0.3333333333333333,149
[4],0.01,0.0,0.0,0.25,0.9000000000000001,sigmoid,sgd,0.9500000000000004,4,gaussian,"(-0.5, 0.5)",15,0.12669973474082638,0.4583333333333333,150
[3],0.01,0.0,0.0,0.15000000000000002,0.8500000000000001,sigmoid,sgd,0.8500000000000003,4,gaussian,"(-0.1, 0.1)",15,0.1272283800977283,0.375,152
[4],0.060000000000000005,0.0,0.0,0.05,0.8500000000000001,sigmoid,sgd,0.8000000000000003,8,gaussian,"(-0.1, 0.1)",15,0.12376373136764313,0.5,153
[4],0.01,0.0,0.0,0.0,0.9000000000000001,sigmoid,sgd,0.8000000000000003,8,gaussian,"(-0.5, 0.5)",15,0.12743033943776874,0.4583333333333333,155
[3],0.01,0.0,0.0,0.25,0.7,sigmoid,sgd,0.7500000000000002,4,gaussian,"(-0.1, 0.1)",15,0.1267056640741038,0.375,157
[4],0.01,0.0,0.0,0.05,0.8,sigmoid,sgd,0.9500000000000004,8,gaussian,"(-0.5, 0.5)",15,0.1277358778499983,0.375,159
[4],0.060000000000000005,0.0,0.0,0.05,0.9000000000000001,sigmoid,sgd,0.8000000000000003,10,gaussian,"(-0.5, 0.5)",15,0.12469274126577311,0.4583333333333333,161
[4],0.01,0.0,0.0,0.1,0.8500000000000001,sigmoid,sgd,0.6500000000000001,10,gaussian,"(-0.1, 0.1)",15,0.12507497291104017,0.625,162
[3],0.060000000000000005,0.0,0.0,0.25,0.7,sigmoid,sgd,0.6500000000000001,8,gaussian,"(-0.1, 0.1)",15,0.12793314735978042,0.375,164
[4],0.01,0.0,0.0,0.15000000000000002,0.7,sigmoid,sgd,0.55,10,gaussian,"(-0.5, 0.5)",15,0.12789194199873097,0.375,165
[4],0.01,0.0,0.0,0.0,0.75,sigmoid,sgd,0.9000000000000004,10,gaussian,"(-0.5, 0.5)",15,0.12783397902771823,0.375,166
[3],0.060000000000000005,0.0,0.0,0.0,0.9000000000000001,sigmoid,sgd,0.9500000000000004,10,gaussian,"(-0.1, 0.1)",15,0.12771994764043867,0.375,167
[4],0.01,0.0,0.0,0.25,0.9000000000000001,sigmoid,sgd,0.7500000000000002,8,gaussian,"(-0.5, 0.5)",15,0.1270520201698839,0.375,168
[4],0.01,0.0,0.0,0.1,0.7,sigmoid,sgd,0.55,4,gaussian,"(-0.1, 0.1)",15,0.1256890034482059,0.375,169
[3],0.01,0.0,0.0,0.0,0.8,sigmoid,sgd,0.8500000000000003,8,gaussian,"(-0.5, 0.5)",15,0.12587104576140326,0.375,170
[3],0.01,0.0,0.0,0.25,0.7,sigmoid,sgd,0.9500000000000004,8,gaussian,"(-0.1, 0.1)",15,0.12611341069244694,0.375,171
[3],0.060000000000000005,0.0,0.0,0.25,0.9000000000000001,sigmoid,sgd,0.7500000000000002,4,gaussian,"(-0.5, 0.5)",15,0.09954884795622852,0.6666666666666666,174
[4],0.060000000000000005,0.0,0.0,0.0,0.7,sigmoid,sgd,0.5,4,gaussian,"(-0.5, 0.5)",15,0.12327897616860346,0.4583333333333333,175
[4],0.060000000000000005,0.0,0.0,0.1,0.8,sigmoid,sgd,0.55,8,gaussian,"(-0.1, 0.1)",15,0.12477193814281096,0.4583333333333333,177
[3],0.060000000000000005,0.0,0.0,0.25,0.8500000000000001,sigmoid,sgd,0.6500000000000001,8,gaussian,"(-0.1, 0.1)",15,0.12843990240752687,0.375,178
[4],0.060000000000000005,0.0,0.0,0.25,0.8,sigmoid,sgd,0.7000000000000002,4,gaussian,"(-0.5, 0.5)",15,0.11858986286055068,0.7083333333333334,179
[4],0.01,0.0,0.0,0.2,0.75,sigmoid,sgd,0.7000000000000002,10,gaussian,"(-0.5, 0.5)",15,0.12782387728810155,0.375,182
[3],0.060000000000000005,0.0,0.0,0.25,0.7,sigmoid,sgd,0.55,4,gaussian,"(-0.1, 0.1)",15,0.1273667749503511,0.375,183
[4],0.01,0.0,0.0,0.05,0.8500000000000001,sigmoid,sgd,0.8000000000000003,8,gaussian,"(-0.1, 0.1)",15,0.12516741426815856,0.5833333333333334,184
[3],0.060000000000000005,0.0,0.0,0.15000000000000002,0.8500000000000001,sigmoid,sgd,0.55,8,gaussian,"(-0.5, 0.5)",15,0.12643892133528412,0.4583333333333333,185
[4],0.060000000000000005,0.0,0.0,0.05,0.8,sigmoid,sgd,0.5,10,gaussian,"(-0.1, 0.1)",15,0.12517600939752635,0.375,186
[4],0.060000000000000005,0.0,0.0,0.1,0.9000000000000001,sigmoid,sgd,0.8500000000000003,8,gaussian,"(-0.5, 0.5)",15,0.12229531686376709,0.5416666666666666,187
[4],0.01,0.0,0.0,0.2,0.8500000000000001,sigmoid,sgd,0.5,10,gaussian,"(-0.1, 0.1)",15,0.12528685874821502,0.375,189
[4],0.01,0.0,0.0,0.0,0.9000000000000001,sigmoid,sgd,0.9000000000000004,10,gaussian,"(-0.1, 0.1)",15,0.12520948087425052,0.4583333333333333,190
[3],0.01,0.0,0.0,0.15000000000000002,0.9000000000000001,sigmoid,sgd,0.55,8,gaussian,"(-0.5, 0.5)",15,0.12593496265724555,0.3333333333333333,191
[4],0.01,0.0,0.0,0.05,0.9000000000000001,sigmoid,sgd,0.9500000000000004,4,gaussian,"(-0.5, 0.5)",15,0.12689176663398538,0.4166666666666667,192
[4],0.01,0.0,0.0,0.05,0.8500000000000001,sigmoid,sgd,0.6500000000000001,4,gaussian,"(-0.1, 0.1)",15,0.12585387234803347,0.375,193
[3],0.01,0.0,0.0,0.2,0.8500000000000001,sigmoid,sgd,0.7000000000000002,10,gaussian,"(-0.1, 0.1)",15,0.1263722101624146,0.375,194
[3],0.01,0.0,0.0,0.0,0.8,sigmoid,sgd,0.6000000000000001,8,gaussian,"(-0.5, 0.5)",15,0.12587293503151087,0.3333333333333333,196
[3],0.01,0.0,0.0,0.1,0.75,sigmoid,sgd,0.9000000000000004,10,gaussian,"(-0.5, 0.5)",15,0.125904376105796,0.375,197
[4],0.01,0.0,0.0,0.15000000000000002,0.75,sigmoid,sgd,0.6000000000000001,8,gaussian,"(-0.5, 0.5)",15,0.1277819412290625,0.4166666666666667,198
[4],0.01,0.0,0.0,0.1,0.75,sigmoid,sgd,0.6000000000000001,4,gaussian,"(-0.1, 0.1)",15,0.12570108240298097,0.375,200
[4],0.060000000000000005,0.0,0.0,0.0,0.9000000000000001,sigmoid,sgd,0.8000000000000003,4,gaussian,"(-0.1, 0.1)",15,0.06779333589389708,0.875,1
[3],0.01,0.0,0.0,0.05,0.7,sigmoid,sgd,0.55,10,gaussian,"(-0.1, 0.1)",15,0.1269862853522463,0.375,2
[4],0.01,0.0,0.0,0.0,0.7,sigmoid,sgd,0.6000000000000001,4,gaussian,"(-0.1, 0.1)",15,0.12983419074022642,0.375,4
[3],0.060000000000000005,0.0,0.0,0.15000000000000002,0.75,sigmoid,sgd,0.55,8,gaussian,"(-0.1, 0.1)",15,0.13086799885025055,0.375,5
[4],0.060000000000000005,0.0,0.0,0.2,0.75,sigmoid,sgd,0.7500000000000002,4,gaussian,"(-0.5, 0.5)",15,0.12615745241863238,0.375,7
[4],0.060000000000000005,0.0,0.0,0.25,0.7,sigmoid,sgd,0.6000000000000001,8,gaussian,"(-0.5, 0.5)",15,0.1282596705051966,0.375,8
[4],0.060000000000000005,0.0,0.0,0.15000000000000002,0.8500000000000001,sigmoid,sgd,0.8000000000000003,8,gaussian,"(-0.5, 0.5)",15,0.12664665927233973,0.375,10
[3],0.060000000000000005,0.0,0.0,0.0,0.9000000000000001,sigmoid,sgd,0.7500000000000002,4,gaussian,"(-0.1, 0.1)",15,0.07198228138367435,0.875,11
[4],0.060000000000000005,0.0,0.0,0.05,0.7,sigmoid,sgd,0.7000000000000002,8,gaussian,"(-0.5, 0.5)",15,0.12825685250210972,0.375,12
[3],0.01,0.0,0.0,0.05,0.7,sigmoid,sgd,0.5,10,gaussian,"(-0.5, 0.5)",15,0.1268898657832375,0.375,13
[3],0.01,0.0,0.0,0.25,0.9000000000000001,sigmoid,sgd,0.6000000000000001,8,gaussian,"(-0.1, 0.1)",15,0.12827741118274516,0.375,14
[3],0.01,0.0,0.0,0.0,0.9000000000000001,sigmoid,sgd,0.6000000000000001,10,gaussian,"(-0.5, 0.5)",15,0.12660234051209587,0.375,15
[4],0.060000000000000005,0.0,0.0,0.15000000000000002,0.7,sigmoid,sgd,0.5,10,gaussian,"(-0.1, 0.1)",15,0.1307817459015184,0.375,16
[3],0.060000000000000005,0.0,0.0,0.15000000000000002,0.8500000000000001,sigmoid,sgd,0.6000000000000001,8,gaussian,"(-0.5, 0.5)",15,0.128104188990062,0.375,17
[3],0.01,0.0,0.0,0.15000000000000002,0.9000000000000001,sigmoid,sgd,0.9000000000000004,10,gaussian,"(-0.5, 0.5)",15,0.12654193357276042,0.375,18
[4],0.060000000000000005,0.0,0.0,0.25,0.8500000000000001,sigmoid,sgd,0.8000000000000003,4,gaussian,"(-0.1, 0.1)",15,0.11210710916538935,0.375,19
[3],0.01,0.0,0.0,0.1,0.9000000000000001,sigmoid,sgd,0.6000000000000001,10,gaussian,"(-0.1, 0.1)",15,0.12784563582897432,0.375,20
[3],0.01,0.0,0.0,0.1,0.75,sigmoid,sgd,0.55,10,gaussian,"(-0.5, 0.5)",15,0.12683256986944755,0.375,21
[3],0.01,0.0,0.0,0.1,0.7,sigmoid,sgd,0.8000000000000003,10,gaussian,"(-0.5, 0.5)",15,0.12675015264982745,0.375,22
[4],0.060000000000000005,0.0,0.0,0.05,0.7,sigmoid,sgd,0.5,10,gaussian,"(-0.5, 0.5)",15,0.1285118524671555,0.375,23
[3],0.060000000000000005,0.0,0.0,0.05,0.75,sigmoid,sgd,0.6500000000000001,10,gaussian,"(-0.1, 0.1)",15,0.13008148996797764,0.375,24
[4],0.060000000000000005,0.0,0.0,0.05,0.8,sigmoid,sgd,0.8000000000000003,4,gaussian,"(-0.1, 0.1)",15,0.1189269305843279,0.375,25
[3],0.060000000000000005,0.0,0.0,0.0,0.7,sigmoid,sgd,0.55,8,gaussian,"(-0.1, 0.1)",15,0.1314795916702955,0.375,26
[4],0.01,0.0,0.0,0.0,0.8,sigmoid,sgd,0.6000000000000001,10,gaussian,"(-0.5, 0.5)",15,0.12830978273328905,0.375,27
[4],0.060000000000000005,0.0,0.0,0.15000000000000002,0.75,sigmoid,sgd,0.7000000000000002,8,gaussian,"(-0.1, 0.1)",15,0.1305144810901505,0.375,28
[4],0.060000000000000005,0.0,0.0,0.2,0.9000000000000001,sigmoid,sgd,0.9000000000000004,8,gaussian,"(-0.1, 0.1)",15,0.12712374247097516,0.375,29
[3],0.01,0.0,0.0,0.25,0.9000000000000001,sigmoid,sgd,0.8000000000000003,4,gaussian,"(-0.1, 0.1)",15,0.12887228346862264,0.375,30
[3],0.060000000000000005,0.0,0.0,0.15000000000000002,0.7,sigmoid,sgd,0.55,4,gaussian,"(-0.1, 0.1)",15,0.13094452913607452,0.375,31
[4],0.060000000000000005,0.0,0.0,0.05,0.8500000000000001,sigmoid,sgd,0.9500000000000004,8,gaussian,"(-0.5, 0.5)",15,0.12682856095767878,0.375,32
[3],0.060000000000000005,0.0,0.0,0.15000000000000002,0.7,sigmoid,sgd,0.7500000000000002,10,gaussian,"(-0.5, 0.5)",15,0.12840608848765786,0.375,33
[3],0.060000000000000005,0.0,0.0,0.15000000000000002,0.8500000000000001,sigmoid,sgd,0.8000000000000003,8,gaussian,"(-0.1, 0.1)",15,0.13113315463312383,0.375,34
[3],0.01,0.0,0.0,0.0,0.8,sigmoid,sgd,0.8000000000000003,10,gaussian,"(-0.5, 0.5)",15,0.1267009380228781,0.375,35
[3],0.01,0.0,0.0,0.0,0.8500000000000001,sigmoid,sgd,0.7500000000000002,8,gaussian,"(-0.5, 0.5)",15,0.12688494963932925,0.375,36
[3],0.060000000000000005,0.0,0.0,0.1,0.9000000000000001,sigmoid,sgd,0.9500000000000004,10,gaussian,"(-0.5, 0.5)",15,0.12726292093776603,0.375,37
[4],0.060000000000000005,0.0,0.0,0.15000000000000002,0.8,sigmoid,sgd,0.6000000000000001,8,gaussian,"(-0.5, 0.5)",15,0.12726585008002428,0.375,41
[3],0.01,0.0,0.0,0.2,0.8500000000000001,sigmoid,sgd,0.9500000000000004,4,gaussian,"(-0.1, 0.1)",15,0.12818411655135745,0.375,42
[3],0.01,0.0,0.0,0.2,0.8500000000000001,sigmoid,sgd,0.9000000000000004,10,gaussian,"(-0.5, 0.5)",15,0.12662004104109326,0.375,43
[4],0.01,0.0,0.0,0.0,0.7,sigmoid,sgd,0.6000000000000001,10,gaussian,"(-0.1, 0.1)",15,0.12916690430115255,0.375,46
[4],0.01,0.0,0.0,0.2,0.8500000000000001,sigmoid,sgd,0.6000000000000001,8,gaussian,"(-0.1, 0.1)",15,0.1294353699198284,0.375,47
[4],0.01,0.0,0.0,0.0,0.75,sigmoid,sgd,0.7500000000000002,4,gaussian,"(-0.1, 0.1)",15,0.12978410248242286,0.375,48
[3],0.060000000000000005,0.0,0.0,0.0,0.9000000000000001,sigmoid,sgd,0.5,10,gaussian,"(-0.5, 0.5)",15,0.12637153980962923,0.4166666666666667,49
[4],0.01,0.0,0.0,0.05,0.75,sigmoid,sgd,0.7000000000000002,10,gaussian,"(-0.5, 0.5)",15,0.12838251731166547,0.375,50
[3],0.01,0.0,0.0,0.25,0.7,sigmoid,sgd,0.55,4,gaussian,"(-0.5, 0.5)",15,0.12758262408743218,0.375,51
[3],0.01,0.0,0.0,0.0,0.8500000000000001,sigmoid,sgd,0.8500000000000003,4,gaussian,"(-0.1, 0.1)",15,0.12894848778395915,0.375,52
[3],0.01,0.0,0.0,0.1,0.7,sigmoid,sgd,0.6500000000000001,4,gaussian,"(-0.5, 0.5)",15,0.12748987315077853,0.375,55
[4],0.060000000000000005,0.0,0.0,0.05,0.7,sigmoid,sgd,0.8000000000000003,10,gaussian,"(-0.1, 0.1)",15,0.1305256225680394,0.375,56
[4],0.060000000000000005,0.0,0.0,0.2,0.8,sigmoid,sgd,0.6500000000000001,10,gaussian,"(-0.5, 0.5)",15,0.12790228296296902,0.375,58
[3],0.060000000000000005,0.0,0.0,0.05,0.7,sigmoid,sgd,0.8000000000000003,4,gaussian,"(-0.1, 0.1)",15,0.13119788248892814,0.375,59
[3],0.01,0.0,0.0,0.15000000000000002,0.8500000000000001,sigmoid,sgd,0.55,8,gaussian,"(-0.5, 0.5)",15,0.1269202074910035,0.375,63
[3],0.060000000000000005,0.0,0.0,0.25,0.7,sigmoid,sgd,0.7000000000000002,8,gaussian,"(-0.5, 0.5)",15,0.12902998932931656,0.375,65
[4],0.01,0.0,0.0,0.2,0.8,sigmoid,sgd,0.8500000000000003,8,gaussian,"(-0.5, 0.5)",15,0.12818805966726143,0.375,66
[4],0.060000000000000005,0.0,0.0,0.1,0.75,sigmoid,sgd,0.7500000000000002,4,gaussian,"(-0.5, 0.5)",15,0.12607394457163154,0.375,69
[3],0.01,0.0,0.0,0.2,0.8500000000000001,sigmoid,sgd,0.6500000000000001,4,gaussian,"(-0.5, 0.5)",15,0.127201430813204,0.375,70
[3],0.060000000000000005,0.0,0.0,0.2,0.75,sigmoid,sgd,0.5,4,gaussian,"(-0.1, 0.1)",15,0.1307600581962847,0.375,71
[3],0.01,0.0,0.0,0.05,0.8,sigmoid,sgd,0.6500000000000001,4,gaussian,"(-0.5, 0.5)",15,0.1273689156589528,0.375,73
[3],0.060000000000000005,0.0,0.0,0.2,0.7,sigmoid,sgd,0.6500000000000001,4,gaussian,"(-0.1, 0.1)",15,0.13075451635624072,0.375,74
[4],0.01,0.0,0.0,0.15000000000000002,0.9000000000000001,sigmoid,sgd,0.9000000000000004,4,gaussian,"(-0.5, 0.5)",15,0.1274991782899302,0.375,75
[3],0.01,0.0,0.0,0.15000000000000002,0.9000000000000001,sigmoid,sgd,0.7000000000000002,8,gaussian,"(-0.1, 0.1)",15,0.1282590095995437,0.375,76
[4],0.060000000000000005,0.0,0.0,0.05,0.8,sigmoid,sgd,0.9000000000000004,10,gaussian,"(-0.5, 0.5)",15,0.12798875652368089,0.375,77
[3],0.01,0.0,0.0,0.25,0.75,sigmoid,sgd,0.5,10,gaussian,"(-0.1, 0.1)",15,0.1270028330504653,0.375,78
[3],0.01,0.0,0.0,0.1,0.75,sigmoid,sgd,0.6500000000000001,10,gaussian,"(-0.5, 0.5)",15,0.12678452299407036,0.375,79
[3],0.01,0.0,0.0,0.05,0.8,sigmoid,sgd,0.6000000000000001,10,gaussian,"(-0.5, 0.5)",15,0.12677543171635688,0.375,80
[3],0.01,0.0,0.0,0.1,0.7,sigmoid,sgd,0.6000000000000001,4,gaussian,"(-0.5, 0.5)",15,0.12754248555503198,0.375,81
[4],0.01,0.0,0.0,0.05,0.8,sigmoid,sgd,0.8500000000000003,10,gaussian,"(-0.5, 0.5)",15,0.12831124368333333,0.375,82
[3],0.060000000000000005,0.0,0.0,0.0,0.7,sigmoid,sgd,0.6000000000000001,4,gaussian,"(-0.5, 0.5)",15,0.12919963725720504,0.375,83
[4],0.060000000000000005,0.0,0.0,0.15000000000000002,0.8,sigmoid,sgd,0.8500000000000003,4,gaussian,"(-0.5, 0.5)",15,0.12454084459945514,0.375,84
[4],0.060000000000000005,0.0,0.0,0.0,0.8,sigmoid,sgd,0.6000000000000001,8,gaussian,"(-0.1, 0.1)",15,0.13005492855524045,0.375,85
[4],0.060000000000000005,0.0,0.0,0.1,0.8500000000000001,sigmoid,sgd,0.5,10,gaussian,"(-0.1, 0.1)",15,0.129368928992134,0.375,87
[4],0.060000000000000005,0.0,0.0,0.2,0.8,sigmoid,sgd,0.6000000000000001,8,gaussian,"(-0.5, 0.5)",15,0.12728669614727026,0.375,88
[3],0.060000000000000005,0.0,0.0,0.15000000000000002,0.8,sigmoid,sgd,0.5,4,gaussian,"(-0.1, 0.1)",15,0.11761097663165264,0.375,89
[3],0.060000000000000005,0.0,0.0,0.1,0.7,sigmoid,sgd,0.7000000000000002,4,gaussian,"(-0.5, 0.5)",15,0.12932132865130533,0.375,90
[3],0.01,0.0,0.0,0.25,0.8,sigmoid,sgd,0.7000000000000002,4,gaussian,"(-0.5, 0.5)",15,0.12729805430332128,0.375,91
[4],0.01,0.0,0.0,0.25,0.8500000000000001,sigmoid,sgd,0.7000000000000002,10,gaussian,"(-0.1, 0.1)",15,0.12948104930101448,0.375,92
[4],0.060000000000000005,0.0,0.0,0.2,0.75,sigmoid,sgd,0.9000000000000004,4,gaussian,"(-0.5, 0.5)",15,0.12688596879603461,0.375,93
[3],0.060000000000000005,0.0,0.0,0.2,0.8500000000000001,sigmoid,sgd,0.6000000000000001,10,gaussian,"(-0.5, 0.5)",15,0.12782386312457505,0.375,94
[4],0.060000000000000005,0.0,0.0,0.1,0.8500000000000001,sigmoid,sgd,0.5,10,gaussian,"(-0.5, 0.5)",15,0.12671892273381782,0.375,95
[3],0.01,0.0,0.0,0.2,0.8,sigmoid,sgd,0.5,8,gaussian,"(-0.5, 0.5)",15,0.12702217594377077,0.375,96
[3],0.060000000000000005,0.0,0.0,0.2,0.8500000000000001,sigmoid,sgd,0.55,8,gaussian,"(-0.5, 0.5)",15,0.12789394450699357,0.375,97
[4],0.01,0.0,0.0,0.15000000000000002,0.9000000000000001,sigmoid,sgd,0.6000000000000001,10,gaussian,"(-0.1, 0.1)",15,0.12987354669287757,0.375,99
[3],0.01,0.0,0.0,0.15000000000000002,0.8500000000000001,sigmoid,sgd,0.7500000000000002,10,gaussian,"(-0.5, 0.5)",15,0.12666246137900902,0.375,102
[4],0.01,0.0,0.0,0.15000000000000002,0.8500000000000001,sigmoid,sgd,0.8500000000000003,4,gaussian,"(-0.1, 0.1)",15,0.13015464416684738,0.375,103
[4],0.060000000000000005,0.0,0.0,0.25,0.75,sigmoid,sgd,0.8500000000000003,8,gaussian,"(-0.1, 0.1)",15,0.13066108155430445,0.375,106
[4],0.01,0.0,0.0,0.25,0.8,sigmoid,sgd,0.5,10,gaussian,"(-0.1, 0.1)",15,0.12946255927870198,0.375,107
[3],0.01,0.0,0.0,0.15000000000000002,0.8500000000000001,sigmoid,sgd,0.6000000000000001,10,gaussian,"(-0.5, 0.5)",15,0.12671021160245463,0.375,108
[3],0.01,0.0,0.0,0.2,0.8,sigmoid,sgd,0.7500000000000002,10,gaussian,"(-0.1, 0.1)",15,0.12684653759576234,0.375,109
[3],0.01,0.0,0.0,0.25,0.75,sigmoid,sgd,0.55,4,gaussian,"(-0.1, 0.1)",15,0.12832861322719327,0.375,111
[3],0.060000000000000005,0.0,0.0,0.15000000000000002,0.9000000000000001,sigmoid,sgd,0.6500000000000001,4,gaussian,"(-0.5, 0.5)",15,0.09797213598381145,0.6666666666666666,112
[4],0.01,0.0,0.0,0.0,0.8500000000000001,sigmoid,sgd,0.6000000000000001,10,gaussian,"(-0.1, 0.1)",15,0.12956373335834576,0.375,113
[3],0.060000000000000005,0.0,0.0,0.05,0.7,sigmoid,sgd,0.7000000000000002,8,gaussian,"(-0.1, 0.1)",15,0.13056160990397755,0.375,114
[3],0.060000000000000005,0.0,0.0,0.0,0.9000000000000001,sigmoid,sgd,0.9000000000000004,10,gaussian,"(-0.5, 0.5)",15,0.127098806507597,0.375,115
[4],0.01,0.0,0.0,0.0,0.8,sigmoid,sgd,0.5,4,gaussian,"(-0.5, 0.5)",15,0.12813786130753013,0.375,116
[3],0.060000000000000005,0.0,0.0,0.25,0.7,sigmoid,sgd,0.7500000000000002,8,gaussian,"(-0.5, 0.5)",15,0.1289749201382144,0.375,118
[3],0.01,0.0,0.0,0.05,0.8500000000000001,sigmoid,sgd,0.7500000000000002,10,gaussian,"(-0.5, 0.5)",15,0.1266721407527322,0.375,122
[3],0.060000000000000005,0.0,0.0,0.15000000000000002,0.7,sigmoid,sgd,0.8500000000000003,10,gaussian,"(-0.1, 0.1)",15,0.12947022708922004,0.375,123
[4],0.060000000000000005,0.0,0.0,0.25,0.9000000000000001,sigmoid,sgd,0.6000000000000001,10,gaussian,"(-0.5, 0.5)",15,0.12480653775258183,0.375,125
[3],0.01,0.0,0.0,0.1,0.75,sigmoid,sgd,0.55,4,gaussian,"(-0.1, 0.1)",15,0.12860099328286598,0.375,126
[4],0.060000000000000005,0.0,0.0,0.2,0.8500000000000001,sigmoid,sgd,0.9500000000000004,8,gaussian,"(-0.1, 0.1)",15,0.1301500696154889,0.375,127
[4],0.060000000000000005,0.0,0.0,0.15000000000000002,0.7,sigmoid,sgd,0.8000000000000003,10,gaussian,"(-0.5, 0.5)",15,0.12852884603614098,0.375,128
[3],0.060000000000000005,0.0,0.0,0.0,0.9000000000000001,sigmoid,sgd,0.7500000000000002,10,gaussian,"(-0.5, 0.5)",15,0.127011826780034,0.375,129
[3],0.01,0.0,0.0,0.2,0.8500000000000001,sigmoid,sgd,0.6000000000000001,8,gaussian,"(-0.1, 0.1)",15,0.12775260670599,0.375,130
[3],0.01,0.0,0.0,0.1,0.8,sigmoid,sgd,0.9500000000000004,8,gaussian,"(-0.5, 0.5)",15,0.1268181106521012,0.375,131
[3],0.060000000000000005,0.0,0.0,0.0,0.8500000000000001,sigmoid,sgd,0.8000000000000003,4,gaussian,"(-0.5, 0.5)",15,0.12500384374690424,0.4583333333333333,133
[3],0.01,0.0,0.0,0.0,0.7,sigmoid,sgd,0.9000000000000004,10,gaussian,"(-0.1, 0.1)",15,0.12671972040370083,0.375,135
[4],0.060000000000000005,0.0,0.0,0.0,0.8,sigmoid,sgd,0.55,10,gaussian,"(-0.1, 0.1)",15,0.130576852941839,0.375,136
[4],0.060000000000000005,0.0,0.0,0.15000000000000002,0.8,sigmoid,sgd,0.7500000000000002,4,gaussian,"(-0.1, 0.1)",15,0.1239749320656434,0.375,138
[3],0.01,0.0,0.0,0.2,0.75,sigmoid,sgd,0.9500000000000004,4,gaussian,"(-0.5, 0.5)",15,0.12720272069515395,0.375,139
[4],0.01,0.0,0.0,0.2,0.8,sigmoid,sgd,0.6500000000000001,8,gaussian,"(-0.1, 0.1)",15,0.1291888858874984,0.375,141
[3],0.060000000000000005,0.0,0.0,0.25,0.8500000000000001,sigmoid,sgd,0.7500000000000002,10,gaussian,"(-0.1, 0.1)",15,0.12986255969783964,0.375,142
[4],0.060000000000000005,0.0,0.0,0.05,0.9000000000000001,sigmoid,sgd,0.9500000000000004,8,gaussian,"(-0.5, 0.5)",15,0.12467605600465219,0.375,143
[4],0.01,0.0,0.0,0.0,0.8500000000000001,sigmoid,sgd,0.6000000000000001,8,gaussian,"(-0.1, 0.1)",15,0.12957744475554245,0.375,144
[3],0.060000000000000005,0.0,0.0,0.1,0.9000000000000001,sigmoid,sgd,0.8000000000000003,4,gaussian,"(-0.1, 0.1)",15,0.07029722313728291,0.875,145
[3],0.060000000000000005,0.0,0.0,0.15000000000000002,0.8,sigmoid,sgd,0.55,8,gaussian,"(-0.1, 0.1)",15,0.1311538568397009,0.375,146
[3],0.01,0.0,0.0,0.25,0.8,sigmoid,sgd,0.7000000000000002,8,gaussian,"(-0.1, 0.1)",15,0.12739510446832458,0.375,147
[3],0.01,0.0,0.0,0.0,0.9000000000000001,sigmoid,sgd,0.8500000000000003,4,gaussian,"(-0.1, 0.1)",15,0.12962924094501416,0.375,148
[3],0.060000000000000005,0.0,0.0,0.15000000000000002,0.8,sigmoid,sgd,0.8000000000000003,8,gaussian,"(-0.1, 0.1)",15,0.13074974909996814,0.375,149
[4],0.060000000000000005,0.0,0.0,0.15000000000000002,0.75,sigmoid,sgd,0.6500000000000001,10,gaussian,"(-0.1, 0.1)",15,0.13081843197987672,0.375,151
[3],0.01,0.0,0.0,0.2,0.9000000000000001,sigmoid,sgd,0.5,8,gaussian,"(-0.5, 0.5)",15,0.12677477528357917,0.375,152
[3],0.060000000000000005,0.0,0.0,0.2,0.8500000000000001,sigmoid,sgd,0.55,10,gaussian,"(-0.5, 0.5)",15,0.12782676588616562,0.375,153
[4],0.060000000000000005,0.0,0.0,0.1,0.7,sigmoid,sgd,0.55,10,gaussian,"(-0.1, 0.1)",15,0.1307097654447298,0.375,154
[4],0.01,0.0,0.0,0.2,0.8,sigmoid,sgd,0.5,8,gaussian,"(-0.5, 0.5)",15,0.12816939173481048,0.375,155
[3],0.01,0.0,0.0,0.25,0.7,sigmoid,sgd,0.6500000000000001,8,gaussian,"(-0.1, 0.1)",15,0.12718516759333795,0.375,156
[4],0.01,0.0,0.0,0.25,0.8500000000000001,sigmoid,sgd,0.9000000000000004,10,gaussian,"(-0.1, 0.1)",15,0.12935455716325897,0.375,157
[4],0.01,0.0,0.0,0.15000000000000002,0.9000000000000001,sigmoid,sgd,0.7000000000000002,10,gaussian,"(-0.1, 0.1)",15,0.12975394639842786,0.375,158
[4],0.060000000000000005,0.0,0.0,0.0,0.75,sigmoid,sgd,0.7500000000000002,4,gaussian,"(-0.1, 0.1)",15,0.12513913951809089,0.375,160
[3],0.060000000000000005,0.0,0.0,0.1,0.7,sigmoid,sgd,0.8500000000000003,10,gaussian,"(-0.1, 0.1)",15,0.12951417242069851,0.375,161
[3],0.060000000000000005,0.0,0.0,0.1,0.9000000000000001,sigmoid,sgd,0.7000000000000002,10,gaussian,"(-0.5, 0.5)",15,0.12716748449784976,0.375,162
[4],0.060000000000000005,0.0,0.0,0.15000000000000002,0.8500000000000001,sigmoid,sgd,0.6500000000000001,8,gaussian,"(-0.5, 0.5)",15,0.12614701564535455,0.375,163
[4],0.060000000000000005,0.0,0.0,0.05,0.9000000000000001,sigmoid,sgd,0.6000000000000001,10,gaussian,"(-0.1, 0.1)",15,0.12408073884577304,0.375,164
[4],0.01,0.0,0.0,0.25,0.8,sigmoid,sgd,0.7500000000000002,10,gaussian,"(-0.1, 0.1)",15,0.12926273637324265,0.375,165
[3],0.01,0.0,0.0,0.2,0.7,sigmoid,sgd,0.7000000000000002,8,gaussian,"(-0.1, 0.1)",15,0.1270889344844616,0.375,167
[3],0.01,0.0,0.0,0.1,0.7,sigmoid,sgd,0.55,4,gaussian,"(-0.5, 0.5)",15,0.127601618414376,0.375,168
[3],0.01,0.0,0.0,0.25,0.9000000000000001,sigmoid,sgd,0.9500000000000004,8,gaussian,"(-0.5, 0.5)",15,0.12663726341065804,0.375,169
[3],0.060000000000000005,0.0,0.0,0.1,0.8500000000000001,sigmoid,sgd,0.8000000000000003,8,gaussian,"(-0.1, 0.1)",15,0.1313696306292935,0.375,170
[3],0.060000000000000005,0.0,0.0,0.2,0.8,sigmoid,sgd,0.5,8,gaussian,"(-0.5, 0.5)",15,0.12861004633806605,0.375,171
[4],0.01,0.0,0.0,0.25,0.7,sigmoid,sgd,0.9500000000000004,4,gaussian,"(-0.1, 0.1)",15,0.12955944975765565,0.375,173
[4],0.060000000000000005,0.0,0.0,0.2,0.9000000000000001,sigmoid,sgd,0.8000000000000003,8,gaussian,"(-0.1, 0.1)",15,0.1254713779872479,0.375,174
[3],0.060000000000000005,0.0,0.0,0.25,0.9000000000000001,sigmoid,sgd,0.9000000000000004,8,gaussian,"(-0.5, 0.5)",15,0.12706312749480822,0.375,175
[3],0.060000000000000005,0.0,0.0,0.15000000000000002,0.8500000000000001,sigmoid,sgd,0.8000000000000003,4,gaussian,"(-0.1, 0.1)",15,0.11513601260553312,0.5,176
[3],0.01,0.0,0.0,0.05,0.8500000000000001,sigmoid,sgd,0.6000000000000001,10,gaussian,"(-0.1, 0.1)",15,0.12743680572864977,0.375,177
[3],0.060000000000000005,0.0,0.0,0.2,0.75,sigmoid,sgd,0.6500000000000001,8,gaussian,"(-0.1, 0.1)",15,0.1302538727129544,0.375,179
[3],0.060000000000000005,0.0,0.0,0.1,0.7,sigmoid,sgd,0.7500000000000002,10,gaussian,"(-0.5, 0.5)",15,0.12842189923209688,0.375,181
[3],0.01,0.0,0.0,0.1,0.8,sigmoid,sgd,0.7000000000000002,10,gaussian,"(-0.1, 0.1)",15,0.12702817502796285,0.375,182
[3],0.01,0.0,0.0,0.25,0.75,sigmoid,sgd,0.6000000000000001,10,gaussian,"(-0.5, 0.5)",15,0.12679807897671985,0.375,183
[4],0.060000000000000005,0.0,0.0,0.05,0.75,sigmoid,sgd,0.9500000000000004,4,gaussian,"(-0.1, 0.1)",15,0.1275873274598159,0.375,184
[3],0.060000000000000005,0.0,0.0,0.15000000000000002,0.8500000000000001,sigmoid,sgd,0.9000000000000004,4,gaussian,"(-0.1, 0.1)",15,0.12086534643585482,0.375,186
[4],0.060000000000000005,0.0,0.0,0.2,0.75,sigmoid,sgd,0.7500000000000002,8,gaussian,"(-0.5, 0.5)",15,0.12797201208884043,0.375,189
[3],0.060000000000000005,0.0,0.0,0.25,0.8500000000000001,sigmoid,sgd,0.5,10,gaussian,"(-0.5, 0.5)",15,0.12783160234962634,0.375,190
[4],0.060000000000000005,0.0,0.0,0.05,0.8500000000000001,sigmoid,sgd,0.9500000000000004,10,gaussian,"(-0.1, 0.1)",15,0.13069397772015692,0.375,191
[3],0.01,0.0,0.0,0.15000000000000002,0.7,sigmoid,sgd,0.55,10,gaussian,"(-0.1, 0.1)",15,0.12695111277000456,0.375,192
[3],0.060000000000000005,0.0,0.0,0.25,0.8,sigmoid,sgd,0.8000000000000003,10,gaussian,"(-0.1, 0.1)",15,0.12949462424934757,0.375,193
[3],0.01,0.0,0.0,0.25,0.8,sigmoid,sgd,0.7000000000000002,10,gaussian,"(-0.5, 0.5)",15,0.12672375967372299,0.375,194
[3],0.01,0.0,0.0,0.0,0.75,sigmoid,sgd,0.6000000000000001,4,gaussian,"(-0.5, 0.5)",15,0.1275261890235748,0.375,196
[4],0.01,0.0,0.0,0.25,0.75,sigmoid,sgd,0.5,8,gaussian,"(-0.1, 0.1)",15,0.1293839920046733,0.375,197
[4],0.01,0.0,0.0,0.2,0.8,sigmoid,sgd,0.6500000000000001,4,gaussian,"(-0.5, 0.5)",15,0.1281437051758939,0.375,198
[4],0.060000000000000005,0.0,0.0,0.0,0.8500000000000001,sigmoid,sgd,0.6000000000000001,4,gaussian,"(-0.1, 0.1)",15,0.07958452150585464,0.875,199
[3],0.060000000000000005,0.0,0.0,0.1,0.8,sigmoid,sgd,0.9000000000000004,4,gaussian,"(-0.1, 0.1)",15,0.13048860383267846,0.375,200
[3],0.07,0.0,0.0,0.25,0.8,sigmoid,sgd,0.9000000000000004,8,gaussian,"(-0.1, 0.1)",15,0.12432821400777558,0.44,1
[3],0.07,0.0,0.0,0.05,0.75,sigmoid,sgd,0.8500000000000003,10,gaussian,"(-0.1, 0.1)",15,0.12488808896705374,0.56,2
[4],0.08,0.0,0.0,0.1,0.75,sigmoid,sgd,0.8000000000000003,8,gaussian,"(-0.5, 0.5)",15,0.12472369107270889,0.56,3
[4],0.07,0.0,0.0,0.25,0.8500000000000001,sigmoid,sgd,0.9500000000000004,10,gaussian,"(-0.1, 0.1)",15,0.12412230078908484,0.52,4
[3],0.09,0.0,0.0,0.05,0.8,sigmoid,sgd,0.7000000000000002,10,gaussian,"(-0.1, 0.1)",15,0.12417160510142111,0.6,5
[4],0.08,0.0,0.0,0.05,0.8,sigmoid,sgd,0.8500000000000003,10,gaussian,"(-0.1, 0.1)",15,0.1234847438331189,0.52,6
[4],0.07,0.0,0.0,0.05,0.7,sigmoid,sgd,0.6500000000000001,10,gaussian,"(-0.5, 0.5)",15,0.12503371446447123,0.56,7
[4],0.09,0.0,0.0,0.15000000000000002,0.75,sigmoid,sgd,0.9500000000000004,10,gaussian,"(-0.5, 0.5)",15,0.12488017884393228,0.56,8
[3],0.07,0.0,0.0,0.2,0.8500000000000001,sigmoid,sgd,0.6000000000000001,10,gaussian,"(-0.5, 0.5)",15,0.12423086169332544,0.56,9
[4],0.09,0.0,0.0,0.15000000000000002,0.9000000000000001,sigmoid,sgd,0.7500000000000002,8,gaussian,"(-0.5, 0.5)",15,0.10912342947858533,0.56,10
[3],0.08,0.0,0.0,0.0,0.8,sigmoid,sgd,0.6000000000000001,10,gaussian,"(-0.1, 0.1)",15,0.12418668463549537,0.6,11
[4],0.08,0.0,0.0,0.0,0.7,sigmoid,sgd,0.6500000000000001,8,gaussian,"(-0.5, 0.5)",15,0.12489026911544382,0.56,12
[3],0.09,0.0,0.0,0.05,0.75,sigmoid,sgd,0.6500000000000001,8,gaussian,"(-0.5, 0.5)",15,0.12414307461340489,0.52,13
[4],0.08,0.0,0.0,0.2,0.8500000000000001,sigmoid,sgd,0.7500000000000002,8,gaussian,"(-0.1, 0.1)",15,0.11862026502599493,0.52,14
[3],0.07,0.0,0.0,0.25,0.7,sigmoid,sgd,0.55,8,gaussian,"(-0.5, 0.5)",15,0.1245260756019772,0.56,15
[3],0.09,0.0,0.0,0.05,0.9000000000000001,sigmoid,sgd,0.6500000000000001,8,gaussian,"(-0.5, 0.5)",15,0.11120137135984726,0.64,16
[4],0.08,0.0,0.0,0.15000000000000002,0.8500000000000001,sigmoid,sgd,0.7500000000000002,8,gaussian,"(-0.1, 0.1)",15,0.11718298064585228,0.52,17
[3],0.09,0.0,0.0,0.15000000000000002,0.75,sigmoid,sgd,0.6500000000000001,8,gaussian,"(-0.1, 0.1)",15,0.12461214504383086,0.48,18
[3],0.09,0.0,0.0,0.2,0.7,sigmoid,sgd,0.8500000000000003,10,gaussian,"(-0.5, 0.5)",15,0.12471493377121896,0.52,19
[3],0.07,0.0,0.0,0.15000000000000002,0.7,sigmoid,sgd,0.8000000000000003,10,gaussian,"(-0.1, 0.1)",15,0.12493226925773136,0.52,20
[4],0.07,0.0,0.0,0.0,0.9000000000000001,sigmoid,sgd,0.9500000000000004,10,gaussian,"(-0.1, 0.1)",15,0.12072129895560302,0.52,21
[3],0.07,0.0,0.0,0.0,0.9000000000000001,sigmoid,sgd,0.9500000000000004,8,gaussian,"(-0.1, 0.1)",15,0.11804779498368717,0.8,22
[4],0.09,0.0,0.0,0.2,0.9000000000000001,sigmoid,sgd,0.6500000000000001,10,gaussian,"(-0.1, 0.1)",15,0.10773150947741848,0.8,23
[4],0.08,0.0,0.0,0.1,0.7,sigmoid,sgd,0.9000000000000004,8,gaussian,"(-0.1, 0.1)",15,0.12391790199616985,0.52,24
[4],0.07,0.0,0.0,0.05,0.8,sigmoid,sgd,0.9500000000000004,8,gaussian,"(-0.1, 0.1)",15,0.12319368249784592,0.52,25
[3],0.08,0.0,0.0,0.0,0.7,sigmoid,sgd,0.7500000000000002,8,gaussian,"(-0.5, 0.5)",15,0.12451622676294104,0.56,26
[4],0.07,0.0,0.0,0.0,0.8500000000000001,sigmoid,sgd,0.6000000000000001,10,gaussian,"(-0.5, 0.5)",15,0.12380604963386961,0.56,27
[4],0.09,0.0,0.0,0.0,0.7,sigmoid,sgd,0.9500000000000004,8,gaussian,"(-0.1, 0.1)",15,0.12386598129750664,0.52,28
[3],0.08,0.0,0.0,0.1,0.7,sigmoid,sgd,0.7500000000000002,10,gaussian,"(-0.1, 0.1)",15,0.12494963069231568,0.56,29
[3],0.07,0.0,0.0,0.15000000000000002,0.7,sigmoid,sgd,0.7000000000000002,8,gaussian,"(-0.5, 0.5)",15,0.12466680628957937,0.52,30
[3],0.08,0.0,0.0,0.05,0.75,sigmoid,sgd,0.6500000000000001,8,gaussian,"(-0.5, 0.5)",15,0.12431590201411243,0.52,31
[4],0.08,0.0,0.0,0.0,0.8,sigmoid,sgd,0.55,10,gaussian,"(-0.5, 0.5)",15,0.12406783236044026,0.56,32
[3],0.07,0.0,0.0,0.2,0.8500000000000001,sigmoid,sgd,0.8000000000000003,8,gaussian,"(-0.1, 0.1)",15,0.12439770917201186,0.48,33
[4],0.07,0.0,0.0,0.2,0.9000000000000001,sigmoid,sgd,0.7500000000000002,10,gaussian,"(-0.5, 0.5)",15,0.1227297517498669,0.52,34
[4],0.09,0.0,0.0,0.15000000000000002,0.8,sigmoid,sgd,0.8000000000000003,10,gaussian,"(-0.5, 0.5)",15,0.12440554697154617,0.56,35
[4],0.09,0.0,0.0,0.0,0.8,sigmoid,sgd,0.8500000000000003,10,gaussian,"(-0.1, 0.1)",15,0.12309564901520036,0.52,36
[4],0.09,0.0,0.0,0.05,0.7,sigmoid,sgd,0.7000000000000002,8,gaussian,"(-0.1, 0.1)",15,0.12286910757172746,0.52,37
[3],0.07,0.0,0.0,0.05,0.8500000000000001,sigmoid,sgd,0.8000000000000003,10,gaussian,"(-0.1, 0.1)",15,0.12437441843734075,0.6,38
[3],0.09,0.0,0.0,0.25,0.7,sigmoid,sgd,0.9000000000000004,10,gaussian,"(-0.1, 0.1)",15,0.12470886086972559,0.6,39
[3],0.08,0.0,0.0,0.05,0.8500000000000001,sigmoid,sgd,0.6000000000000001,10,gaussian,"(-0.5, 0.5)",15,0.12389795986354782,0.56,40
[3],0.09,0.0,0.0,0.1,0.9000000000000001,sigmoid,sgd,0.55,10,gaussian,"(-0.5, 0.5)",15,0.12017390699285255,0.56,41
[4],0.08,0.0,0.0,0.2,0.7,sigmoid,sgd,0.6000000000000001,8,gaussian,"(-0.5, 0.5)",15,0.12475609679016177,0.56,42
[4],0.08,0.0,0.0,0.2,0.8500000000000001,sigmoid,sgd,0.8000000000000003,8,gaussian,"(-0.5, 0.5)",15,0.1230425329867413,0.52,43
[3],0.08,0.0,0.0,0.1,0.8500000000000001,sigmoid,sgd,0.7000000000000002,10,gaussian,"(-0.1, 0.1)",15,0.12468178534234552,0.52,44
[4],0.08,0.0,0.0,0.25,0.8500000000000001,sigmoid,sgd,0.8000000000000003,8,gaussian,"(-0.5, 0.5)",15,0.12318586078193283,0.52,45
[3],0.08,0.0,0.0,0.05,0.7,sigmoid,sgd,0.8500000000000003,10,gaussian,"(-0.5, 0.5)",15,0.12475349152156764,0.52,46
[4],0.08,0.0,0.0,0.1,0.7,sigmoid,sgd,0.6500000000000001,8,gaussian,"(-0.1, 0.1)",15,0.123352278138623,0.52,47
[3],0.07,0.0,0.0,0.0,0.9000000000000001,sigmoid,sgd,0.55,8,gaussian,"(-0.5, 0.5)",15,0.1183704452424651,0.56,48
[4],0.07,0.0,0.0,0.2,0.9000000000000001,sigmoid,sgd,0.9500000000000004,8,gaussian,"(-0.5, 0.5)",15,0.12183951459614983,0.52,49
[4],0.09,0.0,0.0,0.05,0.7,sigmoid,sgd,0.9500000000000004,8,gaussian,"(-0.5, 0.5)",15,0.12494027625718353,0.52,50
[4],0.07,0.0,0.0,0.2,0.8,sigmoid,sgd,0.8000000000000003,10,gaussian,"(-0.1, 0.1)",15,0.12398447278186936,0.52,51
[4],0.07,0.0,0.0,0.25,0.9000000000000001,sigmoid,sgd,0.9500000000000004,10,gaussian,"(-0.1, 0.1)",15,0.12325855825662403,0.52,52
[3],0.08,0.0,0.0,0.15000000000000002,0.75,sigmoid,sgd,0.8500000000000003,10,gaussian,"(-0.5, 0.5)",15,0.12469451035378645,0.52,53
[3],0.08,0.0,0.0,0.1,0.8,sigmoid,sgd,0.55,8,gaussian,"(-0.5, 0.5)",15,0.12382647998171281,0.56,54
[3],0.09,0.0,0.0,0.15000000000000002,0.8500000000000001,sigmoid,sgd,0.6500000000000001,10,gaussian,"(-0.5, 0.5)",15,0.12382153412752217,0.56,55
[4],0.08,0.0,0.0,0.2,0.9000000000000001,sigmoid,sgd,0.8500000000000003,10,gaussian,"(-0.5, 0.5)",15,0.12229994872922582,0.52,56
[3],0.07,0.0,0.0,0.25,0.75,sigmoid,sgd,0.6500000000000001,10,gaussian,"(-0.5, 0.5)",15,0.12464587113794076,0.52,57
[3],0.07,0.0,0.0,0.1,0.75,sigmoid,sgd,0.9000000000000004,8,gaussian,"(-0.1, 0.1)",15,0.1250075034402582,0.48,58
[3],0.09,0.0,0.0,0.1,0.75,sigmoid,sgd,0.8500000000000003,10,gaussian,"(-0.5, 0.5)",15,0.12463450914556758,0.52,59
[3],0.07,0.0,0.0,0.1,0.8500000000000001,sigmoid,sgd,0.55,8,gaussian,"(-0.1, 0.1)",15,0.1234278239400611,0.48,60
[4],0.07,0.0,0.0,0.05,0.7,sigmoid,sgd,0.8500000000000003,10,gaussian,"(-0.5, 0.5)",15,0.12516923345021336,0.6,61
[3],0.09,0.0,0.0,0.25,0.7,sigmoid,sgd,0.6000000000000001,8,gaussian,"(-0.1, 0.1)",15,0.12379202930297777,0.56,62
[3],0.07,0.0,0.0,0.15000000000000002,0.8500000000000001,sigmoid,sgd,0.7000000000000002,10,gaussian,"(-0.1, 0.1)",15,0.12464985727111459,0.6,63
[3],0.08,0.0,0.0,0.25,0.9000000000000001,sigmoid,sgd,0.6000000000000001,10,gaussian,"(-0.1, 0.1)",15,0.09809615576213672,0.84,64
[3],0.07,0.0,0.0,0.1,0.9000000000000001,sigmoid,sgd,0.7000000000000002,10,gaussian,"(-0.5, 0.5)",15,0.12366311221186979,0.56,65
[4],0.07,0.0,0.0,0.2,0.7,sigmoid,sgd,0.55,8,gaussian,"(-0.5, 0.5)",15,0.12485638263650105,0.56,66
[3],0.07,0.0,0.0,0.15000000000000002,0.9000000000000001,sigmoid,sgd,0.8500000000000003,8,gaussian,"(-0.5, 0.5)",15,0.12299439891781833,0.56,67
[4],0.08,0.0,0.0,0.1,0.7,sigmoid,sgd,0.7000000000000002,10,gaussian,"(-0.5, 0.5)",15,0.12496392407220575,0.56,68
[3],0.08,0.0,0.0,0.1,0.8,sigmoid,sgd,0.8000000000000003,8,gaussian,"(-0.5, 0.5)",15,0.12432173989065017,0.56,69
[4],0.09,0.0,0.0,0.15000000000000002,0.7,sigmoid,sgd,0.8500000000000003,10,gaussian,"(-0.1, 0.1)",15,0.12414753052670406,0.52,70
[3],0.09,0.0,0.0,0.05,0.8,sigmoid,sgd,0.55,10,gaussian,"(-0.1, 0.1)",15,0.12332243018559055,0.6,71
[4],0.09,0.0,0.0,0.1,0.9000000000000001,sigmoid,sgd,0.6500000000000001,10,gaussian,"(-0.5, 0.5)",15,0.11635353797975138,0.56,72
[3],0.09,0.0,0.0,0.2,0.75,sigmoid,sgd,0.9000000000000004,10,gaussian,"(-0.5, 0.5)",15,0.1246551803627066,0.52,73
[4],0.09,0.0,0.0,0.2,0.8500000000000001,sigmoid,sgd,0.7500000000000002,10,gaussian,"(-0.5, 0.5)",15,0.12348559444070223,0.56,74
[3],0.09,0.0,0.0,0.05,0.9000000000000001,sigmoid,sgd,0.7500000000000002,10,gaussian,"(-0.5, 0.5)",15,0.1223184513168485,0.56,75
[3],0.08,0.0,0.0,0.0,0.75,sigmoid,sgd,0.9000000000000004,10,gaussian,"(-0.1, 0.1)",15,0.12484060755178318,0.64,76
[4],0.09,0.0,0.0,0.05,0.7,sigmoid,sgd,0.55,10,gaussian,"(-0.5, 0.5)",15,0.12464021399609626,0.56,77
[4],0.09,0.0,0.0,0.0,0.9000000000000001,sigmoid,sgd,0.55,10,gaussian,"(-0.1, 0.1)",15,0.087488631365828,0.92,78
[4],0.07,0.0,0.0,0.25,0.8,sigmoid,sgd,0.7000000000000002,10,gaussian,"(-0.5, 0.5)",15,0.12481372034009906,0.56,79
[3],0.07,0.0,0.0,0.2,0.8500000000000001,sigmoid,sgd,0.9500000000000004,10,gaussian,"(-0.5, 0.5)",15,0.12455808586813281,0.56,80
[3],0.07,0.0,0.0,0.15000000000000002,0.8,sigmoid,sgd,0.7000000000000002,8,gaussian,"(-0.5, 0.5)",15,0.12436604094745167,0.56,81
[4],0.09,0.0,0.0,0.1,0.8500000000000001,sigmoid,sgd,0.8000000000000003,10,gaussian,"(-0.1, 0.1)",15,0.12141437469482248,0.52,82
[4],0.09,0.0,0.0,0.1,0.9000000000000001,sigmoid,sgd,0.7000000000000002,8,gaussian,"(-0.5, 0.5)",15,0.1066986285589279,0.52,83
[4],0.07,0.0,0.0,0.2,0.8,sigmoid,sgd,0.55,8,gaussian,"(-0.5, 0.5)",15,0.12389634855338708,0.56,84
[3],0.09,0.0,0.0,0.1,0.75,sigmoid,sgd,0.6000000000000001,8,gaussian,"(-0.5, 0.5)",15,0.12413725863056445,0.52,85
[4],0.07,0.0,0.0,0.1,0.8500000000000001,sigmoid,sgd,0.55,8,gaussian,"(-0.5, 0.5)",15,0.1215119620531056,0.56,86
[4],0.07,0.0,0.0,0.15000000000000002,0.7,sigmoid,sgd,0.7000000000000002,10,gaussian,"(-0.1, 0.1)",15,0.12429546304342858,0.52,87
[3],0.08,0.0,0.0,0.0,0.9000000000000001,sigmoid,sgd,0.7000000000000002,10,gaussian,"(-0.1, 0.1)",15,0.11472091846125025,0.76,88
[3],0.07,0.0,0.0,0.1,0.8500000000000001,sigmoid,sgd,0.8000000000000003,10,gaussian,"(-0.5, 0.5)",15,0.12445977982936146,0.56,89
[3],0.08,0.0,0.0,0.25,0.7,sigmoid,sgd,0.7500000000000002,8,gaussian,"(-0.5, 0.5)",15,0.12459367497829488,0.56,90
[3],0.08,0.0,0.0,0.0,0.8,sigmoid,sgd,0.6500000000000001,8,gaussian,"(-0.1, 0.1)",15,0.12297957098033724,0.68,91
[3],0.09,0.0,0.0,0.25,0.9000000000000001,sigmoid,sgd,0.6000000000000001,8,gaussian,"(-0.1, 0.1)",15,0.06748754470580556,0.92,92
[3],0.07,0.0,0.0,0.1,0.75,sigmoid,sgd,0.9000000000000004,10,gaussian,"(-0.1, 0.1)",15,0.12497471832946801,0.56,93
[3],0.07,0.0,0.0,0.0,0.8,sigmoid,sgd,0.7000000000000002,8,gaussian,"(-0.5, 0.5)",15,0.12426521640973517,0.6,94
[3],0.09,0.0,0.0,0.0,0.8500000000000001,sigmoid,sgd,0.9000000000000004,8,gaussian,"(-0.5, 0.5)",15,0.12354694129060048,0.56,95
[4],0.09,0.0,0.0,0.0,0.7,sigmoid,sgd,0.8500000000000003,10,gaussian,"(-0.1, 0.1)",15,0.12407433563316786,0.52,96
[4],0.09,0.0,0.0,0.05,0.7,sigmoid,sgd,0.9500000000000004,10,gaussian,"(-0.5, 0.5)",15,0.1250272089981163,0.6,97
[3],0.09,0.0,0.0,0.0,0.9000000000000001,sigmoid,sgd,0.8000000000000003,10,gaussian,"(-0.5, 0.5)",15,0.12258942247546667,0.56,98
[4],0.09,0.0,0.0,0.0,0.8,sigmoid,sgd,0.6000000000000001,10,gaussian,"(-0.1, 0.1)",15,0.12147352899133718,0.52,99
[3],0.07,0.0,0.0,0.15000000000000002,0.7,sigmoid,sgd,0.55,10,gaussian,"(-0.5, 0.5)",15,0.12468848103831269,0.52,100
[3],0.08,0.0,0.0,0.2,0.8,sigmoid,sgd,0.8500000000000003,8,gaussian,"(-0.5, 0.5)",15,0.12441095628819117,0.56,101
[4],0.07,0.0,0.0,0.1,0.9000000000000001,sigmoid,sgd,0.5,8,gaussian,"(-0.5, 0.5)",15,0.10753305682490835,0.52,102
[4],0.08,0.0,0.0,0.0,0.75,sigmoid,sgd,0.5,8,gaussian,"(-0.5, 0.5)",15,0.12397819098712208,0.56,103
[4],0.08,0.0,0.0,0.1,0.75,sigmoid,sgd,0.5,8,gaussian,"(-0.1, 0.1)",15,0.12096693040327812,0.52,104
[3],0.08,0.0,0.0,0.15000000000000002,0.8500000000000001,sigmoid,sgd,0.6500000000000001,8,gaussian,"(-0.5, 0.5)",15,0.12327654235887307,0.56,105
[3],0.08,0.0,0.0,0.25,0.9000000000000001,sigmoid,sgd,0.8000000000000003,8,gaussian,"(-0.1, 0.1)",15,0.09954712372448457,0.84,106
[4],0.07,0.0,0.0,0.05,0.8,sigmoid,sgd,0.8500000000000003,10,gaussian,"(-0.1, 0.1)",15,0.12381641224472624,0.52,107
[4],0.09,0.0,0.0,0.25,0.75,sigmoid,sgd,0.8000000000000003,8,gaussian,"(-0.1, 0.1)",15,0.12294667368081356,0.52,108
[4],0.09,0.0,0.0,0.15000000000000002,0.9000000000000001,sigmoid,sgd,0.8000000000000003,8,gaussian,"(-0.1, 0.1)",15,0.09812590848502774,0.8,109
[4],0.09,0.0,0.0,0.1,0.7,sigmoid,sgd,0.9500000000000004,10,gaussian,"(-0.5, 0.5)",15,0.12503470175937698,0.6,110
[4],0.09,0.0,0.0,0.1,0.75,sigmoid,sgd,0.9000000000000004,8,gaussian,"(-0.5, 0.5)",15,0.12467610899381976,0.52,111
[3],0.07,0.0,0.0,0.0,0.75,sigmoid,sgd,0.55,8,gaussian,"(-0.5, 0.5)",15,0.12431371125257756,0.56,112
[4],0.09,0.0,0.0,0.2,0.9000000000000001,sigmoid,sgd,0.55,10,gaussian,"(-0.5, 0.5)",15,0.1126575095948287,0.56,113
[4],0.09,0.0,0.0,0.0,0.8,sigmoid,sgd,0.5,8,gaussian,"(-0.5, 0.5)",15,0.12070313729829717,0.56,114
[3],0.09,0.0,0.0,0.0,0.9000000000000001,sigmoid,sgd,0.9500000000000004,8,gaussian,"(-0.5, 0.5)",15,0.12093452768040125,0.56,115
[3],0.07,0.0,0.0,0.15000000000000002,0.7,sigmoid,sgd,0.6500000000000001,10,gaussian,"(-0.1, 0.1)",15,0.12490504789334628,0.52,116
[4],0.08,0.0,0.0,0.1,0.8500000000000001,sigmoid,sgd,0.55,10,gaussian,"(-0.5, 0.5)",15,0.12279039602204213,0.56,117
[4],0.08,0.0,0.0,0.25,0.9000000000000001,sigmoid,sgd,0.7500000000000002,10,gaussian,"(-0.1, 0.1)",15,0.12111539355145187,0.52,118
[3],0.08,0.0,0.0,0.2,0.8500000000000001,sigmoid,sgd,0.9000000000000004,10,gaussian,"(-0.5, 0.5)",15,0.12440037533062805,0.56,119
[4],0.07,0.0,0.0,0.05,0.8,sigmoid,sgd,0.6000000000000001,8,gaussian,"(-0.1, 0.1)",15,0.12116098688715836,0.52,120
[3],0.09,0.0,0.0,0.1,0.9000000000000001,sigmoid,sgd,0.6000000000000001,8,gaussian,"(-0.1, 0.1)",15,0.10815851250065299,0.56,121
[4],0.08,0.0,0.0,0.25,0.75,sigmoid,sgd,0.9000000000000004,8,gaussian,"(-0.5, 0.5)",15,0.1250245421298681,0.52,122
[3],0.08,0.0,0.0,0.25,0.9000000000000001,sigmoid,sgd,0.9000000000000004,10,gaussian,"(-0.1, 0.1)",15,0.11587347046904359,0.76,123
[3],0.08,0.0,0.0,0.0,0.8500000000000001,sigmoid,sgd,0.55,8,gaussian,"(-0.5, 0.5)",15,0.12244525129943233,0.56,124
[3],0.08,0.0,0.0,0.0,0.75,sigmoid,sgd,0.5,10,gaussian,"(-0.1, 0.1)",15,0.12443178293989739,0.68,125
[4],0.07,0.0,0.0,0.1,0.75,sigmoid,sgd,0.6000000000000001,8,gaussian,"(-0.5, 0.5)",15,0.12458484255924654,0.56,126
[4],0.09,0.0,0.0,0.05,0.8500000000000001,sigmoid,sgd,0.7000000000000002,8,gaussian,"(-0.5, 0.5)",15,0.11990678607969038,0.56,127
[3],0.08,0.0,0.0,0.05,0.8,sigmoid,sgd,0.9500000000000004,10,gaussian,"(-0.1, 0.1)",15,0.1247522382894449,0.56,128
[4],0.09,0.0,0.0,0.2,0.7,sigmoid,sgd,0.5,10,gaussian,"(-0.5, 0.5)",15,0.12461488976941867,0.56,129
[3],0.09,0.0,0.0,0.25,0.7,sigmoid,sgd,0.8500000000000003,8,gaussian,"(-0.5, 0.5)",15,0.1245733543070392,0.56,130
[4],0.09,0.0,0.0,0.0,0.8,sigmoid,sgd,0.9500000000000004,10,gaussian,"(-0.1, 0.1)",15,0.1233844447431866,0.52,131
[4],0.09,0.0,0.0,0.1,0.75,sigmoid,sgd,0.55,10,gaussian,"(-0.5, 0.5)",15,0.12433187127645534,0.6,132
[3],0.07,0.0,0.0,0.05,0.7,sigmoid,sgd,0.7000000000000002,8,gaussian,"(-0.5, 0.5)",15,0.12463385053296533,0.52,133
[4],0.07,0.0,0.0,0.25,0.8,sigmoid,sgd,0.8000000000000003,10,gaussian,"(-0.5, 0.5)",15,0.12492132772801604,0.56,134
[3],0.08,0.0,0.0,0.25,0.8500000000000001,sigmoid,sgd,0.55,10,gaussian,"(-0.5, 0.5)",15,0.12372763911866871,0.56,135
[4],0.07,0.0,0.0,0.0,0.8,sigmoid,sgd,0.6000000000000001,10,gaussian,"(-0.5, 0.5)",15,0.12451668349452932,0.56,136
[3],0.09,0.0,0.0,0.1,0.9000000000000001,sigmoid,sgd,0.8000000000000003,10,gaussian,"(-0.1, 0.1)",15,0.12376216035423968,0.48,137
[3],0.09,0.0,0.0,0.25,0.8500000000000001,sigmoid,sgd,0.7500000000000002,10,gaussian,"(-0.1, 0.1)",15,0.11991410440196734,0.72,138
[3],0.09,0.0,0.0,0.15000000000000002,0.8,sigmoid,sgd,0.9000000000000004,10,gaussian,"(-0.5, 0.5)",15,0.12451577729333665,0.56,139
[4],0.07,0.0,0.0,0.0,0.7,sigmoid,sgd,0.7000000000000002,10,gaussian,"(-0.1, 0.1)",15,0.12423456924167976,0.52,140
[4],0.09,0.0,0.0,0.15000000000000002,0.75,sigmoid,sgd,0.6000000000000001,10,gaussian,"(-0.5, 0.5)",15,0.12444661530200936,0.6,141
[4],0.09,0.0,0.0,0.0,0.9000000000000001,sigmoid,sgd,0.7500000000000002,8,gaussian,"(-0.1, 0.1)",15,0.0882451866382311,0.92,142
[3],0.07,0.0,0.0,0.15000000000000002,0.7,sigmoid,sgd,0.9500000000000004,8,gaussian,"(-0.5, 0.5)",15,0.1247996930284449,0.48,143
[4],0.09,0.0,0.0,0.25,0.8500000000000001,sigmoid,sgd,0.7500000000000002,8,gaussian,"(-0.5, 0.5)",15,0.12132449493334255,0.56,144
[4],0.07,0.0,0.0,0.2,0.9000000000000001,sigmoid,sgd,0.55,8,gaussian,"(-0.1, 0.1)",15,0.10372145457637041,0.56,145
[3],0.08,0.0,0.0,0.25,0.75,sigmoid,sgd,0.6500000000000001,10,gaussian,"(-0.5, 0.5)",15,0.1245567708053148,0.52,146
[3],0.09,0.0,0.0,0.25,0.75,sigmoid,sgd,0.5,8,gaussian,"(-0.5, 0.5)",15,0.12383068516947869,0.56,147
[3],0.09,0.0,0.0,0.15000000000000002,0.9000000000000001,sigmoid,sgd,0.8500000000000003,8,gaussian,"(-0.5, 0.5)",15,0.12004072454215374,0.56,148
[4],0.07,0.0,0.0,0.25,0.7,sigmoid,sgd,0.8500000000000003,8,gaussian,"(-0.1, 0.1)",15,0.12419208744347826,0.52,149
[4],0.09,0.0,0.0,0.1,0.8,sigmoid,sgd,0.7500000000000002,8,gaussian,"(-0.1, 0.1)",15,0.12049867512615736,0.52,150
[4],0.08,0.0,0.0,0.05,0.75,sigmoid,sgd,0.9500000000000004,10,gaussian,"(-0.1, 0.1)",15,0.12406866255098842,0.52,151
[4],0.09,0.0,0.0,0.25,0.8,sigmoid,sgd,0.8500000000000003,10,gaussian,"(-0.1, 0.1)",15,0.12398648284446515,0.52,152
[3],0.08,0.0,0.0,0.2,0.8500000000000001,sigmoid,sgd,0.5,10,gaussian,"(-0.5, 0.5)",15,0.1237041811059637,0.56,153
[4],0.09,0.0,0.0,0.0,0.7,sigmoid,sgd,0.8000000000000003,10,gaussian,"(-0.5, 0.5)",15,0.1249336118708318,0.6,154
[3],0.09,0.0,0.0,0.2,0.75,sigmoid,sgd,0.9000000000000004,10,gaussian,"(-0.1, 0.1)",15,0.12484616633211801,0.6,155
[3],0.07,0.0,0.0,0.15000000000000002,0.8,sigmoid,sgd,0.9500000000000004,10,gaussian,"(-0.1, 0.1)",15,0.12491257017833311,0.52,156
[3],0.07,0.0,0.0,0.25,0.8,sigmoid,sgd,0.7500000000000002,10,gaussian,"(-0.5, 0.5)",15,0.12458203270545731,0.52,157
[4],0.09,0.0,0.0,0.1,0.9000000000000001,sigmoid,sgd,0.7500000000000002,10,gaussian,"(-0.5, 0.5)",15,0.11897451166577083,0.52,158
[4],0.09,0.0,0.0,0.25,0.7,sigmoid,sgd,0.9500000000000004,10,gaussian,"(-0.5, 0.5)",15,0.12512824724646412,0.6,159
[3],0.09,0.0,0.0,0.05,0.7,sigmoid,sgd,0.7500000000000002,10,gaussian,"(-0.5, 0.5)",15,0.12464780816493454,0.52,160
[3],0.08,0.0,0.0,0.2,0.9000000000000001,sigmoid,sgd,0.9000000000000004,10,gaussian,"(-0.5, 0.5)",15,0.1237626373947256,0.56,161
[4],0.07,0.0,0.0,0.15000000000000002,0.9000000000000001,sigmoid,sgd,0.6500000000000001,8,gaussian,"(-0.5, 0.5)",15,0.11552420239081591,0.56,162
[3],0.08,0.0,0.0,0.1,0.75,sigmoid,sgd,0.9000000000000004,10,gaussian,"(-0.1, 0.1)",15,0.12496162923966216,0.56,163
[4],0.08,0.0,0.0,0.1,0.75,sigmoid,sgd,0.7500000000000002,10,gaussian,"(-0.5, 0.5)",15,0.12483725947397618,0.6,164
[3],0.07,0.0,0.0,0.2,0.8,sigmoid,sgd,0.6500000000000001,8,gaussian,"(-0.1, 0.1)",15,0.12456176652827392,0.56,165
[3],0.07,0.0,0.0,0.15000000000000002,0.8,sigmoid,sgd,0.9000000000000004,8,gaussian,"(-0.5, 0.5)",15,0.12455558666536203,0.56,166
[4],0.09,0.0,0.0,0.05,0.8,sigmoid,sgd,0.9500000000000004,8,gaussian,"(-0.1, 0.1)",15,0.12174596439874334,0.52,167
[4],0.07,0.0,0.0,0.0,0.8500000000000001,sigmoid,sgd,0.5,10,gaussian,"(-0.5, 0.5)",15,0.12321074985568371,0.56,168
[4],0.08,0.0,0.0,0.25,0.9000000000000001,sigmoid,sgd,0.6500000000000001,8,gaussian,"(-0.1, 0.1)",15,0.10348039463898225,0.56,169
[4],0.09,0.0,0.0,0.1,0.75,sigmoid,sgd,0.6000000000000001,10,gaussian,"(-0.5, 0.5)",15,0.12445164447709799,0.6,170
[3],0.08,0.0,0.0,0.25,0.7,sigmoid,sgd,0.6500000000000001,8,gaussian,"(-0.5, 0.5)",15,0.12451220619578995,0.52,171
[3],0.08,0.0,0.0,0.1,0.8,sigmoid,sgd,0.6500000000000001,8,gaussian,"(-0.5, 0.5)",15,0.12408602972474664,0.56,172
[4],0.07,0.0,0.0,0.15000000000000002,0.9000000000000001,sigmoid,sgd,0.9500000000000004,8,gaussian,"(-0.1, 0.1)",15,0.11555208633860968,0.52,173
[3],0.09,0.0,0.0,0.0,0.7,sigmoid,sgd,0.9000000000000004,10,gaussian,"(-0.1, 0.1)",15,0.12486053115371659,0.6,175
[4],0.07,0.0,0.0,0.2,0.8500000000000001,sigmoid,sgd,0.8500000000000003,8,gaussian,"(-0.5, 0.5)",15,0.1240653076428376,0.52,176
[3],0.08,0.0,0.0,0.1,0.7,sigmoid,sgd,0.7500000000000002,8,gaussian,"(-0.1, 0.1)",15,0.12494317137747042,0.44,177
[4],0.07,0.0,0.0,0.1,0.8500000000000001,sigmoid,sgd,0.8000000000000003,10,gaussian,"(-0.5, 0.5)",15,0.12437909711721534,0.56,178
[3],0.09,0.0,0.0,0.25,0.9000000000000001,sigmoid,sgd,0.9000000000000004,10,gaussian,"(-0.1, 0.1)",15,0.1101279633122541,0.8,179
[3],0.07,0.0,0.0,0.1,0.8500000000000001,sigmoid,sgd,0.8500000000000003,10,gaussian,"(-0.5, 0.5)",15,0.12449843003664719,0.56,180
[3],0.09,0.0,0.0,0.0,0.7,sigmoid,sgd,0.55,8,gaussian,"(-0.5, 0.5)",15,0.12421873174947619,0.56,181
[3],0.07,0.0,0.0,0.25,0.7,sigmoid,sgd,0.5,8,gaussian,"(-0.1, 0.1)",15,0.12425601611490146,0.68,182
[4],0.09,0.0,0.0,0.2,0.8,sigmoid,sgd,0.8000000000000003,10,gaussian,"(-0.1, 0.1)",15,0.12335655373569844,0.52,183
[3],0.09,0.0,0.0,0.25,0.8500000000000001,sigmoid,sgd,0.9000000000000004,10,gaussian,"(-0.5, 0.5)",15,0.12415631972856377,0.56,184
[3],0.08,0.0,0.0,0.15000000000000002,0.75,sigmoid,sgd,0.6000000000000001,10,gaussian,"(-0.5, 0.5)",15,0.12454747050004145,0.52,185
[4],0.09,0.0,0.0,0.2,0.75,sigmoid,sgd,0.7500000000000002,8,gaussian,"(-0.5, 0.5)",15,0.12449628253740327,0.56,186
[3],0.09,0.0,0.0,0.25,0.75,sigmoid,sgd,0.55,8,gaussian,"(-0.5, 0.5)",15,0.12397830901063452,0.56,187
[3],0.08,0.0,0.0,0.1,0.7,sigmoid,sgd,0.6500000000000001,8,gaussian,"(-0.1, 0.1)",15,0.12488895499391947,0.48,188
[4],0.08,0.0,0.0,0.15000000000000002,0.8500000000000001,sigmoid,sgd,0.9000000000000004,10,gaussian,"(-0.1, 0.1)",15,0.12275973577081041,0.52,189
[4],0.08,0.0,0.0,0.05,0.8,sigmoid,sgd,0.6000000000000001,8,gaussian,"(-0.5, 0.5)",15,0.12331007786686662,0.56,190
[4],0.07,0.0,0.0,0.05,0.8,sigmoid,sgd,0.9000000000000004,10,gaussian,"(-0.5, 0.5)",15,0.12488240401694524,0.56,191
[4],0.08,0.0,0.0,0.05,0.8,sigmoid,sgd,0.9000000000000004,8,gaussian,"(-0.1, 0.1)",15,0.12234787969574983,0.52,192
[3],0.07,0.0,0.0,0.15000000000000002,0.75,sigmoid,sgd,0.6500000000000001,10,gaussian,"(-0.1, 0.1)",15,0.12487370754551451,0.52,193
[4],0.09,0.0,0.0,0.15000000000000002,0.7,sigmoid,sgd,0.9000000000000004,10,gaussian,"(-0.1, 0.1)",15,0.12419402077732808,0.52,194
[4],0.07,0.0,0.0,0.0,0.7,sigmoid,sgd,0.7500000000000002,10,gaussian,"(-0.1, 0.1)",15,0.12428195694642052,0.52,195
[4],0.08,0.0,0.0,0.15000000000000002,0.9000000000000001,sigmoid,sgd,0.5,8,gaussian,"(-0.5, 0.5)",15,0.09894423127318965,0.68,196
[4],0.09,0.0,0.0,0.15000000000000002,0.7,sigmoid,sgd,0.8000000000000003,10,gaussian,"(-0.1, 0.1)",15,0.12409290006493007,0.52,197
[3],0.07,0.0,0.0,0.25,0.9000000000000001,sigmoid,sgd,0.7000000000000002,8,gaussian,"(-0.5, 0.5)",15,0.12152525246064304,0.56,198
[3],0.07,0.0,0.0,0.2,0.75,sigmoid,sgd,0.9500000000000004,8,gaussian,"(-0.5, 0.5)",15,0.12473789778787583,0.48,199
[4],0.09,0.0,0.0,0.05,0.7,sigmoid,sgd,0.6500000000000001,8,gaussian,"(-0.5, 0.5)",15,0.1245209131300042,0.6,200
[4],0.07,0.0,0.0,0.25,0.8,sigmoid,sgd,0.9000000000000004,10,gaussian,"(-0.1, 0.1)",15,0.12526829361974454,0.48,1
[4],0.07,0.0,0.0,0.2,0.8,sigmoid,sgd,0.6000000000000001,10,gaussian,"(-0.5, 0.5)",15,0.12537822545476845,0.48,2
[4],0.08,0.0,0.0,0.0,0.7,sigmoid,sgd,0.7000000000000002,8,gaussian,"(-0.1, 0.1)",15,0.12458911805346652,0.48,3
[3],0.08,0.0,0.0,0.15000000000000002,0.9000000000000001,sigmoid,sgd,0.7500000000000002,8,gaussian,"(-0.5, 0.5)",15,0.12025838663772478,0.6,4
[3],0.08,0.0,0.0,0.15000000000000002,0.8500000000000001,sigmoid,sgd,0.6000000000000001,8,gaussian,"(-0.5, 0.5)",15,0.12231226766491535,0.64,5
[4],0.08,0.0,0.0,0.05,0.7,sigmoid,sgd,0.7000000000000002,10,gaussian,"(-0.5, 0.5)",15,0.12613491728484524,0.48,6
[4],0.07,0.0,0.0,0.25,0.8500000000000001,sigmoid,sgd,0.7000000000000002,8,gaussian,"(-0.5, 0.5)",15,0.12284870020659167,0.48,7
[4],0.08,0.0,0.0,0.15000000000000002,0.8,sigmoid,sgd,0.9500000000000004,8,gaussian,"(-0.5, 0.5)",15,0.12484541059452976,0.52,8
[3],0.08,0.0,0.0,0.1,0.8,sigmoid,sgd,0.7000000000000002,10,gaussian,"(-0.1, 0.1)",15,0.1253334598920594,0.48,9
[3],0.09,0.0,0.0,0.2,0.75,sigmoid,sgd,0.7000000000000002,8,gaussian,"(-0.5, 0.5)",15,0.12379594699039526,0.6,10
[3],0.09,0.0,0.0,0.1,0.75,sigmoid,sgd,0.55,10,gaussian,"(-0.5, 0.5)",15,0.12401958326997532,0.52,11
[4],0.09,0.0,0.0,0.0,0.8,sigmoid,sgd,0.6000000000000001,8,gaussian,"(-0.5, 0.5)",15,0.12198630671415443,0.52,12
[4],0.07,0.0,0.0,0.15000000000000002,0.7,sigmoid,sgd,0.6000000000000001,10,gaussian,"(-0.5, 0.5)",15,0.12615104335310795,0.48,14
[4],0.07,0.0,0.0,0.2,0.8500000000000001,sigmoid,sgd,0.8500000000000003,10,gaussian,"(-0.5, 0.5)",15,0.1252535709884204,0.48,15
[3],0.09,0.0,0.0,0.0,0.7,sigmoid,sgd,0.9000000000000004,8,gaussian,"(-0.5, 0.5)",15,0.12411815469866984,0.52,16
[4],0.08,0.0,0.0,0.05,0.8500000000000001,sigmoid,sgd,0.5,8,gaussian,"(-0.5, 0.5)",15,0.11470272242616865,0.52,17
[4],0.07,0.0,0.0,0.25,0.75,sigmoid,sgd,0.9000000000000004,8,gaussian,"(-0.5, 0.5)",15,0.12561881525750324,0.48,18
[3],0.08,0.0,0.0,0.0,0.8,sigmoid,sgd,0.9500000000000004,8,gaussian,"(-0.5, 0.5)",15,0.12383244397668651,0.56,19
[4],0.09,0.0,0.0,0.05,0.8,sigmoid,sgd,0.6500000000000001,10,gaussian,"(-0.1, 0.1)",15,0.12383469282310003,0.48,20
[4],0.09,0.0,0.0,0.05,0.9000000000000001,sigmoid,sgd,0.8000000000000003,8,gaussian,"(-0.1, 0.1)",15,0.08654118874576704,0.92,21
[3],0.08,0.0,0.0,0.1,0.75,sigmoid,sgd,0.7500000000000002,8,gaussian,"(-0.1, 0.1)",15,0.1249366104924003,0.48,22
[3],0.08,0.0,0.0,0.2,0.9000000000000001,sigmoid,sgd,0.8500000000000003,10,gaussian,"(-0.1, 0.1)",15,0.12111860624231918,0.56,23
[3],0.07,0.0,0.0,0.1,0.7,sigmoid,sgd,0.8500000000000003,10,gaussian,"(-0.1, 0.1)",15,0.1252752885581205,0.48,24
[4],0.09,0.0,0.0,0.1,0.9000000000000001,sigmoid,sgd,0.55,8,gaussian,"(-0.1, 0.1)",15,0.06635435492426942,0.96,25
[4],0.08,0.0,0.0,0.1,0.7,sigmoid,sgd,0.9500000000000004,10,gaussian,"(-0.1, 0.1)",15,0.1253839576003628,0.48,26
[3],0.07,0.0,0.0,0.05,0.7,sigmoid,sgd,0.7000000000000002,10,gaussian,"(-0.1, 0.1)",15,0.12511773031510298,0.48,27
[3],0.08,0.0,0.0,0.0,0.8,sigmoid,sgd,0.7500000000000002,8,gaussian,"(-0.5, 0.5)",15,0.12364305202320455,0.56,28
[3],0.09,0.0,0.0,0.25,0.8,sigmoid,sgd,0.55,10,gaussian,"(-0.5, 0.5)",15,0.12371280871646004,0.56,29
[4],0.08,0.0,0.0,0.1,0.9000000000000001,sigmoid,sgd,0.55,10,gaussian,"(-0.5, 0.5)",15,0.1155929567956135,0.48,30
[3],0.08,0.0,0.0,0.1,0.8,sigmoid,sgd,0.7500000000000002,8,gaussian,"(-0.1, 0.1)",15,0.12475627199766848,0.56,31
[4],0.07,0.0,0.0,0.0,0.75,sigmoid,sgd,0.6500000000000001,8,gaussian,"(-0.1, 0.1)",15,0.12429930778619473,0.48,32
[4],0.07,0.0,0.0,0.25,0.8,sigmoid,sgd,0.5,10,gaussian,"(-0.1, 0.1)",15,0.1246604577140771,0.48,33
[4],0.09,0.0,0.0,0.0,0.7,sigmoid,sgd,0.6000000000000001,8,gaussian,"(-0.1, 0.1)",15,0.12356197574391865,0.48,34
[3],0.09,0.0,0.0,0.1,0.7,sigmoid,sgd,0.6500000000000001,10,gaussian,"(-0.1, 0.1)",15,0.1253285225001026,0.48,35
[4],0.09,0.0,0.0,0.05,0.75,sigmoid,sgd,0.55,8,gaussian,"(-0.5, 0.5)",15,0.12348288241548067,0.52,37
[4],0.08,0.0,0.0,0.1,0.75,sigmoid,sgd,0.9000000000000004,10,gaussian,"(-0.5, 0.5)",15,0.1260877779675009,0.48,38
[3],0.09,0.0,0.0,0.2,0.9000000000000001,sigmoid,sgd,0.6500000000000001,10,gaussian,"(-0.1, 0.1)",15,0.10503173056093383,0.76,39
[3],0.08,0.0,0.0,0.25,0.9000000000000001,sigmoid,sgd,0.6000000000000001,10,gaussian,"(-0.5, 0.5)",15,0.1218856123045191,0.6,40
[3],0.08,0.0,0.0,0.0,0.7,sigmoid,sgd,0.5,8,gaussian,"(-0.5, 0.5)",15,0.12391457067812346,0.52,41
[4],0.08,0.0,0.0,0.25,0.8500000000000001,sigmoid,sgd,0.7000000000000002,8,gaussian,"(-0.1, 0.1)",15,0.12069484803555257,0.48,42
[4],0.08,0.0,0.0,0.2,0.7,sigmoid,sgd,0.6500000000000001,8,gaussian,"(-0.1, 0.1)",15,0.12460485369840707,0.48,43
[4],0.09,0.0,0.0,0.2,0.7,sigmoid,sgd,0.6000000000000001,8,gaussian,"(-0.5, 0.5)",15,0.1246697845173517,0.52,44
[4],0.09,0.0,0.0,0.2,0.8,sigmoid,sgd,0.55,8,gaussian,"(-0.5, 0.5)",15,0.1209120520706037,0.52,45
[4],0.09,0.0,0.0,0.0,0.8,sigmoid,sgd,0.5,10,gaussian,"(-0.5, 0.5)",15,0.12387139620317386,0.48,46
[3],0.08,0.0,0.0,0.0,0.9000000000000001,sigmoid,sgd,0.5,8,gaussian,"(-0.5, 0.5)",15,0.11062086457820089,0.68,47
[4],0.08,0.0,0.0,0.05,0.75,sigmoid,sgd,0.6500000000000001,10,gaussian,"(-0.5, 0.5)",15,0.1257377095434942,0.48,48
[3],0.09,0.0,0.0,0.1,0.7,sigmoid,sgd,0.8000000000000003,8,gaussian,"(-0.5, 0.5)",15,0.12386190050769487,0.6,49
[4],0.08,0.0,0.0,0.0,0.9000000000000001,sigmoid,sgd,0.7000000000000002,10,gaussian,"(-0.5, 0.5)",15,0.11994578387689325,0.48,50
[4],0.09,0.0,0.0,0.15000000000000002,0.75,sigmoid,sgd,0.5,8,gaussian,"(-0.1, 0.1)",15,0.12092101889698811,0.48,51
[4],0.07,0.0,0.0,0.25,0.8500000000000001,sigmoid,sgd,0.8000000000000003,10,gaussian,"(-0.1, 0.1)",15,0.12489119190361313,0.48,52
[4],0.07,0.0,0.0,0.0,0.75,sigmoid,sgd,0.9500000000000004,8,gaussian,"(-0.5, 0.5)",15,0.1256935088204069,0.52,53
[3],0.09,0.0,0.0,0.2,0.7,sigmoid,sgd,0.7000000000000002,10,gaussian,"(-0.5, 0.5)",15,0.12435743705080272,0.52,54
[4],0.08,0.0,0.0,0.1,0.75,sigmoid,sgd,0.6000000000000001,8,gaussian,"(-0.5, 0.5)",15,0.12449789115753106,0.52,55
[4],0.08,0.0,0.0,0.15000000000000002,0.7,sigmoid,sgd,0.8500000000000003,10,gaussian,"(-0.1, 0.1)",15,0.12531727331034093,0.48,56
[3],0.09,0.0,0.0,0.1,0.9000000000000001,sigmoid,sgd,0.55,8,gaussian,"(-0.5, 0.5)",15,0.10558020115838682,0.72,57
[3],0.09,0.0,0.0,0.1,0.8,sigmoid,sgd,0.9000000000000004,8,gaussian,"(-0.5, 0.5)",15,0.12338613091819024,0.64,58
[3],0.07,0.0,0.0,0.0,0.7,sigmoid,sgd,0.8000000000000003,10,gaussian,"(-0.5, 0.5)",15,0.12439220716455816,0.52,59
[3],0.07,0.0,0.0,0.0,0.75,sigmoid,sgd,0.55,8,gaussian,"(-0.1, 0.1)",15,0.12476579893108913,0.48,60
[3],0.09,0.0,0.0,0.15000000000000002,0.8500000000000001,sigmoid,sgd,0.6000000000000001,10,gaussian,"(-0.1, 0.1)",15,0.12279003324171489,0.56,61
[4],0.08,0.0,0.0,0.15000000000000002,0.75,sigmoid,sgd,0.8000000000000003,10,gaussian,"(-0.1, 0.1)",15,0.12517268740081414,0.48,62
[4],0.08,0.0,0.0,0.05,0.8500000000000001,sigmoid,sgd,0.7500000000000002,10,gaussian,"(-0.5, 0.5)",15,0.1245759743842127,0.48,63
[4],0.08,0.0,0.0,0.1,0.75,sigmoid,sgd,0.7000000000000002,8,gaussian,"(-0.5, 0.5)",15,0.12489781002135118,0.52,64
[3],0.07,0.0,0.0,0.0,0.75,sigmoid,sgd,0.9500000000000004,10,gaussian,"(-0.1, 0.1)",15,0.12513986713905076,0.48,65
[3],0.07,0.0,0.0,0.2,0.8,sigmoid,sgd,0.9500000000000004,8,gaussian,"(-0.5, 0.5)",15,0.12401768176807842,0.64,66
[3],0.08,0.0,0.0,0.0,0.7,sigmoid,sgd,0.9000000000000004,10,gaussian,"(-0.5, 0.5)",15,0.12436296945721248,0.52,67
[3],0.07,0.0,0.0,0.1,0.75,sigmoid,sgd,0.9500000000000004,8,gaussian,"(-0.5, 0.5)",15,0.12400614713291543,0.6,68
[3],0.08,0.0,0.0,0.25,0.8500000000000001,sigmoid,sgd,0.6000000000000001,8,gaussian,"(-0.5, 0.5)",15,0.12228952753438299,0.64,69
[4],0.07,0.0,0.0,0.25,0.9000000000000001,sigmoid,sgd,0.7000000000000002,10,gaussian,"(-0.1, 0.1)",15,0.12256506711302233,0.48,70
[3],0.09,0.0,0.0,0.2,0.8500000000000001,sigmoid,sgd,0.9500000000000004,8,gaussian,"(-0.1, 0.1)",15,0.12099458027013961,0.64,71
[4],0.09,0.0,0.0,0.0,0.75,sigmoid,sgd,0.7500000000000002,10,gaussian,"(-0.5, 0.5)",15,0.12569059178757008,0.48,72
[3],0.07,0.0,0.0,0.25,0.7,sigmoid,sgd,0.5,10,gaussian,"(-0.5, 0.5)",15,0.12431741354683283,0.52,73
[3],0.08,0.0,0.0,0.15000000000000002,0.8500000000000001,sigmoid,sgd,0.9500000000000004,8,gaussian,"(-0.5, 0.5)",15,0.12335516956044477,0.64,74
[3],0.07,0.0,0.0,0.1,0.7,sigmoid,sgd,0.7500000000000002,8,gaussian,"(-0.1, 0.1)",15,0.12502324862733596,0.48,75
[3],0.09,0.0,0.0,0.0,0.8,sigmoid,sgd,0.9500000000000004,10,gaussian,"(-0.1, 0.1)",15,0.12497188722593845,0.48,76
[4],0.07,0.0,0.0,0.0,0.8,sigmoid,sgd,0.9500000000000004,10,gaussian,"(-0.1, 0.1)",15,0.1251255702277378,0.48,78
[3],0.07,0.0,0.0,0.05,0.8,sigmoid,sgd,0.8000000000000003,10,gaussian,"(-0.5, 0.5)",15,0.1241710146602839,0.56,79
[3],0.09,0.0,0.0,0.2,0.8500000000000001,sigmoid,sgd,0.6000000000000001,10,gaussian,"(-0.5, 0.5)",15,0.12340257886882855,0.6,80
[4],0.08,0.0,0.0,0.1,0.75,sigmoid,sgd,0.55,10,gaussian,"(-0.1, 0.1)",15,0.124746291457027,0.48,81
[3],0.08,0.0,0.0,0.2,0.8500000000000001,sigmoid,sgd,0.55,10,gaussian,"(-0.1, 0.1)",15,0.12256761932221134,0.56,82
[3],0.08,0.0,0.0,0.05,0.75,sigmoid,sgd,0.8000000000000003,8,gaussian,"(-0.1, 0.1)",15,0.12436479183687073,0.6,83
[3],0.09,0.0,0.0,0.1,0.8,sigmoid,sgd,0.9000000000000004,10,gaussian,"(-0.5, 0.5)",15,0.12411047880549254,0.56,84
[3],0.09,0.0,0.0,0.2,0.9000000000000001,sigmoid,sgd,0.6000000000000001,8,gaussian,"(-0.1, 0.1)",15,0.06734444137304356,0.88,85
[4],0.09,0.0,0.0,0.1,0.8500000000000001,sigmoid,sgd,0.5,8,gaussian,"(-0.5, 0.5)",15,0.1087612294184334,0.52,86
[3],0.09,0.0,0.0,0.2,0.8500000000000001,sigmoid,sgd,0.5,10,gaussian,"(-0.5, 0.5)",15,0.12303500608395533,0.6,87
[3],0.08,0.0,0.0,0.1,0.8,sigmoid,sgd,0.6000000000000001,10,gaussian,"(-0.5, 0.5)",15,0.1239562175026774,0.56,88
[4],0.09,0.0,0.0,0.15000000000000002,0.9000000000000001,sigmoid,sgd,0.8000000000000003,10,gaussian,"(-0.1, 0.1)",15,0.11836842734113437,0.48,89
[3],0.07,0.0,0.0,0.1,0.9000000000000001,sigmoid,sgd,0.6500000000000001,8,gaussian,"(-0.1, 0.1)",15,0.11931022278573143,0.68,90
[3],0.08,0.0,0.0,0.0,0.8,sigmoid,sgd,0.9000000000000004,10,gaussian,"(-0.1, 0.1)",15,0.12503210691536448,0.48,91
[3],0.08,0.0,0.0,0.15000000000000002,0.9000000000000001,sigmoid,sgd,0.7500000000000002,8,gaussian,"(-0.1, 0.1)",15,0.09691215253642411,0.8,92
[4],0.07,0.0,0.0,0.15000000000000002,0.7,sigmoid,sgd,0.6500000000000001,10,gaussian,"(-0.1, 0.1)",15,0.12528063738829678,0.48,93
[3],0.08,0.0,0.0,0.05,0.75,sigmoid,sgd,0.7000000000000002,10,gaussian,"(-0.5, 0.5)",15,0.12418438665715278,0.52,94
[4],0.08,0.0,0.0,0.05,0.8500000000000001,sigmoid,sgd,0.9000000000000004,10,gaussian,"(-0.5, 0.5)",15,0.12503315394747866,0.48,95
[3],0.08,0.0,0.0,0.0,0.8,sigmoid,sgd,0.7000000000000002,8,gaussian,"(-0.1, 0.1)",15,0.12406495505583111,0.48,96
[3],0.09,0.0,0.0,0.15000000000000002,0.8,sigmoid,sgd,0.7000000000000002,10,gaussian,"(-0.5, 0.5)",15,0.12396885652571328,0.56,97
[3],0.09,0.0,0.0,0.25,0.9000000000000001,sigmoid,sgd,0.7500000000000002,10,gaussian,"(-0.1, 0.1)",15,0.1070500325747005,0.8,98
[4],0.07,0.0,0.0,0.15000000000000002,0.75,sigmoid,sgd,0.6500000000000001,10,gaussian,"(-0.5, 0.5)",15,0.1259510275854965,0.48,99
[4],0.08,0.0,0.0,0.1,0.8,sigmoid,sgd,0.5,8,gaussian,"(-0.1, 0.1)",15,0.11877120128362816,0.48,100
[3],0.09,0.0,0.0,0.15000000000000002,0.9000000000000001,sigmoid,sgd,0.6000000000000001,8,gaussian,"(-0.5, 0.5)",15,0.11122823341365198,0.64,101
[4],0.07,0.0,0.0,0.1,0.75,sigmoid,sgd,0.7500000000000002,8,gaussian,"(-0.5, 0.5)",15,0.1254308770277995,0.52,102
[4],0.07,0.0,0.0,0.05,0.9000000000000001,sigmoid,sgd,0.9500000000000004,10,gaussian,"(-0.5, 0.5)",15,0.12413689507838263,0.48,103
[4],0.08,0.0,0.0,0.15000000000000002,0.7,sigmoid,sgd,0.7500000000000002,8,gaussian,"(-0.1, 0.1)",15,0.12474413740510652,0.48,104
[3],0.07,0.0,0.0,0.25,0.8,sigmoid,sgd,0.9000000000000004,10,gaussian,"(-0.1, 0.1)",15,0.12512149809949813,0.48,105
[3],0.08,0.0,0.0,0.1,0.8500000000000001,sigmoid,sgd,0.8500000000000003,10,gaussian,"(-0.1, 0.1)",15,0.12535514080881863,0.48,106
[4],0.07,0.0,0.0,0.05,0.75,sigmoid,sgd,0.55,10,gaussian,"(-0.5, 0.5)",15,0.12579230525098864,0.48,107
[4],0.09,0.0,0.0,0.2,0.7,sigmoid,sgd,0.55,10,gaussian,"(-0.5, 0.5)",15,0.12555880279116557,0.48,108
[3],0.09,0.0,0.0,0.1,0.8500000000000001,sigmoid,sgd,0.8000000000000003,8,gaussian,"(-0.1, 0.1)",15,0.12381747222286178,0.64,109
[4],0.07,0.0,0.0,0.2,0.9000000000000001,sigmoid,sgd,0.8500000000000003,8,gaussian,"(-0.5, 0.5)",15,0.1190884539390745,0.48,110
[3],0.08,0.0,0.0,0.25,0.8500000000000001,sigmoid,sgd,0.6500000000000001,10,gaussian,"(-0.1, 0.1)",15,0.12241033152341295,0.56,111
[3],0.07,0.0,0.0,0.25,0.7,sigmoid,sgd,0.9000000000000004,8,gaussian,"(-0.5, 0.5)",15,0.12420019924133317,0.6,112
[3],0.08,0.0,0.0,0.1,0.8,sigmoid,sgd,0.5,10,gaussian,"(-0.5, 0.5)",15,0.12380044269159252,0.56,113
[4],0.09,0.0,0.0,0.0,0.7,sigmoid,sgd,0.7500000000000002,10,gaussian,"(-0.5, 0.5)",15,0.12602538802219004,0.48,114
[3],0.08,0.0,0.0,0.1,0.75,sigmoid,sgd,0.7000000000000002,10,gaussian,"(-0.5, 0.5)",15,0.12424680484918599,0.52,115
[3],0.07,0.0,0.0,0.05,0.7,sigmoid,sgd,0.9500000000000004,10,gaussian,"(-0.5, 0.5)",15,0.12445933573851757,0.52,116
[4],0.09,0.0,0.0,0.0,0.75,sigmoid,sgd,0.8500000000000003,8,gaussian,"(-0.5, 0.5)",15,0.12490182503866637,0.52,117
[4],0.07,0.0,0.0,0.25,0.9000000000000001,sigmoid,sgd,0.6500000000000001,10,gaussian,"(-0.5, 0.5)",15,0.12183085156288857,0.48,118
[3],0.09,0.0,0.0,0.2,0.7,sigmoid,sgd,0.6000000000000001,8,gaussian,"(-0.5, 0.5)",15,0.12390033319724342,0.6,119
[3],0.08,0.0,0.0,0.1,0.7,sigmoid,sgd,0.55,10,gaussian,"(-0.5, 0.5)",15,0.1242710185366766,0.52,120
[3],0.08,0.0,0.0,0.15000000000000002,0.8,sigmoid,sgd,0.8000000000000003,10,gaussian,"(-0.1, 0.1)",15,0.12540847839788796,0.48,121
[3],0.09,0.0,0.0,0.2,0.8,sigmoid,sgd,0.5,8,gaussian,"(-0.5, 0.5)",15,0.12279717240914961,0.64,122
[4],0.09,0.0,0.0,0.25,0.8,sigmoid,sgd,0.5,10,gaussian,"(-0.5, 0.5)",15,0.12383713733187934,0.48,123
[4],0.09,0.0,0.0,0.0,0.7,sigmoid,sgd,0.55,10,gaussian,"(-0.1, 0.1)",15,0.12451984564827402,0.48,124
[3],0.08,0.0,0.0,0.05,0.8500000000000001,sigmoid,sgd,0.5,8,gaussian,"(-0.5, 0.5)",15,0.12053828857911973,0.64,125
[3],0.08,0.0,0.0,0.0,0.9000000000000001,sigmoid,sgd,0.9500000000000004,8,gaussian,"(-0.1, 0.1)",15,0.11428871964584025,0.64,126
[4],0.09,0.0,0.0,0.2,0.9000000000000001,sigmoid,sgd,0.7000000000000002,10,gaussian,"(-0.5, 0.5)",15,0.1173466729715181,0.48,127
[4],0.07,0.0,0.0,0.05,0.8500000000000001,sigmoid,sgd,0.6500000000000001,10,gaussian,"(-0.1, 0.1)",15,0.12381148073558924,0.48,128
[3],0.09,0.0,0.0,0.2,0.8,sigmoid,sgd,0.9000000000000004,10,gaussian,"(-0.1, 0.1)",15,0.12527151597445427,0.48,129
[3],0.07,0.0,0.0,0.15000000000000002,0.75,sigmoid,sgd,0.6000000000000001,10,gaussian,"(-0.1, 0.1)",15,0.125391445849958,0.48,130
[3],0.09,0.0,0.0,0.1,0.75,sigmoid,sgd,0.9500000000000004,8,gaussian,"(-0.1, 0.1)",15,0.1249783481268304,0.48,131
[4],0.09,0.0,0.0,0.25,0.7,sigmoid,sgd,0.9000000000000004,8,gaussian,"(-0.5, 0.5)",15,0.1254164663121622,0.52,132
[3],0.09,0.0,0.0,0.15000000000000002,0.75,sigmoid,sgd,0.8500000000000003,8,gaussian,"(-0.1, 0.1)",15,0.12515336459628446,0.52,133
[3],0.09,0.0,0.0,0.2,0.7,sigmoid,sgd,0.9000000000000004,10,gaussian,"(-0.1, 0.1)",15,0.12537240019767507,0.48,134
[4],0.07,0.0,0.0,0.1,0.8500000000000001,sigmoid,sgd,0.9500000000000004,8,gaussian,"(-0.5, 0.5)",15,0.12432276809036688,0.48,135
[3],0.07,0.0,0.0,0.25,0.8,sigmoid,sgd,0.9500000000000004,10,gaussian,"(-0.1, 0.1)",15,0.12514224532093032,0.48,137
[4],0.08,0.0,0.0,0.05,0.9000000000000001,sigmoid,sgd,0.55,10,gaussian,"(-0.5, 0.5)",15,0.11547016198612635,0.48,138
[3],0.09,0.0,0.0,0.1,0.9000000000000001,sigmoid,sgd,0.6500000000000001,10,gaussian,"(-0.1, 0.1)",15,0.11950274713437625,0.56,139
[3],0.09,0.0,0.0,0.2,0.7,sigmoid,sgd,0.55,8,gaussian,"(-0.1, 0.1)",15,0.12464983776461032,0.36,140
[3],0.07,0.0,0.0,0.15000000000000002,0.8,sigmoid,sgd,0.6000000000000001,10,gaussian,"(-0.1, 0.1)",15,0.12534800638324778,0.48,141
[4],0.08,0.0,0.0,0.15000000000000002,0.8500000000000001,sigmoid,sgd,0.8000000000000003,8,gaussian,"(-0.1, 0.1)",15,0.12099501552915423,0.48,142
[3],0.09,0.0,0.0,0.0,0.8,sigmoid,sgd,0.7000000000000002,10,gaussian,"(-0.5, 0.5)",15,0.12380921541903875,0.56,143
[3],0.08,0.0,0.0,0.05,0.9000000000000001,sigmoid,sgd,0.6000000000000001,10,gaussian,"(-0.1, 0.1)",15,0.11268496478908815,0.68,144
[3],0.07,0.0,0.0,0.0,0.7,sigmoid,sgd,0.7500000000000002,8,gaussian,"(-0.1, 0.1)",15,0.1251108813719231,0.48,145
[3],0.07,0.0,0.0,0.05,0.9000000000000001,sigmoid,sgd,0.9500000000000004,8,gaussian,"(-0.1, 0.1)",15,0.11752636992928359,0.8,146
[4],0.09,0.0,0.0,0.0,0.8,sigmoid,sgd,0.7500000000000002,8,gaussian,"(-0.1, 0.1)",15,0.12040977277763262,0.48,147
[4],0.09,0.0,0.0,0.0,0.75,sigmoid,sgd,0.9500000000000004,10,gaussian,"(-0.5, 0.5)",15,0.12599607577162825,0.48,148
[4],0.08,0.0,0.0,0.15000000000000002,0.8,sigmoid,sgd,0.9500000000000004,8,gaussian,"(-0.1, 0.1)",15,0.12430686734351085,0.48,150
[3],0.08,0.0,0.0,0.25,0.7,sigmoid,sgd,0.9500000000000004,8,gaussian,"(-0.5, 0.5)",15,0.12413737307013173,0.6,151
[4],0.09,0.0,0.0,0.05,0.8,sigmoid,sgd,0.8500000000000003,8,gaussian,"(-0.5, 0.5)",15,0.12402789061714622,0.52,152
[3],0.09,0.0,0.0,0.05,0.9000000000000001,sigmoid,sgd,0.6000000000000001,8,gaussian,"(-0.5, 0.5)",15,0.106543874520781,0.72,153
[3],0.07,0.0,0.0,0.15000000000000002,0.75,sigmoid,sgd,0.5,8,gaussian,"(-0.5, 0.5)",15,0.12373019153706043,0.6,154
[4],0.08,0.0,0.0,0.0,0.7,sigmoid,sgd,0.9500000000000004,8,gaussian,"(-0.5, 0.5)",15,0.1257521679460264,0.52,155
[4],0.09,0.0,0.0,0.25,0.7,sigmoid,sgd,0.7500000000000002,10,gaussian,"(-0.5, 0.5)",15,0.12590164260993542,0.48,156
[3],0.09,0.0,0.0,0.05,0.8500000000000001,sigmoid,sgd,0.6500000000000001,8,gaussian,"(-0.1, 0.1)",15,0.1106817375083482,0.8,157
[4],0.09,0.0,0.0,0.25,0.7,sigmoid,sgd,0.8500000000000003,10,gaussian,"(-0.1, 0.1)",15,0.12524748199574764,0.48,158
[3],0.09,0.0,0.0,0.15000000000000002,0.7,sigmoid,sgd,0.6000000000000001,8,gaussian,"(-0.1, 0.1)",15,0.1250496861512794,0.52,159
[3],0.08,0.0,0.0,0.05,0.9000000000000001,sigmoid,sgd,0.6500000000000001,10,gaussian,"(-0.5, 0.5)",15,0.12205160232216693,0.6,160
[3],0.07,0.0,0.0,0.15000000000000002,0.9000000000000001,sigmoid,sgd,0.7500000000000002,10,gaussian,"(-0.1, 0.1)",15,0.12330927143128667,0.48,161
[4],0.08,0.0,0.0,0.05,0.7,sigmoid,sgd,0.9500000000000004,8,gaussian,"(-0.5, 0.5)",15,0.12586396295010763,0.52,162
[3],0.09,0.0,0.0,0.2,0.7,sigmoid,sgd,0.8000000000000003,10,gaussian,"(-0.1, 0.1)",15,0.12537091786426688,0.48,163
[4],0.07,0.0,0.0,0.15000000000000002,0.8500000000000001,sigmoid,sgd,0.7000000000000002,10,gaussian,"(-0.1, 0.1)",15,0.12437053486455005,0.48,164
[4],0.09,0.0,0.0,0.2,0.8500000000000001,sigmoid,sgd,0.9500000000000004,8,gaussian,"(-0.5, 0.5)",15,0.12236714884468966,0.48,165
[3],0.09,0.0,0.0,0.1,0.8500000000000001,sigmoid,sgd,0.9500000000000004,10,gaussian,"(-0.5, 0.5)",15,0.12383656623074986,0.56,166
[4],0.09,0.0,0.0,0.1,0.8500000000000001,sigmoid,sgd,0.7500000000000002,10,gaussian,"(-0.5, 0.5)",15,0.12389760779922286,0.48,167
[4],0.09,0.0,0.0,0.15000000000000002,0.75,sigmoid,sgd,0.55,8,gaussian,"(-0.5, 0.5)",15,0.12342330162853397,0.52,168
[3],0.07,0.0,0.0,0.15000000000000002,0.7,sigmoid,sgd,0.55,8,gaussian,"(-0.1, 0.1)",15,0.12522794310859398,0.48,169
[4],0.07,0.0,0.0,0.2,0.7,sigmoid,sgd,0.6000000000000001,10,gaussian,"(-0.1, 0.1)",15,0.12526262457093185,0.48,170
[3],0.09,0.0,0.0,0.2,0.8,sigmoid,sgd,0.5,10,gaussian,"(-0.1, 0.1)",15,0.1237374427079993,0.56,171
[3],0.07,0.0,0.0,0.1,0.8500000000000001,sigmoid,sgd,0.9000000000000004,8,gaussian,"(-0.1, 0.1)",15,0.12476988115125387,0.64,172
[4],0.09,0.0,0.0,0.2,0.9000000000000001,sigmoid,sgd,0.9500000000000004,8,gaussian,"(-0.5, 0.5)",15,0.11298907214487369,0.48,173
[3],0.08,0.0,0.0,0.05,0.8500000000000001,sigmoid,sgd,0.55,10,gaussian,"(-0.5, 0.5)",15,0.12322150710344724,0.6,174
[4],0.09,0.0,0.0,0.15000000000000002,0.75,sigmoid,sgd,0.8500000000000003,8,gaussian,"(-0.1, 0.1)",15,0.12425443301434225,0.48,175
[4],0.09,0.0,0.0,0.05,0.75,sigmoid,sgd,0.7000000000000002,8,gaussian,"(-0.1, 0.1)",15,0.12323867735822196,0.48,176
[4],0.09,0.0,0.0,0.25,0.8,sigmoid,sgd,0.7500000000000002,8,gaussian,"(-0.1, 0.1)",15,0.12296181482242635,0.48,177
[3],0.08,0.0,0.0,0.25,0.75,sigmoid,sgd,0.6500000000000001,8,gaussian,"(-0.5, 0.5)",15,0.12377226391371945,0.6,178
[3],0.07,0.0,0.0,0.0,0.7,sigmoid,sgd,0.7500000000000002,10,gaussian,"(-0.5, 0.5)",15,0.12437496988711462,0.52,179
[4],0.07,0.0,0.0,0.2,0.8,sigmoid,sgd,0.9000000000000004,10,gaussian,"(-0.1, 0.1)",15,0.1252603917805532,0.48,180
[4],0.08,0.0,0.0,0.25,0.75,sigmoid,sgd,0.5,8,gaussian,"(-0.5, 0.5)",15,0.12376159237806117,0.52,181
[3],0.08,0.0,0.0,0.1,0.9000000000000001,sigmoid,sgd,0.7000000000000002,10,gaussian,"(-0.5, 0.5)",15,0.12265272360942711,0.6,182
[3],0.08,0.0,0.0,0.15000000000000002,0.75,sigmoid,sgd,0.7000000000000002,10,gaussian,"(-0.1, 0.1)",15,0.12540963439978292,0.48,183
[3],0.07,0.0,0.0,0.25,0.8,sigmoid,sgd,0.6000000000000001,8,gaussian,"(-0.1, 0.1)",15,0.12345622673877527,0.64,184
[3],0.08,0.0,0.0,0.15000000000000002,0.75,sigmoid,sgd,0.9000000000000004,8,gaussian,"(-0.1, 0.1)",15,0.12527476730217055,0.48,185
[3],0.07,0.0,0.0,0.05,0.8,sigmoid,sgd,0.7000000000000002,10,gaussian,"(-0.5, 0.5)",15,0.12410302078730517,0.56,186
[4],0.07,0.0,0.0,0.15000000000000002,0.7,sigmoid,sgd,0.7500000000000002,10,gaussian,"(-0.5, 0.5)",15,0.12636184769678369,0.48,187
[3],0.08,0.0,0.0,0.2,0.8,sigmoid,sgd,0.8000000000000003,10,gaussian,"(-0.1, 0.1)",15,0.12528472543655256,0.48,188
[3],0.08,0.0,0.0,0.05,0.8,sigmoid,sgd,0.7000000000000002,10,gaussian,"(-0.5, 0.5)",15,0.12397875705138299,0.56,189
[4],0.07,0.0,0.0,0.05,0.7,sigmoid,sgd,0.6500000000000001,8,gaussian,"(-0.1, 0.1)",15,0.12474945140827973,0.48,190
[3],0.07,0.0,0.0,0.15000000000000002,0.9000000000000001,sigmoid,sgd,0.55,10,gaussian,"(-0.1, 0.1)",15,0.11715276745460183,0.64,191
[4],0.08,0.0,0.0,0.05,0.75,sigmoid,sgd,0.9000000000000004,8,gaussian,"(-0.1, 0.1)",15,0.12461132525473742,0.48,192
[4],0.08,0.0,0.0,0.15000000000000002,0.8500000000000001,sigmoid,sgd,0.9500000000000004,10,gaussian,"(-0.5, 0.5)",15,0.12507926888649826,0.48,193
[4],0.08,0.0,0.0,0.2,0.75,sigmoid,sgd,0.8000000000000003,10,gaussian,"(-0.5, 0.5)",15,0.1259278940402537,0.48,194
[3],0.07,0.0,0.0,0.2,0.75,sigmoid,sgd,0.8500000000000003,10,gaussian,"(-0.1, 0.1)",15,0.12535000562496937,0.48,195
[4],0.08,0.0,0.0,0.2,0.75,sigmoid,sgd,0.9000000000000004,10,gaussian,"(-0.1, 0.1)",15,0.12527940839610316,0.48,196
[3],0.09,0.0,0.0,0.25,0.8500000000000001,sigmoid,sgd,0.8000000000000003,8,gaussian,"(-0.5, 0.5)",15,0.12261019895370008,0.64,197
[4],0.08,0.0,0.0,0.05,0.7,sigmoid,sgd,0.8500000000000003,10,gaussian,"(-0.5, 0.5)",15,0.1263253260480674,0.48,198
[3],0.08,0.0,0.0,0.0,0.75,sigmoid,sgd,0.7000000000000002,10,gaussian,"(-0.5, 0.5)",15,0.12415855259364966,0.52,199
[3],0.07,0.0,0.0,0.0,0.75,sigmoid,sgd,0.8000000000000003,10,gaussian,"(-0.5, 0.5)",15,0.1242953848816363,0.52,200
[4],0.09,0.0,0.0,0.0,0.8,sigmoid,sgd,0.8000000000000003,8,gaussian,"(-0.1, 0.1)",15,0.11915951808709195,0.625,1
[3],0.08,0.0,0.0,0.15000000000000002,0.7,sigmoid,sgd,0.6500000000000001,8,gaussian,"(-0.5, 0.5)",15,0.12487287749829169,0.5,2
[3],0.09,0.0,0.0,0.25,0.75,sigmoid,sgd,0.6000000000000001,8,gaussian,"(-0.5, 0.5)",15,0.12431007145026111,0.5833333333333334,3
[4],0.09,0.0,0.0,0.1,0.75,sigmoid,sgd,0.6500000000000001,10,gaussian,"(-0.1, 0.1)",15,0.12254232083857247,0.5416666666666666,4
[3],0.08,0.0,0.0,0.2,0.7,sigmoid,sgd,0.9500000000000004,10,gaussian,"(-0.5, 0.5)",15,0.1252110929936099,0.375,5
[3],0.07,0.0,0.0,0.05,0.8500000000000001,sigmoid,sgd,0.7500000000000002,8,gaussian,"(-0.1, 0.1)",15,0.12416752340541197,0.5,6
[4],0.07,0.0,0.0,0.1,0.9000000000000001,sigmoid,sgd,0.8000000000000003,10,gaussian,"(-0.5, 0.5)",15,0.11984371239375695,0.5833333333333334,7
[3],0.08,0.0,0.0,0.25,0.8500000000000001,sigmoid,sgd,0.9000000000000004,10,gaussian,"(-0.5, 0.5)",15,0.124589248468387,0.625,8
[4],0.09,0.0,0.0,0.2,0.75,sigmoid,sgd,0.7000000000000002,10,gaussian,"(-0.1, 0.1)",15,0.12237243232338853,0.5416666666666666,9
[4],0.09,0.0,0.0,0.05,0.7,sigmoid,sgd,0.9000000000000004,10,gaussian,"(-0.5, 0.5)",15,0.12277709026998351,0.5833333333333334,10
[3],0.09,0.0,0.0,0.1,0.8,sigmoid,sgd,0.9000000000000004,8,gaussian,"(-0.1, 0.1)",15,0.12449855139868175,0.4583333333333333,11
[3],0.08,0.0,0.0,0.05,0.9000000000000001,sigmoid,sgd,0.55,10,gaussian,"(-0.5, 0.5)",15,0.12087873623613699,0.6666666666666666,13
[4],0.08,0.0,0.0,0.25,0.7,sigmoid,sgd,0.55,8,gaussian,"(-0.1, 0.1)",15,0.12185552758309376,0.5416666666666666,14
[3],0.09,0.0,0.0,0.15000000000000002,0.75,sigmoid,sgd,0.55,10,gaussian,"(-0.5, 0.5)",15,0.12460288013429814,0.625,15
[3],0.07,0.0,0.0,0.05,0.9000000000000001,sigmoid,sgd,0.7500000000000002,10,gaussian,"(-0.5, 0.5)",15,0.12363441118398688,0.625,16
[4],0.09,0.0,0.0,0.15000000000000002,0.8,sigmoid,sgd,0.7500000000000002,10,gaussian,"(-0.5, 0.5)",15,0.12174435365609855,0.625,17
[3],0.09,0.0,0.0,0.0,0.8,sigmoid,sgd,0.7000000000000002,8,gaussian,"(-0.5, 0.5)",15,0.12349969497283854,0.625,18
[3],0.09,0.0,0.0,0.1,0.9000000000000001,sigmoid,sgd,0.7500000000000002,8,gaussian,"(-0.5, 0.5)",15,0.11648613722303298,0.6666666666666666,19
[4],0.09,0.0,0.0,0.05,0.75,sigmoid,sgd,0.9500000000000004,8,gaussian,"(-0.5, 0.5)",15,0.12196242904083099,0.5833333333333334,20
[4],0.07,0.0,0.0,0.15000000000000002,0.9000000000000001,sigmoid,sgd,0.55,8,gaussian,"(-0.5, 0.5)",15,0.10408805925457472,0.5416666666666666,21
[4],0.08,0.0,0.0,0.0,0.75,sigmoid,sgd,0.9000000000000004,8,gaussian,"(-0.1, 0.1)",15,0.12299731369642201,0.5416666666666666,22
[4],0.09,0.0,0.0,0.25,0.75,sigmoid,sgd,0.9500000000000004,8,gaussian,"(-0.5, 0.5)",15,0.12195970951579353,0.625,23
[4],0.08,0.0,0.0,0.05,0.75,sigmoid,sgd,0.9000000000000004,10,gaussian,"(-0.1, 0.1)",15,0.12349180545878109,0.5416666666666666,24
[4],0.09,0.0,0.0,0.15000000000000002,0.75,sigmoid,sgd,0.8000000000000003,8,gaussian,"(-0.1, 0.1)",15,0.1211677222031986,0.5416666666666666,25
[3],0.08,0.0,0.0,0.15000000000000002,0.8,sigmoid,sgd,0.7500000000000002,10,gaussian,"(-0.5, 0.5)",15,0.12476318333559555,0.625,26
[4],0.09,0.0,0.0,0.25,0.7,sigmoid,sgd,0.9500000000000004,8,gaussian,"(-0.1, 0.1)",15,0.1230691480868384,0.5416666666666666,27
[3],0.07,0.0,0.0,0.25,0.8,sigmoid,sgd,0.6500000000000001,8,gaussian,"(-0.1, 0.1)",15,0.12492878675755396,0.4583333333333333,28
[4],0.09,0.0,0.0,0.0,0.8,sigmoid,sgd,0.6500000000000001,8,gaussian,"(-0.5, 0.5)",15,0.11973476854301861,0.6666666666666666,29
[4],0.09,0.0,0.0,0.25,0.75,sigmoid,sgd,0.6000000000000001,8,gaussian,"(-0.1, 0.1)",15,0.11919558392949703,0.5416666666666666,30
[4],0.07,0.0,0.0,0.15000000000000002,0.7,sigmoid,sgd,0.55,8,gaussian,"(-0.5, 0.5)",15,0.12212276267470303,0.5833333333333334,31
[3],0.08,0.0,0.0,0.2,0.7,sigmoid,sgd,0.6500000000000001,10,gaussian,"(-0.1, 0.1)",15,0.12492617744864458,0.4166666666666667,32
[3],0.09,0.0,0.0,0.1,0.8,sigmoid,sgd,0.7500000000000002,10,gaussian,"(-0.5, 0.5)",15,0.12463700807873186,0.625,33
[3],0.09,0.0,0.0,0.1,0.7,sigmoid,sgd,0.6500000000000001,8,gaussian,"(-0.5, 0.5)",15,0.12472007243656962,0.4583333333333333,34
[3],0.07,0.0,0.0,0.25,0.8500000000000001,sigmoid,sgd,0.8000000000000003,10,gaussian,"(-0.5, 0.5)",15,0.12465859382750959,0.625,35
[3],0.07,0.0,0.0,0.25,0.75,sigmoid,sgd,0.8000000000000003,8,gaussian,"(-0.5, 0.5)",15,0.12500971174374512,0.5,36
[3],0.09,0.0,0.0,0.2,0.7,sigmoid,sgd,0.7500000000000002,10,gaussian,"(-0.5, 0.5)",15,0.12500701192313857,0.4583333333333333,37
[4],0.09,0.0,0.0,0.25,0.8,sigmoid,sgd,0.6000000000000001,8,gaussian,"(-0.1, 0.1)",15,0.11370401349256354,0.625,38
[3],0.07,0.0,0.0,0.25,0.7,sigmoid,sgd,0.9000000000000004,10,gaussian,"(-0.1, 0.1)",15,0.1250344342613073,0.4583333333333333,39
[4],0.08,0.0,0.0,0.15000000000000002,0.75,sigmoid,sgd,0.8000000000000003,8,gaussian,"(-0.5, 0.5)",15,0.12199014664418846,0.5833333333333334,40
[3],0.09,0.0,0.0,0.25,0.75,sigmoid,sgd,0.9500000000000004,10,gaussian,"(-0.5, 0.5)",15,0.12502981932797022,0.4583333333333333,41
[3],0.08,0.0,0.0,0.15000000000000002,0.7,sigmoid,sgd,0.9000000000000004,8,gaussian,"(-0.5, 0.5)",15,0.12513267150739082,0.5416666666666666,42
[3],0.07,0.0,0.0,0.2,0.9000000000000001,sigmoid,sgd,0.6500000000000001,10,gaussian,"(-0.5, 0.5)",15,0.12312586842302697,0.625,43
[4],0.08,0.0,0.0,0.15000000000000002,0.75,sigmoid,sgd,0.8500000000000003,10,gaussian,"(-0.1, 0.1)",15,0.1234998716226479,0.5416666666666666,44
[3],0.09,0.0,0.0,0.25,0.9000000000000001,sigmoid,sgd,0.8500000000000003,8,gaussian,"(-0.5, 0.5)",15,0.11980901700386078,0.6666666666666666,45
[3],0.08,0.0,0.0,0.0,0.8,sigmoid,sgd,0.55,10,gaussian,"(-0.1, 0.1)",15,0.12390796766489838,0.7083333333333334,46
[4],0.09,0.0,0.0,0.2,0.9000000000000001,sigmoid,sgd,0.6000000000000001,10,gaussian,"(-0.1, 0.1)",15,0.07728603457260665,0.9166666666666666,47
[3],0.07,0.0,0.0,0.25,0.7,sigmoid,sgd,0.7000000000000002,8,gaussian,"(-0.1, 0.1)",15,0.1250276101847718,0.4583333333333333,48
[3],0.07,0.0,0.0,0.2,0.8,sigmoid,sgd,0.9000000000000004,8,gaussian,"(-0.1, 0.1)",15,0.12503489507913898,0.4583333333333333,49
[3],0.09,0.0,0.0,0.25,0.8500000000000001,sigmoid,sgd,0.9500000000000004,8,gaussian,"(-0.5, 0.5)",15,0.12389483554128804,0.5416666666666666,50
[3],0.07,0.0,0.0,0.05,0.75,sigmoid,sgd,0.5,10,gaussian,"(-0.1, 0.1)",15,0.12480442658388603,0.625,51
[3],0.07,0.0,0.0,0.15000000000000002,0.75,sigmoid,sgd,0.9500000000000004,10,gaussian,"(-0.1, 0.1)",15,0.1250314406035832,0.4166666666666667,52
[4],0.08,0.0,0.0,0.1,0.8500000000000001,sigmoid,sgd,0.8500000000000003,8,gaussian,"(-0.5, 0.5)",15,0.11993083029977697,0.6666666666666666,53
[4],0.09,0.0,0.0,0.15000000000000002,0.9000000000000001,sigmoid,sgd,0.9500000000000004,8,gaussian,"(-0.5, 0.5)",15,0.11038704304193518,0.5833333333333334,54
[4],0.09,0.0,0.0,0.1,0.8,sigmoid,sgd,0.8500000000000003,8,gaussian,"(-0.5, 0.5)",15,0.12094485283645101,0.625,55
[3],0.07,0.0,0.0,0.0,0.7,sigmoid,sgd,0.8000000000000003,8,gaussian,"(-0.5, 0.5)",15,0.124865102964612,0.5833333333333334,56
[3],0.07,0.0,0.0,0.25,0.75,sigmoid,sgd,0.7000000000000002,10,gaussian,"(-0.1, 0.1)",15,0.12496966034559187,0.4583333333333333,57
[4],0.08,0.0,0.0,0.15000000000000002,0.9000000000000001,sigmoid,sgd,0.7500000000000002,10,gaussian,"(-0.1, 0.1)",15,0.10708889120136693,0.7916666666666666,58
[3],0.08,0.0,0.0,0.05,0.8500000000000001,sigmoid,sgd,0.9000000000000004,10,gaussian,"(-0.1, 0.1)",15,0.1247683967386886,0.625,59
[3],0.09,0.0,0.0,0.25,0.8,sigmoid,sgd,0.5,10,gaussian,"(-0.1, 0.1)",15,0.12461717740017693,0.4583333333333333,60
[4],0.07,0.0,0.0,0.2,0.7,sigmoid,sgd,0.8000000000000003,8,gaussian,"(-0.1, 0.1)",15,0.12324774384821673,0.5416666666666666,61
[4],0.08,0.0,0.0,0.1,0.75,sigmoid,sgd,0.5,8,gaussian,"(-0.5, 0.5)",15,0.12076963709759377,0.6666666666666666,62
[3],0.08,0.0,0.0,0.2,0.75,sigmoid,sgd,0.7500000000000002,8,gaussian,"(-0.1, 0.1)",15,0.12495979973669065,0.4583333333333333,63
[3],0.09,0.0,0.0,0.0,0.8500000000000001,sigmoid,sgd,0.5,8,gaussian,"(-0.5, 0.5)",15,0.11723052326443013,0.6666666666666666,64
[3],0.07,0.0,0.0,0.2,0.8,sigmoid,sgd,0.6500000000000001,8,gaussian,"(-0.5, 0.5)",15,0.12444369231596475,0.5416666666666666,65
[4],0.09,0.0,0.0,0.1,0.8,sigmoid,sgd,0.55,10,gaussian,"(-0.5, 0.5)",15,0.1208621818392173,0.625,67
[3],0.07,0.0,0.0,0.0,0.8500000000000001,sigmoid,sgd,0.55,10,gaussian,"(-0.1, 0.1)",15,0.12314476400218566,0.8333333333333334,68
[4],0.09,0.0,0.0,0.1,0.8,sigmoid,sgd,0.9500000000000004,8,gaussian,"(-0.5, 0.5)",15,0.12131376003783605,0.625,69
[3],0.08,0.0,0.0,0.1,0.8500000000000001,sigmoid,sgd,0.9500000000000004,10,gaussian,"(-0.5, 0.5)",15,0.12465427262469847,0.625,70
[4],0.08,0.0,0.0,0.05,0.8,sigmoid,sgd,0.55,10,gaussian,"(-0.5, 0.5)",15,0.12139510356287293,0.625,72
[4],0.08,0.0,0.0,0.2,0.8500000000000001,sigmoid,sgd,0.8000000000000003,8,gaussian,"(-0.1, 0.1)",15,0.11054086716314375,0.75,73
[4],0.08,0.0,0.0,0.2,0.8,sigmoid,sgd,0.55,10,gaussian,"(-0.1, 0.1)",15,0.1198629060129512,0.5833333333333334,74
[4],0.07,0.0,0.0,0.1,0.8500000000000001,sigmoid,sgd,0.8500000000000003,8,gaussian,"(-0.1, 0.1)",15,0.11932886288880225,0.5833333333333334,75
[3],0.09,0.0,0.0,0.25,0.7,sigmoid,sgd,0.8000000000000003,10,gaussian,"(-0.1, 0.1)",15,0.12497369579581535,0.4583333333333333,76
[4],0.08,0.0,0.0,0.2,0.8,sigmoid,sgd,0.9500000000000004,10,gaussian,"(-0.5, 0.5)",15,0.12240167764166682,0.5833333333333334,77
[3],0.08,0.0,0.0,0.2,0.7,sigmoid,sgd,0.5,8,gaussian,"(-0.5, 0.5)",15,0.12456159815408718,0.5833333333333334,78
[4],0.09,0.0,0.0,0.15000000000000002,0.8500000000000001,sigmoid,sgd,0.8500000000000003,8,gaussian,"(-0.5, 0.5)",15,0.11852864359753879,0.6666666666666666,79
[4],0.08,0.0,0.0,0.05,0.8,sigmoid,sgd,0.5,8,gaussian,"(-0.5, 0.5)",15,0.1188039151818711,0.6666666666666666,80
[3],0.07,0.0,0.0,0.05,0.8500000000000001,sigmoid,sgd,0.9000000000000004,10,gaussian,"(-0.5, 0.5)",15,0.12475162913679767,0.5416666666666666,81
[4],0.07,0.0,0.0,0.05,0.8500000000000001,sigmoid,sgd,0.8000000000000003,10,gaussian,"(-0.1, 0.1)",15,0.12142389174488817,0.5416666666666666,82
[4],0.09,0.0,0.0,0.1,0.7,sigmoid,sgd,0.8500000000000003,8,gaussian,"(-0.1, 0.1)",15,0.12287815070745566,0.5416666666666666,83
[4],0.09,0.0,0.0,0.25,0.7,sigmoid,sgd,0.8500000000000003,10,gaussian,"(-0.5, 0.5)",15,0.12269694667346182,0.625,84
[4],0.08,0.0,0.0,0.1,0.8,sigmoid,sgd,0.5,10,gaussian,"(-0.1, 0.1)",15,0.12004300465576141,0.5416666666666666,85
[4],0.09,0.0,0.0,0.2,0.7,sigmoid,sgd,0.9000000000000004,8,gaussian,"(-0.5, 0.5)",15,0.12228526026069238,0.5833333333333334,86
[3],0.09,0.0,0.0,0.1,0.8,sigmoid,sgd,0.9500000000000004,8,gaussian,"(-0.5, 0.5)",15,0.12455085187100663,0.5,87
[3],0.08,0.0,0.0,0.25,0.75,sigmoid,sgd,0.55,8,gaussian,"(-0.5, 0.5)",15,0.12442653329409492,0.5833333333333334,88
[4],0.08,0.0,0.0,0.05,0.8500000000000001,sigmoid,sgd,0.7000000000000002,8,gaussian,"(-0.1, 0.1)",15,0.10634875729162963,0.9166666666666666,89
[4],0.08,0.0,0.0,0.15000000000000002,0.8,sigmoid,sgd,0.8500000000000003,10,gaussian,"(-0.5, 0.5)",15,0.12227574290450365,0.5833333333333334,90
[3],0.08,0.0,0.0,0.15000000000000002,0.8500000000000001,sigmoid,sgd,0.8000000000000003,10,gaussian,"(-0.5, 0.5)",15,0.12443039817067351,0.625,91
[4],0.07,0.0,0.0,0.1,0.9000000000000001,sigmoid,sgd,0.9000000000000004,10,gaussian,"(-0.5, 0.5)",15,0.12047790442224325,0.5833333333333334,92
[3],0.09,0.0,0.0,0.0,0.7,sigmoid,sgd,0.8500000000000003,10,gaussian,"(-0.5, 0.5)",15,0.12504673545561942,0.4166666666666667,93
[4],0.07,0.0,0.0,0.0,0.7,sigmoid,sgd,0.55,8,gaussian,"(-0.5, 0.5)",15,0.12225079778480101,0.5833333333333334,94
[3],0.07,0.0,0.0,0.25,0.75,sigmoid,sgd,0.8500000000000003,10,gaussian,"(-0.5, 0.5)",15,0.12515807062172177,0.4166666666666667,95
[4],0.07,0.0,0.0,0.0,0.8,sigmoid,sgd,0.5,10,gaussian,"(-0.1, 0.1)",15,0.12157133306307626,0.5416666666666666,96
[4],0.07,0.0,0.0,0.15000000000000002,0.75,sigmoid,sgd,0.6000000000000001,10,gaussian,"(-0.1, 0.1)",15,0.12324707222122884,0.5416666666666666,97
[3],0.07,0.0,0.0,0.25,0.8500000000000001,sigmoid,sgd,0.9500000000000004,8,gaussian,"(-0.5, 0.5)",15,0.12452641925452534,0.5,99
[4],0.08,0.0,0.0,0.25,0.7,sigmoid,sgd,0.55,10,gaussian,"(-0.5, 0.5)",15,0.12245603470036244,0.625,100
[4],0.07,0.0,0.0,0.25,0.7,sigmoid,sgd,0.7000000000000002,8,gaussian,"(-0.1, 0.1)",15,0.12321524928201484,0.5416666666666666,101
[4],0.09,0.0,0.0,0.05,0.8,sigmoid,sgd,0.55,10,gaussian,"(-0.1, 0.1)",15,0.11797583090428358,0.625,102
[3],0.07,0.0,0.0,0.0,0.9000000000000001,sigmoid,sgd,0.9000000000000004,10,gaussian,"(-0.5, 0.5)",15,0.12387581796160818,0.5833333333333334,103
[3],0.07,0.0,0.0,0.1,0.7,sigmoid,sgd,0.6500000000000001,10,gaussian,"(-0.1, 0.1)",15,0.12499710205611388,0.5416666666666666,104
[3],0.07,0.0,0.0,0.25,0.75,sigmoid,sgd,0.6500000000000001,8,gaussian,"(-0.1, 0.1)",15,0.12497818122813383,0.4583333333333333,105
[3],0.08,0.0,0.0,0.0,0.8500000000000001,sigmoid,sgd,0.8500000000000003,8,gaussian,"(-0.1, 0.1)",15,0.1211527085151773,0.7083333333333334,106
[4],0.08,0.0,0.0,0.25,0.8500000000000001,sigmoid,sgd,0.6500000000000001,8,gaussian,"(-0.5, 0.5)",15,0.11756615968018269,0.6666666666666666,107
[3],0.07,0.0,0.0,0.1,0.75,sigmoid,sgd,0.8500000000000003,8,gaussian,"(-0.1, 0.1)",15,0.1250291681793879,0.4583333333333333,108
[3],0.09,0.0,0.0,0.2,0.8500000000000001,sigmoid,sgd,0.5,8,gaussian,"(-0.1, 0.1)",15,0.12250249621989623,0.4583333333333333,109
[4],0.08,0.0,0.0,0.25,0.8500000000000001,sigmoid,sgd,0.9000000000000004,10,gaussian,"(-0.1, 0.1)",15,0.1216897465735171,0.5416666666666666,110
[3],0.09,0.0,0.0,0.25,0.7,sigmoid,sgd,0.7500000000000002,10,gaussian,"(-0.1, 0.1)",15,0.12495993663508277,0.4583333333333333,111
[3],0.07,0.0,0.0,0.2,0.7,sigmoid,sgd,0.7000000000000002,8,gaussian,"(-0.1, 0.1)",15,0.12498830785750366,0.4583333333333333,112
[3],0.09,0.0,0.0,0.15000000000000002,0.8500000000000001,sigmoid,sgd,0.7500000000000002,10,gaussian,"(-0.5, 0.5)",15,0.1240776212480168,0.625,113
[4],0.08,0.0,0.0,0.2,0.8500000000000001,sigmoid,sgd,0.6000000000000001,8,gaussian,"(-0.1, 0.1)",15,0.09720819031132627,0.9166666666666666,114
[3],0.07,0.0,0.0,0.25,0.8500000000000001,sigmoid,sgd,0.6500000000000001,8,gaussian,"(-0.1, 0.1)",15,0.12476431579778602,0.4583333333333333,115
[3],0.07,0.0,0.0,0.25,0.8500000000000001,sigmoid,sgd,0.8500000000000003,10,gaussian,"(-0.5, 0.5)",15,0.12471559810348005,0.625,116
[3],0.07,0.0,0.0,0.2,0.8500000000000001,sigmoid,sgd,0.8500000000000003,8,gaussian,"(-0.5, 0.5)",15,0.12426868460411898,0.5416666666666666,117
[3],0.08,0.0,0.0,0.05,0.7,sigmoid,sgd,0.8500000000000003,10,gaussian,"(-0.1, 0.1)",15,0.1249706489149202,0.625,118
[4],0.08,0.0,0.0,0.0,0.8500000000000001,sigmoid,sgd,0.9500000000000004,8,gaussian,"(-0.1, 0.1)",15,0.11848496404731461,0.625,120
[4],0.07,0.0,0.0,0.0,0.8500000000000001,sigmoid,sgd,0.55,10,gaussian,"(-0.1, 0.1)",15,0.11874749374984273,0.5833333333333334,121
[3],0.09,0.0,0.0,0.0,0.8500000000000001,sigmoid,sgd,0.6500000000000001,8,gaussian,"(-0.5, 0.5)",15,0.12108447354716217,0.6666666666666666,122
[4],0.07,0.0,0.0,0.25,0.8500000000000001,sigmoid,sgd,0.8000000000000003,8,gaussian,"(-0.5, 0.5)",15,0.12057247869604559,0.625,123
[3],0.09,0.0,0.0,0.0,0.8500000000000001,sigmoid,sgd,0.7000000000000002,8,gaussian,"(-0.5, 0.5)",15,0.12168786776020046,0.6666666666666666,124
[3],0.09,0.0,0.0,0.25,0.8,sigmoid,sgd,0.8500000000000003,8,gaussian,"(-0.5, 0.5)",15,0.12441183282762054,0.4583333333333333,125
[3],0.09,0.0,0.0,0.2,0.7,sigmoid,sgd,0.9000000000000004,8,gaussian,"(-0.1, 0.1)",15,0.12502273987290236,0.4583333333333333,126
[3],0.08,0.0,0.0,0.1,0.8,sigmoid,sgd,0.7500000000000002,10,gaussian,"(-0.5, 0.5)",15,0.1247874009113256,0.5416666666666666,127
[3],0.08,0.0,0.0,0.25,0.9000000000000001,sigmoid,sgd,0.6500000000000001,10,gaussian,"(-0.1, 0.1)",15,0.12440134025907486,0.4583333333333333,128
[4],0.07,0.0,0.0,0.1,0.7,sigmoid,sgd,0.6000000000000001,10,gaussian,"(-0.1, 0.1)",15,0.1237035069375035,0.5416666666666666,129
[3],0.08,0.0,0.0,0.15000000000000002,0.9000000000000001,sigmoid,sgd,0.8500000000000003,8,gaussian,"(-0.1, 0.1)",15,0.12030120844683916,0.5416666666666666,130
[3],0.07,0.0,0.0,0.05,0.9000000000000001,sigmoid,sgd,0.8500000000000003,10,gaussian,"(-0.5, 0.5)",15,0.12393230866647509,0.625,131
[3],0.08,0.0,0.0,0.05,0.8,sigmoid,sgd,0.5,8,gaussian,"(-0.5, 0.5)",15,0.12349959186099796,0.6666666666666666,132
[4],0.07,0.0,0.0,0.2,0.75,sigmoid,sgd,0.6000000000000001,8,gaussian,"(-0.1, 0.1)",15,0.12133023576234746,0.5416666666666666,133
[4],0.09,0.0,0.0,0.05,0.8500000000000001,sigmoid,sgd,0.9000000000000004,8,gaussian,"(-0.5, 0.5)",15,0.11896202379248626,0.6666666666666666,134
[3],0.08,0.0,0.0,0.15000000000000002,0.9000000000000001,sigmoid,sgd,0.8000000000000003,10,gaussian,"(-0.5, 0.5)",15,0.12330181724128325,0.625,135
[4],0.07,0.0,0.0,0.0,0.9000000000000001,sigmoid,sgd,0.9500000000000004,8,gaussian,"(-0.5, 0.5)",15,0.11835515482450147,0.6666666666666666,136
[3],0.09,0.0,0.0,0.15000000000000002,0.7,sigmoid,sgd,0.8000000000000003,8,gaussian,"(-0.5, 0.5)",15,0.1249252512287544,0.5,137
[3],0.08,0.0,0.0,0.0,0.9000000000000001,sigmoid,sgd,0.5,8,gaussian,"(-0.1, 0.1)",15,0.058207679440846614,0.9166666666666666,138
[4],0.07,0.0,0.0,0.15000000000000002,0.8,sigmoid,sgd,0.8000000000000003,10,gaussian,"(-0.5, 0.5)",15,0.1224603501671264,0.5833333333333334,139
[3],0.08,0.0,0.0,0.1,0.8,sigmoid,sgd,0.8500000000000003,10,gaussian,"(-0.5, 0.5)",15,0.12488525072235712,0.5,140
[3],0.09,0.0,0.0,0.15000000000000002,0.8500000000000001,sigmoid,sgd,0.7000000000000002,10,gaussian,"(-0.1, 0.1)",15,0.12473006741170163,0.4583333333333333,141
[4],0.07,0.0,0.0,0.0,0.8500000000000001,sigmoid,sgd,0.9500000000000004,8,gaussian,"(-0.1, 0.1)",15,0.12075355758621514,0.5416666666666666,142
[4],0.08,0.0,0.0,0.2,0.8500000000000001,sigmoid,sgd,0.9000000000000004,10,gaussian,"(-0.1, 0.1)",15,0.120578714219665,0.5416666666666666,143
[3],0.07,0.0,0.0,0.1,0.8,sigmoid,sgd,0.6000000000000001,10,gaussian,"(-0.1, 0.1)",15,0.12488856662835275,0.5416666666666666,144
[3],0.08,0.0,0.0,0.15000000000000002,0.7,sigmoid,sgd,0.8500000000000003,8,gaussian,"(-0.1, 0.1)",15,0.12507975246477124,0.4583333333333333,145
[4],0.07,0.0,0.0,0.2,0.7,sigmoid,sgd,0.7500000000000002,8,gaussian,"(-0.5, 0.5)",15,0.1225161569787332,0.5833333333333334,146
[4],0.08,0.0,0.0,0.25,0.8,sigmoid,sgd,0.9000000000000004,8,gaussian,"(-0.1, 0.1)",15,0.12147902425043888,0.5416666666666666,147
[3],0.09,0.0,0.0,0.1,0.8,sigmoid,sgd,0.9000000000000004,10,gaussian,"(-0.1, 0.1)",15,0.12496336399931907,0.4583333333333333,148
[3],0.09,0.0,0.0,0.1,0.8,sigmoid,sgd,0.55,8,gaussian,"(-0.1, 0.1)",15,0.12159157997368557,0.5416666666666666,149
[3],0.09,0.0,0.0,0.2,0.9000000000000001,sigmoid,sgd,0.55,8,gaussian,"(-0.5, 0.5)",15,0.10044435027238043,0.75,150
[4],0.08,0.0,0.0,0.25,0.8,sigmoid,sgd,0.7000000000000002,8,gaussian,"(-0.1, 0.1)",15,0.11942734297799716,0.5416666666666666,151
[3],0.09,0.0,0.0,0.05,0.75,sigmoid,sgd,0.55,10,gaussian,"(-0.1, 0.1)",15,0.12469437732600049,0.625,152
[3],0.08,0.0,0.0,0.25,0.7,sigmoid,sgd,0.6000000000000001,10,gaussian,"(-0.1, 0.1)",15,0.12493279469414491,0.4583333333333333,154
[3],0.09,0.0,0.0,0.1,0.9000000000000001,sigmoid,sgd,0.9000000000000004,8,gaussian,"(-0.1, 0.1)",15,0.10180633987761607,0.875,155
[3],0.09,0.0,0.0,0.05,0.8,sigmoid,sgd,0.9000000000000004,10,gaussian,"(-0.1, 0.1)",15,0.12485101276116757,0.625,156
[4],0.09,0.0,0.0,0.0,0.75,sigmoid,sgd,0.9000000000000004,8,gaussian,"(-0.1, 0.1)",15,0.12240939094745962,0.5416666666666666,157
[4],0.07,0.0,0.0,0.15000000000000002,0.7,sigmoid,sgd,0.9000000000000004,8,gaussian,"(-0.5, 0.5)",15,0.1227163765636387,0.5833333333333334,158
[4],0.07,0.0,0.0,0.15000000000000002,0.8,sigmoid,sgd,0.9000000000000004,10,gaussian,"(-0.5, 0.5)",15,0.12259026611518785,0.5833333333333334,159
[3],0.07,0.0,0.0,0.15000000000000002,0.8,sigmoid,sgd,0.8000000000000003,10,gaussian,"(-0.1, 0.1)",15,0.1249845263316492,0.4583333333333333,160
[3],0.08,0.0,0.0,0.15000000000000002,0.9000000000000001,sigmoid,sgd,0.6500000000000001,10,gaussian,"(-0.5, 0.5)",15,0.12235408264935932,0.625,161
[3],0.07,0.0,0.0,0.15000000000000002,0.8500000000000001,sigmoid,sgd,0.8500000000000003,10,gaussian,"(-0.5, 0.5)",15,0.12470097989759599,0.625,162
[3],0.08,0.0,0.0,0.0,0.7,sigmoid,sgd,0.6000000000000001,8,gaussian,"(-0.1, 0.1)",15,0.12409950736085429,0.5416666666666666,163
[3],0.08,0.0,0.0,0.25,0.7,sigmoid,sgd,0.7000000000000002,8,gaussian,"(-0.5, 0.5)",15,0.12494382969239866,0.5,164
[4],0.07,0.0,0.0,0.1,0.8500000000000001,sigmoid,sgd,0.5,10,gaussian,"(-0.5, 0.5)",15,0.12033126285079222,0.6666666666666666,165
[4],0.08,0.0,0.0,0.15000000000000002,0.8500000000000001,sigmoid,sgd,0.9000000000000004,10,gaussian,"(-0.5, 0.5)",15,0.12163336041531221,0.625,166
[4],0.07,0.0,0.0,0.1,0.8500000000000001,sigmoid,sgd,0.8500000000000003,8,gaussian,"(-0.5, 0.5)",15,0.12086879727281565,0.625,167
[4],0.08,0.0,0.0,0.2,0.8500000000000001,sigmoid,sgd,0.5,8,gaussian,"(-0.5, 0.5)",15,0.11219273358495045,0.5833333333333334,168
[4],0.09,0.0,0.0,0.2,0.7,sigmoid,sgd,0.7500000000000002,10,gaussian,"(-0.5, 0.5)",15,0.12261101362924631,0.625,169
[3],0.09,0.0,0.0,0.05,0.75,sigmoid,sgd,0.7000000000000002,8,gaussian,"(-0.1, 0.1)",15,0.1245718635470943,0.5,170
[3],0.09,0.0,0.0,0.1,0.7,sigmoid,sgd,0.5,10,gaussian,"(-0.5, 0.5)",15,0.12477099607721531,0.5416666666666666,171
[4],0.09,0.0,0.0,0.15000000000000002,0.8,sigmoid,sgd,0.7500000000000002,10,gaussian,"(-0.1, 0.1)",15,0.1215890015778186,0.5416666666666666,172
[4],0.08,0.0,0.0,0.15000000000000002,0.75,sigmoid,sgd,0.7000000000000002,8,gaussian,"(-0.5, 0.5)",15,0.12172642418068524,0.5833333333333334,173
[3],0.09,0.0,0.0,0.25,0.7,sigmoid,sgd,0.9500000000000004,10,gaussian,"(-0.1, 0.1)",15,0.12500733861363142,0.4583333333333333,174
[3],0.07,0.0,0.0,0.25,0.9000000000000001,sigmoid,sgd,0.7000000000000002,10,gaussian,"(-0.1, 0.1)",15,0.12474679211171202,0.4583333333333333,176
[4],0.08,0.0,0.0,0.05,0.75,sigmoid,sgd,0.7500000000000002,8,gaussian,"(-0.5, 0.5)",15,0.12183978037241805,0.5833333333333334,177
[4],0.08,0.0,0.0,0.25,0.75,sigmoid,sgd,0.55,8,gaussian,"(-0.1, 0.1)",15,0.12012060242732887,0.5416666666666666,178
[3],0.08,0.0,0.0,0.15000000000000002,0.8500000000000001,sigmoid,sgd,0.6000000000000001,10,gaussian,"(-0.1, 0.1)",15,0.12468702825702856,0.4583333333333333,179
[4],0.08,0.0,0.0,0.25,0.9000000000000001,sigmoid,sgd,0.5,8,gaussian,"(-0.5, 0.5)",15,0.09341365287238107,0.6666666666666666,180
[3],0.08,0.0,0.0,0.1,0.7,sigmoid,sgd,0.9500000000000004,8,gaussian,"(-0.5, 0.5)",15,0.12517185544938245,0.5,181
[3],0.07,0.0,0.0,0.2,0.7,sigmoid,sgd,0.8000000000000003,8,gaussian,"(-0.1, 0.1)",15,0.12503178433522208,0.4583333333333333,182
[3],0.07,0.0,0.0,0.1,0.8500000000000001,sigmoid,sgd,0.9000000000000004,10,gaussian,"(-0.5, 0.5)",15,0.12477751216730104,0.5416666666666666,183
[4],0.08,0.0,0.0,0.25,0.75,sigmoid,sgd,0.7500000000000002,10,gaussian,"(-0.1, 0.1)",15,0.12334060113353411,0.5416666666666666,184
[3],0.08,0.0,0.0,0.0,0.8500000000000001,sigmoid,sgd,0.55,8,gaussian,"(-0.1, 0.1)",15,0.10998734408191513,0.9166666666666666,187
[4],0.08,0.0,0.0,0.2,0.9000000000000001,sigmoid,sgd,0.6000000000000001,10,gaussian,"(-0.1, 0.1)",15,0.08886021440938059,0.9166666666666666,188
[4],0.07,0.0,0.0,0.25,0.8,sigmoid,sgd,0.6500000000000001,8,gaussian,"(-0.5, 0.5)",15,0.12124329963548186,0.625,189
[4],0.08,0.0,0.0,0.25,0.75,sigmoid,sgd,0.6500000000000001,8,gaussian,"(-0.5, 0.5)",15,0.12154409527616657,0.625,190
[3],0.08,0.0,0.0,0.15000000000000002,0.9000000000000001,sigmoid,sgd,0.55,10,gaussian,"(-0.5, 0.5)",15,0.12105943146256619,0.625,191
[3],0.07,0.0,0.0,0.15000000000000002,0.9000000000000001,sigmoid,sgd,0.7500000000000002,8,gaussian,"(-0.1, 0.1)",15,0.1220982606652161,0.5,192
[4],0.08,0.0,0.0,0.25,0.8500000000000001,sigmoid,sgd,0.7000000000000002,10,gaussian,"(-0.5, 0.5)",15,0.12085180472039429,0.6666666666666666,193
[4],0.08,0.0,0.0,0.05,0.9000000000000001,sigmoid,sgd,0.55,8,gaussian,"(-0.1, 0.1)",15,0.05333523736306,0.9166666666666666,195
[3],0.08,0.0,0.0,0.1,0.9000000000000001,sigmoid,sgd,0.7000000000000002,10,gaussian,"(-0.1, 0.1)",15,0.12100048645428403,0.6666666666666666,197
[3],0.09,0.0,0.0,0.05,0.8,sigmoid,sgd,0.6000000000000001,8,gaussian,"(-0.5, 0.5)",15,0.12353507705945972,0.625,198
[3],0.08,0.0,0.0,0.0,0.8,sigmoid,sgd,0.7500000000000002,10,gaussian,"(-0.5, 0.5)",15,0.12469251071272841,0.5416666666666666,199
[4],0.09,0.0,0.0,0.1,0.8500000000000001,sigmoid,sgd,0.9000000000000004,10,gaussian,"(-0.1, 0.1)",15,0.12027882571021785,0.5416666666666666,200
[3],0.07,0.0,0.0,0.05,0.75,sigmoid,sgd,0.8500000000000003,10,gaussian,"(-0.5, 0.5)",15,0.12670649723253163,0.375,1
[3],0.08,0.0,0.0,0.1,0.9000000000000001,sigmoid,sgd,0.6000000000000001,8,gaussian,"(-0.1, 0.1)",15,0.0828128659428946,0.9166666666666666,2
[3],0.08,0.0,0.0,0.05,0.75,sigmoid,sgd,0.8000000000000003,8,gaussian,"(-0.5, 0.5)",15,0.1270767429869797,0.375,3
[3],0.08,0.0,0.0,0.0,0.8,sigmoid,sgd,0.7500000000000002,8,gaussian,"(-0.1, 0.1)",15,0.12609142205638915,0.375,4
[4],0.09,0.0,0.0,0.25,0.8500000000000001,sigmoid,sgd,0.5,10,gaussian,"(-0.1, 0.1)",15,0.12203080299015939,0.75,5
[3],0.07,0.0,0.0,0.25,0.8,sigmoid,sgd,0.55,10,gaussian,"(-0.1, 0.1)",15,0.12820771208973034,0.375,6
[3],0.08,0.0,0.0,0.0,0.7,sigmoid,sgd,0.7000000000000002,8,gaussian,"(-0.5, 0.5)",15,0.12634594290629653,0.375,7
[4],0.08,0.0,0.0,0.25,0.8,sigmoid,sgd,0.9000000000000004,8,gaussian,"(-0.5, 0.5)",15,0.12606432988782462,0.375,8
[4],0.08,0.0,0.0,0.1,0.9000000000000001,sigmoid,sgd,0.9500000000000004,8,gaussian,"(-0.5, 0.5)",15,0.11614776642249243,0.7083333333333334,9
[3],0.07,0.0,0.0,0.2,0.8,sigmoid,sgd,0.9000000000000004,8,gaussian,"(-0.5, 0.5)",15,0.1269179451347231,0.375,10
[4],0.07,0.0,0.0,0.15000000000000002,0.8,sigmoid,sgd,0.9000000000000004,10,gaussian,"(-0.1, 0.1)",15,0.12583784715078372,0.375,11
[3],0.07,0.0,0.0,0.2,0.7,sigmoid,sgd,0.9500000000000004,10,gaussian,"(-0.5, 0.5)",15,0.1267213589527523,0.375,12
[3],0.09,0.0,0.0,0.0,0.7,sigmoid,sgd,0.5,8,gaussian,"(-0.5, 0.5)",15,0.12596063471328942,0.4583333333333333,13
[4],0.09,0.0,0.0,0.25,0.8500000000000001,sigmoid,sgd,0.6500000000000001,8,gaussian,"(-0.5, 0.5)",15,0.11612648473865772,0.7083333333333334,14
[3],0.08,0.0,0.0,0.2,0.7,sigmoid,sgd,0.6000000000000001,10,gaussian,"(-0.5, 0.5)",15,0.12695569810685928,0.375,15
[4],0.08,0.0,0.0,0.2,0.9000000000000001,sigmoid,sgd,0.6000000000000001,8,gaussian,"(-0.1, 0.1)",15,0.0755179527241441,0.9583333333333334,16
[3],0.07,0.0,0.0,0.25,0.75,sigmoid,sgd,0.6500000000000001,10,gaussian,"(-0.1, 0.1)",15,0.1280322025218449,0.375,17
[4],0.08,0.0,0.0,0.05,0.8500000000000001,sigmoid,sgd,0.6000000000000001,10,gaussian,"(-0.5, 0.5)",15,0.12428871759089473,0.4583333333333333,18
[3],0.08,0.0,0.0,0.2,0.75,sigmoid,sgd,0.7500000000000002,8,gaussian,"(-0.5, 0.5)",15,0.12703409582878536,0.375,19
[4],0.08,0.0,0.0,0.25,0.9000000000000001,sigmoid,sgd,0.8500000000000003,10,gaussian,"(-0.1, 0.1)",15,0.12414370984421415,0.5416666666666666,20
[3],0.08,0.0,0.0,0.2,0.8,sigmoid,sgd,0.55,10,gaussian,"(-0.5, 0.5)",15,0.1266841750817542,0.375,21
[4],0.07,0.0,0.0,0.05,0.8,sigmoid,sgd,0.6500000000000001,8,gaussian,"(-0.5, 0.5)",15,0.12589298780880073,0.375,22
[3],0.08,0.0,0.0,0.25,0.8500000000000001,sigmoid,sgd,0.9500000000000004,8,gaussian,"(-0.1, 0.1)",15,0.1285944603960346,0.375,23
[4],0.07,0.0,0.0,0.05,0.75,sigmoid,sgd,0.8500000000000003,10,gaussian,"(-0.1, 0.1)",15,0.12604056917981724,0.375,24
[3],0.07,0.0,0.0,0.1,0.8,sigmoid,sgd,0.55,10,gaussian,"(-0.1, 0.1)",15,0.1283797721505978,0.375,25
[3],0.07,0.0,0.0,0.2,0.75,sigmoid,sgd,0.5,10,gaussian,"(-0.1, 0.1)",15,0.1282175876417608,0.375,26
[3],0.08,0.0,0.0,0.15000000000000002,0.7,sigmoid,sgd,0.6000000000000001,8,gaussian,"(-0.5, 0.5)",15,0.1271060537348073,0.375,27
[3],0.09,0.0,0.0,0.1,0.8500000000000001,sigmoid,sgd,0.7500000000000002,8,gaussian,"(-0.1, 0.1)",15,0.1230035244263321,0.375,28
[4],0.08,0.0,0.0,0.0,0.75,sigmoid,sgd,0.55,10,gaussian,"(-0.5, 0.5)",15,0.1271301018258154,0.3333333333333333,29
[4],0.09,0.0,0.0,0.25,0.75,sigmoid,sgd,0.8000000000000003,10,gaussian,"(-0.5, 0.5)",15,0.12717964961040407,0.3333333333333333,30
[4],0.07,0.0,0.0,0.15000000000000002,0.75,sigmoid,sgd,0.7500000000000002,10,gaussian,"(-0.5, 0.5)",15,0.12758449534994176,0.3333333333333333,31
[3],0.08,0.0,0.0,0.0,0.75,sigmoid,sgd,0.9000000000000004,10,gaussian,"(-0.5, 0.5)",15,0.1266803231962109,0.375,32
[3],0.08,0.0,0.0,0.0,0.7,sigmoid,sgd,0.6500000000000001,8,gaussian,"(-0.5, 0.5)",15,0.12630347258017072,0.4166666666666667,34
[3],0.07,0.0,0.0,0.0,0.9000000000000001,sigmoid,sgd,0.9000000000000004,8,gaussian,"(-0.5, 0.5)",15,0.12477609845550834,0.4166666666666667,35
[4],0.09,0.0,0.0,0.2,0.8,sigmoid,sgd,0.7000000000000002,8,gaussian,"(-0.5, 0.5)",15,0.12435466501222836,0.4166666666666667,36
[3],0.09,0.0,0.0,0.2,0.9000000000000001,sigmoid,sgd,0.9500000000000004,8,gaussian,"(-0.1, 0.1)",15,0.1249803965555637,0.375,37
[3],0.08,0.0,0.0,0.2,0.9000000000000001,sigmoid,sgd,0.6000000000000001,10,gaussian,"(-0.1, 0.1)",15,0.1264347663767439,0.375,38
[3],0.07,0.0,0.0,0.15000000000000002,0.75,sigmoid,sgd,0.7500000000000002,10,gaussian,"(-0.5, 0.5)",15,0.12674905686361737,0.375,39
[4],0.09,0.0,0.0,0.15000000000000002,0.8500000000000001,sigmoid,sgd,0.9000000000000004,8,gaussian,"(-0.5, 0.5)",15,0.12260018863002732,0.4583333333333333,40
[3],0.09,0.0,0.0,0.2,0.9000000000000001,sigmoid,sgd,0.5,8,gaussian,"(-0.1, 0.1)",15,0.10044611062437363,0.6666666666666666,41
[4],0.07,0.0,0.0,0.0,0.8,sigmoid,sgd,0.7500000000000002,10,gaussian,"(-0.5, 0.5)",15,0.12706690383913424,0.3333333333333333,42
[4],0.08,0.0,0.0,0.0,0.75,sigmoid,sgd,0.7000000000000002,8,gaussian,"(-0.5, 0.5)",15,0.12724624037542456,0.375,43
[3],0.07,0.0,0.0,0.2,0.8,sigmoid,sgd,0.9500000000000004,10,gaussian,"(-0.5, 0.5)",15,0.12658440128617995,0.375,44
[4],0.08,0.0,0.0,0.25,0.9000000000000001,sigmoid,sgd,0.8500000000000003,8,gaussian,"(-0.1, 0.1)",15,0.12238287664855522,0.6666666666666666,45
[4],0.08,0.0,0.0,0.05,0.8500000000000001,sigmoid,sgd,0.55,8,gaussian,"(-0.5, 0.5)",15,0.11569115367451803,0.7083333333333334,46
[3],0.08,0.0,0.0,0.05,0.75,sigmoid,sgd,0.9500000000000004,8,gaussian,"(-0.1, 0.1)",15,0.12836186214191092,0.375,48
[4],0.08,0.0,0.0,0.05,0.8500000000000001,sigmoid,sgd,0.55,8,gaussian,"(-0.1, 0.1)",15,0.09859058916606787,0.9583333333333334,49
[3],0.09,0.0,0.0,0.0,0.8,sigmoid,sgd,0.8000000000000003,10,gaussian,"(-0.5, 0.5)",15,0.1265952172642525,0.375,51
[3],0.07,0.0,0.0,0.05,0.75,sigmoid,sgd,0.7000000000000002,8,gaussian,"(-0.5, 0.5)",15,0.12702244082011227,0.375,52
[4],0.07,0.0,0.0,0.15000000000000002,0.7,sigmoid,sgd,0.9000000000000004,8,gaussian,"(-0.1, 0.1)",15,0.12597690685372068,0.375,53
[4],0.07,0.0,0.0,0.0,0.8500000000000001,sigmoid,sgd,0.8500000000000003,10,gaussian,"(-0.5, 0.5)",15,0.12630238991879947,0.375,55
[4],0.09,0.0,0.0,0.05,0.9000000000000001,sigmoid,sgd,0.7000000000000002,8,gaussian,"(-0.1, 0.1)",15,0.0553353291475721,0.9583333333333334,56
[3],0.09,0.0,0.0,0.2,0.8,sigmoid,sgd,0.7000000000000002,10,gaussian,"(-0.1, 0.1)",15,0.128538624626671,0.375,57
[4],0.08,0.0,0.0,0.05,0.8500000000000001,sigmoid,sgd,0.9500000000000004,10,gaussian,"(-0.1, 0.1)",15,0.12445762323409519,0.4583333333333333,58
[3],0.08,0.0,0.0,0.2,0.8500000000000001,sigmoid,sgd,0.8500000000000003,8,gaussian,"(-0.5, 0.5)",15,0.12654970960134462,0.4583333333333333,59
[4],0.08,0.0,0.0,0.05,0.7,sigmoid,sgd,0.8500000000000003,8,gaussian,"(-0.1, 0.1)",15,0.1257710554614961,0.375,60
[4],0.09,0.0,0.0,0.25,0.8,sigmoid,sgd,0.6500000000000001,10,gaussian,"(-0.1, 0.1)",15,0.12508393062336778,0.4166666666666667,61
[4],0.08,0.0,0.0,0.25,0.9000000000000001,sigmoid,sgd,0.55,10,gaussian,"(-0.1, 0.1)",15,0.11991528265889327,0.9583333333333334,62
[3],0.09,0.0,0.0,0.25,0.9000000000000001,sigmoid,sgd,0.6000000000000001,10,gaussian,"(-0.5, 0.5)",15,0.1239782358987187,0.5,63
[3],0.09,0.0,0.0,0.0,0.9000000000000001,sigmoid,sgd,0.5,10,gaussian,"(-0.5, 0.5)",15,0.12084265214282909,0.625,64
[4],0.07,0.0,0.0,0.25,0.9000000000000001,sigmoid,sgd,0.6500000000000001,8,gaussian,"(-0.5, 0.5)",15,0.10974676968538961,0.7916666666666666,65
[4],0.08,0.0,0.0,0.0,0.8500000000000001,sigmoid,sgd,0.6500000000000001,10,gaussian,"(-0.1, 0.1)",15,0.12039151073781272,0.5416666666666666,66
[3],0.07,0.0,0.0,0.1,0.8,sigmoid,sgd,0.8000000000000003,8,gaussian,"(-0.5, 0.5)",15,0.12694432647088594,0.375,67
[3],0.07,0.0,0.0,0.15000000000000002,0.75,sigmoid,sgd,0.55,10,gaussian,"(-0.5, 0.5)",15,0.12682763677386402,0.375,68
[3],0.07,0.0,0.0,0.0,0.7,sigmoid,sgd,0.5,10,gaussian,"(-0.5, 0.5)",15,0.12683804238084817,0.375,69
[4],0.07,0.0,0.0,0.0,0.7,sigmoid,sgd,0.55,10,gaussian,"(-0.1, 0.1)",15,0.12601989330530594,0.375,70
[3],0.07,0.0,0.0,0.2,0.7,sigmoid,sgd,0.8000000000000003,10,gaussian,"(-0.1, 0.1)",15,0.12787845947049784,0.375,72
[3],0.07,0.0,0.0,0.0,0.7,sigmoid,sgd,0.7000000000000002,8,gaussian,"(-0.5, 0.5)",15,0.12637916498567783,0.375,73
[4],0.09,0.0,0.0,0.1,0.8,sigmoid,sgd,0.6500000000000001,8,gaussian,"(-0.5, 0.5)",15,0.12370216321444234,0.4166666666666667,74
[4],0.08,0.0,0.0,0.05,0.7,sigmoid,sgd,0.5,8,gaussian,"(-0.5, 0.5)",15,0.12675669597953576,0.375,76
[3],0.07,0.0,0.0,0.15000000000000002,0.8,sigmoid,sgd,0.5,10,gaussian,"(-0.1, 0.1)",15,0.12845617679302523,0.375,77
[4],0.07,0.0,0.0,0.2,0.7,sigmoid,sgd,0.9500000000000004,10,gaussian,"(-0.1, 0.1)",15,0.12625058357199773,0.375,78
[3],0.07,0.0,0.0,0.1,0.7,sigmoid,sgd,0.7500000000000002,8,gaussian,"(-0.5, 0.5)",15,0.12714997845229153,0.375,80
[3],0.08,0.0,0.0,0.1,0.75,sigmoid,sgd,0.6000000000000001,8,gaussian,"(-0.5, 0.5)",15,0.12698121332064713,0.375,81
[4],0.08,0.0,0.0,0.2,0.8500000000000001,sigmoid,sgd,0.6000000000000001,10,gaussian,"(-0.1, 0.1)",15,0.12277921434659848,0.5,82
[4],0.08,0.0,0.0,0.2,0.8500000000000001,sigmoid,sgd,0.8500000000000003,10,gaussian,"(-0.5, 0.5)",15,0.12587661940066588,0.375,84
[3],0.07,0.0,0.0,0.05,0.75,sigmoid,sgd,0.7000000000000002,10,gaussian,"(-0.1, 0.1)",15,0.128041287223899,0.375,85
[4],0.08,0.0,0.0,0.2,0.7,sigmoid,sgd,0.9000000000000004,10,gaussian,"(-0.1, 0.1)",15,0.126267536973315,0.375,86
[4],0.09,0.0,0.0,0.2,0.8,sigmoid,sgd,0.8000000000000003,10,gaussian,"(-0.5, 0.5)",15,0.12663990046218535,0.3333333333333333,87
[4],0.08,0.0,0.0,0.0,0.75,sigmoid,sgd,0.7500000000000002,8,gaussian,"(-0.1, 0.1)",15,0.12502438499855914,0.4583333333333333,88
[4],0.07,0.0,0.0,0.0,0.7,sigmoid,sgd,0.7500000000000002,8,gaussian,"(-0.5, 0.5)",15,0.12824557365292844,0.375,89
[4],0.09,0.0,0.0,0.25,0.8,sigmoid,sgd,0.7000000000000002,10,gaussian,"(-0.5, 0.5)",15,0.12613293226377117,0.375,90
[4],0.09,0.0,0.0,0.25,0.7,sigmoid,sgd,0.6500000000000001,8,gaussian,"(-0.1, 0.1)",15,0.12549948907428024,0.375,91
[4],0.09,0.0,0.0,0.15000000000000002,0.8,sigmoid,sgd,0.8000000000000003,8,gaussian,"(-0.5, 0.5)",15,0.125151106368613,0.4166666666666667,92
[3],0.08,0.0,0.0,0.05,0.9000000000000001,sigmoid,sgd,0.7500000000000002,10,gaussian,"(-0.5, 0.5)",15,0.12577747477327927,0.4583333333333333,93
[4],0.09,0.0,0.0,0.15000000000000002,0.9000000000000001,sigmoid,sgd,0.6000000000000001,8,gaussian,"(-0.5, 0.5)",15,0.0827779354575056,0.875,94
[4],0.07,0.0,0.0,0.15000000000000002,0.7,sigmoid,sgd,0.7500000000000002,10,gaussian,"(-0.1, 0.1)",15,0.12612172201900262,0.375,95
[3],0.07,0.0,0.0,0.25,0.9000000000000001,sigmoid,sgd,0.6000000000000001,8,gaussian,"(-0.5, 0.5)",15,0.12365326301738437,0.5416666666666666,96
[4],0.07,0.0,0.0,0.05,0.8,sigmoid,sgd,0.9000000000000004,8,gaussian,"(-0.5, 0.5)",15,0.12671209289306096,0.3333333333333333,97
[4],0.08,0.0,0.0,0.05,0.7,sigmoid,sgd,0.8000000000000003,8,gaussian,"(-0.1, 0.1)",15,0.12568495986324216,0.375,98
[4],0.07,0.0,0.0,0.15000000000000002,0.9000000000000001,sigmoid,sgd,0.8500000000000003,8,gaussian,"(-0.5, 0.5)",15,0.11834920519566193,0.7083333333333334,100
[4],0.08,0.0,0.0,0.25,0.8,sigmoid,sgd,0.6000000000000001,10,gaussian,"(-0.5, 0.5)",15,0.12623495616027694,0.375,101
[3],0.09,0.0,0.0,0.2,0.7,sigmoid,sgd,0.7000000000000002,10,gaussian,"(-0.1, 0.1)",15,0.12815891157973883,0.375,102
[4],0.08,0.0,0.0,0.2,0.7,sigmoid,sgd,0.8000000000000003,10,gaussian,"(-0.5, 0.5)",15,0.12790771108347201,0.3333333333333333,103
[3],0.09,0.0,0.0,0.0,0.8500000000000001,sigmoid,sgd,0.7500000000000002,10,gaussian,"(-0.5, 0.5)",15,0.12623872260063476,0.4583333333333333,104
[3],0.07,0.0,0.0,0.1,0.7,sigmoid,sgd,0.8500000000000003,8,gaussian,"(-0.1, 0.1)",15,0.12822147111180857,0.375,105
[4],0.07,0.0,0.0,0.15000000000000002,0.8,sigmoid,sgd,0.6000000000000001,10,gaussian,"(-0.5, 0.5)",15,0.1267954283367987,0.3333333333333333,106
[3],0.07,0.0,0.0,0.25,0.7,sigmoid,sgd,0.6000000000000001,8,gaussian,"(-0.1, 0.1)",15,0.1280286535286365,0.375,107
[4],0.09,0.0,0.0,0.0,0.9000000000000001,sigmoid,sgd,0.5,8,gaussian,"(-0.5, 0.5)",15,0.06042683582054181,0.9583333333333334,108
[3],0.07,0.0,0.0,0.1,0.75,sigmoid,sgd,0.5,8,gaussian,"(-0.1, 0.1)",15,0.12806804436487326,0.375,109
[3],0.07,0.0,0.0,0.0,0.75,sigmoid,sgd,0.7500000000000002,10,gaussian,"(-0.1, 0.1)",15,0.1277080770025728,0.375,110
[4],0.08,0.0,0.0,0.0,0.75,sigmoid,sgd,0.6000000000000001,8,gaussian,"(-0.5, 0.5)",15,0.12674209859042415,0.375,111
[4],0.09,0.0,0.0,0.15000000000000002,0.7,sigmoid,sgd,0.8000000000000003,8,gaussian,"(-0.1, 0.1)",15,0.12548587125881758,0.375,113
[4],0.09,0.0,0.0,0.15000000000000002,0.7,sigmoid,sgd,0.9000000000000004,8,gaussian,"(-0.1, 0.1)",15,0.12566987681583544,0.375,114
[3],0.09,0.0,0.0,0.0,0.8,sigmoid,sgd,0.5,8,gaussian,"(-0.5, 0.5)",15,0.12469475213796306,0.4166666666666667,115
[4],0.07,0.0,0.0,0.05,0.8500000000000001,sigmoid,sgd,0.7500000000000002,8,gaussian,"(-0.5, 0.5)",15,0.1242961386280385,0.4583333333333333,116
[3],0.09,0.0,0.0,0.15000000000000002,0.8,sigmoid,sgd,0.6500000000000001,8,gaussian,"(-0.1, 0.1)",15,0.12797105639238582,0.375,117
[3],0.09,0.0,0.0,0.15000000000000002,0.9000000000000001,sigmoid,sgd,0.55,10,gaussian,"(-0.1, 0.1)",15,0.11537444391917162,0.4583333333333333,118
[4],0.07,0.0,0.0,0.25,0.75,sigmoid,sgd,0.7000000000000002,10,gaussian,"(-0.1, 0.1)",15,0.12586873137082316,0.375,120
[4],0.08,0.0,0.0,0.0,0.8,sigmoid,sgd,0.8500000000000003,10,gaussian,"(-0.1, 0.1)",15,0.1253883785780919,0.375,121
[4],0.07,0.0,0.0,0.15000000000000002,0.8500000000000001,sigmoid,sgd,0.7000000000000002,10,gaussian,"(-0.5, 0.5)",15,0.1258753004040285,0.375,122
[4],0.08,0.0,0.0,0.15000000000000002,0.9000000000000001,sigmoid,sgd,0.8500000000000003,8,gaussian,"(-0.1, 0.1)",15,0.10072625052700927,0.9583333333333334,123
[3],0.07,0.0,0.0,0.2,0.8,sigmoid,sgd,0.7500000000000002,10,gaussian,"(-0.5, 0.5)",15,0.12664163196367453,0.375,124
[3],0.08,0.0,0.0,0.0,0.7,sigmoid,sgd,0.7000000000000002,10,gaussian,"(-0.5, 0.5)",15,0.12682204435423802,0.375,125
[3],0.09,0.0,0.0,0.15000000000000002,0.8500000000000001,sigmoid,sgd,0.7500000000000002,8,gaussian,"(-0.5, 0.5)",15,0.1262095544937548,0.4583333333333333,126
[3],0.08,0.0,0.0,0.05,0.8500000000000001,sigmoid,sgd,0.8000000000000003,8,gaussian,"(-0.5, 0.5)",15,0.1265038543263678,0.4583333333333333,128
[3],0.08,0.0,0.0,0.25,0.75,sigmoid,sgd,0.8500000000000003,8,gaussian,"(-0.1, 0.1)",15,0.12822302658123796,0.375,129
[4],0.09,0.0,0.0,0.15000000000000002,0.8,sigmoid,sgd,0.6000000000000001,8,gaussian,"(-0.5, 0.5)",15,0.12274585102384712,0.4583333333333333,130
[3],0.09,0.0,0.0,0.0,0.8500000000000001,sigmoid,sgd,0.6000000000000001,8,gaussian,"(-0.5, 0.5)",15,0.12344203494665285,0.5416666666666666,131
[4],0.09,0.0,0.0,0.2,0.7,sigmoid,sgd,0.8000000000000003,8,gaussian,"(-0.1, 0.1)",15,0.1258166674838338,0.375,132
[4],0.07,0.0,0.0,0.2,0.75,sigmoid,sgd,0.5,10,gaussian,"(-0.1, 0.1)",15,0.12583671360017618,0.375,133
[3],0.07,0.0,0.0,0.2,0.7,sigmoid,sgd,0.7500000000000002,10,gaussian,"(-0.5, 0.5)",15,0.12680880558190175,0.375,134
[4],0.08,0.0,0.0,0.05,0.8,sigmoid,sgd,0.7500000000000002,8,gaussian,"(-0.5, 0.5)",15,0.12567541840544738,0.375,135
[4],0.09,0.0,0.0,0.05,0.7,sigmoid,sgd,0.8500000000000003,10,gaussian,"(-0.1, 0.1)",15,0.12602957244202295,0.375,136
[4],0.08,0.0,0.0,0.15000000000000002,0.7,sigmoid,sgd,0.9000000000000004,8,gaussian,"(-0.5, 0.5)",15,0.12765238509884513,0.3333333333333333,138
[3],0.08,0.0,0.0,0.25,0.9000000000000001,sigmoid,sgd,0.8500000000000003,8,gaussian,"(-0.1, 0.1)",15,0.12611541424960507,0.375,139
[4],0.09,0.0,0.0,0.15000000000000002,0.7,sigmoid,sgd,0.6500000000000001,8,gaussian,"(-0.5, 0.5)",15,0.12692949157501707,0.375,141
[4],0.09,0.0,0.0,0.25,0.9000000000000001,sigmoid,sgd,0.55,10,gaussian,"(-0.1, 0.1)",15,0.11741075915536031,0.9583333333333334,142
[3],0.08,0.0,0.0,0.25,0.9000000000000001,sigmoid,sgd,0.7500000000000002,10,gaussian,"(-0.5, 0.5)",15,0.12567056182073325,0.4166666666666667,143
[3],0.09,0.0,0.0,0.2,0.75,sigmoid,sgd,0.6000000000000001,8,gaussian,"(-0.5, 0.5)",15,0.1268327875379788,0.4166666666666667,144
[3],0.09,0.0,0.0,0.15000000000000002,0.8,sigmoid,sgd,0.8500000000000003,8,gaussian,"(-0.1, 0.1)",15,0.12851811897857315,0.375,145
[3],0.09,0.0,0.0,0.1,0.8,sigmoid,sgd,0.8500000000000003,10,gaussian,"(-0.1, 0.1)",15,0.12845660294254216,0.375,146
[4],0.07,0.0,0.0,0.25,0.75,sigmoid,sgd,0.8000000000000003,10,gaussian,"(-0.1, 0.1)",15,0.125889944000899,0.375,147
[4],0.07,0.0,0.0,0.05,0.8,sigmoid,sgd,0.9500000000000004,8,gaussian,"(-0.5, 0.5)",15,0.12680655548567824,0.3333333333333333,149
[4],0.07,0.0,0.0,0.05,0.75,sigmoid,sgd,0.6000000000000001,10,gaussian,"(-0.1, 0.1)",15,0.1257567963552473,0.375,150
[3],0.07,0.0,0.0,0.1,0.8500000000000001,sigmoid,sgd,0.9500000000000004,10,gaussian,"(-0.5, 0.5)",15,0.12648708336866274,0.375,151
[3],0.07,0.0,0.0,0.0,0.75,sigmoid,sgd,0.8000000000000003,8,gaussian,"(-0.5, 0.5)",15,0.12631525204847602,0.375,152
[4],0.09,0.0,0.0,0.25,0.8500000000000001,sigmoid,sgd,0.55,8,gaussian,"(-0.1, 0.1)",15,0.11851696682831443,0.9166666666666666,153
[3],0.09,0.0,0.0,0.2,0.9000000000000001,sigmoid,sgd,0.8000000000000003,10,gaussian,"(-0.5, 0.5)",15,0.12560114183752352,0.375,154
[3],0.07,0.0,0.0,0.1,0.7,sigmoid,sgd,0.9000000000000004,10,gaussian,"(-0.1, 0.1)",15,0.12782804418075042,0.375,155
[3],0.09,0.0,0.0,0.0,0.75,sigmoid,sgd,0.55,8,gaussian,"(-0.1, 0.1)",15,0.1250313260223795,0.375,156
[3],0.07,0.0,0.0,0.2,0.8,sigmoid,sgd,0.7500000000000002,8,gaussian,"(-0.1, 0.1)",15,0.12862105652266953,0.375,157
[3],0.08,0.0,0.0,0.0,0.9000000000000001,sigmoid,sgd,0.7500000000000002,10,gaussian,"(-0.1, 0.1)",15,0.12235137698061353,0.4166666666666667,158
[3],0.07,0.0,0.0,0.0,0.75,sigmoid,sgd,0.9500000000000004,8,gaussian,"(-0.5, 0.5)",15,0.12638337650164766,0.375,159
[3],0.09,0.0,0.0,0.2,0.8500000000000001,sigmoid,sgd,0.6000000000000001,10,gaussian,"(-0.1, 0.1)",15,0.12827130499523165,0.375,160
[4],0.09,0.0,0.0,0.15000000000000002,0.75,sigmoid,sgd,0.7500000000000002,8,gaussian,"(-0.1, 0.1)",15,0.12455561721819752,0.4583333333333333,161
[4],0.08,0.0,0.0,0.15000000000000002,0.7,sigmoid,sgd,0.9000000000000004,8,gaussian,"(-0.1, 0.1)",15,0.12585567929565053,0.375,162
[4],0.09,0.0,0.0,0.0,0.8,sigmoid,sgd,0.7000000000000002,8,gaussian,"(-0.5, 0.5)",15,0.12482087689936681,0.4166666666666667,163
[3],0.07,0.0,0.0,0.05,0.8,sigmoid,sgd,0.8500000000000003,8,gaussian,"(-0.1, 0.1)",15,0.128434615295135,0.375,165
[3],0.09,0.0,0.0,0.05,0.75,sigmoid,sgd,0.6500000000000001,10,gaussian,"(-0.1, 0.1)",15,0.12823413951190846,0.375,166
[4],0.08,0.0,0.0,0.15000000000000002,0.9000000000000001,sigmoid,sgd,0.7000000000000002,8,gaussian,"(-0.5, 0.5)",15,0.10266716670622424,0.8333333333333334,167
[4],0.07,0.0,0.0,0.25,0.7,sigmoid,sgd,0.9500000000000004,8,gaussian,"(-0.5, 0.5)",15,0.12767058784674581,0.3333333333333333,168
[4],0.07,0.0,0.0,0.15000000000000002,0.9000000000000001,sigmoid,sgd,0.8000000000000003,8,gaussian,"(-0.1, 0.1)",15,0.10880200253529804,0.9166666666666666,169
[4],0.09,0.0,0.0,0.2,0.8,sigmoid,sgd,0.9000000000000004,8,gaussian,"(-0.1, 0.1)",15,0.124640014595968,0.4583333333333333,170
[3],0.09,0.0,0.0,0.0,0.8,sigmoid,sgd,0.6500000000000001,8,gaussian,"(-0.1, 0.1)",15,0.1237488758194889,0.375,172
[4],0.07,0.0,0.0,0.0,0.8,sigmoid,sgd,0.55,10,gaussian,"(-0.1, 0.1)",15,0.12459298919645884,0.4583333333333333,174
[3],0.09,0.0,0.0,0.2,0.75,sigmoid,sgd,0.6000000000000001,10,gaussian,"(-0.5, 0.5)",15,0.12688410955424656,0.375,175
[4],0.08,0.0,0.0,0.1,0.8,sigmoid,sgd,0.8500000000000003,10,gaussian,"(-0.1, 0.1)",15,0.1256853537071185,0.375,176
[4],0.09,0.0,0.0,0.15000000000000002,0.7,sigmoid,sgd,0.7000000000000002,8,gaussian,"(-0.5, 0.5)",15,0.1270839404845325,0.375,177
[4],0.09,0.0,0.0,0.1,0.7,sigmoid,sgd,0.55,10,gaussian,"(-0.5, 0.5)",15,0.12753999780247618,0.3333333333333333,178
[3],0.08,0.0,0.0,0.15000000000000002,0.9000000000000001,sigmoid,sgd,0.5,8,gaussian,"(-0.5, 0.5)",15,0.11668880860461624,0.625,179
[3],0.09,0.0,0.0,0.05,0.7,sigmoid,sgd,0.8500000000000003,10,gaussian,"(-0.5, 0.5)",15,0.12693029917096865,0.375,180
[3],0.08,0.0,0.0,0.25,0.7,sigmoid,sgd,0.55,8,gaussian,"(-0.1, 0.1)",15,0.1280656516920969,0.375,182
[3],0.08,0.0,0.0,0.15000000000000002,0.8500000000000001,sigmoid,sgd,0.55,10,gaussian,"(-0.5, 0.5)",15,0.12633639884874068,0.4583333333333333,184
[4],0.08,0.0,0.0,0.1,0.9000000000000001,sigmoid,sgd,0.8500000000000003,10,gaussian,"(-0.5, 0.5)",15,0.12199212832192845,0.5416666666666666,186
[3],0.07,0.0,0.0,0.25,0.7,sigmoid,sgd,0.9500000000000004,10,gaussian,"(-0.5, 0.5)",15,0.12671407492086376,0.375,187
[3],0.09,0.0,0.0,0.15000000000000002,0.7,sigmoid,sgd,0.9500000000000004,8,gaussian,"(-0.5, 0.5)",15,0.12726528513342591,0.375,188
[3],0.07,0.0,0.0,0.2,0.9000000000000001,sigmoid,sgd,0.9000000000000004,8,gaussian,"(-0.1, 0.1)",15,0.12853704133160218,0.375,189
[3],0.08,0.0,0.0,0.2,0.8,sigmoid,sgd,0.8000000000000003,8,gaussian,"(-0.5, 0.5)",15,0.12687046818903205,0.375,190
[3],0.07,0.0,0.0,0.2,0.8,sigmoid,sgd,0.6500000000000001,10,gaussian,"(-0.1, 0.1)",15,0.1283556504008794,0.375,191
[3],0.08,0.0,0.0,0.2,0.8500000000000001,sigmoid,sgd,0.6000000000000001,8,gaussian,"(-0.1, 0.1)",15,0.1275952127253004,0.375,192
[3],0.09,0.0,0.0,0.15000000000000002,0.9000000000000001,sigmoid,sgd,0.7000000000000002,8,gaussian,"(-0.1, 0.1)",15,0.10015712124503855,0.7916666666666666,193
[3],0.09,0.0,0.0,0.05,0.8,sigmoid,sgd,0.7000000000000002,8,gaussian,"(-0.1, 0.1)",15,0.12769865781225975,0.375,194
[3],0.07,0.0,0.0,0.25,0.8,sigmoid,sgd,0.6000000000000001,10,gaussian,"(-0.5, 0.5)",15,0.12666818953332176,0.375,195
[3],0.08,0.0,0.0,0.05,0.8,sigmoid,sgd,0.8500000000000003,8,gaussian,"(-0.5, 0.5)",15,0.12692738293721598,0.375,197
[3],0.08,0.0,0.0,0.0,0.8500000000000001,sigmoid,sgd,0.6500000000000001,10,gaussian,"(-0.5, 0.5)",15,0.12624874666096195,0.4583333333333333,198
[3],0.08,0.0,0.0,0.05,0.75,sigmoid,sgd,0.55,10,gaussian,"(-0.5, 0.5)",15,0.12687112037527884,0.375,199
[4],0.07,0.0,0.0,0.25,0.9000000000000001,sigmoid,sgd,0.8000000000000003,8,gaussian,"(-0.1, 0.1)",15,0.12316812119809661,0.5416666666666666,200
[3],0.07,0.0,0.0,0.05,0.7,sigmoid,sgd,0.55,10,gaussian,"(-0.1, 0.1)",15,0.13032915619746485,0.375,1
[3],0.08,0.0,0.0,0.2,0.8500000000000001,sigmoid,sgd,0.6000000000000001,8,gaussian,"(-0.5, 0.5)",15,0.12720592740172526,0.4166666666666667,2
[3],0.07,0.0,0.0,0.0,0.7,sigmoid,sgd,0.5,8,gaussian,"(-0.1, 0.1)",15,0.13166197845504943,0.375,3
[4],0.08,0.0,0.0,0.05,0.8,sigmoid,sgd,0.8500000000000003,8,gaussian,"(-0.1, 0.1)",15,0.12866745874619478,0.375,4
[3],0.08,0.0,0.0,0.1,0.7,sigmoid,sgd,0.5,8,gaussian,"(-0.5, 0.5)",15,0.12949596970197394,0.375,5
[4],0.09,0.0,0.0,0.05,0.8500000000000001,sigmoid,sgd,0.55,10,gaussian,"(-0.5, 0.5)",15,0.12385038544135983,0.375,6
[4],0.09,0.0,0.0,0.0,0.7,sigmoid,sgd,0.8000000000000003,10,gaussian,"(-0.1, 0.1)",15,0.13071182558690045,0.375,7
[3],0.09,0.0,0.0,0.15000000000000002,0.8,sigmoid,sgd,0.6000000000000001,10,gaussian,"(-0.5, 0.5)",15,0.1284741969546554,0.375,8
[4],0.08,0.0,0.0,0.15000000000000002,0.8500000000000001,sigmoid,sgd,0.8000000000000003,10,gaussian,"(-0.1, 0.1)",15,0.13033358351657584,0.375,9
[4],0.07,0.0,0.0,0.2,0.8500000000000001,sigmoid,sgd,0.5,8,gaussian,"(-0.5, 0.5)",15,0.12272358024731839,0.375,10
[4],0.07,0.0,0.0,0.0,0.7,sigmoid,sgd,0.8500000000000003,8,gaussian,"(-0.1, 0.1)",15,0.13072490391853933,0.375,11
[3],0.07,0.0,0.0,0.0,0.75,sigmoid,sgd,0.8000000000000003,10,gaussian,"(-0.1, 0.1)",15,0.13019902782042503,0.375,12
[3],0.08,0.0,0.0,0.2,0.75,sigmoid,sgd,0.55,8,gaussian,"(-0.1, 0.1)",15,0.13069575371105727,0.375,13
[4],0.07,0.0,0.0,0.05,0.8500000000000001,sigmoid,sgd,0.7500000000000002,10,gaussian,"(-0.5, 0.5)",15,0.1269981166919301,0.375,14
[3],0.08,0.0,0.0,0.05,0.8,sigmoid,sgd,0.8000000000000003,8,gaussian,"(-0.5, 0.5)",15,0.12881908351782145,0.375,16
[3],0.09,0.0,0.0,0.2,0.9000000000000001,sigmoid,sgd,0.8000000000000003,10,gaussian,"(-0.1, 0.1)",15,0.13094273658054414,0.375,17
[4],0.09,0.0,0.0,0.15000000000000002,0.75,sigmoid,sgd,0.7500000000000002,10,gaussian,"(-0.1, 0.1)",15,0.1307527873744928,0.375,18
[4],0.07,0.0,0.0,0.2,0.7,sigmoid,sgd,0.6500000000000001,8,gaussian,"(-0.1, 0.1)",15,0.13034066757968196,0.375,19
[4],0.07,0.0,0.0,0.2,0.9000000000000001,sigmoid,sgd,0.7500000000000002,8,gaussian,"(-0.1, 0.1)",15,0.11960596868024322,0.375,20
[4],0.08,0.0,0.0,0.15000000000000002,0.9000000000000001,sigmoid,sgd,0.6000000000000001,8,gaussian,"(-0.5, 0.5)",15,0.11169475902421278,0.375,21
[3],0.09,0.0,0.0,0.05,0.7,sigmoid,sgd,0.6000000000000001,8,gaussian,"(-0.1, 0.1)",15,0.13131455659339678,0.375,22
[3],0.09,0.0,0.0,0.05,0.75,sigmoid,sgd,0.6000000000000001,10,gaussian,"(-0.5, 0.5)",15,0.12886351465374357,0.375,23
[3],0.08,0.0,0.0,0.2,0.7,sigmoid,sgd,0.6000000000000001,10,gaussian,"(-0.1, 0.1)",15,0.12998134315654772,0.375,25
[4],0.09,0.0,0.0,0.1,0.8,sigmoid,sgd,0.7000000000000002,10,gaussian,"(-0.5, 0.5)",15,0.127295062046711,0.375,26
[3],0.07,0.0,0.0,0.2,0.8500000000000001,sigmoid,sgd,0.8000000000000003,8,gaussian,"(-0.5, 0.5)",15,0.1280449515342694,0.375,27
[4],0.08,0.0,0.0,0.0,0.8500000000000001,sigmoid,sgd,0.6500000000000001,8,gaussian,"(-0.1, 0.1)",15,0.11947107807286732,0.375,28
[4],0.08,0.0,0.0,0.05,0.9000000000000001,sigmoid,sgd,0.8500000000000003,8,gaussian,"(-0.5, 0.5)",15,0.1181279582811855,0.375,29
[4],0.09,0.0,0.0,0.2,0.8500000000000001,sigmoid,sgd,0.8000000000000003,10,gaussian,"(-0.5, 0.5)",15,0.12630531310506285,0.375,30
[4],0.07,0.0,0.0,0.1,0.8,sigmoid,sgd,0.7000000000000002,10,gaussian,"(-0.1, 0.1)",15,0.13069925601488933,0.375,31
[4],0.07,0.0,0.0,0.25,0.75,sigmoid,sgd,0.7500000000000002,10,gaussian,"(-0.1, 0.1)",15,0.13089551338910208,0.375,32
[3],0.07,0.0,0.0,0.0,0.8500000000000001,sigmoid,sgd,0.6000000000000001,8,gaussian,"(-0.5, 0.5)",15,0.12809347862895884,0.375,33
[3],0.08,0.0,0.0,0.25,0.8500000000000001,sigmoid,sgd,0.5,8,gaussian,"(-0.5, 0.5)",15,0.12634808401768105,0.4583333333333333,34
[4],0.07,0.0,0.0,0.05,0.8,sigmoid,sgd,0.8000000000000003,10,gaussian,"(-0.1, 0.1)",15,0.13057407103068255,0.375,35
[3],0.07,0.0,0.0,0.25,0.9000000000000001,sigmoid,sgd,0.6000000000000001,10,gaussian,"(-0.5, 0.5)",15,0.1264124053025547,0.4166666666666667,36
[4],0.07,0.0,0.0,0.25,0.8500000000000001,sigmoid,sgd,0.8500000000000003,8,gaussian,"(-0.1, 0.1)",15,0.129555373137106,0.375,37
[3],0.08,0.0,0.0,0.25,0.9000000000000001,sigmoid,sgd,0.6500000000000001,8,gaussian,"(-0.5, 0.5)",15,0.12251548239307658,0.5,38
[4],0.07,0.0,0.0,0.1,0.8,sigmoid,sgd,0.8000000000000003,10,gaussian,"(-0.5, 0.5)",15,0.12785828103499822,0.375,39
[4],0.07,0.0,0.0,0.05,0.8500000000000001,sigmoid,sgd,0.9000000000000004,10,gaussian,"(-0.5, 0.5)",15,0.12724107183504552,0.375,40
[4],0.09,0.0,0.0,0.1,0.9000000000000001,sigmoid,sgd,0.5,10,gaussian,"(-0.5, 0.5)",15,0.11253522462183758,0.375,41
[3],0.09,0.0,0.0,0.15000000000000002,0.9000000000000001,sigmoid,sgd,0.6500000000000001,10,gaussian,"(-0.1, 0.1)",15,0.12301787342138104,0.375,42
[4],0.08,0.0,0.0,0.15000000000000002,0.75,sigmoid,sgd,0.5,8,gaussian,"(-0.5, 0.5)",15,0.12681988967901772,0.375,44
[4],0.07,0.0,0.0,0.2,0.8500000000000001,sigmoid,sgd,0.5,10,gaussian,"(-0.5, 0.5)",15,0.1259948692821985,0.375,45
[3],0.08,0.0,0.0,0.1,0.9000000000000001,sigmoid,sgd,0.6000000000000001,8,gaussian,"(-0.5, 0.5)",15,0.12253336410150938,0.5,46
[3],0.08,0.0,0.0,0.05,0.7,sigmoid,sgd,0.9500000000000004,8,gaussian,"(-0.1, 0.1)",15,0.13073601487419453,0.375,47
[4],0.07,0.0,0.0,0.25,0.75,sigmoid,sgd,0.6500000000000001,10,gaussian,"(-0.1, 0.1)",15,0.13088910357288816,0.375,48
[4],0.08,0.0,0.0,0.25,0.7,sigmoid,sgd,0.9500000000000004,8,gaussian,"(-0.5, 0.5)",15,0.128102896180287,0.375,49
[3],0.07,0.0,0.0,0.05,0.8,sigmoid,sgd,0.8500000000000003,10,gaussian,"(-0.5, 0.5)",15,0.12823845059870823,0.375,50
[3],0.08,0.0,0.0,0.0,0.8500000000000001,sigmoid,sgd,0.8000000000000003,10,gaussian,"(-0.5, 0.5)",15,0.12786428182040283,0.375,51
[3],0.07,0.0,0.0,0.1,0.7,sigmoid,sgd,0.7500000000000002,10,gaussian,"(-0.1, 0.1)",15,0.1299673400218819,0.375,52
[4],0.07,0.0,0.0,0.05,0.9000000000000001,sigmoid,sgd,0.7500000000000002,8,gaussian,"(-0.1, 0.1)",15,0.1077199804023876,0.5416666666666666,53
[4],0.07,0.0,0.0,0.05,0.7,sigmoid,sgd,0.6500000000000001,8,gaussian,"(-0.5, 0.5)",15,0.12813560954653425,0.375,54
[4],0.09,0.0,0.0,0.15000000000000002,0.8500000000000001,sigmoid,sgd,0.6500000000000001,10,gaussian,"(-0.1, 0.1)",15,0.12786344421339454,0.375,55
[4],0.08,0.0,0.0,0.0,0.7,sigmoid,sgd,0.7500000000000002,8,gaussian,"(-0.1, 0.1)",15,0.13064179991967487,0.375,58
[3],0.09,0.0,0.0,0.0,0.8500000000000001,sigmoid,sgd,0.9000000000000004,10,gaussian,"(-0.5, 0.5)",15,0.12786021935156902,0.375,60
[4],0.08,0.0,0.0,0.1,0.75,sigmoid,sgd,0.5,10,gaussian,"(-0.1, 0.1)",15,0.13007272392952188,0.375,61
[3],0.08,0.0,0.0,0.05,0.9000000000000001,sigmoid,sgd,0.7000000000000002,8,gaussian,"(-0.5, 0.5)",15,0.12457956086784057,0.5,62
[4],0.07,0.0,0.0,0.15000000000000002,0.7,sigmoid,sgd,0.8500000000000003,8,gaussian,"(-0.5, 0.5)",15,0.12819551393194217,0.375,63
[4],0.08,0.0,0.0,0.1,0.8500000000000001,sigmoid,sgd,0.8000000000000003,10,gaussian,"(-0.5, 0.5)",15,0.12676073069122562,0.375,64
[3],0.08,0.0,0.0,0.2,0.7,sigmoid,sgd,0.6000000000000001,8,gaussian,"(-0.5, 0.5)",15,0.12937540844736942,0.375,65
[3],0.07,0.0,0.0,0.0,0.75,sigmoid,sgd,0.5,8,gaussian,"(-0.5, 0.5)",15,0.12958382661090367,0.375,66
[3],0.08,0.0,0.0,0.1,0.9000000000000001,sigmoid,sgd,0.9500000000000004,10,gaussian,"(-0.1, 0.1)",15,0.1308950243826433,0.375,67
[3],0.07,0.0,0.0,0.1,0.8,sigmoid,sgd,0.55,8,gaussian,"(-0.1, 0.1)",15,0.13154048748358552,0.375,69
[3],0.07,0.0,0.0,0.25,0.75,sigmoid,sgd,0.55,10,gaussian,"(-0.5, 0.5)",15,0.12864891432187545,0.375,70
[4],0.09,0.0,0.0,0.15000000000000002,0.75,sigmoid,sgd,0.8000000000000003,10,gaussian,"(-0.5, 0.5)",15,0.12808650359556736,0.375,71
[3],0.07,0.0,0.0,0.1,0.8500000000000001,sigmoid,sgd,0.8500000000000003,8,gaussian,"(-0.1, 0.1)",15,0.13150466963653176,0.375,72
[3],0.08,0.0,0.0,0.05,0.8,sigmoid,sgd,0.7000000000000002,8,gaussian,"(-0.5, 0.5)",15,0.12879587029494505,0.375,73
[4],0.07,0.0,0.0,0.05,0.8500000000000001,sigmoid,sgd,0.7000000000000002,10,gaussian,"(-0.1, 0.1)",15,0.12926517826550657,0.375,74
[3],0.09,0.0,0.0,0.0,0.75,sigmoid,sgd,0.5,10,gaussian,"(-0.1, 0.1)",15,0.1304952718925686,0.375,76
[3],0.08,0.0,0.0,0.05,0.9000000000000001,sigmoid,sgd,0.6500000000000001,10,gaussian,"(-0.1, 0.1)",15,0.12985573023387834,0.375,77
[3],0.07,0.0,0.0,0.1,0.8,sigmoid,sgd,0.9000000000000004,10,gaussian,"(-0.1, 0.1)",15,0.13024558133220981,0.375,78
[3],0.08,0.0,0.0,0.25,0.7,sigmoid,sgd,0.6000000000000001,8,gaussian,"(-0.5, 0.5)",15,0.12938303494127681,0.375,79
[4],0.07,0.0,0.0,0.05,0.8,sigmoid,sgd,0.8500000000000003,8,gaussian,"(-0.1, 0.1)",15,0.12961230010500568,0.375,80
[4],0.08,0.0,0.0,0.25,0.8,sigmoid,sgd,0.8500000000000003,8,gaussian,"(-0.5, 0.5)",15,0.12700668142789126,0.375,82
[4],0.09,0.0,0.0,0.25,0.9000000000000001,sigmoid,sgd,0.6000000000000001,10,gaussian,"(-0.1, 0.1)",15,0.11864759723214147,0.375,83
[4],0.08,0.0,0.0,0.0,0.75,sigmoid,sgd,0.6500000000000001,10,gaussian,"(-0.5, 0.5)",15,0.1281756700925938,0.375,84
[4],0.09,0.0,0.0,0.05,0.8,sigmoid,sgd,0.7000000000000002,10,gaussian,"(-0.1, 0.1)",15,0.12915391205412108,0.375,85
[4],0.09,0.0,0.0,0.0,0.8500000000000001,sigmoid,sgd,0.5,10,gaussian,"(-0.5, 0.5)",15,0.12293265269960381,0.375,86
[3],0.07,0.0,0.0,0.1,0.9000000000000001,sigmoid,sgd,0.5,10,gaussian,"(-0.1, 0.1)",15,0.12826548677075653,0.375,88
[3],0.08,0.0,0.0,0.05,0.8,sigmoid,sgd,0.6000000000000001,8,gaussian,"(-0.1, 0.1)",15,0.13160173337581393,0.375,89
[4],0.07,0.0,0.0,0.0,0.8500000000000001,sigmoid,sgd,0.8000000000000003,8,gaussian,"(-0.5, 0.5)",15,0.12608656819311115,0.375,90
[4],0.07,0.0,0.0,0.2,0.8500000000000001,sigmoid,sgd,0.6000000000000001,10,gaussian,"(-0.5, 0.5)",15,0.12661113090332837,0.375,91
[4],0.07,0.0,0.0,0.1,0.9000000000000001,sigmoid,sgd,0.55,8,gaussian,"(-0.5, 0.5)",15,0.11349881395493437,0.375,92
[4],0.08,0.0,0.0,0.1,0.8500000000000001,sigmoid,sgd,0.5,8,gaussian,"(-0.1, 0.1)",15,0.1126496420544308,0.375,93
[3],0.09,0.0,0.0,0.1,0.75,sigmoid,sgd,0.8000000000000003,8,gaussian,"(-0.1, 0.1)",15,0.13126317958502243,0.375,94
[4],0.09,0.0,0.0,0.15000000000000002,0.7,sigmoid,sgd,0.7500000000000002,8,gaussian,"(-0.5, 0.5)",15,0.12791364643581318,0.375,95
[4],0.07,0.0,0.0,0.0,0.9000000000000001,sigmoid,sgd,0.6000000000000001,8,gaussian,"(-0.5, 0.5)",15,0.11632420458807342,0.375,96
[4],0.09,0.0,0.0,0.0,0.8500000000000001,sigmoid,sgd,0.6000000000000001,8,gaussian,"(-0.1, 0.1)",15,0.10744400392838681,0.5833333333333334,97
[3],0.07,0.0,0.0,0.15000000000000002,0.7,sigmoid,sgd,0.7000000000000002,10,gaussian,"(-0.1, 0.1)",15,0.12999286484271125,0.375,98
[3],0.09,0.0,0.0,0.1,0.9000000000000001,sigmoid,sgd,0.5,8,gaussian,"(-0.1, 0.1)",15,0.07771021284538919,0.875,99
[3],0.09,0.0,0.0,0.25,0.9000000000000001,sigmoid,sgd,0.7000000000000002,8,gaussian,"(-0.5, 0.5)",15,0.1205144725318757,0.5,100
[4],0.08,0.0,0.0,0.15000000000000002,0.7,sigmoid,sgd,0.5,10,gaussian,"(-0.1, 0.1)",15,0.13060361974274123,0.375,101
[3],0.07,0.0,0.0,0.1,0.9000000000000001,sigmoid,sgd,0.6000000000000001,8,gaussian,"(-0.5, 0.5)",15,0.1250282742932348,0.5,103
[4],0.09,0.0,0.0,0.05,0.8,sigmoid,sgd,0.8000000000000003,10,gaussian,"(-0.5, 0.5)",15,0.12745713515661294,0.375,104
[3],0.08,0.0,0.0,0.25,0.8500000000000001,sigmoid,sgd,0.6000000000000001,10,gaussian,"(-0.1, 0.1)",15,0.1304516159038342,0.375,106
[3],0.09,0.0,0.0,0.1,0.7,sigmoid,sgd,0.9500000000000004,8,gaussian,"(-0.5, 0.5)",15,0.1293885622405833,0.375,107
[3],0.09,0.0,0.0,0.15000000000000002,0.8500000000000001,sigmoid,sgd,0.8500000000000003,10,gaussian,"(-0.1, 0.1)",15,0.1309261561112358,0.375,108
[4],0.08,0.0,0.0,0.2,0.9000000000000001,sigmoid,sgd,0.6500000000000001,8,gaussian,"(-0.5, 0.5)",15,0.11358025532181082,0.375,110
[4],0.09,0.0,0.0,0.2,0.75,sigmoid,sgd,0.55,8,gaussian,"(-0.5, 0.5)",15,0.12653480586272023,0.375,111
[3],0.07,0.0,0.0,0.15000000000000002,0.75,sigmoid,sgd,0.7000000000000002,10,gaussian,"(-0.5, 0.5)",15,0.12853579052845637,0.375,112
[3],0.07,0.0,0.0,0.1,0.7,sigmoid,sgd,0.9000000000000004,8,gaussian,"(-0.5, 0.5)",15,0.12910465177193012,0.375,113
[3],0.07,0.0,0.0,0.1,0.8500000000000001,sigmoid,sgd,0.6000000000000001,8,gaussian,"(-0.1, 0.1)",15,0.13136498345421102,0.375,114
[4],0.09,0.0,0.0,0.05,0.7,sigmoid,sgd,0.6500000000000001,10,gaussian,"(-0.1, 0.1)",15,0.130391081415327,0.375,118
[3],0.07,0.0,0.0,0.0,0.9000000000000001,sigmoid,sgd,0.5,8,gaussian,"(-0.1, 0.1)",15,0.10562980202332668,0.75,119
[3],0.07,0.0,0.0,0.15000000000000002,0.75,sigmoid,sgd,0.9500000000000004,8,gaussian,"(-0.1, 0.1)",15,0.1305427757352607,0.375,120
[4],0.08,0.0,0.0,0.25,0.7,sigmoid,sgd,0.8500000000000003,10,gaussian,"(-0.5, 0.5)",15,0.12848660334565423,0.375,121
[4],0.08,0.0,0.0,0.2,0.8,sigmoid,sgd,0.5,10,gaussian,"(-0.5, 0.5)",15,0.12700916754173172,0.375,122
[4],0.07,0.0,0.0,0.05,0.75,sigmoid,sgd,0.7500000000000002,8,gaussian,"(-0.1, 0.1)",15,0.1300072508355546,0.375,123
[4],0.09,0.0,0.0,0.15000000000000002,0.7,sigmoid,sgd,0.7000000000000002,10,gaussian,"(-0.1, 0.1)",15,0.13077025892406327,0.375,124
[3],0.08,0.0,0.0,0.2,0.8500000000000001,sigmoid,sgd,0.8500000000000003,8,gaussian,"(-0.1, 0.1)",15,0.13102876775562422,0.375,125
[4],0.07,0.0,0.0,0.25,0.8500000000000001,sigmoid,sgd,0.5,10,gaussian,"(-0.1, 0.1)",15,0.12912979919041737,0.375,126
[3],0.08,0.0,0.0,0.25,0.9000000000000001,sigmoid,sgd,0.9000000000000004,10,gaussian,"(-0.5, 0.5)",15,0.12688080439946184,0.375,127
[4],0.09,0.0,0.0,0.25,0.9000000000000001,sigmoid,sgd,0.6500000000000001,8,gaussian,"(-0.5, 0.5)",15,0.1108150848413552,0.375,128
[4],0.09,0.0,0.0,0.2,0.7,sigmoid,sgd,0.6000000000000001,10,gaussian,"(-0.1, 0.1)",15,0.13049941125285808,0.375,130
[4],0.07,0.0,0.0,0.15000000000000002,0.7,sigmoid,sgd,0.5,8,gaussian,"(-0.5, 0.5)",15,0.12799986543951203,0.375,131
[3],0.08,0.0,0.0,0.05,0.8,sigmoid,sgd,0.6500000000000001,8,gaussian,"(-0.1, 0.1)",15,0.13159947426334426,0.375,132
[4],0.07,0.0,0.0,0.25,0.8,sigmoid,sgd,0.55,10,gaussian,"(-0.1, 0.1)",15,0.13062950311691293,0.375,134
[3],0.07,0.0,0.0,0.1,0.9000000000000001,sigmoid,sgd,0.7000000000000002,8,gaussian,"(-0.5, 0.5)",15,0.12612418135330908,0.4583333333333333,135
[4],0.08,0.0,0.0,0.15000000000000002,0.8,sigmoid,sgd,0.7500000000000002,8,gaussian,"(-0.1, 0.1)",15,0.12902845238833063,0.375,136
[3],0.07,0.0,0.0,0.05,0.9000000000000001,sigmoid,sgd,0.9000000000000004,10,gaussian,"(-0.5, 0.5)",15,0.12720339316737797,0.375,138
[3],0.09,0.0,0.0,0.1,0.75,sigmoid,sgd,0.8500000000000003,10,gaussian,"(-0.1, 0.1)",15,0.13048686501841375,0.375,139
[4],0.09,0.0,0.0,0.15000000000000002,0.8,sigmoid,sgd,0.8500000000000003,8,gaussian,"(-0.5, 0.5)",15,0.1265635129348183,0.375,140
[3],0.09,0.0,0.0,0.05,0.9000000000000001,sigmoid,sgd,0.7000000000000002,10,gaussian,"(-0.1, 0.1)",15,0.1288686120002664,0.375,141
[4],0.08,0.0,0.0,0.2,0.8500000000000001,sigmoid,sgd,0.5,8,gaussian,"(-0.1, 0.1)",15,0.11525549102976936,0.375,143
[4],0.08,0.0,0.0,0.1,0.75,sigmoid,sgd,0.7500000000000002,10,gaussian,"(-0.1, 0.1)",15,0.130734164000915,0.375,144
[3],0.09,0.0,0.0,0.1,0.8500000000000001,sigmoid,sgd,0.8500000000000003,8,gaussian,"(-0.1, 0.1)",15,0.13095127079162447,0.375,145
[3],0.07,0.0,0.0,0.2,0.9000000000000001,sigmoid,sgd,0.8500000000000003,8,gaussian,"(-0.1, 0.1)",15,0.13115224399401834,0.375,146
[3],0.09,0.0,0.0,0.25,0.75,sigmoid,sgd,0.7500000000000002,10,gaussian,"(-0.1, 0.1)",15,0.12996218792020928,0.375,148
[4],0.08,0.0,0.0,0.15000000000000002,0.8500000000000001,sigmoid,sgd,0.9500000000000004,8,gaussian,"(-0.5, 0.5)",15,0.1258296883146511,0.375,149
[3],0.07,0.0,0.0,0.05,0.9000000000000001,sigmoid,sgd,0.5,10,gaussian,"(-0.5, 0.5)",15,0.1259681968111708,0.4583333333333333,150
[3],0.08,0.0,0.0,0.2,0.8500000000000001,sigmoid,sgd,0.55,8,gaussian,"(-0.5, 0.5)",15,0.1268402483404744,0.4583333333333333,151
[4],0.08,0.0,0.0,0.0,0.75,sigmoid,sgd,0.6500000000000001,8,gaussian,"(-0.1, 0.1)",15,0.12973726612783557,0.375,152
[4],0.08,0.0,0.0,0.15000000000000002,0.9000000000000001,sigmoid,sgd,0.55,10,gaussian,"(-0.1, 0.1)",15,0.12009904580482793,0.375,153
[3],0.07,0.0,0.0,0.05,0.9000000000000001,sigmoid,sgd,0.8500000000000003,8,gaussian,"(-0.1, 0.1)",15,0.13100760686800741,0.375,154
[4],0.08,0.0,0.0,0.05,0.75,sigmoid,sgd,0.55,10,gaussian,"(-0.1, 0.1)",15,0.12997002425997026,0.375,155
[3],0.08,0.0,0.0,0.25,0.8,sigmoid,sgd,0.9000000000000004,8,gaussian,"(-0.1, 0.1)",15,0.13041437630732589,0.375,156
[4],0.09,0.0,0.0,0.15000000000000002,0.8500000000000001,sigmoid,sgd,0.55,8,gaussian,"(-0.5, 0.5)",15,0.11722643826263958,0.375,157
[4],0.08,0.0,0.0,0.1,0.75,sigmoid,sgd,0.7500000000000002,8,gaussian,"(-0.5, 0.5)",15,0.12759561675019282,0.375,158
[3],0.08,0.0,0.0,0.15000000000000002,0.9000000000000001,sigmoid,sgd,0.7000000000000002,8,gaussian,"(-0.1, 0.1)",15,0.11805156930519689,0.375,159
[4],0.08,0.0,0.0,0.25,0.8,sigmoid,sgd,0.8000000000000003,10,gaussian,"(-0.5, 0.5)",15,0.127712800148277,0.375,160
[4],0.09,0.0,0.0,0.05,0.8,sigmoid,sgd,0.6500000000000001,8,gaussian,"(-0.1, 0.1)",15,0.12280527626724613,0.375,161
[4],0.07,0.0,0.0,0.2,0.9000000000000001,sigmoid,sgd,0.7500000000000002,10,gaussian,"(-0.1, 0.1)",15,0.12807367176338902,0.375,162
[3],0.08,0.0,0.0,0.2,0.75,sigmoid,sgd,0.6000000000000001,10,gaussian,"(-0.5, 0.5)",15,0.12871205365423916,0.375,163
[3],0.09,0.0,0.0,0.25,0.75,sigmoid,sgd,0.9000000000000004,10,gaussian,"(-0.1, 0.1)",15,0.12980750642849512,0.375,164
[3],0.08,0.0,0.0,0.1,0.7,sigmoid,sgd,0.55,10,gaussian,"(-0.1, 0.1)",15,0.13054585716896627,0.375,165
[4],0.07,0.0,0.0,0.0,0.7,sigmoid,sgd,0.55,10,gaussian,"(-0.5, 0.5)",15,0.1285701963248617,0.375,166
[4],0.08,0.0,0.0,0.2,0.7,sigmoid,sgd,0.55,10,gaussian,"(-0.5, 0.5)",15,0.1283996568247249,0.375,167
[4],0.09,0.0,0.0,0.0,0.8,sigmoid,sgd,0.9000000000000004,8,gaussian,"(-0.5, 0.5)",15,0.1267763159341374,0.375,170
[3],0.07,0.0,0.0,0.05,0.8500000000000001,sigmoid,sgd,0.7000000000000002,10,gaussian,"(-0.5, 0.5)",15,0.12795525548837547,0.375,171
[3],0.07,0.0,0.0,0.1,0.9000000000000001,sigmoid,sgd,0.9000000000000004,10,gaussian,"(-0.5, 0.5)",15,0.12722073156703184,0.375,172
[3],0.08,0.0,0.0,0.15000000000000002,0.8500000000000001,sigmoid,sgd,0.8000000000000003,8,gaussian,"(-0.1, 0.1)",15,0.1309756554160755,0.375,173
[3],0.07,0.0,0.0,0.05,0.8500000000000001,sigmoid,sgd,0.6000000000000001,10,gaussian,"(-0.5, 0.5)",15,0.1279435864726665,0.375,174
[4],0.07,0.0,0.0,0.1,0.7,sigmoid,sgd,0.9500000000000004,10,gaussian,"(-0.1, 0.1)",15,0.1305816592925799,0.375,175
[4],0.09,0.0,0.0,0.25,0.75,sigmoid,sgd,0.6500000000000001,10,gaussian,"(-0.1, 0.1)",15,0.1306546479421771,0.375,176
[4],0.07,0.0,0.0,0.1,0.8500000000000001,sigmoid,sgd,0.5,10,gaussian,"(-0.1, 0.1)",15,0.1276267823577473,0.375,177
[3],0.09,0.0,0.0,0.15000000000000002,0.8,sigmoid,sgd,0.55,10,gaussian,"(-0.5, 0.5)",15,0.12844764420930146,0.375,178
[3],0.07,0.0,0.0,0.1,0.8,sigmoid,sgd,0.7000000000000002,8,gaussian,"(-0.1, 0.1)",15,0.13133418033009825,0.375,179
[3],0.09,0.0,0.0,0.05,0.8,sigmoid,sgd,0.9000000000000004,10,gaussian,"(-0.5, 0.5)",15,0.12844403710196783,0.375,180
[4],0.07,0.0,0.0,0.05,0.7,sigmoid,sgd,0.6000000000000001,8,gaussian,"(-0.1, 0.1)",15,0.13000355556021062,0.375,181
[4],0.07,0.0,0.0,0.0,0.75,sigmoid,sgd,0.7000000000000002,8,gaussian,"(-0.5, 0.5)",15,0.12785164072407587,0.375,182
[4],0.08,0.0,0.0,0.25,0.8500000000000001,sigmoid,sgd,0.9500000000000004,8,gaussian,"(-0.5, 0.5)",15,0.1258713572053458,0.375,183
[3],0.08,0.0,0.0,0.2,0.8500000000000001,sigmoid,sgd,0.7500000000000002,8,gaussian,"(-0.5, 0.5)",15,0.1277853494020815,0.375,184
[4],0.09,0.0,0.0,0.1,0.8500000000000001,sigmoid,sgd,0.6000000000000001,8,gaussian,"(-0.5, 0.5)",15,0.11902817585220456,0.375,185
[4],0.09,0.0,0.0,0.15000000000000002,0.8500000000000001,sigmoid,sgd,0.9500000000000004,8,gaussian,"(-0.5, 0.5)",15,0.1249467210603427,0.375,187
[3],0.08,0.0,0.0,0.0,0.7,sigmoid,sgd,0.9000000000000004,10,gaussian,"(-0.1, 0.1)",15,0.1301199365259311,0.375,189
[4],0.09,0.0,0.0,0.1,0.75,sigmoid,sgd,0.5,8,gaussian,"(-0.1, 0.1)",15,0.12562869949260302,0.375,190
[4],0.07,0.0,0.0,0.05,0.8500000000000001,sigmoid,sgd,0.6000000000000001,8,gaussian,"(-0.5, 0.5)",15,0.12430009536823274,0.375,191
[4],0.07,0.0,0.0,0.1,0.8500000000000001,sigmoid,sgd,0.55,8,gaussian,"(-0.1, 0.1)",15,0.12230273515727634,0.375,192
[4],0.09,0.0,0.0,0.25,0.7,sigmoid,sgd,0.8500000000000003,8,gaussian,"(-0.5, 0.5)",15,0.1279725607083024,0.375,193
[3],0.09,0.0,0.0,0.25,0.75,sigmoid,sgd,0.6000000000000001,10,gaussian,"(-0.5, 0.5)",15,0.1287926948037479,0.375,194
[4],0.07,0.0,0.0,0.05,0.8,sigmoid,sgd,0.8500000000000003,10,gaussian,"(-0.5, 0.5)",15,0.12786757097226395,0.375,195
[4],0.09,0.0,0.0,0.1,0.8,sigmoid,sgd,0.6000000000000001,8,gaussian,"(-0.5, 0.5)",15,0.12488607526929774,0.375,196
[4],0.07,0.0,0.0,0.1,0.9000000000000001,sigmoid,sgd,0.6500000000000001,10,gaussian,"(-0.1, 0.1)",15,0.12518519828877836,0.375,197
[3],0.09,0.0,0.0,0.25,0.75,sigmoid,sgd,0.7500000000000002,10,gaussian,"(-0.5, 0.5)",15,0.12871415027128238,0.375,198
[3],0.09,0.0,0.0,0.1,0.7,sigmoid,sgd,0.7500000000000002,8,gaussian,"(-0.5, 0.5)",15,0.12949697740219798,0.375,199
[4],0.07,0.0,0.0,0.15000000000000002,0.9000000000000001,sigmoid,sgd,0.9500000000000004,10,gaussian,"(-0.5, 0.5)",15,0.12579566791271282,0.375,200
[3],0.1,0.0,0.0,0.1,0.6500000000000001,sigmoid,sgd,0.9500000000000004,4,gaussian,"(-0.1, 0.1)",15,0.12456000311207487,0.44,1
[3],0.12000000000000001,0.0,0.0,0.05,0.9000000000000004,sigmoid,sgd,0.8500000000000003,6,gaussian,"(-0.1, 0.1)",15,0.04284233190602915,0.92,2
[3],0.16000000000000003,0.0,0.0,0.1,0.7000000000000002,sigmoid,sgd,0.55,4,gaussian,"(-0.5, 0.5)",15,0.0775848563129915,0.8,3
[4],0.18000000000000002,0.0,0.0,0.1,0.5,sigmoid,sgd,0.9000000000000004,4,gaussian,"(-0.1, 0.1)",15,0.11060044911907772,0.76,4
[3],0.1,0.0,0.0,0.05,0.7000000000000002,sigmoid,sgd,0.7000000000000002,4,gaussian,"(-0.1, 0.1)",15,0.10800808649356802,0.76,5
[4],0.14,0.0,0.0,0.05,0.7000000000000002,sigmoid,sgd,0.8500000000000003,4,gaussian,"(-0.1, 0.1)",15,0.08297161111489826,0.92,6
[4],0.1,0.0,0.0,0.05,0.5,sigmoid,sgd,0.6500000000000001,6,gaussian,"(-0.1, 0.1)",15,0.12315773789544428,0.52,7
[4],0.16000000000000003,0.0,0.0,0.15000000000000002,0.6000000000000001,sigmoid,sgd,0.9500000000000004,4,gaussian,"(-0.5, 0.5)",15,0.11532822655194945,0.68,8
[3],0.12000000000000001,0.0,0.0,0.2,0.8500000000000003,sigmoid,sgd,0.6000000000000001,6,gaussian,"(-0.1, 0.1)",15,0.0908586630338134,0.84,9
[4],0.16000000000000003,0.0,0.0,0.2,0.8500000000000003,sigmoid,sgd,0.7500000000000002,2,gaussian,"(-0.5, 0.5)",15,0.04307895108948408,0.92,10
[3],0.16000000000000003,0.0,0.0,0.0,0.7000000000000002,sigmoid,sgd,0.6000000000000001,4,gaussian,"(-0.1, 0.1)",15,0.044178446877184537,0.92,11
[4],0.16000000000000003,0.0,0.0,0.0,0.55,sigmoid,sgd,0.6500000000000001,6,gaussian,"(-0.1, 0.1)",15,0.1156550621788536,0.52,12
[4],0.1,0.0,0.0,0.2,0.6000000000000001,sigmoid,sgd,0.9000000000000004,6,gaussian,"(-0.1, 0.1)",15,0.12344476896491736,0.52,13
[3],0.14,0.0,0.0,0.15000000000000002,0.7500000000000002,sigmoid,sgd,0.6500000000000001,2,gaussian,"(-0.1, 0.1)",15,0.031997315056201764,0.92,14
[3],0.18000000000000002,0.0,0.0,0.05,0.5,sigmoid,sgd,0.5,4,gaussian,"(-0.1, 0.1)",15,0.07106175882075497,0.92,15
[4],0.16000000000000003,0.0,0.0,0.05,0.9000000000000004,sigmoid,sgd,0.8000000000000003,2,gaussian,"(-0.1, 0.1)",15,0.029985099023166154,0.92,16
[4],0.14,0.0,0.0,0.15000000000000002,0.8000000000000003,sigmoid,sgd,0.8000000000000003,6,gaussian,"(-0.1, 0.1)",15,0.08789426808790429,0.92,17
[3],0.12000000000000001,0.0,0.0,0.05,0.9000000000000004,sigmoid,sgd,0.7000000000000002,4,gaussian,"(-0.1, 0.1)",15,0.033884443479868964,0.92,18
[4],0.18000000000000002,0.0,0.0,0.0,0.5,sigmoid,sgd,0.8000000000000003,4,gaussian,"(-0.1, 0.1)",15,0.10013667284136826,0.88,19
[4],0.1,0.0,0.0,0.05,0.8000000000000003,sigmoid,sgd,0.7000000000000002,4,gaussian,"(-0.1, 0.1)",15,0.06288624807488995,0.92,20
[3],0.14,0.0,0.0,0.05,0.5,sigmoid,sgd,0.9500000000000004,4,gaussian,"(-0.1, 0.1)",15,0.12254757186748437,0.68,21
[3],0.12000000000000001,0.0,0.0,0.0,0.9500000000000004,sigmoid,sgd,0.9500000000000004,2,gaussian,"(-0.1, 0.1)",15,0.03212721637158349,0.92,22
[4],0.18000000000000002,0.0,0.0,0.2,0.9000000000000004,sigmoid,sgd,0.6500000000000001,4,gaussian,"(-0.1, 0.1)",15,0.03466060315644921,0.92,23
[4],0.16000000000000003,0.0,0.0,0.1,0.55,sigmoid,sgd,0.9000000000000004,2,gaussian,"(-0.1, 0.1)",15,0.05932957627056209,0.92,24
[4],0.1,0.0,0.0,0.05,0.7500000000000002,sigmoid,sgd,0.9500000000000004,6,gaussian,"(-0.5, 0.5)",15,0.12346219181578132,0.56,25
[3],0.12000000000000001,0.0,0.0,0.1,0.55,sigmoid,sgd,0.9500000000000004,2,gaussian,"(-0.1, 0.1)",15,0.11057389722687132,0.72,26
[4],0.18000000000000002,0.0,0.0,0.15000000000000002,0.7000000000000002,sigmoid,sgd,0.5,2,gaussian,"(-0.1, 0.1)",15,0.030831726294932485,0.92,27
[4],0.12000000000000001,0.0,0.0,0.15000000000000002,0.9000000000000004,sigmoid,sgd,0.6000000000000001,6,gaussian,"(-0.5, 0.5)",15,0.06296713472812801,0.92,28
[3],0.16000000000000003,0.0,0.0,0.05,0.5,sigmoid,sgd,0.6500000000000001,6,gaussian,"(-0.1, 0.1)",15,0.1223523571208508,0.68,29
[4],0.18000000000000002,0.0,0.0,0.15000000000000002,0.9500000000000004,sigmoid,sgd,0.8000000000000003,2,gaussian,"(-0.5, 0.5)",15,0.03706889964510789,0.92,30
[4],0.12000000000000001,0.0,0.0,0.1,0.6000000000000001,sigmoid,sgd,0.6500000000000001,2,gaussian,"(-0.5, 0.5)",15,0.060105926127220946,0.92,31
[4],0.12000000000000001,0.0,0.0,0.05,0.5,sigmoid,sgd,0.55,4,gaussian,"(-0.5, 0.5)",15,0.11944671066657923,0.68,32
[4],0.1,0.0,0.0,0.0,0.7000000000000002,sigmoid,sgd,0.9500000000000004,4,gaussian,"(-0.5, 0.5)",15,0.12118305690199949,0.6,33
[4],0.18000000000000002,0.0,0.0,0.2,0.55,sigmoid,sgd,0.8000000000000003,2,gaussian,"(-0.5, 0.5)",15,0.05303131906488102,0.92,34
[4],0.1,0.0,0.0,0.1,0.9500000000000004,sigmoid,sgd,0.8000000000000003,4,gaussian,"(-0.5, 0.5)",15,0.05158025931129459,0.92,35
[3],0.12000000000000001,0.0,0.0,0.15000000000000002,0.8000000000000003,sigmoid,sgd,0.7000000000000002,4,gaussian,"(-0.5, 0.5)",15,0.08677826490984746,0.8,36
[4],0.16000000000000003,0.0,0.0,0.15000000000000002,0.8500000000000003,sigmoid,sgd,0.7000000000000002,6,gaussian,"(-0.1, 0.1)",15,0.047982165108542106,0.92,37
[3],0.14,0.0,0.0,0.05,0.6500000000000001,sigmoid,sgd,0.8500000000000003,6,gaussian,"(-0.5, 0.5)",15,0.1236557027122605,0.56,38
[4],0.18000000000000002,0.0,0.0,0.05,0.8000000000000003,sigmoid,sgd,0.5,2,gaussian,"(-0.1, 0.1)",15,0.029695737752046328,0.92,39
[3],0.18000000000000002,0.0,0.0,0.15000000000000002,0.5,sigmoid,sgd,0.8500000000000003,6,gaussian,"(-0.5, 0.5)",15,0.12398477950468469,0.56,40
[4],0.18000000000000002,0.0,0.0,0.15000000000000002,0.6000000000000001,sigmoid,sgd,0.7000000000000002,6,gaussian,"(-0.1, 0.1)",15,0.10749439688580535,0.8,41
[4],0.16000000000000003,0.0,0.0,0.0,0.7000000000000002,sigmoid,sgd,0.9000000000000004,2,gaussian,"(-0.1, 0.1)",15,0.03612241095567177,0.92,42
[3],0.16000000000000003,0.0,0.0,0.05,0.6500000000000001,sigmoid,sgd,0.9000000000000004,4,gaussian,"(-0.1, 0.1)",15,0.0932792864731525,0.84,43
[3],0.16000000000000003,0.0,0.0,0.15000000000000002,0.9500000000000004,sigmoid,sgd,0.7500000000000002,4,gaussian,"(-0.5, 0.5)",15,0.030328566936128364,0.92,44
[3],0.16000000000000003,0.0,0.0,0.05,0.7000000000000002,sigmoid,sgd,0.7500000000000002,6,gaussian,"(-0.1, 0.1)",15,0.1055391529771145,0.8,45
[4],0.12000000000000001,0.0,0.0,0.2,0.9000000000000004,sigmoid,sgd,0.8000000000000003,2,gaussian,"(-0.1, 0.1)",15,0.032618591994874935,0.92,46
[3],0.14,0.0,0.0,0.15000000000000002,0.7500000000000002,sigmoid,sgd,0.8000000000000003,4,gaussian,"(-0.5, 0.5)",15,0.10444638096672673,0.6,47
[3],0.16000000000000003,0.0,0.0,0.0,0.9000000000000004,sigmoid,sgd,0.5,2,gaussian,"(-0.1, 0.1)",15,0.03186748892594329,0.92,48
[3],0.18000000000000002,0.0,0.0,0.05,0.6500000000000001,sigmoid,sgd,0.8500000000000003,6,gaussian,"(-0.5, 0.5)",15,0.1222930302890694,0.56,49
[3],0.18000000000000002,0.0,0.0,0.2,0.55,sigmoid,sgd,0.7000000000000002,6,gaussian,"(-0.5, 0.5)",15,0.1233940624258423,0.56,50
[3],0.1,0.0,0.0,0.2,0.6500000000000001,sigmoid,sgd,0.7500000000000002,6,gaussian,"(-0.5, 0.5)",15,0.12429909605570907,0.56,51
[3],0.18000000000000002,0.0,0.0,0.1,0.5,sigmoid,sgd,0.7500000000000002,6,gaussian,"(-0.1, 0.1)",15,0.12419338523903085,0.52,52
[4],0.12000000000000001,0.0,0.0,0.2,0.7000000000000002,sigmoid,sgd,0.7500000000000002,2,gaussian,"(-0.5, 0.5)",15,0.055470211150018024,0.92,53
[4],0.12000000000000001,0.0,0.0,0.15000000000000002,0.9500000000000004,sigmoid,sgd,0.7500000000000002,2,gaussian,"(-0.1, 0.1)",15,0.030143475580646017,0.92,54
[4],0.14,0.0,0.0,0.1,0.7000000000000002,sigmoid,sgd,0.6500000000000001,6,gaussian,"(-0.5, 0.5)",15,0.11605047303699412,0.6,55
[3],0.16000000000000003,0.0,0.0,0.15000000000000002,0.8500000000000003,sigmoid,sgd,0.8000000000000003,6,gaussian,"(-0.5, 0.5)",15,0.07646903703138201,0.84,56
[4],0.16000000000000003,0.0,0.0,0.2,0.9000000000000004,sigmoid,sgd,0.8500000000000003,4,gaussian,"(-0.5, 0.5)",15,0.05059693205870342,0.92,57
[3],0.1,0.0,0.0,0.05,0.7500000000000002,sigmoid,sgd,0.8500000000000003,4,gaussian,"(-0.1, 0.1)",15,0.1042644563102218,0.84,58
[3],0.14,0.0,0.0,0.05,0.7500000000000002,sigmoid,sgd,0.7000000000000002,2,gaussian,"(-0.5, 0.5)",15,0.03613921024588982,0.92,59
[3],0.16000000000000003,0.0,0.0,0.0,0.5,sigmoid,sgd,0.7500000000000002,2,gaussian,"(-0.5, 0.5)",15,0.0700308790018872,0.84,60
[4],0.1,0.0,0.0,0.0,0.8000000000000003,sigmoid,sgd,0.6000000000000001,6,gaussian,"(-0.1, 0.1)",15,0.09413810064487815,0.92,61
[3],0.1,0.0,0.0,0.2,0.8000000000000003,sigmoid,sgd,0.7000000000000002,6,gaussian,"(-0.5, 0.5)",15,0.1222931895102455,0.56,62
[3],0.18000000000000002,0.0,0.0,0.0,0.6500000000000001,sigmoid,sgd,0.6500000000000001,2,gaussian,"(-0.1, 0.1)",15,0.032812998638821915,0.92,63
[3],0.16000000000000003,0.0,0.0,0.15000000000000002,0.9500000000000004,sigmoid,sgd,0.7000000000000002,6,gaussian,"(-0.5, 0.5)",15,0.03155132462320766,0.92,64
[3],0.12000000000000001,0.0,0.0,0.1,0.9500000000000004,sigmoid,sgd,0.6000000000000001,4,gaussian,"(-0.1, 0.1)",15,0.027532552843166042,0.92,65
[3],0.12000000000000001,0.0,0.0,0.1,0.9500000000000004,sigmoid,sgd,0.7000000000000002,6,gaussian,"(-0.5, 0.5)",15,0.033431824234829384,0.92,66
[4],0.16000000000000003,0.0,0.0,0.0,0.9500000000000004,sigmoid,sgd,0.5,2,gaussian,"(-0.1, 0.1)",15,0.030317518718843944,0.92,67
[4],0.18000000000000002,0.0,0.0,0.0,0.6000000000000001,sigmoid,sgd,0.9500000000000004,4,gaussian,"(-0.1, 0.1)",15,0.09165700304956688,0.92,68
[4],0.14,0.0,0.0,0.15000000000000002,0.7500000000000002,sigmoid,sgd,0.8000000000000003,6,gaussian,"(-0.5, 0.5)",15,0.11501100157303937,0.6,69
[4],0.18000000000000002,0.0,0.0,0.0,0.8500000000000003,sigmoid,sgd,0.55,4,gaussian,"(-0.5, 0.5)",15,0.043460593171489856,0.92,70
[4],0.1,0.0,0.0,0.05,0.9000000000000004,sigmoid,sgd,0.6500000000000001,4,gaussian,"(-0.5, 0.5)",15,0.0545899758087389,0.92,71
[4],0.16000000000000003,0.0,0.0,0.0,0.5,sigmoid,sgd,0.9000000000000004,4,gaussian,"(-0.1, 0.1)",15,0.11279522808356683,0.76,72
[3],0.16000000000000003,0.0,0.0,0.0,0.6000000000000001,sigmoid,sgd,0.8500000000000003,4,gaussian,"(-0.5, 0.5)",15,0.12057947834471877,0.56,73
[3],0.16000000000000003,0.0,0.0,0.05,0.9500000000000004,sigmoid,sgd,0.7500000000000002,6,gaussian,"(-0.1, 0.1)",15,0.030603519629304965,0.92,74
[4],0.14,0.0,0.0,0.2,0.9500000000000004,sigmoid,sgd,0.7500000000000002,4,gaussian,"(-0.5, 0.5)",15,0.04696973411408794,0.92,75
[4],0.12000000000000001,0.0,0.0,0.05,0.9500000000000004,sigmoid,sgd,0.7500000000000002,6,gaussian,"(-0.5, 0.5)",15,0.05510892637350233,0.92,76
[4],0.12000000000000001,0.0,0.0,0.15000000000000002,0.5,sigmoid,sgd,0.55,6,gaussian,"(-0.1, 0.1)",15,0.12116530350515121,0.52,77
[3],0.16000000000000003,0.0,0.0,0.05,0.55,sigmoid,sgd,0.55,4,gaussian,"(-0.5, 0.5)",15,0.11483674889207815,0.6,78
[4],0.18000000000000002,0.0,0.0,0.0,0.9500000000000004,sigmoid,sgd,0.55,4,gaussian,"(-0.1, 0.1)",15,0.030490327309700672,0.92,79
[4],0.12000000000000001,0.0,0.0,0.1,0.5,sigmoid,sgd,0.7500000000000002,4,gaussian,"(-0.1, 0.1)",15,0.11912143036192811,0.52,80
[3],0.18000000000000002,0.0,0.0,0.15000000000000002,0.9500000000000004,sigmoid,sgd,0.9500000000000004,4,gaussian,"(-0.5, 0.5)",15,0.03043995669239903,0.92,81
[3],0.12000000000000001,0.0,0.0,0.15000000000000002,0.7000000000000002,sigmoid,sgd,0.7000000000000002,6,gaussian,"(-0.1, 0.1)",15,0.12369485790903406,0.56,82
[4],0.14,0.0,0.0,0.2,0.7000000000000002,sigmoid,sgd,0.6500000000000001,4,gaussian,"(-0.1, 0.1)",15,0.07562650351795447,0.92,83
[3],0.16000000000000003,0.0,0.0,0.2,0.7500000000000002,sigmoid,sgd,0.7000000000000002,2,gaussian,"(-0.5, 0.5)",15,0.036279726342703655,0.92,84
[4],0.12000000000000001,0.0,0.0,0.2,0.7500000000000002,sigmoid,sgd,0.55,6,gaussian,"(-0.5, 0.5)",15,0.11090667776869305,0.68,85
[4],0.1,0.0,0.0,0.2,0.7500000000000002,sigmoid,sgd,0.8000000000000003,2,gaussian,"(-0.1, 0.1)",15,0.0447991141909468,0.92,86
[4],0.18000000000000002,0.0,0.0,0.2,0.7000000000000002,sigmoid,sgd,0.7500000000000002,2,gaussian,"(-0.1, 0.1)",15,0.03723717853305732,0.92,87
[3],0.12000000000000001,0.0,0.0,0.15000000000000002,0.9000000000000004,sigmoid,sgd,0.7000000000000002,6,gaussian,"(-0.5, 0.5)",15,0.054768356738190443,0.92,88
[4],0.14,0.0,0.0,0.2,0.8000000000000003,sigmoid,sgd,0.5,6,gaussian,"(-0.1, 0.1)",15,0.06960870456958894,0.92,89
[3],0.16000000000000003,0.0,0.0,0.1,0.8000000000000003,sigmoid,sgd,0.7000000000000002,4,gaussian,"(-0.1, 0.1)",15,0.03961888036445924,0.92,90
[3],0.18000000000000002,0.0,0.0,0.05,0.8000000000000003,sigmoid,sgd,0.8000000000000003,6,gaussian,"(-0.5, 0.5)",15,0.0921611193957031,0.72,91
[4],0.14,0.0,0.0,0.0,0.7500000000000002,sigmoid,sgd,0.7500000000000002,2,gaussian,"(-0.5, 0.5)",15,0.04441163110405733,0.92,92
[3],0.16000000000000003,0.0,0.0,0.1,0.6500000000000001,sigmoid,sgd,0.9500000000000004,2,gaussian,"(-0.5, 0.5)",15,0.05435299975832114,0.92,93
[3],0.12000000000000001,0.0,0.0,0.2,0.6500000000000001,sigmoid,sgd,0.7500000000000002,2,gaussian,"(-0.5, 0.5)",15,0.07531168985754526,0.8,94
[3],0.12000000000000001,0.0,0.0,0.2,0.7000000000000002,sigmoid,sgd,0.5,4,gaussian,"(-0.5, 0.5)",15,0.10830555960994089,0.64,95
[3],0.12000000000000001,0.0,0.0,0.1,0.5,sigmoid,sgd,0.8500000000000003,4,gaussian,"(-0.1, 0.1)",15,0.12460597668700622,0.56,96
[4],0.18000000000000002,0.0,0.0,0.05,0.9500000000000004,sigmoid,sgd,0.5,4,gaussian,"(-0.5, 0.5)",15,0.04229834743673058,0.92,97
[3],0.16000000000000003,0.0,0.0,0.15000000000000002,0.55,sigmoid,sgd,0.6000000000000001,4,gaussian,"(-0.5, 0.5)",15,0.11836255078849463,0.6,98
[4],0.16000000000000003,0.0,0.0,0.2,0.9500000000000004,sigmoid,sgd,0.8000000000000003,4,gaussian,"(-0.5, 0.5)",15,0.0459999198083131,0.92,99
[4],0.16000000000000003,0.0,0.0,0.15000000000000002,0.8000000000000003,sigmoid,sgd,0.7000000000000002,4,gaussian,"(-0.5, 0.5)",15,0.05698297356169385,0.92,100
[3],0.1,0.0,0.0,0.0,0.55,sigmoid,sgd,0.9000000000000004,2,gaussian,"(-0.1, 0.1)",15,0.09155383287923614,0.92,101
[4],0.14,0.0,0.0,0.15000000000000002,0.5,sigmoid,sgd,0.9500000000000004,6,gaussian,"(-0.1, 0.1)",15,0.12282000308664445,0.52,102
[4],0.12000000000000001,0.0,0.0,0.0,0.7500000000000002,sigmoid,sgd,0.8000000000000003,6,gaussian,"(-0.5, 0.5)",15,0.11986406594477594,0.56,103
[3],0.12000000000000001,0.0,0.0,0.1,0.7000000000000002,sigmoid,sgd,0.6000000000000001,6,gaussian,"(-0.1, 0.1)",15,0.1226634455617792,0.52,104
[3],0.1,0.0,0.0,0.0,0.9000000000000004,sigmoid,sgd,0.7500000000000002,2,gaussian,"(-0.5, 0.5)",15,0.03247809960492529,0.92,105
[4],0.18000000000000002,0.0,0.0,0.2,0.55,sigmoid,sgd,0.55,4,gaussian,"(-0.5, 0.5)",15,0.08675412308576579,0.84,106
[4],0.18000000000000002,0.0,0.0,0.15000000000000002,0.8000000000000003,sigmoid,sgd,0.8000000000000003,2,gaussian,"(-0.5, 0.5)",15,0.042706040357391235,0.92,107
[4],0.1,0.0,0.0,0.05,0.8000000000000003,sigmoid,sgd,0.6500000000000001,2,gaussian,"(-0.5, 0.5)",15,0.046766705449061245,0.92,108
[4],0.1,0.0,0.0,0.0,0.8500000000000003,sigmoid,sgd,0.9000000000000004,6,gaussian,"(-0.5, 0.5)",15,0.11368677792030747,0.52,109
[3],0.16000000000000003,0.0,0.0,0.0,0.8000000000000003,sigmoid,sgd,0.9500000000000004,4,gaussian,"(-0.5, 0.5)",15,0.06600182050114212,0.84,110
[4],0.1,0.0,0.0,0.15000000000000002,0.5,sigmoid,sgd,0.55,4,gaussian,"(-0.1, 0.1)",15,0.1176249010197583,0.56,111
[4],0.18000000000000002,0.0,0.0,0.15000000000000002,0.9000000000000004,sigmoid,sgd,0.6500000000000001,4,gaussian,"(-0.1, 0.1)",15,0.029998716390584018,0.92,112
[3],0.18000000000000002,0.0,0.0,0.2,0.6500000000000001,sigmoid,sgd,0.55,2,gaussian,"(-0.1, 0.1)",15,0.036229979346591175,0.92,113
[3],0.18000000000000002,0.0,0.0,0.05,0.55,sigmoid,sgd,0.9500000000000004,6,gaussian,"(-0.5, 0.5)",15,0.12382312027376591,0.56,114
[3],0.16000000000000003,0.0,0.0,0.0,0.8500000000000003,sigmoid,sgd,0.7500000000000002,6,gaussian,"(-0.5, 0.5)",15,0.06311768004325553,0.88,115
[4],0.16000000000000003,0.0,0.0,0.0,0.5,sigmoid,sgd,0.9500000000000004,6,gaussian,"(-0.5, 0.5)",15,0.12439260359859354,0.56,116
[3],0.16000000000000003,0.0,0.0,0.2,0.6500000000000001,sigmoid,sgd,0.8500000000000003,2,gaussian,"(-0.1, 0.1)",15,0.04720873222668136,0.92,117
[3],0.1,0.0,0.0,0.05,0.8500000000000003,sigmoid,sgd,0.7000000000000002,4,gaussian,"(-0.5, 0.5)",15,0.06647262038853294,0.84,118
[3],0.14,0.0,0.0,0.0,0.7500000000000002,sigmoid,sgd,0.9500000000000004,2,gaussian,"(-0.1, 0.1)",15,0.034761505161410064,0.92,119
[3],0.14,0.0,0.0,0.1,0.8000000000000003,sigmoid,sgd,0.7500000000000002,2,gaussian,"(-0.5, 0.5)",15,0.03434116419364135,0.92,120
[4],0.1,0.0,0.0,0.1,0.7000000000000002,sigmoid,sgd,0.6500000000000001,2,gaussian,"(-0.1, 0.1)",15,0.04611131193266218,0.92,121
[3],0.14,0.0,0.0,0.0,0.9000000000000004,sigmoid,sgd,0.6000000000000001,2,gaussian,"(-0.1, 0.1)",15,0.03169404150248719,0.92,122
[4],0.1,0.0,0.0,0.15000000000000002,0.7500000000000002,sigmoid,sgd,0.6500000000000001,6,gaussian,"(-0.5, 0.5)",15,0.12066143133060772,0.6,123
[4],0.12000000000000001,0.0,0.0,0.1,0.9500000000000004,sigmoid,sgd,0.9000000000000004,6,gaussian,"(-0.1, 0.1)",15,0.06236450332998591,0.92,124
[3],0.18000000000000002,0.0,0.0,0.05,0.7000000000000002,sigmoid,sgd,0.9000000000000004,2,gaussian,"(-0.1, 0.1)",15,0.03556544908367795,0.92,125
[3],0.14,0.0,0.0,0.15000000000000002,0.9000000000000004,sigmoid,sgd,0.8500000000000003,4,gaussian,"(-0.5, 0.5)",15,0.03686194321501863,0.92,126
[3],0.16000000000000003,0.0,0.0,0.2,0.7500000000000002,sigmoid,sgd,0.6500000000000001,2,gaussian,"(-0.1, 0.1)",15,0.03417424098779632,0.92,127
[4],0.12000000000000001,0.0,0.0,0.05,0.5,sigmoid,sgd,0.8500000000000003,6,gaussian,"(-0.1, 0.1)",15,0.1231374217736855,0.52,128
[3],0.14,0.0,0.0,0.05,0.6000000000000001,sigmoid,sgd,0.7000000000000002,2,gaussian,"(-0.1, 0.1)",15,0.04113305731531242,0.92,129
[4],0.18000000000000002,0.0,0.0,0.15000000000000002,0.55,sigmoid,sgd,0.6000000000000001,4,gaussian,"(-0.1, 0.1)",15,0.07411674038471636,0.92,130
[4],0.12000000000000001,0.0,0.0,0.2,0.8000000000000003,sigmoid,sgd,0.9000000000000004,6,gaussian,"(-0.5, 0.5)",15,0.1169676834205984,0.6,131
[4],0.1,0.0,0.0,0.15000000000000002,0.7500000000000002,sigmoid,sgd,0.7500000000000002,2,gaussian,"(-0.5, 0.5)",15,0.05586305321119514,0.92,132
[3],0.1,0.0,0.0,0.1,0.9000000000000004,sigmoid,sgd,0.6000000000000001,2,gaussian,"(-0.5, 0.5)",15,0.03106167720469188,0.92,133
[3],0.14,0.0,0.0,0.05,0.5,sigmoid,sgd,0.9000000000000004,4,gaussian,"(-0.5, 0.5)",15,0.12365282899427217,0.56,134
[3],0.12000000000000001,0.0,0.0,0.1,0.7500000000000002,sigmoid,sgd,0.7500000000000002,4,gaussian,"(-0.5, 0.5)",15,0.11428825061596362,0.6,135
[4],0.14,0.0,0.0,0.05,0.8500000000000003,sigmoid,sgd,0.8000000000000003,2,gaussian,"(-0.1, 0.1)",15,0.030859349912021012,0.92,136
[4],0.14,0.0,0.0,0.0,0.55,sigmoid,sgd,0.9500000000000004,6,gaussian,"(-0.1, 0.1)",15,0.1224249139694083,0.52,137
[4],0.14,0.0,0.0,0.15000000000000002,0.5,sigmoid,sgd,0.55,6,gaussian,"(-0.5, 0.5)",15,0.12312146104590381,0.6,138
[3],0.1,0.0,0.0,0.05,0.9500000000000004,sigmoid,sgd,0.6500000000000001,6,gaussian,"(-0.5, 0.5)",15,0.034577265449976316,0.92,139
[4],0.18000000000000002,0.0,0.0,0.0,0.9500000000000004,sigmoid,sgd,0.8500000000000003,2,gaussian,"(-0.5, 0.5)",15,0.03390643369961606,0.92,140
[4],0.14,0.0,0.0,0.1,0.6500000000000001,sigmoid,sgd,0.9000000000000004,4,gaussian,"(-0.5, 0.5)",15,0.11473584886379604,0.68,141
[4],0.16000000000000003,0.0,0.0,0.05,0.9500000000000004,sigmoid,sgd,0.6000000000000001,2,gaussian,"(-0.1, 0.1)",15,0.05036982996398787,0.92,142
[4],0.1,0.0,0.0,0.1,0.7500000000000002,sigmoid,sgd,0.6000000000000001,4,gaussian,"(-0.1, 0.1)",15,0.08421181334815792,0.92,143
[3],0.12000000000000001,0.0,0.0,0.05,0.8500000000000003,sigmoid,sgd,0.9000000000000004,2,gaussian,"(-0.1, 0.1)",15,0.03330959667768868,0.92,144
[4],0.16000000000000003,0.0,0.0,0.15000000000000002,0.9000000000000004,sigmoid,sgd,0.7500000000000002,6,gaussian,"(-0.5, 0.5)",15,0.05808673273853496,0.92,145
[4],0.18000000000000002,0.0,0.0,0.1,0.6000000000000001,sigmoid,sgd,0.55,6,gaussian,"(-0.5, 0.5)",15,0.11075408423997082,0.72,146
[3],0.12000000000000001,0.0,0.0,0.1,0.6500000000000001,sigmoid,sgd,0.6500000000000001,6,gaussian,"(-0.1, 0.1)",15,0.12408884453689949,0.44,147
[4],0.18000000000000002,0.0,0.0,0.2,0.55,sigmoid,sgd,0.9500000000000004,2,gaussian,"(-0.1, 0.1)",15,0.048051286557345696,0.92,148
[3],0.18000000000000002,0.0,0.0,0.1,0.6500000000000001,sigmoid,sgd,0.7000000000000002,4,gaussian,"(-0.5, 0.5)",15,0.10460261578195552,0.64,149
[4],0.16000000000000003,0.0,0.0,0.0,0.5,sigmoid,sgd,0.8500000000000003,2,gaussian,"(-0.1, 0.1)",15,0.048460671651871436,0.92,150
[4],0.14,0.0,0.0,0.1,0.8000000000000003,sigmoid,sgd,0.6500000000000001,4,gaussian,"(-0.5, 0.5)",15,0.06035019576317806,0.92,151
[4],0.12000000000000001,0.0,0.0,0.05,0.55,sigmoid,sgd,0.6500000000000001,2,gaussian,"(-0.5, 0.5)",15,0.06666657436200141,0.92,152
[3],0.12000000000000001,0.0,0.0,0.15000000000000002,0.9000000000000004,sigmoid,sgd,0.5,2,gaussian,"(-0.5, 0.5)",15,0.030739563156980378,0.92,153
[3],0.12000000000000001,0.0,0.0,0.2,0.7500000000000002,sigmoid,sgd,0.9500000000000004,6,gaussian,"(-0.5, 0.5)",15,0.12360848432021589,0.56,154
[3],0.1,0.0,0.0,0.15000000000000002,0.6000000000000001,sigmoid,sgd,0.5,4,gaussian,"(-0.1, 0.1)",15,0.12170814669307152,0.64,155
[4],0.18000000000000002,0.0,0.0,0.1,0.55,sigmoid,sgd,0.6000000000000001,2,gaussian,"(-0.5, 0.5)",15,0.04511179018503077,0.92,156
[4],0.18000000000000002,0.0,0.0,0.1,0.6000000000000001,sigmoid,sgd,0.5,2,gaussian,"(-0.5, 0.5)",15,0.04280856014213539,0.92,157
[4],0.12000000000000001,0.0,0.0,0.2,0.9000000000000004,sigmoid,sgd,0.8000000000000003,6,gaussian,"(-0.5, 0.5)",15,0.07602184780320016,0.88,158
[4],0.18000000000000002,0.0,0.0,0.1,0.8500000000000003,sigmoid,sgd,0.8000000000000003,6,gaussian,"(-0.1, 0.1)",15,0.06621536104341486,0.92,159
[4],0.14,0.0,0.0,0.2,0.9500000000000004,sigmoid,sgd,0.9000000000000004,6,gaussian,"(-0.1, 0.1)",15,0.05669705342276269,0.92,160
[3],0.1,0.0,0.0,0.2,0.55,sigmoid,sgd,0.8000000000000003,2,gaussian,"(-0.1, 0.1)",15,0.1090096031258752,0.8,161
[4],0.18000000000000002,0.0,0.0,0.2,0.8500000000000003,sigmoid,sgd,0.8500000000000003,6,gaussian,"(-0.5, 0.5)",15,0.07148910012655545,0.92,162
[3],0.16000000000000003,0.0,0.0,0.2,0.7500000000000002,sigmoid,sgd,0.6500000000000001,4,gaussian,"(-0.1, 0.1)",15,0.07277997166465633,0.88,163
[4],0.14,0.0,0.0,0.05,0.8500000000000003,sigmoid,sgd,0.7000000000000002,2,gaussian,"(-0.5, 0.5)",15,0.04198524972373354,0.92,164
[4],0.12000000000000001,0.0,0.0,0.1,0.5,sigmoid,sgd,0.7000000000000002,6,gaussian,"(-0.1, 0.1)",15,0.12273262051365691,0.52,165
[3],0.18000000000000002,0.0,0.0,0.1,0.9000000000000004,sigmoid,sgd,0.6500000000000001,2,gaussian,"(-0.1, 0.1)",15,0.029439422559925144,0.96,166
[3],0.1,0.0,0.0,0.15000000000000002,0.7500000000000002,sigmoid,sgd,0.9000000000000004,2,gaussian,"(-0.5, 0.5)",15,0.06901579316300809,0.84,167
[4],0.12000000000000001,0.0,0.0,0.1,0.7500000000000002,sigmoid,sgd,0.9000000000000004,6,gaussian,"(-0.1, 0.1)",15,0.11662950583841272,0.52,168
[4],0.12000000000000001,0.0,0.0,0.0,0.8000000000000003,sigmoid,sgd,0.5,4,gaussian,"(-0.5, 0.5)",15,0.0558984862093149,0.92,169
[4],0.16000000000000003,0.0,0.0,0.2,0.9000000000000004,sigmoid,sgd,0.6500000000000001,2,gaussian,"(-0.1, 0.1)",15,0.027865319152556692,0.92,170
[4],0.14,0.0,0.0,0.05,0.5,sigmoid,sgd,0.9500000000000004,6,gaussian,"(-0.5, 0.5)",15,0.1245956396616458,0.56,171
[4],0.1,0.0,0.0,0.15000000000000002,0.55,sigmoid,sgd,0.6500000000000001,2,gaussian,"(-0.5, 0.5)",15,0.086667158267544,0.84,172
[3],0.16000000000000003,0.0,0.0,0.1,0.7500000000000002,sigmoid,sgd,0.6500000000000001,2,gaussian,"(-0.5, 0.5)",15,0.034217373600772816,0.92,173
[4],0.12000000000000001,0.0,0.0,0.15000000000000002,0.9000000000000004,sigmoid,sgd,0.9500000000000004,2,gaussian,"(-0.1, 0.1)",15,0.030486335606972302,0.92,174
[4],0.12000000000000001,0.0,0.0,0.15000000000000002,0.9500000000000004,sigmoid,sgd,0.6500000000000001,6,gaussian,"(-0.5, 0.5)",15,0.05415972720268202,0.92,175
[4],0.1,0.0,0.0,0.2,0.55,sigmoid,sgd,0.7500000000000002,6,gaussian,"(-0.1, 0.1)",15,0.12343580269847244,0.52,176
[3],0.18000000000000002,0.0,0.0,0.15000000000000002,0.55,sigmoid,sgd,0.9000000000000004,4,gaussian,"(-0.1, 0.1)",15,0.12298798532845823,0.6,177
[4],0.14,0.0,0.0,0.0,0.8000000000000003,sigmoid,sgd,0.5,4,gaussian,"(-0.1, 0.1)",15,0.03847874382410478,0.92,178
[3],0.1,0.0,0.0,0.15000000000000002,0.5,sigmoid,sgd,0.8000000000000003,4,gaussian,"(-0.5, 0.5)",15,0.12425754851526255,0.52,179
[4],0.16000000000000003,0.0,0.0,0.0,0.9000000000000004,sigmoid,sgd,0.9000000000000004,4,gaussian,"(-0.1, 0.1)",15,0.03414033824498445,0.92,180
[3],0.1,0.0,0.0,0.1,0.8500000000000003,sigmoid,sgd,0.8500000000000003,4,gaussian,"(-0.5, 0.5)",15,0.09536965174101496,0.72,181
[3],0.1,0.0,0.0,0.0,0.8000000000000003,sigmoid,sgd,0.55,6,gaussian,"(-0.5, 0.5)",15,0.11869315108068816,0.56,182
[3],0.12000000000000001,0.0,0.0,0.0,0.8000000000000003,sigmoid,sgd,0.6000000000000001,6,gaussian,"(-0.1, 0.1)",15,0.07089033032989184,0.92,183
[4],0.18000000000000002,0.0,0.0,0.2,0.7500000000000002,sigmoid,sgd,0.8000000000000003,4,gaussian,"(-0.1, 0.1)",15,0.05115202623876604,0.92,184
[3],0.16000000000000003,0.0,0.0,0.2,0.8500000000000003,sigmoid,sgd,0.8000000000000003,4,gaussian,"(-0.5, 0.5)",15,0.04265152118401233,0.92,185
[4],0.12000000000000001,0.0,0.0,0.2,0.8500000000000003,sigmoid,sgd,0.8500000000000003,2,gaussian,"(-0.5, 0.5)",15,0.046218733931305704,0.92,186
[3],0.16000000000000003,0.0,0.0,0.05,0.7000000000000002,sigmoid,sgd,0.7500000000000002,2,gaussian,"(-0.1, 0.1)",15,0.035469538571659964,0.92,187
[4],0.16000000000000003,0.0,0.0,0.2,0.9500000000000004,sigmoid,sgd,0.8500000000000003,2,gaussian,"(-0.5, 0.5)",15,0.04195661318541796,0.92,188
[3],0.12000000000000001,0.0,0.0,0.05,0.55,sigmoid,sgd,0.6500000000000001,6,gaussian,"(-0.5, 0.5)",15,0.12412789785069953,0.56,189
[4],0.16000000000000003,0.0,0.0,0.2,0.7500000000000002,sigmoid,sgd,0.8500000000000003,2,gaussian,"(-0.5, 0.5)",15,0.04593075900117172,0.92,190
[3],0.14,0.0,0.0,0.1,0.8000000000000003,sigmoid,sgd,0.7000000000000002,6,gaussian,"(-0.5, 0.5)",15,0.11289756952942753,0.6,191
[3],0.12000000000000001,0.0,0.0,0.1,0.6500000000000001,sigmoid,sgd,0.7000000000000002,4,gaussian,"(-0.5, 0.5)",15,0.12178200506360788,0.56,192
[3],0.14,0.0,0.0,0.05,0.6000000000000001,sigmoid,sgd,0.55,6,gaussian,"(-0.1, 0.1)",15,0.11774505155349996,0.72,193
[4],0.12000000000000001,0.0,0.0,0.05,0.55,sigmoid,sgd,0.7500000000000002,2,gaussian,"(-0.5, 0.5)",15,0.07621011167620176,0.92,194
[3],0.1,0.0,0.0,0.2,0.9000000000000004,sigmoid,sgd,0.9000000000000004,4,gaussian,"(-0.5, 0.5)",15,0.05229315064123451,0.92,195
[3],0.1,0.0,0.0,0.0,0.9000000000000004,sigmoid,sgd,0.7500000000000002,4,gaussian,"(-0.1, 0.1)",15,0.03464837567957621,0.92,196
[4],0.16000000000000003,0.0,0.0,0.15000000000000002,0.9500000000000004,sigmoid,sgd,0.5,2,gaussian,"(-0.5, 0.5)",15,0.037187754943682066,0.92,197
[4],0.18000000000000002,0.0,0.0,0.15000000000000002,0.5,sigmoid,sgd,0.8000000000000003,6,gaussian,"(-0.1, 0.1)",15,0.11847147274948364,0.52,198
[3],0.12000000000000001,0.0,0.0,0.05,0.9500000000000004,sigmoid,sgd,0.7000000000000002,6,gaussian,"(-0.1, 0.1)",15,0.031919209293489285,0.92,199
[4],0.1,0.0,0.0,0.05,0.9500000000000004,sigmoid,sgd,0.6000000000000001,6,gaussian,"(-0.5, 0.5)",15,0.05543812642054319,0.92,200
[4],0.16000000000000003,0.0,0.0,0.05,0.55,sigmoid,sgd,0.6500000000000001,2,gaussian,"(-0.5, 0.5)",15,0.041454568558296045,1.0,1
[4],0.1,0.0,0.0,0.1,0.8500000000000003,sigmoid,sgd,0.8000000000000003,2,gaussian,"(-0.1, 0.1)",15,0.02878044788862939,0.96,2
[4],0.12000000000000001,0.0,0.0,0.0,0.55,sigmoid,sgd,0.8000000000000003,4,gaussian,"(-0.1, 0.1)",15,0.11626243818145156,0.48,3
[3],0.1,0.0,0.0,0.1,0.8500000000000003,sigmoid,sgd,0.55,2,gaussian,"(-0.5, 0.5)",15,0.03083385107550133,0.92,4
[4],0.1,0.0,0.0,0.0,0.55,sigmoid,sgd,0.5,4,gaussian,"(-0.5, 0.5)",15,0.11960041381312755,0.56,5
[3],0.18000000000000002,0.0,0.0,0.05,0.9500000000000004,sigmoid,sgd,0.7000000000000002,4,gaussian,"(-0.5, 0.5)",15,0.019776375786346077,0.92,6
[3],0.1,0.0,0.0,0.05,0.8000000000000003,sigmoid,sgd,0.55,4,gaussian,"(-0.1, 0.1)",15,0.049642047858637864,0.92,7
[4],0.18000000000000002,0.0,0.0,0.2,0.6500000000000001,sigmoid,sgd,0.5,4,gaussian,"(-0.5, 0.5)",15,0.05809966350516747,0.96,8
[4],0.16000000000000003,0.0,0.0,0.1,0.8000000000000003,sigmoid,sgd,0.8500000000000003,4,gaussian,"(-0.5, 0.5)",15,0.05893273866530528,1.0,9
[4],0.14,0.0,0.0,0.15000000000000002,0.9500000000000004,sigmoid,sgd,0.8000000000000003,4,gaussian,"(-0.1, 0.1)",15,0.02042863733739375,0.96,10
[3],0.18000000000000002,0.0,0.0,0.0,0.8500000000000003,sigmoid,sgd,0.8000000000000003,6,gaussian,"(-0.1, 0.1)",15,0.036141637726934545,0.96,11
[4],0.12000000000000001,0.0,0.0,0.1,0.6000000000000001,sigmoid,sgd,0.9500000000000004,4,gaussian,"(-0.5, 0.5)",15,0.1220714128675649,0.52,12
[3],0.14,0.0,0.0,0.2,0.9500000000000004,sigmoid,sgd,0.6000000000000001,6,gaussian,"(-0.5, 0.5)",15,0.032233017465394996,0.92,13
[4],0.16000000000000003,0.0,0.0,0.0,0.5,sigmoid,sgd,0.8500000000000003,4,gaussian,"(-0.5, 0.5)",15,0.11879525462921987,0.64,14
[3],0.14,0.0,0.0,0.0,0.8500000000000003,sigmoid,sgd,0.55,6,gaussian,"(-0.5, 0.5)",15,0.05717848355892105,1.0,15
[4],0.14,0.0,0.0,0.15000000000000002,0.6500000000000001,sigmoid,sgd,0.8500000000000003,6,gaussian,"(-0.5, 0.5)",15,0.12231240501892104,0.52,16
[3],0.14,0.0,0.0,0.0,0.55,sigmoid,sgd,0.6500000000000001,6,gaussian,"(-0.1, 0.1)",15,0.12348697139316014,0.48,17
[4],0.18000000000000002,0.0,0.0,0.15000000000000002,0.8500000000000003,sigmoid,sgd,0.8000000000000003,4,gaussian,"(-0.1, 0.1)",15,0.03114865377626774,0.96,18
[4],0.18000000000000002,0.0,0.0,0.15000000000000002,0.8000000000000003,sigmoid,sgd,0.55,6,gaussian,"(-0.1, 0.1)",15,0.04558503118790618,0.96,19
[4],0.14,0.0,0.0,0.05,0.8500000000000003,sigmoid,sgd,0.9500000000000004,4,gaussian,"(-0.1, 0.1)",15,0.03637283332723648,0.96,20
[4],0.14,0.0,0.0,0.15000000000000002,0.9500000000000004,sigmoid,sgd,0.7500000000000002,2,gaussian,"(-0.5, 0.5)",15,0.023756068213352046,1.0,21
[3],0.12000000000000001,0.0,0.0,0.1,0.6000000000000001,sigmoid,sgd,0.8000000000000003,2,gaussian,"(-0.1, 0.1)",15,0.07750927257866462,0.92,22
[3],0.16000000000000003,0.0,0.0,0.1,0.6000000000000001,sigmoid,sgd,0.7500000000000002,2,gaussian,"(-0.1, 0.1)",15,0.040925366809584626,1.0,23
[3],0.16000000000000003,0.0,0.0,0.2,0.9000000000000004,sigmoid,sgd,0.8500000000000003,4,gaussian,"(-0.1, 0.1)",15,0.027741956399061105,0.96,24
[3],0.12000000000000001,0.0,0.0,0.1,0.5,sigmoid,sgd,0.8500000000000003,6,gaussian,"(-0.1, 0.1)",15,0.12515597129131983,0.48,25
[3],0.14,0.0,0.0,0.2,0.7500000000000002,sigmoid,sgd,0.55,6,gaussian,"(-0.5, 0.5)",15,0.1178568397505234,0.6,26
[3],0.16000000000000003,0.0,0.0,0.1,0.7500000000000002,sigmoid,sgd,0.6500000000000001,6,gaussian,"(-0.5, 0.5)",15,0.1145678993858871,0.68,27
[3],0.18000000000000002,0.0,0.0,0.05,0.6500000000000001,sigmoid,sgd,0.9500000000000004,6,gaussian,"(-0.5, 0.5)",15,0.12201202532411223,0.64,28
[4],0.14,0.0,0.0,0.2,0.7000000000000002,sigmoid,sgd,0.7000000000000002,6,gaussian,"(-0.1, 0.1)",15,0.11411090880312579,0.48,29
[3],0.12000000000000001,0.0,0.0,0.1,0.6500000000000001,sigmoid,sgd,0.8000000000000003,4,gaussian,"(-0.1, 0.1)",15,0.12366712245303818,0.6,30
[3],0.16000000000000003,0.0,0.0,0.2,0.7000000000000002,sigmoid,sgd,0.9500000000000004,2,gaussian,"(-0.5, 0.5)",15,0.056375142689328854,0.88,31
[4],0.1,0.0,0.0,0.2,0.8000000000000003,sigmoid,sgd,0.7000000000000002,4,gaussian,"(-0.5, 0.5)",15,0.08913500354266196,0.76,32
[3],0.18000000000000002,0.0,0.0,0.15000000000000002,0.7500000000000002,sigmoid,sgd,0.5,2,gaussian,"(-0.5, 0.5)",15,0.031187505857440515,0.92,33
[4],0.1,0.0,0.0,0.15000000000000002,0.6500000000000001,sigmoid,sgd,0.55,6,gaussian,"(-0.5, 0.5)",15,0.12296237652190299,0.52,34
[3],0.14,0.0,0.0,0.05,0.5,sigmoid,sgd,0.55,6,gaussian,"(-0.1, 0.1)",15,0.12255693654080133,0.76,35
[3],0.16000000000000003,0.0,0.0,0.0,0.6000000000000001,sigmoid,sgd,0.7500000000000002,2,gaussian,"(-0.1, 0.1)",15,0.03294201644218427,0.96,36
[4],0.1,0.0,0.0,0.05,0.8000000000000003,sigmoid,sgd,0.7500000000000002,4,gaussian,"(-0.5, 0.5)",15,0.09138453006465717,0.72,37
[3],0.12000000000000001,0.0,0.0,0.0,0.9000000000000004,sigmoid,sgd,0.6500000000000001,6,gaussian,"(-0.5, 0.5)",15,0.045143056599802354,0.96,38
[4],0.1,0.0,0.0,0.05,0.9000000000000004,sigmoid,sgd,0.9000000000000004,6,gaussian,"(-0.5, 0.5)",15,0.08645189804503549,0.76,40
[4],0.1,0.0,0.0,0.05,0.8500000000000003,sigmoid,sgd,0.9500000000000004,2,gaussian,"(-0.5, 0.5)",15,0.032076673988834736,0.96,41
[4],0.12000000000000001,0.0,0.0,0.15000000000000002,0.9500000000000004,sigmoid,sgd,0.55,2,gaussian,"(-0.1, 0.1)",15,0.02545617180502762,0.92,42
[4],0.12000000000000001,0.0,0.0,0.0,0.5,sigmoid,sgd,0.8000000000000003,2,gaussian,"(-0.5, 0.5)",15,0.08848422300497125,0.84,43
[3],0.14,0.0,0.0,0.0,0.9000000000000004,sigmoid,sgd,0.9500000000000004,6,gaussian,"(-0.5, 0.5)",15,0.055493244418400985,0.96,44
[4],0.12000000000000001,0.0,0.0,0.0,0.6500000000000001,sigmoid,sgd,0.9500000000000004,6,gaussian,"(-0.5, 0.5)",15,0.12433427812506202,0.52,45
[3],0.1,0.0,0.0,0.0,0.6000000000000001,sigmoid,sgd,0.9000000000000004,6,gaussian,"(-0.1, 0.1)",15,0.12497419620878998,0.48,46
[4],0.12000000000000001,0.0,0.0,0.1,0.55,sigmoid,sgd,0.9000000000000004,2,gaussian,"(-0.1, 0.1)",15,0.08876475198634032,0.96,47
[4],0.16000000000000003,0.0,0.0,0.2,0.7500000000000002,sigmoid,sgd,0.6000000000000001,4,gaussian,"(-0.1, 0.1)",15,0.05996112445397153,1.0,48
[3],0.18000000000000002,0.0,0.0,0.0,0.5,sigmoid,sgd,0.7500000000000002,4,gaussian,"(-0.1, 0.1)",15,0.10668727193650472,0.88,49
[3],0.18000000000000002,0.0,0.0,0.15000000000000002,0.6500000000000001,sigmoid,sgd,0.7000000000000002,2,gaussian,"(-0.1, 0.1)",15,0.03243993032599142,1.0,50
[4],0.1,0.0,0.0,0.1,0.6500000000000001,sigmoid,sgd,0.7500000000000002,6,gaussian,"(-0.1, 0.1)",15,0.12336181843329562,0.48,52
[3],0.12000000000000001,0.0,0.0,0.0,0.8000000000000003,sigmoid,sgd,0.7500000000000002,2,gaussian,"(-0.5, 0.5)",15,0.031760446975855124,0.92,53
[3],0.12000000000000001,0.0,0.0,0.2,0.6500000000000001,sigmoid,sgd,0.7000000000000002,2,gaussian,"(-0.1, 0.1)",15,0.04538720828974435,0.96,54
[4],0.14,0.0,0.0,0.15000000000000002,0.55,sigmoid,sgd,0.9500000000000004,6,gaussian,"(-0.5, 0.5)",15,0.12459627221452432,0.52,55
[3],0.12000000000000001,0.0,0.0,0.1,0.7000000000000002,sigmoid,sgd,0.8500000000000003,4,gaussian,"(-0.1, 0.1)",15,0.1219558363465834,0.56,56
[3],0.12000000000000001,0.0,0.0,0.2,0.55,sigmoid,sgd,0.8500000000000003,4,gaussian,"(-0.1, 0.1)",15,0.12271701297220013,0.52,57
[4],0.12000000000000001,0.0,0.0,0.15000000000000002,0.7000000000000002,sigmoid,sgd,0.6000000000000001,6,gaussian,"(-0.1, 0.1)",15,0.1135432076116253,0.48,58
[3],0.14,0.0,0.0,0.05,0.55,sigmoid,sgd,0.7000000000000002,4,gaussian,"(-0.1, 0.1)",15,0.11368672628626003,0.8,59
[4],0.16000000000000003,0.0,0.0,0.2,0.9000000000000004,sigmoid,sgd,0.6000000000000001,2,gaussian,"(-0.1, 0.1)",15,0.016819480710073945,0.96,60
[3],0.12000000000000001,0.0,0.0,0.05,0.8000000000000003,sigmoid,sgd,0.5,2,gaussian,"(-0.5, 0.5)",15,0.028723405260213965,0.92,61
[3],0.1,0.0,0.0,0.1,0.55,sigmoid,sgd,0.9500000000000004,4,gaussian,"(-0.5, 0.5)",15,0.12379591203918601,0.56,62
[3],0.16000000000000003,0.0,0.0,0.15000000000000002,0.6000000000000001,sigmoid,sgd,0.7000000000000002,4,gaussian,"(-0.1, 0.1)",15,0.09195460910744173,0.88,63
[3],0.14,0.0,0.0,0.15000000000000002,0.8000000000000003,sigmoid,sgd,0.8000000000000003,2,gaussian,"(-0.1, 0.1)",15,0.028723461078839798,0.96,64
[3],0.18000000000000002,0.0,0.0,0.0,0.8000000000000003,sigmoid,sgd,0.9500000000000004,6,gaussian,"(-0.5, 0.5)",15,0.1081325298183792,0.72,65
[4],0.12000000000000001,0.0,0.0,0.0,0.7500000000000002,sigmoid,sgd,0.8500000000000003,6,gaussian,"(-0.1, 0.1)",15,0.1092678253588857,0.68,66
[3],0.1,0.0,0.0,0.05,0.6500000000000001,sigmoid,sgd,0.7500000000000002,2,gaussian,"(-0.1, 0.1)",15,0.05980100251302008,0.96,67
[4],0.14,0.0,0.0,0.2,0.5,sigmoid,sgd,0.9000000000000004,4,gaussian,"(-0.5, 0.5)",15,0.12226069519866828,0.6,68
[3],0.1,0.0,0.0,0.0,0.6500000000000001,sigmoid,sgd,0.7500000000000002,6,gaussian,"(-0.1, 0.1)",15,0.12449479692528907,0.48,69
[4],0.12000000000000001,0.0,0.0,0.1,0.5,sigmoid,sgd,0.9000000000000004,4,gaussian,"(-0.5, 0.5)",15,0.12380616805103804,0.52,70
[4],0.18000000000000002,0.0,0.0,0.0,0.7500000000000002,sigmoid,sgd,0.8000000000000003,6,gaussian,"(-0.5, 0.5)",15,0.09349053384915461,0.72,71
[3],0.18000000000000002,0.0,0.0,0.2,0.7500000000000002,sigmoid,sgd,0.7000000000000002,2,gaussian,"(-0.1, 0.1)",15,0.02767487372706781,0.96,72
[4],0.18000000000000002,0.0,0.0,0.0,0.6000000000000001,sigmoid,sgd,0.6000000000000001,4,gaussian,"(-0.1, 0.1)",15,0.05060446676300801,1.0,73
[4],0.14,0.0,0.0,0.05,0.55,sigmoid,sgd,0.6500000000000001,2,gaussian,"(-0.5, 0.5)",15,0.05129266590063974,1.0,74
[4],0.1,0.0,0.0,0.0,0.5,sigmoid,sgd,0.8000000000000003,4,gaussian,"(-0.5, 0.5)",15,0.12457248330362349,0.52,75
[4],0.1,0.0,0.0,0.15000000000000002,0.9500000000000004,sigmoid,sgd,0.5,4,gaussian,"(-0.5, 0.5)",15,0.02452323440738002,0.96,76
[4],0.1,0.0,0.0,0.0,0.7500000000000002,sigmoid,sgd,0.9000000000000004,2,gaussian,"(-0.5, 0.5)",15,0.0541245359557335,1.0,77
[3],0.16000000000000003,0.0,0.0,0.05,0.9500000000000004,sigmoid,sgd,0.7500000000000002,2,gaussian,"(-0.5, 0.5)",15,0.009533650627344702,1.0,78
[4],0.14,0.0,0.0,0.1,0.6500000000000001,sigmoid,sgd,0.6000000000000001,2,gaussian,"(-0.1, 0.1)",15,0.041954369561586956,1.0,79
[4],0.1,0.0,0.0,0.1,0.9500000000000004,sigmoid,sgd,0.6500000000000001,2,gaussian,"(-0.1, 0.1)",15,0.022404059593168203,0.96,80
[4],0.1,0.0,0.0,0.1,0.8000000000000003,sigmoid,sgd,0.9000000000000004,4,gaussian,"(-0.5, 0.5)",15,0.10172489676564257,0.68,81
[4],0.14,0.0,0.0,0.05,0.8500000000000003,sigmoid,sgd,0.7000000000000002,2,gaussian,"(-0.1, 0.1)",15,0.021091688897206518,0.96,82
[3],0.1,0.0,0.0,0.0,0.7500000000000002,sigmoid,sgd,0.9000000000000004,4,gaussian,"(-0.1, 0.1)",15,0.10919601964891365,0.88,83
[4],0.14,0.0,0.0,0.0,0.8000000000000003,sigmoid,sgd,0.6000000000000001,2,gaussian,"(-0.1, 0.1)",15,0.018387115141616412,0.96,84
[3],0.1,0.0,0.0,0.15000000000000002,0.55,sigmoid,sgd,0.7500000000000002,6,gaussian,"(-0.1, 0.1)",15,0.1253322951979924,0.48,85
[4],0.18000000000000002,0.0,0.0,0.15000000000000002,0.9000000000000004,sigmoid,sgd,0.9500000000000004,6,gaussian,"(-0.1, 0.1)",15,0.03616214838346013,0.96,86
[4],0.12000000000000001,0.0,0.0,0.05,0.9500000000000004,sigmoid,sgd,0.9000000000000004,4,gaussian,"(-0.5, 0.5)",15,0.023103912479851864,0.96,87
[4],0.16000000000000003,0.0,0.0,0.2,0.9500000000000004,sigmoid,sgd,0.8000000000000003,2,gaussian,"(-0.1, 0.1)",15,0.017682716671798028,0.92,88
[4],0.14,0.0,0.0,0.05,0.5,sigmoid,sgd,0.7500000000000002,4,gaussian,"(-0.5, 0.5)",15,0.12008735167389113,0.64,89
[4],0.1,0.0,0.0,0.05,0.6000000000000001,sigmoid,sgd,0.8000000000000003,6,gaussian,"(-0.1, 0.1)",15,0.12410159318236827,0.48,90
[4],0.12000000000000001,0.0,0.0,0.15000000000000002,0.8500000000000003,sigmoid,sgd,0.7000000000000002,6,gaussian,"(-0.1, 0.1)",15,0.06990862918685789,0.96,91
[3],0.12000000000000001,0.0,0.0,0.05,0.6500000000000001,sigmoid,sgd,0.5,4,gaussian,"(-0.5, 0.5)",15,0.11534551602948846,0.64,92
[4],0.16000000000000003,0.0,0.0,0.2,0.8000000000000003,sigmoid,sgd,0.8500000000000003,6,gaussian,"(-0.1, 0.1)",15,0.09630448395973219,0.68,93
[4],0.18000000000000002,0.0,0.0,0.2,0.7500000000000002,sigmoid,sgd,0.7000000000000002,2,gaussian,"(-0.1, 0.1)",15,0.024308788967392428,0.96,94
[3],0.18000000000000002,0.0,0.0,0.05,0.6500000000000001,sigmoid,sgd,0.9000000000000004,2,gaussian,"(-0.5, 0.5)",15,0.041196272701268855,0.96,95
[3],0.12000000000000001,0.0,0.0,0.2,0.5,sigmoid,sgd,0.8000000000000003,4,gaussian,"(-0.5, 0.5)",15,0.12369379175961885,0.56,96
[4],0.12000000000000001,0.0,0.0,0.15000000000000002,0.7000000000000002,sigmoid,sgd,0.9000000000000004,6,gaussian,"(-0.5, 0.5)",15,0.12289594561273968,0.52,97
[3],0.16000000000000003,0.0,0.0,0.0,0.7500000000000002,sigmoid,sgd,0.7000000000000002,2,gaussian,"(-0.1, 0.1)",15,0.019765241677405235,0.96,98
[3],0.18000000000000002,0.0,0.0,0.15000000000000002,0.7500000000000002,sigmoid,sgd,0.7000000000000002,4,gaussian,"(-0.5, 0.5)",15,0.06730696228610909,0.88,99
[3],0.18000000000000002,0.0,0.0,0.2,0.6500000000000001,sigmoid,sgd,0.9000000000000004,4,gaussian,"(-0.1, 0.1)",15,0.08147722438265415,0.84,100
[4],0.1,0.0,0.0,0.15000000000000002,0.6000000000000001,sigmoid,sgd,0.6500000000000001,4,gaussian,"(-0.5, 0.5)",15,0.12092125014945605,0.56,101
[4],0.14,0.0,0.0,0.1,0.7000000000000002,sigmoid,sgd,0.5,6,gaussian,"(-0.5, 0.5)",15,0.10190274932267815,0.68,102
[3],0.18000000000000002,0.0,0.0,0.0,0.8000000000000003,sigmoid,sgd,0.6000000000000001,2,gaussian,"(-0.5, 0.5)",15,0.020915087447952736,0.96,103
[4],0.12000000000000001,0.0,0.0,0.1,0.6000000000000001,sigmoid,sgd,0.7500000000000002,6,gaussian,"(-0.1, 0.1)",15,0.12283117996120925,0.48,104
[4],0.14,0.0,0.0,0.05,0.6000000000000001,sigmoid,sgd,0.9500000000000004,4,gaussian,"(-0.5, 0.5)",15,0.11874049760187383,0.64,105
[4],0.16000000000000003,0.0,0.0,0.15000000000000002,0.5,sigmoid,sgd,0.7500000000000002,6,gaussian,"(-0.1, 0.1)",15,0.12180336352361339,0.48,106
[3],0.12000000000000001,0.0,0.0,0.05,0.7500000000000002,sigmoid,sgd,0.9000000000000004,6,gaussian,"(-0.1, 0.1)",15,0.11873960142345416,0.8,107
[3],0.1,0.0,0.0,0.1,0.7000000000000002,sigmoid,sgd,0.7500000000000002,4,gaussian,"(-0.1, 0.1)",15,0.1233414104807266,0.52,108
[3],0.16000000000000003,0.0,0.0,0.0,0.6500000000000001,sigmoid,sgd,0.9500000000000004,6,gaussian,"(-0.1, 0.1)",15,0.1215779345831727,0.52,109
[4],0.1,0.0,0.0,0.15000000000000002,0.7000000000000002,sigmoid,sgd,0.5,6,gaussian,"(-0.5, 0.5)",15,0.11958721915082332,0.56,110
[4],0.16000000000000003,0.0,0.0,0.0,0.9000000000000004,sigmoid,sgd,0.5,4,gaussian,"(-0.1, 0.1)",15,0.015387739824269058,0.96,111
[4],0.18000000000000002,0.0,0.0,0.2,0.6000000000000001,sigmoid,sgd,0.55,2,gaussian,"(-0.1, 0.1)",15,0.03361560430015116,1.0,112
[3],0.14,0.0,0.0,0.2,0.6500000000000001,sigmoid,sgd,0.5,6,gaussian,"(-0.1, 0.1)",15,0.10518642636726588,0.72,113
[4],0.14,0.0,0.0,0.05,0.5,sigmoid,sgd,0.6000000000000001,2,gaussian,"(-0.1, 0.1)",15,0.04420981764644517,0.96,114
[4],0.12000000000000001,0.0,0.0,0.15000000000000002,0.7000000000000002,sigmoid,sgd,0.6000000000000001,2,gaussian,"(-0.5, 0.5)",15,0.03978709253589132,1.0,115
[4],0.16000000000000003,0.0,0.0,0.0,0.55,sigmoid,sgd,0.7500000000000002,4,gaussian,"(-0.5, 0.5)",15,0.1101344529220958,0.68,116
[3],0.14,0.0,0.0,0.1,0.6000000000000001,sigmoid,sgd,0.7000000000000002,4,gaussian,"(-0.5, 0.5)",15,0.12110744285432312,0.64,117
[3],0.1,0.0,0.0,0.05,0.5,sigmoid,sgd,0.9500000000000004,6,gaussian,"(-0.1, 0.1)",15,0.12487129294447913,0.48,118
[4],0.14,0.0,0.0,0.2,0.5,sigmoid,sgd,0.8000000000000003,4,gaussian,"(-0.1, 0.1)",15,0.11879827090838191,0.48,119
[4],0.14,0.0,0.0,0.0,0.9000000000000004,sigmoid,sgd,0.6500000000000001,4,gaussian,"(-0.5, 0.5)",15,0.025580755046120868,0.96,120
[3],0.18000000000000002,0.0,0.0,0.2,0.5,sigmoid,sgd,0.6000000000000001,2,gaussian,"(-0.5, 0.5)",15,0.062059605229283464,0.88,121
[3],0.14,0.0,0.0,0.1,0.5,sigmoid,sgd,0.55,4,gaussian,"(-0.5, 0.5)",15,0.1216362418181885,0.64,122
[3],0.16000000000000003,0.0,0.0,0.15000000000000002,0.7500000000000002,sigmoid,sgd,0.8000000000000003,4,gaussian,"(-0.1, 0.1)",15,0.05367119704309723,0.96,123
[3],0.18000000000000002,0.0,0.0,0.2,0.7000000000000002,sigmoid,sgd,0.5,2,gaussian,"(-0.5, 0.5)",15,0.034228004406508826,0.92,124
[4],0.14,0.0,0.0,0.15000000000000002,0.55,sigmoid,sgd,0.7500000000000002,6,gaussian,"(-0.5, 0.5)",15,0.12375302635677791,0.52,125
[3],0.1,0.0,0.0,0.05,0.8500000000000003,sigmoid,sgd,0.9500000000000004,2,gaussian,"(-0.1, 0.1)",15,0.02828704503799224,0.96,126
[4],0.12000000000000001,0.0,0.0,0.15000000000000002,0.6500000000000001,sigmoid,sgd,0.9500000000000004,2,gaussian,"(-0.5, 0.5)",15,0.07180005391665195,0.96,127
[3],0.16000000000000003,0.0,0.0,0.0,0.9000000000000004,sigmoid,sgd,0.9500000000000004,2,gaussian,"(-0.1, 0.1)",15,0.01884973501728817,0.96,128
[4],0.18000000000000002,0.0,0.0,0.2,0.7500000000000002,sigmoid,sgd,0.8000000000000003,4,gaussian,"(-0.5, 0.5)",15,0.062343022802120326,0.96,129
[3],0.12000000000000001,0.0,0.0,0.15000000000000002,0.9500000000000004,sigmoid,sgd,0.6500000000000001,6,gaussian,"(-0.5, 0.5)",15,0.0352191854199785,0.92,130
[3],0.12000000000000001,0.0,0.0,0.2,0.9000000000000004,sigmoid,sgd,0.9500000000000004,6,gaussian,"(-0.5, 0.5)",15,0.09371429091777925,0.72,131
[4],0.1,0.0,0.0,0.2,0.55,sigmoid,sgd,0.5,2,gaussian,"(-0.1, 0.1)",15,0.07060825890003436,1.0,132
[4],0.14,0.0,0.0,0.05,0.5,sigmoid,sgd,0.8500000000000003,2,gaussian,"(-0.5, 0.5)",15,0.07752212534198258,0.96,133
[3],0.18000000000000002,0.0,0.0,0.1,0.5,sigmoid,sgd,0.9000000000000004,2,gaussian,"(-0.5, 0.5)",15,0.08937252434829424,0.76,134
[3],0.18000000000000002,0.0,0.0,0.15000000000000002,0.6500000000000001,sigmoid,sgd,0.8500000000000003,2,gaussian,"(-0.1, 0.1)",15,0.03647193216177362,1.0,135
[3],0.18000000000000002,0.0,0.0,0.0,0.8000000000000003,sigmoid,sgd,0.6000000000000001,2,gaussian,"(-0.1, 0.1)",15,0.01881112208611438,0.96,136
[4],0.16000000000000003,0.0,0.0,0.05,0.5,sigmoid,sgd,0.8500000000000003,6,gaussian,"(-0.1, 0.1)",15,0.12250928272692749,0.48,137
[4],0.18000000000000002,0.0,0.0,0.05,0.6000000000000001,sigmoid,sgd,0.55,4,gaussian,"(-0.1, 0.1)",15,0.05492982467241485,1.0,138
[4],0.14,0.0,0.0,0.1,0.7000000000000002,sigmoid,sgd,0.7500000000000002,4,gaussian,"(-0.1, 0.1)",15,0.0892540750204423,0.96,139
[3],0.14,0.0,0.0,0.15000000000000002,0.55,sigmoid,sgd,0.9000000000000004,4,gaussian,"(-0.5, 0.5)",15,0.12305578088480087,0.6,140
[3],0.14,0.0,0.0,0.05,0.7500000000000002,sigmoid,sgd,0.55,2,gaussian,"(-0.5, 0.5)",15,0.030891722149819837,0.92,141
[3],0.12000000000000001,0.0,0.0,0.2,0.8000000000000003,sigmoid,sgd,0.7500000000000002,2,gaussian,"(-0.1, 0.1)",15,0.03106329406256334,0.96,142
[3],0.12000000000000001,0.0,0.0,0.1,0.9000000000000004,sigmoid,sgd,0.8000000000000003,4,gaussian,"(-0.5, 0.5)",15,0.03783883910914503,0.92,143
[4],0.1,0.0,0.0,0.15000000000000002,0.55,sigmoid,sgd,0.7500000000000002,6,gaussian,"(-0.5, 0.5)",15,0.12525092041506072,0.52,144
[4],0.18000000000000002,0.0,0.0,0.0,0.7000000000000002,sigmoid,sgd,0.8500000000000003,2,gaussian,"(-0.1, 0.1)",15,0.025328857554172548,0.96,145
[4],0.18000000000000002,0.0,0.0,0.1,0.6000000000000001,sigmoid,sgd,0.55,2,gaussian,"(-0.5, 0.5)",15,0.03131438024595817,0.96,146
[3],0.14,0.0,0.0,0.05,0.7500000000000002,sigmoid,sgd,0.6000000000000001,2,gaussian,"(-0.1, 0.1)",15,0.024718503553768863,0.96,147
[3],0.12000000000000001,0.0,0.0,0.2,0.5,sigmoid,sgd,0.7000000000000002,2,gaussian,"(-0.5, 0.5)",15,0.11472092694832577,0.64,148
[4],0.14,0.0,0.0,0.05,0.6500000000000001,sigmoid,sgd,0.7500000000000002,4,gaussian,"(-0.5, 0.5)",15,0.1035952337428747,0.68,149
[4],0.18000000000000002,0.0,0.0,0.05,0.9500000000000004,sigmoid,sgd,0.5,4,gaussian,"(-0.1, 0.1)",15,0.02600989191829273,0.96,150
[4],0.14,0.0,0.0,0.1,0.6000000000000001,sigmoid,sgd,0.7500000000000002,4,gaussian,"(-0.1, 0.1)",15,0.10774390031581924,0.64,151
[3],0.18000000000000002,0.0,0.0,0.0,0.7000000000000002,sigmoid,sgd,0.55,2,gaussian,"(-0.5, 0.5)",15,0.02859855849458117,0.92,152
[3],0.1,0.0,0.0,0.2,0.7000000000000002,sigmoid,sgd,0.6500000000000001,6,gaussian,"(-0.1, 0.1)",15,0.12231065638615324,0.56,153
[4],0.18000000000000002,0.0,0.0,0.2,0.55,sigmoid,sgd,0.9500000000000004,6,gaussian,"(-0.1, 0.1)",15,0.12178370156171052,0.48,154
[4],0.12000000000000001,0.0,0.0,0.05,0.9500000000000004,sigmoid,sgd,0.6500000000000001,4,gaussian,"(-0.1, 0.1)",15,0.01763709527711695,0.96,155
[3],0.18000000000000002,0.0,0.0,0.1,0.7000000000000002,sigmoid,sgd,0.9500000000000004,6,gaussian,"(-0.5, 0.5)",15,0.12137410065273192,0.64,157
[4],0.12000000000000001,0.0,0.0,0.2,0.8000000000000003,sigmoid,sgd,0.9500000000000004,2,gaussian,"(-0.5, 0.5)",15,0.04149236448831175,1.0,158
[3],0.12000000000000001,0.0,0.0,0.0,0.9000000000000004,sigmoid,sgd,0.6000000000000001,4,gaussian,"(-0.1, 0.1)",15,0.020088735448094846,0.96,159
[4],0.14,0.0,0.0,0.0,0.8500000000000003,sigmoid,sgd,0.8000000000000003,2,gaussian,"(-0.1, 0.1)",15,0.017908276539248466,0.96,160
[3],0.18000000000000002,0.0,0.0,0.2,0.6000000000000001,sigmoid,sgd,0.6000000000000001,4,gaussian,"(-0.5, 0.5)",15,0.11162032991182622,0.64,161
[3],0.14,0.0,0.0,0.0,0.6500000000000001,sigmoid,sgd,0.6500000000000001,4,gaussian,"(-0.1, 0.1)",15,0.08473413583450005,0.84,162
[4],0.12000000000000001,0.0,0.0,0.1,0.8500000000000003,sigmoid,sgd,0.6000000000000001,2,gaussian,"(-0.1, 0.1)",15,0.024753904035262675,0.96,163
[4],0.12000000000000001,0.0,0.0,0.2,0.55,sigmoid,sgd,0.55,4,gaussian,"(-0.1, 0.1)",15,0.11183233290233745,0.56,164
[4],0.18000000000000002,0.0,0.0,0.15000000000000002,0.7500000000000002,sigmoid,sgd,0.8000000000000003,4,gaussian,"(-0.5, 0.5)",15,0.0609117355906382,0.96,165
[3],0.14,0.0,0.0,0.15000000000000002,0.6500000000000001,sigmoid,sgd,0.6500000000000001,2,gaussian,"(-0.1, 0.1)",15,0.03701040016578756,1.0,166
[3],0.16000000000000003,0.0,0.0,0.05,0.7500000000000002,sigmoid,sgd,0.8000000000000003,6,gaussian,"(-0.5, 0.5)",15,0.11764606804966217,0.64,167
[4],0.18000000000000002,0.0,0.0,0.1,0.9500000000000004,sigmoid,sgd,0.9000000000000004,6,gaussian,"(-0.1, 0.1)",15,0.026848927321028424,0.96,168
[4],0.18000000000000002,0.0,0.0,0.2,0.8500000000000003,sigmoid,sgd,0.6000000000000001,6,gaussian,"(-0.1, 0.1)",15,0.04581099982055556,1.0,169
[4],0.12000000000000001,0.0,0.0,0.0,0.6500000000000001,sigmoid,sgd,0.8000000000000003,6,gaussian,"(-0.1, 0.1)",15,0.1206726289375054,0.48,170
[3],0.16000000000000003,0.0,0.0,0.2,0.8000000000000003,sigmoid,sgd,0.7500000000000002,2,gaussian,"(-0.5, 0.5)",15,0.034092933734423944,0.92,171
[4],0.18000000000000002,0.0,0.0,0.2,0.7000000000000002,sigmoid,sgd,0.5,2,gaussian,"(-0.1, 0.1)",15,0.025091778918796718,0.96,172
[3],0.18000000000000002,0.0,0.0,0.2,0.9000000000000004,sigmoid,sgd,0.6500000000000001,6,gaussian,"(-0.1, 0.1)",15,0.028096871698588596,0.96,173
[3],0.14,0.0,0.0,0.15000000000000002,0.7500000000000002,sigmoid,sgd,0.55,2,gaussian,"(-0.5, 0.5)",15,0.03720452208416114,0.92,174
[4],0.14,0.0,0.0,0.05,0.9500000000000004,sigmoid,sgd,0.7000000000000002,2,gaussian,"(-0.1, 0.1)",15,0.011390493588867696,1.0,175
[3],0.18000000000000002,0.0,0.0,0.1,0.7500000000000002,sigmoid,sgd,0.8000000000000003,6,gaussian,"(-0.1, 0.1)",15,0.11053581527228878,0.72,176
[4],0.16000000000000003,0.0,0.0,0.15000000000000002,0.9500000000000004,sigmoid,sgd,0.55,4,gaussian,"(-0.1, 0.1)",15,0.01337134168302736,1.0,177
[4],0.16000000000000003,0.0,0.0,0.1,0.9000000000000004,sigmoid,sgd,0.55,4,gaussian,"(-0.1, 0.1)",15,0.022338926546041207,0.96,178
[3],0.16000000000000003,0.0,0.0,0.1,0.7500000000000002,sigmoid,sgd,0.8500000000000003,6,gaussian,"(-0.1, 0.1)",15,0.12004598141555013,0.64,179
[3],0.14,0.0,0.0,0.05,0.6500000000000001,sigmoid,sgd,0.55,2,gaussian,"(-0.5, 0.5)",15,0.038352365647627354,0.96,180
[3],0.18000000000000002,0.0,0.0,0.0,0.8500000000000003,sigmoid,sgd,0.8500000000000003,2,gaussian,"(-0.5, 0.5)",15,0.017884665199176135,0.96,181
[3],0.18000000000000002,0.0,0.0,0.05,0.5,sigmoid,sgd,0.8000000000000003,6,gaussian,"(-0.5, 0.5)",15,0.12305749511906434,0.6,182
[3],0.18000000000000002,0.0,0.0,0.15000000000000002,0.7500000000000002,sigmoid,sgd,0.9500000000000004,2,gaussian,"(-0.5, 0.5)",15,0.04040614573302937,0.92,183
[3],0.16000000000000003,0.0,0.0,0.1,0.7500000000000002,sigmoid,sgd,0.9500000000000004,2,gaussian,"(-0.1, 0.1)",15,0.028954098373549834,0.96,185
[4],0.12000000000000001,0.0,0.0,0.2,0.8000000000000003,sigmoid,sgd,0.8500000000000003,2,gaussian,"(-0.5, 0.5)",15,0.03810033551099269,1.0,186
[4],0.12000000000000001,0.0,0.0,0.2,0.9000000000000004,sigmoid,sgd,0.9000000000000004,6,gaussian,"(-0.5, 0.5)",15,0.0766083616758128,0.8,187
[3],0.12000000000000001,0.0,0.0,0.0,0.6500000000000001,sigmoid,sgd,0.7500000000000002,4,gaussian,"(-0.5, 0.5)",15,0.12156702657619023,0.6,188
[4],0.14,0.0,0.0,0.0,0.8000000000000003,sigmoid,sgd,0.7000000000000002,4,gaussian,"(-0.5, 0.5)",15,0.05076980947903411,1.0,189
[4],0.1,0.0,0.0,0.15000000000000002,0.9500000000000004,sigmoid,sgd,0.7500000000000002,4,gaussian,"(-0.1, 0.1)",15,0.02604102541780489,0.96,190
[3],0.12000000000000001,0.0,0.0,0.1,0.6500000000000001,sigmoid,sgd,0.9500000000000004,6,gaussian,"(-0.5, 0.5)",15,0.1235854209182467,0.6,191
[4],0.14,0.0,0.0,0.2,0.9000000000000004,sigmoid,sgd,0.5,2,gaussian,"(-0.5, 0.5)",15,0.022298699554387565,1.0,192
[3],0.12000000000000001,0.0,0.0,0.05,0.8000000000000003,sigmoid,sgd,0.9000000000000004,2,gaussian,"(-0.5, 0.5)",15,0.03600629512363218,0.92,193
[3],0.1,0.0,0.0,0.1,0.9500000000000004,sigmoid,sgd,0.6500000000000001,2,gaussian,"(-0.5, 0.5)",15,0.02874759991474959,0.92,194
[3],0.12000000000000001,0.0,0.0,0.2,0.6000000000000001,sigmoid,sgd,0.8500000000000003,4,gaussian,"(-0.5, 0.5)",15,0.12326275246807024,0.6,195
[3],0.18000000000000002,0.0,0.0,0.05,0.9500000000000004,sigmoid,sgd,0.8500000000000003,6,gaussian,"(-0.1, 0.1)",15,0.019643848906120188,0.96,196
[4],0.14,0.0,0.0,0.1,0.8000000000000003,sigmoid,sgd,0.5,6,gaussian,"(-0.5, 0.5)",15,0.07188364798067823,0.96,197
[4],0.16000000000000003,0.0,0.0,0.2,0.5,sigmoid,sgd,0.8000000000000003,4,gaussian,"(-0.1, 0.1)",15,0.1146484704389346,0.48,198
[4],0.12000000000000001,0.0,0.0,0.15000000000000002,0.9000000000000004,sigmoid,sgd,0.8000000000000003,4,gaussian,"(-0.5, 0.5)",15,0.04337403757201105,1.0,199
[3],0.16000000000000003,0.0,0.0,0.05,0.9000000000000004,sigmoid,sgd,0.6500000000000001,2,gaussian,"(-0.1, 0.1)",15,0.008448282377601337,1.0,200
[4],0.1,0.0,0.0,0.15000000000000002,0.9500000000000004,sigmoid,sgd,0.7500000000000002,2,gaussian,"(-0.1, 0.1)",15,0.038337896935111054,0.9166666666666666,1
[3],0.12000000000000001,0.0,0.0,0.0,0.7000000000000002,sigmoid,sgd,0.6500000000000001,2,gaussian,"(-0.1, 0.1)",15,0.03782162388710487,0.9166666666666666,2
[4],0.12000000000000001,0.0,0.0,0.1,0.8000000000000003,sigmoid,sgd,0.5,4,gaussian,"(-0.1, 0.1)",15,0.03977456084327936,0.9166666666666666,3
[3],0.14,0.0,0.0,0.15000000000000002,0.55,sigmoid,sgd,0.8000000000000003,2,gaussian,"(-0.1, 0.1)",15,0.05416093109590355,0.9166666666666666,4
[4],0.16000000000000003,0.0,0.0,0.05,0.5,sigmoid,sgd,0.8500000000000003,4,gaussian,"(-0.5, 0.5)",15,0.11580962087238005,0.6666666666666666,5
[3],0.1,0.0,0.0,0.2,0.9000000000000004,sigmoid,sgd,0.6500000000000001,4,gaussian,"(-0.1, 0.1)",15,0.040774036652356044,0.9166666666666666,6
[3],0.12000000000000001,0.0,0.0,0.15000000000000002,0.7500000000000002,sigmoid,sgd,0.8000000000000003,2,gaussian,"(-0.1, 0.1)",15,0.03897925362778625,0.9166666666666666,7
[4],0.18000000000000002,0.0,0.0,0.05,0.7500000000000002,sigmoid,sgd,0.55,6,gaussian,"(-0.1, 0.1)",15,0.0423229540946676,0.9166666666666666,8
[3],0.14,0.0,0.0,0.05,0.9000000000000004,sigmoid,sgd,0.7500000000000002,6,gaussian,"(-0.5, 0.5)",15,0.03692013837759491,0.9166666666666666,9
[3],0.1,0.0,0.0,0.15000000000000002,0.7500000000000002,sigmoid,sgd,0.8500000000000003,6,gaussian,"(-0.5, 0.5)",15,0.12392352937709648,0.625,10
[3],0.18000000000000002,0.0,0.0,0.05,0.9000000000000004,sigmoid,sgd,0.9500000000000004,6,gaussian,"(-0.1, 0.1)",15,0.038394345387449166,0.9166666666666666,11
[3],0.16000000000000003,0.0,0.0,0.1,0.7000000000000002,sigmoid,sgd,0.6000000000000001,2,gaussian,"(-0.1, 0.1)",15,0.03801259082246708,0.9166666666666666,12
[4],0.1,0.0,0.0,0.2,0.8000000000000003,sigmoid,sgd,0.7500000000000002,4,gaussian,"(-0.1, 0.1)",15,0.055999965368547795,0.9166666666666666,13
[3],0.18000000000000002,0.0,0.0,0.0,0.5,sigmoid,sgd,0.55,4,gaussian,"(-0.1, 0.1)",15,0.07426699732175068,0.9166666666666666,14
[3],0.18000000000000002,0.0,0.0,0.15000000000000002,0.8500000000000003,sigmoid,sgd,0.9500000000000004,6,gaussian,"(-0.1, 0.1)",15,0.04730023544321876,0.9166666666666666,15
[3],0.16000000000000003,0.0,0.0,0.0,0.8500000000000003,sigmoid,sgd,0.5,6,gaussian,"(-0.1, 0.1)",15,0.03695112320189953,0.9166666666666666,16
[3],0.14,0.0,0.0,0.0,0.6500000000000001,sigmoid,sgd,0.6500000000000001,2,gaussian,"(-0.1, 0.1)",15,0.037833847470005615,0.9166666666666666,17
[4],0.1,0.0,0.0,0.2,0.7500000000000002,sigmoid,sgd,0.6000000000000001,6,gaussian,"(-0.5, 0.5)",15,0.11543191280466557,0.6666666666666666,18
[3],0.18000000000000002,0.0,0.0,0.2,0.8500000000000003,sigmoid,sgd,0.8000000000000003,6,gaussian,"(-0.5, 0.5)",15,0.05358927499058496,0.9166666666666666,19
[3],0.18000000000000002,0.0,0.0,0.2,0.6500000000000001,sigmoid,sgd,0.8500000000000003,4,gaussian,"(-0.1, 0.1)",15,0.10456249562819968,0.7083333333333334,20
[4],0.18000000000000002,0.0,0.0,0.0,0.9000000000000004,sigmoid,sgd,0.6500000000000001,2,gaussian,"(-0.1, 0.1)",15,0.036904760547082846,0.9166666666666666,21
[4],0.18000000000000002,0.0,0.0,0.2,0.9000000000000004,sigmoid,sgd,0.7500000000000002,2,gaussian,"(-0.5, 0.5)",15,0.037776337265986164,0.9166666666666666,22
[4],0.18000000000000002,0.0,0.0,0.05,0.6500000000000001,sigmoid,sgd,0.9500000000000004,2,gaussian,"(-0.5, 0.5)",15,0.043185220800685764,0.9166666666666666,23
[4],0.12000000000000001,0.0,0.0,0.15000000000000002,0.9500000000000004,sigmoid,sgd,0.55,2,gaussian,"(-0.5, 0.5)",15,0.03813333488213657,0.9166666666666666,24
[4],0.16000000000000003,0.0,0.0,0.0,0.6500000000000001,sigmoid,sgd,0.9000000000000004,2,gaussian,"(-0.1, 0.1)",15,0.03940822533332764,0.9166666666666666,25
[4],0.18000000000000002,0.0,0.0,0.05,0.6000000000000001,sigmoid,sgd,0.6500000000000001,4,gaussian,"(-0.5, 0.5)",15,0.07930727800339822,0.9166666666666666,26
[3],0.12000000000000001,0.0,0.0,0.1,0.55,sigmoid,sgd,0.55,4,gaussian,"(-0.1, 0.1)",15,0.11764509171050758,0.7916666666666666,27
[3],0.16000000000000003,0.0,0.0,0.2,0.6500000000000001,sigmoid,sgd,0.6500000000000001,2,gaussian,"(-0.5, 0.5)",15,0.038135971362971095,0.9166666666666666,28
[4],0.18000000000000002,0.0,0.0,0.0,0.55,sigmoid,sgd,0.6500000000000001,4,gaussian,"(-0.1, 0.1)",15,0.06320840072322943,0.9166666666666666,29
[4],0.12000000000000001,0.0,0.0,0.1,0.9500000000000004,sigmoid,sgd,0.6500000000000001,2,gaussian,"(-0.1, 0.1)",15,0.03725312154776198,0.9166666666666666,30
[3],0.1,0.0,0.0,0.0,0.6500000000000001,sigmoid,sgd,0.55,4,gaussian,"(-0.5, 0.5)",15,0.12037219139272082,0.6666666666666666,31
[3],0.14,0.0,0.0,0.05,0.9000000000000004,sigmoid,sgd,0.9500000000000004,6,gaussian,"(-0.1, 0.1)",15,0.047090396453849104,0.9166666666666666,32
[4],0.18000000000000002,0.0,0.0,0.2,0.5,sigmoid,sgd,0.6500000000000001,6,gaussian,"(-0.1, 0.1)",15,0.10683426992860261,0.875,33
[4],0.1,0.0,0.0,0.0,0.8000000000000003,sigmoid,sgd,0.7000000000000002,6,gaussian,"(-0.1, 0.1)",15,0.09070496125022892,0.9166666666666666,34
[4],0.18000000000000002,0.0,0.0,0.0,0.7500000000000002,sigmoid,sgd,0.9000000000000004,4,gaussian,"(-0.1, 0.1)",15,0.04176767907517123,0.9166666666666666,35
[3],0.18000000000000002,0.0,0.0,0.1,0.7500000000000002,sigmoid,sgd,0.7500000000000002,6,gaussian,"(-0.5, 0.5)",15,0.11029714933935296,0.7083333333333334,36
[4],0.12000000000000001,0.0,0.0,0.2,0.7000000000000002,sigmoid,sgd,0.9000000000000004,4,gaussian,"(-0.1, 0.1)",15,0.08628727630174937,0.9166666666666666,37
[4],0.16000000000000003,0.0,0.0,0.05,0.55,sigmoid,sgd,0.9500000000000004,2,gaussian,"(-0.5, 0.5)",15,0.057558775442055544,0.9166666666666666,38
[4],0.16000000000000003,0.0,0.0,0.2,0.6000000000000001,sigmoid,sgd,0.7000000000000002,6,gaussian,"(-0.5, 0.5)",15,0.11715939571592605,0.6666666666666666,39
[3],0.18000000000000002,0.0,0.0,0.05,0.7500000000000002,sigmoid,sgd,0.6000000000000001,6,gaussian,"(-0.5, 0.5)",15,0.09090173516235196,0.875,40
[4],0.16000000000000003,0.0,0.0,0.1,0.8500000000000003,sigmoid,sgd,0.6000000000000001,2,gaussian,"(-0.5, 0.5)",15,0.03860019821192864,0.9166666666666666,41
[3],0.18000000000000002,0.0,0.0,0.05,0.6500000000000001,sigmoid,sgd,0.6000000000000001,6,gaussian,"(-0.5, 0.5)",15,0.11766497143134184,0.6666666666666666,42
[3],0.16000000000000003,0.0,0.0,0.15000000000000002,0.8500000000000003,sigmoid,sgd,0.5,4,gaussian,"(-0.5, 0.5)",15,0.03517800709461277,0.9166666666666666,43
[4],0.12000000000000001,0.0,0.0,0.05,0.6500000000000001,sigmoid,sgd,0.7500000000000002,4,gaussian,"(-0.5, 0.5)",15,0.11092969035796492,0.6666666666666666,44
[4],0.1,0.0,0.0,0.2,0.8000000000000003,sigmoid,sgd,0.8500000000000003,4,gaussian,"(-0.1, 0.1)",15,0.062862371957451,0.9166666666666666,45
[4],0.1,0.0,0.0,0.2,0.8000000000000003,sigmoid,sgd,0.8000000000000003,4,gaussian,"(-0.5, 0.5)",15,0.09253330330935543,0.7916666666666666,46
[3],0.16000000000000003,0.0,0.0,0.1,0.9500000000000004,sigmoid,sgd,0.55,6,gaussian,"(-0.1, 0.1)",15,0.03752389888338937,0.9166666666666666,47
[3],0.16000000000000003,0.0,0.0,0.15000000000000002,0.7500000000000002,sigmoid,sgd,0.9500000000000004,6,gaussian,"(-0.5, 0.5)",15,0.1210312949912109,0.625,48
[3],0.14,0.0,0.0,0.1,0.6000000000000001,sigmoid,sgd,0.7500000000000002,2,gaussian,"(-0.1, 0.1)",15,0.040840767655228975,0.9166666666666666,49
[4],0.18000000000000002,0.0,0.0,0.15000000000000002,0.5,sigmoid,sgd,0.6000000000000001,2,gaussian,"(-0.5, 0.5)",15,0.04376053579598377,0.9166666666666666,50
[4],0.14,0.0,0.0,0.15000000000000002,0.7000000000000002,sigmoid,sgd,0.5,6,gaussian,"(-0.1, 0.1)",15,0.07357325852390088,0.9166666666666666,51
[4],0.16000000000000003,0.0,0.0,0.15000000000000002,0.9000000000000004,sigmoid,sgd,0.9500000000000004,6,gaussian,"(-0.5, 0.5)",15,0.054431828774925715,0.9166666666666666,52
[4],0.1,0.0,0.0,0.05,0.5,sigmoid,sgd,0.55,4,gaussian,"(-0.1, 0.1)",15,0.11279264500940663,0.75,54
[4],0.18000000000000002,0.0,0.0,0.2,0.9500000000000004,sigmoid,sgd,0.55,4,gaussian,"(-0.5, 0.5)",15,0.03764024448262713,0.9166666666666666,55
[4],0.1,0.0,0.0,0.15000000000000002,0.9000000000000004,sigmoid,sgd,0.55,6,gaussian,"(-0.5, 0.5)",15,0.05745753027844263,0.9166666666666666,56
[4],0.18000000000000002,0.0,0.0,0.05,0.6500000000000001,sigmoid,sgd,0.9500000000000004,6,gaussian,"(-0.5, 0.5)",15,0.11613939903531866,0.6666666666666666,57
[4],0.14,0.0,0.0,0.2,0.9500000000000004,sigmoid,sgd,0.8500000000000003,2,gaussian,"(-0.5, 0.5)",15,0.03759525663165031,0.9166666666666666,58
[3],0.1,0.0,0.0,0.0,0.5,sigmoid,sgd,0.8000000000000003,2,gaussian,"(-0.5, 0.5)",15,0.1185718304587474,0.625,59
[3],0.1,0.0,0.0,0.05,0.7000000000000002,sigmoid,sgd,0.9000000000000004,6,gaussian,"(-0.1, 0.1)",15,0.124618509425036,0.5,60
[3],0.14,0.0,0.0,0.1,0.8000000000000003,sigmoid,sgd,0.7500000000000002,6,gaussian,"(-0.5, 0.5)",15,0.11307835872909237,0.6666666666666666,61
[3],0.12000000000000001,0.0,0.0,0.15000000000000002,0.6000000000000001,sigmoid,sgd,0.5,6,gaussian,"(-0.5, 0.5)",15,0.1234790338018023,0.625,62
[3],0.12000000000000001,0.0,0.0,0.2,0.7500000000000002,sigmoid,sgd,0.5,4,gaussian,"(-0.1, 0.1)",15,0.08637781636031579,0.875,63
[4],0.12000000000000001,0.0,0.0,0.2,0.55,sigmoid,sgd,0.8000000000000003,2,gaussian,"(-0.1, 0.1)",15,0.054728181193098004,0.9166666666666666,64
[4],0.16000000000000003,0.0,0.0,0.1,0.6500000000000001,sigmoid,sgd,0.5,2,gaussian,"(-0.5, 0.5)",15,0.04023158523297474,0.9166666666666666,65
[3],0.16000000000000003,0.0,0.0,0.2,0.6000000000000001,sigmoid,sgd,0.7500000000000002,2,gaussian,"(-0.1, 0.1)",15,0.052574141444504,0.9166666666666666,66
[3],0.1,0.0,0.0,0.15000000000000002,0.8000000000000003,sigmoid,sgd,0.9500000000000004,2,gaussian,"(-0.5, 0.5)",15,0.04425726061046778,0.9166666666666666,67
[3],0.1,0.0,0.0,0.2,0.7000000000000002,sigmoid,sgd,0.6500000000000001,2,gaussian,"(-0.5, 0.5)",15,0.057017027467564076,0.9166666666666666,68
[4],0.16000000000000003,0.0,0.0,0.0,0.7000000000000002,sigmoid,sgd,0.5,6,gaussian,"(-0.1, 0.1)",15,0.05577715449035429,0.9166666666666666,69
[4],0.18000000000000002,0.0,0.0,0.1,0.7000000000000002,sigmoid,sgd,0.55,4,gaussian,"(-0.5, 0.5)",15,0.050271521935449016,0.9166666666666666,70
[3],0.12000000000000001,0.0,0.0,0.0,0.8500000000000003,sigmoid,sgd,0.55,4,gaussian,"(-0.1, 0.1)",15,0.03716233637172672,0.9166666666666666,71
[4],0.18000000000000002,0.0,0.0,0.1,0.7000000000000002,sigmoid,sgd,0.9500000000000004,2,gaussian,"(-0.5, 0.5)",15,0.041953368778177964,0.9166666666666666,72
[3],0.16000000000000003,0.0,0.0,0.1,0.8500000000000003,sigmoid,sgd,0.9500000000000004,4,gaussian,"(-0.5, 0.5)",15,0.03915217190031664,0.9166666666666666,73
[3],0.14,0.0,0.0,0.1,0.8500000000000003,sigmoid,sgd,0.55,4,gaussian,"(-0.5, 0.5)",15,0.03484154034964631,0.9166666666666666,74
[3],0.14,0.0,0.0,0.1,0.9500000000000004,sigmoid,sgd,0.7500000000000002,6,gaussian,"(-0.5, 0.5)",15,0.03394097634385292,0.9166666666666666,75
[4],0.16000000000000003,0.0,0.0,0.2,0.8000000000000003,sigmoid,sgd,0.8000000000000003,2,gaussian,"(-0.1, 0.1)",15,0.039180082857640436,0.9166666666666666,76
[4],0.16000000000000003,0.0,0.0,0.2,0.7500000000000002,sigmoid,sgd,0.55,6,gaussian,"(-0.5, 0.5)",15,0.08016509652014112,0.9166666666666666,77
[3],0.16000000000000003,0.0,0.0,0.05,0.7000000000000002,sigmoid,sgd,0.7500000000000002,4,gaussian,"(-0.1, 0.1)",15,0.09024787723094503,0.9166666666666666,78
[3],0.12000000000000001,0.0,0.0,0.2,0.5,sigmoid,sgd,0.8000000000000003,6,gaussian,"(-0.1, 0.1)",15,0.1248875027894264,0.4583333333333333,79
[3],0.14,0.0,0.0,0.1,0.9500000000000004,sigmoid,sgd,0.9500000000000004,2,gaussian,"(-0.1, 0.1)",15,0.03868095748650515,0.9166666666666666,80
[4],0.1,0.0,0.0,0.1,0.9000000000000004,sigmoid,sgd,0.7000000000000002,2,gaussian,"(-0.5, 0.5)",15,0.03898875014323288,0.9166666666666666,81
[4],0.14,0.0,0.0,0.15000000000000002,0.8000000000000003,sigmoid,sgd,0.8500000000000003,2,gaussian,"(-0.5, 0.5)",15,0.04145816467767885,0.9166666666666666,82
[4],0.16000000000000003,0.0,0.0,0.05,0.7000000000000002,sigmoid,sgd,0.5,2,gaussian,"(-0.5, 0.5)",15,0.03952981233947393,0.9166666666666666,83
[3],0.1,0.0,0.0,0.05,0.8000000000000003,sigmoid,sgd,0.9000000000000004,4,gaussian,"(-0.5, 0.5)",15,0.11532506265482438,0.6666666666666666,84
[4],0.12000000000000001,0.0,0.0,0.05,0.8000000000000003,sigmoid,sgd,0.8000000000000003,6,gaussian,"(-0.1, 0.1)",15,0.07410764245779516,0.9166666666666666,85
[3],0.18000000000000002,0.0,0.0,0.15000000000000002,0.7500000000000002,sigmoid,sgd,0.9000000000000004,4,gaussian,"(-0.1, 0.1)",15,0.04857906474203532,0.9166666666666666,86
[3],0.12000000000000001,0.0,0.0,0.15000000000000002,0.55,sigmoid,sgd,0.8500000000000003,4,gaussian,"(-0.5, 0.5)",15,0.12387029214539262,0.625,87
[4],0.14,0.0,0.0,0.1,0.7000000000000002,sigmoid,sgd,0.5,6,gaussian,"(-0.1, 0.1)",15,0.07318759833983637,0.9166666666666666,88
[3],0.14,0.0,0.0,0.2,0.5,sigmoid,sgd,0.9000000000000004,2,gaussian,"(-0.5, 0.5)",15,0.10685886226424912,0.7083333333333334,89
[4],0.12000000000000001,0.0,0.0,0.1,0.6500000000000001,sigmoid,sgd,0.55,2,gaussian,"(-0.5, 0.5)",15,0.04475353114047357,0.9166666666666666,91
[4],0.16000000000000003,0.0,0.0,0.05,0.8500000000000003,sigmoid,sgd,0.7000000000000002,2,gaussian,"(-0.1, 0.1)",15,0.03797223998965346,0.9166666666666666,92
[4],0.16000000000000003,0.0,0.0,0.15000000000000002,0.7000000000000002,sigmoid,sgd,0.8500000000000003,4,gaussian,"(-0.5, 0.5)",15,0.08556110060005391,0.9166666666666666,93
[3],0.14,0.0,0.0,0.15000000000000002,0.8000000000000003,sigmoid,sgd,0.8000000000000003,6,gaussian,"(-0.5, 0.5)",15,0.11568013000816002,0.6666666666666666,94
[4],0.14,0.0,0.0,0.0,0.7000000000000002,sigmoid,sgd,0.9000000000000004,4,gaussian,"(-0.5, 0.5)",15,0.10052054428014034,0.6666666666666666,95
[3],0.1,0.0,0.0,0.0,0.5,sigmoid,sgd,0.7500000000000002,2,gaussian,"(-0.5, 0.5)",15,0.11716797366913063,0.625,96
[3],0.1,0.0,0.0,0.0,0.9500000000000004,sigmoid,sgd,0.55,2,gaussian,"(-0.5, 0.5)",15,0.03579592938903915,0.9166666666666666,97
[3],0.1,0.0,0.0,0.05,0.7000000000000002,sigmoid,sgd,0.7000000000000002,4,gaussian,"(-0.5, 0.5)",15,0.12132936314272082,0.625,98
[3],0.1,0.0,0.0,0.1,0.5,sigmoid,sgd,0.7000000000000002,4,gaussian,"(-0.5, 0.5)",15,0.12429709797154258,0.625,99
[3],0.16000000000000003,0.0,0.0,0.05,0.9500000000000004,sigmoid,sgd,0.6000000000000001,6,gaussian,"(-0.1, 0.1)",15,0.03720095843485425,0.9166666666666666,100
[3],0.16000000000000003,0.0,0.0,0.1,0.55,sigmoid,sgd,0.8500000000000003,2,gaussian,"(-0.1, 0.1)",15,0.04253914114902226,0.9166666666666666,101
[3],0.1,0.0,0.0,0.15000000000000002,0.7000000000000002,sigmoid,sgd,0.9000000000000004,6,gaussian,"(-0.5, 0.5)",15,0.1244720762276293,0.5833333333333334,102
[4],0.16000000000000003,0.0,0.0,0.0,0.9000000000000004,sigmoid,sgd,0.55,6,gaussian,"(-0.5, 0.5)",15,0.03827289147132307,0.9166666666666666,103
[4],0.16000000000000003,0.0,0.0,0.0,0.55,sigmoid,sgd,0.7000000000000002,6,gaussian,"(-0.1, 0.1)",15,0.11410565308291605,0.7083333333333334,104
[3],0.16000000000000003,0.0,0.0,0.05,0.7000000000000002,sigmoid,sgd,0.55,6,gaussian,"(-0.1, 0.1)",15,0.10581531127840545,0.875,105
[3],0.1,0.0,0.0,0.05,0.5,sigmoid,sgd,0.9000000000000004,6,gaussian,"(-0.5, 0.5)",15,0.1250801329405651,0.5,106
[4],0.1,0.0,0.0,0.0,0.7500000000000002,sigmoid,sgd,0.55,2,gaussian,"(-0.1, 0.1)",15,0.03895518986919419,0.9166666666666666,107
[3],0.1,0.0,0.0,0.0,0.6000000000000001,sigmoid,sgd,0.6500000000000001,6,gaussian,"(-0.1, 0.1)",15,0.12371057500229728,0.5416666666666666,108
[3],0.1,0.0,0.0,0.1,0.55,sigmoid,sgd,0.55,4,gaussian,"(-0.1, 0.1)",15,0.12277281529746385,0.6666666666666666,109
[3],0.16000000000000003,0.0,0.0,0.1,0.8000000000000003,sigmoid,sgd,0.6500000000000001,2,gaussian,"(-0.5, 0.5)",15,0.034156441566600054,0.9166666666666666,110
[3],0.1,0.0,0.0,0.1,0.6000000000000001,sigmoid,sgd,0.8500000000000003,2,gaussian,"(-0.1, 0.1)",15,0.07570566096723898,0.875,111
[3],0.18000000000000002,0.0,0.0,0.15000000000000002,0.6000000000000001,sigmoid,sgd,0.5,2,gaussian,"(-0.5, 0.5)",15,0.03569331578072369,0.9166666666666666,112
[4],0.16000000000000003,0.0,0.0,0.05,0.6500000000000001,sigmoid,sgd,0.6500000000000001,2,gaussian,"(-0.1, 0.1)",15,0.03903162258948363,0.9166666666666666,113
[4],0.18000000000000002,0.0,0.0,0.0,0.7000000000000002,sigmoid,sgd,0.6500000000000001,2,gaussian,"(-0.5, 0.5)",15,0.03930153765651113,0.9166666666666666,114
[3],0.16000000000000003,0.0,0.0,0.05,0.7000000000000002,sigmoid,sgd,0.8500000000000003,4,gaussian,"(-0.1, 0.1)",15,0.10328553736406325,0.875,115
[3],0.1,0.0,0.0,0.1,0.7000000000000002,sigmoid,sgd,0.9500000000000004,4,gaussian,"(-0.1, 0.1)",15,0.12143309373214602,0.7083333333333334,116
[3],0.18000000000000002,0.0,0.0,0.05,0.6000000000000001,sigmoid,sgd,0.6500000000000001,6,gaussian,"(-0.5, 0.5)",15,0.12158435212982661,0.625,117
[4],0.12000000000000001,0.0,0.0,0.1,0.6500000000000001,sigmoid,sgd,0.6500000000000001,6,gaussian,"(-0.1, 0.1)",15,0.11412013415429438,0.7083333333333334,118
[4],0.12000000000000001,0.0,0.0,0.0,0.8500000000000003,sigmoid,sgd,0.6500000000000001,6,gaussian,"(-0.1, 0.1)",15,0.043598968327665834,0.9166666666666666,119
[4],0.14,0.0,0.0,0.05,0.8500000000000003,sigmoid,sgd,0.7500000000000002,2,gaussian,"(-0.1, 0.1)",15,0.03882507402287971,0.9166666666666666,120
[4],0.12000000000000001,0.0,0.0,0.0,0.8500000000000003,sigmoid,sgd,0.6500000000000001,4,gaussian,"(-0.1, 0.1)",15,0.03885198913938182,0.9166666666666666,121
[3],0.1,0.0,0.0,0.15000000000000002,0.9000000000000004,sigmoid,sgd,0.7000000000000002,2,gaussian,"(-0.1, 0.1)",15,0.038527343941674896,0.9166666666666666,122
[3],0.14,0.0,0.0,0.15000000000000002,0.9500000000000004,sigmoid,sgd,0.5,2,gaussian,"(-0.1, 0.1)",15,0.036909036224436066,0.9166666666666666,123
[4],0.18000000000000002,0.0,0.0,0.15000000000000002,0.8500000000000003,sigmoid,sgd,0.55,6,gaussian,"(-0.5, 0.5)",15,0.04622413004242366,0.9166666666666666,124
[3],0.12000000000000001,0.0,0.0,0.1,0.7000000000000002,sigmoid,sgd,0.7000000000000002,2,gaussian,"(-0.1, 0.1)",15,0.0386473889123139,0.9166666666666666,125
[4],0.16000000000000003,0.0,0.0,0.05,0.8000000000000003,sigmoid,sgd,0.55,4,gaussian,"(-0.1, 0.1)",15,0.038751626924297365,0.9166666666666666,126
[4],0.16000000000000003,0.0,0.0,0.1,0.9500000000000004,sigmoid,sgd,0.9000000000000004,6,gaussian,"(-0.1, 0.1)",15,0.03836168729053403,0.9166666666666666,127
[3],0.16000000000000003,0.0,0.0,0.1,0.8500000000000003,sigmoid,sgd,0.9000000000000004,6,gaussian,"(-0.1, 0.1)",15,0.04464148284685282,0.9166666666666666,128
[3],0.14,0.0,0.0,0.05,0.9000000000000004,sigmoid,sgd,0.7500000000000002,4,gaussian,"(-0.5, 0.5)",15,0.03377119638118014,0.9166666666666666,129
[4],0.1,0.0,0.0,0.0,0.7500000000000002,sigmoid,sgd,0.8500000000000003,6,gaussian,"(-0.5, 0.5)",15,0.11977729868533686,0.625,130
[4],0.1,0.0,0.0,0.05,0.8500000000000003,sigmoid,sgd,0.7000000000000002,2,gaussian,"(-0.1, 0.1)",15,0.03931901817267446,0.9166666666666666,131
[4],0.1,0.0,0.0,0.05,0.8500000000000003,sigmoid,sgd,0.8000000000000003,6,gaussian,"(-0.5, 0.5)",15,0.10207067005343462,0.7083333333333334,132
[4],0.16000000000000003,0.0,0.0,0.15000000000000002,0.5,sigmoid,sgd,0.6500000000000001,6,gaussian,"(-0.5, 0.5)",15,0.11967112787211537,0.625,133
[4],0.14,0.0,0.0,0.15000000000000002,0.9500000000000004,sigmoid,sgd,0.7000000000000002,2,gaussian,"(-0.1, 0.1)",15,0.03773180353228365,0.9166666666666666,134
[4],0.14,0.0,0.0,0.1,0.5,sigmoid,sgd,0.6000000000000001,6,gaussian,"(-0.5, 0.5)",15,0.12043808320381766,0.625,135
[3],0.12000000000000001,0.0,0.0,0.05,0.6000000000000001,sigmoid,sgd,0.9500000000000004,2,gaussian,"(-0.5, 0.5)",15,0.10257991129940346,0.7083333333333334,136
[4],0.12000000000000001,0.0,0.0,0.05,0.9000000000000004,sigmoid,sgd,0.7500000000000002,4,gaussian,"(-0.5, 0.5)",15,0.039729637300875316,0.9166666666666666,137
[3],0.1,0.0,0.0,0.15000000000000002,0.8500000000000003,sigmoid,sgd,0.5,6,gaussian,"(-0.5, 0.5)",15,0.09336802468993466,0.875,138
[4],0.14,0.0,0.0,0.2,0.6000000000000001,sigmoid,sgd,0.5,2,gaussian,"(-0.5, 0.5)",15,0.04345236205170707,0.9166666666666666,139
[3],0.16000000000000003,0.0,0.0,0.2,0.6500000000000001,sigmoid,sgd,0.5,6,gaussian,"(-0.1, 0.1)",15,0.12012999426745136,0.5416666666666666,140
[4],0.12000000000000001,0.0,0.0,0.0,0.55,sigmoid,sgd,0.8500000000000003,4,gaussian,"(-0.5, 0.5)",15,0.11948314336884264,0.625,141
[4],0.12000000000000001,0.0,0.0,0.15000000000000002,0.7500000000000002,sigmoid,sgd,0.7500000000000002,4,gaussian,"(-0.5, 0.5)",15,0.08990447489500453,0.875,142
[3],0.12000000000000001,0.0,0.0,0.15000000000000002,0.8000000000000003,sigmoid,sgd,0.8000000000000003,2,gaussian,"(-0.1, 0.1)",15,0.03830220314810611,0.9166666666666666,143
[3],0.14,0.0,0.0,0.15000000000000002,0.9000000000000004,sigmoid,sgd,0.5,4,gaussian,"(-0.5, 0.5)",15,0.03485171952837048,0.9166666666666666,144
[3],0.18000000000000002,0.0,0.0,0.15000000000000002,0.9500000000000004,sigmoid,sgd,0.7000000000000002,6,gaussian,"(-0.1, 0.1)",15,0.038209106039534334,0.9166666666666666,145
[4],0.18000000000000002,0.0,0.0,0.1,0.8500000000000003,sigmoid,sgd,0.6000000000000001,4,gaussian,"(-0.5, 0.5)",15,0.04014867138218903,0.9166666666666666,146
[3],0.14,0.0,0.0,0.15000000000000002,0.6000000000000001,sigmoid,sgd,0.7000000000000002,4,gaussian,"(-0.5, 0.5)",15,0.12068412452616485,0.625,147
[4],0.18000000000000002,0.0,0.0,0.15000000000000002,0.7000000000000002,sigmoid,sgd,0.7000000000000002,2,gaussian,"(-0.1, 0.1)",15,0.03855743296560921,0.9166666666666666,148
[4],0.16000000000000003,0.0,0.0,0.05,0.7500000000000002,sigmoid,sgd,0.8000000000000003,6,gaussian,"(-0.1, 0.1)",15,0.06614514937890688,0.9166666666666666,149
[4],0.14,0.0,0.0,0.2,0.55,sigmoid,sgd,0.9000000000000004,4,gaussian,"(-0.5, 0.5)",15,0.11758152757415814,0.625,150
[4],0.14,0.0,0.0,0.0,0.9000000000000004,sigmoid,sgd,0.9000000000000004,4,gaussian,"(-0.5, 0.5)",15,0.03960722085948972,0.9166666666666666,151
[4],0.14,0.0,0.0,0.05,0.55,sigmoid,sgd,0.9000000000000004,6,gaussian,"(-0.5, 0.5)",15,0.12132366434186238,0.5833333333333334,152
[4],0.1,0.0,0.0,0.0,0.6000000000000001,sigmoid,sgd,0.7500000000000002,2,gaussian,"(-0.5, 0.5)",15,0.07985780750325651,0.9166666666666666,153
[3],0.14,0.0,0.0,0.0,0.55,sigmoid,sgd,0.7000000000000002,2,gaussian,"(-0.1, 0.1)",15,0.041405671118182934,0.9166666666666666,154
[3],0.16000000000000003,0.0,0.0,0.0,0.55,sigmoid,sgd,0.6500000000000001,2,gaussian,"(-0.1, 0.1)",15,0.038345828078455844,0.9166666666666666,155
[4],0.1,0.0,0.0,0.1,0.5,sigmoid,sgd,0.55,6,gaussian,"(-0.1, 0.1)",15,0.12183798383304267,0.5416666666666666,156
[3],0.14,0.0,0.0,0.0,0.55,sigmoid,sgd,0.6000000000000001,6,gaussian,"(-0.1, 0.1)",15,0.12140911047743193,0.7083333333333334,157
[3],0.18000000000000002,0.0,0.0,0.0,0.9000000000000004,sigmoid,sgd,0.9000000000000004,2,gaussian,"(-0.1, 0.1)",15,0.03715350835649714,0.9166666666666666,158
[4],0.14,0.0,0.0,0.2,0.6000000000000001,sigmoid,sgd,0.8000000000000003,4,gaussian,"(-0.1, 0.1)",15,0.0902752249436148,0.9166666666666666,159
[4],0.1,0.0,0.0,0.1,0.55,sigmoid,sgd,0.7500000000000002,6,gaussian,"(-0.1, 0.1)",15,0.12255360316552365,0.5416666666666666,160
[3],0.14,0.0,0.0,0.15000000000000002,0.55,sigmoid,sgd,0.8500000000000003,2,gaussian,"(-0.5, 0.5)",15,0.09291809467525226,0.875,161
[4],0.12000000000000001,0.0,0.0,0.0,0.8500000000000003,sigmoid,sgd,0.55,4,gaussian,"(-0.1, 0.1)",15,0.03864559478312721,0.9166666666666666,162
[3],0.12000000000000001,0.0,0.0,0.15000000000000002,0.8000000000000003,sigmoid,sgd,0.6500000000000001,4,gaussian,"(-0.5, 0.5)",15,0.07419972710783268,0.9166666666666666,163
[3],0.12000000000000001,0.0,0.0,0.15000000000000002,0.8500000000000003,sigmoid,sgd,0.8500000000000003,6,gaussian,"(-0.5, 0.5)",15,0.11178634173410947,0.7083333333333334,164
[4],0.12000000000000001,0.0,0.0,0.15000000000000002,0.55,sigmoid,sgd,0.6500000000000001,6,gaussian,"(-0.1, 0.1)",15,0.11951415257805414,0.5416666666666666,165
[3],0.1,0.0,0.0,0.0,0.8500000000000003,sigmoid,sgd,0.6000000000000001,4,gaussian,"(-0.1, 0.1)",15,0.03823770719748112,0.9166666666666666,166
[4],0.16000000000000003,0.0,0.0,0.05,0.7000000000000002,sigmoid,sgd,0.9000000000000004,6,gaussian,"(-0.1, 0.1)",15,0.09416401535037473,0.9166666666666666,167
[4],0.1,0.0,0.0,0.15000000000000002,0.8500000000000003,sigmoid,sgd,0.5,2,gaussian,"(-0.5, 0.5)",15,0.040051725308219814,0.9166666666666666,168
[3],0.16000000000000003,0.0,0.0,0.15000000000000002,0.6000000000000001,sigmoid,sgd,0.9500000000000004,6,gaussian,"(-0.5, 0.5)",15,0.12409431248887533,0.625,169
[4],0.18000000000000002,0.0,0.0,0.05,0.9000000000000004,sigmoid,sgd,0.9500000000000004,4,gaussian,"(-0.5, 0.5)",15,0.03825072413575754,0.9166666666666666,170
[4],0.1,0.0,0.0,0.0,0.9500000000000004,sigmoid,sgd,0.9500000000000004,2,gaussian,"(-0.5, 0.5)",15,0.036480972143215024,0.9166666666666666,171
[3],0.16000000000000003,0.0,0.0,0.1,0.7500000000000002,sigmoid,sgd,0.6500000000000001,2,gaussian,"(-0.1, 0.1)",15,0.03805663745579204,0.9166666666666666,172
[3],0.14,0.0,0.0,0.0,0.7500000000000002,sigmoid,sgd,0.8500000000000003,6,gaussian,"(-0.5, 0.5)",15,0.12032509799936086,0.6666666666666666,173
[4],0.1,0.0,0.0,0.15000000000000002,0.9500000000000004,sigmoid,sgd,0.7500000000000002,6,gaussian,"(-0.5, 0.5)",15,0.041781120887205876,0.9166666666666666,174
[3],0.12000000000000001,0.0,0.0,0.1,0.8500000000000003,sigmoid,sgd,0.8000000000000003,2,gaussian,"(-0.1, 0.1)",15,0.03821242444805286,0.9166666666666666,175
[3],0.14,0.0,0.0,0.1,0.5,sigmoid,sgd,0.9500000000000004,2,gaussian,"(-0.5, 0.5)",15,0.11126529624238712,0.6666666666666666,176
[3],0.18000000000000002,0.0,0.0,0.2,0.8500000000000003,sigmoid,sgd,0.7000000000000002,6,gaussian,"(-0.5, 0.5)",15,0.045433294614431886,0.9166666666666666,177
[4],0.12000000000000001,0.0,0.0,0.15000000000000002,0.8000000000000003,sigmoid,sgd,0.9000000000000004,2,gaussian,"(-0.1, 0.1)",15,0.0390386185813095,0.9166666666666666,178
[4],0.14,0.0,0.0,0.2,0.9500000000000004,sigmoid,sgd,0.8500000000000003,2,gaussian,"(-0.1, 0.1)",15,0.03522196471485813,0.9166666666666666,179
[4],0.16000000000000003,0.0,0.0,0.15000000000000002,0.7500000000000002,sigmoid,sgd,0.7000000000000002,6,gaussian,"(-0.5, 0.5)",15,0.09502605744451342,0.7916666666666666,180
[3],0.16000000000000003,0.0,0.0,0.05,0.55,sigmoid,sgd,0.7000000000000002,4,gaussian,"(-0.5, 0.5)",15,0.11979764419791732,0.625,181
[4],0.1,0.0,0.0,0.05,0.6000000000000001,sigmoid,sgd,0.7000000000000002,6,gaussian,"(-0.1, 0.1)",15,0.12081000313041135,0.5416666666666666,182
[4],0.1,0.0,0.0,0.0,0.55,sigmoid,sgd,0.7500000000000002,6,gaussian,"(-0.5, 0.5)",15,0.12215921359869945,0.5833333333333334,183
[3],0.12000000000000001,0.0,0.0,0.0,0.9500000000000004,sigmoid,sgd,0.6500000000000001,6,gaussian,"(-0.5, 0.5)",15,0.032768479660616384,0.9166666666666666,184
[4],0.18000000000000002,0.0,0.0,0.15000000000000002,0.6500000000000001,sigmoid,sgd,0.6000000000000001,2,gaussian,"(-0.5, 0.5)",15,0.0404150004527793,0.9166666666666666,185
[4],0.14,0.0,0.0,0.2,0.5,sigmoid,sgd,0.9000000000000004,4,gaussian,"(-0.1, 0.1)",15,0.1115236482162049,0.7083333333333334,186
[4],0.12000000000000001,0.0,0.0,0.1,0.8500000000000003,sigmoid,sgd,0.5,6,gaussian,"(-0.5, 0.5)",15,0.061036491082013644,0.9166666666666666,187
[4],0.14,0.0,0.0,0.1,0.55,sigmoid,sgd,0.8000000000000003,4,gaussian,"(-0.1, 0.1)",15,0.10620979042015398,0.8333333333333334,188
[3],0.14,0.0,0.0,0.05,0.6000000000000001,sigmoid,sgd,0.7000000000000002,2,gaussian,"(-0.5, 0.5)",15,0.049851258927896026,0.9166666666666666,189
[4],0.14,0.0,0.0,0.15000000000000002,0.55,sigmoid,sgd,0.8000000000000003,6,gaussian,"(-0.5, 0.5)",15,0.12098025213113561,0.625,190
[3],0.1,0.0,0.0,0.05,0.8500000000000003,sigmoid,sgd,0.7000000000000002,4,gaussian,"(-0.1, 0.1)",15,0.05393804528896875,0.9166666666666666,191
[3],0.12000000000000001,0.0,0.0,0.2,0.6000000000000001,sigmoid,sgd,0.6000000000000001,4,gaussian,"(-0.5, 0.5)",15,0.12114765358960293,0.625,192
[4],0.12000000000000001,0.0,0.0,0.0,0.8000000000000003,sigmoid,sgd,0.9500000000000004,2,gaussian,"(-0.1, 0.1)",15,0.03933203430652812,0.9166666666666666,193
[3],0.1,0.0,0.0,0.15000000000000002,0.6500000000000001,sigmoid,sgd,0.9500000000000004,4,gaussian,"(-0.1, 0.1)",15,0.12467498425075625,0.4583333333333333,194
[3],0.14,0.0,0.0,0.05,0.9500000000000004,sigmoid,sgd,0.8500000000000003,2,gaussian,"(-0.1, 0.1)",15,0.03773525712509396,0.9166666666666666,195
[3],0.14,0.0,0.0,0.1,0.8500000000000003,sigmoid,sgd,0.9500000000000004,2,gaussian,"(-0.1, 0.1)",15,0.0383137773213362,0.9166666666666666,196
[4],0.12000000000000001,0.0,0.0,0.15000000000000002,0.6000000000000001,sigmoid,sgd,0.9500000000000004,4,gaussian,"(-0.5, 0.5)",15,0.1189829510223243,0.625,197
[4],0.1,0.0,0.0,0.0,0.8500000000000003,sigmoid,sgd,0.8000000000000003,6,gaussian,"(-0.5, 0.5)",15,0.10278907190957742,0.7083333333333334,198
[3],0.1,0.0,0.0,0.2,0.5,sigmoid,sgd,0.7500000000000002,6,gaussian,"(-0.1, 0.1)",15,0.12491775798302844,0.4583333333333333,199
[4],0.18000000000000002,0.0,0.0,0.2,0.8000000000000003,sigmoid,sgd,0.9000000000000004,2,gaussian,"(-0.5, 0.5)",15,0.039874996928595675,0.9166666666666666,200
[3],0.18000000000000002,0.0,0.0,0.15000000000000002,0.7500000000000002,sigmoid,sgd,0.9000000000000004,4,gaussian,"(-0.5, 0.5)",15,0.08476405038162209,0.7916666666666666,1
[3],0.14,0.0,0.0,0.0,0.6000000000000001,sigmoid,sgd,0.7000000000000002,4,gaussian,"(-0.5, 0.5)",15,0.12271125904829677,0.5416666666666666,2
[3],0.16000000000000003,0.0,0.0,0.1,0.6000000000000001,sigmoid,sgd,0.5,4,gaussian,"(-0.5, 0.5)",15,0.10860824955217496,0.6666666666666666,4
[4],0.16000000000000003,0.0,0.0,0.0,0.6000000000000001,sigmoid,sgd,0.7000000000000002,2,gaussian,"(-0.5, 0.5)",15,0.028475423880725503,0.9583333333333334,5
[3],0.18000000000000002,0.0,0.0,0.0,0.9000000000000004,sigmoid,sgd,0.8500000000000003,6,gaussian,"(-0.5, 0.5)",15,0.022779816009413933,0.9583333333333334,6
[3],0.14,0.0,0.0,0.0,0.8000000000000003,sigmoid,sgd,0.5,2,gaussian,"(-0.5, 0.5)",15,0.022210363944260087,0.9583333333333334,7
[4],0.14,0.0,0.0,0.2,0.5,sigmoid,sgd,0.9500000000000004,2,gaussian,"(-0.1, 0.1)",15,0.0767757969343698,0.9583333333333334,8
[4],0.14,0.0,0.0,0.0,0.55,sigmoid,sgd,0.6000000000000001,2,gaussian,"(-0.1, 0.1)",15,0.023886178554279564,0.9583333333333334,9
[3],0.12000000000000001,0.0,0.0,0.05,0.8000000000000003,sigmoid,sgd,0.7000000000000002,4,gaussian,"(-0.5, 0.5)",15,0.08323666825915049,0.7916666666666666,10
[3],0.14,0.0,0.0,0.0,0.7500000000000002,sigmoid,sgd,0.8500000000000003,4,gaussian,"(-0.1, 0.1)",15,0.04918720396542625,0.9583333333333334,11
[4],0.14,0.0,0.0,0.2,0.6000000000000001,sigmoid,sgd,0.9000000000000004,4,gaussian,"(-0.1, 0.1)",15,0.11507385005968966,0.9166666666666666,12
[3],0.16000000000000003,0.0,0.0,0.2,0.9000000000000004,sigmoid,sgd,0.55,4,gaussian,"(-0.1, 0.1)",15,0.034799353737852166,0.9583333333333334,13
[3],0.14,0.0,0.0,0.05,0.9000000000000004,sigmoid,sgd,0.5,6,gaussian,"(-0.5, 0.5)",15,0.02357528810616701,0.9583333333333334,14
[4],0.1,0.0,0.0,0.15000000000000002,0.9500000000000004,sigmoid,sgd,0.9000000000000004,2,gaussian,"(-0.5, 0.5)",15,0.02068733366705273,0.9583333333333334,15
[3],0.12000000000000001,0.0,0.0,0.15000000000000002,0.5,sigmoid,sgd,0.9500000000000004,6,gaussian,"(-0.5, 0.5)",15,0.1275011528679646,0.375,16
[4],0.14,0.0,0.0,0.05,0.6500000000000001,sigmoid,sgd,0.8000000000000003,6,gaussian,"(-0.1, 0.1)",15,0.1158646105582072,0.8333333333333334,17
[4],0.1,0.0,0.0,0.0,0.6000000000000001,sigmoid,sgd,0.7000000000000002,6,gaussian,"(-0.5, 0.5)",15,0.127320473601749,0.4166666666666667,18
[4],0.1,0.0,0.0,0.05,0.6000000000000001,sigmoid,sgd,0.6500000000000001,2,gaussian,"(-0.5, 0.5)",15,0.05763846997870461,0.9583333333333334,19
[3],0.12000000000000001,0.0,0.0,0.15000000000000002,0.9000000000000004,sigmoid,sgd,0.6000000000000001,4,gaussian,"(-0.1, 0.1)",15,0.024392695561063927,0.9583333333333334,20
[3],0.12000000000000001,0.0,0.0,0.05,0.8500000000000003,sigmoid,sgd,0.9500000000000004,2,gaussian,"(-0.5, 0.5)",15,0.02282749875806939,0.9583333333333334,21
[4],0.1,0.0,0.0,0.1,0.5,sigmoid,sgd,0.9500000000000004,6,gaussian,"(-0.1, 0.1)",15,0.1261875877408283,0.375,22
[4],0.16000000000000003,0.0,0.0,0.15000000000000002,0.9000000000000004,sigmoid,sgd,0.8000000000000003,6,gaussian,"(-0.1, 0.1)",15,0.022264549082210598,0.9583333333333334,23
[4],0.16000000000000003,0.0,0.0,0.15000000000000002,0.55,sigmoid,sgd,0.5,2,gaussian,"(-0.1, 0.1)",15,0.022854005426599305,0.9583333333333334,24
[4],0.14,0.0,0.0,0.15000000000000002,0.6500000000000001,sigmoid,sgd,0.7000000000000002,6,gaussian,"(-0.5, 0.5)",15,0.12064359628956316,0.5416666666666666,25
[4],0.1,0.0,0.0,0.15000000000000002,0.8500000000000003,sigmoid,sgd,0.5,4,gaussian,"(-0.5, 0.5)",15,0.029727112555062486,0.9583333333333334,27
[3],0.12000000000000001,0.0,0.0,0.2,0.5,sigmoid,sgd,0.9500000000000004,2,gaussian,"(-0.1, 0.1)",15,0.11307461467033808,0.5416666666666666,28
[4],0.14,0.0,0.0,0.1,0.7500000000000002,sigmoid,sgd,0.5,4,gaussian,"(-0.1, 0.1)",15,0.02771861215418377,0.9583333333333334,29
[3],0.18000000000000002,0.0,0.0,0.2,0.55,sigmoid,sgd,0.6500000000000001,4,gaussian,"(-0.5, 0.5)",15,0.11872116168311381,0.625,30
[4],0.18000000000000002,0.0,0.0,0.15000000000000002,0.55,sigmoid,sgd,0.55,2,gaussian,"(-0.5, 0.5)",15,0.02540643678103482,0.9583333333333334,31
[3],0.12000000000000001,0.0,0.0,0.15000000000000002,0.7500000000000002,sigmoid,sgd,0.7500000000000002,6,gaussian,"(-0.5, 0.5)",15,0.12585395971188262,0.4583333333333333,32
[3],0.12000000000000001,0.0,0.0,0.2,0.8000000000000003,sigmoid,sgd,0.8000000000000003,4,gaussian,"(-0.1, 0.1)",15,0.09214039638861438,0.7916666666666666,33
[4],0.12000000000000001,0.0,0.0,0.0,0.9000000000000004,sigmoid,sgd,0.8000000000000003,2,gaussian,"(-0.1, 0.1)",15,0.021646628678783395,0.9583333333333334,34
[4],0.1,0.0,0.0,0.05,0.9500000000000004,sigmoid,sgd,0.9000000000000004,4,gaussian,"(-0.5, 0.5)",15,0.020704836093017272,0.9583333333333334,35
[3],0.14,0.0,0.0,0.2,0.9500000000000004,sigmoid,sgd,0.9000000000000004,6,gaussian,"(-0.5, 0.5)",15,0.024336329939512447,0.9583333333333334,36
[4],0.12000000000000001,0.0,0.0,0.1,0.55,sigmoid,sgd,0.9000000000000004,6,gaussian,"(-0.1, 0.1)",15,0.1254620633277915,0.375,37
[3],0.18000000000000002,0.0,0.0,0.2,0.7000000000000002,sigmoid,sgd,0.9000000000000004,6,gaussian,"(-0.1, 0.1)",15,0.12249518028882074,0.4166666666666667,38
[4],0.16000000000000003,0.0,0.0,0.2,0.55,sigmoid,sgd,0.55,2,gaussian,"(-0.5, 0.5)",15,0.02747549016192813,0.9583333333333334,39
[4],0.18000000000000002,0.0,0.0,0.0,0.8500000000000003,sigmoid,sgd,0.7000000000000002,4,gaussian,"(-0.5, 0.5)",15,0.021659773939191867,0.9583333333333334,40
[3],0.1,0.0,0.0,0.1,0.9000000000000004,sigmoid,sgd,0.6000000000000001,6,gaussian,"(-0.5, 0.5)",15,0.05408092785197494,0.9583333333333334,41
[3],0.1,0.0,0.0,0.0,0.8000000000000003,sigmoid,sgd,0.55,4,gaussian,"(-0.5, 0.5)",15,0.07639367070815513,0.7916666666666666,42
[4],0.18000000000000002,0.0,0.0,0.15000000000000002,0.8000000000000003,sigmoid,sgd,0.6000000000000001,6,gaussian,"(-0.5, 0.5)",15,0.04261977768103788,0.9583333333333334,43
[4],0.12000000000000001,0.0,0.0,0.2,0.9000000000000004,sigmoid,sgd,0.5,6,gaussian,"(-0.5, 0.5)",15,0.024444257232606497,0.9583333333333334,44
[3],0.18000000000000002,0.0,0.0,0.15000000000000002,0.55,sigmoid,sgd,0.9000000000000004,2,gaussian,"(-0.5, 0.5)",15,0.059394238590561095,0.9583333333333334,45
[4],0.14,0.0,0.0,0.1,0.7000000000000002,sigmoid,sgd,0.9500000000000004,4,gaussian,"(-0.5, 0.5)",15,0.09879805345241845,0.8333333333333334,46
[4],0.12000000000000001,0.0,0.0,0.05,0.8500000000000003,sigmoid,sgd,0.5,4,gaussian,"(-0.5, 0.5)",15,0.02389710729087959,0.9583333333333334,47
[4],0.14,0.0,0.0,0.15000000000000002,0.8500000000000003,sigmoid,sgd,0.8500000000000003,2,gaussian,"(-0.1, 0.1)",15,0.021641517505961754,0.9583333333333334,48
[4],0.16000000000000003,0.0,0.0,0.05,0.8000000000000003,sigmoid,sgd,0.55,2,gaussian,"(-0.5, 0.5)",15,0.021204800984747835,0.9583333333333334,49
[3],0.18000000000000002,0.0,0.0,0.0,0.6500000000000001,sigmoid,sgd,0.55,6,gaussian,"(-0.1, 0.1)",15,0.07582299465583271,0.9583333333333334,50
[4],0.12000000000000001,0.0,0.0,0.05,0.9500000000000004,sigmoid,sgd,0.9500000000000004,2,gaussian,"(-0.1, 0.1)",15,0.02419350713086074,0.9583333333333334,51
[4],0.16000000000000003,0.0,0.0,0.05,0.8000000000000003,sigmoid,sgd,0.55,2,gaussian,"(-0.1, 0.1)",15,0.022852968589298413,0.9583333333333334,52
[4],0.12000000000000001,0.0,0.0,0.05,0.7000000000000002,sigmoid,sgd,0.6000000000000001,2,gaussian,"(-0.1, 0.1)",15,0.022669558950702884,0.9583333333333334,53
[3],0.1,0.0,0.0,0.1,0.8000000000000003,sigmoid,sgd,0.7500000000000002,4,gaussian,"(-0.1, 0.1)",15,0.06101354399335626,0.9583333333333334,54
[3],0.12000000000000001,0.0,0.0,0.05,0.9500000000000004,sigmoid,sgd,0.7000000000000002,2,gaussian,"(-0.5, 0.5)",15,0.02428463035853567,0.9583333333333334,55
[4],0.1,0.0,0.0,0.15000000000000002,0.5,sigmoid,sgd,0.9000000000000004,6,gaussian,"(-0.1, 0.1)",15,0.12603568345681668,0.375,56
[3],0.14,0.0,0.0,0.2,0.8000000000000003,sigmoid,sgd,0.7500000000000002,6,gaussian,"(-0.1, 0.1)",15,0.1103265838977026,0.5,57
[4],0.18000000000000002,0.0,0.0,0.15000000000000002,0.5,sigmoid,sgd,0.5,2,gaussian,"(-0.5, 0.5)",15,0.02574998257481992,0.9583333333333334,58
[4],0.16000000000000003,0.0,0.0,0.1,0.6500000000000001,sigmoid,sgd,0.7000000000000002,2,gaussian,"(-0.1, 0.1)",15,0.022040780469285797,0.9583333333333334,59
[3],0.18000000000000002,0.0,0.0,0.1,0.8000000000000003,sigmoid,sgd,0.8500000000000003,4,gaussian,"(-0.5, 0.5)",15,0.03884958383280491,0.9583333333333334,60
[4],0.12000000000000001,0.0,0.0,0.15000000000000002,0.9500000000000004,sigmoid,sgd,0.9500000000000004,4,gaussian,"(-0.1, 0.1)",15,0.021780186054619902,0.9583333333333334,61
[3],0.16000000000000003,0.0,0.0,0.2,0.8500000000000003,sigmoid,sgd,0.8500000000000003,6,gaussian,"(-0.5, 0.5)",15,0.08192191070974304,0.7916666666666666,62
[4],0.18000000000000002,0.0,0.0,0.1,0.8000000000000003,sigmoid,sgd,0.7500000000000002,2,gaussian,"(-0.1, 0.1)",15,0.02156314470669832,0.9583333333333334,63
[3],0.1,0.0,0.0,0.1,0.7500000000000002,sigmoid,sgd,0.6500000000000001,4,gaussian,"(-0.1, 0.1)",15,0.08312816830877112,0.9166666666666666,64
[4],0.16000000000000003,0.0,0.0,0.2,0.6500000000000001,sigmoid,sgd,0.7000000000000002,6,gaussian,"(-0.1, 0.1)",15,0.11111645039244476,0.9583333333333334,65
[3],0.18000000000000002,0.0,0.0,0.2,0.9500000000000004,sigmoid,sgd,0.6000000000000001,4,gaussian,"(-0.5, 0.5)",15,0.023771006808735118,0.9583333333333334,66
[3],0.1,0.0,0.0,0.2,0.9500000000000004,sigmoid,sgd,0.5,4,gaussian,"(-0.5, 0.5)",15,0.023082382211164848,0.9583333333333334,67
[4],0.1,0.0,0.0,0.2,0.8500000000000003,sigmoid,sgd,0.5,4,gaussian,"(-0.5, 0.5)",15,0.02882204000874553,0.9583333333333334,68
[4],0.1,0.0,0.0,0.15000000000000002,0.6500000000000001,sigmoid,sgd,0.8000000000000003,2,gaussian,"(-0.1, 0.1)",15,0.05335549745093323,0.9583333333333334,69
[3],0.14,0.0,0.0,0.1,0.55,sigmoid,sgd,0.5,6,gaussian,"(-0.5, 0.5)",15,0.1263026462431649,0.4583333333333333,70
[3],0.1,0.0,0.0,0.15000000000000002,0.6500000000000001,sigmoid,sgd,0.55,6,gaussian,"(-0.1, 0.1)",15,0.12780889794718805,0.375,71
[4],0.18000000000000002,0.0,0.0,0.0,0.55,sigmoid,sgd,0.55,2,gaussian,"(-0.5, 0.5)",15,0.025022848416747668,0.9583333333333334,72
[3],0.14,0.0,0.0,0.2,0.8000000000000003,sigmoid,sgd,0.7000000000000002,4,gaussian,"(-0.1, 0.1)",15,0.06692149323326178,0.9583333333333334,73
[4],0.12000000000000001,0.0,0.0,0.2,0.9500000000000004,sigmoid,sgd,0.8000000000000003,6,gaussian,"(-0.5, 0.5)",15,0.021239685907474447,0.9583333333333334,74
[3],0.16000000000000003,0.0,0.0,0.2,0.7500000000000002,sigmoid,sgd,0.9500000000000004,6,gaussian,"(-0.1, 0.1)",15,0.12238131874032238,0.4166666666666667,75
[3],0.18000000000000002,0.0,0.0,0.1,0.7500000000000002,sigmoid,sgd,0.6500000000000001,2,gaussian,"(-0.1, 0.1)",15,0.022800034215022885,0.9583333333333334,76
[3],0.14,0.0,0.0,0.2,0.8000000000000003,sigmoid,sgd,0.8500000000000003,4,gaussian,"(-0.5, 0.5)",15,0.08219759700441098,0.7916666666666666,77
[4],0.1,0.0,0.0,0.2,0.9500000000000004,sigmoid,sgd,0.8000000000000003,4,gaussian,"(-0.1, 0.1)",15,0.023478641576429746,0.9583333333333334,78
[3],0.1,0.0,0.0,0.1,0.6500000000000001,sigmoid,sgd,0.9500000000000004,4,gaussian,"(-0.5, 0.5)",15,0.12689505563174605,0.4166666666666667,79
[3],0.1,0.0,0.0,0.15000000000000002,0.5,sigmoid,sgd,0.6500000000000001,4,gaussian,"(-0.1, 0.1)",15,0.12783347435160913,0.375,80
[4],0.14,0.0,0.0,0.15000000000000002,0.6500000000000001,sigmoid,sgd,0.5,2,gaussian,"(-0.1, 0.1)",15,0.02173771251267405,0.9583333333333334,81
[3],0.12000000000000001,0.0,0.0,0.1,0.8500000000000003,sigmoid,sgd,0.6500000000000001,2,gaussian,"(-0.1, 0.1)",15,0.022989486860206992,0.9583333333333334,82
[3],0.14,0.0,0.0,0.05,0.7500000000000002,sigmoid,sgd,0.6000000000000001,4,gaussian,"(-0.1, 0.1)",15,0.05766552245961722,0.9583333333333334,83
[3],0.16000000000000003,0.0,0.0,0.0,0.7500000000000002,sigmoid,sgd,0.7500000000000002,4,gaussian,"(-0.5, 0.5)",15,0.06359825298058802,0.875,84
[3],0.1,0.0,0.0,0.05,0.6000000000000001,sigmoid,sgd,0.7500000000000002,6,gaussian,"(-0.1, 0.1)",15,0.12800666243789416,0.375,85
[3],0.18000000000000002,0.0,0.0,0.2,0.6500000000000001,sigmoid,sgd,0.5,6,gaussian,"(-0.1, 0.1)",15,0.10676401779238746,0.6666666666666666,86
[4],0.12000000000000001,0.0,0.0,0.0,0.8500000000000003,sigmoid,sgd,0.8500000000000003,6,gaussian,"(-0.1, 0.1)",15,0.04319932797032807,0.9583333333333334,87
[4],0.14,0.0,0.0,0.2,0.8500000000000003,sigmoid,sgd,0.9500000000000004,6,gaussian,"(-0.1, 0.1)",15,0.06110111855987579,0.9583333333333334,88
[3],0.12000000000000001,0.0,0.0,0.15000000000000002,0.6500000000000001,sigmoid,sgd,0.8000000000000003,6,gaussian,"(-0.5, 0.5)",15,0.12698705127543863,0.375,89
[4],0.18000000000000002,0.0,0.0,0.0,0.6000000000000001,sigmoid,sgd,0.6500000000000001,6,gaussian,"(-0.5, 0.5)",15,0.11054847666356456,0.7916666666666666,90
[4],0.16000000000000003,0.0,0.0,0.15000000000000002,0.8500000000000003,sigmoid,sgd,0.7500000000000002,4,gaussian,"(-0.1, 0.1)",15,0.02234219848262603,0.9583333333333334,91
[3],0.16000000000000003,0.0,0.0,0.05,0.7000000000000002,sigmoid,sgd,0.9000000000000004,6,gaussian,"(-0.5, 0.5)",15,0.12571970244398725,0.4583333333333333,92
[3],0.1,0.0,0.0,0.0,0.55,sigmoid,sgd,0.6500000000000001,6,gaussian,"(-0.5, 0.5)",15,0.12656478800970733,0.375,93
[4],0.14,0.0,0.0,0.05,0.9500000000000004,sigmoid,sgd,0.7000000000000002,4,gaussian,"(-0.5, 0.5)",15,0.020469189579751204,0.9583333333333334,94
[3],0.16000000000000003,0.0,0.0,0.2,0.6000000000000001,sigmoid,sgd,0.8500000000000003,2,gaussian,"(-0.5, 0.5)",15,0.05266886693616148,0.9583333333333334,95
[4],0.1,0.0,0.0,0.1,0.6500000000000001,sigmoid,sgd,0.8500000000000003,6,gaussian,"(-0.5, 0.5)",15,0.12701000086882455,0.4166666666666667,96
[3],0.18000000000000002,0.0,0.0,0.05,0.7000000000000002,sigmoid,sgd,0.6500000000000001,4,gaussian,"(-0.5, 0.5)",15,0.06730651718572861,0.8333333333333334,97
[4],0.14,0.0,0.0,0.2,0.5,sigmoid,sgd,0.9500000000000004,6,gaussian,"(-0.5, 0.5)",15,0.1276343259626562,0.4166666666666667,98
[3],0.16000000000000003,0.0,0.0,0.0,0.9000000000000004,sigmoid,sgd,0.7500000000000002,6,gaussian,"(-0.5, 0.5)",15,0.023123933767874662,0.9583333333333334,99
[3],0.12000000000000001,0.0,0.0,0.0,0.9000000000000004,sigmoid,sgd,0.6000000000000001,2,gaussian,"(-0.5, 0.5)",15,0.022616771466497338,0.9583333333333334,100
[4],0.12000000000000001,0.0,0.0,0.05,0.7000000000000002,sigmoid,sgd,0.9000000000000004,2,gaussian,"(-0.5, 0.5)",15,0.03810977383703657,0.9583333333333334,101
[4],0.16000000000000003,0.0,0.0,0.05,0.55,sigmoid,sgd,0.8000000000000003,2,gaussian,"(-0.1, 0.1)",15,0.027026280853982638,0.9583333333333334,102
[4],0.16000000000000003,0.0,0.0,0.15000000000000002,0.6000000000000001,sigmoid,sgd,0.6500000000000001,2,gaussian,"(-0.5, 0.5)",15,0.02862638178057268,0.9583333333333334,103
[3],0.16000000000000003,0.0,0.0,0.2,0.6500000000000001,sigmoid,sgd,0.9500000000000004,2,gaussian,"(-0.5, 0.5)",15,0.04539053442072415,0.9583333333333334,104
[4],0.14,0.0,0.0,0.1,0.8000000000000003,sigmoid,sgd,0.9500000000000004,6,gaussian,"(-0.5, 0.5)",15,0.10122908983151858,0.8333333333333334,105
[4],0.12000000000000001,0.0,0.0,0.2,0.55,sigmoid,sgd,0.7000000000000002,6,gaussian,"(-0.1, 0.1)",15,0.12476723623406331,0.4583333333333333,106
[3],0.16000000000000003,0.0,0.0,0.15000000000000002,0.9000000000000004,sigmoid,sgd,0.9000000000000004,4,gaussian,"(-0.5, 0.5)",15,0.024054648220553827,0.9583333333333334,107
[3],0.14,0.0,0.0,0.05,0.9000000000000004,sigmoid,sgd,0.8500000000000003,4,gaussian,"(-0.5, 0.5)",15,0.02328523299917672,0.9583333333333334,108
[3],0.16000000000000003,0.0,0.0,0.0,0.5,sigmoid,sgd,0.8500000000000003,4,gaussian,"(-0.1, 0.1)",15,0.11878435223394261,0.6666666666666666,109
[3],0.18000000000000002,0.0,0.0,0.05,0.8500000000000003,sigmoid,sgd,0.6000000000000001,2,gaussian,"(-0.1, 0.1)",15,0.022616949075974918,0.9583333333333334,110
[4],0.1,0.0,0.0,0.2,0.8000000000000003,sigmoid,sgd,0.6000000000000001,4,gaussian,"(-0.1, 0.1)",15,0.04832396468002682,0.9583333333333334,111
[3],0.1,0.0,0.0,0.2,0.6500000000000001,sigmoid,sgd,0.7000000000000002,4,gaussian,"(-0.1, 0.1)",15,0.12635828838303526,0.375,112
[3],0.16000000000000003,0.0,0.0,0.05,0.6500000000000001,sigmoid,sgd,0.5,4,gaussian,"(-0.1, 0.1)",15,0.06368549118565735,0.9583333333333334,113
[4],0.12000000000000001,0.0,0.0,0.0,0.6500000000000001,sigmoid,sgd,0.8000000000000003,6,gaussian,"(-0.5, 0.5)",15,0.1256113559162342,0.4583333333333333,114
[4],0.18000000000000002,0.0,0.0,0.05,0.9500000000000004,sigmoid,sgd,0.6500000000000001,2,gaussian,"(-0.5, 0.5)",15,0.02252960145209208,0.9583333333333334,115
[4],0.12000000000000001,0.0,0.0,0.0,0.8000000000000003,sigmoid,sgd,0.8500000000000003,2,gaussian,"(-0.5, 0.5)",15,0.023284866929584105,0.9583333333333334,116
[4],0.1,0.0,0.0,0.0,0.6500000000000001,sigmoid,sgd,0.9000000000000004,6,gaussian,"(-0.5, 0.5)",15,0.12748613053931038,0.4166666666666667,117
[3],0.18000000000000002,0.0,0.0,0.1,0.8000000000000003,sigmoid,sgd,0.8500000000000003,2,gaussian,"(-0.1, 0.1)",15,0.02269804930606721,0.9583333333333334,118
[4],0.16000000000000003,0.0,0.0,0.2,0.6500000000000001,sigmoid,sgd,0.7000000000000002,2,gaussian,"(-0.1, 0.1)",15,0.026202041442704643,0.9583333333333334,119
[3],0.1,0.0,0.0,0.05,0.7500000000000002,sigmoid,sgd,0.8000000000000003,2,gaussian,"(-0.1, 0.1)",15,0.03840672165620679,0.9583333333333334,120
[4],0.14,0.0,0.0,0.05,0.7000000000000002,sigmoid,sgd,0.5,2,gaussian,"(-0.5, 0.5)",15,0.022586252457007894,0.9583333333333334,121
[3],0.12000000000000001,0.0,0.0,0.2,0.5,sigmoid,sgd,0.6000000000000001,4,gaussian,"(-0.1, 0.1)",15,0.126414554432121,0.375,122
[4],0.1,0.0,0.0,0.05,0.5,sigmoid,sgd,0.6000000000000001,6,gaussian,"(-0.1, 0.1)",15,0.12499940724139152,0.4583333333333333,123
[3],0.16000000000000003,0.0,0.0,0.15000000000000002,0.7000000000000002,sigmoid,sgd,0.6000000000000001,6,gaussian,"(-0.5, 0.5)",15,0.12229869779154762,0.5416666666666666,124
[4],0.18000000000000002,0.0,0.0,0.15000000000000002,0.6500000000000001,sigmoid,sgd,0.8000000000000003,4,gaussian,"(-0.5, 0.5)",15,0.07291240927147637,0.9583333333333334,125
[3],0.18000000000000002,0.0,0.0,0.05,0.7000000000000002,sigmoid,sgd,0.7000000000000002,4,gaussian,"(-0.1, 0.1)",15,0.06121306386448322,0.9583333333333334,127
[4],0.12000000000000001,0.0,0.0,0.15000000000000002,0.6500000000000001,sigmoid,sgd,0.9000000000000004,6,gaussian,"(-0.5, 0.5)",15,0.126114646472164,0.4583333333333333,128
[4],0.16000000000000003,0.0,0.0,0.15000000000000002,0.7500000000000002,sigmoid,sgd,0.8000000000000003,2,gaussian,"(-0.5, 0.5)",15,0.024103802794673574,0.9583333333333334,129
[3],0.12000000000000001,0.0,0.0,0.15000000000000002,0.7000000000000002,sigmoid,sgd,0.8000000000000003,4,gaussian,"(-0.1, 0.1)",15,0.11215064471765002,0.5416666666666666,130
[4],0.1,0.0,0.0,0.1,0.5,sigmoid,sgd,0.7000000000000002,2,gaussian,"(-0.1, 0.1)",15,0.08665303464182934,0.9583333333333334,131
[3],0.1,0.0,0.0,0.15000000000000002,0.8000000000000003,sigmoid,sgd,0.8000000000000003,4,gaussian,"(-0.5, 0.5)",15,0.11913787107734423,0.625,132
[4],0.16000000000000003,0.0,0.0,0.0,0.55,sigmoid,sgd,0.8000000000000003,6,gaussian,"(-0.1, 0.1)",15,0.11903955344415988,0.7916666666666666,133
[3],0.16000000000000003,0.0,0.0,0.0,0.55,sigmoid,sgd,0.8000000000000003,2,gaussian,"(-0.5, 0.5)",15,0.05003896096105093,0.9583333333333334,134
[3],0.12000000000000001,0.0,0.0,0.05,0.8500000000000003,sigmoid,sgd,0.6000000000000001,2,gaussian,"(-0.1, 0.1)",15,0.02296064863437779,0.9583333333333334,135
[3],0.14,0.0,0.0,0.15000000000000002,0.8500000000000003,sigmoid,sgd,0.55,4,gaussian,"(-0.5, 0.5)",15,0.025878759463230844,0.9583333333333334,136
[3],0.14,0.0,0.0,0.0,0.9500000000000004,sigmoid,sgd,0.5,2,gaussian,"(-0.1, 0.1)",15,0.0240399187290485,0.9583333333333334,137
[3],0.1,0.0,0.0,0.05,0.9000000000000004,sigmoid,sgd,0.8500000000000003,4,gaussian,"(-0.5, 0.5)",15,0.030674237663950586,0.9583333333333334,138
[4],0.14,0.0,0.0,0.1,0.6500000000000001,sigmoid,sgd,0.7500000000000002,4,gaussian,"(-0.1, 0.1)",15,0.09250343242952401,0.9583333333333334,139
[4],0.16000000000000003,0.0,0.0,0.05,0.5,sigmoid,sgd,0.8500000000000003,6,gaussian,"(-0.5, 0.5)",15,0.1264780292905345,0.4583333333333333,140
[3],0.1,0.0,0.0,0.1,0.5,sigmoid,sgd,0.6500000000000001,6,gaussian,"(-0.5, 0.5)",15,0.12737430686029663,0.375,141
[3],0.14,0.0,0.0,0.15000000000000002,0.8500000000000003,sigmoid,sgd,0.6000000000000001,6,gaussian,"(-0.1, 0.1)",15,0.037089391956767935,0.9583333333333334,142
[4],0.1,0.0,0.0,0.1,0.9000000000000004,sigmoid,sgd,0.8500000000000003,6,gaussian,"(-0.1, 0.1)",15,0.041776575562614965,0.9583333333333334,143
[3],0.12000000000000001,0.0,0.0,0.0,0.55,sigmoid,sgd,0.8000000000000003,4,gaussian,"(-0.5, 0.5)",15,0.12603103481373165,0.5,144
[4],0.1,0.0,0.0,0.05,0.9000000000000004,sigmoid,sgd,0.9500000000000004,6,gaussian,"(-0.5, 0.5)",15,0.07170027895119853,0.9166666666666666,145
[4],0.16000000000000003,0.0,0.0,0.2,0.8000000000000003,sigmoid,sgd,0.7000000000000002,2,gaussian,"(-0.1, 0.1)",15,0.021262250375722797,0.9583333333333334,146
[4],0.18000000000000002,0.0,0.0,0.05,0.55,sigmoid,sgd,0.9500000000000004,6,gaussian,"(-0.5, 0.5)",15,0.12479852499709676,0.4583333333333333,147
[3],0.18000000000000002,0.0,0.0,0.2,0.6500000000000001,sigmoid,sgd,0.6000000000000001,6,gaussian,"(-0.1, 0.1)",15,0.11619175920150954,0.5,148
[4],0.1,0.0,0.0,0.2,0.8500000000000003,sigmoid,sgd,0.8500000000000003,6,gaussian,"(-0.1, 0.1)",15,0.09341619306189512,0.9583333333333334,149
[4],0.12000000000000001,0.0,0.0,0.0,0.9500000000000004,sigmoid,sgd,0.9500000000000004,4,gaussian,"(-0.5, 0.5)",15,0.020755543743490486,0.9583333333333334,150
[4],0.16000000000000003,0.0,0.0,0.0,0.7500000000000002,sigmoid,sgd,0.6000000000000001,4,gaussian,"(-0.5, 0.5)",15,0.03312309566722805,0.9583333333333334,151
[3],0.1,0.0,0.0,0.2,0.8000000000000003,sigmoid,sgd,0.8000000000000003,4,gaussian,"(-0.5, 0.5)",15,0.11783808450854776,0.625,152
[4],0.12000000000000001,0.0,0.0,0.2,0.8000000000000003,sigmoid,sgd,0.7000000000000002,4,gaussian,"(-0.1, 0.1)",15,0.04288375585580559,0.9583333333333334,153
[4],0.16000000000000003,0.0,0.0,0.1,0.6000000000000001,sigmoid,sgd,0.7500000000000002,6,gaussian,"(-0.1, 0.1)",15,0.11907363977490888,0.75,154
[4],0.16000000000000003,0.0,0.0,0.05,0.5,sigmoid,sgd,0.5,2,gaussian,"(-0.5, 0.5)",15,0.02774447078222166,0.9583333333333334,155
[3],0.16000000000000003,0.0,0.0,0.05,0.5,sigmoid,sgd,0.7000000000000002,6,gaussian,"(-0.5, 0.5)",15,0.12682704334275363,0.4166666666666667,156
[3],0.16000000000000003,0.0,0.0,0.15000000000000002,0.7000000000000002,sigmoid,sgd,0.55,2,gaussian,"(-0.5, 0.5)",15,0.024097032025853147,0.9583333333333334,157
[3],0.1,0.0,0.0,0.2,0.9500000000000004,sigmoid,sgd,0.8000000000000003,4,gaussian,"(-0.5, 0.5)",15,0.023617091467586646,0.9583333333333334,158
[3],0.1,0.0,0.0,0.1,0.55,sigmoid,sgd,0.9000000000000004,6,gaussian,"(-0.1, 0.1)",15,0.12814421254074684,0.375,159
[3],0.12000000000000001,0.0,0.0,0.0,0.6000000000000001,sigmoid,sgd,0.55,2,gaussian,"(-0.1, 0.1)",15,0.02514527521779349,0.9583333333333334,160
[3],0.1,0.0,0.0,0.2,0.7000000000000002,sigmoid,sgd,0.7500000000000002,6,gaussian,"(-0.5, 0.5)",15,0.1268787033077593,0.4166666666666667,161
[3],0.12000000000000001,0.0,0.0,0.1,0.5,sigmoid,sgd,0.7500000000000002,6,gaussian,"(-0.1, 0.1)",15,0.12795466756464655,0.375,162
[3],0.1,0.0,0.0,0.05,0.5,sigmoid,sgd,0.6000000000000001,6,gaussian,"(-0.5, 0.5)",15,0.12730266815597582,0.375,163
[4],0.12000000000000001,0.0,0.0,0.2,0.8000000000000003,sigmoid,sgd,0.6000000000000001,4,gaussian,"(-0.1, 0.1)",15,0.03506485038689702,0.9583333333333334,164
[4],0.16000000000000003,0.0,0.0,0.05,0.9000000000000004,sigmoid,sgd,0.7500000000000002,6,gaussian,"(-0.5, 0.5)",15,0.02406810146792605,0.9583333333333334,165
[3],0.14,0.0,0.0,0.15000000000000002,0.8000000000000003,sigmoid,sgd,0.55,6,gaussian,"(-0.5, 0.5)",15,0.1014389496934488,0.6666666666666666,166
[3],0.14,0.0,0.0,0.0,0.7500000000000002,sigmoid,sgd,0.7000000000000002,2,gaussian,"(-0.5, 0.5)",15,0.02266897883588719,0.9583333333333334,167
[3],0.16000000000000003,0.0,0.0,0.0,0.55,sigmoid,sgd,0.9000000000000004,4,gaussian,"(-0.5, 0.5)",15,0.12470838318538259,0.4166666666666667,168
[3],0.1,0.0,0.0,0.05,0.7500000000000002,sigmoid,sgd,0.8500000000000003,6,gaussian,"(-0.5, 0.5)",15,0.12672063685633858,0.4583333333333333,169
[3],0.18000000000000002,0.0,0.0,0.05,0.6000000000000001,sigmoid,sgd,0.7500000000000002,6,gaussian,"(-0.5, 0.5)",15,0.12580006880874064,0.4583333333333333,170
[4],0.12000000000000001,0.0,0.0,0.15000000000000002,0.7500000000000002,sigmoid,sgd,0.9000000000000004,6,gaussian,"(-0.5, 0.5)",15,0.12078348926334637,0.4583333333333333,171
[3],0.14,0.0,0.0,0.15000000000000002,0.7500000000000002,sigmoid,sgd,0.55,2,gaussian,"(-0.1, 0.1)",15,0.023590654945205486,0.9583333333333334,172
[4],0.18000000000000002,0.0,0.0,0.15000000000000002,0.5,sigmoid,sgd,0.9000000000000004,6,gaussian,"(-0.5, 0.5)",15,0.12573037619600932,0.4583333333333333,173
[3],0.18000000000000002,0.0,0.0,0.05,0.5,sigmoid,sgd,0.9500000000000004,4,gaussian,"(-0.1, 0.1)",15,0.12391894454519693,0.375,174
[3],0.1,0.0,0.0,0.1,0.6000000000000001,sigmoid,sgd,0.8000000000000003,2,gaussian,"(-0.1, 0.1)",15,0.06563518835142645,0.9583333333333334,175
[4],0.12000000000000001,0.0,0.0,0.2,0.55,sigmoid,sgd,0.7000000000000002,2,gaussian,"(-0.5, 0.5)",15,0.057125292570485875,0.9583333333333334,176
[3],0.14,0.0,0.0,0.2,0.5,sigmoid,sgd,0.5,6,gaussian,"(-0.5, 0.5)",15,0.12651778918750828,0.4583333333333333,177
[4],0.14,0.0,0.0,0.0,0.5,sigmoid,sgd,0.5,2,gaussian,"(-0.5, 0.5)",15,0.03221034804345723,0.9583333333333334,178
[3],0.1,0.0,0.0,0.2,0.9000000000000004,sigmoid,sgd,0.5,2,gaussian,"(-0.1, 0.1)",15,0.031060280591390727,0.9583333333333334,179
[4],0.16000000000000003,0.0,0.0,0.1,0.7000000000000002,sigmoid,sgd,0.55,4,gaussian,"(-0.1, 0.1)",15,0.033124524372427216,0.9583333333333334,180
[3],0.14,0.0,0.0,0.15000000000000002,0.5,sigmoid,sgd,0.7000000000000002,2,gaussian,"(-0.5, 0.5)",15,0.09387238799979536,0.75,181
[4],0.14,0.0,0.0,0.0,0.6000000000000001,sigmoid,sgd,0.8000000000000003,4,gaussian,"(-0.1, 0.1)",15,0.09148320061982142,0.9583333333333334,182
[4],0.16000000000000003,0.0,0.0,0.2,0.8000000000000003,sigmoid,sgd,0.6000000000000001,2,gaussian,"(-0.1, 0.1)",15,0.02139160329409597,0.9583333333333334,183
[3],0.1,0.0,0.0,0.1,0.8000000000000003,sigmoid,sgd,0.7000000000000002,4,gaussian,"(-0.5, 0.5)",15,0.1139132688473548,0.625,184
[3],0.18000000000000002,0.0,0.0,0.05,0.9000000000000004,sigmoid,sgd,0.7000000000000002,6,gaussian,"(-0.5, 0.5)",15,0.023446915062418208,0.9583333333333334,185
[3],0.16000000000000003,0.0,0.0,0.0,0.9000000000000004,sigmoid,sgd,0.55,2,gaussian,"(-0.1, 0.1)",15,0.02325927966805494,0.9583333333333334,186
[4],0.12000000000000001,0.0,0.0,0.05,0.8000000000000003,sigmoid,sgd,0.8000000000000003,4,gaussian,"(-0.1, 0.1)",15,0.03480543408115881,0.9583333333333334,187
[4],0.16000000000000003,0.0,0.0,0.05,0.7500000000000002,sigmoid,sgd,0.5,6,gaussian,"(-0.1, 0.1)",15,0.03351285663957742,0.9583333333333334,189
[4],0.16000000000000003,0.0,0.0,0.1,0.9500000000000004,sigmoid,sgd,0.8500000000000003,4,gaussian,"(-0.5, 0.5)",15,0.020428704811972377,0.9583333333333334,190
[3],0.1,0.0,0.0,0.0,0.9000000000000004,sigmoid,sgd,0.9500000000000004,6,gaussian,"(-0.1, 0.1)",15,0.04442065645259861,0.9583333333333334,191
[4],0.12000000000000001,0.0,0.0,0.2,0.8000000000000003,sigmoid,sgd,0.5,6,gaussian,"(-0.1, 0.1)",15,0.05446301853492408,0.9583333333333334,192
[4],0.1,0.0,0.0,0.0,0.9000000000000004,sigmoid,sgd,0.9000000000000004,6,gaussian,"(-0.1, 0.1)",15,0.031787355791803355,0.9583333333333334,193
[3],0.12000000000000001,0.0,0.0,0.15000000000000002,0.9000000000000004,sigmoid,sgd,0.55,4,gaussian,"(-0.5, 0.5)",15,0.02375383225284138,0.9583333333333334,194
[4],0.18000000000000002,0.0,0.0,0.2,0.5,sigmoid,sgd,0.5,6,gaussian,"(-0.1, 0.1)",15,0.10945650555960401,0.9583333333333334,195
[4],0.16000000000000003,0.0,0.0,0.2,0.9000000000000004,sigmoid,sgd,0.9000000000000004,4,gaussian,"(-0.5, 0.5)",15,0.021483661111156765,0.9583333333333334,196
[3],0.12000000000000001,0.0,0.0,0.0,0.6000000000000001,sigmoid,sgd,0.7000000000000002,2,gaussian,"(-0.5, 0.5)",15,0.06841654759687761,0.8333333333333334,197
[3],0.12000000000000001,0.0,0.0,0.05,0.5,sigmoid,sgd,0.7000000000000002,2,gaussian,"(-0.1, 0.1)",15,0.08830477489610099,0.9583333333333334,198
[3],0.12000000000000001,0.0,0.0,0.2,0.55,sigmoid,sgd,0.55,6,gaussian,"(-0.1, 0.1)",15,0.1278153601468379,0.375,199
[4],0.18000000000000002,0.0,0.0,0.1,0.7500000000000002,sigmoid,sgd,0.7000000000000002,2,gaussian,"(-0.1, 0.1)",15,0.021216436109381707,0.9583333333333334,200
[3],0.16000000000000003,0.0,0.0,0.1,0.9500000000000004,sigmoid,sgd,0.7000000000000002,2,gaussian,"(-0.1, 0.1)",15,0.0643236338791129,0.7916666666666666,1
[4],0.12000000000000001,0.0,0.0,0.15000000000000002,0.7500000000000002,sigmoid,sgd,0.6000000000000001,4,gaussian,"(-0.1, 0.1)",15,0.09090218785755283,0.8333333333333334,2
[3],0.18000000000000002,0.0,0.0,0.15000000000000002,0.6000000000000001,sigmoid,sgd,0.6000000000000001,4,gaussian,"(-0.1, 0.1)",15,0.0698852252353495,0.875,3
[3],0.1,0.0,0.0,0.15000000000000002,0.6500000000000001,sigmoid,sgd,0.5,6,gaussian,"(-0.5, 0.5)",15,0.12917424686160242,0.375,4
[4],0.1,0.0,0.0,0.0,0.5,sigmoid,sgd,0.7000000000000002,2,gaussian,"(-0.1, 0.1)",15,0.08504150549564139,0.875,5
[3],0.18000000000000002,0.0,0.0,0.1,0.55,sigmoid,sgd,0.6000000000000001,4,gaussian,"(-0.5, 0.5)",15,0.12189941246327035,0.5,6
[3],0.12000000000000001,0.0,0.0,0.0,0.9000000000000004,sigmoid,sgd,0.55,6,gaussian,"(-0.1, 0.1)",15,0.05951262022150408,0.875,7
[4],0.12000000000000001,0.0,0.0,0.0,0.6500000000000001,sigmoid,sgd,0.6000000000000001,4,gaussian,"(-0.1, 0.1)",15,0.09045932739278494,0.8333333333333334,8
[4],0.1,0.0,0.0,0.15000000000000002,0.6000000000000001,sigmoid,sgd,0.7500000000000002,2,gaussian,"(-0.1, 0.1)",15,0.09023100548969433,0.8333333333333334,9
[4],0.1,0.0,0.0,0.0,0.9500000000000004,sigmoid,sgd,0.9500000000000004,2,gaussian,"(-0.1, 0.1)",15,0.06048377492372318,0.8333333333333334,10
[4],0.18000000000000002,0.0,0.0,0.1,0.7500000000000002,sigmoid,sgd,0.7000000000000002,6,gaussian,"(-0.1, 0.1)",15,0.09357389045049834,0.8333333333333334,11
[3],0.12000000000000001,0.0,0.0,0.1,0.6000000000000001,sigmoid,sgd,0.55,6,gaussian,"(-0.5, 0.5)",15,0.12938543542076034,0.375,12
[3],0.1,0.0,0.0,0.1,0.6000000000000001,sigmoid,sgd,0.8500000000000003,4,gaussian,"(-0.5, 0.5)",15,0.12955165212199563,0.375,13
[4],0.12000000000000001,0.0,0.0,0.05,0.8000000000000003,sigmoid,sgd,0.8000000000000003,2,gaussian,"(-0.1, 0.1)",15,0.06360987498456956,0.875,14
[3],0.12000000000000001,0.0,0.0,0.1,0.5,sigmoid,sgd,0.6000000000000001,2,gaussian,"(-0.5, 0.5)",15,0.11161408311506933,0.5833333333333334,15
[4],0.12000000000000001,0.0,0.0,0.1,0.8500000000000003,sigmoid,sgd,0.6500000000000001,2,gaussian,"(-0.1, 0.1)",15,0.06035479861203404,0.8333333333333334,16
[3],0.16000000000000003,0.0,0.0,0.0,0.8000000000000003,sigmoid,sgd,0.8500000000000003,6,gaussian,"(-0.1, 0.1)",15,0.0859556579531477,0.8333333333333334,17
[3],0.14,0.0,0.0,0.05,0.55,sigmoid,sgd,0.6000000000000001,2,gaussian,"(-0.1, 0.1)",15,0.06154338651761499,0.875,18
[4],0.16000000000000003,0.0,0.0,0.15000000000000002,0.7500000000000002,sigmoid,sgd,0.6000000000000001,2,gaussian,"(-0.1, 0.1)",15,0.060035855491841324,0.875,19
[3],0.1,0.0,0.0,0.15000000000000002,0.8000000000000003,sigmoid,sgd,0.8000000000000003,2,gaussian,"(-0.1, 0.1)",15,0.056824346870803684,0.875,20
[4],0.12000000000000001,0.0,0.0,0.05,0.8000000000000003,sigmoid,sgd,0.9000000000000004,6,gaussian,"(-0.5, 0.5)",15,0.11752027465487669,0.375,21
[4],0.14,0.0,0.0,0.15000000000000002,0.8000000000000003,sigmoid,sgd,0.6500000000000001,4,gaussian,"(-0.1, 0.1)",15,0.06676555310345615,0.875,22
[3],0.14,0.0,0.0,0.2,0.7500000000000002,sigmoid,sgd,0.9000000000000004,2,gaussian,"(-0.1, 0.1)",15,0.05631207922469317,0.875,23
[3],0.14,0.0,0.0,0.05,0.9000000000000004,sigmoid,sgd,0.55,6,gaussian,"(-0.5, 0.5)",15,0.05901953388320507,0.875,24
[3],0.1,0.0,0.0,0.1,0.55,sigmoid,sgd,0.8000000000000003,6,gaussian,"(-0.5, 0.5)",15,0.13006201213052657,0.375,25
[4],0.14,0.0,0.0,0.05,0.55,sigmoid,sgd,0.5,6,gaussian,"(-0.5, 0.5)",15,0.12388063708883172,0.375,26
[3],0.14,0.0,0.0,0.05,0.6000000000000001,sigmoid,sgd,0.6500000000000001,6,gaussian,"(-0.1, 0.1)",15,0.13108472762190929,0.375,27
[4],0.16000000000000003,0.0,0.0,0.05,0.7500000000000002,sigmoid,sgd,0.8000000000000003,2,gaussian,"(-0.1, 0.1)",15,0.06190107736657354,0.875,28
[3],0.18000000000000002,0.0,0.0,0.15000000000000002,0.55,sigmoid,sgd,0.8500000000000003,2,gaussian,"(-0.5, 0.5)",15,0.07530945724932823,0.8333333333333334,29
[3],0.14,0.0,0.0,0.05,0.55,sigmoid,sgd,0.55,2,gaussian,"(-0.5, 0.5)",15,0.06811486754584133,0.875,30
[4],0.14,0.0,0.0,0.15000000000000002,0.6000000000000001,sigmoid,sgd,0.7000000000000002,4,gaussian,"(-0.1, 0.1)",15,0.11042703775106344,0.4583333333333333,31
[4],0.14,0.0,0.0,0.2,0.9500000000000004,sigmoid,sgd,0.9000000000000004,4,gaussian,"(-0.1, 0.1)",15,0.06046038262913833,0.8333333333333334,32
[3],0.12000000000000001,0.0,0.0,0.2,0.5,sigmoid,sgd,0.6000000000000001,6,gaussian,"(-0.1, 0.1)",15,0.13061201418798732,0.375,33
[3],0.16000000000000003,0.0,0.0,0.15000000000000002,0.55,sigmoid,sgd,0.55,2,gaussian,"(-0.1, 0.1)",15,0.056480087210096376,0.875,34
[4],0.16000000000000003,0.0,0.0,0.05,0.8000000000000003,sigmoid,sgd,0.9500000000000004,4,gaussian,"(-0.5, 0.5)",15,0.08469077381119812,0.875,35
[3],0.14,0.0,0.0,0.15000000000000002,0.5,sigmoid,sgd,0.7500000000000002,6,gaussian,"(-0.5, 0.5)",15,0.13001542924004245,0.375,36
[3],0.14,0.0,0.0,0.15000000000000002,0.8500000000000003,sigmoid,sgd,0.8000000000000003,4,gaussian,"(-0.1, 0.1)",15,0.05719264240339145,0.875,37
[3],0.12000000000000001,0.0,0.0,0.0,0.7000000000000002,sigmoid,sgd,0.8000000000000003,6,gaussian,"(-0.5, 0.5)",15,0.12921164839319726,0.375,38
[3],0.1,0.0,0.0,0.0,0.8000000000000003,sigmoid,sgd,0.7500000000000002,4,gaussian,"(-0.5, 0.5)",15,0.11408647557847251,0.5833333333333334,39
[3],0.16000000000000003,0.0,0.0,0.1,0.9500000000000004,sigmoid,sgd,0.9500000000000004,6,gaussian,"(-0.5, 0.5)",15,0.05893580638980946,0.875,40
[4],0.1,0.0,0.0,0.05,0.8500000000000003,sigmoid,sgd,0.8000000000000003,4,gaussian,"(-0.5, 0.5)",15,0.0938901758263458,0.875,41
[3],0.16000000000000003,0.0,0.0,0.2,0.55,sigmoid,sgd,0.9000000000000004,2,gaussian,"(-0.1, 0.1)",15,0.0657326668891766,0.875,42
[4],0.12000000000000001,0.0,0.0,0.05,0.9500000000000004,sigmoid,sgd,0.7000000000000002,4,gaussian,"(-0.5, 0.5)",15,0.06820446708515811,0.875,43
[4],0.16000000000000003,0.0,0.0,0.15000000000000002,0.7500000000000002,sigmoid,sgd,0.6000000000000001,4,gaussian,"(-0.5, 0.5)",15,0.07936898482044456,0.875,44
[3],0.18000000000000002,0.0,0.0,0.2,0.6000000000000001,sigmoid,sgd,0.7000000000000002,6,gaussian,"(-0.1, 0.1)",15,0.13022387653902545,0.375,45
[3],0.1,0.0,0.0,0.0,0.9500000000000004,sigmoid,sgd,0.8500000000000003,6,gaussian,"(-0.5, 0.5)",15,0.05988506962042212,0.875,46
[4],0.12000000000000001,0.0,0.0,0.05,0.8500000000000003,sigmoid,sgd,0.55,4,gaussian,"(-0.5, 0.5)",15,0.0725545885945846,0.875,47
[4],0.1,0.0,0.0,0.1,0.6500000000000001,sigmoid,sgd,0.8000000000000003,6,gaussian,"(-0.1, 0.1)",15,0.12906128489633448,0.375,48
[4],0.1,0.0,0.0,0.0,0.5,sigmoid,sgd,0.6000000000000001,6,gaussian,"(-0.1, 0.1)",15,0.1297285452457688,0.375,49
[4],0.12000000000000001,0.0,0.0,0.0,0.6000000000000001,sigmoid,sgd,0.7500000000000002,2,gaussian,"(-0.1, 0.1)",15,0.06315515706404068,0.875,51
[3],0.16000000000000003,0.0,0.0,0.0,0.9500000000000004,sigmoid,sgd,0.5,6,gaussian,"(-0.5, 0.5)",15,0.06562260464741668,0.7916666666666666,52
[4],0.12000000000000001,0.0,0.0,0.05,0.6500000000000001,sigmoid,sgd,0.7000000000000002,6,gaussian,"(-0.5, 0.5)",15,0.1258163836477944,0.375,53
[3],0.12000000000000001,0.0,0.0,0.0,0.9500000000000004,sigmoid,sgd,0.55,2,gaussian,"(-0.5, 0.5)",15,0.07167534144899095,0.7916666666666666,54
[3],0.1,0.0,0.0,0.0,0.8500000000000003,sigmoid,sgd,0.8500000000000003,2,gaussian,"(-0.1, 0.1)",15,0.05931831268579352,0.875,55
[4],0.1,0.0,0.0,0.05,0.8000000000000003,sigmoid,sgd,0.6000000000000001,4,gaussian,"(-0.1, 0.1)",15,0.0664352704716727,0.875,56
[3],0.1,0.0,0.0,0.1,0.7500000000000002,sigmoid,sgd,0.55,2,gaussian,"(-0.1, 0.1)",15,0.05696349867324263,0.875,57
[3],0.12000000000000001,0.0,0.0,0.1,0.55,sigmoid,sgd,0.6500000000000001,2,gaussian,"(-0.5, 0.5)",15,0.1069186064814931,0.5833333333333334,58
[4],0.16000000000000003,0.0,0.0,0.05,0.55,sigmoid,sgd,0.8000000000000003,6,gaussian,"(-0.1, 0.1)",15,0.12343496102970085,0.375,59
[4],0.12000000000000001,0.0,0.0,0.05,0.7000000000000002,sigmoid,sgd,0.6500000000000001,6,gaussian,"(-0.5, 0.5)",15,0.12266745967470387,0.375,60
[4],0.16000000000000003,0.0,0.0,0.2,0.7000000000000002,sigmoid,sgd,0.6500000000000001,6,gaussian,"(-0.5, 0.5)",15,0.11224412704829022,0.375,61
[3],0.16000000000000003,0.0,0.0,0.05,0.5,sigmoid,sgd,0.8000000000000003,2,gaussian,"(-0.1, 0.1)",15,0.06977878551744186,0.875,62
[4],0.16000000000000003,0.0,0.0,0.05,0.7500000000000002,sigmoid,sgd,0.7500000000000002,2,gaussian,"(-0.1, 0.1)",15,0.061614973918079595,0.875,63
[3],0.14,0.0,0.0,0.0,0.7500000000000002,sigmoid,sgd,0.9000000000000004,2,gaussian,"(-0.5, 0.5)",15,0.05868476810508035,0.875,64
[3],0.18000000000000002,0.0,0.0,0.05,0.55,sigmoid,sgd,0.7500000000000002,4,gaussian,"(-0.1, 0.1)",15,0.1216123050120695,0.375,65
[3],0.16000000000000003,0.0,0.0,0.15000000000000002,0.5,sigmoid,sgd,0.8500000000000003,2,gaussian,"(-0.5, 0.5)",15,0.10633341445859991,0.625,66
[3],0.18000000000000002,0.0,0.0,0.0,0.7000000000000002,sigmoid,sgd,0.6000000000000001,4,gaussian,"(-0.1, 0.1)",15,0.060547707166464015,0.875,67
[4],0.1,0.0,0.0,0.0,0.8500000000000003,sigmoid,sgd,0.7500000000000002,4,gaussian,"(-0.1, 0.1)",15,0.061912224202876655,0.875,68
[4],0.16000000000000003,0.0,0.0,0.2,0.5,sigmoid,sgd,0.55,4,gaussian,"(-0.1, 0.1)",15,0.10465615713037545,0.7916666666666666,69
[3],0.1,0.0,0.0,0.0,0.6000000000000001,sigmoid,sgd,0.6000000000000001,2,gaussian,"(-0.5, 0.5)",15,0.09734056721075753,0.6666666666666666,70
[3],0.12000000000000001,0.0,0.0,0.2,0.8500000000000003,sigmoid,sgd,0.9500000000000004,4,gaussian,"(-0.1, 0.1)",15,0.06446309843045621,0.875,72
[3],0.18000000000000002,0.0,0.0,0.15000000000000002,0.8500000000000003,sigmoid,sgd,0.55,4,gaussian,"(-0.1, 0.1)",15,0.05804133703025732,0.875,73
[4],0.18000000000000002,0.0,0.0,0.05,0.6500000000000001,sigmoid,sgd,0.6500000000000001,2,gaussian,"(-0.5, 0.5)",15,0.06191090529291377,0.875,74
[4],0.12000000000000001,0.0,0.0,0.15000000000000002,0.55,sigmoid,sgd,0.8500000000000003,6,gaussian,"(-0.1, 0.1)",15,0.12957620222004365,0.375,75
[3],0.12000000000000001,0.0,0.0,0.1,0.8000000000000003,sigmoid,sgd,0.55,4,gaussian,"(-0.1, 0.1)",15,0.05833425266940393,0.875,76
[4],0.18000000000000002,0.0,0.0,0.0,0.6000000000000001,sigmoid,sgd,0.5,4,gaussian,"(-0.5, 0.5)",15,0.08203572132307368,0.875,77
[3],0.16000000000000003,0.0,0.0,0.2,0.8500000000000003,sigmoid,sgd,0.7500000000000002,4,gaussian,"(-0.1, 0.1)",15,0.05764033320699682,0.875,78
[4],0.18000000000000002,0.0,0.0,0.15000000000000002,0.9000000000000004,sigmoid,sgd,0.7500000000000002,2,gaussian,"(-0.5, 0.5)",15,0.06674543815516536,0.8333333333333334,79
[4],0.12000000000000001,0.0,0.0,0.1,0.6500000000000001,sigmoid,sgd,0.9000000000000004,4,gaussian,"(-0.1, 0.1)",15,0.11939276088361661,0.375,80
[3],0.1,0.0,0.0,0.05,0.55,sigmoid,sgd,0.55,6,gaussian,"(-0.5, 0.5)",15,0.1299434494761356,0.375,81
[3],0.18000000000000002,0.0,0.0,0.15000000000000002,0.8000000000000003,sigmoid,sgd,0.8500000000000003,2,gaussian,"(-0.1, 0.1)",15,0.05792991988410998,0.8333333333333334,82
[4],0.1,0.0,0.0,0.05,0.6000000000000001,sigmoid,sgd,0.8500000000000003,4,gaussian,"(-0.1, 0.1)",15,0.1240928815372196,0.375,84
[3],0.14,0.0,0.0,0.0,0.6000000000000001,sigmoid,sgd,0.8500000000000003,2,gaussian,"(-0.1, 0.1)",15,0.06188584459988657,0.875,85
[3],0.1,0.0,0.0,0.2,0.7000000000000002,sigmoid,sgd,0.55,4,gaussian,"(-0.5, 0.5)",15,0.12458252766714535,0.5,86
[4],0.14,0.0,0.0,0.2,0.7000000000000002,sigmoid,sgd,0.5,4,gaussian,"(-0.5, 0.5)",15,0.0883363998860112,0.875,87
[4],0.1,0.0,0.0,0.1,0.9000000000000004,sigmoid,sgd,0.6000000000000001,4,gaussian,"(-0.1, 0.1)",15,0.06180040883987672,0.875,88
[3],0.18000000000000002,0.0,0.0,0.15000000000000002,0.7500000000000002,sigmoid,sgd,0.55,4,gaussian,"(-0.1, 0.1)",15,0.056957061587407126,0.875,89
[4],0.14,0.0,0.0,0.1,0.8000000000000003,sigmoid,sgd,0.5,6,gaussian,"(-0.1, 0.1)",15,0.07811355930937253,0.875,90
[4],0.16000000000000003,0.0,0.0,0.2,0.7500000000000002,sigmoid,sgd,0.6000000000000001,4,gaussian,"(-0.5, 0.5)",15,0.08099306664396051,0.875,91
[3],0.14,0.0,0.0,0.15000000000000002,0.7000000000000002,sigmoid,sgd,0.5,2,gaussian,"(-0.1, 0.1)",15,0.05705962395029398,0.875,92
[3],0.16000000000000003,0.0,0.0,0.1,0.5,sigmoid,sgd,0.7000000000000002,2,gaussian,"(-0.5, 0.5)",15,0.08862888373342277,0.75,93
[3],0.1,0.0,0.0,0.1,0.6000000000000001,sigmoid,sgd,0.6500000000000001,2,gaussian,"(-0.5, 0.5)",15,0.11335581951623223,0.5416666666666666,94
[3],0.16000000000000003,0.0,0.0,0.15000000000000002,0.8000000000000003,sigmoid,sgd,0.6000000000000001,6,gaussian,"(-0.5, 0.5)",15,0.10029755449978515,0.625,95
[3],0.12000000000000001,0.0,0.0,0.1,0.6000000000000001,sigmoid,sgd,0.55,4,gaussian,"(-0.1, 0.1)",15,0.1202077165990836,0.375,96
[4],0.16000000000000003,0.0,0.0,0.0,0.6000000000000001,sigmoid,sgd,0.7500000000000002,4,gaussian,"(-0.5, 0.5)",15,0.10917323555300411,0.4583333333333333,97
[4],0.16000000000000003,0.0,0.0,0.0,0.9000000000000004,sigmoid,sgd,0.9500000000000004,4,gaussian,"(-0.5, 0.5)",15,0.0692030195967574,0.875,98
[3],0.18000000000000002,0.0,0.0,0.2,0.9500000000000004,sigmoid,sgd,0.8000000000000003,6,gaussian,"(-0.5, 0.5)",15,0.059172789285078964,0.8333333333333334,99
[4],0.1,0.0,0.0,0.0,0.5,sigmoid,sgd,0.7000000000000002,6,gaussian,"(-0.5, 0.5)",15,0.12880017557304954,0.375,100
[3],0.1,0.0,0.0,0.2,0.9000000000000004,sigmoid,sgd,0.6000000000000001,2,gaussian,"(-0.5, 0.5)",15,0.0600060285128732,0.8333333333333334,101
[4],0.1,0.0,0.0,0.15000000000000002,0.9500000000000004,sigmoid,sgd,0.6000000000000001,6,gaussian,"(-0.1, 0.1)",15,0.060330338223180326,0.875,102
[3],0.12000000000000001,0.0,0.0,0.0,0.8500000000000003,sigmoid,sgd,0.55,4,gaussian,"(-0.5, 0.5)",15,0.05929224386219839,0.875,103
[3],0.12000000000000001,0.0,0.0,0.2,0.7000000000000002,sigmoid,sgd,0.5,2,gaussian,"(-0.1, 0.1)",15,0.05626847249065006,0.875,104
[3],0.18000000000000002,0.0,0.0,0.2,0.6500000000000001,sigmoid,sgd,0.55,6,gaussian,"(-0.5, 0.5)",15,0.12329620533371277,0.5,105
[4],0.16000000000000003,0.0,0.0,0.15000000000000002,0.55,sigmoid,sgd,0.5,4,gaussian,"(-0.1, 0.1)",15,0.0929550220614533,0.8333333333333334,106
[4],0.1,0.0,0.0,0.2,0.7000000000000002,sigmoid,sgd,0.6000000000000001,4,gaussian,"(-0.5, 0.5)",15,0.11362471437166495,0.375,107
[3],0.12000000000000001,0.0,0.0,0.1,0.9000000000000004,sigmoid,sgd,0.6000000000000001,6,gaussian,"(-0.5, 0.5)",15,0.06248606187774556,0.875,108
[4],0.16000000000000003,0.0,0.0,0.05,0.7000000000000002,sigmoid,sgd,0.8000000000000003,4,gaussian,"(-0.5, 0.5)",15,0.0955202218210612,0.8333333333333334,109
[3],0.14,0.0,0.0,0.2,0.9500000000000004,sigmoid,sgd,0.5,6,gaussian,"(-0.1, 0.1)",15,0.060063939351789504,0.875,110
[3],0.1,0.0,0.0,0.15000000000000002,0.8500000000000003,sigmoid,sgd,0.6000000000000001,6,gaussian,"(-0.5, 0.5)",15,0.11745974859098651,0.5416666666666666,111
[3],0.1,0.0,0.0,0.2,0.7000000000000002,sigmoid,sgd,0.7500000000000002,6,gaussian,"(-0.1, 0.1)",15,0.13080908597897997,0.375,112
[4],0.1,0.0,0.0,0.15000000000000002,0.8000000000000003,sigmoid,sgd,0.8500000000000003,4,gaussian,"(-0.1, 0.1)",15,0.10576103161999949,0.75,113
[3],0.12000000000000001,0.0,0.0,0.15000000000000002,0.9000000000000004,sigmoid,sgd,0.6500000000000001,2,gaussian,"(-0.1, 0.1)",15,0.05906238312967199,0.8333333333333334,114
[4],0.16000000000000003,0.0,0.0,0.2,0.9000000000000004,sigmoid,sgd,0.6500000000000001,2,gaussian,"(-0.5, 0.5)",15,0.06416529304900807,0.8333333333333334,115
[4],0.18000000000000002,0.0,0.0,0.2,0.6000000000000001,sigmoid,sgd,0.55,6,gaussian,"(-0.1, 0.1)",15,0.10865067718748793,0.5416666666666666,116
[4],0.1,0.0,0.0,0.0,0.8500000000000003,sigmoid,sgd,0.6500000000000001,4,gaussian,"(-0.5, 0.5)",15,0.08608003709053334,0.875,117
[4],0.1,0.0,0.0,0.05,0.7000000000000002,sigmoid,sgd,0.9500000000000004,2,gaussian,"(-0.5, 0.5)",15,0.08913788146042824,0.875,118
[4],0.1,0.0,0.0,0.0,0.7500000000000002,sigmoid,sgd,0.5,2,gaussian,"(-0.5, 0.5)",15,0.0641571611484611,0.875,119
[3],0.12000000000000001,0.0,0.0,0.15000000000000002,0.55,sigmoid,sgd,0.9500000000000004,6,gaussian,"(-0.5, 0.5)",15,0.13006114006262381,0.375,120
[3],0.14,0.0,0.0,0.0,0.55,sigmoid,sgd,0.8000000000000003,4,gaussian,"(-0.1, 0.1)",15,0.12437099185295157,0.375,121
[3],0.1,0.0,0.0,0.0,0.6500000000000001,sigmoid,sgd,0.8000000000000003,4,gaussian,"(-0.5, 0.5)",15,0.12882345598090814,0.375,122
[4],0.18000000000000002,0.0,0.0,0.05,0.55,sigmoid,sgd,0.6500000000000001,4,gaussian,"(-0.1, 0.1)",15,0.08055999630023057,0.875,123
[3],0.12000000000000001,0.0,0.0,0.0,0.9500000000000004,sigmoid,sgd,0.5,6,gaussian,"(-0.1, 0.1)",15,0.05949612398837748,0.8333333333333334,124
[3],0.1,0.0,0.0,0.05,0.8500000000000003,sigmoid,sgd,0.7500000000000002,6,gaussian,"(-0.5, 0.5)",15,0.12365628121669699,0.5,125
[3],0.18000000000000002,0.0,0.0,0.15000000000000002,0.8500000000000003,sigmoid,sgd,0.9000000000000004,2,gaussian,"(-0.5, 0.5)",15,0.06005919445777994,0.8333333333333334,126
[3],0.16000000000000003,0.0,0.0,0.1,0.7500000000000002,sigmoid,sgd,0.9000000000000004,6,gaussian,"(-0.1, 0.1)",15,0.11474332018912252,0.5,127
[4],0.16000000000000003,0.0,0.0,0.2,0.8500000000000003,sigmoid,sgd,0.9000000000000004,2,gaussian,"(-0.1, 0.1)",15,0.05971290402153324,0.8333333333333334,128
[3],0.14,0.0,0.0,0.05,0.5,sigmoid,sgd,0.5,4,gaussian,"(-0.5, 0.5)",15,0.12685151196990127,0.4583333333333333,129
[4],0.18000000000000002,0.0,0.0,0.15000000000000002,0.7000000000000002,sigmoid,sgd,0.8500000000000003,2,gaussian,"(-0.5, 0.5)",15,0.06510229584975369,0.875,130
[4],0.1,0.0,0.0,0.05,0.6500000000000001,sigmoid,sgd,0.7000000000000002,2,gaussian,"(-0.1, 0.1)",15,0.06681664380324125,0.875,131
[4],0.14,0.0,0.0,0.2,0.6500000000000001,sigmoid,sgd,0.5,2,gaussian,"(-0.5, 0.5)",15,0.06581022403482041,0.875,132
[4],0.16000000000000003,0.0,0.0,0.2,0.9500000000000004,sigmoid,sgd,0.6500000000000001,2,gaussian,"(-0.5, 0.5)",15,0.06553903360307638,0.8333333333333334,133
[4],0.1,0.0,0.0,0.05,0.9000000000000004,sigmoid,sgd,0.9500000000000004,4,gaussian,"(-0.5, 0.5)",15,0.08698123403752718,0.875,134
[4],0.18000000000000002,0.0,0.0,0.0,0.55,sigmoid,sgd,0.8500000000000003,4,gaussian,"(-0.5, 0.5)",15,0.11332911849776839,0.375,135
[3],0.16000000000000003,0.0,0.0,0.0,0.7500000000000002,sigmoid,sgd,0.9500000000000004,2,gaussian,"(-0.5, 0.5)",15,0.05869242341557001,0.875,136
[3],0.16000000000000003,0.0,0.0,0.05,0.7000000000000002,sigmoid,sgd,0.6500000000000001,6,gaussian,"(-0.1, 0.1)",15,0.12412154168162189,0.375,137
[3],0.12000000000000001,0.0,0.0,0.0,0.5,sigmoid,sgd,0.9000000000000004,6,gaussian,"(-0.1, 0.1)",15,0.13139447202269947,0.375,138
[4],0.14,0.0,0.0,0.0,0.7500000000000002,sigmoid,sgd,0.55,6,gaussian,"(-0.1, 0.1)",15,0.07661641698431648,0.875,139
[3],0.12000000000000001,0.0,0.0,0.05,0.7500000000000002,sigmoid,sgd,0.7000000000000002,2,gaussian,"(-0.5, 0.5)",15,0.05925119441634571,0.875,140
[4],0.14,0.0,0.0,0.15000000000000002,0.7500000000000002,sigmoid,sgd,0.7500000000000002,2,gaussian,"(-0.1, 0.1)",15,0.06016424811354837,0.875,141
[3],0.1,0.0,0.0,0.2,0.6500000000000001,sigmoid,sgd,0.9500000000000004,2,gaussian,"(-0.5, 0.5)",15,0.11930921493713686,0.5416666666666666,142
[3],0.1,0.0,0.0,0.05,0.9500000000000004,sigmoid,sgd,0.9000000000000004,6,gaussian,"(-0.5, 0.5)",15,0.05978258215859281,0.875,143
[4],0.12000000000000001,0.0,0.0,0.2,0.7000000000000002,sigmoid,sgd,0.6500000000000001,4,gaussian,"(-0.1, 0.1)",15,0.10344599273293476,0.7916666666666666,144
[3],0.16000000000000003,0.0,0.0,0.15000000000000002,0.7500000000000002,sigmoid,sgd,0.8500000000000003,6,gaussian,"(-0.5, 0.5)",15,0.1258570751245497,0.5,145
[4],0.12000000000000001,0.0,0.0,0.2,0.6000000000000001,sigmoid,sgd,0.7000000000000002,4,gaussian,"(-0.1, 0.1)",15,0.1189080003705096,0.375,146
[3],0.16000000000000003,0.0,0.0,0.15000000000000002,0.9000000000000004,sigmoid,sgd,0.8500000000000003,2,gaussian,"(-0.1, 0.1)",15,0.05955779851878571,0.7916666666666666,147
[4],0.14,0.0,0.0,0.2,0.8500000000000003,sigmoid,sgd,0.5,6,gaussian,"(-0.1, 0.1)",15,0.06369869111540509,0.875,148
[3],0.18000000000000002,0.0,0.0,0.2,0.8000000000000003,sigmoid,sgd,0.9000000000000004,2,gaussian,"(-0.1, 0.1)",15,0.05716413666868516,0.875,149
[4],0.14,0.0,0.0,0.2,0.9500000000000004,sigmoid,sgd,0.8500000000000003,4,gaussian,"(-0.5, 0.5)",15,0.06978586036376838,0.875,150
[4],0.16000000000000003,0.0,0.0,0.05,0.6000000000000001,sigmoid,sgd,0.8500000000000003,4,gaussian,"(-0.5, 0.5)",15,0.1131048590466527,0.375,151
[3],0.18000000000000002,0.0,0.0,0.2,0.7000000000000002,sigmoid,sgd,0.7500000000000002,2,gaussian,"(-0.5, 0.5)",15,0.058887737775558245,0.875,152
[4],0.16000000000000003,0.0,0.0,0.1,0.6000000000000001,sigmoid,sgd,0.9000000000000004,4,gaussian,"(-0.1, 0.1)",15,0.11082105769187027,0.4583333333333333,153
[3],0.12000000000000001,0.0,0.0,0.1,0.6000000000000001,sigmoid,sgd,0.9500000000000004,2,gaussian,"(-0.1, 0.1)",15,0.06949007619828501,0.875,155
[4],0.1,0.0,0.0,0.1,0.6500000000000001,sigmoid,sgd,0.8500000000000003,4,gaussian,"(-0.1, 0.1)",15,0.12394323398916125,0.375,156
[4],0.16000000000000003,0.0,0.0,0.15000000000000002,0.7000000000000002,sigmoid,sgd,0.7500000000000002,2,gaussian,"(-0.1, 0.1)",15,0.06049061045623368,0.875,157
[4],0.12000000000000001,0.0,0.0,0.2,0.7500000000000002,sigmoid,sgd,0.5,4,gaussian,"(-0.5, 0.5)",15,0.08964824999291905,0.875,158
[3],0.18000000000000002,0.0,0.0,0.0,0.5,sigmoid,sgd,0.6500000000000001,4,gaussian,"(-0.1, 0.1)",15,0.10430468034578837,0.7916666666666666,159
[4],0.12000000000000001,0.0,0.0,0.15000000000000002,0.7000000000000002,sigmoid,sgd,0.5,4,gaussian,"(-0.5, 0.5)",15,0.0961116075945837,0.8333333333333334,160
[3],0.12000000000000001,0.0,0.0,0.0,0.8000000000000003,sigmoid,sgd,0.8500000000000003,6,gaussian,"(-0.5, 0.5)",15,0.12593701754757558,0.4583333333333333,161
[3],0.14,0.0,0.0,0.15000000000000002,0.8500000000000003,sigmoid,sgd,0.55,2,gaussian,"(-0.5, 0.5)",15,0.06028677898903028,0.8333333333333334,162
[4],0.16000000000000003,0.0,0.0,0.1,0.6500000000000001,sigmoid,sgd,0.7500000000000002,6,gaussian,"(-0.5, 0.5)",15,0.12160980610941718,0.375,163
[4],0.12000000000000001,0.0,0.0,0.15000000000000002,0.8500000000000003,sigmoid,sgd,0.7000000000000002,6,gaussian,"(-0.5, 0.5)",15,0.10217862982915427,0.5833333333333334,164
[3],0.18000000000000002,0.0,0.0,0.1,0.7000000000000002,sigmoid,sgd,0.8000000000000003,4,gaussian,"(-0.1, 0.1)",15,0.0632991673333594,0.875,165
[4],0.16000000000000003,0.0,0.0,0.05,0.7500000000000002,sigmoid,sgd,0.6500000000000001,6,gaussian,"(-0.1, 0.1)",15,0.07576863751514135,0.875,166
[3],0.18000000000000002,0.0,0.0,0.2,0.7500000000000002,sigmoid,sgd,0.55,6,gaussian,"(-0.5, 0.5)",15,0.1018369433615624,0.625,167
[3],0.1,0.0,0.0,0.2,0.6500000000000001,sigmoid,sgd,0.6500000000000001,4,gaussian,"(-0.5, 0.5)",15,0.127998185336767,0.375,168
[4],0.16000000000000003,0.0,0.0,0.05,0.9000000000000004,sigmoid,sgd,0.9000000000000004,2,gaussian,"(-0.5, 0.5)",15,0.06402359856553126,0.8333333333333334,169
[3],0.12000000000000001,0.0,0.0,0.1,0.7000000000000002,sigmoid,sgd,0.7000000000000002,6,gaussian,"(-0.5, 0.5)",15,0.1288364231332962,0.375,170
[4],0.12000000000000001,0.0,0.0,0.1,0.55,sigmoid,sgd,0.5,6,gaussian,"(-0.1, 0.1)",15,0.12456665257585574,0.375,171
[4],0.12000000000000001,0.0,0.0,0.2,0.7000000000000002,sigmoid,sgd,0.7000000000000002,4,gaussian,"(-0.1, 0.1)",15,0.10644494427231348,0.75,172
[4],0.18000000000000002,0.0,0.0,0.15000000000000002,0.8000000000000003,sigmoid,sgd,0.8000000000000003,6,gaussian,"(-0.5, 0.5)",15,0.09651972366052237,0.875,173
[4],0.18000000000000002,0.0,0.0,0.2,0.6500000000000001,sigmoid,sgd,0.7500000000000002,6,gaussian,"(-0.5, 0.5)",15,0.11777694243299926,0.375,174
[3],0.18000000000000002,0.0,0.0,0.0,0.8000000000000003,sigmoid,sgd,0.9500000000000004,2,gaussian,"(-0.5, 0.5)",15,0.059930811356760594,0.8333333333333334,175
[3],0.1,0.0,0.0,0.0,0.9000000000000004,sigmoid,sgd,0.55,2,gaussian,"(-0.5, 0.5)",15,0.06373825037983318,0.7916666666666666,176
[3],0.1,0.0,0.0,0.15000000000000002,0.7000000000000002,sigmoid,sgd,0.5,4,gaussian,"(-0.1, 0.1)",15,0.09888654348189208,0.8333333333333334,177
[4],0.12000000000000001,0.0,0.0,0.2,0.8500000000000003,sigmoid,sgd,0.8500000000000003,6,gaussian,"(-0.1, 0.1)",15,0.09555417390122704,0.7916666666666666,178
[3],0.16000000000000003,0.0,0.0,0.0,0.8000000000000003,sigmoid,sgd,0.6000000000000001,2,gaussian,"(-0.1, 0.1)",15,0.060978061150272274,0.8333333333333334,179
[3],0.16000000000000003,0.0,0.0,0.15000000000000002,0.6000000000000001,sigmoid,sgd,0.5,4,gaussian,"(-0.5, 0.5)",15,0.1151613698046025,0.5416666666666666,180
[4],0.14,0.0,0.0,0.2,0.7500000000000002,sigmoid,sgd,0.9000000000000004,6,gaussian,"(-0.5, 0.5)",15,0.1201531507549513,0.375,181
[4],0.16000000000000003,0.0,0.0,0.15000000000000002,0.6500000000000001,sigmoid,sgd,0.5,4,gaussian,"(-0.1, 0.1)",15,0.08088345283410366,0.875,182
[3],0.16000000000000003,0.0,0.0,0.0,0.5,sigmoid,sgd,0.9000000000000004,4,gaussian,"(-0.1, 0.1)",15,0.12581120051605002,0.375,183
[3],0.18000000000000002,0.0,0.0,0.15000000000000002,0.9500000000000004,sigmoid,sgd,0.7500000000000002,6,gaussian,"(-0.1, 0.1)",15,0.059272918130454766,0.8333333333333334,184
[4],0.14,0.0,0.0,0.15000000000000002,0.9500000000000004,sigmoid,sgd,0.9000000000000004,6,gaussian,"(-0.1, 0.1)",15,0.05990699352211357,0.875,185
[3],0.1,0.0,0.0,0.05,0.7000000000000002,sigmoid,sgd,0.9000000000000004,6,gaussian,"(-0.5, 0.5)",15,0.1294660718729034,0.375,186
[4],0.18000000000000002,0.0,0.0,0.15000000000000002,0.6500000000000001,sigmoid,sgd,0.55,6,gaussian,"(-0.1, 0.1)",15,0.10124541770977151,0.8333333333333334,187
[3],0.16000000000000003,0.0,0.0,0.0,0.7500000000000002,sigmoid,sgd,0.8000000000000003,6,gaussian,"(-0.5, 0.5)",15,0.12358996360827916,0.5,188
[4],0.18000000000000002,0.0,0.0,0.0,0.6500000000000001,sigmoid,sgd,0.7500000000000002,4,gaussian,"(-0.1, 0.1)",15,0.06937038130914099,0.875,189
[3],0.1,0.0,0.0,0.1,0.8500000000000003,sigmoid,sgd,0.8000000000000003,4,gaussian,"(-0.1, 0.1)",15,0.06150868408355128,0.875,191
[3],0.16000000000000003,0.0,0.0,0.1,0.9000000000000004,sigmoid,sgd,0.55,4,gaussian,"(-0.1, 0.1)",15,0.059307199804736734,0.8333333333333334,192
[4],0.1,0.0,0.0,0.1,0.8500000000000003,sigmoid,sgd,0.5,6,gaussian,"(-0.5, 0.5)",15,0.09921545271796306,0.7916666666666666,193
[4],0.16000000000000003,0.0,0.0,0.05,0.8500000000000003,sigmoid,sgd,0.9500000000000004,6,gaussian,"(-0.1, 0.1)",15,0.06720167276308447,0.875,194
[3],0.1,0.0,0.0,0.15000000000000002,0.55,sigmoid,sgd,0.55,6,gaussian,"(-0.1, 0.1)",15,0.13105974457489583,0.375,195
[3],0.14,0.0,0.0,0.1,0.6000000000000001,sigmoid,sgd,0.5,2,gaussian,"(-0.1, 0.1)",15,0.05672768512988088,0.875,196
[4],0.1,0.0,0.0,0.05,0.8500000000000003,sigmoid,sgd,0.6000000000000001,6,gaussian,"(-0.5, 0.5)",15,0.10399266333412109,0.4583333333333333,197
[4],0.18000000000000002,0.0,0.0,0.1,0.55,sigmoid,sgd,0.55,2,gaussian,"(-0.1, 0.1)",15,0.06195269694386474,0.875,198
[3],0.12000000000000001,0.0,0.0,0.1,0.9500000000000004,sigmoid,sgd,0.7500000000000002,4,gaussian,"(-0.1, 0.1)",15,0.05986993842150196,0.8333333333333334,199
[4],0.12000000000000001,0.0,0.0,0.05,0.7000000000000002,sigmoid,sgd,0.7000000000000002,2,gaussian,"(-0.5, 0.5)",15,0.06934775363992905,0.875,200
[3],0.01,0.0,0.0,0.0,0.75,sigmoid,sgd,0.75,2,gaussian,"(-0.1, 0.1)",15,0.12492303250426567,0.52,1
[3],0.01,0.0,0.0,0.0,0.9000000000000001,sigmoid,sgd,0.75,2,gaussian,"(-0.5, 0.5)",15,0.12431342287844674,0.56,2
[4],0.16,0.0,0.0,0.0,0.75,sigmoid,sgd,0.75,8,gaussian,"(-0.5, 0.5)",15,0.11842002538865047,0.6,3
[3],0.16,0.0,0.0,0.0,0.8500000000000001,sigmoid,sgd,0.75,2,gaussian,"(-0.5, 0.5)",15,0.032610843477684455,0.92,4
[3],0.01,0.0,0.0,0.0,0.8500000000000001,sigmoid,sgd,0.75,8,gaussian,"(-0.5, 0.5)",15,0.12521872121829222,0.56,5
[4],0.16,0.0,0.0,0.0,0.7,sigmoid,sgd,0.75,10,gaussian,"(-0.5, 0.5)",15,0.12367481627875793,0.6,7
[3],0.01,0.0,0.0,0.0,0.9000000000000001,sigmoid,sgd,0.75,12,gaussian,"(-0.1, 0.1)",15,0.1250537875801738,0.52,8
[3],0.01,0.0,0.0,0.0,0.75,sigmoid,sgd,0.75,12,gaussian,"(-0.1, 0.1)",15,0.12519148496131866,0.52,9
[3],0.16,0.0,0.0,0.0,0.7,sigmoid,sgd,0.75,8,gaussian,"(-0.1, 0.1)",15,0.1196658852957535,0.68,10
[4],0.01,0.0,0.0,0.0,0.8,sigmoid,sgd,0.75,2,gaussian,"(-0.5, 0.5)",15,0.1251387063540995,0.56,11
[3],0.01,0.0,0.0,0.0,0.9000000000000001,sigmoid,sgd,0.75,4,gaussian,"(-0.1, 0.1)",15,0.12486608793697648,0.52,12
[4],0.16,0.0,0.0,0.0,0.9000000000000001,sigmoid,sgd,0.75,12,gaussian,"(-0.1, 0.1)",15,0.07840839753164257,0.92,13
[3],0.01,0.0,0.0,0.0,0.8,sigmoid,sgd,0.75,2,gaussian,"(-0.1, 0.1)",15,0.12487467309484254,0.52,14
[3],0.16,0.0,0.0,0.0,0.9000000000000001,sigmoid,sgd,0.75,12,gaussian,"(-0.1, 0.1)",15,0.06285044339719575,0.92,15
[4],0.16,0.0,0.0,0.0,0.7,sigmoid,sgd,0.75,10,gaussian,"(-0.1, 0.1)",15,0.12093100378683355,0.52,16
[3],0.16,0.0,0.0,0.0,0.7,sigmoid,sgd,0.75,10,gaussian,"(-0.5, 0.5)",15,0.12408118059017272,0.56,17
[4],0.01,0.0,0.0,0.0,0.8500000000000001,sigmoid,sgd,0.75,4,gaussian,"(-0.5, 0.5)",15,0.1255308918518863,0.56,18
[4],0.01,0.0,0.0,0.0,0.7,sigmoid,sgd,0.75,10,gaussian,"(-0.5, 0.5)",15,0.12614212624693846,0.56,19
[4],0.01,0.0,0.0,0.0,0.8,sigmoid,sgd,0.75,2,gaussian,"(-0.1, 0.1)",15,0.1242722296603503,0.52,20
[3],0.01,0.0,0.0,0.0,0.7,sigmoid,sgd,0.75,12,gaussian,"(-0.1, 0.1)",15,0.12521093699831243,0.52,21
[3],0.01,0.0,0.0,0.0,0.9000000000000001,sigmoid,sgd,0.75,8,gaussian,"(-0.1, 0.1)",15,0.12499188259380604,0.52,23
[4],0.16,0.0,0.0,0.0,0.8500000000000001,sigmoid,sgd,0.75,8,gaussian,"(-0.1, 0.1)",15,0.06818159878402953,0.92,24
[3],0.16,0.0,0.0,0.0,0.9000000000000001,sigmoid,sgd,0.75,8,gaussian,"(-0.1, 0.1)",15,0.038618475295702004,0.92,25
[4],0.16,0.0,0.0,0.0,0.7,sigmoid,sgd,0.75,12,gaussian,"(-0.1, 0.1)",15,0.12244254356242244,0.52,26
[3],0.16,0.0,0.0,0.0,0.75,sigmoid,sgd,0.75,4,gaussian,"(-0.5, 0.5)",15,0.07421137318850685,0.84,28
[3],0.01,0.0,0.0,0.0,0.8500000000000001,sigmoid,sgd,0.75,2,gaussian,"(-0.1, 0.1)",15,0.1247315664536824,0.6,29
[3],0.16,0.0,0.0,0.0,0.8,sigmoid,sgd,0.75,8,gaussian,"(-0.1, 0.1)",15,0.09053458872401053,0.92,30
[3],0.16,0.0,0.0,0.0,0.8,sigmoid,sgd,0.75,2,gaussian,"(-0.1, 0.1)",15,0.0336594172258487,0.92,32
[4],0.01,0.0,0.0,0.0,0.8500000000000001,sigmoid,sgd,0.75,8,gaussian,"(-0.1, 0.1)",15,0.12494896164065211,0.52,34
[3],0.16,0.0,0.0,0.0,0.75,sigmoid,sgd,0.75,12,gaussian,"(-0.5, 0.5)",15,0.1239529115486718,0.56,36
[4],0.01,0.0,0.0,0.0,0.8500000000000001,sigmoid,sgd,0.75,10,gaussian,"(-0.1, 0.1)",15,0.12504966344768678,0.52,37
[4],0.01,0.0,0.0,0.0,0.7,sigmoid,sgd,0.75,12,gaussian,"(-0.5, 0.5)",15,0.12622585579455467,0.52,38
[3],0.16,0.0,0.0,0.0,0.8,sigmoid,sgd,0.75,10,gaussian,"(-0.5, 0.5)",15,0.12273997377901052,0.52,39
[3],0.16,0.0,0.0,0.0,0.8,sigmoid,sgd,0.75,4,gaussian,"(-0.1, 0.1)",15,0.037252747583665154,0.92,40
[4],0.16,0.0,0.0,0.0,0.9000000000000001,sigmoid,sgd,0.75,10,gaussian,"(-0.5, 0.5)",15,0.08622799652391022,0.84,41
[4],0.01,0.0,0.0,0.0,0.8,sigmoid,sgd,0.75,8,gaussian,"(-0.5, 0.5)",15,0.1260236044270609,0.52,42
[3],0.16,0.0,0.0,0.0,0.8500000000000001,sigmoid,sgd,0.75,12,gaussian,"(-0.1, 0.1)",15,0.10550803165967226,0.84,43
[4],0.01,0.0,0.0,0.0,0.75,sigmoid,sgd,0.75,10,gaussian,"(-0.5, 0.5)",15,0.12610925437728984,0.52,44
[4],0.16,0.0,0.0,0.0,0.8,sigmoid,sgd,0.75,4,gaussian,"(-0.1, 0.1)",15,0.04000147473688455,0.92,45
[3],0.01,0.0,0.0,0.0,0.7,sigmoid,sgd,0.75,12,gaussian,"(-0.5, 0.5)",15,0.12535787217747163,0.48,46
[4],0.16,0.0,0.0,0.0,0.9000000000000001,sigmoid,sgd,0.75,8,gaussian,"(-0.5, 0.5)",15,0.06682950590032966,0.92,47
[3],0.01,0.0,0.0,0.0,0.7,sigmoid,sgd,0.75,8,gaussian,"(-0.5, 0.5)",15,0.12529513047650123,0.56,48
[3],0.16,0.0,0.0,0.0,0.7,sigmoid,sgd,0.75,4,gaussian,"(-0.5, 0.5)",15,0.10014461415048602,0.68,49
[4],0.16,0.0,0.0,0.0,0.8,sigmoid,sgd,0.75,10,gaussian,"(-0.5, 0.5)",15,0.11959964650250816,0.6,50
[3],0.16,0.0,0.0,0.0,0.75,sigmoid,sgd,0.75,8,gaussian,"(-0.1, 0.1)",15,0.11174906910598645,0.84,51
[3],0.01,0.0,0.0,0.0,0.8500000000000001,sigmoid,sgd,0.75,2,gaussian,"(-0.5, 0.5)",15,0.12465525127324796,0.52,52
[3],0.16,0.0,0.0,0.0,0.8,sigmoid,sgd,0.75,8,gaussian,"(-0.5, 0.5)",15,0.11904513257537896,0.56,53
[4],0.16,0.0,0.0,0.0,0.7,sigmoid,sgd,0.75,4,gaussian,"(-0.5, 0.5)",15,0.07991698247343408,0.88,54
[4],0.01,0.0,0.0,0.0,0.8,sigmoid,sgd,0.75,12,gaussian,"(-0.5, 0.5)",15,0.1261761170875234,0.52,55
[3],0.01,0.0,0.0,0.0,0.75,sigmoid,sgd,0.75,10,gaussian,"(-0.5, 0.5)",15,0.1253387828212907,0.48,56
[3],0.01,0.0,0.0,0.0,0.8500000000000001,sigmoid,sgd,0.75,12,gaussian,"(-0.1, 0.1)",15,0.12512294319243453,0.52,57
[3],0.16,0.0,0.0,0.0,0.75,sigmoid,sgd,0.75,10,gaussian,"(-0.5, 0.5)",15,0.12369140015147964,0.56,58
[4],0.01,0.0,0.0,0.0,0.75,sigmoid,sgd,0.75,4,gaussian,"(-0.1, 0.1)",15,0.12483183699782043,0.52,59
[3],0.16,0.0,0.0,0.0,0.8500000000000001,sigmoid,sgd,0.75,2,gaussian,"(-0.1, 0.1)",15,0.03227848519879782,0.92,61
[4],0.16,0.0,0.0,0.0,0.8,sigmoid,sgd,0.75,8,gaussian,"(-0.1, 0.1)",15,0.09381662627784376,0.88,65
[4],0.01,0.0,0.0,0.0,0.8500000000000001,sigmoid,sgd,0.75,2,gaussian,"(-0.5, 0.5)",15,0.12488764986016082,0.56,66
[3],0.16,0.0,0.0,0.0,0.8500000000000001,sigmoid,sgd,0.75,12,gaussian,"(-0.5, 0.5)",15,0.12138754463828655,0.56,67
[3],0.01,0.0,0.0,0.0,0.8500000000000001,sigmoid,sgd,0.75,10,gaussian,"(-0.5, 0.5)",15,0.12528931593129575,0.48,68
[3],0.16,0.0,0.0,0.0,0.8500000000000001,sigmoid,sgd,0.75,8,gaussian,"(-0.1, 0.1)",15,0.057524042459049136,0.92,69
[4],0.16,0.0,0.0,0.0,0.75,sigmoid,sgd,0.75,10,gaussian,"(-0.1, 0.1)",15,0.1180370001032677,0.52,70
[3],0.16,0.0,0.0,0.0,0.8500000000000001,sigmoid,sgd,0.75,4,gaussian,"(-0.1, 0.1)",15,0.03372718950692172,0.92,71
[3],0.16,0.0,0.0,0.0,0.8500000000000001,sigmoid,sgd,0.75,4,gaussian,"(-0.5, 0.5)",15,0.03707810727646926,0.92,72
[4],0.01,0.0,0.0,0.0,0.9000000000000001,sigmoid,sgd,0.75,8,gaussian,"(-0.5, 0.5)",15,0.12582438942884905,0.52,76
[4],0.01,0.0,0.0,0.0,0.8500000000000001,sigmoid,sgd,0.75,8,gaussian,"(-0.5, 0.5)",15,0.12595266898216828,0.52,77
[4],0.16,0.0,0.0,0.0,0.9000000000000001,sigmoid,sgd,0.75,2,gaussian,"(-0.5, 0.5)",15,0.03622344061352036,0.92,79
[4],0.01,0.0,0.0,0.0,0.75,sigmoid,sgd,0.75,4,gaussian,"(-0.5, 0.5)",15,0.12573759142671015,0.52,80
[3],0.01,0.0,0.0,0.0,0.7,sigmoid,sgd,0.75,10,gaussian,"(-0.1, 0.1)",15,0.1252231880851782,0.52,83
[3],0.16,0.0,0.0,0.0,0.8500000000000001,sigmoid,sgd,0.75,10,gaussian,"(-0.1, 0.1)",15,0.08938074262180835,0.92,85
[4],0.01,0.0,0.0,0.0,0.9000000000000001,sigmoid,sgd,0.75,2,gaussian,"(-0.1, 0.1)",15,0.12225485811436605,0.52,86
[3],0.01,0.0,0.0,0.0,0.8,sigmoid,sgd,0.75,12,gaussian,"(-0.1, 0.1)",15,0.12516414871901477,0.52,87
[4],0.01,0.0,0.0,0.0,0.7,sigmoid,sgd,0.75,12,gaussian,"(-0.1, 0.1)",15,0.1253680889863513,0.52,89
[4],0.16,0.0,0.0,0.0,0.9000000000000001,sigmoid,sgd,0.75,10,gaussian,"(-0.1, 0.1)",15,0.05516995646622588,0.92,90
[4],0.01,0.0,0.0,0.0,0.8,sigmoid,sgd,0.75,10,gaussian,"(-0.5, 0.5)",15,0.1260614921684618,0.52,93
[4],0.01,0.0,0.0,0.0,0.7,sigmoid,sgd,0.75,8,gaussian,"(-0.1, 0.1)",15,0.12520949456311606,0.52,94
[3],0.01,0.0,0.0,0.0,0.9000000000000001,sigmoid,sgd,0.75,4,gaussian,"(-0.5, 0.5)",15,0.12487446433362483,0.52,98
[4],0.16,0.0,0.0,0.0,0.9000000000000001,sigmoid,sgd,0.75,12,gaussian,"(-0.5, 0.5)",15,0.09596326783814917,0.76,100
[4],0.01,0.0,0.0,0.0,0.8500000000000001,sigmoid,sgd,0.75,12,gaussian,"(-0.1, 0.1)",15,0.12513478981691115,0.52,102
[4],0.01,0.0,0.0,0.0,0.7,sigmoid,sgd,0.75,10,gaussian,"(-0.1, 0.1)",15,0.12530774634371383,0.52,103
[3],0.16,0.0,0.0,0.0,0.8,sigmoid,sgd,0.75,12,gaussian,"(-0.5, 0.5)",15,0.12337764275778912,0.56,105
[4],0.01,0.0,0.0,0.0,0.7,sigmoid,sgd,0.75,2,gaussian,"(-0.5, 0.5)",15,0.12537859650443323,0.52,106
[4],0.01,0.0,0.0,0.0,0.9000000000000001,sigmoid,sgd,0.75,10,gaussian,"(-0.5, 0.5)",15,0.12584581861462107,0.52,109
[3],0.01,0.0,0.0,0.0,0.75,sigmoid,sgd,0.75,8,gaussian,"(-0.5, 0.5)",15,0.125279453130381,0.56,110
[3],0.01,0.0,0.0,0.0,0.8,sigmoid,sgd,0.75,8,gaussian,"(-0.1, 0.1)",15,0.12510160198827394,0.52,112
[3],0.01,0.0,0.0,0.0,0.7,sigmoid,sgd,0.75,4,gaussian,"(-0.1, 0.1)",15,0.12504064825889147,0.52,114
[4],0.01,0.0,0.0,0.0,0.9000000000000001,sigmoid,sgd,0.75,4,gaussian,"(-0.1, 0.1)",15,0.12430956649512206,0.52,116
[4],0.01,0.0,0.0,0.0,0.8,sigmoid,sgd,0.75,8,gaussian,"(-0.1, 0.1)",15,0.125065753470533,0.52,117
[4],0.01,0.0,0.0,0.0,0.8500000000000001,sigmoid,sgd,0.75,4,gaussian,"(-0.1, 0.1)",15,0.12459667125449242,0.52,120
[4],0.01,0.0,0.0,0.0,0.7,sigmoid,sgd,0.75,2,gaussian,"(-0.1, 0.1)",15,0.12456767997469764,0.52,121
[3],0.16,0.0,0.0,0.0,0.7,sigmoid,sgd,0.75,2,gaussian,"(-0.1, 0.1)",15,0.03347746640364596,0.92,123
[3],0.16,0.0,0.0,0.0,0.7,sigmoid,sgd,0.75,4,gaussian,"(-0.1, 0.1)",15,0.05400413433396326,0.92,124
[4],0.01,0.0,0.0,0.0,0.75,sigmoid,sgd,0.75,12,gaussian,"(-0.5, 0.5)",15,0.12620555961838098,0.52,125
[4],0.16,0.0,0.0,0.0,0.75,sigmoid,sgd,0.75,10,gaussian,"(-0.5, 0.5)",15,0.12257432155755976,0.6,127
[3],0.16,0.0,0.0,0.0,0.7,sigmoid,sgd,0.75,12,gaussian,"(-0.1, 0.1)",15,0.12399906951013279,0.52,128
[4],0.01,0.0,0.0,0.0,0.9000000000000001,sigmoid,sgd,0.75,12,gaussian,"(-0.1, 0.1)",15,0.12496357808899561,0.52,138
[4],0.16,0.0,0.0,0.0,0.7,sigmoid,sgd,0.75,4,gaussian,"(-0.1, 0.1)",15,0.056846079792432225,0.92,140
[4],0.16,0.0,0.0,0.0,0.8500000000000001,sigmoid,sgd,0.75,10,gaussian,"(-0.5, 0.5)",15,0.11069250137575282,0.6,141
[4],0.01,0.0,0.0,0.0,0.7,sigmoid,sgd,0.75,4,gaussian,"(-0.5, 0.5)",15,0.12579456346035317,0.52,142
[3],0.01,0.0,0.0,0.0,0.9000000000000001,sigmoid,sgd,0.75,12,gaussian,"(-0.5, 0.5)",15,0.12524977876831994,0.56,148
[3],0.16,0.0,0.0,0.0,0.8500000000000001,sigmoid,sgd,0.75,10,gaussian,"(-0.5, 0.5)",15,0.11887512461597108,0.56,151
[4],0.16,0.0,0.0,0.0,0.8500000000000001,sigmoid,sgd,0.75,2,gaussian,"(-0.5, 0.5)",15,0.04085042045068165,0.92,153
[4],0.16,0.0,0.0,0.0,0.7,sigmoid,sgd,0.75,2,gaussian,"(-0.5, 0.5)",15,0.04422665050705137,0.92,155
[4],0.16,0.0,0.0,0.0,0.75,sigmoid,sgd,0.75,4,gaussian,"(-0.5, 0.5)",15,0.06595741877739529,0.92,156
[4],0.01,0.0,0.0,0.0,0.9000000000000001,sigmoid,sgd,0.75,2,gaussian,"(-0.5, 0.5)",15,0.12422418185706822,0.52,157
[3],0.01,0.0,0.0,0.0,0.8500000000000001,sigmoid,sgd,0.75,4,gaussian,"(-0.5, 0.5)",15,0.1250054332986719,0.56,160
[3],0.01,0.0,0.0,0.0,0.8500000000000001,sigmoid,sgd,0.75,12,gaussian,"(-0.5, 0.5)",15,0.1253025739831328,0.56,161
[3],0.16,0.0,0.0,0.0,0.9000000000000001,sigmoid,sgd,0.75,10,gaussian,"(-0.5, 0.5)",15,0.0925811384727041,0.72,165
[4],0.16,0.0,0.0,0.0,0.75,sigmoid,sgd,0.75,4,gaussian,"(-0.1, 0.1)",15,0.04579068967027442,0.92,169
[4],0.01,0.0,0.0,0.0,0.7,sigmoid,sgd,0.75,4,gaussian,"(-0.1, 0.1)",15,0.1249018881538676,0.52,171
[4],0.16,0.0,0.0,0.0,0.8,sigmoid,sgd,0.75,8,gaussian,"(-0.5, 0.5)",15,0.10995423492183294,0.6,173
[3],0.16,0.0,0.0,0.0,0.9000000000000001,sigmoid,sgd,0.75,8,gaussian,"(-0.5, 0.5)",15,0.054027768487167276,0.92,174
[3],0.16,0.0,0.0,0.0,0.7,sigmoid,sgd,0.75,12,gaussian,"(-0.5, 0.5)",15,0.12421344700228044,0.56,176
[4],0.16,0.0,0.0,0.0,0.75,sigmoid,sgd,0.75,12,gaussian,"(-0.5, 0.5)",15,0.12400712131367037,0.56,179
[4],0.16,0.0,0.0,0.0,0.75,sigmoid,sgd,0.75,12,gaussian,"(-0.1, 0.1)",15,0.120751368427312,0.52,180
[3],0.16,0.0,0.0,0.0,0.8,sigmoid,sgd,0.75,4,gaussian,"(-0.5, 0.5)",15,0.04819373392059014,0.92,187
[3],0.16,0.0,0.0,0.0,0.8500000000000001,sigmoid,sgd,0.75,8,gaussian,"(-0.5, 0.5)",15,0.10373816282757621,0.64,190
[3],0.01,0.0,0.0,0.0,0.8,sigmoid,sgd,0.75,10,gaussian,"(-0.5, 0.5)",15,0.12531998127100435,0.52,193
[4],0.16,0.0,0.0,0.0,0.8,sigmoid,sgd,0.75,2,gaussian,"(-0.5, 0.5)",15,0.04190159268318291,0.92,194
[3],0.16,0.0,0.0,0.0,0.9000000000000001,sigmoid,sgd,0.75,12,gaussian,"(-0.5, 0.5)",15,0.10669277500853724,0.6,195
[4],0.16,0.0,0.0,0.0,0.8,sigmoid,sgd,0.75,4,gaussian,"(-0.5, 0.5)",15,0.05555719130572008,0.92,197
[4],0.16,0.0,0.0,0.0,0.9000000000000001,sigmoid,sgd,0.75,8,gaussian,"(-0.1, 0.1)",15,0.0465656268681276,0.92,199
[4],0.16,0.0,0.0,0.0,0.8500000000000001,sigmoid,sgd,0.75,12,gaussian,"(-0.5, 0.5)",15,0.1122304249478948,0.52,4
[4],0.16,0.0,0.0,0.0,0.75,sigmoid,sgd,0.75,8,gaussian,"(-0.1, 0.1)",15,0.10109884058005938,0.92,5
[4],0.16,0.0,0.0,0.0,0.8,sigmoid,sgd,0.75,12,gaussian,"(-0.5, 0.5)",15,0.120710544009036,0.56,9
[4],0.16,0.0,0.0,0.0,0.8500000000000001,sigmoid,sgd,0.75,2,gaussian,"(-0.1, 0.1)",15,0.016909577210298638,0.96,10
[4],0.01,0.0,0.0,0.0,0.9000000000000001,sigmoid,sgd,0.75,12,gaussian,"(-0.5, 0.5)",15,0.1275641229524834,0.48,11
[3],0.16,0.0,0.0,0.0,0.75,sigmoid,sgd,0.75,2,gaussian,"(-0.1, 0.1)",15,0.020684532002271223,0.96,12
[3],0.01,0.0,0.0,0.0,0.75,sigmoid,sgd,0.75,10,gaussian,"(-0.1, 0.1)",15,0.12525098781551655,0.48,15
[3],0.16,0.0,0.0,0.0,0.8,sigmoid,sgd,0.75,10,gaussian,"(-0.1, 0.1)",15,0.1180962656390899,0.56,16
[3],0.01,0.0,0.0,0.0,0.75,sigmoid,sgd,0.75,8,gaussian,"(-0.1, 0.1)",15,0.1252235723829753,0.48,19
[4],0.01,0.0,0.0,0.0,0.8,sigmoid,sgd,0.75,4,gaussian,"(-0.1, 0.1)",15,0.1255870225935576,0.48,21
[4],0.16,0.0,0.0,0.0,0.75,sigmoid,sgd,0.75,2,gaussian,"(-0.1, 0.1)",15,0.022467478492969147,0.96,24
[3],0.16,0.0,0.0,0.0,0.7,sigmoid,sgd,0.75,10,gaussian,"(-0.1, 0.1)",15,0.1242420531239638,0.48,25
[3],0.01,0.0,0.0,0.0,0.8,sigmoid,sgd,0.75,2,gaussian,"(-0.5, 0.5)",15,0.12434477768484702,0.56,30
[3],0.16,0.0,0.0,0.0,0.9000000000000001,sigmoid,sgd,0.75,4,gaussian,"(-0.5, 0.5)",15,0.025801260311458133,0.96,32
[3],0.16,0.0,0.0,0.0,0.9000000000000001,sigmoid,sgd,0.75,2,gaussian,"(-0.5, 0.5)",15,0.012803670461568717,1.0,34
[4],0.01,0.0,0.0,0.0,0.75,sigmoid,sgd,0.75,2,gaussian,"(-0.5, 0.5)",15,0.12664764793141564,0.52,41
[3],0.16,0.0,0.0,0.0,0.9000000000000001,sigmoid,sgd,0.75,2,gaussian,"(-0.1, 0.1)",15,0.020347611067482032,0.96,43
[4],0.16,0.0,0.0,0.0,0.9000000000000001,sigmoid,sgd,0.75,4,gaussian,"(-0.1, 0.1)",15,0.019035090967012953,0.96,47
[3],0.01,0.0,0.0,0.0,0.9000000000000001,sigmoid,sgd,0.75,8,gaussian,"(-0.5, 0.5)",15,0.12464192055238016,0.6,52
[3],0.01,0.0,0.0,0.0,0.9000000000000001,sigmoid,sgd,0.75,10,gaussian,"(-0.5, 0.5)",15,0.12472497625801308,0.6,53
[3],0.16,0.0,0.0,0.0,0.8,sigmoid,sgd,0.75,12,gaussian,"(-0.1, 0.1)",15,0.12064649644073339,0.56,61
[3],0.01,0.0,0.0,0.0,0.8500000000000001,sigmoid,sgd,0.75,8,gaussian,"(-0.1, 0.1)",15,0.12518254610254698,0.48,67
[3],0.16,0.0,0.0,0.0,0.75,sigmoid,sgd,0.75,2,gaussian,"(-0.5, 0.5)",15,0.03062495951870321,0.92,70
[4],0.01,0.0,0.0,0.0,0.8,sigmoid,sgd,0.75,4,gaussian,"(-0.5, 0.5)",15,0.1271823468952252,0.48,71
[4],0.01,0.0,0.0,0.0,0.9000000000000001,sigmoid,sgd,0.75,10,gaussian,"(-0.1, 0.1)",15,0.12582797321641567,0.48,76
[3],0.16,0.0,0.0,0.0,0.75,sigmoid,sgd,0.75,10,gaussian,"(-0.1, 0.1)",15,0.12287100078043546,0.48,80
[4],0.16,0.0,0.0,0.0,0.7,sigmoid,sgd,0.75,12,gaussian,"(-0.5, 0.5)",15,0.12428009592336554,0.56,83
[3],0.16,0.0,0.0,0.0,0.75,sigmoid,sgd,0.75,4,gaussian,"(-0.1, 0.1)",15,0.04445358357001902,0.96,85
[4],0.16,0.0,0.0,0.0,0.7,sigmoid,sgd,0.75,8,gaussian,"(-0.1, 0.1)",15,0.1138012564227541,0.56,95
[3],0.01,0.0,0.0,0.0,0.75,sigmoid,sgd,0.75,2,gaussian,"(-0.5, 0.5)",15,0.12445110428521038,0.52,96
[3],0.01,0.0,0.0,0.0,0.8500000000000001,sigmoid,sgd,0.75,4,gaussian,"(-0.1, 0.1)",15,0.12514666902916072,0.48,97
[3],0.01,0.0,0.0,0.0,0.8,sigmoid,sgd,0.75,12,gaussian,"(-0.5, 0.5)",15,0.12485540393264218,0.6,101
[4],0.16,0.0,0.0,0.0,0.7,sigmoid,sgd,0.75,2,gaussian,"(-0.1, 0.1)",15,0.026124480683870726,0.96,105
[4],0.16,0.0,0.0,0.0,0.9000000000000001,sigmoid,sgd,0.75,4,gaussian,"(-0.5, 0.5)",15,0.02569189113031669,0.96,109
[4],0.16,0.0,0.0,0.0,0.8,sigmoid,sgd,0.75,12,gaussian,"(-0.1, 0.1)",15,0.11317879679278653,0.6,116
[4],0.01,0.0,0.0,0.0,0.8,sigmoid,sgd,0.75,12,gaussian,"(-0.1, 0.1)",15,0.12594474654716126,0.48,117
[3],0.01,0.0,0.0,0.0,0.7,sigmoid,sgd,0.75,10,gaussian,"(-0.5, 0.5)",15,0.12488019767717312,0.56,121
[4],0.16,0.0,0.0,0.0,0.8,sigmoid,sgd,0.75,2,gaussian,"(-0.1, 0.1)",15,0.018755347541762297,0.96,124
[4],0.01,0.0,0.0,0.0,0.75,sigmoid,sgd,0.75,12,gaussian,"(-0.1, 0.1)",15,0.1260301542362905,0.48,125
[4],0.16,0.0,0.0,0.0,0.8500000000000001,sigmoid,sgd,0.75,8,gaussian,"(-0.5, 0.5)",15,0.08568775546757662,0.72,134
[3],0.01,0.0,0.0,0.0,0.75,sigmoid,sgd,0.75,4,gaussian,"(-0.5, 0.5)",15,0.12467550217196094,0.56,136
[3],0.01,0.0,0.0,0.0,0.75,sigmoid,sgd,0.75,4,gaussian,"(-0.1, 0.1)",15,0.1251761276338047,0.48,138
[3],0.01,0.0,0.0,0.0,0.7,sigmoid,sgd,0.75,2,gaussian,"(-0.1, 0.1)",15,0.12517218261379728,0.48,147
[4],0.01,0.0,0.0,0.0,0.7,sigmoid,sgd,0.75,8,gaussian,"(-0.5, 0.5)",15,0.12790074594420137,0.4,153
[3],0.16,0.0,0.0,0.0,0.7,sigmoid,sgd,0.75,2,gaussian,"(-0.5, 0.5)",15,0.034459709958952825,0.92,168
[4],0.16,0.0,0.0,0.0,0.8500000000000001,sigmoid,sgd,0.75,12,gaussian,"(-0.1, 0.1)",15,0.08969124098075158,0.96,172
[3],0.01,0.0,0.0,0.0,0.8,sigmoid,sgd,0.75,4,gaussian,"(-0.1, 0.1)",15,0.1251635482564948,0.48,180
[4],0.01,0.0,0.0,0.0,0.75,sigmoid,sgd,0.75,8,gaussian,"(-0.1, 0.1)",15,0.12589267577745233,0.48,182
[4],0.01,0.0,0.0,0.0,0.8,sigmoid,sgd,0.75,10,gaussian,"(-0.1, 0.1)",15,0.12462919499339635,0.5416666666666666,6
[3],0.01,0.0,0.0,0.0,0.8,sigmoid,sgd,0.75,4,gaussian,"(-0.5, 0.5)",15,0.1255533395852493,0.5416666666666666,13
[4],0.01,0.0,0.0,0.0,0.75,sigmoid,sgd,0.75,10,gaussian,"(-0.1, 0.1)",15,0.1246924575580302,0.5416666666666666,14
[3],0.01,0.0,0.0,0.0,0.7,sigmoid,sgd,0.75,4,gaussian,"(-0.5, 0.5)",15,0.125671068846966,0.4166666666666667,22
[4],0.01,0.0,0.0,0.0,0.9000000000000001,sigmoid,sgd,0.75,8,gaussian,"(-0.1, 0.1)",15,0.12441279076234561,0.5416666666666666,25
[4],0.01,0.0,0.0,0.0,0.75,sigmoid,sgd,0.75,2,gaussian,"(-0.1, 0.1)",15,0.12407835374613307,0.5416666666666666,37
[3],0.01,0.0,0.0,0.0,0.9000000000000001,sigmoid,sgd,0.75,10,gaussian,"(-0.1, 0.1)",15,0.12509948062158685,0.5416666666666666,39
[4],0.01,0.0,0.0,0.0,0.8500000000000001,sigmoid,sgd,0.75,2,gaussian,"(-0.1, 0.1)",15,0.1233318447713209,0.5416666666666666,53
[4],0.16,0.0,0.0,0.0,0.8500000000000001,sigmoid,sgd,0.75,10,gaussian,"(-0.1, 0.1)",15,0.07444035325610959,0.9166666666666666,56
[3],0.16,0.0,0.0,0.0,0.75,sigmoid,sgd,0.75,12,gaussian,"(-0.1, 0.1)",15,0.12200872395979168,0.5833333333333334,57
[4],0.01,0.0,0.0,0.0,0.8500000000000001,sigmoid,sgd,0.75,10,gaussian,"(-0.5, 0.5)",15,0.12389789041324169,0.5416666666666666,61
[3],0.01,0.0,0.0,0.0,0.7,sigmoid,sgd,0.75,2,gaussian,"(-0.5, 0.5)",15,0.12538224969248699,0.3333333333333333,75
[4],0.16,0.0,0.0,0.0,0.8500000000000001,sigmoid,sgd,0.75,4,gaussian,"(-0.1, 0.1)",15,0.03892100500905154,0.9166666666666666,86
[3],0.01,0.0,0.0,0.0,0.9000000000000001,sigmoid,sgd,0.75,2,gaussian,"(-0.1, 0.1)",15,0.12381514057347898,0.7083333333333334,88
[4],0.01,0.0,0.0,0.0,0.75,sigmoid,sgd,0.75,8,gaussian,"(-0.5, 0.5)",15,0.12397782433795845,0.5416666666666666,92
[3],0.01,0.0,0.0,0.0,0.8,sigmoid,sgd,0.75,8,gaussian,"(-0.5, 0.5)",15,0.1257945440366131,0.5,95
[3],0.01,0.0,0.0,0.0,0.7,sigmoid,sgd,0.75,8,gaussian,"(-0.1, 0.1)",15,0.1251883531085485,0.5416666666666666,105
[3],0.16,0.0,0.0,0.0,0.75,sigmoid,sgd,0.75,8,gaussian,"(-0.5, 0.5)",15,0.12102109066272433,0.6666666666666666,110
[4],0.16,0.0,0.0,0.0,0.8,sigmoid,sgd,0.75,10,gaussian,"(-0.1, 0.1)",15,0.1028506726062939,0.9166666666666666,133
[4],0.16,0.0,0.0,0.0,0.9000000000000001,sigmoid,sgd,0.75,2,gaussian,"(-0.1, 0.1)",15,0.03436257901004081,0.9166666666666666,134
[3],0.16,0.0,0.0,0.0,0.9000000000000001,sigmoid,sgd,0.75,4,gaussian,"(-0.1, 0.1)",15,0.03556510478348134,0.9166666666666666,142
[3],0.16,0.0,0.0,0.0,0.9000000000000001,sigmoid,sgd,0.75,10,gaussian,"(-0.1, 0.1)",15,0.048596428658844226,0.9166666666666666,153
[4],0.16,0.0,0.0,0.0,0.8500000000000001,sigmoid,sgd,0.75,4,gaussian,"(-0.5, 0.5)",15,0.04131264696079801,0.9166666666666666,162
[3],0.01,0.0,0.0,0.0,0.8,sigmoid,sgd,0.75,10,gaussian,"(-0.1, 0.1)",15,0.1252187202511205,0.5416666666666666,170
[3],0.01,0.0,0.0,0.0,0.75,sigmoid,sgd,0.75,12,gaussian,"(-0.5, 0.5)",15,0.12582657448392834,0.3333333333333333,9
[4],0.01,0.0,0.0,0.0,0.9000000000000001,sigmoid,sgd,0.75,4,gaussian,"(-0.5, 0.5)",15,0.12690551984882234,0.4166666666666667,62
[3],0.01,0.0,0.0,0.0,0.8500000000000001,sigmoid,sgd,0.75,10,gaussian,"(-0.1, 0.1)",15,0.1261834959416594,0.375,82
[4],0.01,0.0,0.0,0.0,0.8500000000000001,sigmoid,sgd,0.75,12,gaussian,"(-0.5, 0.5)",15,0.12782964259179938,0.375,83
[4],0.16,0.0,0.0,0.0,0.75,sigmoid,sgd,0.75,2,gaussian,"(-0.5, 0.5)",15,0.06190286685711847,0.875,83
[3],0.16,0.0,0.0,0.0,0.8,sigmoid,sgd,0.75,2,gaussian,"(-0.5, 0.5)",15,0.0601704807783354,0.8333333333333334,169
[4],0.16,0.0,0.0,0.0,0.7,sigmoid,sgd,0.75,8,gaussian,"(-0.5, 0.5)",15,0.1248181076633516,0.375,181
