Epoch,Train Loss,Train Accuracy,Validation Loss,Validation Accuracy
1,25.137010,50.2700,17.064979,34.1255
2,8.825638,17.6384,5.501769,10.9918
3,4.018325,8.0162,2.201103,4.3914
4,1.806336,3.5921,0.932253,1.8505
5,0.909637,1.7916,0.796984,1.5770
6,0.707721,1.3852,0.454337,0.8907
7,0.554135,1.0757,0.461649,0.9040
8,0.473926,0.9131,0.409662,0.7988
9,0.496802,0.9575,0.457877,0.8950
10,0.491292,0.9462,0.437391,0.8541
11,0.455149,0.8741,0.413562,0.8065
12,0.464798,0.8937,0.417016,0.8137
13,0.444016,0.8526,0.397855,0.7755
14,0.450171,0.8651,0.372402,0.7247
15,0.426501,0.8179,0.424004,0.8281
16,0.438213,0.8417,0.387630,0.7555
17,0.438752,0.8430,0.433055,0.8465
18,0.452420,0.8707,0.416082,0.8127
19,0.436820,0.8397,0.408780,0.7982
20,0.425394,0.8167,0.397265,0.7749
21,0.447261,0.8603,0.406182,0.7928
22,0.417318,0.8005,0.395323,0.7713
23,0.419007,0.8042,0.391702,0.7641
24,0.416913,0.8001,0.364043,0.7089
25,0.415053,0.7967,0.415259,0.8115
26,0.428127,0.8233,0.388921,0.7590
27,0.479197,0.9255,0.411985,0.8053
28,0.424975,0.8171,0.376994,0.7352
29,0.417872,0.8030,0.452630,0.8865
30,0.430566,0.8285,0.392154,0.7657
31,0.447787,0.8631,0.399633,0.7807
32,0.430155,0.8279,0.385393,0.7523
33,0.419446,0.8065,0.400335,0.7822
34,0.403198,0.7741,0.370876,0.7233
35,0.406050,0.7799,0.366625,0.7147
36,0.390299,0.7482,0.381109,0.7438
37,0.435516,0.8385,0.428329,0.8379
38,0.469161,0.9054,0.369400,0.7198
39,0.427851,0.8220,0.321900,0.6242
40,0.359757,0.6846,0.272068,0.5234
41,0.320990,0.6042,0.240152,0.4576
42,0.333972,0.6280,0.293660,0.5649
43,0.319763,0.6003,0.233504,0.4447
44,0.291760,0.5442,0.271810,0.5210
45,0.304469,0.5691,0.245173,0.4672
46,0.316477,0.5921,0.305607,0.5879
47,0.326881,0.6127,0.260925,0.4983
48,0.297889,0.5548,0.296023,0.5686
49,0.307263,0.5736,0.273669,0.5240
50,0.316255,0.5917,0.246887,0.4705
51,0.288788,0.5368,0.324496,0.6258
52,0.311438,0.5823,0.275129,0.5270
53,0.313381,0.5862,0.246475,0.4699
54,0.289890,0.5394,0.305062,0.5870
55,0.290215,0.5402,0.254383,0.4858
56,0.290537,0.5409,0.232861,0.4430
57,0.278147,0.5165,0.364216,0.7059
58,0.317439,0.5953,0.246199,0.4697
59,0.289320,0.5391,0.242910,0.4632
60,0.286342,0.5332,0.283843,0.5450
61,0.302133,0.5647,0.242870,0.4634
62,0.295106,0.5510,0.308228,0.5940
63,0.285782,0.5324,0.229916,0.4377
64,0.289690,0.5403,0.331873,0.6411
65,0.308288,0.5772,0.220892,0.4195
66,0.300183,0.5613,0.342976,0.6635
67,0.350881,0.6631,0.233729,0.4455
68,0.282075,0.5256,0.268350,0.5147
69,0.292307,0.5462,0.255376,0.4887
70,0.294666,0.5508,0.235684,0.4493
71,0.309480,0.5803,0.272020,0.5220
72,0.275188,0.5118,0.243641,0.4653
73,0.295161,0.5519,0.230972,0.4400
74,0.308976,0.5794,0.250287,0.4786
75,0.289523,0.5405,0.296417,0.5709
76,0.287662,0.5371,0.271002,0.5204
77,0.272795,0.5076,0.236490,0.4513
78,0.273649,0.5096,0.273380,0.5252
79,0.281098,0.5247,0.239320,0.4573
80,0.275447,0.5136,0.272622,0.5240
81,0.271998,0.5068,0.226428,0.4317
82,0.279383,0.5217,0.251960,0.4827
83,0.277830,0.5188,0.252985,0.4850
84,0.278126,0.5195,0.244567,0.4682
1,22.307340,0.6450,2.297553,0.8600
2,2.211159,0.8350,1.693291,0.8000
3,0.938714,0.8550,0.581775,0.8400
4,0.548474,0.8800,0.580809,0.8600
5,0.543273,0.8650,0.476029,0.8400
6,0.476870,0.8300,0.641826,0.8400
7,0.514234,0.8450,0.688516,0.8400
8,0.522068,0.8550,0.763380,0.8400
9,0.509216,0.8950,0.403033,0.8400
10,0.475989,0.8650,0.697203,0.9200
11,0.533012,0.8750,0.670047,0.8800
12,0.496125,0.8650,0.556529,0.8800
13,0.476150,0.8650,0.670429,0.9000
14,0.574271,0.8650,0.617659,0.8400
15,0.512079,0.8700,0.764562,0.8400
16,0.511243,0.9150,0.476686,0.9000
17,0.487395,0.9050,0.450197,0.9000
18,0.578464,0.8650,0.478083,0.8800
19,0.457198,0.8900,0.633884,0.8800
20,0.501915,0.8700,0.878268,0.8800
21,0.526346,0.9300,0.465436,0.8600
22,0.499297,0.8850,0.471933,0.8400
23,0.452948,0.9000,0.574925,0.8800
24,0.475822,0.9000,0.480861,0.8400
25,0.477731,0.9250,0.793991,0.8600
26,0.603577,0.9000,0.388424,0.9000
27,0.475469,0.8900,0.696299,0.8400
28,0.538909,0.8700,0.605692,0.8400
29,0.485051,0.9050,0.499506,0.8400
30,0.491188,0.8550,0.696975,0.8600
31,0.533998,0.8900,0.542984,0.9600
32,0.565787,0.9200,0.494041,0.8800
33,0.547809,0.9200,0.595570,0.8800
34,0.485065,0.9150,0.567770,0.9000
35,0.449748,0.9150,0.503032,0.9000
36,0.610078,0.8950,0.499745,0.9000
37,0.536773,0.9450,1.995073,0.8800
38,0.853159,0.9250,0.819630,0.8400
39,0.483690,0.9050,0.441237,0.9000
40,0.474588,0.9150,0.468394,0.9000
41,0.478693,0.9300,0.540546,0.9000
42,0.463129,0.9400,0.594412,0.9000
43,0.463399,0.9250,0.655790,0.9000
44,0.642034,0.9550,0.518298,0.9400
45,0.621978,0.9550,0.490497,0.8600
1,22.307340,0.6450,2.297553,0.8600
2,2.211159,0.8350,1.693291,0.8000
3,0.938714,0.8550,0.581775,0.8400
4,0.548474,0.8800,0.580809,0.8600
5,0.543273,0.8650,0.476029,0.8400
6,0.476870,0.8300,0.641826,0.8400
7,0.514234,0.8450,0.688516,0.8400
8,0.522068,0.8550,0.763380,0.8400
9,0.509216,0.8950,0.403033,0.8400
10,0.475989,0.8650,0.697203,0.9200
11,0.533012,0.8750,0.670047,0.8800
12,0.496125,0.8650,0.556529,0.8800
13,0.476150,0.8650,0.670429,0.9000
14,0.574271,0.8650,0.617659,0.8400
15,0.512079,0.8700,0.764562,0.8400
16,0.511243,0.9150,0.476686,0.9000
17,0.487395,0.9050,0.450197,0.9000
18,0.578464,0.8650,0.478083,0.8800
19,0.457198,0.8900,0.633884,0.8800
20,0.501915,0.8700,0.878268,0.8800
21,0.526346,0.9300,0.465436,0.8600
22,0.499297,0.8850,0.471933,0.8400
23,0.452948,0.9000,0.574925,0.8800
24,0.475822,0.9000,0.480861,0.8400
25,0.477731,0.9250,0.793991,0.8600
26,0.603577,0.9000,0.388424,0.9000
27,0.475469,0.8900,0.696299,0.8400
28,0.538909,0.8700,0.605692,0.8400
29,0.485051,0.9050,0.499506,0.8400
30,0.491188,0.8550,0.696975,0.8600
31,0.533998,0.8900,0.542984,0.9600
32,0.565787,0.9200,0.494041,0.8800
33,0.547809,0.9200,0.595570,0.8800
34,0.485065,0.9150,0.567770,0.9000
35,0.449748,0.9150,0.503032,0.9000
36,0.610078,0.8950,0.499745,0.9000
37,0.536773,0.9450,1.995073,0.8800
38,0.853159,0.9250,0.819630,0.8400
39,0.483690,0.9050,0.441237,0.9000
40,0.474588,0.9150,0.468394,0.9000
41,0.478693,0.9300,0.540546,0.9000
42,0.463129,0.9400,0.594412,0.9000
43,0.463399,0.9250,0.655790,0.9000
44,0.642034,0.9550,0.518298,0.9400
45,0.621978,0.9550,0.490497,0.8600
1,22.307340,0.6450,2.297553,0.8600
2,2.211159,0.8350,1.693291,0.8000
3,0.938714,0.8550,0.581775,0.8400
4,0.548474,0.8800,0.580809,0.8600
5,0.543273,0.8650,0.476029,0.8400
6,0.476870,0.8300,0.641826,0.8400
7,0.514234,0.8450,0.688516,0.8400
8,0.522068,0.8550,0.763380,0.8400
9,0.509216,0.8950,0.403033,0.8400
10,0.475989,0.8650,0.697203,0.9200
11,0.533012,0.8750,0.670047,0.8800
12,0.496125,0.8650,0.556529,0.8800
13,0.476150,0.8650,0.670429,0.9000
14,0.574271,0.8650,0.617659,0.8400
15,0.512079,0.8700,0.764562,0.8400
16,0.511243,0.9150,0.476686,0.9000
17,0.487395,0.9050,0.450197,0.9000
18,0.578464,0.8650,0.478083,0.8800
19,0.457198,0.8900,0.633884,0.8800
20,0.501915,0.8700,0.878268,0.8800
21,0.526346,0.9300,0.465436,0.8600
22,0.499297,0.8850,0.471933,0.8400
23,0.452948,0.9000,0.574925,0.8800
24,0.475822,0.9000,0.480861,0.8400
25,0.477731,0.9250,0.793991,0.8600
26,0.603577,0.9000,0.388424,0.9000
27,0.475469,0.8900,0.696299,0.8400
28,0.538909,0.8700,0.605692,0.8400
29,0.485051,0.9050,0.499506,0.8400
30,0.491188,0.8550,0.696975,0.8600
31,0.533998,0.8900,0.542984,0.9600
32,0.565787,0.9200,0.494041,0.8800
33,0.547809,0.9200,0.595570,0.8800
34,0.485065,0.9150,0.567770,0.9000
35,0.449748,0.9150,0.503032,0.9000
36,0.610078,0.8950,0.499745,0.9000
37,0.536773,0.9450,1.995073,0.8800
38,0.853159,0.9250,0.819630,0.8400
39,0.483690,0.9050,0.441237,0.9000
40,0.474588,0.9150,0.468394,0.9000
41,0.478693,0.9300,0.540546,0.9000
42,0.463129,0.9400,0.594412,0.9000
43,0.463399,0.9250,0.655790,0.9000
44,0.642034,0.9550,0.518298,0.9400
45,0.621978,0.9550,0.490497,0.8600
1,22.307340,0.6450,2.297553,0.8600
2,2.211159,0.8350,1.693291,0.8000
3,0.938714,0.8550,0.581775,0.8400
4,0.548474,0.8800,0.580809,0.8600
5,0.543273,0.8650,0.476029,0.8400
6,0.476870,0.8300,0.641826,0.8400
7,0.514234,0.8450,0.688516,0.8400
8,0.522068,0.8550,0.763380,0.8400
9,0.509216,0.8950,0.403033,0.8400
10,0.475989,0.8650,0.697203,0.9200
11,0.533012,0.8750,0.670047,0.8800
12,0.496125,0.8650,0.556529,0.8800
13,0.476150,0.8650,0.670429,0.9000
14,0.574271,0.8650,0.617659,0.8400
15,0.512079,0.8700,0.764562,0.8400
16,0.511243,0.9150,0.476686,0.9000
17,0.487395,0.9050,0.450197,0.9000
18,0.578464,0.8650,0.478083,0.8800
19,0.457198,0.8900,0.633884,0.8800
20,0.501915,0.8700,0.878268,0.8800
21,0.526346,0.9300,0.465436,0.8600
22,0.499297,0.8850,0.471933,0.8400
23,0.452948,0.9000,0.574925,0.8800
24,0.475822,0.9000,0.480861,0.8400
25,0.477731,0.9250,0.793991,0.8600
26,0.603577,0.9000,0.388424,0.9000
27,0.475469,0.8900,0.696299,0.8400
28,0.538909,0.8700,0.605692,0.8400
29,0.485051,0.9050,0.499506,0.8400
30,0.491188,0.8550,0.696975,0.8600
31,0.533998,0.8900,0.542984,0.9600
32,0.565787,0.9200,0.494041,0.8800
33,0.547809,0.9200,0.595570,0.8800
34,0.485065,0.9150,0.567770,0.9000
35,0.449748,0.9150,0.503032,0.9000
36,0.610078,0.8950,0.499745,0.9000
37,0.536773,0.9450,1.995073,0.8800
38,0.853159,0.9250,0.819630,0.8400
39,0.483690,0.9050,0.441237,0.9000
40,0.474588,0.9150,0.468394,0.9000
41,0.478693,0.9300,0.540546,0.9000
42,0.463129,0.9400,0.594412,0.9000
43,0.463399,0.9250,0.655790,0.9000
44,0.642034,0.9550,0.518298,0.9400
45,0.621978,0.9550,0.490497,0.8600
1,22.307340,0.6450,2.297553,0.8600
2,2.211159,0.8350,1.693291,0.8000
3,0.938714,0.8550,0.581775,0.8400
4,0.548474,0.8800,0.580809,0.8600
5,0.543273,0.8650,0.476029,0.8400
6,0.476870,0.8300,0.641826,0.8400
7,0.514234,0.8450,0.688516,0.8400
8,0.522068,0.8550,0.763380,0.8400
9,0.509216,0.8950,0.403033,0.8400
10,0.475989,0.8650,0.697203,0.9200
11,0.533012,0.8750,0.670047,0.8800
12,0.496125,0.8650,0.556529,0.8800
13,0.476150,0.8650,0.670429,0.9000
14,0.574271,0.8650,0.617659,0.8400
15,0.512079,0.8700,0.764562,0.8400
16,0.511243,0.9150,0.476686,0.9000
17,0.487395,0.9050,0.450197,0.9000
18,0.578464,0.8650,0.478083,0.8800
19,0.457198,0.8900,0.633884,0.8800
20,0.501915,0.8700,0.878268,0.8800
21,0.526346,0.9300,0.465436,0.8600
22,0.499297,0.8850,0.471933,0.8400
23,0.452948,0.9000,0.574925,0.8800
24,0.475822,0.9000,0.480861,0.8400
25,0.477731,0.9250,0.793991,0.8600
26,0.603577,0.9000,0.388424,0.9000
27,0.475469,0.8900,0.696299,0.8400
28,0.538909,0.8700,0.605692,0.8400
29,0.485051,0.9050,0.499506,0.8400
30,0.491188,0.8550,0.696975,0.8600
31,0.533998,0.8900,0.542984,0.9600
32,0.565787,0.9200,0.494041,0.8800
33,0.547809,0.9200,0.595570,0.8800
34,0.485065,0.9150,0.567770,0.9000
35,0.449748,0.9150,0.503032,0.9000
36,0.610078,0.8950,0.499745,0.9000
37,0.536773,0.9450,1.995073,0.8800
38,0.853159,0.9250,0.819630,0.8400
39,0.483690,0.9050,0.441237,0.9000
40,0.474588,0.9150,0.468394,0.9000
41,0.478693,0.9300,0.540546,0.9000
42,0.463129,0.9400,0.594412,0.9000
43,0.463399,0.9250,0.655790,0.9000
44,0.642034,0.9550,0.518298,0.9400
45,0.621978,0.9550,0.490497,0.8600
1,15.163805,0.7300,4.906394,0.7200
2,3.267250,0.7300,2.019426,0.8200
3,1.997129,0.8500,1.764205,0.8000
4,1.717206,0.8850,1.483155,0.8200
5,1.390788,0.8700,1.077732,0.8200
6,1.017542,0.8800,0.768444,0.8800
7,0.693182,0.8700,0.564671,0.8800
8,0.523280,0.8750,0.434668,0.8600
9,0.418006,0.8650,0.422945,0.8600
10,0.367838,0.8850,0.406897,0.8800
11,0.341252,0.8700,0.272934,0.9000
12,0.269471,0.8850,0.225143,0.9000
13,0.253264,0.8900,0.225106,0.9800
14,0.273127,0.8850,0.266511,0.8400
15,0.261040,0.9150,0.236539,0.8400
16,0.242497,0.8950,0.247391,0.9800
17,0.246000,0.9050,0.241099,0.9800
18,0.260171,0.8700,0.244471,0.9600
19,0.227755,0.9050,0.259254,0.9400
20,0.220725,0.8950,0.186843,0.9200
21,0.227410,0.8800,0.239314,0.8800
22,0.214871,0.8950,0.221450,0.9000
23,0.210911,0.9050,0.304333,0.9600
24,0.231824,0.9150,0.245033,0.9000
25,0.212440,0.9150,0.236220,0.9400
26,0.240342,0.8950,0.279632,0.9000
27,0.231199,0.8950,0.194152,0.9600
28,0.197889,0.9100,0.231527,0.9600
29,0.202037,0.9000,0.158100,0.9800
30,0.198581,0.9050,0.285528,0.8400
31,0.221639,0.9100,0.195811,0.9600
32,0.212217,0.8850,0.251849,0.9200
33,0.303904,0.8800,0.196948,0.9200
34,0.216120,0.9000,0.163327,0.9400
35,0.207586,0.8950,0.209897,0.9400
36,0.245382,0.9150,0.190373,0.9000
37,0.215202,0.8850,0.201570,0.9600
38,0.202476,0.9050,0.184158,0.9200
39,0.183686,0.9100,0.280540,0.9800
40,0.223583,0.9200,0.240078,0.9600
41,0.214084,0.8900,0.234181,0.9600
42,0.219392,0.8950,0.191510,0.8400
43,0.206000,0.9150,0.275487,0.9400
44,0.229236,0.8950,0.179904,0.9600
45,0.199227,0.9150,0.229357,0.8800
46,0.215723,0.8750,0.164679,0.9400
47,0.198696,0.9000,0.192850,0.9200
48,0.201429,0.8850,0.353479,0.8800
1,15.163805,0.7300,4.906394,0.7200
2,3.267250,0.7300,2.019426,0.8200
3,1.997129,0.8500,1.764205,0.8000
4,1.717206,0.8850,1.483155,0.8200
5,1.390788,0.8700,1.077732,0.8200
6,1.017542,0.8800,0.768444,0.8800
7,0.693182,0.8700,0.564671,0.8800
8,0.523280,0.8750,0.434668,0.8600
9,0.418006,0.8650,0.422945,0.8600
10,0.367838,0.8850,0.406897,0.8800
11,0.341252,0.8700,0.272934,0.9000
12,0.269471,0.8850,0.225143,0.9000
13,0.253264,0.8900,0.225106,0.9800
14,0.273127,0.8850,0.266511,0.8400
15,0.261040,0.9150,0.236539,0.8400
16,0.242497,0.8950,0.247391,0.9800
17,0.246000,0.9050,0.241099,0.9800
18,0.260171,0.8700,0.244471,0.9600
19,0.227755,0.9050,0.259254,0.9400
20,0.220725,0.8950,0.186843,0.9200
21,0.227410,0.8800,0.239314,0.8800
22,0.214871,0.8950,0.221450,0.9000
23,0.210911,0.9050,0.304333,0.9600
24,0.231824,0.9150,0.245033,0.9000
25,0.212440,0.9150,0.236220,0.9400
26,0.240342,0.8950,0.279632,0.9000
27,0.231199,0.8950,0.194152,0.9600
28,0.197889,0.9100,0.231527,0.9600
29,0.202037,0.9000,0.158100,0.9800
30,0.198581,0.9050,0.285528,0.8400
31,0.221639,0.9100,0.195811,0.9600
32,0.212217,0.8850,0.251849,0.9200
33,0.303904,0.8800,0.196948,0.9200
34,0.216120,0.9000,0.163327,0.9400
35,0.207586,0.8950,0.209897,0.9400
36,0.245382,0.9150,0.190373,0.9000
37,0.215202,0.8850,0.201570,0.9600
38,0.202476,0.9050,0.184158,0.9200
39,0.183686,0.9100,0.280540,0.9800
40,0.223583,0.9200,0.240078,0.9600
41,0.214084,0.8900,0.234181,0.9600
42,0.219392,0.8950,0.191510,0.8400
43,0.206000,0.9150,0.275487,0.9400
44,0.229236,0.8950,0.179904,0.9600
45,0.199227,0.9150,0.229357,0.8800
46,0.215723,0.8750,0.164679,0.9400
47,0.198696,0.9000,0.192850,0.9200
48,0.201429,0.8850,0.353479,0.8800
1,14.874856,0.7300,4.586396,0.7200
2,2.883731,0.7700,1.781466,0.8200
3,1.518532,0.8700,0.952176,0.8400
4,0.843767,0.8800,0.636811,0.8400
5,0.517588,0.8800,0.426560,0.8600
6,0.364627,0.8750,0.341314,0.9600
7,0.380138,0.8800,0.312414,0.8800
8,0.305284,0.8950,0.225427,0.9000
9,0.298286,0.9000,0.533101,0.9200
10,0.388377,0.9250,0.586192,0.8400
11,0.342433,0.8700,0.263142,0.9200
12,0.264968,0.9200,0.228745,0.9000
13,0.262606,0.9000,0.212682,0.9800
14,0.321062,0.8900,0.282685,0.9600
15,0.280733,0.8800,0.319616,0.8400
16,0.263162,0.9100,0.239044,0.9400
17,0.254596,0.9100,0.199479,0.9600
18,0.327079,0.8600,0.183112,0.8600
19,0.225481,0.8850,0.422882,0.9200
20,0.319057,0.9050,0.223349,0.9600
21,0.267676,0.8950,0.235575,0.8400
22,0.233760,0.8900,0.237813,0.8200
23,0.231158,0.9150,0.207688,0.9600
24,0.240482,0.8950,0.249366,0.9000
25,0.214514,0.9000,0.191499,0.9400
26,0.272096,0.9050,0.365547,0.8800
27,0.253019,0.8900,0.247105,0.9600
28,0.208344,0.9100,0.235881,0.9400
29,0.218080,0.9000,0.147658,0.9600
30,0.214424,0.8950,0.226493,0.8800
31,0.229140,0.9100,0.161965,0.9600
32,0.243415,0.8950,0.185574,0.9600
33,0.236232,0.8950,0.184500,0.9600
34,0.225715,0.8950,0.149640,0.9600
35,0.219001,0.8800,0.219284,0.9600
36,0.213409,0.9050,0.207753,0.9400
37,0.223676,0.8900,0.320392,0.9400
38,0.259464,0.8950,0.195475,0.9400
39,0.204796,0.9050,0.205347,0.9600
40,0.213938,0.9050,0.226075,0.9600
41,0.223166,0.9050,0.197129,0.9800
42,0.249015,0.9100,0.155532,0.9200
43,0.193318,0.9100,0.322027,0.9600
44,0.269836,0.8950,0.210554,0.9600
45,0.220498,0.9150,0.268666,0.9400
46,0.231020,0.8700,0.182688,0.9600
47,0.206387,0.9100,0.452839,0.9600
48,0.288634,0.9100,0.161779,0.9600
1,14.874856,0.7300,4.586396,0.7200
2,2.883731,0.7700,1.781466,0.8200
3,1.518532,0.8700,0.952176,0.8400
4,0.843767,0.8800,0.636811,0.8400
5,0.517588,0.8800,0.426560,0.8600
6,0.364627,0.8750,0.341314,0.9600
7,0.380138,0.8800,0.312414,0.8800
8,0.305284,0.8950,0.225427,0.9000
9,0.298286,0.9000,0.533101,0.9200
10,0.388377,0.9250,0.586192,0.8400
11,0.342433,0.8700,0.263142,0.9200
12,0.264968,0.9200,0.228745,0.9000
13,0.262606,0.9000,0.212682,0.9800
14,0.321062,0.8900,0.282685,0.9600
15,0.280733,0.8800,0.319616,0.8400
16,0.263162,0.9100,0.239044,0.9400
17,0.254596,0.9100,0.199479,0.9600
18,0.327079,0.8600,0.183112,0.8600
19,0.225481,0.8850,0.422882,0.9200
20,0.319057,0.9050,0.223349,0.9600
21,0.267676,0.8950,0.235575,0.8400
22,0.233760,0.8900,0.237813,0.8200
23,0.231158,0.9150,0.207688,0.9600
24,0.240482,0.8950,0.249366,0.9000
25,0.214514,0.9000,0.191499,0.9400
26,0.272096,0.9050,0.365547,0.8800
27,0.253019,0.8900,0.247105,0.9600
28,0.208344,0.9100,0.235881,0.9400
29,0.218080,0.9000,0.147658,0.9600
30,0.214424,0.8950,0.226493,0.8800
31,0.229140,0.9100,0.161965,0.9600
32,0.243415,0.8950,0.185574,0.9600
33,0.236232,0.8950,0.184500,0.9600
34,0.225715,0.8950,0.149640,0.9600
35,0.219001,0.8800,0.219284,0.9600
36,0.213409,0.9050,0.207753,0.9400
37,0.223676,0.8900,0.320392,0.9400
38,0.259464,0.8950,0.195475,0.9400
39,0.204796,0.9050,0.205347,0.9600
40,0.213938,0.9050,0.226075,0.9600
41,0.223166,0.9050,0.197129,0.9800
42,0.249015,0.9100,0.155532,0.9200
43,0.193318,0.9100,0.322027,0.9600
44,0.269836,0.8950,0.210554,0.9600
45,0.220498,0.9150,0.268666,0.9400
46,0.231020,0.8700,0.182688,0.9600
47,0.206387,0.9100,0.452839,0.9600
48,0.288634,0.9100,0.161779,0.9600
1,14.874856,0.7300,4.586396,0.7200
2,2.883731,0.7700,1.781466,0.8200
3,1.518532,0.8700,0.952176,0.8400
4,0.843767,0.8800,0.636811,0.8400
5,0.517588,0.8800,0.426560,0.8600
6,0.364627,0.8750,0.341314,0.9600
7,0.380138,0.8800,0.312414,0.8800
8,0.305284,0.8950,0.225427,0.9000
9,0.298286,0.9000,0.533101,0.9200
10,0.388377,0.9250,0.586192,0.8400
11,0.342433,0.8700,0.263142,0.9200
12,0.264968,0.9200,0.228745,0.9000
13,0.262606,0.9000,0.212682,0.9800
14,0.321062,0.8900,0.282685,0.9600
15,0.280733,0.8800,0.319616,0.8400
16,0.263162,0.9100,0.239044,0.9400
17,0.254596,0.9100,0.199479,0.9600
18,0.327079,0.8600,0.183112,0.8600
19,0.225481,0.8850,0.422882,0.9200
20,0.319057,0.9050,0.223349,0.9600
21,0.267676,0.8950,0.235575,0.8400
22,0.233760,0.8900,0.237813,0.8200
23,0.231158,0.9150,0.207688,0.9600
24,0.240482,0.8950,0.249366,0.9000
25,0.214514,0.9000,0.191499,0.9400
26,0.272096,0.9050,0.365547,0.8800
27,0.253019,0.8900,0.247105,0.9600
28,0.208344,0.9100,0.235881,0.9400
29,0.218080,0.9000,0.147658,0.9600
30,0.214424,0.8950,0.226493,0.8800
31,0.229140,0.9100,0.161965,0.9600
32,0.243415,0.8950,0.185574,0.9600
33,0.236232,0.8950,0.184500,0.9600
34,0.225715,0.8950,0.149640,0.9600
35,0.219001,0.8800,0.219284,0.9600
36,0.213409,0.9050,0.207753,0.9400
37,0.223676,0.8900,0.320392,0.9400
38,0.259464,0.8950,0.195475,0.9400
39,0.204796,0.9050,0.205347,0.9600
40,0.213938,0.9050,0.226075,0.9600
41,0.223166,0.9050,0.197129,0.9800
42,0.249015,0.9100,0.155532,0.9200
43,0.193318,0.9100,0.322027,0.9600
44,0.269836,0.8950,0.210554,0.9600
45,0.220498,0.9150,0.268666,0.9400
46,0.231020,0.8700,0.182688,0.9600
47,0.206387,0.9100,0.452839,0.9600
48,0.288634,0.9100,0.161779,0.9600
1,14.874856,0.7300,4.586396,0.7200
2,2.883731,0.7700,1.781466,0.8200
3,1.518532,0.8700,0.952176,0.8400
4,0.843767,0.8800,0.636811,0.8400
5,0.517588,0.8800,0.426560,0.8600
6,0.364627,0.8750,0.341314,0.9600
7,0.380138,0.8800,0.312414,0.8800
8,0.305284,0.8950,0.225427,0.9000
9,0.298286,0.9000,0.533101,0.9200
10,0.388377,0.9250,0.586192,0.8400
11,0.342433,0.8700,0.263142,0.9200
12,0.264968,0.9200,0.228745,0.9000
13,0.262606,0.9000,0.212682,0.9800
14,0.321062,0.8900,0.282685,0.9600
15,0.280733,0.8800,0.319616,0.8400
16,0.263162,0.9100,0.239044,0.9400
17,0.254596,0.9100,0.199479,0.9600
18,0.327079,0.8600,0.183112,0.8600
19,0.225481,0.8850,0.422882,0.9200
20,0.319057,0.9050,0.223349,0.9600
21,0.267676,0.8950,0.235575,0.8400
22,0.233760,0.8900,0.237813,0.8200
23,0.231158,0.9150,0.207688,0.9600
24,0.240482,0.8950,0.249366,0.9000
25,0.214514,0.9000,0.191499,0.9400
26,0.272096,0.9050,0.365547,0.8800
27,0.253019,0.8900,0.247105,0.9600
28,0.208344,0.9100,0.235881,0.9400
29,0.218080,0.9000,0.147658,0.9600
30,0.214424,0.8950,0.226493,0.8800
31,0.229140,0.9100,0.161965,0.9600
32,0.243415,0.8950,0.185574,0.9600
33,0.236232,0.8950,0.184500,0.9600
34,0.225715,0.8950,0.149640,0.9600
35,0.219001,0.8800,0.219284,0.9600
36,0.213409,0.9050,0.207753,0.9400
37,0.223676,0.8900,0.320392,0.9400
38,0.259464,0.8950,0.195475,0.9400
39,0.204796,0.9050,0.205347,0.9600
40,0.213938,0.9050,0.226075,0.9600
41,0.223166,0.9050,0.197129,0.9800
42,0.249015,0.9100,0.155532,0.9200
43,0.193318,0.9100,0.322027,0.9600
44,0.269836,0.8950,0.210554,0.9600
45,0.220498,0.9150,0.268666,0.9400
46,0.231020,0.8700,0.182688,0.9600
47,0.206387,0.9100,0.452839,0.9600
48,0.288634,0.9100,0.161779,0.9600
1,14.874856,0.7300,4.586396,0.7200
2,2.883731,0.7700,1.781466,0.8200
3,1.518532,0.8700,0.952176,0.8400
4,0.843767,0.8800,0.636811,0.8400
5,0.517588,0.8800,0.426560,0.8600
6,0.364627,0.8750,0.341314,0.9600
7,0.380138,0.8800,0.312414,0.8800
8,0.305284,0.8950,0.225427,0.9000
9,0.298286,0.9000,0.533101,0.9200
10,0.388377,0.9250,0.586192,0.8400
11,0.342433,0.8700,0.263142,0.9200
12,0.264968,0.9200,0.228745,0.9000
13,0.262606,0.9000,0.212682,0.9800
14,0.321062,0.8900,0.282685,0.9600
15,0.280733,0.8800,0.319616,0.8400
16,0.263162,0.9100,0.239044,0.9400
17,0.254596,0.9100,0.199479,0.9600
18,0.327079,0.8600,0.183112,0.8600
19,0.225481,0.8850,0.422882,0.9200
20,0.319057,0.9050,0.223349,0.9600
21,0.267676,0.8950,0.235575,0.8400
22,0.233760,0.8900,0.237813,0.8200
23,0.231158,0.9150,0.207688,0.9600
24,0.240482,0.8950,0.249366,0.9000
25,0.214514,0.9000,0.191499,0.9400
26,0.272096,0.9050,0.365547,0.8800
27,0.253019,0.8900,0.247105,0.9600
28,0.208344,0.9100,0.235881,0.9400
29,0.218080,0.9000,0.147658,0.9600
30,0.214424,0.8950,0.226493,0.8800
31,0.229140,0.9100,0.161965,0.9600
32,0.243415,0.8950,0.185574,0.9600
33,0.236232,0.8950,0.184500,0.9600
34,0.225715,0.8950,0.149640,0.9600
35,0.219001,0.8800,0.219284,0.9600
36,0.213409,0.9050,0.207753,0.9400
37,0.223676,0.8900,0.320392,0.9400
38,0.259464,0.8950,0.195475,0.9400
39,0.204796,0.9050,0.205347,0.9600
40,0.213938,0.9050,0.226075,0.9600
41,0.223166,0.9050,0.197129,0.9800
42,0.249015,0.9100,0.155532,0.9200
43,0.193318,0.9100,0.322027,0.9600
44,0.269836,0.8950,0.210554,0.9600
45,0.220498,0.9150,0.268666,0.9400
46,0.231020,0.8700,0.182688,0.9600
47,0.206387,0.9100,0.452839,0.9600
48,0.288634,0.9100,0.161779,0.9600
1,14.874856,0.7300,4.586396,0.7200
2,2.883731,0.7700,1.781466,0.8200
3,1.518532,0.8700,0.952176,0.8400
4,0.843767,0.8800,0.636811,0.8400
5,0.517588,0.8800,0.426560,0.8600
6,0.364627,0.8750,0.341314,0.9600
7,0.380138,0.8800,0.312414,0.8800
8,0.305284,0.8950,0.225427,0.9000
9,0.298286,0.9000,0.533101,0.9200
10,0.388377,0.9250,0.586192,0.8400
11,0.342433,0.8700,0.263142,0.9200
12,0.264968,0.9200,0.228745,0.9000
13,0.262606,0.9000,0.212682,0.9800
14,0.321062,0.8900,0.282685,0.9600
15,0.280733,0.8800,0.319616,0.8400
16,0.263162,0.9100,0.239044,0.9400
17,0.254596,0.9100,0.199479,0.9600
18,0.327079,0.8600,0.183112,0.8600
19,0.225481,0.8850,0.422882,0.9200
20,0.319057,0.9050,0.223349,0.9600
21,0.267676,0.8950,0.235575,0.8400
22,0.233760,0.8900,0.237813,0.8200
23,0.231158,0.9150,0.207688,0.9600
24,0.240482,0.8950,0.249366,0.9000
25,0.214514,0.9000,0.191499,0.9400
26,0.272096,0.9050,0.365547,0.8800
27,0.253019,0.8900,0.247105,0.9600
28,0.208344,0.9100,0.235881,0.9400
29,0.218080,0.9000,0.147658,0.9600
30,0.214424,0.8950,0.226493,0.8800
31,0.229140,0.9100,0.161965,0.9600
32,0.243415,0.8950,0.185574,0.9600
33,0.236232,0.8950,0.184500,0.9600
34,0.225715,0.8950,0.149640,0.9600
35,0.219001,0.8800,0.219284,0.9600
36,0.213409,0.9050,0.207753,0.9400
37,0.223676,0.8900,0.320392,0.9400
38,0.259464,0.8950,0.195475,0.9400
39,0.204796,0.9050,0.205347,0.9600
40,0.213938,0.9050,0.226075,0.9600
41,0.223166,0.9050,0.197129,0.9800
42,0.249015,0.9100,0.155532,0.9200
43,0.193318,0.9100,0.322027,0.9600
44,0.269836,0.8950,0.210554,0.9600
45,0.220498,0.9150,0.268666,0.9400
46,0.231020,0.8700,0.182688,0.9600
47,0.206387,0.9100,0.452839,0.9600
48,0.288634,0.9100,0.161779,0.9600
1,14.874856,0.7300,4.586396,0.7200
2,2.883731,0.7700,1.781466,0.8200
3,1.518532,0.8700,0.952176,0.8400
4,0.843767,0.8800,0.636811,0.8400
5,0.517588,0.8800,0.426560,0.8600
6,0.364627,0.8750,0.341314,0.9600
7,0.380138,0.8800,0.312414,0.8800
8,0.305284,0.8950,0.225427,0.9000
9,0.298286,0.9000,0.533101,0.9200
10,0.388377,0.9250,0.586192,0.8400
11,0.342433,0.8700,0.263142,0.9200
12,0.264968,0.9200,0.228745,0.9000
13,0.262606,0.9000,0.212682,0.9800
14,0.321062,0.8900,0.282685,0.9600
15,0.280733,0.8800,0.319616,0.8400
16,0.263162,0.9100,0.239044,0.9400
17,0.254596,0.9100,0.199479,0.9600
18,0.327079,0.8600,0.183112,0.8600
19,0.225481,0.8850,0.422882,0.9200
20,0.319057,0.9050,0.223349,0.9600
21,0.267676,0.8950,0.235575,0.8400
22,0.233760,0.8900,0.237813,0.8200
23,0.231158,0.9150,0.207688,0.9600
24,0.240482,0.8950,0.249366,0.9000
25,0.214514,0.9000,0.191499,0.9400
26,0.272096,0.9050,0.365547,0.8800
27,0.253019,0.8900,0.247105,0.9600
28,0.208344,0.9100,0.235881,0.9400
29,0.218080,0.9000,0.147658,0.9600
30,0.214424,0.8950,0.226493,0.8800
31,0.229140,0.9100,0.161965,0.9600
32,0.243415,0.8950,0.185574,0.9600
33,0.236232,0.8950,0.184500,0.9600
34,0.225715,0.8950,0.149640,0.9600
35,0.219001,0.8800,0.219284,0.9600
36,0.213409,0.9050,0.207753,0.9400
37,0.223676,0.8900,0.320392,0.9400
38,0.259464,0.8950,0.195475,0.9400
39,0.204796,0.9050,0.205347,0.9600
40,0.213938,0.9050,0.226075,0.9600
41,0.223166,0.9050,0.197129,0.9800
42,0.249015,0.9100,0.155532,0.9200
43,0.193318,0.9100,0.322027,0.9600
44,0.269836,0.8950,0.210554,0.9600
45,0.220498,0.9150,0.268666,0.9400
46,0.231020,0.8700,0.182688,0.9600
47,0.206387,0.9100,0.452839,0.9600
48,0.288634,0.9100,0.161779,0.9600
1,14.874856,0.7300,4.586396,0.7200
2,2.883731,0.7700,1.781466,0.8200
3,1.518532,0.8700,0.952176,0.8400
4,0.843767,0.8800,0.636811,0.8400
5,0.517588,0.8800,0.426560,0.8600
6,0.364627,0.8750,0.341314,0.9600
7,0.380138,0.8800,0.312414,0.8800
8,0.305284,0.8950,0.225427,0.9000
9,0.298286,0.9000,0.533101,0.9200
10,0.388377,0.9250,0.586192,0.8400
11,0.342433,0.8700,0.263142,0.9200
12,0.264968,0.9200,0.228745,0.9000
13,0.262606,0.9000,0.212682,0.9800
14,0.321062,0.8900,0.282685,0.9600
15,0.280733,0.8800,0.319616,0.8400
16,0.263162,0.9100,0.239044,0.9400
17,0.254596,0.9100,0.199479,0.9600
18,0.327079,0.8600,0.183112,0.8600
19,0.225481,0.8850,0.422882,0.9200
20,0.319057,0.9050,0.223349,0.9600
21,0.267676,0.8950,0.235575,0.8400
22,0.233760,0.8900,0.237813,0.8200
23,0.231158,0.9150,0.207688,0.9600
24,0.240482,0.8950,0.249366,0.9000
25,0.214514,0.9000,0.191499,0.9400
26,0.272096,0.9050,0.365547,0.8800
27,0.253019,0.8900,0.247105,0.9600
28,0.208344,0.9100,0.235881,0.9400
29,0.218080,0.9000,0.147658,0.9600
30,0.214424,0.8950,0.226493,0.8800
31,0.229140,0.9100,0.161965,0.9600
32,0.243415,0.8950,0.185574,0.9600
33,0.236232,0.8950,0.184500,0.9600
34,0.225715,0.8950,0.149640,0.9600
35,0.219001,0.8800,0.219284,0.9600
36,0.213409,0.9050,0.207753,0.9400
37,0.223676,0.8900,0.320392,0.9400
38,0.259464,0.8950,0.195475,0.9400
39,0.204796,0.9050,0.205347,0.9600
40,0.213938,0.9050,0.226075,0.9600
41,0.223166,0.9050,0.197129,0.9800
42,0.249015,0.9100,0.155532,0.9200
43,0.193318,0.9100,0.322027,0.9600
44,0.269836,0.8950,0.210554,0.9600
45,0.220498,0.9150,0.268666,0.9400
46,0.231020,0.8700,0.182688,0.9600
47,0.206387,0.9100,0.452839,0.9600
48,0.288634,0.9100,0.161779,0.9600
1,14.874856,0.7300,4.586396,0.7200
2,2.883731,0.7700,1.781466,0.8200
3,1.518532,0.8700,0.952176,0.8400
4,0.843767,0.8800,0.636811,0.8400
5,0.517588,0.8800,0.426560,0.8600
6,0.364627,0.8750,0.341314,0.9600
7,0.380138,0.8800,0.312414,0.8800
8,0.305284,0.8950,0.225427,0.9000
9,0.298286,0.9000,0.533101,0.9200
10,0.388377,0.9250,0.586192,0.8400
11,0.342433,0.8700,0.263142,0.9200
12,0.264968,0.9200,0.228745,0.9000
13,0.262606,0.9000,0.212682,0.9800
14,0.321062,0.8900,0.282685,0.9600
15,0.280733,0.8800,0.319616,0.8400
16,0.263162,0.9100,0.239044,0.9400
17,0.254596,0.9100,0.199479,0.9600
18,0.327079,0.8600,0.183112,0.8600
19,0.225481,0.8850,0.422882,0.9200
20,0.319057,0.9050,0.223349,0.9600
21,0.267676,0.8950,0.235575,0.8400
22,0.233760,0.8900,0.237813,0.8200
23,0.231158,0.9150,0.207688,0.9600
24,0.240482,0.8950,0.249366,0.9000
25,0.214514,0.9000,0.191499,0.9400
26,0.272096,0.9050,0.365547,0.8800
27,0.253019,0.8900,0.247105,0.9600
28,0.208344,0.9100,0.235881,0.9400
29,0.218080,0.9000,0.147658,0.9600
30,0.214424,0.8950,0.226493,0.8800
31,0.229140,0.9100,0.161965,0.9600
32,0.243415,0.8950,0.185574,0.9600
33,0.236232,0.8950,0.184500,0.9600
34,0.225715,0.8950,0.149640,0.9600
35,0.219001,0.8800,0.219284,0.9600
36,0.213409,0.9050,0.207753,0.9400
37,0.223676,0.8900,0.320392,0.9400
38,0.259464,0.8950,0.195475,0.9400
39,0.204796,0.9050,0.205347,0.9600
40,0.213938,0.9050,0.226075,0.9600
41,0.223166,0.9050,0.197129,0.9800
42,0.249015,0.9100,0.155532,0.9200
43,0.193318,0.9100,0.322027,0.9600
44,0.269836,0.8950,0.210554,0.9600
45,0.220498,0.9150,0.268666,0.9400
46,0.231020,0.8700,0.182688,0.9600
47,0.206387,0.9100,0.452839,0.9600
48,0.288634,0.9100,0.161779,0.9600
1,14.874856,0.7300,4.586396,0.7200
2,2.883731,0.7700,1.781466,0.8200
3,1.518532,0.8700,0.952176,0.8400
4,0.843767,0.8800,0.636811,0.8400
5,0.517588,0.8800,0.426560,0.8600
6,0.364627,0.8750,0.341314,0.9600
7,0.380138,0.8800,0.312414,0.8800
8,0.305284,0.8950,0.225427,0.9000
9,0.298286,0.9000,0.533101,0.9200
10,0.388377,0.9250,0.586192,0.8400
11,0.342433,0.8700,0.263142,0.9200
12,0.264968,0.9200,0.228745,0.9000
13,0.262606,0.9000,0.212682,0.9800
14,0.321062,0.8900,0.282685,0.9600
15,0.280733,0.8800,0.319616,0.8400
16,0.263162,0.9100,0.239044,0.9400
17,0.254596,0.9100,0.199479,0.9600
18,0.327079,0.8600,0.183112,0.8600
19,0.225481,0.8850,0.422882,0.9200
20,0.319057,0.9050,0.223349,0.9600
21,0.267676,0.8950,0.235575,0.8400
22,0.233760,0.8900,0.237813,0.8200
23,0.231158,0.9150,0.207688,0.9600
24,0.240482,0.8950,0.249366,0.9000
25,0.214514,0.9000,0.191499,0.9400
26,0.272096,0.9050,0.365547,0.8800
27,0.253019,0.8900,0.247105,0.9600
28,0.208344,0.9100,0.235881,0.9400
29,0.218080,0.9000,0.147658,0.9600
30,0.214424,0.8950,0.226493,0.8800
31,0.229140,0.9100,0.161965,0.9600
32,0.243415,0.8950,0.185574,0.9600
33,0.236232,0.8950,0.184500,0.9600
34,0.225715,0.8950,0.149640,0.9600
35,0.219001,0.8800,0.219284,0.9600
36,0.213409,0.9050,0.207753,0.9400
37,0.223676,0.8900,0.320392,0.9400
38,0.259464,0.8950,0.195475,0.9400
39,0.204796,0.9050,0.205347,0.9600
40,0.213938,0.9050,0.226075,0.9600
41,0.223166,0.9050,0.197129,0.9800
42,0.249015,0.9100,0.155532,0.9200
43,0.193318,0.9100,0.322027,0.9600
44,0.269836,0.8950,0.210554,0.9600
45,0.220498,0.9150,0.268666,0.9400
46,0.231020,0.8700,0.182688,0.9600
47,0.206387,0.9100,0.452839,0.9600
48,0.288634,0.9100,0.161779,0.9600
1,14.874856,0.7300,4.586396,0.7200
2,2.883731,0.7700,1.781466,0.8200
3,1.518532,0.8700,0.952176,0.8400
4,0.843767,0.8800,0.636811,0.8400
5,0.517588,0.8800,0.426560,0.8600
6,0.364627,0.8750,0.341314,0.9600
7,0.380138,0.8800,0.312414,0.8800
8,0.305284,0.8950,0.225427,0.9000
9,0.298286,0.9000,0.533101,0.9200
10,0.388377,0.9250,0.586192,0.8400
11,0.342433,0.8700,0.263142,0.9200
12,0.264968,0.9200,0.228745,0.9000
13,0.262606,0.9000,0.212682,0.9800
14,0.321062,0.8900,0.282685,0.9600
15,0.280733,0.8800,0.319616,0.8400
16,0.263162,0.9100,0.239044,0.9400
17,0.254596,0.9100,0.199479,0.9600
18,0.327079,0.8600,0.183112,0.8600
19,0.225481,0.8850,0.422882,0.9200
20,0.319057,0.9050,0.223349,0.9600
21,0.267676,0.8950,0.235575,0.8400
22,0.233760,0.8900,0.237813,0.8200
23,0.231158,0.9150,0.207688,0.9600
24,0.240482,0.8950,0.249366,0.9000
25,0.214514,0.9000,0.191499,0.9400
26,0.272096,0.9050,0.365547,0.8800
27,0.253019,0.8900,0.247105,0.9600
28,0.208344,0.9100,0.235881,0.9400
29,0.218080,0.9000,0.147658,0.9600
30,0.214424,0.8950,0.226493,0.8800
31,0.229140,0.9100,0.161965,0.9600
32,0.243415,0.8950,0.185574,0.9600
33,0.236232,0.8950,0.184500,0.9600
34,0.225715,0.8950,0.149640,0.9600
35,0.219001,0.8800,0.219284,0.9600
36,0.213409,0.9050,0.207753,0.9400
37,0.223676,0.8900,0.320392,0.9400
38,0.259464,0.8950,0.195475,0.9400
39,0.204796,0.9050,0.205347,0.9600
40,0.213938,0.9050,0.226075,0.9600
41,0.223166,0.9050,0.197129,0.9800
42,0.249015,0.9100,0.155532,0.9200
43,0.193318,0.9100,0.322027,0.9600
44,0.269836,0.8950,0.210554,0.9600
45,0.220498,0.9150,0.268666,0.9400
46,0.231020,0.8700,0.182688,0.9600
47,0.206387,0.9100,0.452839,0.9600
48,0.288634,0.9100,0.161779,0.9600
1,20.028658,0.5350,6.143892,0.8200
2,3.403162,0.8500,1.007491,0.8600
3,1.452688,0.8650,0.527276,0.8400
4,1.158185,0.8550,0.506047,0.8600
5,1.073150,0.8700,0.442273,0.8600
6,0.982262,0.9200,0.415738,0.9000
7,0.761365,0.9050,0.287378,0.9400
8,0.728465,0.8900,0.437331,0.9200
9,0.886247,0.9200,0.271541,0.9200
10,0.683178,0.9000,0.294080,0.9400
11,0.764952,0.8750,0.236381,0.9600
12,0.745650,0.9200,0.437743,0.9600
13,0.801376,0.8800,0.267410,0.9200
14,0.716851,0.9300,0.362060,0.9400
15,0.765747,0.9150,0.310380,0.9400
16,0.706463,0.9050,0.236533,0.9600
17,0.654368,0.9150,0.187181,0.9800
18,0.561806,0.9050,0.185197,0.9200
19,0.590528,0.9400,0.302092,0.9200
20,0.638498,0.9150,0.211289,0.9200
21,0.590801,0.9100,0.236392,0.9600
22,0.581547,0.9200,0.194766,0.9600
23,0.587667,0.9150,0.186980,0.9800
24,0.552869,0.9150,0.231336,0.9200
25,0.561035,0.9250,0.223944,0.9200
26,0.601704,0.9300,0.196763,0.9600
27,0.600391,0.9200,0.218990,0.9400
28,0.547542,0.9150,0.179847,0.9600
29,0.550667,0.9200,0.180651,0.9600
30,0.562982,0.9050,0.201699,0.9400
31,0.538036,0.9400,0.173170,0.9600
32,0.543110,0.9100,0.253274,0.9400
33,0.527160,0.9400,0.208646,0.9600
34,0.481157,0.9400,0.265974,0.9400
35,0.576025,0.9100,0.203418,0.9400
36,0.468266,0.9350,0.206584,0.9400
37,0.530636,0.9250,0.229447,0.9400
38,0.549124,0.9350,0.182615,0.9400
39,0.478763,0.9300,0.186065,0.9400
40,0.504430,0.9050,0.188605,0.9400
1,20.449084,0.5200,7.200008,0.8200
2,3.977055,0.8400,1.306529,0.9000
3,1.569919,0.8600,0.530549,0.9200
4,1.219088,0.8600,0.479133,0.8800
5,1.078385,0.8850,0.579289,0.9000
6,1.046035,0.9000,0.409005,0.9000
7,0.770009,0.9100,0.308059,0.9800
8,0.745380,0.8950,0.408016,0.9200
9,0.853411,0.9300,0.276417,0.9200
10,0.687539,0.8950,0.269327,0.9200
11,0.751784,0.8850,0.239507,0.9400
12,0.747885,0.9150,0.390913,0.9200
13,0.809428,0.8850,0.299458,0.9800
14,0.736127,0.9200,0.412640,0.9200
15,0.801181,0.9100,0.390683,0.9600
16,0.759273,0.9050,0.252935,0.9600
17,0.635274,0.9050,0.186054,0.9800
18,0.556592,0.9000,0.209351,0.9200
19,0.575568,0.9500,0.340938,0.9400
20,0.628843,0.9250,0.225158,0.9200
21,0.599720,0.8950,0.251855,0.9600
22,0.585671,0.9150,0.186262,0.9600
23,0.560019,0.9050,0.179591,0.9800
24,0.538512,0.9100,0.231978,0.9400
25,0.552749,0.9250,0.198201,0.9200
26,0.585485,0.9100,0.182152,0.9600
27,0.591102,0.9200,0.237985,0.9400
28,0.534612,0.9100,0.179259,0.9800
29,0.554358,0.9150,0.203388,0.9600
30,0.563200,0.9100,0.174149,0.9600
31,0.539599,0.9400,0.169337,0.9600
32,0.540308,0.8950,0.247310,0.9600
33,0.523527,0.9300,0.198177,0.9600
34,0.476496,0.9350,0.253732,0.9600
35,0.568588,0.9050,0.207249,0.9400
36,0.466158,0.9200,0.207261,0.9400
37,0.524714,0.9200,0.212415,0.9600
38,0.547637,0.9300,0.183751,0.9800
39,0.472273,0.9350,0.199983,0.9400
40,0.510571,0.9050,0.187871,0.9200
1,20.449084,0.5200,7.200008,0.8200
2,3.977055,0.8400,1.306529,0.9000
3,1.569919,0.8600,0.530549,0.9200
4,1.219088,0.8600,0.479133,0.8800
5,1.078385,0.8850,0.579289,0.9000
6,1.046035,0.9000,0.409005,0.9000
7,0.770009,0.9100,0.308059,0.9800
8,0.745380,0.8950,0.408016,0.9200
9,0.853411,0.9300,0.276417,0.9200
10,0.687539,0.8950,0.269327,0.9200
11,0.751784,0.8850,0.239507,0.9400
12,0.747885,0.9150,0.390913,0.9200
13,0.809428,0.8850,0.299458,0.9800
14,0.736127,0.9200,0.412640,0.9200
15,0.801181,0.9100,0.390683,0.9600
16,0.759273,0.9050,0.252935,0.9600
17,0.635274,0.9050,0.186054,0.9800
18,0.556592,0.9000,0.209351,0.9200
19,0.575568,0.9500,0.340938,0.9400
20,0.628843,0.9250,0.225158,0.9200
21,0.599720,0.8950,0.251855,0.9600
22,0.585671,0.9150,0.186262,0.9600
23,0.560019,0.9050,0.179591,0.9800
24,0.538512,0.9100,0.231978,0.9400
25,0.552749,0.9250,0.198201,0.9200
26,0.585485,0.9100,0.182152,0.9600
27,0.591102,0.9200,0.237985,0.9400
28,0.534612,0.9100,0.179259,0.9800
29,0.554358,0.9150,0.203388,0.9600
30,0.563200,0.9100,0.174149,0.9600
31,0.539599,0.9400,0.169337,0.9600
32,0.540308,0.8950,0.247310,0.9600
33,0.523527,0.9300,0.198177,0.9600
34,0.476496,0.9350,0.253732,0.9600
35,0.568588,0.9050,0.207249,0.9400
36,0.466158,0.9200,0.207261,0.9400
37,0.524714,0.9200,0.212415,0.9600
38,0.547637,0.9300,0.183751,0.9800
39,0.472273,0.9350,0.199983,0.9400
40,0.510571,0.9050,0.187871,0.9200
1,20.449084,0.5200,7.200008,0.8200
2,3.977055,0.8400,1.306529,0.9000
3,1.569919,0.8600,0.530549,0.9200
4,1.219088,0.8600,0.479133,0.8800
5,1.078385,0.8850,0.579289,0.9000
6,1.046035,0.9000,0.409005,0.9000
7,0.770009,0.9100,0.308059,0.9800
8,0.745380,0.8950,0.408016,0.9200
9,0.853411,0.9300,0.276417,0.9200
10,0.687539,0.8950,0.269327,0.9200
11,0.751784,0.8850,0.239507,0.9400
12,0.747885,0.9150,0.390913,0.9200
13,0.809428,0.8850,0.299458,0.9800
14,0.736127,0.9200,0.412640,0.9200
15,0.801181,0.9100,0.390683,0.9600
16,0.759273,0.9050,0.252935,0.9600
17,0.635274,0.9050,0.186054,0.9800
18,0.556592,0.9000,0.209351,0.9200
19,0.575568,0.9500,0.340938,0.9400
20,0.628843,0.9250,0.225158,0.9200
21,0.599720,0.8950,0.251855,0.9600
22,0.585671,0.9150,0.186262,0.9600
23,0.560019,0.9050,0.179591,0.9800
24,0.538512,0.9100,0.231978,0.9400
25,0.552749,0.9250,0.198201,0.9200
26,0.585485,0.9100,0.182152,0.9600
27,0.591102,0.9200,0.237985,0.9400
28,0.534612,0.9100,0.179259,0.9800
29,0.554358,0.9150,0.203388,0.9600
30,0.563200,0.9100,0.174149,0.9600
31,0.539599,0.9400,0.169337,0.9600
32,0.540308,0.8950,0.247310,0.9600
33,0.523527,0.9300,0.198177,0.9600
34,0.476496,0.9350,0.253732,0.9600
35,0.568588,0.9050,0.207249,0.9400
36,0.466158,0.9200,0.207261,0.9400
37,0.524714,0.9200,0.212415,0.9600
38,0.547637,0.9300,0.183751,0.9800
39,0.472273,0.9350,0.199983,0.9400
40,0.510571,0.9050,0.187871,0.9200
1,20.449084,0.5200,7.200008,0.8200
2,3.977055,0.8400,1.306529,0.9000
3,1.569919,0.8600,0.530549,0.9200
4,1.219088,0.8600,0.479133,0.8800
5,1.078385,0.8850,0.579289,0.9000
6,1.046035,0.9000,0.409005,0.9000
7,0.770009,0.9100,0.308059,0.9800
8,0.745380,0.8950,0.408016,0.9200
9,0.853411,0.9300,0.276417,0.9200
10,0.687539,0.8950,0.269327,0.9200
11,0.751784,0.8850,0.239507,0.9400
12,0.747885,0.9150,0.390913,0.9200
13,0.809428,0.8850,0.299458,0.9800
14,0.736127,0.9200,0.412640,0.9200
15,0.801181,0.9100,0.390683,0.9600
16,0.759273,0.9050,0.252935,0.9600
17,0.635274,0.9050,0.186054,0.9800
18,0.556592,0.9000,0.209351,0.9200
19,0.575568,0.9500,0.340938,0.9400
20,0.628843,0.9250,0.225158,0.9200
21,0.599720,0.8950,0.251855,0.9600
22,0.585671,0.9150,0.186262,0.9600
23,0.560019,0.9050,0.179591,0.9800
24,0.538512,0.9100,0.231978,0.9400
25,0.552749,0.9250,0.198201,0.9200
26,0.585485,0.9100,0.182152,0.9600
27,0.591102,0.9200,0.237985,0.9400
28,0.534612,0.9100,0.179259,0.9800
29,0.554358,0.9150,0.203388,0.9600
30,0.563200,0.9100,0.174149,0.9600
31,0.539599,0.9400,0.169337,0.9600
32,0.540308,0.8950,0.247310,0.9600
33,0.523527,0.9300,0.198177,0.9600
34,0.476496,0.9350,0.253732,0.9600
35,0.568588,0.9050,0.207249,0.9400
36,0.466158,0.9200,0.207261,0.9400
37,0.524714,0.9200,0.212415,0.9600
38,0.547637,0.9300,0.183751,0.9800
39,0.472273,0.9350,0.199983,0.9400
40,0.510571,0.9050,0.187871,0.9200
1,20.449084,0.5200,7.200008,0.8200
2,3.977055,0.8400,1.306529,0.9000
3,1.569919,0.8600,0.530549,0.9200
4,1.219088,0.8600,0.479133,0.8800
5,1.078385,0.8850,0.579289,0.9000
6,1.046035,0.9000,0.409005,0.9000
7,0.770009,0.9100,0.308059,0.9800
8,0.745380,0.8950,0.408016,0.9200
9,0.853411,0.9300,0.276417,0.9200
10,0.687539,0.8950,0.269327,0.9200
11,0.751784,0.8850,0.239507,0.9400
12,0.747885,0.9150,0.390913,0.9200
13,0.809428,0.8850,0.299458,0.9800
14,0.736127,0.9200,0.412640,0.9200
15,0.801181,0.9100,0.390683,0.9600
16,0.759273,0.9050,0.252935,0.9600
17,0.635274,0.9050,0.186054,0.9800
18,0.556592,0.9000,0.209351,0.9200
19,0.575568,0.9500,0.340938,0.9400
20,0.628843,0.9250,0.225158,0.9200
21,0.599720,0.8950,0.251855,0.9600
22,0.585671,0.9150,0.186262,0.9600
23,0.560019,0.9050,0.179591,0.9800
24,0.538512,0.9100,0.231978,0.9400
25,0.552749,0.9250,0.198201,0.9200
26,0.585485,0.9100,0.182152,0.9600
27,0.591102,0.9200,0.237985,0.9400
28,0.534612,0.9100,0.179259,0.9800
29,0.554358,0.9150,0.203388,0.9600
30,0.563200,0.9100,0.174149,0.9600
31,0.539599,0.9400,0.169337,0.9600
32,0.540308,0.8950,0.247310,0.9600
33,0.523527,0.9300,0.198177,0.9600
34,0.476496,0.9350,0.253732,0.9600
35,0.568588,0.9050,0.207249,0.9400
36,0.466158,0.9200,0.207261,0.9400
37,0.524714,0.9200,0.212415,0.9600
38,0.547637,0.9300,0.183751,0.9800
39,0.472273,0.9350,0.199983,0.9400
40,0.510571,0.9050,0.187871,0.9200
1,10.718234,0.7650,3.367667,0.7800
2,1.396178,0.8650,0.482962,0.8200
3,0.658708,0.8900,0.317336,0.9000
4,0.533760,0.9100,0.403871,0.9800
5,0.564360,0.8900,0.203638,0.9000
6,0.425140,0.9000,0.221506,0.9800
7,0.452419,0.8900,0.219304,0.9600
8,0.454768,0.9250,0.335788,0.9400
9,0.428688,0.9100,0.250833,0.9200
10,0.373824,0.9050,0.156795,0.9600
11,0.350142,0.9150,0.210863,0.9600
12,0.380984,0.9350,0.238715,0.9200
13,0.403993,0.9250,0.226041,0.9600
14,0.366480,0.9200,0.203135,0.9400
15,0.350928,0.9400,0.377759,0.9400
16,0.473584,0.9400,0.265217,0.9400
17,0.390514,0.9700,0.168320,0.9600
18,0.347446,0.9400,0.191189,0.9400
19,0.330612,0.9350,0.188924,0.9400
20,0.357725,0.9250,0.159809,0.9600
21,0.329707,0.9250,0.157552,0.9600
22,0.341040,0.9350,0.196429,0.9600
23,0.398468,0.9300,0.150364,0.9400
24,0.380320,0.9350,0.169640,0.9400
25,0.363945,0.9350,0.175314,0.9400
26,0.421376,0.9400,0.181939,0.9400
27,0.322135,0.9350,0.184614,0.9400
28,0.352806,0.9400,0.245842,0.9400
29,0.293997,0.9300,0.222410,0.9400
30,0.345740,0.9300,0.178612,0.9400
31,0.282207,0.9350,0.172707,0.9400
32,0.319916,0.9400,0.180528,0.9400
33,0.336592,0.9300,0.169810,0.9400
34,0.315889,0.9300,0.162615,0.9400
35,0.324873,0.9200,0.148950,0.9400
36,0.318725,0.9450,0.220567,0.9400
37,0.318586,0.9400,0.149991,0.9400
38,0.335228,0.9500,0.145671,0.9600
39,0.348722,0.9400,0.165818,0.9400
40,0.307714,0.9400,0.177393,0.9400
41,0.312791,0.9450,0.165355,0.9400
42,0.340018,0.9450,0.157462,0.9400
43,0.337909,0.9450,0.149912,0.9600
44,0.302762,0.9350,0.155707,0.9400
45,0.297432,0.9450,0.162706,0.9400
46,0.325326,0.9300,0.154469,0.9400
47,0.281495,0.9550,0.153396,0.9400
48,0.263018,0.9250,0.169663,0.9400
49,0.316217,0.9450,0.159469,0.9600
50,0.321921,0.9350,0.149619,0.9400
51,0.265606,0.9450,0.157825,0.9400
52,0.301694,0.9250,0.151004,0.9400
53,0.257957,0.9200,0.158949,0.9600
54,0.312336,0.9400,0.180901,0.9400
55,0.259680,0.9350,0.147378,0.9400
56,0.364500,0.9400,0.163109,0.9400
57,0.295036,0.9400,0.147470,0.9400
58,0.303335,0.9450,0.144250,0.9400
59,0.335141,0.9400,0.145279,0.9400
60,0.261708,0.9400,0.155477,0.9400
61,0.290004,0.9450,0.152508,0.9400
62,0.342653,0.9250,0.174529,0.9400
63,0.274757,0.9450,0.175705,0.9400
64,0.282827,0.9550,0.149706,0.9400
65,0.316770,0.9300,0.166230,0.9400
66,0.337025,0.9350,0.150118,0.9400
67,0.301847,0.9450,0.165486,0.9400
68,0.307841,0.9250,0.153347,0.9400
69,0.273367,0.9450,0.152965,0.9400
70,0.293625,0.9450,0.152094,0.9400
71,0.284873,0.9450,0.151416,0.9400
72,0.290327,0.9400,0.159013,0.9400
73,0.264034,0.9400,0.140924,0.9400
74,0.297343,0.9400,0.156387,0.9400
75,0.301856,0.9400,0.147660,0.9400
76,0.280048,0.9350,0.160016,0.9400
77,0.268276,0.9200,0.153656,0.9400
78,0.302078,0.9500,0.150792,0.9400
79,0.337729,0.9200,0.157528,0.9400
80,0.283822,0.9500,0.144876,0.9400
81,0.320746,0.9300,0.159808,0.9400
82,0.280820,0.9450,0.155734,0.9400
83,0.308061,0.9700,0.149579,0.9400
84,0.249042,0.9450,0.155277,0.9400
85,0.273693,0.9400,0.164945,0.9400
86,0.288836,0.9550,0.158408,0.9400
87,0.295305,0.9550,0.163855,0.9400
88,0.288377,0.9500,0.172232,0.9400
89,0.308599,0.9450,0.152523,0.9400
90,0.304844,0.9450,0.150209,0.9400
91,0.310757,0.9500,0.141860,0.9400
92,0.267953,0.9550,0.154030,0.9400
93,0.275194,0.9250,0.160205,0.9400
94,0.261829,0.9400,0.145387,0.9400
95,0.314989,0.9300,0.155395,0.9400
96,0.316881,0.9450,0.153546,0.9400
97,0.255856,0.9500,0.154501,0.9400
98,0.285604,0.9450,0.167815,0.9400
99,0.266412,0.9500,0.145474,0.9400
100,0.263987,0.9400,0.159101,0.9400
1,9.036670,0.7900,0.992679,0.8400
2,0.953180,0.9000,0.574286,0.8400
3,0.622894,0.9100,0.354442,0.9200
4,0.506622,0.9300,0.440071,0.9600
5,0.545032,0.9200,0.263059,0.9600
6,0.436576,0.9150,0.243226,0.8800
7,0.530112,0.9150,0.359038,0.9200
8,0.461596,0.9350,0.234031,0.9000
9,0.509930,0.9050,0.329831,0.9600
10,0.406247,0.8950,0.284270,0.9600
11,0.373869,0.9200,0.219019,0.9600
12,0.423659,0.9300,0.202855,0.9600
13,0.427932,0.9200,0.293398,0.9600
14,0.392560,0.9200,0.202617,0.9200
15,0.358524,0.9350,0.315507,0.9400
16,0.415221,0.9300,0.208862,0.9600
17,0.374515,0.9350,0.172837,0.9600
18,0.334908,0.9400,0.202890,0.9800
19,0.347547,0.9200,0.245333,0.9600
20,0.388364,0.9350,0.188536,0.9400
21,0.353865,0.9350,0.275205,0.9400
22,0.385988,0.9350,0.189746,0.9400
23,0.383162,0.9450,0.227538,0.9400
24,0.377262,0.9250,0.349267,0.9400
25,0.411383,0.9250,0.188235,0.9400
26,0.420981,0.9550,0.373930,0.9400
27,0.333653,0.9400,0.157957,0.9400
28,0.350608,0.9350,0.241230,0.9600
29,0.304027,0.9050,0.278132,0.9600
30,0.361233,0.9300,0.221485,0.9400
31,0.287080,0.9400,0.207487,0.9600
32,0.330605,0.9400,0.175298,0.9600
33,0.329922,0.9500,0.193802,0.9400
34,0.300133,0.9350,0.152105,0.9400
35,0.324810,0.9150,0.140619,0.9600
36,0.331245,0.9400,0.196108,0.9400
37,0.298302,0.9550,0.157791,0.9400
38,0.322554,0.9450,0.170805,0.9600
39,0.355016,0.9500,0.172923,0.9800
40,0.316729,0.9300,0.214697,0.9400
41,0.355108,0.9350,0.154457,0.9400
42,0.346201,0.9400,0.169013,0.9600
43,0.335522,0.9450,0.162679,0.9600
44,0.315202,0.9350,0.170488,0.9400
45,0.295859,0.9500,0.186853,0.9400
46,0.319007,0.9500,0.182609,0.9400
47,0.309109,0.9450,0.166123,0.9400
48,0.268048,0.9350,0.172781,0.9400
49,0.315462,0.9450,0.156711,0.9600
50,0.324147,0.9350,0.184971,0.9600
51,0.265174,0.9450,0.164751,0.9400
52,0.289829,0.9350,0.157211,0.9400
53,0.257598,0.9250,0.154276,0.9600
54,0.298313,0.9400,0.161935,0.9400
1,13.112630,0.6750,3.669656,0.8600
2,2.823803,0.8600,0.669291,0.9200
3,1.388363,0.9050,0.593530,0.9000
4,1.071200,0.9000,1.610635,0.8600
5,1.728318,0.9000,0.274567,0.8800
6,0.898451,0.9100,0.419582,0.9000
7,0.703562,0.8900,0.625646,0.9600
8,0.712330,0.8950,0.668133,0.9600
9,0.859251,0.9400,0.304184,0.9400
10,0.566536,0.9000,0.266277,0.9800
11,0.656599,0.8900,0.223152,1.0000
12,0.659682,0.9150,0.227878,0.9400
13,0.642473,0.9100,0.338595,0.9000
14,0.587868,0.9300,0.414992,0.9200
15,0.696725,0.9150,0.445365,0.9600
16,0.712338,0.9200,0.158716,0.9400
17,0.536936,0.9150,0.297105,0.9800
18,0.572077,0.9400,0.260876,0.9200
19,0.580478,0.9250,0.186737,0.9400
20,0.580324,0.9150,0.203168,0.9600
21,0.516280,0.9200,0.176309,0.9200
22,0.494838,0.9400,0.312647,0.9400
23,0.501406,0.9200,0.230322,0.9400
24,0.516917,0.9300,0.264235,0.9800
25,0.455861,0.9400,0.244336,0.9400
26,0.492743,0.9350,0.170874,0.9400
27,0.471051,0.9250,0.181438,0.9600
28,0.453271,0.9250,0.178388,0.9600
29,0.460221,0.9150,0.156365,0.9800
30,0.479475,0.9050,0.327889,0.9600
31,0.463578,0.9400,0.173911,0.9800
32,0.448313,0.9050,0.188366,0.9400
33,0.440229,0.9300,0.168329,0.9200
34,0.464404,0.9450,0.220948,0.9800
35,0.417141,0.9450,0.197707,0.9400
36,0.437167,0.9200,0.211691,0.9400
37,0.455013,0.9450,0.198311,0.9400
38,0.490663,0.9500,0.184688,0.9600
39,0.395002,0.9400,0.163933,0.9600
40,0.442550,0.9300,0.184859,0.9600
41,0.377434,0.9300,0.166093,0.9200
42,0.380604,0.9350,0.233008,0.9600
43,0.548276,0.9100,0.171617,0.9400
44,0.387437,0.9300,0.176730,0.9400
45,0.490564,0.9450,0.253870,0.9400
46,0.448997,0.9400,0.267588,0.9400
47,0.479984,0.9400,0.195826,0.9400
48,0.412452,0.9250,0.190862,0.9600
1,13.112630,0.6750,3.669656,0.8600
2,2.823803,0.8600,0.669291,0.9200
3,1.388363,0.9050,0.593530,0.9000
4,1.071200,0.9000,1.610635,0.8600
5,1.728318,0.9000,0.274567,0.8800
6,0.898451,0.9100,0.419582,0.9000
7,0.703562,0.8900,0.625646,0.9600
8,0.712330,0.8950,0.668133,0.9600
9,0.859251,0.9400,0.304184,0.9400
10,0.566536,0.9000,0.266277,0.9800
11,0.656599,0.8900,0.223152,1.0000
12,0.659682,0.9150,0.227878,0.9400
13,0.642473,0.9100,0.338595,0.9000
14,0.587868,0.9300,0.414992,0.9200
15,0.696725,0.9150,0.445365,0.9600
16,0.712338,0.9200,0.158716,0.9400
17,0.536936,0.9150,0.297105,0.9800
18,0.572077,0.9400,0.260876,0.9200
19,0.580478,0.9250,0.186737,0.9400
20,0.580324,0.9150,0.203168,0.9600
21,0.516280,0.9200,0.176309,0.9200
22,0.494838,0.9400,0.312647,0.9400
23,0.501406,0.9200,0.230322,0.9400
24,0.516917,0.9300,0.264235,0.9800
25,0.455861,0.9400,0.244336,0.9400
26,0.492743,0.9350,0.170874,0.9400
27,0.471051,0.9250,0.181438,0.9600
28,0.453271,0.9250,0.178388,0.9600
29,0.460221,0.9150,0.156365,0.9800
30,0.479475,0.9050,0.327889,0.9600
31,0.463578,0.9400,0.173911,0.9800
32,0.448313,0.9050,0.188366,0.9400
33,0.440229,0.9300,0.168329,0.9200
34,0.464404,0.9450,0.220948,0.9800
35,0.417141,0.9450,0.197707,0.9400
36,0.437167,0.9200,0.211691,0.9400
37,0.455013,0.9450,0.198311,0.9400
38,0.490663,0.9500,0.184688,0.9600
39,0.395002,0.9400,0.163933,0.9600
40,0.442550,0.9300,0.184859,0.9600
41,0.377434,0.9300,0.166093,0.9200
42,0.380604,0.9350,0.233008,0.9600
43,0.548276,0.9100,0.171617,0.9400
44,0.387437,0.9300,0.176730,0.9400
45,0.490564,0.9450,0.253870,0.9400
46,0.448997,0.9400,0.267588,0.9400
47,0.479984,0.9400,0.195826,0.9400
48,0.412452,0.9250,0.190862,0.9600
49,0.415537,0.9100,0.320277,0.9600
50,0.400962,0.9150,0.191189,0.9400
51,0.334986,0.9150,0.179463,0.9600
52,0.333945,0.9250,0.184950,0.9600
53,0.430859,0.9350,0.208829,0.9800
54,0.414989,0.9400,0.192947,0.9400
55,0.382747,0.9400,0.160629,0.9600
56,0.378368,0.9250,0.266356,0.9400
57,0.416547,0.9400,0.160220,0.9400
58,0.383779,0.9250,0.164609,0.9400
1,13.112630,0.6750,3.669656,0.8600,7.299692,3.337691
2,2.823803,0.8600,0.669291,0.9200,1.298904,1.709612
3,1.388363,0.9050,0.593530,0.9000,1.147230,1.570411
4,1.071200,0.9000,1.610635,0.8600,3.181115,2.336883
5,1.728318,0.9000,0.274567,0.8800,0.509138,1.032039
6,0.898451,0.9100,0.419582,0.9000,0.798820,1.229768
7,0.703562,0.8900,0.625646,0.9600,1.210827,1.646262
8,0.712330,0.8950,0.668133,0.9600,1.295881,1.618652
9,0.859251,0.9400,0.304184,0.9400,0.568072,1.135085
10,0.566536,0.9000,0.266277,0.9800,0.492319,1.046627
11,0.656599,0.8900,0.223152,1.0000,0.406122,0.941986
12,0.659682,0.9150,0.227878,0.9400,0.415496,0.952666
13,0.642473,0.9100,0.338595,0.9000,0.636753,1.208498
14,0.587868,0.9300,0.414992,0.9200,0.789752,1.268577
15,0.696725,0.9150,0.445365,0.9600,0.850329,1.327056
16,0.712338,0.9200,0.158716,0.9400,0.277104,0.804792
17,0.536936,0.9150,0.297105,0.9800,0.553764,1.051574
18,0.572077,0.9400,0.260876,0.9200,0.481350,1.004123
19,0.580478,0.9250,0.186737,0.9400,0.333247,0.865752
20,0.580324,0.9150,0.203168,0.9600,0.366103,0.931659
21,0.516280,0.9200,0.176309,0.9200,0.312357,0.835620
22,0.494838,0.9400,0.312647,0.9400,0.585109,1.113459
23,0.501406,0.9200,0.230322,0.9400,0.420315,0.990717
24,0.516917,0.9300,0.264235,0.9800,0.488205,1.038656
25,0.455861,0.9400,0.244336,0.9400,0.448425,0.964666
26,0.492743,0.9350,0.170874,0.9400,0.301502,0.831208
27,0.471051,0.9250,0.181438,0.9600,0.322429,0.851564
28,0.453271,0.9250,0.178388,0.9600,0.316216,0.843612
29,0.460221,0.9150,0.156365,0.9800,0.272226,0.787628
30,0.479475,0.9050,0.327889,0.9600,0.615216,1.161912
31,0.463578,0.9400,0.173911,0.9800,0.307255,0.841083
32,0.448313,0.9050,0.188366,0.9400,0.335999,0.871115
33,0.440229,0.9300,0.168329,0.9200,0.295867,0.823460
34,0.464404,0.9450,0.220948,0.9800,0.400985,0.954581
35,0.417141,0.9450,0.197707,0.9400,0.354564,0.899215
36,0.437167,0.9200,0.211691,0.9400,0.382391,0.948443
37,0.455013,0.9450,0.198311,0.9400,0.355768,0.900007
38,0.490663,0.9500,0.184688,0.9600,0.328416,0.874414
39,0.395002,0.9400,0.163933,0.9600,0.286910,0.799222
40,0.442550,0.9300,0.184859,0.9600,0.328612,0.881656
41,0.377434,0.9300,0.166093,0.9200,0.291148,0.818554
42,0.380604,0.9350,0.233008,0.9600,0.424923,0.981646
43,0.548276,0.9100,0.171617,0.9400,0.302133,0.844923
44,0.387437,0.9300,0.176730,0.9400,0.312345,0.840748
45,0.490564,0.9450,0.253870,0.9400,0.466666,1.011944
46,0.448997,0.9400,0.267588,0.9400,0.493990,1.049381
47,0.479984,0.9400,0.195826,0.9400,0.350489,0.881249
48,0.412452,0.9250,0.190862,0.9600,0.340582,0.867566
49,0.415537,0.9100,0.320277,0.9600,0.599357,1.127234
50,0.400962,0.9150,0.191189,0.9400,0.341007,0.887061
51,0.334986,0.9150,0.179463,0.9600,0.317672,0.829928
52,0.333945,0.9250,0.184950,0.9600,0.328734,0.855181
53,0.430859,0.9350,0.208829,0.9800,0.376436,0.912964
54,0.414989,0.9400,0.192947,0.9400,0.344501,0.883181
55,0.382747,0.9400,0.160629,0.9600,0.279852,0.800577
56,0.378368,0.9250,0.266356,0.9400,0.491181,1.061743
57,0.416547,0.9400,0.160220,0.9400,0.278905,0.805575
58,0.383779,0.9250,0.164609,0.9400,0.287716,0.802351
1,13.112630,0.6750,3.669656,0.8600,7.299692,3.337691
2,2.823803,0.8600,0.669291,0.9200,1.298904,1.709612
3,1.388363,0.9050,0.593530,0.9000,1.147230,1.570411
4,1.071200,0.9000,1.610635,0.8600,3.181115,2.336883
5,1.728318,0.9000,0.274567,0.8800,0.509138,1.032039
6,0.898451,0.9100,0.419582,0.9000,0.798820,1.229768
7,0.703562,0.8900,0.625646,0.9600,1.210827,1.646262
8,0.712330,0.8950,0.668133,0.9600,1.295881,1.618652
9,0.859251,0.9400,0.304184,0.9400,0.568072,1.135085
10,0.566536,0.9000,0.266277,0.9800,0.492319,1.046627
11,0.656599,0.8900,0.223152,1.0000,0.406122,0.941986
12,0.659682,0.9150,0.227878,0.9400,0.415496,0.952666
13,0.642473,0.9100,0.338595,0.9000,0.636753,1.208498
14,0.587868,0.9300,0.414992,0.9200,0.789752,1.268577
15,0.696725,0.9150,0.445365,0.9600,0.850329,1.327056
16,0.712338,0.9200,0.158716,0.9400,0.277104,0.804792
17,0.536936,0.9150,0.297105,0.9800,0.553764,1.051574
18,0.572077,0.9400,0.260876,0.9200,0.481350,1.004123
19,0.580478,0.9250,0.186737,0.9400,0.333247,0.865752
20,0.580324,0.9150,0.203168,0.9600,0.366103,0.931659
21,0.516280,0.9200,0.176309,0.9200,0.312357,0.835620
22,0.494838,0.9400,0.312647,0.9400,0.585109,1.113459
23,0.501406,0.9200,0.230322,0.9400,0.420315,0.990717
24,0.516917,0.9300,0.264235,0.9800,0.488205,1.038656
25,0.455861,0.9400,0.244336,0.9400,0.448425,0.964666
26,0.492743,0.9350,0.170874,0.9400,0.301502,0.831208
27,0.471051,0.9250,0.181438,0.9600,0.322429,0.851564
28,0.453271,0.9250,0.178388,0.9600,0.316216,0.843612
29,0.460221,0.9150,0.156365,0.9800,0.272226,0.787628
30,0.479475,0.9050,0.327889,0.9600,0.615216,1.161912
31,0.463578,0.9400,0.173911,0.9800,0.307255,0.841083
32,0.448313,0.9050,0.188366,0.9400,0.335999,0.871115
33,0.440229,0.9300,0.168329,0.9200,0.295867,0.823460
34,0.464404,0.9450,0.220948,0.9800,0.400985,0.954581
35,0.417141,0.9450,0.197707,0.9400,0.354564,0.899215
36,0.437167,0.9200,0.211691,0.9400,0.382391,0.948443
37,0.455013,0.9450,0.198311,0.9400,0.355768,0.900007
38,0.490663,0.9500,0.184688,0.9600,0.328416,0.874414
39,0.395002,0.9400,0.163933,0.9600,0.286910,0.799222
40,0.442550,0.9300,0.184859,0.9600,0.328612,0.881656
41,0.377434,0.9300,0.166093,0.9200,0.291148,0.818554
42,0.380604,0.9350,0.233008,0.9600,0.424923,0.981646
43,0.548276,0.9100,0.171617,0.9400,0.302133,0.844923
44,0.387437,0.9300,0.176730,0.9400,0.312345,0.840748
45,0.490564,0.9450,0.253870,0.9400,0.466666,1.011944
46,0.448997,0.9400,0.267588,0.9400,0.493990,1.049381
47,0.479984,0.9400,0.195826,0.9400,0.350489,0.881249
48,0.412452,0.9250,0.190862,0.9600,0.340582,0.867566
49,0.415537,0.9100,0.320277,0.9600,0.599357,1.127234
50,0.400962,0.9150,0.191189,0.9400,0.341007,0.887061
51,0.334986,0.9150,0.179463,0.9600,0.317672,0.829928
52,0.333945,0.9250,0.184950,0.9600,0.328734,0.855181
53,0.430859,0.9350,0.208829,0.9800,0.376436,0.912964
54,0.414989,0.9400,0.192947,0.9400,0.344501,0.883181
55,0.382747,0.9400,0.160629,0.9600,0.279852,0.800577
56,0.378368,0.9250,0.266356,0.9400,0.491181,1.061743
57,0.416547,0.9400,0.160220,0.9400,0.278905,0.805575
58,0.383779,0.9250,0.164609,0.9400,0.287716,0.802351
1,13.112630,0.6750,3.669656,0.8600,7.299692,3.337691
2,2.823803,0.8600,0.669291,0.9200,1.298904,1.709612
3,1.388363,0.9050,0.593530,0.9000,1.147230,1.570411
4,1.071200,0.9000,1.610635,0.8600,3.181115,2.336883
5,1.728318,0.9000,0.274567,0.8800,0.509138,1.032039
6,0.898451,0.9100,0.419582,0.9000,0.798820,1.229768
7,0.703562,0.8900,0.625646,0.9600,1.210827,1.646262
8,0.712330,0.8950,0.668133,0.9600,1.295881,1.618652
9,0.859251,0.9400,0.304184,0.9400,0.568072,1.135085
10,0.566536,0.9000,0.266277,0.9800,0.492319,1.046627
11,0.656599,0.8900,0.223152,1.0000,0.406122,0.941986
12,0.659682,0.9150,0.227878,0.9400,0.415496,0.952666
13,0.642473,0.9100,0.338595,0.9000,0.636753,1.208498
14,0.587868,0.9300,0.414992,0.9200,0.789752,1.268577
15,0.696725,0.9150,0.445365,0.9600,0.850329,1.327056
16,0.712338,0.9200,0.158716,0.9400,0.277104,0.804792
17,0.536936,0.9150,0.297105,0.9800,0.553764,1.051574
18,0.572077,0.9400,0.260876,0.9200,0.481350,1.004123
19,0.580478,0.9250,0.186737,0.9400,0.333247,0.865752
20,0.580324,0.9150,0.203168,0.9600,0.366103,0.931659
21,0.516280,0.9200,0.176309,0.9200,0.312357,0.835620
22,0.494838,0.9400,0.312647,0.9400,0.585109,1.113459
23,0.501406,0.9200,0.230322,0.9400,0.420315,0.990717
24,0.516917,0.9300,0.264235,0.9800,0.488205,1.038656
25,0.455861,0.9400,0.244336,0.9400,0.448425,0.964666
26,0.492743,0.9350,0.170874,0.9400,0.301502,0.831208
27,0.471051,0.9250,0.181438,0.9600,0.322429,0.851564
28,0.453271,0.9250,0.178388,0.9600,0.316216,0.843612
29,0.460221,0.9150,0.156365,0.9800,0.272226,0.787628
30,0.479475,0.9050,0.327889,0.9600,0.615216,1.161912
31,0.463578,0.9400,0.173911,0.9800,0.307255,0.841083
32,0.448313,0.9050,0.188366,0.9400,0.335999,0.871115
33,0.440229,0.9300,0.168329,0.9200,0.295867,0.823460
34,0.464404,0.9450,0.220948,0.9800,0.400985,0.954581
35,0.417141,0.9450,0.197707,0.9400,0.354564,0.899215
36,0.437167,0.9200,0.211691,0.9400,0.382391,0.948443
37,0.455013,0.9450,0.198311,0.9400,0.355768,0.900007
38,0.490663,0.9500,0.184688,0.9600,0.328416,0.874414
39,0.395002,0.9400,0.163933,0.9600,0.286910,0.799222
40,0.442550,0.9300,0.184859,0.9600,0.328612,0.881656
41,0.377434,0.9300,0.166093,0.9200,0.291148,0.818554
42,0.380604,0.9350,0.233008,0.9600,0.424923,0.981646
43,0.548276,0.9100,0.171617,0.9400,0.302133,0.844923
44,0.387437,0.9300,0.176730,0.9400,0.312345,0.840748
45,0.490564,0.9450,0.253870,0.9400,0.466666,1.011944
46,0.448997,0.9400,0.267588,0.9400,0.493990,1.049381
47,0.479984,0.9400,0.195826,0.9400,0.350489,0.881249
48,0.412452,0.9250,0.190862,0.9600,0.340582,0.867566
49,0.415537,0.9100,0.320277,0.9600,0.599357,1.127234
50,0.400962,0.9150,0.191189,0.9400,0.341007,0.887061
51,0.334986,0.9150,0.179463,0.9600,0.317672,0.829928
52,0.333945,0.9250,0.184950,0.9600,0.328734,0.855181
53,0.430859,0.9350,0.208829,0.9800,0.376436,0.912964
54,0.414989,0.9400,0.192947,0.9400,0.344501,0.883181
55,0.382747,0.9400,0.160629,0.9600,0.279852,0.800577
56,0.378368,0.9250,0.266356,0.9400,0.491181,1.061743
57,0.416547,0.9400,0.160220,0.9400,0.278905,0.805575
58,0.383779,0.9250,0.164609,0.9400,0.287716,0.802351
1,17.871663,0.7750,3.932264,0.7800,7.809658,4.440351
2,2.772132,0.8100,1.224434,0.7600,2.393261,2.337372
3,1.654813,0.8950,0.414680,0.8600,0.774045,1.400369
4,1.322657,0.8450,0.402705,0.8600,0.750082,1.269406
5,1.400932,0.8400,0.367856,0.8800,0.680435,1.257387
6,1.250768,0.8900,0.343012,0.9000,0.631016,1.173438
7,1.354234,0.8500,0.250280,0.8400,0.445870,1.033307
8,1.033516,0.8800,0.462033,0.9000,0.869460,1.379274
9,1.268541,0.8650,0.364003,0.9000,0.673449,1.267732
10,1.039475,0.8850,0.258426,0.9400,0.462374,0.996018
11,1.093962,0.8750,0.206508,0.9600,0.358207,0.928424
12,1.084709,0.9000,0.276499,0.9800,0.498212,1.043949
13,0.877566,0.9200,0.346538,0.9600,0.637613,1.217699
14,0.922389,0.8950,0.280445,0.9800,0.505508,1.068319
15,0.997187,0.9050,0.613454,0.9400,1.171072,1.522736
16,0.921987,0.9000,0.196705,0.9400,0.338026,0.850094
17,0.745980,0.9200,0.268166,0.9600,0.480473,1.062683
18,0.769283,0.9000,0.407640,0.9400,0.759231,1.270503
19,0.779452,0.9150,0.232047,0.9400,0.408366,0.941407
20,0.936009,0.8950,0.198515,0.9000,0.340682,0.846133
21,0.755240,0.8950,0.182356,0.9400,0.307895,0.803741
22,1.018727,0.9050,0.499650,0.9600,0.941882,1.428561
23,0.978886,0.9050,0.203531,0.9600,0.349611,0.876902
24,0.718344,0.9150,0.293764,0.9600,0.529647,1.081462
25,0.736509,0.9000,0.247123,0.9400,0.436154,0.967553
26,0.788578,0.9050,0.372277,0.9400,0.686376,1.217856
27,0.908725,0.8900,0.278632,0.9200,0.498828,1.065026
28,0.757806,0.8900,0.195769,0.9400,0.333078,0.857735
29,0.776857,0.9150,0.337991,0.9600,0.617392,1.141532
30,0.766757,0.9100,0.193947,0.9600,0.329133,0.887032
31,0.819506,0.8650,0.261916,0.8600,0.464518,1.052494
32,0.893063,0.8900,0.192684,0.9400,0.325899,0.850220
33,0.899070,0.9200,0.199196,0.9200,0.338455,0.860681
34,0.634778,0.9050,0.167679,0.9200,0.275137,0.773551
35,0.595653,0.9350,0.375188,0.9000,0.689897,1.244588
36,0.806054,0.8950,0.183131,0.9600,0.305551,0.819144
37,0.691206,0.9100,0.360389,0.9200,0.659560,1.205157
38,0.731364,0.9550,0.186252,0.9600,0.311168,0.818981
39,0.626269,0.9250,0.202204,0.9600,0.342649,0.855964
40,0.678520,0.9250,0.333537,0.9400,0.605136,1.170797
41,0.665510,0.9200,0.537293,0.9600,1.012136,1.500568
42,0.756489,0.8950,0.213520,0.9400,0.364367,0.901649
43,0.621217,0.8950,0.241013,0.9800,0.419306,0.963892
44,0.624102,0.9200,0.206956,0.9400,0.350929,0.882882
45,0.686920,0.9150,0.260846,0.9400,0.458463,1.026263
46,0.781262,0.9200,0.269222,0.9600,0.475241,1.031432
47,0.790067,0.9100,0.418270,0.9400,0.772954,1.340103
48,0.691971,0.9050,0.193019,0.9000,0.322394,0.850487
49,0.657710,0.9300,0.263702,0.9400,0.463291,1.018316
50,0.726042,0.9000,0.247535,0.9800,0.430932,0.973015
51,0.727403,0.9000,0.265376,0.9600,0.466376,0.994975
52,0.644872,0.9250,0.321070,0.9000,0.577457,1.119849
53,0.803916,0.8850,0.481514,0.9400,0.898129,1.371710
54,0.750970,0.9100,0.290029,0.9200,0.515015,1.089023
55,0.701172,0.9200,0.299963,0.9200,0.534453,1.107245
56,0.691595,0.9400,0.245034,0.9600,0.424513,0.957482
57,0.638613,0.8950,0.323808,0.9600,0.581915,1.131071
58,0.708976,0.9050,0.294605,0.9400,0.523345,1.062287
59,0.669588,0.9250,0.298674,0.9600,0.531148,1.091463
60,0.704868,0.9250,0.250440,0.9800,0.434489,0.955535
61,0.714349,0.9000,0.371494,0.9800,0.676262,1.246224
62,0.788196,0.9150,0.392492,0.9000,0.718377,1.215043
63,0.692058,0.9200,0.244721,0.8400,0.422646,1.011463
64,0.714936,0.8950,0.455131,0.9600,0.843167,1.333767
65,0.806757,0.9150,0.224802,0.9600,0.382555,0.929463
66,0.672909,0.8950,0.370985,0.9200,0.674744,1.222589
67,0.692032,0.9200,0.323495,0.9600,0.579499,1.156551
68,0.746859,0.9050,0.267036,0.9600,0.466266,1.014442
69,0.784160,0.9100,0.280454,0.9200,0.492753,1.098107
70,0.854946,0.9200,0.188810,0.9600,0.309452,0.839710
71,0.700181,0.9000,0.307060,0.9600,0.545746,1.128830
72,0.615285,0.8950,0.376614,0.9600,0.684888,1.181364
73,0.788759,0.9350,0.241224,0.9600,0.413871,0.932640
74,0.715454,0.9200,0.481610,0.9600,0.894410,1.318119
75,0.879460,0.9150,0.234528,0.9800,0.400038,0.940293
76,0.737318,0.9100,0.247752,0.9200,0.426398,0.965578
77,0.760905,0.8900,0.208264,0.9600,0.347187,0.871789
78,0.767735,0.9150,0.194900,0.9600,0.320233,0.835688
79,0.913369,0.9050,0.550431,0.9400,1.031032,1.423622
80,0.791430,0.9350,0.185901,0.9600,0.301877,0.811804
81,0.795910,0.9000,0.279915,0.9600,0.489611,1.013513
82,0.765905,0.8950,0.301438,0.9600,0.532636,1.070769
83,0.798806,0.9000,0.207315,0.9600,0.344239,0.890042
84,0.751261,0.8900,0.224588,0.9600,0.378755,0.937005
85,0.826823,0.9050,0.341495,0.9400,0.612426,1.171256
86,0.685713,0.9000,0.359698,0.9600,0.648737,1.191295
87,0.651741,0.9250,0.263966,0.9600,0.457128,0.966292
88,0.735186,0.9400,0.514355,0.9600,0.957513,1.419337
89,0.827605,0.9000,0.282925,0.9200,0.494571,1.032779
90,0.781104,0.9200,0.422129,0.9600,0.772872,1.272825
91,0.792439,0.9300,0.230346,0.9600,0.389122,0.937983
92,0.631443,0.9100,0.246105,0.9400,0.420410,0.973194
93,0.716277,0.9000,0.205813,0.9400,0.339633,0.878355
94,0.761948,0.9200,0.280803,0.9000,0.489337,1.061000
95,0.717559,0.9100,0.349885,0.9400,0.627327,1.163582
96,0.705251,0.9350,0.265947,0.9600,0.459517,1.008263
97,0.673280,0.9350,0.191708,0.9600,0.311036,0.828560
98,0.774881,0.9300,0.266551,0.9600,0.460388,1.042954
99,0.764346,0.9050,0.252348,0.9600,0.432059,0.945415
100,0.713992,0.8900,0.228808,0.9200,0.384539,0.901742
1,17.871663,0.7750,3.932264,0.7800,7.809658,4.440351
2,2.772132,0.8100,1.224434,0.7600,2.393261,2.337372
3,1.654813,0.8950,0.414680,0.8600,0.774045,1.400369
4,1.322657,0.8450,0.402705,0.8600,0.750082,1.269406
5,1.400932,0.8400,0.367856,0.8800,0.680435,1.257387
6,1.250768,0.8900,0.343012,0.9000,0.631016,1.173438
7,1.354234,0.8500,0.250280,0.8400,0.445870,1.033307
8,1.033516,0.8800,0.462033,0.9000,0.869460,1.379274
9,1.268541,0.8650,0.364003,0.9000,0.673449,1.267732
10,1.039475,0.8850,0.258426,0.9400,0.462374,0.996018
11,1.093962,0.8750,0.206508,0.9600,0.358207,0.928424
12,1.084709,0.9000,0.276499,0.9800,0.498212,1.043949
13,0.877566,0.9200,0.346538,0.9600,0.637613,1.217699
14,0.922389,0.8950,0.280445,0.9800,0.505508,1.068319
15,0.997187,0.9050,0.613454,0.9400,1.171072,1.522736
16,0.921987,0.9000,0.196705,0.9400,0.338026,0.850094
17,0.745980,0.9200,0.268166,0.9600,0.480473,1.062683
18,0.769283,0.9000,0.407640,0.9400,0.759231,1.270503
19,0.779452,0.9150,0.232047,0.9400,0.408366,0.941407
20,0.936009,0.8950,0.198515,0.9000,0.340682,0.846133
21,0.755240,0.8950,0.182356,0.9400,0.307895,0.803741
22,1.018727,0.9050,0.499650,0.9600,0.941882,1.428561
23,0.978886,0.9050,0.203531,0.9600,0.349611,0.876902
24,0.718344,0.9150,0.293764,0.9600,0.529647,1.081462
25,0.736509,0.9000,0.247123,0.9400,0.436154,0.967553
26,0.788578,0.9050,0.372277,0.9400,0.686376,1.217856
27,0.908725,0.8900,0.278632,0.9200,0.498828,1.065026
28,0.757806,0.8900,0.195769,0.9400,0.333078,0.857735
29,0.776857,0.9150,0.337991,0.9600,0.617392,1.141532
30,0.766757,0.9100,0.193947,0.9600,0.329133,0.887032
31,0.819506,0.8650,0.261916,0.8600,0.464518,1.052494
32,0.893063,0.8900,0.192684,0.9400,0.325899,0.850220
33,0.899070,0.9200,0.199196,0.9200,0.338455,0.860681
34,0.634778,0.9050,0.167679,0.9200,0.275137,0.773551
35,0.595653,0.9350,0.375188,0.9000,0.689897,1.244588
36,0.806054,0.8950,0.183131,0.9600,0.305551,0.819144
37,0.691206,0.9100,0.360389,0.9200,0.659560,1.205157
38,0.731364,0.9550,0.186252,0.9600,0.311168,0.818981
39,0.626269,0.9250,0.202204,0.9600,0.342649,0.855964
40,0.678520,0.9250,0.333537,0.9400,0.605136,1.170797
41,0.665510,0.9200,0.537293,0.9600,1.012136,1.500568
42,0.756489,0.8950,0.213520,0.9400,0.364367,0.901649
43,0.621217,0.8950,0.241013,0.9800,0.419306,0.963892
44,0.624102,0.9200,0.206956,0.9400,0.350929,0.882882
45,0.686920,0.9150,0.260846,0.9400,0.458463,1.026263
46,0.781262,0.9200,0.269222,0.9600,0.475241,1.031432
47,0.790067,0.9100,0.418270,0.9400,0.772954,1.340103
48,0.691971,0.9050,0.193019,0.9000,0.322394,0.850487
49,0.657710,0.9300,0.263702,0.9400,0.463291,1.018316
50,0.726042,0.9000,0.247535,0.9800,0.430932,0.973015
51,0.727403,0.9000,0.265376,0.9600,0.466376,0.994975
52,0.644872,0.9250,0.321070,0.9000,0.577457,1.119849
53,0.803916,0.8850,0.481514,0.9400,0.898129,1.371710
54,0.750970,0.9100,0.290029,0.9200,0.515015,1.089023
55,0.701172,0.9200,0.299963,0.9200,0.534453,1.107245
56,0.691595,0.9400,0.245034,0.9600,0.424513,0.957482
57,0.638613,0.8950,0.323808,0.9600,0.581915,1.131071
58,0.708976,0.9050,0.294605,0.9400,0.523345,1.062287
59,0.669588,0.9250,0.298674,0.9600,0.531148,1.091463
60,0.704868,0.9250,0.250440,0.9800,0.434489,0.955535
61,0.714349,0.9000,0.371494,0.9800,0.676262,1.246224
62,0.788196,0.9150,0.392492,0.9000,0.718377,1.215043
63,0.692058,0.9200,0.244721,0.8400,0.422646,1.011463
64,0.714936,0.8950,0.455131,0.9600,0.843167,1.333767
65,0.806757,0.9150,0.224802,0.9600,0.382555,0.929463
66,0.672909,0.8950,0.370985,0.9200,0.674744,1.222589
67,0.692032,0.9200,0.323495,0.9600,0.579499,1.156551
68,0.746859,0.9050,0.267036,0.9600,0.466266,1.014442
69,0.784160,0.9100,0.280454,0.9200,0.492753,1.098107
70,0.854946,0.9200,0.188810,0.9600,0.309452,0.839710
71,0.700181,0.9000,0.307060,0.9600,0.545746,1.128830
72,0.615285,0.8950,0.376614,0.9600,0.684888,1.181364
73,0.788759,0.9350,0.241224,0.9600,0.413871,0.932640
74,0.715454,0.9200,0.481610,0.9600,0.894410,1.318119
75,0.879460,0.9150,0.234528,0.9800,0.400038,0.940293
76,0.737318,0.9100,0.247752,0.9200,0.426398,0.965578
77,0.760905,0.8900,0.208264,0.9600,0.347187,0.871789
78,0.767735,0.9150,0.194900,0.9600,0.320233,0.835688
79,0.913369,0.9050,0.550431,0.9400,1.031032,1.423622
80,0.791430,0.9350,0.185901,0.9600,0.301877,0.811804
81,0.795910,0.9000,0.279915,0.9600,0.489611,1.013513
82,0.765905,0.8950,0.301438,0.9600,0.532636,1.070769
83,0.798806,0.9000,0.207315,0.9600,0.344239,0.890042
84,0.751261,0.8900,0.224588,0.9600,0.378755,0.937005
85,0.826823,0.9050,0.341495,0.9400,0.612426,1.171256
86,0.685713,0.9000,0.359698,0.9600,0.648737,1.191295
87,0.651741,0.9250,0.263966,0.9600,0.457128,0.966292
88,0.735186,0.9400,0.514355,0.9600,0.957513,1.419337
89,0.827605,0.9000,0.282925,0.9200,0.494571,1.032779
90,0.781104,0.9200,0.422129,0.9600,0.772872,1.272825
91,0.792439,0.9300,0.230346,0.9600,0.389122,0.937983
92,0.631443,0.9100,0.246105,0.9400,0.420410,0.973194
93,0.716277,0.9000,0.205813,0.9400,0.339633,0.878355
94,0.761948,0.9200,0.280803,0.9000,0.489337,1.061000
95,0.717559,0.9100,0.349885,0.9400,0.627327,1.163582
96,0.705251,0.9350,0.265947,0.9600,0.459517,1.008263
97,0.673280,0.9350,0.191708,0.9600,0.311036,0.828560
98,0.774881,0.9300,0.266551,0.9600,0.460388,1.042954
99,0.764346,0.9050,0.252348,0.9600,0.432059,0.945415
100,0.713992,0.8900,0.228808,0.9200,0.384539,0.901742
1,17.871663,0.7750,3.932264,0.7800,7.809658,4.440351
2,2.772132,0.8100,1.224434,0.7600,2.393261,2.337372
3,1.654813,0.8950,0.414680,0.8600,0.774045,1.400369
4,1.322657,0.8450,0.402705,0.8600,0.750082,1.269406
5,1.400932,0.8400,0.367856,0.8800,0.680435,1.257387
6,1.250768,0.8900,0.343012,0.9000,0.631016,1.173438
7,1.354234,0.8500,0.250280,0.8400,0.445870,1.033307
8,1.033516,0.8800,0.462033,0.9000,0.869460,1.379274
9,1.268541,0.8650,0.364003,0.9000,0.673449,1.267732
10,1.039475,0.8850,0.258426,0.9400,0.462374,0.996018
11,1.093962,0.8750,0.206508,0.9600,0.358207,0.928424
12,1.084709,0.9000,0.276499,0.9800,0.498212,1.043949
13,0.877566,0.9200,0.346538,0.9600,0.637613,1.217699
14,0.922389,0.8950,0.280445,0.9800,0.505508,1.068319
15,0.997187,0.9050,0.613454,0.9400,1.171072,1.522736
16,0.921987,0.9000,0.196705,0.9400,0.338026,0.850094
17,0.745980,0.9200,0.268166,0.9600,0.480473,1.062683
18,0.769283,0.9000,0.407640,0.9400,0.759231,1.270503
19,0.779452,0.9150,0.232047,0.9400,0.408366,0.941407
20,0.936009,0.8950,0.198515,0.9000,0.340682,0.846133
21,0.755240,0.8950,0.182356,0.9400,0.307895,0.803741
22,1.018727,0.9050,0.499650,0.9600,0.941882,1.428561
23,0.978886,0.9050,0.203531,0.9600,0.349611,0.876902
24,0.718344,0.9150,0.293764,0.9600,0.529647,1.081462
25,0.736509,0.9000,0.247123,0.9400,0.436154,0.967553
26,0.788578,0.9050,0.372277,0.9400,0.686376,1.217856
27,0.908725,0.8900,0.278632,0.9200,0.498828,1.065026
28,0.757806,0.8900,0.195769,0.9400,0.333078,0.857735
29,0.776857,0.9150,0.337991,0.9600,0.617392,1.141532
30,0.766757,0.9100,0.193947,0.9600,0.329133,0.887032
31,0.819506,0.8650,0.261916,0.8600,0.464518,1.052494
32,0.893063,0.8900,0.192684,0.9400,0.325899,0.850220
33,0.899070,0.9200,0.199196,0.9200,0.338455,0.860681
34,0.634778,0.9050,0.167679,0.9200,0.275137,0.773551
35,0.595653,0.9350,0.375188,0.9000,0.689897,1.244588
36,0.806054,0.8950,0.183131,0.9600,0.305551,0.819144
37,0.691206,0.9100,0.360389,0.9200,0.659560,1.205157
38,0.731364,0.9550,0.186252,0.9600,0.311168,0.818981
39,0.626269,0.9250,0.202204,0.9600,0.342649,0.855964
40,0.678520,0.9250,0.333537,0.9400,0.605136,1.170797
41,0.665510,0.9200,0.537293,0.9600,1.012136,1.500568
42,0.756489,0.8950,0.213520,0.9400,0.364367,0.901649
43,0.621217,0.8950,0.241013,0.9800,0.419306,0.963892
44,0.624102,0.9200,0.206956,0.9400,0.350929,0.882882
45,0.686920,0.9150,0.260846,0.9400,0.458463,1.026263
46,0.781262,0.9200,0.269222,0.9600,0.475241,1.031432
47,0.790067,0.9100,0.418270,0.9400,0.772954,1.340103
48,0.691971,0.9050,0.193019,0.9000,0.322394,0.850487
49,0.657710,0.9300,0.263702,0.9400,0.463291,1.018316
50,0.726042,0.9000,0.247535,0.9800,0.430932,0.973015
51,0.727403,0.9000,0.265376,0.9600,0.466376,0.994975
52,0.644872,0.9250,0.321070,0.9000,0.577457,1.119849
53,0.803916,0.8850,0.481514,0.9400,0.898129,1.371710
54,0.750970,0.9100,0.290029,0.9200,0.515015,1.089023
55,0.701172,0.9200,0.299963,0.9200,0.534453,1.107245
56,0.691595,0.9400,0.245034,0.9600,0.424513,0.957482
57,0.638613,0.8950,0.323808,0.9600,0.581915,1.131071
58,0.708976,0.9050,0.294605,0.9400,0.523345,1.062287
59,0.669588,0.9250,0.298674,0.9600,0.531148,1.091463
60,0.704868,0.9250,0.250440,0.9800,0.434489,0.955535
61,0.714349,0.9000,0.371494,0.9800,0.676262,1.246224
62,0.788196,0.9150,0.392492,0.9000,0.718377,1.215043
63,0.692058,0.9200,0.244721,0.8400,0.422646,1.011463
64,0.714936,0.8950,0.455131,0.9600,0.843167,1.333767
65,0.806757,0.9150,0.224802,0.9600,0.382555,0.929463
66,0.672909,0.8950,0.370985,0.9200,0.674744,1.222589
67,0.692032,0.9200,0.323495,0.9600,0.579499,1.156551
68,0.746859,0.9050,0.267036,0.9600,0.466266,1.014442
69,0.784160,0.9100,0.280454,0.9200,0.492753,1.098107
70,0.854946,0.9200,0.188810,0.9600,0.309452,0.839710
71,0.700181,0.9000,0.307060,0.9600,0.545746,1.128830
72,0.615285,0.8950,0.376614,0.9600,0.684888,1.181364
73,0.788759,0.9350,0.241224,0.9600,0.413871,0.932640
74,0.715454,0.9200,0.481610,0.9600,0.894410,1.318119
75,0.879460,0.9150,0.234528,0.9800,0.400038,0.940293
76,0.737318,0.9100,0.247752,0.9200,0.426398,0.965578
77,0.760905,0.8900,0.208264,0.9600,0.347187,0.871789
78,0.767735,0.9150,0.194900,0.9600,0.320233,0.835688
79,0.913369,0.9050,0.550431,0.9400,1.031032,1.423622
80,0.791430,0.9350,0.185901,0.9600,0.301877,0.811804
81,0.795910,0.9000,0.279915,0.9600,0.489611,1.013513
82,0.765905,0.8950,0.301438,0.9600,0.532636,1.070769
83,0.798806,0.9000,0.207315,0.9600,0.344239,0.890042
84,0.751261,0.8900,0.224588,0.9600,0.378755,0.937005
85,0.826823,0.9050,0.341495,0.9400,0.612426,1.171256
86,0.685713,0.9000,0.359698,0.9600,0.648737,1.191295
87,0.651741,0.9250,0.263966,0.9600,0.457128,0.966292
88,0.735186,0.9400,0.514355,0.9600,0.957513,1.419337
89,0.827605,0.9000,0.282925,0.9200,0.494571,1.032779
90,0.781104,0.9200,0.422129,0.9600,0.772872,1.272825
91,0.792439,0.9300,0.230346,0.9600,0.389122,0.937983
92,0.631443,0.9100,0.246105,0.9400,0.420410,0.973194
93,0.716277,0.9000,0.205813,0.9400,0.339633,0.878355
94,0.761948,0.9200,0.280803,0.9000,0.489337,1.061000
95,0.717559,0.9100,0.349885,0.9400,0.627327,1.163582
96,0.705251,0.9350,0.265947,0.9600,0.459517,1.008263
97,0.673280,0.9350,0.191708,0.9600,0.311036,0.828560
98,0.774881,0.9300,0.266551,0.9600,0.460388,1.042954
99,0.764346,0.9050,0.252348,0.9600,0.432059,0.945415
100,0.713992,0.8900,0.228808,0.9200,0.384539,0.901742
1,28.611720,0.7400,25.002626,0.7200,50.000338,10.024354
2,24.772716,0.8050,20.946195,0.8000,41.887472,9.259438
3,20.544911,0.8400,16.910231,0.8400,33.815532,8.420980
4,16.336547,0.8700,13.036445,0.8600,26.067941,7.518280
5,12.302194,0.8650,9.358256,0.8600,18.711535,6.512676
6,8.549130,0.8650,5.980699,0.8600,11.956387,5.361688
7,5.237216,0.8650,3.279799,0.8600,6.554543,4.095820
8,2.739724,0.8650,1.548191,0.8800,3.091279,2.818682
9,1.402701,0.8650,0.984871,0.8400,1.964583,2.268966
10,1.066590,0.8550,0.736245,0.8600,1.467302,1.951383
11,0.778805,0.8900,0.530501,0.9400,1.055790,1.605645
12,0.595163,0.8650,0.423969,0.9200,0.842688,1.367994
13,0.493273,0.9250,0.362553,0.9400,0.719833,1.277476
14,0.433546,0.9300,0.315115,0.9800,0.624940,1.194708
15,0.393916,0.9400,0.294995,0.9600,0.584687,1.166656
16,0.363944,0.9400,0.272058,0.9600,0.538804,1.117385
17,0.331536,0.9250,0.263087,0.9600,0.520852,1.110798
18,0.310152,0.9300,0.235358,0.9400,0.465382,1.037577
19,0.290640,0.9200,0.238548,0.9600,0.471750,1.056954
20,0.277148,0.9350,0.218741,0.9600,0.432124,1.011315
21,0.260721,0.9300,0.213195,0.9600,0.421022,0.995695
22,0.246438,0.9350,0.204524,0.9600,0.403667,0.971332
23,0.234093,0.9350,0.192835,0.9600,0.380279,0.935300
24,0.226594,0.9300,0.193915,0.9400,0.382431,0.938245
25,0.221272,0.9350,0.177900,0.9400,0.350393,0.889882
26,0.213716,0.9300,0.180711,0.9400,0.356010,0.892187
27,0.208693,0.9500,0.177687,0.9400,0.349955,0.885944
28,0.200698,0.9450,0.175973,0.9400,0.346517,0.883806
29,0.197142,0.9350,0.166276,0.9600,0.327115,0.853186
30,0.191926,0.9500,0.178943,0.9400,0.352441,0.879380
31,0.191664,0.9350,0.161931,0.9400,0.318412,0.830743
32,0.184936,0.9400,0.177654,0.9400,0.349855,0.863576
33,0.185703,0.9450,0.152694,0.9600,0.299929,0.809175
34,0.179181,0.9500,0.161086,0.9400,0.316707,0.833745
35,0.174186,0.9400,0.155413,0.9400,0.305355,0.823847
36,0.174269,0.9450,0.174098,0.9600,0.342720,0.869783
37,0.170754,0.9450,0.152807,0.9400,0.300133,0.811472
38,0.168562,0.9550,0.152393,0.9200,0.299302,0.810616
39,0.165049,0.9300,0.163979,0.9600,0.322467,0.838122
40,0.166520,0.9450,0.152795,0.9200,0.300096,0.817466
41,0.163866,0.9350,0.154430,0.9600,0.303360,0.817050
42,0.157656,0.9450,0.159052,0.9200,0.312600,0.837544
43,0.162083,0.9450,0.153070,0.9600,0.300632,0.816873
44,0.155532,0.9300,0.150265,0.9600,0.295021,0.803213
45,0.157197,0.9450,0.150325,0.9200,0.295136,0.803244
46,0.152948,0.9450,0.147812,0.9600,0.290106,0.796016
47,0.149291,0.9450,0.158237,0.9600,0.310952,0.825711
48,0.149111,0.9350,0.151957,0.9600,0.298390,0.807422
49,0.150817,0.9300,0.152783,0.9600,0.300041,0.812143
50,0.148153,0.9400,0.147404,0.9600,0.289277,0.795346
51,0.148492,0.9350,0.162996,0.9400,0.320458,0.838146
52,0.151145,0.9500,0.141211,0.9400,0.276887,0.781383
53,0.149720,0.9350,0.153084,0.9600,0.300631,0.808309
54,0.156740,0.9400,0.141346,0.9200,0.277153,0.777927
55,0.144812,0.9400,0.142709,0.9600,0.279872,0.784023
56,0.142844,0.9350,0.153108,0.9600,0.300670,0.810552
57,0.144135,0.9550,0.141655,0.9200,0.277759,0.777661
58,0.142867,0.9500,0.150935,0.9400,0.296318,0.804347
59,0.140348,0.9450,0.143007,0.9600,0.280455,0.780591
60,0.146660,0.9350,0.146097,0.9600,0.286633,0.787923
61,0.140324,0.9400,0.141566,0.9600,0.277569,0.778443
62,0.140014,0.9350,0.139198,0.9400,0.272830,0.770982
63,0.138660,0.9450,0.140300,0.9400,0.275031,0.771801
64,0.138317,0.9350,0.141831,0.9600,0.278091,0.775502
65,0.137086,0.9550,0.144882,0.9400,0.284190,0.787130
66,0.136431,0.9350,0.142362,0.9600,0.279146,0.777322
67,0.138734,0.9500,0.136910,0.9400,0.268242,0.762770
68,0.138424,0.9450,0.147948,0.9600,0.290316,0.790013
69,0.135026,0.9350,0.140850,0.9400,0.276116,0.775237
70,0.135813,0.9400,0.143900,0.9600,0.282215,0.780746
71,0.135212,0.9450,0.138047,0.9400,0.270507,0.763436
72,0.133544,0.9450,0.146401,0.9600,0.287214,0.783243
73,0.133818,0.9300,0.139957,0.9400,0.274323,0.769288
74,0.131462,0.9350,0.137741,0.9400,0.269890,0.757660
75,0.131636,0.9350,0.144610,0.9400,0.283623,0.786075
76,0.134696,0.9350,0.141614,0.9600,0.277629,0.770705
77,0.131203,0.9350,0.134946,0.9400,0.264291,0.754208
78,0.130661,0.9400,0.140967,0.9400,0.276330,0.771076
79,0.131618,0.9300,0.139152,0.9400,0.272697,0.767397
80,0.129864,0.9450,0.141920,0.9400,0.278232,0.776196
81,0.130737,0.9450,0.140606,0.9400,0.275603,0.766350
82,0.130445,0.9350,0.138829,0.9400,0.272048,0.763992
83,0.130365,0.9550,0.135562,0.9400,0.265515,0.753674
84,0.129964,0.9400,0.137065,0.9600,0.268517,0.750719
85,0.129739,0.9400,0.138515,0.9400,0.271413,0.764947
86,0.128214,0.9400,0.134607,0.9400,0.263597,0.751538
87,0.127590,0.9400,0.139007,0.9400,0.272393,0.767504
88,0.129452,0.9400,0.138592,0.9400,0.271561,0.767787
89,0.129123,0.9450,0.135555,0.9400,0.265485,0.757208
90,0.128729,0.9450,0.136552,0.9400,0.267479,0.758712
91,0.129965,0.9500,0.144765,0.9400,0.283902,0.777669
92,0.129824,0.9500,0.133684,0.9400,0.261739,0.747673
93,0.128271,0.9500,0.138219,0.9400,0.270807,0.760608
94,0.127682,0.9400,0.129972,0.9400,0.254310,0.737135
95,0.127286,0.9500,0.149261,0.9400,0.292886,0.791379
96,0.129140,0.9450,0.133326,0.9400,0.261015,0.749078
97,0.127823,0.9450,0.136558,0.9400,0.267479,0.753911
98,0.128065,0.9500,0.136856,0.9400,0.268074,0.750999
99,0.126951,0.9450,0.140755,0.9400,0.275871,0.764731
100,0.126215,0.9550,0.138906,0.9400,0.272170,0.761380
101,0.130103,0.9400,0.142355,0.9400,0.279067,0.771257
102,0.125551,0.9450,0.138383,0.9400,0.271122,0.760830
103,0.125366,0.9450,0.134157,0.9400,0.262668,0.756366
104,0.127680,0.9350,0.143581,0.9400,0.281518,0.773001
105,0.129418,0.9400,0.133216,0.9400,0.260785,0.751699
106,0.126046,0.9450,0.144511,0.9400,0.283371,0.778609
107,0.124993,0.9550,0.142134,0.9400,0.278618,0.771639
108,0.125740,0.9600,0.139838,0.9400,0.274024,0.764900
109,0.125404,0.9600,0.134123,0.9400,0.262592,0.748620
110,0.124451,0.9450,0.141127,0.9400,0.276598,0.770230
111,0.124699,0.9400,0.134137,0.9400,0.262618,0.749073
112,0.123703,0.9400,0.135649,0.9400,0.265640,0.751438
113,0.123874,0.9400,0.135607,0.9400,0.265555,0.751877
114,0.124501,0.9350,0.134488,0.9400,0.263316,0.748333
115,0.122535,0.9450,0.139612,0.9400,0.273563,0.762579
116,0.123468,0.9400,0.138073,0.9400,0.270481,0.763609
117,0.123176,0.9450,0.133754,0.9400,0.261842,0.747950
118,0.123036,0.9550,0.138491,0.9400,0.271314,0.763453
119,0.122862,0.9350,0.136843,0.9400,0.268017,0.758088
120,0.122985,0.9450,0.141839,0.9400,0.278007,0.769014
121,0.122309,0.9450,0.138189,0.9400,0.270709,0.758637
122,0.125120,0.9350,0.133542,0.9400,0.261412,0.746668
123,0.124550,0.9400,0.137799,0.9400,0.269926,0.756175
124,0.122079,0.9450,0.138181,0.9400,0.270686,0.761829
125,0.121479,0.9450,0.150760,0.9400,0.295845,0.790906
126,0.125135,0.9450,0.139988,0.9400,0.274299,0.768734
127,0.120968,0.9400,0.137942,0.9400,0.270207,0.758632
128,0.121981,0.9350,0.139174,0.9400,0.272672,0.755954
129,0.122650,0.9500,0.134439,0.9400,0.263200,0.748891
130,0.122024,0.9450,0.132994,0.9400,0.260306,0.746447
131,0.122189,0.9550,0.143083,0.9400,0.280482,0.770056
132,0.122073,0.9450,0.134614,0.9400,0.263543,0.745648
133,0.121395,0.9450,0.139947,0.9400,0.274207,0.764963
134,0.119827,0.9350,0.135243,0.9400,0.264800,0.748291
135,0.120102,0.9500,0.137381,0.9400,0.269073,0.759181
136,0.120356,0.9500,0.139566,0.9400,0.273443,0.766232
137,0.120866,0.9450,0.136421,0.9400,0.267151,0.758989
138,0.122963,0.9350,0.137320,0.9400,0.268951,0.755385
139,0.123004,0.9400,0.135700,0.9400,0.265709,0.753444
140,0.122039,0.9400,0.136827,0.9400,0.267961,0.756756
141,0.123395,0.9550,0.138606,0.9400,0.271517,0.762264
142,0.120450,0.9450,0.135343,0.9400,0.264991,0.753884
143,0.120916,0.9400,0.142589,0.9400,0.279479,0.782036
1,20.791156,0.7550,9.472460,0.7200,18.942894,6.682606
2,4.724143,0.7350,2.334061,0.7800,4.666089,3.173882
3,2.331499,0.8400,1.952458,0.8000,3.902884,2.966833
4,1.990494,0.8650,1.650406,0.8000,3.298779,2.752331
5,1.656833,0.8700,1.305494,0.8600,2.608951,2.451433
6,1.318958,0.8550,0.987947,0.8400,1.973854,2.163550
7,1.016246,0.8950,0.686983,0.8400,1.371922,1.851294
8,0.739007,0.8750,0.494716,0.8600,0.987386,1.554745
9,0.560511,0.8800,0.383368,0.9000,0.764687,1.335434
10,0.457699,0.8900,0.351140,0.9000,0.700229,1.258292
11,0.420080,0.8850,0.321034,0.8800,0.640014,1.201896
12,0.380548,0.9000,0.302946,0.9000,0.603838,1.182031
13,0.356251,0.8950,0.289604,0.9200,0.577153,1.156799
14,0.337004,0.8950,0.290319,0.8800,0.578582,1.154892
15,0.326477,0.9050,0.299269,0.8800,0.596481,1.152932
16,0.320635,0.9100,0.271128,0.9200,0.540198,1.107487
17,0.294600,0.9000,0.259602,0.9000,0.517145,1.085450
18,0.295487,0.9100,0.239366,0.9000,0.476672,1.047051
19,0.279099,0.9200,0.231658,0.9200,0.461254,1.030124
20,0.273181,0.9400,0.218107,0.9200,0.434152,1.001792
21,0.250661,0.9550,0.238091,0.9800,0.474119,1.037305
22,0.247284,0.9350,0.261707,0.9600,0.521350,1.070613
23,0.245164,0.9350,0.202626,0.9400,0.403188,0.972107
24,0.233133,0.9300,0.214732,0.9600,0.427399,0.993016
25,0.216627,0.9250,0.201029,0.9200,0.399992,0.964202
26,0.216572,0.9300,0.210403,0.9200,0.418739,0.979801
27,0.214099,0.9300,0.172121,0.9200,0.342175,0.901766
28,0.206863,0.9450,0.177862,0.9600,0.353657,0.908362
29,0.199718,0.9150,0.173993,0.9200,0.345917,0.899838
30,0.197093,0.9500,0.165153,0.9200,0.328238,0.877262
31,0.204314,0.9200,0.192515,0.9200,0.382960,0.931974
32,0.195298,0.9400,0.182090,0.9600,0.362110,0.919279
33,0.185435,0.9300,0.253653,0.9000,0.505236,1.052739
34,0.185583,0.9400,0.163764,0.9200,0.325457,0.865291
35,0.197846,0.9350,0.177550,0.9200,0.353030,0.902588
36,0.188430,0.9400,0.154809,0.9400,0.307546,0.843383
37,0.182723,0.9300,0.177470,0.9600,0.352868,0.906050
38,0.179982,0.9500,0.144742,0.9800,0.287411,0.818600
39,0.173723,0.9350,0.179258,0.9600,0.356443,0.898389
40,0.178464,0.9350,0.214287,0.9400,0.426501,0.968744
41,0.182168,0.9250,0.148815,0.9600,0.295558,0.828587
42,0.178295,0.9350,0.170556,0.9400,0.339039,0.881567
43,0.164355,0.9450,0.134127,0.9600,0.266181,0.790689
44,0.175295,0.9350,0.151781,0.9600,0.301488,0.832795
45,0.172232,0.9400,0.155711,0.9400,0.309348,0.836606
46,0.172514,0.9150,0.140661,0.9800,0.279247,0.812144
47,0.166880,0.9400,0.148861,0.9400,0.295647,0.817376
48,0.167011,0.9450,0.145495,0.9600,0.288916,0.813937
49,0.170723,0.9350,0.158196,0.9600,0.314318,0.848934
50,0.167194,0.9450,0.161588,0.9400,0.321101,0.853083
51,0.164653,0.9400,0.158741,0.9400,0.315406,0.844410
52,0.162258,0.9300,0.158418,0.9400,0.314760,0.861585
53,0.162855,0.9550,0.165324,0.9800,0.328572,0.855018
54,0.153790,0.9400,0.142033,0.9800,0.281990,0.798455
55,0.163548,0.9500,0.137712,0.9800,0.273347,0.790947
56,0.159350,0.9400,0.148249,0.9400,0.294422,0.820263
57,0.164961,0.9400,0.148462,0.9400,0.294846,0.814940
58,0.158917,0.9450,0.137193,0.9600,0.272308,0.790479
59,0.156762,0.9400,0.141439,0.9600,0.280801,0.793479
60,0.157870,0.9300,0.151211,0.9400,0.300346,0.812650
61,0.167612,0.9400,0.133168,0.9600,0.264259,0.764847
62,0.158440,0.9350,0.170287,0.9400,0.338496,0.859949
63,0.157060,0.9400,0.130571,0.9600,0.259064,0.754743
64,0.159425,0.9350,0.136254,0.9600,0.270430,0.780171
65,0.159406,0.9400,0.156677,0.9600,0.311275,0.826252
66,0.158005,0.9450,0.150964,0.9400,0.299849,0.805800
67,0.150142,0.9550,0.130661,0.9800,0.259243,0.771833
68,0.155939,0.9400,0.170189,0.9400,0.338299,0.851798
69,0.151129,0.9400,0.139239,0.9600,0.276399,0.789469
70,0.158687,0.9400,0.181832,0.9400,0.361585,0.877205
71,0.153804,0.9400,0.134209,0.9600,0.266338,0.767980
72,0.150704,0.9400,0.142357,0.9600,0.282635,0.787172
73,0.153589,0.9550,0.127851,0.9600,0.253623,0.743069
74,0.163447,0.9450,0.127871,0.9400,0.253662,0.746264
75,0.146968,0.9450,0.153023,0.9400,0.303966,0.817376
76,0.149608,0.9400,0.126717,0.9600,0.251354,0.745881
77,0.147443,0.9450,0.135264,0.9600,0.268448,0.775304
78,0.150909,0.9400,0.128469,0.9600,0.254857,0.749671
79,0.149100,0.9450,0.134575,0.9800,0.267069,0.775509
80,0.147401,0.9350,0.127209,0.9800,0.252337,0.749818
81,0.146616,0.9650,0.149304,0.9400,0.296526,0.793735
82,0.147058,0.9400,0.147600,0.9400,0.293118,0.797054
83,0.154919,0.9500,0.125687,0.9600,0.249292,0.749499
84,0.148690,0.9350,0.152371,0.9600,0.302661,0.807587
85,0.149424,0.9600,0.122777,0.9800,0.243473,0.728959
86,0.148161,0.9400,0.154404,0.9400,0.306727,0.804787
87,0.145549,0.9500,0.123829,0.9400,0.245577,0.732094
88,0.144978,0.9400,0.129907,0.9400,0.257733,0.748823
89,0.157713,0.9350,0.132623,0.9800,0.263164,0.756431
90,0.150898,0.9350,0.148385,0.9400,0.294688,0.792728
91,0.143354,0.9450,0.152529,0.9600,0.302976,0.797052
92,0.143334,0.9350,0.166470,0.9400,0.330858,0.838869
93,0.140294,0.9500,0.209999,0.9600,0.417915,0.931753
94,0.141871,0.9400,0.140273,0.9600,0.278464,0.782828
95,0.145580,0.9350,0.146768,0.9600,0.291454,0.783575
96,0.151909,0.9500,0.161428,0.9400,0.320773,0.837574
97,0.147219,0.9450,0.144971,0.9600,0.287859,0.782857
98,0.148398,0.9400,0.141858,0.9400,0.281633,0.780831
99,0.140908,0.9400,0.146526,0.9400,0.290969,0.782414
100,0.141787,0.9400,0.157579,0.9400,0.313075,0.827244
101,0.152882,0.9400,0.128480,0.9400,0.254875,0.746215
102,0.142418,0.9400,0.148791,0.9400,0.295497,0.789681
103,0.140067,0.9450,0.122674,0.9600,0.243265,0.732587
104,0.148760,0.9450,0.141283,0.9400,0.280483,0.767989
105,0.146151,0.9450,0.131574,0.9600,0.261065,0.759546
106,0.148300,0.9350,0.133499,0.9400,0.264915,0.760340
107,0.144855,0.9500,0.150624,0.9400,0.299164,0.792247
108,0.140288,0.9450,0.128548,0.9400,0.255013,0.745422
109,0.136629,0.9300,0.162886,0.9600,0.323688,0.816247
110,0.140929,0.9450,0.144790,0.9600,0.287496,0.788400
111,0.139760,0.9400,0.138564,0.9400,0.275044,0.761226
112,0.150589,0.9450,0.134889,0.9600,0.267693,0.761952
113,0.143223,0.9350,0.126082,0.9400,0.250079,0.721953
114,0.140196,0.9450,0.125311,0.9400,0.248538,0.723512
115,0.138328,0.9500,0.136408,0.9600,0.270731,0.759784
116,0.138327,0.9450,0.131177,0.9600,0.260269,0.749576
117,0.141074,0.9350,0.130230,0.9400,0.258375,0.754520
118,0.140472,0.9400,0.144472,0.9400,0.286860,0.789699
119,0.145144,0.9450,0.134095,0.9400,0.266105,0.749050
120,0.132684,0.9350,0.138630,0.9400,0.275174,0.778649
121,0.139653,0.9400,0.128166,0.9600,0.254247,0.748691
122,0.142516,0.9500,0.131293,0.9400,0.260500,0.743236
123,0.145154,0.9250,0.154340,0.9400,0.306595,0.818446
124,0.142148,0.9400,0.122265,0.9800,0.242444,0.715451
125,0.143089,0.9500,0.182368,0.9400,0.362649,0.874493
126,0.142298,0.9300,0.136811,0.9400,0.271535,0.763140
127,0.141697,0.9350,0.132641,0.9400,0.263195,0.741398
128,0.138355,0.9450,0.148974,0.9600,0.295862,0.776813
129,0.145175,0.9400,0.121081,0.9600,0.240075,0.715547
130,0.143661,0.9450,0.119618,0.9800,0.237150,0.711557
131,0.138752,0.9300,0.149725,0.9600,0.297364,0.780640
132,0.138428,0.9450,0.129372,0.9400,0.256657,0.729680
133,0.131977,0.9450,0.121811,0.9800,0.241536,0.705878
134,0.144726,0.9500,0.122992,0.9800,0.243898,0.725931
135,0.140337,0.9400,0.148526,0.9600,0.294965,0.793193
136,0.132341,0.9450,0.143668,0.9400,0.285249,0.774092
137,0.137545,0.9400,0.123993,0.9400,0.245899,0.716069
138,0.137644,0.9500,0.165672,0.9600,0.329257,0.823310
139,0.140304,0.9300,0.138377,0.9600,0.274668,0.749959
140,0.130910,0.9500,0.140999,0.9600,0.279911,0.773488
141,0.138847,0.9350,0.140533,0.9400,0.278979,0.777068
142,0.136959,0.9300,0.146584,0.9400,0.291081,0.784678
143,0.142431,0.9450,0.149012,0.9600,0.295936,0.801692
144,0.136841,0.9450,0.119179,0.9600,0.236271,0.705053
145,0.151452,0.9300,0.139527,0.9400,0.276967,0.754096
146,0.140085,0.9400,0.134461,0.9600,0.266835,0.756323
147,0.136810,0.9350,0.131740,0.9400,0.261392,0.738225
148,0.135328,0.9400,0.157315,0.9600,0.312543,0.798486
149,0.132604,0.9250,0.148116,0.9400,0.294144,0.791329
150,0.141266,0.9450,0.145751,0.9600,0.289414,0.770041
151,0.139530,0.9400,0.164978,0.9600,0.327868,0.821377
152,0.142460,0.9450,0.137300,0.9400,0.272512,0.744835
153,0.141765,0.9400,0.126679,0.9400,0.251270,0.741262
154,0.137714,0.9400,0.132306,0.9600,0.262524,0.753704
155,0.133601,0.9450,0.142785,0.9600,0.283481,0.789819
156,0.141587,0.9250,0.128036,0.9600,0.253984,0.739883
157,0.129096,0.9450,0.129558,0.9600,0.257029,0.745420
158,0.138127,0.9550,0.140859,0.9400,0.279629,0.773107
159,0.139684,0.9550,0.123677,0.9400,0.245266,0.722587
160,0.137526,0.9450,0.145204,0.9600,0.288320,0.769708
161,0.137899,0.9500,0.141082,0.9600,0.280075,0.759560
162,0.132788,0.9500,0.187840,0.9400,0.373591,0.860845
163,0.142095,0.9400,0.133498,0.9400,0.264908,0.744236
164,0.134989,0.9400,0.129914,0.9600,0.257738,0.749169
165,0.139617,0.9500,0.125364,0.9600,0.248638,0.737817
166,0.128328,0.9250,0.136752,0.9400,0.271416,0.749934
167,0.137179,0.9450,0.180334,0.9400,0.358579,0.850048
168,0.136811,0.9200,0.126288,0.9400,0.250487,0.731434
169,0.134008,0.9550,0.164726,0.9600,0.327363,0.814215
170,0.138349,0.9300,0.156573,0.9400,0.311058,0.822741
171,0.135360,0.9600,0.176698,0.9400,0.351308,0.838455
172,0.140465,0.9500,0.141070,0.9600,0.280052,0.760241
173,0.144205,0.9400,0.126292,0.9800,0.250495,0.736639
174,0.138682,0.9350,0.137911,0.9600,0.273733,0.751102
175,0.133544,0.9350,0.138953,0.9400,0.275817,0.765141
176,0.141439,0.9300,0.140420,0.9400,0.278751,0.759295
177,0.134284,0.9400,0.201168,0.9600,0.400247,0.909665
178,0.136007,0.9300,0.128316,0.9600,0.254543,0.732185
179,0.135934,0.9450,0.125570,0.9400,0.249051,0.729757
180,0.140033,0.9300,0.135390,0.9600,0.268690,0.743167
181,0.131030,0.9300,0.150783,0.9600,0.299476,0.808538
182,0.140972,0.9400,0.119843,0.9800,0.237596,0.701428
183,0.137156,0.9450,0.147315,0.9400,0.292541,0.779190
184,0.134677,0.9400,0.137828,0.9400,0.273565,0.758587
185,0.132791,0.9500,0.187181,0.9600,0.372273,0.868539
186,0.136529,0.9200,0.149922,0.9600,0.297753,0.809592
187,0.143627,0.9450,0.121458,0.9800,0.240825,0.717796
188,0.134309,0.9350,0.116107,0.9800,0.230123,0.689197
189,0.139272,0.9500,0.123973,0.9800,0.245856,0.726634
190,0.132704,0.9400,0.121273,0.9200,0.240457,0.713561
191,0.133412,0.9450,0.124983,0.9800,0.247876,0.735018
192,0.135080,0.9300,0.125083,0.9400,0.248075,0.723127
193,0.129772,0.9350,0.148371,0.9600,0.294653,0.774749
194,0.135648,0.9450,0.171453,0.9400,0.340815,0.859798
195,0.133009,0.9450,0.122805,0.9800,0.243518,0.716051
196,0.136403,0.9300,0.137006,0.9600,0.271921,0.750512
197,0.138370,0.9400,0.133854,0.9600,0.265617,0.757415
198,0.129717,0.9500,0.146577,0.9600,0.291063,0.773618
199,0.133293,0.9400,0.129147,0.9600,0.256203,0.737599
200,0.137082,0.9600,0.124936,0.9800,0.247781,0.732623
1,20.791156,0.7550,9.472460,0.7200,18.942894,6.682606
2,4.724143,0.7350,2.334061,0.7800,4.666089,3.173882
3,2.331499,0.8400,1.952458,0.8000,3.902884,2.966833
4,1.990494,0.8650,1.650406,0.8000,3.298779,2.752331
5,1.656833,0.8700,1.305494,0.8600,2.608951,2.451433
6,1.318958,0.8550,0.987947,0.8400,1.973854,2.163550
7,1.016246,0.8950,0.686983,0.8400,1.371922,1.851294
8,0.739007,0.8750,0.494716,0.8600,0.987386,1.554745
9,0.560511,0.8800,0.383368,0.9000,0.764687,1.335434
10,0.457699,0.8900,0.351140,0.9000,0.700229,1.258292
11,0.420080,0.8850,0.321034,0.8800,0.640014,1.201896
12,0.380548,0.9000,0.302946,0.9000,0.603838,1.182031
13,0.356251,0.8950,0.289604,0.9200,0.577153,1.156799
14,0.337004,0.8950,0.290319,0.8800,0.578582,1.154892
15,0.326477,0.9050,0.299269,0.8800,0.596481,1.152932
16,0.320635,0.9100,0.271128,0.9200,0.540198,1.107487
17,0.294600,0.9000,0.259602,0.9000,0.517145,1.085450
18,0.295487,0.9100,0.239366,0.9000,0.476672,1.047051
19,0.279099,0.9200,0.231658,0.9200,0.461254,1.030124
20,0.273181,0.9400,0.218107,0.9200,0.434152,1.001792
21,0.250661,0.9550,0.238091,0.9800,0.474119,1.037305
22,0.247284,0.9350,0.261707,0.9600,0.521350,1.070613
23,0.245164,0.9350,0.202626,0.9400,0.403188,0.972107
24,0.233133,0.9300,0.214732,0.9600,0.427399,0.993016
25,0.216627,0.9250,0.201029,0.9200,0.399992,0.964202
26,0.216572,0.9300,0.210403,0.9200,0.418739,0.979801
27,0.214099,0.9300,0.172121,0.9200,0.342175,0.901766
28,0.206863,0.9450,0.177862,0.9600,0.353657,0.908362
29,0.199718,0.9150,0.173993,0.9200,0.345917,0.899838
30,0.197093,0.9500,0.165153,0.9200,0.328238,0.877262
31,0.204314,0.9200,0.192515,0.9200,0.382960,0.931974
32,0.195298,0.9400,0.182090,0.9600,0.362110,0.919279
33,0.185435,0.9300,0.253653,0.9000,0.505236,1.052739
34,0.185583,0.9400,0.163764,0.9200,0.325457,0.865291
35,0.197846,0.9350,0.177550,0.9200,0.353030,0.902588
36,0.188430,0.9400,0.154809,0.9400,0.307546,0.843383
37,0.182723,0.9300,0.177470,0.9600,0.352868,0.906050
38,0.179982,0.9500,0.144742,0.9800,0.287411,0.818600
39,0.173723,0.9350,0.179258,0.9600,0.356443,0.898389
40,0.178464,0.9350,0.214287,0.9400,0.426501,0.968744
41,0.182168,0.9250,0.148815,0.9600,0.295558,0.828587
42,0.178295,0.9350,0.170556,0.9400,0.339039,0.881567
43,0.164355,0.9450,0.134127,0.9600,0.266181,0.790689
44,0.175295,0.9350,0.151781,0.9600,0.301488,0.832795
45,0.172232,0.9400,0.155711,0.9400,0.309348,0.836606
46,0.172514,0.9150,0.140661,0.9800,0.279247,0.812144
47,0.166880,0.9400,0.148861,0.9400,0.295647,0.817376
48,0.167011,0.9450,0.145495,0.9600,0.288916,0.813937
49,0.170723,0.9350,0.158196,0.9600,0.314318,0.848934
50,0.167194,0.9450,0.161588,0.9400,0.321101,0.853083
51,0.164653,0.9400,0.158741,0.9400,0.315406,0.844410
52,0.162258,0.9300,0.158418,0.9400,0.314760,0.861585
53,0.162855,0.9550,0.165324,0.9800,0.328572,0.855018
54,0.153790,0.9400,0.142033,0.9800,0.281990,0.798455
55,0.163548,0.9500,0.137712,0.9800,0.273347,0.790947
56,0.159350,0.9400,0.148249,0.9400,0.294422,0.820263
57,0.164961,0.9400,0.148462,0.9400,0.294846,0.814940
58,0.158917,0.9450,0.137193,0.9600,0.272308,0.790479
59,0.156762,0.9400,0.141439,0.9600,0.280801,0.793479
60,0.157870,0.9300,0.151211,0.9400,0.300346,0.812650
61,0.167612,0.9400,0.133168,0.9600,0.264259,0.764847
62,0.158440,0.9350,0.170287,0.9400,0.338496,0.859949
63,0.157060,0.9400,0.130571,0.9600,0.259064,0.754743
64,0.159425,0.9350,0.136254,0.9600,0.270430,0.780171
65,0.159406,0.9400,0.156677,0.9600,0.311275,0.826252
66,0.158005,0.9450,0.150964,0.9400,0.299849,0.805800
67,0.150142,0.9550,0.130661,0.9800,0.259243,0.771833
68,0.155939,0.9400,0.170189,0.9400,0.338299,0.851798
69,0.151129,0.9400,0.139239,0.9600,0.276399,0.789469
70,0.158687,0.9400,0.181832,0.9400,0.361585,0.877205
71,0.153804,0.9400,0.134209,0.9600,0.266338,0.767980
72,0.150704,0.9400,0.142357,0.9600,0.282635,0.787172
73,0.153589,0.9550,0.127851,0.9600,0.253623,0.743069
74,0.163447,0.9450,0.127871,0.9400,0.253662,0.746264
75,0.146968,0.9450,0.153023,0.9400,0.303966,0.817376
76,0.149608,0.9400,0.126717,0.9600,0.251354,0.745881
77,0.147443,0.9450,0.135264,0.9600,0.268448,0.775304
78,0.150909,0.9400,0.128469,0.9600,0.254857,0.749671
79,0.149100,0.9450,0.134575,0.9800,0.267069,0.775509
80,0.147401,0.9350,0.127209,0.9800,0.252337,0.749818
81,0.146616,0.9650,0.149304,0.9400,0.296526,0.793735
82,0.147058,0.9400,0.147600,0.9400,0.293118,0.797054
83,0.154919,0.9500,0.125687,0.9600,0.249292,0.749499
84,0.148690,0.9350,0.152371,0.9600,0.302661,0.807587
85,0.149424,0.9600,0.122777,0.9800,0.243473,0.728959
86,0.148161,0.9400,0.154404,0.9400,0.306727,0.804787
87,0.145549,0.9500,0.123829,0.9400,0.245577,0.732094
88,0.144978,0.9400,0.129907,0.9400,0.257733,0.748823
89,0.157713,0.9350,0.132623,0.9800,0.263164,0.756431
90,0.150898,0.9350,0.148385,0.9400,0.294688,0.792728
91,0.143354,0.9450,0.152529,0.9600,0.302976,0.797052
92,0.143334,0.9350,0.166470,0.9400,0.330858,0.838869
93,0.140294,0.9500,0.209999,0.9600,0.417915,0.931753
94,0.141871,0.9400,0.140273,0.9600,0.278464,0.782828
95,0.145580,0.9350,0.146768,0.9600,0.291454,0.783575
96,0.151909,0.9500,0.161428,0.9400,0.320773,0.837574
97,0.147219,0.9450,0.144971,0.9600,0.287859,0.782857
98,0.148398,0.9400,0.141858,0.9400,0.281633,0.780831
99,0.140908,0.9400,0.146526,0.9400,0.290969,0.782414
100,0.141787,0.9400,0.157579,0.9400,0.313075,0.827244
101,0.152882,0.9400,0.128480,0.9400,0.254875,0.746215
102,0.142418,0.9400,0.148791,0.9400,0.295497,0.789681
103,0.140067,0.9450,0.122674,0.9600,0.243265,0.732587
104,0.148760,0.9450,0.141283,0.9400,0.280483,0.767989
105,0.146151,0.9450,0.131574,0.9600,0.261065,0.759546
106,0.148300,0.9350,0.133499,0.9400,0.264915,0.760340
107,0.144855,0.9500,0.150624,0.9400,0.299164,0.792247
108,0.140288,0.9450,0.128548,0.9400,0.255013,0.745422
109,0.136629,0.9300,0.162886,0.9600,0.323688,0.816247
110,0.140929,0.9450,0.144790,0.9600,0.287496,0.788400
111,0.139760,0.9400,0.138564,0.9400,0.275044,0.761226
112,0.150589,0.9450,0.134889,0.9600,0.267693,0.761952
113,0.143223,0.9350,0.126082,0.9400,0.250079,0.721953
114,0.140196,0.9450,0.125311,0.9400,0.248538,0.723512
115,0.138328,0.9500,0.136408,0.9600,0.270731,0.759784
116,0.138327,0.9450,0.131177,0.9600,0.260269,0.749576
117,0.141074,0.9350,0.130230,0.9400,0.258375,0.754520
118,0.140472,0.9400,0.144472,0.9400,0.286860,0.789699
119,0.145144,0.9450,0.134095,0.9400,0.266105,0.749050
120,0.132684,0.9350,0.138630,0.9400,0.275174,0.778649
121,0.139653,0.9400,0.128166,0.9600,0.254247,0.748691
122,0.142516,0.9500,0.131293,0.9400,0.260500,0.743236
123,0.145154,0.9250,0.154340,0.9400,0.306595,0.818446
124,0.142148,0.9400,0.122265,0.9800,0.242444,0.715451
125,0.143089,0.9500,0.182368,0.9400,0.362649,0.874493
126,0.142298,0.9300,0.136811,0.9400,0.271535,0.763140
127,0.141697,0.9350,0.132641,0.9400,0.263195,0.741398
128,0.138355,0.9450,0.148974,0.9600,0.295862,0.776813
129,0.145175,0.9400,0.121081,0.9600,0.240075,0.715547
130,0.143661,0.9450,0.119618,0.9800,0.237150,0.711557
131,0.138752,0.9300,0.149725,0.9600,0.297364,0.780640
132,0.138428,0.9450,0.129372,0.9400,0.256657,0.729680
133,0.131977,0.9450,0.121811,0.9800,0.241536,0.705878
134,0.144726,0.9500,0.122992,0.9800,0.243898,0.725931
135,0.140337,0.9400,0.148526,0.9600,0.294965,0.793193
136,0.132341,0.9450,0.143668,0.9400,0.285249,0.774092
137,0.137545,0.9400,0.123993,0.9400,0.245899,0.716069
138,0.137644,0.9500,0.165672,0.9600,0.329257,0.823310
139,0.140304,0.9300,0.138377,0.9600,0.274668,0.749959
140,0.130910,0.9500,0.140999,0.9600,0.279911,0.773488
141,0.138847,0.9350,0.140533,0.9400,0.278979,0.777068
142,0.136959,0.9300,0.146584,0.9400,0.291081,0.784678
143,0.142431,0.9450,0.149012,0.9600,0.295936,0.801692
144,0.136841,0.9450,0.119179,0.9600,0.236271,0.705053
145,0.151452,0.9300,0.139527,0.9400,0.276967,0.754096
146,0.140085,0.9400,0.134461,0.9600,0.266835,0.756323
147,0.136810,0.9350,0.131740,0.9400,0.261392,0.738225
148,0.135328,0.9400,0.157315,0.9600,0.312543,0.798486
149,0.132604,0.9250,0.148116,0.9400,0.294144,0.791329
150,0.141266,0.9450,0.145751,0.9600,0.289414,0.770041
151,0.139530,0.9400,0.164978,0.9600,0.327868,0.821377
152,0.142460,0.9450,0.137300,0.9400,0.272512,0.744835
153,0.141765,0.9400,0.126679,0.9400,0.251270,0.741262
154,0.137714,0.9400,0.132306,0.9600,0.262524,0.753704
155,0.133601,0.9450,0.142785,0.9600,0.283481,0.789819
156,0.141587,0.9250,0.128036,0.9600,0.253984,0.739883
157,0.129096,0.9450,0.129558,0.9600,0.257029,0.745420
158,0.138127,0.9550,0.140859,0.9400,0.279629,0.773107
159,0.139684,0.9550,0.123677,0.9400,0.245266,0.722587
160,0.137526,0.9450,0.145204,0.9600,0.288320,0.769708
161,0.137899,0.9500,0.141082,0.9600,0.280075,0.759560
162,0.132788,0.9500,0.187840,0.9400,0.373591,0.860845
163,0.142095,0.9400,0.133498,0.9400,0.264908,0.744236
164,0.134989,0.9400,0.129914,0.9600,0.257738,0.749169
165,0.139617,0.9500,0.125364,0.9600,0.248638,0.737817
166,0.128328,0.9250,0.136752,0.9400,0.271416,0.749934
167,0.137179,0.9450,0.180334,0.9400,0.358579,0.850048
168,0.136811,0.9200,0.126288,0.9400,0.250487,0.731434
169,0.134008,0.9550,0.164726,0.9600,0.327363,0.814215
170,0.138349,0.9300,0.156573,0.9400,0.311058,0.822741
171,0.135360,0.9600,0.176698,0.9400,0.351308,0.838455
172,0.140465,0.9500,0.141070,0.9600,0.280052,0.760241
173,0.144205,0.9400,0.126292,0.9800,0.250495,0.736639
174,0.138682,0.9350,0.137911,0.9600,0.273733,0.751102
175,0.133544,0.9350,0.138953,0.9400,0.275817,0.765141
176,0.141439,0.9300,0.140420,0.9400,0.278751,0.759295
177,0.134284,0.9400,0.201168,0.9600,0.400247,0.909665
178,0.136007,0.9300,0.128316,0.9600,0.254543,0.732185
179,0.135934,0.9450,0.125570,0.9400,0.249051,0.729757
180,0.140033,0.9300,0.135390,0.9600,0.268690,0.743167
181,0.131030,0.9300,0.150783,0.9600,0.299476,0.808538
182,0.140972,0.9400,0.119843,0.9800,0.237596,0.701428
183,0.137156,0.9450,0.147315,0.9400,0.292541,0.779190
184,0.134677,0.9400,0.137828,0.9400,0.273565,0.758587
185,0.132791,0.9500,0.187181,0.9600,0.372273,0.868539
186,0.136529,0.9200,0.149922,0.9600,0.297753,0.809592
187,0.143627,0.9450,0.121458,0.9800,0.240825,0.717796
188,0.134309,0.9350,0.116107,0.9800,0.230123,0.689197
189,0.139272,0.9500,0.123973,0.9800,0.245856,0.726634
190,0.132704,0.9400,0.121273,0.9200,0.240457,0.713561
191,0.133412,0.9450,0.124983,0.9800,0.247876,0.735018
192,0.135080,0.9300,0.125083,0.9400,0.248075,0.723127
193,0.129772,0.9350,0.148371,0.9600,0.294653,0.774749
194,0.135648,0.9450,0.171453,0.9400,0.340815,0.859798
195,0.133009,0.9450,0.122805,0.9800,0.243518,0.716051
196,0.136403,0.9300,0.137006,0.9600,0.271921,0.750512
197,0.138370,0.9400,0.133854,0.9600,0.265617,0.757415
198,0.129717,0.9500,0.146577,0.9600,0.291063,0.773618
199,0.133293,0.9400,0.129147,0.9600,0.256203,0.737599
200,0.137082,0.9600,0.124936,0.9800,0.247781,0.732623
1,29.620949,0.5050,26.766482,0.8000,53.529912,10.259646
2,27.205196,0.8400,24.171227,0.8600,48.339390,9.772536
3,24.301890,0.8700,20.960376,0.9400,41.917665,9.144778
4,20.733874,0.8900,17.220621,0.9600,34.438122,8.342825
5,16.705591,0.9050,12.953229,0.9600,25.903292,7.302316
6,12.159865,0.9150,8.532578,0.9600,17.061932,6.013495
7,7.474484,0.9100,4.575401,0.9400,9.147511,4.493515
8,3.624579,0.9150,1.695247,0.9600,3.387127,2.818140
9,1.231377,0.9350,0.586378,0.9200,1.169303,1.660716
10,0.623302,0.9050,0.440448,0.9400,0.877395,1.397341
11,0.451560,0.9000,0.399881,0.9400,0.796245,1.386649
12,0.418224,0.9350,0.348571,0.9600,0.693624,1.268670
13,0.362692,0.9450,0.324266,0.9400,0.645006,1.233152
14,0.336421,0.9250,0.286724,0.9400,0.569913,1.164223
15,0.313445,0.9400,0.269122,0.9800,0.534697,1.100102
16,0.298077,0.9250,0.263814,0.9600,0.524069,1.114190
17,0.286874,0.9500,0.234406,0.9600,0.465242,1.039344
18,0.258385,0.9200,0.221720,0.9600,0.439857,1.010548
19,0.241510,0.9400,0.213201,0.9600,0.422807,0.996410
20,0.237159,0.9400,0.204995,0.9400,0.406377,0.979028
21,0.224161,0.9400,0.201500,0.9600,0.399376,0.970308
22,0.215802,0.9350,0.184835,0.9400,0.366037,0.924959
23,0.214511,0.9400,0.220895,0.9400,0.438143,1.003592
24,0.208862,0.9300,0.183670,0.9600,0.363679,0.919282
25,0.200487,0.9450,0.173891,0.9400,0.344117,0.895009
26,0.191819,0.9400,0.210611,0.9400,0.417542,0.973415
27,0.193648,0.9400,0.160206,0.9600,0.316721,0.852816
28,0.183572,0.9350,0.156819,0.9600,0.309938,0.843032
29,0.175142,0.9500,0.188946,0.9400,0.374182,0.934133
30,0.181501,0.9400,0.185586,0.9400,0.367450,0.925641
31,0.176668,0.9400,0.157496,0.9400,0.311261,0.845274
32,0.168352,0.9350,0.149095,0.9400,0.294454,0.817537
33,0.161571,0.9300,0.170806,0.9400,0.337866,0.865836
34,0.164353,0.9300,0.140908,0.9600,0.278058,0.791868
35,0.158614,0.9200,0.138693,0.9400,0.273625,0.782259
36,0.153331,0.9250,0.139411,0.9200,0.275048,0.783125
37,0.157161,0.9500,0.174001,0.9400,0.344223,0.861142
38,0.155297,0.9400,0.132713,0.9600,0.261641,0.763444
39,0.154364,0.9450,0.132916,0.9600,0.262040,0.754336
40,0.157510,0.9300,0.175880,0.9400,0.347960,0.868168
41,0.150767,0.9400,0.139243,0.9600,0.274680,0.772366
42,0.170896,0.9450,0.182655,0.9600,0.361501,0.884951
43,0.159989,0.9250,0.136533,0.9600,0.269248,0.769463
44,0.142307,0.9300,0.151664,0.9400,0.299509,0.805581
45,0.139798,0.9400,0.128128,0.9800,0.252432,0.743818
46,0.149489,0.9200,0.163054,0.9400,0.322278,0.830969
47,0.145057,0.9350,0.133197,0.9800,0.262563,0.748763
48,0.142996,0.9350,0.160305,0.9600,0.316775,0.819470
49,0.145072,0.9350,0.133561,0.9400,0.263283,0.752982
50,0.140747,0.9400,0.136789,0.9400,0.269732,0.765987
51,0.142759,0.9400,0.164752,0.9600,0.325659,0.827879
52,0.139639,0.9400,0.131033,0.9600,0.258212,0.748992
53,0.137232,0.9350,0.159965,0.9400,0.316076,0.820032
54,0.136083,0.9450,0.134854,0.9600,0.265845,0.762303
55,0.140313,0.9450,0.149272,0.9400,0.294682,0.802028
56,0.132169,0.9400,0.121448,0.9600,0.239032,0.717435
57,0.138025,0.9300,0.143274,0.9600,0.282684,0.772435
58,0.139488,0.9300,0.133146,0.9400,0.262419,0.752993
59,0.142206,0.9300,0.125345,0.9800,0.246816,0.726144
60,0.133851,0.9400,0.162764,0.9400,0.321648,0.827876
61,0.140203,0.9350,0.127948,0.9600,0.252013,0.735846
62,0.130488,0.9500,0.130051,0.9600,0.256217,0.738785
63,0.133725,0.9350,0.135311,0.9600,0.266736,0.752259
64,0.133785,0.9400,0.142921,0.9600,0.281954,0.770744
65,0.131840,0.9400,0.149853,0.9400,0.295812,0.792539
66,0.130475,0.9400,0.120748,0.9800,0.237602,0.705338
67,0.129935,0.9350,0.137790,0.9600,0.271679,0.768192
68,0.137466,0.9400,0.141358,0.9600,0.278814,0.769048
69,0.129203,0.9400,0.133932,0.9600,0.263959,0.750781
70,0.127509,0.9450,0.144739,0.9400,0.285569,0.778404
71,0.135531,0.9450,0.124625,0.9800,0.245341,0.720383
72,0.130884,0.9350,0.175478,0.9600,0.347045,0.852415
73,0.130332,0.9400,0.134170,0.9600,0.264426,0.750294
74,0.131983,0.9350,0.143048,0.9600,0.282181,0.775928
75,0.128681,0.9350,0.120565,0.9800,0.237213,0.706869
76,0.127915,0.9300,0.147659,0.9600,0.291396,0.792075
77,0.129747,0.9400,0.126552,0.9600,0.249183,0.723365
78,0.125583,0.9350,0.133837,0.9600,0.263749,0.747929
79,0.125147,0.9450,0.135991,0.9400,0.268054,0.757115
80,0.127521,0.9250,0.121634,0.9800,0.239338,0.709667
81,0.126227,0.9300,0.124065,0.9600,0.244197,0.719716
82,0.124553,0.9350,0.143729,0.9600,0.283521,0.776230
83,0.124593,0.9200,0.139775,0.9600,0.275608,0.771686
84,0.123002,0.9350,0.126984,0.9600,0.250026,0.731157
85,0.124471,0.9350,0.150466,0.9600,0.296992,0.782361
86,0.127333,0.9400,0.132680,0.9600,0.261415,0.741482
87,0.124208,0.9450,0.118540,0.9800,0.233136,0.698371
88,0.124912,0.9350,0.144921,0.9600,0.285894,0.773021
89,0.123084,0.9300,0.129614,0.9600,0.255275,0.745084
90,0.127257,0.9450,0.128215,0.9600,0.252476,0.735393
91,0.121096,0.9300,0.128712,0.9600,0.253468,0.739366
92,0.122829,0.9550,0.141207,0.9600,0.278456,0.767581
93,0.124021,0.9250,0.130371,0.9600,0.256779,0.744638
94,0.122179,0.9400,0.139991,0.9400,0.276019,0.764528
95,0.127831,0.9500,0.137100,0.9600,0.270235,0.759790
96,0.127103,0.9350,0.142340,0.9600,0.280710,0.779760
97,0.125377,0.9300,0.120483,0.9800,0.236998,0.705056
98,0.129228,0.9300,0.136847,0.9600,0.269719,0.758779
99,0.123818,0.9350,0.151517,0.9600,0.299059,0.790966
100,0.123528,0.9350,0.124413,0.9600,0.244849,0.722383
101,0.125955,0.9400,0.132976,0.9600,0.261977,0.736375
102,0.125405,0.9400,0.132148,0.9600,0.260319,0.732069
103,0.122659,0.9200,0.145464,0.9600,0.286949,0.774548
104,0.122662,0.9450,0.133431,0.9600,0.262879,0.745688
105,0.124968,0.9450,0.144585,0.9600,0.285188,0.775383
106,0.124030,0.9350,0.131360,0.9600,0.258734,0.743456
107,0.119306,0.9350,0.132156,0.9400,0.260322,0.753241
108,0.123967,0.9450,0.141174,0.9600,0.278364,0.763132
109,0.121092,0.9350,0.137155,0.9600,0.270315,0.773951
110,0.129997,0.9450,0.148072,0.9600,0.292150,0.790576
111,0.120339,0.9400,0.143437,0.9600,0.282882,0.771425
112,0.123775,0.9450,0.131775,0.9600,0.259557,0.734270
113,0.121645,0.9400,0.126806,0.9600,0.249613,0.730467
114,0.122293,0.9600,0.134110,0.9600,0.264221,0.748686
115,0.121374,0.9350,0.131834,0.9600,0.259666,0.744758
116,0.120110,0.9400,0.126063,0.9200,0.248124,0.726557
117,0.118679,0.9400,0.143032,0.9600,0.282062,0.768039
118,0.121117,0.9500,0.123055,0.9600,0.242106,0.715203
119,0.117361,0.9400,0.139126,0.9600,0.274242,0.768329
120,0.118654,0.9450,0.128272,0.9600,0.252534,0.735744
121,0.118275,0.9450,0.128209,0.9600,0.252404,0.737940
122,0.121750,0.9500,0.127275,0.9200,0.250536,0.725857
123,0.118350,0.9500,0.135327,0.9200,0.266635,0.757838
124,0.117807,0.9600,0.131967,0.9600,0.259917,0.740505
125,0.118168,0.9500,0.143995,0.9200,0.283972,0.772570
126,0.121737,0.9400,0.127146,0.9200,0.250268,0.734377
127,0.120005,0.9450,0.152814,0.9200,0.301606,0.795135
128,0.120743,0.9400,0.129304,0.9200,0.254582,0.740896
129,0.114234,0.9600,0.171967,0.9200,0.339906,0.846341
130,0.124032,0.9600,0.131276,0.9200,0.258522,0.745113
131,0.116711,0.9550,0.128370,0.9600,0.252711,0.733310
132,0.116979,0.9500,0.160615,0.9600,0.317203,0.802722
133,0.121216,0.9550,0.123430,0.9200,0.242826,0.722171
134,0.123869,0.9450,0.138942,0.9600,0.273846,0.765027
135,0.115983,0.9600,0.148869,0.9200,0.293703,0.775115
136,0.124394,0.9600,0.126619,0.9200,0.249200,0.723060
1,24.655031,0.7300,21.689346,0.7200,43.376839,9.466275
2,22.241579,0.7350,19.243097,0.7600,38.484347,8.957537
3,19.595181,0.7950,16.558590,0.8200,33.115339,8.363635
4,16.728212,0.8050,13.744276,0.8200,27.486716,7.681260
5,13.750247,0.8050,10.797280,0.8200,21.592729,6.888581
6,10.706216,0.8050,7.892129,0.8400,15.782430,5.991281
7,7.695771,0.8100,5.202797,0.8600,10.403765,4.971861
8,4.898893,0.8150,2.948332,0.8600,5.894834,3.830117
9,2.731677,0.8200,1.424708,0.8600,2.847585,2.654173
10,1.350988,0.8250,0.871969,0.8600,1.742102,2.018275
11,0.982397,0.8300,0.921488,0.8400,1.841140,2.010907
12,1.012799,0.8350,0.901472,0.7800,1.801108,1.945054
13,0.889929,0.8350,0.635962,0.7800,1.270093,1.651131
14,0.613031,0.8400,0.429980,0.8400,0.858133,1.392718
15,0.470149,0.8300,0.353376,0.8600,0.704929,1.268254
16,0.442073,0.8450,0.335743,0.9000,0.669663,1.271746
17,0.398420,0.8350,0.336705,0.8800,0.671588,1.268328
18,0.367213,0.8500,0.334601,0.9200,0.667383,1.252027
19,0.343319,0.9150,0.267379,0.9000,0.532946,1.125910
20,0.298740,0.8950,0.230251,0.9600,0.458694,1.030304
21,0.277549,0.8900,0.206233,0.9600,0.410662,0.964040
22,0.260165,0.9200,0.210789,0.9400,0.419775,0.959473
23,0.249933,0.9400,0.209929,0.9400,0.418059,0.957841
24,0.231006,0.9400,0.184577,0.9400,0.367357,0.908714
25,0.217092,0.9200,0.181920,0.9600,0.362047,0.909902
26,0.206161,0.9150,0.188579,0.9400,0.375367,0.935016
27,0.199002,0.9350,0.180494,0.9600,0.359198,0.908099
28,0.191213,0.9450,0.174656,0.9400,0.347524,0.881863
29,0.182683,0.9500,0.153123,0.9400,0.304460,0.825264
30,0.177703,0.9450,0.151808,0.9400,0.301832,0.821626
31,0.170270,0.9550,0.149421,0.9400,0.297059,0.806350
32,0.166482,0.9650,0.153419,0.9400,0.305054,0.816823
33,0.163356,0.9350,0.142875,0.9400,0.283967,0.794321
34,0.159047,0.9350,0.144348,0.9400,0.286915,0.792197
35,0.158128,0.9600,0.133584,0.9400,0.265389,0.756147
36,0.153095,0.9500,0.130717,0.9400,0.259654,0.750556
37,0.149448,0.9650,0.134666,0.9600,0.267553,0.761595
38,0.148032,0.9500,0.140218,0.9600,0.278656,0.774000
39,0.144168,0.9550,0.143165,0.9400,0.284549,0.781298
40,0.144056,0.9650,0.137574,0.9400,0.273369,0.757227
41,0.140069,0.9650,0.130609,0.9400,0.259437,0.743242
42,0.139920,0.9600,0.146897,0.9400,0.292013,0.779765
43,0.139532,0.9450,0.135410,0.9400,0.269040,0.757391
44,0.137545,0.9550,0.128089,0.9400,0.254398,0.744625
45,0.138362,0.9650,0.132719,0.9200,0.263657,0.753803
46,0.135886,0.9600,0.147835,0.9200,0.293888,0.798332
47,0.134002,0.9550,0.132225,0.9400,0.262667,0.759567
48,0.135399,0.9450,0.135517,0.9400,0.269251,0.754897
49,0.132322,0.9550,0.133099,0.9400,0.264415,0.750795
50,0.130585,0.9600,0.122078,0.9400,0.242374,0.710573
51,0.131603,0.9550,0.136597,0.9600,0.271412,0.748461
52,0.130287,0.9550,0.155674,0.9400,0.309563,0.797825
53,0.130099,0.9550,0.138367,0.9400,0.274950,0.764969
54,0.128140,0.9600,0.130929,0.9200,0.260074,0.745441
55,0.129841,0.9550,0.130411,0.9400,0.259038,0.746303
56,0.128434,0.9500,0.137976,0.9400,0.274167,0.767684
57,0.125212,0.9600,0.137559,0.9200,0.273333,0.763927
58,0.128469,0.9550,0.129406,0.9200,0.257026,0.735311
59,0.128145,0.9400,0.135455,0.9200,0.269126,0.747589
60,0.128423,0.9600,0.144453,0.9200,0.287119,0.775064
61,0.129653,0.9550,0.134317,0.9200,0.266847,0.755285
62,0.123552,0.9500,0.135542,0.9200,0.269297,0.768159
63,0.127037,0.9450,0.149512,0.9400,0.297236,0.810874
64,0.124820,0.9600,0.127180,0.9200,0.252572,0.741867
65,0.125106,0.9450,0.132963,0.9200,0.264139,0.749743
66,0.127711,0.9500,0.153801,0.9200,0.305814,0.786270
67,0.124839,0.9550,0.132959,0.9400,0.264130,0.748891
68,0.124056,0.9500,0.133136,0.9400,0.264486,0.742029
69,0.124989,0.9400,0.138516,0.9400,0.275245,0.756286
70,0.121693,0.9600,0.145734,0.9200,0.289681,0.787849
71,0.124538,0.9600,0.143996,0.9200,0.286204,0.781717
72,0.121135,0.9650,0.142023,0.9200,0.282259,0.777435
73,0.123079,0.9700,0.123755,0.9200,0.245722,0.724513
74,0.122521,0.9600,0.127865,0.9200,0.253943,0.737026
75,0.120060,0.9550,0.124812,0.9200,0.247835,0.739555
76,0.122546,0.9550,0.134561,0.9400,0.267333,0.759986
77,0.123215,0.9650,0.156013,0.9200,0.310236,0.805938
78,0.123254,0.9600,0.133947,0.9400,0.266103,0.761547
79,0.122042,0.9500,0.120965,0.9400,0.240140,0.725596
80,0.122357,0.9350,0.132213,0.9400,0.262637,0.745884
81,0.123645,0.9450,0.136598,0.9400,0.271404,0.759600
82,0.118635,0.9600,0.124870,0.9200,0.247949,0.733454
83,0.122441,0.9600,0.128921,0.9200,0.256050,0.739186
84,0.118471,0.9550,0.129458,0.9200,0.257125,0.738105
85,0.118960,0.9650,0.135270,0.9400,0.268750,0.754181
86,0.118008,0.9500,0.138366,0.9400,0.274942,0.759493
87,0.121581,0.9650,0.132651,0.9200,0.263513,0.746642
88,0.120376,0.9550,0.128632,0.9200,0.255473,0.738022
89,0.117236,0.9550,0.142870,0.9200,0.283950,0.772456
90,0.117573,0.9550,0.138593,0.9200,0.275395,0.767439
91,0.117456,0.9550,0.138065,0.9200,0.274338,0.765614
92,0.116866,0.9600,0.131743,0.9200,0.261694,0.748200
93,0.116870,0.9550,0.135911,0.9200,0.270030,0.756828
94,0.115710,0.9650,0.130004,0.9200,0.258215,0.744334
95,0.115622,0.9600,0.143936,0.9200,0.286081,0.774058
96,0.120562,0.9550,0.141402,0.9400,0.281012,0.776597
97,0.116711,0.9600,0.123159,0.9400,0.244526,0.724540
98,0.118115,0.9550,0.126685,0.9400,0.251578,0.725048
99,0.120534,0.9550,0.132544,0.9400,0.263296,0.746027
100,0.116475,0.9650,0.142026,0.9400,0.282260,0.780519
101,0.116681,0.9600,0.151268,0.9400,0.300743,0.801170
102,0.116933,0.9650,0.145021,0.9200,0.288250,0.774945
103,0.115189,0.9650,0.126513,0.9200,0.251236,0.730768
104,0.119455,0.9600,0.123238,0.9400,0.244686,0.719346
105,0.116970,0.9550,0.132617,0.9200,0.263443,0.740377
106,0.114099,0.9500,0.120151,0.9200,0.238510,0.713995
107,0.115140,0.9500,0.134704,0.9200,0.267615,0.761929
108,0.115174,0.9600,0.139425,0.9200,0.277057,0.782149
109,0.116127,0.9550,0.127816,0.9200,0.253840,0.748204
110,0.116764,0.9500,0.122778,0.9200,0.243764,0.721250
111,0.117210,0.9600,0.130617,0.9200,0.259442,0.741493
112,0.113983,0.9650,0.136897,0.9200,0.272001,0.753437
113,0.115468,0.9650,0.132240,0.9200,0.262687,0.746207
114,0.115524,0.9550,0.120601,0.9400,0.239409,0.708504
115,0.117144,0.9550,0.129118,0.9400,0.256443,0.736674
116,0.115063,0.9600,0.150255,0.9200,0.298716,0.792484
117,0.116880,0.9500,0.128158,0.9400,0.254523,0.742055
118,0.117605,0.9500,0.128735,0.9200,0.255677,0.734121
119,0.114489,0.9600,0.136184,0.9400,0.270574,0.757779
120,0.113487,0.9550,0.142938,0.9400,0.284083,0.773494
121,0.115058,0.9650,0.138536,0.9200,0.275279,0.764208
122,0.112110,0.9650,0.144692,0.9200,0.287590,0.775251
123,0.113969,0.9650,0.132735,0.9200,0.263677,0.756996
124,0.115599,0.9550,0.128538,0.9200,0.255282,0.739723
125,0.117229,0.9650,0.147815,0.9200,0.293836,0.782945
126,0.113904,0.9600,0.131242,0.9200,0.260689,0.754663
127,0.119304,0.9550,0.130292,0.9400,0.258791,0.744401
128,0.112235,0.9550,0.151973,0.9200,0.302153,0.789524
129,0.116254,0.9550,0.135122,0.9200,0.268450,0.753065
130,0.111235,0.9500,0.128437,0.9200,0.255080,0.733688
131,0.113135,0.9550,0.128899,0.9200,0.256004,0.734845
132,0.111564,0.9600,0.128824,0.9200,0.255854,0.740378
133,0.113022,0.9450,0.129559,0.9200,0.257324,0.735485
134,0.115347,0.9500,0.132688,0.9200,0.263583,0.739096
135,0.113521,0.9450,0.125502,0.9200,0.249211,0.733544
136,0.111959,0.9600,0.140483,0.9400,0.279170,0.772358
137,0.113588,0.9550,0.135082,0.9200,0.268369,0.763243
138,0.110485,0.9550,0.131240,0.9200,0.260685,0.753037
139,0.114721,0.9600,0.135101,0.9200,0.268406,0.755976
140,0.113104,0.9550,0.132802,0.9200,0.263809,0.756363
141,0.112718,0.9550,0.134760,0.9200,0.267724,0.753588
142,0.112932,0.9600,0.136702,0.9200,0.271610,0.753109
143,0.112104,0.9400,0.126227,0.9200,0.250660,0.726913
144,0.113219,0.9450,0.131824,0.9200,0.261853,0.752560
145,0.112784,0.9450,0.149954,0.9200,0.298113,0.793378
146,0.113914,0.9600,0.155598,0.9200,0.309401,0.808948
147,0.112497,0.9600,0.129100,0.9200,0.256404,0.746677
148,0.118469,0.9600,0.127298,0.9200,0.252799,0.732435
149,0.113911,0.9600,0.144761,0.9200,0.287725,0.767328
150,0.111392,0.9650,0.131984,0.9200,0.262170,0.746805
151,0.115731,0.9600,0.133307,0.9200,0.264816,0.756978
152,0.111874,0.9600,0.150914,0.9200,0.300029,0.782459
153,0.115655,0.9550,0.136054,0.9200,0.270309,0.749809
154,0.111831,0.9400,0.120993,0.9200,0.240188,0.718839
155,0.110802,0.9550,0.136970,0.9200,0.272140,0.755855
1,24.655031,0.7300,21.689346,0.7200,43.376839,9.466275
2,22.241579,0.7350,19.243097,0.7600,38.484347,8.957537
3,19.595181,0.7950,16.558590,0.8200,33.115339,8.363635
4,16.728212,0.8050,13.744276,0.8200,27.486716,7.681260
5,13.750247,0.8050,10.797280,0.8200,21.592729,6.888581
6,10.706216,0.8050,7.892129,0.8400,15.782430,5.991281
7,7.695771,0.8100,5.202797,0.8600,10.403765,4.971861
8,4.898893,0.8150,2.948332,0.8600,5.894834,3.830117
9,2.731677,0.8200,1.424708,0.8600,2.847585,2.654173
10,1.350988,0.8250,0.871969,0.8600,1.742102,2.018275
11,0.982397,0.8300,0.921488,0.8400,1.841140,2.010907
12,1.012799,0.8350,0.901472,0.7800,1.801108,1.945054
13,0.889929,0.8350,0.635962,0.7800,1.270093,1.651131
14,0.613031,0.8400,0.429980,0.8400,0.858133,1.392718
15,0.470149,0.8300,0.353376,0.8600,0.704929,1.268254
16,0.442073,0.8450,0.335743,0.9000,0.669663,1.271746
17,0.398420,0.8350,0.336705,0.8800,0.671588,1.268328
18,0.367213,0.8500,0.334601,0.9200,0.667383,1.252027
19,0.343319,0.9150,0.267379,0.9000,0.532946,1.125910
20,0.298740,0.8950,0.230251,0.9600,0.458694,1.030304
21,0.277549,0.8900,0.206233,0.9600,0.410662,0.964040
22,0.260165,0.9200,0.210789,0.9400,0.419775,0.959473
23,0.249933,0.9400,0.209929,0.9400,0.418059,0.957841
24,0.231006,0.9400,0.184577,0.9400,0.367357,0.908714
25,0.217092,0.9200,0.181920,0.9600,0.362047,0.909902
26,0.206161,0.9150,0.188579,0.9400,0.375367,0.935016
27,0.199002,0.9350,0.180494,0.9600,0.359198,0.908099
28,0.191213,0.9450,0.174656,0.9400,0.347524,0.881863
29,0.182683,0.9500,0.153123,0.9400,0.304460,0.825264
30,0.177703,0.9450,0.151808,0.9400,0.301832,0.821626
31,0.170270,0.9550,0.149421,0.9400,0.297059,0.806350
32,0.166482,0.9650,0.153419,0.9400,0.305054,0.816823
33,0.163356,0.9350,0.142875,0.9400,0.283967,0.794321
34,0.159047,0.9350,0.144348,0.9400,0.286915,0.792197
35,0.158128,0.9600,0.133584,0.9400,0.265389,0.756147
36,0.153095,0.9500,0.130717,0.9400,0.259654,0.750556
37,0.149448,0.9650,0.134666,0.9600,0.267553,0.761595
38,0.148032,0.9500,0.140218,0.9600,0.278656,0.774000
39,0.144168,0.9550,0.143165,0.9400,0.284549,0.781298
40,0.144056,0.9650,0.137574,0.9400,0.273369,0.757227
41,0.140069,0.9650,0.130609,0.9400,0.259437,0.743242
42,0.139920,0.9600,0.146897,0.9400,0.292013,0.779765
43,0.139532,0.9450,0.135410,0.9400,0.269040,0.757391
44,0.137545,0.9550,0.128089,0.9400,0.254398,0.744625
45,0.138362,0.9650,0.132719,0.9200,0.263657,0.753803
46,0.135886,0.9600,0.147835,0.9200,0.293888,0.798332
47,0.134002,0.9550,0.132225,0.9400,0.262667,0.759567
48,0.135399,0.9450,0.135517,0.9400,0.269251,0.754897
49,0.132322,0.9550,0.133099,0.9400,0.264415,0.750795
50,0.130585,0.9600,0.122078,0.9400,0.242374,0.710573
51,0.131603,0.9550,0.136597,0.9600,0.271412,0.748461
52,0.130287,0.9550,0.155674,0.9400,0.309563,0.797825
53,0.130099,0.9550,0.138367,0.9400,0.274950,0.764969
54,0.128140,0.9600,0.130929,0.9200,0.260074,0.745441
55,0.129841,0.9550,0.130411,0.9400,0.259038,0.746303
56,0.128434,0.9500,0.137976,0.9400,0.274167,0.767684
57,0.125212,0.9600,0.137559,0.9200,0.273333,0.763927
58,0.128469,0.9550,0.129406,0.9200,0.257026,0.735311
59,0.128145,0.9400,0.135455,0.9200,0.269126,0.747589
60,0.128423,0.9600,0.144453,0.9200,0.287119,0.775064
61,0.129653,0.9550,0.134317,0.9200,0.266847,0.755285
62,0.123552,0.9500,0.135542,0.9200,0.269297,0.768159
63,0.127037,0.9450,0.149512,0.9400,0.297236,0.810874
64,0.124820,0.9600,0.127180,0.9200,0.252572,0.741867
65,0.125106,0.9450,0.132963,0.9200,0.264139,0.749743
66,0.127711,0.9500,0.153801,0.9200,0.305814,0.786270
67,0.124839,0.9550,0.132959,0.9400,0.264130,0.748891
68,0.124056,0.9500,0.133136,0.9400,0.264486,0.742029
69,0.124989,0.9400,0.138516,0.9400,0.275245,0.756286
70,0.121693,0.9600,0.145734,0.9200,0.289681,0.787849
71,0.124538,0.9600,0.143996,0.9200,0.286204,0.781717
72,0.121135,0.9650,0.142023,0.9200,0.282259,0.777435
73,0.123079,0.9700,0.123755,0.9200,0.245722,0.724513
74,0.122521,0.9600,0.127865,0.9200,0.253943,0.737026
75,0.120060,0.9550,0.124812,0.9200,0.247835,0.739555
76,0.122546,0.9550,0.134561,0.9400,0.267333,0.759986
77,0.123215,0.9650,0.156013,0.9200,0.310236,0.805938
78,0.123254,0.9600,0.133947,0.9400,0.266103,0.761547
79,0.122042,0.9500,0.120965,0.9400,0.240140,0.725596
80,0.122357,0.9350,0.132213,0.9400,0.262637,0.745884
81,0.123645,0.9450,0.136598,0.9400,0.271404,0.759600
82,0.118635,0.9600,0.124870,0.9200,0.247949,0.733454
83,0.122441,0.9600,0.128921,0.9200,0.256050,0.739186
84,0.118471,0.9550,0.129458,0.9200,0.257125,0.738105
85,0.118960,0.9650,0.135270,0.9400,0.268750,0.754181
86,0.118008,0.9500,0.138366,0.9400,0.274942,0.759493
87,0.121581,0.9650,0.132651,0.9200,0.263513,0.746642
88,0.120376,0.9550,0.128632,0.9200,0.255473,0.738022
89,0.117236,0.9550,0.142870,0.9200,0.283950,0.772456
90,0.117573,0.9550,0.138593,0.9200,0.275395,0.767439
91,0.117456,0.9550,0.138065,0.9200,0.274338,0.765614
92,0.116866,0.9600,0.131743,0.9200,0.261694,0.748200
93,0.116870,0.9550,0.135911,0.9200,0.270030,0.756828
94,0.115710,0.9650,0.130004,0.9200,0.258215,0.744334
95,0.115622,0.9600,0.143936,0.9200,0.286081,0.774058
96,0.120562,0.9550,0.141402,0.9400,0.281012,0.776597
97,0.116711,0.9600,0.123159,0.9400,0.244526,0.724540
98,0.118115,0.9550,0.126685,0.9400,0.251578,0.725048
99,0.120534,0.9550,0.132544,0.9400,0.263296,0.746027
100,0.116475,0.9650,0.142026,0.9400,0.282260,0.780519
101,0.116681,0.9600,0.151268,0.9400,0.300743,0.801170
102,0.116933,0.9650,0.145021,0.9200,0.288250,0.774945
103,0.115189,0.9650,0.126513,0.9200,0.251236,0.730768
104,0.119455,0.9600,0.123238,0.9400,0.244686,0.719346
105,0.116970,0.9550,0.132617,0.9200,0.263443,0.740377
106,0.114099,0.9500,0.120151,0.9200,0.238510,0.713995
107,0.115140,0.9500,0.134704,0.9200,0.267615,0.761929
108,0.115174,0.9600,0.139425,0.9200,0.277057,0.782149
109,0.116127,0.9550,0.127816,0.9200,0.253840,0.748204
110,0.116764,0.9500,0.122778,0.9200,0.243764,0.721250
111,0.117210,0.9600,0.130617,0.9200,0.259442,0.741493
112,0.113983,0.9650,0.136897,0.9200,0.272001,0.753437
113,0.115468,0.9650,0.132240,0.9200,0.262687,0.746207
114,0.115524,0.9550,0.120601,0.9400,0.239409,0.708504
115,0.117144,0.9550,0.129118,0.9400,0.256443,0.736674
116,0.115063,0.9600,0.150255,0.9200,0.298716,0.792484
117,0.116880,0.9500,0.128158,0.9400,0.254523,0.742055
118,0.117605,0.9500,0.128735,0.9200,0.255677,0.734121
119,0.114489,0.9600,0.136184,0.9400,0.270574,0.757779
120,0.113487,0.9550,0.142938,0.9400,0.284083,0.773494
121,0.115058,0.9650,0.138536,0.9200,0.275279,0.764208
122,0.112110,0.9650,0.144692,0.9200,0.287590,0.775251
123,0.113969,0.9650,0.132735,0.9200,0.263677,0.756996
124,0.115599,0.9550,0.128538,0.9200,0.255282,0.739723
125,0.117229,0.9650,0.147815,0.9200,0.293836,0.782945
126,0.113904,0.9600,0.131242,0.9200,0.260689,0.754663
127,0.119304,0.9550,0.130292,0.9400,0.258791,0.744401
128,0.112235,0.9550,0.151973,0.9200,0.302153,0.789524
129,0.116254,0.9550,0.135122,0.9200,0.268450,0.753065
130,0.111235,0.9500,0.128437,0.9200,0.255080,0.733688
131,0.113135,0.9550,0.128899,0.9200,0.256004,0.734845
132,0.111564,0.9600,0.128824,0.9200,0.255854,0.740378
133,0.113022,0.9450,0.129559,0.9200,0.257324,0.735485
134,0.115347,0.9500,0.132688,0.9200,0.263583,0.739096
135,0.113521,0.9450,0.125502,0.9200,0.249211,0.733544
136,0.111959,0.9600,0.140483,0.9400,0.279170,0.772358
137,0.113588,0.9550,0.135082,0.9200,0.268369,0.763243
138,0.110485,0.9550,0.131240,0.9200,0.260685,0.753037
139,0.114721,0.9600,0.135101,0.9200,0.268406,0.755976
140,0.113104,0.9550,0.132802,0.9200,0.263809,0.756363
141,0.112718,0.9550,0.134760,0.9200,0.267724,0.753588
142,0.112932,0.9600,0.136702,0.9200,0.271610,0.753109
143,0.112104,0.9400,0.126227,0.9200,0.250660,0.726913
144,0.113219,0.9450,0.131824,0.9200,0.261853,0.752560
145,0.112784,0.9450,0.149954,0.9200,0.298113,0.793378
146,0.113914,0.9600,0.155598,0.9200,0.309401,0.808948
147,0.112497,0.9600,0.129100,0.9200,0.256404,0.746677
148,0.118469,0.9600,0.127298,0.9200,0.252799,0.732435
149,0.113911,0.9600,0.144761,0.9200,0.287725,0.767328
150,0.111392,0.9650,0.131984,0.9200,0.262170,0.746805
151,0.115731,0.9600,0.133307,0.9200,0.264816,0.756978
152,0.111874,0.9600,0.150914,0.9200,0.300029,0.782459
153,0.115655,0.9550,0.136054,0.9200,0.270309,0.749809
154,0.111831,0.9400,0.120993,0.9200,0.240188,0.718839
155,0.110802,0.9550,0.136970,0.9200,0.272140,0.755855
1,24.655031,0.7300,21.689346,0.7200,43.376839,9.466275
2,22.241579,0.7350,19.243097,0.7600,38.484347,8.957537
3,19.595181,0.7950,16.558590,0.8200,33.115339,8.363635
4,16.728212,0.8050,13.744276,0.8200,27.486716,7.681260
5,13.750247,0.8050,10.797280,0.8200,21.592729,6.888581
6,10.706216,0.8050,7.892129,0.8400,15.782430,5.991281
7,7.695771,0.8100,5.202797,0.8600,10.403765,4.971861
8,4.898893,0.8150,2.948332,0.8600,5.894834,3.830117
9,2.731677,0.8200,1.424708,0.8600,2.847585,2.654173
10,1.350988,0.8250,0.871969,0.8600,1.742102,2.018275
11,0.982397,0.8300,0.921488,0.8400,1.841140,2.010907
12,1.012799,0.8350,0.901472,0.7800,1.801108,1.945054
13,0.889929,0.8350,0.635962,0.7800,1.270093,1.651131
14,0.613031,0.8400,0.429980,0.8400,0.858133,1.392718
15,0.470149,0.8300,0.353376,0.8600,0.704929,1.268254
16,0.442073,0.8450,0.335743,0.9000,0.669663,1.271746
17,0.398420,0.8350,0.336705,0.8800,0.671588,1.268328
18,0.367213,0.8500,0.334601,0.9200,0.667383,1.252027
19,0.343319,0.9150,0.267379,0.9000,0.532946,1.125910
20,0.298740,0.8950,0.230251,0.9600,0.458694,1.030304
21,0.277549,0.8900,0.206233,0.9600,0.410662,0.964040
22,0.260165,0.9200,0.210789,0.9400,0.419775,0.959473
23,0.249933,0.9400,0.209929,0.9400,0.418059,0.957841
24,0.231006,0.9400,0.184577,0.9400,0.367357,0.908714
25,0.217092,0.9200,0.181920,0.9600,0.362047,0.909902
26,0.206161,0.9150,0.188579,0.9400,0.375367,0.935016
27,0.199002,0.9350,0.180494,0.9600,0.359198,0.908099
28,0.191213,0.9450,0.174656,0.9400,0.347524,0.881863
29,0.182683,0.9500,0.153123,0.9400,0.304460,0.825264
30,0.177703,0.9450,0.151808,0.9400,0.301832,0.821626
31,0.170270,0.9550,0.149421,0.9400,0.297059,0.806350
32,0.166482,0.9650,0.153419,0.9400,0.305054,0.816823
33,0.163356,0.9350,0.142875,0.9400,0.283967,0.794321
34,0.159047,0.9350,0.144348,0.9400,0.286915,0.792197
35,0.158128,0.9600,0.133584,0.9400,0.265389,0.756147
36,0.153095,0.9500,0.130717,0.9400,0.259654,0.750556
37,0.149448,0.9650,0.134666,0.9600,0.267553,0.761595
38,0.148032,0.9500,0.140218,0.9600,0.278656,0.774000
39,0.144168,0.9550,0.143165,0.9400,0.284549,0.781298
40,0.144056,0.9650,0.137574,0.9400,0.273369,0.757227
41,0.140069,0.9650,0.130609,0.9400,0.259437,0.743242
42,0.139920,0.9600,0.146897,0.9400,0.292013,0.779765
43,0.139532,0.9450,0.135410,0.9400,0.269040,0.757391
44,0.137545,0.9550,0.128089,0.9400,0.254398,0.744625
45,0.138362,0.9650,0.132719,0.9200,0.263657,0.753803
46,0.135886,0.9600,0.147835,0.9200,0.293888,0.798332
47,0.134002,0.9550,0.132225,0.9400,0.262667,0.759567
48,0.135399,0.9450,0.135517,0.9400,0.269251,0.754897
49,0.132322,0.9550,0.133099,0.9400,0.264415,0.750795
50,0.130585,0.9600,0.122078,0.9400,0.242374,0.710573
51,0.131603,0.9550,0.136597,0.9600,0.271412,0.748461
52,0.130287,0.9550,0.155674,0.9400,0.309563,0.797825
53,0.130099,0.9550,0.138367,0.9400,0.274950,0.764969
54,0.128140,0.9600,0.130929,0.9200,0.260074,0.745441
55,0.129841,0.9550,0.130411,0.9400,0.259038,0.746303
56,0.128434,0.9500,0.137976,0.9400,0.274167,0.767684
57,0.125212,0.9600,0.137559,0.9200,0.273333,0.763927
58,0.128469,0.9550,0.129406,0.9200,0.257026,0.735311
59,0.128145,0.9400,0.135455,0.9200,0.269126,0.747589
60,0.128423,0.9600,0.144453,0.9200,0.287119,0.775064
61,0.129653,0.9550,0.134317,0.9200,0.266847,0.755285
62,0.123552,0.9500,0.135542,0.9200,0.269297,0.768159
63,0.127037,0.9450,0.149512,0.9400,0.297236,0.810874
64,0.124820,0.9600,0.127180,0.9200,0.252572,0.741867
65,0.125106,0.9450,0.132963,0.9200,0.264139,0.749743
66,0.127711,0.9500,0.153801,0.9200,0.305814,0.786270
67,0.124839,0.9550,0.132959,0.9400,0.264130,0.748891
68,0.124056,0.9500,0.133136,0.9400,0.264486,0.742029
69,0.124989,0.9400,0.138516,0.9400,0.275245,0.756286
70,0.121693,0.9600,0.145734,0.9200,0.289681,0.787849
71,0.124538,0.9600,0.143996,0.9200,0.286204,0.781717
72,0.121135,0.9650,0.142023,0.9200,0.282259,0.777435
73,0.123079,0.9700,0.123755,0.9200,0.245722,0.724513
74,0.122521,0.9600,0.127865,0.9200,0.253943,0.737026
75,0.120060,0.9550,0.124812,0.9200,0.247835,0.739555
76,0.122546,0.9550,0.134561,0.9400,0.267333,0.759986
77,0.123215,0.9650,0.156013,0.9200,0.310236,0.805938
78,0.123254,0.9600,0.133947,0.9400,0.266103,0.761547
79,0.122042,0.9500,0.120965,0.9400,0.240140,0.725596
80,0.122357,0.9350,0.132213,0.9400,0.262637,0.745884
81,0.123645,0.9450,0.136598,0.9400,0.271404,0.759600
82,0.118635,0.9600,0.124870,0.9200,0.247949,0.733454
83,0.122441,0.9600,0.128921,0.9200,0.256050,0.739186
84,0.118471,0.9550,0.129458,0.9200,0.257125,0.738105
85,0.118960,0.9650,0.135270,0.9400,0.268750,0.754181
86,0.118008,0.9500,0.138366,0.9400,0.274942,0.759493
87,0.121581,0.9650,0.132651,0.9200,0.263513,0.746642
88,0.120376,0.9550,0.128632,0.9200,0.255473,0.738022
89,0.117236,0.9550,0.142870,0.9200,0.283950,0.772456
90,0.117573,0.9550,0.138593,0.9200,0.275395,0.767439
91,0.117456,0.9550,0.138065,0.9200,0.274338,0.765614
92,0.116866,0.9600,0.131743,0.9200,0.261694,0.748200
93,0.116870,0.9550,0.135911,0.9200,0.270030,0.756828
94,0.115710,0.9650,0.130004,0.9200,0.258215,0.744334
95,0.115622,0.9600,0.143936,0.9200,0.286081,0.774058
96,0.120562,0.9550,0.141402,0.9400,0.281012,0.776597
97,0.116711,0.9600,0.123159,0.9400,0.244526,0.724540
98,0.118115,0.9550,0.126685,0.9400,0.251578,0.725048
99,0.120534,0.9550,0.132544,0.9400,0.263296,0.746027
100,0.116475,0.9650,0.142026,0.9400,0.282260,0.780519
101,0.116681,0.9600,0.151268,0.9400,0.300743,0.801170
102,0.116933,0.9650,0.145021,0.9200,0.288250,0.774945
103,0.115189,0.9650,0.126513,0.9200,0.251236,0.730768
104,0.119455,0.9600,0.123238,0.9400,0.244686,0.719346
105,0.116970,0.9550,0.132617,0.9200,0.263443,0.740377
106,0.114099,0.9500,0.120151,0.9200,0.238510,0.713995
107,0.115140,0.9500,0.134704,0.9200,0.267615,0.761929
108,0.115174,0.9600,0.139425,0.9200,0.277057,0.782149
109,0.116127,0.9550,0.127816,0.9200,0.253840,0.748204
110,0.116764,0.9500,0.122778,0.9200,0.243764,0.721250
111,0.117210,0.9600,0.130617,0.9200,0.259442,0.741493
112,0.113983,0.9650,0.136897,0.9200,0.272001,0.753437
113,0.115468,0.9650,0.132240,0.9200,0.262687,0.746207
114,0.115524,0.9550,0.120601,0.9400,0.239409,0.708504
115,0.117144,0.9550,0.129118,0.9400,0.256443,0.736674
116,0.115063,0.9600,0.150255,0.9200,0.298716,0.792484
117,0.116880,0.9500,0.128158,0.9400,0.254523,0.742055
118,0.117605,0.9500,0.128735,0.9200,0.255677,0.734121
119,0.114489,0.9600,0.136184,0.9400,0.270574,0.757779
120,0.113487,0.9550,0.142938,0.9400,0.284083,0.773494
121,0.115058,0.9650,0.138536,0.9200,0.275279,0.764208
122,0.112110,0.9650,0.144692,0.9200,0.287590,0.775251
123,0.113969,0.9650,0.132735,0.9200,0.263677,0.756996
124,0.115599,0.9550,0.128538,0.9200,0.255282,0.739723
125,0.117229,0.9650,0.147815,0.9200,0.293836,0.782945
126,0.113904,0.9600,0.131242,0.9200,0.260689,0.754663
127,0.119304,0.9550,0.130292,0.9400,0.258791,0.744401
128,0.112235,0.9550,0.151973,0.9200,0.302153,0.789524
129,0.116254,0.9550,0.135122,0.9200,0.268450,0.753065
130,0.111235,0.9500,0.128437,0.9200,0.255080,0.733688
131,0.113135,0.9550,0.128899,0.9200,0.256004,0.734845
132,0.111564,0.9600,0.128824,0.9200,0.255854,0.740378
133,0.113022,0.9450,0.129559,0.9200,0.257324,0.735485
134,0.115347,0.9500,0.132688,0.9200,0.263583,0.739096
135,0.113521,0.9450,0.125502,0.9200,0.249211,0.733544
136,0.111959,0.9600,0.140483,0.9400,0.279170,0.772358
137,0.113588,0.9550,0.135082,0.9200,0.268369,0.763243
138,0.110485,0.9550,0.131240,0.9200,0.260685,0.753037
139,0.114721,0.9600,0.135101,0.9200,0.268406,0.755976
140,0.113104,0.9550,0.132802,0.9200,0.263809,0.756363
141,0.112718,0.9550,0.134760,0.9200,0.267724,0.753588
142,0.112932,0.9600,0.136702,0.9200,0.271610,0.753109
143,0.112104,0.9400,0.126227,0.9200,0.250660,0.726913
144,0.113219,0.9450,0.131824,0.9200,0.261853,0.752560
145,0.112784,0.9450,0.149954,0.9200,0.298113,0.793378
146,0.113914,0.9600,0.155598,0.9200,0.309401,0.808948
147,0.112497,0.9600,0.129100,0.9200,0.256404,0.746677
148,0.118469,0.9600,0.127298,0.9200,0.252799,0.732435
149,0.113911,0.9600,0.144761,0.9200,0.287725,0.767328
150,0.111392,0.9650,0.131984,0.9200,0.262170,0.746805
151,0.115731,0.9600,0.133307,0.9200,0.264816,0.756978
152,0.111874,0.9600,0.150914,0.9200,0.300029,0.782459
153,0.115655,0.9550,0.136054,0.9200,0.270309,0.749809
154,0.111831,0.9400,0.120993,0.9200,0.240188,0.718839
155,0.110802,0.9550,0.136970,0.9200,0.272140,0.755855
1,24.655031,0.7300,21.689346,0.7200,43.376839,9.466275
2,22.241579,0.7350,19.243097,0.7600,38.484347,8.957537
3,19.595181,0.7950,16.558590,0.8200,33.115339,8.363635
4,16.728212,0.8050,13.744276,0.8200,27.486716,7.681260
5,13.750247,0.8050,10.797280,0.8200,21.592729,6.888581
6,10.706216,0.8050,7.892129,0.8400,15.782430,5.991281
7,7.695771,0.8100,5.202797,0.8600,10.403765,4.971861
8,4.898893,0.8150,2.948332,0.8600,5.894834,3.830117
9,2.731677,0.8200,1.424708,0.8600,2.847585,2.654173
10,1.350988,0.8250,0.871969,0.8600,1.742102,2.018275
11,0.982397,0.8300,0.921488,0.8400,1.841140,2.010907
12,1.012799,0.8350,0.901472,0.7800,1.801108,1.945054
13,0.889929,0.8350,0.635962,0.7800,1.270093,1.651131
14,0.613031,0.8400,0.429980,0.8400,0.858133,1.392718
15,0.470149,0.8300,0.353376,0.8600,0.704929,1.268254
16,0.442073,0.8450,0.335743,0.9000,0.669663,1.271746
17,0.398420,0.8350,0.336705,0.8800,0.671588,1.268328
18,0.367213,0.8500,0.334601,0.9200,0.667383,1.252027
19,0.343319,0.9150,0.267379,0.9000,0.532946,1.125910
20,0.298740,0.8950,0.230251,0.9600,0.458694,1.030304
21,0.277549,0.8900,0.206233,0.9600,0.410662,0.964040
22,0.260165,0.9200,0.210789,0.9400,0.419775,0.959473
23,0.249933,0.9400,0.209929,0.9400,0.418059,0.957841
24,0.231006,0.9400,0.184577,0.9400,0.367357,0.908714
25,0.217092,0.9200,0.181920,0.9600,0.362047,0.909902
26,0.206161,0.9150,0.188579,0.9400,0.375367,0.935016
27,0.199002,0.9350,0.180494,0.9600,0.359198,0.908099
28,0.191213,0.9450,0.174656,0.9400,0.347524,0.881863
29,0.182683,0.9500,0.153123,0.9400,0.304460,0.825264
30,0.177703,0.9450,0.151808,0.9400,0.301832,0.821626
31,0.170270,0.9550,0.149421,0.9400,0.297059,0.806350
32,0.166482,0.9650,0.153419,0.9400,0.305054,0.816823
33,0.163356,0.9350,0.142875,0.9400,0.283967,0.794321
34,0.159047,0.9350,0.144348,0.9400,0.286915,0.792197
35,0.158128,0.9600,0.133584,0.9400,0.265389,0.756147
36,0.153095,0.9500,0.130717,0.9400,0.259654,0.750556
37,0.149448,0.9650,0.134666,0.9600,0.267553,0.761595
38,0.148032,0.9500,0.140218,0.9600,0.278656,0.774000
39,0.144168,0.9550,0.143165,0.9400,0.284549,0.781298
40,0.144056,0.9650,0.137574,0.9400,0.273369,0.757227
41,0.140069,0.9650,0.130609,0.9400,0.259437,0.743242
42,0.139920,0.9600,0.146897,0.9400,0.292013,0.779765
43,0.139532,0.9450,0.135410,0.9400,0.269040,0.757391
44,0.137545,0.9550,0.128089,0.9400,0.254398,0.744625
45,0.138362,0.9650,0.132719,0.9200,0.263657,0.753803
46,0.135886,0.9600,0.147835,0.9200,0.293888,0.798332
47,0.134002,0.9550,0.132225,0.9400,0.262667,0.759567
48,0.135399,0.9450,0.135517,0.9400,0.269251,0.754897
49,0.132322,0.9550,0.133099,0.9400,0.264415,0.750795
50,0.130585,0.9600,0.122078,0.9400,0.242374,0.710573
51,0.131603,0.9550,0.136597,0.9600,0.271412,0.748461
52,0.130287,0.9550,0.155674,0.9400,0.309563,0.797825
53,0.130099,0.9550,0.138367,0.9400,0.274950,0.764969
54,0.128140,0.9600,0.130929,0.9200,0.260074,0.745441
55,0.129841,0.9550,0.130411,0.9400,0.259038,0.746303
56,0.128434,0.9500,0.137976,0.9400,0.274167,0.767684
57,0.125212,0.9600,0.137559,0.9200,0.273333,0.763927
58,0.128469,0.9550,0.129406,0.9200,0.257026,0.735311
59,0.128145,0.9400,0.135455,0.9200,0.269126,0.747589
60,0.128423,0.9600,0.144453,0.9200,0.287119,0.775064
61,0.129653,0.9550,0.134317,0.9200,0.266847,0.755285
62,0.123552,0.9500,0.135542,0.9200,0.269297,0.768159
63,0.127037,0.9450,0.149512,0.9400,0.297236,0.810874
64,0.124820,0.9600,0.127180,0.9200,0.252572,0.741867
65,0.125106,0.9450,0.132963,0.9200,0.264139,0.749743
66,0.127711,0.9500,0.153801,0.9200,0.305814,0.786270
67,0.124839,0.9550,0.132959,0.9400,0.264130,0.748891
68,0.124056,0.9500,0.133136,0.9400,0.264486,0.742029
69,0.124989,0.9400,0.138516,0.9400,0.275245,0.756286
70,0.121693,0.9600,0.145734,0.9200,0.289681,0.787849
71,0.124538,0.9600,0.143996,0.9200,0.286204,0.781717
72,0.121135,0.9650,0.142023,0.9200,0.282259,0.777435
73,0.123079,0.9700,0.123755,0.9200,0.245722,0.724513
74,0.122521,0.9600,0.127865,0.9200,0.253943,0.737026
75,0.120060,0.9550,0.124812,0.9200,0.247835,0.739555
76,0.122546,0.9550,0.134561,0.9400,0.267333,0.759986
77,0.123215,0.9650,0.156013,0.9200,0.310236,0.805938
78,0.123254,0.9600,0.133947,0.9400,0.266103,0.761547
79,0.122042,0.9500,0.120965,0.9400,0.240140,0.725596
80,0.122357,0.9350,0.132213,0.9400,0.262637,0.745884
81,0.123645,0.9450,0.136598,0.9400,0.271404,0.759600
82,0.118635,0.9600,0.124870,0.9200,0.247949,0.733454
83,0.122441,0.9600,0.128921,0.9200,0.256050,0.739186
84,0.118471,0.9550,0.129458,0.9200,0.257125,0.738105
85,0.118960,0.9650,0.135270,0.9400,0.268750,0.754181
86,0.118008,0.9500,0.138366,0.9400,0.274942,0.759493
87,0.121581,0.9650,0.132651,0.9200,0.263513,0.746642
88,0.120376,0.9550,0.128632,0.9200,0.255473,0.738022
89,0.117236,0.9550,0.142870,0.9200,0.283950,0.772456
90,0.117573,0.9550,0.138593,0.9200,0.275395,0.767439
91,0.117456,0.9550,0.138065,0.9200,0.274338,0.765614
92,0.116866,0.9600,0.131743,0.9200,0.261694,0.748200
93,0.116870,0.9550,0.135911,0.9200,0.270030,0.756828
94,0.115710,0.9650,0.130004,0.9200,0.258215,0.744334
95,0.115622,0.9600,0.143936,0.9200,0.286081,0.774058
96,0.120562,0.9550,0.141402,0.9400,0.281012,0.776597
97,0.116711,0.9600,0.123159,0.9400,0.244526,0.724540
98,0.118115,0.9550,0.126685,0.9400,0.251578,0.725048
99,0.120534,0.9550,0.132544,0.9400,0.263296,0.746027
100,0.116475,0.9650,0.142026,0.9400,0.282260,0.780519
101,0.116681,0.9600,0.151268,0.9400,0.300743,0.801170
102,0.116933,0.9650,0.145021,0.9200,0.288250,0.774945
103,0.115189,0.9650,0.126513,0.9200,0.251236,0.730768
104,0.119455,0.9600,0.123238,0.9400,0.244686,0.719346
105,0.116970,0.9550,0.132617,0.9200,0.263443,0.740377
106,0.114099,0.9500,0.120151,0.9200,0.238510,0.713995
107,0.115140,0.9500,0.134704,0.9200,0.267615,0.761929
108,0.115174,0.9600,0.139425,0.9200,0.277057,0.782149
109,0.116127,0.9550,0.127816,0.9200,0.253840,0.748204
110,0.116764,0.9500,0.122778,0.9200,0.243764,0.721250
111,0.117210,0.9600,0.130617,0.9200,0.259442,0.741493
112,0.113983,0.9650,0.136897,0.9200,0.272001,0.753437
113,0.115468,0.9650,0.132240,0.9200,0.262687,0.746207
114,0.115524,0.9550,0.120601,0.9400,0.239409,0.708504
115,0.117144,0.9550,0.129118,0.9400,0.256443,0.736674
116,0.115063,0.9600,0.150255,0.9200,0.298716,0.792484
117,0.116880,0.9500,0.128158,0.9400,0.254523,0.742055
118,0.117605,0.9500,0.128735,0.9200,0.255677,0.734121
119,0.114489,0.9600,0.136184,0.9400,0.270574,0.757779
120,0.113487,0.9550,0.142938,0.9400,0.284083,0.773494
121,0.115058,0.9650,0.138536,0.9200,0.275279,0.764208
122,0.112110,0.9650,0.144692,0.9200,0.287590,0.775251
123,0.113969,0.9650,0.132735,0.9200,0.263677,0.756996
124,0.115599,0.9550,0.128538,0.9200,0.255282,0.739723
125,0.117229,0.9650,0.147815,0.9200,0.293836,0.782945
126,0.113904,0.9600,0.131242,0.9200,0.260689,0.754663
127,0.119304,0.9550,0.130292,0.9400,0.258791,0.744401
128,0.112235,0.9550,0.151973,0.9200,0.302153,0.789524
129,0.116254,0.9550,0.135122,0.9200,0.268450,0.753065
130,0.111235,0.9500,0.128437,0.9200,0.255080,0.733688
131,0.113135,0.9550,0.128899,0.9200,0.256004,0.734845
132,0.111564,0.9600,0.128824,0.9200,0.255854,0.740378
133,0.113022,0.9450,0.129559,0.9200,0.257324,0.735485
134,0.115347,0.9500,0.132688,0.9200,0.263583,0.739096
135,0.113521,0.9450,0.125502,0.9200,0.249211,0.733544
136,0.111959,0.9600,0.140483,0.9400,0.279170,0.772358
137,0.113588,0.9550,0.135082,0.9200,0.268369,0.763243
138,0.110485,0.9550,0.131240,0.9200,0.260685,0.753037
139,0.114721,0.9600,0.135101,0.9200,0.268406,0.755976
140,0.113104,0.9550,0.132802,0.9200,0.263809,0.756363
141,0.112718,0.9550,0.134760,0.9200,0.267724,0.753588
142,0.112932,0.9600,0.136702,0.9200,0.271610,0.753109
143,0.112104,0.9400,0.126227,0.9200,0.250660,0.726913
144,0.113219,0.9450,0.131824,0.9200,0.261853,0.752560
145,0.112784,0.9450,0.149954,0.9200,0.298113,0.793378
146,0.113914,0.9600,0.155598,0.9200,0.309401,0.808948
147,0.112497,0.9600,0.129100,0.9200,0.256404,0.746677
148,0.118469,0.9600,0.127298,0.9200,0.252799,0.732435
149,0.113911,0.9600,0.144761,0.9200,0.287725,0.767328
150,0.111392,0.9650,0.131984,0.9200,0.262170,0.746805
151,0.115731,0.9600,0.133307,0.9200,0.264816,0.756978
152,0.111874,0.9600,0.150914,0.9200,0.300029,0.782459
153,0.115655,0.9550,0.136054,0.9200,0.270309,0.749809
154,0.111831,0.9400,0.120993,0.9200,0.240188,0.718839
155,0.110802,0.9550,0.136970,0.9200,0.272140,0.755855
1,25.791645,0.7500,23.329285,0.7400,46.658570,9.713034
2,24.039268,0.7900,21.288962,0.8400,42.577923,9.312879
3,21.769334,0.8250,18.931299,0.8400,37.862599,8.838509
4,19.319995,0.8200,16.441208,0.8400,32.882416,8.303820
5,16.694310,0.8100,13.850019,0.8400,27.700038,7.701425
6,13.763431,0.8100,11.079775,0.8200,22.159551,6.995291
7,10.955893,0.8050,8.293912,0.8200,16.587825,6.182884
8,8.019648,0.8050,5.660729,0.8200,11.321459,5.233208
9,5.344186,0.8050,3.425138,0.8400,6.850277,4.131831
10,3.122186,0.8100,1.915327,0.8600,3.830655,2.969315
11,1.859580,0.8250,1.475064,0.8600,2.950128,2.509291
12,1.542196,0.8400,1.306875,0.8400,2.613750,2.427454
13,1.345380,0.8450,1.094353,0.8400,2.188706,2.245118
14,1.135391,0.8400,0.905692,0.8400,1.811384,2.060932
15,0.941076,0.8450,0.735505,0.8400,1.471009,1.866635
16,0.765923,0.8500,0.577458,0.8400,1.154916,1.685077
17,0.610463,0.8500,0.458294,0.8400,0.916587,1.500148
18,0.499447,0.8400,0.385022,0.8600,0.770043,1.355244
19,0.424393,0.8300,0.342528,0.8600,0.685056,1.271355
20,0.381825,0.8850,0.317229,0.9200,0.634457,1.230023
21,0.356253,0.8850,0.306555,0.9000,0.613109,1.223408
22,0.341710,0.9200,0.283416,0.9400,0.566832,1.165103
23,0.338508,0.9100,0.282180,0.9000,0.564359,1.154975
24,0.307065,0.9300,0.286644,0.9400,0.573288,1.172671
25,0.305370,0.9500,0.251776,0.9400,0.503552,1.089005
26,0.285174,0.9300,0.258459,0.9400,0.516918,1.095809
27,0.277000,0.9500,0.232432,0.9400,0.464865,1.040551
28,0.262666,0.9450,0.242390,0.9400,0.484780,1.055139
29,0.256431,0.9350,0.227101,0.9600,0.454202,1.013215
30,0.254072,0.9450,0.223079,0.9400,0.446158,1.005025
31,0.234412,0.9450,0.208536,0.9600,0.417073,0.974809
32,0.229656,0.9350,0.213457,0.9600,0.426914,0.982405
33,0.221814,0.9500,0.200308,0.9800,0.400616,0.957487
34,0.217848,0.9300,0.195618,0.9600,0.391236,0.944139
35,0.208309,0.9500,0.198925,0.9600,0.397849,0.956430
36,0.206841,0.9350,0.188651,0.9600,0.377303,0.929901
37,0.201323,0.9500,0.205010,0.9600,0.410020,0.968648
38,0.199562,0.9400,0.170155,0.9800,0.340310,0.881927
39,0.189360,0.9350,0.179914,0.9800,0.359828,0.906597
40,0.184081,0.9450,0.168375,0.9400,0.336750,0.881875
41,0.186643,0.9250,0.172604,0.9600,0.345207,0.889665
42,0.175383,0.9350,0.177482,0.9600,0.354964,0.894086
43,0.183168,0.9350,0.173685,0.9600,0.347370,0.885689
44,0.176710,0.9550,0.168488,0.9800,0.336977,0.871573
45,0.172180,0.9400,0.166861,0.9600,0.333722,0.871049
46,0.165555,0.9350,0.171965,0.9600,0.343929,0.882870
47,0.163203,0.9300,0.163185,0.9600,0.326370,0.856914
48,0.164393,0.9450,0.161054,0.9800,0.322109,0.850652
49,0.162061,0.9400,0.162321,0.9600,0.324641,0.854994
50,0.160871,0.9400,0.161031,0.9600,0.322061,0.851466
51,0.154861,0.9400,0.159291,0.9600,0.318582,0.839666
52,0.154519,0.9300,0.170627,0.9600,0.341255,0.875533
53,0.155842,0.9450,0.173387,0.9400,0.346774,0.876690
54,0.154212,0.9350,0.147126,0.9800,0.294253,0.801318
55,0.156837,0.9300,0.153364,0.9400,0.306729,0.826912
56,0.149683,0.9400,0.148050,0.9600,0.296100,0.812604
57,0.151487,0.9350,0.155371,0.9600,0.310742,0.822224
58,0.158087,0.9400,0.151761,0.9600,0.303521,0.816393
59,0.143758,0.9350,0.146710,0.9600,0.293421,0.806619
60,0.141822,0.9450,0.176178,0.9800,0.352356,0.881438
61,0.149989,0.9550,0.150779,0.9600,0.301558,0.820409
62,0.142010,0.9200,0.143192,0.9600,0.286383,0.790023
63,0.138371,0.9400,0.152228,0.9800,0.304457,0.822898
64,0.140947,0.9450,0.153798,0.9400,0.307596,0.830955
65,0.140780,0.9450,0.149564,1.0000,0.299128,0.814098
66,0.138008,0.9450,0.141913,0.9400,0.283827,0.796180
67,0.135103,0.9300,0.147176,0.9400,0.294351,0.799850
68,0.137298,0.9450,0.131623,1.0000,0.263246,0.757566
69,0.135951,0.9450,0.137949,0.9800,0.275898,0.772851
70,0.133251,0.9300,0.130406,0.9800,0.260811,0.749773
71,0.139653,0.9350,0.138643,0.9600,0.277286,0.778633
72,0.134545,0.9500,0.140526,0.9600,0.281052,0.788602
73,0.135824,0.9350,0.144451,0.9400,0.288902,0.796060
74,0.131490,0.9300,0.150619,0.9600,0.301238,0.811012
75,0.136268,0.9500,0.130144,0.9800,0.260288,0.748626
76,0.139919,0.9400,0.133161,0.9600,0.266321,0.759982
77,0.128509,0.9400,0.145287,0.9400,0.290573,0.796777
78,0.130567,0.9350,0.131697,0.9800,0.263395,0.752999
79,0.129406,0.9400,0.133736,0.9800,0.267472,0.758116
80,0.131733,0.9400,0.147341,0.9600,0.294682,0.793486
81,0.129335,0.9400,0.144059,0.9400,0.288117,0.786774
82,0.126505,0.9400,0.142434,0.9800,0.284868,0.774781
83,0.127054,0.9400,0.135865,0.9800,0.271729,0.760849
84,0.126803,0.9350,0.135826,0.9600,0.271652,0.763188
85,0.129228,0.9300,0.140138,0.9600,0.280276,0.773256
86,0.125393,0.9450,0.129511,0.9600,0.259022,0.733982
87,0.130337,0.9400,0.147799,0.9600,0.295598,0.790262
88,0.131266,0.9400,0.132149,0.9600,0.264298,0.756547
89,0.128674,0.9450,0.128917,0.9600,0.257834,0.741790
90,0.124524,0.9400,0.130661,0.9200,0.261322,0.747266
91,0.125817,0.9250,0.140127,0.9600,0.280253,0.770230
92,0.127456,0.9400,0.132280,0.9600,0.264559,0.743360
93,0.125973,0.9450,0.136957,0.9400,0.273914,0.771939
94,0.127708,0.9400,0.153737,0.9800,0.307474,0.807012
95,0.126846,0.9400,0.129960,0.9600,0.259920,0.741671
96,0.122237,0.9450,0.130702,0.9600,0.261403,0.744901
97,0.123194,0.9350,0.135492,0.9400,0.270985,0.758114
98,0.122675,0.9350,0.132195,0.9800,0.264389,0.745202
99,0.124303,0.9350,0.132620,0.9600,0.265240,0.745568
100,0.121595,0.9450,0.138255,0.9600,0.276510,0.767378
101,0.121958,0.9500,0.128628,0.9800,0.257255,0.732655
102,0.126829,0.9350,0.139619,0.9400,0.279239,0.771189
103,0.123020,0.9450,0.136700,0.9600,0.273399,0.761629
104,0.120553,0.9350,0.134705,0.9600,0.269410,0.753668
105,0.126354,0.9500,0.131752,0.9400,0.263504,0.752294
106,0.128324,0.9300,0.131695,0.9800,0.263391,0.734584
107,0.122297,0.9350,0.135756,0.9600,0.271512,0.762943
108,0.121412,0.9400,0.148282,0.9600,0.296565,0.793269
109,0.124831,0.9450,0.125910,0.9800,0.251819,0.724205
110,0.122515,0.9400,0.134610,0.9600,0.269220,0.753271
111,0.121031,0.9450,0.135942,0.9400,0.271885,0.766174
112,0.118929,0.9450,0.140297,0.9600,0.280594,0.761506
113,0.122019,0.9400,0.139897,0.9600,0.279794,0.777036
114,0.125661,0.9350,0.138466,0.9400,0.276931,0.762493
115,0.119452,0.9350,0.122922,0.9800,0.245844,0.710449
116,0.121770,0.9350,0.133006,0.9600,0.266013,0.741880
117,0.122483,0.9250,0.133238,0.9800,0.266475,0.746768
118,0.118092,0.9450,0.136316,0.9600,0.272632,0.760512
119,0.118636,0.9400,0.145601,0.9600,0.291201,0.774858
120,0.121519,0.9450,0.127293,0.9600,0.254586,0.732032
121,0.120692,0.9550,0.126889,0.9600,0.253778,0.731234
122,0.121142,0.9400,0.132378,0.9600,0.264757,0.740071
123,0.119321,0.9550,0.126418,1.0000,0.252835,0.727188
124,0.119755,0.9500,0.137598,0.9600,0.275196,0.762447
125,0.119948,0.9350,0.130718,0.9600,0.261436,0.751953
126,0.119624,0.9500,0.136038,0.9400,0.272075,0.767718
127,0.119191,0.9500,0.127134,0.9600,0.254268,0.734654
128,0.121332,0.9350,0.131548,0.9400,0.263097,0.748055
129,0.123735,0.9450,0.136962,0.9600,0.273924,0.762525
130,0.121024,0.9500,0.132983,0.9400,0.265967,0.744915
131,0.117918,0.9400,0.129189,0.9600,0.258379,0.729452
132,0.118640,0.9400,0.122515,0.9800,0.245030,0.713293
133,0.119254,0.9450,0.147839,0.9600,0.295677,0.787140
134,0.123619,0.9450,0.131597,0.9800,0.263194,0.748439
135,0.117331,0.9450,0.127780,0.9800,0.255560,0.722502
136,0.120075,0.9400,0.131783,0.9600,0.263567,0.742304
137,0.117755,0.9400,0.138907,0.9600,0.277815,0.759354
138,0.118042,0.9400,0.130648,0.9600,0.261296,0.737263
139,0.118246,0.9400,0.139779,0.9600,0.279558,0.764874
140,0.116325,0.9450,0.137226,0.9600,0.274452,0.762808
141,0.115621,0.9500,0.127033,0.9800,0.254067,0.735182
142,0.119669,0.9400,0.145725,0.9600,0.291451,0.782233
143,0.127307,0.9500,0.131951,0.9600,0.263902,0.750899
144,0.116990,0.9500,0.130423,0.9600,0.260847,0.743267
145,0.115106,0.9500,0.140445,0.9600,0.280890,0.767934
146,0.116149,0.9400,0.132947,0.9600,0.265895,0.748398
147,0.115522,0.9500,0.128995,0.9600,0.257989,0.738186
148,0.114224,0.9400,0.129890,0.9600,0.259781,0.737885
149,0.115287,0.9400,0.124995,0.9800,0.249990,0.726191
150,0.117297,0.9400,0.127930,0.9400,0.255861,0.732523
151,0.114808,0.9400,0.130189,0.9600,0.260377,0.740275
152,0.117264,0.9450,0.123897,0.9600,0.247793,0.721089
153,0.114785,0.9350,0.131138,0.9600,0.262276,0.745219
154,0.114162,0.9450,0.135669,0.9600,0.271338,0.763070
155,0.113474,0.9500,0.127647,0.9800,0.255295,0.737026
156,0.114854,0.9400,0.133085,0.9400,0.266171,0.751262
157,0.115960,0.9600,0.130982,0.9200,0.261965,0.748033
158,0.116306,0.9500,0.133877,0.9400,0.267753,0.753022
159,0.114061,0.9450,0.129754,0.9400,0.259508,0.735573
160,0.116197,0.9500,0.126864,0.9400,0.253728,0.725084
161,0.113705,0.9450,0.131019,0.9400,0.262037,0.742042
162,0.115378,0.9400,0.132228,0.9400,0.264455,0.748845
163,0.114528,0.9350,0.155820,0.9600,0.311640,0.805554
164,0.125972,0.9400,0.140687,0.9400,0.281375,0.765292
165,0.114166,0.9450,0.129077,0.9800,0.258155,0.733037
166,0.114347,0.9450,0.150450,0.9400,0.300900,0.786955
167,0.122160,0.9600,0.126796,0.9800,0.253591,0.729204
168,0.115151,0.9400,0.128475,0.9800,0.256950,0.733938
169,0.114852,0.9450,0.147121,0.9600,0.294242,0.780667
170,0.116193,0.9450,0.131544,0.9600,0.263088,0.742444
171,0.113699,0.9400,0.135650,0.9600,0.271300,0.754251
172,0.112289,0.9350,0.126659,0.9600,0.253319,0.730795
173,0.112025,0.9450,0.137652,0.9600,0.275304,0.765701
174,0.114322,0.9500,0.134437,0.9600,0.268874,0.759399
175,0.112986,0.9550,0.128380,0.9800,0.256760,0.743035
176,0.117010,0.9600,0.133423,0.9400,0.266846,0.749737
177,0.116812,0.9550,0.128170,0.9400,0.256340,0.736103
178,0.118034,0.9450,0.130981,0.9400,0.261961,0.749860
179,0.116422,0.9450,0.147506,0.9600,0.295012,0.793292
180,0.115248,0.9450,0.128130,0.9400,0.256260,0.743493
181,0.112034,0.9350,0.144972,0.9600,0.289944,0.790806
182,0.121596,0.9450,0.146949,0.9600,0.293898,0.798298
183,0.116355,0.9450,0.134354,0.9800,0.268708,0.757362
184,0.111729,0.9450,0.130357,0.9400,0.260713,0.744834
185,0.112476,0.9500,0.130554,0.9600,0.261108,0.744280
186,0.112842,0.9550,0.138308,0.9600,0.276616,0.759227
187,0.111567,0.9550,0.141449,0.9600,0.282898,0.778757
188,0.113561,0.9450,0.141191,0.9600,0.282382,0.779947
189,0.112527,0.9500,0.140183,0.9600,0.280366,0.769790
190,0.112500,0.9450,0.134124,0.9600,0.268248,0.758345
191,0.111802,0.9450,0.138186,0.9600,0.276372,0.777708
192,0.111928,0.9550,0.136835,0.9600,0.273669,0.768440
193,0.113792,0.9600,0.131710,0.9600,0.263419,0.744740
194,0.111333,0.9550,0.124594,0.9600,0.249189,0.729593
195,0.113295,0.9600,0.138597,0.9600,0.277195,0.775334
196,0.110878,0.9600,0.131196,0.9600,0.262392,0.749782
197,0.113221,0.9600,0.130456,0.9600,0.260912,0.737784
198,0.111844,0.9400,0.129003,0.9800,0.258007,0.742339
199,0.109601,0.9500,0.142649,0.9400,0.285299,0.772012
200,0.113964,0.9600,0.132699,0.9200,0.265397,0.746793
1,25.791645,0.7500,23.329285,0.7400,46.658570,9.713034
2,24.039268,0.7900,21.288962,0.8400,42.577923,9.312879
3,21.769334,0.8250,18.931299,0.8400,37.862599,8.838509
4,19.319995,0.8200,16.441208,0.8400,32.882416,8.303820
5,16.694310,0.8100,13.850019,0.8400,27.700038,7.701425
6,13.763431,0.8100,11.079775,0.8200,22.159551,6.995291
7,10.955893,0.8050,8.293912,0.8200,16.587825,6.182884
8,8.019648,0.8050,5.660729,0.8200,11.321459,5.233208
9,5.344186,0.8050,3.425138,0.8400,6.850277,4.131831
10,3.122186,0.8100,1.915327,0.8600,3.830655,2.969315
11,1.859580,0.8250,1.475064,0.8600,2.950128,2.509291
12,1.542196,0.8400,1.306875,0.8400,2.613750,2.427454
13,1.345380,0.8450,1.094353,0.8400,2.188706,2.245118
14,1.135391,0.8400,0.905692,0.8400,1.811384,2.060932
15,0.941076,0.8450,0.735505,0.8400,1.471009,1.866635
16,0.765923,0.8500,0.577458,0.8400,1.154916,1.685077
17,0.610463,0.8500,0.458294,0.8400,0.916587,1.500148
18,0.499447,0.8400,0.385022,0.8600,0.770043,1.355244
19,0.424393,0.8300,0.342528,0.8600,0.685056,1.271355
20,0.381825,0.8850,0.317229,0.9200,0.634457,1.230023
21,0.356253,0.8850,0.306555,0.9000,0.613109,1.223408
22,0.341710,0.9200,0.283416,0.9400,0.566832,1.165103
23,0.338508,0.9100,0.282180,0.9000,0.564359,1.154975
24,0.307065,0.9300,0.286644,0.9400,0.573288,1.172671
25,0.305370,0.9500,0.251776,0.9400,0.503552,1.089005
26,0.285174,0.9300,0.258459,0.9400,0.516918,1.095809
27,0.277000,0.9500,0.232432,0.9400,0.464865,1.040551
28,0.262666,0.9450,0.242390,0.9400,0.484780,1.055139
29,0.256431,0.9350,0.227101,0.9600,0.454202,1.013215
30,0.254072,0.9450,0.223079,0.9400,0.446158,1.005025
31,0.234412,0.9450,0.208536,0.9600,0.417073,0.974809
32,0.229656,0.9350,0.213457,0.9600,0.426914,0.982405
33,0.221814,0.9500,0.200308,0.9800,0.400616,0.957487
34,0.217848,0.9300,0.195618,0.9600,0.391236,0.944139
35,0.208309,0.9500,0.198925,0.9600,0.397849,0.956430
36,0.206841,0.9350,0.188651,0.9600,0.377303,0.929901
37,0.201323,0.9500,0.205010,0.9600,0.410020,0.968648
38,0.199562,0.9400,0.170155,0.9800,0.340310,0.881927
39,0.189360,0.9350,0.179914,0.9800,0.359828,0.906597
40,0.184081,0.9450,0.168375,0.9400,0.336750,0.881875
41,0.186643,0.9250,0.172604,0.9600,0.345207,0.889665
42,0.175383,0.9350,0.177482,0.9600,0.354964,0.894086
43,0.183168,0.9350,0.173685,0.9600,0.347370,0.885689
44,0.176710,0.9550,0.168488,0.9800,0.336977,0.871573
45,0.172180,0.9400,0.166861,0.9600,0.333722,0.871049
46,0.165555,0.9350,0.171965,0.9600,0.343929,0.882870
47,0.163203,0.9300,0.163185,0.9600,0.326370,0.856914
48,0.164393,0.9450,0.161054,0.9800,0.322109,0.850652
49,0.162061,0.9400,0.162321,0.9600,0.324641,0.854994
50,0.160871,0.9400,0.161031,0.9600,0.322061,0.851466
51,0.154861,0.9400,0.159291,0.9600,0.318582,0.839666
52,0.154519,0.9300,0.170627,0.9600,0.341255,0.875533
53,0.155842,0.9450,0.173387,0.9400,0.346774,0.876690
54,0.154212,0.9350,0.147126,0.9800,0.294253,0.801318
55,0.156837,0.9300,0.153364,0.9400,0.306729,0.826912
56,0.149683,0.9400,0.148050,0.9600,0.296100,0.812604
57,0.151487,0.9350,0.155371,0.9600,0.310742,0.822224
58,0.158087,0.9400,0.151761,0.9600,0.303521,0.816393
59,0.143758,0.9350,0.146710,0.9600,0.293421,0.806619
60,0.141822,0.9450,0.176178,0.9800,0.352356,0.881438
61,0.149989,0.9550,0.150779,0.9600,0.301558,0.820409
62,0.142010,0.9200,0.143192,0.9600,0.286383,0.790023
63,0.138371,0.9400,0.152228,0.9800,0.304457,0.822898
64,0.140947,0.9450,0.153798,0.9400,0.307596,0.830955
65,0.140780,0.9450,0.149564,1.0000,0.299128,0.814098
66,0.138008,0.9450,0.141913,0.9400,0.283827,0.796180
67,0.135103,0.9300,0.147176,0.9400,0.294351,0.799850
68,0.137298,0.9450,0.131623,1.0000,0.263246,0.757566
69,0.135951,0.9450,0.137949,0.9800,0.275898,0.772851
70,0.133251,0.9300,0.130406,0.9800,0.260811,0.749773
71,0.139653,0.9350,0.138643,0.9600,0.277286,0.778633
72,0.134545,0.9500,0.140526,0.9600,0.281052,0.788602
73,0.135824,0.9350,0.144451,0.9400,0.288902,0.796060
74,0.131490,0.9300,0.150619,0.9600,0.301238,0.811012
75,0.136268,0.9500,0.130144,0.9800,0.260288,0.748626
76,0.139919,0.9400,0.133161,0.9600,0.266321,0.759982
77,0.128509,0.9400,0.145287,0.9400,0.290573,0.796777
78,0.130567,0.9350,0.131697,0.9800,0.263395,0.752999
79,0.129406,0.9400,0.133736,0.9800,0.267472,0.758116
80,0.131733,0.9400,0.147341,0.9600,0.294682,0.793486
81,0.129335,0.9400,0.144059,0.9400,0.288117,0.786774
82,0.126505,0.9400,0.142434,0.9800,0.284868,0.774781
83,0.127054,0.9400,0.135865,0.9800,0.271729,0.760849
84,0.126803,0.9350,0.135826,0.9600,0.271652,0.763188
85,0.129228,0.9300,0.140138,0.9600,0.280276,0.773256
86,0.125393,0.9450,0.129511,0.9600,0.259022,0.733982
87,0.130337,0.9400,0.147799,0.9600,0.295598,0.790262
88,0.131266,0.9400,0.132149,0.9600,0.264298,0.756547
89,0.128674,0.9450,0.128917,0.9600,0.257834,0.741790
90,0.124524,0.9400,0.130661,0.9200,0.261322,0.747266
91,0.125817,0.9250,0.140127,0.9600,0.280253,0.770230
92,0.127456,0.9400,0.132280,0.9600,0.264559,0.743360
93,0.125973,0.9450,0.136957,0.9400,0.273914,0.771939
94,0.127708,0.9400,0.153737,0.9800,0.307474,0.807012
95,0.126846,0.9400,0.129960,0.9600,0.259920,0.741671
96,0.122237,0.9450,0.130702,0.9600,0.261403,0.744901
97,0.123194,0.9350,0.135492,0.9400,0.270985,0.758114
98,0.122675,0.9350,0.132195,0.9800,0.264389,0.745202
99,0.124303,0.9350,0.132620,0.9600,0.265240,0.745568
100,0.121595,0.9450,0.138255,0.9600,0.276510,0.767378
101,0.121958,0.9500,0.128628,0.9800,0.257255,0.732655
102,0.126829,0.9350,0.139619,0.9400,0.279239,0.771189
103,0.123020,0.9450,0.136700,0.9600,0.273399,0.761629
104,0.120553,0.9350,0.134705,0.9600,0.269410,0.753668
105,0.126354,0.9500,0.131752,0.9400,0.263504,0.752294
106,0.128324,0.9300,0.131695,0.9800,0.263391,0.734584
107,0.122297,0.9350,0.135756,0.9600,0.271512,0.762943
108,0.121412,0.9400,0.148282,0.9600,0.296565,0.793269
109,0.124831,0.9450,0.125910,0.9800,0.251819,0.724205
110,0.122515,0.9400,0.134610,0.9600,0.269220,0.753271
111,0.121031,0.9450,0.135942,0.9400,0.271885,0.766174
112,0.118929,0.9450,0.140297,0.9600,0.280594,0.761506
113,0.122019,0.9400,0.139897,0.9600,0.279794,0.777036
114,0.125661,0.9350,0.138466,0.9400,0.276931,0.762493
115,0.119452,0.9350,0.122922,0.9800,0.245844,0.710449
116,0.121770,0.9350,0.133006,0.9600,0.266013,0.741880
117,0.122483,0.9250,0.133238,0.9800,0.266475,0.746768
118,0.118092,0.9450,0.136316,0.9600,0.272632,0.760512
119,0.118636,0.9400,0.145601,0.9600,0.291201,0.774858
120,0.121519,0.9450,0.127293,0.9600,0.254586,0.732032
121,0.120692,0.9550,0.126889,0.9600,0.253778,0.731234
122,0.121142,0.9400,0.132378,0.9600,0.264757,0.740071
123,0.119321,0.9550,0.126418,1.0000,0.252835,0.727188
124,0.119755,0.9500,0.137598,0.9600,0.275196,0.762447
125,0.119948,0.9350,0.130718,0.9600,0.261436,0.751953
126,0.119624,0.9500,0.136038,0.9400,0.272075,0.767718
127,0.119191,0.9500,0.127134,0.9600,0.254268,0.734654
128,0.121332,0.9350,0.131548,0.9400,0.263097,0.748055
129,0.123735,0.9450,0.136962,0.9600,0.273924,0.762525
130,0.121024,0.9500,0.132983,0.9400,0.265967,0.744915
131,0.117918,0.9400,0.129189,0.9600,0.258379,0.729452
132,0.118640,0.9400,0.122515,0.9800,0.245030,0.713293
133,0.119254,0.9450,0.147839,0.9600,0.295677,0.787140
134,0.123619,0.9450,0.131597,0.9800,0.263194,0.748439
135,0.117331,0.9450,0.127780,0.9800,0.255560,0.722502
136,0.120075,0.9400,0.131783,0.9600,0.263567,0.742304
137,0.117755,0.9400,0.138907,0.9600,0.277815,0.759354
138,0.118042,0.9400,0.130648,0.9600,0.261296,0.737263
139,0.118246,0.9400,0.139779,0.9600,0.279558,0.764874
140,0.116325,0.9450,0.137226,0.9600,0.274452,0.762808
141,0.115621,0.9500,0.127033,0.9800,0.254067,0.735182
142,0.119669,0.9400,0.145725,0.9600,0.291451,0.782233
143,0.127307,0.9500,0.131951,0.9600,0.263902,0.750899
144,0.116990,0.9500,0.130423,0.9600,0.260847,0.743267
145,0.115106,0.9500,0.140445,0.9600,0.280890,0.767934
146,0.116149,0.9400,0.132947,0.9600,0.265895,0.748398
147,0.115522,0.9500,0.128995,0.9600,0.257989,0.738186
148,0.114224,0.9400,0.129890,0.9600,0.259781,0.737885
149,0.115287,0.9400,0.124995,0.9800,0.249990,0.726191
150,0.117297,0.9400,0.127930,0.9400,0.255861,0.732523
151,0.114808,0.9400,0.130189,0.9600,0.260377,0.740275
152,0.117264,0.9450,0.123897,0.9600,0.247793,0.721089
153,0.114785,0.9350,0.131138,0.9600,0.262276,0.745219
154,0.114162,0.9450,0.135669,0.9600,0.271338,0.763070
155,0.113474,0.9500,0.127647,0.9800,0.255295,0.737026
156,0.114854,0.9400,0.133085,0.9400,0.266171,0.751262
157,0.115960,0.9600,0.130982,0.9200,0.261965,0.748033
158,0.116306,0.9500,0.133877,0.9400,0.267753,0.753022
159,0.114061,0.9450,0.129754,0.9400,0.259508,0.735573
160,0.116197,0.9500,0.126864,0.9400,0.253728,0.725084
161,0.113705,0.9450,0.131019,0.9400,0.262037,0.742042
162,0.115378,0.9400,0.132228,0.9400,0.264455,0.748845
163,0.114528,0.9350,0.155820,0.9600,0.311640,0.805554
164,0.125972,0.9400,0.140687,0.9400,0.281375,0.765292
165,0.114166,0.9450,0.129077,0.9800,0.258155,0.733037
166,0.114347,0.9450,0.150450,0.9400,0.300900,0.786955
167,0.122160,0.9600,0.126796,0.9800,0.253591,0.729204
168,0.115151,0.9400,0.128475,0.9800,0.256950,0.733938
169,0.114852,0.9450,0.147121,0.9600,0.294242,0.780667
170,0.116193,0.9450,0.131544,0.9600,0.263088,0.742444
171,0.113699,0.9400,0.135650,0.9600,0.271300,0.754251
172,0.112289,0.9350,0.126659,0.9600,0.253319,0.730795
173,0.112025,0.9450,0.137652,0.9600,0.275304,0.765701
174,0.114322,0.9500,0.134437,0.9600,0.268874,0.759399
175,0.112986,0.9550,0.128380,0.9800,0.256760,0.743035
176,0.117010,0.9600,0.133423,0.9400,0.266846,0.749737
177,0.116812,0.9550,0.128170,0.9400,0.256340,0.736103
178,0.118034,0.9450,0.130981,0.9400,0.261961,0.749860
179,0.116422,0.9450,0.147506,0.9600,0.295012,0.793292
180,0.115248,0.9450,0.128130,0.9400,0.256260,0.743493
181,0.112034,0.9350,0.144972,0.9600,0.289944,0.790806
182,0.121596,0.9450,0.146949,0.9600,0.293898,0.798298
183,0.116355,0.9450,0.134354,0.9800,0.268708,0.757362
184,0.111729,0.9450,0.130357,0.9400,0.260713,0.744834
185,0.112476,0.9500,0.130554,0.9600,0.261108,0.744280
186,0.112842,0.9550,0.138308,0.9600,0.276616,0.759227
187,0.111567,0.9550,0.141449,0.9600,0.282898,0.778757
188,0.113561,0.9450,0.141191,0.9600,0.282382,0.779947
189,0.112527,0.9500,0.140183,0.9600,0.280366,0.769790
190,0.112500,0.9450,0.134124,0.9600,0.268248,0.758345
191,0.111802,0.9450,0.138186,0.9600,0.276372,0.777708
192,0.111928,0.9550,0.136835,0.9600,0.273669,0.768440
193,0.113792,0.9600,0.131710,0.9600,0.263419,0.744740
194,0.111333,0.9550,0.124594,0.9600,0.249189,0.729593
195,0.113295,0.9600,0.138597,0.9600,0.277195,0.775334
196,0.110878,0.9600,0.131196,0.9600,0.262392,0.749782
197,0.113221,0.9600,0.130456,0.9600,0.260912,0.737784
198,0.111844,0.9400,0.129003,0.9800,0.258007,0.742339
199,0.109601,0.9500,0.142649,0.9400,0.285299,0.772012
200,0.113964,0.9600,0.132699,0.9200,0.265397,0.746793
1,25.203162,0.0000,22.167590,
2,22.102689,0.0000,18.950689,
3,18.657037,0.0000,15.697395,
4,15.361699,0.0000,12.496752,
5,11.922246,0.0000,9.209005,
6,8.571735,0.0000,6.304772,
7,5.799108,0.0000,3.919875,
8,3.520512,0.0000,2.213354,
9,2.008342,0.0000,1.275073,
10,1.324297,0.0000,0.982749,
11,1.045044,0.0000,0.746146,
12,0.820323,0.0000,0.583471,
13,0.654755,0.0000,0.475385,
14,0.550832,0.0000,0.391662,
15,0.461457,0.0000,0.331666,
16,0.411406,0.0000,0.312438,
17,0.379415,0.0000,0.276052,
18,0.355208,0.0000,0.276367,
19,0.322115,0.0000,0.248342,
20,0.301660,0.0000,0.238170,
21,0.286304,0.0000,0.227392,
22,0.273790,0.0000,0.224874,
23,0.260159,0.0000,0.206235,
24,0.254327,0.0000,0.204274,
25,0.244091,0.0000,0.197439,
26,0.232045,0.0000,0.183376,
27,0.224857,0.0000,0.190232,
28,0.216188,0.0000,0.183217,
29,0.214485,0.0000,0.169206,
30,0.214885,0.0000,0.198865,
31,0.203515,0.0000,0.165643,
32,0.200617,0.0000,0.176845,
33,0.192891,0.0000,0.159547,
34,0.185704,0.0000,0.184221,
35,0.186119,0.0000,0.156029,
36,0.183268,0.0000,0.153154,
37,0.177248,0.0000,0.145508,
38,0.177694,0.0000,0.147579,
39,0.170967,0.0000,0.142726,
40,0.174063,0.0000,0.157638,
41,0.170927,0.0000,0.153465,
42,0.165159,0.0000,0.153485,
43,0.168395,0.0000,0.142221,
44,0.162671,0.0000,0.142094,
45,0.156493,0.0000,0.149213,
46,0.160710,0.0000,0.143379,
47,0.153537,0.0000,0.141914,
48,0.152271,0.0000,0.133982,
49,0.153474,0.0000,0.148914,
50,0.151573,0.0000,0.139918,
51,0.148254,0.0000,0.138406,
52,0.146149,0.0000,0.151437,
53,0.148941,0.0000,0.135445,
54,0.147540,0.0000,0.133396,
55,0.145411,0.0000,0.130905,
56,0.149948,0.0000,0.146486,
57,0.144201,0.0000,0.137982,
58,0.142699,0.0000,0.132691,
59,0.142133,0.0000,0.155708,
60,0.143430,0.0000,0.132490,
61,0.142196,0.0000,0.129071,
62,0.138682,0.0000,0.145135,
63,0.142845,0.0000,0.143168,
64,0.137924,0.0000,0.133750,
65,0.135588,0.0000,0.130419,
66,0.135162,0.0000,0.139352,
67,0.135496,0.0000,0.131153,
68,0.135504,0.0000,0.124648,
69,0.132467,0.0000,0.124642,
70,0.134708,0.0000,0.137457,
71,0.133894,0.0000,0.121223,
72,0.133830,0.0000,0.126655,
73,0.136768,0.0000,0.142714,
74,0.132726,0.0000,0.121940,
75,0.136772,0.0000,0.135350,
76,0.136037,0.0000,0.139477,
77,0.131385,0.0000,0.137765,
78,0.129426,0.0000,0.121374,
79,0.134251,0.0000,0.139496,
80,0.130771,0.0000,0.129544,
81,0.131213,0.0000,0.139787,
82,0.131944,0.0000,0.130152,
83,0.127755,0.0000,0.124015,
84,0.130873,0.0000,0.145599,
85,0.128848,0.0000,0.122411,
86,0.127971,0.0000,0.140515,
87,0.126444,0.0000,0.124242,
88,0.131814,0.0000,0.134599,
89,0.126321,0.0000,0.119143,
90,0.127497,0.0000,0.127591,
91,0.129452,0.0000,0.122986,
92,0.129273,0.0000,0.123430,
93,0.127658,0.0000,0.137346,
94,0.128107,0.0000,0.130294,
95,0.124561,0.0000,0.122483,
96,0.126209,0.0000,0.126061,
97,0.129327,0.0000,0.135788,
98,0.126780,0.0000,0.131823,
99,0.124865,0.0000,0.120410,
100,0.124077,0.0000,0.122728,
101,0.128967,0.0000,0.129363,
102,0.124177,0.0000,0.131122,
103,0.124214,0.0000,0.130258,
104,0.127832,0.0000,0.120560,
105,0.125888,0.0000,0.143263,
106,0.123484,0.0000,0.125079,
107,0.125529,0.0000,0.129506,
108,0.125573,0.0000,0.119831,
109,0.123168,0.0000,0.131005,
110,0.123721,0.0000,0.123655,
111,0.121687,0.0000,0.124323,
112,0.121770,0.0000,0.129889,
113,0.122957,0.0000,0.120613,
114,0.121356,0.0000,0.119644,
115,0.121353,0.0000,0.126622,
116,0.122404,0.0000,0.127170,
117,0.120251,0.0000,0.125670,
118,0.121811,0.0000,0.128414,
119,0.121709,0.0000,0.129413,
120,0.122087,0.0000,0.116611,
121,0.121296,0.0000,0.125464,
122,0.120890,0.0000,0.122583,
123,0.120784,0.0000,0.122478,
124,0.119935,0.0000,0.122343,
125,0.120142,0.0000,0.132116,
126,0.121578,0.0000,0.125586,
127,0.120456,0.0000,0.126279,
128,0.121611,0.0000,0.129828,
129,0.121574,0.0000,0.123986,
130,0.121025,0.0000,0.119496,
131,0.121341,0.0000,0.122215,
132,0.118528,0.0000,0.137913,
133,0.120805,0.0000,0.120831,
134,0.121343,0.0000,0.124746,
135,0.121515,0.0000,0.124931,
136,0.120903,0.0000,0.129446,
137,0.119058,0.0000,0.126042,
138,0.120642,0.0000,0.139487,
139,0.121569,0.0000,0.127597,
140,0.118926,0.0000,0.126915,
141,0.121872,0.0000,0.135461,
142,0.117785,0.0000,0.125189,
143,0.121948,0.0000,0.128549,
144,0.118967,0.0000,0.133199,
145,0.121166,0.0000,0.126678,
146,0.118734,0.0000,0.121403,
147,0.120861,0.0000,0.127028,
148,0.119775,0.0000,0.121685,
149,0.119287,0.0000,0.123544,
150,0.117577,0.0000,0.126931,
151,0.118914,0.0000,0.118680,
152,0.116569,0.0000,0.131149,
153,0.118646,0.0000,0.124193,
154,0.117837,0.0000,0.121886,
155,0.119404,0.0000,0.126048,
156,0.116863,0.0000,0.123586,
157,0.117679,0.0000,0.125127,
158,0.118544,0.0000,0.132085,
159,0.120514,0.0000,0.120354,
160,0.118936,0.0000,0.130905,
161,0.118415,0.0000,0.122787,
162,0.115922,0.0000,0.148937,
163,0.121026,0.0000,0.129016,
164,0.115598,0.0000,0.122193,
165,0.116647,0.0000,0.140433,
166,0.118507,0.0000,0.122140,
167,0.118163,0.0000,0.123479,
168,0.117948,0.0000,0.142253,
169,0.121283,0.0000,0.118994,
1,25.203162,0.0000,22.167590,
2,22.102689,0.0000,18.950689,
3,18.657037,0.0000,15.697395,
4,15.361699,0.0000,12.496752,
5,11.922246,0.0000,9.209005,
6,8.571735,0.0000,6.304772,
7,5.799108,0.0000,3.919875,
8,3.520512,0.0000,2.213354,
9,2.008342,0.0000,1.275073,
10,1.324297,0.0000,0.982749,
11,1.045044,0.0000,0.746146,
12,0.820323,0.0000,0.583471,
13,0.654755,0.0000,0.475385,
14,0.550832,0.0000,0.391662,
15,0.461457,0.0000,0.331666,
16,0.411406,0.0000,0.312438,
17,0.379415,0.0000,0.276052,
18,0.355208,0.0000,0.276367,
19,0.322115,0.0000,0.248342,
20,0.301660,0.0000,0.238170,
21,0.286304,0.0000,0.227392,
22,0.273790,0.0000,0.224874,
23,0.260159,0.0000,0.206235,
24,0.254327,0.0000,0.204274,
25,0.244091,0.0000,0.197439,
26,0.232045,0.0000,0.183376,
27,0.224857,0.0000,0.190232,
28,0.216188,0.0000,0.183217,
29,0.214485,0.0000,0.169206,
30,0.214885,0.0000,0.198865,
31,0.203515,0.0000,0.165643,
32,0.200617,0.0000,0.176845,
33,0.192891,0.0000,0.159547,
34,0.185704,0.0000,0.184221,
35,0.186119,0.0000,0.156029,
36,0.183268,0.0000,0.153154,
37,0.177248,0.0000,0.145508,
38,0.177694,0.0000,0.147579,
39,0.170967,0.0000,0.142726,
40,0.174063,0.0000,0.157638,
41,0.170927,0.0000,0.153465,
42,0.165159,0.0000,0.153485,
43,0.168395,0.0000,0.142221,
44,0.162671,0.0000,0.142094,
45,0.156493,0.0000,0.149213,
46,0.160710,0.0000,0.143379,
47,0.153537,0.0000,0.141914,
48,0.152271,0.0000,0.133982,
49,0.153474,0.0000,0.148914,
50,0.151573,0.0000,0.139918,
51,0.148254,0.0000,0.138406,
52,0.146149,0.0000,0.151437,
53,0.148941,0.0000,0.135445,
54,0.147540,0.0000,0.133396,
55,0.145411,0.0000,0.130905,
56,0.149948,0.0000,0.146486,
57,0.144201,0.0000,0.137982,
58,0.142699,0.0000,0.132691,
59,0.142133,0.0000,0.155708,
60,0.143430,0.0000,0.132490,
61,0.142196,0.0000,0.129071,
62,0.138682,0.0000,0.145135,
63,0.142845,0.0000,0.143168,
64,0.137924,0.0000,0.133750,
65,0.135588,0.0000,0.130419,
66,0.135162,0.0000,0.139352,
67,0.135496,0.0000,0.131153,
68,0.135504,0.0000,0.124648,
69,0.132467,0.0000,0.124642,
70,0.134708,0.0000,0.137457,
71,0.133894,0.0000,0.121223,
72,0.133830,0.0000,0.126655,
73,0.136768,0.0000,0.142714,
74,0.132726,0.0000,0.121940,
75,0.136772,0.0000,0.135350,
76,0.136037,0.0000,0.139477,
77,0.131385,0.0000,0.137765,
78,0.129426,0.0000,0.121374,
79,0.134251,0.0000,0.139496,
80,0.130771,0.0000,0.129544,
81,0.131213,0.0000,0.139787,
82,0.131944,0.0000,0.130152,
83,0.127755,0.0000,0.124015,
84,0.130873,0.0000,0.145599,
85,0.128848,0.0000,0.122411,
86,0.127971,0.0000,0.140515,
87,0.126444,0.0000,0.124242,
88,0.131814,0.0000,0.134599,
89,0.126321,0.0000,0.119143,
90,0.127497,0.0000,0.127591,
91,0.129452,0.0000,0.122986,
92,0.129273,0.0000,0.123430,
93,0.127658,0.0000,0.137346,
94,0.128107,0.0000,0.130294,
95,0.124561,0.0000,0.122483,
96,0.126209,0.0000,0.126061,
97,0.129327,0.0000,0.135788,
98,0.126780,0.0000,0.131823,
99,0.124865,0.0000,0.120410,
100,0.124077,0.0000,0.122728,
101,0.128967,0.0000,0.129363,
102,0.124177,0.0000,0.131122,
103,0.124214,0.0000,0.130258,
104,0.127832,0.0000,0.120560,
105,0.125888,0.0000,0.143263,
106,0.123484,0.0000,0.125079,
107,0.125529,0.0000,0.129506,
108,0.125573,0.0000,0.119831,
109,0.123168,0.0000,0.131005,
110,0.123721,0.0000,0.123655,
111,0.121687,0.0000,0.124323,
112,0.121770,0.0000,0.129889,
113,0.122957,0.0000,0.120613,
114,0.121356,0.0000,0.119644,
115,0.121353,0.0000,0.126622,
116,0.122404,0.0000,0.127170,
117,0.120251,0.0000,0.125670,
118,0.121811,0.0000,0.128414,
119,0.121709,0.0000,0.129413,
120,0.122087,0.0000,0.116611,
121,0.121296,0.0000,0.125464,
122,0.120890,0.0000,0.122583,
123,0.120784,0.0000,0.122478,
124,0.119935,0.0000,0.122343,
125,0.120142,0.0000,0.132116,
126,0.121578,0.0000,0.125586,
127,0.120456,0.0000,0.126279,
128,0.121611,0.0000,0.129828,
129,0.121574,0.0000,0.123986,
130,0.121025,0.0000,0.119496,
131,0.121341,0.0000,0.122215,
132,0.118528,0.0000,0.137913,
133,0.120805,0.0000,0.120831,
134,0.121343,0.0000,0.124746,
135,0.121515,0.0000,0.124931,
136,0.120903,0.0000,0.129446,
137,0.119058,0.0000,0.126042,
138,0.120642,0.0000,0.139487,
139,0.121569,0.0000,0.127597,
140,0.118926,0.0000,0.126915,
141,0.121872,0.0000,0.135461,
142,0.117785,0.0000,0.125189,
143,0.121948,0.0000,0.128549,
144,0.118967,0.0000,0.133199,
145,0.121166,0.0000,0.126678,
146,0.118734,0.0000,0.121403,
147,0.120861,0.0000,0.127028,
148,0.119775,0.0000,0.121685,
149,0.119287,0.0000,0.123544,
150,0.117577,0.0000,0.126931,
151,0.118914,0.0000,0.118680,
152,0.116569,0.0000,0.131149,
153,0.118646,0.0000,0.124193,
154,0.117837,0.0000,0.121886,
155,0.119404,0.0000,0.126048,
156,0.116863,0.0000,0.123586,
157,0.117679,0.0000,0.125127,
158,0.118544,0.0000,0.132085,
159,0.120514,0.0000,0.120354,
160,0.118936,0.0000,0.130905,
161,0.118415,0.0000,0.122787,
162,0.115922,0.0000,0.148937,
163,0.121026,0.0000,0.129016,
164,0.115598,0.0000,0.122193,
165,0.116647,0.0000,0.140433,
166,0.118507,0.0000,0.122140,
167,0.118163,0.0000,0.123479,
168,0.117948,0.0000,0.142253,
169,0.121283,0.0000,0.118994,
1,25.203162,0.0000,22.167590,
2,22.102689,0.0000,18.950689,
3,18.657037,0.0000,15.697395,
4,15.361699,0.0000,12.496752,
5,11.922246,0.0000,9.209005,
6,8.571735,0.0000,6.304772,
7,5.799108,0.0000,3.919875,
8,3.520512,0.0000,2.213354,
9,2.008342,0.0000,1.275073,
10,1.324297,0.0000,0.982749,
11,1.045044,0.0000,0.746146,
12,0.820323,0.0000,0.583471,
13,0.654755,0.0000,0.475385,
14,0.550832,0.0000,0.391662,
15,0.461457,0.0000,0.331666,
16,0.411406,0.0000,0.312438,
17,0.379415,0.0000,0.276052,
18,0.355208,0.0000,0.276367,
19,0.322115,0.0000,0.248342,
20,0.301660,0.0000,0.238170,
21,0.286304,0.0000,0.227392,
22,0.273790,0.0000,0.224874,
23,0.260159,0.0000,0.206235,
24,0.254327,0.0000,0.204274,
25,0.244091,0.0000,0.197439,
26,0.232045,0.0000,0.183376,
27,0.224857,0.0000,0.190232,
28,0.216188,0.0000,0.183217,
29,0.214485,0.0000,0.169206,
30,0.214885,0.0000,0.198865,
31,0.203515,0.0000,0.165643,
32,0.200617,0.0000,0.176845,
33,0.192891,0.0000,0.159547,
34,0.185704,0.0000,0.184221,
35,0.186119,0.0000,0.156029,
36,0.183268,0.0000,0.153154,
37,0.177248,0.0000,0.145508,
38,0.177694,0.0000,0.147579,
39,0.170967,0.0000,0.142726,
40,0.174063,0.0000,0.157638,
41,0.170927,0.0000,0.153465,
42,0.165159,0.0000,0.153485,
43,0.168395,0.0000,0.142221,
44,0.162671,0.0000,0.142094,
45,0.156493,0.0000,0.149213,
46,0.160710,0.0000,0.143379,
47,0.153537,0.0000,0.141914,
48,0.152271,0.0000,0.133982,
49,0.153474,0.0000,0.148914,
50,0.151573,0.0000,0.139918,
51,0.148254,0.0000,0.138406,
52,0.146149,0.0000,0.151437,
53,0.148941,0.0000,0.135445,
54,0.147540,0.0000,0.133396,
55,0.145411,0.0000,0.130905,
56,0.149948,0.0000,0.146486,
57,0.144201,0.0000,0.137982,
58,0.142699,0.0000,0.132691,
59,0.142133,0.0000,0.155708,
60,0.143430,0.0000,0.132490,
61,0.142196,0.0000,0.129071,
62,0.138682,0.0000,0.145135,
63,0.142845,0.0000,0.143168,
64,0.137924,0.0000,0.133750,
65,0.135588,0.0000,0.130419,
66,0.135162,0.0000,0.139352,
67,0.135496,0.0000,0.131153,
68,0.135504,0.0000,0.124648,
69,0.132467,0.0000,0.124642,
70,0.134708,0.0000,0.137457,
71,0.133894,0.0000,0.121223,
72,0.133830,0.0000,0.126655,
73,0.136768,0.0000,0.142714,
74,0.132726,0.0000,0.121940,
75,0.136772,0.0000,0.135350,
76,0.136037,0.0000,0.139477,
77,0.131385,0.0000,0.137765,
78,0.129426,0.0000,0.121374,
79,0.134251,0.0000,0.139496,
80,0.130771,0.0000,0.129544,
81,0.131213,0.0000,0.139787,
82,0.131944,0.0000,0.130152,
83,0.127755,0.0000,0.124015,
84,0.130873,0.0000,0.145599,
85,0.128848,0.0000,0.122411,
86,0.127971,0.0000,0.140515,
87,0.126444,0.0000,0.124242,
88,0.131814,0.0000,0.134599,
89,0.126321,0.0000,0.119143,
90,0.127497,0.0000,0.127591,
91,0.129452,0.0000,0.122986,
92,0.129273,0.0000,0.123430,
93,0.127658,0.0000,0.137346,
94,0.128107,0.0000,0.130294,
95,0.124561,0.0000,0.122483,
96,0.126209,0.0000,0.126061,
97,0.129327,0.0000,0.135788,
98,0.126780,0.0000,0.131823,
99,0.124865,0.0000,0.120410,
100,0.124077,0.0000,0.122728,
101,0.128967,0.0000,0.129363,
102,0.124177,0.0000,0.131122,
103,0.124214,0.0000,0.130258,
104,0.127832,0.0000,0.120560,
105,0.125888,0.0000,0.143263,
106,0.123484,0.0000,0.125079,
107,0.125529,0.0000,0.129506,
108,0.125573,0.0000,0.119831,
109,0.123168,0.0000,0.131005,
110,0.123721,0.0000,0.123655,
111,0.121687,0.0000,0.124323,
112,0.121770,0.0000,0.129889,
113,0.122957,0.0000,0.120613,
114,0.121356,0.0000,0.119644,
115,0.121353,0.0000,0.126622,
116,0.122404,0.0000,0.127170,
117,0.120251,0.0000,0.125670,
118,0.121811,0.0000,0.128414,
119,0.121709,0.0000,0.129413,
120,0.122087,0.0000,0.116611,
121,0.121296,0.0000,0.125464,
122,0.120890,0.0000,0.122583,
123,0.120784,0.0000,0.122478,
124,0.119935,0.0000,0.122343,
125,0.120142,0.0000,0.132116,
126,0.121578,0.0000,0.125586,
127,0.120456,0.0000,0.126279,
128,0.121611,0.0000,0.129828,
129,0.121574,0.0000,0.123986,
130,0.121025,0.0000,0.119496,
131,0.121341,0.0000,0.122215,
132,0.118528,0.0000,0.137913,
133,0.120805,0.0000,0.120831,
134,0.121343,0.0000,0.124746,
135,0.121515,0.0000,0.124931,
136,0.120903,0.0000,0.129446,
137,0.119058,0.0000,0.126042,
138,0.120642,0.0000,0.139487,
139,0.121569,0.0000,0.127597,
140,0.118926,0.0000,0.126915,
141,0.121872,0.0000,0.135461,
142,0.117785,0.0000,0.125189,
143,0.121948,0.0000,0.128549,
144,0.118967,0.0000,0.133199,
145,0.121166,0.0000,0.126678,
146,0.118734,0.0000,0.121403,
147,0.120861,0.0000,0.127028,
148,0.119775,0.0000,0.121685,
149,0.119287,0.0000,0.123544,
150,0.117577,0.0000,0.126931,
151,0.118914,0.0000,0.118680,
152,0.116569,0.0000,0.131149,
153,0.118646,0.0000,0.124193,
154,0.117837,0.0000,0.121886,
155,0.119404,0.0000,0.126048,
156,0.116863,0.0000,0.123586,
157,0.117679,0.0000,0.125127,
158,0.118544,0.0000,0.132085,
159,0.120514,0.0000,0.120354,
160,0.118936,0.0000,0.130905,
161,0.118415,0.0000,0.122787,
162,0.115922,0.0000,0.148937,
163,0.121026,0.0000,0.129016,
164,0.115598,0.0000,0.122193,
165,0.116647,0.0000,0.140433,
166,0.118507,0.0000,0.122140,
167,0.118163,0.0000,0.123479,
168,0.117948,0.0000,0.142253,
169,0.121283,0.0000,0.118994,
1,25.203162,,22.167590,
2,22.102689,,18.950689,
3,18.657037,,15.697395,
4,15.361699,,12.496752,
5,11.922246,,9.209005,
6,8.571735,,6.304772,
7,5.799108,,3.919875,
8,3.520512,,2.213354,
9,2.008342,,1.275073,
10,1.324297,,0.982749,
11,1.045044,,0.746146,
12,0.820323,,0.583471,
13,0.654755,,0.475385,
14,0.550832,,0.391662,
15,0.461457,,0.331666,
16,0.411406,,0.312438,
17,0.379415,,0.276052,
18,0.355208,,0.276367,
19,0.322115,,0.248342,
20,0.301660,,0.238170,
21,0.286304,,0.227392,
22,0.273790,,0.224874,
23,0.260159,,0.206235,
24,0.254327,,0.204274,
25,0.244091,,0.197439,
26,0.232045,,0.183376,
27,0.224857,,0.190232,
28,0.216188,,0.183217,
29,0.214485,,0.169206,
30,0.214885,,0.198865,
31,0.203515,,0.165643,
32,0.200617,,0.176845,
33,0.192891,,0.159547,
34,0.185704,,0.184221,
35,0.186119,,0.156029,
36,0.183268,,0.153154,
37,0.177248,,0.145508,
38,0.177694,,0.147579,
39,0.170967,,0.142726,
40,0.174063,,0.157638,
41,0.170927,,0.153465,
42,0.165159,,0.153485,
43,0.168395,,0.142221,
44,0.162671,,0.142094,
45,0.156493,,0.149213,
46,0.160710,,0.143379,
47,0.153537,,0.141914,
48,0.152271,,0.133982,
49,0.153474,,0.148914,
50,0.151573,,0.139918,
51,0.148254,,0.138406,
52,0.146149,,0.151437,
53,0.148941,,0.135445,
54,0.147540,,0.133396,
55,0.145411,,0.130905,
56,0.149948,,0.146486,
57,0.144201,,0.137982,
58,0.142699,,0.132691,
59,0.142133,,0.155708,
60,0.143430,,0.132490,
61,0.142196,,0.129071,
62,0.138682,,0.145135,
63,0.142845,,0.143168,
64,0.137924,,0.133750,
65,0.135588,,0.130419,
66,0.135162,,0.139352,
67,0.135496,,0.131153,
68,0.135504,,0.124648,
69,0.132467,,0.124642,
70,0.134708,,0.137457,
71,0.133894,,0.121223,
72,0.133830,,0.126655,
73,0.136768,,0.142714,
74,0.132726,,0.121940,
75,0.136772,,0.135350,
76,0.136037,,0.139477,
77,0.131385,,0.137765,
78,0.129426,,0.121374,
79,0.134251,,0.139496,
80,0.130771,,0.129544,
81,0.131213,,0.139787,
82,0.131944,,0.130152,
83,0.127755,,0.124015,
84,0.130873,,0.145599,
85,0.128848,,0.122411,
86,0.127971,,0.140515,
87,0.126444,,0.124242,
88,0.131814,,0.134599,
89,0.126321,,0.119143,
90,0.127497,,0.127591,
91,0.129452,,0.122986,
92,0.129273,,0.123430,
93,0.127658,,0.137346,
94,0.128107,,0.130294,
95,0.124561,,0.122483,
96,0.126209,,0.126061,
97,0.129327,,0.135788,
98,0.126780,,0.131823,
99,0.124865,,0.120410,
100,0.124077,,0.122728,
101,0.128967,,0.129363,
102,0.124177,,0.131122,
103,0.124214,,0.130258,
104,0.127832,,0.120560,
105,0.125888,,0.143263,
106,0.123484,,0.125079,
107,0.125529,,0.129506,
108,0.125573,,0.119831,
109,0.123168,,0.131005,
110,0.123721,,0.123655,
111,0.121687,,0.124323,
112,0.121770,,0.129889,
113,0.122957,,0.120613,
114,0.121356,,0.119644,
115,0.121353,,0.126622,
116,0.122404,,0.127170,
117,0.120251,,0.125670,
118,0.121811,,0.128414,
119,0.121709,,0.129413,
120,0.122087,,0.116611,
121,0.121296,,0.125464,
122,0.120890,,0.122583,
123,0.120784,,0.122478,
124,0.119935,,0.122343,
125,0.120142,,0.132116,
126,0.121578,,0.125586,
127,0.120456,,0.126279,
128,0.121611,,0.129828,
129,0.121574,,0.123986,
130,0.121025,,0.119496,
131,0.121341,,0.122215,
132,0.118528,,0.137913,
133,0.120805,,0.120831,
134,0.121343,,0.124746,
135,0.121515,,0.124931,
136,0.120903,,0.129446,
137,0.119058,,0.126042,
138,0.120642,,0.139487,
139,0.121569,,0.127597,
140,0.118926,,0.126915,
141,0.121872,,0.135461,
142,0.117785,,0.125189,
143,0.121948,,0.128549,
144,0.118967,,0.133199,
145,0.121166,,0.126678,
146,0.118734,,0.121403,
147,0.120861,,0.127028,
148,0.119775,,0.121685,
149,0.119287,,0.123544,
150,0.117577,,0.126931,
151,0.118914,,0.118680,
152,0.116569,,0.131149,
153,0.118646,,0.124193,
154,0.117837,,0.121886,
155,0.119404,,0.126048,
156,0.116863,,0.123586,
157,0.117679,,0.125127,
158,0.118544,,0.132085,
159,0.120514,,0.120354,
160,0.118936,,0.130905,
161,0.118415,,0.122787,
162,0.115922,,0.148937,
163,0.121026,,0.129016,
164,0.115598,,0.122193,
165,0.116647,,0.140433,
166,0.118507,,0.122140,
167,0.118163,,0.123479,
168,0.117948,,0.142253,
169,0.121283,,0.118994,
1,25.791645,,23.329285,
2,24.039268,,21.288962,
3,21.769334,,18.931299,
4,19.319995,,16.441208,
5,16.694310,,13.850019,
6,13.763431,,11.079775,
7,10.955893,,8.293912,
8,8.019648,,5.660729,
9,5.344186,,3.425138,
10,3.122186,,1.915327,
11,1.859580,,1.475064,
12,1.542196,,1.306875,
13,1.345380,,1.094353,
14,1.135391,,0.905692,
15,0.941076,,0.735505,
16,0.765923,,0.577458,
17,0.610463,,0.458294,
18,0.499447,,0.385022,
19,0.424393,,0.342528,
20,0.381825,,0.317229,
21,0.356253,,0.306555,
22,0.341710,,0.283416,
23,0.338508,,0.282180,
24,0.307065,,0.286644,
25,0.305370,,0.251776,
26,0.285174,,0.258459,
27,0.277000,,0.232432,
28,0.262666,,0.242390,
29,0.256431,,0.227101,
30,0.254072,,0.223079,
31,0.234412,,0.208536,
32,0.229656,,0.213457,
33,0.221814,,0.200308,
34,0.217848,,0.195618,
35,0.208309,,0.198925,
36,0.206841,,0.188651,
37,0.201323,,0.205010,
38,0.199562,,0.170155,
39,0.189360,,0.179914,
40,0.184081,,0.168375,
41,0.186643,,0.172604,
42,0.175383,,0.177482,
43,0.183168,,0.173685,
44,0.176710,,0.168488,
45,0.172180,,0.166861,
46,0.165555,,0.171965,
47,0.163203,,0.163185,
48,0.164393,,0.161054,
49,0.162061,,0.162321,
50,0.160871,,0.161031,
51,0.154861,,0.159291,
52,0.154519,,0.170627,
53,0.155842,,0.173387,
54,0.154212,,0.147126,
55,0.156837,,0.153364,
56,0.149683,,0.148050,
57,0.151487,,0.155371,
58,0.158087,,0.151761,
59,0.143758,,0.146710,
60,0.141822,,0.176178,
61,0.149989,,0.150779,
62,0.142010,,0.143192,
63,0.138371,,0.152228,
64,0.140947,,0.153798,
65,0.140780,,0.149564,
66,0.138008,,0.141913,
67,0.135103,,0.147176,
68,0.137298,,0.131623,
69,0.135951,,0.137949,
70,0.133251,,0.130406,
71,0.139653,,0.138643,
72,0.134545,,0.140526,
73,0.135824,,0.144451,
74,0.131490,,0.150619,
75,0.136268,,0.130144,
76,0.139919,,0.133161,
77,0.128509,,0.145287,
78,0.130567,,0.131697,
79,0.129406,,0.133736,
80,0.131733,,0.147341,
81,0.129335,,0.144059,
82,0.126505,,0.142434,
83,0.127054,,0.135865,
84,0.126803,,0.135826,
85,0.129228,,0.140138,
86,0.125393,,0.129511,
87,0.130337,,0.147799,
88,0.131266,,0.132149,
89,0.128674,,0.128917,
90,0.124524,,0.130661,
91,0.125817,,0.140127,
92,0.127456,,0.132280,
93,0.125973,,0.136957,
94,0.127708,,0.153737,
95,0.126846,,0.129960,
96,0.122237,,0.130702,
97,0.123194,,0.135492,
98,0.122675,,0.132195,
99,0.124303,,0.132620,
100,0.121595,,0.138255,
101,0.121958,,0.128628,
102,0.126829,,0.139619,
103,0.123020,,0.136700,
104,0.120553,,0.134705,
105,0.126354,,0.131752,
106,0.128324,,0.131695,
107,0.122297,,0.135756,
108,0.121412,,0.148282,
109,0.124831,,0.125910,
110,0.122515,,0.134610,
111,0.121031,,0.135942,
112,0.118929,,0.140297,
113,0.122019,,0.139897,
114,0.125661,,0.138466,
115,0.119452,,0.122922,
116,0.121770,,0.133006,
117,0.122483,,0.133238,
118,0.118092,,0.136316,
119,0.118636,,0.145601,
120,0.121519,,0.127293,
121,0.120692,,0.126889,
122,0.121142,,0.132378,
123,0.119321,,0.126418,
124,0.119755,,0.137598,
125,0.119948,,0.130718,
126,0.119624,,0.136038,
127,0.119191,,0.127134,
128,0.121332,,0.131548,
129,0.123735,,0.136962,
130,0.121024,,0.132983,
131,0.117918,,0.129189,
132,0.118640,,0.122515,
133,0.119254,,0.147839,
134,0.123619,,0.131597,
135,0.117331,,0.127780,
136,0.120075,,0.131783,
137,0.117755,,0.138907,
138,0.118042,,0.130648,
139,0.118246,,0.139779,
140,0.116325,,0.137226,
141,0.115621,,0.127033,
142,0.119669,,0.145725,
143,0.127307,,0.131951,
144,0.116990,,0.130423,
145,0.115106,,0.140445,
146,0.116149,,0.132947,
147,0.115522,,0.128995,
148,0.114224,,0.129890,
149,0.115287,,0.124995,
150,0.117297,,0.127930,
151,0.114808,,0.130189,
152,0.117264,,0.123897,
153,0.114785,,0.131138,
154,0.114162,,0.135669,
155,0.113474,,0.127647,
156,0.114854,,0.133085,
157,0.115960,,0.130982,
158,0.116306,,0.133877,
159,0.114061,,0.129754,
160,0.116197,,0.126864,
161,0.113705,,0.131019,
162,0.115378,,0.132228,
163,0.114528,,0.155820,
164,0.125972,,0.140687,
165,0.114166,,0.129077,
166,0.114347,,0.150450,
167,0.122160,,0.126796,
168,0.115151,,0.128475,
169,0.114852,,0.147121,
170,0.116193,,0.131544,
171,0.113699,,0.135650,
172,0.112289,,0.126659,
173,0.112025,,0.137652,
174,0.114322,,0.134437,
175,0.112986,,0.128380,
176,0.117010,,0.133423,
177,0.116812,,0.128170,
178,0.118034,,0.130981,
179,0.116422,,0.147506,
180,0.115248,,0.128130,
181,0.112034,,0.144972,
182,0.121596,,0.146949,
183,0.116355,,0.134354,
184,0.111729,,0.130357,
185,0.112476,,0.130554,
186,0.112842,,0.138308,
187,0.111567,,0.141449,
188,0.113561,,0.141191,
189,0.112527,,0.140183,
190,0.112500,,0.134124,
191,0.111802,,0.138186,
192,0.111928,,0.136835,
193,0.113792,,0.131710,
194,0.111333,,0.124594,
195,0.113295,,0.138597,
196,0.110878,,0.131196,
197,0.113221,,0.130456,
198,0.111844,,0.129003,
199,0.109601,,0.142649,
200,0.113964,,0.132699,
1,25.791645,,23.329285,
2,24.039268,,21.288962,
3,21.769334,,18.931299,
4,19.319995,,16.441208,
5,16.694310,,13.850019,
6,13.763431,,11.079775,
7,10.955893,,8.293912,
8,8.019648,,5.660729,
9,5.344186,,3.425138,
10,3.122186,,1.915327,
11,1.859580,,1.475064,
12,1.542196,,1.306875,
13,1.345380,,1.094353,
14,1.135391,,0.905692,
15,0.941076,,0.735505,
16,0.765923,,0.577458,
17,0.610463,,0.458294,
18,0.499447,,0.385022,
19,0.424393,,0.342528,
20,0.381825,,0.317229,
21,0.356253,,0.306555,
22,0.341710,,0.283416,
23,0.338508,,0.282180,
24,0.307065,,0.286644,
25,0.305370,,0.251776,
26,0.285174,,0.258459,
27,0.277000,,0.232432,
28,0.262666,,0.242390,
29,0.256431,,0.227101,
30,0.254072,,0.223079,
31,0.234412,,0.208536,
32,0.229656,,0.213457,
33,0.221814,,0.200308,
34,0.217848,,0.195618,
35,0.208309,,0.198925,
36,0.206841,,0.188651,
37,0.201323,,0.205010,
38,0.199562,,0.170155,
39,0.189360,,0.179914,
40,0.184081,,0.168375,
41,0.186643,,0.172604,
42,0.175383,,0.177482,
43,0.183168,,0.173685,
44,0.176710,,0.168488,
45,0.172180,,0.166861,
46,0.165555,,0.171965,
47,0.163203,,0.163185,
48,0.164393,,0.161054,
49,0.162061,,0.162321,
50,0.160871,,0.161031,
51,0.154861,,0.159291,
52,0.154519,,0.170627,
53,0.155842,,0.173387,
54,0.154212,,0.147126,
55,0.156837,,0.153364,
56,0.149683,,0.148050,
57,0.151487,,0.155371,
58,0.158087,,0.151761,
59,0.143758,,0.146710,
60,0.141822,,0.176178,
61,0.149989,,0.150779,
62,0.142010,,0.143192,
63,0.138371,,0.152228,
64,0.140947,,0.153798,
65,0.140780,,0.149564,
66,0.138008,,0.141913,
67,0.135103,,0.147176,
68,0.137298,,0.131623,
69,0.135951,,0.137949,
70,0.133251,,0.130406,
71,0.139653,,0.138643,
72,0.134545,,0.140526,
73,0.135824,,0.144451,
74,0.131490,,0.150619,
75,0.136268,,0.130144,
76,0.139919,,0.133161,
77,0.128509,,0.145287,
78,0.130567,,0.131697,
79,0.129406,,0.133736,
80,0.131733,,0.147341,
81,0.129335,,0.144059,
82,0.126505,,0.142434,
83,0.127054,,0.135865,
84,0.126803,,0.135826,
85,0.129228,,0.140138,
86,0.125393,,0.129511,
87,0.130337,,0.147799,
88,0.131266,,0.132149,
89,0.128674,,0.128917,
90,0.124524,,0.130661,
91,0.125817,,0.140127,
92,0.127456,,0.132280,
93,0.125973,,0.136957,
94,0.127708,,0.153737,
95,0.126846,,0.129960,
96,0.122237,,0.130702,
97,0.123194,,0.135492,
98,0.122675,,0.132195,
99,0.124303,,0.132620,
100,0.121595,,0.138255,
101,0.121958,,0.128628,
102,0.126829,,0.139619,
103,0.123020,,0.136700,
104,0.120553,,0.134705,
105,0.126354,,0.131752,
106,0.128324,,0.131695,
107,0.122297,,0.135756,
108,0.121412,,0.148282,
109,0.124831,,0.125910,
110,0.122515,,0.134610,
111,0.121031,,0.135942,
112,0.118929,,0.140297,
113,0.122019,,0.139897,
114,0.125661,,0.138466,
115,0.119452,,0.122922,
116,0.121770,,0.133006,
117,0.122483,,0.133238,
118,0.118092,,0.136316,
119,0.118636,,0.145601,
120,0.121519,,0.127293,
121,0.120692,,0.126889,
122,0.121142,,0.132378,
123,0.119321,,0.126418,
124,0.119755,,0.137598,
125,0.119948,,0.130718,
126,0.119624,,0.136038,
127,0.119191,,0.127134,
128,0.121332,,0.131548,
129,0.123735,,0.136962,
130,0.121024,,0.132983,
131,0.117918,,0.129189,
132,0.118640,,0.122515,
133,0.119254,,0.147839,
134,0.123619,,0.131597,
135,0.117331,,0.127780,
136,0.120075,,0.131783,
137,0.117755,,0.138907,
138,0.118042,,0.130648,
139,0.118246,,0.139779,
140,0.116325,,0.137226,
141,0.115621,,0.127033,
142,0.119669,,0.145725,
143,0.127307,,0.131951,
144,0.116990,,0.130423,
145,0.115106,,0.140445,
146,0.116149,,0.132947,
147,0.115522,,0.128995,
148,0.114224,,0.129890,
149,0.115287,,0.124995,
150,0.117297,,0.127930,
151,0.114808,,0.130189,
152,0.117264,,0.123897,
153,0.114785,,0.131138,
154,0.114162,,0.135669,
155,0.113474,,0.127647,
156,0.114854,,0.133085,
157,0.115960,,0.130982,
158,0.116306,,0.133877,
159,0.114061,,0.129754,
160,0.116197,,0.126864,
161,0.113705,,0.131019,
162,0.115378,,0.132228,
163,0.114528,,0.155820,
164,0.125972,,0.140687,
165,0.114166,,0.129077,
166,0.114347,,0.150450,
167,0.122160,,0.126796,
168,0.115151,,0.128475,
169,0.114852,,0.147121,
170,0.116193,,0.131544,
171,0.113699,,0.135650,
172,0.112289,,0.126659,
173,0.112025,,0.137652,
174,0.114322,,0.134437,
175,0.112986,,0.128380,
176,0.117010,,0.133423,
177,0.116812,,0.128170,
178,0.118034,,0.130981,
179,0.116422,,0.147506,
180,0.115248,,0.128130,
181,0.112034,,0.144972,
182,0.121596,,0.146949,
183,0.116355,,0.134354,
184,0.111729,,0.130357,
185,0.112476,,0.130554,
186,0.112842,,0.138308,
187,0.111567,,0.141449,
188,0.113561,,0.141191,
189,0.112527,,0.140183,
190,0.112500,,0.134124,
191,0.111802,,0.138186,
192,0.111928,,0.136835,
193,0.113792,,0.131710,
194,0.111333,,0.124594,
195,0.113295,,0.138597,
196,0.110878,,0.131196,
197,0.113221,,0.130456,
198,0.111844,,0.129003,
199,0.109601,,0.142649,
200,0.113964,,0.132699,
