Epoch,Train Loss,Train Accuracy,Validation Loss,Validation Accuracy
1,0.127733,0.5200,0.104035,0.6667
2,0.096027,0.7000,0.096047,0.7083
3,0.079945,0.8100,0.103069,0.7083
4,0.066856,0.8100,0.099323,0.6667
5,0.057110,0.8800,0.088948,0.6667
6,0.053081,0.8700,0.096623,0.7083
7,0.045577,0.8900,0.082101,0.7500
8,0.039854,0.8900,0.089400,0.7500
9,0.043174,0.8900,0.068430,0.7917
10,0.033878,0.9300,0.071637,0.7500
11,0.043314,0.8800,0.069033,0.7917
12,0.026225,0.9200,0.064460,0.8333
13,0.029146,0.9400,0.055989,0.8750
14,0.025927,0.9300,0.055778,0.7917
15,0.023850,0.9400,0.054832,0.7917
16,0.023963,0.9500,0.058038,0.8333
17,0.024255,0.9400,0.053318,0.8333
18,0.025725,0.9300,0.050886,0.8750
19,0.021451,0.9300,0.046500,0.8750
20,0.025244,0.9200,0.042334,0.9167
21,0.026387,0.9100,0.041814,0.9167
22,0.020112,0.9500,0.042752,0.9167
23,0.019952,0.9400,0.043411,0.9167
24,0.017317,0.9400,0.040177,0.9167
25,0.014620,0.9600,0.040268,0.9167
26,0.023252,0.9100,0.038361,0.9167
27,0.015066,0.9700,0.029251,0.8750
28,0.011847,0.9700,0.032309,0.9167
29,0.027494,0.9100,0.030416,0.9583
30,0.010722,0.9900,0.029960,0.9583
31,0.009709,0.9800,0.027498,0.9583
32,0.007214,0.9900,0.024936,0.9583
33,0.010384,0.9800,0.024041,0.9583
34,0.007753,0.9900,0.021887,0.9583
35,0.004859,1.0000,0.020918,0.9583
36,0.010081,0.9800,0.019332,0.9583
37,0.005582,0.9900,0.016405,0.9583
38,0.005530,0.9900,0.015605,0.9583
39,0.006290,0.9900,0.014701,0.9583
40,0.007094,0.9800,0.013930,0.9583
41,0.004239,0.9900,0.014025,0.9583
42,0.005585,0.9900,0.015005,0.9583
43,0.008653,0.9800,0.014219,0.9583
44,0.007238,0.9800,0.012134,0.9583
45,0.003773,0.9900,0.010573,0.9583
46,0.009601,0.9800,0.009061,1.0000
47,0.013315,0.9600,0.004943,1.0000
48,0.010410,0.9700,0.006904,1.0000
49,0.008962,0.9800,0.007034,1.0000
50,0.006808,0.9700,0.007241,1.0000
51,0.003178,1.0000,0.009710,0.9583
52,0.006075,0.9900,0.016281,0.9583
53,0.009392,0.9800,0.013321,0.9583
54,0.006924,0.9800,0.010495,0.9583
55,0.012857,0.9700,0.005408,1.0000
56,0.005697,0.9900,0.005004,1.0000
57,0.005122,0.9800,0.004652,1.0000
58,0.006491,0.9700,0.003372,1.0000
59,0.005693,0.9900,0.002418,1.0000
60,0.005797,0.9800,0.002067,1.0000
61,0.006203,0.9900,0.001899,1.0000
62,0.013375,0.9600,0.001842,1.0000
63,0.000582,1.0000,0.001915,1.0000
64,0.004382,1.0000,0.002341,1.0000
65,0.008986,0.9700,0.002525,1.0000
66,0.015466,0.9400,0.003890,1.0000
67,0.001638,1.0000,0.015958,0.9583
68,0.007666,0.9800,0.006710,0.9583
69,0.002760,0.9900,0.004114,1.0000
70,0.004778,0.9900,0.003444,1.0000
71,0.004802,0.9800,0.003121,1.0000
72,0.010729,0.9700,0.002373,1.0000
73,0.003443,0.9900,0.002214,1.0000
74,0.009994,0.9700,0.001589,1.0000
75,0.006177,0.9800,0.001427,1.0000
76,0.018177,0.9400,0.001007,1.0000
77,0.011750,0.9600,0.000953,1.0000
78,0.004942,0.9800,0.000913,1.0000
79,0.012944,0.9600,0.000688,1.0000
80,0.010670,0.9700,0.000662,1.0000
81,0.004010,0.9900,0.000684,1.0000
82,0.004508,0.9900,0.000686,1.0000
83,0.000348,1.0000,0.000654,1.0000
84,0.002052,0.9900,0.000672,1.0000
85,0.005509,0.9800,0.000523,1.0000
86,0.004339,0.9900,0.000395,1.0000
87,0.003226,0.9900,0.000412,1.0000
88,0.011694,0.9500,0.000441,1.0000
89,0.009215,0.9600,0.000585,1.0000
90,0.010829,0.9600,0.000730,1.0000
91,0.008754,0.9800,0.000479,1.0000
92,0.006808,0.9900,0.000639,1.0000
93,0.002473,1.0000,0.000747,1.0000
94,0.004564,0.9800,0.000639,1.0000
95,0.002753,0.9900,0.000613,1.0000
96,0.004639,0.9900,0.000632,1.0000
97,0.004762,0.9900,0.000583,1.0000
98,0.003586,0.9900,0.000511,1.0000
99,0.002200,0.9900,0.000491,1.0000
100,0.004858,0.9900,0.000541,1.0000
101,0.005285,0.9800,0.000663,1.0000
102,0.002838,1.0000,0.000729,1.0000
103,0.005972,0.9800,0.000704,1.0000
104,0.004055,0.9900,0.000663,1.0000
105,0.005929,0.9800,0.000622,1.0000
106,0.004460,0.9900,0.000645,1.0000
107,0.004659,0.9900,0.000664,1.0000
108,0.007837,0.9800,0.000709,1.0000
109,0.002592,1.0000,0.000730,1.0000
110,0.008793,0.9800,0.000698,1.0000
111,0.003349,0.9900,0.000662,1.0000
112,0.002067,1.0000,0.000702,1.0000
113,0.005854,0.9800,0.000836,1.0000
114,0.002622,1.0000,0.000877,1.0000
115,0.011223,0.9700,0.000720,1.0000
1,0.127733,0.5200,0.104035,0.6667
2,0.096027,0.7000,0.096047,0.7083
3,0.079945,0.8100,0.103069,0.7083
4,0.066856,0.8100,0.099323,0.6667
5,0.057110,0.8800,0.088948,0.6667
6,0.053081,0.8700,0.096623,0.7083
7,0.045577,0.8900,0.082101,0.7500
8,0.039854,0.8900,0.089400,0.7500
9,0.043174,0.8900,0.068430,0.7917
10,0.033878,0.9300,0.071637,0.7500
11,0.043314,0.8800,0.069033,0.7917
12,0.026225,0.9200,0.064460,0.8333
13,0.029146,0.9400,0.055989,0.8750
14,0.025927,0.9300,0.055778,0.7917
15,0.023850,0.9400,0.054832,0.7917
16,0.023963,0.9500,0.058038,0.8333
17,0.024255,0.9400,0.053318,0.8333
18,0.025725,0.9300,0.050886,0.8750
19,0.021451,0.9300,0.046500,0.8750
20,0.025244,0.9200,0.042334,0.9167
21,0.026387,0.9100,0.041814,0.9167
22,0.020112,0.9500,0.042752,0.9167
23,0.019952,0.9400,0.043411,0.9167
24,0.017317,0.9400,0.040177,0.9167
25,0.014620,0.9600,0.040268,0.9167
26,0.023252,0.9100,0.038361,0.9167
27,0.015066,0.9700,0.029251,0.8750
28,0.011847,0.9700,0.032309,0.9167
29,0.027494,0.9100,0.030416,0.9583
30,0.010722,0.9900,0.029960,0.9583
31,0.009709,0.9800,0.027498,0.9583
32,0.007214,0.9900,0.024936,0.9583
33,0.010384,0.9800,0.024041,0.9583
34,0.007753,0.9900,0.021887,0.9583
35,0.004859,1.0000,0.020918,0.9583
36,0.010081,0.9800,0.019332,0.9583
37,0.005582,0.9900,0.016405,0.9583
38,0.005530,0.9900,0.015605,0.9583
39,0.006290,0.9900,0.014701,0.9583
40,0.007094,0.9800,0.013930,0.9583
41,0.004239,0.9900,0.014025,0.9583
42,0.005585,0.9900,0.015005,0.9583
43,0.008653,0.9800,0.014219,0.9583
44,0.007238,0.9800,0.012134,0.9583
45,0.003773,0.9900,0.010573,0.9583
46,0.009601,0.9800,0.009061,1.0000
47,0.013315,0.9600,0.004943,1.0000
48,0.010410,0.9700,0.006904,1.0000
49,0.008962,0.9800,0.007034,1.0000
50,0.006808,0.9700,0.007241,1.0000
51,0.003178,1.0000,0.009710,0.9583
52,0.006075,0.9900,0.016281,0.9583
53,0.009392,0.9800,0.013321,0.9583
54,0.006924,0.9800,0.010495,0.9583
55,0.012857,0.9700,0.005408,1.0000
56,0.005697,0.9900,0.005004,1.0000
57,0.005122,0.9800,0.004652,1.0000
58,0.006491,0.9700,0.003372,1.0000
59,0.005693,0.9900,0.002418,1.0000
60,0.005797,0.9800,0.002067,1.0000
61,0.006203,0.9900,0.001899,1.0000
62,0.013375,0.9600,0.001842,1.0000
63,0.000582,1.0000,0.001915,1.0000
64,0.004382,1.0000,0.002341,1.0000
65,0.008986,0.9700,0.002525,1.0000
66,0.015466,0.9400,0.003890,1.0000
67,0.001638,1.0000,0.015958,0.9583
68,0.007666,0.9800,0.006710,0.9583
69,0.002760,0.9900,0.004114,1.0000
70,0.004778,0.9900,0.003444,1.0000
71,0.004802,0.9800,0.003121,1.0000
72,0.010729,0.9700,0.002373,1.0000
73,0.003443,0.9900,0.002214,1.0000
74,0.009994,0.9700,0.001589,1.0000
75,0.006177,0.9800,0.001427,1.0000
76,0.018177,0.9400,0.001007,1.0000
77,0.011750,0.9600,0.000953,1.0000
78,0.004942,0.9800,0.000913,1.0000
79,0.012944,0.9600,0.000688,1.0000
80,0.010670,0.9700,0.000662,1.0000
81,0.004010,0.9900,0.000684,1.0000
82,0.004508,0.9900,0.000686,1.0000
83,0.000348,1.0000,0.000654,1.0000
84,0.002052,0.9900,0.000672,1.0000
85,0.005509,0.9800,0.000523,1.0000
86,0.004339,0.9900,0.000395,1.0000
87,0.003226,0.9900,0.000412,1.0000
88,0.011694,0.9500,0.000441,1.0000
89,0.009215,0.9600,0.000585,1.0000
90,0.010829,0.9600,0.000730,1.0000
91,0.008754,0.9800,0.000479,1.0000
92,0.006808,0.9900,0.000639,1.0000
93,0.002473,1.0000,0.000747,1.0000
94,0.004564,0.9800,0.000639,1.0000
95,0.002753,0.9900,0.000613,1.0000
96,0.004639,0.9900,0.000632,1.0000
97,0.004762,0.9900,0.000583,1.0000
98,0.003586,0.9900,0.000511,1.0000
99,0.002200,0.9900,0.000491,1.0000
100,0.004858,0.9900,0.000541,1.0000
101,0.005285,0.9800,0.000663,1.0000
102,0.002838,1.0000,0.000729,1.0000
103,0.005972,0.9800,0.000704,1.0000
104,0.004055,0.9900,0.000663,1.0000
105,0.005929,0.9800,0.000622,1.0000
106,0.004460,0.9900,0.000645,1.0000
107,0.004659,0.9900,0.000664,1.0000
108,0.007837,0.9800,0.000709,1.0000
109,0.002592,1.0000,0.000730,1.0000
110,0.008793,0.9800,0.000698,1.0000
111,0.003349,0.9900,0.000662,1.0000
112,0.002067,1.0000,0.000702,1.0000
113,0.005854,0.9800,0.000836,1.0000
114,0.002622,1.0000,0.000877,1.0000
115,0.011223,0.9700,0.000720,1.0000
1,0.127733,0.5200,0.104035,0.6667
2,0.096027,0.7000,0.096047,0.7083
3,0.079945,0.8100,0.103069,0.7083
4,0.066856,0.8100,0.099323,0.6667
5,0.057110,0.8800,0.088948,0.6667
6,0.053081,0.8700,0.096623,0.7083
7,0.045577,0.8900,0.082101,0.7500
8,0.039854,0.8900,0.089400,0.7500
9,0.043174,0.8900,0.068430,0.7917
10,0.033878,0.9300,0.071637,0.7500
11,0.043314,0.8800,0.069033,0.7917
12,0.026225,0.9200,0.064460,0.8333
13,0.029146,0.9400,0.055989,0.8750
14,0.025927,0.9300,0.055778,0.7917
15,0.023850,0.9400,0.054832,0.7917
16,0.023963,0.9500,0.058038,0.8333
17,0.024255,0.9400,0.053318,0.8333
18,0.025725,0.9300,0.050886,0.8750
19,0.021451,0.9300,0.046500,0.8750
20,0.025244,0.9200,0.042334,0.9167
21,0.026387,0.9100,0.041814,0.9167
22,0.020112,0.9500,0.042752,0.9167
23,0.019952,0.9400,0.043411,0.9167
24,0.017317,0.9400,0.040177,0.9167
25,0.014620,0.9600,0.040268,0.9167
26,0.023252,0.9100,0.038361,0.9167
27,0.015066,0.9700,0.029251,0.8750
28,0.011847,0.9700,0.032309,0.9167
29,0.027494,0.9100,0.030416,0.9583
30,0.010722,0.9900,0.029960,0.9583
31,0.009709,0.9800,0.027498,0.9583
32,0.007214,0.9900,0.024936,0.9583
33,0.010384,0.9800,0.024041,0.9583
34,0.007753,0.9900,0.021887,0.9583
35,0.004859,1.0000,0.020918,0.9583
36,0.010081,0.9800,0.019332,0.9583
37,0.005582,0.9900,0.016405,0.9583
38,0.005530,0.9900,0.015605,0.9583
39,0.006290,0.9900,0.014701,0.9583
40,0.007094,0.9800,0.013930,0.9583
41,0.004239,0.9900,0.014025,0.9583
42,0.005585,0.9900,0.015005,0.9583
43,0.008653,0.9800,0.014219,0.9583
44,0.007238,0.9800,0.012134,0.9583
45,0.003773,0.9900,0.010573,0.9583
46,0.009601,0.9800,0.009061,1.0000
47,0.013315,0.9600,0.004943,1.0000
48,0.010410,0.9700,0.006904,1.0000
49,0.008962,0.9800,0.007034,1.0000
50,0.006808,0.9700,0.007241,1.0000
51,0.003178,1.0000,0.009710,0.9583
52,0.006075,0.9900,0.016281,0.9583
53,0.009392,0.9800,0.013321,0.9583
54,0.006924,0.9800,0.010495,0.9583
55,0.012857,0.9700,0.005408,1.0000
56,0.005697,0.9900,0.005004,1.0000
57,0.005122,0.9800,0.004652,1.0000
58,0.006491,0.9700,0.003372,1.0000
59,0.005693,0.9900,0.002418,1.0000
60,0.005797,0.9800,0.002067,1.0000
61,0.006203,0.9900,0.001899,1.0000
62,0.013375,0.9600,0.001842,1.0000
63,0.000582,1.0000,0.001915,1.0000
64,0.004382,1.0000,0.002341,1.0000
65,0.008986,0.9700,0.002525,1.0000
66,0.015466,0.9400,0.003890,1.0000
67,0.001638,1.0000,0.015958,0.9583
68,0.007666,0.9800,0.006710,0.9583
69,0.002760,0.9900,0.004114,1.0000
70,0.004778,0.9900,0.003444,1.0000
71,0.004802,0.9800,0.003121,1.0000
72,0.010729,0.9700,0.002373,1.0000
73,0.003443,0.9900,0.002214,1.0000
74,0.009994,0.9700,0.001589,1.0000
75,0.006177,0.9800,0.001427,1.0000
76,0.018177,0.9400,0.001007,1.0000
77,0.011750,0.9600,0.000953,1.0000
78,0.004942,0.9800,0.000913,1.0000
79,0.012944,0.9600,0.000688,1.0000
80,0.010670,0.9700,0.000662,1.0000
81,0.004010,0.9900,0.000684,1.0000
82,0.004508,0.9900,0.000686,1.0000
83,0.000348,1.0000,0.000654,1.0000
84,0.002052,0.9900,0.000672,1.0000
85,0.005509,0.9800,0.000523,1.0000
86,0.004339,0.9900,0.000395,1.0000
87,0.003226,0.9900,0.000412,1.0000
88,0.011694,0.9500,0.000441,1.0000
89,0.009215,0.9600,0.000585,1.0000
90,0.010829,0.9600,0.000730,1.0000
91,0.008754,0.9800,0.000479,1.0000
92,0.006808,0.9900,0.000639,1.0000
93,0.002473,1.0000,0.000747,1.0000
94,0.004564,0.9800,0.000639,1.0000
95,0.002753,0.9900,0.000613,1.0000
96,0.004639,0.9900,0.000632,1.0000
97,0.004762,0.9900,0.000583,1.0000
98,0.003586,0.9900,0.000511,1.0000
99,0.002200,0.9900,0.000491,1.0000
100,0.004858,0.9900,0.000541,1.0000
101,0.005285,0.9800,0.000663,1.0000
102,0.002838,1.0000,0.000729,1.0000
103,0.005972,0.9800,0.000704,1.0000
104,0.004055,0.9900,0.000663,1.0000
105,0.005929,0.9800,0.000622,1.0000
106,0.004460,0.9900,0.000645,1.0000
107,0.004659,0.9900,0.000664,1.0000
108,0.007837,0.9800,0.000709,1.0000
109,0.002592,1.0000,0.000730,1.0000
110,0.008793,0.9800,0.000698,1.0000
111,0.003349,0.9900,0.000662,1.0000
112,0.002067,1.0000,0.000702,1.0000
113,0.005854,0.9800,0.000836,1.0000
114,0.002622,1.0000,0.000877,1.0000
115,0.011223,0.9700,0.000720,1.0000
1,0.127733,0.5200,0.104035,0.6667
2,0.096027,0.7000,0.096047,0.7083
3,0.079945,0.8100,0.103069,0.7083
4,0.066856,0.8100,0.099323,0.6667
5,0.057110,0.8800,0.088948,0.6667
6,0.053081,0.8700,0.096623,0.7083
7,0.045577,0.8900,0.082101,0.7500
8,0.039854,0.8900,0.089400,0.7500
9,0.043174,0.8900,0.068430,0.7917
10,0.033878,0.9300,0.071637,0.7500
11,0.043314,0.8800,0.069033,0.7917
12,0.026225,0.9200,0.064460,0.8333
13,0.029146,0.9400,0.055989,0.8750
14,0.025927,0.9300,0.055778,0.7917
15,0.023850,0.9400,0.054832,0.7917
16,0.023963,0.9500,0.058038,0.8333
17,0.024255,0.9400,0.053318,0.8333
18,0.025725,0.9300,0.050886,0.8750
19,0.021451,0.9300,0.046501,0.8750
20,0.025244,0.9200,0.042335,0.9167
21,0.026388,0.9100,0.041815,0.9167
22,0.020112,0.9500,0.042755,0.9167
23,0.019952,0.9400,0.043413,0.9167
24,0.017319,0.9400,0.040178,0.9167
25,0.014620,0.9600,0.040268,0.9167
26,0.023254,0.9100,0.038365,0.9167
27,0.015069,0.9700,0.029258,0.8750
28,0.011841,0.9700,0.032237,0.9167
29,0.027502,0.9100,0.030077,0.9583
30,0.010726,0.9900,0.029709,0.9583
31,0.009730,0.9800,0.027276,0.9583
32,0.007219,0.9900,0.024724,0.9583
33,0.010397,0.9800,0.023866,0.9583
34,0.007766,0.9900,0.021582,0.9583
35,0.004868,1.0000,0.020578,0.9583
36,0.010076,0.9800,0.018830,0.9583
37,0.005592,0.9900,0.015657,0.9583
38,0.005519,0.9900,0.014902,0.9583
39,0.006332,0.9900,0.013790,0.9583
40,0.007087,0.9800,0.013014,0.9583
41,0.004232,0.9900,0.013210,0.9583
42,0.005594,0.9900,0.014342,0.9583
43,0.008655,0.9800,0.013545,0.9583
44,0.007245,0.9800,0.011379,0.9583
45,0.003788,0.9900,0.010081,0.9583
46,0.009616,0.9800,0.008545,1.0000
47,0.013348,0.9600,0.004745,1.0000
48,0.010410,0.9700,0.006419,1.0000
49,0.008961,0.9800,0.006471,1.0000
50,0.006814,0.9700,0.006802,1.0000
51,0.003197,1.0000,0.009066,0.9583
52,0.006115,0.9900,0.014634,0.9583
53,0.009416,0.9800,0.011543,0.9583
54,0.006967,0.9800,0.009285,0.9583
55,0.012868,0.9700,0.004806,1.0000
56,0.005708,0.9900,0.004477,1.0000
57,0.005134,0.9800,0.004413,1.0000
58,0.006502,0.9700,0.003344,1.0000
59,0.005700,0.9900,0.002426,1.0000
60,0.005822,0.9800,0.002078,1.0000
61,0.006255,0.9900,0.001928,1.0000
62,0.013618,0.9600,0.001979,1.0000
63,0.000582,1.0000,0.002081,1.0000
64,0.004405,1.0000,0.002450,1.0000
65,0.009052,0.9700,0.002625,1.0000
66,0.015642,0.9400,0.004794,1.0000
67,0.001717,1.0000,0.019081,0.9583
68,0.008519,0.9800,0.004678,1.0000
69,0.002864,0.9900,0.002684,1.0000
70,0.004679,0.9900,0.002180,1.0000
71,0.004882,0.9800,0.001966,1.0000
72,0.010662,0.9700,0.001700,1.0000
73,0.003435,0.9900,0.001683,1.0000
74,0.010203,0.9700,0.001361,1.0000
75,0.006461,0.9800,0.001319,1.0000
76,0.018335,0.9400,0.001059,1.0000
77,0.009432,0.9700,0.001012,1.0000
78,0.005471,0.9800,0.000976,1.0000
79,0.013100,0.9600,0.000755,1.0000
80,0.010716,0.9700,0.000734,1.0000
81,0.004376,0.9900,0.000789,1.0000
82,0.004708,0.9900,0.000809,1.0000
83,0.000351,1.0000,0.000771,1.0000
84,0.002200,0.9900,0.000797,1.0000
85,0.005489,0.9800,0.000664,1.0000
86,0.004465,0.9900,0.000520,1.0000
87,0.003744,0.9900,0.000542,1.0000
88,0.012622,0.9500,0.000611,1.0000
89,0.009145,0.9600,0.000868,1.0000
90,0.011215,0.9500,0.001074,1.0000
91,0.010163,0.9800,0.000613,1.0000
92,0.007044,0.9900,0.000672,1.0000
93,0.002476,1.0000,0.000746,1.0000
94,0.004291,0.9900,0.000651,1.0000
95,0.003056,0.9900,0.000643,1.0000
96,0.004913,0.9900,0.000668,1.0000
97,0.005010,0.9900,0.000631,1.0000
98,0.003880,0.9900,0.000557,1.0000
99,0.002243,0.9900,0.000542,1.0000
100,0.005524,0.9800,0.000607,1.0000
101,0.005439,0.9800,0.000742,1.0000
102,0.003488,0.9800,0.000817,1.0000
103,0.006410,0.9800,0.000792,1.0000
104,0.004115,0.9900,0.000759,1.0000
105,0.006294,0.9900,0.000733,1.0000
106,0.004490,0.9900,0.000801,1.0000
107,0.004638,0.9900,0.000842,1.0000
108,0.007439,0.9800,0.000908,1.0000
109,0.002441,1.0000,0.000920,1.0000
110,0.008876,0.9800,0.000870,1.0000
111,0.003904,0.9900,0.000817,1.0000
112,0.002355,1.0000,0.000863,1.0000
113,0.005963,0.9800,0.001004,1.0000
114,0.002639,1.0000,0.001024,1.0000
115,0.011333,0.9700,0.000842,1.0000
1,0.127733,0.5200,0.104035,0.6667
2,0.096027,0.7000,0.096047,0.7083
3,0.079945,0.8100,0.103069,0.7083
4,0.066856,0.8100,0.099323,0.6667
5,0.057110,0.8800,0.088948,0.6667
6,0.053081,0.8700,0.096623,0.7083
7,0.045577,0.8900,0.082101,0.7500
8,0.039854,0.8900,0.089400,0.7500
9,0.043174,0.8900,0.068430,0.7917
10,0.033878,0.9300,0.071637,0.7500
11,0.043314,0.8800,0.069033,0.7917
12,0.026225,0.9200,0.064460,0.8333
13,0.029146,0.9400,0.055989,0.8750
14,0.025927,0.9300,0.055778,0.7917
15,0.023850,0.9400,0.054832,0.7917
16,0.023963,0.9500,0.058038,0.8333
17,0.024255,0.9400,0.053318,0.8333
18,0.025725,0.9300,0.050886,0.8750
19,0.021451,0.9300,0.046501,0.8750
20,0.025244,0.9200,0.042335,0.9167
21,0.026388,0.9100,0.041815,0.9167
22,0.020112,0.9500,0.042755,0.9167
23,0.019952,0.9400,0.043413,0.9167
24,0.017319,0.9400,0.040178,0.9167
25,0.014620,0.9600,0.040268,0.9167
26,0.023254,0.9100,0.038365,0.9167
27,0.015069,0.9700,0.029258,0.8750
28,0.011841,0.9700,0.032237,0.9167
29,0.027502,0.9100,0.030077,0.9583
30,0.010726,0.9900,0.029709,0.9583
31,0.009730,0.9800,0.027276,0.9583
32,0.007219,0.9900,0.024724,0.9583
33,0.010397,0.9800,0.023866,0.9583
34,0.007766,0.9900,0.021582,0.9583
35,0.004868,1.0000,0.020578,0.9583
36,0.010076,0.9800,0.018830,0.9583
37,0.005592,0.9900,0.015657,0.9583
38,0.005519,0.9900,0.014902,0.9583
39,0.006332,0.9900,0.013790,0.9583
40,0.007087,0.9800,0.013014,0.9583
41,0.004232,0.9900,0.013210,0.9583
42,0.005594,0.9900,0.014342,0.9583
43,0.008655,0.9800,0.013545,0.9583
44,0.007245,0.9800,0.011379,0.9583
45,0.003788,0.9900,0.010081,0.9583
46,0.009616,0.9800,0.008545,1.0000
47,0.013348,0.9600,0.004745,1.0000
48,0.010410,0.9700,0.006419,1.0000
49,0.008961,0.9800,0.006471,1.0000
50,0.006814,0.9700,0.006802,1.0000
51,0.003197,1.0000,0.009066,0.9583
52,0.006115,0.9900,0.014634,0.9583
53,0.009416,0.9800,0.011543,0.9583
54,0.006967,0.9800,0.009285,0.9583
55,0.012868,0.9700,0.004806,1.0000
56,0.005708,0.9900,0.004477,1.0000
57,0.005134,0.9800,0.004413,1.0000
58,0.006502,0.9700,0.003344,1.0000
59,0.005700,0.9900,0.002426,1.0000
60,0.005822,0.9800,0.002078,1.0000
61,0.006255,0.9900,0.001928,1.0000
62,0.013618,0.9600,0.001979,1.0000
63,0.000582,1.0000,0.002081,1.0000
64,0.004405,1.0000,0.002450,1.0000
65,0.009052,0.9700,0.002625,1.0000
66,0.015642,0.9400,0.004794,1.0000
67,0.001717,1.0000,0.019081,0.9583
68,0.008519,0.9800,0.004678,1.0000
69,0.002864,0.9900,0.002684,1.0000
70,0.004679,0.9900,0.002180,1.0000
71,0.004882,0.9800,0.001966,1.0000
72,0.010662,0.9700,0.001700,1.0000
73,0.003435,0.9900,0.001683,1.0000
74,0.010203,0.9700,0.001361,1.0000
75,0.006461,0.9800,0.001319,1.0000
76,0.018335,0.9400,0.001059,1.0000
77,0.009432,0.9700,0.001012,1.0000
78,0.005471,0.9800,0.000976,1.0000
79,0.013100,0.9600,0.000755,1.0000
80,0.010716,0.9700,0.000734,1.0000
81,0.004376,0.9900,0.000789,1.0000
82,0.004708,0.9900,0.000809,1.0000
83,0.000351,1.0000,0.000771,1.0000
84,0.002200,0.9900,0.000797,1.0000
85,0.005489,0.9800,0.000664,1.0000
86,0.004465,0.9900,0.000520,1.0000
87,0.003744,0.9900,0.000542,1.0000
88,0.012622,0.9500,0.000611,1.0000
89,0.009145,0.9600,0.000868,1.0000
90,0.011215,0.9500,0.001074,1.0000
91,0.010163,0.9800,0.000613,1.0000
92,0.007044,0.9900,0.000672,1.0000
93,0.002476,1.0000,0.000746,1.0000
94,0.004291,0.9900,0.000651,1.0000
95,0.003056,0.9900,0.000643,1.0000
96,0.004913,0.9900,0.000668,1.0000
97,0.005010,0.9900,0.000631,1.0000
98,0.003880,0.9900,0.000557,1.0000
99,0.002243,0.9900,0.000542,1.0000
100,0.005524,0.9800,0.000607,1.0000
101,0.005439,0.9800,0.000742,1.0000
102,0.003488,0.9800,0.000817,1.0000
103,0.006410,0.9800,0.000792,1.0000
104,0.004115,0.9900,0.000759,1.0000
105,0.006294,0.9900,0.000733,1.0000
106,0.004490,0.9900,0.000801,1.0000
107,0.004638,0.9900,0.000842,1.0000
108,0.007439,0.9800,0.000908,1.0000
109,0.002441,1.0000,0.000920,1.0000
110,0.008876,0.9800,0.000870,1.0000
111,0.003904,0.9900,0.000817,1.0000
112,0.002355,1.0000,0.000863,1.0000
113,0.005963,0.9800,0.001004,1.0000
114,0.002639,1.0000,0.001024,1.0000
115,0.011333,0.9700,0.000842,1.0000
1,0.127733,0.5200,0.104035,0.6667
2,0.096027,0.7000,0.096047,0.7083
3,0.079945,0.8100,0.103069,0.7083
4,0.066856,0.8100,0.099323,0.6667
5,0.057110,0.8800,0.088948,0.6667
6,0.053081,0.8700,0.096623,0.7083
7,0.045577,0.8900,0.082101,0.7500
8,0.039854,0.8900,0.089400,0.7500
9,0.043174,0.8900,0.068430,0.7917
10,0.033878,0.9300,0.071637,0.7500
11,0.043314,0.8800,0.069033,0.7917
12,0.026225,0.9200,0.064460,0.8333
13,0.029146,0.9400,0.055989,0.8750
14,0.025927,0.9300,0.055778,0.7917
15,0.023850,0.9400,0.054832,0.7917
16,0.023963,0.9500,0.058038,0.8333
17,0.024255,0.9400,0.053318,0.8333
18,0.025725,0.9300,0.050886,0.8750
19,0.021451,0.9300,0.046501,0.8750
20,0.025244,0.9200,0.042335,0.9167
21,0.026388,0.9100,0.041815,0.9167
22,0.020112,0.9500,0.042755,0.9167
23,0.019952,0.9400,0.043413,0.9167
24,0.017319,0.9400,0.040178,0.9167
25,0.014620,0.9600,0.040268,0.9167
26,0.023254,0.9100,0.038365,0.9167
27,0.015069,0.9700,0.029258,0.8750
28,0.011841,0.9700,0.032237,0.9167
29,0.027502,0.9100,0.030077,0.9583
30,0.010726,0.9900,0.029709,0.9583
31,0.009730,0.9800,0.027276,0.9583
32,0.007219,0.9900,0.024724,0.9583
33,0.010397,0.9800,0.023866,0.9583
34,0.007766,0.9900,0.021582,0.9583
35,0.004868,1.0000,0.020578,0.9583
36,0.010076,0.9800,0.018830,0.9583
37,0.005592,0.9900,0.015657,0.9583
38,0.005519,0.9900,0.014902,0.9583
39,0.006332,0.9900,0.013790,0.9583
40,0.007087,0.9800,0.013014,0.9583
41,0.004232,0.9900,0.013210,0.9583
42,0.005594,0.9900,0.014342,0.9583
43,0.008655,0.9800,0.013545,0.9583
44,0.007245,0.9800,0.011379,0.9583
45,0.003788,0.9900,0.010081,0.9583
46,0.009616,0.9800,0.008545,1.0000
47,0.013348,0.9600,0.004745,1.0000
48,0.010410,0.9700,0.006419,1.0000
49,0.008961,0.9800,0.006471,1.0000
50,0.006814,0.9700,0.006802,1.0000
51,0.003197,1.0000,0.009066,0.9583
52,0.006115,0.9900,0.014634,0.9583
53,0.009416,0.9800,0.011543,0.9583
54,0.006967,0.9800,0.009285,0.9583
55,0.012868,0.9700,0.004806,1.0000
56,0.005708,0.9900,0.004477,1.0000
57,0.005134,0.9800,0.004413,1.0000
58,0.006502,0.9700,0.003344,1.0000
59,0.005700,0.9900,0.002426,1.0000
60,0.005822,0.9800,0.002078,1.0000
61,0.006255,0.9900,0.001928,1.0000
62,0.013618,0.9600,0.001979,1.0000
63,0.000582,1.0000,0.002081,1.0000
64,0.004405,1.0000,0.002450,1.0000
65,0.009052,0.9700,0.002625,1.0000
66,0.015642,0.9400,0.004794,1.0000
67,0.001717,1.0000,0.019081,0.9583
68,0.008519,0.9800,0.004678,1.0000
69,0.002864,0.9900,0.002684,1.0000
70,0.004679,0.9900,0.002180,1.0000
71,0.004882,0.9800,0.001966,1.0000
72,0.010662,0.9700,0.001700,1.0000
73,0.003435,0.9900,0.001683,1.0000
74,0.010203,0.9700,0.001361,1.0000
75,0.006461,0.9800,0.001319,1.0000
76,0.018335,0.9400,0.001059,1.0000
77,0.009432,0.9700,0.001012,1.0000
78,0.005471,0.9800,0.000976,1.0000
79,0.013100,0.9600,0.000755,1.0000
80,0.010716,0.9700,0.000734,1.0000
81,0.004376,0.9900,0.000789,1.0000
82,0.004708,0.9900,0.000809,1.0000
83,0.000351,1.0000,0.000771,1.0000
84,0.002200,0.9900,0.000797,1.0000
85,0.005489,0.9800,0.000664,1.0000
86,0.004465,0.9900,0.000520,1.0000
87,0.003744,0.9900,0.000542,1.0000
88,0.012622,0.9500,0.000611,1.0000
89,0.009145,0.9600,0.000868,1.0000
90,0.011215,0.9500,0.001074,1.0000
91,0.010163,0.9800,0.000613,1.0000
92,0.007044,0.9900,0.000672,1.0000
93,0.002476,1.0000,0.000746,1.0000
94,0.004291,0.9900,0.000651,1.0000
95,0.003056,0.9900,0.000643,1.0000
96,0.004913,0.9900,0.000668,1.0000
97,0.005010,0.9900,0.000631,1.0000
98,0.003880,0.9900,0.000557,1.0000
99,0.002243,0.9900,0.000542,1.0000
100,0.005524,0.9800,0.000607,1.0000
101,0.005439,0.9800,0.000742,1.0000
102,0.003488,0.9800,0.000817,1.0000
103,0.006410,0.9800,0.000792,1.0000
104,0.004115,0.9900,0.000759,1.0000
105,0.006294,0.9900,0.000733,1.0000
106,0.004490,0.9900,0.000801,1.0000
107,0.004638,0.9900,0.000842,1.0000
108,0.007439,0.9800,0.000908,1.0000
109,0.002441,1.0000,0.000920,1.0000
110,0.008876,0.9800,0.000870,1.0000
111,0.003904,0.9900,0.000817,1.0000
112,0.002355,1.0000,0.000863,1.0000
113,0.005963,0.9800,0.001004,1.0000
114,0.002639,1.0000,0.001024,1.0000
115,0.011333,0.9700,0.000842,1.0000
1,0.127733,0.5200,0.104035,0.6667
2,0.096027,0.7000,0.096047,0.7083
3,0.079945,0.8100,0.103069,0.7083
4,0.066856,0.8100,0.099323,0.6667
5,0.057110,0.8800,0.088948,0.6667
6,0.053081,0.8700,0.096623,0.7083
7,0.045577,0.8900,0.082101,0.7500
8,0.039854,0.8900,0.089400,0.7500
9,0.043174,0.8900,0.068430,0.7917
10,0.033878,0.9300,0.071637,0.7500
11,0.043314,0.8800,0.069033,0.7917
12,0.026225,0.9200,0.064460,0.8333
13,0.029146,0.9400,0.055989,0.8750
14,0.025927,0.9300,0.055778,0.7917
15,0.023850,0.9400,0.054832,0.7917
16,0.023963,0.9500,0.058038,0.8333
17,0.024255,0.9400,0.053318,0.8333
18,0.025725,0.9300,0.050886,0.8750
19,0.021451,0.9300,0.046501,0.8750
20,0.025244,0.9200,0.042335,0.9167
21,0.026388,0.9100,0.041815,0.9167
22,0.020112,0.9500,0.042755,0.9167
23,0.019952,0.9400,0.043413,0.9167
24,0.017319,0.9400,0.040178,0.9167
25,0.014620,0.9600,0.040268,0.9167
26,0.023254,0.9100,0.038365,0.9167
27,0.015069,0.9700,0.029258,0.8750
28,0.011841,0.9700,0.032237,0.9167
29,0.027502,0.9100,0.030077,0.9583
30,0.010726,0.9900,0.029709,0.9583
31,0.009730,0.9800,0.027276,0.9583
32,0.007219,0.9900,0.024724,0.9583
33,0.010397,0.9800,0.023866,0.9583
34,0.007766,0.9900,0.021582,0.9583
35,0.004868,1.0000,0.020578,0.9583
36,0.010076,0.9800,0.018830,0.9583
37,0.005592,0.9900,0.015657,0.9583
38,0.005519,0.9900,0.014902,0.9583
39,0.006332,0.9900,0.013790,0.9583
40,0.007087,0.9800,0.013014,0.9583
41,0.004232,0.9900,0.013210,0.9583
42,0.005594,0.9900,0.014342,0.9583
43,0.008655,0.9800,0.013545,0.9583
44,0.007245,0.9800,0.011379,0.9583
45,0.003788,0.9900,0.010081,0.9583
46,0.009616,0.9800,0.008545,1.0000
47,0.013348,0.9600,0.004745,1.0000
48,0.010410,0.9700,0.006419,1.0000
49,0.008961,0.9800,0.006471,1.0000
50,0.006814,0.9700,0.006802,1.0000
51,0.003197,1.0000,0.009066,0.9583
52,0.006115,0.9900,0.014634,0.9583
53,0.009416,0.9800,0.011543,0.9583
54,0.006967,0.9800,0.009285,0.9583
55,0.012868,0.9700,0.004806,1.0000
56,0.005708,0.9900,0.004477,1.0000
57,0.005134,0.9800,0.004413,1.0000
58,0.006502,0.9700,0.003344,1.0000
59,0.005700,0.9900,0.002426,1.0000
60,0.005822,0.9800,0.002078,1.0000
61,0.006255,0.9900,0.001928,1.0000
62,0.013618,0.9600,0.001979,1.0000
63,0.000582,1.0000,0.002081,1.0000
64,0.004405,1.0000,0.002450,1.0000
65,0.009052,0.9700,0.002625,1.0000
66,0.015642,0.9400,0.004794,1.0000
67,0.001717,1.0000,0.019081,0.9583
68,0.008519,0.9800,0.004678,1.0000
69,0.002864,0.9900,0.002684,1.0000
70,0.004679,0.9900,0.002180,1.0000
71,0.004882,0.9800,0.001966,1.0000
72,0.010662,0.9700,0.001700,1.0000
73,0.003435,0.9900,0.001683,1.0000
74,0.010203,0.9700,0.001361,1.0000
75,0.006461,0.9800,0.001319,1.0000
76,0.018335,0.9400,0.001059,1.0000
77,0.009432,0.9700,0.001012,1.0000
78,0.005471,0.9800,0.000976,1.0000
79,0.013100,0.9600,0.000755,1.0000
80,0.010716,0.9700,0.000734,1.0000
81,0.004376,0.9900,0.000789,1.0000
82,0.004708,0.9900,0.000809,1.0000
83,0.000351,1.0000,0.000771,1.0000
84,0.002200,0.9900,0.000797,1.0000
85,0.005489,0.9800,0.000664,1.0000
86,0.004465,0.9900,0.000520,1.0000
87,0.003744,0.9900,0.000542,1.0000
88,0.012622,0.9500,0.000611,1.0000
89,0.009145,0.9600,0.000868,1.0000
90,0.011215,0.9500,0.001074,1.0000
91,0.010163,0.9800,0.000613,1.0000
92,0.007044,0.9900,0.000672,1.0000
93,0.002476,1.0000,0.000746,1.0000
94,0.004291,0.9900,0.000651,1.0000
95,0.003056,0.9900,0.000643,1.0000
96,0.004913,0.9900,0.000668,1.0000
97,0.005010,0.9900,0.000631,1.0000
98,0.003880,0.9900,0.000557,1.0000
99,0.002243,0.9900,0.000542,1.0000
100,0.005524,0.9800,0.000607,1.0000
101,0.005439,0.9800,0.000742,1.0000
102,0.003488,0.9800,0.000817,1.0000
103,0.006410,0.9800,0.000792,1.0000
104,0.004115,0.9900,0.000759,1.0000
105,0.006294,0.9900,0.000733,1.0000
106,0.004490,0.9900,0.000801,1.0000
107,0.004638,0.9900,0.000842,1.0000
108,0.007439,0.9800,0.000908,1.0000
109,0.002441,1.0000,0.000920,1.0000
110,0.008876,0.9800,0.000870,1.0000
111,0.003904,0.9900,0.000817,1.0000
112,0.002355,1.0000,0.000863,1.0000
113,0.005963,0.9800,0.001004,1.0000
114,0.002639,1.0000,0.001024,1.0000
115,0.011333,0.9700,0.000842,1.0000
1,0.126512,0.6000,0.090396,0.7917
2,0.091789,0.7100,0.106728,0.7083
3,0.076028,0.8000,0.099363,0.7083
4,0.058578,0.8600,0.095168,0.7083
5,0.044321,0.8800,0.100926,0.7500
6,0.051853,0.8800,0.092051,0.7500
7,0.042485,0.8900,0.107460,0.7083
8,0.047506,0.8700,0.072927,0.7917
9,0.032859,0.9200,0.070681,0.8333
10,0.030432,0.9300,0.063686,0.8333
11,0.034517,0.9100,0.056141,0.8333
12,0.029907,0.9100,0.047143,0.8333
13,0.024307,0.9400,0.026416,0.9167
14,0.023741,0.9200,0.024009,0.9167
15,0.013816,0.9700,0.026027,0.8750
16,0.022278,0.9300,0.014064,1.0000
17,0.021790,0.9300,0.018828,0.9167
18,0.027053,0.9300,0.022827,0.9167
19,0.022564,0.9400,0.021733,0.9167
20,0.014820,0.9700,0.020637,0.9167
21,0.014669,0.9600,0.022430,0.9167
22,0.021992,0.9300,0.022560,0.9167
23,0.017888,0.9500,0.030143,0.9167
24,0.021788,0.9300,0.020084,0.9167
25,0.027488,0.9100,0.020880,0.9167
26,0.008462,0.9900,0.022714,0.9167
27,0.024316,0.9200,0.017662,0.9167
28,0.020093,0.9400,0.023028,0.9167
29,0.032121,0.8900,0.021518,0.9167
30,0.023350,0.9500,0.018950,0.9167
31,0.023139,0.9300,0.016795,0.9167
32,0.028361,0.9100,0.017212,0.9167
33,0.025520,0.9300,0.013400,1.0000
34,0.023395,0.9300,0.015643,0.9167
35,0.020074,0.9400,0.015874,0.9167
36,0.023549,0.9400,0.015035,0.9167
37,0.017593,0.9700,0.018613,0.9167
38,0.023586,0.9300,0.013492,0.9167
39,0.015012,0.9400,0.013116,0.9167
40,0.025778,0.9300,0.012331,1.0000
41,0.024520,0.9300,0.015636,0.9167
42,0.016699,0.9500,0.016814,0.9167
43,0.019413,0.9300,0.012857,0.9167
44,0.023604,0.9100,0.012547,1.0000
45,0.016209,0.9400,0.016419,0.9167
46,0.020568,0.9400,0.013643,0.9167
47,0.026087,0.9000,0.018403,0.9167
48,0.013334,0.9800,0.018262,0.9167
49,0.020409,0.9500,0.020799,0.9167
50,0.024430,0.9100,0.013387,0.9167
51,0.026909,0.9200,0.013527,0.9167
52,0.016398,0.9500,0.013522,0.9167
53,0.019131,0.9400,0.010257,1.0000
54,0.020367,0.9400,0.008933,1.0000
55,0.017389,0.9300,0.014729,0.9167
56,0.013728,0.9700,0.014327,0.9167
57,0.014435,0.9600,0.016632,0.9167
58,0.017478,0.9500,0.012847,0.9167
59,0.027841,0.8800,0.017793,0.9167
60,0.019740,0.9400,0.022087,0.9167
61,0.015073,0.9600,0.015386,0.9167
62,0.024332,0.9100,0.018251,0.9167
63,0.021086,0.9400,0.019561,0.9167
64,0.025675,0.9300,0.018413,0.9167
65,0.021865,0.9300,0.013857,0.9167
66,0.011157,0.9800,0.014792,0.9167
67,0.024488,0.9400,0.015017,0.9167
68,0.015830,0.9500,0.013339,0.9167
69,0.018136,0.9400,0.010758,1.0000
70,0.026565,0.9300,0.012560,0.9167
71,0.024145,0.9100,0.014283,0.9167
72,0.020286,0.9300,0.016863,0.9167
73,0.019050,0.9300,0.016035,0.9167
74,0.023911,0.9300,0.011166,0.9167
75,0.017751,0.9400,0.013482,0.9167
76,0.027730,0.9200,0.012865,0.9167
77,0.019539,0.9400,0.013704,0.9167
78,0.020025,0.9300,0.015512,0.9167
79,0.019264,0.9500,0.016675,0.9167
80,0.026419,0.9300,0.014409,0.9167
81,0.021271,0.9300,0.012568,0.9167
82,0.017122,0.9300,0.013523,0.9167
83,0.022937,0.9300,0.017205,0.9167
1,0.126512,0.6000,0.090396,0.7917
2,0.091789,0.7100,0.106728,0.7083
3,0.076028,0.8000,0.099363,0.7083
4,0.058578,0.8600,0.095168,0.7083
5,0.044321,0.8800,0.100926,0.7500
6,0.051853,0.8800,0.092051,0.7500
7,0.042485,0.8900,0.107460,0.7083
8,0.047506,0.8700,0.072927,0.7917
9,0.032859,0.9200,0.070681,0.8333
10,0.030432,0.9300,0.063686,0.8333
11,0.034517,0.9100,0.056141,0.8333
12,0.029907,0.9100,0.047143,0.8333
13,0.024307,0.9400,0.026416,0.9167
14,0.023741,0.9200,0.024009,0.9167
15,0.013816,0.9700,0.026027,0.8750
16,0.022278,0.9300,0.014064,1.0000
17,0.021790,0.9300,0.018828,0.9167
18,0.027053,0.9300,0.022827,0.9167
19,0.022564,0.9400,0.021733,0.9167
20,0.014820,0.9700,0.020637,0.9167
21,0.014669,0.9600,0.022430,0.9167
22,0.021992,0.9300,0.022560,0.9167
23,0.017888,0.9500,0.030143,0.9167
24,0.021788,0.9300,0.020084,0.9167
25,0.027488,0.9100,0.020880,0.9167
26,0.008462,0.9900,0.022714,0.9167
27,0.024316,0.9200,0.017662,0.9167
28,0.020093,0.9400,0.023028,0.9167
29,0.032121,0.8900,0.021518,0.9167
30,0.023350,0.9500,0.018950,0.9167
31,0.023139,0.9300,0.016795,0.9167
32,0.028361,0.9100,0.017212,0.9167
33,0.025520,0.9300,0.013400,1.0000
34,0.023395,0.9300,0.015643,0.9167
35,0.020074,0.9400,0.015874,0.9167
36,0.023549,0.9400,0.015035,0.9167
37,0.017593,0.9700,0.018613,0.9167
38,0.023586,0.9300,0.013492,0.9167
39,0.015012,0.9400,0.013116,0.9167
40,0.025778,0.9300,0.012331,1.0000
41,0.024520,0.9300,0.015636,0.9167
42,0.016699,0.9500,0.016814,0.9167
43,0.019413,0.9300,0.012857,0.9167
44,0.023604,0.9100,0.012547,1.0000
45,0.016209,0.9400,0.016419,0.9167
46,0.020568,0.9400,0.013643,0.9167
47,0.026087,0.9000,0.018403,0.9167
48,0.013334,0.9800,0.018262,0.9167
49,0.020409,0.9500,0.020799,0.9167
50,0.024430,0.9100,0.013387,0.9167
51,0.026909,0.9200,0.013527,0.9167
52,0.016398,0.9500,0.013522,0.9167
53,0.019131,0.9400,0.010257,1.0000
54,0.020367,0.9400,0.008933,1.0000
55,0.017389,0.9300,0.014729,0.9167
56,0.013728,0.9700,0.014327,0.9167
57,0.014435,0.9600,0.016632,0.9167
58,0.017478,0.9500,0.012847,0.9167
59,0.027841,0.8800,0.017793,0.9167
60,0.019740,0.9400,0.022087,0.9167
61,0.015073,0.9600,0.015386,0.9167
62,0.024332,0.9100,0.018251,0.9167
63,0.021086,0.9400,0.019561,0.9167
64,0.025675,0.9300,0.018413,0.9167
65,0.021865,0.9300,0.013857,0.9167
66,0.011157,0.9800,0.014792,0.9167
67,0.024488,0.9400,0.015017,0.9167
68,0.015830,0.9500,0.013339,0.9167
69,0.018136,0.9400,0.010758,1.0000
70,0.026565,0.9300,0.012560,0.9167
71,0.024145,0.9100,0.014283,0.9167
72,0.020286,0.9300,0.016863,0.9167
73,0.019050,0.9300,0.016035,0.9167
74,0.023911,0.9300,0.011166,0.9167
75,0.017751,0.9400,0.013482,0.9167
76,0.027730,0.9200,0.012865,0.9167
77,0.019539,0.9400,0.013704,0.9167
78,0.020025,0.9300,0.015512,0.9167
79,0.019264,0.9500,0.016675,0.9167
80,0.026419,0.9300,0.014409,0.9167
81,0.021271,0.9300,0.012568,0.9167
82,0.017122,0.9300,0.013523,0.9167
83,0.022937,0.9300,0.017205,0.9167
84,0.022276,0.9400,0.013185,0.9167
85,0.016838,0.9300,0.014270,0.9167
86,0.025069,0.9300,0.016883,0.9167
87,0.028721,0.9300,0.012598,0.9167
88,0.019478,0.9300,0.013251,0.9167
89,0.022451,0.9200,0.016302,0.9167
90,0.019533,0.9400,0.014158,0.9167
91,0.018991,0.9300,0.013398,0.9167
92,0.024983,0.9300,0.012142,0.9167
93,0.024187,0.9300,0.012093,0.9167
94,0.016948,0.9500,0.013617,0.9167
95,0.019966,0.9300,0.009663,1.0000
96,0.018834,0.9400,0.012149,0.9167
97,0.023392,0.9200,0.013684,0.9167
98,0.025803,0.9100,0.014715,0.9167
99,0.014730,0.9600,0.018128,0.9167
100,0.015996,0.9500,0.016398,0.9167
101,0.027363,0.9300,0.014951,0.9167
102,0.023924,0.9200,0.015775,0.9167
103,0.012742,0.9700,0.015072,0.9167
104,0.022002,0.9400,0.013570,0.9167
105,0.018187,0.9200,0.013722,0.9167
106,0.026511,0.9200,0.015216,0.9167
107,0.021329,0.9400,0.016988,0.9167
108,0.015613,0.9500,0.019568,0.9167
109,0.018576,0.9500,0.016438,0.9167
110,0.014103,0.9500,0.013118,0.9167
111,0.021823,0.9400,0.011044,0.9167
112,0.025377,0.8900,0.012873,0.9167
113,0.013883,0.9600,0.014608,0.9167
114,0.023592,0.9400,0.014619,0.9167
115,0.025034,0.9200,0.015310,0.9167
116,0.025074,0.9100,0.013543,0.9167
117,0.020757,0.9200,0.013042,0.9167
118,0.019348,0.9300,0.011139,0.9167
119,0.018123,0.9200,0.011472,0.9167
120,0.014961,0.9500,0.012679,0.9167
121,0.013239,0.9600,0.014402,0.9167
122,0.017670,0.9600,0.013815,0.9167
123,0.018318,0.9500,0.011968,0.9167
124,0.023011,0.9100,0.011270,0.9167
125,0.026005,0.9200,0.011771,0.9167
126,0.025287,0.9300,0.011987,0.9167
127,0.027330,0.9200,0.012236,0.9167
128,0.016574,0.9500,0.013327,0.9167
129,0.023623,0.9400,0.011593,0.9167
130,0.022204,0.9300,0.012334,0.9167
131,0.024409,0.9000,0.012000,0.9167
132,0.017598,0.9600,0.016407,0.9167
133,0.013986,0.9600,0.015934,0.9167
134,0.014959,0.9400,0.014739,0.9167
135,0.015971,0.9700,0.014152,0.9167
136,0.016243,0.9600,0.014776,0.9167
137,0.030643,0.9100,0.014464,0.9167
138,0.024276,0.9100,0.015052,0.9167
139,0.013909,0.9600,0.014243,0.9167
140,0.019395,0.9300,0.014822,0.9167
141,0.020945,0.9200,0.014693,0.9167
142,0.019967,0.9400,0.013533,0.9167
143,0.017980,0.9400,0.014008,0.9167
144,0.020327,0.9300,0.013524,0.9167
145,0.019137,0.9500,0.016571,0.9167
146,0.018920,0.9400,0.016983,0.9167
147,0.019266,0.9300,0.016152,0.9167
148,0.019671,0.9300,0.016679,0.9167
149,0.009128,0.9800,0.017232,0.9167
150,0.022392,0.9400,0.015882,0.9167
151,0.023802,0.9500,0.014749,0.9167
152,0.020950,0.9500,0.015709,0.9167
153,0.014821,0.9400,0.017390,0.9167
154,0.026756,0.9100,0.016903,0.9167
155,0.027490,0.9200,0.016864,0.9167
156,0.018173,0.9400,0.016133,0.9167
157,0.016933,0.9400,0.014300,0.9167
158,0.018846,0.9300,0.013230,0.9167
159,0.019977,0.9400,0.013669,0.9167
160,0.017225,0.9300,0.013365,0.9167
161,0.018024,0.9600,0.013748,0.9167
162,0.015746,0.9400,0.013659,0.9167
163,0.017700,0.9300,0.013470,0.9167
164,0.014406,0.9500,0.014622,0.9167
165,0.020476,0.9300,0.014291,0.9167
166,0.017449,0.9500,0.013298,0.9167
167,0.017499,0.9600,0.013090,0.9167
168,0.028239,0.9300,0.012368,0.9167
169,0.019998,0.9500,0.013505,0.9167
170,0.026115,0.9200,0.013675,0.9167
171,0.012858,0.9600,0.015819,0.9167
172,0.017739,0.9400,0.015023,0.9167
173,0.019265,0.9200,0.013029,0.9167
174,0.020242,0.9200,0.014364,0.9167
175,0.022356,0.9200,0.014846,0.9167
176,0.017868,0.9400,0.014549,0.9167
177,0.010776,0.9700,0.014349,0.9167
178,0.017552,0.9400,0.015258,0.9167
179,0.024034,0.9200,0.015746,0.9167
180,0.025067,0.9400,0.014019,0.9167
181,0.016332,0.9500,0.015284,0.9167
182,0.017061,0.9700,0.015379,0.9167
183,0.028120,0.9100,0.014559,0.9167
184,0.017243,0.9400,0.014540,0.9167
185,0.020537,0.9200,0.013835,0.9167
186,0.020796,0.9300,0.014616,0.9167
187,0.020619,0.9500,0.014212,0.9167
188,0.017117,0.9600,0.015291,0.9167
189,0.012560,0.9600,0.015651,0.9167
190,0.025426,0.9300,0.015171,0.9167
191,0.015221,0.9500,0.015043,0.9167
192,0.016008,0.9400,0.015427,0.9167
193,0.017429,0.9300,0.013551,0.9167
194,0.025177,0.9300,0.012277,0.9167
195,0.020814,0.9300,0.012798,0.9167
196,0.018454,0.9300,0.012966,0.9167
197,0.027394,0.9100,0.012382,0.9167
198,0.012402,0.9600,0.012266,0.9167
199,0.028874,0.9100,0.012404,0.9167
200,0.020200,0.9400,0.011775,0.9167
1,0.126512,0.6000,0.090396,0.7917
2,0.091789,0.7100,0.106728,0.7083
3,0.076028,0.8000,0.099363,0.7083
4,0.058578,0.8600,0.095168,0.7083
5,0.044321,0.8800,0.100926,0.7500
6,0.051853,0.8800,0.092051,0.7500
7,0.042485,0.8900,0.107460,0.7083
8,0.047506,0.8700,0.072927,0.7917
9,0.032859,0.9200,0.070681,0.8333
10,0.030432,0.9300,0.063686,0.8333
11,0.034517,0.9100,0.056141,0.8333
12,0.029907,0.9100,0.047143,0.8333
13,0.024307,0.9400,0.026416,0.9167
14,0.023741,0.9200,0.024009,0.9167
15,0.013816,0.9700,0.026027,0.8750
16,0.022278,0.9300,0.014064,1.0000
17,0.021790,0.9300,0.018828,0.9167
18,0.027053,0.9300,0.022827,0.9167
19,0.022564,0.9400,0.021733,0.9167
20,0.014820,0.9700,0.020637,0.9167
21,0.014669,0.9600,0.022430,0.9167
22,0.021992,0.9300,0.022560,0.9167
23,0.017888,0.9500,0.030143,0.9167
24,0.021788,0.9300,0.020084,0.9167
25,0.027488,0.9100,0.020880,0.9167
26,0.008462,0.9900,0.022714,0.9167
27,0.024316,0.9200,0.017662,0.9167
28,0.020093,0.9400,0.023028,0.9167
29,0.032121,0.8900,0.021518,0.9167
30,0.023350,0.9500,0.018950,0.9167
31,0.023139,0.9300,0.016795,0.9167
32,0.028361,0.9100,0.017212,0.9167
33,0.025520,0.9300,0.013400,1.0000
34,0.023395,0.9300,0.015643,0.9167
35,0.020074,0.9400,0.015874,0.9167
36,0.023549,0.9400,0.015035,0.9167
37,0.017593,0.9700,0.018613,0.9167
38,0.023586,0.9300,0.013492,0.9167
39,0.015012,0.9400,0.013116,0.9167
40,0.025778,0.9300,0.012331,1.0000
41,0.024520,0.9300,0.015636,0.9167
42,0.016699,0.9500,0.016814,0.9167
43,0.019413,0.9300,0.012857,0.9167
44,0.023604,0.9100,0.012547,1.0000
45,0.016209,0.9400,0.016419,0.9167
46,0.020568,0.9400,0.013643,0.9167
47,0.026087,0.9000,0.018403,0.9167
48,0.013334,0.9800,0.018262,0.9167
49,0.020409,0.9500,0.020799,0.9167
50,0.024430,0.9100,0.013387,0.9167
51,0.026909,0.9200,0.013527,0.9167
52,0.016398,0.9500,0.013522,0.9167
53,0.019131,0.9400,0.010257,1.0000
54,0.020367,0.9400,0.008933,1.0000
55,0.017389,0.9300,0.014729,0.9167
56,0.013728,0.9700,0.014327,0.9167
57,0.014435,0.9600,0.016632,0.9167
58,0.017478,0.9500,0.012847,0.9167
59,0.027841,0.8800,0.017793,0.9167
60,0.019740,0.9400,0.022087,0.9167
61,0.015073,0.9600,0.015386,0.9167
62,0.024332,0.9100,0.018251,0.9167
63,0.021086,0.9400,0.019561,0.9167
64,0.025675,0.9300,0.018413,0.9167
65,0.021865,0.9300,0.013857,0.9167
66,0.011157,0.9800,0.014792,0.9167
67,0.024488,0.9400,0.015017,0.9167
68,0.015830,0.9500,0.013339,0.9167
69,0.018136,0.9400,0.010758,1.0000
70,0.026565,0.9300,0.012560,0.9167
71,0.024145,0.9100,0.014283,0.9167
72,0.020286,0.9300,0.016863,0.9167
73,0.019050,0.9300,0.016035,0.9167
74,0.023911,0.9300,0.011166,0.9167
75,0.017751,0.9400,0.013482,0.9167
76,0.027730,0.9200,0.012865,0.9167
77,0.019539,0.9400,0.013704,0.9167
78,0.020025,0.9300,0.015512,0.9167
79,0.019264,0.9500,0.016675,0.9167
80,0.026419,0.9300,0.014409,0.9167
81,0.021271,0.9300,0.012568,0.9167
82,0.017122,0.9300,0.013523,0.9167
83,0.022937,0.9300,0.017205,0.9167
84,0.022276,0.9400,0.013185,0.9167
85,0.016838,0.9300,0.014270,0.9167
86,0.025069,0.9300,0.016883,0.9167
87,0.028721,0.9300,0.012598,0.9167
88,0.019478,0.9300,0.013251,0.9167
89,0.022451,0.9200,0.016302,0.9167
90,0.019533,0.9400,0.014158,0.9167
91,0.018991,0.9300,0.013398,0.9167
92,0.024983,0.9300,0.012142,0.9167
93,0.024187,0.9300,0.012093,0.9167
94,0.016948,0.9500,0.013617,0.9167
95,0.019966,0.9300,0.009663,1.0000
96,0.018834,0.9400,0.012149,0.9167
97,0.023392,0.9200,0.013684,0.9167
98,0.025803,0.9100,0.014715,0.9167
99,0.014730,0.9600,0.018128,0.9167
100,0.015996,0.9500,0.016398,0.9167
101,0.027363,0.9300,0.014951,0.9167
102,0.023924,0.9200,0.015775,0.9167
103,0.012742,0.9700,0.015072,0.9167
104,0.022002,0.9400,0.013570,0.9167
105,0.018187,0.9200,0.013722,0.9167
106,0.026511,0.9200,0.015216,0.9167
107,0.021329,0.9400,0.016988,0.9167
108,0.015613,0.9500,0.019568,0.9167
109,0.018576,0.9500,0.016438,0.9167
110,0.014103,0.9500,0.013118,0.9167
111,0.021823,0.9400,0.011044,0.9167
112,0.025377,0.8900,0.012873,0.9167
113,0.013883,0.9600,0.014608,0.9167
114,0.023592,0.9400,0.014619,0.9167
115,0.025034,0.9200,0.015310,0.9167
116,0.025074,0.9100,0.013543,0.9167
117,0.020757,0.9200,0.013042,0.9167
118,0.019348,0.9300,0.011139,0.9167
119,0.018123,0.9200,0.011472,0.9167
120,0.014961,0.9500,0.012679,0.9167
121,0.013239,0.9600,0.014402,0.9167
122,0.017670,0.9600,0.013815,0.9167
123,0.018318,0.9500,0.011968,0.9167
124,0.023011,0.9100,0.011270,0.9167
125,0.026005,0.9200,0.011771,0.9167
126,0.025287,0.9300,0.011987,0.9167
127,0.027330,0.9200,0.012236,0.9167
128,0.016574,0.9500,0.013327,0.9167
129,0.023623,0.9400,0.011593,0.9167
130,0.022204,0.9300,0.012334,0.9167
131,0.024409,0.9000,0.012000,0.9167
132,0.017598,0.9600,0.016407,0.9167
133,0.013986,0.9600,0.015934,0.9167
134,0.014959,0.9400,0.014739,0.9167
135,0.015971,0.9700,0.014152,0.9167
136,0.016243,0.9600,0.014776,0.9167
137,0.030643,0.9100,0.014464,0.9167
138,0.024276,0.9100,0.015052,0.9167
139,0.013909,0.9600,0.014243,0.9167
140,0.019395,0.9300,0.014822,0.9167
141,0.020945,0.9200,0.014693,0.9167
142,0.019967,0.9400,0.013533,0.9167
143,0.017980,0.9400,0.014008,0.9167
144,0.020327,0.9300,0.013524,0.9167
145,0.019137,0.9500,0.016571,0.9167
146,0.018920,0.9400,0.016983,0.9167
147,0.019266,0.9300,0.016152,0.9167
148,0.019671,0.9300,0.016679,0.9167
149,0.009128,0.9800,0.017232,0.9167
150,0.022392,0.9400,0.015882,0.9167
151,0.023802,0.9500,0.014749,0.9167
152,0.020950,0.9500,0.015709,0.9167
153,0.014821,0.9400,0.017390,0.9167
154,0.026756,0.9100,0.016903,0.9167
155,0.027490,0.9200,0.016864,0.9167
156,0.018173,0.9400,0.016133,0.9167
157,0.016933,0.9400,0.014300,0.9167
158,0.018846,0.9300,0.013230,0.9167
159,0.019977,0.9400,0.013669,0.9167
160,0.017225,0.9300,0.013365,0.9167
161,0.018024,0.9600,0.013748,0.9167
162,0.015746,0.9400,0.013659,0.9167
163,0.017700,0.9300,0.013470,0.9167
164,0.014406,0.9500,0.014622,0.9167
165,0.020476,0.9300,0.014291,0.9167
166,0.017449,0.9500,0.013298,0.9167
167,0.017499,0.9600,0.013090,0.9167
168,0.028239,0.9300,0.012368,0.9167
169,0.019998,0.9500,0.013505,0.9167
170,0.026115,0.9200,0.013675,0.9167
171,0.012858,0.9600,0.015819,0.9167
172,0.017739,0.9400,0.015023,0.9167
173,0.019265,0.9200,0.013029,0.9167
174,0.020242,0.9200,0.014364,0.9167
175,0.022356,0.9200,0.014846,0.9167
176,0.017868,0.9400,0.014549,0.9167
177,0.010776,0.9700,0.014349,0.9167
178,0.017552,0.9400,0.015258,0.9167
179,0.024034,0.9200,0.015746,0.9167
180,0.025067,0.9400,0.014019,0.9167
181,0.016332,0.9500,0.015284,0.9167
182,0.017061,0.9700,0.015379,0.9167
183,0.028120,0.9100,0.014559,0.9167
184,0.017243,0.9400,0.014540,0.9167
185,0.020537,0.9200,0.013835,0.9167
186,0.020796,0.9300,0.014616,0.9167
187,0.020619,0.9500,0.014212,0.9167
188,0.017117,0.9600,0.015291,0.9167
189,0.012560,0.9600,0.015651,0.9167
190,0.025426,0.9300,0.015171,0.9167
191,0.015221,0.9500,0.015043,0.9167
192,0.016008,0.9400,0.015427,0.9167
193,0.017429,0.9300,0.013551,0.9167
194,0.025177,0.9300,0.012277,0.9167
195,0.020814,0.9300,0.012798,0.9167
196,0.018454,0.9300,0.012966,0.9167
197,0.027394,0.9100,0.012382,0.9167
198,0.012402,0.9600,0.012266,0.9167
199,0.028874,0.9100,0.012404,0.9167
200,0.020200,0.9400,0.011775,0.9167
1,0.126512,0.6000,0.090396,0.7917
2,0.091789,0.7100,0.106728,0.7083
3,0.076028,0.8000,0.099363,0.7083
4,0.058578,0.8600,0.095168,0.7083
5,0.044321,0.8800,0.100926,0.7500
6,0.051853,0.8800,0.092051,0.7500
7,0.042485,0.8900,0.107460,0.7083
8,0.047506,0.8700,0.072927,0.7917
9,0.032859,0.9200,0.070681,0.8333
10,0.030432,0.9300,0.063686,0.8333
11,0.034517,0.9100,0.056141,0.8333
12,0.029907,0.9100,0.047143,0.8333
13,0.024307,0.9400,0.026416,0.9167
14,0.023741,0.9200,0.024009,0.9167
15,0.013816,0.9700,0.026027,0.8750
16,0.022278,0.9300,0.014064,1.0000
17,0.021790,0.9300,0.018828,0.9167
18,0.027053,0.9300,0.022827,0.9167
19,0.022564,0.9400,0.021733,0.9167
20,0.014820,0.9700,0.020637,0.9167
21,0.014669,0.9600,0.022430,0.9167
22,0.021992,0.9300,0.022560,0.9167
23,0.017888,0.9500,0.030143,0.9167
24,0.021788,0.9300,0.020084,0.9167
25,0.027488,0.9100,0.020880,0.9167
26,0.008462,0.9900,0.022714,0.9167
27,0.024316,0.9200,0.017662,0.9167
28,0.020093,0.9400,0.023028,0.9167
29,0.032121,0.8900,0.021518,0.9167
30,0.023350,0.9500,0.018950,0.9167
31,0.023139,0.9300,0.016795,0.9167
32,0.028361,0.9100,0.017212,0.9167
33,0.025520,0.9300,0.013400,1.0000
34,0.023395,0.9300,0.015643,0.9167
35,0.020074,0.9400,0.015874,0.9167
36,0.023549,0.9400,0.015035,0.9167
37,0.017593,0.9700,0.018613,0.9167
38,0.023586,0.9300,0.013492,0.9167
39,0.015012,0.9400,0.013116,0.9167
40,0.025778,0.9300,0.012331,1.0000
41,0.024520,0.9300,0.015636,0.9167
42,0.016699,0.9500,0.016814,0.9167
43,0.019413,0.9300,0.012857,0.9167
44,0.023604,0.9100,0.012547,1.0000
45,0.016209,0.9400,0.016419,0.9167
46,0.020568,0.9400,0.013643,0.9167
47,0.026087,0.9000,0.018403,0.9167
48,0.013334,0.9800,0.018262,0.9167
49,0.020409,0.9500,0.020799,0.9167
50,0.024430,0.9100,0.013387,0.9167
51,0.026909,0.9200,0.013527,0.9167
52,0.016398,0.9500,0.013522,0.9167
53,0.019131,0.9400,0.010257,1.0000
54,0.020367,0.9400,0.008933,1.0000
55,0.017389,0.9300,0.014729,0.9167
56,0.013728,0.9700,0.014327,0.9167
57,0.014435,0.9600,0.016632,0.9167
58,0.017478,0.9500,0.012847,0.9167
59,0.027841,0.8800,0.017793,0.9167
60,0.019740,0.9400,0.022087,0.9167
61,0.015073,0.9600,0.015386,0.9167
62,0.024332,0.9100,0.018251,0.9167
63,0.021086,0.9400,0.019561,0.9167
64,0.025675,0.9300,0.018413,0.9167
65,0.021865,0.9300,0.013857,0.9167
66,0.011157,0.9800,0.014792,0.9167
67,0.024488,0.9400,0.015017,0.9167
68,0.015830,0.9500,0.013339,0.9167
69,0.018136,0.9400,0.010758,1.0000
70,0.026565,0.9300,0.012560,0.9167
71,0.024145,0.9100,0.014283,0.9167
72,0.020286,0.9300,0.016863,0.9167
73,0.019050,0.9300,0.016035,0.9167
74,0.023911,0.9300,0.011166,0.9167
75,0.017751,0.9400,0.013482,0.9167
76,0.027730,0.9200,0.012865,0.9167
77,0.019539,0.9400,0.013704,0.9167
78,0.020025,0.9300,0.015512,0.9167
79,0.019264,0.9500,0.016675,0.9167
80,0.026419,0.9300,0.014409,0.9167
81,0.021271,0.9300,0.012568,0.9167
82,0.017122,0.9300,0.013523,0.9167
83,0.022937,0.9300,0.017205,0.9167
84,0.022276,0.9400,0.013185,0.9167
85,0.016838,0.9300,0.014270,0.9167
86,0.025069,0.9300,0.016883,0.9167
87,0.028721,0.9300,0.012598,0.9167
88,0.019478,0.9300,0.013251,0.9167
89,0.022451,0.9200,0.016302,0.9167
90,0.019533,0.9400,0.014158,0.9167
91,0.018991,0.9300,0.013398,0.9167
92,0.024983,0.9300,0.012142,0.9167
93,0.024187,0.9300,0.012093,0.9167
94,0.016948,0.9500,0.013617,0.9167
95,0.019966,0.9300,0.009663,1.0000
96,0.018834,0.9400,0.012149,0.9167
97,0.023392,0.9200,0.013684,0.9167
98,0.025803,0.9100,0.014715,0.9167
99,0.014730,0.9600,0.018128,0.9167
100,0.015996,0.9500,0.016398,0.9167
101,0.027363,0.9300,0.014951,0.9167
102,0.023924,0.9200,0.015775,0.9167
103,0.012742,0.9700,0.015072,0.9167
104,0.022002,0.9400,0.013570,0.9167
105,0.018187,0.9200,0.013722,0.9167
106,0.026511,0.9200,0.015216,0.9167
107,0.021329,0.9400,0.016988,0.9167
108,0.015613,0.9500,0.019568,0.9167
109,0.018576,0.9500,0.016438,0.9167
110,0.014103,0.9500,0.013118,0.9167
111,0.021823,0.9400,0.011044,0.9167
112,0.025377,0.8900,0.012873,0.9167
113,0.013883,0.9600,0.014608,0.9167
114,0.023592,0.9400,0.014619,0.9167
115,0.025034,0.9200,0.015310,0.9167
116,0.025074,0.9100,0.013543,0.9167
117,0.020757,0.9200,0.013042,0.9167
118,0.019348,0.9300,0.011139,0.9167
119,0.018123,0.9200,0.011472,0.9167
120,0.014961,0.9500,0.012679,0.9167
121,0.013239,0.9600,0.014402,0.9167
122,0.017670,0.9600,0.013815,0.9167
123,0.018318,0.9500,0.011968,0.9167
124,0.023011,0.9100,0.011270,0.9167
125,0.026005,0.9200,0.011771,0.9167
126,0.025287,0.9300,0.011987,0.9167
127,0.027330,0.9200,0.012236,0.9167
128,0.016574,0.9500,0.013327,0.9167
129,0.023623,0.9400,0.011593,0.9167
130,0.022204,0.9300,0.012334,0.9167
131,0.024409,0.9000,0.012000,0.9167
132,0.017598,0.9600,0.016407,0.9167
133,0.013986,0.9600,0.015934,0.9167
134,0.014959,0.9400,0.014739,0.9167
135,0.015971,0.9700,0.014152,0.9167
136,0.016243,0.9600,0.014776,0.9167
137,0.030643,0.9100,0.014464,0.9167
138,0.024276,0.9100,0.015052,0.9167
139,0.013909,0.9600,0.014243,0.9167
140,0.019395,0.9300,0.014822,0.9167
141,0.020945,0.9200,0.014693,0.9167
142,0.019967,0.9400,0.013533,0.9167
143,0.017980,0.9400,0.014008,0.9167
144,0.020327,0.9300,0.013524,0.9167
145,0.019137,0.9500,0.016571,0.9167
146,0.018920,0.9400,0.016983,0.9167
147,0.019266,0.9300,0.016152,0.9167
148,0.019671,0.9300,0.016679,0.9167
149,0.009128,0.9800,0.017232,0.9167
150,0.022392,0.9400,0.015882,0.9167
151,0.023802,0.9500,0.014749,0.9167
152,0.020950,0.9500,0.015709,0.9167
153,0.014821,0.9400,0.017390,0.9167
154,0.026756,0.9100,0.016903,0.9167
155,0.027490,0.9200,0.016864,0.9167
156,0.018173,0.9400,0.016133,0.9167
157,0.016933,0.9400,0.014300,0.9167
158,0.018846,0.9300,0.013230,0.9167
159,0.019977,0.9400,0.013669,0.9167
160,0.017225,0.9300,0.013365,0.9167
161,0.018024,0.9600,0.013748,0.9167
162,0.015746,0.9400,0.013659,0.9167
163,0.017700,0.9300,0.013470,0.9167
164,0.014406,0.9500,0.014622,0.9167
165,0.020476,0.9300,0.014291,0.9167
166,0.017449,0.9500,0.013298,0.9167
167,0.017499,0.9600,0.013090,0.9167
168,0.028239,0.9300,0.012368,0.9167
169,0.019998,0.9500,0.013505,0.9167
170,0.026115,0.9200,0.013675,0.9167
171,0.012858,0.9600,0.015819,0.9167
172,0.017739,0.9400,0.015023,0.9167
173,0.019265,0.9200,0.013029,0.9167
174,0.020242,0.9200,0.014364,0.9167
175,0.022356,0.9200,0.014846,0.9167
176,0.017868,0.9400,0.014549,0.9167
177,0.010776,0.9700,0.014349,0.9167
178,0.017552,0.9400,0.015258,0.9167
179,0.024034,0.9200,0.015746,0.9167
180,0.025067,0.9400,0.014019,0.9167
181,0.016332,0.9500,0.015284,0.9167
182,0.017061,0.9700,0.015379,0.9167
183,0.028120,0.9100,0.014559,0.9167
184,0.017243,0.9400,0.014540,0.9167
185,0.020537,0.9200,0.013835,0.9167
186,0.020796,0.9300,0.014616,0.9167
187,0.020619,0.9500,0.014212,0.9167
188,0.017117,0.9600,0.015291,0.9167
189,0.012560,0.9600,0.015651,0.9167
190,0.025426,0.9300,0.015171,0.9167
191,0.015221,0.9500,0.015043,0.9167
192,0.016008,0.9400,0.015427,0.9167
193,0.017429,0.9300,0.013551,0.9167
194,0.025177,0.9300,0.012277,0.9167
195,0.020814,0.9300,0.012798,0.9167
196,0.018454,0.9300,0.012966,0.9167
197,0.027394,0.9100,0.012382,0.9167
198,0.012402,0.9600,0.012266,0.9167
199,0.028874,0.9100,0.012404,0.9167
200,0.020200,0.9400,0.011775,0.9167
1,0.126512,0.6000,0.090396,0.7917
2,0.091789,0.7100,0.106728,0.7083
3,0.076028,0.8000,0.099363,0.7083
4,0.058578,0.8600,0.095168,0.7083
5,0.044321,0.8800,0.100926,0.7500
6,0.051853,0.8800,0.092051,0.7500
7,0.042485,0.8900,0.107460,0.7083
8,0.047506,0.8700,0.072927,0.7917
9,0.032859,0.9200,0.070681,0.8333
10,0.030432,0.9300,0.063686,0.8333
11,0.034517,0.9100,0.056141,0.8333
12,0.029907,0.9100,0.047143,0.8333
13,0.024307,0.9400,0.026416,0.9167
14,0.023741,0.9200,0.024009,0.9167
15,0.013816,0.9700,0.026027,0.8750
16,0.022278,0.9300,0.014064,1.0000
17,0.021790,0.9300,0.018828,0.9167
18,0.027053,0.9300,0.022827,0.9167
19,0.022564,0.9400,0.021733,0.9167
20,0.014820,0.9700,0.020637,0.9167
21,0.014669,0.9600,0.022430,0.9167
22,0.021992,0.9300,0.022560,0.9167
23,0.017888,0.9500,0.030143,0.9167
24,0.021788,0.9300,0.020084,0.9167
25,0.027488,0.9100,0.020880,0.9167
26,0.008462,0.9900,0.022714,0.9167
27,0.024316,0.9200,0.017662,0.9167
28,0.020093,0.9400,0.023028,0.9167
29,0.032121,0.8900,0.021518,0.9167
30,0.023350,0.9500,0.018950,0.9167
31,0.023139,0.9300,0.016795,0.9167
32,0.028361,0.9100,0.017212,0.9167
33,0.025520,0.9300,0.013400,1.0000
34,0.023395,0.9300,0.015643,0.9167
35,0.020074,0.9400,0.015874,0.9167
36,0.023549,0.9400,0.015035,0.9167
37,0.017593,0.9700,0.018613,0.9167
38,0.023586,0.9300,0.013492,0.9167
39,0.015012,0.9400,0.013116,0.9167
40,0.025778,0.9300,0.012331,1.0000
41,0.024520,0.9300,0.015636,0.9167
42,0.016699,0.9500,0.016814,0.9167
43,0.019413,0.9300,0.012857,0.9167
44,0.023604,0.9100,0.012547,1.0000
45,0.016209,0.9400,0.016419,0.9167
46,0.020568,0.9400,0.013643,0.9167
47,0.026087,0.9000,0.018403,0.9167
48,0.013334,0.9800,0.018262,0.9167
49,0.020409,0.9500,0.020799,0.9167
50,0.024430,0.9100,0.013387,0.9167
51,0.026909,0.9200,0.013527,0.9167
52,0.016398,0.9500,0.013522,0.9167
53,0.019131,0.9400,0.010257,1.0000
54,0.020367,0.9400,0.008933,1.0000
55,0.017389,0.9300,0.014729,0.9167
56,0.013728,0.9700,0.014327,0.9167
57,0.014435,0.9600,0.016632,0.9167
58,0.017478,0.9500,0.012847,0.9167
59,0.027841,0.8800,0.017793,0.9167
60,0.019740,0.9400,0.022087,0.9167
61,0.015073,0.9600,0.015386,0.9167
62,0.024332,0.9100,0.018251,0.9167
63,0.021086,0.9400,0.019561,0.9167
64,0.025675,0.9300,0.018413,0.9167
65,0.021865,0.9300,0.013857,0.9167
66,0.011157,0.9800,0.014792,0.9167
67,0.024488,0.9400,0.015017,0.9167
68,0.015830,0.9500,0.013339,0.9167
69,0.018136,0.9400,0.010758,1.0000
70,0.026565,0.9300,0.012560,0.9167
71,0.024145,0.9100,0.014283,0.9167
72,0.020286,0.9300,0.016863,0.9167
73,0.019050,0.9300,0.016035,0.9167
74,0.023911,0.9300,0.011166,0.9167
75,0.017751,0.9400,0.013482,0.9167
76,0.027730,0.9200,0.012865,0.9167
77,0.019539,0.9400,0.013704,0.9167
78,0.020025,0.9300,0.015512,0.9167
79,0.019264,0.9500,0.016675,0.9167
80,0.026419,0.9300,0.014409,0.9167
81,0.021271,0.9300,0.012568,0.9167
82,0.017122,0.9300,0.013523,0.9167
83,0.022937,0.9300,0.017205,0.9167
84,0.022276,0.9400,0.013185,0.9167
85,0.016838,0.9300,0.014270,0.9167
86,0.025069,0.9300,0.016883,0.9167
87,0.028721,0.9300,0.012598,0.9167
88,0.019478,0.9300,0.013251,0.9167
89,0.022451,0.9200,0.016302,0.9167
90,0.019533,0.9400,0.014158,0.9167
91,0.018991,0.9300,0.013398,0.9167
92,0.024983,0.9300,0.012142,0.9167
93,0.024187,0.9300,0.012093,0.9167
94,0.016948,0.9500,0.013617,0.9167
95,0.019966,0.9300,0.009663,1.0000
96,0.018834,0.9400,0.012149,0.9167
97,0.023392,0.9200,0.013684,0.9167
98,0.025803,0.9100,0.014715,0.9167
99,0.014730,0.9600,0.018128,0.9167
100,0.015996,0.9500,0.016398,0.9167
101,0.027363,0.9300,0.014951,0.9167
102,0.023924,0.9200,0.015775,0.9167
103,0.012742,0.9700,0.015072,0.9167
104,0.022002,0.9400,0.013570,0.9167
105,0.018187,0.9200,0.013722,0.9167
106,0.026511,0.9200,0.015216,0.9167
107,0.021329,0.9400,0.016988,0.9167
108,0.015613,0.9500,0.019568,0.9167
109,0.018576,0.9500,0.016438,0.9167
110,0.014103,0.9500,0.013118,0.9167
111,0.021823,0.9400,0.011044,0.9167
112,0.025377,0.8900,0.012873,0.9167
113,0.013883,0.9600,0.014608,0.9167
114,0.023592,0.9400,0.014619,0.9167
115,0.025034,0.9200,0.015310,0.9167
116,0.025074,0.9100,0.013543,0.9167
117,0.020757,0.9200,0.013042,0.9167
118,0.019348,0.9300,0.011139,0.9167
119,0.018123,0.9200,0.011472,0.9167
120,0.014961,0.9500,0.012679,0.9167
121,0.013239,0.9600,0.014402,0.9167
122,0.017670,0.9600,0.013815,0.9167
123,0.018318,0.9500,0.011968,0.9167
124,0.023011,0.9100,0.011270,0.9167
125,0.026005,0.9200,0.011771,0.9167
126,0.025287,0.9300,0.011987,0.9167
127,0.027330,0.9200,0.012236,0.9167
128,0.016574,0.9500,0.013327,0.9167
129,0.023623,0.9400,0.011593,0.9167
130,0.022204,0.9300,0.012334,0.9167
131,0.024409,0.9000,0.012000,0.9167
132,0.017598,0.9600,0.016407,0.9167
133,0.013986,0.9600,0.015934,0.9167
134,0.014959,0.9400,0.014739,0.9167
135,0.015971,0.9700,0.014152,0.9167
136,0.016243,0.9600,0.014776,0.9167
137,0.030643,0.9100,0.014464,0.9167
138,0.024276,0.9100,0.015052,0.9167
139,0.013909,0.9600,0.014243,0.9167
140,0.019395,0.9300,0.014822,0.9167
141,0.020945,0.9200,0.014693,0.9167
142,0.019967,0.9400,0.013533,0.9167
143,0.017980,0.9400,0.014008,0.9167
144,0.020327,0.9300,0.013524,0.9167
145,0.019137,0.9500,0.016571,0.9167
146,0.018920,0.9400,0.016983,0.9167
147,0.019266,0.9300,0.016152,0.9167
148,0.019671,0.9300,0.016679,0.9167
149,0.009128,0.9800,0.017232,0.9167
150,0.022392,0.9400,0.015882,0.9167
151,0.023802,0.9500,0.014749,0.9167
152,0.020950,0.9500,0.015709,0.9167
153,0.014821,0.9400,0.017390,0.9167
154,0.026756,0.9100,0.016903,0.9167
155,0.027490,0.9200,0.016864,0.9167
156,0.018173,0.9400,0.016133,0.9167
157,0.016933,0.9400,0.014300,0.9167
158,0.018846,0.9300,0.013230,0.9167
159,0.019977,0.9400,0.013669,0.9167
160,0.017225,0.9300,0.013365,0.9167
161,0.018024,0.9600,0.013748,0.9167
162,0.015746,0.9400,0.013659,0.9167
163,0.017700,0.9300,0.013470,0.9167
164,0.014406,0.9500,0.014622,0.9167
165,0.020476,0.9300,0.014291,0.9167
166,0.017449,0.9500,0.013298,0.9167
167,0.017499,0.9600,0.013090,0.9167
168,0.028239,0.9300,0.012368,0.9167
169,0.019998,0.9500,0.013505,0.9167
170,0.026115,0.9200,0.013675,0.9167
171,0.012858,0.9600,0.015819,0.9167
172,0.017739,0.9400,0.015023,0.9167
173,0.019265,0.9200,0.013029,0.9167
174,0.020242,0.9200,0.014364,0.9167
175,0.022356,0.9200,0.014846,0.9167
176,0.017868,0.9400,0.014549,0.9167
177,0.010776,0.9700,0.014349,0.9167
178,0.017552,0.9400,0.015258,0.9167
179,0.024034,0.9200,0.015746,0.9167
180,0.025067,0.9400,0.014019,0.9167
181,0.016332,0.9500,0.015284,0.9167
182,0.017061,0.9700,0.015379,0.9167
183,0.028120,0.9100,0.014559,0.9167
184,0.017243,0.9400,0.014540,0.9167
185,0.020537,0.9200,0.013835,0.9167
186,0.020796,0.9300,0.014616,0.9167
187,0.020619,0.9500,0.014212,0.9167
188,0.017117,0.9600,0.015291,0.9167
189,0.012560,0.9600,0.015651,0.9167
190,0.025426,0.9300,0.015171,0.9167
191,0.015221,0.9500,0.015043,0.9167
192,0.016008,0.9400,0.015427,0.9167
193,0.017429,0.9300,0.013551,0.9167
194,0.025177,0.9300,0.012277,0.9167
195,0.020814,0.9300,0.012798,0.9167
196,0.018454,0.9300,0.012966,0.9167
197,0.027394,0.9100,0.012382,0.9167
198,0.012402,0.9600,0.012266,0.9167
199,0.028874,0.9100,0.012404,0.9167
200,0.020200,0.9400,0.011775,0.9167
1,0.731492,0.6000,0.528684,0.7500
2,0.534802,0.7300,0.609164,0.7083
3,0.417256,0.8400,0.602174,0.7083
4,0.285823,0.8700,0.448911,0.7917
5,0.162442,0.9500,0.655129,0.8333
6,0.190112,0.9300,0.329935,0.8750
7,0.123490,0.9800,0.416453,0.8333
8,0.155918,0.9600,0.152616,0.9583
9,0.070698,0.9700,0.143499,0.9583
10,0.073503,0.9800,0.071739,0.9583
11,0.084060,0.9500,0.088499,0.9583
12,0.061098,0.9800,0.053459,0.9583
13,0.035290,1.0000,0.109319,0.9583
14,0.053644,0.9800,0.038704,1.0000
15,0.033868,0.9800,0.062472,0.9583
16,0.062518,0.9700,0.020724,1.0000
17,0.029324,1.0000,0.009710,1.0000
18,0.025656,0.9900,0.008613,1.0000
19,0.017071,0.9900,0.008026,1.0000
20,0.018438,0.9900,0.006489,1.0000
21,0.009053,1.0000,0.005892,1.0000
22,0.052675,0.9700,0.017022,1.0000
23,0.041708,0.9700,0.006622,1.0000
24,0.015792,1.0000,0.008843,1.0000
25,0.021312,1.0000,0.003640,1.0000
26,0.013189,0.9900,0.004844,1.0000
27,0.063387,0.9500,0.030264,1.0000
28,0.037569,0.9700,0.002065,1.0000
29,0.020656,0.9900,0.002268,1.0000
30,0.041384,0.9700,0.001834,1.0000
31,0.025749,0.9900,0.001391,1.0000
32,0.036164,0.9800,0.001403,1.0000
33,0.012101,0.9900,0.001432,1.0000
34,0.004518,1.0000,0.001366,1.0000
35,0.091130,0.9600,0.020436,1.0000
36,0.011556,1.0000,0.001827,1.0000
37,0.007280,1.0000,0.001523,1.0000
38,0.018061,0.9900,0.001537,1.0000
39,0.020961,0.9800,0.001236,1.0000
40,0.057407,0.9800,0.001539,1.0000
41,0.029298,0.9900,0.001635,1.0000
42,0.014455,0.9900,0.001387,1.0000
43,0.003881,1.0000,0.001244,1.0000
44,0.011884,1.0000,0.001268,1.0000
45,0.017771,0.9900,0.001829,1.0000
46,0.031198,0.9800,0.000867,1.0000
47,0.043551,0.9800,0.000878,1.0000
48,0.028240,0.9800,0.000754,1.0000
49,0.002927,1.0000,0.000739,1.0000
50,0.021374,0.9900,0.000691,1.0000
51,0.012781,1.0000,0.000721,1.0000
52,0.008985,1.0000,0.000674,1.0000
53,0.031999,0.9800,0.000868,1.0000
54,0.046208,0.9900,0.000811,1.0000
55,0.009894,0.9900,0.000893,1.0000
56,0.053795,0.9900,0.000772,1.0000
57,0.060681,0.9500,0.001161,1.0000
58,0.032076,0.9800,0.000714,1.0000
59,0.015972,0.9900,0.000628,1.0000
60,0.004026,1.0000,0.000625,1.0000
61,0.003634,1.0000,0.000601,1.0000
62,0.024917,0.9900,0.000592,1.0000
63,0.010091,0.9900,0.000581,1.0000
64,0.027068,0.9900,0.000747,1.0000
65,0.013488,0.9900,0.000575,1.0000
66,0.015074,0.9900,0.000590,1.0000
67,0.019387,1.0000,0.000556,1.0000
68,0.007534,1.0000,0.000469,1.0000
69,0.019158,0.9900,0.000451,1.0000
70,0.015917,0.9900,0.000524,1.0000
71,0.012174,0.9900,0.000509,1.0000
72,0.006623,1.0000,0.000484,1.0000
73,0.011805,1.0000,0.000526,1.0000
74,0.009651,1.0000,0.000481,1.0000
75,0.018667,0.9900,0.000373,1.0000
76,0.036301,0.9700,0.000501,1.0000
77,0.007731,1.0000,0.000600,1.0000
78,0.014564,0.9900,0.000553,1.0000
79,0.006595,1.0000,0.000468,1.0000
80,0.017250,1.0000,0.000499,1.0000
81,0.034486,0.9800,0.000463,1.0000
82,0.027573,0.9800,0.000443,1.0000
83,0.030843,0.9900,0.000376,1.0000
84,0.026786,0.9800,0.000387,1.0000
85,0.017445,0.9900,0.000408,1.0000
86,0.021591,0.9900,0.000482,1.0000
87,0.024298,0.9900,0.000453,1.0000
88,0.001499,1.0000,0.000457,1.0000
89,0.012802,1.0000,0.000445,1.0000
90,0.015726,0.9900,0.000412,1.0000
91,0.002936,1.0000,0.000397,1.0000
92,0.020098,0.9900,0.000448,1.0000
93,0.016774,0.9900,0.000514,1.0000
94,0.060810,0.9800,0.000527,1.0000
95,0.001882,1.0000,0.000518,1.0000
96,0.031442,0.9800,0.000454,1.0000
97,0.002414,1.0000,0.000426,1.0000
98,0.044135,0.9900,0.000544,1.0000
99,0.011393,1.0000,0.000510,1.0000
100,0.030233,0.9800,0.000412,1.0000
101,0.036869,0.9800,0.000388,1.0000
102,0.009862,1.0000,0.000452,1.0000
103,0.003286,1.0000,0.000431,1.0000
104,0.009026,1.0000,0.000441,1.0000
105,0.001995,1.0000,0.000429,1.0000
106,0.015809,0.9900,0.000460,1.0000
107,0.012383,0.9900,0.000386,1.0000
108,0.019268,0.9900,0.000313,1.0000
109,0.014089,0.9900,0.000281,1.0000
110,0.008313,0.9900,0.000286,1.0000
111,0.050945,0.9800,0.000316,1.0000
112,0.062422,0.9800,0.000303,1.0000
113,0.005998,1.0000,0.000306,1.0000
114,0.013139,1.0000,0.000342,1.0000
115,0.021120,0.9900,0.000457,1.0000
116,0.051888,0.9900,0.000384,1.0000
117,0.004868,1.0000,0.000407,1.0000
118,0.004868,1.0000,0.000408,1.0000
119,0.002017,1.0000,0.000398,1.0000
120,0.003685,1.0000,0.000499,1.0000
121,0.030650,0.9900,0.000655,1.0000
122,0.008557,1.0000,0.000522,1.0000
123,0.017160,0.9900,0.000378,1.0000
124,0.028352,0.9800,0.000355,1.0000
125,0.005118,1.0000,0.000361,1.0000
126,0.017374,0.9900,0.000417,1.0000
127,0.009824,1.0000,0.000481,1.0000
128,0.007823,1.0000,0.000468,1.0000
129,0.002444,1.0000,0.000435,1.0000
130,0.021142,0.9900,0.000533,1.0000
131,0.021046,0.9900,0.000417,1.0000
132,0.028452,0.9800,0.000421,1.0000
133,0.019866,1.0000,0.000692,1.0000
134,0.001404,1.0000,0.000658,1.0000
135,0.011838,1.0000,0.000546,1.0000
136,0.021037,0.9900,0.000376,1.0000
137,0.081931,0.9800,0.000378,1.0000
138,0.039676,0.9800,0.000397,1.0000
139,0.011195,1.0000,0.000464,1.0000
140,0.033902,0.9900,0.000657,1.0000
141,0.062000,0.9700,0.000652,1.0000
142,0.008268,1.0000,0.000633,1.0000
143,0.003917,1.0000,0.000626,1.0000
144,0.002646,1.0000,0.000522,1.0000
145,0.018032,0.9900,0.000484,1.0000
146,0.024648,0.9800,0.000392,1.0000
147,0.016816,0.9900,0.000401,1.0000
148,0.022168,0.9800,0.000426,1.0000
149,0.011812,0.9900,0.000395,1.0000
150,0.018894,0.9900,0.000389,1.0000
151,0.020832,0.9900,0.000332,1.0000
152,0.006513,1.0000,0.000339,1.0000
153,0.001808,1.0000,0.000334,1.0000
154,0.004557,1.0000,0.000339,1.0000
155,0.022087,0.9900,0.000389,1.0000
156,0.003095,1.0000,0.000371,1.0000
157,0.001891,1.0000,0.000349,1.0000
158,0.011234,1.0000,0.000371,1.0000
159,0.011808,1.0000,0.000343,1.0000
160,0.007710,1.0000,0.000360,1.0000
161,0.013013,1.0000,0.000357,1.0000
162,0.004073,1.0000,0.000323,1.0000
163,0.010343,0.9900,0.000347,1.0000
164,0.002193,1.0000,0.000338,1.0000
165,0.067985,0.9900,0.000264,1.0000
166,0.010256,1.0000,0.000300,1.0000
167,0.015509,0.9900,0.000292,1.0000
168,0.008812,1.0000,0.000272,1.0000
169,0.047503,0.9800,0.000270,1.0000
170,0.018584,0.9900,0.000289,1.0000
171,0.003855,1.0000,0.000291,1.0000
172,0.039537,0.9800,0.000255,1.0000
173,0.007775,1.0000,0.000246,1.0000
174,0.000913,1.0000,0.000244,1.0000
175,0.007337,1.0000,0.000242,1.0000
176,0.009795,0.9900,0.000212,1.0000
177,0.017972,0.9900,0.000212,1.0000
178,0.003569,1.0000,0.000218,1.0000
179,0.006212,1.0000,0.000223,1.0000
180,0.012821,0.9900,0.000224,1.0000
181,0.017411,0.9900,0.000221,1.0000
182,0.019255,0.9900,0.000202,1.0000
183,0.010348,0.9900,0.000220,1.0000
184,0.028952,0.9800,0.000215,1.0000
185,0.023200,0.9900,0.000213,1.0000
186,0.000963,1.0000,0.000212,1.0000
187,0.015637,0.9900,0.000191,1.0000
188,0.010534,0.9900,0.000180,1.0000
189,0.007695,1.0000,0.000175,1.0000
190,0.030159,0.9700,0.000186,1.0000
191,0.001914,1.0000,0.000183,1.0000
192,0.000676,1.0000,0.000181,1.0000
193,0.018475,0.9900,0.000165,1.0000
194,0.007682,1.0000,0.000155,1.0000
195,0.006576,1.0000,0.000154,1.0000
196,0.012827,1.0000,0.000163,1.0000
197,0.026409,0.9900,0.000163,1.0000
198,0.010971,0.9900,0.000163,1.0000
199,0.018755,0.9900,0.000161,1.0000
200,0.018679,0.9900,0.000157,1.0000
1,0.731492,0.6000,0.528684,0.7500
2,0.534802,0.7300,0.609164,0.7083
3,0.417256,0.8400,0.602174,0.7083
4,0.285823,0.8700,0.448911,0.7917
5,0.162442,0.9500,0.655129,0.8333
6,0.190112,0.9300,0.329935,0.8750
7,0.123490,0.9800,0.416453,0.8333
8,0.155918,0.9600,0.152616,0.9583
9,0.070698,0.9700,0.143499,0.9583
10,0.073503,0.9800,0.071739,0.9583
11,0.084060,0.9500,0.088499,0.9583
12,0.061098,0.9800,0.053459,0.9583
13,0.035290,1.0000,0.109319,0.9583
14,0.053644,0.9800,0.038704,1.0000
15,0.033868,0.9800,0.062472,0.9583
16,0.062518,0.9700,0.020724,1.0000
17,0.029324,1.0000,0.009710,1.0000
18,0.025656,0.9900,0.008613,1.0000
19,0.017071,0.9900,0.008026,1.0000
20,0.018438,0.9900,0.006489,1.0000
21,0.009053,1.0000,0.005892,1.0000
22,0.052675,0.9700,0.017022,1.0000
23,0.041708,0.9700,0.006622,1.0000
24,0.015792,1.0000,0.008843,1.0000
25,0.021312,1.0000,0.003640,1.0000
26,0.013189,0.9900,0.004844,1.0000
27,0.063387,0.9500,0.030264,1.0000
28,0.037569,0.9700,0.002065,1.0000
29,0.020656,0.9900,0.002268,1.0000
30,0.041384,0.9700,0.001834,1.0000
31,0.025749,0.9900,0.001391,1.0000
32,0.036164,0.9800,0.001403,1.0000
33,0.012101,0.9900,0.001432,1.0000
34,0.004518,1.0000,0.001366,1.0000
35,0.091130,0.9600,0.020436,1.0000
36,0.011556,1.0000,0.001827,1.0000
37,0.007280,1.0000,0.001523,1.0000
38,0.018061,0.9900,0.001537,1.0000
39,0.020961,0.9800,0.001236,1.0000
40,0.057407,0.9800,0.001539,1.0000
41,0.029298,0.9900,0.001635,1.0000
42,0.014455,0.9900,0.001387,1.0000
43,0.003881,1.0000,0.001244,1.0000
44,0.011884,1.0000,0.001268,1.0000
45,0.017771,0.9900,0.001829,1.0000
46,0.031198,0.9800,0.000867,1.0000
47,0.043551,0.9800,0.000878,1.0000
48,0.028240,0.9800,0.000754,1.0000
49,0.002927,1.0000,0.000739,1.0000
50,0.021374,0.9900,0.000691,1.0000
51,0.012781,1.0000,0.000721,1.0000
52,0.008985,1.0000,0.000674,1.0000
53,0.031999,0.9800,0.000868,1.0000
54,0.046208,0.9900,0.000811,1.0000
55,0.009894,0.9900,0.000893,1.0000
56,0.053795,0.9900,0.000772,1.0000
57,0.060681,0.9500,0.001161,1.0000
58,0.032076,0.9800,0.000714,1.0000
59,0.015972,0.9900,0.000628,1.0000
60,0.004026,1.0000,0.000625,1.0000
61,0.003634,1.0000,0.000601,1.0000
62,0.024917,0.9900,0.000592,1.0000
63,0.010091,0.9900,0.000581,1.0000
64,0.027068,0.9900,0.000747,1.0000
65,0.013488,0.9900,0.000575,1.0000
66,0.015074,0.9900,0.000590,1.0000
67,0.019387,1.0000,0.000556,1.0000
68,0.007534,1.0000,0.000469,1.0000
69,0.019158,0.9900,0.000451,1.0000
70,0.015917,0.9900,0.000524,1.0000
71,0.012174,0.9900,0.000509,1.0000
72,0.006623,1.0000,0.000484,1.0000
73,0.011805,1.0000,0.000526,1.0000
74,0.009651,1.0000,0.000481,1.0000
75,0.018667,0.9900,0.000373,1.0000
76,0.036301,0.9700,0.000501,1.0000
77,0.007731,1.0000,0.000600,1.0000
78,0.014564,0.9900,0.000553,1.0000
79,0.006595,1.0000,0.000468,1.0000
80,0.017250,1.0000,0.000499,1.0000
81,0.034486,0.9800,0.000463,1.0000
82,0.027573,0.9800,0.000443,1.0000
83,0.030843,0.9900,0.000376,1.0000
84,0.026786,0.9800,0.000387,1.0000
85,0.017445,0.9900,0.000408,1.0000
86,0.021591,0.9900,0.000482,1.0000
87,0.024298,0.9900,0.000453,1.0000
88,0.001499,1.0000,0.000457,1.0000
89,0.012802,1.0000,0.000445,1.0000
90,0.015726,0.9900,0.000412,1.0000
91,0.002936,1.0000,0.000397,1.0000
92,0.020098,0.9900,0.000448,1.0000
93,0.016774,0.9900,0.000514,1.0000
94,0.060810,0.9800,0.000527,1.0000
95,0.001882,1.0000,0.000518,1.0000
96,0.031442,0.9800,0.000454,1.0000
97,0.002414,1.0000,0.000426,1.0000
98,0.044135,0.9900,0.000544,1.0000
99,0.011393,1.0000,0.000510,1.0000
100,0.030233,0.9800,0.000412,1.0000
101,0.036869,0.9800,0.000388,1.0000
102,0.009862,1.0000,0.000452,1.0000
103,0.003286,1.0000,0.000431,1.0000
104,0.009026,1.0000,0.000441,1.0000
105,0.001995,1.0000,0.000429,1.0000
106,0.015809,0.9900,0.000460,1.0000
107,0.012383,0.9900,0.000386,1.0000
108,0.019268,0.9900,0.000313,1.0000
109,0.014089,0.9900,0.000281,1.0000
110,0.008313,0.9900,0.000286,1.0000
111,0.050945,0.9800,0.000316,1.0000
112,0.062422,0.9800,0.000303,1.0000
113,0.005998,1.0000,0.000306,1.0000
114,0.013139,1.0000,0.000342,1.0000
115,0.021120,0.9900,0.000457,1.0000
116,0.051888,0.9900,0.000384,1.0000
117,0.004868,1.0000,0.000407,1.0000
118,0.004868,1.0000,0.000408,1.0000
119,0.002017,1.0000,0.000398,1.0000
120,0.003685,1.0000,0.000499,1.0000
121,0.030650,0.9900,0.000655,1.0000
122,0.008557,1.0000,0.000522,1.0000
123,0.017160,0.9900,0.000378,1.0000
124,0.028352,0.9800,0.000355,1.0000
125,0.005118,1.0000,0.000361,1.0000
126,0.017374,0.9900,0.000417,1.0000
127,0.009824,1.0000,0.000481,1.0000
128,0.007823,1.0000,0.000468,1.0000
129,0.002444,1.0000,0.000435,1.0000
130,0.021142,0.9900,0.000533,1.0000
131,0.021046,0.9900,0.000417,1.0000
132,0.028452,0.9800,0.000421,1.0000
133,0.019866,1.0000,0.000692,1.0000
134,0.001404,1.0000,0.000658,1.0000
135,0.011838,1.0000,0.000546,1.0000
136,0.021037,0.9900,0.000376,1.0000
137,0.081931,0.9800,0.000378,1.0000
138,0.039676,0.9800,0.000397,1.0000
139,0.011195,1.0000,0.000464,1.0000
140,0.033902,0.9900,0.000657,1.0000
141,0.062000,0.9700,0.000652,1.0000
142,0.008268,1.0000,0.000633,1.0000
143,0.003917,1.0000,0.000626,1.0000
144,0.002646,1.0000,0.000522,1.0000
145,0.018032,0.9900,0.000484,1.0000
146,0.024648,0.9800,0.000392,1.0000
147,0.016816,0.9900,0.000401,1.0000
148,0.022168,0.9800,0.000426,1.0000
149,0.011812,0.9900,0.000395,1.0000
150,0.018894,0.9900,0.000389,1.0000
151,0.020832,0.9900,0.000332,1.0000
152,0.006513,1.0000,0.000339,1.0000
153,0.001808,1.0000,0.000334,1.0000
154,0.004557,1.0000,0.000339,1.0000
155,0.022087,0.9900,0.000389,1.0000
156,0.003095,1.0000,0.000371,1.0000
157,0.001891,1.0000,0.000349,1.0000
158,0.011234,1.0000,0.000371,1.0000
159,0.011808,1.0000,0.000343,1.0000
160,0.007710,1.0000,0.000360,1.0000
161,0.013013,1.0000,0.000357,1.0000
162,0.004073,1.0000,0.000323,1.0000
163,0.010343,0.9900,0.000347,1.0000
164,0.002193,1.0000,0.000338,1.0000
165,0.067985,0.9900,0.000264,1.0000
166,0.010256,1.0000,0.000300,1.0000
167,0.015509,0.9900,0.000292,1.0000
168,0.008812,1.0000,0.000272,1.0000
169,0.047503,0.9800,0.000270,1.0000
170,0.018584,0.9900,0.000289,1.0000
171,0.003855,1.0000,0.000291,1.0000
172,0.039537,0.9800,0.000255,1.0000
173,0.007775,1.0000,0.000246,1.0000
174,0.000913,1.0000,0.000244,1.0000
175,0.007337,1.0000,0.000242,1.0000
176,0.009795,0.9900,0.000212,1.0000
177,0.017972,0.9900,0.000212,1.0000
178,0.003569,1.0000,0.000218,1.0000
179,0.006212,1.0000,0.000223,1.0000
180,0.012821,0.9900,0.000224,1.0000
181,0.017411,0.9900,0.000221,1.0000
182,0.019255,0.9900,0.000202,1.0000
183,0.010348,0.9900,0.000220,1.0000
184,0.028952,0.9800,0.000215,1.0000
185,0.023200,0.9900,0.000213,1.0000
186,0.000963,1.0000,0.000212,1.0000
187,0.015637,0.9900,0.000191,1.0000
188,0.010534,0.9900,0.000180,1.0000
189,0.007695,1.0000,0.000175,1.0000
190,0.030159,0.9700,0.000186,1.0000
191,0.001914,1.0000,0.000183,1.0000
192,0.000676,1.0000,0.000181,1.0000
193,0.018475,0.9900,0.000165,1.0000
194,0.007682,1.0000,0.000155,1.0000
195,0.006576,1.0000,0.000154,1.0000
196,0.012827,1.0000,0.000163,1.0000
197,0.026409,0.9900,0.000163,1.0000
198,0.010971,0.9900,0.000163,1.0000
199,0.018755,0.9900,0.000161,1.0000
200,0.018679,0.9900,0.000157,1.0000
1,0.000000,0.5100,0.000000,0.4583
2,0.000000,0.5100,0.000000,0.4583
3,0.000000,0.5100,0.000000,0.4583
4,0.000000,0.5100,0.000000,0.4583
5,0.000000,0.5100,0.000000,0.4583
6,0.000000,0.5100,0.000000,0.4583
7,0.000000,0.5100,0.000000,0.4583
8,0.000000,0.5100,0.000000,0.4583
9,0.000000,0.5100,0.000000,0.4583
10,0.000000,0.5100,0.000000,0.4583
11,0.000000,0.5100,0.000000,0.4583
12,0.000000,0.5100,0.000000,0.4583
13,0.000000,0.5100,0.000000,0.4583
14,0.000000,0.5100,0.000000,0.4583
15,0.000000,0.5100,0.000000,0.4583
16,0.000000,0.5100,0.000000,0.4583
17,0.000000,0.5100,0.000000,0.4583
18,0.000000,0.5100,0.000000,0.4583
19,0.000000,0.5100,0.000000,0.4583
20,0.000000,0.5100,0.000000,0.4583
21,0.000000,0.5100,0.000000,0.4583
22,0.000000,0.5100,0.000000,0.4583
23,0.000000,0.5100,0.000000,0.4583
24,0.000000,0.5100,0.000000,0.4583
25,0.000000,0.5100,0.000000,0.4583
26,0.000000,0.5100,0.000000,0.4583
27,0.000000,0.5100,0.000000,0.4583
28,0.000000,0.5100,0.000000,0.4583
29,0.000000,0.5100,0.000000,0.4583
30,0.000000,0.5100,0.000000,0.4583
31,0.000000,0.5100,0.000000,0.4583
32,0.000000,0.5100,0.000000,0.4583
33,0.000000,0.5100,0.000000,0.4583
34,0.000000,0.5100,0.000000,0.4583
35,0.000000,0.5100,0.000000,0.4583
36,0.000000,0.5100,0.000000,0.4583
37,0.000000,0.5100,0.000000,0.4583
38,0.000000,0.5100,0.000000,0.4583
39,0.000000,0.5100,0.000000,0.4583
40,0.000000,0.5100,0.000000,0.4583
41,0.000000,0.5100,0.000000,0.4583
42,0.000000,0.5100,0.000000,0.4583
43,0.000000,0.5100,0.000000,0.4583
44,0.000000,0.5100,0.000000,0.4583
45,0.000000,0.5100,0.000000,0.4583
46,0.000000,0.5100,0.000000,0.4583
47,0.000000,0.5100,0.000000,0.4583
48,0.000000,0.5100,0.000000,0.4583
49,0.000000,0.5100,0.000000,0.4583
50,0.000000,0.5100,0.000000,0.4583
51,0.000000,0.5100,0.000000,0.4583
52,0.000000,0.5100,0.000000,0.4583
53,0.000000,0.5100,0.000000,0.4583
54,0.000000,0.5100,0.000000,0.4583
55,0.000000,0.5100,0.000000,0.4583
56,0.000000,0.5100,0.000000,0.4583
57,0.000000,0.5100,0.000000,0.4583
58,0.000000,0.5100,0.000000,0.4583
59,0.000000,0.5100,0.000000,0.4583
60,0.000000,0.5100,0.000000,0.4583
61,0.000000,0.5100,0.000000,0.4583
62,0.000000,0.5100,0.000000,0.4583
63,0.000000,0.5100,0.000000,0.4583
64,0.000000,0.5100,0.000000,0.4583
65,0.000000,0.5100,0.000000,0.4583
66,0.000000,0.5100,0.000000,0.4583
67,0.000000,0.5100,0.000000,0.4583
68,0.000000,0.5100,0.000000,0.4583
69,0.000000,0.5100,0.000000,0.4583
70,0.000000,0.5100,0.000000,0.4583
71,0.000000,0.5100,0.000000,0.4583
72,0.000000,0.5100,0.000000,0.4583
73,0.000000,0.5100,0.000000,0.4583
74,0.000000,0.5100,0.000000,0.4583
75,0.000000,0.5100,0.000000,0.4583
76,0.000000,0.5100,0.000000,0.4583
77,0.000000,0.5100,0.000000,0.4583
78,0.000000,0.5100,0.000000,0.4583
79,0.000000,0.5100,0.000000,0.4583
80,0.000000,0.5100,0.000000,0.4583
81,0.000000,0.5100,0.000000,0.4583
82,0.000000,0.5100,0.000000,0.4583
83,0.000000,0.5100,0.000000,0.4583
84,0.000000,0.5100,0.000000,0.4583
85,0.000000,0.5100,0.000000,0.4583
86,0.000000,0.5100,0.000000,0.4583
87,0.000000,0.5100,0.000000,0.4583
88,0.000000,0.5100,0.000000,0.4583
89,0.000000,0.5100,0.000000,0.4583
90,0.000000,0.5100,0.000000,0.4583
91,0.000000,0.5100,0.000000,0.4583
92,0.000000,0.5100,0.000000,0.4583
93,0.000000,0.5100,0.000000,0.4583
94,0.000000,0.5100,0.000000,0.4583
95,0.000000,0.5100,0.000000,0.4583
96,0.000000,0.5100,0.000000,0.4583
97,0.000000,0.5100,0.000000,0.4583
98,0.000000,0.5100,0.000000,0.4583
99,0.000000,0.5100,0.000000,0.4583
100,0.000000,0.5100,0.000000,0.4583
101,0.000000,0.5100,0.000000,0.4583
102,0.000000,0.5100,0.000000,0.4583
103,0.000000,0.5100,0.000000,0.4583
104,0.000000,0.5100,0.000000,0.4583
105,0.000000,0.5100,0.000000,0.4583
106,0.000000,0.5100,0.000000,0.4583
107,0.000000,0.5100,0.000000,0.4583
108,0.000000,0.5100,0.000000,0.4583
109,0.000000,0.5100,0.000000,0.4583
110,0.000000,0.5100,0.000000,0.4583
111,0.000000,0.5100,0.000000,0.4583
112,0.000000,0.5100,0.000000,0.4583
113,0.000000,0.5100,0.000000,0.4583
114,0.000000,0.5100,0.000000,0.4583
115,0.000000,0.5100,0.000000,0.4583
116,0.000000,0.5100,0.000000,0.4583
117,0.000000,0.5100,0.000000,0.4583
118,0.000000,0.5100,0.000000,0.4583
119,0.000000,0.5100,0.000000,0.4583
120,0.000000,0.5100,0.000000,0.4583
121,0.000000,0.5100,0.000000,0.4583
122,0.000000,0.5100,0.000000,0.4583
123,0.000000,0.5100,0.000000,0.4583
124,0.000000,0.5100,0.000000,0.4583
125,0.000000,0.5100,0.000000,0.4583
126,0.000000,0.5100,0.000000,0.4583
127,0.000000,0.5100,0.000000,0.4583
128,0.000000,0.5100,0.000000,0.4583
129,0.000000,0.5100,0.000000,0.4583
130,0.000000,0.5100,0.000000,0.4583
131,0.000000,0.5100,0.000000,0.4583
132,0.000000,0.5100,0.000000,0.4583
133,0.000000,0.5100,0.000000,0.4583
134,0.000000,0.5100,0.000000,0.4583
135,0.000000,0.5100,0.000000,0.4583
136,0.000000,0.5100,0.000000,0.4583
137,0.000000,0.5100,0.000000,0.4583
138,0.000000,0.5100,0.000000,0.4583
139,0.000000,0.5100,0.000000,0.4583
140,0.000000,0.5100,0.000000,0.4583
141,0.000000,0.5100,0.000000,0.4583
142,0.000000,0.5100,0.000000,0.4583
143,0.000000,0.5100,0.000000,0.4583
144,0.000000,0.5100,0.000000,0.4583
145,0.000000,0.5100,0.000000,0.4583
146,0.000000,0.5100,0.000000,0.4583
147,0.000000,0.5100,0.000000,0.4583
148,0.000000,0.5100,0.000000,0.4583
149,0.000000,0.5100,0.000000,0.4583
150,0.000000,0.5100,0.000000,0.4583
151,0.000000,0.5100,0.000000,0.4583
152,0.000000,0.5100,0.000000,0.4583
153,0.000000,0.5100,0.000000,0.4583
154,0.000000,0.5100,0.000000,0.4583
155,0.000000,0.5100,0.000000,0.4583
156,0.000000,0.5100,0.000000,0.4583
157,0.000000,0.5100,0.000000,0.4583
158,0.000000,0.5100,0.000000,0.4583
159,0.000000,0.5100,0.000000,0.4583
160,0.000000,0.5100,0.000000,0.4583
161,0.000000,0.5100,0.000000,0.4583
162,0.000000,0.5100,0.000000,0.4583
163,0.000000,0.5100,0.000000,0.4583
164,0.000000,0.5100,0.000000,0.4583
165,0.000000,0.5100,0.000000,0.4583
166,0.000000,0.5100,0.000000,0.4583
167,0.000000,0.5100,0.000000,0.4583
168,0.000000,0.5100,0.000000,0.4583
169,0.000000,0.5100,0.000000,0.4583
170,0.000000,0.5100,0.000000,0.4583
171,0.000000,0.5100,0.000000,0.4583
172,0.000000,0.5100,0.000000,0.4583
173,0.000000,0.5100,0.000000,0.4583
174,0.000000,0.5100,0.000000,0.4583
175,0.000000,0.5100,0.000000,0.4583
176,0.000000,0.5100,0.000000,0.4583
177,0.000000,0.5100,0.000000,0.4583
178,0.000000,0.5100,0.000000,0.4583
179,0.000000,0.5100,0.000000,0.4583
180,0.000000,0.5100,0.000000,0.4583
181,0.000000,0.5100,0.000000,0.4583
182,0.000000,0.5100,0.000000,0.4583
183,0.000000,0.5100,0.000000,0.4583
184,0.000000,0.5100,0.000000,0.4583
185,0.000000,0.5100,0.000000,0.4583
186,0.000000,0.5100,0.000000,0.4583
187,0.000000,0.5100,0.000000,0.4583
188,0.000000,0.5100,0.000000,0.4583
189,0.000000,0.5100,0.000000,0.4583
190,0.000000,0.5100,0.000000,0.4583
191,0.000000,0.5100,0.000000,0.4583
192,0.000000,0.5100,0.000000,0.4583
193,0.000000,0.5100,0.000000,0.4583
194,0.000000,0.5100,0.000000,0.4583
195,0.000000,0.5100,0.000000,0.4583
196,0.000000,0.5100,0.000000,0.4583
197,0.000000,0.5100,0.000000,0.4583
198,0.000000,0.5100,0.000000,0.4583
199,0.000000,0.5100,0.000000,0.4583
200,0.000000,0.5100,0.000000,0.4583
1,0.731492,0.6000,0.528684,0.7500
2,0.534802,0.7300,0.609164,0.7083
3,0.417256,0.8400,0.602174,0.7083
4,0.285823,0.8700,0.448911,0.7917
5,0.162442,0.9500,0.655129,0.8333
6,0.190112,0.9300,0.329935,0.8750
7,0.123490,0.9800,0.416453,0.8333
8,0.155918,0.9600,0.152616,0.9583
9,0.070698,0.9700,0.143499,0.9583
10,0.073503,0.9800,0.071739,0.9583
11,0.084060,0.9500,0.088499,0.9583
12,0.061098,0.9800,0.053459,0.9583
13,0.035290,1.0000,0.109319,0.9583
14,0.053644,0.9800,0.038704,1.0000
15,0.033868,0.9800,0.062472,0.9583
16,0.062518,0.9700,0.020724,1.0000
17,0.029324,1.0000,0.009710,1.0000
18,0.025656,0.9900,0.008613,1.0000
19,0.017071,0.9900,0.008026,1.0000
20,0.018438,0.9900,0.006489,1.0000
21,0.009053,1.0000,0.005892,1.0000
22,0.052675,0.9700,0.017022,1.0000
23,0.041708,0.9700,0.006622,1.0000
24,0.015792,1.0000,0.008843,1.0000
25,0.021312,1.0000,0.003640,1.0000
26,0.013189,0.9900,0.004844,1.0000
27,0.063387,0.9500,0.030264,1.0000
28,0.037569,0.9700,0.002065,1.0000
29,0.020656,0.9900,0.002268,1.0000
30,0.041384,0.9700,0.001834,1.0000
31,0.025749,0.9900,0.001391,1.0000
32,0.036164,0.9800,0.001403,1.0000
33,0.012101,0.9900,0.001432,1.0000
34,0.004518,1.0000,0.001366,1.0000
35,0.091130,0.9600,0.020436,1.0000
36,0.011556,1.0000,0.001827,1.0000
37,0.007280,1.0000,0.001523,1.0000
38,0.018061,0.9900,0.001537,1.0000
39,0.020961,0.9800,0.001236,1.0000
40,0.057407,0.9800,0.001539,1.0000
41,0.029298,0.9900,0.001635,1.0000
42,0.014455,0.9900,0.001387,1.0000
43,0.003881,1.0000,0.001244,1.0000
44,0.011884,1.0000,0.001268,1.0000
45,0.017771,0.9900,0.001829,1.0000
46,0.031198,0.9800,0.000867,1.0000
47,0.043551,0.9800,0.000878,1.0000
48,0.028240,0.9800,0.000754,1.0000
49,0.002927,1.0000,0.000739,1.0000
50,0.021374,0.9900,0.000691,1.0000
51,0.012781,1.0000,0.000721,1.0000
52,0.008985,1.0000,0.000674,1.0000
53,0.031999,0.9800,0.000868,1.0000
54,0.046208,0.9900,0.000811,1.0000
55,0.009894,0.9900,0.000893,1.0000
56,0.053795,0.9900,0.000772,1.0000
57,0.060681,0.9500,0.001161,1.0000
58,0.032076,0.9800,0.000714,1.0000
59,0.015972,0.9900,0.000628,1.0000
60,0.004026,1.0000,0.000625,1.0000
61,0.003634,1.0000,0.000601,1.0000
62,0.024917,0.9900,0.000592,1.0000
63,0.010091,0.9900,0.000581,1.0000
64,0.027068,0.9900,0.000747,1.0000
65,0.013488,0.9900,0.000575,1.0000
66,0.015074,0.9900,0.000590,1.0000
67,0.019387,1.0000,0.000556,1.0000
68,0.007534,1.0000,0.000469,1.0000
69,0.019158,0.9900,0.000451,1.0000
70,0.015917,0.9900,0.000524,1.0000
71,0.012174,0.9900,0.000509,1.0000
72,0.006623,1.0000,0.000484,1.0000
73,0.011805,1.0000,0.000526,1.0000
74,0.009651,1.0000,0.000481,1.0000
75,0.018667,0.9900,0.000373,1.0000
76,0.036301,0.9700,0.000501,1.0000
77,0.007731,1.0000,0.000600,1.0000
78,0.014564,0.9900,0.000553,1.0000
79,0.006595,1.0000,0.000468,1.0000
80,0.017250,1.0000,0.000499,1.0000
81,0.034486,0.9800,0.000463,1.0000
82,0.027573,0.9800,0.000443,1.0000
83,0.030843,0.9900,0.000376,1.0000
84,0.026786,0.9800,0.000387,1.0000
85,0.017445,0.9900,0.000408,1.0000
86,0.021591,0.9900,0.000482,1.0000
87,0.024298,0.9900,0.000453,1.0000
88,0.001499,1.0000,0.000457,1.0000
89,0.012802,1.0000,0.000445,1.0000
90,0.015726,0.9900,0.000412,1.0000
91,0.002936,1.0000,0.000397,1.0000
92,0.020098,0.9900,0.000448,1.0000
93,0.016774,0.9900,0.000514,1.0000
94,0.060810,0.9800,0.000527,1.0000
95,0.001882,1.0000,0.000518,1.0000
96,0.031442,0.9800,0.000454,1.0000
97,0.002414,1.0000,0.000426,1.0000
98,0.044135,0.9900,0.000544,1.0000
99,0.011393,1.0000,0.000510,1.0000
100,0.030233,0.9800,0.000412,1.0000
101,0.036869,0.9800,0.000388,1.0000
102,0.009862,1.0000,0.000452,1.0000
103,0.003286,1.0000,0.000431,1.0000
104,0.009026,1.0000,0.000441,1.0000
105,0.001995,1.0000,0.000429,1.0000
106,0.015809,0.9900,0.000460,1.0000
107,0.012383,0.9900,0.000386,1.0000
108,0.019268,0.9900,0.000313,1.0000
109,0.014089,0.9900,0.000281,1.0000
110,0.008313,0.9900,0.000286,1.0000
111,0.050945,0.9800,0.000316,1.0000
112,0.062422,0.9800,0.000303,1.0000
113,0.005998,1.0000,0.000306,1.0000
114,0.013139,1.0000,0.000342,1.0000
115,0.021120,0.9900,0.000457,1.0000
116,0.051888,0.9900,0.000384,1.0000
117,0.004868,1.0000,0.000407,1.0000
118,0.004868,1.0000,0.000408,1.0000
119,0.002017,1.0000,0.000398,1.0000
120,0.003685,1.0000,0.000499,1.0000
121,0.030650,0.9900,0.000655,1.0000
122,0.008557,1.0000,0.000522,1.0000
123,0.017160,0.9900,0.000378,1.0000
124,0.028352,0.9800,0.000355,1.0000
125,0.005118,1.0000,0.000361,1.0000
126,0.017374,0.9900,0.000417,1.0000
127,0.009824,1.0000,0.000481,1.0000
128,0.007823,1.0000,0.000468,1.0000
129,0.002444,1.0000,0.000435,1.0000
130,0.021142,0.9900,0.000533,1.0000
131,0.021046,0.9900,0.000417,1.0000
132,0.028452,0.9800,0.000421,1.0000
133,0.019866,1.0000,0.000692,1.0000
134,0.001404,1.0000,0.000658,1.0000
135,0.011838,1.0000,0.000546,1.0000
136,0.021037,0.9900,0.000376,1.0000
137,0.081931,0.9800,0.000378,1.0000
138,0.039676,0.9800,0.000397,1.0000
139,0.011195,1.0000,0.000464,1.0000
140,0.033902,0.9900,0.000657,1.0000
141,0.062000,0.9700,0.000652,1.0000
142,0.008268,1.0000,0.000633,1.0000
143,0.003917,1.0000,0.000626,1.0000
144,0.002646,1.0000,0.000522,1.0000
145,0.018032,0.9900,0.000484,1.0000
146,0.024648,0.9800,0.000392,1.0000
147,0.016816,0.9900,0.000401,1.0000
148,0.022168,0.9800,0.000426,1.0000
149,0.011812,0.9900,0.000395,1.0000
150,0.018894,0.9900,0.000389,1.0000
151,0.020832,0.9900,0.000332,1.0000
152,0.006513,1.0000,0.000339,1.0000
153,0.001808,1.0000,0.000334,1.0000
154,0.004557,1.0000,0.000339,1.0000
155,0.022087,0.9900,0.000389,1.0000
156,0.003095,1.0000,0.000371,1.0000
157,0.001891,1.0000,0.000349,1.0000
158,0.011234,1.0000,0.000371,1.0000
159,0.011808,1.0000,0.000343,1.0000
160,0.007710,1.0000,0.000360,1.0000
161,0.013013,1.0000,0.000357,1.0000
162,0.004073,1.0000,0.000323,1.0000
163,0.010343,0.9900,0.000347,1.0000
164,0.002193,1.0000,0.000338,1.0000
165,0.067985,0.9900,0.000264,1.0000
166,0.010256,1.0000,0.000300,1.0000
167,0.015509,0.9900,0.000292,1.0000
168,0.008812,1.0000,0.000272,1.0000
169,0.047503,0.9800,0.000270,1.0000
170,0.018584,0.9900,0.000289,1.0000
171,0.003855,1.0000,0.000291,1.0000
172,0.039537,0.9800,0.000255,1.0000
173,0.007775,1.0000,0.000246,1.0000
174,0.000913,1.0000,0.000244,1.0000
175,0.007337,1.0000,0.000242,1.0000
176,0.009795,0.9900,0.000212,1.0000
177,0.017972,0.9900,0.000212,1.0000
178,0.003569,1.0000,0.000218,1.0000
179,0.006212,1.0000,0.000223,1.0000
180,0.012821,0.9900,0.000224,1.0000
181,0.017411,0.9900,0.000221,1.0000
182,0.019255,0.9900,0.000202,1.0000
183,0.010348,0.9900,0.000220,1.0000
184,0.028952,0.9800,0.000215,1.0000
185,0.023200,0.9900,0.000213,1.0000
186,0.000963,1.0000,0.000212,1.0000
187,0.015637,0.9900,0.000191,1.0000
188,0.010534,0.9900,0.000180,1.0000
189,0.007695,1.0000,0.000175,1.0000
190,0.030159,0.9700,0.000186,1.0000
191,0.001914,1.0000,0.000183,1.0000
192,0.000676,1.0000,0.000181,1.0000
193,0.018475,0.9900,0.000165,1.0000
194,0.007682,1.0000,0.000155,1.0000
195,0.006576,1.0000,0.000154,1.0000
196,0.012827,1.0000,0.000163,1.0000
197,0.026409,0.9900,0.000163,1.0000
198,0.010971,0.9900,0.000163,1.0000
199,0.018755,0.9900,0.000161,1.0000
200,0.018679,0.9900,0.000157,1.0000
1,0.234655,0.5400,0.090784,0.7500
2,0.107170,0.6900,0.148870,0.7500
3,0.120957,0.6500,0.097449,0.8333
4,0.089949,0.7500,0.091129,0.7083
5,0.069644,0.8600,0.093092,0.7083
6,0.078996,0.7900,0.109657,0.7500
7,0.080356,0.8200,0.121765,0.7917
8,0.066099,0.8600,0.054824,0.7917
9,0.053941,0.8800,0.056234,0.8333
10,0.061710,0.8800,0.058682,0.8750
11,0.048033,0.9300,0.031272,0.9583
12,0.040219,0.9200,0.029796,0.9167
13,0.038372,0.9600,0.041152,0.8750
14,0.030541,0.9600,0.039260,0.9167
15,0.027295,0.9600,0.029485,0.9167
16,0.035115,0.9300,0.024981,1.0000
17,0.035211,0.9500,0.027058,0.9583
18,0.027606,0.9600,0.031948,0.9167
19,0.033932,0.9200,0.021057,1.0000
20,0.025621,0.9500,0.020451,1.0000
21,0.024802,0.9800,0.024692,0.9167
22,0.031179,0.9500,0.026840,0.9167
23,0.022513,0.9900,0.013229,1.0000
24,0.024363,0.9900,0.025714,0.9167
25,0.022046,0.9800,0.018352,1.0000
26,0.019630,0.9700,0.018276,1.0000
27,0.019735,0.9700,0.013553,1.0000
28,0.032609,0.9300,0.024595,1.0000
29,0.019685,0.9900,0.024763,0.9167
30,0.024452,0.9700,0.010516,1.0000
31,0.018611,0.9900,0.011996,1.0000
32,0.023081,0.9600,0.012504,1.0000
33,0.020592,0.9800,0.012775,1.0000
34,0.021593,0.9800,0.021356,0.9583
35,0.024119,0.9500,0.014922,1.0000
36,0.021710,0.9800,0.013994,0.9583
37,0.024990,0.9600,0.012821,1.0000
38,0.019104,1.0000,0.021151,0.9583
39,0.025131,0.9600,0.014932,1.0000
40,0.019075,0.9800,0.008413,1.0000
41,0.022368,0.9800,0.009302,1.0000
42,0.021626,0.9600,0.015662,1.0000
43,0.016828,0.9900,0.009817,1.0000
44,0.020919,0.9800,0.011197,1.0000
45,0.020692,0.9700,0.012270,1.0000
46,0.018049,0.9900,0.011941,1.0000
47,0.017785,0.9800,0.011380,1.0000
48,0.019111,0.9800,0.009968,1.0000
49,0.016461,0.9800,0.010146,1.0000
50,0.017653,1.0000,0.009474,1.0000
51,0.018569,0.9700,0.007673,1.0000
52,0.014725,1.0000,0.007873,1.0000
53,0.024162,0.9600,0.011386,1.0000
54,0.014979,0.9800,0.008031,1.0000
55,0.017164,0.9900,0.014863,1.0000
56,0.021701,0.9800,0.012103,1.0000
57,0.018781,0.9800,0.012798,1.0000
58,0.014333,0.9900,0.011081,1.0000
59,0.016634,0.9800,0.012157,1.0000
60,0.023427,0.9700,0.017364,0.9167
61,0.019423,0.9700,0.015194,1.0000
62,0.016296,1.0000,0.012527,1.0000
63,0.016278,1.0000,0.010641,1.0000
64,0.017060,1.0000,0.009815,1.0000
65,0.017406,0.9800,0.010291,1.0000
66,0.014722,0.9900,0.012781,1.0000
67,0.017829,0.9800,0.008775,1.0000
68,0.016463,0.9800,0.009528,1.0000
69,0.018214,0.9900,0.013162,1.0000
70,0.021658,0.9700,0.013711,1.0000
71,0.018753,0.9800,0.011116,1.0000
72,0.015652,0.9700,0.013148,1.0000
73,0.015956,1.0000,0.012637,0.9583
74,0.017592,0.9700,0.011171,1.0000
75,0.015212,0.9900,0.010818,1.0000
76,0.016418,1.0000,0.007604,1.0000
77,0.013293,0.9900,0.008356,1.0000
78,0.016169,1.0000,0.017844,0.9583
79,0.017099,0.9700,0.011734,1.0000
80,0.017555,0.9900,0.009324,1.0000
81,0.015164,0.9900,0.009572,1.0000
82,0.012784,0.9900,0.008571,1.0000
83,0.022046,0.9700,0.012263,1.0000
84,0.016924,0.9900,0.009938,1.0000
85,0.018549,0.9700,0.009944,1.0000
86,0.019127,0.9700,0.009159,1.0000
87,0.019800,0.9600,0.007492,1.0000
88,0.017959,0.9800,0.009516,1.0000
89,0.012544,1.0000,0.009410,1.0000
90,0.011047,0.9900,0.009997,1.0000
91,0.018262,0.9900,0.010065,1.0000
92,0.014680,1.0000,0.009922,1.0000
93,0.022324,0.9500,0.012065,1.0000
94,0.015865,0.9600,0.007984,1.0000
95,0.015981,0.9800,0.009046,1.0000
96,0.020081,0.9500,0.009015,1.0000
97,0.020817,0.9700,0.020341,0.9583
98,0.017188,0.9900,0.010981,1.0000
99,0.015721,0.9900,0.010941,1.0000
100,0.015923,0.9600,0.012000,1.0000
101,0.012078,1.0000,0.009531,1.0000
102,0.015817,0.9900,0.008925,1.0000
103,0.017891,0.9800,0.011717,1.0000
104,0.016685,0.9800,0.008786,1.0000
105,0.017356,0.9900,0.011393,1.0000
106,0.018478,0.9500,0.009292,1.0000
107,0.017462,0.9900,0.012990,1.0000
108,0.014388,1.0000,0.008826,1.0000
109,0.016515,0.9800,0.010542,1.0000
110,0.017131,0.9800,0.011086,1.0000
111,0.019561,0.9800,0.011808,1.0000
112,0.016404,0.9800,0.009766,1.0000
113,0.014534,0.9900,0.009542,1.0000
114,0.013363,0.9800,0.007709,1.0000
115,0.014382,0.9800,0.009356,1.0000
116,0.013791,1.0000,0.008478,1.0000
117,0.018216,0.9800,0.009693,1.0000
118,0.017505,0.9900,0.011375,1.0000
119,0.016451,0.9800,0.009651,1.0000
120,0.014702,0.9900,0.008949,1.0000
121,0.015155,0.9900,0.009099,1.0000
122,0.014681,0.9900,0.007126,1.0000
123,0.012935,1.0000,0.007268,1.0000
124,0.016659,0.9900,0.006752,1.0000
125,0.017725,0.9900,0.008111,1.0000
126,0.014697,0.9800,0.007306,1.0000
127,0.015605,1.0000,0.007912,1.0000
128,0.015939,1.0000,0.008096,1.0000
129,0.015425,1.0000,0.007905,1.0000
130,0.009105,1.0000,0.006466,1.0000
131,0.012798,1.0000,0.005441,1.0000
132,0.013131,0.9900,0.006641,1.0000
133,0.011073,1.0000,0.007107,1.0000
134,0.013306,1.0000,0.007108,1.0000
135,0.014996,0.9900,0.008641,1.0000
136,0.017599,0.9700,0.009367,1.0000
137,0.018344,0.9600,0.006281,1.0000
138,0.016544,0.9700,0.007865,1.0000
139,0.011888,1.0000,0.007690,1.0000
140,0.012376,1.0000,0.006932,1.0000
141,0.011674,1.0000,0.006736,1.0000
142,0.017394,0.9900,0.007121,1.0000
143,0.011810,1.0000,0.007014,1.0000
144,0.013285,1.0000,0.007889,1.0000
145,0.013722,1.0000,0.007700,1.0000
146,0.010350,1.0000,0.006920,1.0000
147,0.016115,0.9700,0.008225,1.0000
148,0.017391,0.9900,0.009666,1.0000
149,0.015126,0.9900,0.007257,1.0000
150,0.016331,0.9700,0.007366,1.0000
151,0.018606,0.9800,0.006837,1.0000
152,0.015502,1.0000,0.008636,1.0000
153,0.014352,0.9900,0.007174,1.0000
154,0.011678,0.9900,0.005170,1.0000
155,0.011535,1.0000,0.006736,1.0000
156,0.016597,1.0000,0.005575,1.0000
157,0.010660,1.0000,0.007825,1.0000
158,0.012973,0.9900,0.007476,1.0000
159,0.013838,1.0000,0.006590,1.0000
160,0.015279,0.9800,0.007156,1.0000
161,0.018162,0.9900,0.007217,1.0000
162,0.012165,0.9900,0.006487,1.0000
163,0.011822,1.0000,0.008474,1.0000
164,0.014928,1.0000,0.007563,1.0000
165,0.015757,0.9900,0.006014,1.0000
166,0.012789,0.9900,0.006401,1.0000
167,0.013816,1.0000,0.008412,1.0000
168,0.014580,0.9900,0.007227,1.0000
169,0.012426,0.9800,0.005666,1.0000
170,0.015267,1.0000,0.006562,1.0000
171,0.014005,1.0000,0.006951,1.0000
172,0.015768,0.9900,0.007550,1.0000
173,0.013490,0.9900,0.007905,1.0000
174,0.014350,1.0000,0.008455,1.0000
175,0.014219,0.9900,0.008678,1.0000
176,0.015898,1.0000,0.009585,1.0000
177,0.012143,1.0000,0.008588,1.0000
178,0.013473,0.9800,0.010867,1.0000
179,0.013881,0.9900,0.007229,1.0000
180,0.015311,0.9900,0.006490,1.0000
181,0.012718,1.0000,0.009772,1.0000
182,0.012826,1.0000,0.007232,1.0000
183,0.016267,0.9900,0.005545,1.0000
184,0.011948,0.9900,0.007366,1.0000
185,0.013215,1.0000,0.005650,1.0000
186,0.013908,1.0000,0.007482,1.0000
187,0.018195,1.0000,0.008357,1.0000
188,0.015293,0.9800,0.007302,1.0000
189,0.020259,0.9900,0.008892,1.0000
190,0.018281,0.9900,0.009657,1.0000
191,0.011583,1.0000,0.007131,1.0000
192,0.007840,1.0000,0.006050,1.0000
193,0.014510,0.9800,0.007107,1.0000
194,0.012187,1.0000,0.005998,1.0000
195,0.016336,0.9900,0.005735,1.0000
196,0.012365,0.9700,0.007835,1.0000
197,0.017247,0.9800,0.007783,1.0000
198,0.017097,0.9800,0.007940,1.0000
199,0.015292,1.0000,0.006485,1.0000
200,0.015022,0.9900,0.006074,1.0000
1,0.126512,0.6000,0.090396,0.7917
2,0.091789,0.7100,0.106728,0.7083
3,0.076028,0.8000,0.099363,0.7083
4,0.058578,0.8600,0.095168,0.7083
5,0.044321,0.8800,0.100926,0.7500
6,0.051853,0.8800,0.092051,0.7500
7,0.042485,0.8900,0.107460,0.7083
8,0.047506,0.8700,0.072927,0.7917
9,0.032859,0.9200,0.070681,0.8333
10,0.030432,0.9300,0.063686,0.8333
11,0.034517,0.9100,0.056141,0.8333
12,0.029907,0.9100,0.047143,0.8333
13,0.024307,0.9400,0.026416,0.9167
14,0.023741,0.9200,0.024009,0.9167
15,0.013816,0.9700,0.026027,0.8750
16,0.022278,0.9300,0.014064,1.0000
17,0.021790,0.9300,0.018828,0.9167
18,0.027053,0.9300,0.022827,0.9167
19,0.022564,0.9400,0.021733,0.9167
20,0.014820,0.9700,0.020637,0.9167
21,0.014669,0.9600,0.022430,0.9167
22,0.021992,0.9300,0.022560,0.9167
23,0.017888,0.9500,0.030143,0.9167
24,0.021788,0.9300,0.020084,0.9167
25,0.027488,0.9100,0.020880,0.9167
26,0.008462,0.9900,0.022714,0.9167
27,0.024316,0.9200,0.017662,0.9167
28,0.020093,0.9400,0.023028,0.9167
29,0.032121,0.8900,0.021518,0.9167
30,0.023350,0.9500,0.018950,0.9167
31,0.023139,0.9300,0.016795,0.9167
32,0.028361,0.9100,0.017212,0.9167
33,0.025520,0.9300,0.013400,1.0000
34,0.023395,0.9300,0.015643,0.9167
35,0.020074,0.9400,0.015874,0.9167
36,0.023549,0.9400,0.015035,0.9167
37,0.017593,0.9700,0.018613,0.9167
38,0.023586,0.9300,0.013492,0.9167
39,0.015012,0.9400,0.013116,0.9167
40,0.025778,0.9300,0.012331,1.0000
41,0.024520,0.9300,0.015636,0.9167
42,0.016699,0.9500,0.016814,0.9167
43,0.019413,0.9300,0.012857,0.9167
44,0.023604,0.9100,0.012547,1.0000
45,0.016209,0.9400,0.016419,0.9167
46,0.020568,0.9400,0.013643,0.9167
47,0.026087,0.9000,0.018403,0.9167
48,0.013334,0.9800,0.018262,0.9167
49,0.020409,0.9500,0.020799,0.9167
50,0.024430,0.9100,0.013387,0.9167
51,0.026909,0.9200,0.013527,0.9167
52,0.016398,0.9500,0.013522,0.9167
53,0.019131,0.9400,0.010257,1.0000
54,0.020367,0.9400,0.008933,1.0000
55,0.017389,0.9300,0.014729,0.9167
56,0.013728,0.9700,0.014327,0.9167
57,0.014435,0.9600,0.016632,0.9167
58,0.017478,0.9500,0.012847,0.9167
59,0.027841,0.8800,0.017793,0.9167
60,0.019740,0.9400,0.022087,0.9167
61,0.015073,0.9600,0.015386,0.9167
62,0.024332,0.9100,0.018251,0.9167
63,0.021086,0.9400,0.019561,0.9167
64,0.025675,0.9300,0.018413,0.9167
65,0.021865,0.9300,0.013857,0.9167
66,0.011157,0.9800,0.014792,0.9167
67,0.024488,0.9400,0.015017,0.9167
68,0.015830,0.9500,0.013339,0.9167
69,0.018136,0.9400,0.010758,1.0000
70,0.026565,0.9300,0.012560,0.9167
71,0.024145,0.9100,0.014283,0.9167
72,0.020286,0.9300,0.016863,0.9167
73,0.019050,0.9300,0.016035,0.9167
74,0.023911,0.9300,0.011166,0.9167
75,0.017751,0.9400,0.013482,0.9167
76,0.027730,0.9200,0.012865,0.9167
77,0.019539,0.9400,0.013704,0.9167
78,0.020025,0.9300,0.015512,0.9167
79,0.019264,0.9500,0.016675,0.9167
80,0.026419,0.9300,0.014409,0.9167
81,0.021271,0.9300,0.012568,0.9167
82,0.017122,0.9300,0.013523,0.9167
83,0.022937,0.9300,0.017205,0.9167
84,0.022276,0.9400,0.013185,0.9167
85,0.016838,0.9300,0.014270,0.9167
86,0.025069,0.9300,0.016883,0.9167
87,0.028721,0.9300,0.012598,0.9167
88,0.019478,0.9300,0.013251,0.9167
89,0.022451,0.9200,0.016302,0.9167
90,0.019533,0.9400,0.014158,0.9167
91,0.018991,0.9300,0.013398,0.9167
92,0.024983,0.9300,0.012142,0.9167
93,0.024187,0.9300,0.012093,0.9167
94,0.016948,0.9500,0.013617,0.9167
95,0.019966,0.9300,0.009663,1.0000
96,0.018834,0.9400,0.012149,0.9167
97,0.023392,0.9200,0.013684,0.9167
98,0.025803,0.9100,0.014715,0.9167
99,0.014730,0.9600,0.018128,0.9167
100,0.015996,0.9500,0.016398,0.9167
101,0.027363,0.9300,0.014951,0.9167
102,0.023924,0.9200,0.015775,0.9167
103,0.012742,0.9700,0.015072,0.9167
104,0.022002,0.9400,0.013570,0.9167
105,0.018187,0.9200,0.013722,0.9167
106,0.026511,0.9200,0.015216,0.9167
107,0.021329,0.9400,0.016988,0.9167
108,0.015613,0.9500,0.019568,0.9167
109,0.018576,0.9500,0.016438,0.9167
110,0.014103,0.9500,0.013118,0.9167
111,0.021823,0.9400,0.011044,0.9167
112,0.025377,0.8900,0.012873,0.9167
113,0.013883,0.9600,0.014608,0.9167
114,0.023592,0.9400,0.014619,0.9167
115,0.025034,0.9200,0.015310,0.9167
116,0.025074,0.9100,0.013543,0.9167
117,0.020757,0.9200,0.013042,0.9167
118,0.019348,0.9300,0.011139,0.9167
119,0.018123,0.9200,0.011472,0.9167
120,0.014961,0.9500,0.012679,0.9167
121,0.013239,0.9600,0.014402,0.9167
122,0.017670,0.9600,0.013815,0.9167
123,0.018318,0.9500,0.011968,0.9167
124,0.023011,0.9100,0.011270,0.9167
125,0.026005,0.9200,0.011771,0.9167
126,0.025287,0.9300,0.011987,0.9167
127,0.027330,0.9200,0.012236,0.9167
128,0.016574,0.9500,0.013327,0.9167
129,0.023623,0.9400,0.011593,0.9167
130,0.022204,0.9300,0.012334,0.9167
131,0.024409,0.9000,0.012000,0.9167
132,0.017598,0.9600,0.016407,0.9167
133,0.013986,0.9600,0.015934,0.9167
134,0.014959,0.9400,0.014739,0.9167
135,0.015971,0.9700,0.014152,0.9167
136,0.016243,0.9600,0.014776,0.9167
137,0.030643,0.9100,0.014464,0.9167
138,0.024276,0.9100,0.015052,0.9167
139,0.013909,0.9600,0.014243,0.9167
140,0.019395,0.9300,0.014822,0.9167
141,0.020945,0.9200,0.014693,0.9167
142,0.019967,0.9400,0.013533,0.9167
143,0.017980,0.9400,0.014008,0.9167
144,0.020327,0.9300,0.013524,0.9167
145,0.019137,0.9500,0.016571,0.9167
146,0.018920,0.9400,0.016983,0.9167
147,0.019266,0.9300,0.016152,0.9167
148,0.019671,0.9300,0.016679,0.9167
149,0.009128,0.9800,0.017232,0.9167
150,0.022392,0.9400,0.015882,0.9167
151,0.023802,0.9500,0.014749,0.9167
152,0.020950,0.9500,0.015709,0.9167
153,0.014821,0.9400,0.017390,0.9167
154,0.026756,0.9100,0.016903,0.9167
155,0.027490,0.9200,0.016864,0.9167
156,0.018173,0.9400,0.016133,0.9167
157,0.016933,0.9400,0.014300,0.9167
158,0.018846,0.9300,0.013230,0.9167
159,0.019977,0.9400,0.013669,0.9167
160,0.017225,0.9300,0.013365,0.9167
161,0.018024,0.9600,0.013748,0.9167
162,0.015746,0.9400,0.013659,0.9167
163,0.017700,0.9300,0.013470,0.9167
164,0.014406,0.9500,0.014622,0.9167
165,0.020476,0.9300,0.014291,0.9167
166,0.017449,0.9500,0.013298,0.9167
167,0.017499,0.9600,0.013090,0.9167
168,0.028239,0.9300,0.012368,0.9167
169,0.019998,0.9500,0.013505,0.9167
170,0.026115,0.9200,0.013675,0.9167
171,0.012858,0.9600,0.015819,0.9167
172,0.017739,0.9400,0.015023,0.9167
173,0.019265,0.9200,0.013029,0.9167
174,0.020242,0.9200,0.014364,0.9167
175,0.022356,0.9200,0.014846,0.9167
176,0.017868,0.9400,0.014549,0.9167
177,0.010776,0.9700,0.014349,0.9167
178,0.017552,0.9400,0.015258,0.9167
179,0.024034,0.9200,0.015746,0.9167
180,0.025067,0.9400,0.014019,0.9167
181,0.016332,0.9500,0.015284,0.9167
182,0.017061,0.9700,0.015379,0.9167
183,0.028120,0.9100,0.014559,0.9167
184,0.017243,0.9400,0.014540,0.9167
185,0.020537,0.9200,0.013835,0.9167
186,0.020796,0.9300,0.014616,0.9167
187,0.020619,0.9500,0.014212,0.9167
188,0.017117,0.9600,0.015291,0.9167
189,0.012560,0.9600,0.015651,0.9167
190,0.025426,0.9300,0.015171,0.9167
191,0.015221,0.9500,0.015043,0.9167
192,0.016008,0.9400,0.015427,0.9167
193,0.017429,0.9300,0.013551,0.9167
194,0.025177,0.9300,0.012277,0.9167
195,0.020814,0.9300,0.012798,0.9167
196,0.018454,0.9300,0.012966,0.9167
197,0.027394,0.9100,0.012382,0.9167
198,0.012402,0.9600,0.012266,0.9167
199,0.028874,0.9100,0.012404,0.9167
200,0.020200,0.9400,0.011775,0.9167
1,0.126512,0.6000,0.090396,0.7917
2,0.091789,0.7100,0.106728,0.7083
3,0.076028,0.8000,0.099363,0.7083
4,0.058578,0.8600,0.095168,0.7083
5,0.044321,0.8800,0.100926,0.7500
6,0.051853,0.8800,0.092051,0.7500
7,0.042485,0.8900,0.107460,0.7083
8,0.047506,0.8700,0.072927,0.7917
9,0.032859,0.9200,0.070681,0.8333
10,0.030432,0.9300,0.063686,0.8333
11,0.034517,0.9100,0.056141,0.8333
12,0.029907,0.9100,0.047143,0.8333
13,0.024307,0.9400,0.026416,0.9167
14,0.023741,0.9200,0.024009,0.9167
15,0.013816,0.9700,0.026027,0.8750
16,0.022278,0.9300,0.014064,1.0000
17,0.021790,0.9300,0.018828,0.9167
18,0.027053,0.9300,0.022827,0.9167
19,0.022564,0.9400,0.021733,0.9167
20,0.014820,0.9700,0.020637,0.9167
21,0.014669,0.9600,0.022430,0.9167
22,0.021992,0.9300,0.022560,0.9167
23,0.017888,0.9500,0.030143,0.9167
24,0.021788,0.9300,0.020084,0.9167
25,0.027488,0.9100,0.020880,0.9167
26,0.008462,0.9900,0.022714,0.9167
27,0.024316,0.9200,0.017662,0.9167
28,0.020093,0.9400,0.023028,0.9167
29,0.032121,0.8900,0.021518,0.9167
30,0.023350,0.9500,0.018950,0.9167
31,0.023139,0.9300,0.016795,0.9167
32,0.028361,0.9100,0.017212,0.9167
33,0.025520,0.9300,0.013400,1.0000
34,0.023395,0.9300,0.015643,0.9167
35,0.020074,0.9400,0.015874,0.9167
36,0.023549,0.9400,0.015035,0.9167
37,0.017593,0.9700,0.018613,0.9167
38,0.023586,0.9300,0.013492,0.9167
39,0.015012,0.9400,0.013116,0.9167
40,0.025778,0.9300,0.012331,1.0000
41,0.024520,0.9300,0.015636,0.9167
42,0.016699,0.9500,0.016814,0.9167
43,0.019413,0.9300,0.012857,0.9167
44,0.023604,0.9100,0.012547,1.0000
45,0.016209,0.9400,0.016419,0.9167
46,0.020568,0.9400,0.013643,0.9167
47,0.026087,0.9000,0.018403,0.9167
48,0.013334,0.9800,0.018262,0.9167
49,0.020409,0.9500,0.020799,0.9167
50,0.024430,0.9100,0.013387,0.9167
51,0.026909,0.9200,0.013527,0.9167
52,0.016398,0.9500,0.013522,0.9167
53,0.019131,0.9400,0.010257,1.0000
54,0.020367,0.9400,0.008933,1.0000
55,0.017389,0.9300,0.014729,0.9167
56,0.013728,0.9700,0.014327,0.9167
57,0.014435,0.9600,0.016632,0.9167
58,0.017478,0.9500,0.012847,0.9167
59,0.027841,0.8800,0.017793,0.9167
60,0.019740,0.9400,0.022087,0.9167
61,0.015073,0.9600,0.015386,0.9167
62,0.024332,0.9100,0.018251,0.9167
63,0.021086,0.9400,0.019561,0.9167
64,0.025675,0.9300,0.018413,0.9167
65,0.021865,0.9300,0.013857,0.9167
66,0.011157,0.9800,0.014792,0.9167
67,0.024488,0.9400,0.015017,0.9167
68,0.015830,0.9500,0.013339,0.9167
69,0.018136,0.9400,0.010758,1.0000
70,0.026565,0.9300,0.012560,0.9167
71,0.024145,0.9100,0.014283,0.9167
72,0.020286,0.9300,0.016863,0.9167
73,0.019050,0.9300,0.016035,0.9167
74,0.023911,0.9300,0.011166,0.9167
75,0.017751,0.9400,0.013482,0.9167
76,0.027730,0.9200,0.012865,0.9167
77,0.019539,0.9400,0.013704,0.9167
78,0.020025,0.9300,0.015512,0.9167
79,0.019264,0.9500,0.016675,0.9167
80,0.026419,0.9300,0.014409,0.9167
81,0.021271,0.9300,0.012568,0.9167
82,0.017122,0.9300,0.013523,0.9167
83,0.022937,0.9300,0.017205,0.9167
84,0.022276,0.9400,0.013185,0.9167
85,0.016838,0.9300,0.014270,0.9167
86,0.025069,0.9300,0.016883,0.9167
87,0.028721,0.9300,0.012598,0.9167
88,0.019478,0.9300,0.013251,0.9167
89,0.022451,0.9200,0.016302,0.9167
90,0.019533,0.9400,0.014158,0.9167
91,0.018991,0.9300,0.013398,0.9167
92,0.024983,0.9300,0.012142,0.9167
93,0.024187,0.9300,0.012093,0.9167
94,0.016948,0.9500,0.013617,0.9167
95,0.019966,0.9300,0.009663,1.0000
96,0.018834,0.9400,0.012149,0.9167
97,0.023392,0.9200,0.013684,0.9167
98,0.025803,0.9100,0.014715,0.9167
99,0.014730,0.9600,0.018128,0.9167
100,0.015996,0.9500,0.016398,0.9167
101,0.027363,0.9300,0.014951,0.9167
102,0.023924,0.9200,0.015775,0.9167
103,0.012742,0.9700,0.015072,0.9167
104,0.022002,0.9400,0.013570,0.9167
105,0.018187,0.9200,0.013722,0.9167
106,0.026511,0.9200,0.015216,0.9167
107,0.021329,0.9400,0.016988,0.9167
108,0.015613,0.9500,0.019568,0.9167
109,0.018576,0.9500,0.016438,0.9167
110,0.014103,0.9500,0.013118,0.9167
111,0.021823,0.9400,0.011044,0.9167
112,0.025377,0.8900,0.012873,0.9167
113,0.013883,0.9600,0.014608,0.9167
114,0.023592,0.9400,0.014619,0.9167
115,0.025034,0.9200,0.015310,0.9167
116,0.025074,0.9100,0.013543,0.9167
117,0.020757,0.9200,0.013042,0.9167
118,0.019348,0.9300,0.011139,0.9167
119,0.018123,0.9200,0.011472,0.9167
120,0.014961,0.9500,0.012679,0.9167
121,0.013239,0.9600,0.014402,0.9167
122,0.017670,0.9600,0.013815,0.9167
123,0.018318,0.9500,0.011968,0.9167
124,0.023011,0.9100,0.011270,0.9167
125,0.026005,0.9200,0.011771,0.9167
126,0.025287,0.9300,0.011987,0.9167
127,0.027330,0.9200,0.012236,0.9167
128,0.016574,0.9500,0.013327,0.9167
129,0.023623,0.9400,0.011593,0.9167
130,0.022204,0.9300,0.012334,0.9167
131,0.024409,0.9000,0.012000,0.9167
132,0.017598,0.9600,0.016407,0.9167
133,0.013986,0.9600,0.015934,0.9167
134,0.014959,0.9400,0.014739,0.9167
135,0.015971,0.9700,0.014152,0.9167
136,0.016243,0.9600,0.014776,0.9167
137,0.030643,0.9100,0.014464,0.9167
138,0.024276,0.9100,0.015052,0.9167
139,0.013909,0.9600,0.014243,0.9167
140,0.019395,0.9300,0.014822,0.9167
141,0.020945,0.9200,0.014693,0.9167
142,0.019967,0.9400,0.013533,0.9167
143,0.017980,0.9400,0.014008,0.9167
144,0.020327,0.9300,0.013524,0.9167
145,0.019137,0.9500,0.016571,0.9167
146,0.018920,0.9400,0.016983,0.9167
147,0.019266,0.9300,0.016152,0.9167
148,0.019671,0.9300,0.016679,0.9167
149,0.009128,0.9800,0.017232,0.9167
150,0.022392,0.9400,0.015882,0.9167
151,0.023802,0.9500,0.014749,0.9167
152,0.020950,0.9500,0.015709,0.9167
153,0.014821,0.9400,0.017390,0.9167
154,0.026756,0.9100,0.016903,0.9167
155,0.027490,0.9200,0.016864,0.9167
156,0.018173,0.9400,0.016133,0.9167
157,0.016933,0.9400,0.014300,0.9167
158,0.018846,0.9300,0.013230,0.9167
159,0.019977,0.9400,0.013669,0.9167
160,0.017225,0.9300,0.013365,0.9167
161,0.018024,0.9600,0.013748,0.9167
162,0.015746,0.9400,0.013659,0.9167
163,0.017700,0.9300,0.013470,0.9167
164,0.014406,0.9500,0.014622,0.9167
165,0.020476,0.9300,0.014291,0.9167
166,0.017449,0.9500,0.013298,0.9167
167,0.017499,0.9600,0.013090,0.9167
168,0.028239,0.9300,0.012368,0.9167
169,0.019998,0.9500,0.013505,0.9167
170,0.026115,0.9200,0.013675,0.9167
171,0.012858,0.9600,0.015819,0.9167
172,0.017739,0.9400,0.015023,0.9167
173,0.019265,0.9200,0.013029,0.9167
174,0.020242,0.9200,0.014364,0.9167
175,0.022356,0.9200,0.014846,0.9167
176,0.017868,0.9400,0.014549,0.9167
177,0.010776,0.9700,0.014349,0.9167
178,0.017552,0.9400,0.015258,0.9167
179,0.024034,0.9200,0.015746,0.9167
180,0.025067,0.9400,0.014019,0.9167
181,0.016332,0.9500,0.015284,0.9167
182,0.017061,0.9700,0.015379,0.9167
183,0.028120,0.9100,0.014559,0.9167
184,0.017243,0.9400,0.014540,0.9167
185,0.020537,0.9200,0.013835,0.9167
186,0.020796,0.9300,0.014616,0.9167
187,0.020619,0.9500,0.014212,0.9167
188,0.017117,0.9600,0.015291,0.9167
189,0.012560,0.9600,0.015651,0.9167
190,0.025426,0.9300,0.015171,0.9167
191,0.015221,0.9500,0.015043,0.9167
192,0.016008,0.9400,0.015427,0.9167
193,0.017429,0.9300,0.013551,0.9167
194,0.025177,0.9300,0.012277,0.9167
195,0.020814,0.9300,0.012798,0.9167
196,0.018454,0.9300,0.012966,0.9167
197,0.027394,0.9100,0.012382,0.9167
198,0.012402,0.9600,0.012266,0.9167
199,0.028874,0.9100,0.012404,0.9167
200,0.020200,0.9400,0.011775,0.9167
1,0.126512,0.6000,0.090396,0.7917
2,0.091789,0.7100,0.106728,0.7083
3,0.076028,0.8000,0.099363,0.7083
4,0.058578,0.8600,0.095168,0.7083
5,0.044321,0.8800,0.100926,0.7500
6,0.051853,0.8800,0.092051,0.7500
7,0.042485,0.8900,0.107460,0.7083
8,0.047506,0.8700,0.072927,0.7917
9,0.032859,0.9200,0.070681,0.8333
10,0.030432,0.9300,0.063686,0.8333
11,0.034517,0.9100,0.056141,0.8333
12,0.029907,0.9100,0.047143,0.8333
13,0.024307,0.9400,0.026416,0.9167
14,0.023741,0.9200,0.024009,0.9167
15,0.013816,0.9700,0.026027,0.8750
16,0.022278,0.9300,0.014064,1.0000
17,0.021790,0.9300,0.018828,0.9167
18,0.027053,0.9300,0.022827,0.9167
19,0.022564,0.9400,0.021733,0.9167
20,0.014820,0.9700,0.020637,0.9167
21,0.014669,0.9600,0.022430,0.9167
22,0.021992,0.9300,0.022560,0.9167
23,0.017888,0.9500,0.030143,0.9167
24,0.021788,0.9300,0.020084,0.9167
25,0.027488,0.9100,0.020880,0.9167
26,0.008462,0.9900,0.022714,0.9167
27,0.024316,0.9200,0.017662,0.9167
28,0.020093,0.9400,0.023028,0.9167
29,0.032121,0.8900,0.021518,0.9167
30,0.023350,0.9500,0.018950,0.9167
31,0.023139,0.9300,0.016795,0.9167
32,0.028361,0.9100,0.017212,0.9167
33,0.025520,0.9300,0.013400,1.0000
34,0.023395,0.9300,0.015643,0.9167
35,0.020074,0.9400,0.015874,0.9167
36,0.023549,0.9400,0.015035,0.9167
37,0.017593,0.9700,0.018613,0.9167
38,0.023586,0.9300,0.013492,0.9167
39,0.015012,0.9400,0.013116,0.9167
40,0.025778,0.9300,0.012331,1.0000
41,0.024520,0.9300,0.015636,0.9167
42,0.016699,0.9500,0.016814,0.9167
43,0.019413,0.9300,0.012857,0.9167
44,0.023604,0.9100,0.012547,1.0000
45,0.016209,0.9400,0.016419,0.9167
46,0.020568,0.9400,0.013643,0.9167
47,0.026087,0.9000,0.018403,0.9167
48,0.013334,0.9800,0.018262,0.9167
49,0.020409,0.9500,0.020799,0.9167
50,0.024430,0.9100,0.013387,0.9167
51,0.026909,0.9200,0.013527,0.9167
52,0.016398,0.9500,0.013522,0.9167
53,0.019131,0.9400,0.010257,1.0000
54,0.020367,0.9400,0.008933,1.0000
55,0.017389,0.9300,0.014729,0.9167
56,0.013728,0.9700,0.014327,0.9167
57,0.014435,0.9600,0.016632,0.9167
58,0.017478,0.9500,0.012847,0.9167
59,0.027841,0.8800,0.017793,0.9167
60,0.019740,0.9400,0.022087,0.9167
61,0.015073,0.9600,0.015386,0.9167
62,0.024332,0.9100,0.018251,0.9167
63,0.021086,0.9400,0.019561,0.9167
64,0.025675,0.9300,0.018413,0.9167
65,0.021865,0.9300,0.013857,0.9167
66,0.011157,0.9800,0.014792,0.9167
67,0.024488,0.9400,0.015017,0.9167
68,0.015830,0.9500,0.013339,0.9167
69,0.018136,0.9400,0.010758,1.0000
70,0.026565,0.9300,0.012560,0.9167
71,0.024145,0.9100,0.014283,0.9167
72,0.020286,0.9300,0.016863,0.9167
73,0.019050,0.9300,0.016035,0.9167
74,0.023911,0.9300,0.011166,0.9167
75,0.017751,0.9400,0.013482,0.9167
76,0.027730,0.9200,0.012865,0.9167
77,0.019539,0.9400,0.013704,0.9167
78,0.020025,0.9300,0.015512,0.9167
79,0.019264,0.9500,0.016675,0.9167
80,0.026419,0.9300,0.014409,0.9167
81,0.021271,0.9300,0.012568,0.9167
82,0.017122,0.9300,0.013523,0.9167
83,0.022937,0.9300,0.017205,0.9167
84,0.022276,0.9400,0.013185,0.9167
85,0.016838,0.9300,0.014270,0.9167
86,0.025069,0.9300,0.016883,0.9167
87,0.028721,0.9300,0.012598,0.9167
88,0.019478,0.9300,0.013251,0.9167
89,0.022451,0.9200,0.016302,0.9167
90,0.019533,0.9400,0.014158,0.9167
91,0.018991,0.9300,0.013398,0.9167
92,0.024983,0.9300,0.012142,0.9167
93,0.024187,0.9300,0.012093,0.9167
94,0.016948,0.9500,0.013617,0.9167
95,0.019966,0.9300,0.009663,1.0000
96,0.018834,0.9400,0.012149,0.9167
97,0.023392,0.9200,0.013684,0.9167
98,0.025803,0.9100,0.014715,0.9167
99,0.014730,0.9600,0.018128,0.9167
100,0.015996,0.9500,0.016398,0.9167
101,0.027363,0.9300,0.014951,0.9167
102,0.023924,0.9200,0.015775,0.9167
103,0.012742,0.9700,0.015072,0.9167
104,0.022002,0.9400,0.013570,0.9167
105,0.018187,0.9200,0.013722,0.9167
106,0.026511,0.9200,0.015216,0.9167
107,0.021329,0.9400,0.016988,0.9167
108,0.015613,0.9500,0.019568,0.9167
109,0.018576,0.9500,0.016438,0.9167
110,0.014103,0.9500,0.013118,0.9167
111,0.021823,0.9400,0.011044,0.9167
112,0.025377,0.8900,0.012873,0.9167
113,0.013883,0.9600,0.014608,0.9167
114,0.023592,0.9400,0.014619,0.9167
115,0.025034,0.9200,0.015310,0.9167
116,0.025074,0.9100,0.013543,0.9167
117,0.020757,0.9200,0.013042,0.9167
118,0.019348,0.9300,0.011139,0.9167
119,0.018123,0.9200,0.011472,0.9167
120,0.014961,0.9500,0.012679,0.9167
121,0.013239,0.9600,0.014402,0.9167
122,0.017670,0.9600,0.013815,0.9167
123,0.018318,0.9500,0.011968,0.9167
124,0.023011,0.9100,0.011270,0.9167
125,0.026005,0.9200,0.011771,0.9167
126,0.025287,0.9300,0.011987,0.9167
127,0.027330,0.9200,0.012236,0.9167
128,0.016574,0.9500,0.013327,0.9167
129,0.023623,0.9400,0.011593,0.9167
130,0.022204,0.9300,0.012334,0.9167
131,0.024409,0.9000,0.012000,0.9167
132,0.017598,0.9600,0.016407,0.9167
133,0.013986,0.9600,0.015934,0.9167
134,0.014959,0.9400,0.014739,0.9167
135,0.015971,0.9700,0.014152,0.9167
136,0.016243,0.9600,0.014776,0.9167
137,0.030643,0.9100,0.014464,0.9167
138,0.024276,0.9100,0.015052,0.9167
139,0.013909,0.9600,0.014243,0.9167
140,0.019395,0.9300,0.014822,0.9167
141,0.020945,0.9200,0.014693,0.9167
142,0.019967,0.9400,0.013533,0.9167
143,0.017980,0.9400,0.014008,0.9167
144,0.020327,0.9300,0.013524,0.9167
145,0.019137,0.9500,0.016571,0.9167
146,0.018920,0.9400,0.016983,0.9167
147,0.019266,0.9300,0.016152,0.9167
148,0.019671,0.9300,0.016679,0.9167
149,0.009128,0.9800,0.017232,0.9167
150,0.022392,0.9400,0.015882,0.9167
151,0.023802,0.9500,0.014749,0.9167
152,0.020950,0.9500,0.015709,0.9167
153,0.014821,0.9400,0.017390,0.9167
154,0.026756,0.9100,0.016903,0.9167
155,0.027490,0.9200,0.016864,0.9167
156,0.018173,0.9400,0.016133,0.9167
157,0.016933,0.9400,0.014300,0.9167
158,0.018846,0.9300,0.013230,0.9167
159,0.019977,0.9400,0.013669,0.9167
160,0.017225,0.9300,0.013365,0.9167
161,0.018024,0.9600,0.013748,0.9167
162,0.015746,0.9400,0.013659,0.9167
163,0.017700,0.9300,0.013470,0.9167
164,0.014406,0.9500,0.014622,0.9167
165,0.020476,0.9300,0.014291,0.9167
166,0.017449,0.9500,0.013298,0.9167
167,0.017499,0.9600,0.013090,0.9167
168,0.028239,0.9300,0.012368,0.9167
169,0.019998,0.9500,0.013505,0.9167
170,0.026115,0.9200,0.013675,0.9167
171,0.012858,0.9600,0.015819,0.9167
172,0.017739,0.9400,0.015023,0.9167
173,0.019265,0.9200,0.013029,0.9167
174,0.020242,0.9200,0.014364,0.9167
175,0.022356,0.9200,0.014846,0.9167
176,0.017868,0.9400,0.014549,0.9167
177,0.010776,0.9700,0.014349,0.9167
178,0.017552,0.9400,0.015258,0.9167
179,0.024034,0.9200,0.015746,0.9167
180,0.025067,0.9400,0.014019,0.9167
181,0.016332,0.9500,0.015284,0.9167
182,0.017061,0.9700,0.015379,0.9167
183,0.028120,0.9100,0.014559,0.9167
184,0.017243,0.9400,0.014540,0.9167
185,0.020537,0.9200,0.013835,0.9167
186,0.020796,0.9300,0.014616,0.9167
187,0.020619,0.9500,0.014212,0.9167
188,0.017117,0.9600,0.015291,0.9167
189,0.012560,0.9600,0.015651,0.9167
190,0.025426,0.9300,0.015171,0.9167
191,0.015221,0.9500,0.015043,0.9167
192,0.016008,0.9400,0.015427,0.9167
193,0.017429,0.9300,0.013551,0.9167
194,0.025177,0.9300,0.012277,0.9167
195,0.020814,0.9300,0.012798,0.9167
196,0.018454,0.9300,0.012966,0.9167
197,0.027394,0.9100,0.012382,0.9167
198,0.012402,0.9600,0.012266,0.9167
199,0.028874,0.9100,0.012404,0.9167
200,0.020200,0.9400,0.011775,0.9167
1,0.126512,0.6000,0.090396,0.7917
2,0.091789,0.7100,0.106728,0.7083
3,0.076028,0.8000,0.099363,0.7083
4,0.058578,0.8600,0.095168,0.7083
5,0.044321,0.8800,0.100926,0.7500
6,0.051853,0.8800,0.092051,0.7500
7,0.042485,0.8900,0.107460,0.7083
8,0.047506,0.8700,0.072927,0.7917
9,0.032859,0.9200,0.070681,0.8333
10,0.030432,0.9300,0.063686,0.8333
11,0.034517,0.9100,0.056141,0.8333
12,0.029907,0.9100,0.047143,0.8333
13,0.024307,0.9400,0.026416,0.9167
14,0.023741,0.9200,0.024009,0.9167
15,0.013816,0.9700,0.026027,0.8750
16,0.022278,0.9300,0.014064,1.0000
17,0.021790,0.9300,0.018828,0.9167
18,0.027053,0.9300,0.022827,0.9167
19,0.022564,0.9400,0.021733,0.9167
20,0.014820,0.9700,0.020637,0.9167
21,0.014669,0.9600,0.022430,0.9167
22,0.021992,0.9300,0.022560,0.9167
23,0.017888,0.9500,0.030143,0.9167
24,0.021788,0.9300,0.020084,0.9167
25,0.027488,0.9100,0.020880,0.9167
26,0.008462,0.9900,0.022714,0.9167
27,0.024316,0.9200,0.017662,0.9167
28,0.020093,0.9400,0.023028,0.9167
29,0.032121,0.8900,0.021518,0.9167
30,0.023350,0.9500,0.018950,0.9167
31,0.023139,0.9300,0.016795,0.9167
32,0.028361,0.9100,0.017212,0.9167
33,0.025520,0.9300,0.013400,1.0000
34,0.023395,0.9300,0.015643,0.9167
35,0.020074,0.9400,0.015874,0.9167
36,0.023549,0.9400,0.015035,0.9167
37,0.017593,0.9700,0.018613,0.9167
38,0.023586,0.9300,0.013492,0.9167
39,0.015012,0.9400,0.013116,0.9167
40,0.025778,0.9300,0.012331,1.0000
41,0.024520,0.9300,0.015636,0.9167
42,0.016699,0.9500,0.016814,0.9167
43,0.019413,0.9300,0.012857,0.9167
44,0.023604,0.9100,0.012547,1.0000
45,0.016209,0.9400,0.016419,0.9167
46,0.020568,0.9400,0.013643,0.9167
47,0.026087,0.9000,0.018403,0.9167
48,0.013334,0.9800,0.018262,0.9167
49,0.020409,0.9500,0.020799,0.9167
50,0.024430,0.9100,0.013387,0.9167
51,0.026909,0.9200,0.013527,0.9167
52,0.016398,0.9500,0.013522,0.9167
53,0.019131,0.9400,0.010257,1.0000
54,0.020367,0.9400,0.008933,1.0000
55,0.017389,0.9300,0.014729,0.9167
56,0.013728,0.9700,0.014327,0.9167
57,0.014435,0.9600,0.016632,0.9167
58,0.017478,0.9500,0.012847,0.9167
59,0.027841,0.8800,0.017793,0.9167
60,0.019740,0.9400,0.022087,0.9167
61,0.015073,0.9600,0.015386,0.9167
62,0.024332,0.9100,0.018251,0.9167
63,0.021086,0.9400,0.019561,0.9167
64,0.025675,0.9300,0.018413,0.9167
65,0.021865,0.9300,0.013857,0.9167
66,0.011157,0.9800,0.014792,0.9167
67,0.024488,0.9400,0.015017,0.9167
68,0.015830,0.9500,0.013339,0.9167
69,0.018136,0.9400,0.010758,1.0000
70,0.026565,0.9300,0.012560,0.9167
71,0.024145,0.9100,0.014283,0.9167
72,0.020286,0.9300,0.016863,0.9167
73,0.019050,0.9300,0.016035,0.9167
74,0.023911,0.9300,0.011166,0.9167
75,0.017751,0.9400,0.013482,0.9167
76,0.027730,0.9200,0.012865,0.9167
77,0.019539,0.9400,0.013704,0.9167
78,0.020025,0.9300,0.015512,0.9167
79,0.019264,0.9500,0.016675,0.9167
80,0.026419,0.9300,0.014409,0.9167
81,0.021271,0.9300,0.012568,0.9167
82,0.017122,0.9300,0.013523,0.9167
83,0.022937,0.9300,0.017205,0.9167
84,0.022276,0.9400,0.013185,0.9167
85,0.016838,0.9300,0.014270,0.9167
86,0.025069,0.9300,0.016883,0.9167
87,0.028721,0.9300,0.012598,0.9167
88,0.019478,0.9300,0.013251,0.9167
89,0.022451,0.9200,0.016302,0.9167
90,0.019533,0.9400,0.014158,0.9167
91,0.018991,0.9300,0.013398,0.9167
92,0.024983,0.9300,0.012142,0.9167
93,0.024187,0.9300,0.012093,0.9167
94,0.016948,0.9500,0.013617,0.9167
95,0.019966,0.9300,0.009663,1.0000
96,0.018834,0.9400,0.012149,0.9167
97,0.023392,0.9200,0.013684,0.9167
98,0.025803,0.9100,0.014715,0.9167
99,0.014730,0.9600,0.018128,0.9167
100,0.015996,0.9500,0.016398,0.9167
101,0.027363,0.9300,0.014951,0.9167
102,0.023924,0.9200,0.015775,0.9167
103,0.012742,0.9700,0.015072,0.9167
104,0.022002,0.9400,0.013570,0.9167
105,0.018187,0.9200,0.013722,0.9167
106,0.026511,0.9200,0.015216,0.9167
107,0.021329,0.9400,0.016988,0.9167
108,0.015613,0.9500,0.019568,0.9167
109,0.018576,0.9500,0.016438,0.9167
110,0.014103,0.9500,0.013118,0.9167
111,0.021823,0.9400,0.011044,0.9167
112,0.025377,0.8900,0.012873,0.9167
113,0.013883,0.9600,0.014608,0.9167
114,0.023592,0.9400,0.014619,0.9167
115,0.025034,0.9200,0.015310,0.9167
116,0.025074,0.9100,0.013543,0.9167
117,0.020757,0.9200,0.013042,0.9167
118,0.019348,0.9300,0.011139,0.9167
119,0.018123,0.9200,0.011472,0.9167
120,0.014961,0.9500,0.012679,0.9167
121,0.013239,0.9600,0.014402,0.9167
122,0.017670,0.9600,0.013815,0.9167
123,0.018318,0.9500,0.011968,0.9167
124,0.023011,0.9100,0.011270,0.9167
125,0.026005,0.9200,0.011771,0.9167
126,0.025287,0.9300,0.011987,0.9167
127,0.027330,0.9200,0.012236,0.9167
128,0.016574,0.9500,0.013327,0.9167
129,0.023623,0.9400,0.011593,0.9167
130,0.022204,0.9300,0.012334,0.9167
131,0.024409,0.9000,0.012000,0.9167
132,0.017598,0.9600,0.016407,0.9167
133,0.013986,0.9600,0.015934,0.9167
134,0.014959,0.9400,0.014739,0.9167
135,0.015971,0.9700,0.014152,0.9167
136,0.016243,0.9600,0.014776,0.9167
137,0.030643,0.9100,0.014464,0.9167
138,0.024276,0.9100,0.015052,0.9167
139,0.013909,0.9600,0.014243,0.9167
140,0.019395,0.9300,0.014822,0.9167
141,0.020945,0.9200,0.014693,0.9167
142,0.019967,0.9400,0.013533,0.9167
143,0.017980,0.9400,0.014008,0.9167
144,0.020327,0.9300,0.013524,0.9167
145,0.019137,0.9500,0.016571,0.9167
146,0.018920,0.9400,0.016983,0.9167
147,0.019266,0.9300,0.016152,0.9167
148,0.019671,0.9300,0.016679,0.9167
149,0.009128,0.9800,0.017232,0.9167
150,0.022392,0.9400,0.015882,0.9167
151,0.023802,0.9500,0.014749,0.9167
152,0.020950,0.9500,0.015709,0.9167
153,0.014821,0.9400,0.017390,0.9167
154,0.026756,0.9100,0.016903,0.9167
155,0.027490,0.9200,0.016864,0.9167
156,0.018173,0.9400,0.016133,0.9167
157,0.016933,0.9400,0.014300,0.9167
158,0.018846,0.9300,0.013230,0.9167
159,0.019977,0.9400,0.013669,0.9167
160,0.017225,0.9300,0.013365,0.9167
161,0.018024,0.9600,0.013748,0.9167
162,0.015746,0.9400,0.013659,0.9167
163,0.017700,0.9300,0.013470,0.9167
164,0.014406,0.9500,0.014622,0.9167
165,0.020476,0.9300,0.014291,0.9167
166,0.017449,0.9500,0.013298,0.9167
167,0.017499,0.9600,0.013090,0.9167
168,0.028239,0.9300,0.012368,0.9167
169,0.019998,0.9500,0.013505,0.9167
170,0.026115,0.9200,0.013675,0.9167
171,0.012858,0.9600,0.015819,0.9167
172,0.017739,0.9400,0.015023,0.9167
173,0.019265,0.9200,0.013029,0.9167
174,0.020242,0.9200,0.014364,0.9167
175,0.022356,0.9200,0.014846,0.9167
176,0.017868,0.9400,0.014549,0.9167
177,0.010776,0.9700,0.014349,0.9167
178,0.017552,0.9400,0.015258,0.9167
179,0.024034,0.9200,0.015746,0.9167
180,0.025067,0.9400,0.014019,0.9167
181,0.016332,0.9500,0.015284,0.9167
182,0.017061,0.9700,0.015379,0.9167
183,0.028120,0.9100,0.014559,0.9167
184,0.017243,0.9400,0.014540,0.9167
185,0.020537,0.9200,0.013835,0.9167
186,0.020796,0.9300,0.014616,0.9167
187,0.020619,0.9500,0.014212,0.9167
188,0.017117,0.9600,0.015291,0.9167
189,0.012560,0.9600,0.015651,0.9167
190,0.025426,0.9300,0.015171,0.9167
191,0.015221,0.9500,0.015043,0.9167
192,0.016008,0.9400,0.015427,0.9167
193,0.017429,0.9300,0.013551,0.9167
194,0.025177,0.9300,0.012277,0.9167
195,0.020814,0.9300,0.012798,0.9167
196,0.018454,0.9300,0.012966,0.9167
197,0.027394,0.9100,0.012382,0.9167
198,0.012402,0.9600,0.012266,0.9167
199,0.028874,0.9100,0.012404,0.9167
200,0.020200,0.9400,0.011775,0.9167
1,0.125721,0.5200,0.107078,0.6667
2,0.091572,0.7400,0.096619,0.7083
3,0.074156,0.8500,0.099556,0.7083
4,0.069037,0.8400,0.092483,0.7083
5,0.063629,0.8600,0.086444,0.7500
6,0.061768,0.8400,0.105526,0.7500
7,0.054313,0.8900,0.081396,0.7917
8,0.053957,0.8600,0.076046,0.7917
9,0.048056,0.8700,0.088039,0.7083
10,0.044457,0.8700,0.088432,0.7083
11,0.035037,0.9000,0.068836,0.7500
12,0.040750,0.8700,0.064205,0.7500
13,0.032608,0.9200,0.055217,0.7917
14,0.035261,0.8900,0.059928,0.8333
15,0.027763,0.9300,0.038716,0.8750
16,0.020460,0.9300,0.032667,0.9583
17,0.015949,0.9600,0.023063,0.9583
18,0.020496,0.9700,0.025433,0.9583
19,0.007796,0.9900,0.012793,1.0000
20,0.014248,0.9700,0.016314,0.9583
21,0.015596,0.9600,0.009895,1.0000
22,0.013919,0.9700,0.006943,1.0000
23,0.008561,0.9800,0.005985,1.0000
24,0.009677,0.9900,0.003812,1.0000
25,0.006300,0.9800,0.003368,1.0000
26,0.005390,1.0000,0.002428,1.0000
27,0.005485,0.9900,0.002770,1.0000
28,0.012690,0.9600,0.003827,1.0000
29,0.009279,0.9800,0.001847,1.0000
30,0.008509,0.9800,0.001167,1.0000
31,0.005905,0.9900,0.000977,1.0000
32,0.002889,1.0000,0.001116,1.0000
33,0.011163,0.9800,0.000787,1.0000
34,0.007057,0.9900,0.000793,1.0000
35,0.003000,1.0000,0.001040,1.0000
36,0.008844,0.9800,0.000853,1.0000
37,0.007141,0.9900,0.000889,1.0000
38,0.014730,0.9700,0.001407,1.0000
39,0.007541,0.9900,0.000924,1.0000
40,0.013284,0.9600,0.000721,1.0000
41,0.005326,0.9800,0.000715,1.0000
42,0.006076,0.9900,0.000423,1.0000
43,0.005163,0.9800,0.000368,1.0000
44,0.009065,0.9700,0.000242,1.0000
45,0.018193,0.9500,0.000800,1.0000
46,0.007263,0.9900,0.000392,1.0000
47,0.005901,0.9900,0.000478,1.0000
48,0.015647,0.9600,0.000254,1.0000
49,0.001052,1.0000,0.000304,1.0000
50,0.007059,0.9800,0.000183,1.0000
51,0.006416,0.9900,0.000183,1.0000
52,0.008507,0.9800,0.000216,1.0000
53,0.011355,0.9800,0.000371,1.0000
54,0.007098,0.9800,0.000187,1.0000
55,0.006173,0.9800,0.000294,1.0000
56,0.004929,0.9900,0.000112,1.0000
57,0.001118,1.0000,0.000119,1.0000
58,0.004768,0.9900,0.000075,1.0000
59,0.007134,0.9800,0.000096,1.0000
60,0.004237,1.0000,0.000230,1.0000
61,0.003509,0.9900,0.000159,1.0000
62,0.001449,1.0000,0.000100,1.0000
63,0.007115,0.9800,0.000081,1.0000
64,0.009850,0.9800,0.000259,1.0000
65,0.000786,1.0000,0.000183,1.0000
66,0.009991,0.9800,0.000111,1.0000
67,0.009767,0.9700,0.000139,1.0000
68,0.005219,0.9900,0.000129,1.0000
69,0.004136,0.9900,0.000071,1.0000
70,0.008327,0.9700,0.000077,1.0000
71,0.000622,1.0000,0.000068,1.0000
72,0.006779,0.9900,0.000095,1.0000
73,0.010732,0.9700,0.000294,1.0000
74,0.010796,0.9700,0.000108,1.0000
75,0.004676,0.9900,0.000087,1.0000
76,0.001491,1.0000,0.000134,1.0000
77,0.004062,0.9900,0.000064,1.0000
78,0.010369,0.9800,0.000210,1.0000
79,0.001988,1.0000,0.000118,1.0000
80,0.007829,0.9800,0.000218,1.0000
81,0.002598,1.0000,0.000321,1.0000
82,0.007626,0.9900,0.000184,1.0000
83,0.000700,1.0000,0.000219,1.0000
84,0.003447,1.0000,0.000138,1.0000
85,0.005837,0.9900,0.000324,1.0000
86,0.001890,1.0000,0.000320,1.0000
87,0.000255,1.0000,0.000299,1.0000
88,0.006472,0.9800,0.000087,1.0000
89,0.001405,1.0000,0.000099,1.0000
90,0.001647,1.0000,0.000061,1.0000
91,0.001127,1.0000,0.000053,1.0000
92,0.006258,0.9900,0.000496,1.0000
93,0.013332,0.9600,0.000024,1.0000
94,0.004704,0.9900,0.000025,1.0000
95,0.002689,1.0000,0.000028,1.0000
96,0.007300,0.9800,0.000022,1.0000
97,0.006042,0.9900,0.000021,1.0000
98,0.002235,1.0000,0.000020,1.0000
99,0.004922,0.9900,0.000032,1.0000
100,0.003722,1.0000,0.000041,1.0000
101,0.005374,0.9800,0.000039,1.0000
102,0.001079,1.0000,0.000032,1.0000
103,0.005486,0.9900,0.000025,1.0000
104,0.004568,0.9900,0.000013,1.0000
105,0.000409,1.0000,0.000013,1.0000
106,0.001144,1.0000,0.000014,1.0000
107,0.004528,0.9900,0.000017,1.0000
108,0.001694,1.0000,0.000018,1.0000
109,0.007287,0.9800,0.000016,1.0000
110,0.006110,0.9800,0.000011,1.0000
111,0.004517,0.9900,0.000017,1.0000
112,0.008392,0.9800,0.000016,1.0000
113,0.008244,0.9800,0.000017,1.0000
114,0.006713,0.9900,0.000011,1.0000
115,0.004893,0.9900,0.000020,1.0000
116,0.000979,1.0000,0.000017,1.0000
117,0.005011,0.9900,0.000023,1.0000
118,0.003320,1.0000,0.000027,1.0000
119,0.002098,1.0000,0.000032,1.0000
120,0.009327,0.9800,0.000013,1.0000
121,0.010569,0.9700,0.000019,1.0000
122,0.001726,1.0000,0.000025,1.0000
123,0.004374,0.9900,0.000040,1.0000
124,0.001319,1.0000,0.000033,1.0000
125,0.003193,0.9900,0.000020,1.0000
126,0.000999,1.0000,0.000020,1.0000
127,0.004926,0.9900,0.000018,1.0000
128,0.003509,0.9900,0.000028,1.0000
129,0.005135,0.9900,0.000028,1.0000
130,0.000742,1.0000,0.000021,1.0000
131,0.000646,1.0000,0.000023,1.0000
132,0.011045,0.9800,0.000035,1.0000
133,0.012603,0.9700,0.000367,1.0000
134,0.007975,0.9900,0.000101,1.0000
135,0.004150,0.9900,0.000049,1.0000
136,0.008366,0.9800,0.000013,1.0000
137,0.004881,0.9900,0.000018,1.0000
138,0.012356,0.9700,0.000012,1.0000
139,0.008224,0.9900,0.000039,1.0000
140,0.014496,0.9600,0.000062,1.0000
141,0.011253,0.9700,0.000288,1.0000
142,0.002577,1.0000,0.000135,1.0000
143,0.005255,0.9900,0.000065,1.0000
144,0.006719,0.9900,0.000028,1.0000
145,0.004498,0.9900,0.000020,1.0000
146,0.000514,1.0000,0.000028,1.0000
147,0.004634,0.9900,0.000018,1.0000
148,0.005157,0.9900,0.000014,1.0000
149,0.011503,0.9700,0.000011,1.0000
150,0.003854,0.9900,0.000019,1.0000
1,0.125721,0.5200,0.107078,0.6667
2,0.091572,0.7400,0.096619,0.7083
3,0.074156,0.8500,0.099556,0.7083
4,0.069037,0.8400,0.092483,0.7083
5,0.063629,0.8600,0.086444,0.7500
6,0.061768,0.8400,0.105526,0.7500
7,0.054313,0.8900,0.081396,0.7917
8,0.053957,0.8600,0.076046,0.7917
9,0.048056,0.8700,0.088039,0.7083
10,0.044457,0.8700,0.088432,0.7083
11,0.035037,0.9000,0.068836,0.7500
12,0.040750,0.8700,0.064205,0.7500
13,0.032608,0.9200,0.055217,0.7917
14,0.035261,0.8900,0.059928,0.8333
15,0.027763,0.9300,0.038716,0.8750
16,0.020460,0.9300,0.032667,0.9583
17,0.015949,0.9600,0.023063,0.9583
18,0.020496,0.9700,0.025433,0.9583
19,0.007796,0.9900,0.012793,1.0000
20,0.014248,0.9700,0.016314,0.9583
21,0.015596,0.9600,0.009895,1.0000
22,0.013919,0.9700,0.006943,1.0000
23,0.008561,0.9800,0.005985,1.0000
24,0.009677,0.9900,0.003812,1.0000
25,0.006300,0.9800,0.003368,1.0000
26,0.005390,1.0000,0.002428,1.0000
27,0.005485,0.9900,0.002770,1.0000
28,0.012690,0.9600,0.003827,1.0000
29,0.009279,0.9800,0.001847,1.0000
30,0.008509,0.9800,0.001167,1.0000
31,0.005905,0.9900,0.000977,1.0000
32,0.002889,1.0000,0.001116,1.0000
33,0.011163,0.9800,0.000787,1.0000
34,0.007057,0.9900,0.000793,1.0000
35,0.003000,1.0000,0.001040,1.0000
36,0.008844,0.9800,0.000853,1.0000
37,0.007141,0.9900,0.000889,1.0000
38,0.014730,0.9700,0.001407,1.0000
39,0.007541,0.9900,0.000924,1.0000
40,0.013284,0.9600,0.000721,1.0000
41,0.005326,0.9800,0.000715,1.0000
42,0.006076,0.9900,0.000423,1.0000
43,0.005163,0.9800,0.000368,1.0000
44,0.009065,0.9700,0.000242,1.0000
45,0.018193,0.9500,0.000800,1.0000
46,0.007263,0.9900,0.000392,1.0000
47,0.005901,0.9900,0.000478,1.0000
48,0.015647,0.9600,0.000254,1.0000
49,0.001052,1.0000,0.000304,1.0000
50,0.007059,0.9800,0.000183,1.0000
51,0.006416,0.9900,0.000183,1.0000
52,0.008507,0.9800,0.000216,1.0000
53,0.011355,0.9800,0.000371,1.0000
54,0.007098,0.9800,0.000187,1.0000
55,0.006173,0.9800,0.000294,1.0000
56,0.004929,0.9900,0.000112,1.0000
57,0.001118,1.0000,0.000119,1.0000
58,0.004768,0.9900,0.000075,1.0000
59,0.007134,0.9800,0.000096,1.0000
60,0.004237,1.0000,0.000230,1.0000
61,0.003509,0.9900,0.000159,1.0000
62,0.001449,1.0000,0.000100,1.0000
63,0.007115,0.9800,0.000081,1.0000
64,0.009850,0.9800,0.000259,1.0000
65,0.000786,1.0000,0.000183,1.0000
66,0.009991,0.9800,0.000111,1.0000
67,0.009767,0.9700,0.000139,1.0000
68,0.005219,0.9900,0.000129,1.0000
69,0.004136,0.9900,0.000071,1.0000
70,0.008327,0.9700,0.000077,1.0000
71,0.000622,1.0000,0.000068,1.0000
72,0.006779,0.9900,0.000095,1.0000
73,0.010732,0.9700,0.000294,1.0000
74,0.010796,0.9700,0.000108,1.0000
75,0.004676,0.9900,0.000087,1.0000
76,0.001491,1.0000,0.000134,1.0000
77,0.004062,0.9900,0.000064,1.0000
78,0.010369,0.9800,0.000210,1.0000
79,0.001988,1.0000,0.000118,1.0000
80,0.007829,0.9800,0.000218,1.0000
81,0.002598,1.0000,0.000321,1.0000
82,0.007626,0.9900,0.000184,1.0000
83,0.000700,1.0000,0.000219,1.0000
84,0.003447,1.0000,0.000138,1.0000
85,0.005837,0.9900,0.000324,1.0000
86,0.001890,1.0000,0.000320,1.0000
87,0.000255,1.0000,0.000299,1.0000
88,0.006472,0.9800,0.000087,1.0000
89,0.001405,1.0000,0.000099,1.0000
90,0.001647,1.0000,0.000061,1.0000
91,0.001127,1.0000,0.000053,1.0000
92,0.006258,0.9900,0.000496,1.0000
93,0.013332,0.9600,0.000024,1.0000
94,0.004704,0.9900,0.000025,1.0000
95,0.002689,1.0000,0.000028,1.0000
96,0.007300,0.9800,0.000022,1.0000
97,0.006042,0.9900,0.000021,1.0000
98,0.002235,1.0000,0.000020,1.0000
99,0.004922,0.9900,0.000032,1.0000
100,0.003722,1.0000,0.000041,1.0000
101,0.005374,0.9800,0.000039,1.0000
102,0.001079,1.0000,0.000032,1.0000
103,0.005486,0.9900,0.000025,1.0000
104,0.004568,0.9900,0.000013,1.0000
105,0.000409,1.0000,0.000013,1.0000
106,0.001144,1.0000,0.000014,1.0000
107,0.004528,0.9900,0.000017,1.0000
108,0.001694,1.0000,0.000018,1.0000
109,0.007287,0.9800,0.000016,1.0000
110,0.006110,0.9800,0.000011,1.0000
111,0.004517,0.9900,0.000017,1.0000
112,0.008392,0.9800,0.000016,1.0000
113,0.008244,0.9800,0.000017,1.0000
114,0.006713,0.9900,0.000011,1.0000
115,0.004893,0.9900,0.000020,1.0000
116,0.000979,1.0000,0.000017,1.0000
117,0.005011,0.9900,0.000023,1.0000
118,0.003320,1.0000,0.000027,1.0000
119,0.002098,1.0000,0.000032,1.0000
120,0.009327,0.9800,0.000013,1.0000
121,0.010569,0.9700,0.000019,1.0000
122,0.001726,1.0000,0.000025,1.0000
123,0.004374,0.9900,0.000040,1.0000
124,0.001319,1.0000,0.000033,1.0000
125,0.003193,0.9900,0.000020,1.0000
126,0.000999,1.0000,0.000020,1.0000
127,0.004926,0.9900,0.000018,1.0000
128,0.003509,0.9900,0.000028,1.0000
129,0.005135,0.9900,0.000028,1.0000
130,0.000742,1.0000,0.000021,1.0000
131,0.000646,1.0000,0.000023,1.0000
132,0.011045,0.9800,0.000035,1.0000
133,0.012603,0.9700,0.000367,1.0000
134,0.007975,0.9900,0.000101,1.0000
135,0.004150,0.9900,0.000049,1.0000
136,0.008366,0.9800,0.000013,1.0000
137,0.004881,0.9900,0.000018,1.0000
138,0.012356,0.9700,0.000012,1.0000
139,0.008224,0.9900,0.000039,1.0000
140,0.014496,0.9600,0.000062,1.0000
141,0.011253,0.9700,0.000288,1.0000
142,0.002577,1.0000,0.000135,1.0000
143,0.005255,0.9900,0.000065,1.0000
144,0.006719,0.9900,0.000028,1.0000
145,0.004498,0.9900,0.000020,1.0000
146,0.000514,1.0000,0.000028,1.0000
147,0.004634,0.9900,0.000018,1.0000
148,0.005157,0.9900,0.000014,1.0000
149,0.011503,0.9700,0.000011,1.0000
150,0.003854,0.9900,0.000019,1.0000
1,0.125721,0.5200,0.107078,0.6667
2,0.091572,0.7400,0.096619,0.7083
3,0.074156,0.8500,0.099556,0.7083
4,0.069037,0.8400,0.092483,0.7083
5,0.063629,0.8600,0.086444,0.7500
6,0.061768,0.8400,0.105526,0.7500
7,0.054313,0.8900,0.081396,0.7917
8,0.053957,0.8600,0.076046,0.7917
9,0.048056,0.8700,0.088039,0.7083
10,0.044457,0.8700,0.088432,0.7083
11,0.035037,0.9000,0.068836,0.7500
12,0.040750,0.8700,0.064205,0.7500
13,0.032608,0.9200,0.055217,0.7917
14,0.035261,0.8900,0.059928,0.8333
15,0.027763,0.9300,0.038716,0.8750
16,0.020460,0.9300,0.032667,0.9583
17,0.015949,0.9600,0.023063,0.9583
18,0.020496,0.9700,0.025433,0.9583
19,0.007796,0.9900,0.012793,1.0000
20,0.014248,0.9700,0.016314,0.9583
21,0.015596,0.9600,0.009895,1.0000
22,0.013919,0.9700,0.006943,1.0000
23,0.008561,0.9800,0.005985,1.0000
24,0.009677,0.9900,0.003812,1.0000
25,0.006300,0.9800,0.003368,1.0000
26,0.005390,1.0000,0.002428,1.0000
27,0.005485,0.9900,0.002770,1.0000
28,0.012690,0.9600,0.003827,1.0000
29,0.009279,0.9800,0.001847,1.0000
30,0.008509,0.9800,0.001167,1.0000
31,0.005905,0.9900,0.000977,1.0000
32,0.002889,1.0000,0.001116,1.0000
33,0.011163,0.9800,0.000787,1.0000
34,0.007057,0.9900,0.000793,1.0000
35,0.003000,1.0000,0.001040,1.0000
36,0.008844,0.9800,0.000853,1.0000
37,0.007141,0.9900,0.000889,1.0000
38,0.014730,0.9700,0.001407,1.0000
39,0.007541,0.9900,0.000924,1.0000
40,0.013284,0.9600,0.000721,1.0000
41,0.005326,0.9800,0.000715,1.0000
42,0.006076,0.9900,0.000423,1.0000
43,0.005163,0.9800,0.000368,1.0000
44,0.009065,0.9700,0.000242,1.0000
45,0.018193,0.9500,0.000800,1.0000
46,0.007263,0.9900,0.000392,1.0000
47,0.005901,0.9900,0.000478,1.0000
48,0.015647,0.9600,0.000254,1.0000
49,0.001052,1.0000,0.000304,1.0000
50,0.007059,0.9800,0.000183,1.0000
51,0.006416,0.9900,0.000183,1.0000
52,0.008507,0.9800,0.000216,1.0000
53,0.011355,0.9800,0.000371,1.0000
54,0.007098,0.9800,0.000187,1.0000
55,0.006173,0.9800,0.000294,1.0000
56,0.004929,0.9900,0.000112,1.0000
57,0.001118,1.0000,0.000119,1.0000
58,0.004768,0.9900,0.000075,1.0000
59,0.007134,0.9800,0.000096,1.0000
60,0.004237,1.0000,0.000230,1.0000
61,0.003509,0.9900,0.000159,1.0000
62,0.001449,1.0000,0.000100,1.0000
63,0.007115,0.9800,0.000081,1.0000
64,0.009850,0.9800,0.000259,1.0000
65,0.000786,1.0000,0.000183,1.0000
66,0.009991,0.9800,0.000111,1.0000
67,0.009767,0.9700,0.000139,1.0000
68,0.005219,0.9900,0.000129,1.0000
69,0.004136,0.9900,0.000071,1.0000
70,0.008327,0.9700,0.000077,1.0000
71,0.000622,1.0000,0.000068,1.0000
72,0.006779,0.9900,0.000095,1.0000
73,0.010732,0.9700,0.000294,1.0000
74,0.010796,0.9700,0.000108,1.0000
75,0.004676,0.9900,0.000087,1.0000
76,0.001491,1.0000,0.000134,1.0000
77,0.004062,0.9900,0.000064,1.0000
78,0.010369,0.9800,0.000210,1.0000
79,0.001988,1.0000,0.000118,1.0000
80,0.007829,0.9800,0.000218,1.0000
81,0.002598,1.0000,0.000321,1.0000
82,0.007626,0.9900,0.000184,1.0000
83,0.000700,1.0000,0.000219,1.0000
84,0.003447,1.0000,0.000138,1.0000
85,0.005837,0.9900,0.000324,1.0000
86,0.001890,1.0000,0.000320,1.0000
87,0.000255,1.0000,0.000299,1.0000
88,0.006472,0.9800,0.000087,1.0000
89,0.001405,1.0000,0.000099,1.0000
90,0.001647,1.0000,0.000061,1.0000
91,0.001127,1.0000,0.000053,1.0000
92,0.006258,0.9900,0.000496,1.0000
93,0.013332,0.9600,0.000024,1.0000
94,0.004704,0.9900,0.000025,1.0000
95,0.002689,1.0000,0.000028,1.0000
96,0.007300,0.9800,0.000022,1.0000
97,0.006042,0.9900,0.000021,1.0000
98,0.002235,1.0000,0.000020,1.0000
99,0.004922,0.9900,0.000032,1.0000
100,0.003722,1.0000,0.000041,1.0000
101,0.005374,0.9800,0.000039,1.0000
102,0.001079,1.0000,0.000032,1.0000
103,0.005486,0.9900,0.000025,1.0000
104,0.004568,0.9900,0.000013,1.0000
105,0.000409,1.0000,0.000013,1.0000
106,0.001144,1.0000,0.000014,1.0000
107,0.004528,0.9900,0.000017,1.0000
108,0.001694,1.0000,0.000018,1.0000
109,0.007287,0.9800,0.000016,1.0000
110,0.006110,0.9800,0.000011,1.0000
111,0.004517,0.9900,0.000017,1.0000
112,0.008392,0.9800,0.000016,1.0000
113,0.008244,0.9800,0.000017,1.0000
114,0.006713,0.9900,0.000011,1.0000
115,0.004893,0.9900,0.000020,1.0000
116,0.000979,1.0000,0.000017,1.0000
117,0.005011,0.9900,0.000023,1.0000
118,0.003320,1.0000,0.000027,1.0000
119,0.002098,1.0000,0.000032,1.0000
120,0.009327,0.9800,0.000013,1.0000
121,0.010569,0.9700,0.000019,1.0000
122,0.001726,1.0000,0.000025,1.0000
123,0.004374,0.9900,0.000040,1.0000
124,0.001319,1.0000,0.000033,1.0000
125,0.003193,0.9900,0.000020,1.0000
126,0.000999,1.0000,0.000020,1.0000
127,0.004926,0.9900,0.000018,1.0000
128,0.003509,0.9900,0.000028,1.0000
129,0.005135,0.9900,0.000028,1.0000
130,0.000742,1.0000,0.000021,1.0000
131,0.000646,1.0000,0.000023,1.0000
132,0.011045,0.9800,0.000035,1.0000
133,0.012603,0.9700,0.000367,1.0000
134,0.007975,0.9900,0.000101,1.0000
135,0.004150,0.9900,0.000049,1.0000
136,0.008366,0.9800,0.000013,1.0000
137,0.004881,0.9900,0.000018,1.0000
138,0.012356,0.9700,0.000012,1.0000
139,0.008224,0.9900,0.000039,1.0000
140,0.014496,0.9600,0.000062,1.0000
141,0.011253,0.9700,0.000288,1.0000
142,0.002577,1.0000,0.000135,1.0000
143,0.005255,0.9900,0.000065,1.0000
144,0.006719,0.9900,0.000028,1.0000
145,0.004498,0.9900,0.000020,1.0000
146,0.000514,1.0000,0.000028,1.0000
147,0.004634,0.9900,0.000018,1.0000
148,0.005157,0.9900,0.000014,1.0000
149,0.011503,0.9700,0.000011,1.0000
150,0.003854,0.9900,0.000019,1.0000
1,0.125721,0.5200,0.107078,0.6667
2,0.091572,0.7400,0.096619,0.7083
3,0.074156,0.8500,0.099556,0.7083
4,0.069037,0.8400,0.092483,0.7083
5,0.063629,0.8600,0.086444,0.7500
6,0.061768,0.8400,0.105526,0.7500
7,0.054313,0.8900,0.081396,0.7917
8,0.053957,0.8600,0.076046,0.7917
9,0.048056,0.8700,0.088039,0.7083
10,0.044457,0.8700,0.088432,0.7083
11,0.035037,0.9000,0.068836,0.7500
12,0.040750,0.8700,0.064205,0.7500
13,0.032608,0.9200,0.055217,0.7917
14,0.035261,0.8900,0.059928,0.8333
15,0.027763,0.9300,0.038716,0.8750
16,0.020460,0.9300,0.032667,0.9583
17,0.015949,0.9600,0.023063,0.9583
18,0.020496,0.9700,0.025433,0.9583
19,0.007796,0.9900,0.012793,1.0000
20,0.014248,0.9700,0.016314,0.9583
21,0.015596,0.9600,0.009895,1.0000
22,0.013919,0.9700,0.006943,1.0000
23,0.008561,0.9800,0.005985,1.0000
24,0.009677,0.9900,0.003812,1.0000
25,0.006300,0.9800,0.003368,1.0000
26,0.005390,1.0000,0.002428,1.0000
27,0.005485,0.9900,0.002770,1.0000
28,0.012690,0.9600,0.003827,1.0000
29,0.009279,0.9800,0.001847,1.0000
30,0.008509,0.9800,0.001167,1.0000
31,0.005905,0.9900,0.000977,1.0000
32,0.002889,1.0000,0.001116,1.0000
33,0.011163,0.9800,0.000787,1.0000
34,0.007057,0.9900,0.000793,1.0000
35,0.003000,1.0000,0.001040,1.0000
36,0.008844,0.9800,0.000853,1.0000
37,0.007141,0.9900,0.000889,1.0000
38,0.014730,0.9700,0.001407,1.0000
39,0.007541,0.9900,0.000924,1.0000
40,0.013284,0.9600,0.000721,1.0000
41,0.005326,0.9800,0.000715,1.0000
42,0.006076,0.9900,0.000423,1.0000
43,0.005163,0.9800,0.000368,1.0000
44,0.009065,0.9700,0.000242,1.0000
45,0.018193,0.9500,0.000800,1.0000
46,0.007263,0.9900,0.000392,1.0000
47,0.005901,0.9900,0.000478,1.0000
48,0.015647,0.9600,0.000254,1.0000
49,0.001052,1.0000,0.000304,1.0000
50,0.007059,0.9800,0.000183,1.0000
51,0.006416,0.9900,0.000183,1.0000
52,0.008507,0.9800,0.000216,1.0000
53,0.011355,0.9800,0.000371,1.0000
54,0.007098,0.9800,0.000187,1.0000
55,0.006173,0.9800,0.000294,1.0000
56,0.004929,0.9900,0.000112,1.0000
57,0.001118,1.0000,0.000119,1.0000
58,0.004768,0.9900,0.000075,1.0000
59,0.007134,0.9800,0.000096,1.0000
60,0.004237,1.0000,0.000230,1.0000
61,0.003509,0.9900,0.000159,1.0000
62,0.001449,1.0000,0.000100,1.0000
63,0.007115,0.9800,0.000081,1.0000
64,0.009850,0.9800,0.000259,1.0000
65,0.000786,1.0000,0.000183,1.0000
66,0.009991,0.9800,0.000111,1.0000
67,0.009767,0.9700,0.000139,1.0000
68,0.005219,0.9900,0.000129,1.0000
69,0.004136,0.9900,0.000071,1.0000
70,0.008327,0.9700,0.000077,1.0000
71,0.000622,1.0000,0.000068,1.0000
72,0.006779,0.9900,0.000095,1.0000
73,0.010732,0.9700,0.000294,1.0000
74,0.010796,0.9700,0.000108,1.0000
75,0.004676,0.9900,0.000087,1.0000
76,0.001491,1.0000,0.000134,1.0000
77,0.004062,0.9900,0.000064,1.0000
78,0.010369,0.9800,0.000210,1.0000
79,0.001988,1.0000,0.000118,1.0000
80,0.007829,0.9800,0.000218,1.0000
81,0.002598,1.0000,0.000321,1.0000
82,0.007626,0.9900,0.000184,1.0000
83,0.000700,1.0000,0.000219,1.0000
84,0.003447,1.0000,0.000138,1.0000
85,0.005837,0.9900,0.000324,1.0000
86,0.001890,1.0000,0.000320,1.0000
87,0.000255,1.0000,0.000299,1.0000
88,0.006472,0.9800,0.000087,1.0000
89,0.001405,1.0000,0.000099,1.0000
90,0.001647,1.0000,0.000061,1.0000
91,0.001127,1.0000,0.000053,1.0000
92,0.006258,0.9900,0.000496,1.0000
93,0.013332,0.9600,0.000024,1.0000
94,0.004704,0.9900,0.000025,1.0000
95,0.002689,1.0000,0.000028,1.0000
96,0.007300,0.9800,0.000022,1.0000
97,0.006042,0.9900,0.000021,1.0000
98,0.002235,1.0000,0.000020,1.0000
99,0.004922,0.9900,0.000032,1.0000
100,0.003722,1.0000,0.000041,1.0000
101,0.005374,0.9800,0.000039,1.0000
102,0.001079,1.0000,0.000032,1.0000
103,0.005486,0.9900,0.000025,1.0000
104,0.004568,0.9900,0.000013,1.0000
105,0.000409,1.0000,0.000013,1.0000
106,0.001144,1.0000,0.000014,1.0000
107,0.004528,0.9900,0.000017,1.0000
108,0.001694,1.0000,0.000018,1.0000
109,0.007287,0.9800,0.000016,1.0000
110,0.006110,0.9800,0.000011,1.0000
111,0.004517,0.9900,0.000017,1.0000
112,0.008392,0.9800,0.000016,1.0000
113,0.008244,0.9800,0.000017,1.0000
114,0.006713,0.9900,0.000011,1.0000
115,0.004893,0.9900,0.000020,1.0000
116,0.000979,1.0000,0.000017,1.0000
117,0.005011,0.9900,0.000023,1.0000
118,0.003320,1.0000,0.000027,1.0000
119,0.002098,1.0000,0.000032,1.0000
120,0.009327,0.9800,0.000013,1.0000
121,0.010569,0.9700,0.000019,1.0000
122,0.001726,1.0000,0.000025,1.0000
123,0.004374,0.9900,0.000040,1.0000
124,0.001319,1.0000,0.000033,1.0000
125,0.003193,0.9900,0.000020,1.0000
126,0.000999,1.0000,0.000020,1.0000
127,0.004926,0.9900,0.000018,1.0000
128,0.003509,0.9900,0.000028,1.0000
129,0.005135,0.9900,0.000028,1.0000
130,0.000742,1.0000,0.000021,1.0000
131,0.000646,1.0000,0.000023,1.0000
132,0.011045,0.9800,0.000035,1.0000
133,0.012603,0.9700,0.000367,1.0000
134,0.007975,0.9900,0.000101,1.0000
135,0.004150,0.9900,0.000049,1.0000
136,0.008366,0.9800,0.000013,1.0000
137,0.004881,0.9900,0.000018,1.0000
138,0.012356,0.9700,0.000012,1.0000
139,0.008224,0.9900,0.000039,1.0000
140,0.014496,0.9600,0.000062,1.0000
141,0.011253,0.9700,0.000288,1.0000
142,0.002577,1.0000,0.000135,1.0000
143,0.005255,0.9900,0.000065,1.0000
144,0.006719,0.9900,0.000028,1.0000
145,0.004498,0.9900,0.000020,1.0000
146,0.000514,1.0000,0.000028,1.0000
147,0.004634,0.9900,0.000018,1.0000
148,0.005157,0.9900,0.000014,1.0000
149,0.011503,0.9700,0.000011,1.0000
150,0.003854,0.9900,0.000019,1.0000
1,0.125721,0.5200,0.107078,0.6667
2,0.091572,0.7400,0.096619,0.7083
3,0.074156,0.8500,0.099556,0.7083
4,0.069037,0.8400,0.092483,0.7083
5,0.063629,0.8600,0.086444,0.7500
6,0.061768,0.8400,0.105526,0.7500
7,0.054313,0.8900,0.081396,0.7917
8,0.053957,0.8600,0.076046,0.7917
9,0.048056,0.8700,0.088039,0.7083
10,0.044457,0.8700,0.088432,0.7083
11,0.035037,0.9000,0.068836,0.7500
12,0.040750,0.8700,0.064205,0.7500
13,0.032608,0.9200,0.055217,0.7917
14,0.035261,0.8900,0.059928,0.8333
15,0.027763,0.9300,0.038716,0.8750
16,0.020460,0.9300,0.032667,0.9583
17,0.015949,0.9600,0.023063,0.9583
18,0.020496,0.9700,0.025433,0.9583
19,0.007796,0.9900,0.012793,1.0000
20,0.014248,0.9700,0.016314,0.9583
21,0.015596,0.9600,0.009895,1.0000
22,0.013919,0.9700,0.006943,1.0000
23,0.008561,0.9800,0.005985,1.0000
24,0.009677,0.9900,0.003812,1.0000
25,0.006300,0.9800,0.003368,1.0000
26,0.005390,1.0000,0.002428,1.0000
27,0.005485,0.9900,0.002770,1.0000
28,0.012690,0.9600,0.003827,1.0000
29,0.009279,0.9800,0.001847,1.0000
30,0.008509,0.9800,0.001167,1.0000
31,0.005905,0.9900,0.000977,1.0000
32,0.002889,1.0000,0.001116,1.0000
33,0.011163,0.9800,0.000787,1.0000
34,0.007057,0.9900,0.000793,1.0000
35,0.003000,1.0000,0.001040,1.0000
36,0.008844,0.9800,0.000853,1.0000
37,0.007141,0.9900,0.000889,1.0000
38,0.014730,0.9700,0.001407,1.0000
39,0.007541,0.9900,0.000924,1.0000
40,0.013284,0.9600,0.000721,1.0000
41,0.005326,0.9800,0.000715,1.0000
42,0.006076,0.9900,0.000423,1.0000
43,0.005163,0.9800,0.000368,1.0000
44,0.009065,0.9700,0.000242,1.0000
45,0.018193,0.9500,0.000800,1.0000
46,0.007263,0.9900,0.000392,1.0000
47,0.005901,0.9900,0.000478,1.0000
48,0.015647,0.9600,0.000254,1.0000
49,0.001052,1.0000,0.000304,1.0000
50,0.007059,0.9800,0.000183,1.0000
51,0.006416,0.9900,0.000183,1.0000
52,0.008507,0.9800,0.000216,1.0000
53,0.011355,0.9800,0.000371,1.0000
54,0.007098,0.9800,0.000187,1.0000
55,0.006173,0.9800,0.000294,1.0000
56,0.004929,0.9900,0.000112,1.0000
57,0.001118,1.0000,0.000119,1.0000
58,0.004768,0.9900,0.000075,1.0000
59,0.007134,0.9800,0.000096,1.0000
60,0.004237,1.0000,0.000230,1.0000
61,0.003509,0.9900,0.000159,1.0000
62,0.001449,1.0000,0.000100,1.0000
63,0.007115,0.9800,0.000081,1.0000
64,0.009850,0.9800,0.000259,1.0000
65,0.000786,1.0000,0.000183,1.0000
66,0.009991,0.9800,0.000111,1.0000
67,0.009767,0.9700,0.000139,1.0000
68,0.005219,0.9900,0.000129,1.0000
69,0.004136,0.9900,0.000071,1.0000
70,0.008327,0.9700,0.000077,1.0000
71,0.000622,1.0000,0.000068,1.0000
72,0.006779,0.9900,0.000095,1.0000
73,0.010732,0.9700,0.000294,1.0000
74,0.010796,0.9700,0.000108,1.0000
75,0.004676,0.9900,0.000087,1.0000
76,0.001491,1.0000,0.000134,1.0000
77,0.004062,0.9900,0.000064,1.0000
78,0.010369,0.9800,0.000210,1.0000
79,0.001988,1.0000,0.000118,1.0000
80,0.007829,0.9800,0.000218,1.0000
81,0.002598,1.0000,0.000321,1.0000
82,0.007626,0.9900,0.000184,1.0000
83,0.000700,1.0000,0.000219,1.0000
84,0.003447,1.0000,0.000138,1.0000
85,0.005837,0.9900,0.000324,1.0000
86,0.001890,1.0000,0.000320,1.0000
87,0.000255,1.0000,0.000299,1.0000
88,0.006472,0.9800,0.000087,1.0000
89,0.001405,1.0000,0.000099,1.0000
90,0.001647,1.0000,0.000061,1.0000
91,0.001127,1.0000,0.000053,1.0000
92,0.006258,0.9900,0.000496,1.0000
93,0.013332,0.9600,0.000024,1.0000
94,0.004704,0.9900,0.000025,1.0000
95,0.002689,1.0000,0.000028,1.0000
96,0.007300,0.9800,0.000022,1.0000
97,0.006042,0.9900,0.000021,1.0000
98,0.002235,1.0000,0.000020,1.0000
99,0.004922,0.9900,0.000032,1.0000
100,0.003722,1.0000,0.000041,1.0000
101,0.005374,0.9800,0.000039,1.0000
102,0.001079,1.0000,0.000032,1.0000
103,0.005486,0.9900,0.000025,1.0000
104,0.004568,0.9900,0.000013,1.0000
105,0.000409,1.0000,0.000013,1.0000
106,0.001144,1.0000,0.000014,1.0000
107,0.004528,0.9900,0.000017,1.0000
108,0.001694,1.0000,0.000018,1.0000
109,0.007287,0.9800,0.000016,1.0000
110,0.006110,0.9800,0.000011,1.0000
111,0.004517,0.9900,0.000017,1.0000
112,0.008392,0.9800,0.000016,1.0000
113,0.008244,0.9800,0.000017,1.0000
114,0.006713,0.9900,0.000011,1.0000
115,0.004893,0.9900,0.000020,1.0000
116,0.000979,1.0000,0.000017,1.0000
117,0.005011,0.9900,0.000023,1.0000
118,0.003320,1.0000,0.000027,1.0000
119,0.002098,1.0000,0.000032,1.0000
120,0.009327,0.9800,0.000013,1.0000
121,0.010569,0.9700,0.000019,1.0000
122,0.001726,1.0000,0.000025,1.0000
123,0.004374,0.9900,0.000040,1.0000
124,0.001319,1.0000,0.000033,1.0000
125,0.003193,0.9900,0.000020,1.0000
126,0.000999,1.0000,0.000020,1.0000
127,0.004926,0.9900,0.000018,1.0000
128,0.003509,0.9900,0.000028,1.0000
129,0.005135,0.9900,0.000028,1.0000
130,0.000742,1.0000,0.000021,1.0000
131,0.000646,1.0000,0.000023,1.0000
132,0.011045,0.9800,0.000035,1.0000
133,0.012603,0.9700,0.000367,1.0000
134,0.007975,0.9900,0.000101,1.0000
135,0.004150,0.9900,0.000049,1.0000
136,0.008366,0.9800,0.000013,1.0000
137,0.004881,0.9900,0.000018,1.0000
138,0.012356,0.9700,0.000012,1.0000
139,0.008224,0.9900,0.000039,1.0000
140,0.014496,0.9600,0.000062,1.0000
141,0.011253,0.9700,0.000288,1.0000
142,0.002577,1.0000,0.000135,1.0000
143,0.005255,0.9900,0.000065,1.0000
144,0.006719,0.9900,0.000028,1.0000
145,0.004498,0.9900,0.000020,1.0000
146,0.000514,1.0000,0.000028,1.0000
147,0.004634,0.9900,0.000018,1.0000
148,0.005157,0.9900,0.000014,1.0000
149,0.011503,0.9700,0.000011,1.0000
150,0.003854,0.9900,0.000019,1.0000
151,0.006185,0.9900,0.000011,1.0000
152,0.007288,0.9900,0.000018,1.0000
153,0.001601,1.0000,0.000016,1.0000
154,0.005288,0.9800,0.000011,1.0000
155,0.008803,0.9800,0.000021,1.0000
156,0.001003,1.0000,0.000029,1.0000
157,0.007638,0.9800,0.000051,1.0000
158,0.006191,0.9900,0.000042,1.0000
159,0.004622,0.9900,0.000023,1.0000
160,0.005389,0.9900,0.000010,1.0000
161,0.003044,0.9900,0.000007,1.0000
162,0.003452,1.0000,0.000011,1.0000
163,0.016146,0.9600,0.000013,1.0000
164,0.010534,0.9800,0.000012,1.0000
165,0.008758,0.9700,0.000016,1.0000
166,0.009255,0.9800,0.000038,1.0000
167,0.004776,0.9900,0.000025,1.0000
168,0.004977,0.9900,0.000039,1.0000
169,0.007138,0.9800,0.000019,1.0000
170,0.002529,0.9900,0.000023,1.0000
171,0.000080,1.0000,0.000022,1.0000
172,0.001428,1.0000,0.000021,1.0000
173,0.004648,0.9900,0.000021,1.0000
174,0.002950,0.9900,0.000027,1.0000
175,0.005445,0.9900,0.000022,1.0000
176,0.008948,0.9800,0.000024,1.0000
177,0.007569,0.9800,0.000013,1.0000
178,0.003030,0.9900,0.000011,1.0000
179,0.000449,1.0000,0.000009,1.0000
180,0.008974,0.9700,0.000009,1.0000
181,0.001755,1.0000,0.000013,1.0000
182,0.008306,0.9800,0.000007,1.0000
183,0.004197,0.9900,0.000010,1.0000
184,0.007126,0.9800,0.000016,1.0000
185,0.005819,0.9900,0.000020,1.0000
186,0.000036,1.0000,0.000019,1.0000
187,0.020253,0.9400,0.000097,1.0000
188,0.004638,0.9900,0.000053,1.0000
189,0.005761,0.9900,0.000040,1.0000
190,0.000482,1.0000,0.000036,1.0000
191,0.000103,1.0000,0.000034,1.0000
192,0.004828,0.9900,0.002792,1.0000
193,0.005491,0.9900,0.000184,1.0000
194,0.003181,1.0000,0.000226,1.0000
195,0.000157,1.0000,0.000172,1.0000
196,0.005690,0.9900,0.000061,1.0000
197,0.000674,1.0000,0.000088,1.0000
198,0.009186,0.9800,0.000024,1.0000
199,0.005604,0.9900,0.000056,1.0000
200,0.005872,0.9900,0.000113,1.0000
1,0.125721,0.5200,0.107078,0.6667
2,0.091572,0.7400,0.096619,0.7083
3,0.074156,0.8500,0.099556,0.7083
4,0.069037,0.8400,0.092483,0.7083
5,0.063629,0.8600,0.086444,0.7500
6,0.061768,0.8400,0.105526,0.7500
7,0.054313,0.8900,0.081396,0.7917
8,0.053957,0.8600,0.076046,0.7917
9,0.048056,0.8700,0.088039,0.7083
10,0.044457,0.8700,0.088432,0.7083
11,0.035037,0.9000,0.068836,0.7500
12,0.040750,0.8700,0.064205,0.7500
13,0.032608,0.9200,0.055217,0.7917
14,0.035261,0.8900,0.059928,0.8333
15,0.027763,0.9300,0.038716,0.8750
16,0.020460,0.9300,0.032667,0.9583
17,0.015949,0.9600,0.023063,0.9583
18,0.020496,0.9700,0.025433,0.9583
19,0.007796,0.9900,0.012793,1.0000
20,0.014248,0.9700,0.016314,0.9583
21,0.015596,0.9600,0.009895,1.0000
22,0.013919,0.9700,0.006943,1.0000
23,0.008561,0.9800,0.005985,1.0000
24,0.009677,0.9900,0.003812,1.0000
25,0.006300,0.9800,0.003368,1.0000
26,0.005390,1.0000,0.002428,1.0000
27,0.005485,0.9900,0.002770,1.0000
28,0.012690,0.9600,0.003827,1.0000
29,0.009279,0.9800,0.001847,1.0000
30,0.008509,0.9800,0.001167,1.0000
31,0.005905,0.9900,0.000977,1.0000
32,0.002889,1.0000,0.001116,1.0000
33,0.011163,0.9800,0.000787,1.0000
34,0.007057,0.9900,0.000793,1.0000
35,0.003000,1.0000,0.001040,1.0000
36,0.008844,0.9800,0.000853,1.0000
37,0.007141,0.9900,0.000889,1.0000
38,0.014730,0.9700,0.001407,1.0000
39,0.007541,0.9900,0.000924,1.0000
40,0.013284,0.9600,0.000721,1.0000
41,0.005326,0.9800,0.000715,1.0000
42,0.006076,0.9900,0.000423,1.0000
43,0.005163,0.9800,0.000368,1.0000
44,0.009065,0.9700,0.000242,1.0000
45,0.018193,0.9500,0.000800,1.0000
46,0.007263,0.9900,0.000392,1.0000
47,0.005901,0.9900,0.000478,1.0000
48,0.015647,0.9600,0.000254,1.0000
49,0.001052,1.0000,0.000304,1.0000
50,0.007059,0.9800,0.000183,1.0000
51,0.006416,0.9900,0.000183,1.0000
52,0.008507,0.9800,0.000216,1.0000
53,0.011355,0.9800,0.000371,1.0000
54,0.007098,0.9800,0.000187,1.0000
55,0.006173,0.9800,0.000294,1.0000
56,0.004929,0.9900,0.000112,1.0000
57,0.001118,1.0000,0.000119,1.0000
58,0.004768,0.9900,0.000075,1.0000
59,0.007134,0.9800,0.000096,1.0000
60,0.004237,1.0000,0.000230,1.0000
61,0.003509,0.9900,0.000159,1.0000
62,0.001449,1.0000,0.000100,1.0000
63,0.007115,0.9800,0.000081,1.0000
64,0.009850,0.9800,0.000259,1.0000
65,0.000786,1.0000,0.000183,1.0000
66,0.009991,0.9800,0.000111,1.0000
67,0.009767,0.9700,0.000139,1.0000
68,0.005219,0.9900,0.000129,1.0000
69,0.004136,0.9900,0.000071,1.0000
70,0.008327,0.9700,0.000077,1.0000
71,0.000622,1.0000,0.000068,1.0000
72,0.006779,0.9900,0.000095,1.0000
73,0.010732,0.9700,0.000294,1.0000
74,0.010796,0.9700,0.000108,1.0000
75,0.004676,0.9900,0.000087,1.0000
76,0.001491,1.0000,0.000134,1.0000
77,0.004062,0.9900,0.000064,1.0000
78,0.010369,0.9800,0.000210,1.0000
79,0.001988,1.0000,0.000118,1.0000
80,0.007829,0.9800,0.000218,1.0000
81,0.002598,1.0000,0.000321,1.0000
82,0.007626,0.9900,0.000184,1.0000
83,0.000700,1.0000,0.000219,1.0000
84,0.003447,1.0000,0.000138,1.0000
85,0.005837,0.9900,0.000324,1.0000
86,0.001890,1.0000,0.000320,1.0000
87,0.000255,1.0000,0.000299,1.0000
88,0.006472,0.9800,0.000087,1.0000
89,0.001405,1.0000,0.000099,1.0000
90,0.001647,1.0000,0.000061,1.0000
91,0.001127,1.0000,0.000053,1.0000
92,0.006258,0.9900,0.000496,1.0000
93,0.013332,0.9600,0.000024,1.0000
94,0.004704,0.9900,0.000025,1.0000
95,0.002689,1.0000,0.000028,1.0000
96,0.007300,0.9800,0.000022,1.0000
97,0.006042,0.9900,0.000021,1.0000
98,0.002235,1.0000,0.000020,1.0000
99,0.004922,0.9900,0.000032,1.0000
100,0.003722,1.0000,0.000041,1.0000
101,0.005374,0.9800,0.000039,1.0000
102,0.001079,1.0000,0.000032,1.0000
103,0.005486,0.9900,0.000025,1.0000
104,0.004568,0.9900,0.000013,1.0000
105,0.000409,1.0000,0.000013,1.0000
106,0.001144,1.0000,0.000014,1.0000
107,0.004528,0.9900,0.000017,1.0000
108,0.001694,1.0000,0.000018,1.0000
109,0.007287,0.9800,0.000016,1.0000
110,0.006110,0.9800,0.000011,1.0000
111,0.004517,0.9900,0.000017,1.0000
112,0.008392,0.9800,0.000016,1.0000
113,0.008244,0.9800,0.000017,1.0000
114,0.006713,0.9900,0.000011,1.0000
115,0.004893,0.9900,0.000020,1.0000
116,0.000979,1.0000,0.000017,1.0000
117,0.005011,0.9900,0.000023,1.0000
118,0.003320,1.0000,0.000027,1.0000
119,0.002098,1.0000,0.000032,1.0000
120,0.009327,0.9800,0.000013,1.0000
121,0.010569,0.9700,0.000019,1.0000
122,0.001726,1.0000,0.000025,1.0000
123,0.004374,0.9900,0.000040,1.0000
124,0.001319,1.0000,0.000033,1.0000
125,0.003193,0.9900,0.000020,1.0000
126,0.000999,1.0000,0.000020,1.0000
127,0.004926,0.9900,0.000018,1.0000
128,0.003509,0.9900,0.000028,1.0000
129,0.005135,0.9900,0.000028,1.0000
130,0.000742,1.0000,0.000021,1.0000
131,0.000646,1.0000,0.000023,1.0000
132,0.011045,0.9800,0.000035,1.0000
133,0.012603,0.9700,0.000367,1.0000
134,0.007975,0.9900,0.000101,1.0000
135,0.004150,0.9900,0.000049,1.0000
136,0.008366,0.9800,0.000013,1.0000
137,0.004881,0.9900,0.000018,1.0000
138,0.012356,0.9700,0.000012,1.0000
139,0.008224,0.9900,0.000039,1.0000
140,0.014496,0.9600,0.000062,1.0000
141,0.011253,0.9700,0.000288,1.0000
142,0.002577,1.0000,0.000135,1.0000
143,0.005255,0.9900,0.000065,1.0000
144,0.006719,0.9900,0.000028,1.0000
145,0.004498,0.9900,0.000020,1.0000
146,0.000514,1.0000,0.000028,1.0000
147,0.004634,0.9900,0.000018,1.0000
148,0.005157,0.9900,0.000014,1.0000
149,0.011503,0.9700,0.000011,1.0000
150,0.003854,0.9900,0.000019,1.0000
151,0.006185,0.9900,0.000011,1.0000
152,0.007288,0.9900,0.000018,1.0000
153,0.001601,1.0000,0.000016,1.0000
154,0.005288,0.9800,0.000011,1.0000
155,0.008803,0.9800,0.000021,1.0000
156,0.001003,1.0000,0.000029,1.0000
157,0.007638,0.9800,0.000051,1.0000
158,0.006191,0.9900,0.000042,1.0000
159,0.004622,0.9900,0.000023,1.0000
160,0.005389,0.9900,0.000010,1.0000
161,0.003044,0.9900,0.000007,1.0000
162,0.003452,1.0000,0.000011,1.0000
163,0.016146,0.9600,0.000013,1.0000
164,0.010534,0.9800,0.000012,1.0000
165,0.008758,0.9700,0.000016,1.0000
166,0.009255,0.9800,0.000038,1.0000
167,0.004776,0.9900,0.000025,1.0000
168,0.004977,0.9900,0.000039,1.0000
169,0.007138,0.9800,0.000019,1.0000
170,0.002529,0.9900,0.000023,1.0000
171,0.000080,1.0000,0.000022,1.0000
172,0.001428,1.0000,0.000021,1.0000
173,0.004648,0.9900,0.000021,1.0000
174,0.002950,0.9900,0.000027,1.0000
175,0.005445,0.9900,0.000022,1.0000
176,0.008948,0.9800,0.000024,1.0000
177,0.007569,0.9800,0.000013,1.0000
178,0.003030,0.9900,0.000011,1.0000
179,0.000449,1.0000,0.000009,1.0000
180,0.008974,0.9700,0.000009,1.0000
181,0.001755,1.0000,0.000013,1.0000
182,0.008306,0.9800,0.000007,1.0000
183,0.004197,0.9900,0.000010,1.0000
184,0.007126,0.9800,0.000016,1.0000
185,0.005819,0.9900,0.000020,1.0000
186,0.000036,1.0000,0.000019,1.0000
187,0.020253,0.9400,0.000097,1.0000
188,0.004638,0.9900,0.000053,1.0000
189,0.005761,0.9900,0.000040,1.0000
190,0.000482,1.0000,0.000036,1.0000
191,0.000103,1.0000,0.000034,1.0000
192,0.004828,0.9900,0.002792,1.0000
193,0.005491,0.9900,0.000184,1.0000
194,0.003181,1.0000,0.000226,1.0000
195,0.000157,1.0000,0.000172,1.0000
196,0.005690,0.9900,0.000061,1.0000
197,0.000674,1.0000,0.000088,1.0000
198,0.009186,0.9800,0.000024,1.0000
199,0.005604,0.9900,0.000056,1.0000
200,0.005872,0.9900,0.000113,1.0000
1,0.126512,0.6000,0.090396,0.7917
2,0.091789,0.7100,0.106728,0.7083
3,0.076028,0.8000,0.099363,0.7083
4,0.058578,0.8600,0.095168,0.7083
5,0.044321,0.8800,0.100926,0.7500
6,0.051853,0.8800,0.092051,0.7500
7,0.042485,0.8900,0.107460,0.7083
8,0.047506,0.8700,0.072927,0.7917
9,0.032859,0.9200,0.070681,0.8333
10,0.030432,0.9300,0.063686,0.8333
11,0.034517,0.9100,0.056141,0.8333
12,0.029907,0.9100,0.047143,0.8333
13,0.024307,0.9400,0.026416,0.9167
14,0.023741,0.9200,0.024009,0.9167
15,0.013816,0.9700,0.026027,0.8750
16,0.022278,0.9300,0.014064,1.0000
17,0.021790,0.9300,0.018828,0.9167
18,0.027053,0.9300,0.022827,0.9167
19,0.022564,0.9400,0.021733,0.9167
20,0.014820,0.9700,0.020637,0.9167
21,0.014669,0.9600,0.022430,0.9167
22,0.021992,0.9300,0.022560,0.9167
23,0.017888,0.9500,0.030143,0.9167
24,0.021788,0.9300,0.020084,0.9167
25,0.027488,0.9100,0.020880,0.9167
26,0.008462,0.9900,0.022714,0.9167
27,0.024316,0.9200,0.017662,0.9167
28,0.020093,0.9400,0.023028,0.9167
29,0.032121,0.8900,0.021518,0.9167
30,0.023350,0.9500,0.018950,0.9167
31,0.023139,0.9300,0.016795,0.9167
32,0.028361,0.9100,0.017212,0.9167
33,0.025520,0.9300,0.013400,1.0000
34,0.023395,0.9300,0.015643,0.9167
35,0.020074,0.9400,0.015874,0.9167
36,0.023549,0.9400,0.015035,0.9167
37,0.017593,0.9700,0.018613,0.9167
38,0.023586,0.9300,0.013492,0.9167
39,0.015012,0.9400,0.013116,0.9167
40,0.025778,0.9300,0.012331,1.0000
41,0.024520,0.9300,0.015636,0.9167
42,0.016699,0.9500,0.016814,0.9167
43,0.019413,0.9300,0.012857,0.9167
44,0.023604,0.9100,0.012547,1.0000
45,0.016209,0.9400,0.016419,0.9167
46,0.020568,0.9400,0.013643,0.9167
47,0.026087,0.9000,0.018403,0.9167
48,0.013334,0.9800,0.018262,0.9167
49,0.020409,0.9500,0.020799,0.9167
50,0.024430,0.9100,0.013387,0.9167
51,0.026909,0.9200,0.013527,0.9167
52,0.016398,0.9500,0.013522,0.9167
53,0.019131,0.9400,0.010257,1.0000
54,0.020367,0.9400,0.008933,1.0000
55,0.017389,0.9300,0.014729,0.9167
56,0.013728,0.9700,0.014327,0.9167
57,0.014435,0.9600,0.016632,0.9167
58,0.017478,0.9500,0.012847,0.9167
59,0.027841,0.8800,0.017793,0.9167
60,0.019740,0.9400,0.022087,0.9167
61,0.015073,0.9600,0.015386,0.9167
62,0.024332,0.9100,0.018251,0.9167
63,0.021086,0.9400,0.019561,0.9167
64,0.025675,0.9300,0.018413,0.9167
65,0.021865,0.9300,0.013857,0.9167
66,0.011157,0.9800,0.014792,0.9167
67,0.024488,0.9400,0.015017,0.9167
68,0.015830,0.9500,0.013339,0.9167
69,0.018136,0.9400,0.010758,1.0000
70,0.026565,0.9300,0.012560,0.9167
71,0.024145,0.9100,0.014283,0.9167
72,0.020286,0.9300,0.016863,0.9167
73,0.019050,0.9300,0.016035,0.9167
74,0.023911,0.9300,0.011166,0.9167
75,0.017751,0.9400,0.013482,0.9167
76,0.027730,0.9200,0.012865,0.9167
77,0.019539,0.9400,0.013704,0.9167
78,0.020025,0.9300,0.015512,0.9167
79,0.019264,0.9500,0.016675,0.9167
80,0.026419,0.9300,0.014409,0.9167
81,0.021271,0.9300,0.012568,0.9167
82,0.017122,0.9300,0.013523,0.9167
83,0.022937,0.9300,0.017205,0.9167
84,0.022276,0.9400,0.013185,0.9167
85,0.016838,0.9300,0.014270,0.9167
86,0.025069,0.9300,0.016883,0.9167
87,0.028721,0.9300,0.012598,0.9167
88,0.019478,0.9300,0.013251,0.9167
89,0.022451,0.9200,0.016302,0.9167
90,0.019533,0.9400,0.014158,0.9167
91,0.018991,0.9300,0.013398,0.9167
92,0.024983,0.9300,0.012142,0.9167
93,0.024187,0.9300,0.012093,0.9167
94,0.016948,0.9500,0.013617,0.9167
95,0.019966,0.9300,0.009663,1.0000
96,0.018834,0.9400,0.012149,0.9167
97,0.023392,0.9200,0.013684,0.9167
98,0.025803,0.9100,0.014715,0.9167
99,0.014730,0.9600,0.018128,0.9167
100,0.015996,0.9500,0.016398,0.9167
101,0.027363,0.9300,0.014951,0.9167
102,0.023924,0.9200,0.015775,0.9167
103,0.012742,0.9700,0.015072,0.9167
104,0.022002,0.9400,0.013570,0.9167
105,0.018187,0.9200,0.013722,0.9167
106,0.026511,0.9200,0.015216,0.9167
107,0.021329,0.9400,0.016988,0.9167
108,0.015613,0.9500,0.019568,0.9167
109,0.018576,0.9500,0.016438,0.9167
110,0.014103,0.9500,0.013118,0.9167
111,0.021823,0.9400,0.011044,0.9167
112,0.025377,0.8900,0.012873,0.9167
113,0.013883,0.9600,0.014608,0.9167
114,0.023592,0.9400,0.014619,0.9167
115,0.025034,0.9200,0.015310,0.9167
116,0.025074,0.9100,0.013543,0.9167
117,0.020757,0.9200,0.013042,0.9167
118,0.019348,0.9300,0.011139,0.9167
119,0.018123,0.9200,0.011472,0.9167
120,0.014961,0.9500,0.012679,0.9167
121,0.013239,0.9600,0.014402,0.9167
122,0.017670,0.9600,0.013815,0.9167
123,0.018318,0.9500,0.011968,0.9167
124,0.023011,0.9100,0.011270,0.9167
125,0.026005,0.9200,0.011771,0.9167
126,0.025287,0.9300,0.011987,0.9167
127,0.027330,0.9200,0.012236,0.9167
128,0.016574,0.9500,0.013327,0.9167
129,0.023623,0.9400,0.011593,0.9167
130,0.022204,0.9300,0.012334,0.9167
131,0.024409,0.9000,0.012000,0.9167
132,0.017598,0.9600,0.016407,0.9167
133,0.013986,0.9600,0.015934,0.9167
134,0.014959,0.9400,0.014739,0.9167
135,0.015971,0.9700,0.014152,0.9167
136,0.016243,0.9600,0.014776,0.9167
137,0.030643,0.9100,0.014464,0.9167
138,0.024276,0.9100,0.015052,0.9167
139,0.013909,0.9600,0.014243,0.9167
140,0.019395,0.9300,0.014822,0.9167
141,0.020945,0.9200,0.014693,0.9167
142,0.019967,0.9400,0.013533,0.9167
143,0.017980,0.9400,0.014008,0.9167
144,0.020327,0.9300,0.013524,0.9167
145,0.019137,0.9500,0.016571,0.9167
146,0.018920,0.9400,0.016983,0.9167
147,0.019266,0.9300,0.016152,0.9167
148,0.019671,0.9300,0.016679,0.9167
149,0.009128,0.9800,0.017232,0.9167
150,0.022392,0.9400,0.015882,0.9167
151,0.023802,0.9500,0.014749,0.9167
152,0.020950,0.9500,0.015709,0.9167
153,0.014821,0.9400,0.017390,0.9167
154,0.026756,0.9100,0.016903,0.9167
155,0.027490,0.9200,0.016864,0.9167
156,0.018173,0.9400,0.016133,0.9167
157,0.016933,0.9400,0.014300,0.9167
158,0.018846,0.9300,0.013230,0.9167
159,0.019977,0.9400,0.013669,0.9167
160,0.017225,0.9300,0.013365,0.9167
161,0.018024,0.9600,0.013748,0.9167
162,0.015746,0.9400,0.013659,0.9167
163,0.017700,0.9300,0.013470,0.9167
164,0.014406,0.9500,0.014622,0.9167
165,0.020476,0.9300,0.014291,0.9167
166,0.017449,0.9500,0.013298,0.9167
167,0.017499,0.9600,0.013090,0.9167
168,0.028239,0.9300,0.012368,0.9167
169,0.019998,0.9500,0.013505,0.9167
170,0.026115,0.9200,0.013675,0.9167
171,0.012858,0.9600,0.015819,0.9167
172,0.017739,0.9400,0.015023,0.9167
173,0.019265,0.9200,0.013029,0.9167
174,0.020242,0.9200,0.014364,0.9167
175,0.022356,0.9200,0.014846,0.9167
176,0.017868,0.9400,0.014549,0.9167
177,0.010776,0.9700,0.014349,0.9167
178,0.017552,0.9400,0.015258,0.9167
179,0.024034,0.9200,0.015746,0.9167
180,0.025067,0.9400,0.014019,0.9167
181,0.016332,0.9500,0.015284,0.9167
182,0.017061,0.9700,0.015379,0.9167
183,0.028120,0.9100,0.014559,0.9167
184,0.017243,0.9400,0.014540,0.9167
185,0.020537,0.9200,0.013835,0.9167
186,0.020796,0.9300,0.014616,0.9167
187,0.020619,0.9500,0.014212,0.9167
188,0.017117,0.9600,0.015291,0.9167
189,0.012560,0.9600,0.015651,0.9167
190,0.025426,0.9300,0.015171,0.9167
191,0.015221,0.9500,0.015043,0.9167
192,0.016008,0.9400,0.015427,0.9167
193,0.017429,0.9300,0.013551,0.9167
194,0.025177,0.9300,0.012277,0.9167
195,0.020814,0.9300,0.012798,0.9167
196,0.018454,0.9300,0.012966,0.9167
197,0.027394,0.9100,0.012382,0.9167
198,0.012402,0.9600,0.012266,0.9167
199,0.028874,0.9100,0.012404,0.9167
200,0.020200,0.9400,0.011775,0.9167
1,0.125721,0.5200,0.107078,0.6667
2,0.091572,0.7400,0.096619,0.7083
3,0.074156,0.8500,0.099556,0.7083
4,0.069037,0.8400,0.092483,0.7083
5,0.063629,0.8600,0.086444,0.7500
6,0.061768,0.8400,0.105526,0.7500
7,0.054313,0.8900,0.081396,0.7917
8,0.053957,0.8600,0.076046,0.7917
9,0.048056,0.8700,0.088039,0.7083
10,0.044457,0.8700,0.088432,0.7083
11,0.035037,0.9000,0.068836,0.7500
12,0.040750,0.8700,0.064205,0.7500
13,0.032608,0.9200,0.055217,0.7917
14,0.035261,0.8900,0.059928,0.8333
15,0.027763,0.9300,0.038716,0.8750
16,0.020460,0.9300,0.032667,0.9583
17,0.015949,0.9600,0.023063,0.9583
18,0.020496,0.9700,0.025433,0.9583
19,0.007796,0.9900,0.012793,1.0000
20,0.014248,0.9700,0.016314,0.9583
21,0.015596,0.9600,0.009895,1.0000
22,0.013919,0.9700,0.006943,1.0000
23,0.008561,0.9800,0.005985,1.0000
24,0.009677,0.9900,0.003812,1.0000
25,0.006300,0.9800,0.003368,1.0000
26,0.005390,1.0000,0.002428,1.0000
27,0.005485,0.9900,0.002770,1.0000
28,0.012690,0.9600,0.003827,1.0000
29,0.009279,0.9800,0.001847,1.0000
30,0.008509,0.9800,0.001167,1.0000
31,0.005905,0.9900,0.000977,1.0000
32,0.002889,1.0000,0.001116,1.0000
33,0.011163,0.9800,0.000787,1.0000
34,0.007057,0.9900,0.000793,1.0000
35,0.003000,1.0000,0.001040,1.0000
36,0.008844,0.9800,0.000853,1.0000
37,0.007141,0.9900,0.000889,1.0000
38,0.014730,0.9700,0.001407,1.0000
39,0.007541,0.9900,0.000924,1.0000
40,0.013284,0.9600,0.000721,1.0000
41,0.005326,0.9800,0.000715,1.0000
42,0.006076,0.9900,0.000423,1.0000
43,0.005163,0.9800,0.000368,1.0000
44,0.009065,0.9700,0.000242,1.0000
45,0.018193,0.9500,0.000800,1.0000
46,0.007263,0.9900,0.000392,1.0000
47,0.005901,0.9900,0.000478,1.0000
48,0.015647,0.9600,0.000254,1.0000
49,0.001052,1.0000,0.000304,1.0000
50,0.007059,0.9800,0.000183,1.0000
51,0.006416,0.9900,0.000183,1.0000
52,0.008507,0.9800,0.000216,1.0000
53,0.011355,0.9800,0.000371,1.0000
54,0.007098,0.9800,0.000187,1.0000
55,0.006173,0.9800,0.000294,1.0000
56,0.004929,0.9900,0.000112,1.0000
57,0.001118,1.0000,0.000119,1.0000
58,0.004768,0.9900,0.000075,1.0000
59,0.007134,0.9800,0.000096,1.0000
60,0.004237,1.0000,0.000230,1.0000
61,0.003509,0.9900,0.000159,1.0000
62,0.001449,1.0000,0.000100,1.0000
63,0.007115,0.9800,0.000081,1.0000
64,0.009850,0.9800,0.000259,1.0000
65,0.000786,1.0000,0.000183,1.0000
66,0.009991,0.9800,0.000111,1.0000
67,0.009767,0.9700,0.000139,1.0000
68,0.005219,0.9900,0.000129,1.0000
69,0.004136,0.9900,0.000071,1.0000
70,0.008327,0.9700,0.000077,1.0000
71,0.000622,1.0000,0.000068,1.0000
72,0.006779,0.9900,0.000095,1.0000
73,0.010732,0.9700,0.000294,1.0000
74,0.010796,0.9700,0.000108,1.0000
75,0.004676,0.9900,0.000087,1.0000
76,0.001491,1.0000,0.000134,1.0000
77,0.004062,0.9900,0.000064,1.0000
78,0.010369,0.9800,0.000210,1.0000
79,0.001988,1.0000,0.000118,1.0000
80,0.007829,0.9800,0.000218,1.0000
81,0.002598,1.0000,0.000321,1.0000
82,0.007626,0.9900,0.000184,1.0000
83,0.000700,1.0000,0.000219,1.0000
84,0.003447,1.0000,0.000138,1.0000
85,0.005837,0.9900,0.000324,1.0000
86,0.001890,1.0000,0.000320,1.0000
87,0.000255,1.0000,0.000299,1.0000
88,0.006472,0.9800,0.000087,1.0000
89,0.001405,1.0000,0.000099,1.0000
90,0.001647,1.0000,0.000061,1.0000
91,0.001127,1.0000,0.000053,1.0000
92,0.006258,0.9900,0.000496,1.0000
93,0.013332,0.9600,0.000024,1.0000
94,0.004704,0.9900,0.000025,1.0000
95,0.002689,1.0000,0.000028,1.0000
96,0.007300,0.9800,0.000022,1.0000
97,0.006042,0.9900,0.000021,1.0000
98,0.002235,1.0000,0.000020,1.0000
99,0.004922,0.9900,0.000032,1.0000
100,0.003722,1.0000,0.000041,1.0000
101,0.005374,0.9800,0.000039,1.0000
102,0.001079,1.0000,0.000032,1.0000
103,0.005486,0.9900,0.000025,1.0000
104,0.004568,0.9900,0.000013,1.0000
105,0.000409,1.0000,0.000013,1.0000
106,0.001144,1.0000,0.000014,1.0000
107,0.004528,0.9900,0.000017,1.0000
108,0.001694,1.0000,0.000018,1.0000
109,0.007287,0.9800,0.000016,1.0000
110,0.006110,0.9800,0.000011,1.0000
111,0.004517,0.9900,0.000017,1.0000
112,0.008392,0.9800,0.000016,1.0000
113,0.008244,0.9800,0.000017,1.0000
114,0.006713,0.9900,0.000011,1.0000
115,0.004893,0.9900,0.000020,1.0000
116,0.000979,1.0000,0.000017,1.0000
117,0.005011,0.9900,0.000023,1.0000
118,0.003320,1.0000,0.000027,1.0000
119,0.002098,1.0000,0.000032,1.0000
120,0.009327,0.9800,0.000013,1.0000
121,0.010569,0.9700,0.000019,1.0000
122,0.001726,1.0000,0.000025,1.0000
123,0.004374,0.9900,0.000040,1.0000
124,0.001319,1.0000,0.000033,1.0000
125,0.003193,0.9900,0.000020,1.0000
126,0.000999,1.0000,0.000020,1.0000
127,0.004926,0.9900,0.000018,1.0000
128,0.003509,0.9900,0.000028,1.0000
129,0.005135,0.9900,0.000028,1.0000
130,0.000742,1.0000,0.000021,1.0000
131,0.000646,1.0000,0.000023,1.0000
132,0.011045,0.9800,0.000035,1.0000
133,0.012603,0.9700,0.000367,1.0000
134,0.007975,0.9900,0.000101,1.0000
135,0.004150,0.9900,0.000049,1.0000
136,0.008366,0.9800,0.000013,1.0000
137,0.004881,0.9900,0.000018,1.0000
138,0.012356,0.9700,0.000012,1.0000
139,0.008224,0.9900,0.000039,1.0000
140,0.014496,0.9600,0.000062,1.0000
141,0.011253,0.9700,0.000288,1.0000
142,0.002577,1.0000,0.000135,1.0000
143,0.005255,0.9900,0.000065,1.0000
144,0.006719,0.9900,0.000028,1.0000
145,0.004498,0.9900,0.000020,1.0000
146,0.000514,1.0000,0.000028,1.0000
147,0.004634,0.9900,0.000018,1.0000
148,0.005157,0.9900,0.000014,1.0000
149,0.011503,0.9700,0.000011,1.0000
150,0.003854,0.9900,0.000019,1.0000
151,0.006185,0.9900,0.000011,1.0000
152,0.007288,0.9900,0.000018,1.0000
153,0.001601,1.0000,0.000016,1.0000
154,0.005288,0.9800,0.000011,1.0000
155,0.008803,0.9800,0.000021,1.0000
156,0.001003,1.0000,0.000029,1.0000
157,0.007638,0.9800,0.000051,1.0000
158,0.006191,0.9900,0.000042,1.0000
159,0.004622,0.9900,0.000023,1.0000
160,0.005389,0.9900,0.000010,1.0000
161,0.003044,0.9900,0.000007,1.0000
162,0.003452,1.0000,0.000011,1.0000
163,0.016146,0.9600,0.000013,1.0000
164,0.010534,0.9800,0.000012,1.0000
165,0.008758,0.9700,0.000016,1.0000
166,0.009255,0.9800,0.000038,1.0000
167,0.004776,0.9900,0.000025,1.0000
168,0.004977,0.9900,0.000039,1.0000
169,0.007138,0.9800,0.000019,1.0000
170,0.002529,0.9900,0.000023,1.0000
171,0.000080,1.0000,0.000022,1.0000
172,0.001428,1.0000,0.000021,1.0000
173,0.004648,0.9900,0.000021,1.0000
174,0.002950,0.9900,0.000027,1.0000
175,0.005445,0.9900,0.000022,1.0000
176,0.008948,0.9800,0.000024,1.0000
177,0.007569,0.9800,0.000013,1.0000
178,0.003030,0.9900,0.000011,1.0000
179,0.000449,1.0000,0.000009,1.0000
180,0.008974,0.9700,0.000009,1.0000
181,0.001755,1.0000,0.000013,1.0000
182,0.008306,0.9800,0.000007,1.0000
183,0.004197,0.9900,0.000010,1.0000
184,0.007126,0.9800,0.000016,1.0000
185,0.005819,0.9900,0.000020,1.0000
186,0.000036,1.0000,0.000019,1.0000
187,0.020253,0.9400,0.000097,1.0000
188,0.004638,0.9900,0.000053,1.0000
189,0.005761,0.9900,0.000040,1.0000
190,0.000482,1.0000,0.000036,1.0000
191,0.000103,1.0000,0.000034,1.0000
192,0.004828,0.9900,0.002792,1.0000
193,0.005491,0.9900,0.000184,1.0000
194,0.003181,1.0000,0.000226,1.0000
195,0.000157,1.0000,0.000172,1.0000
196,0.005690,0.9900,0.000061,1.0000
197,0.000674,1.0000,0.000088,1.0000
198,0.009186,0.9800,0.000024,1.0000
199,0.005604,0.9900,0.000056,1.0000
200,0.005872,0.9900,0.000113,1.0000
1,0.125721,0.5200,0.107078,0.6667
2,0.091572,0.7400,0.096619,0.7083
3,0.074156,0.8500,0.099556,0.7083
4,0.069037,0.8400,0.092483,0.7083
5,0.063629,0.8600,0.086444,0.7500
6,0.061768,0.8400,0.105526,0.7500
7,0.054313,0.8900,0.081396,0.7917
8,0.053957,0.8600,0.076046,0.7917
9,0.048056,0.8700,0.088039,0.7083
10,0.044457,0.8700,0.088432,0.7083
11,0.035037,0.9000,0.068836,0.7500
12,0.040750,0.8700,0.064205,0.7500
13,0.032608,0.9200,0.055217,0.7917
14,0.035261,0.8900,0.059928,0.8333
15,0.027763,0.9300,0.038716,0.8750
16,0.020460,0.9300,0.032667,0.9583
17,0.015949,0.9600,0.023063,0.9583
18,0.020496,0.9700,0.025433,0.9583
19,0.007796,0.9900,0.012793,1.0000
20,0.014248,0.9700,0.016314,0.9583
21,0.015596,0.9600,0.009895,1.0000
22,0.013919,0.9700,0.006943,1.0000
23,0.008561,0.9800,0.005985,1.0000
24,0.009677,0.9900,0.003812,1.0000
25,0.006300,0.9800,0.003368,1.0000
26,0.005390,1.0000,0.002428,1.0000
27,0.005485,0.9900,0.002770,1.0000
28,0.012690,0.9600,0.003827,1.0000
29,0.009279,0.9800,0.001847,1.0000
30,0.008509,0.9800,0.001167,1.0000
31,0.005905,0.9900,0.000977,1.0000
32,0.002889,1.0000,0.001116,1.0000
33,0.011163,0.9800,0.000787,1.0000
34,0.007057,0.9900,0.000793,1.0000
35,0.003000,1.0000,0.001040,1.0000
36,0.008844,0.9800,0.000853,1.0000
37,0.007141,0.9900,0.000889,1.0000
38,0.014730,0.9700,0.001407,1.0000
39,0.007541,0.9900,0.000924,1.0000
40,0.013284,0.9600,0.000721,1.0000
41,0.005326,0.9800,0.000715,1.0000
42,0.006076,0.9900,0.000423,1.0000
43,0.005163,0.9800,0.000368,1.0000
44,0.009065,0.9700,0.000242,1.0000
45,0.018193,0.9500,0.000800,1.0000
46,0.007263,0.9900,0.000392,1.0000
47,0.005901,0.9900,0.000478,1.0000
48,0.015647,0.9600,0.000254,1.0000
49,0.001052,1.0000,0.000304,1.0000
50,0.007059,0.9800,0.000183,1.0000
51,0.006416,0.9900,0.000183,1.0000
52,0.008507,0.9800,0.000216,1.0000
53,0.011355,0.9800,0.000371,1.0000
54,0.007098,0.9800,0.000187,1.0000
55,0.006173,0.9800,0.000294,1.0000
56,0.004929,0.9900,0.000112,1.0000
57,0.001118,1.0000,0.000119,1.0000
58,0.004768,0.9900,0.000075,1.0000
59,0.007134,0.9800,0.000096,1.0000
60,0.004237,1.0000,0.000230,1.0000
61,0.003509,0.9900,0.000159,1.0000
62,0.001449,1.0000,0.000100,1.0000
63,0.007115,0.9800,0.000081,1.0000
64,0.009850,0.9800,0.000259,1.0000
65,0.000786,1.0000,0.000183,1.0000
66,0.009991,0.9800,0.000111,1.0000
67,0.009767,0.9700,0.000139,1.0000
68,0.005219,0.9900,0.000129,1.0000
69,0.004136,0.9900,0.000071,1.0000
70,0.008327,0.9700,0.000077,1.0000
71,0.000622,1.0000,0.000068,1.0000
72,0.006779,0.9900,0.000095,1.0000
73,0.010732,0.9700,0.000294,1.0000
74,0.010796,0.9700,0.000108,1.0000
75,0.004676,0.9900,0.000087,1.0000
76,0.001491,1.0000,0.000134,1.0000
77,0.004062,0.9900,0.000064,1.0000
78,0.010369,0.9800,0.000210,1.0000
79,0.001988,1.0000,0.000118,1.0000
80,0.007829,0.9800,0.000218,1.0000
81,0.002598,1.0000,0.000321,1.0000
82,0.007626,0.9900,0.000184,1.0000
83,0.000700,1.0000,0.000219,1.0000
84,0.003447,1.0000,0.000138,1.0000
85,0.005837,0.9900,0.000324,1.0000
86,0.001890,1.0000,0.000320,1.0000
87,0.000255,1.0000,0.000299,1.0000
88,0.006472,0.9800,0.000087,1.0000
89,0.001405,1.0000,0.000099,1.0000
90,0.001647,1.0000,0.000061,1.0000
91,0.001127,1.0000,0.000053,1.0000
92,0.006258,0.9900,0.000496,1.0000
93,0.013332,0.9600,0.000024,1.0000
94,0.004704,0.9900,0.000025,1.0000
95,0.002689,1.0000,0.000028,1.0000
96,0.007300,0.9800,0.000022,1.0000
97,0.006042,0.9900,0.000021,1.0000
98,0.002235,1.0000,0.000020,1.0000
99,0.004922,0.9900,0.000032,1.0000
100,0.003722,1.0000,0.000041,1.0000
101,0.005374,0.9800,0.000039,1.0000
102,0.001079,1.0000,0.000032,1.0000
103,0.005486,0.9900,0.000025,1.0000
104,0.004568,0.9900,0.000013,1.0000
105,0.000409,1.0000,0.000013,1.0000
106,0.001144,1.0000,0.000014,1.0000
107,0.004528,0.9900,0.000017,1.0000
108,0.001694,1.0000,0.000018,1.0000
109,0.007287,0.9800,0.000016,1.0000
110,0.006110,0.9800,0.000011,1.0000
111,0.004517,0.9900,0.000017,1.0000
112,0.008392,0.9800,0.000016,1.0000
113,0.008244,0.9800,0.000017,1.0000
114,0.006713,0.9900,0.000011,1.0000
115,0.004893,0.9900,0.000020,1.0000
116,0.000979,1.0000,0.000017,1.0000
117,0.005011,0.9900,0.000023,1.0000
118,0.003320,1.0000,0.000027,1.0000
119,0.002098,1.0000,0.000032,1.0000
120,0.009327,0.9800,0.000013,1.0000
121,0.010569,0.9700,0.000019,1.0000
122,0.001726,1.0000,0.000025,1.0000
123,0.004374,0.9900,0.000040,1.0000
124,0.001319,1.0000,0.000033,1.0000
125,0.003193,0.9900,0.000020,1.0000
126,0.000999,1.0000,0.000020,1.0000
127,0.004926,0.9900,0.000018,1.0000
128,0.003509,0.9900,0.000028,1.0000
129,0.005135,0.9900,0.000028,1.0000
130,0.000742,1.0000,0.000021,1.0000
131,0.000646,1.0000,0.000023,1.0000
132,0.011045,0.9800,0.000035,1.0000
133,0.012603,0.9700,0.000367,1.0000
134,0.007975,0.9900,0.000101,1.0000
135,0.004150,0.9900,0.000049,1.0000
136,0.008366,0.9800,0.000013,1.0000
137,0.004881,0.9900,0.000018,1.0000
138,0.012356,0.9700,0.000012,1.0000
139,0.008224,0.9900,0.000039,1.0000
140,0.014496,0.9600,0.000062,1.0000
141,0.011253,0.9700,0.000288,1.0000
142,0.002577,1.0000,0.000135,1.0000
143,0.005255,0.9900,0.000065,1.0000
144,0.006719,0.9900,0.000028,1.0000
145,0.004498,0.9900,0.000020,1.0000
146,0.000514,1.0000,0.000028,1.0000
147,0.004634,0.9900,0.000018,1.0000
148,0.005157,0.9900,0.000014,1.0000
149,0.011503,0.9700,0.000011,1.0000
150,0.003854,0.9900,0.000019,1.0000
151,0.006185,0.9900,0.000011,1.0000
152,0.007288,0.9900,0.000018,1.0000
153,0.001601,1.0000,0.000016,1.0000
154,0.005288,0.9800,0.000011,1.0000
155,0.008803,0.9800,0.000021,1.0000
156,0.001003,1.0000,0.000029,1.0000
157,0.007638,0.9800,0.000051,1.0000
158,0.006191,0.9900,0.000042,1.0000
159,0.004622,0.9900,0.000023,1.0000
160,0.005389,0.9900,0.000010,1.0000
161,0.003044,0.9900,0.000007,1.0000
162,0.003452,1.0000,0.000011,1.0000
163,0.016146,0.9600,0.000013,1.0000
164,0.010534,0.9800,0.000012,1.0000
165,0.008758,0.9700,0.000016,1.0000
166,0.009255,0.9800,0.000038,1.0000
167,0.004776,0.9900,0.000025,1.0000
168,0.004977,0.9900,0.000039,1.0000
169,0.007138,0.9800,0.000019,1.0000
170,0.002529,0.9900,0.000023,1.0000
171,0.000080,1.0000,0.000022,1.0000
172,0.001428,1.0000,0.000021,1.0000
173,0.004648,0.9900,0.000021,1.0000
174,0.002950,0.9900,0.000027,1.0000
175,0.005445,0.9900,0.000022,1.0000
176,0.008948,0.9800,0.000024,1.0000
177,0.007569,0.9800,0.000013,1.0000
178,0.003030,0.9900,0.000011,1.0000
179,0.000449,1.0000,0.000009,1.0000
180,0.008974,0.9700,0.000009,1.0000
181,0.001755,1.0000,0.000013,1.0000
182,0.008306,0.9800,0.000007,1.0000
183,0.004197,0.9900,0.000010,1.0000
184,0.007126,0.9800,0.000016,1.0000
185,0.005819,0.9900,0.000020,1.0000
186,0.000036,1.0000,0.000019,1.0000
187,0.020253,0.9400,0.000097,1.0000
188,0.004638,0.9900,0.000053,1.0000
189,0.005761,0.9900,0.000040,1.0000
190,0.000482,1.0000,0.000036,1.0000
191,0.000103,1.0000,0.000034,1.0000
192,0.004828,0.9900,0.002792,1.0000
193,0.005491,0.9900,0.000184,1.0000
194,0.003181,1.0000,0.000226,1.0000
195,0.000157,1.0000,0.000172,1.0000
196,0.005690,0.9900,0.000061,1.0000
197,0.000674,1.0000,0.000088,1.0000
198,0.009186,0.9800,0.000024,1.0000
199,0.005604,0.9900,0.000056,1.0000
200,0.005872,0.9900,0.000113,1.0000
1,0.126512,0.6000,0.090396,0.7917
2,0.091789,0.7100,0.106728,0.7083
3,0.076028,0.8000,0.099363,0.7083
4,0.058578,0.8600,0.095168,0.7083
5,0.044321,0.8800,0.100926,0.7500
6,0.051853,0.8800,0.092051,0.7500
7,0.042485,0.8900,0.107460,0.7083
8,0.047506,0.8700,0.072927,0.7917
9,0.032859,0.9200,0.070681,0.8333
10,0.030432,0.9300,0.063686,0.8333
11,0.034517,0.9100,0.056141,0.8333
12,0.029907,0.9100,0.047143,0.8333
13,0.024307,0.9400,0.026416,0.9167
14,0.023741,0.9200,0.024009,0.9167
15,0.013816,0.9700,0.026027,0.8750
16,0.022278,0.9300,0.014064,1.0000
17,0.021790,0.9300,0.018828,0.9167
18,0.027053,0.9300,0.022827,0.9167
19,0.022564,0.9400,0.021733,0.9167
20,0.014820,0.9700,0.020637,0.9167
21,0.014669,0.9600,0.022430,0.9167
22,0.021992,0.9300,0.022560,0.9167
23,0.017888,0.9500,0.030143,0.9167
24,0.021788,0.9300,0.020084,0.9167
25,0.027488,0.9100,0.020880,0.9167
26,0.008462,0.9900,0.022714,0.9167
27,0.024316,0.9200,0.017662,0.9167
28,0.020093,0.9400,0.023028,0.9167
29,0.032121,0.8900,0.021518,0.9167
30,0.023350,0.9500,0.018950,0.9167
31,0.023139,0.9300,0.016795,0.9167
32,0.028361,0.9100,0.017212,0.9167
33,0.025520,0.9300,0.013400,1.0000
34,0.023395,0.9300,0.015643,0.9167
35,0.020074,0.9400,0.015874,0.9167
36,0.023549,0.9400,0.015035,0.9167
37,0.017593,0.9700,0.018613,0.9167
38,0.023586,0.9300,0.013492,0.9167
39,0.015012,0.9400,0.013116,0.9167
40,0.025778,0.9300,0.012331,1.0000
41,0.024520,0.9300,0.015636,0.9167
42,0.016699,0.9500,0.016814,0.9167
43,0.019413,0.9300,0.012857,0.9167
44,0.023604,0.9100,0.012547,1.0000
45,0.016209,0.9400,0.016419,0.9167
46,0.020568,0.9400,0.013643,0.9167
47,0.026087,0.9000,0.018403,0.9167
48,0.013334,0.9800,0.018262,0.9167
49,0.020409,0.9500,0.020799,0.9167
50,0.024430,0.9100,0.013387,0.9167
51,0.026909,0.9200,0.013527,0.9167
52,0.016398,0.9500,0.013522,0.9167
53,0.019131,0.9400,0.010257,1.0000
54,0.020367,0.9400,0.008933,1.0000
55,0.017389,0.9300,0.014729,0.9167
56,0.013728,0.9700,0.014327,0.9167
57,0.014435,0.9600,0.016632,0.9167
58,0.017478,0.9500,0.012847,0.9167
59,0.027841,0.8800,0.017793,0.9167
60,0.019740,0.9400,0.022087,0.9167
61,0.015073,0.9600,0.015386,0.9167
62,0.024332,0.9100,0.018251,0.9167
63,0.021086,0.9400,0.019561,0.9167
64,0.025675,0.9300,0.018413,0.9167
65,0.021865,0.9300,0.013857,0.9167
66,0.011157,0.9800,0.014792,0.9167
67,0.024488,0.9400,0.015017,0.9167
68,0.015830,0.9500,0.013339,0.9167
69,0.018136,0.9400,0.010758,1.0000
70,0.026565,0.9300,0.012560,0.9167
71,0.024145,0.9100,0.014283,0.9167
72,0.020286,0.9300,0.016863,0.9167
73,0.019050,0.9300,0.016035,0.9167
74,0.023911,0.9300,0.011166,0.9167
75,0.017751,0.9400,0.013482,0.9167
76,0.027730,0.9200,0.012865,0.9167
77,0.019539,0.9400,0.013704,0.9167
78,0.020025,0.9300,0.015512,0.9167
79,0.019264,0.9500,0.016675,0.9167
80,0.026419,0.9300,0.014409,0.9167
81,0.021271,0.9300,0.012568,0.9167
82,0.017122,0.9300,0.013523,0.9167
83,0.022937,0.9300,0.017205,0.9167
84,0.022276,0.9400,0.013185,0.9167
85,0.016838,0.9300,0.014270,0.9167
86,0.025069,0.9300,0.016883,0.9167
87,0.028721,0.9300,0.012598,0.9167
88,0.019478,0.9300,0.013251,0.9167
89,0.022451,0.9200,0.016302,0.9167
90,0.019533,0.9400,0.014158,0.9167
91,0.018991,0.9300,0.013398,0.9167
92,0.024983,0.9300,0.012142,0.9167
93,0.024187,0.9300,0.012093,0.9167
94,0.016948,0.9500,0.013617,0.9167
95,0.019966,0.9300,0.009663,1.0000
96,0.018834,0.9400,0.012149,0.9167
97,0.023392,0.9200,0.013684,0.9167
98,0.025803,0.9100,0.014715,0.9167
99,0.014730,0.9600,0.018128,0.9167
100,0.015996,0.9500,0.016398,0.9167
101,0.027363,0.9300,0.014951,0.9167
102,0.023924,0.9200,0.015775,0.9167
103,0.012742,0.9700,0.015072,0.9167
104,0.022002,0.9400,0.013570,0.9167
105,0.018187,0.9200,0.013722,0.9167
106,0.026511,0.9200,0.015216,0.9167
107,0.021329,0.9400,0.016988,0.9167
108,0.015613,0.9500,0.019568,0.9167
109,0.018576,0.9500,0.016438,0.9167
110,0.014103,0.9500,0.013118,0.9167
111,0.021823,0.9400,0.011044,0.9167
112,0.025377,0.8900,0.012873,0.9167
113,0.013883,0.9600,0.014608,0.9167
114,0.023592,0.9400,0.014619,0.9167
115,0.025034,0.9200,0.015310,0.9167
116,0.025074,0.9100,0.013543,0.9167
117,0.020757,0.9200,0.013042,0.9167
118,0.019348,0.9300,0.011139,0.9167
119,0.018123,0.9200,0.011472,0.9167
120,0.014961,0.9500,0.012679,0.9167
121,0.013239,0.9600,0.014402,0.9167
122,0.017670,0.9600,0.013815,0.9167
123,0.018318,0.9500,0.011968,0.9167
124,0.023011,0.9100,0.011270,0.9167
125,0.026005,0.9200,0.011771,0.9167
126,0.025287,0.9300,0.011987,0.9167
127,0.027330,0.9200,0.012236,0.9167
128,0.016574,0.9500,0.013327,0.9167
129,0.023623,0.9400,0.011593,0.9167
130,0.022204,0.9300,0.012334,0.9167
131,0.024409,0.9000,0.012000,0.9167
132,0.017598,0.9600,0.016407,0.9167
133,0.013986,0.9600,0.015934,0.9167
134,0.014959,0.9400,0.014739,0.9167
135,0.015971,0.9700,0.014152,0.9167
136,0.016243,0.9600,0.014776,0.9167
137,0.030643,0.9100,0.014464,0.9167
138,0.024276,0.9100,0.015052,0.9167
139,0.013909,0.9600,0.014243,0.9167
140,0.019395,0.9300,0.014822,0.9167
141,0.020945,0.9200,0.014693,0.9167
142,0.019967,0.9400,0.013533,0.9167
143,0.017980,0.9400,0.014008,0.9167
144,0.020327,0.9300,0.013524,0.9167
145,0.019137,0.9500,0.016571,0.9167
146,0.018920,0.9400,0.016983,0.9167
147,0.019266,0.9300,0.016152,0.9167
148,0.019671,0.9300,0.016679,0.9167
149,0.009128,0.9800,0.017232,0.9167
150,0.022392,0.9400,0.015882,0.9167
151,0.023802,0.9500,0.014749,0.9167
152,0.020950,0.9500,0.015709,0.9167
153,0.014821,0.9400,0.017390,0.9167
154,0.026756,0.9100,0.016903,0.9167
155,0.027490,0.9200,0.016864,0.9167
156,0.018173,0.9400,0.016133,0.9167
157,0.016933,0.9400,0.014300,0.9167
158,0.018846,0.9300,0.013230,0.9167
159,0.019977,0.9400,0.013669,0.9167
160,0.017225,0.9300,0.013365,0.9167
161,0.018024,0.9600,0.013748,0.9167
162,0.015746,0.9400,0.013659,0.9167
163,0.017700,0.9300,0.013470,0.9167
164,0.014406,0.9500,0.014622,0.9167
165,0.020476,0.9300,0.014291,0.9167
166,0.017449,0.9500,0.013298,0.9167
167,0.017499,0.9600,0.013090,0.9167
168,0.028239,0.9300,0.012368,0.9167
169,0.019998,0.9500,0.013505,0.9167
170,0.026115,0.9200,0.013675,0.9167
171,0.012858,0.9600,0.015819,0.9167
172,0.017739,0.9400,0.015023,0.9167
173,0.019265,0.9200,0.013029,0.9167
174,0.020242,0.9200,0.014364,0.9167
175,0.022356,0.9200,0.014846,0.9167
176,0.017868,0.9400,0.014549,0.9167
177,0.010776,0.9700,0.014349,0.9167
178,0.017552,0.9400,0.015258,0.9167
179,0.024034,0.9200,0.015746,0.9167
180,0.025067,0.9400,0.014019,0.9167
181,0.016332,0.9500,0.015284,0.9167
182,0.017061,0.9700,0.015379,0.9167
183,0.028120,0.9100,0.014559,0.9167
184,0.017243,0.9400,0.014540,0.9167
185,0.020537,0.9200,0.013835,0.9167
186,0.020796,0.9300,0.014616,0.9167
187,0.020619,0.9500,0.014212,0.9167
188,0.017117,0.9600,0.015291,0.9167
189,0.012560,0.9600,0.015651,0.9167
190,0.025426,0.9300,0.015171,0.9167
191,0.015221,0.9500,0.015043,0.9167
192,0.016008,0.9400,0.015427,0.9167
193,0.017429,0.9300,0.013551,0.9167
194,0.025177,0.9300,0.012277,0.9167
195,0.020814,0.9300,0.012798,0.9167
196,0.018454,0.9300,0.012966,0.9167
197,0.027394,0.9100,0.012382,0.9167
198,0.012402,0.9600,0.012266,0.9167
199,0.028874,0.9100,0.012404,0.9167
200,0.020200,0.9400,0.011775,0.9167
1,0.130210,0.5200,0.126560,0.5417
2,0.128593,0.6100,0.124445,0.6667
3,0.126883,0.6500,0.122158,0.6250
4,0.124813,0.6900,0.117873,0.7500
5,0.118843,0.6700,0.109689,0.7917
6,0.107532,0.8100,0.099012,0.7917
7,0.102103,0.7600,0.086964,0.7917
8,0.092297,0.7900,0.078826,0.7917
9,0.082209,0.8200,0.071688,0.8333
10,0.079960,0.7800,0.064036,0.8333
11,0.064739,0.8700,0.059953,0.8333
12,0.063144,0.8600,0.057679,0.8333
13,0.061198,0.8500,0.055320,0.8333
14,0.059981,0.8400,0.052831,0.8333
15,0.058639,0.8600,0.050823,0.8333
16,0.057860,0.8200,0.050104,0.8750
17,0.060776,0.7900,0.049446,0.8750
18,0.060196,0.8100,0.049311,0.8750
19,0.061862,0.8200,0.048695,0.8750
20,0.052455,0.8300,0.047389,0.9167
21,0.052019,0.8700,0.047222,0.9167
22,0.057227,0.8200,0.048466,0.8750
23,0.062119,0.8300,0.050334,0.8750
24,0.052056,0.9100,0.048277,0.8750
25,0.058887,0.8100,0.045325,0.9167
26,0.050287,0.8800,0.042932,0.9167
27,0.055732,0.8500,0.041910,0.9167
28,0.049108,0.9000,0.041173,0.9167
29,0.051926,0.8700,0.039540,0.9167
30,0.056459,0.8700,0.038649,0.9167
31,0.047094,0.9000,0.037339,0.9167
32,0.051982,0.8500,0.036462,0.9167
33,0.062865,0.8100,0.034857,0.9167
34,0.049446,0.9100,0.033879,0.9167
35,0.055738,0.8400,0.033768,0.9167
36,0.057302,0.8800,0.031818,0.9167
37,0.051931,0.8700,0.031248,0.9167
38,0.044740,0.9200,0.031793,0.9167
39,0.053683,0.9000,0.031366,0.9167
40,0.056340,0.8800,0.032075,0.9167
41,0.057729,0.8900,0.030672,0.9167
42,0.047013,0.9100,0.029982,0.9167
43,0.059923,0.8700,0.030455,0.9167
44,0.048044,0.8900,0.030824,0.9167
45,0.054708,0.8800,0.029395,0.9167
46,0.044927,0.8900,0.028560,0.9167
47,0.049421,0.8900,0.027800,0.9167
48,0.053500,0.8700,0.027579,0.9167
49,0.044952,0.9000,0.027365,0.9167
50,0.048896,0.9100,0.027275,0.9167
51,0.046665,0.8800,0.027850,0.9167
52,0.048021,0.9000,0.027574,0.9167
53,0.054896,0.9100,0.026698,0.9167
54,0.049611,0.9200,0.026187,0.9583
55,0.062217,0.8700,0.025468,0.9583
56,0.059851,0.8400,0.024790,0.9583
57,0.060039,0.8400,0.024744,0.9583
58,0.046597,0.9300,0.025054,0.9583
59,0.045097,0.9300,0.025274,0.9583
60,0.043533,0.9200,0.024958,0.9583
61,0.059673,0.8800,0.025222,0.9583
62,0.050711,0.8900,0.024822,0.9583
63,0.049979,0.8900,0.024517,0.9583
64,0.045901,0.9300,0.024587,0.9583
65,0.058647,0.8700,0.023949,0.9583
66,0.059540,0.8600,0.023679,0.9583
67,0.058439,0.8900,0.023668,0.9583
68,0.062639,0.8600,0.023385,0.9583
69,0.064731,0.8500,0.023311,0.9583
70,0.060126,0.8500,0.022733,0.9583
71,0.057490,0.8800,0.022546,0.9583
72,0.058817,0.8600,0.022495,0.9583
73,0.064315,0.8200,0.022632,0.9583
74,0.063093,0.8300,0.022914,0.9583
75,0.057479,0.8600,0.022804,0.9583
76,0.058026,0.8700,0.022717,0.9583
77,0.047774,0.9000,0.022898,0.9583
78,0.061966,0.8700,0.022900,0.9583
79,0.050736,0.8900,0.022814,0.9583
80,0.064282,0.8300,0.023052,0.9583
81,0.059767,0.8700,0.023000,0.9583
82,0.048262,0.9200,0.022978,0.9583
83,0.046303,0.9500,0.023138,0.9583
84,0.072556,0.8200,0.023305,0.9583
85,0.048967,0.9100,0.023313,0.9583
86,0.048526,0.9000,0.023363,0.9583
87,0.059579,0.8400,0.023388,0.9583
88,0.059149,0.8800,0.023085,0.9583
89,0.043613,0.9400,0.022947,0.9583
90,0.044197,0.9300,0.022957,0.9583
91,0.061932,0.8900,0.022880,0.9583
92,0.044577,0.9300,0.022814,0.9583
93,0.046234,0.9200,0.022490,0.9583
94,0.056062,0.8600,0.022345,0.9583
95,0.057668,0.8600,0.022810,0.9583
96,0.046098,0.8900,0.022485,0.9583
97,0.044161,0.9200,0.022475,0.9583
98,0.056683,0.8900,0.022413,0.9583
99,0.056619,0.8800,0.022470,0.9583
100,0.046977,0.9300,0.022643,0.9583
101,0.060576,0.8700,0.022810,0.9583
102,0.050495,0.9000,0.022479,0.9583
103,0.050434,0.8800,0.022110,0.9583
104,0.054902,0.8600,0.022230,0.9583
105,0.057106,0.8800,0.022278,0.9583
106,0.049108,0.8800,0.022451,0.9583
107,0.062494,0.8900,0.022340,0.9583
108,0.056015,0.8700,0.022365,0.9583
109,0.056830,0.8600,0.022557,0.9583
110,0.061230,0.8600,0.022827,0.9583
111,0.050668,0.9100,0.023011,0.9583
112,0.058966,0.8900,0.023002,0.9583
113,0.047649,0.9000,0.023207,0.9583
114,0.054004,0.8800,0.023345,0.9583
115,0.055850,0.8900,0.023296,0.9583
116,0.052331,0.9000,0.023279,0.9583
117,0.064812,0.8500,0.023028,0.9583
118,0.051064,0.9000,0.022776,0.9583
119,0.050808,0.8800,0.022747,0.9583
120,0.052206,0.8900,0.022813,0.9583
121,0.056974,0.8800,0.022761,0.9583
122,0.062134,0.8700,0.022655,0.9583
123,0.064952,0.8700,0.022623,0.9583
124,0.050744,0.9300,0.022622,0.9583
125,0.053886,0.9000,0.022322,0.9583
126,0.047880,0.9200,0.022229,0.9583
127,0.047403,0.9400,0.022074,0.9583
128,0.051889,0.9300,0.022044,0.9583
129,0.060184,0.8500,0.021979,0.9583
130,0.060785,0.8800,0.021850,0.9583
131,0.056246,0.8800,0.021970,0.9583
132,0.049623,0.9200,0.021991,0.9583
133,0.061586,0.8800,0.021965,0.9583
134,0.056879,0.9100,0.021905,0.9583
135,0.058013,0.9100,0.022119,0.9583
136,0.057979,0.9200,0.022086,0.9583
137,0.048639,0.9500,0.021943,0.9583
138,0.045929,0.9300,0.021756,0.9583
139,0.046903,0.9500,0.021722,0.9583
140,0.056110,0.9200,0.021632,0.9583
141,0.054077,0.9100,0.021649,0.9583
142,0.056348,0.8800,0.021730,0.9583
143,0.051100,0.9500,0.021695,0.9583
144,0.061866,0.8600,0.021724,0.9583
145,0.051230,0.9100,0.021669,0.9583
146,0.062344,0.9100,0.021586,0.9583
147,0.057841,0.9200,0.021410,0.9583
148,0.047353,0.9500,0.021234,0.9583
149,0.047489,0.9300,0.021104,0.9583
150,0.048311,0.9100,0.021142,0.9583
151,0.060813,0.8900,0.021231,0.9583
152,0.069743,0.8600,0.021351,0.9583
153,0.054584,0.8900,0.021369,0.9583
154,0.062572,0.9000,0.021405,0.9583
155,0.053808,0.9300,0.021292,0.9583
156,0.059821,0.9000,0.021155,0.9583
157,0.063769,0.8900,0.021061,0.9583
158,0.061459,0.8900,0.020869,0.9583
159,0.062985,0.8700,0.020642,0.9583
160,0.060330,0.8800,0.020539,0.9583
161,0.060594,0.9100,0.020629,0.9583
162,0.054260,0.9400,0.020643,0.9583
163,0.045811,0.9600,0.020672,0.9583
164,0.060531,0.8800,0.020805,0.9583
165,0.055882,0.9000,0.020879,0.9583
166,0.070241,0.8500,0.020949,0.9583
167,0.056658,0.8800,0.021129,0.9583
168,0.052316,0.8900,0.021240,0.9583
169,0.062927,0.8900,0.021225,0.9583
170,0.067054,0.8800,0.021058,0.9583
171,0.052935,0.8800,0.021018,0.9583
172,0.058905,0.8700,0.020988,0.9583
173,0.055935,0.9000,0.020778,0.9583
174,0.052164,0.9400,0.020735,0.9583
175,0.049847,0.9200,0.020633,0.9583
176,0.055084,0.9000,0.020732,0.9583
177,0.045027,0.9400,0.020751,0.9583
178,0.068387,0.8600,0.020724,0.9583
179,0.051316,0.9500,0.020749,0.9583
180,0.060006,0.9100,0.020738,0.9583
181,0.058652,0.8900,0.020749,0.9583
182,0.063425,0.8800,0.020862,0.9583
183,0.055995,0.9200,0.020853,0.9583
184,0.050322,0.9300,0.020842,0.9583
185,0.069428,0.8400,0.020781,0.9583
186,0.050025,0.9300,0.020779,0.9583
187,0.050152,0.9200,0.020794,0.9583
188,0.065936,0.8700,0.020783,0.9583
189,0.064955,0.8800,0.020822,0.9583
190,0.053968,0.9200,0.020780,0.9583
191,0.048653,0.9400,0.020732,0.9583
192,0.057633,0.9100,0.020671,0.9583
193,0.058855,0.9000,0.020603,0.9583
194,0.058010,0.8900,0.020561,0.9583
195,0.060857,0.8800,0.020570,0.9583
196,0.061636,0.9100,0.020598,0.9583
197,0.055436,0.9300,0.020539,0.9583
198,0.066789,0.8900,0.020456,0.9583
199,0.066031,0.8700,0.020499,0.9583
200,0.057640,0.9300,0.020441,0.9583
1,0.127058,0.4800,0.119536,0.7500
2,0.120238,0.6600,0.108014,0.7500
3,0.109438,0.7300,0.092418,0.8750
4,0.093475,0.8300,0.072902,0.8750
5,0.070486,0.9000,0.060946,0.8750
6,0.056244,0.9000,0.042266,0.9583
7,0.042773,0.9000,0.022738,1.0000
8,0.020183,0.9700,0.019478,0.9583
9,0.009473,0.9900,0.009101,1.0000
10,0.004991,0.9900,0.014994,0.9167
11,0.009529,0.9800,0.006831,1.0000
12,0.005342,0.9800,0.005432,1.0000
13,0.002431,1.0000,0.001185,1.0000
14,0.000535,1.0000,0.000349,1.0000
15,0.000223,1.0000,0.000338,1.0000
16,0.000164,1.0000,0.000328,1.0000
17,0.000132,1.0000,0.000211,1.0000
18,0.000098,1.0000,0.000212,1.0000
19,0.000076,1.0000,0.000151,1.0000
20,0.000069,1.0000,0.000122,1.0000
21,0.000062,1.0000,0.000097,1.0000
22,0.000047,1.0000,0.000082,1.0000
23,0.000037,1.0000,0.000072,1.0000
24,0.000033,1.0000,0.000064,1.0000
25,0.000029,1.0000,0.000058,1.0000
26,0.000026,1.0000,0.000049,1.0000
27,0.000023,1.0000,0.000043,1.0000
28,0.000022,1.0000,0.000041,1.0000
29,0.000018,1.0000,0.000037,1.0000
30,0.000017,1.0000,0.000035,1.0000
31,0.000015,1.0000,0.000031,1.0000
32,0.000014,1.0000,0.000029,1.0000
33,0.000013,1.0000,0.000027,1.0000
34,0.000012,1.0000,0.000025,1.0000
35,0.000011,1.0000,0.000022,1.0000
36,0.000010,1.0000,0.000021,1.0000
37,0.000010,1.0000,0.000021,1.0000
38,0.000009,1.0000,0.000020,1.0000
39,0.000009,1.0000,0.000019,1.0000
40,0.000008,1.0000,0.000018,1.0000
41,0.000008,1.0000,0.000016,1.0000
42,0.000007,1.0000,0.000017,1.0000
43,0.000007,1.0000,0.000015,1.0000
44,0.000006,1.0000,0.000015,1.0000
45,0.000006,1.0000,0.000014,1.0000
46,0.000006,1.0000,0.000013,1.0000
47,0.000005,1.0000,0.000012,1.0000
48,0.000005,1.0000,0.000013,1.0000
49,0.000005,1.0000,0.000012,1.0000
50,0.000005,1.0000,0.000011,1.0000
51,0.000004,1.0000,0.000011,1.0000
52,0.000004,1.0000,0.000010,1.0000
53,0.000004,1.0000,0.000010,1.0000
54,0.000004,1.0000,0.000010,1.0000
55,0.000004,1.0000,0.000009,1.0000
56,0.000004,1.0000,0.000008,1.0000
57,0.000004,1.0000,0.000008,1.0000
58,0.000003,1.0000,0.000008,1.0000
59,0.000003,1.0000,0.000008,1.0000
60,0.000003,1.0000,0.000007,1.0000
61,0.000003,1.0000,0.000007,1.0000
62,0.000003,1.0000,0.000007,1.0000
63,0.000003,1.0000,0.000007,1.0000
64,0.000003,1.0000,0.000007,1.0000
65,0.000003,1.0000,0.000006,1.0000
66,0.000003,1.0000,0.000006,1.0000
67,0.000003,1.0000,0.000006,1.0000
68,0.000002,1.0000,0.000006,1.0000
69,0.000002,1.0000,0.000006,1.0000
70,0.000002,1.0000,0.000006,1.0000
71,0.000002,1.0000,0.000005,1.0000
72,0.000002,1.0000,0.000005,1.0000
73,0.000002,1.0000,0.000005,1.0000
74,0.000002,1.0000,0.000005,1.0000
75,0.000002,1.0000,0.000005,1.0000
76,0.000002,1.0000,0.000005,1.0000
77,0.000002,1.0000,0.000005,1.0000
78,0.000002,1.0000,0.000005,1.0000
79,0.000002,1.0000,0.000004,1.0000
80,0.000002,1.0000,0.000004,1.0000
81,0.000002,1.0000,0.000004,1.0000
82,0.000002,1.0000,0.000004,1.0000
83,0.000002,1.0000,0.000004,1.0000
84,0.000002,1.0000,0.000004,1.0000
85,0.000002,1.0000,0.000004,1.0000
86,0.000002,1.0000,0.000004,1.0000
87,0.000001,1.0000,0.000004,1.0000
88,0.000001,1.0000,0.000004,1.0000
89,0.000001,1.0000,0.000004,1.0000
90,0.000001,1.0000,0.000004,1.0000
91,0.000001,1.0000,0.000003,1.0000
92,0.000001,1.0000,0.000003,1.0000
93,0.000001,1.0000,0.000003,1.0000
94,0.000001,1.0000,0.000003,1.0000
95,0.000001,1.0000,0.000003,1.0000
96,0.000001,1.0000,0.000003,1.0000
97,0.000001,1.0000,0.000003,1.0000
98,0.000001,1.0000,0.000003,1.0000
99,0.000001,1.0000,0.000003,1.0000
100,0.000001,1.0000,0.000003,1.0000
101,0.000001,1.0000,0.000003,1.0000
102,0.000001,1.0000,0.000003,1.0000
103,0.000001,1.0000,0.000003,1.0000
104,0.000001,1.0000,0.000003,1.0000
105,0.000001,1.0000,0.000003,1.0000
106,0.000001,1.0000,0.000003,1.0000
107,0.000001,1.0000,0.000003,1.0000
108,0.000001,1.0000,0.000003,1.0000
109,0.000001,1.0000,0.000003,1.0000
110,0.000001,1.0000,0.000002,1.0000
111,0.000001,1.0000,0.000002,1.0000
112,0.000001,1.0000,0.000002,1.0000
113,0.000001,1.0000,0.000002,1.0000
114,0.000001,1.0000,0.000002,1.0000
115,0.000001,1.0000,0.000002,1.0000
116,0.000001,1.0000,0.000002,1.0000
117,0.000001,1.0000,0.000002,1.0000
118,0.000001,1.0000,0.000002,1.0000
119,0.000001,1.0000,0.000002,1.0000
120,0.000001,1.0000,0.000002,1.0000
121,0.000001,1.0000,0.000002,1.0000
122,0.000001,1.0000,0.000002,1.0000
123,0.000001,1.0000,0.000002,1.0000
124,0.000001,1.0000,0.000002,1.0000
125,0.000001,1.0000,0.000002,1.0000
126,0.000001,1.0000,0.000002,1.0000
127,0.000001,1.0000,0.000002,1.0000
128,0.000001,1.0000,0.000002,1.0000
129,0.000001,1.0000,0.000002,1.0000
130,0.000001,1.0000,0.000002,1.0000
131,0.000001,1.0000,0.000002,1.0000
132,0.000001,1.0000,0.000002,1.0000
133,0.000001,1.0000,0.000002,1.0000
134,0.000001,1.0000,0.000002,1.0000
135,0.000001,1.0000,0.000002,1.0000
136,0.000001,1.0000,0.000002,1.0000
137,0.000001,1.0000,0.000002,1.0000
138,0.000001,1.0000,0.000002,1.0000
139,0.000001,1.0000,0.000002,1.0000
140,0.000001,1.0000,0.000002,1.0000
141,0.000001,1.0000,0.000002,1.0000
142,0.000001,1.0000,0.000002,1.0000
143,0.000001,1.0000,0.000002,1.0000
144,0.000001,1.0000,0.000002,1.0000
145,0.000001,1.0000,0.000002,1.0000
146,0.000001,1.0000,0.000002,1.0000
147,0.000001,1.0000,0.000002,1.0000
148,0.000001,1.0000,0.000002,1.0000
149,0.000001,1.0000,0.000002,1.0000
150,0.000001,1.0000,0.000002,1.0000
151,0.000001,1.0000,0.000002,1.0000
152,0.000001,1.0000,0.000002,1.0000
153,0.000001,1.0000,0.000001,1.0000
154,0.000001,1.0000,0.000001,1.0000
155,0.000001,1.0000,0.000001,1.0000
156,0.000001,1.0000,0.000001,1.0000
157,0.000001,1.0000,0.000001,1.0000
158,0.000001,1.0000,0.000001,1.0000
159,0.000001,1.0000,0.000001,1.0000
160,0.000001,1.0000,0.000001,1.0000
161,0.000001,1.0000,0.000001,1.0000
162,0.000001,1.0000,0.000001,1.0000
163,0.000000,1.0000,0.000001,1.0000
164,0.000000,1.0000,0.000001,1.0000
165,0.000000,1.0000,0.000001,1.0000
166,0.000000,1.0000,0.000001,1.0000
167,0.000000,1.0000,0.000001,1.0000
168,0.000000,1.0000,0.000001,1.0000
169,0.000000,1.0000,0.000001,1.0000
170,0.000000,1.0000,0.000001,1.0000
171,0.000000,1.0000,0.000001,1.0000
172,0.000000,1.0000,0.000001,1.0000
173,0.000000,1.0000,0.000001,1.0000
174,0.000000,1.0000,0.000001,1.0000
175,0.000000,1.0000,0.000001,1.0000
176,0.000000,1.0000,0.000001,1.0000
177,0.000000,1.0000,0.000001,1.0000
178,0.000000,1.0000,0.000001,1.0000
179,0.000000,1.0000,0.000001,1.0000
180,0.000000,1.0000,0.000001,1.0000
181,0.000000,1.0000,0.000001,1.0000
182,0.000000,1.0000,0.000001,1.0000
183,0.000000,1.0000,0.000001,1.0000
184,0.000000,1.0000,0.000001,1.0000
185,0.000000,1.0000,0.000001,1.0000
186,0.000000,1.0000,0.000001,1.0000
187,0.000000,1.0000,0.000001,1.0000
188,0.000000,1.0000,0.000001,1.0000
189,0.000000,1.0000,0.000001,1.0000
190,0.000000,1.0000,0.000001,1.0000
191,0.000000,1.0000,0.000001,1.0000
192,0.000000,1.0000,0.000001,1.0000
193,0.000000,1.0000,0.000001,1.0000
194,0.000000,1.0000,0.000001,1.0000
195,0.000000,1.0000,0.000001,1.0000
196,0.000000,1.0000,0.000001,1.0000
197,0.000000,1.0000,0.000001,1.0000
198,0.000000,1.0000,0.000001,1.0000
199,0.000000,1.0000,0.000001,1.0000
200,0.000000,1.0000,0.000001,1.0000
1,0.125263,0.5100,0.107803,0.6667
2,0.101642,0.7200,0.095518,0.7500
3,0.068147,0.8800,0.093173,0.7500
4,0.064160,0.8300,0.098095,0.7083
5,0.054532,0.8900,0.104685,0.7083
6,0.054336,0.8700,0.110450,0.7500
7,0.054612,0.8700,0.107054,0.7083
8,0.056579,0.8700,0.105764,0.6667
9,0.055420,0.8700,0.104436,0.6667
10,0.053833,0.8700,0.107842,0.6667
11,0.049923,0.8800,0.115052,0.7083
12,0.046654,0.8800,0.113849,0.6667
13,0.051759,0.8800,0.113442,0.7083
14,0.050210,0.8800,0.110277,0.7083
15,0.054044,0.8700,0.107426,0.7083
16,0.052470,0.8700,0.111868,0.7083
17,0.050229,0.8900,0.111763,0.6667
18,0.047072,0.8800,0.116655,0.7083
19,0.047264,0.8700,0.113357,0.6667
20,0.052708,0.8600,0.111900,0.7083
21,0.050244,0.8600,0.115747,0.7083
22,0.046811,0.8900,0.111349,0.7083
23,0.042450,0.8900,0.107904,0.7083
24,0.054257,0.8500,0.114975,0.7083
25,0.046293,0.8800,0.116797,0.7083
26,0.042196,0.8800,0.114905,0.7083
27,0.033945,0.9200,0.108904,0.7083
28,0.040332,0.8900,0.096753,0.7083
29,0.035503,0.9200,0.104084,0.7083
30,0.035407,0.9000,0.096956,0.7083
31,0.040057,0.8800,0.088533,0.7917
32,0.038365,0.9000,0.105957,0.7083
33,0.041427,0.8900,0.106862,0.7083
34,0.041876,0.8900,0.105524,0.7083
35,0.036311,0.9100,0.099079,0.7083
36,0.041760,0.9000,0.095593,0.7500
37,0.040990,0.9000,0.098271,0.7500
38,0.037127,0.9200,0.098455,0.7500
39,0.035651,0.9200,0.097270,0.7500
40,0.031667,0.9500,0.090108,0.7917
41,0.034664,0.9100,0.094174,0.7500
42,0.038415,0.9100,0.098565,0.7500
43,0.037646,0.9100,0.096389,0.7500
44,0.034338,0.9100,0.093002,0.7500
45,0.031324,0.9100,0.088689,0.7917
46,0.042242,0.8900,0.089373,0.7917
47,0.040069,0.9100,0.091351,0.7500
48,0.036445,0.9300,0.086194,0.7917
49,0.037221,0.9200,0.085657,0.7917
50,0.038039,0.9200,0.087456,0.7917
51,0.039719,0.9000,0.087725,0.7917
52,0.032454,0.9400,0.090092,0.7917
53,0.035118,0.9200,0.089439,0.7917
54,0.038240,0.9000,0.089456,0.7917
55,0.038926,0.9200,0.089538,0.7917
56,0.043451,0.8700,0.092069,0.7917
57,0.036334,0.9100,0.090522,0.7917
58,0.032302,0.9000,0.092516,0.7917
59,0.036923,0.9300,0.092661,0.7917
60,0.031689,0.9100,0.095471,0.7500
61,0.037598,0.9200,0.092140,0.7917
62,0.037518,0.9000,0.092361,0.7917
63,0.049180,0.8900,0.095359,0.7917
64,0.028090,0.9200,0.095674,0.7917
65,0.035451,0.9100,0.097658,0.7500
66,0.038048,0.9100,0.092594,0.7917
67,0.041069,0.9100,0.091780,0.7917
68,0.036730,0.9100,0.092157,0.7917
69,0.039053,0.9100,0.095721,0.7917
70,0.039667,0.9000,0.092333,0.7917
71,0.044859,0.8900,0.091635,0.7917
72,0.033090,0.9200,0.092419,0.7917
73,0.035476,0.9200,0.092996,0.7917
74,0.036979,0.8900,0.091185,0.7917
75,0.027186,0.9400,0.090569,0.7917
76,0.034447,0.9300,0.091625,0.7917
77,0.032869,0.9100,0.091219,0.7917
78,0.038154,0.8900,0.091545,0.7917
79,0.034514,0.9200,0.092869,0.7917
80,0.039247,0.8900,0.088096,0.7917
81,0.041091,0.8900,0.089643,0.7917
82,0.031559,0.9300,0.087601,0.7917
83,0.029742,0.9200,0.089494,0.7917
84,0.035048,0.9100,0.088473,0.7917
85,0.040301,0.8900,0.089157,0.7917
86,0.027155,0.9200,0.089471,0.7917
87,0.033820,0.9100,0.089525,0.7917
88,0.031483,0.9300,0.089523,0.7917
89,0.041506,0.8900,0.092766,0.7917
90,0.034582,0.9200,0.091850,0.7917
91,0.031495,0.9300,0.092736,0.7917
92,0.029968,0.9200,0.091901,0.7917
93,0.031681,0.9300,0.089787,0.7917
94,0.034999,0.8900,0.091273,0.7917
95,0.034790,0.9200,0.092296,0.7917
96,0.039585,0.9100,0.093412,0.7917
97,0.038190,0.9100,0.094780,0.7917
98,0.031600,0.9100,0.090431,0.7917
99,0.037665,0.9200,0.089560,0.7917
100,0.035947,0.9100,0.090900,0.7917
101,0.031655,0.9200,0.092878,0.7917
102,0.028479,0.9300,0.091595,0.7917
103,0.032088,0.9300,0.088667,0.7917
104,0.031801,0.9100,0.085796,0.7917
105,0.030112,0.9200,0.087393,0.7917
106,0.039004,0.9000,0.089852,0.7917
107,0.035208,0.9200,0.089140,0.7917
108,0.035174,0.9200,0.090911,0.7917
109,0.037001,0.9100,0.091288,0.7917
110,0.039983,0.9000,0.091407,0.7917
111,0.024674,0.9300,0.091675,0.7917
112,0.038514,0.9100,0.092063,0.7917
113,0.035803,0.9000,0.088956,0.7917
114,0.037024,0.9000,0.091403,0.7917
115,0.032048,0.9300,0.093709,0.7917
116,0.031987,0.9200,0.090121,0.7917
117,0.032401,0.9200,0.088431,0.7917
118,0.037154,0.9100,0.088293,0.7917
119,0.030899,0.9000,0.088571,0.7917
120,0.044378,0.8800,0.088304,0.7917
121,0.031843,0.9300,0.089741,0.7917
122,0.028587,0.9200,0.090988,0.7917
123,0.029311,0.9400,0.089929,0.7917
124,0.041276,0.8900,0.091655,0.7917
125,0.029893,0.9300,0.091763,0.7917
126,0.036244,0.8900,0.091617,0.7917
127,0.037100,0.9000,0.090961,0.7917
128,0.038070,0.8900,0.091247,0.7917
129,0.025917,0.9200,0.092311,0.7917
130,0.031977,0.9200,0.092554,0.7917
131,0.034948,0.9300,0.093611,0.7917
132,0.037275,0.9200,0.094033,0.7917
133,0.042433,0.9000,0.092781,0.7917
134,0.034129,0.8900,0.092183,0.7917
135,0.040892,0.9100,0.092521,0.7917
136,0.037175,0.9100,0.091844,0.7917
137,0.025609,0.9400,0.091183,0.7917
138,0.030348,0.9100,0.091231,0.7917
139,0.029944,0.9200,0.090560,0.7917
140,0.033217,0.9100,0.089897,0.7917
141,0.029678,0.9300,0.089806,0.7917
142,0.032327,0.9300,0.091117,0.7917
143,0.038375,0.9000,0.091599,0.7917
144,0.039904,0.8900,0.091201,0.7917
145,0.035311,0.9100,0.090445,0.7917
146,0.045994,0.8600,0.089196,0.7917
147,0.039223,0.8700,0.088301,0.7917
148,0.041707,0.9000,0.088379,0.7917
149,0.034913,0.9000,0.088983,0.7917
150,0.038195,0.9000,0.088615,0.7917
151,0.031842,0.9100,0.089163,0.7917
152,0.033071,0.9100,0.089450,0.7917
153,0.033303,0.9200,0.088891,0.7917
154,0.027805,0.9400,0.087329,0.7917
155,0.032743,0.9000,0.087808,0.7917
156,0.032263,0.9200,0.088599,0.7917
157,0.033642,0.9100,0.089822,0.7917
158,0.040389,0.9000,0.087942,0.7917
159,0.030434,0.9400,0.090174,0.7917
160,0.027678,0.9400,0.089552,0.7917
161,0.034907,0.9100,0.087912,0.7917
162,0.039700,0.9000,0.088092,0.7917
163,0.041822,0.8900,0.088826,0.7917
164,0.042638,0.9000,0.090574,0.7917
165,0.031267,0.9200,0.089574,0.7917
166,0.039258,0.9000,0.089712,0.7917
167,0.038152,0.9100,0.089446,0.7917
168,0.033687,0.9000,0.089961,0.7917
169,0.028599,0.9300,0.090405,0.7917
170,0.038111,0.9100,0.091152,0.7917
171,0.029543,0.9100,0.090564,0.7917
172,0.038832,0.8900,0.090412,0.7917
173,0.032534,0.9100,0.089006,0.7917
174,0.038378,0.8900,0.091453,0.7917
175,0.030144,0.9200,0.093467,0.7917
176,0.035465,0.9200,0.092409,0.7917
177,0.044398,0.8800,0.090749,0.7917
178,0.035830,0.9200,0.091038,0.7917
179,0.035707,0.9000,0.091619,0.7917
180,0.027271,0.9400,0.090451,0.7917
181,0.022353,0.9400,0.089786,0.7917
182,0.028917,0.9300,0.089024,0.7917
183,0.033525,0.9000,0.089709,0.7917
184,0.038290,0.9000,0.090589,0.7917
185,0.036482,0.9100,0.089566,0.7917
186,0.040354,0.8600,0.090785,0.7917
187,0.029694,0.9400,0.091222,0.7917
188,0.032953,0.9200,0.090518,0.7917
189,0.028023,0.9200,0.090080,0.7917
190,0.038655,0.9000,0.091960,0.7917
191,0.031564,0.9400,0.093031,0.7917
192,0.039197,0.9000,0.091906,0.7917
193,0.038191,0.8900,0.091248,0.7917
194,0.028999,0.9400,0.091069,0.7917
195,0.032362,0.9000,0.091568,0.7917
196,0.033339,0.9000,0.091443,0.7917
197,0.031139,0.9200,0.091512,0.7917
198,0.039134,0.8900,0.090663,0.7917
199,0.035136,0.9100,0.089887,0.7917
200,0.043285,0.8800,0.089947,0.7917
1,0.125263,0.5100,0.107803,0.6667
2,0.101642,0.7200,0.095518,0.7500
3,0.068147,0.8800,0.093173,0.7500
4,0.064160,0.8300,0.098095,0.7083
5,0.054532,0.8900,0.104685,0.7083
6,0.054336,0.8700,0.110450,0.7500
7,0.054612,0.8700,0.107054,0.7083
8,0.056579,0.8700,0.105764,0.6667
9,0.055420,0.8700,0.104436,0.6667
10,0.053833,0.8700,0.107842,0.6667
11,0.049923,0.8800,0.115052,0.7083
12,0.046654,0.8800,0.113849,0.6667
13,0.051759,0.8800,0.113442,0.7083
14,0.050210,0.8800,0.110277,0.7083
15,0.054044,0.8700,0.107426,0.7083
16,0.052470,0.8700,0.111868,0.7083
17,0.050229,0.8900,0.111763,0.6667
18,0.047072,0.8800,0.116655,0.7083
19,0.047264,0.8700,0.113357,0.6667
20,0.052708,0.8600,0.111900,0.7083
21,0.050244,0.8600,0.115747,0.7083
22,0.046811,0.8900,0.111349,0.7083
23,0.042450,0.8900,0.107904,0.7083
24,0.054257,0.8500,0.114975,0.7083
25,0.046293,0.8800,0.116797,0.7083
26,0.042196,0.8800,0.114905,0.7083
27,0.033945,0.9200,0.108904,0.7083
28,0.040332,0.8900,0.096753,0.7083
29,0.035503,0.9200,0.104084,0.7083
30,0.035407,0.9000,0.096956,0.7083
31,0.040057,0.8800,0.088533,0.7917
32,0.038365,0.9000,0.105957,0.7083
33,0.041427,0.8900,0.106862,0.7083
34,0.041876,0.8900,0.105524,0.7083
35,0.036311,0.9100,0.099079,0.7083
36,0.041760,0.9000,0.095593,0.7500
37,0.040990,0.9000,0.098271,0.7500
38,0.037127,0.9200,0.098455,0.7500
39,0.035651,0.9200,0.097270,0.7500
40,0.031667,0.9500,0.090108,0.7917
41,0.034664,0.9100,0.094174,0.7500
42,0.038415,0.9100,0.098565,0.7500
43,0.037646,0.9100,0.096389,0.7500
44,0.034338,0.9100,0.093002,0.7500
45,0.031324,0.9100,0.088689,0.7917
46,0.042242,0.8900,0.089373,0.7917
47,0.040069,0.9100,0.091351,0.7500
48,0.036445,0.9300,0.086194,0.7917
49,0.037221,0.9200,0.085657,0.7917
50,0.038039,0.9200,0.087456,0.7917
51,0.039719,0.9000,0.087725,0.7917
52,0.032454,0.9400,0.090092,0.7917
53,0.035118,0.9200,0.089439,0.7917
54,0.038240,0.9000,0.089456,0.7917
55,0.038926,0.9200,0.089538,0.7917
56,0.043451,0.8700,0.092069,0.7917
57,0.036334,0.9100,0.090522,0.7917
58,0.032302,0.9000,0.092516,0.7917
59,0.036923,0.9300,0.092661,0.7917
60,0.031689,0.9100,0.095471,0.7500
61,0.037598,0.9200,0.092140,0.7917
62,0.037518,0.9000,0.092361,0.7917
63,0.049180,0.8900,0.095359,0.7917
64,0.028090,0.9200,0.095674,0.7917
65,0.035451,0.9100,0.097658,0.7500
66,0.038048,0.9100,0.092594,0.7917
67,0.041069,0.9100,0.091780,0.7917
68,0.036730,0.9100,0.092157,0.7917
69,0.039053,0.9100,0.095721,0.7917
70,0.039667,0.9000,0.092333,0.7917
71,0.044859,0.8900,0.091635,0.7917
72,0.033090,0.9200,0.092419,0.7917
73,0.035476,0.9200,0.092996,0.7917
74,0.036979,0.8900,0.091185,0.7917
75,0.027186,0.9400,0.090569,0.7917
76,0.034447,0.9300,0.091625,0.7917
77,0.032869,0.9100,0.091219,0.7917
78,0.038154,0.8900,0.091545,0.7917
79,0.034514,0.9200,0.092869,0.7917
80,0.039247,0.8900,0.088096,0.7917
81,0.041091,0.8900,0.089643,0.7917
82,0.031559,0.9300,0.087601,0.7917
83,0.029742,0.9200,0.089494,0.7917
84,0.035048,0.9100,0.088473,0.7917
85,0.040301,0.8900,0.089157,0.7917
86,0.027155,0.9200,0.089471,0.7917
87,0.033820,0.9100,0.089525,0.7917
88,0.031483,0.9300,0.089523,0.7917
89,0.041506,0.8900,0.092766,0.7917
90,0.034582,0.9200,0.091850,0.7917
91,0.031495,0.9300,0.092736,0.7917
92,0.029968,0.9200,0.091901,0.7917
93,0.031681,0.9300,0.089787,0.7917
94,0.034999,0.8900,0.091273,0.7917
95,0.034790,0.9200,0.092296,0.7917
96,0.039585,0.9100,0.093412,0.7917
97,0.038190,0.9100,0.094780,0.7917
98,0.031600,0.9100,0.090431,0.7917
99,0.037665,0.9200,0.089560,0.7917
100,0.035947,0.9100,0.090900,0.7917
101,0.031655,0.9200,0.092878,0.7917
102,0.028479,0.9300,0.091595,0.7917
103,0.032088,0.9300,0.088667,0.7917
104,0.031801,0.9100,0.085796,0.7917
105,0.030112,0.9200,0.087393,0.7917
106,0.039004,0.9000,0.089852,0.7917
107,0.035208,0.9200,0.089140,0.7917
108,0.035174,0.9200,0.090911,0.7917
109,0.037001,0.9100,0.091288,0.7917
110,0.039983,0.9000,0.091407,0.7917
111,0.024674,0.9300,0.091675,0.7917
112,0.038514,0.9100,0.092063,0.7917
113,0.035803,0.9000,0.088956,0.7917
114,0.037024,0.9000,0.091403,0.7917
115,0.032048,0.9300,0.093709,0.7917
116,0.031987,0.9200,0.090121,0.7917
117,0.032401,0.9200,0.088431,0.7917
118,0.037154,0.9100,0.088293,0.7917
119,0.030899,0.9000,0.088571,0.7917
120,0.044378,0.8800,0.088304,0.7917
121,0.031843,0.9300,0.089741,0.7917
122,0.028587,0.9200,0.090988,0.7917
123,0.029311,0.9400,0.089929,0.7917
124,0.041276,0.8900,0.091655,0.7917
125,0.029893,0.9300,0.091763,0.7917
126,0.036244,0.8900,0.091617,0.7917
127,0.037100,0.9000,0.090961,0.7917
128,0.038070,0.8900,0.091247,0.7917
129,0.025917,0.9200,0.092311,0.7917
130,0.031977,0.9200,0.092554,0.7917
131,0.034948,0.9300,0.093611,0.7917
132,0.037275,0.9200,0.094033,0.7917
133,0.042433,0.9000,0.092781,0.7917
134,0.034129,0.8900,0.092183,0.7917
135,0.040892,0.9100,0.092521,0.7917
136,0.037175,0.9100,0.091844,0.7917
137,0.025609,0.9400,0.091183,0.7917
138,0.030348,0.9100,0.091231,0.7917
139,0.029944,0.9200,0.090560,0.7917
140,0.033217,0.9100,0.089897,0.7917
141,0.029678,0.9300,0.089806,0.7917
142,0.032327,0.9300,0.091117,0.7917
143,0.038375,0.9000,0.091599,0.7917
144,0.039904,0.8900,0.091201,0.7917
145,0.035311,0.9100,0.090445,0.7917
146,0.045994,0.8600,0.089196,0.7917
147,0.039223,0.8700,0.088301,0.7917
148,0.041707,0.9000,0.088379,0.7917
149,0.034913,0.9000,0.088983,0.7917
150,0.038195,0.9000,0.088615,0.7917
151,0.031842,0.9100,0.089163,0.7917
152,0.033071,0.9100,0.089450,0.7917
153,0.033303,0.9200,0.088891,0.7917
154,0.027805,0.9400,0.087329,0.7917
155,0.032743,0.9000,0.087808,0.7917
156,0.032263,0.9200,0.088599,0.7917
157,0.033642,0.9100,0.089822,0.7917
158,0.040389,0.9000,0.087942,0.7917
159,0.030434,0.9400,0.090174,0.7917
160,0.027678,0.9400,0.089552,0.7917
161,0.034907,0.9100,0.087912,0.7917
162,0.039700,0.9000,0.088092,0.7917
163,0.041822,0.8900,0.088826,0.7917
164,0.042638,0.9000,0.090574,0.7917
165,0.031267,0.9200,0.089574,0.7917
166,0.039258,0.9000,0.089712,0.7917
167,0.038152,0.9100,0.089446,0.7917
168,0.033687,0.9000,0.089961,0.7917
169,0.028599,0.9300,0.090405,0.7917
170,0.038111,0.9100,0.091152,0.7917
171,0.029543,0.9100,0.090564,0.7917
172,0.038832,0.8900,0.090412,0.7917
173,0.032534,0.9100,0.089006,0.7917
174,0.038378,0.8900,0.091453,0.7917
175,0.030144,0.9200,0.093467,0.7917
176,0.035465,0.9200,0.092409,0.7917
177,0.044398,0.8800,0.090749,0.7917
178,0.035830,0.9200,0.091038,0.7917
179,0.035707,0.9000,0.091619,0.7917
180,0.027271,0.9400,0.090451,0.7917
181,0.022353,0.9400,0.089786,0.7917
182,0.028917,0.9300,0.089024,0.7917
183,0.033525,0.9000,0.089709,0.7917
184,0.038290,0.9000,0.090589,0.7917
185,0.036482,0.9100,0.089566,0.7917
186,0.040354,0.8600,0.090785,0.7917
187,0.029694,0.9400,0.091222,0.7917
188,0.032953,0.9200,0.090518,0.7917
189,0.028023,0.9200,0.090080,0.7917
190,0.038655,0.9000,0.091960,0.7917
191,0.031564,0.9400,0.093031,0.7917
192,0.039197,0.9000,0.091906,0.7917
193,0.038191,0.8900,0.091248,0.7917
194,0.028999,0.9400,0.091069,0.7917
195,0.032362,0.9000,0.091568,0.7917
196,0.033339,0.9000,0.091443,0.7917
197,0.031139,0.9200,0.091512,0.7917
198,0.039134,0.8900,0.090663,0.7917
199,0.035136,0.9100,0.089887,0.7917
200,0.043285,0.8800,0.089947,0.7917
1,0.125263,0.5100,0.107803,0.6667
2,0.101642,0.7200,0.095518,0.7500
3,0.068147,0.8800,0.093173,0.7500
4,0.064160,0.8300,0.098095,0.7083
5,0.054532,0.8900,0.104685,0.7083
6,0.054336,0.8700,0.110450,0.7500
7,0.054612,0.8700,0.107054,0.7083
8,0.056579,0.8700,0.105764,0.6667
9,0.055420,0.8700,0.104436,0.6667
10,0.053833,0.8700,0.107842,0.6667
11,0.049923,0.8800,0.115052,0.7083
12,0.046654,0.8800,0.113849,0.6667
13,0.051759,0.8800,0.113442,0.7083
14,0.050210,0.8800,0.110277,0.7083
15,0.054044,0.8700,0.107426,0.7083
16,0.052470,0.8700,0.111868,0.7083
17,0.050229,0.8900,0.111763,0.6667
18,0.047072,0.8800,0.116655,0.7083
19,0.047264,0.8700,0.113357,0.6667
20,0.052708,0.8600,0.111900,0.7083
21,0.050244,0.8600,0.115747,0.7083
22,0.046811,0.8900,0.111349,0.7083
23,0.042450,0.8900,0.107904,0.7083
24,0.054257,0.8500,0.114975,0.7083
25,0.046293,0.8800,0.116797,0.7083
26,0.042196,0.8800,0.114905,0.7083
27,0.033945,0.9200,0.108904,0.7083
28,0.040332,0.8900,0.096753,0.7083
29,0.035503,0.9200,0.104084,0.7083
30,0.035407,0.9000,0.096956,0.7083
31,0.040057,0.8800,0.088533,0.7917
32,0.038365,0.9000,0.105957,0.7083
33,0.041427,0.8900,0.106862,0.7083
34,0.041876,0.8900,0.105524,0.7083
35,0.036311,0.9100,0.099079,0.7083
36,0.041760,0.9000,0.095593,0.7500
37,0.040990,0.9000,0.098271,0.7500
38,0.037127,0.9200,0.098455,0.7500
39,0.035651,0.9200,0.097270,0.7500
40,0.031667,0.9500,0.090108,0.7917
41,0.034664,0.9100,0.094174,0.7500
42,0.038415,0.9100,0.098565,0.7500
43,0.037646,0.9100,0.096389,0.7500
44,0.034338,0.9100,0.093002,0.7500
45,0.031324,0.9100,0.088689,0.7917
46,0.042242,0.8900,0.089373,0.7917
47,0.040069,0.9100,0.091351,0.7500
48,0.036445,0.9300,0.086194,0.7917
49,0.037221,0.9200,0.085657,0.7917
50,0.038039,0.9200,0.087456,0.7917
51,0.039719,0.9000,0.087725,0.7917
52,0.032454,0.9400,0.090092,0.7917
53,0.035118,0.9200,0.089439,0.7917
54,0.038240,0.9000,0.089456,0.7917
55,0.038926,0.9200,0.089538,0.7917
56,0.043451,0.8700,0.092069,0.7917
57,0.036334,0.9100,0.090522,0.7917
58,0.032302,0.9000,0.092516,0.7917
59,0.036923,0.9300,0.092661,0.7917
60,0.031689,0.9100,0.095471,0.7500
61,0.037598,0.9200,0.092140,0.7917
62,0.037518,0.9000,0.092361,0.7917
63,0.049180,0.8900,0.095359,0.7917
64,0.028090,0.9200,0.095674,0.7917
65,0.035451,0.9100,0.097658,0.7500
66,0.038048,0.9100,0.092594,0.7917
67,0.041069,0.9100,0.091780,0.7917
68,0.036730,0.9100,0.092157,0.7917
69,0.039053,0.9100,0.095721,0.7917
70,0.039667,0.9000,0.092333,0.7917
71,0.044859,0.8900,0.091635,0.7917
72,0.033090,0.9200,0.092419,0.7917
73,0.035476,0.9200,0.092996,0.7917
74,0.036979,0.8900,0.091185,0.7917
75,0.027186,0.9400,0.090569,0.7917
76,0.034447,0.9300,0.091625,0.7917
77,0.032869,0.9100,0.091219,0.7917
78,0.038154,0.8900,0.091545,0.7917
79,0.034514,0.9200,0.092869,0.7917
80,0.039247,0.8900,0.088096,0.7917
81,0.041091,0.8900,0.089643,0.7917
82,0.031559,0.9300,0.087601,0.7917
83,0.029742,0.9200,0.089494,0.7917
84,0.035048,0.9100,0.088473,0.7917
85,0.040301,0.8900,0.089157,0.7917
86,0.027155,0.9200,0.089471,0.7917
87,0.033820,0.9100,0.089525,0.7917
88,0.031483,0.9300,0.089523,0.7917
89,0.041506,0.8900,0.092766,0.7917
90,0.034582,0.9200,0.091850,0.7917
91,0.031495,0.9300,0.092736,0.7917
92,0.029968,0.9200,0.091901,0.7917
93,0.031681,0.9300,0.089787,0.7917
94,0.034999,0.8900,0.091273,0.7917
95,0.034790,0.9200,0.092296,0.7917
96,0.039585,0.9100,0.093412,0.7917
97,0.038190,0.9100,0.094780,0.7917
98,0.031600,0.9100,0.090431,0.7917
99,0.037665,0.9200,0.089560,0.7917
100,0.035947,0.9100,0.090900,0.7917
101,0.031655,0.9200,0.092878,0.7917
102,0.028479,0.9300,0.091595,0.7917
103,0.032088,0.9300,0.088667,0.7917
104,0.031801,0.9100,0.085796,0.7917
105,0.030112,0.9200,0.087393,0.7917
106,0.039004,0.9000,0.089852,0.7917
107,0.035208,0.9200,0.089140,0.7917
108,0.035174,0.9200,0.090911,0.7917
109,0.037001,0.9100,0.091288,0.7917
110,0.039983,0.9000,0.091407,0.7917
111,0.024674,0.9300,0.091675,0.7917
112,0.038514,0.9100,0.092063,0.7917
113,0.035803,0.9000,0.088956,0.7917
114,0.037024,0.9000,0.091403,0.7917
115,0.032048,0.9300,0.093709,0.7917
116,0.031987,0.9200,0.090121,0.7917
117,0.032401,0.9200,0.088431,0.7917
118,0.037154,0.9100,0.088293,0.7917
119,0.030899,0.9000,0.088571,0.7917
120,0.044378,0.8800,0.088304,0.7917
121,0.031843,0.9300,0.089741,0.7917
122,0.028587,0.9200,0.090988,0.7917
123,0.029311,0.9400,0.089929,0.7917
124,0.041276,0.8900,0.091655,0.7917
125,0.029893,0.9300,0.091763,0.7917
126,0.036244,0.8900,0.091617,0.7917
127,0.037100,0.9000,0.090961,0.7917
128,0.038070,0.8900,0.091247,0.7917
129,0.025917,0.9200,0.092311,0.7917
130,0.031977,0.9200,0.092554,0.7917
131,0.034948,0.9300,0.093611,0.7917
132,0.037275,0.9200,0.094033,0.7917
133,0.042433,0.9000,0.092781,0.7917
134,0.034129,0.8900,0.092183,0.7917
135,0.040892,0.9100,0.092521,0.7917
136,0.037175,0.9100,0.091844,0.7917
137,0.025609,0.9400,0.091183,0.7917
138,0.030348,0.9100,0.091231,0.7917
139,0.029944,0.9200,0.090560,0.7917
140,0.033217,0.9100,0.089897,0.7917
141,0.029678,0.9300,0.089806,0.7917
142,0.032327,0.9300,0.091117,0.7917
143,0.038375,0.9000,0.091599,0.7917
144,0.039904,0.8900,0.091201,0.7917
145,0.035311,0.9100,0.090445,0.7917
146,0.045994,0.8600,0.089196,0.7917
147,0.039223,0.8700,0.088301,0.7917
148,0.041707,0.9000,0.088379,0.7917
149,0.034913,0.9000,0.088983,0.7917
150,0.038195,0.9000,0.088615,0.7917
151,0.031842,0.9100,0.089163,0.7917
152,0.033071,0.9100,0.089450,0.7917
153,0.033303,0.9200,0.088891,0.7917
154,0.027805,0.9400,0.087329,0.7917
155,0.032743,0.9000,0.087808,0.7917
156,0.032263,0.9200,0.088599,0.7917
157,0.033642,0.9100,0.089822,0.7917
158,0.040389,0.9000,0.087942,0.7917
159,0.030434,0.9400,0.090174,0.7917
160,0.027678,0.9400,0.089552,0.7917
161,0.034907,0.9100,0.087912,0.7917
162,0.039700,0.9000,0.088092,0.7917
163,0.041822,0.8900,0.088826,0.7917
164,0.042638,0.9000,0.090574,0.7917
165,0.031267,0.9200,0.089574,0.7917
166,0.039258,0.9000,0.089712,0.7917
167,0.038152,0.9100,0.089446,0.7917
168,0.033687,0.9000,0.089961,0.7917
169,0.028599,0.9300,0.090405,0.7917
170,0.038111,0.9100,0.091152,0.7917
171,0.029543,0.9100,0.090564,0.7917
172,0.038832,0.8900,0.090412,0.7917
173,0.032534,0.9100,0.089006,0.7917
174,0.038378,0.8900,0.091453,0.7917
175,0.030144,0.9200,0.093467,0.7917
176,0.035465,0.9200,0.092409,0.7917
177,0.044398,0.8800,0.090749,0.7917
178,0.035830,0.9200,0.091038,0.7917
179,0.035707,0.9000,0.091619,0.7917
180,0.027271,0.9400,0.090451,0.7917
181,0.022353,0.9400,0.089786,0.7917
182,0.028917,0.9300,0.089024,0.7917
183,0.033525,0.9000,0.089709,0.7917
184,0.038290,0.9000,0.090589,0.7917
185,0.036482,0.9100,0.089566,0.7917
186,0.040354,0.8600,0.090785,0.7917
187,0.029694,0.9400,0.091222,0.7917
188,0.032953,0.9200,0.090518,0.7917
189,0.028023,0.9200,0.090080,0.7917
190,0.038655,0.9000,0.091960,0.7917
191,0.031564,0.9400,0.093031,0.7917
192,0.039197,0.9000,0.091906,0.7917
193,0.038191,0.8900,0.091248,0.7917
194,0.028999,0.9400,0.091069,0.7917
195,0.032362,0.9000,0.091568,0.7917
196,0.033339,0.9000,0.091443,0.7917
197,0.031139,0.9200,0.091512,0.7917
198,0.039134,0.8900,0.090663,0.7917
199,0.035136,0.9100,0.089887,0.7917
200,0.043285,0.8800,0.089947,0.7917
1,0.125263,0.5100,0.107803,0.6667
2,0.101642,0.7200,0.095518,0.7500
3,0.068147,0.8800,0.093173,0.7500
4,0.064160,0.8300,0.098095,0.7083
5,0.054532,0.8900,0.104685,0.7083
6,0.054336,0.8700,0.110450,0.7500
7,0.054612,0.8700,0.107054,0.7083
8,0.056579,0.8700,0.105764,0.6667
9,0.055420,0.8700,0.104436,0.6667
10,0.053833,0.8700,0.107842,0.6667
11,0.049923,0.8800,0.115052,0.7083
12,0.046654,0.8800,0.113849,0.6667
13,0.051759,0.8800,0.113442,0.7083
14,0.050210,0.8800,0.110277,0.7083
15,0.054044,0.8700,0.107426,0.7083
16,0.052470,0.8700,0.111868,0.7083
17,0.050229,0.8900,0.111763,0.6667
18,0.047072,0.8800,0.116655,0.7083
19,0.047264,0.8700,0.113357,0.6667
20,0.052708,0.8600,0.111900,0.7083
21,0.050244,0.8600,0.115747,0.7083
22,0.046811,0.8900,0.111349,0.7083
23,0.042450,0.8900,0.107904,0.7083
24,0.054257,0.8500,0.114975,0.7083
25,0.046293,0.8800,0.116797,0.7083
26,0.042196,0.8800,0.114905,0.7083
27,0.033945,0.9200,0.108904,0.7083
28,0.040332,0.8900,0.096753,0.7083
29,0.035503,0.9200,0.104084,0.7083
30,0.035407,0.9000,0.096956,0.7083
31,0.040057,0.8800,0.088533,0.7917
32,0.038365,0.9000,0.105957,0.7083
33,0.041427,0.8900,0.106862,0.7083
34,0.041876,0.8900,0.105524,0.7083
35,0.036311,0.9100,0.099079,0.7083
36,0.041760,0.9000,0.095593,0.7500
37,0.040990,0.9000,0.098271,0.7500
38,0.037127,0.9200,0.098455,0.7500
39,0.035651,0.9200,0.097270,0.7500
40,0.031667,0.9500,0.090108,0.7917
41,0.034664,0.9100,0.094174,0.7500
42,0.038415,0.9100,0.098565,0.7500
43,0.037646,0.9100,0.096389,0.7500
44,0.034338,0.9100,0.093002,0.7500
45,0.031324,0.9100,0.088689,0.7917
46,0.042242,0.8900,0.089373,0.7917
47,0.040069,0.9100,0.091351,0.7500
48,0.036445,0.9300,0.086194,0.7917
49,0.037221,0.9200,0.085657,0.7917
50,0.038039,0.9200,0.087456,0.7917
51,0.039719,0.9000,0.087725,0.7917
52,0.032454,0.9400,0.090092,0.7917
53,0.035118,0.9200,0.089439,0.7917
54,0.038240,0.9000,0.089456,0.7917
55,0.038926,0.9200,0.089538,0.7917
56,0.043451,0.8700,0.092069,0.7917
57,0.036334,0.9100,0.090522,0.7917
58,0.032302,0.9000,0.092516,0.7917
59,0.036923,0.9300,0.092661,0.7917
60,0.031689,0.9100,0.095471,0.7500
61,0.037598,0.9200,0.092140,0.7917
62,0.037518,0.9000,0.092361,0.7917
63,0.049180,0.8900,0.095359,0.7917
64,0.028090,0.9200,0.095674,0.7917
65,0.035451,0.9100,0.097658,0.7500
66,0.038048,0.9100,0.092594,0.7917
67,0.041069,0.9100,0.091780,0.7917
68,0.036730,0.9100,0.092157,0.7917
69,0.039053,0.9100,0.095721,0.7917
70,0.039667,0.9000,0.092333,0.7917
71,0.044859,0.8900,0.091635,0.7917
72,0.033090,0.9200,0.092419,0.7917
73,0.035476,0.9200,0.092996,0.7917
74,0.036979,0.8900,0.091185,0.7917
75,0.027186,0.9400,0.090569,0.7917
76,0.034447,0.9300,0.091625,0.7917
77,0.032869,0.9100,0.091219,0.7917
78,0.038154,0.8900,0.091545,0.7917
79,0.034514,0.9200,0.092869,0.7917
80,0.039247,0.8900,0.088096,0.7917
81,0.041091,0.8900,0.089643,0.7917
82,0.031559,0.9300,0.087601,0.7917
83,0.029742,0.9200,0.089494,0.7917
84,0.035048,0.9100,0.088473,0.7917
85,0.040301,0.8900,0.089157,0.7917
86,0.027155,0.9200,0.089471,0.7917
87,0.033820,0.9100,0.089525,0.7917
88,0.031483,0.9300,0.089523,0.7917
89,0.041506,0.8900,0.092766,0.7917
90,0.034582,0.9200,0.091850,0.7917
91,0.031495,0.9300,0.092736,0.7917
92,0.029968,0.9200,0.091901,0.7917
93,0.031681,0.9300,0.089787,0.7917
94,0.034999,0.8900,0.091273,0.7917
95,0.034790,0.9200,0.092296,0.7917
96,0.039585,0.9100,0.093412,0.7917
97,0.038190,0.9100,0.094780,0.7917
98,0.031600,0.9100,0.090431,0.7917
99,0.037665,0.9200,0.089560,0.7917
100,0.035947,0.9100,0.090900,0.7917
101,0.031655,0.9200,0.092878,0.7917
102,0.028479,0.9300,0.091595,0.7917
103,0.032088,0.9300,0.088667,0.7917
104,0.031801,0.9100,0.085796,0.7917
105,0.030112,0.9200,0.087393,0.7917
106,0.039004,0.9000,0.089852,0.7917
107,0.035208,0.9200,0.089140,0.7917
108,0.035174,0.9200,0.090911,0.7917
109,0.037001,0.9100,0.091288,0.7917
110,0.039983,0.9000,0.091407,0.7917
111,0.024674,0.9300,0.091675,0.7917
112,0.038514,0.9100,0.092063,0.7917
113,0.035803,0.9000,0.088956,0.7917
114,0.037024,0.9000,0.091403,0.7917
115,0.032048,0.9300,0.093709,0.7917
116,0.031987,0.9200,0.090121,0.7917
117,0.032401,0.9200,0.088431,0.7917
118,0.037154,0.9100,0.088293,0.7917
119,0.030899,0.9000,0.088571,0.7917
120,0.044378,0.8800,0.088304,0.7917
121,0.031843,0.9300,0.089741,0.7917
122,0.028587,0.9200,0.090988,0.7917
123,0.029311,0.9400,0.089929,0.7917
124,0.041276,0.8900,0.091655,0.7917
125,0.029893,0.9300,0.091763,0.7917
126,0.036244,0.8900,0.091617,0.7917
127,0.037100,0.9000,0.090961,0.7917
128,0.038070,0.8900,0.091247,0.7917
129,0.025917,0.9200,0.092311,0.7917
130,0.031977,0.9200,0.092554,0.7917
131,0.034948,0.9300,0.093611,0.7917
132,0.037275,0.9200,0.094033,0.7917
133,0.042433,0.9000,0.092781,0.7917
134,0.034129,0.8900,0.092183,0.7917
135,0.040892,0.9100,0.092521,0.7917
136,0.037175,0.9100,0.091844,0.7917
137,0.025609,0.9400,0.091183,0.7917
138,0.030348,0.9100,0.091231,0.7917
139,0.029944,0.9200,0.090560,0.7917
140,0.033217,0.9100,0.089897,0.7917
141,0.029678,0.9300,0.089806,0.7917
142,0.032327,0.9300,0.091117,0.7917
143,0.038375,0.9000,0.091599,0.7917
144,0.039904,0.8900,0.091201,0.7917
145,0.035311,0.9100,0.090445,0.7917
146,0.045994,0.8600,0.089196,0.7917
147,0.039223,0.8700,0.088301,0.7917
148,0.041707,0.9000,0.088379,0.7917
149,0.034913,0.9000,0.088983,0.7917
150,0.038195,0.9000,0.088615,0.7917
151,0.031842,0.9100,0.089163,0.7917
152,0.033071,0.9100,0.089450,0.7917
153,0.033303,0.9200,0.088891,0.7917
154,0.027805,0.9400,0.087329,0.7917
155,0.032743,0.9000,0.087808,0.7917
156,0.032263,0.9200,0.088599,0.7917
157,0.033642,0.9100,0.089822,0.7917
158,0.040389,0.9000,0.087942,0.7917
159,0.030434,0.9400,0.090174,0.7917
160,0.027678,0.9400,0.089552,0.7917
161,0.034907,0.9100,0.087912,0.7917
162,0.039700,0.9000,0.088092,0.7917
163,0.041822,0.8900,0.088826,0.7917
164,0.042638,0.9000,0.090574,0.7917
165,0.031267,0.9200,0.089574,0.7917
166,0.039258,0.9000,0.089712,0.7917
167,0.038152,0.9100,0.089446,0.7917
168,0.033687,0.9000,0.089961,0.7917
169,0.028599,0.9300,0.090405,0.7917
170,0.038111,0.9100,0.091152,0.7917
171,0.029543,0.9100,0.090564,0.7917
172,0.038832,0.8900,0.090412,0.7917
173,0.032534,0.9100,0.089006,0.7917
174,0.038378,0.8900,0.091453,0.7917
175,0.030144,0.9200,0.093467,0.7917
176,0.035465,0.9200,0.092409,0.7917
177,0.044398,0.8800,0.090749,0.7917
178,0.035830,0.9200,0.091038,0.7917
179,0.035707,0.9000,0.091619,0.7917
180,0.027271,0.9400,0.090451,0.7917
181,0.022353,0.9400,0.089786,0.7917
182,0.028917,0.9300,0.089024,0.7917
183,0.033525,0.9000,0.089709,0.7917
184,0.038290,0.9000,0.090589,0.7917
185,0.036482,0.9100,0.089566,0.7917
186,0.040354,0.8600,0.090785,0.7917
187,0.029694,0.9400,0.091222,0.7917
188,0.032953,0.9200,0.090518,0.7917
189,0.028023,0.9200,0.090080,0.7917
190,0.038655,0.9000,0.091960,0.7917
191,0.031564,0.9400,0.093031,0.7917
192,0.039197,0.9000,0.091906,0.7917
193,0.038191,0.8900,0.091248,0.7917
194,0.028999,0.9400,0.091069,0.7917
195,0.032362,0.9000,0.091568,0.7917
196,0.033339,0.9000,0.091443,0.7917
197,0.031139,0.9200,0.091512,0.7917
198,0.039134,0.8900,0.090663,0.7917
199,0.035136,0.9100,0.089887,0.7917
200,0.043285,0.8800,0.089947,0.7917
1,0.125263,0.5100,0.107803,0.6667
2,0.101642,0.7200,0.095518,0.7500
3,0.068147,0.8800,0.093173,0.7500
4,0.064160,0.8300,0.098095,0.7083
5,0.054532,0.8900,0.104685,0.7083
6,0.054336,0.8700,0.110450,0.7500
7,0.054612,0.8700,0.107054,0.7083
8,0.056579,0.8700,0.105764,0.6667
9,0.055420,0.8700,0.104436,0.6667
10,0.053833,0.8700,0.107842,0.6667
11,0.049923,0.8800,0.115052,0.7083
12,0.046654,0.8800,0.113849,0.6667
13,0.051759,0.8800,0.113442,0.7083
14,0.050210,0.8800,0.110277,0.7083
15,0.054044,0.8700,0.107426,0.7083
16,0.052470,0.8700,0.111868,0.7083
17,0.050229,0.8900,0.111763,0.6667
18,0.047072,0.8800,0.116655,0.7083
19,0.047264,0.8700,0.113357,0.6667
20,0.052708,0.8600,0.111900,0.7083
21,0.050244,0.8600,0.115747,0.7083
22,0.046811,0.8900,0.111349,0.7083
23,0.042450,0.8900,0.107904,0.7083
24,0.054257,0.8500,0.114975,0.7083
25,0.046293,0.8800,0.116797,0.7083
26,0.042196,0.8800,0.114905,0.7083
27,0.033945,0.9200,0.108904,0.7083
28,0.040332,0.8900,0.096753,0.7083
29,0.035503,0.9200,0.104084,0.7083
30,0.035407,0.9000,0.096956,0.7083
31,0.040057,0.8800,0.088533,0.7917
32,0.038365,0.9000,0.105957,0.7083
33,0.041427,0.8900,0.106862,0.7083
34,0.041876,0.8900,0.105524,0.7083
35,0.036311,0.9100,0.099079,0.7083
36,0.041760,0.9000,0.095593,0.7500
37,0.040990,0.9000,0.098271,0.7500
38,0.037127,0.9200,0.098455,0.7500
39,0.035651,0.9200,0.097270,0.7500
40,0.031667,0.9500,0.090108,0.7917
41,0.034664,0.9100,0.094174,0.7500
42,0.038415,0.9100,0.098565,0.7500
43,0.037646,0.9100,0.096389,0.7500
44,0.034338,0.9100,0.093002,0.7500
45,0.031324,0.9100,0.088689,0.7917
46,0.042242,0.8900,0.089373,0.7917
47,0.040069,0.9100,0.091351,0.7500
48,0.036445,0.9300,0.086194,0.7917
49,0.037221,0.9200,0.085657,0.7917
50,0.038039,0.9200,0.087456,0.7917
51,0.039719,0.9000,0.087725,0.7917
52,0.032454,0.9400,0.090092,0.7917
53,0.035118,0.9200,0.089439,0.7917
54,0.038240,0.9000,0.089456,0.7917
55,0.038926,0.9200,0.089538,0.7917
56,0.043451,0.8700,0.092069,0.7917
57,0.036334,0.9100,0.090522,0.7917
58,0.032302,0.9000,0.092516,0.7917
59,0.036923,0.9300,0.092661,0.7917
60,0.031689,0.9100,0.095471,0.7500
61,0.037598,0.9200,0.092140,0.7917
62,0.037518,0.9000,0.092361,0.7917
63,0.049180,0.8900,0.095359,0.7917
64,0.028090,0.9200,0.095674,0.7917
65,0.035451,0.9100,0.097658,0.7500
66,0.038048,0.9100,0.092594,0.7917
67,0.041069,0.9100,0.091780,0.7917
68,0.036730,0.9100,0.092157,0.7917
69,0.039053,0.9100,0.095721,0.7917
70,0.039667,0.9000,0.092333,0.7917
71,0.044859,0.8900,0.091635,0.7917
72,0.033090,0.9200,0.092419,0.7917
73,0.035476,0.9200,0.092996,0.7917
74,0.036979,0.8900,0.091185,0.7917
75,0.027186,0.9400,0.090569,0.7917
76,0.034447,0.9300,0.091625,0.7917
77,0.032869,0.9100,0.091219,0.7917
78,0.038154,0.8900,0.091545,0.7917
79,0.034514,0.9200,0.092869,0.7917
80,0.039247,0.8900,0.088096,0.7917
81,0.041091,0.8900,0.089643,0.7917
82,0.031559,0.9300,0.087601,0.7917
83,0.029742,0.9200,0.089494,0.7917
84,0.035048,0.9100,0.088473,0.7917
85,0.040301,0.8900,0.089157,0.7917
86,0.027155,0.9200,0.089471,0.7917
87,0.033820,0.9100,0.089525,0.7917
88,0.031483,0.9300,0.089523,0.7917
89,0.041506,0.8900,0.092766,0.7917
90,0.034582,0.9200,0.091850,0.7917
91,0.031495,0.9300,0.092736,0.7917
92,0.029968,0.9200,0.091901,0.7917
93,0.031681,0.9300,0.089787,0.7917
94,0.034999,0.8900,0.091273,0.7917
95,0.034790,0.9200,0.092296,0.7917
96,0.039585,0.9100,0.093412,0.7917
97,0.038190,0.9100,0.094780,0.7917
98,0.031600,0.9100,0.090431,0.7917
99,0.037665,0.9200,0.089560,0.7917
100,0.035947,0.9100,0.090900,0.7917
101,0.031655,0.9200,0.092878,0.7917
102,0.028479,0.9300,0.091595,0.7917
103,0.032088,0.9300,0.088667,0.7917
104,0.031801,0.9100,0.085796,0.7917
105,0.030112,0.9200,0.087393,0.7917
106,0.039004,0.9000,0.089852,0.7917
107,0.035208,0.9200,0.089140,0.7917
108,0.035174,0.9200,0.090911,0.7917
109,0.037001,0.9100,0.091288,0.7917
110,0.039983,0.9000,0.091407,0.7917
111,0.024674,0.9300,0.091675,0.7917
112,0.038514,0.9100,0.092063,0.7917
113,0.035803,0.9000,0.088956,0.7917
114,0.037024,0.9000,0.091403,0.7917
115,0.032048,0.9300,0.093709,0.7917
116,0.031987,0.9200,0.090121,0.7917
117,0.032401,0.9200,0.088431,0.7917
118,0.037154,0.9100,0.088293,0.7917
119,0.030899,0.9000,0.088571,0.7917
120,0.044378,0.8800,0.088304,0.7917
121,0.031843,0.9300,0.089741,0.7917
122,0.028587,0.9200,0.090988,0.7917
123,0.029311,0.9400,0.089929,0.7917
124,0.041276,0.8900,0.091655,0.7917
125,0.029893,0.9300,0.091763,0.7917
126,0.036244,0.8900,0.091617,0.7917
127,0.037100,0.9000,0.090961,0.7917
128,0.038070,0.8900,0.091247,0.7917
129,0.025917,0.9200,0.092311,0.7917
130,0.031977,0.9200,0.092554,0.7917
131,0.034948,0.9300,0.093611,0.7917
132,0.037275,0.9200,0.094033,0.7917
133,0.042433,0.9000,0.092781,0.7917
134,0.034129,0.8900,0.092183,0.7917
135,0.040892,0.9100,0.092521,0.7917
136,0.037175,0.9100,0.091844,0.7917
137,0.025609,0.9400,0.091183,0.7917
138,0.030348,0.9100,0.091231,0.7917
139,0.029944,0.9200,0.090560,0.7917
140,0.033217,0.9100,0.089897,0.7917
141,0.029678,0.9300,0.089806,0.7917
142,0.032327,0.9300,0.091117,0.7917
143,0.038375,0.9000,0.091599,0.7917
144,0.039904,0.8900,0.091201,0.7917
145,0.035311,0.9100,0.090445,0.7917
146,0.045994,0.8600,0.089196,0.7917
147,0.039223,0.8700,0.088301,0.7917
148,0.041707,0.9000,0.088379,0.7917
149,0.034913,0.9000,0.088983,0.7917
150,0.038195,0.9000,0.088615,0.7917
151,0.031842,0.9100,0.089163,0.7917
152,0.033071,0.9100,0.089450,0.7917
153,0.033303,0.9200,0.088891,0.7917
154,0.027805,0.9400,0.087329,0.7917
155,0.032743,0.9000,0.087808,0.7917
156,0.032263,0.9200,0.088599,0.7917
157,0.033642,0.9100,0.089822,0.7917
158,0.040389,0.9000,0.087942,0.7917
159,0.030434,0.9400,0.090174,0.7917
160,0.027678,0.9400,0.089552,0.7917
161,0.034907,0.9100,0.087912,0.7917
162,0.039700,0.9000,0.088092,0.7917
163,0.041822,0.8900,0.088826,0.7917
164,0.042638,0.9000,0.090574,0.7917
165,0.031267,0.9200,0.089574,0.7917
166,0.039258,0.9000,0.089712,0.7917
167,0.038152,0.9100,0.089446,0.7917
168,0.033687,0.9000,0.089961,0.7917
169,0.028599,0.9300,0.090405,0.7917
170,0.038111,0.9100,0.091152,0.7917
171,0.029543,0.9100,0.090564,0.7917
172,0.038832,0.8900,0.090412,0.7917
173,0.032534,0.9100,0.089006,0.7917
174,0.038378,0.8900,0.091453,0.7917
175,0.030144,0.9200,0.093467,0.7917
176,0.035465,0.9200,0.092409,0.7917
177,0.044398,0.8800,0.090749,0.7917
178,0.035830,0.9200,0.091038,0.7917
179,0.035707,0.9000,0.091619,0.7917
180,0.027271,0.9400,0.090451,0.7917
181,0.022353,0.9400,0.089786,0.7917
182,0.028917,0.9300,0.089024,0.7917
183,0.033525,0.9000,0.089709,0.7917
184,0.038290,0.9000,0.090589,0.7917
185,0.036482,0.9100,0.089566,0.7917
186,0.040354,0.8600,0.090785,0.7917
187,0.029694,0.9400,0.091222,0.7917
188,0.032953,0.9200,0.090518,0.7917
189,0.028023,0.9200,0.090080,0.7917
190,0.038655,0.9000,0.091960,0.7917
191,0.031564,0.9400,0.093031,0.7917
192,0.039197,0.9000,0.091906,0.7917
193,0.038191,0.8900,0.091248,0.7917
194,0.028999,0.9400,0.091069,0.7917
195,0.032362,0.9000,0.091568,0.7917
196,0.033339,0.9000,0.091443,0.7917
197,0.031139,0.9200,0.091512,0.7917
198,0.039134,0.8900,0.090663,0.7917
199,0.035136,0.9100,0.089887,0.7917
200,0.043285,0.8800,0.089947,0.7917
1,0.127620,0.5100,0.124933,0.5000
2,0.123925,0.5700,0.109629,0.7083
3,0.101223,0.8100,0.098879,0.7083
4,0.063894,0.8400,0.105494,0.7083
5,0.055256,0.8900,0.106322,0.7500
6,0.059586,0.8700,0.111083,0.7500
7,0.056025,0.8600,0.098165,0.7083
8,0.053840,0.8700,0.090181,0.7917
9,0.051722,0.8800,0.097542,0.7500
10,0.050930,0.8700,0.105142,0.7500
11,0.049290,0.8900,0.090334,0.7917
12,0.045550,0.9000,0.090125,0.7500
13,0.046330,0.9000,0.081426,0.7500
14,0.042823,0.8900,0.088718,0.7500
15,0.042612,0.9100,0.068719,0.8333
16,0.036833,0.9000,0.067257,0.8333
17,0.037068,0.9000,0.060288,0.8750
18,0.034399,0.9400,0.065569,0.8750
19,0.036072,0.9100,0.055548,0.8750
20,0.033442,0.9400,0.052929,0.8750
21,0.031424,0.9400,0.055221,0.8750
22,0.029884,0.9400,0.053166,0.8750
23,0.029564,0.9400,0.048473,0.8750
24,0.028635,0.9400,0.047330,0.8750
25,0.028179,0.9400,0.045262,0.9167
26,0.027590,0.9400,0.042260,0.9167
27,0.027796,0.9400,0.041248,0.9167
28,0.028222,0.9400,0.039486,0.9167
29,0.027071,0.9400,0.039490,0.9167
30,0.027498,0.9400,0.039447,0.9167
31,0.027338,0.9400,0.039489,0.9167
32,0.027545,0.9400,0.038236,0.9167
33,0.027650,0.9400,0.038923,0.9167
34,0.027794,0.9400,0.038987,0.9167
35,0.027358,0.9400,0.037251,0.9167
36,0.026853,0.9400,0.038382,0.9167
37,0.026817,0.9400,0.037837,0.9167
38,0.026681,0.9400,0.036883,0.9167
39,0.026722,0.9400,0.037087,0.9167
40,0.026903,0.9400,0.037507,0.9167
41,0.026997,0.9400,0.036438,0.9167
42,0.026690,0.9400,0.036818,0.9167
43,0.026945,0.9400,0.036491,0.9167
44,0.026507,0.9400,0.036567,0.9167
45,0.026710,0.9400,0.036454,0.9167
46,0.026652,0.9400,0.036149,0.9167
47,0.030056,0.9400,0.036238,0.9167
48,0.027135,0.9400,0.036672,0.9167
49,0.027133,0.9400,0.036061,0.9167
50,0.027163,0.9400,0.035675,0.9167
51,0.026487,0.9400,0.035596,0.9167
52,0.026348,0.9400,0.035543,0.9167
53,0.026354,0.9400,0.034724,0.9167
54,0.026364,0.9400,0.034170,0.9167
55,0.024999,0.9400,0.030184,0.9167
56,0.021351,0.9400,0.023954,0.9167
57,0.015237,0.9400,0.014714,1.0000
58,0.008832,1.0000,0.009593,1.0000
59,0.006298,1.0000,0.006278,1.0000
60,0.004796,1.0000,0.005610,1.0000
61,0.004338,1.0000,0.004698,1.0000
62,0.003129,1.0000,0.003225,1.0000
63,0.002316,1.0000,0.003092,1.0000
64,0.002013,1.0000,0.002554,1.0000
65,0.001842,1.0000,0.002403,1.0000
66,0.001753,1.0000,0.002355,1.0000
67,0.001764,1.0000,0.002381,1.0000
68,0.001915,1.0000,0.002308,1.0000
69,0.001763,1.0000,0.002283,1.0000
70,0.001768,1.0000,0.002222,1.0000
71,0.001749,1.0000,0.002220,1.0000
72,0.001739,1.0000,0.002165,1.0000
73,0.001747,1.0000,0.002204,1.0000
74,0.001698,1.0000,0.002192,1.0000
75,0.001723,1.0000,0.002163,1.0000
76,0.001748,1.0000,0.002213,1.0000
77,0.001735,1.0000,0.002172,1.0000
78,0.001757,1.0000,0.002169,1.0000
79,0.001722,1.0000,0.002179,1.0000
80,0.001748,1.0000,0.002196,1.0000
81,0.001733,1.0000,0.002144,1.0000
82,0.001728,1.0000,0.002189,1.0000
83,0.001707,1.0000,0.002127,1.0000
84,0.001723,1.0000,0.002118,1.0000
85,0.001747,1.0000,0.002184,1.0000
86,0.001836,1.0000,0.002222,1.0000
87,0.001705,1.0000,0.002073,1.0000
88,0.001765,1.0000,0.002202,1.0000
89,0.001751,1.0000,0.002179,1.0000
90,0.001691,1.0000,0.002086,1.0000
91,0.001768,1.0000,0.002126,1.0000
92,0.001692,1.0000,0.002096,1.0000
93,0.001744,1.0000,0.002202,1.0000
94,0.001785,1.0000,0.002147,1.0000
95,0.001717,1.0000,0.002092,1.0000
96,0.001795,1.0000,0.002180,1.0000
97,0.001743,1.0000,0.002086,1.0000
98,0.001771,1.0000,0.002140,1.0000
99,0.001713,1.0000,0.002163,1.0000
100,0.001694,1.0000,0.002109,1.0000
101,0.001674,1.0000,0.002047,1.0000
102,0.001729,1.0000,0.002138,1.0000
103,0.001731,1.0000,0.002078,1.0000
104,0.001687,1.0000,0.002021,1.0000
105,0.001847,1.0000,0.002151,1.0000
106,0.001679,1.0000,0.002000,1.0000
107,0.001687,1.0000,0.002086,1.0000
108,0.001726,1.0000,0.002121,1.0000
109,0.001712,1.0000,0.002059,1.0000
110,0.001723,1.0000,0.002113,1.0000
111,0.001738,1.0000,0.002151,1.0000
112,0.001738,1.0000,0.002134,1.0000
113,0.001712,1.0000,0.002099,1.0000
114,0.001759,1.0000,0.002131,1.0000
115,0.001740,1.0000,0.002037,1.0000
116,0.001713,1.0000,0.002109,1.0000
117,0.001799,1.0000,0.002094,1.0000
118,0.001816,1.0000,0.002114,1.0000
119,0.001763,1.0000,0.002085,1.0000
120,0.001715,1.0000,0.002076,1.0000
121,0.001694,1.0000,0.002112,1.0000
122,0.001800,1.0000,0.002155,1.0000
123,0.001780,1.0000,0.002084,1.0000
124,0.001799,1.0000,0.002211,1.0000
125,0.001814,1.0000,0.002050,1.0000
126,0.001716,1.0000,0.002125,1.0000
127,0.001672,1.0000,0.002056,1.0000
128,0.001678,1.0000,0.002039,1.0000
129,0.001706,1.0000,0.002086,1.0000
130,0.001635,1.0000,0.002064,1.0000
131,0.001759,1.0000,0.002092,1.0000
132,0.001751,1.0000,0.002080,1.0000
133,0.001768,1.0000,0.002111,1.0000
134,0.001684,1.0000,0.002073,1.0000
135,0.001780,1.0000,0.002146,1.0000
136,0.001703,1.0000,0.002049,1.0000
137,0.001928,1.0000,0.002327,1.0000
138,0.001749,1.0000,0.002072,1.0000
139,0.001677,1.0000,0.002063,1.0000
140,0.001724,1.0000,0.002133,1.0000
141,0.001753,1.0000,0.002107,1.0000
142,0.001737,1.0000,0.002093,1.0000
143,0.001755,1.0000,0.002087,1.0000
144,0.001786,1.0000,0.002105,1.0000
145,0.001712,1.0000,0.002037,1.0000
146,0.001834,1.0000,0.002159,1.0000
147,0.001740,1.0000,0.002072,1.0000
148,0.001847,1.0000,0.002118,1.0000
149,0.001731,1.0000,0.002048,1.0000
150,0.001736,1.0000,0.002175,1.0000
151,0.001746,1.0000,0.002048,1.0000
152,0.001705,1.0000,0.002156,1.0000
153,0.001841,1.0000,0.002191,1.0000
154,0.001793,1.0000,0.002071,1.0000
155,0.001816,1.0000,0.002026,1.0000
156,0.001722,1.0000,0.001991,1.0000
157,0.001716,1.0000,0.002095,1.0000
158,0.001899,1.0000,0.002163,1.0000
159,0.001844,1.0000,0.002041,1.0000
160,0.001745,1.0000,0.002024,1.0000
161,0.001755,1.0000,0.002108,1.0000
162,0.001703,1.0000,0.001988,1.0000
163,0.001704,1.0000,0.002087,1.0000
164,0.001738,1.0000,0.002015,1.0000
165,0.001770,1.0000,0.002158,1.0000
166,0.001754,1.0000,0.002106,1.0000
167,0.001684,1.0000,0.002003,1.0000
168,0.001755,1.0000,0.002072,1.0000
169,0.001736,1.0000,0.002157,1.0000
170,0.001873,1.0000,0.002061,1.0000
171,0.001757,1.0000,0.002036,1.0000
172,0.001798,1.0000,0.002014,1.0000
173,0.001826,1.0000,0.002143,1.0000
174,0.001739,1.0000,0.002075,1.0000
175,0.001714,1.0000,0.002042,1.0000
176,0.001715,1.0000,0.002068,1.0000
177,0.001810,1.0000,0.002117,1.0000
178,0.001741,1.0000,0.002065,1.0000
179,0.001708,1.0000,0.002030,1.0000
180,0.001635,1.0000,0.002090,1.0000
181,0.001892,1.0000,0.002220,1.0000
182,0.001750,1.0000,0.002082,1.0000
183,0.001819,1.0000,0.002016,1.0000
184,0.001694,1.0000,0.002037,1.0000
185,0.001695,1.0000,0.002037,1.0000
186,0.001702,1.0000,0.002018,1.0000
187,0.001871,1.0000,0.002182,1.0000
188,0.001763,1.0000,0.002081,1.0000
189,0.001756,1.0000,0.002086,1.0000
190,0.001670,1.0000,0.001983,1.0000
191,0.001805,1.0000,0.002182,1.0000
192,0.001768,1.0000,0.002093,1.0000
193,0.001957,1.0000,0.002156,1.0000
194,0.001723,1.0000,0.002046,1.0000
195,0.001696,1.0000,0.002039,1.0000
196,0.001726,1.0000,0.002083,1.0000
197,0.001830,1.0000,0.002149,1.0000
198,0.001790,1.0000,0.001996,1.0000
199,0.001708,1.0000,0.002064,1.0000
200,0.001871,1.0000,0.002077,1.0000
1,0.140076,0.5400,0.124464,0.5000
2,0.114872,0.6800,0.105271,0.7083
3,0.110136,0.6500,0.094008,0.7500
4,0.087875,0.7700,0.090028,0.7083
5,0.075008,0.8500,0.090136,0.7500
6,0.061013,0.8600,0.101594,0.7083
7,0.063016,0.8500,0.106810,0.7083
8,0.063947,0.8300,0.098189,0.6667
9,0.065094,0.8300,0.098896,0.7083
10,0.058555,0.8300,0.100417,0.6667
11,0.055965,0.8600,0.101887,0.7083
12,0.048569,0.8800,0.101697,0.6667
13,0.048039,0.8700,0.101989,0.7083
14,0.043219,0.8800,0.103498,0.7083
15,0.055830,0.8100,0.099387,0.7083
16,0.040210,0.8800,0.094410,0.7083
17,0.043986,0.8900,0.088640,0.7083
18,0.035258,0.9000,0.080270,0.7500
19,0.040807,0.8700,0.082590,0.7500
20,0.033313,0.9000,0.075530,0.7917
21,0.024058,0.9500,0.076298,0.7917
22,0.035051,0.9000,0.078255,0.7917
23,0.035108,0.9100,0.074332,0.7917
24,0.025097,0.9300,0.074510,0.7917
25,0.026743,0.9200,0.074296,0.7917
26,0.027958,0.9400,0.071577,0.7917
27,0.020746,0.9500,0.069570,0.8333
28,0.023140,0.9500,0.071586,0.7917
29,0.032617,0.9100,0.069002,0.7917
30,0.022171,0.9500,0.066034,0.7917
31,0.014480,0.9600,0.063773,0.8333
32,0.022250,0.9500,0.062301,0.8333
33,0.022625,0.9500,0.060409,0.7917
34,0.023779,0.9200,0.057365,0.8333
35,0.024481,0.9400,0.058084,0.7917
36,0.023394,0.9500,0.053756,0.8750
37,0.023902,0.9400,0.055377,0.7917
38,0.018191,0.9400,0.054704,0.7917
39,0.010569,0.9800,0.050598,0.8333
40,0.015929,0.9700,0.046828,0.8333
41,0.012877,0.9800,0.044251,0.8750
42,0.013226,0.9800,0.044851,0.8750
43,0.017622,0.9700,0.045780,0.8333
44,0.021421,0.9400,0.042940,0.8333
45,0.020975,0.9500,0.037984,0.8750
46,0.010401,0.9800,0.035655,0.8750
47,0.019206,0.9500,0.032158,0.9167
48,0.012528,0.9600,0.031290,0.9167
49,0.016980,0.9500,0.030249,0.9167
50,0.016946,0.9600,0.030731,0.9167
51,0.012362,0.9800,0.031870,0.8750
52,0.017084,0.9500,0.033112,0.8750
53,0.010215,0.9800,0.034116,0.8750
54,0.012392,0.9800,0.033530,0.8750
55,0.014841,0.9700,0.033607,0.8750
56,0.014142,0.9600,0.035174,0.8750
57,0.008802,0.9800,0.033103,0.8750
58,0.011383,0.9800,0.033008,0.8750
59,0.019901,0.9500,0.036193,0.8750
60,0.023217,0.9600,0.038378,0.8750
61,0.009293,0.9700,0.033158,0.8750
62,0.013216,0.9700,0.026081,0.9167
63,0.015637,0.9600,0.027640,0.8750
64,0.008223,0.9900,0.029746,0.8750
65,0.006524,0.9900,0.030084,0.8750
66,0.011611,0.9700,0.026851,0.8750
67,0.013691,0.9700,0.027897,0.8750
68,0.015799,0.9600,0.034259,0.8750
69,0.004960,1.0000,0.029988,0.8750
70,0.012678,0.9800,0.029526,0.8750
71,0.012625,0.9800,0.029076,0.8750
72,0.006297,0.9900,0.030366,0.8750
73,0.010955,0.9800,0.030084,0.8750
74,0.004682,1.0000,0.026915,0.9167
75,0.010271,0.9800,0.027579,0.9167
76,0.006355,0.9900,0.028409,0.9167
77,0.010868,0.9800,0.029543,0.8750
78,0.009367,0.9800,0.028759,0.8750
79,0.004632,1.0000,0.029348,0.8750
80,0.028661,0.9300,0.034427,0.8750
81,0.022633,0.9200,0.034144,0.8750
82,0.024554,0.9500,0.035645,0.8750
83,0.024651,0.9500,0.031208,0.8750
84,0.013151,0.9600,0.025601,0.9167
85,0.012109,0.9700,0.029020,0.9167
86,0.021185,0.9500,0.027843,0.9167
87,0.018769,0.9500,0.025569,0.9167
88,0.009163,0.9900,0.029482,0.8750
89,0.010551,0.9800,0.029716,0.8750
90,0.019237,0.9600,0.025982,0.9167
91,0.009770,0.9800,0.029340,0.8750
92,0.016222,0.9600,0.032300,0.8750
93,0.012668,0.9700,0.030839,0.8750
94,0.013474,0.9700,0.031060,0.8750
95,0.013621,0.9600,0.030723,0.8750
96,0.009165,0.9900,0.031003,0.8750
97,0.011968,0.9700,0.030966,0.8750
98,0.012973,0.9700,0.030892,0.8750
99,0.004340,1.0000,0.029305,0.8750
100,0.023318,0.9300,0.028149,0.9167
101,0.006494,0.9900,0.027648,0.9167
102,0.029026,0.9200,0.034744,0.8750
103,0.009128,0.9700,0.028376,0.9167
104,0.015742,0.9600,0.029565,0.8750
105,0.008346,0.9900,0.030751,0.8750
106,0.010112,0.9700,0.032511,0.8750
107,0.010902,0.9600,0.028047,0.8750
108,0.009022,0.9700,0.022652,0.9167
109,0.015745,0.9500,0.025175,0.9167
110,0.013244,0.9700,0.028335,0.8750
111,0.009884,0.9700,0.029752,0.8750
112,0.023347,0.9200,0.032973,0.8750
113,0.015016,0.9600,0.027530,0.8750
114,0.008591,0.9800,0.028228,0.9167
115,0.011700,0.9600,0.029326,0.8750
116,0.011229,0.9800,0.029394,0.8750
117,0.016513,0.9500,0.028020,0.9167
118,0.011467,0.9700,0.028843,0.9167
119,0.008820,0.9800,0.028326,0.9167
120,0.011943,0.9700,0.029686,0.9167
121,0.013869,0.9700,0.032151,0.8750
122,0.014764,0.9600,0.030797,0.8750
123,0.018429,0.9500,0.030647,0.8750
124,0.017536,0.9500,0.029494,0.9167
125,0.011215,0.9700,0.028504,0.9167
126,0.009338,0.9800,0.027335,0.9167
127,0.016243,0.9500,0.031149,0.8750
128,0.007089,0.9800,0.031895,0.8750
129,0.005546,0.9900,0.030600,0.8750
130,0.009753,0.9700,0.029610,0.8750
131,0.015471,0.9600,0.031027,0.8750
132,0.011826,0.9700,0.028315,0.9167
133,0.014147,0.9600,0.025890,0.9167
134,0.023304,0.9300,0.027950,0.9167
135,0.015667,0.9500,0.031358,0.8750
136,0.023614,0.9300,0.031257,0.8750
137,0.015852,0.9500,0.027231,0.8750
138,0.009697,0.9700,0.028372,0.8750
139,0.010676,0.9700,0.028613,0.8750
140,0.008612,0.9700,0.028465,0.9167
141,0.011587,0.9700,0.029280,0.9167
142,0.009987,0.9700,0.028145,0.9167
143,0.010600,0.9600,0.029447,0.9167
144,0.012272,0.9500,0.031954,0.8750
145,0.009368,0.9700,0.030601,0.8750
146,0.008696,0.9700,0.031219,0.8750
147,0.013519,0.9500,0.029482,0.9167
148,0.011968,0.9700,0.030890,0.8750
149,0.018274,0.9500,0.029416,0.9167
150,0.015768,0.9400,0.027724,0.9167
151,0.006500,0.9800,0.029209,0.9167
152,0.013114,0.9600,0.027566,0.9167
153,0.009490,0.9700,0.030265,0.9167
154,0.008322,0.9700,0.034516,0.8750
155,0.015016,0.9400,0.030914,0.8750
156,0.008086,0.9700,0.031375,0.8750
157,0.016977,0.9400,0.034196,0.8750
158,0.012900,0.9600,0.035698,0.8750
159,0.018907,0.9300,0.038544,0.8333
160,0.020359,0.9400,0.035353,0.8750
161,0.020175,0.9300,0.033614,0.8750
162,0.007845,0.9700,0.032691,0.8750
163,0.015455,0.9500,0.032618,0.8750
164,0.018724,0.9400,0.034010,0.8750
165,0.010053,0.9700,0.032001,0.8750
166,0.011810,0.9600,0.031875,0.8750
167,0.006099,0.9900,0.033991,0.8333
168,0.006970,0.9800,0.034725,0.8750
169,0.008034,0.9700,0.034751,0.8750
170,0.011203,0.9700,0.038415,0.8750
171,0.026181,0.9200,0.036081,0.8750
172,0.016929,0.9600,0.035215,0.8750
173,0.004582,0.9900,0.033231,0.8750
174,0.017180,0.9500,0.034593,0.8750
175,0.004807,0.9900,0.030734,0.8750
176,0.013516,0.9700,0.028091,0.9167
177,0.010593,0.9700,0.028049,0.9167
178,0.024375,0.9200,0.035475,0.8750
179,0.006643,0.9700,0.042249,0.8750
180,0.017543,0.9500,0.034288,0.8750
181,0.019994,0.9400,0.030926,0.9167
182,0.009804,0.9800,0.031632,0.9167
183,0.012578,0.9700,0.035622,0.8750
184,0.010781,0.9600,0.032419,0.8750
185,0.009420,0.9700,0.031825,0.9167
186,0.012716,0.9600,0.032250,0.8750
187,0.013459,0.9500,0.034801,0.8333
188,0.008928,0.9700,0.033029,0.8750
189,0.025069,0.9300,0.030080,0.9167
190,0.008574,0.9700,0.031105,0.9167
191,0.007225,0.9800,0.031287,0.9167
192,0.008882,0.9700,0.031069,0.9167
193,0.015735,0.9400,0.034795,0.8333
194,0.010376,0.9500,0.033486,0.8333
195,0.017226,0.9300,0.028436,0.8750
196,0.012817,0.9600,0.027833,0.8750
197,0.007703,0.9700,0.024909,0.8750
198,0.010497,0.9700,0.023588,0.9583
199,0.012211,0.9700,0.027099,0.9583
200,0.013009,0.9600,0.029080,0.9583
1,0.126749,0.4500,0.124915,0.4583
2,0.126736,0.4400,0.124350,0.5417
3,0.126246,0.5000,0.123668,0.6667
4,0.122968,0.5800,0.119347,0.6250
5,0.116157,0.6700,0.111270,0.5833
6,0.098413,0.6900,0.092007,0.7500
7,0.085992,0.8000,0.088531,0.7083
8,0.073760,0.8100,0.106799,0.7083
9,0.073020,0.8300,0.099449,0.7083
10,0.062917,0.8500,0.105137,0.7083
11,0.058593,0.8500,0.097702,0.7083
12,0.060661,0.8700,0.102864,0.7500
13,0.059448,0.8700,0.099218,0.6667
14,0.067780,0.8300,0.108406,0.7500
15,0.061290,0.8500,0.106487,0.7083
16,0.054908,0.8600,0.105166,0.7083
17,0.062225,0.8400,0.104078,0.7083
18,0.058446,0.8400,0.098804,0.7083
19,0.052394,0.8600,0.097184,0.7083
20,0.049276,0.8800,0.095706,0.7083
21,0.048841,0.8800,0.093000,0.7083
22,0.050899,0.8700,0.092920,0.7083
23,0.041382,0.9000,0.083937,0.7083
24,0.050886,0.8700,0.081438,0.7500
25,0.037982,0.9000,0.073856,0.7500
26,0.051596,0.8700,0.074314,0.7917
27,0.038988,0.8800,0.067494,0.7917
28,0.046468,0.8700,0.061853,0.7917
29,0.038569,0.8900,0.059721,0.7917
30,0.030145,0.9000,0.053420,0.8333
31,0.030315,0.9100,0.054454,0.8333
32,0.034086,0.8800,0.050211,0.8750
33,0.029814,0.9000,0.047071,0.8750
34,0.029498,0.9000,0.046507,0.8750
35,0.044241,0.9000,0.047982,0.9167
36,0.035782,0.8900,0.047055,0.8750
37,0.037473,0.8700,0.047931,0.8333
38,0.027263,0.9200,0.044529,0.8750
39,0.024451,0.9300,0.043461,0.8750
40,0.030809,0.8800,0.044103,0.8333
41,0.036815,0.9100,0.043215,0.9167
42,0.026368,0.9500,0.042364,0.9167
43,0.043225,0.8500,0.045714,0.8333
44,0.028709,0.8900,0.045088,0.8333
45,0.035333,0.9000,0.043455,0.8333
46,0.028910,0.8900,0.041645,0.8333
47,0.024098,0.9200,0.041521,0.9167
48,0.039724,0.8600,0.043648,0.8333
49,0.031814,0.9000,0.042561,0.8750
50,0.043746,0.8300,0.042794,0.8333
51,0.044154,0.8500,0.045878,0.8333
52,0.035435,0.9000,0.046883,0.8750
53,0.032934,0.8800,0.043412,0.8333
54,0.029584,0.8800,0.041192,0.8333
55,0.026105,0.9000,0.041196,0.8333
56,0.024409,0.9200,0.039246,0.8333
57,0.030661,0.8800,0.039792,0.8333
58,0.018698,0.9200,0.040785,0.8333
59,0.022807,0.9200,0.039332,0.9167
60,0.025569,0.9300,0.038923,0.9167
61,0.027360,0.8800,0.037996,0.8333
62,0.020718,0.9200,0.034909,0.9167
63,0.023685,0.9500,0.034941,0.9167
64,0.027564,0.9500,0.034165,0.9167
65,0.030033,0.9300,0.035788,0.9167
66,0.026859,0.9400,0.038414,0.9167
67,0.022638,0.9500,0.038526,0.9167
68,0.023087,0.9400,0.037047,0.9167
69,0.025520,0.9400,0.036785,0.9167
70,0.020138,0.9500,0.034975,0.9167
71,0.038676,0.9100,0.037405,0.9167
72,0.027225,0.9200,0.034330,0.9167
73,0.030490,0.8800,0.034963,0.9167
74,0.023948,0.9300,0.035031,0.8333
75,0.030572,0.8700,0.033234,0.8333
76,0.031453,0.8800,0.034445,0.8333
77,0.022868,0.9000,0.033134,0.9167
78,0.038471,0.8900,0.032765,0.9167
79,0.023840,0.8700,0.035271,0.8333
80,0.037115,0.8500,0.039712,0.8333
81,0.026898,0.8700,0.035546,0.8333
82,0.018297,0.9400,0.036843,0.9167
83,0.034561,0.9100,0.035062,0.9167
84,0.022475,0.9500,0.031720,0.9167
85,0.019464,0.9400,0.028394,0.8750
86,0.030035,0.8900,0.029805,0.8333
87,0.018563,0.9200,0.031658,0.9167
88,0.019850,0.9400,0.030511,0.9167
89,0.028211,0.9200,0.028505,0.9167
90,0.024740,0.8900,0.030586,0.8333
91,0.029044,0.8800,0.033658,0.8333
92,0.019447,0.9000,0.031480,0.8333
93,0.022186,0.9100,0.030111,0.9167
94,0.018560,0.9300,0.027927,0.9167
95,0.038037,0.9100,0.033440,0.9167
96,0.024720,0.9200,0.030793,0.9167
97,0.018043,0.9400,0.028222,0.9167
98,0.019127,0.9500,0.031739,0.9167
99,0.020894,0.9500,0.029992,0.9167
100,0.015031,0.9600,0.027695,0.9167
101,0.029437,0.9200,0.027180,0.9167
102,0.029529,0.9200,0.029253,0.8750
103,0.029049,0.9000,0.029591,0.9167
104,0.019390,0.9300,0.028708,0.9167
105,0.024834,0.9400,0.030197,0.9167
106,0.027287,0.9300,0.031241,0.9167
107,0.023812,0.9400,0.029660,0.9167
108,0.035483,0.8900,0.027535,0.9167
109,0.016727,0.9400,0.026958,0.9167
110,0.027249,0.9300,0.025969,0.9167
111,0.020369,0.9700,0.026309,0.9167
112,0.027230,0.9400,0.031419,0.9167
113,0.030454,0.9100,0.027335,0.9167
114,0.033671,0.9100,0.029454,0.9167
115,0.020077,0.9100,0.025634,0.9583
116,0.015938,0.9600,0.026253,0.9583
117,0.027761,0.9200,0.029854,0.8750
118,0.012602,0.9800,0.029686,0.8750
119,0.021194,0.9500,0.028406,0.8750
120,0.029468,0.9300,0.028664,0.9167
121,0.023908,0.9600,0.026392,0.9167
122,0.034580,0.9300,0.027844,0.9167
123,0.027007,0.9500,0.030423,0.8750
124,0.020832,0.9700,0.028450,0.8750
125,0.020456,0.9700,0.023257,0.9167
126,0.023460,0.9600,0.025610,0.9583
127,0.020690,0.9500,0.025532,0.9583
128,0.012562,1.0000,0.025973,0.9167
129,0.022440,0.9500,0.027218,0.9167
130,0.030713,0.9200,0.026977,0.9167
131,0.010947,0.9900,0.027031,0.9167
132,0.035661,0.9100,0.027475,0.9167
133,0.018126,0.9600,0.023300,0.9583
134,0.022577,0.9700,0.024801,0.9167
135,0.020060,0.9600,0.025555,0.9583
136,0.021433,0.9500,0.027126,0.9167
137,0.017497,0.9800,0.025091,0.9583
138,0.027110,0.9500,0.025624,0.9167
139,0.015018,0.9500,0.024997,0.9167
140,0.028499,0.9200,0.023940,1.0000
141,0.034465,0.8700,0.025885,0.9583
142,0.026499,0.8800,0.027735,0.9167
143,0.032140,0.8800,0.028442,0.9167
144,0.025126,0.9000,0.029448,0.9167
145,0.044398,0.8900,0.036231,0.8750
146,0.021708,0.9300,0.031769,0.8750
147,0.023405,0.9400,0.025980,1.0000
148,0.029216,0.9300,0.024498,0.9583
149,0.025532,0.9300,0.022772,1.0000
150,0.016027,0.9800,0.023961,0.9583
151,0.018588,0.9700,0.024289,1.0000
152,0.013404,0.9900,0.023711,1.0000
153,0.025516,0.9600,0.022168,1.0000
154,0.028927,0.9100,0.022228,1.0000
155,0.030151,0.8800,0.023609,1.0000
156,0.016016,0.9700,0.025380,0.9167
157,0.027560,0.9300,0.025661,0.9583
158,0.020813,0.9700,0.024002,0.9583
159,0.038104,0.9000,0.026268,0.9583
160,0.020234,0.9700,0.022197,1.0000
161,0.030296,0.9400,0.021458,1.0000
162,0.012404,0.9900,0.020836,1.0000
163,0.016816,0.9800,0.023245,0.9583
164,0.041384,0.9100,0.025655,0.9583
165,0.017797,0.9800,0.023088,1.0000
166,0.023854,0.9700,0.020117,1.0000
167,0.036409,0.9200,0.022443,1.0000
168,0.034890,0.9400,0.021064,1.0000
169,0.025713,0.9500,0.026678,0.9167
170,0.033336,0.9100,0.023652,1.0000
171,0.034179,0.9200,0.023959,1.0000
172,0.021302,0.9700,0.023040,0.9583
173,0.022057,0.9600,0.022125,0.9583
174,0.035466,0.9200,0.025404,0.9583
175,0.023179,0.9600,0.022547,1.0000
176,0.020293,0.9700,0.022572,1.0000
177,0.017305,0.9800,0.023824,0.9583
178,0.020213,0.9700,0.023157,0.9583
179,0.028121,0.9500,0.027034,0.9167
180,0.026266,0.9300,0.025391,0.9583
181,0.029747,0.9400,0.024025,1.0000
182,0.017983,0.9800,0.023966,1.0000
183,0.036426,0.9200,0.028135,0.9167
184,0.018556,0.9800,0.028065,0.9167
185,0.020725,0.9700,0.025417,0.9167
186,0.023253,0.9600,0.021787,1.0000
187,0.020780,0.9800,0.024141,0.9583
188,0.020104,0.9700,0.024895,0.9167
189,0.017570,0.9800,0.024858,0.9583
190,0.024767,0.9400,0.024479,0.9583
191,0.025684,0.9500,0.025771,0.9167
192,0.016170,0.9900,0.024600,0.9167
193,0.033935,0.9200,0.026108,0.9167
194,0.027089,0.9500,0.024316,0.9583
195,0.017075,0.9800,0.021162,1.0000
196,0.021921,0.9600,0.021680,1.0000
197,0.018166,0.9800,0.022390,0.9583
198,0.018905,0.9700,0.023124,0.9167
199,0.019061,0.9700,0.022076,0.9583
200,0.013700,0.9900,0.022728,0.9583
1,0.125585,0.5600,0.092925,0.7500
2,0.086304,0.7900,0.097853,0.7083
3,0.069079,0.8400,0.101759,0.6667
4,0.059593,0.8400,0.085541,0.7083
5,0.048758,0.8900,0.091950,0.7083
6,0.047124,0.8800,0.082710,0.7500
7,0.034517,0.9100,0.058757,0.8333
8,0.022149,0.9500,0.046738,0.9167
9,0.016876,0.9700,0.053535,0.8750
10,0.016018,0.9700,0.051954,0.8333
11,0.014691,0.9700,0.049223,0.8750
12,0.014456,0.9700,0.049460,0.8750
13,0.013226,0.9700,0.041685,0.8750
14,0.013089,0.9700,0.053919,0.8333
15,0.011785,0.9700,0.041006,0.8750
16,0.011391,0.9700,0.043056,0.8750
17,0.010652,0.9700,0.036039,0.8750
18,0.010255,0.9700,0.040215,0.8750
19,0.009481,0.9700,0.026256,0.9167
20,0.009194,0.9700,0.027677,0.9167
21,0.008005,0.9700,0.023960,0.9167
22,0.008117,0.9700,0.022239,0.9167
23,0.007115,0.9700,0.019057,0.9167
24,0.006931,0.9700,0.017270,0.9167
25,0.007012,0.9700,0.017334,0.9167
26,0.006406,0.9700,0.016283,0.9167
27,0.005483,0.9800,0.013907,0.9583
28,0.005544,1.0000,0.012965,1.0000
29,0.005250,1.0000,0.012587,1.0000
30,0.004864,1.0000,0.011646,1.0000
31,0.005027,1.0000,0.011370,1.0000
32,0.004326,1.0000,0.010634,1.0000
33,0.004656,1.0000,0.010254,1.0000
34,0.004253,1.0000,0.009505,1.0000
35,0.003837,1.0000,0.008860,1.0000
36,0.004142,1.0000,0.008848,1.0000
37,0.003717,1.0000,0.008260,1.0000
38,0.003841,1.0000,0.008019,1.0000
39,0.003505,1.0000,0.007936,1.0000
40,0.003674,1.0000,0.007602,1.0000
41,0.003232,1.0000,0.007314,1.0000
42,0.003854,1.0000,0.007398,1.0000
43,0.003376,1.0000,0.007078,1.0000
44,0.003124,1.0000,0.006633,1.0000
45,0.003230,1.0000,0.006872,1.0000
46,0.003507,1.0000,0.006825,1.0000
47,0.002863,1.0000,0.006222,1.0000
48,0.003239,1.0000,0.006324,1.0000
49,0.003629,1.0000,0.005909,1.0000
50,0.002946,1.0000,0.005656,1.0000
51,0.002975,1.0000,0.005729,1.0000
52,0.003083,1.0000,0.005811,1.0000
53,0.002670,1.0000,0.005764,1.0000
54,0.003335,1.0000,0.005681,1.0000
55,0.002809,1.0000,0.005545,1.0000
56,0.002836,1.0000,0.005534,1.0000
57,0.002739,1.0000,0.005346,1.0000
58,0.002748,1.0000,0.005527,1.0000
59,0.002579,1.0000,0.005794,1.0000
60,0.003144,1.0000,0.005303,1.0000
61,0.002691,1.0000,0.005254,1.0000
62,0.002851,1.0000,0.005503,1.0000
63,0.002831,1.0000,0.005122,1.0000
64,0.002649,1.0000,0.005255,1.0000
65,0.002759,1.0000,0.005094,1.0000
66,0.002520,1.0000,0.005242,1.0000
67,0.002660,1.0000,0.005506,1.0000
68,0.003039,1.0000,0.005121,1.0000
69,0.002658,1.0000,0.005185,1.0000
70,0.002877,1.0000,0.004846,1.0000
71,0.002718,1.0000,0.005322,1.0000
72,0.002548,1.0000,0.004826,1.0000
73,0.002667,1.0000,0.004831,1.0000
74,0.002883,1.0000,0.005114,1.0000
75,0.002402,1.0000,0.004881,1.0000
76,0.002910,1.0000,0.004683,1.0000
77,0.002504,1.0000,0.005038,1.0000
78,0.002725,1.0000,0.004738,1.0000
79,0.002705,1.0000,0.004715,1.0000
80,0.002580,1.0000,0.004827,1.0000
81,0.002591,1.0000,0.004600,1.0000
82,0.002636,1.0000,0.004725,1.0000
83,0.002580,1.0000,0.004562,1.0000
84,0.002706,1.0000,0.004461,1.0000
85,0.002667,1.0000,0.004888,1.0000
86,0.002697,1.0000,0.004669,1.0000
87,0.002260,1.0000,0.004871,1.0000
88,0.002756,1.0000,0.004859,1.0000
89,0.002646,1.0000,0.004798,1.0000
90,0.002502,1.0000,0.004642,1.0000
91,0.002595,1.0000,0.004614,1.0000
92,0.002486,1.0000,0.004576,1.0000
93,0.002729,1.0000,0.004691,1.0000
94,0.002348,1.0000,0.004734,1.0000
95,0.002613,1.0000,0.004922,1.0000
96,0.002874,1.0000,0.004478,1.0000
97,0.002420,1.0000,0.004702,1.0000
98,0.002705,1.0000,0.004431,1.0000
99,0.002531,1.0000,0.004474,1.0000
100,0.002537,1.0000,0.004488,1.0000
101,0.002337,1.0000,0.004748,1.0000
102,0.002839,1.0000,0.004818,1.0000
103,0.002625,1.0000,0.004595,1.0000
104,0.002331,1.0000,0.004731,1.0000
105,0.002764,1.0000,0.004785,1.0000
106,0.002556,1.0000,0.004295,1.0000
107,0.002325,1.0000,0.004837,1.0000
108,0.002817,1.0000,0.004514,1.0000
109,0.002199,1.0000,0.004782,1.0000
110,0.002624,1.0000,0.004617,1.0000
111,0.002567,1.0000,0.004698,1.0000
112,0.002737,1.0000,0.004497,1.0000
113,0.002258,1.0000,0.004782,1.0000
114,0.002703,1.0000,0.004777,1.0000
115,0.002576,1.0000,0.004558,1.0000
116,0.002506,1.0000,0.004512,1.0000
117,0.002570,1.0000,0.004337,1.0000
118,0.002841,1.0000,0.004350,1.0000
119,0.002385,1.0000,0.004425,1.0000
120,0.002357,1.0000,0.004688,1.0000
121,0.002559,1.0000,0.004473,1.0000
122,0.002491,1.0000,0.004562,1.0000
123,0.002426,1.0000,0.004871,1.0000
124,0.003250,1.0000,0.004725,1.0000
125,0.002216,1.0000,0.004363,1.0000
126,0.002688,1.0000,0.004326,1.0000
127,0.002533,1.0000,0.004683,1.0000
128,0.002477,1.0000,0.004469,1.0000
129,0.002511,1.0000,0.004480,1.0000
130,0.002411,1.0000,0.004764,1.0000
131,0.002484,1.0000,0.004883,1.0000
132,0.002717,1.0000,0.004619,1.0000
133,0.002854,1.0000,0.004522,1.0000
134,0.002437,1.0000,0.004754,1.0000
135,0.002556,1.0000,0.004649,1.0000
136,0.002670,1.0000,0.004761,1.0000
137,0.002576,1.0000,0.004427,1.0000
138,0.002297,1.0000,0.004515,1.0000
139,0.002428,1.0000,0.004846,1.0000
140,0.002641,1.0000,0.004802,1.0000
141,0.002806,1.0000,0.004529,1.0000
142,0.002338,1.0000,0.004431,1.0000
143,0.002507,1.0000,0.004540,1.0000
144,0.002679,1.0000,0.004285,1.0000
145,0.002328,1.0000,0.004828,1.0000
146,0.002937,1.0000,0.004344,1.0000
147,0.002305,1.0000,0.004516,1.0000
148,0.002606,1.0000,0.004595,1.0000
149,0.002394,1.0000,0.004362,1.0000
150,0.002507,1.0000,0.005016,1.0000
151,0.002475,1.0000,0.004557,1.0000
152,0.002765,1.0000,0.004428,1.0000
153,0.002419,1.0000,0.004650,1.0000
154,0.002593,1.0000,0.004447,1.0000
155,0.002522,1.0000,0.004500,1.0000
156,0.002303,1.0000,0.004504,1.0000
157,0.002950,1.0000,0.004565,1.0000
158,0.002394,1.0000,0.004429,1.0000
159,0.002446,1.0000,0.004440,1.0000
160,0.002699,1.0000,0.004640,1.0000
161,0.002557,1.0000,0.004508,1.0000
162,0.002351,1.0000,0.004460,1.0000
163,0.002529,1.0000,0.004388,1.0000
164,0.002484,1.0000,0.004486,1.0000
165,0.002441,1.0000,0.004699,1.0000
166,0.002559,1.0000,0.004847,1.0000
167,0.002429,1.0000,0.004685,1.0000
168,0.002684,1.0000,0.004535,1.0000
169,0.002466,1.0000,0.004666,1.0000
170,0.002574,1.0000,0.004651,1.0000
171,0.002587,1.0000,0.004611,1.0000
172,0.002474,1.0000,0.004383,1.0000
173,0.002752,1.0000,0.004657,1.0000
174,0.002378,1.0000,0.004510,1.0000
175,0.002391,1.0000,0.005239,1.0000
176,0.002598,1.0000,0.004778,1.0000
177,0.003053,1.0000,0.004383,1.0000
178,0.002321,1.0000,0.004484,1.0000
179,0.002390,1.0000,0.004642,1.0000
180,0.002445,1.0000,0.004695,1.0000
181,0.002932,1.0000,0.004674,1.0000
182,0.002252,1.0000,0.004364,1.0000
183,0.002906,1.0000,0.004440,1.0000
184,0.002350,1.0000,0.004671,1.0000
185,0.002524,1.0000,0.004332,1.0000
186,0.002265,1.0000,0.004658,1.0000
187,0.002878,1.0000,0.004481,1.0000
188,0.002483,1.0000,0.004458,1.0000
189,0.002242,1.0000,0.004543,1.0000
190,0.002495,1.0000,0.004655,1.0000
191,0.002483,1.0000,0.004755,1.0000
192,0.002659,1.0000,0.004929,1.0000
193,0.002943,1.0000,0.004605,1.0000
194,0.002308,1.0000,0.004598,1.0000
195,0.002737,1.0000,0.004640,1.0000
196,0.002299,1.0000,0.004574,1.0000
197,0.002617,1.0000,0.004555,1.0000
198,0.002404,1.0000,0.005078,1.0000
199,0.002631,1.0000,0.004484,1.0000
200,0.002653,1.0000,0.004252,1.0000
1,0.124575,0.5700,0.097345,0.7500
2,0.090087,0.7700,0.092767,0.7083
3,0.073844,0.8200,0.098363,0.6667
4,0.065914,0.8200,0.098691,0.7083
5,0.054246,0.8600,0.084534,0.7500
6,0.052919,0.8500,0.095821,0.7083
7,0.044253,0.9000,0.093674,0.7083
8,0.033700,0.9300,0.094199,0.7083
9,0.030782,0.9100,0.075880,0.8333
10,0.023511,0.9600,0.068837,0.8333
11,0.021475,0.9500,0.063450,0.8333
12,0.019110,0.9600,0.062158,0.8333
13,0.018105,0.9600,0.055167,0.8750
14,0.017834,0.9700,0.065432,0.8333
15,0.015944,0.9700,0.051248,0.8750
16,0.015767,0.9700,0.056851,0.8333
17,0.015426,0.9700,0.048143,0.8750
18,0.015300,0.9700,0.056393,0.8333
19,0.014849,0.9700,0.048053,0.8750
20,0.014778,0.9700,0.047856,0.8750
21,0.014361,0.9700,0.046291,0.8750
22,0.014507,0.9700,0.047468,0.8750
23,0.014096,0.9700,0.043590,0.8750
24,0.013413,0.9700,0.038230,0.8750
25,0.012557,0.9700,0.045839,0.8333
26,0.011305,0.9700,0.038957,0.8750
27,0.009033,0.9800,0.033075,0.9167
28,0.007918,0.9800,0.025458,0.9167
29,0.006271,1.0000,0.028994,0.9167
30,0.005416,1.0000,0.023755,0.9167
31,0.004804,1.0000,0.024855,0.9167
32,0.004174,1.0000,0.020998,0.9167
33,0.003879,1.0000,0.022279,0.9167
34,0.003538,1.0000,0.021065,0.9167
35,0.003307,1.0000,0.016503,0.9583
36,0.003081,1.0000,0.015879,0.9583
37,0.002798,1.0000,0.016607,0.9583
38,0.002763,1.0000,0.017109,0.9583
39,0.002508,1.0000,0.019346,0.9583
40,0.002476,1.0000,0.015204,0.9583
41,0.002372,1.0000,0.012463,0.9583
42,0.002300,1.0000,0.013810,0.9583
43,0.002204,1.0000,0.012954,0.9583
44,0.002160,1.0000,0.011938,0.9583
45,0.002137,1.0000,0.011913,0.9583
46,0.002145,1.0000,0.011028,0.9583
47,0.002089,1.0000,0.007080,1.0000
48,0.002019,1.0000,0.008806,1.0000
49,0.002040,1.0000,0.009162,1.0000
50,0.001947,1.0000,0.008468,1.0000
51,0.001922,1.0000,0.008795,1.0000
52,0.001939,1.0000,0.009877,1.0000
53,0.001935,1.0000,0.007554,1.0000
54,0.001940,1.0000,0.006505,1.0000
55,0.001860,1.0000,0.006756,1.0000
56,0.001840,1.0000,0.006900,1.0000
57,0.001810,1.0000,0.007293,1.0000
58,0.001832,1.0000,0.006639,1.0000
59,0.001877,1.0000,0.006133,1.0000
60,0.001809,1.0000,0.007663,1.0000
61,0.001830,1.0000,0.007284,1.0000
62,0.001811,1.0000,0.007097,1.0000
63,0.001768,1.0000,0.007274,1.0000
64,0.001776,1.0000,0.006538,1.0000
65,0.001735,1.0000,0.007283,1.0000
66,0.001795,1.0000,0.005378,1.0000
67,0.001778,1.0000,0.005730,1.0000
68,0.001746,1.0000,0.006150,1.0000
69,0.001753,1.0000,0.005662,1.0000
70,0.001737,1.0000,0.005756,1.0000
71,0.001723,1.0000,0.005664,1.0000
72,0.001734,1.0000,0.006118,1.0000
73,0.001729,1.0000,0.005953,1.0000
74,0.001710,1.0000,0.006170,1.0000
75,0.001735,1.0000,0.004962,1.0000
76,0.001701,1.0000,0.005186,1.0000
77,0.001690,1.0000,0.005480,1.0000
78,0.001687,1.0000,0.005588,1.0000
79,0.001726,1.0000,0.005314,1.0000
80,0.001701,1.0000,0.004952,1.0000
81,0.001671,1.0000,0.005196,1.0000
82,0.001658,1.0000,0.005511,1.0000
83,0.001695,1.0000,0.005118,1.0000
84,0.001661,1.0000,0.005621,1.0000
85,0.001677,1.0000,0.005380,1.0000
86,0.001643,1.0000,0.005933,1.0000
87,0.001700,1.0000,0.005308,1.0000
88,0.001641,1.0000,0.005661,1.0000
89,0.001674,1.0000,0.005236,1.0000
90,0.001662,1.0000,0.004622,1.0000
91,0.001610,1.0000,0.005420,1.0000
92,0.001733,1.0000,0.004933,1.0000
93,0.001640,1.0000,0.004970,1.0000
94,0.001600,1.0000,0.005043,1.0000
95,0.001677,1.0000,0.004988,1.0000
96,0.001613,1.0000,0.005012,1.0000
97,0.001633,1.0000,0.004951,1.0000
98,0.001636,1.0000,0.005005,1.0000
99,0.001604,1.0000,0.005448,1.0000
100,0.001614,1.0000,0.005361,1.0000
101,0.001662,1.0000,0.004959,1.0000
102,0.001657,1.0000,0.005103,1.0000
103,0.001614,1.0000,0.004806,1.0000
104,0.001634,1.0000,0.004723,1.0000
105,0.001602,1.0000,0.005301,1.0000
106,0.001625,1.0000,0.004734,1.0000
107,0.001615,1.0000,0.004953,1.0000
108,0.001606,1.0000,0.005276,1.0000
109,0.001612,1.0000,0.005038,1.0000
110,0.001612,1.0000,0.005194,1.0000
111,0.001626,1.0000,0.005073,1.0000
112,0.001633,1.0000,0.004620,1.0000
113,0.001597,1.0000,0.005324,1.0000
114,0.001640,1.0000,0.005058,1.0000
115,0.001631,1.0000,0.004373,1.0000
116,0.001619,1.0000,0.005162,1.0000
117,0.001590,1.0000,0.005048,1.0000
118,0.001598,1.0000,0.005222,1.0000
119,0.001593,1.0000,0.005193,1.0000
120,0.001639,1.0000,0.005278,1.0000
121,0.001600,1.0000,0.005481,1.0000
122,0.001594,1.0000,0.005434,1.0000
123,0.001628,1.0000,0.004553,1.0000
124,0.001591,1.0000,0.005004,1.0000
125,0.001590,1.0000,0.005051,1.0000
126,0.001570,1.0000,0.005547,1.0000
127,0.001638,1.0000,0.005316,1.0000
128,0.001602,1.0000,0.004826,1.0000
129,0.001598,1.0000,0.004934,1.0000
130,0.001605,1.0000,0.005024,1.0000
131,0.001616,1.0000,0.004575,1.0000
132,0.001626,1.0000,0.004704,1.0000
133,0.001594,1.0000,0.004826,1.0000
134,0.001587,1.0000,0.004542,1.0000
135,0.001603,1.0000,0.004576,1.0000
136,0.001636,1.0000,0.004237,1.0000
137,0.001549,1.0000,0.005264,1.0000
138,0.001580,1.0000,0.004962,1.0000
139,0.001604,1.0000,0.004821,1.0000
140,0.001602,1.0000,0.004826,1.0000
141,0.001583,1.0000,0.004973,1.0000
142,0.001605,1.0000,0.005536,1.0000
143,0.001583,1.0000,0.005055,1.0000
144,0.001598,1.0000,0.005305,1.0000
145,0.001633,1.0000,0.004503,1.0000
146,0.001596,1.0000,0.004653,1.0000
147,0.001604,1.0000,0.004662,1.0000
148,0.001572,1.0000,0.004979,1.0000
149,0.001609,1.0000,0.004690,1.0000
150,0.001587,1.0000,0.005008,1.0000
151,0.001596,1.0000,0.004841,1.0000
152,0.001574,1.0000,0.005221,1.0000
153,0.001623,1.0000,0.005089,1.0000
154,0.001580,1.0000,0.005168,1.0000
155,0.001613,1.0000,0.004762,1.0000
156,0.001581,1.0000,0.005029,1.0000
157,0.001599,1.0000,0.004544,1.0000
158,0.001611,1.0000,0.004669,1.0000
159,0.001560,1.0000,0.005208,1.0000
160,0.001632,1.0000,0.004887,1.0000
161,0.001597,1.0000,0.004971,1.0000
162,0.001610,1.0000,0.004735,1.0000
163,0.001580,1.0000,0.004665,1.0000
164,0.001593,1.0000,0.004742,1.0000
165,0.001590,1.0000,0.004496,1.0000
166,0.001614,1.0000,0.004764,1.0000
167,0.001586,1.0000,0.004819,1.0000
168,0.001608,1.0000,0.004206,1.0000
169,0.001590,1.0000,0.004520,1.0000
170,0.001578,1.0000,0.004622,1.0000
171,0.001591,1.0000,0.004761,1.0000
172,0.001553,1.0000,0.004737,1.0000
173,0.001602,1.0000,0.004763,1.0000
174,0.001585,1.0000,0.004667,1.0000
175,0.001602,1.0000,0.004451,1.0000
176,0.001608,1.0000,0.004191,1.0000
177,0.001596,1.0000,0.004397,1.0000
178,0.001555,1.0000,0.004596,1.0000
179,0.001585,1.0000,0.004566,1.0000
180,0.001596,1.0000,0.004491,1.0000
181,0.001578,1.0000,0.004535,1.0000
182,0.001598,1.0000,0.004728,1.0000
183,0.001565,1.0000,0.004827,1.0000
184,0.001577,1.0000,0.004829,1.0000
185,0.001585,1.0000,0.004958,1.0000
186,0.001620,1.0000,0.004617,1.0000
187,0.001596,1.0000,0.004591,1.0000
188,0.001617,1.0000,0.004271,1.0000
189,0.001562,1.0000,0.004446,1.0000
190,0.001583,1.0000,0.004302,1.0000
191,0.001589,1.0000,0.004445,1.0000
192,0.001562,1.0000,0.004635,1.0000
193,0.001600,1.0000,0.004837,1.0000
194,0.001576,1.0000,0.004677,1.0000
195,0.001583,1.0000,0.004533,1.0000
196,0.001593,1.0000,0.004505,1.0000
197,0.001572,1.0000,0.004691,1.0000
198,0.001606,1.0000,0.004599,1.0000
199,0.001605,1.0000,0.004397,1.0000
200,0.001593,1.0000,0.004674,1.0000
1,0.124575,0.5700,0.097345,0.7500
2,0.090087,0.7700,0.092767,0.7083
3,0.073844,0.8200,0.098363,0.6667
4,0.065914,0.8200,0.098691,0.7083
5,0.054246,0.8600,0.084534,0.7500
6,0.052919,0.8500,0.095821,0.7083
7,0.044253,0.9000,0.093674,0.7083
8,0.033700,0.9300,0.094199,0.7083
9,0.030782,0.9100,0.075880,0.8333
10,0.023511,0.9600,0.068837,0.8333
11,0.021475,0.9500,0.063450,0.8333
12,0.019110,0.9600,0.062158,0.8333
13,0.018105,0.9600,0.055167,0.8750
14,0.017834,0.9700,0.065432,0.8333
15,0.015944,0.9700,0.051248,0.8750
16,0.015767,0.9700,0.056851,0.8333
17,0.015426,0.9700,0.048143,0.8750
18,0.015300,0.9700,0.056393,0.8333
19,0.014849,0.9700,0.048053,0.8750
20,0.014778,0.9700,0.047856,0.8750
21,0.014361,0.9700,0.046291,0.8750
22,0.014507,0.9700,0.047468,0.8750
23,0.014096,0.9700,0.043590,0.8750
24,0.013413,0.9700,0.038230,0.8750
25,0.012557,0.9700,0.045839,0.8333
26,0.011305,0.9700,0.038957,0.8750
27,0.009033,0.9800,0.033075,0.9167
28,0.007918,0.9800,0.025458,0.9167
29,0.006271,1.0000,0.028994,0.9167
30,0.005416,1.0000,0.023755,0.9167
31,0.004804,1.0000,0.024855,0.9167
32,0.004174,1.0000,0.020998,0.9167
33,0.003879,1.0000,0.022279,0.9167
34,0.003538,1.0000,0.021065,0.9167
35,0.003307,1.0000,0.016503,0.9583
36,0.003081,1.0000,0.015879,0.9583
37,0.002798,1.0000,0.016607,0.9583
38,0.002763,1.0000,0.017109,0.9583
39,0.002508,1.0000,0.019346,0.9583
40,0.002476,1.0000,0.015204,0.9583
41,0.002372,1.0000,0.012463,0.9583
42,0.002300,1.0000,0.013810,0.9583
43,0.002204,1.0000,0.012954,0.9583
44,0.002160,1.0000,0.011938,0.9583
45,0.002137,1.0000,0.011913,0.9583
46,0.002145,1.0000,0.011028,0.9583
47,0.002089,1.0000,0.007080,1.0000
48,0.002019,1.0000,0.008806,1.0000
49,0.002040,1.0000,0.009162,1.0000
50,0.001947,1.0000,0.008468,1.0000
51,0.001922,1.0000,0.008795,1.0000
52,0.001939,1.0000,0.009877,1.0000
53,0.001935,1.0000,0.007554,1.0000
54,0.001940,1.0000,0.006505,1.0000
55,0.001860,1.0000,0.006756,1.0000
56,0.001840,1.0000,0.006900,1.0000
57,0.001810,1.0000,0.007293,1.0000
58,0.001832,1.0000,0.006639,1.0000
59,0.001877,1.0000,0.006133,1.0000
60,0.001809,1.0000,0.007663,1.0000
61,0.001830,1.0000,0.007284,1.0000
62,0.001811,1.0000,0.007097,1.0000
63,0.001768,1.0000,0.007274,1.0000
64,0.001776,1.0000,0.006538,1.0000
65,0.001735,1.0000,0.007283,1.0000
66,0.001795,1.0000,0.005378,1.0000
67,0.001778,1.0000,0.005730,1.0000
68,0.001746,1.0000,0.006150,1.0000
69,0.001753,1.0000,0.005662,1.0000
70,0.001737,1.0000,0.005756,1.0000
71,0.001723,1.0000,0.005664,1.0000
72,0.001734,1.0000,0.006118,1.0000
73,0.001729,1.0000,0.005953,1.0000
74,0.001710,1.0000,0.006170,1.0000
75,0.001735,1.0000,0.004962,1.0000
76,0.001701,1.0000,0.005186,1.0000
77,0.001690,1.0000,0.005480,1.0000
78,0.001687,1.0000,0.005588,1.0000
79,0.001726,1.0000,0.005314,1.0000
80,0.001701,1.0000,0.004952,1.0000
81,0.001671,1.0000,0.005196,1.0000
82,0.001658,1.0000,0.005511,1.0000
83,0.001695,1.0000,0.005118,1.0000
84,0.001661,1.0000,0.005621,1.0000
85,0.001677,1.0000,0.005380,1.0000
86,0.001643,1.0000,0.005933,1.0000
87,0.001700,1.0000,0.005308,1.0000
88,0.001641,1.0000,0.005661,1.0000
89,0.001674,1.0000,0.005236,1.0000
90,0.001662,1.0000,0.004622,1.0000
91,0.001610,1.0000,0.005420,1.0000
92,0.001733,1.0000,0.004933,1.0000
93,0.001640,1.0000,0.004970,1.0000
94,0.001600,1.0000,0.005043,1.0000
95,0.001677,1.0000,0.004988,1.0000
96,0.001613,1.0000,0.005012,1.0000
97,0.001633,1.0000,0.004951,1.0000
98,0.001636,1.0000,0.005005,1.0000
99,0.001604,1.0000,0.005448,1.0000
100,0.001614,1.0000,0.005361,1.0000
101,0.001662,1.0000,0.004959,1.0000
102,0.001657,1.0000,0.005103,1.0000
103,0.001614,1.0000,0.004806,1.0000
104,0.001634,1.0000,0.004723,1.0000
105,0.001602,1.0000,0.005301,1.0000
106,0.001625,1.0000,0.004734,1.0000
107,0.001615,1.0000,0.004953,1.0000
108,0.001606,1.0000,0.005276,1.0000
109,0.001612,1.0000,0.005038,1.0000
110,0.001612,1.0000,0.005194,1.0000
111,0.001626,1.0000,0.005073,1.0000
112,0.001633,1.0000,0.004620,1.0000
113,0.001597,1.0000,0.005324,1.0000
114,0.001640,1.0000,0.005058,1.0000
115,0.001631,1.0000,0.004373,1.0000
116,0.001619,1.0000,0.005162,1.0000
117,0.001590,1.0000,0.005048,1.0000
118,0.001598,1.0000,0.005222,1.0000
119,0.001593,1.0000,0.005193,1.0000
120,0.001639,1.0000,0.005278,1.0000
121,0.001600,1.0000,0.005481,1.0000
122,0.001594,1.0000,0.005434,1.0000
123,0.001628,1.0000,0.004553,1.0000
124,0.001591,1.0000,0.005004,1.0000
125,0.001590,1.0000,0.005051,1.0000
126,0.001570,1.0000,0.005547,1.0000
127,0.001638,1.0000,0.005316,1.0000
128,0.001602,1.0000,0.004826,1.0000
129,0.001598,1.0000,0.004934,1.0000
130,0.001605,1.0000,0.005024,1.0000
131,0.001616,1.0000,0.004575,1.0000
132,0.001626,1.0000,0.004704,1.0000
133,0.001594,1.0000,0.004826,1.0000
134,0.001587,1.0000,0.004542,1.0000
135,0.001603,1.0000,0.004576,1.0000
136,0.001636,1.0000,0.004237,1.0000
137,0.001549,1.0000,0.005264,1.0000
138,0.001580,1.0000,0.004962,1.0000
139,0.001604,1.0000,0.004821,1.0000
140,0.001602,1.0000,0.004826,1.0000
141,0.001583,1.0000,0.004973,1.0000
142,0.001605,1.0000,0.005536,1.0000
143,0.001583,1.0000,0.005055,1.0000
144,0.001598,1.0000,0.005305,1.0000
145,0.001633,1.0000,0.004503,1.0000
146,0.001596,1.0000,0.004653,1.0000
147,0.001604,1.0000,0.004662,1.0000
148,0.001572,1.0000,0.004979,1.0000
149,0.001609,1.0000,0.004690,1.0000
150,0.001587,1.0000,0.005008,1.0000
151,0.001596,1.0000,0.004841,1.0000
152,0.001574,1.0000,0.005221,1.0000
153,0.001623,1.0000,0.005089,1.0000
154,0.001580,1.0000,0.005168,1.0000
155,0.001613,1.0000,0.004762,1.0000
156,0.001581,1.0000,0.005029,1.0000
157,0.001599,1.0000,0.004544,1.0000
158,0.001611,1.0000,0.004669,1.0000
159,0.001560,1.0000,0.005208,1.0000
160,0.001632,1.0000,0.004887,1.0000
161,0.001597,1.0000,0.004971,1.0000
162,0.001610,1.0000,0.004735,1.0000
163,0.001580,1.0000,0.004665,1.0000
164,0.001593,1.0000,0.004742,1.0000
165,0.001590,1.0000,0.004496,1.0000
166,0.001614,1.0000,0.004764,1.0000
167,0.001586,1.0000,0.004819,1.0000
168,0.001608,1.0000,0.004206,1.0000
169,0.001590,1.0000,0.004520,1.0000
170,0.001578,1.0000,0.004622,1.0000
171,0.001591,1.0000,0.004761,1.0000
172,0.001553,1.0000,0.004737,1.0000
173,0.001602,1.0000,0.004763,1.0000
174,0.001585,1.0000,0.004667,1.0000
175,0.001602,1.0000,0.004451,1.0000
176,0.001608,1.0000,0.004191,1.0000
177,0.001596,1.0000,0.004397,1.0000
178,0.001555,1.0000,0.004596,1.0000
179,0.001585,1.0000,0.004566,1.0000
180,0.001596,1.0000,0.004491,1.0000
181,0.001578,1.0000,0.004535,1.0000
182,0.001598,1.0000,0.004728,1.0000
183,0.001565,1.0000,0.004827,1.0000
184,0.001577,1.0000,0.004829,1.0000
185,0.001585,1.0000,0.004958,1.0000
186,0.001620,1.0000,0.004617,1.0000
187,0.001596,1.0000,0.004591,1.0000
188,0.001617,1.0000,0.004271,1.0000
189,0.001562,1.0000,0.004446,1.0000
190,0.001583,1.0000,0.004302,1.0000
191,0.001589,1.0000,0.004445,1.0000
192,0.001562,1.0000,0.004635,1.0000
193,0.001600,1.0000,0.004837,1.0000
194,0.001576,1.0000,0.004677,1.0000
195,0.001583,1.0000,0.004533,1.0000
196,0.001593,1.0000,0.004505,1.0000
197,0.001572,1.0000,0.004691,1.0000
198,0.001606,1.0000,0.004599,1.0000
199,0.001605,1.0000,0.004397,1.0000
200,0.001593,1.0000,0.004674,1.0000
1,0.129277,0.5000,0.121542,0.5417
2,0.113251,0.6800,0.098450,0.6667
3,0.081198,0.8100,0.107543,0.6667
4,0.068366,0.8200,0.089798,0.7500
5,0.060753,0.8500,0.093870,0.7083
6,0.055595,0.8600,0.109438,0.7083
7,0.049112,0.8900,0.089237,0.7500
8,0.033402,0.9200,0.101482,0.7083
9,0.032061,0.9200,0.068599,0.8333
10,0.018429,0.9600,0.062072,0.8333
11,0.016423,0.9600,0.046255,0.8750
12,0.015293,0.9700,0.052668,0.8333
13,0.013727,0.9700,0.052755,0.8750
14,0.014310,0.9700,0.062780,0.8333
15,0.014383,0.9600,0.046409,0.8750
16,0.013706,0.9700,0.053097,0.8750
17,0.011483,0.9700,0.043221,0.8750
18,0.010423,0.9700,0.048257,0.8333
19,0.009218,0.9700,0.028018,0.9167
20,0.008642,0.9700,0.029594,0.8750
21,0.007515,0.9700,0.023890,0.9167
22,0.007488,0.9700,0.021547,0.9167
23,0.006504,0.9700,0.018127,0.9167
24,0.006314,0.9700,0.015954,0.9167
25,0.006381,0.9900,0.015585,0.9583
26,0.005788,1.0000,0.014602,0.9583
27,0.004929,1.0000,0.012434,1.0000
28,0.005009,1.0000,0.011675,1.0000
29,0.004769,1.0000,0.011211,1.0000
30,0.004429,1.0000,0.010439,1.0000
31,0.004612,1.0000,0.010014,1.0000
32,0.003945,1.0000,0.009602,1.0000
33,0.004311,1.0000,0.009147,1.0000
34,0.003918,1.0000,0.008483,1.0000
35,0.003540,1.0000,0.008004,1.0000
36,0.003854,1.0000,0.007914,1.0000
37,0.003451,1.0000,0.007381,1.0000
38,0.003575,1.0000,0.007161,1.0000
39,0.003286,1.0000,0.007066,1.0000
40,0.003446,1.0000,0.006828,1.0000
41,0.003022,1.0000,0.006673,1.0000
42,0.003664,1.0000,0.006669,1.0000
43,0.003186,1.0000,0.006378,1.0000
44,0.002955,1.0000,0.005980,1.0000
45,0.003072,1.0000,0.006267,1.0000
46,0.003341,1.0000,0.006210,1.0000
47,0.002715,1.0000,0.005715,1.0000
48,0.003103,1.0000,0.005794,1.0000
49,0.003513,1.0000,0.005301,1.0000
50,0.002809,1.0000,0.005184,1.0000
51,0.002876,1.0000,0.005244,1.0000
52,0.002968,1.0000,0.005344,1.0000
53,0.002578,1.0000,0.005360,1.0000
54,0.003239,1.0000,0.005253,1.0000
55,0.002722,1.0000,0.005133,1.0000
56,0.002758,1.0000,0.005146,1.0000
57,0.002657,1.0000,0.004962,1.0000
58,0.002679,1.0000,0.005171,1.0000
59,0.002504,1.0000,0.005507,1.0000
60,0.003078,1.0000,0.004933,1.0000
61,0.002641,1.0000,0.004902,1.0000
62,0.002787,1.0000,0.005211,1.0000
63,0.002784,1.0000,0.004784,1.0000
64,0.002592,1.0000,0.004986,1.0000
65,0.002720,1.0000,0.004808,1.0000
66,0.002472,1.0000,0.005010,1.0000
67,0.002627,1.0000,0.005286,1.0000
68,0.002996,1.0000,0.004870,1.0000
69,0.002627,1.0000,0.004943,1.0000
70,0.002828,1.0000,0.004607,1.0000
71,0.002682,1.0000,0.005122,1.0000
72,0.002521,1.0000,0.004633,1.0000
73,0.002641,1.0000,0.004635,1.0000
74,0.002855,1.0000,0.004899,1.0000
75,0.002375,1.0000,0.004719,1.0000
76,0.002887,1.0000,0.004477,1.0000
77,0.002477,1.0000,0.004880,1.0000
78,0.002700,1.0000,0.004557,1.0000
79,0.002679,1.0000,0.004544,1.0000
80,0.002566,1.0000,0.004690,1.0000
81,0.002568,1.0000,0.004445,1.0000
82,0.002626,1.0000,0.004565,1.0000
83,0.002555,1.0000,0.004410,1.0000
84,0.002687,1.0000,0.004300,1.0000
85,0.002658,1.0000,0.004737,1.0000
86,0.002674,1.0000,0.004491,1.0000
87,0.002241,1.0000,0.004759,1.0000
88,0.002748,1.0000,0.004702,1.0000
89,0.002625,1.0000,0.004673,1.0000
90,0.002495,1.0000,0.004516,1.0000
91,0.002595,1.0000,0.004454,1.0000
92,0.002457,1.0000,0.004433,1.0000
93,0.002716,1.0000,0.004569,1.0000
94,0.002340,1.0000,0.004613,1.0000
95,0.002602,1.0000,0.004785,1.0000
96,0.002841,1.0000,0.004323,1.0000
97,0.002404,1.0000,0.004574,1.0000
98,0.002705,1.0000,0.004289,1.0000
99,0.002519,1.0000,0.004330,1.0000
100,0.002518,1.0000,0.004359,1.0000
101,0.002333,1.0000,0.004642,1.0000
102,0.002823,1.0000,0.004660,1.0000
103,0.002606,1.0000,0.004450,1.0000
104,0.002325,1.0000,0.004623,1.0000
105,0.002743,1.0000,0.004669,1.0000
106,0.002547,1.0000,0.004170,1.0000
107,0.002319,1.0000,0.004750,1.0000
108,0.002819,1.0000,0.004357,1.0000
109,0.002186,1.0000,0.004678,1.0000
110,0.002613,1.0000,0.004510,1.0000
111,0.002567,1.0000,0.004566,1.0000
112,0.002716,1.0000,0.004368,1.0000
113,0.002252,1.0000,0.004710,1.0000
114,0.002701,1.0000,0.004675,1.0000
115,0.002576,1.0000,0.004460,1.0000
116,0.002495,1.0000,0.004387,1.0000
117,0.002560,1.0000,0.004236,1.0000
118,0.002846,1.0000,0.004228,1.0000
119,0.002376,1.0000,0.004311,1.0000
120,0.002353,1.0000,0.004589,1.0000
121,0.002549,1.0000,0.004369,1.0000
122,0.002493,1.0000,0.004460,1.0000
123,0.002419,1.0000,0.004785,1.0000
124,0.003240,1.0000,0.004601,1.0000
125,0.002212,1.0000,0.004275,1.0000
126,0.002683,1.0000,0.004233,1.0000
127,0.002530,1.0000,0.004559,1.0000
128,0.002468,1.0000,0.004375,1.0000
129,0.002508,1.0000,0.004386,1.0000
130,0.002403,1.0000,0.004674,1.0000
131,0.002480,1.0000,0.004816,1.0000
132,0.002724,1.0000,0.004530,1.0000
133,0.002852,1.0000,0.004420,1.0000
134,0.002428,1.0000,0.004667,1.0000
135,0.002550,1.0000,0.004570,1.0000
136,0.002658,1.0000,0.004683,1.0000
137,0.002573,1.0000,0.004312,1.0000
138,0.002282,1.0000,0.004449,1.0000
139,0.002427,1.0000,0.004764,1.0000
140,0.002630,1.0000,0.004733,1.0000
141,0.002797,1.0000,0.004420,1.0000
142,0.002333,1.0000,0.004345,1.0000
143,0.002501,1.0000,0.004456,1.0000
144,0.002665,1.0000,0.004185,1.0000
145,0.002323,1.0000,0.004765,1.0000
146,0.002938,1.0000,0.004255,1.0000
147,0.002300,1.0000,0.004432,1.0000
148,0.002604,1.0000,0.004500,1.0000
149,0.002388,1.0000,0.004273,1.0000
150,0.002495,1.0000,0.004952,1.0000
151,0.002475,1.0000,0.004476,1.0000
152,0.002745,1.0000,0.004337,1.0000
153,0.002414,1.0000,0.004570,1.0000
154,0.002587,1.0000,0.004367,1.0000
155,0.002520,1.0000,0.004421,1.0000
156,0.002305,1.0000,0.004416,1.0000
157,0.002935,1.0000,0.004481,1.0000
158,0.002383,1.0000,0.004363,1.0000
159,0.002459,1.0000,0.004343,1.0000
160,0.002680,1.0000,0.004560,1.0000
161,0.002555,1.0000,0.004418,1.0000
162,0.002341,1.0000,0.004384,1.0000
163,0.002522,1.0000,0.004324,1.0000
164,0.002489,1.0000,0.004411,1.0000
165,0.002425,1.0000,0.004641,1.0000
166,0.002564,1.0000,0.004763,1.0000
167,0.002421,1.0000,0.004578,1.0000
168,0.002662,1.0000,0.004481,1.0000
169,0.002471,1.0000,0.004604,1.0000
170,0.002576,1.0000,0.004583,1.0000
171,0.002578,1.0000,0.004532,1.0000
172,0.002475,1.0000,0.004287,1.0000
173,0.002735,1.0000,0.004597,1.0000
174,0.002374,1.0000,0.004419,1.0000
175,0.002380,1.0000,0.005179,1.0000
176,0.002591,1.0000,0.004717,1.0000
177,0.003047,1.0000,0.004300,1.0000
178,0.002322,1.0000,0.004410,1.0000
179,0.002371,1.0000,0.004589,1.0000
180,0.002450,1.0000,0.004616,1.0000
181,0.002919,1.0000,0.004608,1.0000
182,0.002246,1.0000,0.004294,1.0000
183,0.002906,1.0000,0.004343,1.0000
184,0.002347,1.0000,0.004597,1.0000
185,0.002520,1.0000,0.004226,1.0000
186,0.002250,1.0000,0.004611,1.0000
187,0.002883,1.0000,0.004396,1.0000
188,0.002475,1.0000,0.004408,1.0000
189,0.002240,1.0000,0.004482,1.0000
190,0.002483,1.0000,0.004611,1.0000
191,0.002484,1.0000,0.004717,1.0000
192,0.002662,1.0000,0.004863,1.0000
193,0.002933,1.0000,0.004513,1.0000
194,0.002300,1.0000,0.004523,1.0000
195,0.002714,1.0000,0.004578,1.0000
196,0.002298,1.0000,0.004505,1.0000
197,0.002606,1.0000,0.004488,1.0000
198,0.002393,1.0000,0.005042,1.0000
199,0.002634,1.0000,0.004410,1.0000
200,0.002637,1.0000,0.004180,1.0000
1,0.127274,0.4200,0.118712,0.7083
2,0.107187,0.7700,0.095378,0.7083
3,0.063337,0.8600,0.118978,0.6667
4,0.056881,0.8500,0.114386,0.7083
5,0.050296,0.8800,0.106556,0.6667
6,0.045983,0.8600,0.085756,0.7083
7,0.039490,0.8800,0.066200,0.7917
8,0.026789,0.9300,0.039476,0.9167
9,0.016314,0.9800,0.022798,0.9583
10,0.008591,0.9800,0.019613,0.9583
11,0.002700,1.0000,0.009475,0.9583
12,0.001069,1.0000,0.003804,1.0000
13,0.000623,1.0000,0.003325,1.0000
14,0.000458,1.0000,0.001972,1.0000
15,0.000300,1.0000,0.001537,1.0000
16,0.000228,1.0000,0.001201,1.0000
17,0.000184,1.0000,0.000938,1.0000
18,0.000150,1.0000,0.000749,1.0000
19,0.000126,1.0000,0.000685,1.0000
20,0.000108,1.0000,0.000549,1.0000
21,0.000092,1.0000,0.000488,1.0000
22,0.000081,1.0000,0.000422,1.0000
23,0.000072,1.0000,0.000349,1.0000
24,0.000063,1.0000,0.000313,1.0000
25,0.000056,1.0000,0.000259,1.0000
26,0.000049,1.0000,0.000239,1.0000
27,0.000045,1.0000,0.000207,1.0000
28,0.000042,1.0000,0.000186,1.0000
29,0.000039,1.0000,0.000166,1.0000
30,0.000036,1.0000,0.000152,1.0000
31,0.000035,1.0000,0.000140,1.0000
32,0.000033,1.0000,0.000132,1.0000
33,0.000032,1.0000,0.000127,1.0000
34,0.000031,1.0000,0.000121,1.0000
35,0.000031,1.0000,0.000117,1.0000
36,0.000031,1.0000,0.000113,1.0000
37,0.000030,1.0000,0.000107,1.0000
38,0.000030,1.0000,0.000103,1.0000
39,0.000029,1.0000,0.000100,1.0000
40,0.000029,1.0000,0.000096,1.0000
41,0.000029,1.0000,0.000093,1.0000
42,0.000028,1.0000,0.000090,1.0000
43,0.000028,1.0000,0.000087,1.0000
44,0.000028,1.0000,0.000084,1.0000
45,0.000028,1.0000,0.000081,1.0000
46,0.000027,1.0000,0.000079,1.0000
47,0.000027,1.0000,0.000076,1.0000
48,0.000027,1.0000,0.000074,1.0000
49,0.000027,1.0000,0.000073,1.0000
50,0.000026,1.0000,0.000070,1.0000
51,0.000026,1.0000,0.000069,1.0000
52,0.000026,1.0000,0.000067,1.0000
53,0.000026,1.0000,0.000066,1.0000
54,0.000026,1.0000,0.000064,1.0000
55,0.000025,1.0000,0.000063,1.0000
56,0.000025,1.0000,0.000061,1.0000
57,0.000025,1.0000,0.000060,1.0000
58,0.000025,1.0000,0.000059,1.0000
59,0.000025,1.0000,0.000058,1.0000
60,0.000025,1.0000,0.000057,1.0000
61,0.000024,1.0000,0.000056,1.0000
62,0.000024,1.0000,0.000056,1.0000
63,0.000024,1.0000,0.000054,1.0000
64,0.000024,1.0000,0.000054,1.0000
65,0.000024,1.0000,0.000053,1.0000
66,0.000024,1.0000,0.000053,1.0000
67,0.000024,1.0000,0.000052,1.0000
68,0.000024,1.0000,0.000051,1.0000
69,0.000024,1.0000,0.000051,1.0000
70,0.000023,1.0000,0.000050,1.0000
71,0.000023,1.0000,0.000049,1.0000
72,0.000023,1.0000,0.000049,1.0000
73,0.000023,1.0000,0.000048,1.0000
74,0.000023,1.0000,0.000047,1.0000
75,0.000023,1.0000,0.000047,1.0000
76,0.000023,1.0000,0.000047,1.0000
77,0.000023,1.0000,0.000046,1.0000
78,0.000023,1.0000,0.000046,1.0000
79,0.000023,1.0000,0.000045,1.0000
80,0.000022,1.0000,0.000045,1.0000
81,0.000022,1.0000,0.000045,1.0000
82,0.000022,1.0000,0.000044,1.0000
83,0.000022,1.0000,0.000044,1.0000
84,0.000022,1.0000,0.000043,1.0000
85,0.000022,1.0000,0.000043,1.0000
86,0.000022,1.0000,0.000042,1.0000
87,0.000022,1.0000,0.000042,1.0000
88,0.000022,1.0000,0.000042,1.0000
89,0.000022,1.0000,0.000041,1.0000
90,0.000022,1.0000,0.000041,1.0000
91,0.000022,1.0000,0.000040,1.0000
92,0.000022,1.0000,0.000040,1.0000
93,0.000021,1.0000,0.000040,1.0000
94,0.000021,1.0000,0.000040,1.0000
95,0.000021,1.0000,0.000039,1.0000
96,0.000021,1.0000,0.000039,1.0000
97,0.000021,1.0000,0.000038,1.0000
98,0.000021,1.0000,0.000038,1.0000
99,0.000021,1.0000,0.000038,1.0000
100,0.000021,1.0000,0.000038,1.0000
101,0.000021,1.0000,0.000037,1.0000
102,0.000021,1.0000,0.000037,1.0000
103,0.000021,1.0000,0.000037,1.0000
104,0.000021,1.0000,0.000037,1.0000
105,0.000021,1.0000,0.000036,1.0000
106,0.000021,1.0000,0.000036,1.0000
107,0.000021,1.0000,0.000036,1.0000
108,0.000021,1.0000,0.000036,1.0000
109,0.000020,1.0000,0.000035,1.0000
110,0.000020,1.0000,0.000035,1.0000
111,0.000020,1.0000,0.000035,1.0000
112,0.000020,1.0000,0.000035,1.0000
113,0.000020,1.0000,0.000035,1.0000
114,0.000020,1.0000,0.000035,1.0000
115,0.000020,1.0000,0.000034,1.0000
116,0.000020,1.0000,0.000034,1.0000
117,0.000020,1.0000,0.000034,1.0000
118,0.000020,1.0000,0.000034,1.0000
119,0.000020,1.0000,0.000033,1.0000
120,0.000020,1.0000,0.000033,1.0000
121,0.000020,1.0000,0.000033,1.0000
122,0.000020,1.0000,0.000033,1.0000
123,0.000020,1.0000,0.000033,1.0000
124,0.000020,1.0000,0.000033,1.0000
125,0.000020,1.0000,0.000032,1.0000
126,0.000020,1.0000,0.000032,1.0000
127,0.000020,1.0000,0.000032,1.0000
128,0.000020,1.0000,0.000032,1.0000
129,0.000020,1.0000,0.000032,1.0000
130,0.000020,1.0000,0.000032,1.0000
131,0.000019,1.0000,0.000032,1.0000
132,0.000019,1.0000,0.000031,1.0000
133,0.000019,1.0000,0.000031,1.0000
134,0.000019,1.0000,0.000031,1.0000
135,0.000019,1.0000,0.000031,1.0000
136,0.000019,1.0000,0.000031,1.0000
137,0.000019,1.0000,0.000031,1.0000
138,0.000019,1.0000,0.000031,1.0000
139,0.000019,1.0000,0.000031,1.0000
140,0.000019,1.0000,0.000030,1.0000
141,0.000019,1.0000,0.000030,1.0000
142,0.000019,1.0000,0.000030,1.0000
143,0.000019,1.0000,0.000030,1.0000
144,0.000019,1.0000,0.000030,1.0000
145,0.000019,1.0000,0.000030,1.0000
146,0.000019,1.0000,0.000029,1.0000
147,0.000019,1.0000,0.000029,1.0000
148,0.000019,1.0000,0.000029,1.0000
149,0.000019,1.0000,0.000029,1.0000
150,0.000019,1.0000,0.000029,1.0000
151,0.000019,1.0000,0.000029,1.0000
152,0.000019,1.0000,0.000029,1.0000
153,0.000019,1.0000,0.000029,1.0000
154,0.000019,1.0000,0.000029,1.0000
155,0.000019,1.0000,0.000028,1.0000
156,0.000019,1.0000,0.000028,1.0000
157,0.000019,1.0000,0.000028,1.0000
158,0.000019,1.0000,0.000028,1.0000
159,0.000019,1.0000,0.000028,1.0000
160,0.000019,1.0000,0.000028,1.0000
161,0.000018,1.0000,0.000028,1.0000
162,0.000018,1.0000,0.000028,1.0000
163,0.000018,1.0000,0.000028,1.0000
164,0.000018,1.0000,0.000027,1.0000
165,0.000018,1.0000,0.000027,1.0000
166,0.000018,1.0000,0.000027,1.0000
167,0.000018,1.0000,0.000027,1.0000
168,0.000018,1.0000,0.000027,1.0000
169,0.000018,1.0000,0.000027,1.0000
170,0.000018,1.0000,0.000027,1.0000
171,0.000018,1.0000,0.000027,1.0000
172,0.000018,1.0000,0.000027,1.0000
173,0.000018,1.0000,0.000027,1.0000
174,0.000018,1.0000,0.000027,1.0000
175,0.000018,1.0000,0.000026,1.0000
176,0.000018,1.0000,0.000026,1.0000
177,0.000018,1.0000,0.000026,1.0000
178,0.000018,1.0000,0.000026,1.0000
179,0.000018,1.0000,0.000026,1.0000
180,0.000018,1.0000,0.000026,1.0000
181,0.000018,1.0000,0.000026,1.0000
182,0.000018,1.0000,0.000026,1.0000
183,0.000018,1.0000,0.000026,1.0000
184,0.000018,1.0000,0.000026,1.0000
185,0.000018,1.0000,0.000026,1.0000
186,0.000018,1.0000,0.000026,1.0000
187,0.000018,1.0000,0.000025,1.0000
188,0.000018,1.0000,0.000025,1.0000
189,0.000018,1.0000,0.000025,1.0000
190,0.000018,1.0000,0.000025,1.0000
191,0.000018,1.0000,0.000025,1.0000
192,0.000018,1.0000,0.000025,1.0000
193,0.000018,1.0000,0.000025,1.0000
194,0.000018,1.0000,0.000025,1.0000
195,0.000018,1.0000,0.000025,1.0000
196,0.000018,1.0000,0.000025,1.0000
197,0.000018,1.0000,0.000025,1.0000
198,0.000018,1.0000,0.000025,1.0000
199,0.000018,1.0000,0.000025,1.0000
200,0.000018,1.0000,0.000024,1.0000
1,0.127274,0.4200,0.118712,0.7083
2,0.107187,0.7700,0.095378,0.7083
3,0.063337,0.8600,0.118978,0.6667
4,0.056881,0.8500,0.114386,0.7083
5,0.050296,0.8800,0.106556,0.6667
6,0.045983,0.8600,0.085756,0.7083
7,0.039490,0.8800,0.066200,0.7917
8,0.026789,0.9300,0.039476,0.9167
9,0.016314,0.9800,0.022798,0.9583
10,0.008591,0.9800,0.019613,0.9583
11,0.002700,1.0000,0.009475,0.9583
12,0.001069,1.0000,0.003804,1.0000
13,0.000623,1.0000,0.003325,1.0000
14,0.000458,1.0000,0.001972,1.0000
15,0.000300,1.0000,0.001537,1.0000
16,0.000228,1.0000,0.001201,1.0000
17,0.000184,1.0000,0.000938,1.0000
18,0.000150,1.0000,0.000749,1.0000
19,0.000126,1.0000,0.000685,1.0000
20,0.000108,1.0000,0.000549,1.0000
21,0.000092,1.0000,0.000488,1.0000
22,0.000081,1.0000,0.000422,1.0000
23,0.000072,1.0000,0.000349,1.0000
24,0.000063,1.0000,0.000313,1.0000
25,0.000056,1.0000,0.000259,1.0000
26,0.000049,1.0000,0.000239,1.0000
27,0.000045,1.0000,0.000207,1.0000
28,0.000042,1.0000,0.000186,1.0000
29,0.000039,1.0000,0.000166,1.0000
30,0.000036,1.0000,0.000152,1.0000
31,0.000035,1.0000,0.000140,1.0000
32,0.000033,1.0000,0.000132,1.0000
33,0.000032,1.0000,0.000127,1.0000
34,0.000031,1.0000,0.000121,1.0000
35,0.000031,1.0000,0.000117,1.0000
36,0.000031,1.0000,0.000113,1.0000
37,0.000030,1.0000,0.000107,1.0000
38,0.000030,1.0000,0.000103,1.0000
39,0.000029,1.0000,0.000100,1.0000
40,0.000029,1.0000,0.000096,1.0000
41,0.000029,1.0000,0.000093,1.0000
42,0.000028,1.0000,0.000090,1.0000
43,0.000028,1.0000,0.000087,1.0000
44,0.000028,1.0000,0.000084,1.0000
45,0.000028,1.0000,0.000081,1.0000
46,0.000027,1.0000,0.000079,1.0000
47,0.000027,1.0000,0.000076,1.0000
48,0.000027,1.0000,0.000074,1.0000
49,0.000027,1.0000,0.000073,1.0000
50,0.000026,1.0000,0.000070,1.0000
51,0.000026,1.0000,0.000069,1.0000
52,0.000026,1.0000,0.000067,1.0000
53,0.000026,1.0000,0.000066,1.0000
54,0.000026,1.0000,0.000064,1.0000
55,0.000025,1.0000,0.000063,1.0000
56,0.000025,1.0000,0.000061,1.0000
57,0.000025,1.0000,0.000060,1.0000
58,0.000025,1.0000,0.000059,1.0000
59,0.000025,1.0000,0.000058,1.0000
60,0.000025,1.0000,0.000057,1.0000
61,0.000024,1.0000,0.000056,1.0000
62,0.000024,1.0000,0.000056,1.0000
63,0.000024,1.0000,0.000054,1.0000
64,0.000024,1.0000,0.000054,1.0000
65,0.000024,1.0000,0.000053,1.0000
66,0.000024,1.0000,0.000053,1.0000
67,0.000024,1.0000,0.000052,1.0000
68,0.000024,1.0000,0.000051,1.0000
69,0.000024,1.0000,0.000051,1.0000
70,0.000023,1.0000,0.000050,1.0000
71,0.000023,1.0000,0.000049,1.0000
72,0.000023,1.0000,0.000049,1.0000
73,0.000023,1.0000,0.000048,1.0000
74,0.000023,1.0000,0.000047,1.0000
75,0.000023,1.0000,0.000047,1.0000
76,0.000023,1.0000,0.000047,1.0000
77,0.000023,1.0000,0.000046,1.0000
78,0.000023,1.0000,0.000046,1.0000
79,0.000023,1.0000,0.000045,1.0000
80,0.000022,1.0000,0.000045,1.0000
81,0.000022,1.0000,0.000045,1.0000
82,0.000022,1.0000,0.000044,1.0000
83,0.000022,1.0000,0.000044,1.0000
84,0.000022,1.0000,0.000043,1.0000
85,0.000022,1.0000,0.000043,1.0000
86,0.000022,1.0000,0.000042,1.0000
87,0.000022,1.0000,0.000042,1.0000
88,0.000022,1.0000,0.000042,1.0000
89,0.000022,1.0000,0.000041,1.0000
90,0.000022,1.0000,0.000041,1.0000
91,0.000022,1.0000,0.000040,1.0000
92,0.000022,1.0000,0.000040,1.0000
93,0.000021,1.0000,0.000040,1.0000
94,0.000021,1.0000,0.000040,1.0000
95,0.000021,1.0000,0.000039,1.0000
96,0.000021,1.0000,0.000039,1.0000
97,0.000021,1.0000,0.000038,1.0000
98,0.000021,1.0000,0.000038,1.0000
99,0.000021,1.0000,0.000038,1.0000
100,0.000021,1.0000,0.000038,1.0000
101,0.000021,1.0000,0.000037,1.0000
102,0.000021,1.0000,0.000037,1.0000
103,0.000021,1.0000,0.000037,1.0000
104,0.000021,1.0000,0.000037,1.0000
105,0.000021,1.0000,0.000036,1.0000
106,0.000021,1.0000,0.000036,1.0000
107,0.000021,1.0000,0.000036,1.0000
108,0.000021,1.0000,0.000036,1.0000
109,0.000020,1.0000,0.000035,1.0000
110,0.000020,1.0000,0.000035,1.0000
111,0.000020,1.0000,0.000035,1.0000
112,0.000020,1.0000,0.000035,1.0000
113,0.000020,1.0000,0.000035,1.0000
114,0.000020,1.0000,0.000035,1.0000
115,0.000020,1.0000,0.000034,1.0000
116,0.000020,1.0000,0.000034,1.0000
117,0.000020,1.0000,0.000034,1.0000
118,0.000020,1.0000,0.000034,1.0000
119,0.000020,1.0000,0.000033,1.0000
120,0.000020,1.0000,0.000033,1.0000
121,0.000020,1.0000,0.000033,1.0000
122,0.000020,1.0000,0.000033,1.0000
123,0.000020,1.0000,0.000033,1.0000
124,0.000020,1.0000,0.000033,1.0000
125,0.000020,1.0000,0.000032,1.0000
126,0.000020,1.0000,0.000032,1.0000
127,0.000020,1.0000,0.000032,1.0000
128,0.000020,1.0000,0.000032,1.0000
129,0.000020,1.0000,0.000032,1.0000
130,0.000020,1.0000,0.000032,1.0000
131,0.000019,1.0000,0.000032,1.0000
132,0.000019,1.0000,0.000031,1.0000
133,0.000019,1.0000,0.000031,1.0000
134,0.000019,1.0000,0.000031,1.0000
135,0.000019,1.0000,0.000031,1.0000
136,0.000019,1.0000,0.000031,1.0000
137,0.000019,1.0000,0.000031,1.0000
138,0.000019,1.0000,0.000031,1.0000
139,0.000019,1.0000,0.000031,1.0000
140,0.000019,1.0000,0.000030,1.0000
141,0.000019,1.0000,0.000030,1.0000
142,0.000019,1.0000,0.000030,1.0000
143,0.000019,1.0000,0.000030,1.0000
144,0.000019,1.0000,0.000030,1.0000
145,0.000019,1.0000,0.000030,1.0000
146,0.000019,1.0000,0.000029,1.0000
147,0.000019,1.0000,0.000029,1.0000
148,0.000019,1.0000,0.000029,1.0000
149,0.000019,1.0000,0.000029,1.0000
150,0.000019,1.0000,0.000029,1.0000
151,0.000019,1.0000,0.000029,1.0000
152,0.000019,1.0000,0.000029,1.0000
153,0.000019,1.0000,0.000029,1.0000
154,0.000019,1.0000,0.000029,1.0000
155,0.000019,1.0000,0.000028,1.0000
156,0.000019,1.0000,0.000028,1.0000
157,0.000019,1.0000,0.000028,1.0000
158,0.000019,1.0000,0.000028,1.0000
159,0.000019,1.0000,0.000028,1.0000
160,0.000019,1.0000,0.000028,1.0000
161,0.000018,1.0000,0.000028,1.0000
162,0.000018,1.0000,0.000028,1.0000
163,0.000018,1.0000,0.000028,1.0000
164,0.000018,1.0000,0.000027,1.0000
165,0.000018,1.0000,0.000027,1.0000
166,0.000018,1.0000,0.000027,1.0000
167,0.000018,1.0000,0.000027,1.0000
168,0.000018,1.0000,0.000027,1.0000
169,0.000018,1.0000,0.000027,1.0000
170,0.000018,1.0000,0.000027,1.0000
171,0.000018,1.0000,0.000027,1.0000
172,0.000018,1.0000,0.000027,1.0000
173,0.000018,1.0000,0.000027,1.0000
174,0.000018,1.0000,0.000027,1.0000
175,0.000018,1.0000,0.000026,1.0000
176,0.000018,1.0000,0.000026,1.0000
177,0.000018,1.0000,0.000026,1.0000
178,0.000018,1.0000,0.000026,1.0000
179,0.000018,1.0000,0.000026,1.0000
180,0.000018,1.0000,0.000026,1.0000
181,0.000018,1.0000,0.000026,1.0000
182,0.000018,1.0000,0.000026,1.0000
183,0.000018,1.0000,0.000026,1.0000
184,0.000018,1.0000,0.000026,1.0000
185,0.000018,1.0000,0.000026,1.0000
186,0.000018,1.0000,0.000026,1.0000
187,0.000018,1.0000,0.000025,1.0000
188,0.000018,1.0000,0.000025,1.0000
189,0.000018,1.0000,0.000025,1.0000
190,0.000018,1.0000,0.000025,1.0000
191,0.000018,1.0000,0.000025,1.0000
192,0.000018,1.0000,0.000025,1.0000
193,0.000018,1.0000,0.000025,1.0000
194,0.000018,1.0000,0.000025,1.0000
195,0.000018,1.0000,0.000025,1.0000
196,0.000018,1.0000,0.000025,1.0000
197,0.000018,1.0000,0.000025,1.0000
198,0.000018,1.0000,0.000025,1.0000
199,0.000018,1.0000,0.000025,1.0000
200,0.000018,1.0000,0.000024,1.0000
1,0.127274,0.4200,0.118712,0.7083
2,0.107187,0.7700,0.095378,0.7083
3,0.063337,0.8600,0.118978,0.6667
4,0.056881,0.8500,0.114386,0.7083
5,0.050296,0.8800,0.106556,0.6667
6,0.045983,0.8600,0.085756,0.7083
7,0.039490,0.8800,0.066200,0.7917
8,0.026789,0.9300,0.039476,0.9167
9,0.016314,0.9800,0.022798,0.9583
10,0.008591,0.9800,0.019613,0.9583
11,0.002700,1.0000,0.009475,0.9583
12,0.001069,1.0000,0.003804,1.0000
13,0.000623,1.0000,0.003325,1.0000
14,0.000458,1.0000,0.001972,1.0000
15,0.000300,1.0000,0.001537,1.0000
16,0.000228,1.0000,0.001201,1.0000
17,0.000184,1.0000,0.000938,1.0000
18,0.000150,1.0000,0.000749,1.0000
19,0.000126,1.0000,0.000685,1.0000
20,0.000108,1.0000,0.000549,1.0000
21,0.000092,1.0000,0.000488,1.0000
22,0.000081,1.0000,0.000422,1.0000
23,0.000072,1.0000,0.000349,1.0000
24,0.000063,1.0000,0.000313,1.0000
25,0.000056,1.0000,0.000259,1.0000
26,0.000049,1.0000,0.000239,1.0000
27,0.000045,1.0000,0.000207,1.0000
28,0.000042,1.0000,0.000186,1.0000
29,0.000039,1.0000,0.000166,1.0000
30,0.000036,1.0000,0.000152,1.0000
31,0.000035,1.0000,0.000140,1.0000
32,0.000033,1.0000,0.000132,1.0000
33,0.000032,1.0000,0.000127,1.0000
34,0.000031,1.0000,0.000121,1.0000
35,0.000031,1.0000,0.000117,1.0000
36,0.000031,1.0000,0.000113,1.0000
37,0.000030,1.0000,0.000107,1.0000
38,0.000030,1.0000,0.000103,1.0000
39,0.000029,1.0000,0.000100,1.0000
40,0.000029,1.0000,0.000096,1.0000
41,0.000029,1.0000,0.000093,1.0000
42,0.000028,1.0000,0.000090,1.0000
43,0.000028,1.0000,0.000087,1.0000
44,0.000028,1.0000,0.000084,1.0000
45,0.000028,1.0000,0.000081,1.0000
46,0.000027,1.0000,0.000079,1.0000
47,0.000027,1.0000,0.000076,1.0000
48,0.000027,1.0000,0.000074,1.0000
49,0.000027,1.0000,0.000073,1.0000
50,0.000026,1.0000,0.000070,1.0000
51,0.000026,1.0000,0.000069,1.0000
52,0.000026,1.0000,0.000067,1.0000
53,0.000026,1.0000,0.000066,1.0000
54,0.000026,1.0000,0.000064,1.0000
55,0.000025,1.0000,0.000063,1.0000
56,0.000025,1.0000,0.000061,1.0000
57,0.000025,1.0000,0.000060,1.0000
58,0.000025,1.0000,0.000059,1.0000
59,0.000025,1.0000,0.000058,1.0000
60,0.000025,1.0000,0.000057,1.0000
61,0.000024,1.0000,0.000056,1.0000
62,0.000024,1.0000,0.000056,1.0000
63,0.000024,1.0000,0.000054,1.0000
64,0.000024,1.0000,0.000054,1.0000
65,0.000024,1.0000,0.000053,1.0000
66,0.000024,1.0000,0.000053,1.0000
67,0.000024,1.0000,0.000052,1.0000
68,0.000024,1.0000,0.000051,1.0000
69,0.000024,1.0000,0.000051,1.0000
70,0.000023,1.0000,0.000050,1.0000
71,0.000023,1.0000,0.000049,1.0000
72,0.000023,1.0000,0.000049,1.0000
73,0.000023,1.0000,0.000048,1.0000
74,0.000023,1.0000,0.000047,1.0000
75,0.000023,1.0000,0.000047,1.0000
76,0.000023,1.0000,0.000047,1.0000
77,0.000023,1.0000,0.000046,1.0000
78,0.000023,1.0000,0.000046,1.0000
79,0.000023,1.0000,0.000045,1.0000
80,0.000022,1.0000,0.000045,1.0000
81,0.000022,1.0000,0.000045,1.0000
82,0.000022,1.0000,0.000044,1.0000
83,0.000022,1.0000,0.000044,1.0000
84,0.000022,1.0000,0.000043,1.0000
85,0.000022,1.0000,0.000043,1.0000
86,0.000022,1.0000,0.000042,1.0000
87,0.000022,1.0000,0.000042,1.0000
88,0.000022,1.0000,0.000042,1.0000
89,0.000022,1.0000,0.000041,1.0000
90,0.000022,1.0000,0.000041,1.0000
91,0.000022,1.0000,0.000040,1.0000
92,0.000022,1.0000,0.000040,1.0000
93,0.000021,1.0000,0.000040,1.0000
94,0.000021,1.0000,0.000040,1.0000
95,0.000021,1.0000,0.000039,1.0000
96,0.000021,1.0000,0.000039,1.0000
97,0.000021,1.0000,0.000038,1.0000
98,0.000021,1.0000,0.000038,1.0000
99,0.000021,1.0000,0.000038,1.0000
100,0.000021,1.0000,0.000038,1.0000
101,0.000021,1.0000,0.000037,1.0000
102,0.000021,1.0000,0.000037,1.0000
103,0.000021,1.0000,0.000037,1.0000
104,0.000021,1.0000,0.000037,1.0000
105,0.000021,1.0000,0.000036,1.0000
106,0.000021,1.0000,0.000036,1.0000
107,0.000021,1.0000,0.000036,1.0000
108,0.000021,1.0000,0.000036,1.0000
109,0.000020,1.0000,0.000035,1.0000
110,0.000020,1.0000,0.000035,1.0000
111,0.000020,1.0000,0.000035,1.0000
112,0.000020,1.0000,0.000035,1.0000
113,0.000020,1.0000,0.000035,1.0000
114,0.000020,1.0000,0.000035,1.0000
115,0.000020,1.0000,0.000034,1.0000
116,0.000020,1.0000,0.000034,1.0000
117,0.000020,1.0000,0.000034,1.0000
118,0.000020,1.0000,0.000034,1.0000
119,0.000020,1.0000,0.000033,1.0000
120,0.000020,1.0000,0.000033,1.0000
121,0.000020,1.0000,0.000033,1.0000
122,0.000020,1.0000,0.000033,1.0000
123,0.000020,1.0000,0.000033,1.0000
124,0.000020,1.0000,0.000033,1.0000
125,0.000020,1.0000,0.000032,1.0000
126,0.000020,1.0000,0.000032,1.0000
127,0.000020,1.0000,0.000032,1.0000
128,0.000020,1.0000,0.000032,1.0000
129,0.000020,1.0000,0.000032,1.0000
130,0.000020,1.0000,0.000032,1.0000
131,0.000019,1.0000,0.000032,1.0000
132,0.000019,1.0000,0.000031,1.0000
133,0.000019,1.0000,0.000031,1.0000
134,0.000019,1.0000,0.000031,1.0000
135,0.000019,1.0000,0.000031,1.0000
136,0.000019,1.0000,0.000031,1.0000
137,0.000019,1.0000,0.000031,1.0000
138,0.000019,1.0000,0.000031,1.0000
139,0.000019,1.0000,0.000031,1.0000
140,0.000019,1.0000,0.000030,1.0000
141,0.000019,1.0000,0.000030,1.0000
142,0.000019,1.0000,0.000030,1.0000
143,0.000019,1.0000,0.000030,1.0000
144,0.000019,1.0000,0.000030,1.0000
145,0.000019,1.0000,0.000030,1.0000
146,0.000019,1.0000,0.000029,1.0000
147,0.000019,1.0000,0.000029,1.0000
148,0.000019,1.0000,0.000029,1.0000
149,0.000019,1.0000,0.000029,1.0000
150,0.000019,1.0000,0.000029,1.0000
151,0.000019,1.0000,0.000029,1.0000
152,0.000019,1.0000,0.000029,1.0000
153,0.000019,1.0000,0.000029,1.0000
154,0.000019,1.0000,0.000029,1.0000
155,0.000019,1.0000,0.000028,1.0000
156,0.000019,1.0000,0.000028,1.0000
157,0.000019,1.0000,0.000028,1.0000
158,0.000019,1.0000,0.000028,1.0000
159,0.000019,1.0000,0.000028,1.0000
160,0.000019,1.0000,0.000028,1.0000
161,0.000018,1.0000,0.000028,1.0000
162,0.000018,1.0000,0.000028,1.0000
163,0.000018,1.0000,0.000028,1.0000
164,0.000018,1.0000,0.000027,1.0000
165,0.000018,1.0000,0.000027,1.0000
166,0.000018,1.0000,0.000027,1.0000
167,0.000018,1.0000,0.000027,1.0000
168,0.000018,1.0000,0.000027,1.0000
169,0.000018,1.0000,0.000027,1.0000
170,0.000018,1.0000,0.000027,1.0000
171,0.000018,1.0000,0.000027,1.0000
172,0.000018,1.0000,0.000027,1.0000
173,0.000018,1.0000,0.000027,1.0000
174,0.000018,1.0000,0.000027,1.0000
175,0.000018,1.0000,0.000026,1.0000
176,0.000018,1.0000,0.000026,1.0000
177,0.000018,1.0000,0.000026,1.0000
178,0.000018,1.0000,0.000026,1.0000
179,0.000018,1.0000,0.000026,1.0000
180,0.000018,1.0000,0.000026,1.0000
181,0.000018,1.0000,0.000026,1.0000
182,0.000018,1.0000,0.000026,1.0000
183,0.000018,1.0000,0.000026,1.0000
184,0.000018,1.0000,0.000026,1.0000
185,0.000018,1.0000,0.000026,1.0000
186,0.000018,1.0000,0.000026,1.0000
187,0.000018,1.0000,0.000025,1.0000
188,0.000018,1.0000,0.000025,1.0000
189,0.000018,1.0000,0.000025,1.0000
190,0.000018,1.0000,0.000025,1.0000
191,0.000018,1.0000,0.000025,1.0000
192,0.000018,1.0000,0.000025,1.0000
193,0.000018,1.0000,0.000025,1.0000
194,0.000018,1.0000,0.000025,1.0000
195,0.000018,1.0000,0.000025,1.0000
196,0.000018,1.0000,0.000025,1.0000
197,0.000018,1.0000,0.000025,1.0000
198,0.000018,1.0000,0.000025,1.0000
199,0.000018,1.0000,0.000025,1.0000
200,0.000018,1.0000,0.000024,1.0000
1,0.127274,0.4200,0.118712,0.7083
2,0.107187,0.7700,0.095378,0.7083
3,0.063337,0.8600,0.118978,0.6667
4,0.056881,0.8500,0.114386,0.7083
5,0.050296,0.8800,0.106556,0.6667
6,0.045983,0.8600,0.085756,0.7083
7,0.039490,0.8800,0.066200,0.7917
8,0.026789,0.9300,0.039476,0.9167
9,0.016314,0.9800,0.022798,0.9583
10,0.008591,0.9800,0.019613,0.9583
11,0.002700,1.0000,0.009475,0.9583
12,0.001069,1.0000,0.003804,1.0000
13,0.000623,1.0000,0.003325,1.0000
14,0.000458,1.0000,0.001972,1.0000
15,0.000300,1.0000,0.001537,1.0000
16,0.000228,1.0000,0.001201,1.0000
17,0.000184,1.0000,0.000938,1.0000
18,0.000150,1.0000,0.000749,1.0000
19,0.000126,1.0000,0.000685,1.0000
20,0.000108,1.0000,0.000549,1.0000
21,0.000092,1.0000,0.000488,1.0000
22,0.000081,1.0000,0.000422,1.0000
23,0.000072,1.0000,0.000349,1.0000
24,0.000063,1.0000,0.000313,1.0000
25,0.000056,1.0000,0.000259,1.0000
26,0.000049,1.0000,0.000239,1.0000
27,0.000045,1.0000,0.000207,1.0000
28,0.000042,1.0000,0.000186,1.0000
29,0.000039,1.0000,0.000166,1.0000
30,0.000036,1.0000,0.000152,1.0000
31,0.000035,1.0000,0.000140,1.0000
32,0.000033,1.0000,0.000132,1.0000
33,0.000032,1.0000,0.000127,1.0000
34,0.000031,1.0000,0.000121,1.0000
35,0.000031,1.0000,0.000117,1.0000
36,0.000031,1.0000,0.000113,1.0000
37,0.000030,1.0000,0.000107,1.0000
38,0.000030,1.0000,0.000103,1.0000
39,0.000029,1.0000,0.000100,1.0000
40,0.000029,1.0000,0.000096,1.0000
41,0.000029,1.0000,0.000093,1.0000
42,0.000028,1.0000,0.000090,1.0000
43,0.000028,1.0000,0.000087,1.0000
44,0.000028,1.0000,0.000084,1.0000
45,0.000028,1.0000,0.000081,1.0000
46,0.000027,1.0000,0.000079,1.0000
47,0.000027,1.0000,0.000076,1.0000
48,0.000027,1.0000,0.000074,1.0000
49,0.000027,1.0000,0.000073,1.0000
50,0.000026,1.0000,0.000070,1.0000
51,0.000026,1.0000,0.000069,1.0000
52,0.000026,1.0000,0.000067,1.0000
53,0.000026,1.0000,0.000066,1.0000
54,0.000026,1.0000,0.000064,1.0000
55,0.000025,1.0000,0.000063,1.0000
56,0.000025,1.0000,0.000061,1.0000
57,0.000025,1.0000,0.000060,1.0000
58,0.000025,1.0000,0.000059,1.0000
59,0.000025,1.0000,0.000058,1.0000
60,0.000025,1.0000,0.000057,1.0000
61,0.000024,1.0000,0.000056,1.0000
62,0.000024,1.0000,0.000056,1.0000
63,0.000024,1.0000,0.000054,1.0000
64,0.000024,1.0000,0.000054,1.0000
65,0.000024,1.0000,0.000053,1.0000
66,0.000024,1.0000,0.000053,1.0000
67,0.000024,1.0000,0.000052,1.0000
68,0.000024,1.0000,0.000051,1.0000
69,0.000024,1.0000,0.000051,1.0000
70,0.000023,1.0000,0.000050,1.0000
71,0.000023,1.0000,0.000049,1.0000
72,0.000023,1.0000,0.000049,1.0000
73,0.000023,1.0000,0.000048,1.0000
74,0.000023,1.0000,0.000047,1.0000
75,0.000023,1.0000,0.000047,1.0000
76,0.000023,1.0000,0.000047,1.0000
77,0.000023,1.0000,0.000046,1.0000
78,0.000023,1.0000,0.000046,1.0000
79,0.000023,1.0000,0.000045,1.0000
80,0.000022,1.0000,0.000045,1.0000
81,0.000022,1.0000,0.000045,1.0000
82,0.000022,1.0000,0.000044,1.0000
83,0.000022,1.0000,0.000044,1.0000
84,0.000022,1.0000,0.000043,1.0000
85,0.000022,1.0000,0.000043,1.0000
86,0.000022,1.0000,0.000042,1.0000
87,0.000022,1.0000,0.000042,1.0000
88,0.000022,1.0000,0.000042,1.0000
89,0.000022,1.0000,0.000041,1.0000
90,0.000022,1.0000,0.000041,1.0000
91,0.000022,1.0000,0.000040,1.0000
92,0.000022,1.0000,0.000040,1.0000
93,0.000021,1.0000,0.000040,1.0000
94,0.000021,1.0000,0.000040,1.0000
95,0.000021,1.0000,0.000039,1.0000
96,0.000021,1.0000,0.000039,1.0000
97,0.000021,1.0000,0.000038,1.0000
98,0.000021,1.0000,0.000038,1.0000
99,0.000021,1.0000,0.000038,1.0000
100,0.000021,1.0000,0.000038,1.0000
101,0.000021,1.0000,0.000037,1.0000
102,0.000021,1.0000,0.000037,1.0000
103,0.000021,1.0000,0.000037,1.0000
104,0.000021,1.0000,0.000037,1.0000
105,0.000021,1.0000,0.000036,1.0000
106,0.000021,1.0000,0.000036,1.0000
107,0.000021,1.0000,0.000036,1.0000
108,0.000021,1.0000,0.000036,1.0000
109,0.000020,1.0000,0.000035,1.0000
110,0.000020,1.0000,0.000035,1.0000
111,0.000020,1.0000,0.000035,1.0000
112,0.000020,1.0000,0.000035,1.0000
113,0.000020,1.0000,0.000035,1.0000
114,0.000020,1.0000,0.000035,1.0000
115,0.000020,1.0000,0.000034,1.0000
116,0.000020,1.0000,0.000034,1.0000
117,0.000020,1.0000,0.000034,1.0000
118,0.000020,1.0000,0.000034,1.0000
119,0.000020,1.0000,0.000033,1.0000
120,0.000020,1.0000,0.000033,1.0000
121,0.000020,1.0000,0.000033,1.0000
122,0.000020,1.0000,0.000033,1.0000
123,0.000020,1.0000,0.000033,1.0000
124,0.000020,1.0000,0.000033,1.0000
125,0.000020,1.0000,0.000032,1.0000
126,0.000020,1.0000,0.000032,1.0000
127,0.000020,1.0000,0.000032,1.0000
128,0.000020,1.0000,0.000032,1.0000
129,0.000020,1.0000,0.000032,1.0000
130,0.000020,1.0000,0.000032,1.0000
131,0.000019,1.0000,0.000032,1.0000
132,0.000019,1.0000,0.000031,1.0000
133,0.000019,1.0000,0.000031,1.0000
134,0.000019,1.0000,0.000031,1.0000
135,0.000019,1.0000,0.000031,1.0000
136,0.000019,1.0000,0.000031,1.0000
137,0.000019,1.0000,0.000031,1.0000
138,0.000019,1.0000,0.000031,1.0000
139,0.000019,1.0000,0.000031,1.0000
140,0.000019,1.0000,0.000030,1.0000
141,0.000019,1.0000,0.000030,1.0000
142,0.000019,1.0000,0.000030,1.0000
143,0.000019,1.0000,0.000030,1.0000
144,0.000019,1.0000,0.000030,1.0000
145,0.000019,1.0000,0.000030,1.0000
146,0.000019,1.0000,0.000029,1.0000
147,0.000019,1.0000,0.000029,1.0000
148,0.000019,1.0000,0.000029,1.0000
149,0.000019,1.0000,0.000029,1.0000
150,0.000019,1.0000,0.000029,1.0000
151,0.000019,1.0000,0.000029,1.0000
152,0.000019,1.0000,0.000029,1.0000
153,0.000019,1.0000,0.000029,1.0000
154,0.000019,1.0000,0.000029,1.0000
155,0.000019,1.0000,0.000028,1.0000
156,0.000019,1.0000,0.000028,1.0000
157,0.000019,1.0000,0.000028,1.0000
158,0.000019,1.0000,0.000028,1.0000
159,0.000019,1.0000,0.000028,1.0000
160,0.000019,1.0000,0.000028,1.0000
161,0.000018,1.0000,0.000028,1.0000
162,0.000018,1.0000,0.000028,1.0000
163,0.000018,1.0000,0.000028,1.0000
164,0.000018,1.0000,0.000027,1.0000
165,0.000018,1.0000,0.000027,1.0000
166,0.000018,1.0000,0.000027,1.0000
167,0.000018,1.0000,0.000027,1.0000
168,0.000018,1.0000,0.000027,1.0000
169,0.000018,1.0000,0.000027,1.0000
170,0.000018,1.0000,0.000027,1.0000
171,0.000018,1.0000,0.000027,1.0000
172,0.000018,1.0000,0.000027,1.0000
173,0.000018,1.0000,0.000027,1.0000
174,0.000018,1.0000,0.000027,1.0000
175,0.000018,1.0000,0.000026,1.0000
176,0.000018,1.0000,0.000026,1.0000
177,0.000018,1.0000,0.000026,1.0000
178,0.000018,1.0000,0.000026,1.0000
179,0.000018,1.0000,0.000026,1.0000
180,0.000018,1.0000,0.000026,1.0000
181,0.000018,1.0000,0.000026,1.0000
182,0.000018,1.0000,0.000026,1.0000
183,0.000018,1.0000,0.000026,1.0000
184,0.000018,1.0000,0.000026,1.0000
185,0.000018,1.0000,0.000026,1.0000
186,0.000018,1.0000,0.000026,1.0000
187,0.000018,1.0000,0.000025,1.0000
188,0.000018,1.0000,0.000025,1.0000
189,0.000018,1.0000,0.000025,1.0000
190,0.000018,1.0000,0.000025,1.0000
191,0.000018,1.0000,0.000025,1.0000
192,0.000018,1.0000,0.000025,1.0000
193,0.000018,1.0000,0.000025,1.0000
194,0.000018,1.0000,0.000025,1.0000
195,0.000018,1.0000,0.000025,1.0000
196,0.000018,1.0000,0.000025,1.0000
197,0.000018,1.0000,0.000025,1.0000
198,0.000018,1.0000,0.000025,1.0000
199,0.000018,1.0000,0.000025,1.0000
200,0.000018,1.0000,0.000024,1.0000
1,0.127312,0.5100,0.107630,0.7500
2,0.104252,0.7200,0.103360,0.7500
3,0.085935,0.8200,0.090264,0.6667
4,0.072442,0.8100,0.097213,0.7083
5,0.062646,0.8600,0.090651,0.7083
6,0.063396,0.8600,0.094728,0.7083
7,0.058917,0.8600,0.097349,0.7083
8,0.051697,0.8700,0.094165,0.7083
9,0.051828,0.8800,0.097076,0.7083
10,0.046077,0.8900,0.094623,0.7083
11,0.042858,0.8900,0.093773,0.7083
12,0.039858,0.8800,0.087735,0.7083
13,0.034492,0.9100,0.083711,0.7083
14,0.035232,0.9000,0.083403,0.7500
15,0.028794,0.9500,0.077962,0.7500
16,0.025335,0.9600,0.074637,0.7917
17,0.024071,0.9600,0.075602,0.7917
18,0.023014,0.9600,0.073898,0.8333
19,0.023883,0.9500,0.070528,0.7917
20,0.021061,0.9600,0.073885,0.7917
21,0.020275,0.9600,0.073668,0.7917
22,0.020818,0.9500,0.069915,0.8333
23,0.019350,0.9600,0.065292,0.8333
24,0.019571,0.9600,0.062393,0.8333
25,0.018281,0.9700,0.064763,0.8333
26,0.018494,0.9600,0.061347,0.8333
27,0.016923,0.9700,0.058408,0.8750
28,0.017019,0.9700,0.056218,0.8750
29,0.016113,0.9700,0.058111,0.8333
30,0.015821,0.9700,0.054577,0.8750
31,0.016262,0.9700,0.056196,0.8333
32,0.015569,0.9700,0.053264,0.8750
33,0.015877,0.9700,0.054190,0.8333
34,0.015381,0.9700,0.053301,0.8333
35,0.015256,0.9700,0.050920,0.8750
36,0.015297,0.9700,0.052136,0.8333
37,0.014715,0.9700,0.052166,0.8333
38,0.014635,0.9700,0.052661,0.8333
39,0.013901,0.9700,0.054240,0.8333
40,0.014922,0.9700,0.051318,0.8333
41,0.013987,0.9700,0.052027,0.8333
42,0.013838,0.9700,0.051583,0.8333
43,0.013617,0.9700,0.052544,0.8333
44,0.013423,0.9700,0.051948,0.8333
45,0.014157,0.9700,0.051474,0.8333
46,0.013281,0.9700,0.050076,0.8333
47,0.012012,0.9800,0.048077,0.8333
48,0.011954,0.9800,0.047862,0.8333
49,0.010874,0.9800,0.047104,0.8333
50,0.009710,0.9800,0.047657,0.8333
51,0.009226,0.9800,0.048421,0.8750
52,0.008449,0.9900,0.048153,0.8750
53,0.008519,0.9800,0.044147,0.8750
54,0.007201,0.9900,0.042200,0.8750
55,0.006755,0.9900,0.042378,0.8750
56,0.005621,1.0000,0.043182,0.8750
57,0.005600,1.0000,0.043158,0.8750
58,0.004951,1.0000,0.043023,0.8750
59,0.005140,0.9900,0.041323,0.8750
60,0.004219,1.0000,0.044263,0.8750
61,0.004333,1.0000,0.042303,0.8750
62,0.004135,1.0000,0.041710,0.8750
63,0.003710,1.0000,0.042973,0.8750
64,0.003615,1.0000,0.040213,0.8750
65,0.003217,1.0000,0.041896,0.8750
66,0.003645,1.0000,0.038077,0.8750
67,0.003003,1.0000,0.040709,0.8750
68,0.002951,1.0000,0.042303,0.8750
69,0.003076,1.0000,0.040339,0.8750
70,0.002947,1.0000,0.038986,0.8750
71,0.002668,1.0000,0.040631,0.8750
72,0.002664,1.0000,0.040814,0.8750
73,0.002657,1.0000,0.039818,0.8750
74,0.002482,1.0000,0.040859,0.8750
75,0.002699,1.0000,0.036658,0.8750
76,0.002567,1.0000,0.037905,0.8750
77,0.002380,1.0000,0.038482,0.8750
78,0.002304,1.0000,0.040112,0.8750
79,0.002540,1.0000,0.037507,0.8750
80,0.002360,1.0000,0.037659,0.8750
81,0.002251,1.0000,0.039208,0.8750
82,0.002283,1.0000,0.039775,0.8750
83,0.002545,1.0000,0.037467,0.8750
84,0.002199,1.0000,0.038023,0.8750
85,0.002347,1.0000,0.038061,0.8750
86,0.002202,1.0000,0.040288,0.8750
87,0.002390,1.0000,0.037892,0.8750
88,0.002207,1.0000,0.038952,0.8750
89,0.002356,1.0000,0.037897,0.8750
90,0.002244,1.0000,0.035700,0.8750
91,0.002170,1.0000,0.038565,0.8750
92,0.002348,1.0000,0.036600,0.8750
93,0.002155,1.0000,0.036674,0.8750
94,0.002109,1.0000,0.037809,0.8750
95,0.002302,1.0000,0.037557,0.8750
96,0.002191,1.0000,0.037488,0.8750
97,0.002064,1.0000,0.037805,0.8750
98,0.002258,1.0000,0.036147,0.8750
99,0.002113,1.0000,0.037851,0.8750
100,0.002114,1.0000,0.037842,0.8750
101,0.002337,1.0000,0.035028,0.8750
102,0.002182,1.0000,0.036214,0.8750
103,0.002077,1.0000,0.036004,0.8750
104,0.002099,1.0000,0.036223,0.8750
105,0.002078,1.0000,0.037870,0.8750
106,0.002240,1.0000,0.035447,0.8750
107,0.002009,1.0000,0.037600,0.8750
108,0.002164,1.0000,0.037179,0.8750
109,0.002026,1.0000,0.036917,0.8750
110,0.002064,1.0000,0.037215,0.8750
111,0.002158,1.0000,0.036535,0.8750
112,0.002125,1.0000,0.035414,0.8750
113,0.001988,1.0000,0.038011,0.8750
114,0.002375,1.0000,0.036542,0.8750
115,0.001979,1.0000,0.035161,0.8750
116,0.002248,1.0000,0.037394,0.8750
117,0.001964,1.0000,0.036761,0.8750
118,0.002070,1.0000,0.037161,0.8750
119,0.002046,1.0000,0.037234,0.8750
120,0.002108,1.0000,0.037629,0.8750
121,0.002005,1.0000,0.037162,0.8750
122,0.002034,1.0000,0.037603,0.8750
123,0.002142,1.0000,0.034395,0.8750
124,0.001980,1.0000,0.036875,0.8750
125,0.001976,1.0000,0.037704,0.8750
126,0.001965,1.0000,0.038895,0.8750
127,0.002217,1.0000,0.037039,0.8750
128,0.002053,1.0000,0.035759,0.8750
129,0.002029,1.0000,0.036796,0.8750
130,0.002001,1.0000,0.037449,0.8750
131,0.002131,1.0000,0.035187,0.8750
132,0.001937,1.0000,0.036574,0.8750
133,0.001968,1.0000,0.037386,0.8750
134,0.001988,1.0000,0.036838,0.8750
135,0.002210,1.0000,0.035512,0.8750
136,0.002025,1.0000,0.034605,0.8750
137,0.001873,1.0000,0.039294,0.8750
138,0.002094,1.0000,0.037546,0.8750
139,0.002040,1.0000,0.036291,0.8750
140,0.002002,1.0000,0.036648,0.8750
141,0.001940,1.0000,0.037791,0.8750
142,0.001987,1.0000,0.038181,0.8750
143,0.002052,1.0000,0.037422,0.8750
144,0.001976,1.0000,0.038524,0.8750
145,0.002146,1.0000,0.035472,0.8750
146,0.001963,1.0000,0.036374,0.8750
147,0.001939,1.0000,0.037239,0.8750
148,0.001962,1.0000,0.037116,0.8750
149,0.001983,1.0000,0.037319,0.8750
150,0.002080,1.0000,0.037921,0.8750
151,0.001945,1.0000,0.037324,0.8750
152,0.001908,1.0000,0.038435,0.8750
153,0.002078,1.0000,0.037763,0.8750
154,0.001941,1.0000,0.038297,0.8750
155,0.002082,1.0000,0.036569,0.8750
156,0.001937,1.0000,0.037829,0.8750
157,0.002138,1.0000,0.035321,0.8750
158,0.001940,1.0000,0.036958,0.8750
159,0.001906,1.0000,0.038440,0.8750
160,0.001965,1.0000,0.038012,0.8750
161,0.002011,1.0000,0.038013,0.8750
162,0.002018,1.0000,0.036970,0.8750
163,0.001920,1.0000,0.037364,0.8750
164,0.001874,1.0000,0.037924,0.8750
165,0.002067,1.0000,0.035926,0.8750
166,0.001986,1.0000,0.037055,0.8750
167,0.001900,1.0000,0.037778,0.8750
168,0.002069,1.0000,0.035124,0.8750
169,0.001855,1.0000,0.037513,0.8750
170,0.001980,1.0000,0.037341,0.8750
171,0.001949,1.0000,0.037932,0.8750
172,0.001994,1.0000,0.037503,0.8750
173,0.002064,1.0000,0.037507,0.8750
174,0.001900,1.0000,0.037028,0.8750
175,0.002010,1.0000,0.036005,0.8750
176,0.001942,1.0000,0.036270,0.8750
177,0.001862,1.0000,0.037880,0.8750
178,0.001992,1.0000,0.037078,0.8750
179,0.001910,1.0000,0.038189,0.8750
180,0.001893,1.0000,0.038144,0.8750
181,0.001971,1.0000,0.037133,0.8750
182,0.001988,1.0000,0.037471,0.8750
183,0.001910,1.0000,0.037811,0.8750
184,0.001947,1.0000,0.037560,0.8750
185,0.001888,1.0000,0.038319,0.8750
186,0.002071,1.0000,0.036812,0.8750
187,0.001880,1.0000,0.037604,0.8750
188,0.001992,1.0000,0.036825,0.8750
189,0.001912,1.0000,0.037077,0.8750
190,0.001871,1.0000,0.037059,0.8750
191,0.001923,1.0000,0.037193,0.8750
192,0.001877,1.0000,0.037911,0.8750
193,0.001939,1.0000,0.038619,0.8750
194,0.001940,1.0000,0.038178,0.8750
195,0.002066,1.0000,0.036165,0.8750
196,0.001912,1.0000,0.037268,0.8750
197,0.001868,1.0000,0.038396,0.8750
198,0.002018,1.0000,0.037491,0.8750
199,0.001909,1.0000,0.038453,0.8750
200,0.001946,1.0000,0.038342,0.8750
1,0.127312,0.5100,0.107630,0.7500
2,0.104252,0.7200,0.103360,0.7500
3,0.085935,0.8200,0.090264,0.6667
4,0.072442,0.8100,0.097213,0.7083
5,0.062646,0.8600,0.090651,0.7083
6,0.063396,0.8600,0.094728,0.7083
7,0.058917,0.8600,0.097349,0.7083
8,0.051697,0.8700,0.094165,0.7083
9,0.051828,0.8800,0.097076,0.7083
10,0.046077,0.8900,0.094623,0.7083
11,0.042858,0.8900,0.093773,0.7083
12,0.039858,0.8800,0.087735,0.7083
13,0.034492,0.9100,0.083711,0.7083
14,0.035232,0.9000,0.083403,0.7500
15,0.028794,0.9500,0.077962,0.7500
16,0.025335,0.9600,0.074637,0.7917
17,0.024071,0.9600,0.075602,0.7917
18,0.023014,0.9600,0.073898,0.8333
19,0.023883,0.9500,0.070528,0.7917
20,0.021061,0.9600,0.073885,0.7917
21,0.020275,0.9600,0.073668,0.7917
22,0.020818,0.9500,0.069915,0.8333
23,0.019350,0.9600,0.065292,0.8333
24,0.019571,0.9600,0.062393,0.8333
25,0.018281,0.9700,0.064763,0.8333
26,0.018494,0.9600,0.061347,0.8333
27,0.016923,0.9700,0.058408,0.8750
28,0.017019,0.9700,0.056218,0.8750
29,0.016113,0.9700,0.058111,0.8333
30,0.015821,0.9700,0.054577,0.8750
31,0.016262,0.9700,0.056196,0.8333
32,0.015569,0.9700,0.053264,0.8750
33,0.015877,0.9700,0.054190,0.8333
34,0.015381,0.9700,0.053301,0.8333
35,0.015256,0.9700,0.050920,0.8750
36,0.015297,0.9700,0.052136,0.8333
37,0.014715,0.9700,0.052166,0.8333
38,0.014635,0.9700,0.052661,0.8333
39,0.013901,0.9700,0.054240,0.8333
40,0.014922,0.9700,0.051318,0.8333
41,0.013987,0.9700,0.052027,0.8333
42,0.013838,0.9700,0.051583,0.8333
43,0.013617,0.9700,0.052544,0.8333
44,0.013423,0.9700,0.051948,0.8333
45,0.014157,0.9700,0.051474,0.8333
46,0.013281,0.9700,0.050076,0.8333
47,0.012012,0.9800,0.048077,0.8333
48,0.011954,0.9800,0.047862,0.8333
49,0.010874,0.9800,0.047104,0.8333
50,0.009710,0.9800,0.047657,0.8333
51,0.009226,0.9800,0.048421,0.8750
52,0.008449,0.9900,0.048153,0.8750
53,0.008519,0.9800,0.044147,0.8750
54,0.007201,0.9900,0.042200,0.8750
55,0.006755,0.9900,0.042378,0.8750
56,0.005621,1.0000,0.043182,0.8750
57,0.005600,1.0000,0.043158,0.8750
58,0.004951,1.0000,0.043023,0.8750
59,0.005140,0.9900,0.041323,0.8750
60,0.004219,1.0000,0.044263,0.8750
61,0.004333,1.0000,0.042303,0.8750
62,0.004135,1.0000,0.041710,0.8750
63,0.003710,1.0000,0.042973,0.8750
64,0.003615,1.0000,0.040213,0.8750
65,0.003217,1.0000,0.041896,0.8750
66,0.003645,1.0000,0.038077,0.8750
67,0.003003,1.0000,0.040709,0.8750
68,0.002951,1.0000,0.042303,0.8750
69,0.003076,1.0000,0.040339,0.8750
70,0.002947,1.0000,0.038986,0.8750
71,0.002668,1.0000,0.040631,0.8750
72,0.002664,1.0000,0.040814,0.8750
73,0.002657,1.0000,0.039818,0.8750
74,0.002482,1.0000,0.040859,0.8750
75,0.002699,1.0000,0.036658,0.8750
76,0.002567,1.0000,0.037905,0.8750
77,0.002380,1.0000,0.038482,0.8750
78,0.002304,1.0000,0.040112,0.8750
79,0.002540,1.0000,0.037507,0.8750
80,0.002360,1.0000,0.037659,0.8750
81,0.002251,1.0000,0.039208,0.8750
82,0.002283,1.0000,0.039775,0.8750
83,0.002545,1.0000,0.037467,0.8750
84,0.002199,1.0000,0.038023,0.8750
85,0.002347,1.0000,0.038061,0.8750
86,0.002202,1.0000,0.040288,0.8750
87,0.002390,1.0000,0.037892,0.8750
88,0.002207,1.0000,0.038952,0.8750
89,0.002356,1.0000,0.037897,0.8750
90,0.002244,1.0000,0.035700,0.8750
91,0.002170,1.0000,0.038565,0.8750
92,0.002348,1.0000,0.036600,0.8750
93,0.002155,1.0000,0.036674,0.8750
94,0.002109,1.0000,0.037809,0.8750
95,0.002302,1.0000,0.037557,0.8750
96,0.002191,1.0000,0.037488,0.8750
97,0.002064,1.0000,0.037805,0.8750
98,0.002258,1.0000,0.036147,0.8750
99,0.002113,1.0000,0.037851,0.8750
100,0.002114,1.0000,0.037842,0.8750
101,0.002337,1.0000,0.035028,0.8750
102,0.002182,1.0000,0.036214,0.8750
103,0.002077,1.0000,0.036004,0.8750
104,0.002099,1.0000,0.036223,0.8750
105,0.002078,1.0000,0.037870,0.8750
106,0.002240,1.0000,0.035447,0.8750
107,0.002009,1.0000,0.037600,0.8750
108,0.002164,1.0000,0.037179,0.8750
109,0.002026,1.0000,0.036917,0.8750
110,0.002064,1.0000,0.037215,0.8750
111,0.002158,1.0000,0.036535,0.8750
112,0.002125,1.0000,0.035414,0.8750
113,0.001988,1.0000,0.038011,0.8750
114,0.002375,1.0000,0.036542,0.8750
115,0.001979,1.0000,0.035161,0.8750
116,0.002248,1.0000,0.037394,0.8750
117,0.001964,1.0000,0.036761,0.8750
118,0.002070,1.0000,0.037161,0.8750
119,0.002046,1.0000,0.037234,0.8750
120,0.002108,1.0000,0.037629,0.8750
121,0.002005,1.0000,0.037162,0.8750
122,0.002034,1.0000,0.037603,0.8750
123,0.002142,1.0000,0.034395,0.8750
124,0.001980,1.0000,0.036875,0.8750
125,0.001976,1.0000,0.037704,0.8750
126,0.001965,1.0000,0.038895,0.8750
127,0.002217,1.0000,0.037039,0.8750
128,0.002053,1.0000,0.035759,0.8750
129,0.002029,1.0000,0.036796,0.8750
130,0.002001,1.0000,0.037449,0.8750
131,0.002131,1.0000,0.035187,0.8750
132,0.001937,1.0000,0.036574,0.8750
133,0.001968,1.0000,0.037386,0.8750
134,0.001988,1.0000,0.036838,0.8750
135,0.002210,1.0000,0.035512,0.8750
136,0.002025,1.0000,0.034605,0.8750
137,0.001873,1.0000,0.039294,0.8750
138,0.002094,1.0000,0.037546,0.8750
139,0.002040,1.0000,0.036291,0.8750
140,0.002002,1.0000,0.036648,0.8750
141,0.001940,1.0000,0.037791,0.8750
142,0.001987,1.0000,0.038181,0.8750
143,0.002052,1.0000,0.037422,0.8750
144,0.001976,1.0000,0.038524,0.8750
145,0.002146,1.0000,0.035472,0.8750
146,0.001963,1.0000,0.036374,0.8750
147,0.001939,1.0000,0.037239,0.8750
148,0.001962,1.0000,0.037116,0.8750
149,0.001983,1.0000,0.037319,0.8750
150,0.002080,1.0000,0.037921,0.8750
151,0.001945,1.0000,0.037324,0.8750
152,0.001908,1.0000,0.038435,0.8750
153,0.002078,1.0000,0.037763,0.8750
154,0.001941,1.0000,0.038297,0.8750
155,0.002082,1.0000,0.036569,0.8750
156,0.001937,1.0000,0.037829,0.8750
157,0.002138,1.0000,0.035321,0.8750
158,0.001940,1.0000,0.036958,0.8750
159,0.001906,1.0000,0.038440,0.8750
160,0.001965,1.0000,0.038012,0.8750
161,0.002011,1.0000,0.038013,0.8750
162,0.002018,1.0000,0.036970,0.8750
163,0.001920,1.0000,0.037364,0.8750
164,0.001874,1.0000,0.037924,0.8750
165,0.002067,1.0000,0.035926,0.8750
166,0.001986,1.0000,0.037055,0.8750
167,0.001900,1.0000,0.037778,0.8750
168,0.002069,1.0000,0.035124,0.8750
169,0.001855,1.0000,0.037513,0.8750
170,0.001980,1.0000,0.037341,0.8750
171,0.001949,1.0000,0.037932,0.8750
172,0.001994,1.0000,0.037503,0.8750
173,0.002064,1.0000,0.037507,0.8750
174,0.001900,1.0000,0.037028,0.8750
175,0.002010,1.0000,0.036005,0.8750
176,0.001942,1.0000,0.036270,0.8750
177,0.001862,1.0000,0.037880,0.8750
178,0.001992,1.0000,0.037078,0.8750
179,0.001910,1.0000,0.038189,0.8750
180,0.001893,1.0000,0.038144,0.8750
181,0.001971,1.0000,0.037133,0.8750
182,0.001988,1.0000,0.037471,0.8750
183,0.001910,1.0000,0.037811,0.8750
184,0.001947,1.0000,0.037560,0.8750
185,0.001888,1.0000,0.038319,0.8750
186,0.002071,1.0000,0.036812,0.8750
187,0.001880,1.0000,0.037604,0.8750
188,0.001992,1.0000,0.036825,0.8750
189,0.001912,1.0000,0.037077,0.8750
190,0.001871,1.0000,0.037059,0.8750
191,0.001923,1.0000,0.037193,0.8750
192,0.001877,1.0000,0.037911,0.8750
193,0.001939,1.0000,0.038619,0.8750
194,0.001940,1.0000,0.038178,0.8750
195,0.002066,1.0000,0.036165,0.8750
196,0.001912,1.0000,0.037268,0.8750
197,0.001868,1.0000,0.038396,0.8750
198,0.002018,1.0000,0.037491,0.8750
199,0.001909,1.0000,0.038453,0.8750
200,0.001946,1.0000,0.038342,0.8750
1,0.129277,0.5000,0.121542,0.5417
2,0.113251,0.6800,0.098450,0.6667
3,0.081198,0.8100,0.107543,0.6667
4,0.068366,0.8200,0.089798,0.7500
5,0.060753,0.8500,0.093870,0.7083
6,0.055595,0.8600,0.109438,0.7083
7,0.049112,0.8900,0.089237,0.7500
8,0.033402,0.9200,0.101482,0.7083
9,0.032061,0.9200,0.068599,0.8333
10,0.018429,0.9600,0.062072,0.8333
11,0.016423,0.9600,0.046255,0.8750
12,0.015293,0.9700,0.052668,0.8333
13,0.013727,0.9700,0.052755,0.8750
14,0.014310,0.9700,0.062780,0.8333
15,0.014383,0.9600,0.046409,0.8750
16,0.013706,0.9700,0.053097,0.8750
17,0.011483,0.9700,0.043221,0.8750
18,0.010423,0.9700,0.048257,0.8333
19,0.009218,0.9700,0.028018,0.9167
20,0.008642,0.9700,0.029594,0.8750
21,0.007515,0.9700,0.023890,0.9167
22,0.007488,0.9700,0.021547,0.9167
23,0.006504,0.9700,0.018127,0.9167
24,0.006314,0.9700,0.015954,0.9167
25,0.006381,0.9900,0.015585,0.9583
26,0.005788,1.0000,0.014602,0.9583
27,0.004929,1.0000,0.012434,1.0000
28,0.005009,1.0000,0.011675,1.0000
29,0.004769,1.0000,0.011211,1.0000
30,0.004429,1.0000,0.010439,1.0000
31,0.004612,1.0000,0.010014,1.0000
32,0.003945,1.0000,0.009602,1.0000
33,0.004311,1.0000,0.009147,1.0000
34,0.003918,1.0000,0.008483,1.0000
35,0.003540,1.0000,0.008004,1.0000
36,0.003854,1.0000,0.007914,1.0000
37,0.003451,1.0000,0.007381,1.0000
38,0.003575,1.0000,0.007161,1.0000
39,0.003286,1.0000,0.007066,1.0000
40,0.003446,1.0000,0.006828,1.0000
41,0.003022,1.0000,0.006673,1.0000
42,0.003664,1.0000,0.006669,1.0000
43,0.003186,1.0000,0.006378,1.0000
44,0.002955,1.0000,0.005980,1.0000
45,0.003072,1.0000,0.006267,1.0000
46,0.003341,1.0000,0.006210,1.0000
47,0.002715,1.0000,0.005715,1.0000
48,0.003103,1.0000,0.005794,1.0000
49,0.003513,1.0000,0.005301,1.0000
50,0.002809,1.0000,0.005184,1.0000
51,0.002876,1.0000,0.005244,1.0000
52,0.002968,1.0000,0.005344,1.0000
53,0.002578,1.0000,0.005360,1.0000
54,0.003239,1.0000,0.005253,1.0000
55,0.002722,1.0000,0.005133,1.0000
56,0.002758,1.0000,0.005146,1.0000
57,0.002657,1.0000,0.004962,1.0000
58,0.002679,1.0000,0.005171,1.0000
59,0.002504,1.0000,0.005507,1.0000
60,0.003078,1.0000,0.004933,1.0000
61,0.002641,1.0000,0.004902,1.0000
62,0.002787,1.0000,0.005211,1.0000
63,0.002784,1.0000,0.004784,1.0000
64,0.002592,1.0000,0.004986,1.0000
65,0.002720,1.0000,0.004808,1.0000
66,0.002472,1.0000,0.005010,1.0000
67,0.002627,1.0000,0.005286,1.0000
68,0.002996,1.0000,0.004870,1.0000
69,0.002627,1.0000,0.004943,1.0000
70,0.002828,1.0000,0.004607,1.0000
71,0.002682,1.0000,0.005122,1.0000
72,0.002521,1.0000,0.004633,1.0000
73,0.002641,1.0000,0.004635,1.0000
74,0.002855,1.0000,0.004899,1.0000
75,0.002375,1.0000,0.004719,1.0000
76,0.002887,1.0000,0.004477,1.0000
77,0.002477,1.0000,0.004880,1.0000
78,0.002700,1.0000,0.004557,1.0000
79,0.002679,1.0000,0.004544,1.0000
80,0.002566,1.0000,0.004690,1.0000
81,0.002568,1.0000,0.004445,1.0000
82,0.002626,1.0000,0.004565,1.0000
83,0.002555,1.0000,0.004410,1.0000
84,0.002687,1.0000,0.004300,1.0000
85,0.002658,1.0000,0.004737,1.0000
86,0.002674,1.0000,0.004491,1.0000
87,0.002241,1.0000,0.004759,1.0000
88,0.002748,1.0000,0.004702,1.0000
89,0.002625,1.0000,0.004673,1.0000
90,0.002495,1.0000,0.004516,1.0000
91,0.002595,1.0000,0.004454,1.0000
92,0.002457,1.0000,0.004433,1.0000
93,0.002716,1.0000,0.004569,1.0000
94,0.002340,1.0000,0.004613,1.0000
95,0.002602,1.0000,0.004785,1.0000
96,0.002841,1.0000,0.004323,1.0000
97,0.002404,1.0000,0.004574,1.0000
98,0.002705,1.0000,0.004289,1.0000
99,0.002519,1.0000,0.004330,1.0000
100,0.002518,1.0000,0.004359,1.0000
101,0.002333,1.0000,0.004642,1.0000
102,0.002823,1.0000,0.004660,1.0000
103,0.002606,1.0000,0.004450,1.0000
104,0.002325,1.0000,0.004623,1.0000
105,0.002743,1.0000,0.004669,1.0000
106,0.002547,1.0000,0.004170,1.0000
107,0.002319,1.0000,0.004750,1.0000
108,0.002819,1.0000,0.004357,1.0000
109,0.002186,1.0000,0.004678,1.0000
110,0.002613,1.0000,0.004510,1.0000
111,0.002567,1.0000,0.004566,1.0000
112,0.002716,1.0000,0.004368,1.0000
113,0.002252,1.0000,0.004710,1.0000
114,0.002701,1.0000,0.004675,1.0000
115,0.002576,1.0000,0.004460,1.0000
116,0.002495,1.0000,0.004387,1.0000
117,0.002560,1.0000,0.004236,1.0000
118,0.002846,1.0000,0.004228,1.0000
119,0.002376,1.0000,0.004311,1.0000
120,0.002353,1.0000,0.004589,1.0000
121,0.002549,1.0000,0.004369,1.0000
122,0.002493,1.0000,0.004460,1.0000
123,0.002419,1.0000,0.004785,1.0000
124,0.003240,1.0000,0.004601,1.0000
125,0.002212,1.0000,0.004275,1.0000
126,0.002683,1.0000,0.004233,1.0000
127,0.002530,1.0000,0.004559,1.0000
128,0.002468,1.0000,0.004375,1.0000
129,0.002508,1.0000,0.004386,1.0000
130,0.002403,1.0000,0.004674,1.0000
131,0.002480,1.0000,0.004816,1.0000
132,0.002724,1.0000,0.004530,1.0000
133,0.002852,1.0000,0.004420,1.0000
134,0.002428,1.0000,0.004667,1.0000
135,0.002550,1.0000,0.004570,1.0000
136,0.002658,1.0000,0.004683,1.0000
137,0.002573,1.0000,0.004312,1.0000
138,0.002282,1.0000,0.004449,1.0000
139,0.002427,1.0000,0.004764,1.0000
140,0.002630,1.0000,0.004733,1.0000
141,0.002797,1.0000,0.004420,1.0000
142,0.002333,1.0000,0.004345,1.0000
143,0.002501,1.0000,0.004456,1.0000
144,0.002665,1.0000,0.004185,1.0000
145,0.002323,1.0000,0.004765,1.0000
146,0.002938,1.0000,0.004255,1.0000
147,0.002300,1.0000,0.004432,1.0000
148,0.002604,1.0000,0.004500,1.0000
149,0.002388,1.0000,0.004273,1.0000
150,0.002495,1.0000,0.004952,1.0000
151,0.002475,1.0000,0.004476,1.0000
152,0.002745,1.0000,0.004337,1.0000
153,0.002414,1.0000,0.004570,1.0000
154,0.002587,1.0000,0.004367,1.0000
155,0.002520,1.0000,0.004421,1.0000
156,0.002305,1.0000,0.004416,1.0000
157,0.002935,1.0000,0.004481,1.0000
158,0.002383,1.0000,0.004363,1.0000
159,0.002459,1.0000,0.004343,1.0000
160,0.002680,1.0000,0.004560,1.0000
161,0.002555,1.0000,0.004418,1.0000
162,0.002341,1.0000,0.004384,1.0000
163,0.002522,1.0000,0.004324,1.0000
164,0.002489,1.0000,0.004411,1.0000
165,0.002425,1.0000,0.004641,1.0000
166,0.002564,1.0000,0.004763,1.0000
167,0.002421,1.0000,0.004578,1.0000
168,0.002662,1.0000,0.004481,1.0000
169,0.002471,1.0000,0.004604,1.0000
170,0.002576,1.0000,0.004583,1.0000
171,0.002578,1.0000,0.004532,1.0000
172,0.002475,1.0000,0.004287,1.0000
173,0.002735,1.0000,0.004597,1.0000
174,0.002374,1.0000,0.004419,1.0000
175,0.002380,1.0000,0.005179,1.0000
176,0.002591,1.0000,0.004717,1.0000
177,0.003047,1.0000,0.004300,1.0000
178,0.002322,1.0000,0.004410,1.0000
179,0.002371,1.0000,0.004589,1.0000
180,0.002450,1.0000,0.004616,1.0000
181,0.002919,1.0000,0.004608,1.0000
182,0.002246,1.0000,0.004294,1.0000
183,0.002906,1.0000,0.004343,1.0000
184,0.002347,1.0000,0.004597,1.0000
185,0.002520,1.0000,0.004226,1.0000
186,0.002250,1.0000,0.004611,1.0000
187,0.002883,1.0000,0.004396,1.0000
188,0.002475,1.0000,0.004408,1.0000
189,0.002240,1.0000,0.004482,1.0000
190,0.002483,1.0000,0.004611,1.0000
191,0.002484,1.0000,0.004717,1.0000
192,0.002662,1.0000,0.004863,1.0000
193,0.002933,1.0000,0.004513,1.0000
194,0.002300,1.0000,0.004523,1.0000
195,0.002714,1.0000,0.004578,1.0000
196,0.002298,1.0000,0.004505,1.0000
197,0.002606,1.0000,0.004488,1.0000
198,0.002393,1.0000,0.005042,1.0000
199,0.002634,1.0000,0.004410,1.0000
200,0.002637,1.0000,0.004180,1.0000
