Epoch,Train Loss,Train Accuracy,Validation Loss,Validation Accuracy
1,0.123092,0.5645,0.104547,0.7176
2,0.089542,0.7339,0.095361,0.7477
3,0.078775,0.7742,0.086985,0.7454
4,0.060899,0.8387,0.067080,0.8194
5,0.046263,0.8952,0.062055,0.8148
6,0.040406,0.8952,0.049927,0.8565
7,0.028092,0.9435,0.027490,0.9375
8,0.018507,0.9435,0.020011,0.9514
9,0.010412,0.9839,0.012959,0.9676
10,0.007768,0.9919,0.009770,0.9769
11,0.002984,1.0000,0.007195,0.9861
12,0.002720,0.9919,0.006429,0.9838
13,0.004100,1.0000,0.004486,0.9907
14,0.003023,1.0000,0.002929,0.9977
15,0.002605,1.0000,0.001331,1.0000
16,0.000727,1.0000,0.000597,1.0000
17,0.002034,0.9919,0.000821,1.0000
18,0.000713,1.0000,0.000636,1.0000
19,0.003292,0.9919,0.000109,1.0000
20,0.000301,1.0000,0.000102,1.0000
21,0.000144,1.0000,0.000104,1.0000
22,0.000391,1.0000,0.000154,1.0000
23,0.000723,1.0000,0.000483,1.0000
24,0.001830,0.9919,0.001092,1.0000
25,0.000164,1.0000,0.000777,1.0000
26,0.000179,1.0000,0.000354,1.0000
27,0.000130,1.0000,0.000369,1.0000
28,0.002055,0.9919,0.000981,1.0000
29,0.002233,0.9919,0.000797,1.0000
30,0.000299,1.0000,0.000020,1.0000
31,0.000068,1.0000,0.000019,1.0000
32,0.002455,0.9919,0.000247,1.0000
33,0.001478,0.9919,0.000739,1.0000
34,0.002741,0.9919,0.000151,1.0000
35,0.001127,1.0000,0.000019,1.0000
36,0.000512,1.0000,0.000046,1.0000
37,0.002305,1.0000,0.000013,1.0000
38,0.000494,1.0000,0.000008,1.0000
39,0.000056,1.0000,0.000007,1.0000
40,0.003215,0.9919,0.000012,1.0000
41,0.002891,0.9919,0.000043,1.0000
42,0.000080,1.0000,0.000044,1.0000
43,0.000016,1.0000,0.000029,1.0000
44,0.000115,1.0000,0.000020,1.0000
45,0.000315,1.0000,0.000003,1.0000
46,0.000381,1.0000,0.000002,1.0000
47,0.000134,1.0000,0.000003,1.0000
48,0.000094,1.0000,0.000004,1.0000
49,0.000039,1.0000,0.000005,1.0000
50,0.000139,1.0000,0.000018,1.0000
51,0.000018,1.0000,0.000041,1.0000
52,0.000781,1.0000,0.000004,1.0000
53,0.000121,1.0000,0.000002,1.0000
54,0.002680,0.9919,0.000002,1.0000
55,0.001439,0.9919,0.000003,1.0000
56,0.000070,1.0000,0.000004,1.0000
57,0.001071,0.9919,0.000003,1.0000
58,0.000432,1.0000,0.000003,1.0000
59,0.000372,1.0000,0.000003,1.0000
60,0.000533,1.0000,0.000003,1.0000
61,0.001433,0.9919,0.000004,1.0000
62,0.003930,0.9919,0.000001,1.0000
63,0.000089,1.0000,0.000001,1.0000
64,0.000173,1.0000,0.000001,1.0000
65,0.000032,1.0000,0.000001,1.0000
66,0.000771,1.0000,0.000006,1.0000
67,0.000075,1.0000,0.000013,1.0000
68,0.000670,1.0000,0.000007,1.0000
69,0.000740,1.0000,0.000001,1.0000
70,0.000088,1.0000,0.000001,1.0000
71,0.000391,1.0000,0.000001,1.0000
72,0.000041,1.0000,0.000001,1.0000
73,0.000019,1.0000,0.000001,1.0000
74,0.000127,1.0000,0.000001,1.0000
75,0.002427,0.9919,0.000003,1.0000
76,0.000035,1.0000,0.000005,1.0000
77,0.000685,1.0000,0.000004,1.0000
78,0.002009,0.9919,0.000018,1.0000
79,0.000522,1.0000,0.000001,1.0000
80,0.000019,1.0000,0.000000,1.0000
81,0.000027,1.0000,0.000000,1.0000
82,0.000138,1.0000,0.000000,1.0000
83,0.000077,1.0000,0.000000,1.0000
84,0.001714,0.9919,0.000000,1.0000
85,0.000031,1.0000,0.000002,1.0000
86,0.000024,1.0000,0.000002,1.0000
87,0.000011,1.0000,0.000002,1.0000
88,0.001948,0.9919,0.000002,1.0000
89,0.002003,0.9919,0.000002,1.0000
90,0.000522,1.0000,0.000005,1.0000
91,0.000035,1.0000,0.000004,1.0000
92,0.001426,1.0000,0.000001,1.0000
93,0.001262,1.0000,0.000000,1.0000
94,0.000023,1.0000,0.000000,1.0000
95,0.002475,0.9919,0.000000,1.0000
96,0.000029,1.0000,0.000001,1.0000
97,0.000046,1.0000,0.000001,1.0000
98,0.000263,1.0000,0.000001,1.0000
99,0.000017,1.0000,0.000001,1.0000
100,0.000019,1.0000,0.000001,1.0000
101,0.000528,1.0000,0.000001,1.0000
102,0.002085,0.9919,0.000001,1.0000
103,0.000762,1.0000,0.000001,1.0000
104,0.000021,1.0000,0.000001,1.0000
105,0.000060,1.0000,0.000001,1.0000
106,0.000016,1.0000,0.000001,1.0000
107,0.000021,1.0000,0.000001,1.0000
108,0.000021,1.0000,0.000001,1.0000
109,0.000010,1.0000,0.000001,1.0000
1,0.123092,0.5645,0.104547,0.7176
2,0.089542,0.7339,0.095361,0.7477
3,0.078775,0.7742,0.086985,0.7454
4,0.060899,0.8387,0.067080,0.8194
5,0.046263,0.8952,0.062055,0.8148
6,0.040406,0.8952,0.049927,0.8565
7,0.028092,0.9435,0.027490,0.9375
8,0.018507,0.9435,0.020011,0.9514
9,0.010412,0.9839,0.012959,0.9676
10,0.007768,0.9919,0.009770,0.9769
11,0.002984,1.0000,0.007195,0.9861
12,0.002720,0.9919,0.006429,0.9838
13,0.004100,1.0000,0.004486,0.9907
14,0.003023,1.0000,0.002929,0.9977
15,0.002605,1.0000,0.001331,1.0000
16,0.000727,1.0000,0.000597,1.0000
17,0.002034,0.9919,0.000821,1.0000
18,0.000713,1.0000,0.000636,1.0000
19,0.003292,0.9919,0.000109,1.0000
20,0.000301,1.0000,0.000102,1.0000
21,0.000144,1.0000,0.000104,1.0000
22,0.000391,1.0000,0.000154,1.0000
23,0.000723,1.0000,0.000483,1.0000
24,0.001830,0.9919,0.001092,1.0000
25,0.000164,1.0000,0.000777,1.0000
26,0.000179,1.0000,0.000354,1.0000
27,0.000130,1.0000,0.000369,1.0000
28,0.002055,0.9919,0.000981,1.0000
29,0.002233,0.9919,0.000797,1.0000
30,0.000299,1.0000,0.000020,1.0000
31,0.000068,1.0000,0.000019,1.0000
32,0.002455,0.9919,0.000247,1.0000
33,0.001478,0.9919,0.000739,1.0000
34,0.002741,0.9919,0.000151,1.0000
35,0.001127,1.0000,0.000019,1.0000
36,0.000512,1.0000,0.000046,1.0000
37,0.002305,1.0000,0.000013,1.0000
38,0.000494,1.0000,0.000008,1.0000
39,0.000056,1.0000,0.000007,1.0000
40,0.003215,0.9919,0.000012,1.0000
41,0.002891,0.9919,0.000043,1.0000
42,0.000080,1.0000,0.000044,1.0000
43,0.000016,1.0000,0.000029,1.0000
44,0.000115,1.0000,0.000020,1.0000
45,0.000315,1.0000,0.000003,1.0000
46,0.000381,1.0000,0.000002,1.0000
47,0.000134,1.0000,0.000003,1.0000
48,0.000094,1.0000,0.000004,1.0000
49,0.000039,1.0000,0.000005,1.0000
50,0.000139,1.0000,0.000018,1.0000
51,0.000018,1.0000,0.000041,1.0000
52,0.000781,1.0000,0.000004,1.0000
53,0.000121,1.0000,0.000002,1.0000
54,0.002680,0.9919,0.000002,1.0000
55,0.001439,0.9919,0.000003,1.0000
56,0.000070,1.0000,0.000004,1.0000
57,0.001071,0.9919,0.000003,1.0000
58,0.000432,1.0000,0.000003,1.0000
59,0.000372,1.0000,0.000003,1.0000
60,0.000533,1.0000,0.000003,1.0000
61,0.001433,0.9919,0.000004,1.0000
62,0.003930,0.9919,0.000001,1.0000
63,0.000089,1.0000,0.000001,1.0000
64,0.000173,1.0000,0.000001,1.0000
65,0.000032,1.0000,0.000001,1.0000
66,0.000771,1.0000,0.000006,1.0000
67,0.000075,1.0000,0.000013,1.0000
68,0.000670,1.0000,0.000007,1.0000
69,0.000740,1.0000,0.000001,1.0000
70,0.000088,1.0000,0.000001,1.0000
71,0.000391,1.0000,0.000001,1.0000
72,0.000041,1.0000,0.000001,1.0000
73,0.000019,1.0000,0.000001,1.0000
74,0.000127,1.0000,0.000001,1.0000
75,0.002427,0.9919,0.000003,1.0000
76,0.000035,1.0000,0.000005,1.0000
77,0.000685,1.0000,0.000004,1.0000
78,0.002009,0.9919,0.000018,1.0000
79,0.000522,1.0000,0.000001,1.0000
80,0.000019,1.0000,0.000000,1.0000
81,0.000027,1.0000,0.000000,1.0000
82,0.000138,1.0000,0.000000,1.0000
83,0.000077,1.0000,0.000000,1.0000
84,0.001714,0.9919,0.000000,1.0000
85,0.000031,1.0000,0.000002,1.0000
86,0.000024,1.0000,0.000002,1.0000
87,0.000011,1.0000,0.000002,1.0000
88,0.001948,0.9919,0.000002,1.0000
89,0.002003,0.9919,0.000002,1.0000
90,0.000522,1.0000,0.000005,1.0000
91,0.000035,1.0000,0.000004,1.0000
92,0.001426,1.0000,0.000001,1.0000
93,0.001262,1.0000,0.000000,1.0000
94,0.000023,1.0000,0.000000,1.0000
95,0.002475,0.9919,0.000000,1.0000
96,0.000029,1.0000,0.000001,1.0000
97,0.000046,1.0000,0.000001,1.0000
98,0.000263,1.0000,0.000001,1.0000
99,0.000017,1.0000,0.000001,1.0000
100,0.000019,1.0000,0.000001,1.0000
101,0.000528,1.0000,0.000001,1.0000
102,0.002085,0.9919,0.000001,1.0000
103,0.000762,1.0000,0.000001,1.0000
104,0.000021,1.0000,0.000001,1.0000
105,0.000060,1.0000,0.000001,1.0000
106,0.000016,1.0000,0.000001,1.0000
107,0.000021,1.0000,0.000001,1.0000
108,0.000021,1.0000,0.000001,1.0000
109,0.000010,1.0000,0.000001,1.0000
1,0.123092,0.5645,0.104547,0.7176
2,0.089542,0.7339,0.095361,0.7477
3,0.078775,0.7742,0.086985,0.7454
4,0.060899,0.8387,0.067080,0.8194
5,0.046263,0.8952,0.062055,0.8148
6,0.040406,0.8952,0.049927,0.8565
7,0.028092,0.9435,0.027490,0.9375
8,0.018507,0.9435,0.020011,0.9514
9,0.010412,0.9839,0.012959,0.9676
10,0.007768,0.9919,0.009770,0.9769
11,0.002984,1.0000,0.007195,0.9861
12,0.002720,0.9919,0.006429,0.9838
13,0.004100,1.0000,0.004486,0.9907
14,0.003023,1.0000,0.002929,0.9977
15,0.002605,1.0000,0.001331,1.0000
16,0.000727,1.0000,0.000597,1.0000
17,0.002034,0.9919,0.000821,1.0000
18,0.000713,1.0000,0.000636,1.0000
19,0.003292,0.9919,0.000109,1.0000
20,0.000301,1.0000,0.000102,1.0000
21,0.000144,1.0000,0.000104,1.0000
22,0.000391,1.0000,0.000154,1.0000
23,0.000723,1.0000,0.000483,1.0000
24,0.001830,0.9919,0.001092,1.0000
25,0.000164,1.0000,0.000777,1.0000
26,0.000179,1.0000,0.000354,1.0000
27,0.000130,1.0000,0.000369,1.0000
28,0.002055,0.9919,0.000981,1.0000
29,0.002233,0.9919,0.000797,1.0000
30,0.000299,1.0000,0.000020,1.0000
31,0.000068,1.0000,0.000019,1.0000
32,0.002455,0.9919,0.000247,1.0000
33,0.001478,0.9919,0.000739,1.0000
34,0.002741,0.9919,0.000151,1.0000
35,0.001127,1.0000,0.000019,1.0000
36,0.000512,1.0000,0.000046,1.0000
37,0.002305,1.0000,0.000013,1.0000
38,0.000494,1.0000,0.000008,1.0000
39,0.000056,1.0000,0.000007,1.0000
40,0.003215,0.9919,0.000012,1.0000
41,0.002891,0.9919,0.000043,1.0000
42,0.000080,1.0000,0.000044,1.0000
43,0.000016,1.0000,0.000029,1.0000
44,0.000115,1.0000,0.000020,1.0000
45,0.000315,1.0000,0.000003,1.0000
46,0.000381,1.0000,0.000002,1.0000
47,0.000134,1.0000,0.000003,1.0000
48,0.000094,1.0000,0.000004,1.0000
49,0.000039,1.0000,0.000005,1.0000
50,0.000139,1.0000,0.000018,1.0000
51,0.000018,1.0000,0.000041,1.0000
52,0.000781,1.0000,0.000004,1.0000
53,0.000121,1.0000,0.000002,1.0000
54,0.002680,0.9919,0.000002,1.0000
55,0.001439,0.9919,0.000003,1.0000
56,0.000070,1.0000,0.000004,1.0000
57,0.001071,0.9919,0.000003,1.0000
58,0.000432,1.0000,0.000003,1.0000
59,0.000372,1.0000,0.000003,1.0000
60,0.000533,1.0000,0.000003,1.0000
61,0.001433,0.9919,0.000004,1.0000
62,0.003930,0.9919,0.000001,1.0000
63,0.000089,1.0000,0.000001,1.0000
64,0.000173,1.0000,0.000001,1.0000
65,0.000032,1.0000,0.000001,1.0000
66,0.000771,1.0000,0.000006,1.0000
67,0.000075,1.0000,0.000013,1.0000
68,0.000670,1.0000,0.000007,1.0000
69,0.000740,1.0000,0.000001,1.0000
70,0.000088,1.0000,0.000001,1.0000
71,0.000391,1.0000,0.000001,1.0000
72,0.000041,1.0000,0.000001,1.0000
73,0.000019,1.0000,0.000001,1.0000
74,0.000127,1.0000,0.000001,1.0000
75,0.002427,0.9919,0.000003,1.0000
76,0.000035,1.0000,0.000005,1.0000
77,0.000685,1.0000,0.000004,1.0000
78,0.002009,0.9919,0.000018,1.0000
79,0.000522,1.0000,0.000001,1.0000
80,0.000019,1.0000,0.000000,1.0000
81,0.000027,1.0000,0.000000,1.0000
82,0.000138,1.0000,0.000000,1.0000
83,0.000077,1.0000,0.000000,1.0000
84,0.001714,0.9919,0.000000,1.0000
85,0.000031,1.0000,0.000002,1.0000
86,0.000024,1.0000,0.000002,1.0000
87,0.000011,1.0000,0.000002,1.0000
88,0.001948,0.9919,0.000002,1.0000
89,0.002003,0.9919,0.000002,1.0000
90,0.000522,1.0000,0.000005,1.0000
91,0.000035,1.0000,0.000004,1.0000
92,0.001426,1.0000,0.000001,1.0000
93,0.001262,1.0000,0.000000,1.0000
94,0.000023,1.0000,0.000000,1.0000
95,0.002475,0.9919,0.000000,1.0000
96,0.000029,1.0000,0.000001,1.0000
97,0.000046,1.0000,0.000001,1.0000
98,0.000263,1.0000,0.000001,1.0000
99,0.000017,1.0000,0.000001,1.0000
100,0.000019,1.0000,0.000001,1.0000
101,0.000528,1.0000,0.000001,1.0000
102,0.002085,0.9919,0.000001,1.0000
103,0.000762,1.0000,0.000001,1.0000
104,0.000021,1.0000,0.000001,1.0000
105,0.000060,1.0000,0.000001,1.0000
106,0.000016,1.0000,0.000001,1.0000
107,0.000021,1.0000,0.000001,1.0000
108,0.000021,1.0000,0.000001,1.0000
109,0.000010,1.0000,0.000001,1.0000
1,0.123092,0.5645,0.104547,0.7176
2,0.089542,0.7339,0.095361,0.7477
3,0.078775,0.7742,0.086985,0.7454
4,0.060899,0.8387,0.067080,0.8194
5,0.046263,0.8952,0.062055,0.8148
6,0.040406,0.8952,0.049927,0.8565
7,0.028092,0.9435,0.027490,0.9375
8,0.018507,0.9435,0.020011,0.9514
9,0.010412,0.9839,0.012959,0.9676
10,0.007768,0.9919,0.009770,0.9769
11,0.002984,1.0000,0.007195,0.9861
12,0.002720,0.9919,0.006429,0.9838
13,0.004100,1.0000,0.004486,0.9907
14,0.003023,1.0000,0.002930,0.9977
15,0.002606,1.0000,0.001331,1.0000
16,0.000728,1.0000,0.000597,1.0000
17,0.002033,0.9919,0.000820,1.0000
18,0.000712,1.0000,0.000635,1.0000
19,0.003294,0.9919,0.000110,1.0000
20,0.000299,1.0000,0.000102,1.0000
21,0.000144,1.0000,0.000104,1.0000
22,0.000391,1.0000,0.000154,1.0000
23,0.000722,1.0000,0.000482,1.0000
24,0.001832,0.9919,0.001092,1.0000
25,0.000165,1.0000,0.000777,1.0000
26,0.000179,1.0000,0.000355,1.0000
27,0.000130,1.0000,0.000369,1.0000
28,0.002056,0.9919,0.000982,1.0000
29,0.002247,0.9919,0.000798,1.0000
30,0.000300,1.0000,0.000021,1.0000
31,0.000068,1.0000,0.000019,1.0000
32,0.002460,0.9919,0.000249,1.0000
33,0.001470,0.9919,0.000740,1.0000
34,0.002738,0.9919,0.000151,1.0000
35,0.001132,1.0000,0.000019,1.0000
36,0.000514,1.0000,0.000047,1.0000
37,0.002300,1.0000,0.000014,1.0000
38,0.000488,1.0000,0.000008,1.0000
39,0.000056,1.0000,0.000007,1.0000
40,0.003214,0.9919,0.000012,1.0000
41,0.002887,0.9919,0.000043,1.0000
42,0.000079,1.0000,0.000044,1.0000
43,0.000016,1.0000,0.000028,1.0000
44,0.000115,1.0000,0.000019,1.0000
45,0.000318,1.0000,0.000003,1.0000
46,0.000380,1.0000,0.000002,1.0000
47,0.000136,1.0000,0.000003,1.0000
48,0.000095,1.0000,0.000004,1.0000
49,0.000039,1.0000,0.000005,1.0000
50,0.000139,1.0000,0.000018,1.0000
51,0.000019,1.0000,0.000041,1.0000
52,0.000779,1.0000,0.000004,1.0000
53,0.000122,1.0000,0.000002,1.0000
54,0.002771,0.9919,0.000002,1.0000
55,0.001427,0.9919,0.000003,1.0000
56,0.000072,1.0000,0.000004,1.0000
57,0.001060,0.9919,0.000003,1.0000
58,0.000432,1.0000,0.000003,1.0000
59,0.000381,1.0000,0.000003,1.0000
60,0.000539,1.0000,0.000003,1.0000
61,0.001458,0.9919,0.000005,1.0000
62,0.003937,0.9919,0.000001,1.0000
63,0.000088,1.0000,0.000001,1.0000
64,0.000147,1.0000,0.000001,1.0000
65,0.000032,1.0000,0.000001,1.0000
66,0.000802,1.0000,0.000007,1.0000
67,0.000072,1.0000,0.000017,1.0000
68,0.000675,1.0000,0.000008,1.0000
69,0.000773,1.0000,0.000001,1.0000
70,0.000093,1.0000,0.000001,1.0000
71,0.000394,1.0000,0.000001,1.0000
72,0.000041,1.0000,0.000001,1.0000
73,0.000020,1.0000,0.000001,1.0000
74,0.000128,1.0000,0.000001,1.0000
75,0.002427,0.9919,0.000003,1.0000
76,0.000035,1.0000,0.000005,1.0000
77,0.000681,1.0000,0.000004,1.0000
78,0.002024,0.9919,0.000019,1.0000
79,0.000578,1.0000,0.000001,1.0000
80,0.000019,1.0000,0.000000,1.0000
81,0.000032,1.0000,0.000000,1.0000
82,0.000135,1.0000,0.000000,1.0000
83,0.000081,1.0000,0.000000,1.0000
84,0.001735,0.9919,0.000000,1.0000
85,0.000033,1.0000,0.000002,1.0000
86,0.000025,1.0000,0.000003,1.0000
87,0.000012,1.0000,0.000002,1.0000
88,0.001925,0.9919,0.000002,1.0000
89,0.002013,0.9919,0.000002,1.0000
90,0.000537,1.0000,0.000005,1.0000
91,0.000034,1.0000,0.000004,1.0000
92,0.001410,1.0000,0.000001,1.0000
93,0.001261,1.0000,0.000000,1.0000
94,0.000023,1.0000,0.000000,1.0000
95,0.002471,0.9919,0.000000,1.0000
96,0.000029,1.0000,0.000001,1.0000
97,0.000047,1.0000,0.000001,1.0000
98,0.000269,1.0000,0.000001,1.0000
99,0.000018,1.0000,0.000001,1.0000
100,0.000019,1.0000,0.000001,1.0000
101,0.000534,1.0000,0.000001,1.0000
102,0.002106,0.9919,0.000001,1.0000
103,0.000762,1.0000,0.000001,1.0000
104,0.000021,1.0000,0.000001,1.0000
105,0.000060,1.0000,0.000001,1.0000
106,0.000016,1.0000,0.000001,1.0000
107,0.000022,1.0000,0.000001,1.0000
108,0.000021,1.0000,0.000001,1.0000
109,0.000010,1.0000,0.000001,1.0000
1,0.123092,0.5645,0.104547,0.7176
2,0.089542,0.7339,0.095361,0.7477
3,0.078775,0.7742,0.086985,0.7454
4,0.060899,0.8387,0.067080,0.8194
5,0.046263,0.8952,0.062055,0.8148
6,0.040406,0.8952,0.049927,0.8565
7,0.028092,0.9435,0.027490,0.9375
8,0.018507,0.9435,0.020011,0.9514
9,0.010412,0.9839,0.012959,0.9676
10,0.007768,0.9919,0.009770,0.9769
11,0.002984,1.0000,0.007195,0.9861
12,0.002720,0.9919,0.006429,0.9838
13,0.004100,1.0000,0.004486,0.9907
14,0.003023,1.0000,0.002930,0.9977
15,0.002606,1.0000,0.001331,1.0000
16,0.000728,1.0000,0.000597,1.0000
17,0.002033,0.9919,0.000820,1.0000
18,0.000712,1.0000,0.000635,1.0000
19,0.003294,0.9919,0.000110,1.0000
20,0.000299,1.0000,0.000102,1.0000
21,0.000144,1.0000,0.000104,1.0000
22,0.000391,1.0000,0.000154,1.0000
23,0.000722,1.0000,0.000482,1.0000
24,0.001832,0.9919,0.001092,1.0000
25,0.000165,1.0000,0.000777,1.0000
26,0.000179,1.0000,0.000355,1.0000
27,0.000130,1.0000,0.000369,1.0000
28,0.002056,0.9919,0.000982,1.0000
29,0.002247,0.9919,0.000798,1.0000
30,0.000300,1.0000,0.000021,1.0000
31,0.000068,1.0000,0.000019,1.0000
32,0.002460,0.9919,0.000249,1.0000
33,0.001470,0.9919,0.000740,1.0000
34,0.002738,0.9919,0.000151,1.0000
35,0.001132,1.0000,0.000019,1.0000
36,0.000514,1.0000,0.000047,1.0000
37,0.002300,1.0000,0.000014,1.0000
38,0.000488,1.0000,0.000008,1.0000
39,0.000056,1.0000,0.000007,1.0000
40,0.003214,0.9919,0.000012,1.0000
41,0.002887,0.9919,0.000043,1.0000
42,0.000079,1.0000,0.000044,1.0000
43,0.000016,1.0000,0.000028,1.0000
44,0.000115,1.0000,0.000019,1.0000
45,0.000318,1.0000,0.000003,1.0000
46,0.000380,1.0000,0.000002,1.0000
47,0.000136,1.0000,0.000003,1.0000
48,0.000095,1.0000,0.000004,1.0000
49,0.000039,1.0000,0.000005,1.0000
50,0.000139,1.0000,0.000018,1.0000
51,0.000019,1.0000,0.000041,1.0000
52,0.000779,1.0000,0.000004,1.0000
53,0.000122,1.0000,0.000002,1.0000
54,0.002771,0.9919,0.000002,1.0000
55,0.001427,0.9919,0.000003,1.0000
56,0.000072,1.0000,0.000004,1.0000
57,0.001060,0.9919,0.000003,1.0000
58,0.000432,1.0000,0.000003,1.0000
59,0.000381,1.0000,0.000003,1.0000
60,0.000539,1.0000,0.000003,1.0000
61,0.001458,0.9919,0.000005,1.0000
62,0.003937,0.9919,0.000001,1.0000
63,0.000088,1.0000,0.000001,1.0000
64,0.000147,1.0000,0.000001,1.0000
65,0.000032,1.0000,0.000001,1.0000
66,0.000802,1.0000,0.000007,1.0000
67,0.000072,1.0000,0.000017,1.0000
68,0.000675,1.0000,0.000008,1.0000
69,0.000773,1.0000,0.000001,1.0000
70,0.000093,1.0000,0.000001,1.0000
71,0.000394,1.0000,0.000001,1.0000
72,0.000041,1.0000,0.000001,1.0000
73,0.000020,1.0000,0.000001,1.0000
74,0.000128,1.0000,0.000001,1.0000
75,0.002427,0.9919,0.000003,1.0000
76,0.000035,1.0000,0.000005,1.0000
77,0.000681,1.0000,0.000004,1.0000
78,0.002024,0.9919,0.000019,1.0000
79,0.000578,1.0000,0.000001,1.0000
80,0.000019,1.0000,0.000000,1.0000
81,0.000032,1.0000,0.000000,1.0000
82,0.000135,1.0000,0.000000,1.0000
83,0.000081,1.0000,0.000000,1.0000
84,0.001735,0.9919,0.000000,1.0000
85,0.000033,1.0000,0.000002,1.0000
86,0.000025,1.0000,0.000003,1.0000
87,0.000012,1.0000,0.000002,1.0000
88,0.001925,0.9919,0.000002,1.0000
89,0.002013,0.9919,0.000002,1.0000
90,0.000537,1.0000,0.000005,1.0000
91,0.000034,1.0000,0.000004,1.0000
92,0.001410,1.0000,0.000001,1.0000
93,0.001261,1.0000,0.000000,1.0000
94,0.000023,1.0000,0.000000,1.0000
95,0.002471,0.9919,0.000000,1.0000
96,0.000029,1.0000,0.000001,1.0000
97,0.000047,1.0000,0.000001,1.0000
98,0.000269,1.0000,0.000001,1.0000
99,0.000018,1.0000,0.000001,1.0000
100,0.000019,1.0000,0.000001,1.0000
101,0.000534,1.0000,0.000001,1.0000
102,0.002106,0.9919,0.000001,1.0000
103,0.000762,1.0000,0.000001,1.0000
104,0.000021,1.0000,0.000001,1.0000
105,0.000060,1.0000,0.000001,1.0000
106,0.000016,1.0000,0.000001,1.0000
107,0.000022,1.0000,0.000001,1.0000
108,0.000021,1.0000,0.000001,1.0000
109,0.000010,1.0000,0.000001,1.0000
1,0.123092,0.5645,0.104547,0.7176
2,0.089542,0.7339,0.095361,0.7477
3,0.078775,0.7742,0.086985,0.7454
4,0.060899,0.8387,0.067080,0.8194
5,0.046263,0.8952,0.062055,0.8148
6,0.040406,0.8952,0.049927,0.8565
7,0.028092,0.9435,0.027490,0.9375
8,0.018507,0.9435,0.020011,0.9514
9,0.010412,0.9839,0.012959,0.9676
10,0.007768,0.9919,0.009770,0.9769
11,0.002984,1.0000,0.007195,0.9861
12,0.002720,0.9919,0.006429,0.9838
13,0.004100,1.0000,0.004486,0.9907
14,0.003023,1.0000,0.002930,0.9977
15,0.002606,1.0000,0.001331,1.0000
16,0.000728,1.0000,0.000597,1.0000
17,0.002033,0.9919,0.000820,1.0000
18,0.000712,1.0000,0.000635,1.0000
19,0.003294,0.9919,0.000110,1.0000
20,0.000299,1.0000,0.000102,1.0000
21,0.000144,1.0000,0.000104,1.0000
22,0.000391,1.0000,0.000154,1.0000
23,0.000722,1.0000,0.000482,1.0000
24,0.001832,0.9919,0.001092,1.0000
25,0.000165,1.0000,0.000777,1.0000
26,0.000179,1.0000,0.000355,1.0000
27,0.000130,1.0000,0.000369,1.0000
28,0.002056,0.9919,0.000982,1.0000
29,0.002247,0.9919,0.000798,1.0000
30,0.000300,1.0000,0.000021,1.0000
31,0.000068,1.0000,0.000019,1.0000
32,0.002460,0.9919,0.000249,1.0000
33,0.001470,0.9919,0.000740,1.0000
34,0.002738,0.9919,0.000151,1.0000
35,0.001132,1.0000,0.000019,1.0000
36,0.000514,1.0000,0.000047,1.0000
37,0.002300,1.0000,0.000014,1.0000
38,0.000488,1.0000,0.000008,1.0000
39,0.000056,1.0000,0.000007,1.0000
40,0.003214,0.9919,0.000012,1.0000
41,0.002887,0.9919,0.000043,1.0000
42,0.000079,1.0000,0.000044,1.0000
43,0.000016,1.0000,0.000028,1.0000
44,0.000115,1.0000,0.000019,1.0000
45,0.000318,1.0000,0.000003,1.0000
46,0.000380,1.0000,0.000002,1.0000
47,0.000136,1.0000,0.000003,1.0000
48,0.000095,1.0000,0.000004,1.0000
49,0.000039,1.0000,0.000005,1.0000
50,0.000139,1.0000,0.000018,1.0000
51,0.000019,1.0000,0.000041,1.0000
52,0.000779,1.0000,0.000004,1.0000
53,0.000122,1.0000,0.000002,1.0000
54,0.002771,0.9919,0.000002,1.0000
55,0.001427,0.9919,0.000003,1.0000
56,0.000072,1.0000,0.000004,1.0000
57,0.001060,0.9919,0.000003,1.0000
58,0.000432,1.0000,0.000003,1.0000
59,0.000381,1.0000,0.000003,1.0000
60,0.000539,1.0000,0.000003,1.0000
61,0.001458,0.9919,0.000005,1.0000
62,0.003937,0.9919,0.000001,1.0000
63,0.000088,1.0000,0.000001,1.0000
64,0.000147,1.0000,0.000001,1.0000
65,0.000032,1.0000,0.000001,1.0000
66,0.000802,1.0000,0.000007,1.0000
67,0.000072,1.0000,0.000017,1.0000
68,0.000675,1.0000,0.000008,1.0000
69,0.000773,1.0000,0.000001,1.0000
70,0.000093,1.0000,0.000001,1.0000
71,0.000394,1.0000,0.000001,1.0000
72,0.000041,1.0000,0.000001,1.0000
73,0.000020,1.0000,0.000001,1.0000
74,0.000128,1.0000,0.000001,1.0000
75,0.002427,0.9919,0.000003,1.0000
76,0.000035,1.0000,0.000005,1.0000
77,0.000681,1.0000,0.000004,1.0000
78,0.002024,0.9919,0.000019,1.0000
79,0.000578,1.0000,0.000001,1.0000
80,0.000019,1.0000,0.000000,1.0000
81,0.000032,1.0000,0.000000,1.0000
82,0.000135,1.0000,0.000000,1.0000
83,0.000081,1.0000,0.000000,1.0000
84,0.001735,0.9919,0.000000,1.0000
85,0.000033,1.0000,0.000002,1.0000
86,0.000025,1.0000,0.000003,1.0000
87,0.000012,1.0000,0.000002,1.0000
88,0.001925,0.9919,0.000002,1.0000
89,0.002013,0.9919,0.000002,1.0000
90,0.000537,1.0000,0.000005,1.0000
91,0.000034,1.0000,0.000004,1.0000
92,0.001410,1.0000,0.000001,1.0000
93,0.001261,1.0000,0.000000,1.0000
94,0.000023,1.0000,0.000000,1.0000
95,0.002471,0.9919,0.000000,1.0000
96,0.000029,1.0000,0.000001,1.0000
97,0.000047,1.0000,0.000001,1.0000
98,0.000269,1.0000,0.000001,1.0000
99,0.000018,1.0000,0.000001,1.0000
100,0.000019,1.0000,0.000001,1.0000
101,0.000534,1.0000,0.000001,1.0000
102,0.002106,0.9919,0.000001,1.0000
103,0.000762,1.0000,0.000001,1.0000
104,0.000021,1.0000,0.000001,1.0000
105,0.000060,1.0000,0.000001,1.0000
106,0.000016,1.0000,0.000001,1.0000
107,0.000022,1.0000,0.000001,1.0000
108,0.000021,1.0000,0.000001,1.0000
109,0.000010,1.0000,0.000001,1.0000
1,0.123092,0.5645,0.104547,0.7176
2,0.089542,0.7339,0.095361,0.7477
3,0.078775,0.7742,0.086985,0.7454
4,0.060899,0.8387,0.067080,0.8194
5,0.046263,0.8952,0.062055,0.8148
6,0.040406,0.8952,0.049927,0.8565
7,0.028092,0.9435,0.027490,0.9375
8,0.018507,0.9435,0.020011,0.9514
9,0.010412,0.9839,0.012959,0.9676
10,0.007768,0.9919,0.009770,0.9769
11,0.002984,1.0000,0.007195,0.9861
12,0.002720,0.9919,0.006429,0.9838
13,0.004100,1.0000,0.004486,0.9907
14,0.003023,1.0000,0.002930,0.9977
15,0.002606,1.0000,0.001331,1.0000
16,0.000728,1.0000,0.000597,1.0000
17,0.002033,0.9919,0.000820,1.0000
18,0.000712,1.0000,0.000635,1.0000
19,0.003294,0.9919,0.000110,1.0000
20,0.000299,1.0000,0.000102,1.0000
21,0.000144,1.0000,0.000104,1.0000
22,0.000391,1.0000,0.000154,1.0000
23,0.000722,1.0000,0.000482,1.0000
24,0.001832,0.9919,0.001092,1.0000
25,0.000165,1.0000,0.000777,1.0000
26,0.000179,1.0000,0.000355,1.0000
27,0.000130,1.0000,0.000369,1.0000
28,0.002056,0.9919,0.000982,1.0000
29,0.002247,0.9919,0.000798,1.0000
30,0.000300,1.0000,0.000021,1.0000
31,0.000068,1.0000,0.000019,1.0000
32,0.002460,0.9919,0.000249,1.0000
33,0.001470,0.9919,0.000740,1.0000
34,0.002738,0.9919,0.000151,1.0000
35,0.001132,1.0000,0.000019,1.0000
36,0.000514,1.0000,0.000047,1.0000
37,0.002300,1.0000,0.000014,1.0000
38,0.000488,1.0000,0.000008,1.0000
39,0.000056,1.0000,0.000007,1.0000
40,0.003214,0.9919,0.000012,1.0000
41,0.002887,0.9919,0.000043,1.0000
42,0.000079,1.0000,0.000044,1.0000
43,0.000016,1.0000,0.000028,1.0000
44,0.000115,1.0000,0.000019,1.0000
45,0.000318,1.0000,0.000003,1.0000
46,0.000380,1.0000,0.000002,1.0000
47,0.000136,1.0000,0.000003,1.0000
48,0.000095,1.0000,0.000004,1.0000
49,0.000039,1.0000,0.000005,1.0000
50,0.000139,1.0000,0.000018,1.0000
51,0.000019,1.0000,0.000041,1.0000
52,0.000779,1.0000,0.000004,1.0000
53,0.000122,1.0000,0.000002,1.0000
54,0.002771,0.9919,0.000002,1.0000
55,0.001427,0.9919,0.000003,1.0000
56,0.000072,1.0000,0.000004,1.0000
57,0.001060,0.9919,0.000003,1.0000
58,0.000432,1.0000,0.000003,1.0000
59,0.000381,1.0000,0.000003,1.0000
60,0.000539,1.0000,0.000003,1.0000
61,0.001458,0.9919,0.000005,1.0000
62,0.003937,0.9919,0.000001,1.0000
63,0.000088,1.0000,0.000001,1.0000
64,0.000147,1.0000,0.000001,1.0000
65,0.000032,1.0000,0.000001,1.0000
66,0.000802,1.0000,0.000007,1.0000
67,0.000072,1.0000,0.000017,1.0000
68,0.000675,1.0000,0.000008,1.0000
69,0.000773,1.0000,0.000001,1.0000
70,0.000093,1.0000,0.000001,1.0000
71,0.000394,1.0000,0.000001,1.0000
72,0.000041,1.0000,0.000001,1.0000
73,0.000020,1.0000,0.000001,1.0000
74,0.000128,1.0000,0.000001,1.0000
75,0.002427,0.9919,0.000003,1.0000
76,0.000035,1.0000,0.000005,1.0000
77,0.000681,1.0000,0.000004,1.0000
78,0.002024,0.9919,0.000019,1.0000
79,0.000578,1.0000,0.000001,1.0000
80,0.000019,1.0000,0.000000,1.0000
81,0.000032,1.0000,0.000000,1.0000
82,0.000135,1.0000,0.000000,1.0000
83,0.000081,1.0000,0.000000,1.0000
84,0.001735,0.9919,0.000000,1.0000
85,0.000033,1.0000,0.000002,1.0000
86,0.000025,1.0000,0.000003,1.0000
87,0.000012,1.0000,0.000002,1.0000
88,0.001925,0.9919,0.000002,1.0000
89,0.002013,0.9919,0.000002,1.0000
90,0.000537,1.0000,0.000005,1.0000
91,0.000034,1.0000,0.000004,1.0000
92,0.001410,1.0000,0.000001,1.0000
93,0.001261,1.0000,0.000000,1.0000
94,0.000023,1.0000,0.000000,1.0000
95,0.002471,0.9919,0.000000,1.0000
96,0.000029,1.0000,0.000001,1.0000
97,0.000047,1.0000,0.000001,1.0000
98,0.000269,1.0000,0.000001,1.0000
99,0.000018,1.0000,0.000001,1.0000
100,0.000019,1.0000,0.000001,1.0000
101,0.000534,1.0000,0.000001,1.0000
102,0.002106,0.9919,0.000001,1.0000
103,0.000762,1.0000,0.000001,1.0000
104,0.000021,1.0000,0.000001,1.0000
105,0.000060,1.0000,0.000001,1.0000
106,0.000016,1.0000,0.000001,1.0000
107,0.000022,1.0000,0.000001,1.0000
108,0.000021,1.0000,0.000001,1.0000
109,0.000010,1.0000,0.000001,1.0000
1,0.108148,0.6532,0.090831,0.7523
2,0.084451,0.7581,0.084685,0.7500
3,0.072557,0.7742,0.080230,0.7917
4,0.058600,0.8387,0.049226,0.8704
5,0.040801,0.9032,0.036411,0.9259
6,0.023290,0.9677,0.021819,0.9583
7,0.017098,0.9597,0.009950,0.9884
8,0.013057,0.9677,0.008759,0.9861
9,0.009022,0.9919,0.003293,1.0000
10,0.014171,0.9597,0.000985,1.0000
11,0.014468,0.9597,0.001993,1.0000
12,0.006924,0.9839,0.000524,1.0000
13,0.008975,0.9758,0.000407,1.0000
14,0.006831,0.9758,0.000293,1.0000
15,0.004304,0.9919,0.000212,1.0000
16,0.002875,1.0000,0.000257,1.0000
17,0.004600,0.9758,0.000254,1.0000
18,0.007975,0.9919,0.000479,1.0000
19,0.004485,0.9839,0.000283,1.0000
20,0.012237,0.9677,0.000162,1.0000
21,0.001824,0.9919,0.000121,1.0000
22,0.004549,0.9919,0.000079,1.0000
23,0.009965,0.9758,0.000058,1.0000
24,0.001462,1.0000,0.000060,1.0000
25,0.011832,0.9677,0.000057,1.0000
26,0.005873,0.9839,0.000071,1.0000
27,0.002724,1.0000,0.000070,1.0000
28,0.005480,0.9919,0.000107,1.0000
29,0.007222,0.9758,0.000150,1.0000
30,0.007564,0.9839,0.000079,1.0000
31,0.002891,0.9919,0.000090,1.0000
32,0.004927,0.9919,0.000066,1.0000
33,0.001307,1.0000,0.000041,1.0000
34,0.004184,0.9919,0.000047,1.0000
35,0.004462,0.9919,0.000032,1.0000
36,0.006332,0.9839,0.000030,1.0000
37,0.004326,0.9919,0.000047,1.0000
38,0.003142,0.9919,0.000083,1.0000
39,0.004711,0.9919,0.000032,1.0000
40,0.003158,0.9919,0.000032,1.0000
41,0.003302,0.9919,0.000020,1.0000
42,0.001594,1.0000,0.000017,1.0000
43,0.009995,0.9758,0.000020,1.0000
44,0.002987,0.9839,0.000018,1.0000
45,0.002206,0.9919,0.000020,1.0000
46,0.007867,0.9758,0.000027,1.0000
47,0.003753,0.9919,0.000022,1.0000
48,0.001444,1.0000,0.000015,1.0000
49,0.005203,0.9919,0.000017,1.0000
50,0.005436,0.9839,0.000020,1.0000
51,0.003167,0.9839,0.000013,1.0000
52,0.000869,1.0000,0.000013,1.0000
53,0.003356,0.9919,0.000013,1.0000
54,0.004567,0.9919,0.000011,1.0000
55,0.004180,0.9839,0.000012,1.0000
56,0.005252,0.9839,0.000013,1.0000
57,0.001746,1.0000,0.000022,1.0000
58,0.004253,0.9919,0.000015,1.0000
59,0.003256,0.9919,0.000012,1.0000
60,0.008304,0.9758,0.000010,1.0000
61,0.002917,0.9919,0.000011,1.0000
62,0.006237,0.9919,0.000010,1.0000
63,0.005451,0.9839,0.000010,1.0000
64,0.010668,0.9758,0.000036,1.0000
65,0.004619,0.9919,0.000032,1.0000
66,0.008124,0.9758,0.000013,1.0000
67,0.005672,0.9839,0.000008,1.0000
68,0.001649,0.9919,0.000010,1.0000
69,0.001398,1.0000,0.000007,1.0000
70,0.003748,0.9839,0.000008,1.0000
71,0.004036,0.9919,0.000008,1.0000
72,0.001150,0.9919,0.000009,1.0000
73,0.002009,0.9919,0.000007,1.0000
74,0.005026,0.9839,0.000007,1.0000
75,0.005665,0.9839,0.000008,1.0000
76,0.005148,0.9919,0.000008,1.0000
77,0.007268,0.9839,0.000072,1.0000
78,0.004171,0.9839,0.000113,1.0000
79,0.006285,0.9839,0.000011,1.0000
80,0.001041,1.0000,0.000009,1.0000
81,0.007294,0.9839,0.000014,1.0000
82,0.000914,1.0000,0.000018,1.0000
83,0.003782,0.9919,0.000012,1.0000
84,0.006216,0.9839,0.000008,1.0000
85,0.002189,0.9919,0.000012,1.0000
86,0.004384,0.9919,0.000041,1.0000
87,0.008172,0.9839,0.000009,1.0000
88,0.007262,0.9677,0.000008,1.0000
89,0.000431,1.0000,0.000008,1.0000
90,0.004741,0.9839,0.000007,1.0000
91,0.000547,1.0000,0.000007,1.0000
92,0.000270,1.0000,0.000007,1.0000
93,0.006351,0.9758,0.000007,1.0000
94,0.005902,0.9839,0.000009,1.0000
95,0.001595,1.0000,0.000007,1.0000
96,0.006789,0.9758,0.000009,1.0000
97,0.012389,0.9677,0.000016,1.0000
98,0.001159,1.0000,0.000012,1.0000
99,0.003312,0.9919,0.000016,1.0000
100,0.004611,0.9839,0.000020,1.0000
101,0.005653,0.9839,0.000015,1.0000
102,0.000441,1.0000,0.000011,1.0000
103,0.001089,1.0000,0.000008,1.0000
104,0.003652,0.9919,0.000007,1.0000
105,0.004613,0.9919,0.000008,1.0000
106,0.011592,0.9677,0.000013,1.0000
107,0.011551,0.9677,0.000009,1.0000
108,0.001756,0.9919,0.000010,1.0000
109,0.006657,0.9839,0.000014,1.0000
110,0.003076,0.9919,0.000009,1.0000
111,0.000725,1.0000,0.000008,1.0000
112,0.002739,0.9919,0.000017,1.0000
113,0.003726,0.9839,0.000053,1.0000
114,0.009801,0.9677,0.000021,1.0000
115,0.001330,1.0000,0.000053,1.0000
116,0.002316,0.9919,0.000061,1.0000
117,0.000273,1.0000,0.000043,1.0000
118,0.004693,0.9919,0.000032,1.0000
119,0.001788,1.0000,0.000031,1.0000
120,0.004576,0.9919,0.000080,1.0000
121,0.005900,0.9839,0.000130,1.0000
1,0.108148,0.6532,0.090831,0.7523
2,0.084451,0.7581,0.084685,0.7500
3,0.072557,0.7742,0.080230,0.7917
4,0.058600,0.8387,0.049226,0.8704
5,0.040801,0.9032,0.036411,0.9259
6,0.023290,0.9677,0.021819,0.9583
7,0.017098,0.9597,0.009950,0.9884
8,0.013057,0.9677,0.008759,0.9861
9,0.009022,0.9919,0.003293,1.0000
10,0.014171,0.9597,0.000985,1.0000
11,0.014468,0.9597,0.001993,1.0000
12,0.006924,0.9839,0.000524,1.0000
13,0.008975,0.9758,0.000407,1.0000
14,0.006831,0.9758,0.000293,1.0000
15,0.004304,0.9919,0.000212,1.0000
16,0.002875,1.0000,0.000257,1.0000
17,0.004600,0.9758,0.000254,1.0000
18,0.007975,0.9919,0.000479,1.0000
19,0.004485,0.9839,0.000283,1.0000
20,0.012237,0.9677,0.000162,1.0000
21,0.001824,0.9919,0.000121,1.0000
22,0.004549,0.9919,0.000079,1.0000
23,0.009965,0.9758,0.000058,1.0000
24,0.001462,1.0000,0.000060,1.0000
25,0.011832,0.9677,0.000057,1.0000
26,0.005873,0.9839,0.000071,1.0000
27,0.002724,1.0000,0.000070,1.0000
28,0.005480,0.9919,0.000107,1.0000
29,0.007222,0.9758,0.000150,1.0000
30,0.007564,0.9839,0.000079,1.0000
31,0.002891,0.9919,0.000090,1.0000
32,0.004927,0.9919,0.000066,1.0000
33,0.001307,1.0000,0.000041,1.0000
34,0.004184,0.9919,0.000047,1.0000
35,0.004462,0.9919,0.000032,1.0000
36,0.006332,0.9839,0.000030,1.0000
37,0.004326,0.9919,0.000047,1.0000
38,0.003142,0.9919,0.000083,1.0000
39,0.004711,0.9919,0.000032,1.0000
40,0.003158,0.9919,0.000032,1.0000
41,0.003302,0.9919,0.000020,1.0000
42,0.001594,1.0000,0.000017,1.0000
43,0.009995,0.9758,0.000020,1.0000
44,0.002987,0.9839,0.000018,1.0000
45,0.002206,0.9919,0.000020,1.0000
46,0.007867,0.9758,0.000027,1.0000
47,0.003753,0.9919,0.000022,1.0000
48,0.001444,1.0000,0.000015,1.0000
49,0.005203,0.9919,0.000017,1.0000
50,0.005436,0.9839,0.000020,1.0000
51,0.003167,0.9839,0.000013,1.0000
52,0.000869,1.0000,0.000013,1.0000
53,0.003356,0.9919,0.000013,1.0000
54,0.004567,0.9919,0.000011,1.0000
55,0.004180,0.9839,0.000012,1.0000
56,0.005252,0.9839,0.000013,1.0000
57,0.001746,1.0000,0.000022,1.0000
58,0.004253,0.9919,0.000015,1.0000
59,0.003256,0.9919,0.000012,1.0000
60,0.008304,0.9758,0.000010,1.0000
61,0.002917,0.9919,0.000011,1.0000
62,0.006237,0.9919,0.000010,1.0000
63,0.005451,0.9839,0.000010,1.0000
64,0.010668,0.9758,0.000036,1.0000
65,0.004619,0.9919,0.000032,1.0000
66,0.008124,0.9758,0.000013,1.0000
67,0.005672,0.9839,0.000008,1.0000
68,0.001649,0.9919,0.000010,1.0000
69,0.001398,1.0000,0.000007,1.0000
70,0.003748,0.9839,0.000008,1.0000
71,0.004036,0.9919,0.000008,1.0000
72,0.001150,0.9919,0.000009,1.0000
73,0.002009,0.9919,0.000007,1.0000
74,0.005026,0.9839,0.000007,1.0000
75,0.005665,0.9839,0.000008,1.0000
76,0.005148,0.9919,0.000008,1.0000
77,0.007268,0.9839,0.000072,1.0000
78,0.004171,0.9839,0.000113,1.0000
79,0.006285,0.9839,0.000011,1.0000
80,0.001041,1.0000,0.000009,1.0000
81,0.007294,0.9839,0.000014,1.0000
82,0.000914,1.0000,0.000018,1.0000
83,0.003782,0.9919,0.000012,1.0000
84,0.006216,0.9839,0.000008,1.0000
85,0.002189,0.9919,0.000012,1.0000
86,0.004384,0.9919,0.000041,1.0000
87,0.008172,0.9839,0.000009,1.0000
88,0.007262,0.9677,0.000008,1.0000
89,0.000431,1.0000,0.000008,1.0000
90,0.004741,0.9839,0.000007,1.0000
91,0.000547,1.0000,0.000007,1.0000
92,0.000270,1.0000,0.000007,1.0000
93,0.006351,0.9758,0.000007,1.0000
94,0.005902,0.9839,0.000009,1.0000
95,0.001595,1.0000,0.000007,1.0000
96,0.006789,0.9758,0.000009,1.0000
97,0.012389,0.9677,0.000016,1.0000
98,0.001159,1.0000,0.000012,1.0000
99,0.003312,0.9919,0.000016,1.0000
100,0.004611,0.9839,0.000020,1.0000
101,0.005653,0.9839,0.000015,1.0000
102,0.000441,1.0000,0.000011,1.0000
103,0.001089,1.0000,0.000008,1.0000
104,0.003652,0.9919,0.000007,1.0000
105,0.004613,0.9919,0.000008,1.0000
106,0.011592,0.9677,0.000013,1.0000
107,0.011551,0.9677,0.000009,1.0000
108,0.001756,0.9919,0.000010,1.0000
109,0.006657,0.9839,0.000014,1.0000
110,0.003076,0.9919,0.000009,1.0000
111,0.000725,1.0000,0.000008,1.0000
112,0.002739,0.9919,0.000017,1.0000
113,0.003726,0.9839,0.000053,1.0000
114,0.009801,0.9677,0.000021,1.0000
115,0.001330,1.0000,0.000053,1.0000
116,0.002316,0.9919,0.000061,1.0000
117,0.000273,1.0000,0.000043,1.0000
118,0.004693,0.9919,0.000032,1.0000
119,0.001788,1.0000,0.000031,1.0000
120,0.004576,0.9919,0.000080,1.0000
121,0.005900,0.9839,0.000130,1.0000
1,0.108148,0.6532,0.090831,0.7523
2,0.084451,0.7581,0.084685,0.7500
3,0.072557,0.7742,0.080230,0.7917
4,0.058600,0.8387,0.049226,0.8704
5,0.040801,0.9032,0.036411,0.9259
6,0.023290,0.9677,0.021819,0.9583
7,0.017098,0.9597,0.009950,0.9884
8,0.013057,0.9677,0.008759,0.9861
9,0.009022,0.9919,0.003293,1.0000
10,0.014171,0.9597,0.000985,1.0000
11,0.014468,0.9597,0.001993,1.0000
12,0.006924,0.9839,0.000524,1.0000
13,0.008975,0.9758,0.000407,1.0000
14,0.006831,0.9758,0.000293,1.0000
15,0.004304,0.9919,0.000212,1.0000
16,0.002875,1.0000,0.000257,1.0000
17,0.004600,0.9758,0.000254,1.0000
18,0.007975,0.9919,0.000479,1.0000
19,0.004485,0.9839,0.000283,1.0000
20,0.012237,0.9677,0.000162,1.0000
21,0.001824,0.9919,0.000121,1.0000
22,0.004549,0.9919,0.000079,1.0000
23,0.009965,0.9758,0.000058,1.0000
24,0.001462,1.0000,0.000060,1.0000
25,0.011832,0.9677,0.000057,1.0000
26,0.005873,0.9839,0.000071,1.0000
27,0.002724,1.0000,0.000070,1.0000
28,0.005480,0.9919,0.000107,1.0000
29,0.007222,0.9758,0.000150,1.0000
30,0.007564,0.9839,0.000079,1.0000
31,0.002891,0.9919,0.000090,1.0000
32,0.004927,0.9919,0.000066,1.0000
33,0.001307,1.0000,0.000041,1.0000
34,0.004184,0.9919,0.000047,1.0000
35,0.004462,0.9919,0.000032,1.0000
36,0.006332,0.9839,0.000030,1.0000
37,0.004326,0.9919,0.000047,1.0000
38,0.003142,0.9919,0.000083,1.0000
39,0.004711,0.9919,0.000032,1.0000
40,0.003158,0.9919,0.000032,1.0000
41,0.003302,0.9919,0.000020,1.0000
42,0.001594,1.0000,0.000017,1.0000
43,0.009995,0.9758,0.000020,1.0000
44,0.002987,0.9839,0.000018,1.0000
45,0.002206,0.9919,0.000020,1.0000
46,0.007867,0.9758,0.000027,1.0000
47,0.003753,0.9919,0.000022,1.0000
48,0.001444,1.0000,0.000015,1.0000
49,0.005203,0.9919,0.000017,1.0000
50,0.005436,0.9839,0.000020,1.0000
51,0.003167,0.9839,0.000013,1.0000
52,0.000869,1.0000,0.000013,1.0000
53,0.003356,0.9919,0.000013,1.0000
54,0.004567,0.9919,0.000011,1.0000
55,0.004180,0.9839,0.000012,1.0000
56,0.005252,0.9839,0.000013,1.0000
57,0.001746,1.0000,0.000022,1.0000
58,0.004253,0.9919,0.000015,1.0000
59,0.003256,0.9919,0.000012,1.0000
60,0.008304,0.9758,0.000010,1.0000
61,0.002917,0.9919,0.000011,1.0000
62,0.006237,0.9919,0.000010,1.0000
63,0.005451,0.9839,0.000010,1.0000
64,0.010668,0.9758,0.000036,1.0000
65,0.004619,0.9919,0.000032,1.0000
66,0.008124,0.9758,0.000013,1.0000
67,0.005672,0.9839,0.000008,1.0000
68,0.001649,0.9919,0.000010,1.0000
69,0.001398,1.0000,0.000007,1.0000
70,0.003748,0.9839,0.000008,1.0000
71,0.004036,0.9919,0.000008,1.0000
72,0.001150,0.9919,0.000009,1.0000
73,0.002009,0.9919,0.000007,1.0000
74,0.005026,0.9839,0.000007,1.0000
75,0.005665,0.9839,0.000008,1.0000
76,0.005148,0.9919,0.000008,1.0000
77,0.007268,0.9839,0.000072,1.0000
78,0.004171,0.9839,0.000113,1.0000
79,0.006285,0.9839,0.000011,1.0000
80,0.001041,1.0000,0.000009,1.0000
81,0.007294,0.9839,0.000014,1.0000
82,0.000914,1.0000,0.000018,1.0000
83,0.003782,0.9919,0.000012,1.0000
84,0.006216,0.9839,0.000008,1.0000
85,0.002189,0.9919,0.000012,1.0000
86,0.004384,0.9919,0.000041,1.0000
87,0.008172,0.9839,0.000009,1.0000
88,0.007262,0.9677,0.000008,1.0000
89,0.000431,1.0000,0.000008,1.0000
90,0.004741,0.9839,0.000007,1.0000
91,0.000547,1.0000,0.000007,1.0000
92,0.000270,1.0000,0.000007,1.0000
93,0.006351,0.9758,0.000007,1.0000
94,0.005902,0.9839,0.000009,1.0000
95,0.001595,1.0000,0.000007,1.0000
96,0.006789,0.9758,0.000009,1.0000
97,0.012389,0.9677,0.000016,1.0000
98,0.001159,1.0000,0.000012,1.0000
99,0.003312,0.9919,0.000016,1.0000
100,0.004611,0.9839,0.000020,1.0000
101,0.005653,0.9839,0.000015,1.0000
102,0.000441,1.0000,0.000011,1.0000
103,0.001089,1.0000,0.000008,1.0000
104,0.003652,0.9919,0.000007,1.0000
105,0.004613,0.9919,0.000008,1.0000
106,0.011592,0.9677,0.000013,1.0000
107,0.011551,0.9677,0.000009,1.0000
108,0.001756,0.9919,0.000010,1.0000
109,0.006657,0.9839,0.000014,1.0000
110,0.003076,0.9919,0.000009,1.0000
111,0.000725,1.0000,0.000008,1.0000
112,0.002739,0.9919,0.000017,1.0000
113,0.003726,0.9839,0.000053,1.0000
114,0.009801,0.9677,0.000021,1.0000
115,0.001330,1.0000,0.000053,1.0000
116,0.002316,0.9919,0.000061,1.0000
117,0.000273,1.0000,0.000043,1.0000
118,0.004693,0.9919,0.000032,1.0000
119,0.001788,1.0000,0.000031,1.0000
120,0.004576,0.9919,0.000080,1.0000
121,0.005900,0.9839,0.000130,1.0000
1,0.108148,0.6532,0.090831,0.7523
2,0.084451,0.7581,0.084685,0.7500
3,0.072557,0.7742,0.080230,0.7917
4,0.058600,0.8387,0.049226,0.8704
5,0.040801,0.9032,0.036411,0.9259
6,0.023290,0.9677,0.021819,0.9583
7,0.017098,0.9597,0.009950,0.9884
8,0.013057,0.9677,0.008759,0.9861
9,0.009022,0.9919,0.003293,1.0000
10,0.014171,0.9597,0.000985,1.0000
11,0.014468,0.9597,0.001993,1.0000
12,0.006924,0.9839,0.000524,1.0000
13,0.008975,0.9758,0.000407,1.0000
14,0.006831,0.9758,0.000293,1.0000
15,0.004304,0.9919,0.000212,1.0000
16,0.002875,1.0000,0.000257,1.0000
17,0.004600,0.9758,0.000254,1.0000
18,0.007975,0.9919,0.000479,1.0000
19,0.004485,0.9839,0.000283,1.0000
20,0.012237,0.9677,0.000162,1.0000
21,0.001824,0.9919,0.000121,1.0000
22,0.004549,0.9919,0.000079,1.0000
23,0.009965,0.9758,0.000058,1.0000
24,0.001462,1.0000,0.000060,1.0000
25,0.011832,0.9677,0.000057,1.0000
26,0.005873,0.9839,0.000071,1.0000
27,0.002724,1.0000,0.000070,1.0000
28,0.005480,0.9919,0.000107,1.0000
29,0.007222,0.9758,0.000150,1.0000
30,0.007564,0.9839,0.000079,1.0000
31,0.002891,0.9919,0.000090,1.0000
32,0.004927,0.9919,0.000066,1.0000
33,0.001307,1.0000,0.000041,1.0000
34,0.004184,0.9919,0.000047,1.0000
35,0.004462,0.9919,0.000032,1.0000
36,0.006332,0.9839,0.000030,1.0000
37,0.004326,0.9919,0.000047,1.0000
38,0.003142,0.9919,0.000083,1.0000
39,0.004711,0.9919,0.000032,1.0000
40,0.003158,0.9919,0.000032,1.0000
41,0.003302,0.9919,0.000020,1.0000
42,0.001594,1.0000,0.000017,1.0000
43,0.009995,0.9758,0.000020,1.0000
44,0.002987,0.9839,0.000018,1.0000
45,0.002206,0.9919,0.000020,1.0000
46,0.007867,0.9758,0.000027,1.0000
47,0.003753,0.9919,0.000022,1.0000
48,0.001444,1.0000,0.000015,1.0000
49,0.005203,0.9919,0.000017,1.0000
50,0.005436,0.9839,0.000020,1.0000
51,0.003167,0.9839,0.000013,1.0000
52,0.000869,1.0000,0.000013,1.0000
53,0.003356,0.9919,0.000013,1.0000
54,0.004567,0.9919,0.000011,1.0000
55,0.004180,0.9839,0.000012,1.0000
56,0.005252,0.9839,0.000013,1.0000
57,0.001746,1.0000,0.000022,1.0000
58,0.004253,0.9919,0.000015,1.0000
59,0.003256,0.9919,0.000012,1.0000
60,0.008304,0.9758,0.000010,1.0000
61,0.002917,0.9919,0.000011,1.0000
62,0.006237,0.9919,0.000010,1.0000
63,0.005451,0.9839,0.000010,1.0000
64,0.010668,0.9758,0.000036,1.0000
65,0.004619,0.9919,0.000032,1.0000
66,0.008124,0.9758,0.000013,1.0000
67,0.005672,0.9839,0.000008,1.0000
68,0.001649,0.9919,0.000010,1.0000
69,0.001398,1.0000,0.000007,1.0000
70,0.003748,0.9839,0.000008,1.0000
71,0.004036,0.9919,0.000008,1.0000
72,0.001150,0.9919,0.000009,1.0000
73,0.002009,0.9919,0.000007,1.0000
74,0.005026,0.9839,0.000007,1.0000
75,0.005665,0.9839,0.000008,1.0000
76,0.005148,0.9919,0.000008,1.0000
77,0.007268,0.9839,0.000072,1.0000
78,0.004171,0.9839,0.000113,1.0000
79,0.006285,0.9839,0.000011,1.0000
80,0.001041,1.0000,0.000009,1.0000
81,0.007294,0.9839,0.000014,1.0000
82,0.000914,1.0000,0.000018,1.0000
83,0.003782,0.9919,0.000012,1.0000
84,0.006216,0.9839,0.000008,1.0000
85,0.002189,0.9919,0.000012,1.0000
86,0.004384,0.9919,0.000041,1.0000
87,0.008172,0.9839,0.000009,1.0000
88,0.007262,0.9677,0.000008,1.0000
89,0.000431,1.0000,0.000008,1.0000
90,0.004741,0.9839,0.000007,1.0000
91,0.000547,1.0000,0.000007,1.0000
92,0.000270,1.0000,0.000007,1.0000
93,0.006351,0.9758,0.000007,1.0000
94,0.005902,0.9839,0.000009,1.0000
95,0.001595,1.0000,0.000007,1.0000
96,0.006789,0.9758,0.000009,1.0000
97,0.012389,0.9677,0.000016,1.0000
98,0.001159,1.0000,0.000012,1.0000
99,0.003312,0.9919,0.000016,1.0000
100,0.004611,0.9839,0.000020,1.0000
101,0.005653,0.9839,0.000015,1.0000
102,0.000441,1.0000,0.000011,1.0000
103,0.001089,1.0000,0.000008,1.0000
104,0.003652,0.9919,0.000007,1.0000
105,0.004613,0.9919,0.000008,1.0000
106,0.011592,0.9677,0.000013,1.0000
107,0.011551,0.9677,0.000009,1.0000
108,0.001756,0.9919,0.000010,1.0000
109,0.006657,0.9839,0.000014,1.0000
110,0.003076,0.9919,0.000009,1.0000
111,0.000725,1.0000,0.000008,1.0000
112,0.002739,0.9919,0.000017,1.0000
113,0.003726,0.9839,0.000053,1.0000
114,0.009801,0.9677,0.000021,1.0000
115,0.001330,1.0000,0.000053,1.0000
116,0.002316,0.9919,0.000061,1.0000
117,0.000273,1.0000,0.000043,1.0000
118,0.004693,0.9919,0.000032,1.0000
119,0.001788,1.0000,0.000031,1.0000
120,0.004576,0.9919,0.000080,1.0000
121,0.005900,0.9839,0.000130,1.0000
1,0.108148,0.6532,0.090831,0.7523
2,0.084451,0.7581,0.084685,0.7500
3,0.072557,0.7742,0.080230,0.7917
4,0.058600,0.8387,0.049226,0.8704
5,0.040801,0.9032,0.036411,0.9259
6,0.023290,0.9677,0.021819,0.9583
7,0.017098,0.9597,0.009950,0.9884
8,0.013057,0.9677,0.008759,0.9861
9,0.009022,0.9919,0.003293,1.0000
10,0.014171,0.9597,0.000985,1.0000
11,0.014468,0.9597,0.001993,1.0000
12,0.006924,0.9839,0.000524,1.0000
13,0.008975,0.9758,0.000407,1.0000
14,0.006831,0.9758,0.000293,1.0000
15,0.004304,0.9919,0.000212,1.0000
16,0.002875,1.0000,0.000257,1.0000
17,0.004600,0.9758,0.000254,1.0000
18,0.007975,0.9919,0.000479,1.0000
19,0.004485,0.9839,0.000283,1.0000
20,0.012237,0.9677,0.000162,1.0000
21,0.001824,0.9919,0.000121,1.0000
22,0.004549,0.9919,0.000079,1.0000
23,0.009965,0.9758,0.000058,1.0000
24,0.001462,1.0000,0.000060,1.0000
25,0.011832,0.9677,0.000057,1.0000
26,0.005873,0.9839,0.000071,1.0000
27,0.002724,1.0000,0.000070,1.0000
28,0.005480,0.9919,0.000107,1.0000
29,0.007222,0.9758,0.000150,1.0000
30,0.007564,0.9839,0.000079,1.0000
31,0.002891,0.9919,0.000090,1.0000
32,0.004927,0.9919,0.000066,1.0000
33,0.001307,1.0000,0.000041,1.0000
34,0.004184,0.9919,0.000047,1.0000
35,0.004462,0.9919,0.000032,1.0000
36,0.006332,0.9839,0.000030,1.0000
37,0.004326,0.9919,0.000047,1.0000
38,0.003142,0.9919,0.000083,1.0000
39,0.004711,0.9919,0.000032,1.0000
40,0.003158,0.9919,0.000032,1.0000
41,0.003302,0.9919,0.000020,1.0000
42,0.001594,1.0000,0.000017,1.0000
43,0.009995,0.9758,0.000020,1.0000
44,0.002987,0.9839,0.000018,1.0000
45,0.002206,0.9919,0.000020,1.0000
46,0.007867,0.9758,0.000027,1.0000
47,0.003753,0.9919,0.000022,1.0000
48,0.001444,1.0000,0.000015,1.0000
49,0.005203,0.9919,0.000017,1.0000
50,0.005436,0.9839,0.000020,1.0000
51,0.003167,0.9839,0.000013,1.0000
52,0.000869,1.0000,0.000013,1.0000
53,0.003356,0.9919,0.000013,1.0000
54,0.004567,0.9919,0.000011,1.0000
55,0.004180,0.9839,0.000012,1.0000
56,0.005252,0.9839,0.000013,1.0000
57,0.001746,1.0000,0.000022,1.0000
58,0.004253,0.9919,0.000015,1.0000
59,0.003256,0.9919,0.000012,1.0000
60,0.008304,0.9758,0.000010,1.0000
61,0.002917,0.9919,0.000011,1.0000
62,0.006237,0.9919,0.000010,1.0000
63,0.005451,0.9839,0.000010,1.0000
64,0.010668,0.9758,0.000036,1.0000
65,0.004619,0.9919,0.000032,1.0000
66,0.008124,0.9758,0.000013,1.0000
67,0.005672,0.9839,0.000008,1.0000
68,0.001649,0.9919,0.000010,1.0000
69,0.001398,1.0000,0.000007,1.0000
70,0.003748,0.9839,0.000008,1.0000
71,0.004036,0.9919,0.000008,1.0000
72,0.001150,0.9919,0.000009,1.0000
73,0.002009,0.9919,0.000007,1.0000
74,0.005026,0.9839,0.000007,1.0000
75,0.005665,0.9839,0.000008,1.0000
76,0.005148,0.9919,0.000008,1.0000
77,0.007268,0.9839,0.000072,1.0000
78,0.004171,0.9839,0.000113,1.0000
79,0.006285,0.9839,0.000011,1.0000
80,0.001041,1.0000,0.000009,1.0000
81,0.007294,0.9839,0.000014,1.0000
82,0.000914,1.0000,0.000018,1.0000
83,0.003782,0.9919,0.000012,1.0000
84,0.006216,0.9839,0.000008,1.0000
85,0.002189,0.9919,0.000012,1.0000
86,0.004384,0.9919,0.000041,1.0000
87,0.008172,0.9839,0.000009,1.0000
88,0.007262,0.9677,0.000008,1.0000
89,0.000431,1.0000,0.000008,1.0000
90,0.004741,0.9839,0.000007,1.0000
91,0.000547,1.0000,0.000007,1.0000
92,0.000270,1.0000,0.000007,1.0000
93,0.006351,0.9758,0.000007,1.0000
94,0.005902,0.9839,0.000009,1.0000
95,0.001595,1.0000,0.000007,1.0000
96,0.006789,0.9758,0.000009,1.0000
97,0.012389,0.9677,0.000016,1.0000
98,0.001159,1.0000,0.000012,1.0000
99,0.003312,0.9919,0.000016,1.0000
100,0.004611,0.9839,0.000020,1.0000
101,0.005653,0.9839,0.000015,1.0000
102,0.000441,1.0000,0.000011,1.0000
103,0.001089,1.0000,0.000008,1.0000
104,0.003652,0.9919,0.000007,1.0000
105,0.004613,0.9919,0.000008,1.0000
106,0.011592,0.9677,0.000013,1.0000
107,0.011551,0.9677,0.000009,1.0000
108,0.001756,0.9919,0.000010,1.0000
109,0.006657,0.9839,0.000014,1.0000
110,0.003076,0.9919,0.000009,1.0000
111,0.000725,1.0000,0.000008,1.0000
112,0.002739,0.9919,0.000017,1.0000
113,0.003726,0.9839,0.000053,1.0000
114,0.009801,0.9677,0.000021,1.0000
115,0.001330,1.0000,0.000053,1.0000
116,0.002316,0.9919,0.000061,1.0000
117,0.000273,1.0000,0.000043,1.0000
118,0.004693,0.9919,0.000032,1.0000
119,0.001788,1.0000,0.000031,1.0000
120,0.004576,0.9919,0.000080,1.0000
121,0.005900,0.9839,0.000130,1.0000
1,0.630742,0.6774,0.502464,0.7384
2,0.525065,0.7500,0.521133,0.7523
3,0.444693,0.7823,0.575425,0.8148
4,0.367549,0.8145,0.295224,0.8958
5,0.277318,0.9194,0.215693,0.9144
6,0.226446,0.9032,0.157796,0.9537
7,0.164490,0.9355,0.079723,0.9884
8,0.113253,0.9758,0.057171,1.0000
9,0.088628,0.9516,0.041254,1.0000
10,0.086222,0.9516,0.022310,1.0000
11,0.081739,0.9758,0.019368,1.0000
12,0.069211,0.9919,0.015353,1.0000
13,0.048547,0.9839,0.010972,1.0000
14,0.051932,0.9758,0.006417,1.0000
15,0.025049,1.0000,0.006395,1.0000
16,0.036890,0.9919,0.005086,1.0000
17,0.014938,1.0000,0.005939,1.0000
18,0.037354,0.9839,0.005029,1.0000
19,0.038166,0.9919,0.003487,1.0000
20,0.039783,0.9839,0.002734,1.0000
21,0.011949,1.0000,0.003337,1.0000
22,0.042214,0.9758,0.003384,1.0000
23,0.050168,0.9758,0.007131,1.0000
24,0.036225,0.9919,0.002511,1.0000
25,0.070174,0.9919,0.032543,0.9907
26,0.026935,1.0000,0.003739,1.0000
27,0.032242,0.9919,0.004742,1.0000
28,0.054382,0.9839,0.003949,1.0000
29,0.011596,1.0000,0.003125,1.0000
30,0.030418,0.9919,0.002604,1.0000
31,0.022298,0.9919,0.001624,1.0000
32,0.036009,0.9839,0.001132,1.0000
33,0.009135,1.0000,0.001434,1.0000
34,0.011608,1.0000,0.001123,1.0000
35,0.057930,0.9839,0.001372,1.0000
36,0.019861,0.9919,0.000842,1.0000
37,0.015101,0.9919,0.003012,1.0000
38,0.054097,0.9919,0.001101,1.0000
39,0.011404,0.9919,0.001057,1.0000
40,0.014186,0.9919,0.000888,1.0000
41,0.019765,0.9919,0.000649,1.0000
42,0.002877,1.0000,0.000663,1.0000
43,0.081414,0.9677,0.000727,1.0000
44,0.023102,0.9919,0.000738,1.0000
45,0.080802,0.9758,0.000914,1.0000
46,0.032064,0.9919,0.001078,1.0000
47,0.031271,0.9839,0.000546,1.0000
48,0.018175,0.9919,0.000495,1.0000
49,0.013680,0.9919,0.000502,1.0000
50,0.023318,0.9839,0.000488,1.0000
51,0.010113,0.9919,0.000494,1.0000
52,0.019559,0.9919,0.000561,1.0000
53,0.014100,0.9919,0.000637,1.0000
54,0.028477,0.9919,0.000549,1.0000
55,0.022895,0.9919,0.000706,1.0000
56,0.021158,0.9919,0.000789,1.0000
57,0.036875,0.9839,0.000592,1.0000
58,0.033436,0.9839,0.000692,1.0000
59,0.016714,1.0000,0.000826,1.0000
60,0.025114,0.9839,0.000482,1.0000
61,0.012482,0.9919,0.000479,1.0000
62,0.010038,1.0000,0.000438,1.0000
63,0.008965,1.0000,0.000471,1.0000
64,0.022964,0.9919,0.000585,1.0000
65,0.006711,1.0000,0.000558,1.0000
66,0.013995,0.9919,0.000407,1.0000
67,0.016092,0.9919,0.000370,1.0000
68,0.005940,1.0000,0.000361,1.0000
69,0.010381,1.0000,0.000341,1.0000
70,0.002354,1.0000,0.000329,1.0000
71,0.026179,0.9758,0.000339,1.0000
72,0.011412,0.9919,0.000304,1.0000
73,0.002141,1.0000,0.000286,1.0000
74,0.026103,0.9839,0.000244,1.0000
75,0.050189,0.9839,0.000349,1.0000
76,0.024436,0.9919,0.000490,1.0000
77,0.023305,0.9919,0.000559,1.0000
78,0.005368,1.0000,0.000444,1.0000
79,0.035657,0.9839,0.000477,1.0000
80,0.008912,1.0000,0.000452,1.0000
81,0.017076,0.9919,0.000483,1.0000
82,0.040224,0.9839,0.000519,1.0000
83,0.026562,0.9919,0.000527,1.0000
84,0.032200,0.9839,0.000404,1.0000
85,0.003832,1.0000,0.000431,1.0000
86,0.016663,0.9919,0.000448,1.0000
87,0.043151,0.9677,0.000257,1.0000
88,0.021051,0.9919,0.000259,1.0000
89,0.012218,1.0000,0.000312,1.0000
90,0.008229,1.0000,0.000335,1.0000
91,0.013969,1.0000,0.000302,1.0000
92,0.028614,0.9919,0.000345,1.0000
93,0.009650,1.0000,0.000357,1.0000
94,0.045960,0.9839,0.000260,1.0000
95,0.017940,0.9919,0.000240,1.0000
96,0.066846,0.9758,0.000244,1.0000
97,0.070603,0.9758,0.000265,1.0000
98,0.002415,1.0000,0.000256,1.0000
99,0.008594,0.9919,0.000266,1.0000
100,0.009435,1.0000,0.000263,1.0000
101,0.016300,0.9839,0.000258,1.0000
102,0.006289,1.0000,0.000239,1.0000
103,0.005778,1.0000,0.000239,1.0000
104,0.017715,0.9919,0.000229,1.0000
105,0.009437,0.9919,0.000243,1.0000
106,0.064960,0.9758,0.000265,1.0000
107,0.035033,0.9839,0.000366,1.0000
108,0.008460,0.9919,0.000401,1.0000
109,0.010965,0.9919,0.000429,1.0000
110,0.006760,1.0000,0.000370,1.0000
111,0.034434,0.9919,0.000352,1.0000
112,0.005883,1.0000,0.000311,1.0000
113,0.012016,0.9919,0.000326,1.0000
114,0.011328,1.0000,0.000367,1.0000
115,0.023912,0.9919,0.000315,1.0000
116,0.001474,1.0000,0.000296,1.0000
117,0.002300,1.0000,0.000283,1.0000
118,0.017598,0.9919,0.000235,1.0000
119,0.012574,0.9919,0.000214,1.0000
120,0.020131,0.9919,0.000211,1.0000
121,0.021692,0.9919,0.000216,1.0000
122,0.009985,0.9919,0.000234,1.0000
123,0.004076,1.0000,0.000232,1.0000
124,0.005211,1.0000,0.000224,1.0000
125,0.013373,0.9919,0.000200,1.0000
126,0.011704,0.9919,0.000205,1.0000
127,0.027365,0.9839,0.000211,1.0000
128,0.014713,0.9919,0.000231,1.0000
129,0.041345,0.9839,0.000275,1.0000
130,0.059751,0.9758,0.000218,1.0000
131,0.012828,0.9919,0.000197,1.0000
132,0.010020,1.0000,0.000195,1.0000
133,0.014462,0.9919,0.000200,1.0000
134,0.011086,0.9919,0.000204,1.0000
135,0.043670,0.9919,0.000236,1.0000
136,0.020645,0.9919,0.000247,1.0000
137,0.003972,1.0000,0.000219,1.0000
138,0.013953,0.9919,0.000186,1.0000
139,0.003761,1.0000,0.000184,1.0000
140,0.021693,0.9919,0.000189,1.0000
141,0.018717,0.9839,0.000192,1.0000
142,0.022139,0.9839,0.000199,1.0000
143,0.010458,0.9919,0.000191,1.0000
144,0.006538,1.0000,0.000190,1.0000
145,0.012903,0.9919,0.000196,1.0000
146,0.021598,0.9839,0.000224,1.0000
147,0.011527,0.9919,0.000236,1.0000
148,0.011834,0.9919,0.000269,1.0000
149,0.027136,0.9919,0.000225,1.0000
150,0.011625,0.9919,0.000235,1.0000
1,0.630742,0.6774,0.502464,0.7384
2,0.525065,0.7500,0.521133,0.7523
3,0.444693,0.7823,0.575425,0.8148
4,0.367549,0.8145,0.295224,0.8958
5,0.277318,0.9194,0.215693,0.9144
6,0.226446,0.9032,0.157796,0.9537
7,0.164490,0.9355,0.079723,0.9884
8,0.113253,0.9758,0.057171,1.0000
9,0.088628,0.9516,0.041254,1.0000
10,0.086222,0.9516,0.022310,1.0000
11,0.081739,0.9758,0.019368,1.0000
12,0.069211,0.9919,0.015353,1.0000
13,0.048547,0.9839,0.010972,1.0000
14,0.051932,0.9758,0.006417,1.0000
15,0.025049,1.0000,0.006395,1.0000
16,0.036890,0.9919,0.005086,1.0000
17,0.014938,1.0000,0.005939,1.0000
18,0.037354,0.9839,0.005029,1.0000
19,0.038166,0.9919,0.003487,1.0000
20,0.039783,0.9839,0.002734,1.0000
21,0.011949,1.0000,0.003337,1.0000
22,0.042214,0.9758,0.003384,1.0000
23,0.050168,0.9758,0.007131,1.0000
24,0.036225,0.9919,0.002511,1.0000
25,0.070174,0.9919,0.032543,0.9907
26,0.026935,1.0000,0.003739,1.0000
27,0.032242,0.9919,0.004742,1.0000
28,0.054382,0.9839,0.003949,1.0000
29,0.011596,1.0000,0.003125,1.0000
30,0.030418,0.9919,0.002604,1.0000
31,0.022298,0.9919,0.001624,1.0000
32,0.036009,0.9839,0.001132,1.0000
33,0.009135,1.0000,0.001434,1.0000
34,0.011608,1.0000,0.001123,1.0000
35,0.057930,0.9839,0.001372,1.0000
36,0.019861,0.9919,0.000842,1.0000
37,0.015101,0.9919,0.003012,1.0000
38,0.054097,0.9919,0.001101,1.0000
39,0.011404,0.9919,0.001057,1.0000
40,0.014186,0.9919,0.000888,1.0000
41,0.019765,0.9919,0.000649,1.0000
42,0.002877,1.0000,0.000663,1.0000
43,0.081414,0.9677,0.000727,1.0000
44,0.023102,0.9919,0.000738,1.0000
45,0.080802,0.9758,0.000914,1.0000
46,0.032064,0.9919,0.001078,1.0000
47,0.031271,0.9839,0.000546,1.0000
48,0.018175,0.9919,0.000495,1.0000
49,0.013680,0.9919,0.000502,1.0000
50,0.023318,0.9839,0.000488,1.0000
51,0.010113,0.9919,0.000494,1.0000
52,0.019559,0.9919,0.000561,1.0000
53,0.014100,0.9919,0.000637,1.0000
54,0.028477,0.9919,0.000549,1.0000
55,0.022895,0.9919,0.000706,1.0000
56,0.021158,0.9919,0.000789,1.0000
57,0.036875,0.9839,0.000592,1.0000
58,0.033436,0.9839,0.000692,1.0000
59,0.016714,1.0000,0.000826,1.0000
60,0.025114,0.9839,0.000482,1.0000
61,0.012482,0.9919,0.000479,1.0000
62,0.010038,1.0000,0.000438,1.0000
63,0.008965,1.0000,0.000471,1.0000
64,0.022964,0.9919,0.000585,1.0000
65,0.006711,1.0000,0.000558,1.0000
66,0.013995,0.9919,0.000407,1.0000
67,0.016092,0.9919,0.000370,1.0000
68,0.005940,1.0000,0.000361,1.0000
69,0.010381,1.0000,0.000341,1.0000
70,0.002354,1.0000,0.000329,1.0000
71,0.026179,0.9758,0.000339,1.0000
72,0.011412,0.9919,0.000304,1.0000
73,0.002141,1.0000,0.000286,1.0000
74,0.026103,0.9839,0.000244,1.0000
75,0.050189,0.9839,0.000349,1.0000
76,0.024436,0.9919,0.000490,1.0000
77,0.023305,0.9919,0.000559,1.0000
78,0.005368,1.0000,0.000444,1.0000
79,0.035657,0.9839,0.000477,1.0000
80,0.008912,1.0000,0.000452,1.0000
81,0.017076,0.9919,0.000483,1.0000
82,0.040224,0.9839,0.000519,1.0000
83,0.026562,0.9919,0.000527,1.0000
84,0.032200,0.9839,0.000404,1.0000
85,0.003832,1.0000,0.000431,1.0000
86,0.016663,0.9919,0.000448,1.0000
87,0.043151,0.9677,0.000257,1.0000
88,0.021051,0.9919,0.000259,1.0000
89,0.012218,1.0000,0.000312,1.0000
90,0.008229,1.0000,0.000335,1.0000
91,0.013969,1.0000,0.000302,1.0000
92,0.028614,0.9919,0.000345,1.0000
93,0.009650,1.0000,0.000357,1.0000
94,0.045960,0.9839,0.000260,1.0000
95,0.017940,0.9919,0.000240,1.0000
96,0.066846,0.9758,0.000244,1.0000
97,0.070603,0.9758,0.000265,1.0000
98,0.002415,1.0000,0.000256,1.0000
99,0.008594,0.9919,0.000266,1.0000
100,0.009435,1.0000,0.000263,1.0000
101,0.016300,0.9839,0.000258,1.0000
102,0.006289,1.0000,0.000239,1.0000
103,0.005778,1.0000,0.000239,1.0000
104,0.017715,0.9919,0.000229,1.0000
105,0.009437,0.9919,0.000243,1.0000
106,0.064960,0.9758,0.000265,1.0000
107,0.035033,0.9839,0.000366,1.0000
108,0.008460,0.9919,0.000401,1.0000
109,0.010965,0.9919,0.000429,1.0000
110,0.006760,1.0000,0.000370,1.0000
111,0.034434,0.9919,0.000352,1.0000
112,0.005883,1.0000,0.000311,1.0000
113,0.012016,0.9919,0.000326,1.0000
114,0.011328,1.0000,0.000367,1.0000
115,0.023912,0.9919,0.000315,1.0000
116,0.001474,1.0000,0.000296,1.0000
117,0.002300,1.0000,0.000283,1.0000
118,0.017598,0.9919,0.000235,1.0000
119,0.012574,0.9919,0.000214,1.0000
120,0.020131,0.9919,0.000211,1.0000
121,0.021692,0.9919,0.000216,1.0000
122,0.009985,0.9919,0.000234,1.0000
123,0.004076,1.0000,0.000232,1.0000
124,0.005211,1.0000,0.000224,1.0000
125,0.013373,0.9919,0.000200,1.0000
126,0.011704,0.9919,0.000205,1.0000
127,0.027365,0.9839,0.000211,1.0000
128,0.014713,0.9919,0.000231,1.0000
129,0.041345,0.9839,0.000275,1.0000
130,0.059751,0.9758,0.000218,1.0000
131,0.012828,0.9919,0.000197,1.0000
132,0.010020,1.0000,0.000195,1.0000
133,0.014462,0.9919,0.000200,1.0000
134,0.011086,0.9919,0.000204,1.0000
135,0.043670,0.9919,0.000236,1.0000
136,0.020645,0.9919,0.000247,1.0000
137,0.003972,1.0000,0.000219,1.0000
138,0.013953,0.9919,0.000186,1.0000
139,0.003761,1.0000,0.000184,1.0000
140,0.021693,0.9919,0.000189,1.0000
141,0.018717,0.9839,0.000192,1.0000
142,0.022139,0.9839,0.000199,1.0000
143,0.010458,0.9919,0.000191,1.0000
144,0.006538,1.0000,0.000190,1.0000
145,0.012903,0.9919,0.000196,1.0000
146,0.021598,0.9839,0.000224,1.0000
147,0.011527,0.9919,0.000236,1.0000
148,0.011834,0.9919,0.000269,1.0000
149,0.027136,0.9919,0.000225,1.0000
150,0.011625,0.9919,0.000235,1.0000
1,0.000000,0.5000,0.000000,0.5000
2,0.000000,0.5000,0.000000,0.5000
3,0.000000,0.5000,0.000000,0.5000
4,0.000000,0.5000,0.000000,0.5000
5,0.000000,0.5000,0.000000,0.5000
6,0.000000,0.5000,0.000000,0.5000
7,0.000000,0.5000,0.000000,0.5000
8,0.000000,0.5000,0.000000,0.5000
9,0.000000,0.5000,0.000000,0.5000
10,0.000000,0.5000,0.000000,0.5000
11,0.000000,0.5000,0.000000,0.5000
12,0.000000,0.5000,0.000000,0.5000
13,0.000000,0.5000,0.000000,0.5000
14,0.000000,0.5000,0.000000,0.5000
15,0.000000,0.5000,0.000000,0.5000
16,0.000000,0.5000,0.000000,0.5000
17,0.000000,0.5000,0.000000,0.5000
18,0.000000,0.5000,0.000000,0.5000
19,0.000000,0.5000,0.000000,0.5000
20,0.000000,0.5000,0.000000,0.5000
21,0.000000,0.5000,0.000000,0.5000
22,0.000000,0.5000,0.000000,0.5000
23,0.000000,0.5000,0.000000,0.5000
24,0.000000,0.5000,0.000000,0.5000
25,0.000000,0.5000,0.000000,0.5000
26,0.000000,0.5000,0.000000,0.5000
27,0.000000,0.5000,0.000000,0.5000
28,0.000000,0.5000,0.000000,0.5000
29,0.000000,0.5000,0.000000,0.5000
30,0.000000,0.5000,0.000000,0.5000
1,0.630742,0.6774,0.502464,0.7384
2,0.525065,0.7500,0.521133,0.7523
3,0.444693,0.7823,0.575425,0.8148
4,0.367549,0.8145,0.295224,0.8958
5,0.277318,0.9194,0.215693,0.9144
6,0.226446,0.9032,0.157796,0.9537
7,0.164490,0.9355,0.079723,0.9884
8,0.113253,0.9758,0.057171,1.0000
9,0.088628,0.9516,0.041254,1.0000
10,0.086222,0.9516,0.022310,1.0000
11,0.081739,0.9758,0.019368,1.0000
12,0.069211,0.9919,0.015353,1.0000
13,0.048547,0.9839,0.010972,1.0000
14,0.051932,0.9758,0.006417,1.0000
15,0.025049,1.0000,0.006395,1.0000
16,0.036890,0.9919,0.005086,1.0000
17,0.014938,1.0000,0.005939,1.0000
18,0.037354,0.9839,0.005029,1.0000
19,0.038166,0.9919,0.003487,1.0000
20,0.039783,0.9839,0.002734,1.0000
21,0.011949,1.0000,0.003337,1.0000
22,0.042214,0.9758,0.003384,1.0000
23,0.050168,0.9758,0.007131,1.0000
24,0.036225,0.9919,0.002511,1.0000
25,0.070174,0.9919,0.032543,0.9907
26,0.026935,1.0000,0.003739,1.0000
27,0.032242,0.9919,0.004742,1.0000
28,0.054382,0.9839,0.003949,1.0000
29,0.011596,1.0000,0.003125,1.0000
30,0.030418,0.9919,0.002604,1.0000
31,0.022298,0.9919,0.001624,1.0000
32,0.036009,0.9839,0.001132,1.0000
33,0.009135,1.0000,0.001434,1.0000
34,0.011608,1.0000,0.001123,1.0000
35,0.057930,0.9839,0.001372,1.0000
36,0.019861,0.9919,0.000842,1.0000
37,0.015101,0.9919,0.003012,1.0000
38,0.054097,0.9919,0.001101,1.0000
39,0.011404,0.9919,0.001057,1.0000
40,0.014186,0.9919,0.000888,1.0000
41,0.019765,0.9919,0.000649,1.0000
42,0.002877,1.0000,0.000663,1.0000
43,0.081414,0.9677,0.000727,1.0000
44,0.023102,0.9919,0.000738,1.0000
45,0.080802,0.9758,0.000914,1.0000
46,0.032064,0.9919,0.001078,1.0000
47,0.031271,0.9839,0.000546,1.0000
48,0.018175,0.9919,0.000495,1.0000
49,0.013680,0.9919,0.000502,1.0000
50,0.023318,0.9839,0.000488,1.0000
51,0.010113,0.9919,0.000494,1.0000
52,0.019559,0.9919,0.000561,1.0000
53,0.014100,0.9919,0.000637,1.0000
54,0.028477,0.9919,0.000549,1.0000
55,0.022895,0.9919,0.000706,1.0000
56,0.021158,0.9919,0.000789,1.0000
57,0.036875,0.9839,0.000592,1.0000
58,0.033436,0.9839,0.000692,1.0000
59,0.016714,1.0000,0.000826,1.0000
60,0.025114,0.9839,0.000482,1.0000
61,0.012482,0.9919,0.000479,1.0000
62,0.010038,1.0000,0.000438,1.0000
63,0.008965,1.0000,0.000471,1.0000
64,0.022964,0.9919,0.000585,1.0000
65,0.006711,1.0000,0.000558,1.0000
66,0.013995,0.9919,0.000407,1.0000
67,0.016092,0.9919,0.000370,1.0000
68,0.005940,1.0000,0.000361,1.0000
69,0.010381,1.0000,0.000341,1.0000
70,0.002354,1.0000,0.000329,1.0000
71,0.026179,0.9758,0.000339,1.0000
72,0.011412,0.9919,0.000304,1.0000
73,0.002141,1.0000,0.000286,1.0000
74,0.026103,0.9839,0.000244,1.0000
75,0.050189,0.9839,0.000349,1.0000
76,0.024436,0.9919,0.000490,1.0000
77,0.023305,0.9919,0.000559,1.0000
78,0.005368,1.0000,0.000444,1.0000
79,0.035657,0.9839,0.000477,1.0000
80,0.008912,1.0000,0.000452,1.0000
81,0.017076,0.9919,0.000483,1.0000
82,0.040224,0.9839,0.000519,1.0000
83,0.026562,0.9919,0.000527,1.0000
84,0.032200,0.9839,0.000404,1.0000
85,0.003832,1.0000,0.000431,1.0000
86,0.016663,0.9919,0.000448,1.0000
87,0.043151,0.9677,0.000257,1.0000
88,0.021051,0.9919,0.000259,1.0000
89,0.012218,1.0000,0.000312,1.0000
90,0.008229,1.0000,0.000335,1.0000
91,0.013969,1.0000,0.000302,1.0000
92,0.028614,0.9919,0.000345,1.0000
93,0.009650,1.0000,0.000357,1.0000
94,0.045960,0.9839,0.000260,1.0000
95,0.017940,0.9919,0.000240,1.0000
96,0.066846,0.9758,0.000244,1.0000
97,0.070603,0.9758,0.000265,1.0000
98,0.002415,1.0000,0.000256,1.0000
99,0.008594,0.9919,0.000266,1.0000
100,0.009435,1.0000,0.000263,1.0000
101,0.016300,0.9839,0.000258,1.0000
102,0.006289,1.0000,0.000239,1.0000
103,0.005778,1.0000,0.000239,1.0000
104,0.017715,0.9919,0.000229,1.0000
105,0.009437,0.9919,0.000243,1.0000
106,0.064960,0.9758,0.000265,1.0000
107,0.035033,0.9839,0.000366,1.0000
108,0.008460,0.9919,0.000401,1.0000
109,0.010965,0.9919,0.000429,1.0000
110,0.006760,1.0000,0.000370,1.0000
111,0.034434,0.9919,0.000352,1.0000
112,0.005883,1.0000,0.000311,1.0000
113,0.012016,0.9919,0.000326,1.0000
114,0.011328,1.0000,0.000367,1.0000
115,0.023912,0.9919,0.000315,1.0000
116,0.001474,1.0000,0.000296,1.0000
117,0.002300,1.0000,0.000283,1.0000
118,0.017598,0.9919,0.000235,1.0000
119,0.012574,0.9919,0.000214,1.0000
120,0.020131,0.9919,0.000211,1.0000
121,0.021692,0.9919,0.000216,1.0000
122,0.009985,0.9919,0.000234,1.0000
123,0.004076,1.0000,0.000232,1.0000
124,0.005211,1.0000,0.000224,1.0000
125,0.013373,0.9919,0.000200,1.0000
126,0.011704,0.9919,0.000205,1.0000
127,0.027365,0.9839,0.000211,1.0000
128,0.014713,0.9919,0.000231,1.0000
129,0.041345,0.9839,0.000275,1.0000
130,0.059751,0.9758,0.000218,1.0000
131,0.012828,0.9919,0.000197,1.0000
132,0.010020,1.0000,0.000195,1.0000
133,0.014462,0.9919,0.000200,1.0000
134,0.011086,0.9919,0.000204,1.0000
135,0.043670,0.9919,0.000236,1.0000
136,0.020645,0.9919,0.000247,1.0000
137,0.003972,1.0000,0.000219,1.0000
138,0.013953,0.9919,0.000186,1.0000
139,0.003761,1.0000,0.000184,1.0000
140,0.021693,0.9919,0.000189,1.0000
141,0.018717,0.9839,0.000192,1.0000
142,0.022139,0.9839,0.000199,1.0000
143,0.010458,0.9919,0.000191,1.0000
144,0.006538,1.0000,0.000190,1.0000
145,0.012903,0.9919,0.000196,1.0000
146,0.021598,0.9839,0.000224,1.0000
147,0.011527,0.9919,0.000236,1.0000
148,0.011834,0.9919,0.000269,1.0000
149,0.027136,0.9919,0.000225,1.0000
150,0.011625,0.9919,0.000235,1.0000
151,0.005511,1.0000,0.000256,1.0000
152,0.010105,1.0000,0.000270,1.0000
153,0.018255,0.9919,0.000233,1.0000
154,0.010976,0.9919,0.000266,1.0000
155,0.029982,0.9919,0.000293,1.0000
156,0.020545,0.9839,0.000288,1.0000
157,0.019806,0.9919,0.000218,1.0000
158,0.020493,0.9919,0.000207,1.0000
159,0.013480,0.9919,0.000213,1.0000
160,0.031707,0.9839,0.000193,1.0000
161,0.053658,0.9758,0.000246,1.0000
162,0.038657,0.9919,0.000274,1.0000
163,0.040382,0.9839,0.000223,1.0000
164,0.007234,1.0000,0.000234,1.0000
165,0.034158,0.9919,0.000222,1.0000
166,0.008964,1.0000,0.000260,1.0000
167,0.002404,1.0000,0.000270,1.0000
168,0.001443,1.0000,0.000260,1.0000
1,0.188486,0.5968,0.104889,0.6505
2,0.123856,0.6452,0.093637,0.6759
3,0.112679,0.6694,0.192002,0.6921
4,0.111473,0.7419,0.112138,0.7269
5,0.101551,0.7177,0.091949,0.7477
6,0.093530,0.7500,0.097501,0.7361
7,0.076814,0.8306,0.075556,0.7778
8,0.070485,0.8065,0.100891,0.7593
9,0.070423,0.8145,0.101187,0.6968
10,0.062674,0.8629,0.056332,0.8935
11,0.056219,0.8790,0.050173,0.8588
12,0.044827,0.9113,0.069709,0.7801
13,0.046923,0.9032,0.038037,0.9005
14,0.044471,0.9032,0.031036,0.9977
15,0.031978,0.9677,0.034521,0.9028
16,0.037042,0.9113,0.024391,1.0000
17,0.031396,0.9597,0.045639,0.8681
18,0.031770,0.9597,0.016744,1.0000
19,0.031149,0.9435,0.046241,0.9213
20,0.034007,0.9355,0.018665,1.0000
21,0.026832,0.9677,0.025996,0.9167
22,0.024884,0.9758,0.021370,0.9977
23,0.022368,0.9677,0.014136,1.0000
24,0.022033,0.9839,0.009157,1.0000
25,0.026665,0.9597,0.016020,0.9977
26,0.021867,0.9839,0.016911,0.9977
27,0.023796,0.9758,0.012805,1.0000
28,0.018958,0.9758,0.010787,1.0000
29,0.020426,0.9758,0.015218,1.0000
30,0.021348,0.9839,0.010404,1.0000
31,0.018843,0.9919,0.014425,1.0000
32,0.022189,0.9839,0.011953,1.0000
33,0.022028,0.9758,0.009091,1.0000
34,0.019163,0.9758,0.011234,1.0000
35,0.025301,0.9677,0.021760,1.0000
36,0.024585,0.9839,0.009546,1.0000
37,0.024310,0.9677,0.014813,1.0000
38,0.020445,0.9758,0.008020,1.0000
39,0.014410,0.9919,0.011079,1.0000
40,0.021609,0.9597,0.010681,1.0000
41,0.022873,0.9435,0.008146,1.0000
42,0.017815,0.9677,0.008535,1.0000
43,0.021523,0.9758,0.009747,1.0000
44,0.021103,0.9597,0.013750,1.0000
45,0.018517,0.9839,0.009471,1.0000
46,0.022777,0.9677,0.011744,1.0000
47,0.019223,1.0000,0.008888,1.0000
48,0.021366,0.9597,0.009518,1.0000
49,0.014365,0.9919,0.007122,1.0000
50,0.019099,0.9839,0.006233,1.0000
51,0.015870,0.9839,0.007224,1.0000
52,0.019360,0.9919,0.008832,1.0000
53,0.022474,0.9677,0.005932,1.0000
54,0.015598,0.9919,0.008281,1.0000
55,0.020320,0.9839,0.009322,1.0000
56,0.015366,1.0000,0.006068,1.0000
57,0.017286,0.9839,0.006084,1.0000
58,0.014451,1.0000,0.004979,1.0000
59,0.012108,1.0000,0.007705,1.0000
60,0.013193,0.9919,0.005284,1.0000
61,0.019453,0.9677,0.009043,1.0000
62,0.013954,1.0000,0.005224,1.0000
63,0.016387,0.9919,0.009249,1.0000
64,0.019878,0.9758,0.006212,1.0000
65,0.010758,1.0000,0.007783,1.0000
66,0.016722,0.9839,0.005802,1.0000
67,0.016932,1.0000,0.004837,1.0000
68,0.017669,0.9758,0.012047,1.0000
69,0.016479,0.9839,0.005995,1.0000
70,0.014043,0.9839,0.004413,1.0000
71,0.017884,0.9839,0.008466,1.0000
72,0.013962,0.9919,0.009028,1.0000
73,0.012189,0.9919,0.008367,1.0000
74,0.021618,0.9839,0.006788,1.0000
75,0.017353,1.0000,0.007050,1.0000
76,0.015191,0.9758,0.008197,1.0000
77,0.014288,0.9919,0.004361,1.0000
78,0.016549,1.0000,0.007080,1.0000
79,0.016194,0.9839,0.008040,1.0000
80,0.012985,0.9919,0.004669,1.0000
81,0.014110,0.9758,0.008771,1.0000
82,0.016102,1.0000,0.004082,1.0000
83,0.012067,1.0000,0.004468,1.0000
84,0.018449,0.9677,0.006537,1.0000
85,0.014463,0.9919,0.006047,1.0000
86,0.012771,0.9919,0.005640,1.0000
87,0.014723,1.0000,0.003651,1.0000
88,0.015335,0.9839,0.005490,1.0000
89,0.015238,0.9758,0.004245,1.0000
90,0.012799,1.0000,0.006559,1.0000
91,0.014497,0.9919,0.009417,1.0000
92,0.014640,0.9839,0.004578,1.0000
93,0.015382,1.0000,0.006225,1.0000
94,0.017410,0.9677,0.005382,1.0000
95,0.013599,0.9919,0.004405,1.0000
96,0.015512,0.9839,0.005775,1.0000
97,0.014282,0.9839,0.008573,1.0000
98,0.017378,0.9758,0.005433,1.0000
99,0.015420,0.9919,0.005965,1.0000
100,0.012795,0.9919,0.002999,1.0000
101,0.012958,0.9919,0.004729,1.0000
102,0.012455,0.9839,0.006260,1.0000
103,0.017026,0.9758,0.005149,1.0000
104,0.013374,0.9919,0.004525,1.0000
105,0.014315,0.9919,0.006199,1.0000
106,0.016835,0.9839,0.004380,1.0000
107,0.014825,0.9919,0.004962,1.0000
108,0.011990,1.0000,0.004673,1.0000
109,0.013207,1.0000,0.003688,1.0000
110,0.011608,1.0000,0.004669,1.0000
111,0.013492,0.9919,0.005031,1.0000
112,0.010179,1.0000,0.004760,1.0000
113,0.016444,1.0000,0.004348,1.0000
114,0.013439,0.9919,0.003363,1.0000
115,0.015258,1.0000,0.006784,1.0000
116,0.009270,1.0000,0.009166,1.0000
117,0.014576,0.9839,0.005827,1.0000
118,0.014945,1.0000,0.007656,1.0000
119,0.013640,1.0000,0.004461,1.0000
120,0.013307,0.9919,0.005070,1.0000
121,0.016352,0.9839,0.007888,1.0000
122,0.012799,0.9919,0.005011,1.0000
123,0.014764,0.9839,0.004988,1.0000
124,0.011629,0.9919,0.004394,1.0000
125,0.014072,1.0000,0.004773,1.0000
126,0.010724,1.0000,0.005449,1.0000
127,0.013452,1.0000,0.006393,1.0000
128,0.011832,1.0000,0.004384,1.0000
129,0.014834,0.9839,0.004345,1.0000
1,0.108148,0.6532,0.090831,0.7523
2,0.084451,0.7581,0.084685,0.7500
3,0.072557,0.7742,0.080230,0.7917
4,0.058600,0.8387,0.049226,0.8704
5,0.040801,0.9032,0.036411,0.9259
6,0.023290,0.9677,0.021819,0.9583
7,0.017098,0.9597,0.009950,0.9884
8,0.013057,0.9677,0.008759,0.9861
9,0.009022,0.9919,0.003293,1.0000
10,0.014171,0.9597,0.000985,1.0000
11,0.014468,0.9597,0.001993,1.0000
12,0.006924,0.9839,0.000524,1.0000
13,0.008975,0.9758,0.000407,1.0000
14,0.006831,0.9758,0.000293,1.0000
15,0.004304,0.9919,0.000212,1.0000
16,0.002875,1.0000,0.000257,1.0000
17,0.004600,0.9758,0.000254,1.0000
18,0.007975,0.9919,0.000479,1.0000
19,0.004485,0.9839,0.000283,1.0000
20,0.012237,0.9677,0.000162,1.0000
21,0.001824,0.9919,0.000121,1.0000
22,0.004549,0.9919,0.000079,1.0000
23,0.009965,0.9758,0.000058,1.0000
24,0.001462,1.0000,0.000060,1.0000
25,0.011832,0.9677,0.000057,1.0000
26,0.005873,0.9839,0.000071,1.0000
27,0.002724,1.0000,0.000070,1.0000
28,0.005480,0.9919,0.000107,1.0000
29,0.007222,0.9758,0.000150,1.0000
30,0.007564,0.9839,0.000079,1.0000
31,0.002891,0.9919,0.000090,1.0000
32,0.004927,0.9919,0.000066,1.0000
33,0.001307,1.0000,0.000041,1.0000
34,0.004184,0.9919,0.000047,1.0000
35,0.004462,0.9919,0.000032,1.0000
36,0.006332,0.9839,0.000030,1.0000
37,0.004326,0.9919,0.000047,1.0000
38,0.003142,0.9919,0.000083,1.0000
39,0.004711,0.9919,0.000032,1.0000
40,0.003158,0.9919,0.000032,1.0000
41,0.003302,0.9919,0.000020,1.0000
42,0.001594,1.0000,0.000017,1.0000
43,0.009995,0.9758,0.000020,1.0000
44,0.002987,0.9839,0.000018,1.0000
45,0.002206,0.9919,0.000020,1.0000
46,0.007867,0.9758,0.000027,1.0000
47,0.003753,0.9919,0.000022,1.0000
48,0.001444,1.0000,0.000015,1.0000
49,0.005203,0.9919,0.000017,1.0000
50,0.005436,0.9839,0.000020,1.0000
51,0.003167,0.9839,0.000013,1.0000
52,0.000869,1.0000,0.000013,1.0000
53,0.003356,0.9919,0.000013,1.0000
54,0.004567,0.9919,0.000011,1.0000
55,0.004180,0.9839,0.000012,1.0000
56,0.005252,0.9839,0.000013,1.0000
57,0.001746,1.0000,0.000022,1.0000
58,0.004253,0.9919,0.000015,1.0000
59,0.003256,0.9919,0.000012,1.0000
60,0.008304,0.9758,0.000010,1.0000
61,0.002917,0.9919,0.000011,1.0000
62,0.006237,0.9919,0.000010,1.0000
63,0.005451,0.9839,0.000010,1.0000
64,0.010668,0.9758,0.000036,1.0000
65,0.004619,0.9919,0.000032,1.0000
66,0.008124,0.9758,0.000013,1.0000
67,0.005672,0.9839,0.000008,1.0000
68,0.001649,0.9919,0.000010,1.0000
69,0.001398,1.0000,0.000007,1.0000
70,0.003748,0.9839,0.000008,1.0000
71,0.004036,0.9919,0.000008,1.0000
72,0.001150,0.9919,0.000009,1.0000
73,0.002009,0.9919,0.000007,1.0000
74,0.005026,0.9839,0.000007,1.0000
75,0.005665,0.9839,0.000008,1.0000
76,0.005148,0.9919,0.000008,1.0000
77,0.007268,0.9839,0.000072,1.0000
78,0.004171,0.9839,0.000113,1.0000
79,0.006285,0.9839,0.000011,1.0000
80,0.001041,1.0000,0.000009,1.0000
81,0.007294,0.9839,0.000014,1.0000
82,0.000914,1.0000,0.000018,1.0000
83,0.003782,0.9919,0.000012,1.0000
84,0.006216,0.9839,0.000008,1.0000
85,0.002189,0.9919,0.000012,1.0000
86,0.004384,0.9919,0.000041,1.0000
87,0.008172,0.9839,0.000009,1.0000
88,0.007262,0.9677,0.000008,1.0000
89,0.000431,1.0000,0.000008,1.0000
90,0.004741,0.9839,0.000007,1.0000
91,0.000547,1.0000,0.000007,1.0000
92,0.000270,1.0000,0.000007,1.0000
93,0.006351,0.9758,0.000007,1.0000
94,0.005902,0.9839,0.000009,1.0000
95,0.001595,1.0000,0.000007,1.0000
96,0.006789,0.9758,0.000009,1.0000
97,0.012389,0.9677,0.000016,1.0000
98,0.001159,1.0000,0.000012,1.0000
99,0.003312,0.9919,0.000016,1.0000
100,0.004611,0.9839,0.000020,1.0000
101,0.005653,0.9839,0.000015,1.0000
102,0.000441,1.0000,0.000011,1.0000
103,0.001089,1.0000,0.000008,1.0000
104,0.003652,0.9919,0.000007,1.0000
105,0.004613,0.9919,0.000008,1.0000
106,0.011592,0.9677,0.000013,1.0000
107,0.011551,0.9677,0.000009,1.0000
108,0.001756,0.9919,0.000010,1.0000
109,0.006657,0.9839,0.000014,1.0000
110,0.003076,0.9919,0.000009,1.0000
111,0.000725,1.0000,0.000008,1.0000
112,0.002739,0.9919,0.000017,1.0000
113,0.003726,0.9839,0.000053,1.0000
114,0.009801,0.9677,0.000021,1.0000
115,0.001330,1.0000,0.000053,1.0000
116,0.002316,0.9919,0.000061,1.0000
117,0.000273,1.0000,0.000043,1.0000
118,0.004693,0.9919,0.000032,1.0000
119,0.001788,1.0000,0.000031,1.0000
120,0.004576,0.9919,0.000080,1.0000
121,0.005900,0.9839,0.000130,1.0000
1,0.108148,0.6532,0.090831,0.7523
2,0.084451,0.7581,0.084685,0.7500
3,0.072557,0.7742,0.080230,0.7917
4,0.058600,0.8387,0.049226,0.8704
5,0.040801,0.9032,0.036411,0.9259
6,0.023290,0.9677,0.021819,0.9583
7,0.017098,0.9597,0.009950,0.9884
8,0.013057,0.9677,0.008759,0.9861
9,0.009022,0.9919,0.003293,1.0000
10,0.014171,0.9597,0.000985,1.0000
11,0.014468,0.9597,0.001993,1.0000
12,0.006924,0.9839,0.000524,1.0000
13,0.008975,0.9758,0.000407,1.0000
14,0.006831,0.9758,0.000293,1.0000
15,0.004304,0.9919,0.000212,1.0000
16,0.002875,1.0000,0.000257,1.0000
17,0.004600,0.9758,0.000254,1.0000
18,0.007975,0.9919,0.000479,1.0000
19,0.004485,0.9839,0.000283,1.0000
20,0.012237,0.9677,0.000162,1.0000
21,0.001824,0.9919,0.000121,1.0000
22,0.004549,0.9919,0.000079,1.0000
23,0.009965,0.9758,0.000058,1.0000
24,0.001462,1.0000,0.000060,1.0000
25,0.011832,0.9677,0.000057,1.0000
26,0.005873,0.9839,0.000071,1.0000
27,0.002724,1.0000,0.000070,1.0000
28,0.005480,0.9919,0.000107,1.0000
29,0.007222,0.9758,0.000150,1.0000
30,0.007564,0.9839,0.000079,1.0000
31,0.002891,0.9919,0.000090,1.0000
32,0.004927,0.9919,0.000066,1.0000
33,0.001307,1.0000,0.000041,1.0000
34,0.004184,0.9919,0.000047,1.0000
35,0.004462,0.9919,0.000032,1.0000
36,0.006332,0.9839,0.000030,1.0000
37,0.004326,0.9919,0.000047,1.0000
38,0.003142,0.9919,0.000083,1.0000
39,0.004711,0.9919,0.000032,1.0000
40,0.003158,0.9919,0.000032,1.0000
41,0.003302,0.9919,0.000020,1.0000
42,0.001594,1.0000,0.000017,1.0000
43,0.009995,0.9758,0.000020,1.0000
44,0.002987,0.9839,0.000018,1.0000
45,0.002206,0.9919,0.000020,1.0000
46,0.007867,0.9758,0.000027,1.0000
47,0.003753,0.9919,0.000022,1.0000
48,0.001444,1.0000,0.000015,1.0000
49,0.005203,0.9919,0.000017,1.0000
50,0.005436,0.9839,0.000020,1.0000
51,0.003167,0.9839,0.000013,1.0000
52,0.000869,1.0000,0.000013,1.0000
53,0.003356,0.9919,0.000013,1.0000
54,0.004567,0.9919,0.000011,1.0000
55,0.004180,0.9839,0.000012,1.0000
56,0.005252,0.9839,0.000013,1.0000
57,0.001746,1.0000,0.000022,1.0000
58,0.004253,0.9919,0.000015,1.0000
59,0.003256,0.9919,0.000012,1.0000
60,0.008304,0.9758,0.000010,1.0000
61,0.002917,0.9919,0.000011,1.0000
62,0.006237,0.9919,0.000010,1.0000
63,0.005451,0.9839,0.000010,1.0000
64,0.010668,0.9758,0.000036,1.0000
65,0.004619,0.9919,0.000032,1.0000
66,0.008124,0.9758,0.000013,1.0000
67,0.005672,0.9839,0.000008,1.0000
68,0.001649,0.9919,0.000010,1.0000
69,0.001398,1.0000,0.000007,1.0000
70,0.003748,0.9839,0.000008,1.0000
71,0.004036,0.9919,0.000008,1.0000
72,0.001150,0.9919,0.000009,1.0000
73,0.002009,0.9919,0.000007,1.0000
74,0.005026,0.9839,0.000007,1.0000
75,0.005665,0.9839,0.000008,1.0000
76,0.005148,0.9919,0.000008,1.0000
77,0.007268,0.9839,0.000072,1.0000
78,0.004171,0.9839,0.000113,1.0000
79,0.006285,0.9839,0.000011,1.0000
80,0.001041,1.0000,0.000009,1.0000
81,0.007294,0.9839,0.000014,1.0000
82,0.000914,1.0000,0.000018,1.0000
83,0.003782,0.9919,0.000012,1.0000
84,0.006216,0.9839,0.000008,1.0000
85,0.002189,0.9919,0.000012,1.0000
86,0.004384,0.9919,0.000041,1.0000
87,0.008172,0.9839,0.000009,1.0000
88,0.007262,0.9677,0.000008,1.0000
89,0.000431,1.0000,0.000008,1.0000
90,0.004741,0.9839,0.000007,1.0000
91,0.000547,1.0000,0.000007,1.0000
92,0.000270,1.0000,0.000007,1.0000
93,0.006351,0.9758,0.000007,1.0000
94,0.005902,0.9839,0.000009,1.0000
95,0.001595,1.0000,0.000007,1.0000
96,0.006789,0.9758,0.000009,1.0000
97,0.012389,0.9677,0.000016,1.0000
98,0.001159,1.0000,0.000012,1.0000
99,0.003312,0.9919,0.000016,1.0000
100,0.004611,0.9839,0.000020,1.0000
101,0.005653,0.9839,0.000015,1.0000
102,0.000441,1.0000,0.000011,1.0000
103,0.001089,1.0000,0.000008,1.0000
104,0.003652,0.9919,0.000007,1.0000
105,0.004613,0.9919,0.000008,1.0000
106,0.011592,0.9677,0.000013,1.0000
107,0.011551,0.9677,0.000009,1.0000
108,0.001756,0.9919,0.000010,1.0000
109,0.006657,0.9839,0.000014,1.0000
110,0.003076,0.9919,0.000009,1.0000
111,0.000725,1.0000,0.000008,1.0000
112,0.002739,0.9919,0.000017,1.0000
113,0.003726,0.9839,0.000053,1.0000
114,0.009801,0.9677,0.000021,1.0000
115,0.001330,1.0000,0.000053,1.0000
116,0.002316,0.9919,0.000061,1.0000
117,0.000273,1.0000,0.000043,1.0000
118,0.004693,0.9919,0.000032,1.0000
119,0.001788,1.0000,0.000031,1.0000
120,0.004576,0.9919,0.000080,1.0000
121,0.005900,0.9839,0.000130,1.0000
1,0.108148,0.6532,0.090831,0.7523
2,0.084451,0.7581,0.084685,0.7500
3,0.072557,0.7742,0.080230,0.7917
4,0.058600,0.8387,0.049226,0.8704
5,0.040801,0.9032,0.036411,0.9259
6,0.023290,0.9677,0.021819,0.9583
7,0.017098,0.9597,0.009950,0.9884
8,0.013057,0.9677,0.008759,0.9861
9,0.009022,0.9919,0.003293,1.0000
10,0.014171,0.9597,0.000985,1.0000
11,0.014468,0.9597,0.001993,1.0000
12,0.006924,0.9839,0.000524,1.0000
13,0.008975,0.9758,0.000407,1.0000
14,0.006831,0.9758,0.000293,1.0000
15,0.004304,0.9919,0.000212,1.0000
16,0.002875,1.0000,0.000257,1.0000
17,0.004600,0.9758,0.000254,1.0000
18,0.007975,0.9919,0.000479,1.0000
19,0.004485,0.9839,0.000283,1.0000
20,0.012237,0.9677,0.000162,1.0000
21,0.001824,0.9919,0.000121,1.0000
22,0.004549,0.9919,0.000079,1.0000
23,0.009965,0.9758,0.000058,1.0000
24,0.001462,1.0000,0.000060,1.0000
25,0.011832,0.9677,0.000057,1.0000
26,0.005873,0.9839,0.000071,1.0000
27,0.002724,1.0000,0.000070,1.0000
28,0.005480,0.9919,0.000107,1.0000
29,0.007222,0.9758,0.000150,1.0000
30,0.007564,0.9839,0.000079,1.0000
31,0.002891,0.9919,0.000090,1.0000
32,0.004927,0.9919,0.000066,1.0000
33,0.001307,1.0000,0.000041,1.0000
34,0.004184,0.9919,0.000047,1.0000
35,0.004462,0.9919,0.000032,1.0000
36,0.006332,0.9839,0.000030,1.0000
37,0.004326,0.9919,0.000047,1.0000
38,0.003142,0.9919,0.000083,1.0000
39,0.004711,0.9919,0.000032,1.0000
40,0.003158,0.9919,0.000032,1.0000
41,0.003302,0.9919,0.000020,1.0000
42,0.001594,1.0000,0.000017,1.0000
43,0.009995,0.9758,0.000020,1.0000
44,0.002987,0.9839,0.000018,1.0000
45,0.002206,0.9919,0.000020,1.0000
46,0.007867,0.9758,0.000027,1.0000
47,0.003753,0.9919,0.000022,1.0000
48,0.001444,1.0000,0.000015,1.0000
49,0.005203,0.9919,0.000017,1.0000
50,0.005436,0.9839,0.000020,1.0000
51,0.003167,0.9839,0.000013,1.0000
52,0.000869,1.0000,0.000013,1.0000
53,0.003356,0.9919,0.000013,1.0000
54,0.004567,0.9919,0.000011,1.0000
55,0.004180,0.9839,0.000012,1.0000
56,0.005252,0.9839,0.000013,1.0000
57,0.001746,1.0000,0.000022,1.0000
58,0.004253,0.9919,0.000015,1.0000
59,0.003256,0.9919,0.000012,1.0000
60,0.008304,0.9758,0.000010,1.0000
61,0.002917,0.9919,0.000011,1.0000
62,0.006237,0.9919,0.000010,1.0000
63,0.005451,0.9839,0.000010,1.0000
64,0.010668,0.9758,0.000036,1.0000
65,0.004619,0.9919,0.000032,1.0000
66,0.008124,0.9758,0.000013,1.0000
67,0.005672,0.9839,0.000008,1.0000
68,0.001649,0.9919,0.000010,1.0000
69,0.001398,1.0000,0.000007,1.0000
70,0.003748,0.9839,0.000008,1.0000
71,0.004036,0.9919,0.000008,1.0000
72,0.001150,0.9919,0.000009,1.0000
73,0.002009,0.9919,0.000007,1.0000
74,0.005026,0.9839,0.000007,1.0000
75,0.005665,0.9839,0.000008,1.0000
76,0.005148,0.9919,0.000008,1.0000
77,0.007268,0.9839,0.000072,1.0000
78,0.004171,0.9839,0.000113,1.0000
79,0.006285,0.9839,0.000011,1.0000
80,0.001041,1.0000,0.000009,1.0000
81,0.007294,0.9839,0.000014,1.0000
82,0.000914,1.0000,0.000018,1.0000
83,0.003782,0.9919,0.000012,1.0000
84,0.006216,0.9839,0.000008,1.0000
85,0.002189,0.9919,0.000012,1.0000
86,0.004384,0.9919,0.000041,1.0000
87,0.008172,0.9839,0.000009,1.0000
88,0.007262,0.9677,0.000008,1.0000
89,0.000431,1.0000,0.000008,1.0000
90,0.004741,0.9839,0.000007,1.0000
91,0.000547,1.0000,0.000007,1.0000
92,0.000270,1.0000,0.000007,1.0000
93,0.006351,0.9758,0.000007,1.0000
94,0.005902,0.9839,0.000009,1.0000
95,0.001595,1.0000,0.000007,1.0000
96,0.006789,0.9758,0.000009,1.0000
97,0.012389,0.9677,0.000016,1.0000
98,0.001159,1.0000,0.000012,1.0000
99,0.003312,0.9919,0.000016,1.0000
100,0.004611,0.9839,0.000020,1.0000
101,0.005653,0.9839,0.000015,1.0000
102,0.000441,1.0000,0.000011,1.0000
103,0.001089,1.0000,0.000008,1.0000
104,0.003652,0.9919,0.000007,1.0000
105,0.004613,0.9919,0.000008,1.0000
106,0.011592,0.9677,0.000013,1.0000
107,0.011551,0.9677,0.000009,1.0000
108,0.001756,0.9919,0.000010,1.0000
109,0.006657,0.9839,0.000014,1.0000
110,0.003076,0.9919,0.000009,1.0000
111,0.000725,1.0000,0.000008,1.0000
112,0.002739,0.9919,0.000017,1.0000
113,0.003726,0.9839,0.000053,1.0000
114,0.009801,0.9677,0.000021,1.0000
115,0.001330,1.0000,0.000053,1.0000
116,0.002316,0.9919,0.000061,1.0000
117,0.000273,1.0000,0.000043,1.0000
118,0.004693,0.9919,0.000032,1.0000
119,0.001788,1.0000,0.000031,1.0000
120,0.004576,0.9919,0.000080,1.0000
121,0.005900,0.9839,0.000130,1.0000
1,0.108148,0.6532,0.090831,0.7523
2,0.084451,0.7581,0.084685,0.7500
3,0.072557,0.7742,0.080230,0.7917
4,0.058600,0.8387,0.049226,0.8704
5,0.040801,0.9032,0.036411,0.9259
6,0.023290,0.9677,0.021819,0.9583
7,0.017098,0.9597,0.009950,0.9884
8,0.013057,0.9677,0.008759,0.9861
9,0.009022,0.9919,0.003293,1.0000
10,0.014171,0.9597,0.000985,1.0000
11,0.014468,0.9597,0.001993,1.0000
12,0.006924,0.9839,0.000524,1.0000
13,0.008975,0.9758,0.000407,1.0000
14,0.006831,0.9758,0.000293,1.0000
15,0.004304,0.9919,0.000212,1.0000
16,0.002875,1.0000,0.000257,1.0000
17,0.004600,0.9758,0.000254,1.0000
18,0.007975,0.9919,0.000479,1.0000
19,0.004485,0.9839,0.000283,1.0000
20,0.012237,0.9677,0.000162,1.0000
21,0.001824,0.9919,0.000121,1.0000
22,0.004549,0.9919,0.000079,1.0000
23,0.009965,0.9758,0.000058,1.0000
24,0.001462,1.0000,0.000060,1.0000
25,0.011832,0.9677,0.000057,1.0000
26,0.005873,0.9839,0.000071,1.0000
27,0.002724,1.0000,0.000070,1.0000
28,0.005480,0.9919,0.000107,1.0000
29,0.007222,0.9758,0.000150,1.0000
30,0.007564,0.9839,0.000079,1.0000
31,0.002891,0.9919,0.000090,1.0000
32,0.004927,0.9919,0.000066,1.0000
33,0.001307,1.0000,0.000041,1.0000
34,0.004184,0.9919,0.000047,1.0000
35,0.004462,0.9919,0.000032,1.0000
36,0.006332,0.9839,0.000030,1.0000
37,0.004326,0.9919,0.000047,1.0000
38,0.003142,0.9919,0.000083,1.0000
39,0.004711,0.9919,0.000032,1.0000
40,0.003158,0.9919,0.000032,1.0000
41,0.003302,0.9919,0.000020,1.0000
42,0.001594,1.0000,0.000017,1.0000
43,0.009995,0.9758,0.000020,1.0000
44,0.002987,0.9839,0.000018,1.0000
45,0.002206,0.9919,0.000020,1.0000
46,0.007867,0.9758,0.000027,1.0000
47,0.003753,0.9919,0.000022,1.0000
48,0.001444,1.0000,0.000015,1.0000
49,0.005203,0.9919,0.000017,1.0000
50,0.005436,0.9839,0.000020,1.0000
51,0.003167,0.9839,0.000013,1.0000
52,0.000869,1.0000,0.000013,1.0000
53,0.003356,0.9919,0.000013,1.0000
54,0.004567,0.9919,0.000011,1.0000
55,0.004180,0.9839,0.000012,1.0000
56,0.005252,0.9839,0.000013,1.0000
57,0.001746,1.0000,0.000022,1.0000
58,0.004253,0.9919,0.000015,1.0000
59,0.003256,0.9919,0.000012,1.0000
60,0.008304,0.9758,0.000010,1.0000
61,0.002917,0.9919,0.000011,1.0000
62,0.006237,0.9919,0.000010,1.0000
63,0.005451,0.9839,0.000010,1.0000
64,0.010668,0.9758,0.000036,1.0000
65,0.004619,0.9919,0.000032,1.0000
66,0.008124,0.9758,0.000013,1.0000
67,0.005672,0.9839,0.000008,1.0000
68,0.001649,0.9919,0.000010,1.0000
69,0.001398,1.0000,0.000007,1.0000
70,0.003748,0.9839,0.000008,1.0000
71,0.004036,0.9919,0.000008,1.0000
72,0.001150,0.9919,0.000009,1.0000
73,0.002009,0.9919,0.000007,1.0000
74,0.005026,0.9839,0.000007,1.0000
75,0.005665,0.9839,0.000008,1.0000
76,0.005148,0.9919,0.000008,1.0000
77,0.007268,0.9839,0.000072,1.0000
78,0.004171,0.9839,0.000113,1.0000
79,0.006285,0.9839,0.000011,1.0000
80,0.001041,1.0000,0.000009,1.0000
81,0.007294,0.9839,0.000014,1.0000
82,0.000914,1.0000,0.000018,1.0000
83,0.003782,0.9919,0.000012,1.0000
84,0.006216,0.9839,0.000008,1.0000
85,0.002189,0.9919,0.000012,1.0000
86,0.004384,0.9919,0.000041,1.0000
87,0.008172,0.9839,0.000009,1.0000
88,0.007262,0.9677,0.000008,1.0000
89,0.000431,1.0000,0.000008,1.0000
90,0.004741,0.9839,0.000007,1.0000
91,0.000547,1.0000,0.000007,1.0000
92,0.000270,1.0000,0.000007,1.0000
93,0.006351,0.9758,0.000007,1.0000
94,0.005902,0.9839,0.000009,1.0000
95,0.001595,1.0000,0.000007,1.0000
96,0.006789,0.9758,0.000009,1.0000
97,0.012389,0.9677,0.000016,1.0000
98,0.001159,1.0000,0.000012,1.0000
99,0.003312,0.9919,0.000016,1.0000
100,0.004611,0.9839,0.000020,1.0000
1,0.121426,0.5645,0.099004,0.7292
2,0.091448,0.7419,0.090804,0.7500
3,0.076501,0.7903,0.088545,0.7523
4,0.070283,0.7903,0.084922,0.7731
5,0.068368,0.8226,0.082734,0.7755
6,0.060416,0.8065,0.090178,0.7616
7,0.059552,0.8226,0.068037,0.8241
8,0.056102,0.8548,0.061998,0.8426
9,0.047854,0.8710,0.053169,0.8681
10,0.048084,0.8710,0.045738,0.9051
11,0.036693,0.9113,0.041378,0.9120
12,0.031028,0.9194,0.038946,0.9120
13,0.034410,0.9113,0.035931,0.9167
14,0.030554,0.9113,0.034094,0.9167
15,0.030748,0.9113,0.032955,0.9167
16,0.041846,0.8629,0.032437,0.9167
17,0.037201,0.9194,0.032182,0.9167
18,0.036204,0.9032,0.030980,0.9167
19,0.040036,0.8952,0.030899,0.9167
20,0.035193,0.9032,0.032044,0.9167
21,0.031975,0.9194,0.031520,0.9167
22,0.027910,0.9194,0.030809,0.9167
23,0.032415,0.9113,0.029880,0.9167
24,0.031216,0.9032,0.029361,0.9167
25,0.032055,0.9113,0.029610,0.9167
26,0.031861,0.9194,0.029590,0.9167
27,0.029928,0.9113,0.031441,0.9167
28,0.032431,0.8871,0.031274,0.9167
29,0.026782,0.9274,0.030856,0.9167
30,0.027943,0.9274,0.029310,0.9167
31,0.030232,0.9113,0.029969,0.9167
32,0.029240,0.9113,0.030103,0.9167
33,0.027262,0.9194,0.029086,0.9167
34,0.030960,0.9032,0.027948,0.9167
35,0.017608,0.9516,0.027266,0.9167
36,0.032573,0.9032,0.026550,0.9167
37,0.028432,0.9032,0.028022,0.9167
38,0.022458,0.9355,0.027671,0.9167
39,0.034830,0.9032,0.026625,0.9167
40,0.024936,0.9355,0.025482,0.9167
41,0.025786,0.9274,0.026067,0.9167
42,0.020968,0.9516,0.025158,0.9167
43,0.020050,0.9435,0.026653,0.9167
44,0.024959,0.9274,0.024600,0.9167
45,0.029107,0.9113,0.025414,0.9167
46,0.030576,0.9194,0.026228,0.9167
47,0.029405,0.9113,0.024766,0.9167
48,0.030008,0.9274,0.025466,0.9167
49,0.027866,0.9274,0.026630,0.9167
50,0.029640,0.9113,0.026116,0.9167
51,0.032627,0.9274,0.025739,0.9167
52,0.025390,0.9274,0.024032,0.9167
53,0.030947,0.9194,0.025360,0.9167
54,0.029646,0.9194,0.026496,0.9167
55,0.027366,0.9194,0.025567,0.9167
56,0.024211,0.9435,0.025979,0.9167
57,0.026372,0.9274,0.023095,0.9167
58,0.031349,0.9194,0.026023,0.9167
59,0.027999,0.9274,0.024955,0.9167
60,0.028262,0.9113,0.025400,0.9167
61,0.024735,0.9274,0.031042,0.9167
62,0.030780,0.9032,0.027868,0.9167
63,0.036827,0.8629,0.026111,0.9167
64,0.031150,0.9113,0.024498,0.9167
65,0.028071,0.9032,0.026906,0.9167
66,0.030718,0.9113,0.024556,0.9167
67,0.023728,0.9355,0.024941,0.9167
68,0.026743,0.9274,0.023809,0.9167
69,0.027254,0.9274,0.023813,0.9167
70,0.025270,0.9355,0.024404,0.9167
71,0.022660,0.9355,0.025009,0.9167
72,0.027998,0.9355,0.024210,0.9167
73,0.022617,0.9516,0.024123,0.9167
74,0.024349,0.9274,0.023373,0.9167
75,0.030214,0.9194,0.024247,0.9167
76,0.030565,0.9113,0.023850,0.9167
77,0.026733,0.9274,0.022968,0.9167
78,0.024165,0.9274,0.025799,0.9167
79,0.032089,0.9113,0.026689,0.9167
80,0.026725,0.9274,0.026848,0.9167
81,0.020519,0.9435,0.024266,0.9167
82,0.024336,0.9194,0.025865,0.9167
83,0.021432,0.9435,0.024136,0.9167
84,0.032295,0.9113,0.023695,0.9167
85,0.031999,0.9032,0.023835,0.9167
86,0.021235,0.9435,0.025128,0.9167
87,0.026524,0.9274,0.029847,0.9167
88,0.030561,0.9113,0.027582,0.9167
89,0.032306,0.9113,0.027791,0.9167
90,0.036227,0.9032,0.027841,0.9167
91,0.019105,0.9516,0.026051,0.9167
92,0.035411,0.8952,0.027447,0.9167
93,0.028618,0.9194,0.026808,0.9167
94,0.024647,0.9355,0.026733,0.9167
95,0.036007,0.8952,0.024357,0.9167
96,0.027888,0.9274,0.022739,0.9167
97,0.026175,0.9355,0.025115,0.9167
98,0.023180,0.9355,0.026283,0.9167
99,0.027844,0.9274,0.024802,0.9167
100,0.026881,0.9274,0.025831,0.9167
1,0.121426,0.5645,0.099004,0.7292
2,0.091448,0.7419,0.090804,0.7500
3,0.076501,0.7903,0.088545,0.7523
4,0.070283,0.7903,0.084922,0.7731
5,0.068368,0.8226,0.082734,0.7755
6,0.060416,0.8065,0.090178,0.7616
7,0.059552,0.8226,0.068037,0.8241
8,0.056102,0.8548,0.061998,0.8426
9,0.047854,0.8710,0.053169,0.8681
10,0.048084,0.8710,0.045738,0.9051
11,0.036693,0.9113,0.041378,0.9120
12,0.031028,0.9194,0.038946,0.9120
13,0.034410,0.9113,0.035931,0.9167
14,0.030554,0.9113,0.034094,0.9167
15,0.030748,0.9113,0.032955,0.9167
16,0.041846,0.8629,0.032437,0.9167
17,0.037201,0.9194,0.032182,0.9167
18,0.036204,0.9032,0.030980,0.9167
19,0.040036,0.8952,0.030899,0.9167
20,0.035193,0.9032,0.032044,0.9167
21,0.031975,0.9194,0.031520,0.9167
22,0.027910,0.9194,0.030809,0.9167
23,0.032415,0.9113,0.029880,0.9167
24,0.031216,0.9032,0.029361,0.9167
25,0.032055,0.9113,0.029610,0.9167
26,0.031861,0.9194,0.029590,0.9167
27,0.029928,0.9113,0.031441,0.9167
28,0.032431,0.8871,0.031274,0.9167
29,0.026782,0.9274,0.030856,0.9167
30,0.027943,0.9274,0.029310,0.9167
31,0.030232,0.9113,0.029969,0.9167
32,0.029240,0.9113,0.030103,0.9167
33,0.027262,0.9194,0.029086,0.9167
34,0.030960,0.9032,0.027948,0.9167
35,0.017608,0.9516,0.027266,0.9167
36,0.032573,0.9032,0.026550,0.9167
37,0.028432,0.9032,0.028022,0.9167
38,0.022458,0.9355,0.027671,0.9167
39,0.034830,0.9032,0.026625,0.9167
40,0.024936,0.9355,0.025482,0.9167
41,0.025786,0.9274,0.026067,0.9167
42,0.020968,0.9516,0.025158,0.9167
43,0.020050,0.9435,0.026653,0.9167
44,0.024959,0.9274,0.024600,0.9167
45,0.029107,0.9113,0.025414,0.9167
46,0.030576,0.9194,0.026228,0.9167
47,0.029405,0.9113,0.024766,0.9167
48,0.030008,0.9274,0.025466,0.9167
49,0.027866,0.9274,0.026630,0.9167
50,0.029640,0.9113,0.026116,0.9167
51,0.032627,0.9274,0.025739,0.9167
52,0.025390,0.9274,0.024032,0.9167
53,0.030947,0.9194,0.025360,0.9167
54,0.029646,0.9194,0.026496,0.9167
55,0.027366,0.9194,0.025567,0.9167
56,0.024211,0.9435,0.025979,0.9167
57,0.026372,0.9274,0.023095,0.9167
58,0.031349,0.9194,0.026023,0.9167
59,0.027999,0.9274,0.024955,0.9167
60,0.028262,0.9113,0.025400,0.9167
61,0.024735,0.9274,0.031042,0.9167
62,0.030780,0.9032,0.027868,0.9167
63,0.036827,0.8629,0.026111,0.9167
64,0.031150,0.9113,0.024498,0.9167
65,0.028071,0.9032,0.026906,0.9167
66,0.030718,0.9113,0.024556,0.9167
67,0.023728,0.9355,0.024941,0.9167
68,0.026743,0.9274,0.023809,0.9167
69,0.027254,0.9274,0.023813,0.9167
70,0.025270,0.9355,0.024404,0.9167
71,0.022660,0.9355,0.025009,0.9167
72,0.027998,0.9355,0.024210,0.9167
73,0.022617,0.9516,0.024123,0.9167
74,0.024349,0.9274,0.023373,0.9167
75,0.030214,0.9194,0.024247,0.9167
76,0.030565,0.9113,0.023850,0.9167
77,0.026733,0.9274,0.022968,0.9167
78,0.024165,0.9274,0.025799,0.9167
79,0.032089,0.9113,0.026689,0.9167
80,0.026725,0.9274,0.026848,0.9167
81,0.020519,0.9435,0.024266,0.9167
82,0.024336,0.9194,0.025865,0.9167
83,0.021432,0.9435,0.024136,0.9167
84,0.032295,0.9113,0.023695,0.9167
85,0.031999,0.9032,0.023835,0.9167
86,0.021235,0.9435,0.025128,0.9167
87,0.026524,0.9274,0.029847,0.9167
88,0.030561,0.9113,0.027582,0.9167
89,0.032306,0.9113,0.027791,0.9167
90,0.036227,0.9032,0.027841,0.9167
91,0.019105,0.9516,0.026051,0.9167
92,0.035411,0.8952,0.027447,0.9167
93,0.028618,0.9194,0.026808,0.9167
94,0.024647,0.9355,0.026733,0.9167
95,0.036007,0.8952,0.024357,0.9167
96,0.027888,0.9274,0.022739,0.9167
97,0.026175,0.9355,0.025115,0.9167
98,0.023180,0.9355,0.026283,0.9167
99,0.027844,0.9274,0.024802,0.9167
100,0.026881,0.9274,0.025831,0.9167
1,0.121426,0.5645,0.099004,0.7292
2,0.091448,0.7419,0.090804,0.7500
3,0.076501,0.7903,0.088545,0.7523
4,0.070283,0.7903,0.084922,0.7731
5,0.068368,0.8226,0.082734,0.7755
6,0.060416,0.8065,0.090178,0.7616
7,0.059552,0.8226,0.068037,0.8241
8,0.056102,0.8548,0.061998,0.8426
9,0.047854,0.8710,0.053169,0.8681
10,0.048084,0.8710,0.045738,0.9051
11,0.036693,0.9113,0.041378,0.9120
12,0.031028,0.9194,0.038946,0.9120
13,0.034410,0.9113,0.035931,0.9167
14,0.030554,0.9113,0.034094,0.9167
15,0.030748,0.9113,0.032955,0.9167
16,0.041846,0.8629,0.032437,0.9167
17,0.037201,0.9194,0.032182,0.9167
18,0.036204,0.9032,0.030980,0.9167
19,0.040036,0.8952,0.030899,0.9167
20,0.035193,0.9032,0.032044,0.9167
21,0.031975,0.9194,0.031520,0.9167
22,0.027910,0.9194,0.030809,0.9167
23,0.032415,0.9113,0.029880,0.9167
24,0.031216,0.9032,0.029361,0.9167
25,0.032055,0.9113,0.029610,0.9167
26,0.031861,0.9194,0.029590,0.9167
27,0.029928,0.9113,0.031441,0.9167
28,0.032431,0.8871,0.031274,0.9167
29,0.026782,0.9274,0.030856,0.9167
30,0.027943,0.9274,0.029310,0.9167
31,0.030232,0.9113,0.029969,0.9167
32,0.029240,0.9113,0.030103,0.9167
33,0.027262,0.9194,0.029086,0.9167
34,0.030960,0.9032,0.027948,0.9167
35,0.017608,0.9516,0.027266,0.9167
36,0.032573,0.9032,0.026550,0.9167
37,0.028432,0.9032,0.028022,0.9167
38,0.022458,0.9355,0.027671,0.9167
39,0.034830,0.9032,0.026625,0.9167
40,0.024936,0.9355,0.025482,0.9167
41,0.025786,0.9274,0.026067,0.9167
42,0.020968,0.9516,0.025158,0.9167
43,0.020050,0.9435,0.026653,0.9167
44,0.024959,0.9274,0.024600,0.9167
45,0.029107,0.9113,0.025414,0.9167
46,0.030576,0.9194,0.026228,0.9167
47,0.029405,0.9113,0.024766,0.9167
48,0.030008,0.9274,0.025466,0.9167
49,0.027866,0.9274,0.026630,0.9167
50,0.029640,0.9113,0.026116,0.9167
51,0.032627,0.9274,0.025739,0.9167
52,0.025390,0.9274,0.024032,0.9167
53,0.030947,0.9194,0.025360,0.9167
54,0.029646,0.9194,0.026496,0.9167
55,0.027366,0.9194,0.025567,0.9167
56,0.024211,0.9435,0.025979,0.9167
57,0.026372,0.9274,0.023095,0.9167
58,0.031349,0.9194,0.026023,0.9167
59,0.027999,0.9274,0.024955,0.9167
60,0.028262,0.9113,0.025400,0.9167
61,0.024735,0.9274,0.031042,0.9167
62,0.030780,0.9032,0.027868,0.9167
63,0.036827,0.8629,0.026111,0.9167
64,0.031150,0.9113,0.024498,0.9167
65,0.028071,0.9032,0.026906,0.9167
66,0.030718,0.9113,0.024556,0.9167
67,0.023728,0.9355,0.024941,0.9167
68,0.026743,0.9274,0.023809,0.9167
69,0.027254,0.9274,0.023813,0.9167
70,0.025270,0.9355,0.024404,0.9167
71,0.022660,0.9355,0.025009,0.9167
72,0.027998,0.9355,0.024210,0.9167
73,0.022617,0.9516,0.024123,0.9167
74,0.024349,0.9274,0.023373,0.9167
75,0.030214,0.9194,0.024247,0.9167
76,0.030565,0.9113,0.023850,0.9167
77,0.026733,0.9274,0.022968,0.9167
78,0.024165,0.9274,0.025799,0.9167
79,0.032089,0.9113,0.026689,0.9167
80,0.026725,0.9274,0.026848,0.9167
81,0.020519,0.9435,0.024266,0.9167
82,0.024336,0.9194,0.025865,0.9167
83,0.021432,0.9435,0.024136,0.9167
84,0.032295,0.9113,0.023695,0.9167
85,0.031999,0.9032,0.023835,0.9167
86,0.021235,0.9435,0.025128,0.9167
87,0.026524,0.9274,0.029847,0.9167
88,0.030561,0.9113,0.027582,0.9167
89,0.032306,0.9113,0.027791,0.9167
90,0.036227,0.9032,0.027841,0.9167
91,0.019105,0.9516,0.026051,0.9167
92,0.035411,0.8952,0.027447,0.9167
93,0.028618,0.9194,0.026808,0.9167
94,0.024647,0.9355,0.026733,0.9167
95,0.036007,0.8952,0.024357,0.9167
96,0.027888,0.9274,0.022739,0.9167
97,0.026175,0.9355,0.025115,0.9167
98,0.023180,0.9355,0.026283,0.9167
99,0.027844,0.9274,0.024802,0.9167
100,0.026881,0.9274,0.025831,0.9167
1,0.121426,0.5645,0.099004,0.7292
2,0.091448,0.7419,0.090804,0.7500
3,0.076501,0.7903,0.088545,0.7523
4,0.070283,0.7903,0.084922,0.7731
5,0.068368,0.8226,0.082734,0.7755
6,0.060416,0.8065,0.090178,0.7616
7,0.059552,0.8226,0.068037,0.8241
8,0.056102,0.8548,0.061998,0.8426
9,0.047854,0.8710,0.053169,0.8681
10,0.048084,0.8710,0.045738,0.9051
11,0.036693,0.9113,0.041378,0.9120
12,0.031028,0.9194,0.038946,0.9120
13,0.034410,0.9113,0.035931,0.9167
14,0.030554,0.9113,0.034094,0.9167
15,0.030748,0.9113,0.032955,0.9167
16,0.041846,0.8629,0.032437,0.9167
17,0.037201,0.9194,0.032182,0.9167
18,0.036204,0.9032,0.030980,0.9167
19,0.040036,0.8952,0.030899,0.9167
20,0.035193,0.9032,0.032044,0.9167
21,0.031975,0.9194,0.031520,0.9167
22,0.027910,0.9194,0.030809,0.9167
23,0.032415,0.9113,0.029880,0.9167
24,0.031216,0.9032,0.029361,0.9167
25,0.032055,0.9113,0.029610,0.9167
26,0.031861,0.9194,0.029590,0.9167
27,0.029928,0.9113,0.031441,0.9167
28,0.032431,0.8871,0.031274,0.9167
29,0.026782,0.9274,0.030856,0.9167
30,0.027943,0.9274,0.029310,0.9167
31,0.030232,0.9113,0.029969,0.9167
32,0.029240,0.9113,0.030103,0.9167
33,0.027262,0.9194,0.029086,0.9167
34,0.030960,0.9032,0.027948,0.9167
35,0.017608,0.9516,0.027266,0.9167
36,0.032573,0.9032,0.026550,0.9167
37,0.028432,0.9032,0.028022,0.9167
38,0.022458,0.9355,0.027671,0.9167
39,0.034830,0.9032,0.026625,0.9167
40,0.024936,0.9355,0.025482,0.9167
41,0.025786,0.9274,0.026067,0.9167
42,0.020968,0.9516,0.025158,0.9167
43,0.020050,0.9435,0.026653,0.9167
44,0.024959,0.9274,0.024600,0.9167
45,0.029107,0.9113,0.025414,0.9167
46,0.030576,0.9194,0.026228,0.9167
47,0.029405,0.9113,0.024766,0.9167
48,0.030008,0.9274,0.025466,0.9167
49,0.027866,0.9274,0.026630,0.9167
50,0.029640,0.9113,0.026116,0.9167
51,0.032627,0.9274,0.025739,0.9167
52,0.025390,0.9274,0.024032,0.9167
53,0.030947,0.9194,0.025360,0.9167
54,0.029646,0.9194,0.026496,0.9167
55,0.027366,0.9194,0.025567,0.9167
56,0.024211,0.9435,0.025979,0.9167
57,0.026372,0.9274,0.023095,0.9167
58,0.031349,0.9194,0.026023,0.9167
59,0.027999,0.9274,0.024955,0.9167
60,0.028262,0.9113,0.025400,0.9167
61,0.024735,0.9274,0.031042,0.9167
62,0.030780,0.9032,0.027868,0.9167
63,0.036827,0.8629,0.026111,0.9167
64,0.031150,0.9113,0.024498,0.9167
65,0.028071,0.9032,0.026906,0.9167
66,0.030718,0.9113,0.024556,0.9167
67,0.023728,0.9355,0.024941,0.9167
68,0.026743,0.9274,0.023809,0.9167
69,0.027254,0.9274,0.023813,0.9167
70,0.025270,0.9355,0.024404,0.9167
71,0.022660,0.9355,0.025009,0.9167
72,0.027998,0.9355,0.024210,0.9167
73,0.022617,0.9516,0.024123,0.9167
74,0.024349,0.9274,0.023373,0.9167
75,0.030214,0.9194,0.024247,0.9167
76,0.030565,0.9113,0.023850,0.9167
77,0.026733,0.9274,0.022968,0.9167
78,0.024165,0.9274,0.025799,0.9167
79,0.032089,0.9113,0.026689,0.9167
80,0.026725,0.9274,0.026848,0.9167
81,0.020519,0.9435,0.024266,0.9167
82,0.024336,0.9194,0.025865,0.9167
83,0.021432,0.9435,0.024136,0.9167
84,0.032295,0.9113,0.023695,0.9167
85,0.031999,0.9032,0.023835,0.9167
86,0.021235,0.9435,0.025128,0.9167
87,0.026524,0.9274,0.029847,0.9167
88,0.030561,0.9113,0.027582,0.9167
89,0.032306,0.9113,0.027791,0.9167
90,0.036227,0.9032,0.027841,0.9167
91,0.019105,0.9516,0.026051,0.9167
92,0.035411,0.8952,0.027447,0.9167
93,0.028618,0.9194,0.026808,0.9167
94,0.024647,0.9355,0.026733,0.9167
95,0.036007,0.8952,0.024357,0.9167
96,0.027888,0.9274,0.022739,0.9167
97,0.026175,0.9355,0.025115,0.9167
98,0.023180,0.9355,0.026283,0.9167
99,0.027844,0.9274,0.024802,0.9167
100,0.026881,0.9274,0.025831,0.9167
1,0.121426,0.5645,0.099004,0.7292
2,0.091448,0.7419,0.090804,0.7500
3,0.076501,0.7903,0.088545,0.7523
4,0.070283,0.7903,0.084922,0.7731
5,0.068368,0.8226,0.082734,0.7755
6,0.060416,0.8065,0.090178,0.7616
7,0.059552,0.8226,0.068037,0.8241
8,0.056102,0.8548,0.061998,0.8426
9,0.047854,0.8710,0.053169,0.8681
10,0.048084,0.8710,0.045738,0.9051
11,0.036693,0.9113,0.041378,0.9120
12,0.031028,0.9194,0.038946,0.9120
13,0.034410,0.9113,0.035931,0.9167
14,0.030554,0.9113,0.034094,0.9167
15,0.030748,0.9113,0.032955,0.9167
16,0.041846,0.8629,0.032437,0.9167
17,0.037201,0.9194,0.032182,0.9167
18,0.036204,0.9032,0.030980,0.9167
19,0.040036,0.8952,0.030899,0.9167
20,0.035193,0.9032,0.032044,0.9167
21,0.031975,0.9194,0.031520,0.9167
22,0.027910,0.9194,0.030809,0.9167
23,0.032415,0.9113,0.029880,0.9167
24,0.031216,0.9032,0.029361,0.9167
25,0.032055,0.9113,0.029610,0.9167
26,0.031861,0.9194,0.029590,0.9167
27,0.029928,0.9113,0.031441,0.9167
28,0.032431,0.8871,0.031274,0.9167
29,0.026782,0.9274,0.030856,0.9167
30,0.027943,0.9274,0.029310,0.9167
31,0.030232,0.9113,0.029969,0.9167
32,0.029240,0.9113,0.030103,0.9167
33,0.027262,0.9194,0.029086,0.9167
34,0.030960,0.9032,0.027948,0.9167
35,0.017608,0.9516,0.027266,0.9167
36,0.032573,0.9032,0.026550,0.9167
37,0.028432,0.9032,0.028022,0.9167
38,0.022458,0.9355,0.027671,0.9167
39,0.034830,0.9032,0.026625,0.9167
40,0.024936,0.9355,0.025482,0.9167
41,0.025786,0.9274,0.026067,0.9167
42,0.020968,0.9516,0.025158,0.9167
43,0.020050,0.9435,0.026653,0.9167
44,0.024959,0.9274,0.024600,0.9167
45,0.029107,0.9113,0.025414,0.9167
46,0.030576,0.9194,0.026228,0.9167
47,0.029405,0.9113,0.024766,0.9167
48,0.030008,0.9274,0.025466,0.9167
49,0.027866,0.9274,0.026630,0.9167
50,0.029640,0.9113,0.026116,0.9167
51,0.032627,0.9274,0.025739,0.9167
52,0.025390,0.9274,0.024032,0.9167
53,0.030947,0.9194,0.025360,0.9167
54,0.029646,0.9194,0.026496,0.9167
55,0.027366,0.9194,0.025567,0.9167
56,0.024211,0.9435,0.025979,0.9167
57,0.026372,0.9274,0.023095,0.9167
58,0.031349,0.9194,0.026023,0.9167
59,0.027999,0.9274,0.024955,0.9167
60,0.028262,0.9113,0.025400,0.9167
61,0.024735,0.9274,0.031042,0.9167
62,0.030780,0.9032,0.027868,0.9167
63,0.036827,0.8629,0.026111,0.9167
64,0.031150,0.9113,0.024498,0.9167
65,0.028071,0.9032,0.026906,0.9167
66,0.030718,0.9113,0.024556,0.9167
67,0.023728,0.9355,0.024941,0.9167
68,0.026743,0.9274,0.023809,0.9167
69,0.027254,0.9274,0.023813,0.9167
70,0.025270,0.9355,0.024404,0.9167
71,0.022660,0.9355,0.025009,0.9167
72,0.027998,0.9355,0.024210,0.9167
73,0.022617,0.9516,0.024123,0.9167
74,0.024349,0.9274,0.023373,0.9167
75,0.030214,0.9194,0.024247,0.9167
76,0.030565,0.9113,0.023850,0.9167
77,0.026733,0.9274,0.022968,0.9167
78,0.024165,0.9274,0.025799,0.9167
79,0.032089,0.9113,0.026689,0.9167
80,0.026725,0.9274,0.026848,0.9167
81,0.020519,0.9435,0.024266,0.9167
82,0.024336,0.9194,0.025865,0.9167
83,0.021432,0.9435,0.024136,0.9167
84,0.032295,0.9113,0.023695,0.9167
85,0.031999,0.9032,0.023835,0.9167
86,0.021235,0.9435,0.025128,0.9167
87,0.026524,0.9274,0.029847,0.9167
88,0.030561,0.9113,0.027582,0.9167
89,0.032306,0.9113,0.027791,0.9167
90,0.036227,0.9032,0.027841,0.9167
91,0.019105,0.9516,0.026051,0.9167
92,0.035411,0.8952,0.027447,0.9167
93,0.028618,0.9194,0.026808,0.9167
94,0.024647,0.9355,0.026733,0.9167
95,0.036007,0.8952,0.024357,0.9167
96,0.027888,0.9274,0.022739,0.9167
97,0.026175,0.9355,0.025115,0.9167
98,0.023180,0.9355,0.026283,0.9167
99,0.027844,0.9274,0.024802,0.9167
100,0.026881,0.9274,0.025831,0.9167
1,0.121426,0.5645,0.099004,0.7292
2,0.091448,0.7419,0.090804,0.7500
3,0.076501,0.7903,0.088545,0.7523
4,0.070283,0.7903,0.084922,0.7731
5,0.068368,0.8226,0.082734,0.7755
6,0.060416,0.8065,0.090178,0.7616
7,0.059552,0.8226,0.068037,0.8241
8,0.056102,0.8548,0.061998,0.8426
9,0.047854,0.8710,0.053169,0.8681
10,0.048084,0.8710,0.045738,0.9051
11,0.036693,0.9113,0.041378,0.9120
12,0.031028,0.9194,0.038946,0.9120
13,0.034410,0.9113,0.035931,0.9167
14,0.030554,0.9113,0.034094,0.9167
15,0.030748,0.9113,0.032955,0.9167
16,0.041846,0.8629,0.032437,0.9167
17,0.037201,0.9194,0.032182,0.9167
18,0.036204,0.9032,0.030980,0.9167
19,0.040036,0.8952,0.030899,0.9167
20,0.035193,0.9032,0.032044,0.9167
21,0.031975,0.9194,0.031520,0.9167
22,0.027910,0.9194,0.030809,0.9167
23,0.032415,0.9113,0.029880,0.9167
24,0.031216,0.9032,0.029361,0.9167
25,0.032055,0.9113,0.029610,0.9167
26,0.031861,0.9194,0.029590,0.9167
27,0.029928,0.9113,0.031441,0.9167
28,0.032431,0.8871,0.031274,0.9167
29,0.026782,0.9274,0.030856,0.9167
30,0.027943,0.9274,0.029310,0.9167
31,0.030232,0.9113,0.029969,0.9167
32,0.029240,0.9113,0.030103,0.9167
33,0.027262,0.9194,0.029086,0.9167
34,0.030960,0.9032,0.027948,0.9167
35,0.017608,0.9516,0.027266,0.9167
36,0.032573,0.9032,0.026550,0.9167
37,0.028432,0.9032,0.028022,0.9167
38,0.022458,0.9355,0.027671,0.9167
39,0.034830,0.9032,0.026625,0.9167
40,0.024936,0.9355,0.025482,0.9167
41,0.025786,0.9274,0.026067,0.9167
42,0.020968,0.9516,0.025158,0.9167
43,0.020050,0.9435,0.026653,0.9167
44,0.024959,0.9274,0.024600,0.9167
45,0.029107,0.9113,0.025414,0.9167
46,0.030576,0.9194,0.026228,0.9167
47,0.029405,0.9113,0.024766,0.9167
48,0.030008,0.9274,0.025466,0.9167
49,0.027866,0.9274,0.026630,0.9167
50,0.029640,0.9113,0.026116,0.9167
51,0.032627,0.9274,0.025739,0.9167
52,0.025390,0.9274,0.024032,0.9167
53,0.030947,0.9194,0.025360,0.9167
54,0.029646,0.9194,0.026496,0.9167
55,0.027366,0.9194,0.025567,0.9167
56,0.024211,0.9435,0.025979,0.9167
57,0.026372,0.9274,0.023095,0.9167
58,0.031349,0.9194,0.026023,0.9167
59,0.027999,0.9274,0.024955,0.9167
60,0.028262,0.9113,0.025400,0.9167
61,0.024735,0.9274,0.031042,0.9167
62,0.030780,0.9032,0.027868,0.9167
63,0.036827,0.8629,0.026111,0.9167
64,0.031150,0.9113,0.024498,0.9167
65,0.028071,0.9032,0.026906,0.9167
66,0.030718,0.9113,0.024556,0.9167
67,0.023728,0.9355,0.024941,0.9167
68,0.026743,0.9274,0.023809,0.9167
69,0.027254,0.9274,0.023813,0.9167
70,0.025270,0.9355,0.024404,0.9167
71,0.022660,0.9355,0.025009,0.9167
72,0.027998,0.9355,0.024210,0.9167
73,0.022617,0.9516,0.024123,0.9167
74,0.024349,0.9274,0.023373,0.9167
75,0.030214,0.9194,0.024247,0.9167
76,0.030565,0.9113,0.023850,0.9167
77,0.026733,0.9274,0.022968,0.9167
78,0.024165,0.9274,0.025799,0.9167
79,0.032089,0.9113,0.026689,0.9167
80,0.026725,0.9274,0.026848,0.9167
81,0.020519,0.9435,0.024266,0.9167
82,0.024336,0.9194,0.025865,0.9167
83,0.021432,0.9435,0.024136,0.9167
84,0.032295,0.9113,0.023695,0.9167
85,0.031999,0.9032,0.023835,0.9167
86,0.021235,0.9435,0.025128,0.9167
87,0.026524,0.9274,0.029847,0.9167
88,0.030561,0.9113,0.027582,0.9167
89,0.032306,0.9113,0.027791,0.9167
90,0.036227,0.9032,0.027841,0.9167
91,0.019105,0.9516,0.026051,0.9167
92,0.035411,0.8952,0.027447,0.9167
93,0.028618,0.9194,0.026808,0.9167
94,0.024647,0.9355,0.026733,0.9167
95,0.036007,0.8952,0.024357,0.9167
96,0.027888,0.9274,0.022739,0.9167
97,0.026175,0.9355,0.025115,0.9167
98,0.023180,0.9355,0.026283,0.9167
99,0.027844,0.9274,0.024802,0.9167
100,0.026881,0.9274,0.025831,0.9167
1,0.108148,0.6532,0.090831,0.7523
2,0.084451,0.7581,0.084685,0.7500
3,0.072557,0.7742,0.080230,0.7917
4,0.058600,0.8387,0.049226,0.8704
5,0.040801,0.9032,0.036411,0.9259
6,0.023290,0.9677,0.021819,0.9583
7,0.017098,0.9597,0.009950,0.9884
8,0.013057,0.9677,0.008759,0.9861
9,0.009022,0.9919,0.003293,1.0000
10,0.014171,0.9597,0.000985,1.0000
11,0.014468,0.9597,0.001993,1.0000
12,0.006924,0.9839,0.000524,1.0000
13,0.008975,0.9758,0.000407,1.0000
14,0.006831,0.9758,0.000293,1.0000
15,0.004304,0.9919,0.000212,1.0000
16,0.002875,1.0000,0.000257,1.0000
17,0.004600,0.9758,0.000254,1.0000
18,0.007975,0.9919,0.000479,1.0000
19,0.004485,0.9839,0.000283,1.0000
20,0.012237,0.9677,0.000162,1.0000
21,0.001824,0.9919,0.000121,1.0000
22,0.004549,0.9919,0.000079,1.0000
23,0.009965,0.9758,0.000058,1.0000
24,0.001462,1.0000,0.000060,1.0000
25,0.011832,0.9677,0.000057,1.0000
26,0.005873,0.9839,0.000071,1.0000
27,0.002724,1.0000,0.000070,1.0000
28,0.005480,0.9919,0.000107,1.0000
29,0.007222,0.9758,0.000150,1.0000
30,0.007564,0.9839,0.000079,1.0000
31,0.002891,0.9919,0.000090,1.0000
32,0.004927,0.9919,0.000066,1.0000
33,0.001307,1.0000,0.000041,1.0000
34,0.004184,0.9919,0.000047,1.0000
35,0.004462,0.9919,0.000032,1.0000
36,0.006332,0.9839,0.000030,1.0000
37,0.004326,0.9919,0.000047,1.0000
38,0.003142,0.9919,0.000083,1.0000
39,0.004711,0.9919,0.000032,1.0000
40,0.003158,0.9919,0.000032,1.0000
41,0.003302,0.9919,0.000020,1.0000
42,0.001594,1.0000,0.000017,1.0000
43,0.009995,0.9758,0.000020,1.0000
44,0.002987,0.9839,0.000018,1.0000
45,0.002206,0.9919,0.000020,1.0000
46,0.007867,0.9758,0.000027,1.0000
47,0.003753,0.9919,0.000022,1.0000
48,0.001444,1.0000,0.000015,1.0000
49,0.005203,0.9919,0.000017,1.0000
50,0.005436,0.9839,0.000020,1.0000
51,0.003167,0.9839,0.000013,1.0000
52,0.000869,1.0000,0.000013,1.0000
53,0.003356,0.9919,0.000013,1.0000
54,0.004567,0.9919,0.000011,1.0000
55,0.004180,0.9839,0.000012,1.0000
56,0.005252,0.9839,0.000013,1.0000
57,0.001746,1.0000,0.000022,1.0000
58,0.004253,0.9919,0.000015,1.0000
59,0.003256,0.9919,0.000012,1.0000
60,0.008304,0.9758,0.000010,1.0000
61,0.002917,0.9919,0.000011,1.0000
62,0.006237,0.9919,0.000010,1.0000
63,0.005451,0.9839,0.000010,1.0000
64,0.010668,0.9758,0.000036,1.0000
65,0.004619,0.9919,0.000032,1.0000
66,0.008124,0.9758,0.000013,1.0000
67,0.005672,0.9839,0.000008,1.0000
68,0.001649,0.9919,0.000010,1.0000
69,0.001398,1.0000,0.000007,1.0000
70,0.003748,0.9839,0.000008,1.0000
71,0.004036,0.9919,0.000008,1.0000
72,0.001150,0.9919,0.000009,1.0000
73,0.002009,0.9919,0.000007,1.0000
74,0.005026,0.9839,0.000007,1.0000
75,0.005665,0.9839,0.000008,1.0000
76,0.005148,0.9919,0.000008,1.0000
77,0.007268,0.9839,0.000072,1.0000
78,0.004171,0.9839,0.000113,1.0000
79,0.006285,0.9839,0.000011,1.0000
80,0.001041,1.0000,0.000009,1.0000
81,0.007294,0.9839,0.000014,1.0000
82,0.000914,1.0000,0.000018,1.0000
83,0.003782,0.9919,0.000012,1.0000
84,0.006216,0.9839,0.000008,1.0000
85,0.002189,0.9919,0.000012,1.0000
86,0.004384,0.9919,0.000041,1.0000
87,0.008172,0.9839,0.000009,1.0000
88,0.007262,0.9677,0.000008,1.0000
89,0.000431,1.0000,0.000008,1.0000
90,0.004741,0.9839,0.000007,1.0000
91,0.000547,1.0000,0.000007,1.0000
92,0.000270,1.0000,0.000007,1.0000
93,0.006351,0.9758,0.000007,1.0000
94,0.005902,0.9839,0.000009,1.0000
95,0.001595,1.0000,0.000007,1.0000
96,0.006789,0.9758,0.000009,1.0000
97,0.012389,0.9677,0.000016,1.0000
98,0.001159,1.0000,0.000012,1.0000
99,0.003312,0.9919,0.000016,1.0000
100,0.004611,0.9839,0.000020,1.0000
1,0.121426,0.5645,0.099004,0.7292
2,0.091448,0.7419,0.090804,0.7500
3,0.076501,0.7903,0.088545,0.7523
4,0.070283,0.7903,0.084922,0.7731
5,0.068368,0.8226,0.082734,0.7755
6,0.060416,0.8065,0.090178,0.7616
7,0.059552,0.8226,0.068037,0.8241
8,0.056102,0.8548,0.061998,0.8426
9,0.047854,0.8710,0.053169,0.8681
10,0.048084,0.8710,0.045738,0.9051
11,0.036693,0.9113,0.041378,0.9120
12,0.031028,0.9194,0.038946,0.9120
13,0.034410,0.9113,0.035931,0.9167
14,0.030554,0.9113,0.034094,0.9167
15,0.030748,0.9113,0.032955,0.9167
16,0.041846,0.8629,0.032437,0.9167
17,0.037201,0.9194,0.032182,0.9167
18,0.036204,0.9032,0.030980,0.9167
19,0.040036,0.8952,0.030899,0.9167
20,0.035193,0.9032,0.032044,0.9167
21,0.031975,0.9194,0.031520,0.9167
22,0.027910,0.9194,0.030809,0.9167
23,0.032415,0.9113,0.029880,0.9167
24,0.031216,0.9032,0.029361,0.9167
25,0.032055,0.9113,0.029610,0.9167
26,0.031861,0.9194,0.029590,0.9167
27,0.029928,0.9113,0.031441,0.9167
28,0.032431,0.8871,0.031274,0.9167
29,0.026782,0.9274,0.030856,0.9167
30,0.027943,0.9274,0.029310,0.9167
31,0.030232,0.9113,0.029969,0.9167
32,0.029240,0.9113,0.030103,0.9167
33,0.027262,0.9194,0.029086,0.9167
34,0.030960,0.9032,0.027948,0.9167
35,0.017608,0.9516,0.027266,0.9167
36,0.032573,0.9032,0.026550,0.9167
37,0.028432,0.9032,0.028022,0.9167
38,0.022458,0.9355,0.027671,0.9167
39,0.034830,0.9032,0.026625,0.9167
40,0.024936,0.9355,0.025482,0.9167
41,0.025786,0.9274,0.026067,0.9167
42,0.020968,0.9516,0.025158,0.9167
43,0.020050,0.9435,0.026653,0.9167
44,0.024959,0.9274,0.024600,0.9167
45,0.029107,0.9113,0.025414,0.9167
46,0.030576,0.9194,0.026228,0.9167
47,0.029405,0.9113,0.024766,0.9167
48,0.030008,0.9274,0.025466,0.9167
49,0.027866,0.9274,0.026630,0.9167
50,0.029640,0.9113,0.026116,0.9167
51,0.032627,0.9274,0.025739,0.9167
52,0.025390,0.9274,0.024032,0.9167
53,0.030947,0.9194,0.025360,0.9167
54,0.029646,0.9194,0.026496,0.9167
55,0.027366,0.9194,0.025567,0.9167
56,0.024211,0.9435,0.025979,0.9167
57,0.026372,0.9274,0.023095,0.9167
58,0.031349,0.9194,0.026023,0.9167
59,0.027999,0.9274,0.024955,0.9167
60,0.028262,0.9113,0.025400,0.9167
61,0.024735,0.9274,0.031042,0.9167
62,0.030780,0.9032,0.027868,0.9167
63,0.036827,0.8629,0.026111,0.9167
64,0.031150,0.9113,0.024498,0.9167
65,0.028071,0.9032,0.026906,0.9167
66,0.030718,0.9113,0.024556,0.9167
67,0.023728,0.9355,0.024941,0.9167
68,0.026743,0.9274,0.023809,0.9167
69,0.027254,0.9274,0.023813,0.9167
70,0.025270,0.9355,0.024404,0.9167
71,0.022660,0.9355,0.025009,0.9167
72,0.027998,0.9355,0.024210,0.9167
73,0.022617,0.9516,0.024123,0.9167
74,0.024349,0.9274,0.023373,0.9167
75,0.030214,0.9194,0.024247,0.9167
76,0.030565,0.9113,0.023850,0.9167
77,0.026733,0.9274,0.022968,0.9167
78,0.024165,0.9274,0.025799,0.9167
79,0.032089,0.9113,0.026689,0.9167
80,0.026725,0.9274,0.026848,0.9167
81,0.020519,0.9435,0.024266,0.9167
82,0.024336,0.9194,0.025865,0.9167
83,0.021432,0.9435,0.024136,0.9167
84,0.032295,0.9113,0.023695,0.9167
85,0.031999,0.9032,0.023835,0.9167
86,0.021235,0.9435,0.025128,0.9167
87,0.026524,0.9274,0.029847,0.9167
88,0.030561,0.9113,0.027582,0.9167
89,0.032306,0.9113,0.027791,0.9167
90,0.036227,0.9032,0.027841,0.9167
91,0.019105,0.9516,0.026051,0.9167
92,0.035411,0.8952,0.027447,0.9167
93,0.028618,0.9194,0.026808,0.9167
94,0.024647,0.9355,0.026733,0.9167
95,0.036007,0.8952,0.024357,0.9167
96,0.027888,0.9274,0.022739,0.9167
97,0.026175,0.9355,0.025115,0.9167
98,0.023180,0.9355,0.026283,0.9167
99,0.027844,0.9274,0.024802,0.9167
100,0.026881,0.9274,0.025831,0.9167
1,0.121426,0.5645,0.099004,0.7292
2,0.091448,0.7419,0.090804,0.7500
3,0.076501,0.7903,0.088545,0.7523
4,0.070283,0.7903,0.084922,0.7731
5,0.068368,0.8226,0.082734,0.7755
6,0.060416,0.8065,0.090178,0.7616
7,0.059552,0.8226,0.068037,0.8241
8,0.056102,0.8548,0.061998,0.8426
9,0.047854,0.8710,0.053169,0.8681
10,0.048084,0.8710,0.045738,0.9051
11,0.036693,0.9113,0.041378,0.9120
12,0.031028,0.9194,0.038946,0.9120
13,0.034410,0.9113,0.035931,0.9167
14,0.030554,0.9113,0.034094,0.9167
15,0.030748,0.9113,0.032955,0.9167
16,0.041846,0.8629,0.032437,0.9167
17,0.037201,0.9194,0.032182,0.9167
18,0.036204,0.9032,0.030980,0.9167
19,0.040036,0.8952,0.030899,0.9167
20,0.035193,0.9032,0.032044,0.9167
21,0.031975,0.9194,0.031520,0.9167
22,0.027910,0.9194,0.030809,0.9167
23,0.032415,0.9113,0.029880,0.9167
24,0.031216,0.9032,0.029361,0.9167
25,0.032055,0.9113,0.029610,0.9167
26,0.031861,0.9194,0.029590,0.9167
27,0.029928,0.9113,0.031441,0.9167
28,0.032431,0.8871,0.031274,0.9167
29,0.026782,0.9274,0.030856,0.9167
30,0.027943,0.9274,0.029310,0.9167
31,0.030232,0.9113,0.029969,0.9167
32,0.029240,0.9113,0.030103,0.9167
33,0.027262,0.9194,0.029086,0.9167
34,0.030960,0.9032,0.027948,0.9167
35,0.017608,0.9516,0.027266,0.9167
36,0.032573,0.9032,0.026550,0.9167
37,0.028432,0.9032,0.028022,0.9167
38,0.022458,0.9355,0.027671,0.9167
39,0.034830,0.9032,0.026625,0.9167
40,0.024936,0.9355,0.025482,0.9167
41,0.025786,0.9274,0.026067,0.9167
42,0.020968,0.9516,0.025158,0.9167
43,0.020050,0.9435,0.026653,0.9167
44,0.024959,0.9274,0.024600,0.9167
45,0.029107,0.9113,0.025414,0.9167
46,0.030576,0.9194,0.026228,0.9167
47,0.029405,0.9113,0.024766,0.9167
48,0.030008,0.9274,0.025466,0.9167
49,0.027866,0.9274,0.026630,0.9167
50,0.029640,0.9113,0.026116,0.9167
51,0.032627,0.9274,0.025739,0.9167
52,0.025390,0.9274,0.024032,0.9167
53,0.030947,0.9194,0.025360,0.9167
54,0.029646,0.9194,0.026496,0.9167
55,0.027366,0.9194,0.025567,0.9167
56,0.024211,0.9435,0.025979,0.9167
57,0.026372,0.9274,0.023095,0.9167
58,0.031349,0.9194,0.026023,0.9167
59,0.027999,0.9274,0.024955,0.9167
60,0.028262,0.9113,0.025400,0.9167
61,0.024735,0.9274,0.031042,0.9167
62,0.030780,0.9032,0.027868,0.9167
63,0.036827,0.8629,0.026111,0.9167
64,0.031150,0.9113,0.024498,0.9167
65,0.028071,0.9032,0.026906,0.9167
66,0.030718,0.9113,0.024556,0.9167
67,0.023728,0.9355,0.024941,0.9167
68,0.026743,0.9274,0.023809,0.9167
69,0.027254,0.9274,0.023813,0.9167
70,0.025270,0.9355,0.024404,0.9167
71,0.022660,0.9355,0.025009,0.9167
72,0.027998,0.9355,0.024210,0.9167
73,0.022617,0.9516,0.024123,0.9167
74,0.024349,0.9274,0.023373,0.9167
75,0.030214,0.9194,0.024247,0.9167
76,0.030565,0.9113,0.023850,0.9167
77,0.026733,0.9274,0.022968,0.9167
78,0.024165,0.9274,0.025799,0.9167
79,0.032089,0.9113,0.026689,0.9167
80,0.026725,0.9274,0.026848,0.9167
81,0.020519,0.9435,0.024266,0.9167
82,0.024336,0.9194,0.025865,0.9167
83,0.021432,0.9435,0.024136,0.9167
84,0.032295,0.9113,0.023695,0.9167
85,0.031999,0.9032,0.023835,0.9167
86,0.021235,0.9435,0.025128,0.9167
87,0.026524,0.9274,0.029847,0.9167
88,0.030561,0.9113,0.027582,0.9167
89,0.032306,0.9113,0.027791,0.9167
90,0.036227,0.9032,0.027841,0.9167
91,0.019105,0.9516,0.026051,0.9167
92,0.035411,0.8952,0.027447,0.9167
93,0.028618,0.9194,0.026808,0.9167
94,0.024647,0.9355,0.026733,0.9167
95,0.036007,0.8952,0.024357,0.9167
96,0.027888,0.9274,0.022739,0.9167
97,0.026175,0.9355,0.025115,0.9167
98,0.023180,0.9355,0.026283,0.9167
99,0.027844,0.9274,0.024802,0.9167
100,0.026881,0.9274,0.025831,0.9167
1,0.108148,0.6532,0.090831,0.7523
2,0.084451,0.7581,0.084685,0.7500
3,0.072557,0.7742,0.080230,0.7917
4,0.058600,0.8387,0.049226,0.8704
5,0.040801,0.9032,0.036411,0.9259
6,0.023290,0.9677,0.021819,0.9583
7,0.017098,0.9597,0.009950,0.9884
8,0.013057,0.9677,0.008759,0.9861
9,0.009022,0.9919,0.003293,1.0000
10,0.014171,0.9597,0.000985,1.0000
11,0.014468,0.9597,0.001993,1.0000
12,0.006924,0.9839,0.000524,1.0000
13,0.008975,0.9758,0.000407,1.0000
14,0.006831,0.9758,0.000293,1.0000
15,0.004304,0.9919,0.000212,1.0000
16,0.002875,1.0000,0.000257,1.0000
17,0.004600,0.9758,0.000254,1.0000
18,0.007975,0.9919,0.000479,1.0000
19,0.004485,0.9839,0.000283,1.0000
20,0.012237,0.9677,0.000162,1.0000
21,0.001824,0.9919,0.000121,1.0000
22,0.004549,0.9919,0.000079,1.0000
23,0.009965,0.9758,0.000058,1.0000
24,0.001462,1.0000,0.000060,1.0000
25,0.011832,0.9677,0.000057,1.0000
26,0.005873,0.9839,0.000071,1.0000
27,0.002724,1.0000,0.000070,1.0000
28,0.005480,0.9919,0.000107,1.0000
29,0.007222,0.9758,0.000150,1.0000
30,0.007564,0.9839,0.000079,1.0000
31,0.002891,0.9919,0.000090,1.0000
32,0.004927,0.9919,0.000066,1.0000
33,0.001307,1.0000,0.000041,1.0000
34,0.004184,0.9919,0.000047,1.0000
35,0.004462,0.9919,0.000032,1.0000
36,0.006332,0.9839,0.000030,1.0000
37,0.004326,0.9919,0.000047,1.0000
38,0.003142,0.9919,0.000083,1.0000
39,0.004711,0.9919,0.000032,1.0000
40,0.003158,0.9919,0.000032,1.0000
41,0.003302,0.9919,0.000020,1.0000
42,0.001594,1.0000,0.000017,1.0000
43,0.009995,0.9758,0.000020,1.0000
44,0.002987,0.9839,0.000018,1.0000
45,0.002206,0.9919,0.000020,1.0000
46,0.007867,0.9758,0.000027,1.0000
47,0.003753,0.9919,0.000022,1.0000
48,0.001444,1.0000,0.000015,1.0000
49,0.005203,0.9919,0.000017,1.0000
50,0.005436,0.9839,0.000020,1.0000
51,0.003167,0.9839,0.000013,1.0000
52,0.000869,1.0000,0.000013,1.0000
53,0.003356,0.9919,0.000013,1.0000
54,0.004567,0.9919,0.000011,1.0000
55,0.004180,0.9839,0.000012,1.0000
56,0.005252,0.9839,0.000013,1.0000
57,0.001746,1.0000,0.000022,1.0000
58,0.004253,0.9919,0.000015,1.0000
59,0.003256,0.9919,0.000012,1.0000
60,0.008304,0.9758,0.000010,1.0000
61,0.002917,0.9919,0.000011,1.0000
62,0.006237,0.9919,0.000010,1.0000
63,0.005451,0.9839,0.000010,1.0000
64,0.010668,0.9758,0.000036,1.0000
65,0.004619,0.9919,0.000032,1.0000
66,0.008124,0.9758,0.000013,1.0000
67,0.005672,0.9839,0.000008,1.0000
68,0.001649,0.9919,0.000010,1.0000
69,0.001398,1.0000,0.000007,1.0000
70,0.003748,0.9839,0.000008,1.0000
71,0.004036,0.9919,0.000008,1.0000
72,0.001150,0.9919,0.000009,1.0000
73,0.002009,0.9919,0.000007,1.0000
74,0.005026,0.9839,0.000007,1.0000
75,0.005665,0.9839,0.000008,1.0000
76,0.005148,0.9919,0.000008,1.0000
77,0.007268,0.9839,0.000072,1.0000
78,0.004171,0.9839,0.000113,1.0000
79,0.006285,0.9839,0.000011,1.0000
80,0.001041,1.0000,0.000009,1.0000
81,0.007294,0.9839,0.000014,1.0000
82,0.000914,1.0000,0.000018,1.0000
83,0.003782,0.9919,0.000012,1.0000
84,0.006216,0.9839,0.000008,1.0000
85,0.002189,0.9919,0.000012,1.0000
86,0.004384,0.9919,0.000041,1.0000
87,0.008172,0.9839,0.000009,1.0000
88,0.007262,0.9677,0.000008,1.0000
89,0.000431,1.0000,0.000008,1.0000
90,0.004741,0.9839,0.000007,1.0000
91,0.000547,1.0000,0.000007,1.0000
92,0.000270,1.0000,0.000007,1.0000
93,0.006351,0.9758,0.000007,1.0000
94,0.005902,0.9839,0.000009,1.0000
95,0.001595,1.0000,0.000007,1.0000
96,0.006789,0.9758,0.000009,1.0000
97,0.012389,0.9677,0.000016,1.0000
98,0.001159,1.0000,0.000012,1.0000
99,0.003312,0.9919,0.000016,1.0000
100,0.004611,0.9839,0.000020,1.0000
1,0.130885,0.4677,0.124975,0.4792
2,0.128660,0.5161,0.123875,0.5556
3,0.126606,0.6452,0.121917,0.6366
4,0.121765,0.6613,0.115954,0.7431
5,0.111700,0.7581,0.105374,0.7431
6,0.099447,0.7419,0.092153,0.7917
7,0.086422,0.7823,0.081799,0.7963
8,0.074925,0.7823,0.073721,0.7824
9,0.070176,0.8145,0.063874,0.8403
10,0.064586,0.8306,0.058075,0.8449
11,0.067638,0.7903,0.053697,0.8403
12,0.057363,0.8226,0.047690,0.8704
13,0.059382,0.7984,0.044357,0.8519
14,0.055606,0.8468,0.039948,0.8889
15,0.052523,0.8790,0.037113,0.9236
16,0.065053,0.8387,0.034651,0.9259
17,0.058556,0.8548,0.033372,0.9213
18,0.050744,0.8871,0.031710,0.9167
19,0.064515,0.8145,0.028863,0.9282
20,0.053911,0.8548,0.027325,0.9375
21,0.055685,0.8952,0.026563,0.9514
22,0.049104,0.8790,0.025174,0.9421
23,0.049170,0.8629,0.024722,0.9398
24,0.052170,0.8710,0.023031,0.9444
25,0.071500,0.7903,0.022384,0.9329
26,0.051432,0.8710,0.021147,0.9583
27,0.056279,0.8468,0.021155,0.9421
28,0.060379,0.8790,0.020552,0.9306
29,0.057043,0.8306,0.019348,0.9444
30,0.041016,0.9194,0.018872,0.9421
31,0.045197,0.8952,0.018518,0.9491
32,0.064650,0.8468,0.018499,0.9444
33,0.037397,0.9355,0.017759,0.9606
34,0.049488,0.9113,0.017456,0.9583
35,0.044618,0.8871,0.017388,0.9583
36,0.053467,0.8710,0.017111,0.9514
37,0.052575,0.8468,0.016912,0.9491
38,0.057056,0.8468,0.016314,0.9745
39,0.053143,0.8871,0.016322,0.9583
40,0.046308,0.8952,0.016143,0.9444
41,0.053679,0.8710,0.015644,0.9491
42,0.052395,0.9032,0.015512,0.9537
43,0.054974,0.8952,0.015401,0.9537
44,0.049402,0.9032,0.014992,0.9560
45,0.051694,0.8710,0.015674,0.9352
46,0.047236,0.8548,0.014872,0.9537
47,0.049978,0.9274,0.014547,0.9769
48,0.053138,0.9274,0.014420,0.9815
49,0.052802,0.8790,0.014380,0.9792
50,0.054845,0.9032,0.014528,0.9769
51,0.042491,0.9274,0.014572,0.9583
52,0.053519,0.8871,0.014468,0.9606
53,0.052879,0.8790,0.013838,0.9792
54,0.068221,0.8306,0.013843,0.9722
55,0.050423,0.8710,0.013642,0.9722
56,0.050235,0.8952,0.013239,0.9838
57,0.054566,0.9032,0.013419,0.9792
58,0.061178,0.8306,0.013528,0.9769
59,0.046360,0.9355,0.013379,0.9815
60,0.054770,0.9274,0.013237,0.9861
61,0.040357,0.9516,0.013042,0.9954
62,0.050201,0.9194,0.013202,0.9954
63,0.075426,0.8468,0.013513,0.9722
64,0.061261,0.8710,0.013982,0.9676
65,0.066053,0.8548,0.013283,0.9907
66,0.062733,0.8065,0.013517,0.9676
67,0.048663,0.8952,0.013343,0.9769
68,0.053712,0.9194,0.013315,0.9838
69,0.049113,0.9194,0.013061,0.9931
70,0.044156,0.9516,0.013041,0.9931
71,0.055977,0.9194,0.013096,0.9838
72,0.067988,0.8145,0.013173,0.9838
73,0.054347,0.9032,0.013131,0.9838
74,0.060177,0.8548,0.012996,0.9884
75,0.054635,0.8710,0.012938,0.9884
76,0.051596,0.9274,0.012943,0.9838
77,0.053002,0.9032,0.012867,0.9861
78,0.052097,0.9355,0.012774,0.9907
79,0.053271,0.8871,0.012903,0.9838
80,0.047599,0.9274,0.012730,0.9931
81,0.056174,0.9113,0.012753,0.9931
82,0.062641,0.8790,0.012619,1.0000
83,0.072923,0.8548,0.012707,0.9977
84,0.052857,0.9274,0.012688,0.9931
85,0.055842,0.9032,0.012759,0.9907
86,0.054715,0.9032,0.012756,0.9931
87,0.048449,0.9597,0.012562,1.0000
88,0.057967,0.9032,0.012615,0.9954
89,0.043459,0.9597,0.012519,0.9977
90,0.052375,0.9355,0.012483,0.9977
91,0.057874,0.8790,0.012430,0.9954
92,0.064664,0.8548,0.013119,0.9745
93,0.060856,0.8629,0.013529,0.9630
94,0.052622,0.9032,0.012721,0.9884
95,0.055745,0.8952,0.012457,0.9977
96,0.066005,0.8629,0.012638,0.9907
97,0.064138,0.8548,0.012960,0.9884
98,0.068799,0.8710,0.012967,0.9884
99,0.056803,0.9032,0.013225,0.9861
100,0.054528,0.9032,0.013085,0.9884
1,0.126451,0.5161,0.122022,0.5046
2,0.119993,0.6290,0.116336,0.7222
3,0.106104,0.7258,0.106986,0.7500
4,0.094099,0.7984,0.106299,0.7199
5,0.083915,0.8145,0.088551,0.7639
6,0.065596,0.8548,0.072989,0.8264
7,0.047370,0.9032,0.058759,0.8310
8,0.034301,0.9194,0.041297,0.8889
9,0.015376,0.9677,0.019822,0.9514
10,0.005018,1.0000,0.019707,0.9352
11,0.002885,1.0000,0.008508,0.9792
12,0.001241,1.0000,0.005095,0.9884
13,0.000490,1.0000,0.005020,0.9861
14,0.000305,1.0000,0.001915,0.9977
15,0.000225,1.0000,0.002539,0.9977
16,0.000146,1.0000,0.001147,1.0000
17,0.000108,1.0000,0.000926,1.0000
18,0.000072,1.0000,0.000726,1.0000
19,0.000058,1.0000,0.000615,1.0000
20,0.000047,1.0000,0.000324,1.0000
21,0.000042,1.0000,0.000261,1.0000
22,0.000034,1.0000,0.000265,1.0000
23,0.000027,1.0000,0.000236,1.0000
24,0.000023,1.0000,0.000158,1.0000
25,0.000022,1.0000,0.000161,1.0000
26,0.000020,1.0000,0.000122,1.0000
27,0.000016,1.0000,0.000112,1.0000
28,0.000015,1.0000,0.000083,1.0000
29,0.000012,1.0000,0.000081,1.0000
30,0.000012,1.0000,0.000074,1.0000
31,0.000010,1.0000,0.000060,1.0000
32,0.000009,1.0000,0.000053,1.0000
33,0.000009,1.0000,0.000050,1.0000
34,0.000008,1.0000,0.000048,1.0000
35,0.000007,1.0000,0.000035,1.0000
36,0.000007,1.0000,0.000038,1.0000
37,0.000007,1.0000,0.000034,1.0000
38,0.000006,1.0000,0.000029,1.0000
39,0.000006,1.0000,0.000026,1.0000
40,0.000005,1.0000,0.000024,1.0000
41,0.000005,1.0000,0.000022,1.0000
42,0.000005,1.0000,0.000023,1.0000
43,0.000005,1.0000,0.000020,1.0000
44,0.000004,1.0000,0.000018,1.0000
45,0.000004,1.0000,0.000017,1.0000
46,0.000004,1.0000,0.000015,1.0000
47,0.000003,1.0000,0.000015,1.0000
48,0.000003,1.0000,0.000014,1.0000
49,0.000003,1.0000,0.000013,1.0000
50,0.000003,1.0000,0.000012,1.0000
51,0.000003,1.0000,0.000011,1.0000
52,0.000003,1.0000,0.000010,1.0000
53,0.000003,1.0000,0.000010,1.0000
54,0.000002,1.0000,0.000009,1.0000
55,0.000002,1.0000,0.000009,1.0000
56,0.000002,1.0000,0.000008,1.0000
57,0.000002,1.0000,0.000008,1.0000
58,0.000002,1.0000,0.000008,1.0000
59,0.000002,1.0000,0.000007,1.0000
60,0.000002,1.0000,0.000007,1.0000
61,0.000002,1.0000,0.000007,1.0000
62,0.000002,1.0000,0.000007,1.0000
63,0.000002,1.0000,0.000006,1.0000
64,0.000002,1.0000,0.000006,1.0000
65,0.000002,1.0000,0.000006,1.0000
66,0.000002,1.0000,0.000006,1.0000
67,0.000002,1.0000,0.000005,1.0000
68,0.000001,1.0000,0.000005,1.0000
69,0.000001,1.0000,0.000005,1.0000
70,0.000001,1.0000,0.000005,1.0000
71,0.000001,1.0000,0.000005,1.0000
72,0.000001,1.0000,0.000004,1.0000
73,0.000001,1.0000,0.000004,1.0000
74,0.000001,1.0000,0.000004,1.0000
75,0.000001,1.0000,0.000004,1.0000
76,0.000001,1.0000,0.000004,1.0000
77,0.000001,1.0000,0.000004,1.0000
78,0.000001,1.0000,0.000004,1.0000
79,0.000001,1.0000,0.000004,1.0000
80,0.000001,1.0000,0.000003,1.0000
81,0.000001,1.0000,0.000003,1.0000
82,0.000001,1.0000,0.000003,1.0000
83,0.000001,1.0000,0.000003,1.0000
84,0.000001,1.0000,0.000003,1.0000
85,0.000001,1.0000,0.000003,1.0000
86,0.000001,1.0000,0.000003,1.0000
87,0.000001,1.0000,0.000003,1.0000
88,0.000001,1.0000,0.000003,1.0000
89,0.000001,1.0000,0.000003,1.0000
90,0.000001,1.0000,0.000003,1.0000
91,0.000001,1.0000,0.000003,1.0000
92,0.000001,1.0000,0.000002,1.0000
93,0.000001,1.0000,0.000002,1.0000
94,0.000001,1.0000,0.000002,1.0000
95,0.000001,1.0000,0.000002,1.0000
96,0.000001,1.0000,0.000002,1.0000
97,0.000001,1.0000,0.000002,1.0000
98,0.000001,1.0000,0.000002,1.0000
99,0.000001,1.0000,0.000002,1.0000
100,0.000001,1.0000,0.000002,1.0000
1,0.112601,0.6855,0.107963,0.6690
2,0.080747,0.7823,0.095674,0.7245
3,0.075560,0.7984,0.084890,0.7500
4,0.070051,0.8145,0.086544,0.7454
5,0.063719,0.8468,0.095719,0.7477
6,0.071199,0.7984,0.080357,0.7569
7,0.055917,0.8468,0.073398,0.7847
8,0.046368,0.8790,0.070519,0.8032
9,0.049180,0.8629,0.062299,0.8287
10,0.044887,0.8790,0.057972,0.8264
11,0.046161,0.8871,0.055903,0.8310
12,0.039956,0.9032,0.053504,0.8333
13,0.039448,0.8790,0.052674,0.8426
14,0.038654,0.8790,0.045101,0.8727
15,0.037757,0.8952,0.044230,0.8889
16,0.035433,0.9194,0.036199,0.9167
17,0.038314,0.8871,0.032091,0.9167
18,0.026880,0.9113,0.020748,0.9282
19,0.025661,0.9435,0.011760,0.9861
20,0.018125,0.9597,0.006966,1.0000
21,0.010602,0.9839,0.004839,1.0000
22,0.011522,0.9677,0.004643,1.0000
23,0.010381,0.9677,0.003606,1.0000
24,0.004132,1.0000,0.002564,1.0000
25,0.009368,0.9758,0.002369,1.0000
26,0.005008,0.9919,0.002177,1.0000
27,0.007541,0.9758,0.002413,1.0000
28,0.007562,0.9839,0.002468,1.0000
29,0.006932,0.9839,0.002475,1.0000
30,0.006461,0.9839,0.001524,1.0000
31,0.005928,0.9839,0.001371,1.0000
32,0.008688,0.9758,0.000806,1.0000
33,0.007633,0.9839,0.000650,1.0000
34,0.003505,0.9919,0.000614,1.0000
35,0.008221,0.9758,0.000524,1.0000
36,0.010719,0.9677,0.000731,1.0000
37,0.004576,0.9919,0.001436,1.0000
38,0.009001,0.9758,0.001061,1.0000
39,0.008384,0.9758,0.000657,1.0000
40,0.007316,0.9839,0.000544,1.0000
41,0.003332,0.9919,0.000537,1.0000
42,0.011017,0.9677,0.000501,1.0000
43,0.003974,0.9919,0.000647,1.0000
44,0.007558,0.9839,0.000629,1.0000
45,0.003812,0.9919,0.000556,1.0000
46,0.003996,0.9919,0.000681,1.0000
47,0.003861,0.9919,0.000524,1.0000
48,0.010936,0.9597,0.000409,1.0000
49,0.003261,0.9919,0.000554,1.0000
50,0.010094,0.9677,0.000517,1.0000
51,0.012932,0.9677,0.000912,1.0000
52,0.009243,0.9758,0.000273,1.0000
53,0.007230,0.9839,0.000512,1.0000
54,0.008212,0.9758,0.001110,1.0000
55,0.005813,0.9839,0.001351,1.0000
56,0.008032,0.9758,0.000578,1.0000
57,0.013988,0.9516,0.000397,1.0000
58,0.013478,0.9597,0.000388,1.0000
59,0.002089,0.9919,0.000323,1.0000
60,0.004072,0.9839,0.000255,1.0000
61,0.002943,1.0000,0.000526,1.0000
62,0.007951,0.9758,0.000288,1.0000
63,0.009923,0.9758,0.000265,1.0000
64,0.001391,1.0000,0.000200,1.0000
65,0.007249,0.9758,0.000214,1.0000
66,0.010038,0.9677,0.000210,1.0000
67,0.008098,0.9758,0.000179,1.0000
68,0.008062,0.9758,0.000232,1.0000
69,0.013226,0.9597,0.000152,1.0000
70,0.001495,1.0000,0.000135,1.0000
71,0.001830,1.0000,0.000177,1.0000
72,0.007204,0.9758,0.000139,1.0000
73,0.000745,1.0000,0.000167,1.0000
74,0.009719,0.9758,0.000215,1.0000
75,0.012329,0.9597,0.000301,1.0000
76,0.005169,0.9839,0.000286,1.0000
77,0.011530,0.9677,0.000273,1.0000
78,0.008520,0.9758,0.000217,1.0000
79,0.013215,0.9597,0.000137,1.0000
80,0.009719,0.9758,0.000238,1.0000
81,0.013943,0.9597,0.000131,1.0000
82,0.003541,0.9919,0.000128,1.0000
83,0.008760,0.9758,0.000108,1.0000
84,0.007863,0.9839,0.000118,1.0000
85,0.003797,0.9919,0.000128,1.0000
86,0.006606,0.9758,0.000080,1.0000
87,0.005871,0.9839,0.000119,1.0000
88,0.007222,0.9758,0.000071,1.0000
89,0.005954,0.9839,0.000056,1.0000
90,0.004876,0.9839,0.000076,1.0000
91,0.005699,0.9839,0.000095,1.0000
92,0.004924,0.9839,0.000068,1.0000
93,0.005341,0.9839,0.000064,1.0000
94,0.004366,0.9919,0.000076,1.0000
95,0.008783,0.9758,0.000065,1.0000
96,0.001419,0.9919,0.000068,1.0000
97,0.004995,0.9919,0.000068,1.0000
98,0.005220,0.9919,0.000111,1.0000
99,0.008763,0.9758,0.000107,1.0000
100,0.001972,0.9919,0.000128,1.0000
1,0.112601,0.6855,0.107963,0.6690
2,0.080747,0.7823,0.095674,0.7245
3,0.075560,0.7984,0.084890,0.7500
4,0.070051,0.8145,0.086544,0.7454
5,0.063719,0.8468,0.095719,0.7477
6,0.071199,0.7984,0.080357,0.7569
7,0.055917,0.8468,0.073398,0.7847
8,0.046368,0.8790,0.070519,0.8032
9,0.049180,0.8629,0.062299,0.8287
10,0.044887,0.8790,0.057972,0.8264
11,0.046161,0.8871,0.055903,0.8310
12,0.039956,0.9032,0.053504,0.8333
13,0.039448,0.8790,0.052674,0.8426
14,0.038654,0.8790,0.045101,0.8727
15,0.037757,0.8952,0.044230,0.8889
16,0.035433,0.9194,0.036199,0.9167
17,0.038314,0.8871,0.032091,0.9167
18,0.026880,0.9113,0.020748,0.9282
19,0.025661,0.9435,0.011760,0.9861
20,0.018125,0.9597,0.006966,1.0000
21,0.010602,0.9839,0.004839,1.0000
22,0.011522,0.9677,0.004643,1.0000
23,0.010381,0.9677,0.003606,1.0000
24,0.004132,1.0000,0.002564,1.0000
25,0.009368,0.9758,0.002369,1.0000
26,0.005008,0.9919,0.002177,1.0000
27,0.007541,0.9758,0.002413,1.0000
28,0.007562,0.9839,0.002468,1.0000
29,0.006932,0.9839,0.002475,1.0000
30,0.006461,0.9839,0.001524,1.0000
31,0.005928,0.9839,0.001371,1.0000
32,0.008688,0.9758,0.000806,1.0000
33,0.007633,0.9839,0.000650,1.0000
34,0.003505,0.9919,0.000614,1.0000
35,0.008221,0.9758,0.000524,1.0000
36,0.010719,0.9677,0.000731,1.0000
37,0.004576,0.9919,0.001436,1.0000
38,0.009001,0.9758,0.001061,1.0000
39,0.008384,0.9758,0.000657,1.0000
40,0.007316,0.9839,0.000544,1.0000
41,0.003332,0.9919,0.000537,1.0000
42,0.011017,0.9677,0.000501,1.0000
43,0.003974,0.9919,0.000647,1.0000
44,0.007558,0.9839,0.000629,1.0000
45,0.003812,0.9919,0.000556,1.0000
46,0.003996,0.9919,0.000681,1.0000
47,0.003861,0.9919,0.000524,1.0000
48,0.010936,0.9597,0.000409,1.0000
49,0.003261,0.9919,0.000554,1.0000
50,0.010094,0.9677,0.000517,1.0000
51,0.012932,0.9677,0.000912,1.0000
52,0.009243,0.9758,0.000273,1.0000
53,0.007230,0.9839,0.000512,1.0000
54,0.008212,0.9758,0.001110,1.0000
55,0.005813,0.9839,0.001351,1.0000
56,0.008032,0.9758,0.000578,1.0000
57,0.013988,0.9516,0.000397,1.0000
58,0.013478,0.9597,0.000388,1.0000
59,0.002089,0.9919,0.000323,1.0000
60,0.004072,0.9839,0.000255,1.0000
61,0.002943,1.0000,0.000526,1.0000
62,0.007951,0.9758,0.000288,1.0000
63,0.009923,0.9758,0.000265,1.0000
64,0.001391,1.0000,0.000200,1.0000
65,0.007249,0.9758,0.000214,1.0000
66,0.010038,0.9677,0.000210,1.0000
67,0.008098,0.9758,0.000179,1.0000
68,0.008062,0.9758,0.000232,1.0000
69,0.013226,0.9597,0.000152,1.0000
70,0.001495,1.0000,0.000135,1.0000
71,0.001830,1.0000,0.000177,1.0000
72,0.007204,0.9758,0.000139,1.0000
73,0.000745,1.0000,0.000167,1.0000
74,0.009719,0.9758,0.000215,1.0000
75,0.012329,0.9597,0.000301,1.0000
76,0.005169,0.9839,0.000286,1.0000
77,0.011530,0.9677,0.000273,1.0000
78,0.008520,0.9758,0.000217,1.0000
79,0.013215,0.9597,0.000137,1.0000
80,0.009719,0.9758,0.000238,1.0000
81,0.013943,0.9597,0.000131,1.0000
82,0.003541,0.9919,0.000128,1.0000
83,0.008760,0.9758,0.000108,1.0000
84,0.007863,0.9839,0.000118,1.0000
85,0.003797,0.9919,0.000128,1.0000
86,0.006606,0.9758,0.000080,1.0000
87,0.005871,0.9839,0.000119,1.0000
88,0.007222,0.9758,0.000071,1.0000
89,0.005954,0.9839,0.000056,1.0000
90,0.004876,0.9839,0.000076,1.0000
91,0.005699,0.9839,0.000095,1.0000
92,0.004924,0.9839,0.000068,1.0000
93,0.005341,0.9839,0.000064,1.0000
94,0.004366,0.9919,0.000076,1.0000
95,0.008783,0.9758,0.000065,1.0000
96,0.001419,0.9919,0.000068,1.0000
97,0.004995,0.9919,0.000068,1.0000
98,0.005220,0.9919,0.000111,1.0000
99,0.008763,0.9758,0.000107,1.0000
100,0.001972,0.9919,0.000128,1.0000
1,0.112601,0.6855,0.107963,0.6690
2,0.080747,0.7823,0.095674,0.7245
3,0.075560,0.7984,0.084890,0.7500
4,0.070051,0.8145,0.086544,0.7454
5,0.063719,0.8468,0.095719,0.7477
6,0.071199,0.7984,0.080357,0.7569
7,0.055917,0.8468,0.073398,0.7847
8,0.046368,0.8790,0.070519,0.8032
9,0.049180,0.8629,0.062299,0.8287
10,0.044887,0.8790,0.057972,0.8264
11,0.046161,0.8871,0.055903,0.8310
12,0.039956,0.9032,0.053504,0.8333
13,0.039448,0.8790,0.052674,0.8426
14,0.038654,0.8790,0.045101,0.8727
15,0.037757,0.8952,0.044230,0.8889
16,0.035433,0.9194,0.036199,0.9167
17,0.038314,0.8871,0.032091,0.9167
18,0.026880,0.9113,0.020748,0.9282
19,0.025661,0.9435,0.011760,0.9861
20,0.018125,0.9597,0.006966,1.0000
21,0.010602,0.9839,0.004839,1.0000
22,0.011522,0.9677,0.004643,1.0000
23,0.010381,0.9677,0.003606,1.0000
24,0.004132,1.0000,0.002564,1.0000
25,0.009368,0.9758,0.002369,1.0000
26,0.005008,0.9919,0.002177,1.0000
27,0.007541,0.9758,0.002413,1.0000
28,0.007562,0.9839,0.002468,1.0000
29,0.006932,0.9839,0.002475,1.0000
30,0.006461,0.9839,0.001524,1.0000
31,0.005928,0.9839,0.001371,1.0000
32,0.008688,0.9758,0.000806,1.0000
33,0.007633,0.9839,0.000650,1.0000
34,0.003505,0.9919,0.000614,1.0000
35,0.008221,0.9758,0.000524,1.0000
36,0.010719,0.9677,0.000731,1.0000
37,0.004576,0.9919,0.001436,1.0000
38,0.009001,0.9758,0.001061,1.0000
39,0.008384,0.9758,0.000657,1.0000
40,0.007316,0.9839,0.000544,1.0000
41,0.003332,0.9919,0.000537,1.0000
42,0.011017,0.9677,0.000501,1.0000
43,0.003974,0.9919,0.000647,1.0000
44,0.007558,0.9839,0.000629,1.0000
45,0.003812,0.9919,0.000556,1.0000
46,0.003996,0.9919,0.000681,1.0000
47,0.003861,0.9919,0.000524,1.0000
48,0.010936,0.9597,0.000409,1.0000
49,0.003261,0.9919,0.000554,1.0000
50,0.010094,0.9677,0.000517,1.0000
51,0.012932,0.9677,0.000912,1.0000
52,0.009243,0.9758,0.000273,1.0000
53,0.007230,0.9839,0.000512,1.0000
54,0.008212,0.9758,0.001110,1.0000
55,0.005813,0.9839,0.001351,1.0000
56,0.008032,0.9758,0.000578,1.0000
57,0.013988,0.9516,0.000397,1.0000
58,0.013478,0.9597,0.000388,1.0000
59,0.002089,0.9919,0.000323,1.0000
60,0.004072,0.9839,0.000255,1.0000
61,0.002943,1.0000,0.000526,1.0000
62,0.007951,0.9758,0.000288,1.0000
63,0.009923,0.9758,0.000265,1.0000
64,0.001391,1.0000,0.000200,1.0000
65,0.007249,0.9758,0.000214,1.0000
66,0.010038,0.9677,0.000210,1.0000
67,0.008098,0.9758,0.000179,1.0000
68,0.008062,0.9758,0.000232,1.0000
69,0.013226,0.9597,0.000152,1.0000
70,0.001495,1.0000,0.000135,1.0000
71,0.001830,1.0000,0.000177,1.0000
72,0.007204,0.9758,0.000139,1.0000
73,0.000745,1.0000,0.000167,1.0000
74,0.009719,0.9758,0.000215,1.0000
75,0.012329,0.9597,0.000301,1.0000
76,0.005169,0.9839,0.000286,1.0000
77,0.011530,0.9677,0.000273,1.0000
78,0.008520,0.9758,0.000217,1.0000
79,0.013215,0.9597,0.000137,1.0000
80,0.009719,0.9758,0.000238,1.0000
81,0.013943,0.9597,0.000131,1.0000
82,0.003541,0.9919,0.000128,1.0000
83,0.008760,0.9758,0.000108,1.0000
84,0.007863,0.9839,0.000118,1.0000
85,0.003797,0.9919,0.000128,1.0000
86,0.006606,0.9758,0.000080,1.0000
87,0.005871,0.9839,0.000119,1.0000
88,0.007222,0.9758,0.000071,1.0000
89,0.005954,0.9839,0.000056,1.0000
90,0.004876,0.9839,0.000076,1.0000
91,0.005699,0.9839,0.000095,1.0000
92,0.004924,0.9839,0.000068,1.0000
93,0.005341,0.9839,0.000064,1.0000
94,0.004366,0.9919,0.000076,1.0000
95,0.008783,0.9758,0.000065,1.0000
96,0.001419,0.9919,0.000068,1.0000
97,0.004995,0.9919,0.000068,1.0000
98,0.005220,0.9919,0.000111,1.0000
99,0.008763,0.9758,0.000107,1.0000
100,0.001972,0.9919,0.000128,1.0000
1,0.112601,0.6855,0.107963,0.6690
2,0.080747,0.7823,0.095674,0.7245
3,0.075560,0.7984,0.084890,0.7500
4,0.070051,0.8145,0.086544,0.7454
5,0.063719,0.8468,0.095719,0.7477
6,0.071199,0.7984,0.080357,0.7569
7,0.055917,0.8468,0.073398,0.7847
8,0.046368,0.8790,0.070519,0.8032
9,0.049180,0.8629,0.062299,0.8287
10,0.044887,0.8790,0.057972,0.8264
11,0.046161,0.8871,0.055903,0.8310
12,0.039956,0.9032,0.053504,0.8333
13,0.039448,0.8790,0.052674,0.8426
14,0.038654,0.8790,0.045101,0.8727
15,0.037757,0.8952,0.044230,0.8889
16,0.035433,0.9194,0.036199,0.9167
17,0.038314,0.8871,0.032091,0.9167
18,0.026880,0.9113,0.020748,0.9282
19,0.025661,0.9435,0.011760,0.9861
20,0.018125,0.9597,0.006966,1.0000
21,0.010602,0.9839,0.004839,1.0000
22,0.011522,0.9677,0.004643,1.0000
23,0.010381,0.9677,0.003606,1.0000
24,0.004132,1.0000,0.002564,1.0000
25,0.009368,0.9758,0.002369,1.0000
26,0.005008,0.9919,0.002177,1.0000
27,0.007541,0.9758,0.002413,1.0000
28,0.007562,0.9839,0.002468,1.0000
29,0.006932,0.9839,0.002475,1.0000
30,0.006461,0.9839,0.001524,1.0000
31,0.005928,0.9839,0.001371,1.0000
32,0.008688,0.9758,0.000806,1.0000
33,0.007633,0.9839,0.000650,1.0000
34,0.003505,0.9919,0.000614,1.0000
35,0.008221,0.9758,0.000524,1.0000
36,0.010719,0.9677,0.000731,1.0000
37,0.004576,0.9919,0.001436,1.0000
38,0.009001,0.9758,0.001061,1.0000
39,0.008384,0.9758,0.000657,1.0000
40,0.007316,0.9839,0.000544,1.0000
41,0.003332,0.9919,0.000537,1.0000
42,0.011017,0.9677,0.000501,1.0000
43,0.003974,0.9919,0.000647,1.0000
44,0.007558,0.9839,0.000629,1.0000
45,0.003812,0.9919,0.000556,1.0000
46,0.003996,0.9919,0.000681,1.0000
47,0.003861,0.9919,0.000524,1.0000
48,0.010936,0.9597,0.000409,1.0000
49,0.003261,0.9919,0.000554,1.0000
50,0.010094,0.9677,0.000517,1.0000
51,0.012932,0.9677,0.000912,1.0000
52,0.009243,0.9758,0.000273,1.0000
53,0.007230,0.9839,0.000512,1.0000
54,0.008212,0.9758,0.001110,1.0000
55,0.005813,0.9839,0.001351,1.0000
56,0.008032,0.9758,0.000578,1.0000
57,0.013988,0.9516,0.000397,1.0000
58,0.013478,0.9597,0.000388,1.0000
59,0.002089,0.9919,0.000323,1.0000
60,0.004072,0.9839,0.000255,1.0000
61,0.002943,1.0000,0.000526,1.0000
62,0.007951,0.9758,0.000288,1.0000
63,0.009923,0.9758,0.000265,1.0000
64,0.001391,1.0000,0.000200,1.0000
65,0.007249,0.9758,0.000214,1.0000
66,0.010038,0.9677,0.000210,1.0000
67,0.008098,0.9758,0.000179,1.0000
68,0.008062,0.9758,0.000232,1.0000
69,0.013226,0.9597,0.000152,1.0000
70,0.001495,1.0000,0.000135,1.0000
71,0.001830,1.0000,0.000177,1.0000
72,0.007204,0.9758,0.000139,1.0000
73,0.000745,1.0000,0.000167,1.0000
74,0.009719,0.9758,0.000215,1.0000
75,0.012329,0.9597,0.000301,1.0000
76,0.005169,0.9839,0.000286,1.0000
77,0.011530,0.9677,0.000273,1.0000
78,0.008520,0.9758,0.000217,1.0000
79,0.013215,0.9597,0.000137,1.0000
80,0.009719,0.9758,0.000238,1.0000
81,0.013943,0.9597,0.000131,1.0000
82,0.003541,0.9919,0.000128,1.0000
83,0.008760,0.9758,0.000108,1.0000
84,0.007863,0.9839,0.000118,1.0000
85,0.003797,0.9919,0.000128,1.0000
86,0.006606,0.9758,0.000080,1.0000
87,0.005871,0.9839,0.000119,1.0000
88,0.007222,0.9758,0.000071,1.0000
89,0.005954,0.9839,0.000056,1.0000
90,0.004876,0.9839,0.000076,1.0000
91,0.005699,0.9839,0.000095,1.0000
92,0.004924,0.9839,0.000068,1.0000
93,0.005341,0.9839,0.000064,1.0000
94,0.004366,0.9919,0.000076,1.0000
95,0.008783,0.9758,0.000065,1.0000
96,0.001419,0.9919,0.000068,1.0000
97,0.004995,0.9919,0.000068,1.0000
98,0.005220,0.9919,0.000111,1.0000
99,0.008763,0.9758,0.000107,1.0000
100,0.001972,0.9919,0.000128,1.0000
1,0.112601,0.6855,0.107963,0.6690
2,0.080747,0.7823,0.095674,0.7245
3,0.075560,0.7984,0.084890,0.7500
4,0.070051,0.8145,0.086544,0.7454
5,0.063719,0.8468,0.095719,0.7477
6,0.071199,0.7984,0.080357,0.7569
7,0.055917,0.8468,0.073398,0.7847
8,0.046368,0.8790,0.070519,0.8032
9,0.049180,0.8629,0.062299,0.8287
10,0.044887,0.8790,0.057972,0.8264
11,0.046161,0.8871,0.055903,0.8310
12,0.039956,0.9032,0.053504,0.8333
13,0.039448,0.8790,0.052674,0.8426
14,0.038654,0.8790,0.045101,0.8727
15,0.037757,0.8952,0.044230,0.8889
16,0.035433,0.9194,0.036199,0.9167
17,0.038314,0.8871,0.032091,0.9167
18,0.026880,0.9113,0.020748,0.9282
19,0.025661,0.9435,0.011760,0.9861
20,0.018125,0.9597,0.006966,1.0000
21,0.010602,0.9839,0.004839,1.0000
22,0.011522,0.9677,0.004643,1.0000
23,0.010381,0.9677,0.003606,1.0000
24,0.004132,1.0000,0.002564,1.0000
25,0.009368,0.9758,0.002369,1.0000
26,0.005008,0.9919,0.002177,1.0000
27,0.007541,0.9758,0.002413,1.0000
28,0.007562,0.9839,0.002468,1.0000
29,0.006932,0.9839,0.002475,1.0000
30,0.006461,0.9839,0.001524,1.0000
31,0.005928,0.9839,0.001371,1.0000
32,0.008688,0.9758,0.000806,1.0000
33,0.007633,0.9839,0.000650,1.0000
34,0.003505,0.9919,0.000614,1.0000
35,0.008221,0.9758,0.000524,1.0000
36,0.010719,0.9677,0.000731,1.0000
37,0.004576,0.9919,0.001436,1.0000
38,0.009001,0.9758,0.001061,1.0000
39,0.008384,0.9758,0.000657,1.0000
40,0.007316,0.9839,0.000544,1.0000
41,0.003332,0.9919,0.000537,1.0000
42,0.011017,0.9677,0.000501,1.0000
43,0.003974,0.9919,0.000647,1.0000
44,0.007558,0.9839,0.000629,1.0000
45,0.003812,0.9919,0.000556,1.0000
46,0.003996,0.9919,0.000681,1.0000
47,0.003861,0.9919,0.000524,1.0000
48,0.010936,0.9597,0.000409,1.0000
49,0.003261,0.9919,0.000554,1.0000
50,0.010094,0.9677,0.000517,1.0000
51,0.012932,0.9677,0.000912,1.0000
52,0.009243,0.9758,0.000273,1.0000
53,0.007230,0.9839,0.000512,1.0000
54,0.008212,0.9758,0.001110,1.0000
55,0.005813,0.9839,0.001351,1.0000
56,0.008032,0.9758,0.000578,1.0000
57,0.013988,0.9516,0.000397,1.0000
58,0.013478,0.9597,0.000388,1.0000
59,0.002089,0.9919,0.000323,1.0000
60,0.004072,0.9839,0.000255,1.0000
61,0.002943,1.0000,0.000526,1.0000
62,0.007951,0.9758,0.000288,1.0000
63,0.009923,0.9758,0.000265,1.0000
64,0.001391,1.0000,0.000200,1.0000
65,0.007249,0.9758,0.000214,1.0000
66,0.010038,0.9677,0.000210,1.0000
67,0.008098,0.9758,0.000179,1.0000
68,0.008062,0.9758,0.000232,1.0000
69,0.013226,0.9597,0.000152,1.0000
70,0.001495,1.0000,0.000135,1.0000
71,0.001830,1.0000,0.000177,1.0000
72,0.007204,0.9758,0.000139,1.0000
73,0.000745,1.0000,0.000167,1.0000
74,0.009719,0.9758,0.000215,1.0000
75,0.012329,0.9597,0.000301,1.0000
76,0.005169,0.9839,0.000286,1.0000
77,0.011530,0.9677,0.000273,1.0000
78,0.008520,0.9758,0.000217,1.0000
79,0.013215,0.9597,0.000137,1.0000
80,0.009719,0.9758,0.000238,1.0000
81,0.013943,0.9597,0.000131,1.0000
82,0.003541,0.9919,0.000128,1.0000
83,0.008760,0.9758,0.000108,1.0000
84,0.007863,0.9839,0.000118,1.0000
85,0.003797,0.9919,0.000128,1.0000
86,0.006606,0.9758,0.000080,1.0000
87,0.005871,0.9839,0.000119,1.0000
88,0.007222,0.9758,0.000071,1.0000
89,0.005954,0.9839,0.000056,1.0000
90,0.004876,0.9839,0.000076,1.0000
91,0.005699,0.9839,0.000095,1.0000
92,0.004924,0.9839,0.000068,1.0000
93,0.005341,0.9839,0.000064,1.0000
94,0.004366,0.9919,0.000076,1.0000
95,0.008783,0.9758,0.000065,1.0000
96,0.001419,0.9919,0.000068,1.0000
97,0.004995,0.9919,0.000068,1.0000
98,0.005220,0.9919,0.000111,1.0000
99,0.008763,0.9758,0.000107,1.0000
100,0.001972,0.9919,0.000128,1.0000
1,0.117799,0.5887,0.107248,0.6134
2,0.081670,0.7500,0.093786,0.7130
3,0.069199,0.8306,0.083458,0.7523
4,0.061337,0.8629,0.074195,0.7662
5,0.052413,0.8710,0.081641,0.7523
6,0.047817,0.8871,0.061576,0.8310
7,0.038817,0.9113,0.054789,0.8565
8,0.037968,0.9113,0.046262,0.9074
9,0.033136,0.9274,0.043392,0.9167
10,0.032327,0.9355,0.043412,0.9051
11,0.031893,0.9355,0.040853,0.9167
12,0.030781,0.9355,0.041324,0.9074
13,0.030946,0.9355,0.040826,0.9120
14,0.032355,0.9355,0.041986,0.9074
15,0.030484,0.9355,0.040704,0.9144
16,0.031127,0.9355,0.041040,0.9097
17,0.030215,0.9355,0.040010,0.9120
18,0.029996,0.9355,0.040112,0.9167
19,0.031341,0.9355,0.040571,0.9120
20,0.031886,0.9355,0.040201,0.9120
21,0.030694,0.9355,0.040221,0.9120
22,0.030464,0.9355,0.039448,0.9167
23,0.030238,0.9355,0.040471,0.9120
24,0.030977,0.9355,0.039274,0.9167
25,0.031019,0.9355,0.042130,0.8981
26,0.031334,0.9355,0.040447,0.9120
27,0.030991,0.9355,0.040827,0.9097
28,0.030901,0.9355,0.039672,0.9167
29,0.030719,0.9355,0.039939,0.9120
30,0.030570,0.9355,0.040438,0.9097
31,0.030892,0.9355,0.039749,0.9120
32,0.031056,0.9355,0.040985,0.9074
33,0.030341,0.9355,0.039901,0.9120
34,0.030335,0.9355,0.039796,0.9120
35,0.030053,0.9355,0.038981,0.9144
36,0.030477,0.9355,0.040791,0.9097
37,0.029946,0.9355,0.039056,0.9144
38,0.030656,0.9355,0.039792,0.9120
39,0.031181,0.9355,0.039038,0.9120
40,0.030607,0.9355,0.038605,0.9167
41,0.030371,0.9355,0.038414,0.9120
42,0.030215,0.9355,0.037989,0.9144
43,0.030727,0.9355,0.038005,0.9144
44,0.031863,0.9355,0.039617,0.9097
45,0.030725,0.9355,0.038807,0.9167
46,0.030617,0.9355,0.038876,0.9097
47,0.030037,0.9355,0.037398,0.9167
48,0.030189,0.9355,0.036995,0.9167
49,0.029924,0.9355,0.036309,0.9167
50,0.029195,0.9355,0.035188,0.9167
51,0.026207,0.9355,0.028034,0.9167
52,0.018026,0.9355,0.016676,0.9167
53,0.009924,0.9758,0.008825,1.0000
54,0.006253,1.0000,0.005638,1.0000
55,0.003631,1.0000,0.003151,1.0000
56,0.002659,1.0000,0.002744,1.0000
57,0.002313,1.0000,0.002313,1.0000
58,0.002108,1.0000,0.002251,1.0000
59,0.002161,1.0000,0.002231,1.0000
60,0.002276,1.0000,0.002381,1.0000
61,0.002171,1.0000,0.002182,1.0000
62,0.002029,1.0000,0.002157,1.0000
63,0.002052,1.0000,0.002228,1.0000
64,0.002169,1.0000,0.002210,1.0000
65,0.002088,1.0000,0.002215,1.0000
66,0.002180,1.0000,0.002173,1.0000
67,0.002144,1.0000,0.002224,1.0000
68,0.002057,1.0000,0.002150,1.0000
69,0.002056,1.0000,0.002195,1.0000
70,0.002137,1.0000,0.002267,1.0000
71,0.002282,1.0000,0.002304,1.0000
72,0.002138,1.0000,0.002184,1.0000
73,0.002176,1.0000,0.002173,1.0000
74,0.002011,1.0000,0.002138,1.0000
75,0.002135,1.0000,0.002271,1.0000
76,0.002156,1.0000,0.002224,1.0000
77,0.002037,1.0000,0.002179,1.0000
78,0.002236,1.0000,0.002274,1.0000
79,0.002187,1.0000,0.002176,1.0000
80,0.001985,1.0000,0.002131,1.0000
81,0.002186,1.0000,0.002261,1.0000
82,0.002222,1.0000,0.002222,1.0000
83,0.002036,1.0000,0.002110,1.0000
84,0.002018,1.0000,0.002178,1.0000
85,0.002181,1.0000,0.002161,1.0000
86,0.002091,1.0000,0.002128,1.0000
87,0.002062,1.0000,0.002103,1.0000
88,0.002067,1.0000,0.002200,1.0000
89,0.002096,1.0000,0.002159,1.0000
90,0.002086,1.0000,0.002246,1.0000
91,0.002144,1.0000,0.002243,1.0000
92,0.002323,1.0000,0.002266,1.0000
93,0.001987,1.0000,0.002072,1.0000
94,0.002091,1.0000,0.002223,1.0000
95,0.002123,1.0000,0.002220,1.0000
96,0.002097,1.0000,0.002087,1.0000
97,0.001980,1.0000,0.002189,1.0000
98,0.002088,1.0000,0.002233,1.0000
99,0.002088,1.0000,0.002123,1.0000
100,0.002050,1.0000,0.002163,1.0000
1,0.128654,0.5806,0.126100,0.5046
2,0.109086,0.6613,0.112241,0.6597
3,0.094761,0.7258,0.104296,0.6620
4,0.087933,0.7581,0.096147,0.7199
5,0.085780,0.7581,0.095377,0.7222
6,0.074957,0.8226,0.094962,0.7245
7,0.069067,0.8306,0.087875,0.7569
8,0.071542,0.7903,0.083820,0.7546
9,0.067849,0.8145,0.086034,0.7361
10,0.060432,0.8226,0.076383,0.7685
11,0.062305,0.8226,0.071067,0.7662
12,0.048919,0.8629,0.069295,0.7847
13,0.044888,0.8548,0.063613,0.7917
14,0.044766,0.8468,0.060333,0.7870
15,0.046069,0.8790,0.057360,0.8056
16,0.038489,0.8790,0.052656,0.8241
17,0.037839,0.9032,0.048973,0.8403
18,0.040514,0.8790,0.046800,0.8426
19,0.030621,0.9113,0.040985,0.8611
20,0.022746,0.9274,0.039929,0.8634
21,0.019693,0.9355,0.035996,0.8866
22,0.022455,0.9194,0.036074,0.8750
23,0.025059,0.9355,0.031655,0.9051
24,0.016251,0.9516,0.029721,0.9167
25,0.018930,0.9597,0.027879,0.9190
26,0.023136,0.9355,0.026166,0.9352
27,0.019077,0.9516,0.025634,0.9306
28,0.011593,0.9677,0.024566,0.9398
29,0.018373,0.9516,0.021537,0.9491
30,0.015866,0.9516,0.016813,0.9676
31,0.019590,0.9355,0.020321,0.9468
32,0.011074,0.9597,0.017777,0.9514
33,0.015831,0.9516,0.014611,0.9676
34,0.004286,0.9919,0.013998,0.9676
35,0.014484,0.9597,0.011855,0.9769
36,0.006654,0.9758,0.010503,0.9792
37,0.013022,0.9677,0.011410,0.9745
38,0.015769,0.9516,0.012857,0.9722
39,0.021322,0.9355,0.011171,0.9722
40,0.015548,0.9597,0.010071,0.9861
41,0.013429,0.9597,0.010857,0.9815
42,0.009787,0.9758,0.011388,0.9769
43,0.013558,0.9516,0.010042,0.9769
44,0.011684,0.9758,0.009335,0.9861
45,0.007353,0.9919,0.008342,0.9861
46,0.009842,0.9839,0.007357,0.9884
47,0.012302,0.9597,0.007645,0.9907
48,0.012134,0.9597,0.007851,0.9884
49,0.012119,0.9677,0.007976,0.9907
50,0.025523,0.9194,0.009151,0.9884
51,0.003403,1.0000,0.008276,0.9884
52,0.012461,0.9677,0.007676,0.9884
53,0.004568,0.9919,0.007123,0.9884
54,0.018692,0.9355,0.007014,0.9884
55,0.008421,0.9758,0.006898,0.9861
56,0.004700,0.9919,0.006853,0.9861
57,0.017137,0.9516,0.006548,0.9861
58,0.014038,0.9758,0.007519,0.9861
59,0.006299,0.9839,0.007296,0.9861
60,0.005159,0.9839,0.007800,0.9861
61,0.005838,0.9839,0.005868,0.9931
62,0.008457,0.9758,0.005414,0.9954
63,0.014514,0.9516,0.005604,0.9954
64,0.011471,0.9597,0.005149,0.9954
65,0.018723,0.9355,0.005950,0.9931
66,0.014408,0.9597,0.006131,0.9907
67,0.006569,0.9758,0.004404,0.9977
68,0.010229,0.9839,0.003984,0.9977
69,0.003931,0.9919,0.004130,0.9977
70,0.005355,0.9919,0.004069,0.9977
71,0.007716,0.9758,0.004260,1.0000
72,0.007679,0.9919,0.004600,0.9954
73,0.021744,0.9355,0.005888,1.0000
74,0.007982,0.9839,0.005392,1.0000
75,0.015119,0.9355,0.004588,1.0000
76,0.010979,0.9677,0.004804,1.0000
77,0.015376,0.9597,0.004549,1.0000
78,0.018937,0.9435,0.004288,0.9977
79,0.011300,0.9597,0.004359,0.9977
80,0.009759,0.9597,0.004172,0.9977
81,0.016777,0.9516,0.004285,0.9977
82,0.001495,1.0000,0.004240,0.9977
83,0.021899,0.9355,0.004388,0.9977
84,0.010353,0.9677,0.006341,0.9907
85,0.013049,0.9597,0.005567,0.9931
86,0.014072,0.9435,0.004937,0.9977
87,0.015217,0.9516,0.004770,0.9977
88,0.007874,0.9758,0.004700,0.9977
89,0.014056,0.9516,0.004188,0.9977
90,0.012845,0.9677,0.004172,0.9977
91,0.007291,0.9839,0.004475,0.9977
92,0.002917,1.0000,0.004498,0.9954
93,0.013867,0.9597,0.004728,0.9954
94,0.003938,0.9839,0.004839,0.9954
95,0.010957,0.9677,0.003932,0.9954
96,0.013639,0.9597,0.004203,0.9977
97,0.006749,0.9839,0.004336,0.9954
98,0.010244,0.9758,0.004823,0.9954
99,0.015835,0.9597,0.005305,0.9907
100,0.007504,0.9839,0.004629,0.9954
1,0.126902,0.4435,0.125532,0.5000
2,0.129634,0.5645,0.125999,0.5000
3,0.127037,0.5000,0.122854,0.6806
4,0.120016,0.5887,0.116362,0.6505
5,0.104256,0.7177,0.101893,0.6991
6,0.091065,0.7339,0.093321,0.7338
7,0.082124,0.7823,0.089018,0.7454
8,0.069259,0.8065,0.086731,0.7407
9,0.070693,0.8065,0.084396,0.7523
10,0.071548,0.8065,0.089417,0.7477
11,0.069928,0.7984,0.085968,0.7523
12,0.067345,0.8306,0.080097,0.7431
13,0.064435,0.8145,0.081881,0.7685
14,0.059577,0.8306,0.085378,0.7593
15,0.064804,0.8306,0.079501,0.7685
16,0.055749,0.8468,0.077855,0.7662
17,0.055927,0.8629,0.065642,0.8009
18,0.041167,0.8871,0.062395,0.7801
19,0.039959,0.9032,0.058000,0.8009
20,0.034240,0.8952,0.054212,0.8032
21,0.045076,0.8952,0.053098,0.8125
22,0.027113,0.9355,0.047830,0.8380
23,0.028693,0.9113,0.045555,0.8218
24,0.038776,0.8790,0.045374,0.8403
25,0.028649,0.9113,0.045132,0.8426
26,0.029503,0.9032,0.046252,0.8287
27,0.020492,0.9516,0.044315,0.8194
28,0.025626,0.9032,0.043815,0.8171
29,0.022490,0.9113,0.043465,0.8194
30,0.022660,0.9032,0.043669,0.8148
31,0.032413,0.8952,0.044106,0.8194
32,0.033448,0.9032,0.043609,0.8218
33,0.021718,0.9194,0.043150,0.8079
34,0.021860,0.9194,0.040626,0.8125
35,0.031139,0.9032,0.043929,0.8171
36,0.036266,0.8548,0.039652,0.8380
37,0.023890,0.9274,0.039233,0.8519
38,0.034420,0.8790,0.038706,0.8426
39,0.032056,0.8710,0.039104,0.8194
40,0.032898,0.8226,0.036269,0.8287
41,0.031049,0.8952,0.034746,0.8426
42,0.027926,0.9113,0.033279,0.8958
43,0.026990,0.8790,0.033004,0.8472
44,0.030022,0.9032,0.032538,0.8935
45,0.026895,0.9194,0.032340,0.8333
46,0.025452,0.9032,0.031947,0.8981
47,0.024773,0.9194,0.031936,0.8426
48,0.024055,0.8952,0.031803,0.8333
49,0.028956,0.8871,0.032375,0.9005
50,0.024326,0.9274,0.032101,0.8681
51,0.023924,0.9274,0.030726,0.8472
52,0.029880,0.8790,0.030183,0.8958
53,0.031965,0.8629,0.030315,0.8426
54,0.028712,0.8952,0.030747,0.8704
55,0.030368,0.8710,0.032491,0.9120
56,0.028115,0.8790,0.030733,0.8958
57,0.025030,0.9355,0.030446,0.8796
58,0.030481,0.8871,0.030094,0.8333
59,0.027244,0.9355,0.031176,0.9167
60,0.019990,0.9516,0.030345,0.8426
61,0.019987,0.8952,0.029786,0.8333
62,0.024691,0.8871,0.029742,0.8333
63,0.028174,0.9194,0.029256,0.9167
64,0.026749,0.8790,0.028913,0.8750
65,0.028759,0.9194,0.030436,0.9144
66,0.034607,0.9194,0.029641,0.9120
67,0.023639,0.9355,0.029652,0.8333
68,0.027004,0.8952,0.029131,0.8727
69,0.024931,0.9113,0.029113,0.9144
70,0.020248,0.9355,0.028243,0.8333
71,0.018166,0.9194,0.027767,0.8333
72,0.031149,0.8952,0.028077,0.9097
73,0.022921,0.8952,0.028729,0.8981
74,0.028416,0.9274,0.028992,0.9074
75,0.023978,0.9274,0.028457,0.8333
76,0.024324,0.9113,0.028317,0.8750
77,0.036262,0.9032,0.028959,0.8403
78,0.032439,0.9194,0.029080,0.9167
79,0.018454,0.9113,0.028154,0.8449
80,0.028028,0.9194,0.028507,0.8935
81,0.021966,0.9355,0.027823,0.8773
82,0.020865,0.9435,0.027618,0.9167
83,0.031448,0.9194,0.028330,0.9167
84,0.020661,0.9113,0.027915,0.9074
85,0.026068,0.9355,0.028700,0.9167
86,0.019114,0.9516,0.027977,0.8843
87,0.019553,0.9355,0.027970,0.8981
88,0.031132,0.9194,0.028179,0.8472
89,0.026952,0.8871,0.028244,0.9028
90,0.021742,0.9355,0.027927,0.8611
91,0.017950,0.9113,0.027571,0.8727
92,0.027763,0.8710,0.027619,0.8750
93,0.028964,0.9194,0.027802,0.9167
94,0.024123,0.9355,0.027909,0.9167
95,0.026921,0.9194,0.027011,0.8403
96,0.017702,0.9274,0.027667,0.9167
97,0.025057,0.9355,0.027459,0.9167
98,0.030278,0.8710,0.028337,0.8889
99,0.017984,0.9516,0.027853,0.9074
100,0.015239,0.9677,0.027599,0.8958
1,0.120078,0.5565,0.102541,0.6875
2,0.086555,0.7419,0.087104,0.7384
3,0.067508,0.8226,0.080560,0.7454
4,0.061957,0.8387,0.072344,0.7963
5,0.052758,0.8468,0.058155,0.8287
6,0.038795,0.8790,0.051876,0.8380
7,0.041370,0.8871,0.044385,0.8333
8,0.024526,0.9355,0.033034,0.8935
9,0.019366,0.9516,0.027793,0.9167
10,0.017322,0.9597,0.027491,0.9167
11,0.016841,0.9597,0.027181,0.9167
12,0.016792,0.9597,0.027199,0.9167
13,0.016535,0.9597,0.027403,0.9167
14,0.016370,0.9597,0.027480,0.9167
15,0.016574,0.9597,0.027439,0.9167
16,0.016491,0.9597,0.027137,0.9167
17,0.016324,0.9597,0.027362,0.9167
18,0.016344,0.9597,0.027423,0.9167
19,0.016468,0.9597,0.027435,0.9167
20,0.016108,0.9597,0.027269,0.9167
21,0.016162,0.9597,0.027214,0.9167
22,0.016171,0.9597,0.027315,0.9167
23,0.015993,0.9597,0.027125,0.9167
24,0.016028,0.9597,0.027041,0.9167
25,0.015929,0.9597,0.027000,0.9167
26,0.015935,0.9597,0.026831,0.9167
27,0.015954,0.9597,0.026885,0.9167
28,0.015932,0.9597,0.026923,0.9167
29,0.016084,0.9597,0.026841,0.9167
30,0.016036,0.9597,0.026916,0.9167
31,0.015841,0.9597,0.026786,0.9167
32,0.015760,0.9597,0.026660,0.9167
33,0.015956,0.9597,0.026879,0.9167
34,0.015832,0.9597,0.026769,0.9167
35,0.015802,0.9597,0.026637,0.9167
36,0.015730,0.9597,0.026605,0.9167
37,0.015845,0.9597,0.026628,0.9167
38,0.015881,0.9597,0.026638,0.9167
39,0.015681,0.9597,0.026504,0.9167
40,0.015878,0.9597,0.026560,0.9167
41,0.015798,0.9597,0.026593,0.9167
42,0.015740,0.9597,0.026492,0.9167
43,0.015755,0.9597,0.026821,0.9167
44,0.015615,0.9597,0.026588,0.9167
45,0.015869,0.9597,0.026645,0.9167
46,0.015652,0.9597,0.026537,0.9167
47,0.015750,0.9597,0.026681,0.9167
48,0.015891,0.9597,0.026805,0.9167
49,0.015762,0.9597,0.026701,0.9167
50,0.015664,0.9597,0.026614,0.9167
51,0.015729,0.9597,0.026494,0.9167
52,0.015804,0.9597,0.026582,0.9167
53,0.015779,0.9597,0.026482,0.9167
54,0.015784,0.9597,0.026713,0.9167
55,0.015663,0.9597,0.026540,0.9167
56,0.015737,0.9597,0.026617,0.9167
57,0.015661,0.9597,0.026607,0.9167
58,0.015769,0.9597,0.026551,0.9167
59,0.015740,0.9597,0.026431,0.9167
60,0.015910,0.9597,0.026741,0.9167
61,0.015785,0.9597,0.026684,0.9167
62,0.015699,0.9597,0.026584,0.9167
63,0.015780,0.9597,0.026456,0.9167
64,0.015791,0.9597,0.026447,0.9167
65,0.015652,0.9597,0.026506,0.9167
66,0.015665,0.9597,0.026609,0.9167
67,0.015808,0.9597,0.026637,0.9167
68,0.015647,0.9597,0.026517,0.9167
69,0.015777,0.9597,0.026537,0.9167
70,0.015704,0.9597,0.026441,0.9167
71,0.015811,0.9597,0.026531,0.9167
72,0.015804,0.9597,0.026548,0.9167
73,0.015723,0.9597,0.026482,0.9167
74,0.015770,0.9597,0.026556,0.9167
75,0.015737,0.9597,0.026653,0.9167
76,0.015742,0.9597,0.026689,0.9167
77,0.015711,0.9597,0.026562,0.9167
78,0.015714,0.9597,0.026500,0.9167
79,0.015775,0.9597,0.026499,0.9167
80,0.015668,0.9597,0.026424,0.9167
81,0.015870,0.9597,0.026468,0.9167
82,0.015833,0.9597,0.026572,0.9167
83,0.015736,0.9597,0.026515,0.9167
84,0.015667,0.9597,0.026382,0.9167
85,0.015814,0.9597,0.026468,0.9167
86,0.015743,0.9597,0.026403,0.9167
87,0.015661,0.9597,0.026282,0.9167
88,0.015740,0.9597,0.026462,0.9167
89,0.015693,0.9597,0.026323,0.9167
90,0.015696,0.9597,0.026361,0.9167
91,0.015677,0.9597,0.026466,0.9167
92,0.015916,0.9597,0.026507,0.9167
93,0.015657,0.9597,0.026339,0.9167
94,0.015675,0.9597,0.026298,0.9167
95,0.015787,0.9597,0.026443,0.9167
96,0.015741,0.9597,0.026283,0.9167
97,0.015649,0.9597,0.026316,0.9167
98,0.015751,0.9597,0.026249,0.9167
99,0.015693,0.9597,0.026253,0.9167
100,0.015769,0.9597,0.026425,0.9167
1,0.123759,0.5565,0.109903,0.6366
2,0.089746,0.7339,0.090870,0.7269
3,0.078225,0.7984,0.088094,0.7222
4,0.069916,0.8145,0.080465,0.7662
5,0.063143,0.8468,0.070577,0.7917
6,0.051517,0.8387,0.067613,0.7778
7,0.042711,0.9113,0.055581,0.8519
8,0.033343,0.9355,0.050402,0.8634
9,0.025227,0.9516,0.038594,0.8958
10,0.020343,0.9597,0.033956,0.9074
11,0.019201,0.9597,0.032919,0.9074
12,0.018484,0.9597,0.031634,0.9167
13,0.018169,0.9597,0.030923,0.9167
14,0.017546,0.9597,0.030925,0.9167
15,0.017817,0.9597,0.030687,0.9167
16,0.017531,0.9597,0.030190,0.9167
17,0.017292,0.9597,0.030095,0.9167
18,0.017299,0.9597,0.030070,0.9167
19,0.017315,0.9597,0.030269,0.9167
20,0.016878,0.9597,0.029631,0.9167
21,0.016965,0.9597,0.029289,0.9167
22,0.016859,0.9597,0.029317,0.9167
23,0.016753,0.9597,0.029001,0.9167
24,0.016767,0.9597,0.028965,0.9167
25,0.016680,0.9597,0.028883,0.9167
26,0.016631,0.9597,0.028704,0.9167
27,0.016567,0.9597,0.028762,0.9167
28,0.016584,0.9597,0.028716,0.9167
29,0.016671,0.9597,0.028527,0.9167
30,0.016623,0.9597,0.028688,0.9167
31,0.016452,0.9597,0.028454,0.9167
32,0.016411,0.9597,0.028332,0.9167
33,0.016539,0.9597,0.028584,0.9167
34,0.016370,0.9597,0.028377,0.9167
35,0.016444,0.9597,0.028331,0.9167
36,0.016134,0.9597,0.028048,0.9167
37,0.016449,0.9597,0.028118,0.9167
38,0.016442,0.9597,0.028204,0.9167
39,0.016323,0.9597,0.028091,0.9167
40,0.016405,0.9597,0.028212,0.9167
41,0.016305,0.9597,0.028120,0.9167
42,0.016196,0.9597,0.028061,0.9167
43,0.016281,0.9597,0.028374,0.9167
44,0.016087,0.9597,0.027876,0.9167
45,0.016310,0.9597,0.028010,0.9167
46,0.016130,0.9597,0.027861,0.9167
47,0.016155,0.9597,0.028046,0.9167
48,0.016247,0.9597,0.028076,0.9167
49,0.016217,0.9597,0.027976,0.9167
50,0.016090,0.9597,0.027713,0.9167
51,0.016084,0.9597,0.027667,0.9167
52,0.016162,0.9597,0.027636,0.9167
53,0.016206,0.9597,0.027558,0.9167
54,0.016220,0.9597,0.027940,0.9167
55,0.016024,0.9597,0.027730,0.9167
56,0.016121,0.9597,0.027776,0.9167
57,0.016086,0.9597,0.027820,0.9167
58,0.016088,0.9597,0.027662,0.9167
59,0.016070,0.9597,0.027528,0.9167
60,0.016127,0.9597,0.027702,0.9167
61,0.016153,0.9597,0.027800,0.9167
62,0.016013,0.9597,0.027594,0.9167
63,0.016052,0.9597,0.027501,0.9167
64,0.016046,0.9597,0.027469,0.9167
65,0.016023,0.9597,0.027555,0.9167
66,0.016014,0.9597,0.027775,0.9167
67,0.016066,0.9597,0.027770,0.9167
68,0.015967,0.9597,0.027512,0.9167
69,0.016046,0.9597,0.027450,0.9167
70,0.015988,0.9597,0.027315,0.9167
71,0.016076,0.9597,0.027510,0.9167
72,0.016085,0.9597,0.027553,0.9167
73,0.015955,0.9597,0.027461,0.9167
74,0.016037,0.9597,0.027542,0.9167
75,0.015986,0.9597,0.027630,0.9167
76,0.015981,0.9597,0.027810,0.9167
77,0.015918,0.9597,0.027453,0.9167
78,0.015996,0.9597,0.027531,0.9167
79,0.015949,0.9597,0.027362,0.9167
80,0.015851,0.9597,0.027063,0.9167
81,0.016062,0.9597,0.027232,0.9167
82,0.016028,0.9597,0.027388,0.9167
83,0.015969,0.9597,0.027326,0.9167
84,0.015927,0.9597,0.027195,0.9167
85,0.015986,0.9597,0.027284,0.9167
86,0.015980,0.9597,0.027350,0.9167
87,0.015935,0.9597,0.027181,0.9167
88,0.015941,0.9597,0.027259,0.9167
89,0.015865,0.9597,0.027251,0.9167
90,0.015959,0.9597,0.027260,0.9167
91,0.015902,0.9597,0.027168,0.9167
92,0.016039,0.9597,0.027252,0.9167
93,0.015977,0.9597,0.027199,0.9167
94,0.015892,0.9597,0.027075,0.9167
95,0.015967,0.9597,0.027232,0.9167
96,0.015951,0.9597,0.027113,0.9167
97,0.015895,0.9597,0.027022,0.9167
98,0.015961,0.9597,0.027121,0.9167
99,0.015919,0.9597,0.027196,0.9167
100,0.015936,0.9597,0.027220,0.9167
1,0.123759,0.5565,0.109903,0.6366
2,0.089746,0.7339,0.090870,0.7269
3,0.078225,0.7984,0.088094,0.7222
4,0.069916,0.8145,0.080465,0.7662
5,0.063143,0.8468,0.070577,0.7917
6,0.051517,0.8387,0.067613,0.7778
7,0.042711,0.9113,0.055581,0.8519
8,0.033343,0.9355,0.050402,0.8634
9,0.025227,0.9516,0.038594,0.8958
10,0.020343,0.9597,0.033956,0.9074
11,0.019201,0.9597,0.032919,0.9074
12,0.018484,0.9597,0.031634,0.9167
13,0.018169,0.9597,0.030923,0.9167
14,0.017546,0.9597,0.030925,0.9167
15,0.017817,0.9597,0.030687,0.9167
16,0.017531,0.9597,0.030190,0.9167
17,0.017292,0.9597,0.030095,0.9167
18,0.017299,0.9597,0.030070,0.9167
19,0.017315,0.9597,0.030269,0.9167
20,0.016878,0.9597,0.029631,0.9167
21,0.016965,0.9597,0.029289,0.9167
22,0.016859,0.9597,0.029317,0.9167
23,0.016753,0.9597,0.029001,0.9167
24,0.016767,0.9597,0.028965,0.9167
25,0.016680,0.9597,0.028883,0.9167
26,0.016631,0.9597,0.028704,0.9167
27,0.016567,0.9597,0.028762,0.9167
28,0.016584,0.9597,0.028716,0.9167
29,0.016671,0.9597,0.028527,0.9167
30,0.016623,0.9597,0.028688,0.9167
31,0.016452,0.9597,0.028454,0.9167
32,0.016411,0.9597,0.028332,0.9167
33,0.016539,0.9597,0.028584,0.9167
34,0.016370,0.9597,0.028377,0.9167
35,0.016444,0.9597,0.028331,0.9167
36,0.016134,0.9597,0.028048,0.9167
37,0.016449,0.9597,0.028118,0.9167
38,0.016442,0.9597,0.028204,0.9167
39,0.016323,0.9597,0.028091,0.9167
40,0.016405,0.9597,0.028212,0.9167
41,0.016305,0.9597,0.028120,0.9167
42,0.016196,0.9597,0.028061,0.9167
43,0.016281,0.9597,0.028374,0.9167
44,0.016087,0.9597,0.027876,0.9167
45,0.016310,0.9597,0.028010,0.9167
46,0.016130,0.9597,0.027861,0.9167
47,0.016155,0.9597,0.028046,0.9167
48,0.016247,0.9597,0.028076,0.9167
49,0.016217,0.9597,0.027976,0.9167
50,0.016090,0.9597,0.027713,0.9167
51,0.016084,0.9597,0.027667,0.9167
52,0.016162,0.9597,0.027636,0.9167
53,0.016206,0.9597,0.027558,0.9167
54,0.016220,0.9597,0.027940,0.9167
55,0.016024,0.9597,0.027730,0.9167
56,0.016121,0.9597,0.027776,0.9167
57,0.016086,0.9597,0.027820,0.9167
58,0.016088,0.9597,0.027662,0.9167
59,0.016070,0.9597,0.027528,0.9167
60,0.016127,0.9597,0.027702,0.9167
61,0.016153,0.9597,0.027800,0.9167
62,0.016013,0.9597,0.027594,0.9167
63,0.016052,0.9597,0.027501,0.9167
64,0.016046,0.9597,0.027469,0.9167
65,0.016023,0.9597,0.027555,0.9167
66,0.016014,0.9597,0.027775,0.9167
67,0.016066,0.9597,0.027770,0.9167
68,0.015967,0.9597,0.027512,0.9167
69,0.016046,0.9597,0.027450,0.9167
70,0.015988,0.9597,0.027315,0.9167
71,0.016076,0.9597,0.027510,0.9167
72,0.016085,0.9597,0.027553,0.9167
73,0.015955,0.9597,0.027461,0.9167
74,0.016037,0.9597,0.027542,0.9167
75,0.015986,0.9597,0.027630,0.9167
76,0.015981,0.9597,0.027810,0.9167
77,0.015918,0.9597,0.027453,0.9167
78,0.015996,0.9597,0.027531,0.9167
79,0.015949,0.9597,0.027362,0.9167
80,0.015851,0.9597,0.027063,0.9167
81,0.016062,0.9597,0.027232,0.9167
82,0.016028,0.9597,0.027388,0.9167
83,0.015969,0.9597,0.027326,0.9167
84,0.015927,0.9597,0.027195,0.9167
85,0.015986,0.9597,0.027284,0.9167
86,0.015980,0.9597,0.027350,0.9167
87,0.015935,0.9597,0.027181,0.9167
88,0.015941,0.9597,0.027259,0.9167
89,0.015865,0.9597,0.027251,0.9167
90,0.015959,0.9597,0.027260,0.9167
91,0.015902,0.9597,0.027168,0.9167
92,0.016039,0.9597,0.027252,0.9167
93,0.015977,0.9597,0.027199,0.9167
94,0.015892,0.9597,0.027075,0.9167
95,0.015967,0.9597,0.027232,0.9167
96,0.015951,0.9597,0.027113,0.9167
97,0.015895,0.9597,0.027022,0.9167
98,0.015961,0.9597,0.027121,0.9167
99,0.015919,0.9597,0.027196,0.9167
100,0.015936,0.9597,0.027220,0.9167
1,0.127624,0.5081,0.120814,0.5486
2,0.100032,0.6855,0.089340,0.7338
3,0.075769,0.7823,0.082449,0.7384
4,0.067021,0.8468,0.080047,0.7639
5,0.061402,0.8629,0.073964,0.8056
6,0.053273,0.8871,0.069151,0.8310
7,0.049626,0.8952,0.064318,0.8333
8,0.047939,0.8952,0.061070,0.8333
9,0.044881,0.8790,0.044725,0.9167
10,0.034832,0.9355,0.038803,0.9167
11,0.030457,0.9274,0.031634,0.9167
12,0.023735,0.9355,0.014542,0.9954
13,0.010983,0.9919,0.006283,1.0000
14,0.004415,1.0000,0.006069,1.0000
15,0.003073,1.0000,0.003039,1.0000
16,0.002300,1.0000,0.002796,1.0000
17,0.002052,1.0000,0.002676,1.0000
18,0.001942,1.0000,0.002442,1.0000
19,0.001861,1.0000,0.002710,1.0000
20,0.001788,1.0000,0.002355,1.0000
21,0.001803,1.0000,0.002040,1.0000
22,0.001722,1.0000,0.002183,1.0000
23,0.001666,1.0000,0.002021,1.0000
24,0.001677,1.0000,0.002081,1.0000
25,0.001650,1.0000,0.002043,1.0000
26,0.001654,1.0000,0.001978,1.0000
27,0.001619,1.0000,0.002034,1.0000
28,0.001654,1.0000,0.001949,1.0000
29,0.001666,1.0000,0.001928,1.0000
30,0.001610,1.0000,0.002006,1.0000
31,0.001606,1.0000,0.001876,1.0000
32,0.001583,1.0000,0.001877,1.0000
33,0.001579,1.0000,0.001915,1.0000
34,0.001629,1.0000,0.001951,1.0000
35,0.001585,1.0000,0.001925,1.0000
36,0.001603,1.0000,0.001837,1.0000
37,0.001573,1.0000,0.001812,1.0000
38,0.001556,1.0000,0.001865,1.0000
39,0.001564,1.0000,0.001790,1.0000
40,0.001556,1.0000,0.001923,1.0000
41,0.001567,1.0000,0.001829,1.0000
42,0.001566,1.0000,0.001774,1.0000
43,0.001534,1.0000,0.001892,1.0000
44,0.001582,1.0000,0.001799,1.0000
45,0.001553,1.0000,0.001861,1.0000
46,0.001529,1.0000,0.001787,1.0000
47,0.001525,1.0000,0.001932,1.0000
48,0.001585,1.0000,0.001879,1.0000
49,0.001564,1.0000,0.001863,1.0000
50,0.001540,1.0000,0.001759,1.0000
51,0.001552,1.0000,0.001713,1.0000
52,0.001537,1.0000,0.001734,1.0000
53,0.001553,1.0000,0.001732,1.0000
54,0.001493,1.0000,0.001905,1.0000
55,0.001587,1.0000,0.001752,1.0000
56,0.001513,1.0000,0.001769,1.0000
57,0.001535,1.0000,0.001850,1.0000
58,0.001560,1.0000,0.001732,1.0000
59,0.001553,1.0000,0.001747,1.0000
60,0.001527,1.0000,0.001746,1.0000
61,0.001518,1.0000,0.001847,1.0000
62,0.001554,1.0000,0.001744,1.0000
63,0.001521,1.0000,0.001681,1.0000
64,0.001537,1.0000,0.001661,1.0000
65,0.001487,1.0000,0.001730,1.0000
66,0.001483,1.0000,0.001824,1.0000
67,0.001556,1.0000,0.001757,1.0000
68,0.001555,1.0000,0.001678,1.0000
69,0.001523,1.0000,0.001700,1.0000
70,0.001539,1.0000,0.001701,1.0000
71,0.001522,1.0000,0.001715,1.0000
72,0.001528,1.0000,0.001711,1.0000
73,0.001528,1.0000,0.001760,1.0000
74,0.001521,1.0000,0.001727,1.0000
75,0.001513,1.0000,0.001765,1.0000
76,0.001500,1.0000,0.001775,1.0000
77,0.001626,1.0000,0.001646,1.0000
78,0.001496,1.0000,0.001706,1.0000
79,0.001524,1.0000,0.001669,1.0000
80,0.001561,1.0000,0.001641,1.0000
81,0.001489,1.0000,0.001629,1.0000
82,0.001499,1.0000,0.001722,1.0000
83,0.001508,1.0000,0.001731,1.0000
84,0.001510,1.0000,0.001691,1.0000
85,0.001506,1.0000,0.001681,1.0000
86,0.001491,1.0000,0.001730,1.0000
87,0.001524,1.0000,0.001702,1.0000
88,0.001488,1.0000,0.001702,1.0000
89,0.001494,1.0000,0.001740,1.0000
90,0.001535,1.0000,0.001691,1.0000
91,0.001546,1.0000,0.001718,1.0000
92,0.001521,1.0000,0.001713,1.0000
93,0.001501,1.0000,0.001692,1.0000
94,0.001515,1.0000,0.001677,1.0000
95,0.001508,1.0000,0.001660,1.0000
96,0.001519,1.0000,0.001669,1.0000
97,0.001519,1.0000,0.001666,1.0000
98,0.001505,1.0000,0.001629,1.0000
99,0.001490,1.0000,0.001723,1.0000
100,0.001515,1.0000,0.001715,1.0000
1,0.125293,0.5565,0.120900,0.5278
2,0.094816,0.6774,0.097552,0.7269
3,0.082383,0.7500,0.089581,0.7361
4,0.067930,0.8306,0.085650,0.7431
5,0.062924,0.8226,0.080529,0.7662
6,0.050486,0.8548,0.059996,0.8287
7,0.035302,0.9032,0.040380,0.8981
8,0.026877,0.9032,0.029653,0.9097
9,0.014603,0.9677,0.009091,0.9954
10,0.003512,1.0000,0.003355,1.0000
11,0.001492,1.0000,0.001996,1.0000
12,0.000821,1.0000,0.001438,1.0000
13,0.000565,1.0000,0.000949,1.0000
14,0.000401,1.0000,0.000751,1.0000
15,0.000297,1.0000,0.000578,1.0000
16,0.000244,1.0000,0.000485,1.0000
17,0.000188,1.0000,0.000370,1.0000
18,0.000152,1.0000,0.000313,1.0000
19,0.000129,1.0000,0.000274,1.0000
20,0.000110,1.0000,0.000255,1.0000
21,0.000108,1.0000,0.000240,1.0000
22,0.000100,1.0000,0.000201,1.0000
23,0.000093,1.0000,0.000189,1.0000
24,0.000089,1.0000,0.000172,1.0000
25,0.000082,1.0000,0.000165,1.0000
26,0.000079,1.0000,0.000157,1.0000
27,0.000074,1.0000,0.000142,1.0000
28,0.000071,1.0000,0.000134,1.0000
29,0.000069,1.0000,0.000128,1.0000
30,0.000065,1.0000,0.000121,1.0000
31,0.000062,1.0000,0.000117,1.0000
32,0.000059,1.0000,0.000112,1.0000
33,0.000057,1.0000,0.000106,1.0000
34,0.000055,1.0000,0.000102,1.0000
35,0.000053,1.0000,0.000098,1.0000
36,0.000051,1.0000,0.000095,1.0000
37,0.000049,1.0000,0.000091,1.0000
38,0.000049,1.0000,0.000089,1.0000
39,0.000047,1.0000,0.000085,1.0000
40,0.000045,1.0000,0.000082,1.0000
41,0.000044,1.0000,0.000080,1.0000
42,0.000042,1.0000,0.000077,1.0000
43,0.000041,1.0000,0.000075,1.0000
44,0.000040,1.0000,0.000073,1.0000
45,0.000039,1.0000,0.000070,1.0000
46,0.000038,1.0000,0.000069,1.0000
47,0.000037,1.0000,0.000067,1.0000
48,0.000037,1.0000,0.000066,1.0000
49,0.000036,1.0000,0.000064,1.0000
50,0.000035,1.0000,0.000064,1.0000
51,0.000035,1.0000,0.000063,1.0000
52,0.000035,1.0000,0.000062,1.0000
53,0.000034,1.0000,0.000060,1.0000
54,0.000034,1.0000,0.000060,1.0000
55,0.000033,1.0000,0.000059,1.0000
56,0.000033,1.0000,0.000058,1.0000
57,0.000033,1.0000,0.000058,1.0000
58,0.000032,1.0000,0.000057,1.0000
59,0.000032,1.0000,0.000056,1.0000
60,0.000032,1.0000,0.000056,1.0000
61,0.000032,1.0000,0.000056,1.0000
62,0.000032,1.0000,0.000055,1.0000
63,0.000031,1.0000,0.000055,1.0000
64,0.000031,1.0000,0.000053,1.0000
65,0.000030,1.0000,0.000053,1.0000
66,0.000031,1.0000,0.000053,1.0000
67,0.000030,1.0000,0.000052,1.0000
68,0.000030,1.0000,0.000052,1.0000
69,0.000030,1.0000,0.000052,1.0000
70,0.000030,1.0000,0.000051,1.0000
71,0.000030,1.0000,0.000051,1.0000
72,0.000030,1.0000,0.000051,1.0000
73,0.000030,1.0000,0.000051,1.0000
74,0.000029,1.0000,0.000050,1.0000
75,0.000029,1.0000,0.000050,1.0000
76,0.000029,1.0000,0.000050,1.0000
77,0.000029,1.0000,0.000050,1.0000
78,0.000029,1.0000,0.000050,1.0000
79,0.000029,1.0000,0.000049,1.0000
80,0.000028,1.0000,0.000048,1.0000
81,0.000029,1.0000,0.000049,1.0000
82,0.000029,1.0000,0.000048,1.0000
83,0.000028,1.0000,0.000048,1.0000
84,0.000028,1.0000,0.000048,1.0000
85,0.000028,1.0000,0.000047,1.0000
86,0.000028,1.0000,0.000047,1.0000
87,0.000028,1.0000,0.000047,1.0000
88,0.000028,1.0000,0.000047,1.0000
89,0.000027,1.0000,0.000046,1.0000
90,0.000027,1.0000,0.000046,1.0000
91,0.000027,1.0000,0.000045,1.0000
92,0.000027,1.0000,0.000045,1.0000
93,0.000027,1.0000,0.000046,1.0000
94,0.000027,1.0000,0.000045,1.0000
95,0.000027,1.0000,0.000044,1.0000
96,0.000026,1.0000,0.000044,1.0000
97,0.000026,1.0000,0.000044,1.0000
98,0.000026,1.0000,0.000044,1.0000
99,0.000026,1.0000,0.000044,1.0000
100,0.000026,1.0000,0.000044,1.0000
1,0.125293,0.5565,0.120900,0.5278
2,0.094816,0.6774,0.097552,0.7269
3,0.082383,0.7500,0.089581,0.7361
4,0.067930,0.8306,0.085650,0.7431
5,0.062924,0.8226,0.080529,0.7662
6,0.050486,0.8548,0.059996,0.8287
7,0.035302,0.9032,0.040380,0.8981
8,0.026877,0.9032,0.029653,0.9097
9,0.014603,0.9677,0.009091,0.9954
10,0.003512,1.0000,0.003355,1.0000
11,0.001492,1.0000,0.001996,1.0000
12,0.000821,1.0000,0.001438,1.0000
13,0.000565,1.0000,0.000949,1.0000
14,0.000401,1.0000,0.000751,1.0000
15,0.000297,1.0000,0.000578,1.0000
16,0.000244,1.0000,0.000485,1.0000
17,0.000188,1.0000,0.000370,1.0000
18,0.000152,1.0000,0.000313,1.0000
19,0.000129,1.0000,0.000274,1.0000
20,0.000110,1.0000,0.000255,1.0000
21,0.000108,1.0000,0.000240,1.0000
22,0.000100,1.0000,0.000201,1.0000
23,0.000093,1.0000,0.000189,1.0000
24,0.000089,1.0000,0.000172,1.0000
25,0.000082,1.0000,0.000165,1.0000
26,0.000079,1.0000,0.000157,1.0000
27,0.000074,1.0000,0.000142,1.0000
28,0.000071,1.0000,0.000134,1.0000
29,0.000069,1.0000,0.000128,1.0000
30,0.000065,1.0000,0.000121,1.0000
31,0.000062,1.0000,0.000117,1.0000
32,0.000059,1.0000,0.000112,1.0000
33,0.000057,1.0000,0.000106,1.0000
34,0.000055,1.0000,0.000102,1.0000
35,0.000053,1.0000,0.000098,1.0000
36,0.000051,1.0000,0.000095,1.0000
37,0.000049,1.0000,0.000091,1.0000
38,0.000049,1.0000,0.000089,1.0000
39,0.000047,1.0000,0.000085,1.0000
40,0.000045,1.0000,0.000082,1.0000
41,0.000044,1.0000,0.000080,1.0000
42,0.000042,1.0000,0.000077,1.0000
43,0.000041,1.0000,0.000075,1.0000
44,0.000040,1.0000,0.000073,1.0000
45,0.000039,1.0000,0.000070,1.0000
46,0.000038,1.0000,0.000069,1.0000
47,0.000037,1.0000,0.000067,1.0000
48,0.000037,1.0000,0.000066,1.0000
49,0.000036,1.0000,0.000064,1.0000
50,0.000035,1.0000,0.000064,1.0000
51,0.000035,1.0000,0.000063,1.0000
52,0.000035,1.0000,0.000062,1.0000
53,0.000034,1.0000,0.000060,1.0000
54,0.000034,1.0000,0.000060,1.0000
55,0.000033,1.0000,0.000059,1.0000
56,0.000033,1.0000,0.000058,1.0000
57,0.000033,1.0000,0.000058,1.0000
58,0.000032,1.0000,0.000057,1.0000
59,0.000032,1.0000,0.000056,1.0000
60,0.000032,1.0000,0.000056,1.0000
61,0.000032,1.0000,0.000056,1.0000
62,0.000032,1.0000,0.000055,1.0000
63,0.000031,1.0000,0.000055,1.0000
64,0.000031,1.0000,0.000053,1.0000
65,0.000030,1.0000,0.000053,1.0000
66,0.000031,1.0000,0.000053,1.0000
67,0.000030,1.0000,0.000052,1.0000
68,0.000030,1.0000,0.000052,1.0000
69,0.000030,1.0000,0.000052,1.0000
70,0.000030,1.0000,0.000051,1.0000
71,0.000030,1.0000,0.000051,1.0000
72,0.000030,1.0000,0.000051,1.0000
73,0.000030,1.0000,0.000051,1.0000
74,0.000029,1.0000,0.000050,1.0000
75,0.000029,1.0000,0.000050,1.0000
76,0.000029,1.0000,0.000050,1.0000
77,0.000029,1.0000,0.000050,1.0000
78,0.000029,1.0000,0.000050,1.0000
79,0.000029,1.0000,0.000049,1.0000
80,0.000028,1.0000,0.000048,1.0000
81,0.000029,1.0000,0.000049,1.0000
82,0.000029,1.0000,0.000048,1.0000
83,0.000028,1.0000,0.000048,1.0000
84,0.000028,1.0000,0.000048,1.0000
85,0.000028,1.0000,0.000047,1.0000
86,0.000028,1.0000,0.000047,1.0000
87,0.000028,1.0000,0.000047,1.0000
88,0.000028,1.0000,0.000047,1.0000
89,0.000027,1.0000,0.000046,1.0000
90,0.000027,1.0000,0.000046,1.0000
91,0.000027,1.0000,0.000045,1.0000
92,0.000027,1.0000,0.000045,1.0000
93,0.000027,1.0000,0.000046,1.0000
94,0.000027,1.0000,0.000045,1.0000
95,0.000027,1.0000,0.000044,1.0000
96,0.000026,1.0000,0.000044,1.0000
97,0.000026,1.0000,0.000044,1.0000
98,0.000026,1.0000,0.000044,1.0000
99,0.000026,1.0000,0.000044,1.0000
100,0.000026,1.0000,0.000044,1.0000
1,0.125293,0.0000,0.120900,
2,0.094816,0.0000,0.097552,
3,0.082383,0.0000,0.089581,
4,0.067930,0.0000,0.085650,
5,0.062924,0.0000,0.080529,
6,0.050486,0.0000,0.059996,
7,0.035302,0.0000,0.040380,
8,0.026877,0.0000,0.029653,
9,0.014603,0.0000,0.009091,
10,0.003512,0.0000,0.003355,
11,0.001492,0.0000,0.001996,
12,0.000821,0.0000,0.001438,
13,0.000565,0.0000,0.000949,
14,0.000401,0.0000,0.000751,
15,0.000297,0.0000,0.000578,
16,0.000244,0.0000,0.000485,
17,0.000188,0.0000,0.000370,
18,0.000152,0.0000,0.000313,
19,0.000129,0.0000,0.000274,
20,0.000110,0.0000,0.000255,
21,0.000108,0.0000,0.000240,
22,0.000100,0.0000,0.000201,
23,0.000093,0.0000,0.000189,
24,0.000089,0.0000,0.000172,
25,0.000082,0.0000,0.000165,
26,0.000079,0.0000,0.000157,
27,0.000074,0.0000,0.000142,
28,0.000071,0.0000,0.000134,
29,0.000069,0.0000,0.000128,
30,0.000065,0.0000,0.000121,
31,0.000062,0.0000,0.000117,
32,0.000059,0.0000,0.000112,
33,0.000057,0.0000,0.000106,
34,0.000055,0.0000,0.000102,
35,0.000053,0.0000,0.000098,
36,0.000051,0.0000,0.000095,
37,0.000049,0.0000,0.000091,
38,0.000049,0.0000,0.000089,
39,0.000047,0.0000,0.000085,
40,0.000045,0.0000,0.000082,
41,0.000044,0.0000,0.000080,
42,0.000042,0.0000,0.000077,
43,0.000041,0.0000,0.000075,
44,0.000040,0.0000,0.000073,
45,0.000039,0.0000,0.000070,
46,0.000038,0.0000,0.000069,
47,0.000037,0.0000,0.000067,
48,0.000037,0.0000,0.000066,
49,0.000036,0.0000,0.000064,
50,0.000035,0.0000,0.000064,
51,0.000035,0.0000,0.000063,
52,0.000035,0.0000,0.000062,
53,0.000034,0.0000,0.000060,
54,0.000034,0.0000,0.000060,
55,0.000033,0.0000,0.000059,
56,0.000033,0.0000,0.000058,
57,0.000033,0.0000,0.000058,
58,0.000032,0.0000,0.000057,
59,0.000032,0.0000,0.000056,
60,0.000032,0.0000,0.000056,
61,0.000032,0.0000,0.000056,
62,0.000032,0.0000,0.000055,
63,0.000031,0.0000,0.000055,
64,0.000031,0.0000,0.000053,
65,0.000030,0.0000,0.000053,
66,0.000031,0.0000,0.000053,
67,0.000030,0.0000,0.000052,
68,0.000030,0.0000,0.000052,
69,0.000030,0.0000,0.000052,
70,0.000030,0.0000,0.000051,
71,0.000030,0.0000,0.000051,
72,0.000030,0.0000,0.000051,
73,0.000030,0.0000,0.000051,
74,0.000029,0.0000,0.000050,
75,0.000029,0.0000,0.000050,
76,0.000029,0.0000,0.000050,
77,0.000029,0.0000,0.000050,
78,0.000029,0.0000,0.000050,
79,0.000029,0.0000,0.000049,
80,0.000028,0.0000,0.000048,
81,0.000029,0.0000,0.000049,
82,0.000029,0.0000,0.000048,
83,0.000028,0.0000,0.000048,
84,0.000028,0.0000,0.000048,
85,0.000028,0.0000,0.000047,
86,0.000028,0.0000,0.000047,
87,0.000028,0.0000,0.000047,
88,0.000028,0.0000,0.000047,
89,0.000027,0.0000,0.000046,
90,0.000027,0.0000,0.000046,
91,0.000027,0.0000,0.000045,
92,0.000027,0.0000,0.000045,
93,0.000027,0.0000,0.000046,
94,0.000027,0.0000,0.000045,
95,0.000027,0.0000,0.000044,
96,0.000026,0.0000,0.000044,
97,0.000026,0.0000,0.000044,
98,0.000026,0.0000,0.000044,
99,0.000026,0.0000,0.000044,
100,0.000026,0.0000,0.000044,
