Epoch,Train Loss,Train Accuracy,Validation Loss,Validation Accuracy
1,0.001339,1.0000,0.001517,1.0000
2,0.001313,1.0000,0.001486,1.0000
3,0.001291,1.0000,0.001457,1.0000
4,0.001269,1.0000,0.001430,1.0000
5,0.001248,1.0000,0.001407,1.0000
6,0.001228,1.0000,0.001387,1.0000
7,0.001210,1.0000,0.001368,1.0000
8,0.001192,1.0000,0.001350,1.0000
9,0.001175,1.0000,0.001332,1.0000
10,0.001157,1.0000,0.001313,1.0000
11,0.001141,1.0000,0.001295,1.0000
12,0.001125,1.0000,0.001277,1.0000
13,0.001109,1.0000,0.001261,1.0000
14,0.001095,1.0000,0.001245,1.0000
15,0.001081,1.0000,0.001229,1.0000
16,0.001068,1.0000,0.001214,1.0000
17,0.001055,1.0000,0.001200,1.0000
18,0.001042,1.0000,0.001187,1.0000
19,0.001030,1.0000,0.001175,1.0000
20,0.001019,1.0000,0.001163,1.0000
21,0.001008,1.0000,0.001152,1.0000
22,0.000997,1.0000,0.001140,1.0000
23,0.000985,1.0000,0.001127,1.0000
24,0.000975,1.0000,0.001115,1.0000
25,0.000964,1.0000,0.001104,1.0000
26,0.000953,1.0000,0.001095,1.0000
27,0.000944,1.0000,0.001085,1.0000
28,0.000934,1.0000,0.001074,1.0000
29,0.000924,1.0000,0.001061,1.0000
30,0.000914,1.0000,0.001049,1.0000
31,0.000904,1.0000,0.001037,1.0000
32,0.000894,1.0000,0.001025,1.0000
33,0.000885,1.0000,0.001014,1.0000
34,0.000876,1.0000,0.001003,1.0000
35,0.000867,1.0000,0.000992,1.0000
36,0.000858,1.0000,0.000981,1.0000
37,0.000849,1.0000,0.000971,1.0000
38,0.000841,1.0000,0.000962,1.0000
39,0.000834,1.0000,0.000954,1.0000
40,0.000827,1.0000,0.000947,1.0000
41,0.000820,1.0000,0.000939,1.0000
42,0.000813,1.0000,0.000932,1.0000
43,0.000806,1.0000,0.000924,1.0000
44,0.000799,1.0000,0.000916,1.0000
45,0.000792,1.0000,0.000908,1.0000
46,0.000785,1.0000,0.000900,1.0000
47,0.000778,1.0000,0.000891,1.0000
48,0.000772,1.0000,0.000882,1.0000
49,0.000766,1.0000,0.000874,1.0000
50,0.000759,1.0000,0.000867,1.0000
1,0.024518,1.0000,0.010257,1.0000
2,0.024506,1.0000,0.010464,1.0000
3,0.024490,1.0000,0.010484,1.0000
4,0.024508,1.0000,0.010406,1.0000
5,0.024486,1.0000,0.010277,1.0000
6,0.024464,1.0000,0.010200,1.0000
7,0.024461,1.0000,0.010214,1.0000
8,0.024455,1.0000,0.010170,1.0000
9,0.024446,1.0000,0.010375,1.0000
10,0.024493,1.0000,0.010502,1.0000
11,0.024528,1.0000,0.010023,1.0000
12,0.024448,1.0000,0.009882,1.0000
13,0.024411,1.0000,0.009994,1.0000
14,0.024429,1.0000,0.009635,1.0000
15,0.024451,1.0000,0.009502,1.0000
16,0.024428,1.0000,0.009668,1.0000
17,0.024397,1.0000,0.009719,1.0000
18,0.024395,1.0000,0.009623,1.0000
19,0.024372,1.0000,0.009469,1.0000
20,0.024375,1.0000,0.009410,1.0000
21,0.024377,1.0000,0.009382,1.0000
22,0.024364,1.0000,0.009354,1.0000
23,0.024371,1.0000,0.009392,1.0000
24,0.024366,1.0000,0.009428,1.0000
25,0.024380,1.0000,0.009338,1.0000
26,0.024381,1.0000,0.009400,1.0000
27,0.024404,1.0000,0.009581,1.0000
28,0.024448,1.0000,0.009308,1.0000
29,0.024363,1.0000,0.009288,1.0000
30,0.024347,1.0000,0.009529,1.0000
31,0.024357,1.0000,0.009591,1.0000
32,0.024355,1.0000,0.009406,1.0000
33,0.024342,1.0000,0.009330,1.0000
34,0.024351,1.0000,0.009484,1.0000
35,0.024373,1.0000,0.009398,1.0000
36,0.024364,1.0000,0.009128,1.0000
37,0.024382,1.0000,0.009210,1.0000
38,0.024340,1.0000,0.009396,1.0000
39,0.024390,1.0000,0.009127,1.0000
40,0.024330,1.0000,0.008966,1.0000
41,0.024368,1.0000,0.008927,1.0000
42,0.024359,1.0000,0.008952,1.0000
43,0.024354,1.0000,0.008996,1.0000
44,0.024337,1.0000,0.009113,1.0000
45,0.024330,1.0000,0.009313,1.0000
46,0.024371,1.0000,0.009068,1.0000
47,0.024322,1.0000,0.008886,1.0000
48,0.024416,1.0000,0.008834,1.0000
49,0.024404,1.0000,0.008901,1.0000
50,0.024338,1.0000,0.008918,1.0000
1,0.137550,0.9508,0.117793,0.9583
2,0.136698,0.9508,0.110745,0.9606
3,0.137019,0.9508,0.105789,0.9606
4,0.137875,0.9508,0.104867,0.9606
5,0.137328,0.9508,0.109275,0.9606
6,0.136150,0.9508,0.110461,0.9606
7,0.134698,0.9508,0.113543,0.9537
8,0.133842,0.9590,0.118257,0.9514
9,0.133905,0.9590,0.121206,0.9514
10,0.133486,0.9590,0.120236,0.9514
11,0.132565,0.9590,0.115094,0.9514
12,0.131419,0.9590,0.109161,0.9560
13,0.131068,0.9508,0.106497,0.9560
14,0.130618,0.9508,0.104623,0.9606
15,0.130554,0.9508,0.105868,0.9560
16,0.129529,0.9508,0.108673,0.9537
17,0.129620,0.9508,0.109394,0.9537
18,0.128958,0.9508,0.110499,0.9514
19,0.128364,0.9590,0.111366,0.9514
20,0.128179,0.9590,0.111425,0.9514
21,0.127825,0.9590,0.111439,0.9514
22,0.127707,0.9590,0.109748,0.9514
23,0.127401,0.9590,0.109923,0.9514
24,0.126740,0.9590,0.108784,0.9514
25,0.126128,0.9590,0.108104,0.9514
26,0.125600,0.9590,0.106823,0.9514
27,0.125223,0.9590,0.104984,0.9514
28,0.124963,0.9590,0.105090,0.9514
29,0.124222,0.9590,0.105383,0.9514
30,0.124004,0.9590,0.105120,0.9514
31,0.123652,0.9590,0.103461,0.9514
32,0.123532,0.9590,0.103218,0.9514
33,0.123162,0.9590,0.104373,0.9514
34,0.122937,0.9590,0.105130,0.9514
35,0.122919,0.9590,0.104104,0.9514
36,0.122457,0.9590,0.103447,0.9537
37,0.122359,0.9590,0.103551,0.9537
38,0.122140,0.9590,0.104966,0.9491
39,0.122166,0.9590,0.104885,0.9491
40,0.121794,0.9590,0.104903,0.9491
41,0.121651,0.9590,0.104721,0.9491
42,0.121499,0.9590,0.103130,0.9514
43,0.121297,0.9590,0.102921,0.9491
44,0.120789,0.9590,0.102667,0.9491
45,0.120391,0.9590,0.101736,0.9514
46,0.120073,0.9590,0.100492,0.9514
47,0.119897,0.9590,0.100968,0.9514
48,0.119480,0.9590,0.101156,0.9514
49,0.119112,0.9590,0.101916,0.9514
50,0.118950,0.9590,0.101974,0.9514
1,0.127382,0.9508,0.113826,0.9514
2,0.125710,0.9508,0.116057,0.9514
3,0.125627,0.9508,0.114829,0.9514
4,0.123871,0.9508,0.104888,0.9560
5,0.123798,0.9508,0.113385,0.9514
6,0.122081,0.9508,0.107461,0.9537
7,0.121571,0.9508,0.108714,0.9514
8,0.120291,0.9508,0.099768,0.9560
9,0.120219,0.9508,0.092191,0.9583
10,0.121476,0.9508,0.098510,0.9560
11,0.118738,0.9508,0.120148,0.9468
12,0.119371,0.9590,0.122562,0.9444
13,0.119417,0.9590,0.119830,0.9444
14,0.117821,0.9590,0.116835,0.9468
15,0.115012,0.9590,0.104893,0.9514
16,0.113550,0.9590,0.107849,0.9514
17,0.112205,0.9590,0.107867,0.9514
18,0.111718,0.9590,0.116037,0.9398
19,0.111918,0.9672,0.106582,0.9468
20,0.109693,0.9672,0.098481,0.9560
21,0.109415,0.9672,0.098114,0.9560
22,0.108633,0.9672,0.103791,0.9514
23,0.108107,0.9754,0.099037,0.9537
24,0.108579,0.9836,0.110435,0.9444
25,0.108537,0.9754,0.111353,0.9444
26,0.107841,0.9754,0.105790,0.9468
27,0.106012,0.9754,0.093777,0.9560
28,0.105474,0.9754,0.098861,0.9560
29,0.103408,0.9836,0.098547,0.9537
30,0.103294,0.9836,0.104971,0.9491
31,0.102320,0.9836,0.112849,0.9468
32,0.102544,0.9836,0.108414,0.9468
33,0.100262,0.9836,0.102225,0.9583
34,0.099035,0.9754,0.096982,0.9583
35,0.098342,0.9754,0.094754,0.9583
36,0.098193,0.9754,0.093329,0.9583
37,0.100262,0.9754,0.120078,0.9468
38,0.100013,0.9754,0.121031,0.9468
39,0.098277,0.9836,0.101963,0.9560
40,0.094924,0.9754,0.096187,0.9583
41,0.094712,0.9754,0.092370,0.9583
42,0.094754,0.9754,0.092279,0.9583
43,0.094100,0.9754,0.100334,0.9537
44,0.092064,0.9836,0.108246,0.9537
45,0.091755,0.9836,0.115633,0.9514
46,0.092801,0.9836,0.109152,0.9514
47,0.091144,0.9836,0.097744,0.9537
48,0.090842,0.9836,0.101271,0.9537
49,0.090118,0.9836,0.115707,0.9491
50,0.089901,0.9918,0.126855,0.9468
1,0.066370,0.9836,0.081402,0.9792
2,0.069764,0.9836,0.108713,0.9722
3,0.067799,0.9836,0.097776,0.9769
4,0.069704,0.9836,0.172635,0.9537
5,0.100620,0.9508,0.089037,0.9769
6,0.248024,0.9344,0.192534,0.9352
7,0.228843,0.9262,0.119328,0.9560
8,0.153271,0.9426,0.241933,0.9259
9,0.172390,0.9262,0.133503,0.9491
10,0.120962,0.9590,0.144765,0.9491
11,0.142362,0.9590,0.085866,0.9792
12,0.112883,0.9590,0.117882,0.9722
13,0.095900,0.9754,0.141125,0.9606
14,0.100123,0.9672,0.126821,0.9653
15,0.083710,0.9672,0.110237,0.9699
16,0.078738,0.9754,0.126045,0.9630
17,0.073544,0.9836,0.123223,0.9653
18,0.070194,0.9836,0.121405,0.9630
19,0.070997,0.9836,0.119579,0.9653
20,0.067527,0.9836,0.111863,0.9699
21,0.065455,0.9836,0.106239,0.9699
22,0.066597,0.9836,0.103774,0.9699
23,0.064989,0.9836,0.104669,0.9676
24,0.064814,0.9836,0.103468,0.9699
25,0.064182,0.9836,0.101852,0.9699
26,0.064162,0.9836,0.112799,0.9699
27,0.063426,0.9836,0.118246,0.9630
28,0.063120,0.9836,0.112272,0.9676
29,0.063227,0.9836,0.110485,0.9676
30,0.062701,0.9836,0.110807,0.9699
31,0.062889,0.9836,0.110723,0.9699
32,0.062623,0.9836,0.113477,0.9699
33,0.063583,0.9836,0.116800,0.9699
34,0.065255,0.9836,0.115102,0.9699
35,0.064852,0.9836,0.109802,0.9722
36,0.062993,0.9836,0.106187,0.9699
37,0.061852,0.9836,0.105407,0.9699
38,0.061507,0.9836,0.108841,0.9676
39,0.062239,0.9836,0.113361,0.9676
40,0.060884,0.9836,0.115595,0.9676
41,0.062201,0.9836,0.117755,0.9676
42,0.060788,0.9836,0.121367,0.9676
43,0.060824,0.9836,0.121844,0.9630
44,0.061208,0.9836,0.118566,0.9630
45,0.061106,0.9836,0.118195,0.9676
46,0.061380,0.9836,0.119788,0.9676
47,0.060972,0.9836,0.118228,0.9653
48,0.061180,0.9836,0.116462,0.9653
49,0.061349,0.9836,0.118489,0.9676
50,0.061586,0.9836,0.122306,0.9653
1,0.685811,0.5484,0.686119,0.5694
2,0.685547,0.5484,0.685901,0.5694
3,0.685261,0.5484,0.685621,0.5787
4,0.684946,0.5484,0.685398,0.5787
5,0.684672,0.5484,0.685193,0.5833
6,0.684400,0.5565,0.684969,0.5764
7,0.684094,0.5565,0.684687,0.5741
8,0.683746,0.5565,0.684424,0.5833
9,0.683413,0.5806,0.684199,0.5880
10,0.683125,0.5887,0.683964,0.5926
11,0.682843,0.5887,0.683767,0.5972
12,0.682582,0.5887,0.683538,0.5995
13,0.682301,0.5887,0.683336,0.6019
14,0.682016,0.5968,0.683093,0.6019
15,0.681686,0.5887,0.682861,0.6019
16,0.681427,0.5887,0.682715,0.6019
17,0.681146,0.5887,0.682540,0.6019
18,0.680877,0.5887,0.682315,0.6042
19,0.680554,0.5887,0.682094,0.6065
20,0.680286,0.5968,0.681935,0.6042
21,0.680040,0.5968,0.681806,0.6042
22,0.679853,0.5968,0.681540,0.6111
23,0.679497,0.6048,0.681372,0.6088
24,0.679190,0.5968,0.681150,0.6088
25,0.678905,0.5968,0.680962,0.6134
26,0.678655,0.6210,0.680817,0.6111
27,0.678417,0.6129,0.680621,0.6157
28,0.678165,0.6210,0.680403,0.6250
29,0.677888,0.6290,0.680243,0.6273
30,0.677637,0.6290,0.680071,0.6273
31,0.677436,0.6371,0.679797,0.6204
32,0.677075,0.6371,0.679562,0.6204
33,0.676783,0.6532,0.679380,0.6250
34,0.676526,0.6532,0.679168,0.6296
35,0.676207,0.6532,0.678989,0.6250
36,0.675916,0.6532,0.678794,0.6273
37,0.675635,0.6532,0.678632,0.6273
38,0.675360,0.6452,0.678421,0.6250
39,0.675072,0.6452,0.678236,0.6343
40,0.674773,0.6452,0.678053,0.6319
41,0.674521,0.6452,0.677887,0.6389
42,0.674272,0.6452,0.677670,0.6412
43,0.673998,0.6532,0.677486,0.6412
44,0.673789,0.6532,0.677257,0.6435
45,0.673462,0.6532,0.677108,0.6435
46,0.673217,0.6532,0.676928,0.6435
47,0.672967,0.6532,0.676772,0.6435
48,0.672761,0.6532,0.676650,0.6435
49,0.672540,0.6532,0.676496,0.6435
50,0.672301,0.6532,0.676292,0.6435
1,0.684106,0.5968,0.684260,0.6019
2,0.683750,0.5968,0.683868,0.6065
3,0.683263,0.6048,0.683385,0.6065
4,0.682693,0.6129,0.683010,0.6111
5,0.682186,0.6210,0.682598,0.6157
6,0.681653,0.6129,0.682147,0.6181
7,0.681135,0.6210,0.681783,0.6181
8,0.680591,0.6210,0.681444,0.6227
9,0.680095,0.6290,0.681049,0.6273
10,0.679597,0.6290,0.680756,0.6296
11,0.679142,0.6290,0.680434,0.6296
12,0.678707,0.6290,0.680141,0.6296
13,0.678292,0.6290,0.679847,0.6296
14,0.677872,0.6290,0.679507,0.6343
15,0.677428,0.6371,0.679228,0.6366
16,0.676995,0.6452,0.678913,0.6343
17,0.676568,0.6532,0.678610,0.6389
18,0.676134,0.6532,0.678300,0.6389
19,0.675697,0.6532,0.677975,0.6412
20,0.675249,0.6532,0.677681,0.6412
21,0.674834,0.6532,0.677423,0.6366
22,0.674426,0.6532,0.677178,0.6319
23,0.674040,0.6532,0.676868,0.6343
24,0.673600,0.6532,0.676574,0.6389
25,0.673173,0.6532,0.676304,0.6389
26,0.672785,0.6532,0.676079,0.6389
27,0.672405,0.6532,0.675814,0.6389
28,0.672010,0.6532,0.675556,0.6389
29,0.671618,0.6532,0.675295,0.6458
30,0.671212,0.6613,0.675011,0.6435
31,0.670829,0.6532,0.674748,0.6458
32,0.670438,0.6613,0.674502,0.6435
33,0.670056,0.6532,0.674223,0.6481
34,0.669677,0.6532,0.673991,0.6458
35,0.669317,0.6532,0.673771,0.6458
36,0.669011,0.6532,0.673586,0.6435
37,0.668663,0.6532,0.673340,0.6458
38,0.668315,0.6613,0.673120,0.6458
39,0.667961,0.6613,0.672918,0.6481
40,0.667615,0.6694,0.672673,0.6481
41,0.667272,0.6694,0.672483,0.6505
42,0.666902,0.6774,0.672224,0.6481
43,0.666540,0.6694,0.671953,0.6505
44,0.666194,0.6694,0.671698,0.6505
45,0.665860,0.6694,0.671510,0.6481
46,0.665545,0.6694,0.671331,0.6481
47,0.665260,0.6694,0.671074,0.6481
48,0.664911,0.6694,0.670852,0.6505
49,0.664564,0.6694,0.670601,0.6505
50,0.664246,0.6694,0.670409,0.6505
1,0.290478,0.8629,0.410765,0.7546
2,0.291052,0.8548,0.403086,0.7662
3,0.288862,0.8790,0.399195,0.7546
4,0.284322,0.8548,0.419199,0.7731
5,0.276881,0.8790,0.404436,0.7801
6,0.269526,0.8790,0.396056,0.7870
7,0.266265,0.8790,0.402366,0.7824
8,0.261289,0.8790,0.391245,0.7940
9,0.255986,0.8871,0.372559,0.7986
10,0.253608,0.8790,0.368502,0.7986
11,0.246177,0.8871,0.356043,0.8032
12,0.240243,0.8871,0.355513,0.8056
13,0.236663,0.8871,0.335019,0.8310
14,0.231499,0.9113,0.325015,0.8333
15,0.228687,0.9194,0.333829,0.8218
16,0.221967,0.9032,0.324490,0.8333
17,0.216755,0.9113,0.315435,0.8380
18,0.212655,0.9274,0.310186,0.8356
19,0.209332,0.9274,0.305493,0.8403
20,0.204506,0.9274,0.308372,0.8264
21,0.201009,0.9113,0.302685,0.8287
22,0.197593,0.9113,0.296502,0.8519
23,0.194061,0.9516,0.280610,0.8727
24,0.189517,0.9516,0.278162,0.8681
25,0.185437,0.9516,0.275246,0.8588
26,0.182909,0.9355,0.276899,0.8588
27,0.180055,0.9516,0.270934,0.8657
28,0.176434,0.9516,0.264104,0.8750
29,0.173043,0.9597,0.255813,0.8843
30,0.169535,0.9597,0.246395,0.9028
31,0.167232,0.9597,0.243564,0.9051
32,0.163812,0.9758,0.244797,0.9097
33,0.162057,0.9758,0.235956,0.9167
34,0.158641,0.9758,0.228443,0.9375
35,0.156213,0.9758,0.225571,0.9375
36,0.153288,0.9758,0.225666,0.9329
37,0.151052,0.9758,0.216357,0.9491
38,0.148199,0.9919,0.216951,0.9398
39,0.145210,0.9839,0.220059,0.9282
40,0.144088,0.9758,0.214213,0.9375
41,0.141723,0.9839,0.212888,0.9352
42,0.139771,0.9839,0.207487,0.9398
43,0.137551,0.9839,0.202673,0.9514
44,0.135501,0.9839,0.197936,0.9560
45,0.134025,0.9839,0.197161,0.9537
46,0.131953,0.9839,0.192036,0.9630
47,0.129947,0.9919,0.188015,0.9653
48,0.128679,0.9919,0.188958,0.9606
49,0.126717,0.9839,0.186632,0.9630
50,0.125253,0.9839,0.185369,0.9630
1,0.220002,0.9113,0.296292,0.8611
2,0.219007,0.9194,0.295087,0.8634
3,0.218503,0.9194,0.294015,0.8634
4,0.218108,0.9194,0.293753,0.8634
5,0.217649,0.9194,0.293194,0.8634
6,0.217288,0.9194,0.292635,0.8634
7,0.216965,0.9194,0.292381,0.8634
8,0.216586,0.9194,0.291925,0.8634
9,0.216262,0.9194,0.291025,0.8657
10,0.215879,0.9194,0.290545,0.8657
11,0.215488,0.9194,0.289909,0.8681
12,0.215072,0.9194,0.289633,0.8681
13,0.214715,0.9194,0.288702,0.8681
14,0.214292,0.9194,0.287863,0.8727
15,0.213938,0.9194,0.287777,0.8727
16,0.213553,0.9194,0.287181,0.8727
17,0.213193,0.9194,0.286607,0.8750
18,0.212825,0.9194,0.286227,0.8750
19,0.212508,0.9194,0.285961,0.8727
20,0.212182,0.9194,0.285976,0.8727
21,0.211803,0.9194,0.285729,0.8727
22,0.211472,0.9194,0.285556,0.8727
23,0.211114,0.9194,0.284923,0.8727
24,0.210750,0.9194,0.284894,0.8727
25,0.210395,0.9194,0.284558,0.8727
26,0.210091,0.9194,0.284408,0.8727
27,0.209726,0.9194,0.283934,0.8727
28,0.209354,0.9194,0.283458,0.8727
29,0.208992,0.9194,0.282922,0.8727
30,0.208612,0.9194,0.282089,0.8727
31,0.208262,0.9194,0.281540,0.8727
32,0.207891,0.9194,0.281461,0.8727
33,0.207578,0.9194,0.280664,0.8727
34,0.207216,0.9194,0.279741,0.8750
35,0.206785,0.9194,0.279267,0.8727
36,0.206439,0.9194,0.279081,0.8727
37,0.206118,0.9194,0.278054,0.8750
38,0.205717,0.9194,0.277955,0.8727
39,0.205336,0.9194,0.278023,0.8727
40,0.205028,0.9194,0.277361,0.8727
41,0.204703,0.9194,0.277315,0.8727
42,0.204359,0.9194,0.276724,0.8727
43,0.204002,0.9194,0.276192,0.8727
44,0.203656,0.9194,0.275562,0.8727
45,0.203389,0.9194,0.275365,0.8727
46,0.202998,0.9194,0.274381,0.8750
47,0.202554,0.9194,0.273641,0.8773
48,0.202239,0.9194,0.273630,0.8750
49,0.201872,0.9194,0.273022,0.8773
50,0.201517,0.9194,0.272608,0.8773
1,0.026101,1.0000,0.010809,1.0000
2,0.026054,1.0000,0.010656,1.0000
3,0.026031,1.0000,0.010590,1.0000
4,0.026078,1.0000,0.010590,1.0000
5,0.025981,1.0000,0.010677,1.0000
6,0.025943,1.0000,0.010582,1.0000
7,0.025913,1.0000,0.010443,1.0000
8,0.025837,1.0000,0.010407,1.0000
9,0.025807,1.0000,0.010337,1.0000
10,0.025781,1.0000,0.010255,1.0000
11,0.025784,1.0000,0.010183,1.0000
12,0.025738,1.0000,0.010173,1.0000
13,0.025712,1.0000,0.010130,1.0000
14,0.025685,1.0000,0.010085,1.0000
15,0.025710,1.0000,0.010100,1.0000
16,0.025676,1.0000,0.010127,1.0000
17,0.025636,1.0000,0.010127,1.0000
18,0.025642,1.0000,0.010127,1.0000
19,0.025657,1.0000,0.010049,1.0000
20,0.025622,1.0000,0.010012,1.0000
21,0.025611,1.0000,0.010037,1.0000
22,0.025615,1.0000,0.010018,1.0000
23,0.025591,1.0000,0.009950,1.0000
24,0.025550,1.0000,0.010002,1.0000
25,0.025574,1.0000,0.010015,1.0000
26,0.025530,1.0000,0.010046,1.0000
27,0.025525,1.0000,0.010010,1.0000
28,0.025523,1.0000,0.009950,1.0000
29,0.025511,1.0000,0.009902,1.0000
30,0.025504,1.0000,0.009803,1.0000
31,0.025493,1.0000,0.009764,1.0000
32,0.025491,1.0000,0.009768,1.0000
33,0.025480,1.0000,0.009768,1.0000
34,0.025474,1.0000,0.009753,1.0000
35,0.025489,1.0000,0.009733,1.0000
36,0.025493,1.0000,0.009709,1.0000
37,0.025457,1.0000,0.009730,1.0000
38,0.025475,1.0000,0.009769,1.0000
39,0.025455,1.0000,0.009823,1.0000
40,0.025459,1.0000,0.009818,1.0000
41,0.025455,1.0000,0.009753,1.0000
42,0.025408,1.0000,0.009759,1.0000
43,0.025399,1.0000,0.009737,1.0000
44,0.025426,1.0000,0.009705,1.0000
45,0.025410,1.0000,0.009786,1.0000
46,0.025485,1.0000,0.009678,1.0000
47,0.025413,1.0000,0.009552,1.0000
48,0.025417,1.0000,0.009564,1.0000
49,0.025387,1.0000,0.009613,1.0000
50,0.025378,1.0000,0.009634,1.0000
1,0.628464,0.7339,0.647474,0.6944
2,0.628166,0.7339,0.647357,0.6944
3,0.628001,0.7339,0.647269,0.6944
4,0.627881,0.7339,0.647206,0.6944
5,0.627779,0.7339,0.647141,0.6944
6,0.627678,0.7339,0.647071,0.6968
7,0.627578,0.7339,0.647011,0.6968
8,0.627475,0.7339,0.646953,0.6968
9,0.627379,0.7339,0.646890,0.6968
10,0.627287,0.7339,0.646839,0.6968
11,0.627197,0.7339,0.646783,0.6968
12,0.627109,0.7339,0.646728,0.6968
13,0.627022,0.7339,0.646676,0.6968
14,0.626938,0.7339,0.646618,0.6968
15,0.626848,0.7339,0.646565,0.6968
16,0.626755,0.7339,0.646505,0.6968
17,0.626661,0.7339,0.646441,0.6968
18,0.626563,0.7339,0.646376,0.6968
19,0.626463,0.7339,0.646310,0.6968
20,0.626361,0.7339,0.646249,0.6968
21,0.626262,0.7339,0.646192,0.6968
22,0.626168,0.7339,0.646141,0.6968
23,0.626078,0.7339,0.646081,0.6968
24,0.625980,0.7339,0.646020,0.6968
25,0.625879,0.7339,0.645962,0.6968
26,0.625786,0.7339,0.645912,0.6968
27,0.625697,0.7339,0.645860,0.6968
28,0.625609,0.7339,0.645805,0.6968
29,0.625517,0.7339,0.645750,0.6968
30,0.625424,0.7339,0.645692,0.6968
31,0.625336,0.7339,0.645637,0.6968
32,0.625245,0.7339,0.645583,0.6968
33,0.625153,0.7339,0.645526,0.6968
34,0.625065,0.7339,0.645475,0.6968
35,0.624978,0.7339,0.645426,0.6968
36,0.624899,0.7339,0.645378,0.6968
37,0.624810,0.7339,0.645319,0.6968
38,0.624720,0.7339,0.645265,0.6968
39,0.624626,0.7339,0.645216,0.6968
40,0.624533,0.7339,0.645157,0.6968
41,0.624441,0.7339,0.645107,0.6968
42,0.624342,0.7339,0.645045,0.6968
43,0.624250,0.7339,0.644985,0.6968
44,0.624161,0.7339,0.644921,0.6968
45,0.624072,0.7339,0.644871,0.6968
46,0.623985,0.7339,0.644826,0.6968
47,0.623911,0.7339,0.644769,0.6968
48,0.623823,0.7339,0.644713,0.6968
49,0.623731,0.7339,0.644651,0.6968
50,0.623644,0.7339,0.644599,0.6968
1,0.008265,1.0000,0.003296,1.0000
2,0.008263,1.0000,0.003292,1.0000
3,0.008260,1.0000,0.003290,1.0000
4,0.008258,1.0000,0.003289,1.0000
5,0.008256,1.0000,0.003289,1.0000
6,0.008255,1.0000,0.003288,1.0000
7,0.008254,1.0000,0.003289,1.0000
8,0.008252,1.0000,0.003290,1.0000
9,0.008252,1.0000,0.003290,1.0000
10,0.008250,1.0000,0.003288,1.0000
11,0.008249,1.0000,0.003287,1.0000
12,0.008247,1.0000,0.003287,1.0000
13,0.008246,1.0000,0.003285,1.0000
14,0.008245,1.0000,0.003282,1.0000
15,0.008243,1.0000,0.003282,1.0000
16,0.008242,1.0000,0.003282,1.0000
17,0.008240,1.0000,0.003280,1.0000
18,0.008239,1.0000,0.003278,1.0000
19,0.008238,1.0000,0.003277,1.0000
20,0.008237,1.0000,0.003277,1.0000
21,0.008235,1.0000,0.003277,1.0000
22,0.008234,1.0000,0.003277,1.0000
23,0.008233,1.0000,0.003275,1.0000
24,0.008232,1.0000,0.003275,1.0000
25,0.008230,1.0000,0.003276,1.0000
26,0.008230,1.0000,0.003276,1.0000
27,0.008228,1.0000,0.003277,1.0000
28,0.008227,1.0000,0.003276,1.0000
29,0.008226,1.0000,0.003274,1.0000
30,0.008225,1.0000,0.003271,1.0000
31,0.008224,1.0000,0.003269,1.0000
32,0.008222,1.0000,0.003269,1.0000
33,0.008221,1.0000,0.003269,1.0000
34,0.008221,1.0000,0.003267,1.0000
35,0.008219,1.0000,0.003265,1.0000
36,0.008218,1.0000,0.003264,1.0000
37,0.008217,1.0000,0.003261,1.0000
38,0.008215,1.0000,0.003259,1.0000
39,0.008213,1.0000,0.003259,1.0000
40,0.008212,1.0000,0.003258,1.0000
41,0.008211,1.0000,0.003259,1.0000
42,0.008210,1.0000,0.003259,1.0000
43,0.008209,1.0000,0.003258,1.0000
44,0.008208,1.0000,0.003256,1.0000
45,0.008207,1.0000,0.003254,1.0000
46,0.008206,1.0000,0.003251,1.0000
47,0.008205,1.0000,0.003249,1.0000
48,0.008203,1.0000,0.003249,1.0000
49,0.008202,1.0000,0.003248,1.0000
50,0.008201,1.0000,0.003246,1.0000
1,0.691243,0.5645,0.689247,0.5926
2,0.690912,0.5645,0.688856,0.5903
3,0.690442,0.5645,0.688371,0.5949
4,0.689893,0.5887,0.688002,0.5995
5,0.689419,0.5887,0.687601,0.5926
6,0.688925,0.5806,0.687168,0.5972
7,0.688455,0.5887,0.686831,0.5995
8,0.687970,0.5968,0.686517,0.5972
9,0.687528,0.5968,0.686148,0.6042
10,0.687084,0.5968,0.685883,0.6065
11,0.686688,0.5968,0.685591,0.6065
12,0.686316,0.6048,0.685336,0.6065
13,0.685967,0.6048,0.685077,0.6042
14,0.685612,0.6129,0.684776,0.6134
15,0.685240,0.6290,0.684536,0.6157
16,0.684882,0.6290,0.684267,0.6157
17,0.684536,0.6290,0.684015,0.6111
18,0.684187,0.6129,0.683757,0.6134
19,0.683838,0.6129,0.683488,0.6157
20,0.683483,0.6129,0.683249,0.6181
21,0.683160,0.6210,0.683042,0.6181
22,0.682841,0.6210,0.682844,0.6204
23,0.682540,0.6371,0.682587,0.6181
24,0.682195,0.6210,0.682349,0.6181
25,0.681865,0.6210,0.682132,0.6204
26,0.681568,0.6210,0.681955,0.6204
27,0.681277,0.6210,0.681738,0.6181
28,0.680971,0.6210,0.681533,0.6204
29,0.680673,0.6210,0.681326,0.6204
30,0.680362,0.6210,0.681097,0.6181
31,0.680069,0.6129,0.680891,0.6181
32,0.679774,0.6210,0.680698,0.6181
33,0.679489,0.6210,0.680478,0.6181
34,0.679203,0.6210,0.680297,0.6157
35,0.678936,0.6129,0.680128,0.6204
36,0.678712,0.6290,0.679991,0.6157
37,0.678458,0.6129,0.679803,0.6227
38,0.678205,0.6290,0.679638,0.6250
39,0.677950,0.6290,0.679488,0.6250
40,0.677704,0.6290,0.679303,0.6250
41,0.677459,0.6290,0.679165,0.6250
42,0.677194,0.6290,0.678971,0.6273
43,0.676933,0.6290,0.678763,0.6273
44,0.676685,0.6290,0.678577,0.6250
45,0.676449,0.6290,0.678442,0.6250
46,0.676227,0.6290,0.678309,0.6250
47,0.676025,0.6290,0.678116,0.6273
48,0.675777,0.6290,0.677954,0.6227
49,0.675534,0.6290,0.677769,0.6250
50,0.675310,0.6371,0.677631,0.6250
1,0.012918,1.0000,0.005005,1.0000
2,0.012915,1.0000,0.004996,1.0000
3,0.012912,1.0000,0.004989,1.0000
4,0.012909,1.0000,0.004984,1.0000
5,0.012907,1.0000,0.004976,1.0000
6,0.012906,1.0000,0.004971,1.0000
7,0.012905,1.0000,0.004970,1.0000
8,0.012904,1.0000,0.004982,1.0000
9,0.012901,1.0000,0.004996,1.0000
10,0.012902,1.0000,0.004998,1.0000
11,0.012900,1.0000,0.004996,1.0000
12,0.012899,1.0000,0.004995,1.0000
13,0.012898,1.0000,0.004990,1.0000
14,0.012897,1.0000,0.004983,1.0000
15,0.012897,1.0000,0.004979,1.0000
16,0.012896,1.0000,0.004972,1.0000
17,0.012896,1.0000,0.004969,1.0000
18,0.012896,1.0000,0.004975,1.0000
19,0.012894,1.0000,0.005000,1.0000
20,0.012899,1.0000,0.005019,1.0000
21,0.012895,1.0000,0.005017,1.0000
22,0.012893,1.0000,0.005013,1.0000
23,0.012893,1.0000,0.005010,1.0000
24,0.012893,1.0000,0.005008,1.0000
25,0.012892,1.0000,0.005022,1.0000
26,0.012893,1.0000,0.005043,1.0000
27,0.012892,1.0000,0.005053,1.0000
28,0.012891,1.0000,0.005057,1.0000
29,0.012892,1.0000,0.005052,1.0000
30,0.012890,1.0000,0.005041,1.0000
31,0.012889,1.0000,0.005031,1.0000
32,0.012888,1.0000,0.005028,1.0000
33,0.012888,1.0000,0.005029,1.0000
34,0.012887,1.0000,0.005029,1.0000
35,0.012887,1.0000,0.005025,1.0000
36,0.012887,1.0000,0.005020,1.0000
37,0.012886,1.0000,0.005011,1.0000
38,0.012885,1.0000,0.004996,1.0000
39,0.012885,1.0000,0.004984,1.0000
40,0.012886,1.0000,0.004975,1.0000
41,0.012885,1.0000,0.004967,1.0000
42,0.012884,1.0000,0.004961,1.0000
43,0.012884,1.0000,0.004954,1.0000
44,0.012882,1.0000,0.004945,1.0000
45,0.012882,1.0000,0.004943,1.0000
46,0.012881,1.0000,0.004950,1.0000
47,0.012881,1.0000,0.004959,1.0000
48,0.012880,1.0000,0.004963,1.0000
49,0.012880,1.0000,0.004964,1.0000
50,0.012879,1.0000,0.004960,1.0000
1,0.044145,1.0000,0.028331,1.0000
2,0.043205,1.0000,0.026969,1.0000
3,0.042441,1.0000,0.025854,1.0000
4,0.041667,1.0000,0.025030,1.0000
5,0.041062,1.0000,0.024055,1.0000
6,0.040547,1.0000,0.023349,1.0000
7,0.040072,1.0000,0.022579,1.0000
8,0.039588,1.0000,0.021736,1.0000
9,0.039167,1.0000,0.021078,1.0000
10,0.038788,1.0000,0.020504,1.0000
11,0.038384,1.0000,0.020162,1.0000
12,0.038065,1.0000,0.019965,1.0000
13,0.037796,1.0000,0.019822,1.0000
14,0.037587,1.0000,0.019724,1.0000
15,0.037363,1.0000,0.019524,1.0000
16,0.037180,1.0000,0.019137,1.0000
17,0.037055,1.0000,0.018837,1.0000
18,0.036794,1.0000,0.018656,1.0000
19,0.036548,1.0000,0.018476,1.0000
20,0.036470,1.0000,0.017980,1.0000
21,0.036273,1.0000,0.017671,1.0000
22,0.036187,1.0000,0.017490,1.0000
23,0.035907,1.0000,0.017614,1.0000
24,0.035774,1.0000,0.017719,1.0000
25,0.035699,1.0000,0.017500,1.0000
26,0.035582,1.0000,0.017379,1.0000
27,0.035465,1.0000,0.017221,1.0000
28,0.035321,1.0000,0.017046,1.0000
29,0.035209,1.0000,0.016939,1.0000
30,0.035116,1.0000,0.016879,1.0000
31,0.035044,1.0000,0.016686,1.0000
32,0.034913,1.0000,0.016439,1.0000
33,0.034836,1.0000,0.016306,1.0000
34,0.034749,1.0000,0.016196,1.0000
35,0.034652,1.0000,0.016140,1.0000
36,0.034573,1.0000,0.016051,1.0000
37,0.034502,1.0000,0.015973,1.0000
38,0.034412,1.0000,0.015868,1.0000
39,0.034343,1.0000,0.015783,1.0000
40,0.034259,1.0000,0.015794,1.0000
41,0.034186,1.0000,0.015798,1.0000
42,0.034148,1.0000,0.015589,1.0000
43,0.034093,1.0000,0.015495,1.0000
44,0.033999,1.0000,0.015509,1.0000
45,0.033972,1.0000,0.015340,1.0000
46,0.033916,1.0000,0.015233,1.0000
47,0.033858,1.0000,0.015176,1.0000
48,0.033783,1.0000,0.015112,1.0000
49,0.033736,1.0000,0.015099,1.0000
50,0.033678,1.0000,0.015095,1.0000
1,0.015456,1.0000,0.006166,1.0000
2,0.015335,1.0000,0.006095,1.0000
3,0.015233,1.0000,0.006037,1.0000
4,0.015133,1.0000,0.005974,1.0000
5,0.015046,1.0000,0.005899,1.0000
6,0.014948,1.0000,0.005809,1.0000
7,0.014852,1.0000,0.005732,1.0000
8,0.014767,1.0000,0.005673,1.0000
9,0.014684,1.0000,0.005611,1.0000
10,0.014607,1.0000,0.005562,1.0000
11,0.014529,1.0000,0.005529,1.0000
12,0.014458,1.0000,0.005483,1.0000
13,0.014391,1.0000,0.005453,1.0000
14,0.014327,1.0000,0.005427,1.0000
15,0.014269,1.0000,0.005406,1.0000
16,0.014216,1.0000,0.005386,1.0000
17,0.014163,1.0000,0.005354,1.0000
18,0.014101,1.0000,0.005330,1.0000
19,0.014055,1.0000,0.005309,1.0000
20,0.014005,1.0000,0.005280,1.0000
21,0.013958,1.0000,0.005237,1.0000
22,0.013915,1.0000,0.005207,1.0000
23,0.013865,1.0000,0.005174,1.0000
24,0.013818,1.0000,0.005152,1.0000
25,0.013776,1.0000,0.005145,1.0000
26,0.013740,1.0000,0.005135,1.0000
27,0.013697,1.0000,0.005103,1.0000
28,0.013660,1.0000,0.005053,1.0000
29,0.013619,1.0000,0.005004,1.0000
30,0.013581,1.0000,0.004976,1.0000
31,0.013543,1.0000,0.004964,1.0000
32,0.013507,1.0000,0.004949,1.0000
33,0.013477,1.0000,0.004921,1.0000
34,0.013445,1.0000,0.004898,1.0000
35,0.013410,1.0000,0.004891,1.0000
36,0.013382,1.0000,0.004879,1.0000
37,0.013354,1.0000,0.004860,1.0000
38,0.013327,1.0000,0.004855,1.0000
39,0.013302,1.0000,0.004852,1.0000
40,0.013273,1.0000,0.004851,1.0000
41,0.013249,1.0000,0.004844,1.0000
42,0.013228,1.0000,0.004828,1.0000
43,0.013201,1.0000,0.004811,1.0000
44,0.013175,1.0000,0.004786,1.0000
45,0.013154,1.0000,0.004765,1.0000
46,0.013134,1.0000,0.004752,1.0000
47,0.013105,1.0000,0.004747,1.0000
48,0.013083,1.0000,0.004739,1.0000
49,0.013062,1.0000,0.004724,1.0000
50,0.013040,1.0000,0.004706,1.0000
1,0.137743,0.9758,0.269293,0.8843
2,0.139510,0.9758,0.261779,0.8912
3,0.134203,0.9758,0.261988,0.9028
4,0.131181,0.9758,0.247368,0.9144
5,0.122950,0.9839,0.240050,0.9144
6,0.118183,0.9839,0.233624,0.9120
7,0.114888,0.9839,0.225770,0.9167
8,0.111345,0.9839,0.220098,0.9190
9,0.108860,0.9839,0.215178,0.9213
10,0.104023,0.9839,0.212939,0.9236
11,0.101950,0.9839,0.208638,0.9236
12,0.099498,0.9839,0.203926,0.9213
13,0.096597,0.9839,0.197801,0.9213
14,0.094174,0.9839,0.193999,0.9236
15,0.092179,0.9839,0.189361,0.9259
16,0.089965,0.9839,0.185523,0.9306
17,0.087947,0.9839,0.182777,0.9306
18,0.086194,0.9839,0.179155,0.9306
19,0.084313,0.9839,0.175986,0.9259
20,0.082810,0.9839,0.172895,0.9236
21,0.081535,0.9839,0.170069,0.9306
22,0.079590,0.9839,0.166748,0.9306
23,0.078077,0.9839,0.162935,0.9306
24,0.076319,0.9839,0.160154,0.9329
25,0.074793,0.9839,0.156626,0.9375
26,0.073567,0.9839,0.153796,0.9352
27,0.072430,0.9839,0.150351,0.9398
28,0.070577,0.9839,0.145933,0.9444
29,0.069388,0.9839,0.143281,0.9491
30,0.067953,0.9839,0.139478,0.9560
31,0.066563,0.9839,0.135946,0.9606
32,0.065305,0.9839,0.132482,0.9583
33,0.064196,0.9839,0.129934,0.9606
34,0.062953,0.9839,0.128061,0.9606
35,0.061776,0.9839,0.126028,0.9606
36,0.060663,0.9839,0.123697,0.9630
37,0.059581,0.9839,0.120896,0.9606
38,0.058537,0.9839,0.118623,0.9630
39,0.057541,0.9839,0.115859,0.9653
40,0.056488,0.9839,0.113651,0.9699
41,0.055609,0.9919,0.111716,0.9722
42,0.054833,0.9919,0.110001,0.9722
43,0.054117,0.9919,0.108266,0.9769
44,0.053321,0.9919,0.106503,0.9792
45,0.052567,0.9919,0.104485,0.9838
46,0.051731,0.9919,0.102766,0.9838
47,0.051165,0.9919,0.101028,0.9861
48,0.050717,0.9919,0.099404,0.9861
49,0.049925,0.9919,0.097749,0.9884
50,0.049168,1.0000,0.096016,0.9884
1,0.047264,1.0000,0.086666,0.9861
2,0.046596,1.0000,0.085634,0.9861
3,0.045797,1.0000,0.085259,0.9861
4,0.044956,1.0000,0.084905,0.9838
5,0.044048,1.0000,0.084387,0.9815
6,0.043279,1.0000,0.082614,0.9838
7,0.042317,1.0000,0.081306,0.9838
8,0.041489,1.0000,0.080645,0.9815
9,0.040640,1.0000,0.078437,0.9838
10,0.039726,1.0000,0.076758,0.9861
11,0.038899,1.0000,0.075291,0.9861
12,0.038155,1.0000,0.073496,0.9861
13,0.037491,1.0000,0.071578,0.9884
14,0.036833,1.0000,0.070443,0.9884
15,0.036248,1.0000,0.069396,0.9884
16,0.035667,1.0000,0.069145,0.9884
17,0.034980,1.0000,0.068742,0.9861
18,0.034509,1.0000,0.067584,0.9884
19,0.033907,1.0000,0.066675,0.9907
20,0.033379,1.0000,0.065802,0.9907
21,0.032946,1.0000,0.064331,0.9907
22,0.032437,1.0000,0.062986,0.9907
23,0.032040,1.0000,0.062234,0.9907
24,0.031594,1.0000,0.061661,0.9907
25,0.031160,1.0000,0.060979,0.9907
26,0.030792,1.0000,0.060320,0.9907
27,0.030415,1.0000,0.059655,0.9907
28,0.030067,1.0000,0.058707,0.9907
29,0.029718,1.0000,0.058094,0.9907
30,0.029409,1.0000,0.057803,0.9907
31,0.029065,1.0000,0.057342,0.9907
32,0.028728,1.0000,0.056784,0.9907
33,0.028422,1.0000,0.056418,0.9907
34,0.028118,1.0000,0.055996,0.9907
35,0.027819,1.0000,0.055788,0.9907
36,0.027520,1.0000,0.055232,0.9907
37,0.027243,1.0000,0.054324,0.9907
38,0.026921,1.0000,0.053395,0.9907
39,0.026650,1.0000,0.052701,0.9907
40,0.026373,1.0000,0.051999,0.9907
41,0.026121,1.0000,0.051386,0.9907
42,0.025874,1.0000,0.050975,0.9907
43,0.025643,1.0000,0.050761,0.9907
44,0.025446,1.0000,0.050231,0.9907
45,0.025213,1.0000,0.049823,0.9907
46,0.025022,1.0000,0.049501,0.9907
47,0.024839,1.0000,0.049037,0.9907
48,0.024658,1.0000,0.048575,0.9907
49,0.024463,1.0000,0.047943,0.9907
50,0.024281,1.0000,0.047616,0.9907
1,0.047264,1.0000,0.086666,0.9861
2,0.046596,1.0000,0.085634,0.9861
3,0.045797,1.0000,0.085259,0.9861
4,0.044956,1.0000,0.084905,0.9838
5,0.044048,1.0000,0.084387,0.9815
6,0.043279,1.0000,0.082614,0.9838
7,0.042317,1.0000,0.081306,0.9838
8,0.041489,1.0000,0.080645,0.9815
9,0.040640,1.0000,0.078437,0.9838
10,0.039726,1.0000,0.076758,0.9861
11,0.038899,1.0000,0.075291,0.9861
12,0.038155,1.0000,0.073496,0.9861
13,0.037491,1.0000,0.071578,0.9884
14,0.036833,1.0000,0.070443,0.9884
15,0.036248,1.0000,0.069396,0.9884
16,0.035667,1.0000,0.069145,0.9884
17,0.034980,1.0000,0.068742,0.9861
18,0.034509,1.0000,0.067584,0.9884
19,0.033907,1.0000,0.066675,0.9907
20,0.033379,1.0000,0.065802,0.9907
21,0.032946,1.0000,0.064331,0.9907
22,0.032437,1.0000,0.062986,0.9907
23,0.032040,1.0000,0.062234,0.9907
24,0.031594,1.0000,0.061661,0.9907
25,0.031160,1.0000,0.060979,0.9907
26,0.030792,1.0000,0.060320,0.9907
27,0.030415,1.0000,0.059655,0.9907
28,0.030067,1.0000,0.058707,0.9907
29,0.029718,1.0000,0.058094,0.9907
30,0.029409,1.0000,0.057803,0.9907
31,0.029065,1.0000,0.057342,0.9907
32,0.028728,1.0000,0.056784,0.9907
33,0.028422,1.0000,0.056418,0.9907
34,0.028118,1.0000,0.055996,0.9907
35,0.027819,1.0000,0.055788,0.9907
36,0.027520,1.0000,0.055232,0.9907
37,0.027243,1.0000,0.054324,0.9907
38,0.026921,1.0000,0.053395,0.9907
39,0.026650,1.0000,0.052701,0.9907
40,0.026373,1.0000,0.051999,0.9907
41,0.026121,1.0000,0.051386,0.9907
42,0.025874,1.0000,0.050975,0.9907
43,0.025643,1.0000,0.050761,0.9907
44,0.025446,1.0000,0.050231,0.9907
45,0.025213,1.0000,0.049823,0.9907
46,0.025022,1.0000,0.049501,0.9907
47,0.024839,1.0000,0.049037,0.9907
48,0.024658,1.0000,0.048575,0.9907
49,0.024463,1.0000,0.047943,0.9907
50,0.024281,1.0000,0.047616,0.9907
1,0.047264,1.0000,0.086666,0.9861
2,0.046596,1.0000,0.085634,0.9861
3,0.045797,1.0000,0.085259,0.9861
4,0.044956,1.0000,0.084905,0.9838
5,0.044048,1.0000,0.084387,0.9815
6,0.043279,1.0000,0.082614,0.9838
7,0.042317,1.0000,0.081306,0.9838
8,0.041489,1.0000,0.080645,0.9815
9,0.040640,1.0000,0.078437,0.9838
10,0.039726,1.0000,0.076758,0.9861
11,0.038899,1.0000,0.075291,0.9861
12,0.038155,1.0000,0.073496,0.9861
13,0.037491,1.0000,0.071578,0.9884
14,0.036833,1.0000,0.070443,0.9884
15,0.036248,1.0000,0.069396,0.9884
16,0.035667,1.0000,0.069145,0.9884
17,0.034980,1.0000,0.068742,0.9861
18,0.034509,1.0000,0.067584,0.9884
19,0.033907,1.0000,0.066675,0.9907
20,0.033379,1.0000,0.065802,0.9907
21,0.032946,1.0000,0.064331,0.9907
22,0.032437,1.0000,0.062986,0.9907
23,0.032040,1.0000,0.062234,0.9907
24,0.031594,1.0000,0.061661,0.9907
25,0.031160,1.0000,0.060979,0.9907
26,0.030792,1.0000,0.060320,0.9907
27,0.030415,1.0000,0.059655,0.9907
28,0.030067,1.0000,0.058707,0.9907
29,0.029718,1.0000,0.058094,0.9907
30,0.029409,1.0000,0.057803,0.9907
31,0.029065,1.0000,0.057342,0.9907
32,0.028728,1.0000,0.056784,0.9907
33,0.028422,1.0000,0.056418,0.9907
34,0.028118,1.0000,0.055996,0.9907
35,0.027819,1.0000,0.055788,0.9907
36,0.027520,1.0000,0.055232,0.9907
37,0.027243,1.0000,0.054324,0.9907
38,0.026921,1.0000,0.053395,0.9907
39,0.026650,1.0000,0.052701,0.9907
40,0.026373,1.0000,0.051999,0.9907
41,0.026121,1.0000,0.051386,0.9907
42,0.025874,1.0000,0.050975,0.9907
43,0.025643,1.0000,0.050761,0.9907
44,0.025446,1.0000,0.050231,0.9907
45,0.025213,1.0000,0.049823,0.9907
46,0.025022,1.0000,0.049501,0.9907
47,0.024839,1.0000,0.049037,0.9907
48,0.024658,1.0000,0.048575,0.9907
49,0.024463,1.0000,0.047943,0.9907
50,0.024281,1.0000,0.047616,0.9907
1,0.047264,1.0000,0.086666,0.9861
2,0.046596,1.0000,0.085634,0.9861
3,0.045797,1.0000,0.085259,0.9861
4,0.044956,1.0000,0.084905,0.9838
5,0.044048,1.0000,0.084387,0.9815
6,0.043279,1.0000,0.082614,0.9838
7,0.042317,1.0000,0.081306,0.9838
8,0.041489,1.0000,0.080645,0.9815
9,0.040640,1.0000,0.078437,0.9838
10,0.039726,1.0000,0.076758,0.9861
11,0.038899,1.0000,0.075291,0.9861
12,0.038155,1.0000,0.073496,0.9861
13,0.037491,1.0000,0.071578,0.9884
14,0.036833,1.0000,0.070443,0.9884
15,0.036248,1.0000,0.069396,0.9884
16,0.035667,1.0000,0.069145,0.9884
17,0.034980,1.0000,0.068742,0.9861
18,0.034509,1.0000,0.067584,0.9884
19,0.033907,1.0000,0.066675,0.9907
20,0.033379,1.0000,0.065802,0.9907
21,0.032946,1.0000,0.064331,0.9907
22,0.032437,1.0000,0.062986,0.9907
23,0.032040,1.0000,0.062234,0.9907
24,0.031594,1.0000,0.061661,0.9907
25,0.031160,1.0000,0.060979,0.9907
26,0.030792,1.0000,0.060320,0.9907
27,0.030415,1.0000,0.059655,0.9907
28,0.030067,1.0000,0.058707,0.9907
29,0.029718,1.0000,0.058094,0.9907
30,0.029409,1.0000,0.057803,0.9907
31,0.029065,1.0000,0.057342,0.9907
32,0.028728,1.0000,0.056784,0.9907
33,0.028422,1.0000,0.056418,0.9907
34,0.028118,1.0000,0.055996,0.9907
35,0.027819,1.0000,0.055788,0.9907
36,0.027520,1.0000,0.055232,0.9907
37,0.027243,1.0000,0.054324,0.9907
38,0.026921,1.0000,0.053395,0.9907
39,0.026650,1.0000,0.052701,0.9907
40,0.026373,1.0000,0.051999,0.9907
41,0.026121,1.0000,0.051386,0.9907
42,0.025874,1.0000,0.050975,0.9907
43,0.025643,1.0000,0.050761,0.9907
44,0.025446,1.0000,0.050231,0.9907
45,0.025213,1.0000,0.049823,0.9907
46,0.025022,1.0000,0.049501,0.9907
47,0.024839,1.0000,0.049037,0.9907
48,0.024658,1.0000,0.048575,0.9907
49,0.024463,1.0000,0.047943,0.9907
50,0.024281,1.0000,0.047616,0.9907
1,0.047264,1.0000,0.086666,0.9861
2,0.046596,1.0000,0.085634,0.9861
3,0.045797,1.0000,0.085259,0.9861
4,0.044956,1.0000,0.084905,0.9838
5,0.044048,1.0000,0.084387,0.9815
6,0.043279,1.0000,0.082614,0.9838
7,0.042317,1.0000,0.081306,0.9838
8,0.041489,1.0000,0.080645,0.9815
9,0.040640,1.0000,0.078437,0.9838
10,0.039726,1.0000,0.076758,0.9861
11,0.038899,1.0000,0.075291,0.9861
12,0.038155,1.0000,0.073496,0.9861
13,0.037491,1.0000,0.071578,0.9884
14,0.036833,1.0000,0.070443,0.9884
15,0.036248,1.0000,0.069396,0.9884
16,0.035667,1.0000,0.069145,0.9884
17,0.034980,1.0000,0.068742,0.9861
18,0.034509,1.0000,0.067584,0.9884
19,0.033907,1.0000,0.066675,0.9907
20,0.033379,1.0000,0.065802,0.9907
21,0.032946,1.0000,0.064331,0.9907
22,0.032437,1.0000,0.062986,0.9907
23,0.032040,1.0000,0.062234,0.9907
24,0.031594,1.0000,0.061661,0.9907
25,0.031160,1.0000,0.060979,0.9907
26,0.030792,1.0000,0.060320,0.9907
27,0.030415,1.0000,0.059655,0.9907
28,0.030067,1.0000,0.058707,0.9907
29,0.029718,1.0000,0.058094,0.9907
30,0.029409,1.0000,0.057803,0.9907
31,0.029065,1.0000,0.057342,0.9907
32,0.028728,1.0000,0.056784,0.9907
33,0.028422,1.0000,0.056418,0.9907
34,0.028118,1.0000,0.055996,0.9907
35,0.027819,1.0000,0.055788,0.9907
36,0.027520,1.0000,0.055232,0.9907
37,0.027243,1.0000,0.054324,0.9907
38,0.026921,1.0000,0.053395,0.9907
39,0.026650,1.0000,0.052701,0.9907
40,0.026373,1.0000,0.051999,0.9907
41,0.026121,1.0000,0.051386,0.9907
42,0.025874,1.0000,0.050975,0.9907
43,0.025643,1.0000,0.050761,0.9907
44,0.025446,1.0000,0.050231,0.9907
45,0.025213,1.0000,0.049823,0.9907
46,0.025022,1.0000,0.049501,0.9907
47,0.024839,1.0000,0.049037,0.9907
48,0.024658,1.0000,0.048575,0.9907
49,0.024463,1.0000,0.047943,0.9907
50,0.024281,1.0000,0.047616,0.9907
1,0.186439,0.9941,0.237658,0.9398
2,0.182959,0.9941,0.233488,0.9421
3,0.178310,0.9941,0.229016,0.9514
4,0.173430,0.9941,0.221941,0.9514
5,0.168545,0.9941,0.215148,0.9560
6,0.163690,0.9941,0.209190,0.9537
7,0.158447,0.9941,0.203359,0.9537
8,0.153772,0.9941,0.197510,0.9583
9,0.148703,1.0000,0.192084,0.9606
10,0.144361,1.0000,0.185533,0.9653
11,0.139370,1.0000,0.179181,0.9676
12,0.134891,1.0000,0.173149,0.9699
13,0.130466,1.0000,0.167221,0.9722
14,0.126586,1.0000,0.161769,0.9745
15,0.122196,1.0000,0.156102,0.9745
16,0.118046,1.0000,0.150262,0.9769
17,0.114427,1.0000,0.144364,0.9815
18,0.110852,1.0000,0.139082,0.9861
19,0.106822,1.0000,0.134146,0.9884
20,0.103455,1.0000,0.129688,0.9884
21,0.100006,1.0000,0.125002,0.9907
22,0.096931,1.0000,0.120573,0.9907
23,0.093778,1.0000,0.116649,0.9907
24,0.090928,1.0000,0.112539,0.9907
25,0.087980,1.0000,0.108570,0.9907
26,0.085378,1.0000,0.105020,0.9907
27,0.083030,1.0000,0.101580,0.9931
28,0.080573,1.0000,0.098281,0.9931
29,0.078394,1.0000,0.095085,0.9977
30,0.076225,1.0000,0.092186,0.9977
31,0.074299,1.0000,0.089654,0.9977
32,0.072415,1.0000,0.087380,1.0000
33,0.070617,1.0000,0.085296,1.0000
34,0.069109,1.0000,0.083397,1.0000
35,0.067461,1.0000,0.081475,1.0000
36,0.066012,1.0000,0.079649,1.0000
37,0.064520,1.0000,0.077885,1.0000
38,0.063185,1.0000,0.076199,1.0000
39,0.061884,1.0000,0.074667,1.0000
40,0.060679,1.0000,0.073166,1.0000
41,0.059492,1.0000,0.071680,1.0000
42,0.058419,1.0000,0.070275,1.0000
43,0.057339,1.0000,0.068947,1.0000
44,0.056325,1.0000,0.067651,1.0000
45,0.055447,1.0000,0.066344,1.0000
46,0.054462,1.0000,0.065109,1.0000
47,0.053555,1.0000,0.064016,1.0000
48,0.052726,1.0000,0.062958,1.0000
49,0.051951,1.0000,0.061911,1.0000
50,0.051166,1.0000,0.060915,1.0000
1,0.186439,0.9941,0.237658,0.9398
2,0.182959,0.9941,0.233488,0.9421
3,0.178310,0.9941,0.229016,0.9514
4,0.173430,0.9941,0.221941,0.9514
5,0.168545,0.9941,0.215148,0.9560
6,0.163690,0.9941,0.209190,0.9537
7,0.158447,0.9941,0.203359,0.9537
8,0.153772,0.9941,0.197510,0.9583
9,0.148703,1.0000,0.192084,0.9606
10,0.144361,1.0000,0.185533,0.9653
11,0.139370,1.0000,0.179181,0.9676
12,0.134891,1.0000,0.173149,0.9699
13,0.130466,1.0000,0.167221,0.9722
14,0.126586,1.0000,0.161769,0.9745
15,0.122196,1.0000,0.156102,0.9745
16,0.118046,1.0000,0.150262,0.9769
17,0.114427,1.0000,0.144364,0.9815
18,0.110852,1.0000,0.139082,0.9861
19,0.106822,1.0000,0.134146,0.9884
20,0.103455,1.0000,0.129688,0.9884
21,0.100006,1.0000,0.125002,0.9907
22,0.096931,1.0000,0.120573,0.9907
23,0.093778,1.0000,0.116649,0.9907
24,0.090928,1.0000,0.112539,0.9907
25,0.087980,1.0000,0.108570,0.9907
26,0.085378,1.0000,0.105020,0.9907
27,0.083030,1.0000,0.101580,0.9931
28,0.080573,1.0000,0.098281,0.9931
29,0.078394,1.0000,0.095085,0.9977
30,0.076225,1.0000,0.092186,0.9977
31,0.074299,1.0000,0.089654,0.9977
32,0.072415,1.0000,0.087380,1.0000
33,0.070617,1.0000,0.085296,1.0000
34,0.069109,1.0000,0.083397,1.0000
35,0.067461,1.0000,0.081475,1.0000
36,0.066012,1.0000,0.079649,1.0000
37,0.064520,1.0000,0.077885,1.0000
38,0.063185,1.0000,0.076199,1.0000
39,0.061884,1.0000,0.074667,1.0000
40,0.060679,1.0000,0.073166,1.0000
41,0.059492,1.0000,0.071680,1.0000
42,0.058419,1.0000,0.070275,1.0000
43,0.057339,1.0000,0.068947,1.0000
44,0.056325,1.0000,0.067651,1.0000
45,0.055447,1.0000,0.066344,1.0000
46,0.054462,1.0000,0.065109,1.0000
47,0.053555,1.0000,0.064016,1.0000
48,0.052726,1.0000,0.062958,1.0000
49,0.051951,1.0000,0.061911,1.0000
50,0.051166,1.0000,0.060915,1.0000
1,0.128819,0.9590,0.101431,0.9630
2,0.129449,0.9590,0.091583,0.9630
3,0.132882,0.9508,0.101989,0.9630
4,0.126942,0.9590,0.108311,0.9537
5,0.126579,0.9672,0.107209,0.9537
6,0.126466,0.9590,0.111825,0.9537
7,0.126078,0.9672,0.106065,0.9537
8,0.124187,0.9672,0.100799,0.9583
9,0.123418,0.9590,0.097390,0.9606
10,0.123339,0.9590,0.095618,0.9630
11,0.123111,0.9590,0.098209,0.9606
12,0.122094,0.9590,0.101680,0.9606
13,0.121451,0.9590,0.108013,0.9537
14,0.121026,0.9672,0.109121,0.9537
15,0.120805,0.9672,0.101896,0.9560
16,0.119449,0.9672,0.097328,0.9583
17,0.119577,0.9590,0.091357,0.9630
18,0.120360,0.9590,0.090134,0.9630
19,0.120324,0.9590,0.092587,0.9630
20,0.118985,0.9590,0.101085,0.9560
21,0.116915,0.9590,0.110410,0.9491
22,0.118407,0.9754,0.109276,0.9491
23,0.117758,0.9754,0.102183,0.9514
24,0.116368,0.9672,0.098668,0.9583
25,0.116225,0.9590,0.099229,0.9560
26,0.115246,0.9590,0.095594,0.9583
27,0.114859,0.9590,0.095543,0.9583
28,0.114076,0.9590,0.097458,0.9537
29,0.113250,0.9672,0.097573,0.9537
30,0.113341,0.9672,0.092431,0.9560
31,0.112894,0.9590,0.090230,0.9560
32,0.113076,0.9672,0.091638,0.9560
33,0.112160,0.9672,0.091936,0.9560
34,0.111588,0.9672,0.094738,0.9560
35,0.110982,0.9672,0.099887,0.9537
36,0.111095,0.9754,0.098182,0.9560
37,0.110211,0.9672,0.094612,0.9560
38,0.110079,0.9672,0.090582,0.9606
39,0.110392,0.9590,0.089321,0.9606
40,0.110330,0.9590,0.089797,0.9606
41,0.110117,0.9590,0.089374,0.9606
42,0.110169,0.9590,0.096665,0.9560
43,0.109126,0.9672,0.097097,0.9560
44,0.108208,0.9672,0.095677,0.9560
45,0.108129,0.9672,0.098708,0.9560
46,0.107646,0.9672,0.103988,0.9514
47,0.108145,0.9754,0.105897,0.9491
48,0.108562,0.9754,0.105984,0.9491
49,0.108162,0.9754,0.099080,0.9537
50,0.107346,0.9672,0.097692,0.9537
1,0.128819,0.9590,0.101431,0.9630
2,0.129449,0.9590,0.091583,0.9630
3,0.132882,0.9508,0.101989,0.9630
4,0.126942,0.9590,0.108311,0.9537
5,0.126579,0.9672,0.107209,0.9537
6,0.126466,0.9590,0.111825,0.9537
7,0.126078,0.9672,0.106065,0.9537
8,0.124187,0.9672,0.100799,0.9583
9,0.123418,0.9590,0.097390,0.9606
10,0.123339,0.9590,0.095618,0.9630
11,0.123111,0.9590,0.098209,0.9606
12,0.122094,0.9590,0.101680,0.9606
13,0.121451,0.9590,0.108013,0.9537
14,0.121026,0.9672,0.109121,0.9537
15,0.120805,0.9672,0.101896,0.9560
16,0.119449,0.9672,0.097328,0.9583
17,0.119577,0.9590,0.091357,0.9630
18,0.120360,0.9590,0.090134,0.9630
19,0.120324,0.9590,0.092587,0.9630
20,0.118985,0.9590,0.101085,0.9560
21,0.116915,0.9590,0.110410,0.9491
22,0.118407,0.9754,0.109276,0.9491
23,0.117758,0.9754,0.102183,0.9514
24,0.116368,0.9672,0.098668,0.9583
25,0.116225,0.9590,0.099229,0.9560
26,0.115246,0.9590,0.095594,0.9583
27,0.114859,0.9590,0.095543,0.9583
28,0.114076,0.9590,0.097458,0.9537
29,0.113250,0.9672,0.097573,0.9537
30,0.113341,0.9672,0.092431,0.9560
31,0.112894,0.9590,0.090230,0.9560
32,0.113076,0.9672,0.091638,0.9560
33,0.112160,0.9672,0.091936,0.9560
34,0.111588,0.9672,0.094738,0.9560
35,0.110982,0.9672,0.099887,0.9537
36,0.111095,0.9754,0.098182,0.9560
37,0.110211,0.9672,0.094612,0.9560
38,0.110079,0.9672,0.090582,0.9606
39,0.110392,0.9590,0.089321,0.9606
40,0.110330,0.9590,0.089797,0.9606
41,0.110117,0.9590,0.089374,0.9606
42,0.110169,0.9590,0.096665,0.9560
43,0.109126,0.9672,0.097097,0.9560
44,0.108208,0.9672,0.095677,0.9560
45,0.108129,0.9672,0.098708,0.9560
46,0.107646,0.9672,0.103988,0.9514
47,0.108145,0.9754,0.105897,0.9491
48,0.108562,0.9754,0.105984,0.9491
49,0.108162,0.9754,0.099080,0.9537
50,0.107346,0.9672,0.097692,0.9537
1,0.150130,0.9590,0.123854,0.9606
2,0.151792,0.9508,0.140391,0.9514
3,0.161622,0.9590,0.127859,0.9560
4,0.152067,0.9344,0.117032,0.9630
5,0.149610,0.9426,0.112851,0.9653
6,0.149587,0.9426,0.116001,0.9583
7,0.148821,0.9508,0.108942,0.9630
8,0.146556,0.9508,0.105506,0.9653
9,0.150922,0.9672,0.100933,0.9653
10,0.150027,0.9590,0.096579,0.9676
11,0.143956,0.9508,0.106727,0.9630
12,0.142436,0.9508,0.104756,0.9606
13,0.154206,0.9590,0.107751,0.9537
14,0.154264,0.9590,0.115385,0.9537
15,0.150988,0.9672,0.103856,0.9606
16,0.145912,0.9590,0.088742,0.9653
17,0.148397,0.9672,0.086333,0.9699
18,0.135228,0.9590,0.087726,0.9699
19,0.140183,0.9590,0.093126,0.9630
20,0.141643,0.9590,0.095883,0.9606
21,0.156448,0.9590,0.109733,0.9560
22,0.143606,0.9672,0.105248,0.9583
23,0.139123,0.9672,0.097962,0.9653
24,0.157090,0.9508,0.084767,0.9722
25,0.141024,0.9590,0.082486,0.9769
26,0.133910,0.9590,0.081909,0.9769
27,0.134707,0.9508,0.084893,0.9745
28,0.133869,0.9426,0.089360,0.9769
29,0.148449,0.9508,0.092455,0.9653
30,0.133414,0.9590,0.090386,0.9699
31,0.132188,0.9590,0.089020,0.9699
32,0.131650,0.9590,0.087877,0.9699
33,0.131432,0.9590,0.084177,0.9745
34,0.132282,0.9508,0.081492,0.9676
35,0.133873,0.9672,0.078852,0.9699
36,0.138018,0.9508,0.074506,0.9792
37,0.130433,0.9590,0.072100,0.9792
38,0.126716,0.9590,0.070692,0.9769
39,0.136584,0.9508,0.063637,0.9815
40,0.134408,0.9426,0.061999,0.9792
41,0.135015,0.9426,0.066949,0.9745
42,0.131595,0.9426,0.068704,0.9792
43,0.146565,0.9508,0.079460,0.9676
44,0.124340,0.9754,0.084946,0.9653
45,0.125180,0.9754,0.080201,0.9769
46,0.127223,0.9754,0.073333,0.9792
47,0.119511,0.9836,0.067717,0.9769
48,0.114386,0.9754,0.063013,0.9815
49,0.117568,0.9754,0.063329,0.9792
1,0.150130,0.9590,0.123854,0.9606
2,0.151792,0.9508,0.140391,0.9514
3,0.161622,0.9590,0.127859,0.9560
4,0.152067,0.9344,0.117032,0.9630
5,0.149610,0.9426,0.112851,0.9653
6,0.149587,0.9426,0.116001,0.9583
7,0.148821,0.9508,0.108942,0.9630
8,0.146556,0.9508,0.105506,0.9653
9,0.150922,0.9672,0.100933,0.9653
10,0.150027,0.9590,0.096579,0.9676
11,0.143956,0.9508,0.106727,0.9630
12,0.142436,0.9508,0.104756,0.9606
13,0.154206,0.9590,0.107751,0.9537
14,0.154264,0.9590,0.115385,0.9537
15,0.150988,0.9672,0.103856,0.9606
16,0.145912,0.9590,0.088742,0.9653
17,0.148397,0.9672,0.086333,0.9699
18,0.135228,0.9590,0.087726,0.9699
19,0.140183,0.9590,0.093126,0.9630
20,0.141643,0.9590,0.095883,0.9606
21,0.156448,0.9590,0.109733,0.9560
22,0.143606,0.9672,0.105248,0.9583
23,0.139123,0.9672,0.097962,0.9653
24,0.157090,0.9508,0.084767,0.9722
25,0.141024,0.9590,0.082486,0.9769
26,0.133910,0.9590,0.081909,0.9769
27,0.134707,0.9508,0.084893,0.9745
28,0.133869,0.9426,0.089360,0.9769
29,0.148449,0.9508,0.092455,0.9653
30,0.133414,0.9590,0.090386,0.9699
31,0.132188,0.9590,0.089020,0.9699
32,0.131650,0.9590,0.087877,0.9699
33,0.131432,0.9590,0.084177,0.9745
34,0.132282,0.9508,0.081492,0.9676
35,0.133873,0.9672,0.078852,0.9699
36,0.138018,0.9508,0.074506,0.9792
37,0.130433,0.9590,0.072100,0.9792
38,0.126716,0.9590,0.070692,0.9769
39,0.136584,0.9508,0.063637,0.9815
40,0.134408,0.9426,0.061999,0.9792
41,0.135015,0.9426,0.066949,0.9745
42,0.131595,0.9426,0.068704,0.9792
43,0.146565,0.9508,0.079460,0.9676
44,0.124340,0.9754,0.084946,0.9653
45,0.125180,0.9754,0.080201,0.9769
46,0.127223,0.9754,0.073333,0.9792
47,0.119511,0.9836,0.067717,0.9769
48,0.114386,0.9754,0.063013,0.9815
49,0.117568,0.9754,0.063329,0.9792
1,0.232573,0.9344,0.313515,0.9514
2,0.241381,0.9344,0.435766,0.7500
3,0.231492,0.9426,0.420091,0.7500
4,0.224903,0.9426,0.402555,0.7546
5,0.226702,0.9426,0.514569,0.5579
6,0.226661,0.9344,0.540857,0.5139
7,0.225364,0.9344,0.539741,0.5093
8,0.221832,0.9344,0.532886,0.5208
9,0.220237,0.9344,0.521030,0.5486
10,0.215859,0.9344,0.487791,0.5903
1,0.150130,0.9590,0.123854,0.9606
2,0.151792,0.9508,0.140391,0.9514
3,0.161622,0.9590,0.127859,0.9560
4,0.152067,0.9344,0.117031,0.9630
5,0.149610,0.9426,0.112850,0.9653
6,0.149587,0.9426,0.116000,0.9583
7,0.148821,0.9508,0.108942,0.9630
8,0.146556,0.9508,0.105505,0.9653
9,0.150923,0.9672,0.100933,0.9653
10,0.150028,0.9590,0.096579,0.9676
11,0.143956,0.9508,0.106727,0.9630
12,0.142437,0.9508,0.104756,0.9606
13,0.154207,0.9590,0.107750,0.9537
14,0.154264,0.9590,0.115384,0.9537
15,0.150988,0.9672,0.103855,0.9606
16,0.145912,0.9590,0.088742,0.9653
17,0.148398,0.9672,0.086333,0.9699
18,0.135228,0.9590,0.087725,0.9699
19,0.140183,0.9590,0.093125,0.9630
20,0.141643,0.9590,0.095882,0.9606
21,0.156448,0.9590,0.109732,0.9560
22,0.143606,0.9672,0.105246,0.9583
23,0.139124,0.9672,0.097961,0.9653
24,0.157090,0.9508,0.084766,0.9722
25,0.141024,0.9590,0.082485,0.9769
26,0.133910,0.9590,0.081908,0.9769
27,0.134707,0.9508,0.084891,0.9745
28,0.133869,0.9426,0.089359,0.9769
29,0.148449,0.9508,0.092454,0.9653
30,0.133414,0.9590,0.090385,0.9699
31,0.132188,0.9590,0.089019,0.9699
32,0.131650,0.9590,0.087875,0.9699
33,0.131432,0.9590,0.084175,0.9745
34,0.132282,0.9508,0.081489,0.9676
35,0.133873,0.9672,0.078849,0.9699
36,0.138017,0.9508,0.074504,0.9792
37,0.130433,0.9590,0.072097,0.9792
38,0.126715,0.9590,0.070689,0.9769
39,0.136584,0.9508,0.063634,0.9815
40,0.134407,0.9426,0.061996,0.9792
41,0.135014,0.9426,0.066947,0.9745
42,0.131593,0.9426,0.068702,0.9792
43,0.146565,0.9508,0.079458,0.9676
44,0.124340,0.9754,0.084945,0.9653
45,0.125179,0.9754,0.080200,0.9769
46,0.127223,0.9754,0.073333,0.9792
47,0.119510,0.9836,0.067717,0.9769
48,0.114385,0.9754,0.063013,0.9815
49,0.117567,0.9754,0.063329,0.9792
1,0.147766,0.9426,0.105227,0.9630
2,0.158161,0.9508,0.128234,0.9491
3,0.151127,0.9590,0.124785,0.9491
4,0.158289,0.9426,0.116471,0.9537
5,0.148421,0.9426,0.100455,0.9653
6,0.147793,0.9672,0.086128,0.9745
7,0.142951,0.9508,0.078763,0.9861
8,0.142775,0.9508,0.083102,0.9815
9,0.133552,0.9672,0.087785,0.9722
10,0.132708,0.9590,0.089889,0.9676
11,0.132443,0.9508,0.086338,0.9699
12,0.128064,0.9590,0.092850,0.9676
13,0.132064,0.9672,0.097628,0.9653
14,0.131582,0.9672,0.099489,0.9630
15,0.129415,0.9590,0.103573,0.9560
16,0.122078,0.9508,0.101109,0.9560
1,0.239611,0.9344,0.174163,0.9722
2,0.235944,0.9344,0.172379,0.9722
3,0.225275,0.9344,0.183914,0.9676
4,0.263522,0.9344,0.192033,0.9606
5,0.222075,0.9508,0.200994,0.9560
6,0.222712,0.9426,0.201645,0.9491
7,0.221039,0.9344,0.184214,0.9514
8,0.211899,0.9426,0.165614,0.9722
9,0.213392,0.9344,0.159637,0.9722
10,0.207947,0.9262,0.146999,0.9722
11,0.202538,0.9344,0.146008,0.9722
12,0.199219,0.9344,0.149566,0.9699
13,0.191350,0.9426,0.162321,0.9583
14,0.200257,0.9426,0.164792,0.9560
15,0.191346,0.9344,0.146878,0.9699
16,0.176386,0.9426,0.131848,0.9722
17,0.177723,0.9344,0.115657,0.9722
18,0.169659,0.9344,0.108761,0.9722
19,0.167626,0.9344,0.105017,0.9722
20,0.159025,0.9344,0.115484,0.9630
21,0.154325,0.9508,0.124896,0.9560
22,0.151166,0.9508,0.125266,0.9514
23,0.145488,0.9508,0.117462,0.9560
24,0.198104,0.9426,0.107521,0.9630
25,0.147346,0.9344,0.113450,0.9606
26,0.146312,0.9344,0.117627,0.9560
27,0.138208,0.9508,0.121860,0.9537
28,0.152065,0.9426,0.117052,0.9560
1,0.150130,0.9590,0.123854,0.9606
2,0.151792,0.9508,0.140391,0.9514
3,0.161622,0.9590,0.127859,0.9560
4,0.152067,0.9344,0.117031,0.9630
5,0.149610,0.9426,0.112850,0.9653
6,0.149587,0.9426,0.116000,0.9583
7,0.148821,0.9508,0.108942,0.9630
8,0.146556,0.9508,0.105505,0.9653
9,0.150923,0.9672,0.100933,0.9653
10,0.150028,0.9590,0.096579,0.9676
11,0.143956,0.9508,0.106727,0.9630
12,0.142437,0.9508,0.104756,0.9606
13,0.154207,0.9590,0.107750,0.9537
14,0.154264,0.9590,0.115384,0.9537
15,0.150988,0.9672,0.103855,0.9606
16,0.145912,0.9590,0.088742,0.9653
17,0.148398,0.9672,0.086333,0.9699
18,0.135228,0.9590,0.087725,0.9699
19,0.140183,0.9590,0.093125,0.9630
20,0.141643,0.9590,0.095882,0.9606
21,0.156448,0.9590,0.109732,0.9560
22,0.143606,0.9672,0.105246,0.9583
23,0.139124,0.9672,0.097961,0.9653
24,0.157090,0.9508,0.084766,0.9722
25,0.141024,0.9590,0.082485,0.9769
26,0.133910,0.9590,0.081908,0.9769
27,0.134707,0.9508,0.084891,0.9745
28,0.133869,0.9426,0.089359,0.9769
29,0.148449,0.9508,0.092454,0.9653
30,0.133414,0.9590,0.090385,0.9699
31,0.132188,0.9590,0.089019,0.9699
32,0.131650,0.9590,0.087875,0.9699
33,0.131432,0.9590,0.084175,0.9745
34,0.132282,0.9508,0.081489,0.9676
35,0.133873,0.9672,0.078849,0.9699
36,0.138017,0.9508,0.074504,0.9792
37,0.130433,0.9590,0.072097,0.9792
38,0.126715,0.9590,0.070689,0.9769
39,0.136584,0.9508,0.063634,0.9815
40,0.134407,0.9426,0.061996,0.9792
41,0.135014,0.9426,0.066947,0.9745
42,0.131593,0.9426,0.068702,0.9792
43,0.146565,0.9508,0.079458,0.9676
44,0.124340,0.9754,0.084945,0.9653
45,0.125179,0.9754,0.080200,0.9769
46,0.127223,0.9754,0.073333,0.9792
47,0.119510,0.9836,0.067717,0.9769
48,0.114385,0.9754,0.063013,0.9815
49,0.117567,0.9754,0.063329,0.9792
1,0.150130,0.9590,0.123854,0.9606
2,0.151792,0.9508,0.140391,0.9514
3,0.161622,0.9590,0.127859,0.9560
4,0.152067,0.9344,0.117031,0.9630
5,0.149610,0.9426,0.112850,0.9653
6,0.149587,0.9426,0.116000,0.9583
7,0.148821,0.9508,0.108942,0.9630
8,0.146556,0.9508,0.105505,0.9653
9,0.150923,0.9672,0.100933,0.9653
10,0.150028,0.9590,0.096579,0.9676
11,0.143956,0.9508,0.106727,0.9630
12,0.142437,0.9508,0.104756,0.9606
13,0.154207,0.9590,0.107750,0.9537
14,0.154264,0.9590,0.115384,0.9537
15,0.150988,0.9672,0.103855,0.9606
16,0.145912,0.9590,0.088742,0.9653
17,0.148398,0.9672,0.086333,0.9699
18,0.135228,0.9590,0.087725,0.9699
19,0.140183,0.9590,0.093125,0.9630
20,0.141643,0.9590,0.095882,0.9606
21,0.156448,0.9590,0.109732,0.9560
22,0.143606,0.9672,0.105246,0.9583
23,0.139124,0.9672,0.097961,0.9653
24,0.157090,0.9508,0.084766,0.9722
25,0.141024,0.9590,0.082485,0.9769
26,0.133910,0.9590,0.081908,0.9769
27,0.134707,0.9508,0.084891,0.9745
28,0.133869,0.9426,0.089359,0.9769
29,0.148449,0.9508,0.092454,0.9653
30,0.133414,0.9590,0.090385,0.9699
31,0.132188,0.9590,0.089019,0.9699
32,0.131650,0.9590,0.087875,0.9699
33,0.131432,0.9590,0.084175,0.9745
34,0.132282,0.9508,0.081489,0.9676
35,0.133873,0.9672,0.078849,0.9699
36,0.138017,0.9508,0.074504,0.9792
37,0.130433,0.9590,0.072097,0.9792
38,0.126715,0.9590,0.070689,0.9769
39,0.136584,0.9508,0.063634,0.9815
40,0.134407,0.9426,0.061996,0.9792
41,0.135014,0.9426,0.066947,0.9745
42,0.131593,0.9426,0.068702,0.9792
43,0.146565,0.9508,0.079458,0.9676
44,0.124340,0.9754,0.084945,0.9653
45,0.125179,0.9754,0.080200,0.9769
46,0.127223,0.9754,0.073333,0.9792
47,0.119510,0.9836,0.067717,0.9769
48,0.114385,0.9754,0.063013,0.9815
49,0.117567,0.9754,0.063329,0.9792
1,0.150130,0.9590,0.123854,0.9606
2,0.151792,0.9508,0.140391,0.9514
3,0.161622,0.9590,0.127859,0.9560
4,0.152067,0.9344,0.117031,0.9630
5,0.149610,0.9426,0.112850,0.9653
6,0.149587,0.9426,0.116000,0.9583
7,0.148821,0.9508,0.108942,0.9630
8,0.146556,0.9508,0.105505,0.9653
9,0.150923,0.9672,0.100933,0.9653
10,0.150028,0.9590,0.096579,0.9676
11,0.143956,0.9508,0.106727,0.9630
12,0.142437,0.9508,0.104756,0.9606
13,0.154207,0.9590,0.107750,0.9537
14,0.154264,0.9590,0.115384,0.9537
15,0.150988,0.9672,0.103855,0.9606
16,0.145912,0.9590,0.088742,0.9653
17,0.148398,0.9672,0.086333,0.9699
18,0.135228,0.9590,0.087725,0.9699
19,0.140183,0.9590,0.093125,0.9630
20,0.141643,0.9590,0.095882,0.9606
21,0.156448,0.9590,0.109732,0.9560
22,0.143606,0.9672,0.105246,0.9583
23,0.139124,0.9672,0.097961,0.9653
24,0.157090,0.9508,0.084766,0.9722
25,0.141024,0.9590,0.082485,0.9769
26,0.133910,0.9590,0.081908,0.9769
27,0.134707,0.9508,0.084891,0.9745
28,0.133869,0.9426,0.089359,0.9769
29,0.148449,0.9508,0.092454,0.9653
30,0.133414,0.9590,0.090385,0.9699
31,0.132188,0.9590,0.089019,0.9699
32,0.131650,0.9590,0.087875,0.9699
33,0.131432,0.9590,0.084175,0.9745
34,0.132282,0.9508,0.081489,0.9676
35,0.133873,0.9672,0.078849,0.9699
36,0.138017,0.9508,0.074504,0.9792
37,0.130433,0.9590,0.072097,0.9792
38,0.126715,0.9590,0.070689,0.9769
39,0.136584,0.9508,0.063634,0.9815
40,0.134407,0.9426,0.061996,0.9792
41,0.135014,0.9426,0.066947,0.9745
42,0.131593,0.9426,0.068702,0.9792
43,0.146565,0.9508,0.079458,0.9676
44,0.124340,0.9754,0.084945,0.9653
45,0.125179,0.9754,0.080200,0.9769
46,0.127223,0.9754,0.073333,0.9792
47,0.119510,0.9836,0.067717,0.9769
48,0.114385,0.9754,0.063013,0.9815
49,0.117567,0.9754,0.063329,0.9792
1,0.073512,0.9918,0.080977,0.9699
2,0.068845,0.9918,0.076693,0.9699
3,0.082274,0.9918,0.088166,0.9676
4,0.076079,0.9918,0.098125,0.9653
5,0.080050,0.9918,0.105389,0.9583
6,0.081642,0.9836,0.101753,0.9606
7,0.077946,0.9836,0.126184,0.9444
8,0.120031,0.9508,0.114677,0.9583
9,0.124283,0.9836,0.114338,0.9560
10,0.105007,0.9836,0.111208,0.9560
11,0.113923,0.9672,0.106773,0.9583
1,0.247497,0.9344,0.189984,0.9722
2,0.240188,0.9344,0.183026,0.9722
3,0.249438,0.9262,0.173997,0.9722
4,0.229393,0.9344,0.165737,0.9722
5,0.223681,0.9344,0.170520,0.9722
6,0.230335,0.9344,0.165597,0.9722
7,0.263084,0.9098,0.150837,0.9722
8,0.226236,0.9344,0.143157,0.9722
9,0.224272,0.9344,0.142047,0.9722
10,0.228287,0.9344,0.137775,0.9722
11,0.201765,0.9344,0.132844,0.9722
12,0.193130,0.9344,0.129608,0.9722
13,0.191562,0.9344,0.130912,0.9722
14,0.194595,0.9344,0.128228,0.9722
15,0.195205,0.9180,0.121053,0.9722
16,0.177530,0.9344,0.114946,0.9722
17,0.176213,0.9426,0.112161,0.9722
18,0.174613,0.9344,0.108760,0.9722
19,0.177402,0.9344,0.107052,0.9722
20,0.180083,0.9344,0.105406,0.9722
21,0.176449,0.9344,0.105516,0.9722
22,0.165377,0.9344,0.107454,0.9722
23,0.165536,0.9344,0.108392,0.9722
24,0.160282,0.9508,0.106764,0.9722
25,0.172751,0.9344,0.098826,0.9722
26,0.158239,0.9344,0.095399,0.9722
27,0.158957,0.9344,0.096588,0.9699
28,0.174752,0.9344,0.097424,0.9699
29,0.158422,0.9344,0.097029,0.9699
30,0.160232,0.9344,0.095855,0.9722
31,0.162794,0.9344,0.098155,0.9699
32,0.159032,0.9344,0.098007,0.9699
33,0.153894,0.9508,0.097354,0.9676
34,0.169681,0.9344,0.097961,0.9676
35,0.152895,0.9426,0.098446,0.9676
1,0.189346,0.9344,0.134061,0.9722
2,0.177570,0.9344,0.156912,0.9444
3,0.205504,0.9262,0.135738,0.9606
4,0.177554,0.9344,0.127904,0.9676
5,0.184186,0.9508,0.129074,0.9653
6,0.175216,0.9426,0.125329,0.9676
7,0.159770,0.9426,0.121017,0.9676
8,0.167124,0.9344,0.119933,0.9676
9,0.181951,0.9426,0.139313,0.9560
10,0.177963,0.9344,0.138164,0.9630
11,0.156851,0.9426,0.128009,0.9653
12,0.153732,0.9426,0.120122,0.9676
13,0.149074,0.9508,0.119772,0.9676
14,0.153441,0.9426,0.135102,0.9560
15,0.155290,0.9672,0.147760,0.9491
16,0.190647,0.9426,0.154246,0.9514
17,0.161699,0.9508,0.142686,0.9606
18,0.153043,0.9590,0.128484,0.9630
19,0.153661,0.9508,0.128173,0.9653
20,0.142692,0.9590,0.126937,0.9630
21,0.146209,0.9590,0.117837,0.9630
22,0.144336,0.9508,0.109512,0.9653
23,0.141680,0.9426,0.101609,0.9676
24,0.135968,0.9426,0.096249,0.9699
25,0.143592,0.9590,0.091544,0.9699
26,0.138263,0.9590,0.094158,0.9699
27,0.135715,0.9672,0.090420,0.9653
28,0.127747,0.9672,0.085869,0.9676
29,0.128267,0.9508,0.087690,0.9722
30,0.124283,0.9672,0.087006,0.9792
31,0.127529,0.9590,0.080698,0.9745
32,0.139906,0.9590,0.085011,0.9699
33,0.121997,0.9836,0.091009,0.9653
34,0.119802,0.9754,0.087941,0.9699
35,0.118436,0.9754,0.087244,0.9676
36,0.118982,0.9754,0.087203,0.9676
37,0.114729,0.9836,0.086758,0.9653
38,0.113951,0.9754,0.085951,0.9676
39,0.112227,0.9754,0.082220,0.9722
40,0.110277,0.9836,0.077206,0.9745
41,0.114074,0.9754,0.073983,0.9745
42,0.106904,0.9754,0.069866,0.9769
43,0.126400,0.9590,0.065486,0.9838
44,0.122029,0.9508,0.074991,0.9838
45,0.121373,0.9426,0.085483,0.9745
46,0.123157,0.9672,0.090211,0.9676
47,0.115607,0.9672,0.088667,0.9699
48,0.115685,0.9754,0.086828,0.9745
49,0.109532,0.9754,0.084479,0.9722
50,0.115954,0.9754,0.081705,0.9722
1,0.094003,0.9754,0.085217,0.9653
2,0.100975,0.9590,0.082826,0.9699
3,0.099385,0.9754,0.080093,0.9722
4,0.103383,0.9672,0.097286,0.9606
5,0.106062,0.9754,0.099132,0.9583
6,0.104700,0.9836,0.088259,0.9722
7,0.100256,0.9754,0.079542,0.9722
8,0.097751,0.9754,0.070960,0.9745
9,0.094996,0.9754,0.072306,0.9769
10,0.092691,0.9672,0.076465,0.9722
11,0.114531,0.9754,0.095037,0.9630
12,0.088043,0.9836,0.104838,0.9583
13,0.090699,0.9836,0.108478,0.9583
14,0.090595,0.9836,0.102189,0.9583
15,0.089704,0.9836,0.098734,0.9630
16,0.087191,0.9836,0.086033,0.9699
17,0.082682,0.9836,0.078466,0.9699
1,0.150713,0.9344,0.103886,0.9699
2,0.176168,0.9262,0.116048,0.9676
3,0.150059,0.9344,0.122921,0.9630
4,0.157518,0.9508,0.115349,0.9653
5,0.155127,0.9426,0.107253,0.9653
6,0.145356,0.9508,0.102655,0.9653
7,0.143268,0.9344,0.106080,0.9653
8,0.145730,0.9426,0.094794,0.9676
9,0.136856,0.9426,0.088320,0.9699
10,0.153604,0.9508,0.103904,0.9560
11,0.133854,0.9672,0.110345,0.9560
12,0.131773,0.9754,0.097328,0.9653
13,0.139709,0.9590,0.083137,0.9699
14,0.137822,0.9508,0.090089,0.9653
15,0.128405,0.9508,0.098179,0.9630
16,0.138308,0.9508,0.104216,0.9583
17,0.132580,0.9754,0.097013,0.9630
18,0.143737,0.9508,0.086141,0.9676
19,0.130493,0.9672,0.086628,0.9745
20,0.128098,0.9672,0.090204,0.9699
21,0.131015,0.9672,0.090836,0.9676
22,0.139712,0.9508,0.085928,0.9722
23,0.120004,0.9672,0.080986,0.9745
24,0.135463,0.9672,0.094799,0.9699
25,0.124502,0.9590,0.100849,0.9676
26,0.121296,0.9590,0.096365,0.9676
27,0.115089,0.9672,0.093491,0.9676
28,0.114500,0.9754,0.088333,0.9699
29,0.110572,0.9672,0.075975,0.9745
30,0.109855,0.9672,0.072792,0.9792
31,0.109295,0.9590,0.080429,0.9699
32,0.115847,0.9672,0.080504,0.9699
33,0.102124,0.9754,0.075997,0.9745
34,0.110029,0.9590,0.075651,0.9745
35,0.114585,0.9508,0.074964,0.9745
36,0.107925,0.9672,0.076920,0.9745
37,0.110239,0.9590,0.083673,0.9699
38,0.100947,0.9672,0.091121,0.9606
39,0.097077,0.9754,0.093622,0.9606
1,0.108018,0.9672,0.081047,0.9699
2,0.129349,0.9590,0.134073,0.9444
3,0.128421,0.9508,0.122828,0.9560
4,0.118506,0.9590,0.103412,0.9583
5,0.112169,0.9590,0.085389,0.9676
6,0.119291,0.9508,0.079379,0.9676
7,0.099989,0.9672,0.094755,0.9560
8,0.104404,0.9508,0.105553,0.9491
9,0.102988,0.9672,0.097660,0.9537
10,0.097473,0.9754,0.090248,0.9583
11,0.097474,0.9590,0.085010,0.9699
12,0.091596,0.9836,0.088344,0.9745
13,0.095587,0.9754,0.086610,0.9745
14,0.094082,0.9590,0.083460,0.9745
15,0.091367,0.9754,0.083032,0.9699
1,0.183329,0.9426,0.127832,0.9653
2,0.189176,0.9344,0.114919,0.9699
3,0.182208,0.9344,0.132401,0.9537
4,0.178331,0.9344,0.119839,0.9653
5,0.162614,0.9344,0.105359,0.9699
6,0.164220,0.9344,0.100864,0.9699
7,0.176525,0.9344,0.103867,0.9676
8,0.168822,0.9262,0.104977,0.9653
9,0.156697,0.9426,0.114131,0.9560
10,0.152524,0.9508,0.114414,0.9560
11,0.146314,0.9590,0.106496,0.9630
12,0.184511,0.9426,0.098263,0.9722
13,0.165354,0.9344,0.099989,0.9653
14,0.153490,0.9426,0.112132,0.9583
15,0.163753,0.9426,0.108348,0.9583
16,0.166273,0.9262,0.102167,0.9630
17,0.149445,0.9344,0.106299,0.9630
18,0.144811,0.9426,0.100710,0.9653
19,0.143866,0.9426,0.102384,0.9606
20,0.176204,0.9098,0.102504,0.9630
21,0.143548,0.9426,0.106310,0.9606
1,0.150130,0.9590,0.123854,0.9606
2,0.151792,0.9508,0.140391,0.9514
3,0.161622,0.9590,0.127859,0.9560
4,0.152067,0.9344,0.117031,0.9630
5,0.149610,0.9426,0.112850,0.9653
6,0.149587,0.9426,0.116000,0.9583
7,0.148821,0.9508,0.108942,0.9630
8,0.146556,0.9508,0.105505,0.9653
9,0.150923,0.9672,0.100933,0.9653
10,0.150028,0.9590,0.096579,0.9676
11,0.143956,0.9508,0.106727,0.9630
12,0.142437,0.9508,0.104756,0.9606
13,0.154207,0.9590,0.107750,0.9537
14,0.154264,0.9590,0.115384,0.9537
15,0.150988,0.9672,0.103855,0.9606
16,0.145912,0.9590,0.088742,0.9653
17,0.148398,0.9672,0.086333,0.9699
18,0.135228,0.9590,0.087725,0.9699
19,0.140183,0.9590,0.093125,0.9630
20,0.141643,0.9590,0.095882,0.9606
21,0.156448,0.9590,0.109732,0.9560
22,0.143606,0.9672,0.105246,0.9583
23,0.139124,0.9672,0.097961,0.9653
24,0.157090,0.9508,0.084766,0.9722
25,0.141024,0.9590,0.082485,0.9769
26,0.133910,0.9590,0.081908,0.9769
27,0.134707,0.9508,0.084891,0.9745
28,0.133869,0.9426,0.089359,0.9769
29,0.148449,0.9508,0.092454,0.9653
30,0.133414,0.9590,0.090385,0.9699
31,0.132188,0.9590,0.089019,0.9699
32,0.131650,0.9590,0.087875,0.9699
33,0.131432,0.9590,0.084175,0.9745
34,0.132282,0.9508,0.081489,0.9676
35,0.133873,0.9672,0.078849,0.9699
36,0.138017,0.9508,0.074504,0.9792
37,0.130433,0.9590,0.072097,0.9792
38,0.126715,0.9590,0.070689,0.9769
39,0.136584,0.9508,0.063634,0.9815
40,0.134407,0.9426,0.061996,0.9792
41,0.135014,0.9426,0.066947,0.9745
42,0.131593,0.9426,0.068702,0.9792
43,0.146565,0.9508,0.079458,0.9676
44,0.124340,0.9754,0.084945,0.9653
45,0.125179,0.9754,0.080200,0.9769
46,0.127223,0.9754,0.073333,0.9792
47,0.119510,0.9836,0.067717,0.9769
48,0.114385,0.9754,0.063013,0.9815
49,0.117567,0.9754,0.063329,0.9792
1,0.101099,0.9590,0.121535,0.9468
2,0.101114,0.9590,0.117435,0.9491
3,0.102793,0.9590,0.150800,0.9329
4,0.105760,0.9590,0.144676,0.9329
5,0.102785,0.9590,0.128561,0.9421
6,0.099479,0.9672,0.118129,0.9514
7,0.101000,0.9508,0.111616,0.9583
8,0.102506,0.9508,0.112662,0.9583
9,0.100482,0.9508,0.119927,0.9514
10,0.098700,0.9590,0.111283,0.9606
11,0.100658,0.9508,0.107282,0.9606
12,0.102893,0.9508,0.112352,0.9583
13,0.099556,0.9590,0.120014,0.9514
14,0.097945,0.9590,0.117543,0.9537
15,0.098639,0.9590,0.122802,0.9537
16,0.096857,0.9590,0.120840,0.9537
17,0.096932,0.9590,0.129290,0.9514
18,0.094362,0.9590,0.133805,0.9468
19,0.093655,0.9590,0.140391,0.9375
20,0.092721,0.9672,0.141888,0.9375
1,0.144384,0.9426,0.113463,0.9630
2,0.143325,0.9426,0.107114,0.9653
3,0.142013,0.9426,0.102504,0.9653
4,0.141471,0.9426,0.102586,0.9630
5,0.140646,0.9508,0.102568,0.9630
6,0.140424,0.9508,0.109579,0.9630
7,0.140755,0.9508,0.101074,0.9630
8,0.139630,0.9508,0.094662,0.9653
9,0.139094,0.9426,0.095275,0.9676
10,0.136016,0.9426,0.099814,0.9630
11,0.135487,0.9508,0.096164,0.9676
12,0.136658,0.9426,0.107536,0.9606
13,0.136217,0.9508,0.103963,0.9606
14,0.133768,0.9508,0.100276,0.9630
15,0.132434,0.9426,0.088079,0.9699
16,0.132813,0.9344,0.088545,0.9699
17,0.130311,0.9344,0.091110,0.9653
18,0.128842,0.9508,0.101739,0.9583
19,0.130051,0.9590,0.094951,0.9630
20,0.129250,0.9508,0.100846,0.9583
21,0.127609,0.9590,0.096517,0.9606
22,0.125685,0.9508,0.092616,0.9630
23,0.125463,0.9508,0.084883,0.9653
24,0.126401,0.9426,0.083933,0.9653
25,0.126430,0.9426,0.085261,0.9653
26,0.125205,0.9426,0.086404,0.9630
27,0.124026,0.9426,0.095872,0.9606
28,0.122692,0.9508,0.108003,0.9514
29,0.125174,0.9590,0.104563,0.9560
30,0.123240,0.9590,0.091727,0.9606
31,0.120125,0.9508,0.082863,0.9630
32,0.121592,0.9426,0.081485,0.9630
33,0.122278,0.9426,0.082782,0.9630
34,0.121614,0.9426,0.084892,0.9630
35,0.120564,0.9426,0.087909,0.9630
36,0.119882,0.9426,0.087539,0.9630
37,0.119510,0.9426,0.087512,0.9606
38,0.119089,0.9426,0.087474,0.9606
39,0.118629,0.9426,0.090188,0.9606
40,0.118002,0.9426,0.090348,0.9630
41,0.117426,0.9508,0.094741,0.9537
1,0.189493,0.9344,0.137422,0.9722
2,0.189267,0.9344,0.137066,0.9722
3,0.185710,0.9344,0.143494,0.9722
4,0.182629,0.9344,0.177493,0.9537
5,0.186368,0.9508,0.167681,0.9583
6,0.182419,0.9508,0.174667,0.9491
7,0.180275,0.9426,0.154793,0.9606
8,0.173579,0.9426,0.152900,0.9606
9,0.170932,0.9426,0.136051,0.9676
10,0.169028,0.9426,0.132853,0.9676
11,0.166466,0.9426,0.130823,0.9676
12,0.166027,0.9426,0.122684,0.9722
13,0.167091,0.9344,0.118446,0.9722
14,0.167727,0.9344,0.117972,0.9722
15,0.166248,0.9344,0.118209,0.9722
16,0.163449,0.9344,0.123792,0.9676
17,0.158703,0.9426,0.133112,0.9653
18,0.158340,0.9426,0.130406,0.9653
19,0.156966,0.9426,0.124118,0.9676
20,0.155827,0.9426,0.120371,0.9699
21,0.156435,0.9344,0.119470,0.9699
22,0.156025,0.9344,0.122299,0.9676
23,0.153566,0.9426,0.121906,0.9699
1,0.167072,0.9426,0.144708,0.9583
2,0.163084,0.9426,0.150296,0.9560
3,0.161456,0.9508,0.153830,0.9560
4,0.160839,0.9508,0.139685,0.9583
5,0.159365,0.9426,0.131777,0.9630
6,0.159693,0.9426,0.127724,0.9653
7,0.160280,0.9426,0.129867,0.9653
8,0.157660,0.9426,0.131495,0.9653
9,0.154841,0.9426,0.135674,0.9606
10,0.152170,0.9426,0.134446,0.9630
11,0.151267,0.9426,0.128755,0.9653
12,0.150778,0.9426,0.129400,0.9653
13,0.148966,0.9426,0.125479,0.9653
14,0.147882,0.9426,0.136794,0.9583
15,0.144658,0.9508,0.132904,0.9606
16,0.142848,0.9426,0.131379,0.9606
17,0.141272,0.9426,0.126693,0.9606
18,0.140708,0.9426,0.120767,0.9630
19,0.140782,0.9426,0.118991,0.9630
20,0.140374,0.9426,0.126948,0.9606
21,0.137569,0.9426,0.135066,0.9560
22,0.137731,0.9508,0.129175,0.9560
23,0.136504,0.9508,0.122142,0.9606
24,0.135710,0.9426,0.124354,0.9583
25,0.134604,0.9426,0.129412,0.9560
26,0.133858,0.9508,0.132077,0.9560
27,0.132645,0.9508,0.130968,0.9560
28,0.131940,0.9508,0.124695,0.9606
1,0.167072,0.9426,0.144708,0.9583
2,0.163084,0.9426,0.150296,0.9560
3,0.161456,0.9508,0.153830,0.9560
4,0.160839,0.9508,0.139685,0.9583
5,0.159365,0.9426,0.131777,0.9630
6,0.159693,0.9426,0.127724,0.9653
7,0.160280,0.9426,0.129867,0.9653
8,0.157660,0.9426,0.131495,0.9653
9,0.154841,0.9426,0.135674,0.9606
10,0.152170,0.9426,0.134446,0.9630
11,0.151267,0.9426,0.128755,0.9653
12,0.150778,0.9426,0.129400,0.9653
13,0.148966,0.9426,0.125479,0.9653
14,0.147882,0.9426,0.136794,0.9583
15,0.144658,0.9508,0.132904,0.9606
16,0.142848,0.9426,0.131379,0.9606
17,0.141272,0.9426,0.126693,0.9606
18,0.140708,0.9426,0.120767,0.9630
19,0.140782,0.9426,0.118991,0.9630
20,0.140374,0.9426,0.126948,0.9606
21,0.137569,0.9426,0.135066,0.9560
22,0.137731,0.9508,0.129175,0.9560
23,0.136504,0.9508,0.122142,0.9606
24,0.135710,0.9426,0.124354,0.9583
25,0.134604,0.9426,0.129412,0.9560
26,0.133858,0.9508,0.132077,0.9560
27,0.132645,0.9508,0.130968,0.9560
28,0.131940,0.9508,0.124695,0.9606
1,0.167072,0.9426,0.144708,0.9583
2,0.163084,0.9426,0.150296,0.9560
3,0.161456,0.9508,0.153830,0.9560
4,0.160839,0.9508,0.139685,0.9583
5,0.159365,0.9426,0.131777,0.9630
6,0.159693,0.9426,0.127724,0.9653
7,0.160280,0.9426,0.129867,0.9653
8,0.157660,0.9426,0.131495,0.9653
9,0.154841,0.9426,0.135674,0.9606
10,0.152170,0.9426,0.134446,0.9630
11,0.151267,0.9426,0.128755,0.9653
12,0.150778,0.9426,0.129400,0.9653
13,0.148966,0.9426,0.125479,0.9653
14,0.147882,0.9426,0.136794,0.9583
15,0.144658,0.9508,0.132904,0.9606
16,0.142848,0.9426,0.131379,0.9606
17,0.141272,0.9426,0.126693,0.9606
18,0.140708,0.9426,0.120767,0.9630
19,0.140782,0.9426,0.118991,0.9630
20,0.140374,0.9426,0.126948,0.9606
21,0.137569,0.9426,0.135066,0.9560
22,0.137731,0.9508,0.129175,0.9560
23,0.136504,0.9508,0.122142,0.9606
24,0.135710,0.9426,0.124354,0.9583
25,0.134604,0.9426,0.129412,0.9560
26,0.133858,0.9508,0.132077,0.9560
27,0.132645,0.9508,0.130968,0.9560
28,0.131940,0.9508,0.124695,0.9606
1,0.167072,0.9426,0.144708,0.9583
2,0.163084,0.9426,0.150296,0.9560
3,0.161456,0.9508,0.153830,0.9560
4,0.160839,0.9508,0.139685,0.9583
5,0.159365,0.9426,0.131777,0.9630
6,0.159693,0.9426,0.127724,0.9653
7,0.160280,0.9426,0.129867,0.9653
8,0.157660,0.9426,0.131495,0.9653
9,0.154841,0.9426,0.135674,0.9606
10,0.152170,0.9426,0.134446,0.9630
11,0.151267,0.9426,0.128755,0.9653
12,0.150778,0.9426,0.129400,0.9653
13,0.148966,0.9426,0.125479,0.9653
14,0.147882,0.9426,0.136794,0.9583
15,0.144658,0.9508,0.132904,0.9606
16,0.142848,0.9426,0.131379,0.9606
17,0.141272,0.9426,0.126693,0.9606
18,0.140708,0.9426,0.120767,0.9630
19,0.140782,0.9426,0.118991,0.9630
20,0.140374,0.9426,0.126948,0.9606
21,0.137569,0.9426,0.135066,0.9560
22,0.137731,0.9508,0.129175,0.9560
23,0.136504,0.9508,0.122142,0.9606
24,0.135710,0.9426,0.124354,0.9583
25,0.134604,0.9426,0.129412,0.9560
26,0.133858,0.9508,0.132077,0.9560
27,0.132645,0.9508,0.130968,0.9560
28,0.131940,0.9508,0.124695,0.9606
1,0.167072,0.9426,0.144708,0.9583
2,0.163084,0.9426,0.150296,0.9560
3,0.161456,0.9508,0.153830,0.9560
4,0.160839,0.9508,0.139685,0.9583
5,0.159365,0.9426,0.131777,0.9630
6,0.159693,0.9426,0.127724,0.9653
7,0.160280,0.9426,0.129867,0.9653
8,0.157660,0.9426,0.131495,0.9653
9,0.154841,0.9426,0.135674,0.9606
10,0.152170,0.9426,0.134446,0.9630
11,0.151267,0.9426,0.128755,0.9653
12,0.150778,0.9426,0.129400,0.9653
13,0.148966,0.9426,0.125479,0.9653
14,0.147882,0.9426,0.136794,0.9583
15,0.144658,0.9508,0.132904,0.9606
16,0.142848,0.9426,0.131379,0.9606
17,0.141272,0.9426,0.126693,0.9606
18,0.140708,0.9426,0.120767,0.9630
19,0.140782,0.9426,0.118991,0.9630
20,0.140374,0.9426,0.126948,0.9606
21,0.137569,0.9426,0.135066,0.9560
22,0.137731,0.9508,0.129175,0.9560
23,0.136504,0.9508,0.122142,0.9606
24,0.135710,0.9426,0.124354,0.9583
25,0.134604,0.9426,0.129412,0.9560
26,0.133858,0.9508,0.132077,0.9560
27,0.132645,0.9508,0.130968,0.9560
28,0.131940,0.9508,0.124695,0.9606
1,0.646150,0.6272,0.636337,0.6690
2,0.644681,0.6331,0.636763,0.6620
3,0.642788,0.6331,0.637479,0.6667
4,0.642066,0.6450,0.637588,0.6690
5,0.640568,0.6509,0.638418,0.6667
6,0.638282,0.6568,0.638894,0.6690
7,0.638762,0.6627,0.640029,0.6644
8,0.636765,0.6509,0.640089,0.6551
9,0.635612,0.6391,0.639572,0.6597
10,0.634506,0.6509,0.639098,0.6644
1,0.058150,1.0000,0.085416,1.0000
2,0.057108,1.0000,0.084047,1.0000
3,0.055710,1.0000,0.082722,1.0000
4,0.054398,1.0000,0.081047,1.0000
5,0.052982,1.0000,0.079103,1.0000
6,0.051702,1.0000,0.077541,1.0000
7,0.050545,1.0000,0.074260,1.0000
8,0.048839,1.0000,0.072095,1.0000
9,0.047748,1.0000,0.070431,1.0000
10,0.046514,1.0000,0.069140,1.0000
11,0.045329,1.0000,0.067651,1.0000
12,0.044196,1.0000,0.066539,1.0000
13,0.043063,1.0000,0.065415,1.0000
14,0.042069,1.0000,0.064132,1.0000
15,0.041147,1.0000,0.062520,1.0000
16,0.040206,1.0000,0.061025,1.0000
17,0.039397,1.0000,0.059861,1.0000
18,0.038648,1.0000,0.058848,1.0000
19,0.037827,1.0000,0.057880,1.0000
20,0.037062,1.0000,0.056904,1.0000
21,0.036300,1.0000,0.055987,1.0000
22,0.035614,1.0000,0.054823,1.0000
23,0.034927,1.0000,0.053714,1.0000
24,0.034319,1.0000,0.052767,1.0000
25,0.033788,1.0000,0.052164,1.0000
26,0.033182,1.0000,0.051614,1.0000
27,0.032681,1.0000,0.050795,1.0000
28,0.032136,1.0000,0.049953,1.0000
29,0.031657,1.0000,0.049208,1.0000
30,0.031182,1.0000,0.048620,1.0000
31,0.030757,1.0000,0.047983,1.0000
32,0.030307,1.0000,0.047433,1.0000
33,0.029881,1.0000,0.046986,1.0000
34,0.029467,1.0000,0.046470,1.0000
35,0.029083,1.0000,0.046019,1.0000
36,0.028707,1.0000,0.045598,1.0000
37,0.028369,1.0000,0.045287,1.0000
38,0.027989,1.0000,0.044811,1.0000
39,0.027617,1.0000,0.044279,1.0000
40,0.027273,1.0000,0.043634,1.0000
41,0.026938,1.0000,0.043137,1.0000
42,0.026637,1.0000,0.042779,1.0000
43,0.026340,1.0000,0.042168,1.0000
44,0.026031,1.0000,0.041748,1.0000
45,0.025742,1.0000,0.041341,1.0000
46,0.025471,1.0000,0.040995,1.0000
47,0.025212,1.0000,0.040455,1.0000
48,0.024938,1.0000,0.039926,1.0000
49,0.024691,1.0000,0.039437,1.0000
50,0.024454,1.0000,0.038995,1.0000
1,0.058150,1.0000,0.085416,1.0000
2,0.057108,1.0000,0.084047,1.0000
3,0.055710,1.0000,0.082722,1.0000
4,0.054398,1.0000,0.081047,1.0000
5,0.052982,1.0000,0.079103,1.0000
6,0.051702,1.0000,0.077541,1.0000
7,0.050545,1.0000,0.074260,1.0000
8,0.048839,1.0000,0.072095,1.0000
9,0.047748,1.0000,0.070431,1.0000
10,0.046514,1.0000,0.069140,1.0000
11,0.045329,1.0000,0.067651,1.0000
12,0.044196,1.0000,0.066539,1.0000
13,0.043063,1.0000,0.065415,1.0000
14,0.042069,1.0000,0.064132,1.0000
15,0.041147,1.0000,0.062520,1.0000
16,0.040206,1.0000,0.061025,1.0000
17,0.039397,1.0000,0.059861,1.0000
18,0.038648,1.0000,0.058848,1.0000
19,0.037827,1.0000,0.057880,1.0000
20,0.037062,1.0000,0.056904,1.0000
21,0.036300,1.0000,0.055987,1.0000
22,0.035614,1.0000,0.054823,1.0000
23,0.034927,1.0000,0.053714,1.0000
24,0.034319,1.0000,0.052767,1.0000
25,0.033788,1.0000,0.052164,1.0000
26,0.033182,1.0000,0.051614,1.0000
27,0.032681,1.0000,0.050795,1.0000
28,0.032136,1.0000,0.049953,1.0000
29,0.031657,1.0000,0.049208,1.0000
30,0.031182,1.0000,0.048620,1.0000
31,0.030757,1.0000,0.047983,1.0000
32,0.030307,1.0000,0.047433,1.0000
33,0.029881,1.0000,0.046986,1.0000
34,0.029467,1.0000,0.046470,1.0000
35,0.029083,1.0000,0.046019,1.0000
36,0.028707,1.0000,0.045598,1.0000
37,0.028369,1.0000,0.045287,1.0000
38,0.027989,1.0000,0.044811,1.0000
39,0.027617,1.0000,0.044279,1.0000
40,0.027273,1.0000,0.043634,1.0000
41,0.026938,1.0000,0.043137,1.0000
42,0.026637,1.0000,0.042779,1.0000
43,0.026340,1.0000,0.042168,1.0000
44,0.026031,1.0000,0.041748,1.0000
45,0.025742,1.0000,0.041341,1.0000
46,0.025471,1.0000,0.040995,1.0000
47,0.025212,1.0000,0.040455,1.0000
48,0.024938,1.0000,0.039926,1.0000
49,0.024691,1.0000,0.039437,1.0000
50,0.024454,1.0000,0.038995,1.0000
1,0.646150,0.6272,0.636337,0.6690
2,0.644681,0.6331,0.636763,0.6620
3,0.642788,0.6331,0.637479,0.6667
4,0.642066,0.6450,0.637588,0.6690
5,0.640568,0.6509,0.638418,0.6667
6,0.638282,0.6568,0.638894,0.6690
7,0.638762,0.6627,0.640029,0.6644
8,0.636765,0.6509,0.640089,0.6551
9,0.635612,0.6391,0.639572,0.6597
10,0.634506,0.6509,0.639098,0.6644
1,0.646150,0.6272,0.636337,0.6690
2,0.644681,0.6331,0.636763,0.6620
3,0.642788,0.6331,0.637479,0.6667
4,0.642066,0.6450,0.637588,0.6690
5,0.640568,0.6509,0.638418,0.6667
6,0.638282,0.6568,0.638894,0.6690
7,0.638762,0.6627,0.640029,0.6644
8,0.636765,0.6509,0.640089,0.6551
9,0.635612,0.6391,0.639572,0.6597
10,0.634506,0.6509,0.639098,0.6644
1,0.646150,0.6272,0.636337,0.6690
2,0.644681,0.6331,0.636763,0.6620
3,0.642788,0.6331,0.637479,0.6667
4,0.642066,0.6450,0.637588,0.6690
5,0.640568,0.6509,0.638418,0.6667
6,0.638282,0.6568,0.638894,0.6690
7,0.638762,0.6627,0.640029,0.6644
8,0.636765,0.6509,0.640089,0.6551
9,0.635612,0.6391,0.639572,0.6597
10,0.634506,0.6509,0.639098,0.6644
1,0.646150,0.6272,0.636337,0.6690
2,0.644681,0.6331,0.636763,0.6620
3,0.642788,0.6331,0.637479,0.6667
4,0.642066,0.6450,0.637588,0.6690
5,0.640568,0.6509,0.638418,0.6667
6,0.638282,0.6568,0.638894,0.6690
7,0.638762,0.6627,0.640029,0.6644
8,0.636765,0.6509,0.640089,0.6551
9,0.635612,0.6391,0.639572,0.6597
10,0.634506,0.6509,0.639098,0.6644
1,0.646150,0.6272,0.636337,0.6690
2,0.644681,0.6331,0.636763,0.6620
3,0.642788,0.6331,0.637479,0.6667
4,0.642066,0.6450,0.637588,0.6690
5,0.640568,0.6509,0.638418,0.6667
6,0.638282,0.6568,0.638894,0.6690
7,0.638762,0.6627,0.640029,0.6644
8,0.636765,0.6509,0.640089,0.6551
9,0.635612,0.6391,0.639572,0.6597
10,0.634506,0.6509,0.639098,0.6644
1,0.058150,1.0000,0.085416,1.0000
2,0.057108,1.0000,0.084047,1.0000
3,0.055710,1.0000,0.082722,1.0000
4,0.054398,1.0000,0.081047,1.0000
5,0.052982,1.0000,0.079103,1.0000
6,0.051702,1.0000,0.077541,1.0000
7,0.050545,1.0000,0.074260,1.0000
8,0.048839,1.0000,0.072095,1.0000
9,0.047748,1.0000,0.070431,1.0000
10,0.046514,1.0000,0.069140,1.0000
11,0.045329,1.0000,0.067651,1.0000
12,0.044196,1.0000,0.066539,1.0000
13,0.043063,1.0000,0.065415,1.0000
14,0.042069,1.0000,0.064132,1.0000
15,0.041147,1.0000,0.062520,1.0000
16,0.040206,1.0000,0.061025,1.0000
17,0.039397,1.0000,0.059861,1.0000
18,0.038648,1.0000,0.058848,1.0000
19,0.037827,1.0000,0.057880,1.0000
20,0.037062,1.0000,0.056904,1.0000
21,0.036300,1.0000,0.055987,1.0000
22,0.035614,1.0000,0.054823,1.0000
23,0.034927,1.0000,0.053714,1.0000
24,0.034319,1.0000,0.052767,1.0000
25,0.033788,1.0000,0.052164,1.0000
26,0.033182,1.0000,0.051614,1.0000
27,0.032681,1.0000,0.050795,1.0000
28,0.032136,1.0000,0.049953,1.0000
29,0.031657,1.0000,0.049208,1.0000
30,0.031182,1.0000,0.048620,1.0000
31,0.030757,1.0000,0.047983,1.0000
32,0.030307,1.0000,0.047433,1.0000
33,0.029881,1.0000,0.046986,1.0000
34,0.029467,1.0000,0.046470,1.0000
35,0.029083,1.0000,0.046019,1.0000
36,0.028707,1.0000,0.045598,1.0000
37,0.028369,1.0000,0.045287,1.0000
38,0.027989,1.0000,0.044811,1.0000
39,0.027617,1.0000,0.044279,1.0000
40,0.027273,1.0000,0.043634,1.0000
41,0.026938,1.0000,0.043137,1.0000
42,0.026637,1.0000,0.042779,1.0000
43,0.026340,1.0000,0.042168,1.0000
44,0.026031,1.0000,0.041748,1.0000
45,0.025742,1.0000,0.041341,1.0000
46,0.025471,1.0000,0.040995,1.0000
47,0.025212,1.0000,0.040455,1.0000
48,0.024938,1.0000,0.039926,1.0000
49,0.024691,1.0000,0.039437,1.0000
50,0.024454,1.0000,0.038995,1.0000
1,0.058150,1.0000,0.085416,1.0000
2,0.057108,1.0000,0.084047,1.0000
3,0.055710,1.0000,0.082722,1.0000
4,0.054398,1.0000,0.081047,1.0000
5,0.052982,1.0000,0.079103,1.0000
6,0.051702,1.0000,0.077541,1.0000
7,0.050545,1.0000,0.074260,1.0000
8,0.048839,1.0000,0.072095,1.0000
9,0.047748,1.0000,0.070431,1.0000
10,0.046514,1.0000,0.069140,1.0000
11,0.045329,1.0000,0.067651,1.0000
12,0.044196,1.0000,0.066539,1.0000
13,0.043063,1.0000,0.065415,1.0000
14,0.042069,1.0000,0.064132,1.0000
15,0.041147,1.0000,0.062520,1.0000
16,0.040206,1.0000,0.061025,1.0000
17,0.039397,1.0000,0.059861,1.0000
18,0.038648,1.0000,0.058848,1.0000
19,0.037827,1.0000,0.057880,1.0000
20,0.037062,1.0000,0.056904,1.0000
21,0.036300,1.0000,0.055987,1.0000
22,0.035614,1.0000,0.054823,1.0000
23,0.034927,1.0000,0.053714,1.0000
24,0.034319,1.0000,0.052767,1.0000
25,0.033788,1.0000,0.052164,1.0000
26,0.033182,1.0000,0.051614,1.0000
27,0.032681,1.0000,0.050795,1.0000
28,0.032136,1.0000,0.049953,1.0000
29,0.031657,1.0000,0.049208,1.0000
30,0.031182,1.0000,0.048620,1.0000
31,0.030757,1.0000,0.047983,1.0000
32,0.030307,1.0000,0.047433,1.0000
33,0.029881,1.0000,0.046986,1.0000
34,0.029467,1.0000,0.046470,1.0000
35,0.029083,1.0000,0.046019,1.0000
36,0.028707,1.0000,0.045598,1.0000
37,0.028369,1.0000,0.045287,1.0000
38,0.027989,1.0000,0.044811,1.0000
39,0.027617,1.0000,0.044279,1.0000
40,0.027273,1.0000,0.043634,1.0000
41,0.026938,1.0000,0.043137,1.0000
42,0.026637,1.0000,0.042779,1.0000
43,0.026340,1.0000,0.042168,1.0000
44,0.026031,1.0000,0.041748,1.0000
45,0.025742,1.0000,0.041341,1.0000
46,0.025471,1.0000,0.040995,1.0000
47,0.025212,1.0000,0.040455,1.0000
48,0.024938,1.0000,0.039926,1.0000
49,0.024691,1.0000,0.039437,1.0000
50,0.024454,1.0000,0.038995,1.0000
1,0.336892,0.8548,0.547345,0.7384
2,0.328357,0.8629,0.545704,0.7454
3,0.317942,0.8790,0.555376,0.7338
4,0.295938,0.8952,0.549638,0.7176
5,0.295876,0.8790,0.511798,0.7315
6,0.269817,0.9113,0.528663,0.7361
7,0.258531,0.9113,0.549826,0.7338
8,0.237938,0.8952,0.532202,0.7407
9,0.220338,0.9274,0.509835,0.7593
10,0.211242,0.9274,0.514866,0.7523
11,0.202979,0.9194,0.529542,0.7500
12,0.198246,0.9194,0.538235,0.7593
13,0.192361,0.9274,0.545403,0.7801
14,0.185414,0.9516,0.555717,0.7801
15,0.181961,0.9516,0.573961,0.7801
16,0.189168,0.9516,0.557509,0.7940
17,0.184526,0.9435,0.587057,0.7801
18,0.174686,0.9516,0.591099,0.7778
19,0.174368,0.9435,0.537250,0.8009
20,0.170347,0.9435,0.564513,0.7940
21,0.173517,0.9435,0.544379,0.8079
22,0.185212,0.9516,0.580329,0.7963
23,0.205330,0.9435,0.565997,0.7963
24,0.159861,0.9597,0.538051,0.8079
25,0.168417,0.9516,0.579513,0.7894
26,0.162266,0.9516,0.567268,0.8032
27,0.154903,0.9597,0.574879,0.8032
28,0.148123,0.9597,0.574143,0.8009
1,0.002006,1.0000,0.002703,1.0000
2,0.001968,1.0000,0.002642,1.0000
3,0.001929,1.0000,0.002585,1.0000
4,0.001893,1.0000,0.002526,1.0000
5,0.001857,1.0000,0.002473,1.0000
6,0.001820,1.0000,0.002426,1.0000
7,0.001792,1.0000,0.002371,1.0000
8,0.001760,1.0000,0.002321,1.0000
9,0.001724,1.0000,0.002279,1.0000
10,0.001694,1.0000,0.002238,1.0000
11,0.001669,1.0000,0.002194,1.0000
12,0.001641,1.0000,0.002152,1.0000
13,0.001614,1.0000,0.002112,1.0000
14,0.001587,1.0000,0.002076,1.0000
15,0.001562,1.0000,0.002039,1.0000
16,0.001537,1.0000,0.002006,1.0000
17,0.001515,1.0000,0.001972,1.0000
18,0.001492,1.0000,0.001939,1.0000
19,0.001469,1.0000,0.001908,1.0000
20,0.001449,1.0000,0.001877,1.0000
21,0.001427,1.0000,0.001849,1.0000
22,0.001408,1.0000,0.001818,1.0000
23,0.001388,1.0000,0.001791,1.0000
24,0.001368,1.0000,0.001764,1.0000
25,0.001351,1.0000,0.001737,1.0000
26,0.001332,1.0000,0.001712,1.0000
27,0.001315,1.0000,0.001686,1.0000
28,0.001297,1.0000,0.001664,1.0000
29,0.001282,1.0000,0.001640,1.0000
30,0.001265,1.0000,0.001617,1.0000
31,0.001249,1.0000,0.001595,1.0000
32,0.001233,1.0000,0.001575,1.0000
33,0.001219,1.0000,0.001553,1.0000
34,0.001204,1.0000,0.001533,1.0000
35,0.001190,1.0000,0.001513,1.0000
36,0.001175,1.0000,0.001494,1.0000
37,0.001162,1.0000,0.001475,1.0000
38,0.001148,1.0000,0.001457,1.0000
39,0.001135,1.0000,0.001438,1.0000
40,0.001122,1.0000,0.001420,1.0000
41,0.001109,1.0000,0.001403,1.0000
42,0.001098,1.0000,0.001386,1.0000
43,0.001084,1.0000,0.001370,1.0000
44,0.001073,1.0000,0.001354,1.0000
45,0.001062,1.0000,0.001337,1.0000
46,0.001049,1.0000,0.001322,1.0000
47,0.001038,1.0000,0.001307,1.0000
48,0.001027,1.0000,0.001291,1.0000
49,0.001017,1.0000,0.001277,1.0000
50,0.001005,1.0000,0.001263,1.0000
1,0.263729,0.8402,0.348522,0.8079
2,0.257977,0.8757,0.352489,0.8056
3,0.249829,0.8698,0.359089,0.8056
4,0.252035,0.8757,0.368658,0.8102
5,0.252624,0.8757,0.374316,0.8056
6,0.248633,0.8698,0.359650,0.8009
7,0.249763,0.8757,0.348754,0.8102
8,0.247881,0.8639,0.349556,0.8264
9,0.246225,0.8639,0.369688,0.8102
10,0.249448,0.8757,0.359745,0.8102
11,0.243537,0.8757,0.369017,0.8102
12,0.241635,0.8757,0.365113,0.8079
13,0.252768,0.8166,0.361034,0.8102
14,0.262657,0.8757,0.365270,0.8079
15,0.242990,0.8521,0.365848,0.7940
16,0.241119,0.8757,0.363658,0.8079
17,0.238279,0.8521,0.354411,0.8264
18,0.250821,0.8580,0.353529,0.7940
19,0.239154,0.8757,0.368542,0.8125
20,0.238741,0.8698,0.369651,0.8032
1,0.125237,0.9426,0.091250,0.9491
2,0.131034,0.9508,0.079370,0.9560
3,0.128123,0.9508,0.070402,0.9699
4,0.132272,0.9426,0.055089,0.9907
5,0.125123,0.9344,0.079534,0.9769
6,0.125850,0.9426,0.072826,0.9815
7,0.129851,0.9508,0.065545,0.9630
8,0.137304,0.9344,0.066701,0.9583
9,0.119444,0.9590,0.086107,0.9514
10,0.118257,0.9508,0.062826,0.9653
11,0.122948,0.9344,0.066272,0.9653
12,0.116189,0.9508,0.075999,0.9514
13,0.110607,0.9590,0.073051,0.9583
14,0.109947,0.9508,0.077110,0.9583
15,0.104444,0.9590,0.072974,0.9583
16,0.104476,0.9590,0.069341,0.9606
17,0.104497,0.9426,0.066739,0.9653
18,0.104266,0.9426,0.075232,0.9583
19,0.102239,0.9508,0.073951,0.9537
20,0.102268,0.9672,0.085906,0.9444
21,0.100347,0.9754,0.074969,0.9514
22,0.102723,0.9508,0.072619,0.9583
23,0.102750,0.9754,0.076809,0.9468
1,0.125237,0.9426,0.091250,0.9491
2,0.131034,0.9508,0.079370,0.9560
3,0.128123,0.9508,0.070402,0.9699
4,0.132272,0.9426,0.055089,0.9907
5,0.125123,0.9344,0.079534,0.9769
6,0.125850,0.9426,0.072826,0.9815
7,0.129851,0.9508,0.065545,0.9630
8,0.137304,0.9344,0.066701,0.9583
9,0.119444,0.9590,0.086107,0.9514
10,0.118257,0.9508,0.062826,0.9653
11,0.122948,0.9344,0.066272,0.9653
12,0.116189,0.9508,0.075999,0.9514
13,0.110607,0.9590,0.073051,0.9583
14,0.109947,0.9508,0.077110,0.9583
15,0.104444,0.9590,0.072974,0.9583
16,0.104476,0.9590,0.069341,0.9606
17,0.104497,0.9426,0.066739,0.9653
18,0.104266,0.9426,0.075232,0.9583
19,0.102239,0.9508,0.073951,0.9537
20,0.102268,0.9672,0.085906,0.9444
21,0.100347,0.9754,0.074969,0.9514
22,0.102723,0.9508,0.072619,0.9583
23,0.102750,0.9754,0.076809,0.9468
1,0.125237,0.9426,0.091250,0.9491
2,0.131034,0.9508,0.079370,0.9560
3,0.128123,0.9508,0.070402,0.9699
4,0.132272,0.9426,0.055089,0.9907
5,0.125123,0.9344,0.079534,0.9769
6,0.125850,0.9426,0.072826,0.9815
7,0.129851,0.9508,0.065545,0.9630
8,0.137304,0.9344,0.066701,0.9583
9,0.119444,0.9590,0.086107,0.9514
10,0.118257,0.9508,0.062826,0.9653
11,0.122948,0.9344,0.066272,0.9653
12,0.116189,0.9508,0.075999,0.9514
13,0.110607,0.9590,0.073051,0.9583
14,0.109947,0.9508,0.077110,0.9583
15,0.104444,0.9590,0.072974,0.9583
16,0.104476,0.9590,0.069341,0.9606
17,0.104497,0.9426,0.066739,0.9653
18,0.104266,0.9426,0.075232,0.9583
19,0.102239,0.9508,0.073951,0.9537
20,0.102268,0.9672,0.085906,0.9444
21,0.100347,0.9754,0.074969,0.9514
22,0.102723,0.9508,0.072619,0.9583
23,0.102750,0.9754,0.076809,0.9468
1,0.263729,0.8402,0.348522,0.8079
2,0.257977,0.8757,0.352489,0.8056
3,0.249829,0.8698,0.359089,0.8056
4,0.252035,0.8757,0.368658,0.8102
5,0.252624,0.8757,0.374316,0.8056
6,0.248633,0.8698,0.359650,0.8009
7,0.249763,0.8757,0.348754,0.8102
8,0.247881,0.8639,0.349556,0.8264
9,0.246225,0.8639,0.369688,0.8102
10,0.249448,0.8757,0.359745,0.8102
11,0.243537,0.8757,0.369017,0.8102
12,0.241635,0.8757,0.365113,0.8079
13,0.252768,0.8166,0.361034,0.8102
14,0.262657,0.8757,0.365270,0.8079
15,0.242990,0.8521,0.365848,0.7940
16,0.241119,0.8757,0.363658,0.8079
17,0.238279,0.8521,0.354411,0.8264
18,0.250821,0.8580,0.353529,0.7940
19,0.239154,0.8757,0.368542,0.8125
20,0.238741,0.8698,0.369651,0.8032
1,0.014160,0.9704,0.023515,0.9444
2,0.013514,0.9704,0.024370,0.9444
3,0.013223,0.9704,0.022568,0.9444
4,0.013275,0.9704,0.022601,0.9444
5,0.012941,0.9704,0.023720,0.9444
6,0.013194,0.9704,0.023409,0.9444
7,0.013207,0.9704,0.023796,0.9444
8,0.013059,0.9704,0.022913,0.9444
9,0.013399,0.9704,0.022632,0.9444
10,0.013309,0.9704,0.024279,0.9444
11,0.013410,0.9704,0.023085,0.9444
12,0.012961,0.9704,0.023250,0.9444
13,0.013171,0.9704,0.023141,0.9444
14,0.013182,0.9704,0.023239,0.9444
15,0.013335,0.9704,0.023673,0.9444
16,0.013060,0.9704,0.023056,0.9444
17,0.012930,0.9704,0.021994,0.9444
18,0.013055,0.9704,0.021451,0.9444
19,0.013622,0.9704,0.021568,0.9444
20,0.013104,0.9704,0.024050,0.9444
21,0.013322,0.9704,0.023545,0.9444
22,0.012787,0.9704,0.021212,0.9444
23,0.013385,0.9704,0.021828,0.9444
24,0.013109,0.9704,0.021634,0.9444
25,0.012863,0.9704,0.023171,0.9444
26,0.013564,0.9704,0.023723,0.9444
27,0.012988,0.9704,0.022674,0.9444
28,0.013143,0.9704,0.022081,0.9444
29,0.013149,0.9704,0.022553,0.9444
30,0.013040,0.9704,0.022902,0.9444
31,0.013131,0.9704,0.022820,0.9444
32,0.013284,0.9704,0.023324,0.9444
33,0.013102,0.9704,0.022502,0.9444
34,0.012959,0.9704,0.022562,0.9444
35,0.013185,0.9704,0.022810,0.9444
36,0.013049,0.9704,0.022602,0.9444
37,0.013005,0.9704,0.023117,0.9444
38,0.013076,0.9704,0.023241,0.9444
39,0.013067,0.9704,0.023022,0.9444
40,0.013100,0.9704,0.023070,0.9444
41,0.013113,0.9704,0.023181,0.9444
42,0.012976,0.9704,0.021108,0.9444
43,0.017248,0.9704,0.021362,0.9444
44,0.013869,0.9704,0.024940,0.9444
45,0.013279,0.9704,0.022649,0.9444
46,0.012962,0.9704,0.020853,0.9444
47,0.013849,0.9704,0.021588,0.9444
48,0.013573,0.9704,0.021922,0.9444
49,0.013052,0.9704,0.024007,0.9444
50,0.013246,0.9704,0.023520,0.9444
1,0.000000,1.0000,0.000066,1.0000
2,0.000000,1.0000,0.000062,1.0000
3,0.000000,1.0000,0.000060,1.0000
4,0.000000,1.0000,0.000057,1.0000
5,0.000000,1.0000,0.000055,1.0000
6,0.000000,1.0000,0.000052,1.0000
7,0.000000,1.0000,0.000049,1.0000
8,0.000000,1.0000,0.000046,1.0000
9,0.000000,1.0000,0.000044,1.0000
10,0.000000,1.0000,0.000041,1.0000
11,0.000000,1.0000,0.000040,1.0000
12,0.000000,1.0000,0.000037,1.0000
13,0.000000,1.0000,0.000035,1.0000
14,0.000000,1.0000,0.000034,1.0000
15,0.000000,1.0000,0.000032,1.0000
16,0.000000,1.0000,0.000031,1.0000
17,0.000000,1.0000,0.000030,1.0000
18,0.000000,1.0000,0.000028,1.0000
19,0.000000,1.0000,0.000027,1.0000
20,0.000000,1.0000,0.000025,1.0000
21,0.000000,1.0000,0.000024,1.0000
22,0.000000,1.0000,0.000023,1.0000
23,0.000000,1.0000,0.000022,1.0000
24,0.000000,1.0000,0.000021,1.0000
25,0.000000,1.0000,0.000020,1.0000
26,0.000000,1.0000,0.000019,1.0000
27,0.000000,1.0000,0.000018,1.0000
28,0.000000,1.0000,0.000017,1.0000
29,0.000000,1.0000,0.000016,1.0000
30,0.000000,1.0000,0.000015,1.0000
31,0.000000,1.0000,0.000015,1.0000
32,0.000000,1.0000,0.000014,1.0000
33,0.000000,1.0000,0.000014,1.0000
34,0.000000,1.0000,0.000013,1.0000
35,0.000000,1.0000,0.000012,1.0000
36,0.000000,1.0000,0.000012,1.0000
37,0.000000,1.0000,0.000011,1.0000
38,0.000000,1.0000,0.000011,1.0000
39,0.000000,1.0000,0.000010,1.0000
40,0.000000,1.0000,0.000010,1.0000
41,0.000000,1.0000,0.000009,1.0000
42,0.000000,1.0000,0.000009,1.0000
43,0.000000,1.0000,0.000008,1.0000
44,0.000000,1.0000,0.000008,1.0000
45,0.000000,1.0000,0.000008,1.0000
46,0.000000,1.0000,0.000007,1.0000
47,0.000000,1.0000,0.000007,1.0000
48,0.000000,1.0000,0.000007,1.0000
49,0.000000,1.0000,0.000007,1.0000
50,0.000000,1.0000,0.000006,1.0000
1,0.018869,0.9508,0.027886,0.9213
2,0.019887,0.9590,0.016094,0.9606
3,0.019721,0.9426,0.024332,0.9352
4,0.016838,0.9590,0.018478,0.9537
5,0.019167,0.9508,0.025160,0.9375
6,0.016238,0.9672,0.021733,0.9468
7,0.020785,0.9262,0.034321,0.9051
8,0.022857,0.9344,0.017459,0.9630
9,0.024824,0.9344,0.037294,0.9074
10,0.017691,0.9508,0.027345,0.9421
11,0.014063,0.9426,0.021826,0.9537
12,0.018549,0.9344,0.026593,0.9236
13,0.013512,0.9590,0.031322,0.9120
14,0.012943,0.9508,0.029866,0.9236
15,0.012772,0.9508,0.028344,0.9306
16,0.011938,0.9508,0.028971,0.9259
17,0.011095,0.9590,0.028515,0.9236
18,0.009846,0.9672,0.028876,0.9236
19,0.009431,0.9672,0.029271,0.9236
20,0.008638,0.9754,0.031029,0.9259
21,0.008514,0.9590,0.030196,0.9282
1,0.018869,0.9508,0.027886,0.9213
2,0.019887,0.9590,0.016094,0.9606
3,0.019721,0.9426,0.024332,0.9352
4,0.016838,0.9590,0.018478,0.9537
5,0.019167,0.9508,0.025160,0.9375
6,0.016238,0.9672,0.021733,0.9468
7,0.020785,0.9262,0.034321,0.9051
8,0.022857,0.9344,0.017459,0.9630
9,0.024824,0.9344,0.037294,0.9074
10,0.017691,0.9508,0.027345,0.9421
11,0.014063,0.9426,0.021826,0.9537
12,0.018549,0.9344,0.026593,0.9236
13,0.013512,0.9590,0.031322,0.9120
14,0.012943,0.9508,0.029866,0.9236
15,0.012772,0.9508,0.028344,0.9306
16,0.011938,0.9508,0.028971,0.9259
17,0.011095,0.9590,0.028515,0.9236
18,0.009846,0.9672,0.028876,0.9236
19,0.009431,0.9672,0.029271,0.9236
20,0.008638,0.9754,0.031029,0.9259
21,0.008514,0.9590,0.030196,0.9282
1,0.018869,0.9508,0.027886,0.9213
2,0.019887,0.9590,0.016094,0.9606
3,0.019721,0.9426,0.024332,0.9352
4,0.016838,0.9590,0.018478,0.9537
5,0.019167,0.9508,0.025160,0.9375
6,0.016238,0.9672,0.021733,0.9468
7,0.020785,0.9262,0.034321,0.9051
8,0.022857,0.9344,0.017459,0.9630
9,0.024824,0.9344,0.037294,0.9074
10,0.017691,0.9508,0.027345,0.9421
11,0.014063,0.9426,0.021826,0.9537
12,0.018549,0.9344,0.026593,0.9236
13,0.013512,0.9590,0.031322,0.9120
14,0.012943,0.9508,0.029866,0.9236
15,0.012772,0.9508,0.028344,0.9306
16,0.011938,0.9508,0.028971,0.9259
17,0.011095,0.9590,0.028515,0.9236
18,0.009846,0.9672,0.028876,0.9236
19,0.009431,0.9672,0.029271,0.9236
20,0.008638,0.9754,0.031029,0.9259
21,0.008514,0.9590,0.030196,0.9282
1,0.018869,0.9508,0.027886,0.9213
2,0.019887,0.9590,0.016094,0.9606
3,0.019721,0.9426,0.024332,0.9352
4,0.016838,0.9590,0.018478,0.9537
5,0.019167,0.9508,0.025160,0.9375
6,0.016238,0.9672,0.021733,0.9468
7,0.020785,0.9262,0.034321,0.9051
8,0.022857,0.9344,0.017459,0.9630
9,0.024824,0.9344,0.037294,0.9074
10,0.017691,0.9508,0.027345,0.9421
11,0.014063,0.9426,0.021826,0.9537
12,0.018549,0.9344,0.026593,0.9236
13,0.013512,0.9590,0.031322,0.9120
14,0.012943,0.9508,0.029866,0.9236
15,0.012772,0.9508,0.028344,0.9306
16,0.011938,0.9508,0.028971,0.9259
17,0.011095,0.9590,0.028515,0.9236
18,0.009846,0.9672,0.028876,0.9236
19,0.009431,0.9672,0.029271,0.9236
20,0.008638,0.9754,0.031029,0.9259
21,0.008514,0.9590,0.030196,0.9282
1,0.018869,0.9508,0.027886,0.9213
2,0.019887,0.9590,0.016094,0.9606
3,0.019721,0.9426,0.024332,0.9352
4,0.016838,0.9590,0.018478,0.9537
5,0.019167,0.9508,0.025160,0.9375
6,0.016238,0.9672,0.021733,0.9468
7,0.020785,0.9262,0.034321,0.9051
8,0.022857,0.9344,0.017459,0.9630
9,0.024824,0.9344,0.037294,0.9074
10,0.017691,0.9508,0.027345,0.9421
11,0.014063,0.9426,0.021826,0.9537
12,0.018549,0.9344,0.026593,0.9236
13,0.013512,0.9590,0.031322,0.9120
14,0.012943,0.9508,0.029866,0.9236
15,0.012772,0.9508,0.028344,0.9306
16,0.011938,0.9508,0.028971,0.9259
17,0.011095,0.9590,0.028515,0.9236
18,0.009846,0.9672,0.028876,0.9236
19,0.009431,0.9672,0.029271,0.9236
20,0.008638,0.9754,0.031029,0.9259
21,0.008514,0.9590,0.030196,0.9282
1,0.018869,0.9508,0.027886,0.9213
2,0.019887,0.9590,0.016094,0.9606
3,0.019721,0.9426,0.024332,0.9352
4,0.016838,0.9590,0.018478,0.9537
5,0.019167,0.9508,0.025160,0.9375
6,0.016238,0.9672,0.021733,0.9468
7,0.020785,0.9262,0.034321,0.9051
8,0.022857,0.9344,0.017459,0.9630
9,0.024824,0.9344,0.037294,0.9074
10,0.017691,0.9508,0.027345,0.9421
11,0.014063,0.9426,0.021826,0.9537
12,0.018549,0.9344,0.026593,0.9236
13,0.013512,0.9590,0.031322,0.9120
14,0.012943,0.9508,0.029866,0.9236
15,0.012772,0.9508,0.028344,0.9306
16,0.011938,0.9508,0.028971,0.9259
17,0.011095,0.9590,0.028515,0.9236
18,0.009846,0.9672,0.028876,0.9236
19,0.009431,0.9672,0.029271,0.9236
20,0.008638,0.9754,0.031029,0.9259
21,0.008514,0.9590,0.030196,0.9282
1,0.000000,1.0000,0.000066,1.0000
2,0.000000,1.0000,0.000062,1.0000
3,0.000000,1.0000,0.000060,1.0000
4,0.000000,1.0000,0.000057,1.0000
5,0.000000,1.0000,0.000055,1.0000
6,0.000000,1.0000,0.000052,1.0000
7,0.000000,1.0000,0.000049,1.0000
8,0.000000,1.0000,0.000046,1.0000
9,0.000000,1.0000,0.000044,1.0000
10,0.000000,1.0000,0.000041,1.0000
11,0.000000,1.0000,0.000040,1.0000
12,0.000000,1.0000,0.000037,1.0000
13,0.000000,1.0000,0.000035,1.0000
14,0.000000,1.0000,0.000034,1.0000
15,0.000000,1.0000,0.000032,1.0000
16,0.000000,1.0000,0.000031,1.0000
17,0.000000,1.0000,0.000030,1.0000
18,0.000000,1.0000,0.000028,1.0000
19,0.000000,1.0000,0.000027,1.0000
20,0.000000,1.0000,0.000025,1.0000
21,0.000000,1.0000,0.000024,1.0000
22,0.000000,1.0000,0.000023,1.0000
23,0.000000,1.0000,0.000022,1.0000
24,0.000000,1.0000,0.000021,1.0000
25,0.000000,1.0000,0.000020,1.0000
26,0.000000,1.0000,0.000019,1.0000
27,0.000000,1.0000,0.000018,1.0000
28,0.000000,1.0000,0.000017,1.0000
29,0.000000,1.0000,0.000016,1.0000
30,0.000000,1.0000,0.000015,1.0000
31,0.000000,1.0000,0.000015,1.0000
32,0.000000,1.0000,0.000014,1.0000
33,0.000000,1.0000,0.000014,1.0000
34,0.000000,1.0000,0.000013,1.0000
35,0.000000,1.0000,0.000012,1.0000
36,0.000000,1.0000,0.000012,1.0000
37,0.000000,1.0000,0.000011,1.0000
38,0.000000,1.0000,0.000011,1.0000
39,0.000000,1.0000,0.000010,1.0000
40,0.000000,1.0000,0.000010,1.0000
41,0.000000,1.0000,0.000009,1.0000
42,0.000000,1.0000,0.000009,1.0000
43,0.000000,1.0000,0.000008,1.0000
44,0.000000,1.0000,0.000008,1.0000
45,0.000000,1.0000,0.000008,1.0000
46,0.000000,1.0000,0.000007,1.0000
47,0.000000,1.0000,0.000007,1.0000
48,0.000000,1.0000,0.000007,1.0000
49,0.000000,1.0000,0.000007,1.0000
50,0.000000,1.0000,0.000006,1.0000
1,0.014160,0.9704,0.023515,0.9444
2,0.013514,0.9704,0.024370,0.9444
3,0.013223,0.9704,0.022568,0.9444
4,0.013275,0.9704,0.022601,0.9444
5,0.012941,0.9704,0.023720,0.9444
6,0.013194,0.9704,0.023409,0.9444
7,0.013207,0.9704,0.023796,0.9444
8,0.013059,0.9704,0.022913,0.9444
9,0.013399,0.9704,0.022632,0.9444
10,0.013309,0.9704,0.024279,0.9444
11,0.013410,0.9704,0.023085,0.9444
12,0.012961,0.9704,0.023250,0.9444
13,0.013171,0.9704,0.023141,0.9444
14,0.013182,0.9704,0.023239,0.9444
15,0.013335,0.9704,0.023673,0.9444
16,0.013060,0.9704,0.023056,0.9444
17,0.012930,0.9704,0.021994,0.9444
18,0.013055,0.9704,0.021451,0.9444
19,0.013622,0.9704,0.021568,0.9444
20,0.013104,0.9704,0.024050,0.9444
21,0.013322,0.9704,0.023545,0.9444
22,0.012787,0.9704,0.021212,0.9444
23,0.013385,0.9704,0.021828,0.9444
24,0.013109,0.9704,0.021634,0.9444
25,0.012863,0.9704,0.023171,0.9444
26,0.013564,0.9704,0.023723,0.9444
27,0.012988,0.9704,0.022674,0.9444
28,0.013143,0.9704,0.022081,0.9444
29,0.013149,0.9704,0.022553,0.9444
30,0.013040,0.9704,0.022902,0.9444
31,0.013131,0.9704,0.022820,0.9444
32,0.013284,0.9704,0.023324,0.9444
33,0.013102,0.9704,0.022502,0.9444
34,0.012959,0.9704,0.022562,0.9444
35,0.013185,0.9704,0.022810,0.9444
36,0.013049,0.9704,0.022602,0.9444
37,0.013005,0.9704,0.023117,0.9444
38,0.013076,0.9704,0.023241,0.9444
39,0.013067,0.9704,0.023022,0.9444
40,0.013100,0.9704,0.023070,0.9444
41,0.013113,0.9704,0.023181,0.9444
42,0.012976,0.9704,0.021108,0.9444
43,0.017248,0.9704,0.021362,0.9444
44,0.013869,0.9704,0.024940,0.9444
45,0.013279,0.9704,0.022649,0.9444
46,0.012962,0.9704,0.020853,0.9444
47,0.013849,0.9704,0.021588,0.9444
48,0.013573,0.9704,0.021922,0.9444
49,0.013052,0.9704,0.024007,0.9444
50,0.013246,0.9704,0.023520,0.9444
1,0.018869,0.9508,0.027886,0.9213
2,0.019887,0.9590,0.016094,0.9606
3,0.019721,0.9426,0.024332,0.9352
4,0.016838,0.9590,0.018478,0.9537
5,0.019167,0.9508,0.025160,0.9375
6,0.016238,0.9672,0.021733,0.9468
7,0.020785,0.9262,0.034321,0.9051
8,0.022857,0.9344,0.017459,0.9630
9,0.024824,0.9344,0.037294,0.9074
10,0.017691,0.9508,0.027345,0.9421
11,0.014063,0.9426,0.021826,0.9537
12,0.018549,0.9344,0.026593,0.9236
13,0.013512,0.9590,0.031322,0.9120
14,0.012943,0.9508,0.029866,0.9236
15,0.012772,0.9508,0.028344,0.9306
16,0.011938,0.9508,0.028971,0.9259
17,0.011095,0.9590,0.028515,0.9236
18,0.009846,0.9672,0.028876,0.9236
19,0.009431,0.9672,0.029271,0.9236
20,0.008638,0.9754,0.031029,0.9259
21,0.008514,0.9590,0.030196,0.9282
1,0.020062,0.9426,0.017785,0.9560
2,0.017989,0.9590,0.021359,0.9468
3,0.017165,0.9508,0.021173,0.9468
4,0.016727,0.9672,0.020080,0.9514
5,0.016707,0.9590,0.019860,0.9514
6,0.016457,0.9590,0.019660,0.9514
7,0.016513,0.9590,0.018857,0.9537
8,0.016241,0.9590,0.019587,0.9514
9,0.016007,0.9590,0.019930,0.9491
10,0.015822,0.9590,0.019439,0.9514
11,0.015779,0.9590,0.019294,0.9514
12,0.015715,0.9508,0.019237,0.9514
13,0.015391,0.9590,0.019504,0.9514
14,0.015337,0.9590,0.019018,0.9514
15,0.015395,0.9508,0.019045,0.9537
16,0.015180,0.9590,0.019567,0.9514
17,0.015012,0.9590,0.019568,0.9514
18,0.014783,0.9590,0.019708,0.9514
19,0.014960,0.9508,0.019262,0.9491
20,0.014686,0.9590,0.019692,0.9491
1,0.015307,0.9704,0.020700,0.9444
2,0.014097,0.9704,0.021173,0.9444
3,0.013149,0.9704,0.021593,0.9444
4,0.012929,0.9704,0.021924,0.9444
5,0.012869,0.9704,0.022282,0.9444
6,0.012853,0.9704,0.022512,0.9444
7,0.012915,0.9704,0.022809,0.9444
8,0.012920,0.9704,0.022933,0.9444
9,0.012943,0.9704,0.022878,0.9444
10,0.012940,0.9704,0.023044,0.9444
11,0.012949,0.9704,0.023025,0.9444
12,0.012928,0.9704,0.023073,0.9444
13,0.012954,0.9704,0.023073,0.9444
14,0.012958,0.9704,0.023098,0.9444
15,0.012984,0.9704,0.023215,0.9444
16,0.012970,0.9704,0.023243,0.9444
17,0.012961,0.9704,0.023109,0.9444
18,0.012914,0.9704,0.022867,0.9444
19,0.012922,0.9704,0.022477,0.9444
20,0.012898,0.9704,0.022516,0.9444
1,0.000000,1.0000,0.000069,1.0000
2,0.000000,1.0000,0.000069,1.0000
3,0.000000,1.0000,0.000068,1.0000
4,0.000000,1.0000,0.000068,1.0000
5,0.000000,1.0000,0.000068,1.0000
6,0.000000,1.0000,0.000067,1.0000
7,0.000000,1.0000,0.000067,1.0000
8,0.000000,1.0000,0.000066,1.0000
9,0.000000,1.0000,0.000066,1.0000
10,0.000000,1.0000,0.000065,1.0000
11,0.000000,1.0000,0.000065,1.0000
12,0.000000,1.0000,0.000065,1.0000
13,0.000000,1.0000,0.000064,1.0000
14,0.000000,1.0000,0.000064,1.0000
15,0.000000,1.0000,0.000064,1.0000
16,0.000000,1.0000,0.000063,1.0000
17,0.000000,1.0000,0.000063,1.0000
18,0.000000,1.0000,0.000063,1.0000
19,0.000000,1.0000,0.000062,1.0000
20,0.000000,1.0000,0.000062,1.0000
21,0.000000,1.0000,0.000061,1.0000
22,0.000000,1.0000,0.000061,1.0000
23,0.000000,1.0000,0.000061,1.0000
24,0.000000,1.0000,0.000060,1.0000
25,0.000000,1.0000,0.000060,1.0000
26,0.000000,1.0000,0.000060,1.0000
27,0.000000,1.0000,0.000059,1.0000
28,0.000000,1.0000,0.000059,1.0000
29,0.000000,1.0000,0.000058,1.0000
30,0.000000,1.0000,0.000058,1.0000
31,0.000000,1.0000,0.000058,1.0000
32,0.000000,1.0000,0.000057,1.0000
33,0.000000,1.0000,0.000057,1.0000
34,0.000000,1.0000,0.000057,1.0000
35,0.000000,1.0000,0.000056,1.0000
36,0.000000,1.0000,0.000056,1.0000
37,0.000000,1.0000,0.000056,1.0000
38,0.000000,1.0000,0.000056,1.0000
39,0.000000,1.0000,0.000055,1.0000
40,0.000000,1.0000,0.000055,1.0000
41,0.000000,1.0000,0.000054,1.0000
42,0.000000,1.0000,0.000054,1.0000
43,0.000000,1.0000,0.000054,1.0000
44,0.000000,1.0000,0.000054,1.0000
45,0.000000,1.0000,0.000053,1.0000
46,0.000000,1.0000,0.000053,1.0000
47,0.000000,1.0000,0.000052,1.0000
48,0.000000,1.0000,0.000052,1.0000
49,0.000000,1.0000,0.000052,1.0000
50,0.000000,1.0000,0.000051,1.0000
1,0.000000,1.0000,0.000069,1.0000
2,0.000000,1.0000,0.000069,1.0000
3,0.000000,1.0000,0.000068,1.0000
4,0.000000,1.0000,0.000068,1.0000
5,0.000000,1.0000,0.000068,1.0000
6,0.000000,1.0000,0.000067,1.0000
7,0.000000,1.0000,0.000067,1.0000
8,0.000000,1.0000,0.000066,1.0000
9,0.000000,1.0000,0.000066,1.0000
10,0.000000,1.0000,0.000065,1.0000
11,0.000000,1.0000,0.000065,1.0000
12,0.000000,1.0000,0.000065,1.0000
13,0.000000,1.0000,0.000064,1.0000
14,0.000000,1.0000,0.000064,1.0000
15,0.000000,1.0000,0.000064,1.0000
16,0.000000,1.0000,0.000063,1.0000
17,0.000000,1.0000,0.000063,1.0000
18,0.000000,1.0000,0.000063,1.0000
19,0.000000,1.0000,0.000062,1.0000
20,0.000000,1.0000,0.000062,1.0000
21,0.000000,1.0000,0.000061,1.0000
22,0.000000,1.0000,0.000061,1.0000
23,0.000000,1.0000,0.000061,1.0000
24,0.000000,1.0000,0.000060,1.0000
25,0.000000,1.0000,0.000060,1.0000
26,0.000000,1.0000,0.000060,1.0000
27,0.000000,1.0000,0.000059,1.0000
28,0.000000,1.0000,0.000059,1.0000
29,0.000000,1.0000,0.000058,1.0000
30,0.000000,1.0000,0.000058,1.0000
31,0.000000,1.0000,0.000058,1.0000
32,0.000000,1.0000,0.000057,1.0000
33,0.000000,1.0000,0.000057,1.0000
34,0.000000,1.0000,0.000057,1.0000
35,0.000000,1.0000,0.000056,1.0000
36,0.000000,1.0000,0.000056,1.0000
37,0.000000,1.0000,0.000056,1.0000
38,0.000000,1.0000,0.000056,1.0000
39,0.000000,1.0000,0.000055,1.0000
40,0.000000,1.0000,0.000055,1.0000
41,0.000000,1.0000,0.000054,1.0000
42,0.000000,1.0000,0.000054,1.0000
43,0.000000,1.0000,0.000054,1.0000
44,0.000000,1.0000,0.000054,1.0000
45,0.000000,1.0000,0.000053,1.0000
46,0.000000,1.0000,0.000053,1.0000
47,0.000000,1.0000,0.000052,1.0000
48,0.000000,1.0000,0.000052,1.0000
49,0.000000,1.0000,0.000052,1.0000
50,0.000000,1.0000,0.000051,1.0000
1,0.015307,0.9704,0.020700,0.9444
2,0.014097,0.9704,0.021173,0.9444
3,0.013149,0.9704,0.021593,0.9444
4,0.012929,0.9704,0.021924,0.9444
5,0.012869,0.9704,0.022282,0.9444
6,0.012853,0.9704,0.022512,0.9444
7,0.012915,0.9704,0.022809,0.9444
8,0.012920,0.9704,0.022933,0.9444
9,0.012943,0.9704,0.022878,0.9444
10,0.012940,0.9704,0.023044,0.9444
11,0.012949,0.9704,0.023025,0.9444
12,0.012928,0.9704,0.023073,0.9444
13,0.012954,0.9704,0.023073,0.9444
14,0.012958,0.9704,0.023098,0.9444
15,0.012984,0.9704,0.023215,0.9444
16,0.012970,0.9704,0.023243,0.9444
17,0.012961,0.9704,0.023109,0.9444
18,0.012914,0.9704,0.022867,0.9444
19,0.012922,0.9704,0.022477,0.9444
20,0.012898,0.9704,0.022516,0.9444
1,0.015307,0.9704,0.020700,0.9444
2,0.014097,0.9704,0.021173,0.9444
3,0.013149,0.9704,0.021593,0.9444
4,0.012929,0.9704,0.021924,0.9444
5,0.012869,0.9704,0.022282,0.9444
6,0.012853,0.9704,0.022512,0.9444
7,0.012915,0.9704,0.022809,0.9444
8,0.012920,0.9704,0.022933,0.9444
9,0.012943,0.9704,0.022878,0.9444
10,0.012940,0.9704,0.023044,0.9444
11,0.012949,0.9704,0.023025,0.9444
12,0.012928,0.9704,0.023073,0.9444
13,0.012954,0.9704,0.023073,0.9444
14,0.012958,0.9704,0.023098,0.9444
15,0.012984,0.9704,0.023215,0.9444
16,0.012970,0.9704,0.023243,0.9444
17,0.012961,0.9704,0.023109,0.9444
18,0.012914,0.9704,0.022867,0.9444
19,0.012922,0.9704,0.022477,0.9444
20,0.012898,0.9704,0.022516,0.9444
1,0.020062,0.9426,0.017785,0.9560
2,0.017989,0.9590,0.021359,0.9468
3,0.017165,0.9508,0.021173,0.9468
4,0.016727,0.9672,0.020080,0.9514
5,0.016707,0.9590,0.019860,0.9514
6,0.016457,0.9590,0.019660,0.9514
7,0.016513,0.9590,0.018857,0.9537
8,0.016241,0.9590,0.019587,0.9514
9,0.016007,0.9590,0.019930,0.9491
10,0.015822,0.9590,0.019439,0.9514
11,0.015779,0.9590,0.019294,0.9514
12,0.015715,0.9508,0.019237,0.9514
13,0.015391,0.9590,0.019504,0.9514
14,0.015337,0.9590,0.019018,0.9514
15,0.015395,0.9508,0.019045,0.9537
16,0.015180,0.9590,0.019567,0.9514
17,0.015012,0.9590,0.019568,0.9514
18,0.014783,0.9590,0.019708,0.9514
19,0.014960,0.9508,0.019262,0.9491
20,0.014686,0.9590,0.019692,0.9491
1,0.020062,0.9426,0.017785,0.9560
2,0.017989,0.9590,0.021359,0.9468
3,0.017165,0.9508,0.021173,0.9468
4,0.016727,0.9672,0.020080,0.9514
5,0.016707,0.9590,0.019860,0.9514
6,0.016457,0.9590,0.019660,0.9514
7,0.016513,0.9590,0.018857,0.9537
8,0.016241,0.9590,0.019587,0.9514
9,0.016007,0.9590,0.019930,0.9491
10,0.015822,0.9590,0.019439,0.9514
11,0.015779,0.9590,0.019294,0.9514
12,0.015715,0.9508,0.019237,0.9514
13,0.015391,0.9590,0.019504,0.9514
14,0.015337,0.9590,0.019018,0.9514
15,0.015395,0.9508,0.019045,0.9537
16,0.015180,0.9590,0.019567,0.9514
17,0.015012,0.9590,0.019568,0.9514
18,0.014783,0.9590,0.019708,0.9514
19,0.014960,0.9508,0.019262,0.9491
20,0.014686,0.9590,0.019692,0.9491
1,0.020062,0.9426,0.017785,0.9560
2,0.017989,0.9590,0.021359,0.9468
3,0.017165,0.9508,0.021173,0.9468
4,0.016727,0.9672,0.020080,0.9514
5,0.016707,0.9590,0.019860,0.9514
6,0.016457,0.9590,0.019660,0.9514
7,0.016513,0.9590,0.018857,0.9537
8,0.016241,0.9590,0.019587,0.9514
9,0.016007,0.9590,0.019930,0.9491
10,0.015822,0.9590,0.019439,0.9514
11,0.015779,0.9590,0.019294,0.9514
12,0.015715,0.9508,0.019237,0.9514
13,0.015391,0.9590,0.019504,0.9514
14,0.015337,0.9590,0.019018,0.9514
15,0.015395,0.9508,0.019045,0.9537
16,0.015180,0.9590,0.019567,0.9514
17,0.015012,0.9590,0.019568,0.9514
18,0.014783,0.9590,0.019708,0.9514
19,0.014960,0.9508,0.019262,0.9491
20,0.014686,0.9590,0.019692,0.9491
1,0.020062,0.9426,0.017785,0.9560
2,0.017989,0.9590,0.021359,0.9468
3,0.017165,0.9508,0.021173,0.9468
4,0.016727,0.9672,0.020080,0.9514
5,0.016707,0.9590,0.019860,0.9514
6,0.016457,0.9590,0.019660,0.9514
7,0.016513,0.9590,0.018857,0.9537
8,0.016241,0.9590,0.019587,0.9514
9,0.016007,0.9590,0.019930,0.9491
10,0.015822,0.9590,0.019439,0.9514
11,0.015779,0.9590,0.019294,0.9514
12,0.015715,0.9508,0.019237,0.9514
13,0.015391,0.9590,0.019504,0.9514
14,0.015337,0.9590,0.019018,0.9514
15,0.015395,0.9508,0.019045,0.9537
16,0.015180,0.9590,0.019567,0.9514
17,0.015012,0.9590,0.019568,0.9514
18,0.014783,0.9590,0.019708,0.9514
19,0.014960,0.9508,0.019262,0.9491
20,0.014686,0.9590,0.019692,0.9491
1,0.020062,0.9426,0.017785,0.9560
2,0.017989,0.9590,0.021359,0.9468
3,0.017165,0.9508,0.021173,0.9468
4,0.016727,0.9672,0.020080,0.9514
5,0.016707,0.9590,0.019860,0.9514
6,0.016457,0.9590,0.019660,0.9514
7,0.016513,0.9590,0.018857,0.9537
8,0.016241,0.9590,0.019587,0.9514
9,0.016007,0.9590,0.019930,0.9491
10,0.015822,0.9590,0.019439,0.9514
11,0.015779,0.9590,0.019294,0.9514
12,0.015715,0.9508,0.019237,0.9514
13,0.015391,0.9590,0.019504,0.9514
14,0.015337,0.9590,0.019018,0.9514
15,0.015395,0.9508,0.019045,0.9537
16,0.015180,0.9590,0.019567,0.9514
17,0.015012,0.9590,0.019568,0.9514
18,0.014783,0.9590,0.019708,0.9514
19,0.014960,0.9508,0.019262,0.9491
20,0.014686,0.9590,0.019692,0.9491
1,0.020062,0.9426,0.017785,0.9560
2,0.017989,0.9590,0.021359,0.9468
3,0.017165,0.9508,0.021173,0.9468
4,0.016727,0.9672,0.020080,0.9514
5,0.016707,0.9590,0.019860,0.9514
6,0.016457,0.9590,0.019660,0.9514
7,0.016513,0.9590,0.018857,0.9537
8,0.016241,0.9590,0.019587,0.9514
9,0.016007,0.9590,0.019930,0.9491
10,0.015822,0.9590,0.019439,0.9514
11,0.015779,0.9590,0.019294,0.9514
12,0.015715,0.9508,0.019237,0.9514
13,0.015391,0.9590,0.019504,0.9514
14,0.015337,0.9590,0.019018,0.9514
15,0.015395,0.9508,0.019045,0.9537
16,0.015180,0.9590,0.019567,0.9514
17,0.015012,0.9590,0.019568,0.9514
18,0.014783,0.9590,0.019708,0.9514
19,0.014960,0.9508,0.019262,0.9491
20,0.014686,0.9590,0.019692,0.9491
1,0.020062,0.9426,0.017785,0.9560
2,0.017989,0.9590,0.021359,0.9468
3,0.017165,0.9508,0.021173,0.9468
4,0.016727,0.9672,0.020080,0.9514
5,0.016707,0.9590,0.019860,0.9514
6,0.016457,0.9590,0.019660,0.9514
7,0.016513,0.9590,0.018857,0.9537
8,0.016241,0.9590,0.019587,0.9514
9,0.016007,0.9590,0.019930,0.9491
10,0.015822,0.9590,0.019439,0.9514
11,0.015779,0.9590,0.019294,0.9514
12,0.015715,0.9508,0.019237,0.9514
13,0.015391,0.9590,0.019504,0.9514
14,0.015337,0.9590,0.019018,0.9514
15,0.015395,0.9508,0.019045,0.9537
16,0.015180,0.9590,0.019567,0.9514
17,0.015012,0.9590,0.019568,0.9514
18,0.014783,0.9590,0.019708,0.9514
19,0.014960,0.9508,0.019262,0.9491
20,0.014686,0.9590,0.019692,0.9491
1,0.020062,0.9426,0.017785,0.9560
2,0.017989,0.9590,0.021359,0.9468
3,0.017165,0.9508,0.021173,0.9468
4,0.016727,0.9672,0.020080,0.9514
5,0.016707,0.9590,0.019860,0.9514
6,0.016457,0.9590,0.019660,0.9514
7,0.016513,0.9590,0.018857,0.9537
8,0.016241,0.9590,0.019587,0.9514
9,0.016007,0.9590,0.019930,0.9491
10,0.015822,0.9590,0.019439,0.9514
11,0.015779,0.9590,0.019294,0.9514
12,0.015715,0.9508,0.019237,0.9514
13,0.015391,0.9590,0.019504,0.9514
14,0.015337,0.9590,0.019018,0.9514
15,0.015395,0.9508,0.019045,0.9537
16,0.015180,0.9590,0.019567,0.9514
17,0.015012,0.9590,0.019568,0.9514
18,0.014783,0.9590,0.019708,0.9514
19,0.014960,0.9508,0.019262,0.9491
20,0.014686,0.9590,0.019692,0.9491
