n_hidden,learning_rate,reg_lambda,l1_lambda,dropout_rate,momentum,activation,optimizer,lr_decay,batch_size,weight_init,init_range,patience,val_loss,val_accuracy
[3],0.15,0.0,0.004,0.0,0.7999999999999999,tanh,sgd,0.02,99,xavier,"(-0.5, 0.5)",10,0.7835260453697529,0.36
[4],0.15,0.0,0.004,0.0,0.7999999999999999,tanh,sgd,0.02,99,xavier,"(-0.5, 0.5)",10,0.7005987086622273,0.6
[5],0.15,0.0,0.004,0.0,0.7999999999999999,tanh,sgd,0.02,99,xavier,"(-0.5, 0.5)",10,0.6601776672026594,0.68
[3],0.01,0.0,0.0,0.0,0.8,tanh,sgd,0.0,32,xavier,"(-0.5, 0.5)",20,0.6473249297028171,0.64
[3],0.01,0.0,0.0,0.0,0.8,tanh,sgd,0.0,32,he,"(-0.5, 0.5)",20,0.5977818846814774,0.68
[3],0.01,0.0,0.0,0.0,0.8,tanh,sgd,0.01,32,xavier,"(-0.5, 0.5)",20,0.5565546592455649,0.76
[3],0.01,0.0,0.0,0.0,0.8,tanh,sgd,0.01,32,he,"(-0.5, 0.5)",20,0.5429721187774476,0.84
[3],0.01,0.0,0.0,0.0,0.8,tanh,adam,0.0,32,xavier,"(-0.5, 0.5)",20,0.3799688432168915,0.88
[3],0.01,0.0,0.0,0.0,0.8,tanh,adam,0.0,32,he,"(-0.5, 0.5)",20,0.4216424906240342,0.84
[3],0.01,0.0,0.0,0.0,0.8,tanh,adam,0.01,32,xavier,"(-0.5, 0.5)",20,0.4732874369218031,0.84
[3],0.01,0.0,0.0,0.0,0.8,tanh,adam,0.01,32,he,"(-0.5, 0.5)",20,0.45427874451973616,0.8
[3],0.01,0.0,0.0,0.0,0.8,relu,sgd,0.0,32,xavier,"(-0.5, 0.5)",20,0.6753044495058714,0.48
[3],0.01,0.0,0.0,0.0,0.8,relu,sgd,0.0,32,he,"(-0.5, 0.5)",20,0.5781109777331177,0.72
[3],0.01,0.0,0.0,0.0,0.8,relu,sgd,0.01,32,xavier,"(-0.5, 0.5)",20,0.6849893216155043,0.64
[3],0.01,0.0,0.0,0.0,0.8,relu,sgd,0.01,32,he,"(-0.5, 0.5)",20,0.5548037384120055,0.76
[3],0.01,0.0,0.0,0.0,0.8,relu,adam,0.0,32,xavier,"(-0.5, 0.5)",20,0.5472776687989218,0.8
[3],0.01,0.0,0.0,0.0,0.8,relu,adam,0.0,32,he,"(-0.5, 0.5)",20,0.47315550499717496,0.84
[3],0.01,0.0,0.0,0.0,0.8,relu,adam,0.01,32,xavier,"(-0.5, 0.5)",20,0.27933319876762097,0.92
[3],0.01,0.0,0.0,0.0,0.8,relu,adam,0.01,32,he,"(-0.5, 0.5)",20,0.3189491805944661,0.84
[3],0.01,0.0,0.0,0.0,0.9,tanh,sgd,0.0,32,xavier,"(-0.5, 0.5)",20,0.5274504352889579,0.88
[3],0.01,0.0,0.0,0.0,0.9,tanh,sgd,0.0,32,he,"(-0.5, 0.5)",20,0.5053059379020121,0.88
[3],0.01,0.0,0.0,0.0,0.9,tanh,sgd,0.01,32,xavier,"(-0.5, 0.5)",20,0.6489027261878223,0.56
[3],0.01,0.0,0.0,0.0,0.9,tanh,sgd,0.01,32,he,"(-0.5, 0.5)",20,0.5547269407564513,0.76
[3],0.01,0.0,0.0,0.0,0.9,tanh,adam,0.0,32,xavier,"(-0.5, 0.5)",20,0.4655396728314723,0.84
[3],0.01,0.0,0.0,0.0,0.9,tanh,adam,0.0,32,he,"(-0.5, 0.5)",20,0.3373656260046862,0.88
[3],0.01,0.0,0.0,0.0,0.9,tanh,adam,0.01,32,xavier,"(-0.5, 0.5)",20,0.46290057301061266,0.8
[3],0.01,0.0,0.0,0.0,0.9,tanh,adam,0.01,32,he,"(-0.5, 0.5)",20,0.44717010683214764,0.8
[3],0.01,0.0,0.0,0.0,0.9,relu,sgd,0.0,32,xavier,"(-0.5, 0.5)",20,0.5010944944632513,0.8
[3],0.01,0.0,0.0,0.0,0.9,relu,sgd,0.0,32,he,"(-0.5, 0.5)",20,0.5441086559342976,0.84
[3],0.01,0.0,0.0,0.0,0.9,relu,sgd,0.01,32,xavier,"(-0.5, 0.5)",20,0.5224047227326198,0.84
[3],0.01,0.0,0.0,0.0,0.9,relu,sgd,0.01,32,he,"(-0.5, 0.5)",20,0.6365310280411165,0.68
[3],0.01,0.0,0.0,0.0,0.9,relu,adam,0.0,32,xavier,"(-0.5, 0.5)",20,0.3380675455948763,0.88
[3],0.01,0.0,0.0,0.0,0.9,relu,adam,0.0,32,he,"(-0.5, 0.5)",20,0.4673484195569214,0.8
[3],0.01,0.0,0.0,0.0,0.9,relu,adam,0.01,32,xavier,"(-0.5, 0.5)",20,0.36549889491029774,0.84
[3],0.01,0.0,0.0,0.0,0.9,relu,adam,0.01,32,he,"(-0.5, 0.5)",20,0.5306507144490421,0.76
[3],0.01,0.0,0.0,0.1,0.8,tanh,sgd,0.0,32,xavier,"(-0.5, 0.5)",20,0.582679238138176,0.76
[3],0.01,0.0,0.0,0.1,0.8,tanh,sgd,0.0,32,he,"(-0.5, 0.5)",20,0.6046812586607673,0.76
[3],0.01,0.0,0.0,0.1,0.8,tanh,sgd,0.01,32,xavier,"(-0.5, 0.5)",20,0.5555004622730926,0.88
[3],0.01,0.0,0.0,0.1,0.8,tanh,sgd,0.01,32,he,"(-0.5, 0.5)",20,0.5656664130533061,0.8
[3],0.01,0.0,0.0,0.1,0.8,tanh,adam,0.0,32,xavier,"(-0.5, 0.5)",20,0.4582025704841018,0.8
[3],0.01,0.0,0.0,0.1,0.8,tanh,adam,0.0,32,he,"(-0.5, 0.5)",20,0.40296518808680987,0.8
[3],0.01,0.0,0.0,0.1,0.8,tanh,adam,0.01,32,xavier,"(-0.5, 0.5)",20,0.4701857073218886,0.84
[3],0.01,0.0,0.0,0.1,0.8,tanh,adam,0.01,32,he,"(-0.5, 0.5)",20,0.44567501596876946,0.88
[3],0.01,0.0,0.0,0.1,0.8,relu,sgd,0.0,32,xavier,"(-0.5, 0.5)",20,0.621800363004463,0.6
[3],0.01,0.0,0.0,0.1,0.8,relu,sgd,0.0,32,he,"(-0.5, 0.5)",20,0.6687195666192457,0.68
[3],0.01,0.0,0.0,0.1,0.8,relu,sgd,0.01,32,xavier,"(-0.5, 0.5)",20,0.6175996923803125,0.6
[3],0.01,0.0,0.0,0.1,0.8,relu,sgd,0.01,32,he,"(-0.5, 0.5)",20,0.6741848657736316,0.64
[3],0.01,0.0,0.0,0.1,0.8,relu,adam,0.0,32,xavier,"(-0.5, 0.5)",20,0.3064053214797318,0.88
[3],0.01,0.0,0.0,0.1,0.8,relu,adam,0.0,32,he,"(-0.5, 0.5)",20,0.5998099601139932,0.64
[3],0.01,0.0,0.0,0.1,0.8,relu,adam,0.01,32,xavier,"(-0.5, 0.5)",20,0.26064339640928896,1.0
[3],0.01,0.0,0.0,0.1,0.8,relu,adam,0.01,32,he,"(-0.5, 0.5)",20,0.4097553405672769,0.88
[3],0.01,0.0,0.0,0.1,0.9,tanh,sgd,0.0,32,xavier,"(-0.5, 0.5)",20,0.5060760572969151,0.84
[3],0.01,0.0,0.0,0.1,0.9,tanh,sgd,0.0,32,he,"(-0.5, 0.5)",20,0.5198970375540225,0.8
[3],0.01,0.0,0.0,0.1,0.9,tanh,sgd,0.01,32,xavier,"(-0.5, 0.5)",20,0.602709245728728,0.68
[3],0.01,0.0,0.0,0.1,0.9,tanh,sgd,0.01,32,he,"(-0.5, 0.5)",20,0.5332186227648212,0.84
[3],0.01,0.0,0.0,0.1,0.9,tanh,adam,0.0,32,xavier,"(-0.5, 0.5)",20,0.4686415248831088,0.8
[3],0.01,0.0,0.0,0.1,0.9,tanh,adam,0.0,32,he,"(-0.5, 0.5)",20,0.4425108085447522,0.88
[3],0.01,0.0,0.0,0.1,0.9,tanh,adam,0.01,32,xavier,"(-0.5, 0.5)",20,0.5077625735206615,0.8
[3],0.01,0.0,0.0,0.1,0.9,tanh,adam,0.01,32,he,"(-0.5, 0.5)",20,0.5646294423366771,0.8
[3],0.01,0.0,0.0,0.1,0.9,relu,sgd,0.0,32,xavier,"(-0.5, 0.5)",20,0.5327485200123394,0.68
[3],0.01,0.0,0.0,0.1,0.9,relu,sgd,0.0,32,he,"(-0.5, 0.5)",20,0.5973376003741774,0.6
[3],0.01,0.0,0.0,0.1,0.9,relu,sgd,0.01,32,xavier,"(-0.5, 0.5)",20,0.5778921439667475,0.72
[3],0.01,0.0,0.0,0.1,0.9,relu,sgd,0.01,32,he,"(-0.5, 0.5)",20,0.6415768345730603,0.72
[3],0.01,0.0,0.0,0.1,0.9,relu,adam,0.0,32,xavier,"(-0.5, 0.5)",20,0.5327319924940777,0.68
[3],0.01,0.0,0.0,0.1,0.9,relu,adam,0.0,32,he,"(-0.5, 0.5)",20,0.35904067912678933,0.88
[3],0.01,0.0,0.0,0.1,0.9,relu,adam,0.01,32,xavier,"(-0.5, 0.5)",20,0.4765994929169593,0.8
[3],0.01,0.0,0.0,0.1,0.9,relu,adam,0.01,32,he,"(-0.5, 0.5)",20,0.3562774007796889,0.96
[3],0.01,0.0,0.0,0.2,0.8,tanh,sgd,0.0,32,xavier,"(-0.5, 0.5)",20,0.6046917853081228,0.88
[3],0.01,0.0,0.0,0.2,0.8,tanh,sgd,0.0,32,he,"(-0.5, 0.5)",20,0.5943066752548526,0.76
[3],0.01,0.0,0.0,0.2,0.8,tanh,sgd,0.01,32,xavier,"(-0.5, 0.5)",20,0.6788401498211215,0.68
[3],0.01,0.0,0.0,0.2,0.8,tanh,sgd,0.01,32,he,"(-0.5, 0.5)",20,0.6733688534005947,0.56
[3],0.01,0.0,0.0,0.2,0.8,tanh,adam,0.0,32,xavier,"(-0.5, 0.5)",20,0.4763092993170774,0.8
[3],0.01,0.0,0.0,0.2,0.8,tanh,adam,0.0,32,he,"(-0.5, 0.5)",20,0.48691861417039634,0.8
[3],0.01,0.0,0.0,0.2,0.8,tanh,adam,0.01,32,xavier,"(-0.5, 0.5)",20,0.518518894978225,0.84
[3],0.01,0.0,0.0,0.2,0.8,tanh,adam,0.01,32,he,"(-0.5, 0.5)",20,0.4655417279361788,0.88
[3],0.01,0.0,0.0,0.2,0.8,relu,sgd,0.0,32,xavier,"(-0.5, 0.5)",20,0.6523263411482535,0.68
[3],0.01,0.0,0.0,0.2,0.8,relu,sgd,0.0,32,he,"(-0.5, 0.5)",20,0.6812797292311871,0.6
[3],0.01,0.0,0.0,0.2,0.8,relu,sgd,0.01,32,xavier,"(-0.5, 0.5)",20,0.6601629192485189,0.56
[3],0.01,0.0,0.0,0.2,0.8,relu,sgd,0.01,32,he,"(-0.5, 0.5)",20,0.6314997283281147,0.48
[3],0.01,0.0,0.0,0.2,0.8,relu,adam,0.0,32,xavier,"(-0.5, 0.5)",20,0.5714409805186851,0.72
[3],0.01,0.0,0.0,0.2,0.8,relu,adam,0.0,32,he,"(-0.5, 0.5)",20,0.22110077928553834,0.88
[3],0.01,0.0,0.0,0.2,0.8,relu,adam,0.01,32,xavier,"(-0.5, 0.5)",20,0.41642510266247784,0.8
[3],0.01,0.0,0.0,0.2,0.8,relu,adam,0.01,32,he,"(-0.5, 0.5)",20,0.6923895626334169,0.52
[3],0.01,0.0,0.0,0.2,0.9,tanh,sgd,0.0,32,xavier,"(-0.5, 0.5)",20,0.5421362441400563,0.8
[3],0.01,0.0,0.0,0.2,0.9,tanh,sgd,0.0,32,he,"(-0.5, 0.5)",20,0.5391492379412526,0.88
[3],0.01,0.0,0.0,0.2,0.9,tanh,sgd,0.01,32,xavier,"(-0.5, 0.5)",20,0.6111368559784599,0.72
[3],0.01,0.0,0.0,0.2,0.9,tanh,sgd,0.01,32,he,"(-0.5, 0.5)",20,0.6310084330838849,0.6
[3],0.01,0.0,0.0,0.2,0.9,tanh,adam,0.0,32,xavier,"(-0.5, 0.5)",20,0.4649699542026425,0.88
[3],0.01,0.0,0.0,0.2,0.9,tanh,adam,0.0,32,he,"(-0.5, 0.5)",20,0.4122317334981849,0.84
[3],0.01,0.0,0.0,0.2,0.9,tanh,adam,0.01,32,xavier,"(-0.5, 0.5)",20,0.4841459499900757,0.84
[3],0.01,0.0,0.0,0.2,0.9,tanh,adam,0.01,32,he,"(-0.5, 0.5)",20,0.5281451528045871,0.8
[3],0.01,0.0,0.0,0.2,0.9,relu,sgd,0.0,32,xavier,"(-0.5, 0.5)",20,0.6635740774608407,0.68
[3],0.01,0.0,0.0,0.2,0.9,relu,sgd,0.0,32,he,"(-0.5, 0.5)",20,0.4111847348889219,0.76
[3],0.01,0.0,0.0,0.2,0.9,relu,sgd,0.01,32,xavier,"(-0.5, 0.5)",20,0.5899966710842142,0.68
[3],0.01,0.0,0.0,0.2,0.9,relu,sgd,0.01,32,he,"(-0.5, 0.5)",20,0.6028753512251116,0.56
[3],0.01,0.0,0.0,0.2,0.9,relu,adam,0.0,32,xavier,"(-0.5, 0.5)",20,0.3029603752834001,0.92
[3],0.01,0.0,0.0,0.2,0.9,relu,adam,0.0,32,he,"(-0.5, 0.5)",20,0.530029568114876,0.68
[3],0.01,0.0,0.0,0.2,0.9,relu,adam,0.01,32,xavier,"(-0.5, 0.5)",20,0.555414913977354,0.72
[3],0.01,0.0,0.0,0.2,0.9,relu,adam,0.01,32,he,"(-0.5, 0.5)",20,0.26510077252997805,0.96
[3],0.01,0.0,0.002,0.0,0.8,tanh,sgd,0.0,32,xavier,"(-0.5, 0.5)",20,0.5627285819585338,0.72
[3],0.01,0.0,0.002,0.0,0.8,tanh,sgd,0.0,32,he,"(-0.5, 0.5)",20,0.5602409356703216,0.72
[3],0.01,0.0,0.002,0.0,0.8,tanh,sgd,0.01,32,xavier,"(-0.5, 0.5)",20,0.6757371748985294,0.56
[3],0.01,0.0,0.002,0.0,0.8,tanh,sgd,0.01,32,he,"(-0.5, 0.5)",20,0.611153646239031,0.64
[3],0.01,0.0,0.002,0.0,0.8,tanh,adam,0.0,32,xavier,"(-0.5, 0.5)",20,0.5107286863214232,0.76
[3],0.01,0.0,0.002,0.0,0.8,tanh,adam,0.0,32,he,"(-0.5, 0.5)",20,0.4856040752102086,0.8
[3],0.01,0.0,0.002,0.0,0.8,tanh,adam,0.01,32,xavier,"(-0.5, 0.5)",20,0.4506758728328317,0.8
[3],0.01,0.0,0.002,0.0,0.8,tanh,adam,0.01,32,he,"(-0.5, 0.5)",20,0.5803927726025317,0.64
[3],0.01,0.0,0.002,0.0,0.8,relu,sgd,0.0,32,xavier,"(-0.5, 0.5)",20,0.6070440608391015,0.68
[3],0.01,0.0,0.002,0.0,0.8,relu,sgd,0.0,32,he,"(-0.5, 0.5)",20,0.5580147637675567,0.68
[3],0.01,0.0,0.002,0.0,0.8,relu,sgd,0.01,32,xavier,"(-0.5, 0.5)",20,0.6022023464753283,0.72
[3],0.01,0.0,0.002,0.0,0.8,relu,sgd,0.01,32,he,"(-0.5, 0.5)",20,0.6743463557547288,0.56
[3],0.01,0.0,0.002,0.0,0.8,relu,adam,0.0,32,xavier,"(-0.5, 0.5)",20,0.3766285154356666,0.88
[3],0.01,0.0,0.002,0.0,0.8,relu,adam,0.0,32,he,"(-0.5, 0.5)",20,0.2116248926421569,0.96
[3],0.01,0.0,0.002,0.0,0.8,relu,adam,0.01,32,xavier,"(-0.5, 0.5)",20,0.40192018274345886,0.76
[3],0.01,0.0,0.002,0.0,0.8,relu,adam,0.01,32,he,"(-0.5, 0.5)",20,0.49978407238847555,0.72
[3],0.01,0.0,0.002,0.0,0.9,tanh,sgd,0.0,32,xavier,"(-0.5, 0.5)",20,0.49612098584584474,0.8
[3],0.01,0.0,0.002,0.0,0.9,tanh,sgd,0.0,32,he,"(-0.5, 0.5)",20,0.5228623259714056,0.8
[3],0.01,0.0,0.002,0.0,0.9,tanh,sgd,0.01,32,xavier,"(-0.5, 0.5)",20,0.5297049523174526,0.8
[3],0.01,0.0,0.002,0.0,0.9,tanh,sgd,0.01,32,he,"(-0.5, 0.5)",20,0.5319207969448421,0.84
[3],0.01,0.0,0.002,0.0,0.9,tanh,adam,0.0,32,xavier,"(-0.5, 0.5)",20,0.4808676040903034,0.8
[3],0.01,0.0,0.002,0.0,0.9,tanh,adam,0.0,32,he,"(-0.5, 0.5)",20,0.4507352125327228,0.88
[3],0.01,0.0,0.002,0.0,0.9,tanh,adam,0.01,32,xavier,"(-0.5, 0.5)",20,0.46106576561136414,0.8
[3],0.01,0.0,0.002,0.0,0.9,tanh,adam,0.01,32,he,"(-0.5, 0.5)",20,0.5171950188357973,0.8
[3],0.01,0.0,0.002,0.0,0.9,relu,sgd,0.0,32,xavier,"(-0.5, 0.5)",20,0.4798692014136587,0.8
[3],0.01,0.0,0.002,0.0,0.9,relu,sgd,0.0,32,he,"(-0.5, 0.5)",20,0.6734032477523542,0.64
[3],0.01,0.0,0.002,0.0,0.9,relu,sgd,0.01,32,xavier,"(-0.5, 0.5)",20,0.6101303221247267,0.68
[3],0.01,0.0,0.002,0.0,0.9,relu,sgd,0.01,32,he,"(-0.5, 0.5)",20,0.6917829452523296,0.4
[3],0.01,0.0,0.002,0.0,0.9,relu,adam,0.0,32,xavier,"(-0.5, 0.5)",20,0.4419638594681554,0.72
[3],0.01,0.0,0.002,0.0,0.9,relu,adam,0.0,32,he,"(-0.5, 0.5)",20,0.5871425637720732,0.68
[3],0.01,0.0,0.002,0.0,0.9,relu,adam,0.01,32,xavier,"(-0.5, 0.5)",20,0.2949735517557176,0.88
[3],0.01,0.0,0.002,0.0,0.9,relu,adam,0.01,32,he,"(-0.5, 0.5)",20,0.4140957407732089,0.8
[3],0.01,0.0,0.002,0.1,0.8,tanh,sgd,0.0,32,xavier,"(-0.5, 0.5)",20,0.5598774597653251,0.84
[3],0.01,0.0,0.002,0.1,0.8,tanh,sgd,0.0,32,he,"(-0.5, 0.5)",20,0.5815118998289163,0.72
[3],0.01,0.0,0.002,0.1,0.8,tanh,sgd,0.01,32,xavier,"(-0.5, 0.5)",20,0.6169021371516633,0.68
[3],0.01,0.0,0.002,0.1,0.8,tanh,sgd,0.01,32,he,"(-0.5, 0.5)",20,0.5772355777688009,0.84
[3],0.01,0.0,0.002,0.1,0.8,tanh,adam,0.0,32,xavier,"(-0.5, 0.5)",20,0.4921057590268497,0.8
[3],0.01,0.0,0.002,0.1,0.8,tanh,adam,0.0,32,he,"(-0.5, 0.5)",20,0.40909978579107326,0.88
[3],0.01,0.0,0.002,0.1,0.8,tanh,adam,0.01,32,xavier,"(-0.5, 0.5)",20,0.5088964057028097,0.84
[3],0.01,0.0,0.002,0.1,0.8,tanh,adam,0.01,32,he,"(-0.5, 0.5)",20,0.5010369258407921,0.76
[3],0.01,0.0,0.002,0.1,0.8,relu,sgd,0.0,32,xavier,"(-0.5, 0.5)",20,0.6921743466255453,0.48
[3],0.01,0.0,0.002,0.1,0.8,relu,sgd,0.0,32,he,"(-0.5, 0.5)",20,0.7184077900904849,0.48
[3],0.01,0.0,0.002,0.1,0.8,relu,sgd,0.01,32,xavier,"(-0.5, 0.5)",20,0.6466475683672227,0.76
[3],0.01,0.0,0.002,0.1,0.8,relu,sgd,0.01,32,he,"(-0.5, 0.5)",20,0.5802481260428294,0.76
[3],0.01,0.0,0.002,0.1,0.8,relu,adam,0.0,32,xavier,"(-0.5, 0.5)",20,0.41567062682225187,0.76
[3],0.01,0.0,0.002,0.1,0.8,relu,adam,0.0,32,he,"(-0.5, 0.5)",20,0.24756836515105315,0.96
[3],0.01,0.0,0.002,0.1,0.8,relu,adam,0.01,32,xavier,"(-0.5, 0.5)",20,0.44333162258638203,0.8
[3],0.01,0.0,0.002,0.1,0.8,relu,adam,0.01,32,he,"(-0.5, 0.5)",20,0.406139639597968,0.8
[3],0.01,0.0,0.002,0.1,0.9,tanh,sgd,0.0,32,xavier,"(-0.5, 0.5)",20,0.5973937989092226,0.76
[3],0.01,0.0,0.002,0.1,0.9,tanh,sgd,0.0,32,he,"(-0.5, 0.5)",20,0.5004275957366686,0.84
[3],0.01,0.0,0.002,0.1,0.9,tanh,sgd,0.01,32,xavier,"(-0.5, 0.5)",20,0.5342366416921261,0.84
[3],0.01,0.0,0.002,0.1,0.9,tanh,sgd,0.01,32,he,"(-0.5, 0.5)",20,0.5174921741981019,0.76
[3],0.01,0.0,0.002,0.1,0.9,tanh,adam,0.0,32,xavier,"(-0.5, 0.5)",20,0.49881969360343825,0.76
[3],0.01,0.0,0.002,0.1,0.9,tanh,adam,0.0,32,he,"(-0.5, 0.5)",20,0.5134245316338573,0.72
[3],0.01,0.0,0.002,0.1,0.9,tanh,adam,0.01,32,xavier,"(-0.5, 0.5)",20,0.5185388153400805,0.88
[3],0.01,0.0,0.002,0.1,0.9,tanh,adam,0.01,32,he,"(-0.5, 0.5)",20,0.42260115475135,0.8
[3],0.01,0.0,0.002,0.1,0.9,relu,sgd,0.0,32,xavier,"(-0.5, 0.5)",20,0.5550265197020823,0.72
[3],0.01,0.0,0.002,0.1,0.9,relu,sgd,0.0,32,he,"(-0.5, 0.5)",20,0.46614284717099336,0.84
[3],0.01,0.0,0.002,0.1,0.9,relu,sgd,0.01,32,xavier,"(-0.5, 0.5)",20,0.6368644439911232,0.68
[3],0.01,0.0,0.002,0.1,0.9,relu,sgd,0.01,32,he,"(-0.5, 0.5)",20,0.4994111546903235,0.84
[3],0.01,0.0,0.002,0.1,0.9,relu,adam,0.0,32,xavier,"(-0.5, 0.5)",20,0.43503398301829804,0.84
[3],0.01,0.0,0.002,0.1,0.9,relu,adam,0.0,32,he,"(-0.5, 0.5)",20,0.3762500471093036,0.76
[3],0.01,0.0,0.002,0.1,0.9,relu,adam,0.01,32,xavier,"(-0.5, 0.5)",20,0.4266013510556071,0.8
[3],0.01,0.0,0.002,0.1,0.9,relu,adam,0.01,32,he,"(-0.5, 0.5)",20,0.42236105088757225,0.84
[3],0.01,0.0,0.002,0.2,0.8,tanh,sgd,0.0,32,xavier,"(-0.5, 0.5)",20,0.5795352062127512,0.68
[3],0.01,0.0,0.002,0.2,0.8,tanh,sgd,0.0,32,he,"(-0.5, 0.5)",20,0.6949731133456105,0.56
[3],0.01,0.0,0.002,0.2,0.8,tanh,sgd,0.01,32,xavier,"(-0.5, 0.5)",20,0.5899349182951419,0.72
[3],0.01,0.0,0.002,0.2,0.8,tanh,sgd,0.01,32,he,"(-0.5, 0.5)",20,0.508820589728024,0.8
[3],0.01,0.0,0.002,0.2,0.8,tanh,adam,0.0,32,xavier,"(-0.5, 0.5)",20,0.4400458402903925,0.8
[3],0.01,0.0,0.002,0.2,0.8,tanh,adam,0.0,32,he,"(-0.5, 0.5)",20,0.5477900612199572,0.72
[3],0.01,0.0,0.002,0.2,0.8,tanh,adam,0.01,32,xavier,"(-0.5, 0.5)",20,0.484026587272089,0.76
[3],0.01,0.0,0.002,0.2,0.8,tanh,adam,0.01,32,he,"(-0.5, 0.5)",20,0.48064032133827433,0.8
[3],0.01,0.0,0.002,0.2,0.8,relu,sgd,0.0,32,xavier,"(-0.5, 0.5)",20,0.6944028804032782,0.56
[3],0.01,0.0,0.002,0.2,0.8,relu,sgd,0.0,32,he,"(-0.5, 0.5)",20,0.6337364143197731,0.6
[3],0.01,0.0,0.002,0.2,0.8,relu,sgd,0.01,32,xavier,"(-0.5, 0.5)",20,0.6650979979815227,0.44
[3],0.01,0.0,0.002,0.2,0.8,relu,sgd,0.01,32,he,"(-0.5, 0.5)",20,0.6004432425177616,0.72
[3],0.01,0.0,0.002,0.2,0.8,relu,adam,0.0,32,xavier,"(-0.5, 0.5)",20,0.4530717520929115,0.84
[3],0.01,0.0,0.002,0.2,0.8,relu,adam,0.0,32,he,"(-0.5, 0.5)",20,0.388613402913916,0.8
[3],0.01,0.0,0.002,0.2,0.8,relu,adam,0.01,32,xavier,"(-0.5, 0.5)",20,0.4348605800620469,0.8
[3],0.01,0.0,0.002,0.2,0.8,relu,adam,0.01,32,he,"(-0.5, 0.5)",20,0.4559089342082529,0.76
[3],0.01,0.0,0.002,0.2,0.9,tanh,sgd,0.0,32,xavier,"(-0.5, 0.5)",20,0.5188673486846367,0.84
[3],0.01,0.0,0.002,0.2,0.9,tanh,sgd,0.0,32,he,"(-0.5, 0.5)",20,0.5076607132098921,0.84
[3],0.01,0.0,0.002,0.2,0.9,tanh,sgd,0.01,32,xavier,"(-0.5, 0.5)",20,0.570006293902228,0.84
[3],0.01,0.0,0.002,0.2,0.9,tanh,sgd,0.01,32,he,"(-0.5, 0.5)",20,0.5511978385767372,0.8
[3],0.01,0.0,0.002,0.2,0.9,tanh,adam,0.0,32,xavier,"(-0.5, 0.5)",20,0.47193546929828256,0.84
[3],0.01,0.0,0.002,0.2,0.9,tanh,adam,0.0,32,he,"(-0.5, 0.5)",20,0.4594671681409345,0.8
[3],0.01,0.0,0.002,0.2,0.9,tanh,adam,0.01,32,xavier,"(-0.5, 0.5)",20,0.45687195545502135,0.84
[3],0.01,0.0,0.002,0.2,0.9,tanh,adam,0.01,32,he,"(-0.5, 0.5)",20,0.5071395513961058,0.88
[3],0.01,0.0,0.002,0.2,0.9,relu,sgd,0.0,32,xavier,"(-0.5, 0.5)",20,0.4459565495399092,0.84
[3],0.01,0.0,0.002,0.2,0.9,relu,sgd,0.0,32,he,"(-0.5, 0.5)",20,0.4881313110489561,0.76
[3],0.01,0.0,0.002,0.2,0.9,relu,sgd,0.01,32,xavier,"(-0.5, 0.5)",20,0.49995212105499576,0.88
[3],0.01,0.0,0.002,0.2,0.9,relu,sgd,0.01,32,he,"(-0.5, 0.5)",20,0.5699409736532367,0.72
[3],0.01,0.0,0.002,0.2,0.9,relu,adam,0.0,32,xavier,"(-0.5, 0.5)",20,0.5727826462370723,0.8
[3],0.01,0.0,0.002,0.2,0.9,relu,adam,0.0,32,he,"(-0.5, 0.5)",20,0.33347103208925827,0.84
[3],0.01,0.0,0.002,0.2,0.9,relu,adam,0.01,32,xavier,"(-0.5, 0.5)",20,0.48704451136087284,0.68
[3],0.01,0.0,0.002,0.2,0.9,relu,adam,0.01,32,he,"(-0.5, 0.5)",20,0.37616359032256164,0.92
[3],0.01,0.005,0.0,0.0,0.8,tanh,sgd,0.0,32,xavier,"(-0.5, 0.5)",20,0.6619989853435957,0.68
[3],0.01,0.005,0.0,0.0,0.8,tanh,sgd,0.0,32,he,"(-0.5, 0.5)",20,0.665279559240412,0.6
[3],0.01,0.005,0.0,0.0,0.8,tanh,sgd,0.01,32,xavier,"(-0.5, 0.5)",20,0.633593283341758,0.72
[3],0.01,0.005,0.0,0.0,0.8,tanh,sgd,0.01,32,he,"(-0.5, 0.5)",20,0.6069603574866018,0.64
[3],0.01,0.005,0.0,0.0,0.8,tanh,adam,0.0,32,xavier,"(-0.5, 0.5)",20,0.5038608416733724,0.8
[3],0.01,0.005,0.0,0.0,0.8,tanh,adam,0.0,32,he,"(-0.5, 0.5)",20,0.43578676454761783,0.76
[3],0.01,0.005,0.0,0.0,0.8,tanh,adam,0.01,32,xavier,"(-0.5, 0.5)",20,0.4149893812901138,0.84
[3],0.01,0.005,0.0,0.0,0.8,tanh,adam,0.01,32,he,"(-0.5, 0.5)",20,0.5043128084746807,0.8
[3],0.01,0.005,0.0,0.0,0.8,relu,sgd,0.0,32,xavier,"(-0.5, 0.5)",20,0.5808264670846943,0.72
[3],0.01,0.005,0.0,0.0,0.8,relu,sgd,0.0,32,he,"(-0.5, 0.5)",20,0.6945634287684325,0.64
[3],0.01,0.005,0.0,0.0,0.8,relu,sgd,0.01,32,xavier,"(-0.5, 0.5)",20,0.5808346353629169,0.68
[3],0.01,0.005,0.0,0.0,0.8,relu,sgd,0.01,32,he,"(-0.5, 0.5)",20,0.6537078343677034,0.64
[3],0.01,0.005,0.0,0.0,0.8,relu,adam,0.0,32,xavier,"(-0.5, 0.5)",20,0.41957437117971125,0.88
[3],0.01,0.005,0.0,0.0,0.8,relu,adam,0.0,32,he,"(-0.5, 0.5)",20,0.31605834958578155,0.88
[3],0.01,0.005,0.0,0.0,0.8,relu,adam,0.01,32,xavier,"(-0.5, 0.5)",20,0.37282874783923825,0.8
[3],0.01,0.005,0.0,0.0,0.8,relu,adam,0.01,32,he,"(-0.5, 0.5)",20,0.3832253018636049,0.84
[3],0.01,0.005,0.0,0.0,0.9,tanh,sgd,0.0,32,xavier,"(-0.5, 0.5)",20,0.47831383294697133,0.8
[3],0.01,0.005,0.0,0.0,0.9,tanh,sgd,0.0,32,he,"(-0.5, 0.5)",20,0.4174881391611779,0.84
[3],0.01,0.005,0.0,0.0,0.9,tanh,sgd,0.01,32,xavier,"(-0.5, 0.5)",20,0.571822112136142,0.72
[3],0.01,0.005,0.0,0.0,0.9,tanh,sgd,0.01,32,he,"(-0.5, 0.5)",20,0.5188708646308177,0.8
[3],0.01,0.005,0.0,0.0,0.9,tanh,adam,0.0,32,xavier,"(-0.5, 0.5)",20,0.42999688688112664,0.8
[3],0.01,0.005,0.0,0.0,0.9,tanh,adam,0.0,32,he,"(-0.5, 0.5)",20,0.5622190928466382,0.72
[3],0.01,0.005,0.0,0.0,0.9,tanh,adam,0.01,32,xavier,"(-0.5, 0.5)",20,0.49813503002668347,0.72
[3],0.01,0.005,0.0,0.0,0.9,tanh,adam,0.01,32,he,"(-0.5, 0.5)",20,0.49787471867299166,0.84
[3],0.01,0.005,0.0,0.0,0.9,relu,sgd,0.0,32,xavier,"(-0.5, 0.5)",20,0.6277980839109719,0.56
[3],0.01,0.005,0.0,0.0,0.9,relu,sgd,0.0,32,he,"(-0.5, 0.5)",20,0.676654246708936,0.4
[3],0.01,0.005,0.0,0.0,0.9,relu,sgd,0.01,32,xavier,"(-0.5, 0.5)",20,0.5445948758481512,0.72
[3],0.01,0.005,0.0,0.0,0.9,relu,sgd,0.01,32,he,"(-0.5, 0.5)",20,0.523894372058403,0.76
[3],0.01,0.005,0.0,0.0,0.9,relu,adam,0.0,32,xavier,"(-0.5, 0.5)",20,0.4126206011157909,0.8
[3],0.01,0.005,0.0,0.0,0.9,relu,adam,0.0,32,he,"(-0.5, 0.5)",20,0.4063079980101201,0.84
[3],0.01,0.005,0.0,0.0,0.9,relu,adam,0.01,32,xavier,"(-0.5, 0.5)",20,0.3069907588779854,0.88
[3],0.01,0.005,0.0,0.0,0.9,relu,adam,0.01,32,he,"(-0.5, 0.5)",20,0.3582011325651272,0.84
[3],0.01,0.005,0.0,0.1,0.8,tanh,sgd,0.0,32,xavier,"(-0.5, 0.5)",20,0.5964533963920625,0.8
[3],0.01,0.005,0.0,0.1,0.8,tanh,sgd,0.0,32,he,"(-0.5, 0.5)",20,0.5670163629386111,0.72
[3],0.01,0.005,0.0,0.1,0.8,tanh,sgd,0.01,32,xavier,"(-0.5, 0.5)",20,0.6522553395455855,0.6
[3],0.01,0.005,0.0,0.1,0.8,tanh,sgd,0.01,32,he,"(-0.5, 0.5)",20,0.5289277055871441,0.84
[3],0.01,0.005,0.0,0.1,0.8,tanh,adam,0.0,32,xavier,"(-0.5, 0.5)",20,0.4723797787517563,0.8
[3],0.01,0.005,0.0,0.1,0.8,tanh,adam,0.0,32,he,"(-0.5, 0.5)",20,0.4665218041677231,0.8
[3],0.01,0.005,0.0,0.1,0.8,tanh,adam,0.01,32,xavier,"(-0.5, 0.5)",20,0.48466419631173235,0.84
[3],0.01,0.005,0.0,0.1,0.8,tanh,adam,0.01,32,he,"(-0.5, 0.5)",20,0.46824072814943307,0.84
[3],0.01,0.005,0.0,0.1,0.8,relu,sgd,0.0,32,xavier,"(-0.5, 0.5)",20,0.644989228884697,0.64
[3],0.01,0.005,0.0,0.1,0.8,relu,sgd,0.0,32,he,"(-0.5, 0.5)",20,0.674427264057258,0.52
[3],0.01,0.005,0.0,0.1,0.8,relu,sgd,0.01,32,xavier,"(-0.5, 0.5)",20,0.6502543224457458,0.68
[3],0.01,0.005,0.0,0.1,0.8,relu,sgd,0.01,32,he,"(-0.5, 0.5)",20,0.6897299377876617,0.44
[3],0.01,0.005,0.0,0.1,0.8,relu,adam,0.0,32,xavier,"(-0.5, 0.5)",20,0.3275713008264045,0.84
[3],0.01,0.005,0.0,0.1,0.8,relu,adam,0.0,32,he,"(-0.5, 0.5)",20,0.3456184906176748,0.88
[3],0.01,0.005,0.0,0.1,0.8,relu,adam,0.01,32,xavier,"(-0.5, 0.5)",20,0.47835778570230647,0.76
[3],0.01,0.005,0.0,0.1,0.8,relu,adam,0.01,32,he,"(-0.5, 0.5)",20,0.5256613639668981,0.72
[3],0.01,0.005,0.0,0.1,0.9,tanh,sgd,0.0,32,xavier,"(-0.5, 0.5)",20,0.5289097105606271,0.84
[3],0.01,0.005,0.0,0.1,0.9,tanh,sgd,0.0,32,he,"(-0.5, 0.5)",20,0.47020724919564477,0.76
[3],0.01,0.005,0.0,0.1,0.9,tanh,sgd,0.01,32,xavier,"(-0.5, 0.5)",20,0.47059263424007236,0.8
[3],0.01,0.005,0.0,0.1,0.9,tanh,sgd,0.01,32,he,"(-0.5, 0.5)",20,0.5956949280973947,0.64
[3],0.01,0.005,0.0,0.1,0.9,tanh,adam,0.0,32,xavier,"(-0.5, 0.5)",20,0.4990654048208804,0.84
[3],0.01,0.005,0.0,0.1,0.9,tanh,adam,0.0,32,he,"(-0.5, 0.5)",20,0.4694124813933245,0.84
[3],0.01,0.005,0.0,0.1,0.9,tanh,adam,0.01,32,xavier,"(-0.5, 0.5)",20,0.48970703527226184,0.84
[3],0.01,0.005,0.0,0.1,0.9,tanh,adam,0.01,32,he,"(-0.5, 0.5)",20,0.5317711904768079,0.76
[3],0.01,0.005,0.0,0.1,0.9,relu,sgd,0.0,32,xavier,"(-0.5, 0.5)",20,0.5565758371425313,0.68
[3],0.01,0.005,0.0,0.1,0.9,relu,sgd,0.0,32,he,"(-0.5, 0.5)",20,0.6410450639113427,0.48
[3],0.01,0.005,0.0,0.1,0.9,relu,sgd,0.01,32,xavier,"(-0.5, 0.5)",20,0.5440987506739599,0.76
[3],0.01,0.005,0.0,0.1,0.9,relu,sgd,0.01,32,he,"(-0.5, 0.5)",20,0.6368049835578122,0.44
[3],0.01,0.005,0.0,0.1,0.9,relu,adam,0.0,32,xavier,"(-0.5, 0.5)",20,0.3016523201036243,0.92
[3],0.01,0.005,0.0,0.1,0.9,relu,adam,0.0,32,he,"(-0.5, 0.5)",20,0.4524330819212802,0.8
[3],0.01,0.005,0.0,0.1,0.9,relu,adam,0.01,32,xavier,"(-0.5, 0.5)",20,0.25140407003756265,0.88
[3],0.01,0.005,0.0,0.1,0.9,relu,adam,0.01,32,he,"(-0.5, 0.5)",20,0.4723789699647318,0.68
[3],0.01,0.005,0.0,0.2,0.8,tanh,sgd,0.0,32,xavier,"(-0.5, 0.5)",20,0.574435291183886,0.64
[3],0.01,0.005,0.0,0.2,0.8,tanh,sgd,0.0,32,he,"(-0.5, 0.5)",20,0.5456539111441984,0.8
[3],0.01,0.005,0.0,0.2,0.8,tanh,sgd,0.01,32,xavier,"(-0.5, 0.5)",20,0.6139234082080204,0.68
[3],0.01,0.005,0.0,0.2,0.8,tanh,sgd,0.01,32,he,"(-0.5, 0.5)",20,0.6641176426377176,0.56
[3],0.01,0.005,0.0,0.2,0.8,tanh,adam,0.0,32,xavier,"(-0.5, 0.5)",20,0.5541835788272003,0.8
[3],0.01,0.005,0.0,0.2,0.8,tanh,adam,0.0,32,he,"(-0.5, 0.5)",20,0.4427966946369031,0.76
[3],0.01,0.005,0.0,0.2,0.8,tanh,adam,0.01,32,xavier,"(-0.5, 0.5)",20,0.5191707182636595,0.84
[3],0.01,0.005,0.0,0.2,0.8,tanh,adam,0.01,32,he,"(-0.5, 0.5)",20,0.4958737179098188,0.8
[3],0.01,0.005,0.0,0.2,0.8,relu,sgd,0.0,32,xavier,"(-0.5, 0.5)",20,0.6486486850829277,0.68
[3],0.01,0.005,0.0,0.2,0.8,relu,sgd,0.0,32,he,"(-0.5, 0.5)",20,0.6953736195402618,0.48
[3],0.01,0.005,0.0,0.2,0.8,relu,sgd,0.01,32,xavier,"(-0.5, 0.5)",20,0.6972614364112447,0.4
[3],0.01,0.005,0.0,0.2,0.8,relu,sgd,0.01,32,he,"(-0.5, 0.5)",20,0.6441025754618321,0.68
[3],0.01,0.005,0.0,0.2,0.8,relu,adam,0.0,32,xavier,"(-0.5, 0.5)",20,0.41740235023703726,0.8
[3],0.01,0.005,0.0,0.2,0.8,relu,adam,0.0,32,he,"(-0.5, 0.5)",20,0.3895999655260257,0.76
[3],0.01,0.005,0.0,0.2,0.8,relu,adam,0.01,32,xavier,"(-0.5, 0.5)",20,0.5148323703984832,0.68
[3],0.01,0.005,0.0,0.2,0.8,relu,adam,0.01,32,he,"(-0.5, 0.5)",20,0.4184112374205285,0.88
[3],0.01,0.005,0.0,0.2,0.9,tanh,sgd,0.0,32,xavier,"(-0.5, 0.5)",20,0.4636004399054161,0.84
[3],0.01,0.005,0.0,0.2,0.9,tanh,sgd,0.0,32,he,"(-0.5, 0.5)",20,0.5275117722468713,0.8
[3],0.01,0.005,0.0,0.2,0.9,tanh,sgd,0.01,32,xavier,"(-0.5, 0.5)",20,0.5381482373340489,0.84
[3],0.01,0.005,0.0,0.2,0.9,tanh,sgd,0.01,32,he,"(-0.5, 0.5)",20,0.5380317881928335,0.84
[3],0.01,0.005,0.0,0.2,0.9,tanh,adam,0.0,32,xavier,"(-0.5, 0.5)",20,0.4250752379088744,0.76
[3],0.01,0.005,0.0,0.2,0.9,tanh,adam,0.0,32,he,"(-0.5, 0.5)",20,0.5346065017027091,0.8
[3],0.01,0.005,0.0,0.2,0.9,tanh,adam,0.01,32,xavier,"(-0.5, 0.5)",20,0.48324407291942817,0.8
[3],0.01,0.005,0.0,0.2,0.9,tanh,adam,0.01,32,he,"(-0.5, 0.5)",20,0.5957668503334589,0.56
[3],0.01,0.005,0.0,0.2,0.9,relu,sgd,0.0,32,xavier,"(-0.5, 0.5)",20,0.6646114190664616,0.6
[3],0.01,0.005,0.0,0.2,0.9,relu,sgd,0.0,32,he,"(-0.5, 0.5)",20,0.6311772031338899,0.52
[3],0.01,0.005,0.0,0.2,0.9,relu,sgd,0.01,32,xavier,"(-0.5, 0.5)",20,0.6910068236395318,0.48
[3],0.01,0.005,0.0,0.2,0.9,relu,sgd,0.01,32,he,"(-0.5, 0.5)",20,0.5608909207423429,0.68
[3],0.01,0.005,0.0,0.2,0.9,relu,adam,0.0,32,xavier,"(-0.5, 0.5)",20,0.41140738044160524,0.84
[3],0.01,0.005,0.0,0.2,0.9,relu,adam,0.0,32,he,"(-0.5, 0.5)",20,0.47946165551728737,0.8
[3],0.01,0.005,0.0,0.2,0.9,relu,adam,0.01,32,xavier,"(-0.5, 0.5)",20,0.4765253687611821,0.76
[3],0.01,0.005,0.0,0.2,0.9,relu,adam,0.01,32,he,"(-0.5, 0.5)",20,0.42697865502612214,0.88
[3],0.01,0.005,0.002,0.0,0.8,tanh,sgd,0.0,32,xavier,"(-0.5, 0.5)",20,0.5660298291335962,0.8
[3],0.01,0.005,0.002,0.0,0.8,tanh,sgd,0.0,32,he,"(-0.5, 0.5)",20,0.5483955348384159,0.68
[3],0.01,0.005,0.002,0.0,0.8,tanh,sgd,0.01,32,xavier,"(-0.5, 0.5)",20,0.562190416100055,0.8
[3],0.01,0.005,0.002,0.0,0.8,tanh,sgd,0.01,32,he,"(-0.5, 0.5)",20,0.59490522773022,0.68
[3],0.01,0.005,0.002,0.0,0.8,tanh,adam,0.0,32,xavier,"(-0.5, 0.5)",20,0.4910024802804446,0.76
[3],0.01,0.005,0.002,0.0,0.8,tanh,adam,0.0,32,he,"(-0.5, 0.5)",20,0.4091235424523147,0.76
[3],0.01,0.005,0.002,0.0,0.8,tanh,adam,0.01,32,xavier,"(-0.5, 0.5)",20,0.5017325672291052,0.8
[3],0.01,0.005,0.002,0.0,0.8,tanh,adam,0.01,32,he,"(-0.5, 0.5)",20,0.5229993500244239,0.8
[3],0.01,0.005,0.002,0.0,0.8,relu,sgd,0.0,32,xavier,"(-0.5, 0.5)",20,0.5872441718503971,0.6
[3],0.01,0.005,0.002,0.0,0.8,relu,sgd,0.0,32,he,"(-0.5, 0.5)",20,0.5876418210887736,0.72
[3],0.01,0.005,0.002,0.0,0.8,relu,sgd,0.01,32,xavier,"(-0.5, 0.5)",20,0.5938915191412556,0.8
[3],0.01,0.005,0.002,0.0,0.8,relu,sgd,0.01,32,he,"(-0.5, 0.5)",20,0.6079010192319847,0.56
[3],0.01,0.005,0.002,0.0,0.8,relu,adam,0.0,32,xavier,"(-0.5, 0.5)",20,0.3467997368393428,0.92
[3],0.01,0.005,0.002,0.0,0.8,relu,adam,0.0,32,he,"(-0.5, 0.5)",20,0.38148870773449556,0.88
[3],0.01,0.005,0.002,0.0,0.8,relu,adam,0.01,32,xavier,"(-0.5, 0.5)",20,0.30495665670259403,0.92
[3],0.01,0.005,0.002,0.0,0.8,relu,adam,0.01,32,he,"(-0.5, 0.5)",20,0.4280789108288727,0.72
[3],0.01,0.005,0.002,0.0,0.9,tanh,sgd,0.0,32,xavier,"(-0.5, 0.5)",20,0.6560887621530582,0.68
[3],0.01,0.005,0.002,0.0,0.9,tanh,sgd,0.0,32,he,"(-0.5, 0.5)",20,0.5071762834400775,0.84
[3],0.01,0.005,0.002,0.0,0.9,tanh,sgd,0.01,32,xavier,"(-0.5, 0.5)",20,0.5599480704655818,0.76
[3],0.01,0.005,0.002,0.0,0.9,tanh,sgd,0.01,32,he,"(-0.5, 0.5)",20,0.48807205056780134,0.8
[3],0.01,0.005,0.002,0.0,0.9,tanh,adam,0.0,32,xavier,"(-0.5, 0.5)",20,0.5184031302392427,0.76
[3],0.01,0.005,0.002,0.0,0.9,tanh,adam,0.0,32,he,"(-0.5, 0.5)",20,0.5056031610823222,0.84
[3],0.01,0.005,0.002,0.0,0.9,tanh,adam,0.01,32,xavier,"(-0.5, 0.5)",20,0.4847640507016537,0.76
[3],0.01,0.005,0.002,0.0,0.9,tanh,adam,0.01,32,he,"(-0.5, 0.5)",20,0.4908914852912577,0.88
[3],0.01,0.005,0.002,0.0,0.9,relu,sgd,0.0,32,xavier,"(-0.5, 0.5)",20,0.5565886211996247,0.88
[3],0.01,0.005,0.002,0.0,0.9,relu,sgd,0.0,32,he,"(-0.5, 0.5)",20,0.6364201323407277,0.64
[3],0.01,0.005,0.002,0.0,0.9,relu,sgd,0.01,32,xavier,"(-0.5, 0.5)",20,0.5580601873485702,0.72
[3],0.01,0.005,0.002,0.0,0.9,relu,sgd,0.01,32,he,"(-0.5, 0.5)",20,0.5538117365125425,0.68
[3],0.01,0.005,0.002,0.0,0.9,relu,adam,0.0,32,xavier,"(-0.5, 0.5)",20,0.43787456582705875,0.8
[3],0.01,0.005,0.002,0.0,0.9,relu,adam,0.0,32,he,"(-0.5, 0.5)",20,0.2667884052725558,0.84
[3],0.01,0.005,0.002,0.0,0.9,relu,adam,0.01,32,xavier,"(-0.5, 0.5)",20,0.45115965655626533,0.76
[3],0.01,0.005,0.002,0.0,0.9,relu,adam,0.01,32,he,"(-0.5, 0.5)",20,0.48564774776783765,0.8
[3],0.01,0.005,0.002,0.1,0.8,tanh,sgd,0.0,32,xavier,"(-0.5, 0.5)",20,0.5347910371466873,0.8
[3],0.01,0.005,0.002,0.1,0.8,tanh,sgd,0.0,32,he,"(-0.5, 0.5)",20,0.639974240712462,0.68
[3],0.01,0.005,0.002,0.1,0.8,tanh,sgd,0.01,32,xavier,"(-0.5, 0.5)",20,0.6289392150212769,0.56
[3],0.01,0.005,0.002,0.1,0.8,tanh,sgd,0.01,32,he,"(-0.5, 0.5)",20,0.6427918255724455,0.56
[3],0.01,0.005,0.002,0.1,0.8,tanh,adam,0.0,32,xavier,"(-0.5, 0.5)",20,0.45520882741964735,0.8
[3],0.01,0.005,0.002,0.1,0.8,tanh,adam,0.0,32,he,"(-0.5, 0.5)",20,0.4324617940307729,0.88
[3],0.01,0.005,0.002,0.1,0.8,tanh,adam,0.01,32,xavier,"(-0.5, 0.5)",20,0.4567458585174559,0.88
[3],0.01,0.005,0.002,0.1,0.8,tanh,adam,0.01,32,he,"(-0.5, 0.5)",20,0.5232595245872034,0.8
[3],0.01,0.005,0.002,0.1,0.8,relu,sgd,0.0,32,xavier,"(-0.5, 0.5)",20,0.6151959918116673,0.64
[3],0.01,0.005,0.002,0.1,0.8,relu,sgd,0.0,32,he,"(-0.5, 0.5)",20,0.7045655720330531,0.48
[3],0.01,0.005,0.002,0.1,0.8,relu,sgd,0.01,32,xavier,"(-0.5, 0.5)",20,0.6621125078185182,0.56
[3],0.01,0.005,0.002,0.1,0.8,relu,sgd,0.01,32,he,"(-0.5, 0.5)",20,0.6788156304031518,0.52
[3],0.01,0.005,0.002,0.1,0.8,relu,adam,0.0,32,xavier,"(-0.5, 0.5)",20,0.6081706278463759,0.72
[3],0.01,0.005,0.002,0.1,0.8,relu,adam,0.0,32,he,"(-0.5, 0.5)",20,0.5341268986266523,0.84
[3],0.01,0.005,0.002,0.1,0.8,relu,adam,0.01,32,xavier,"(-0.5, 0.5)",20,0.47444517328656854,0.68
[3],0.01,0.005,0.002,0.1,0.8,relu,adam,0.01,32,he,"(-0.5, 0.5)",20,0.35260673203649534,0.88
[3],0.01,0.005,0.002,0.1,0.9,tanh,sgd,0.0,32,xavier,"(-0.5, 0.5)",20,0.49870671543217016,0.8
[3],0.01,0.005,0.002,0.1,0.9,tanh,sgd,0.0,32,he,"(-0.5, 0.5)",20,0.634320305485657,0.56
[3],0.01,0.005,0.002,0.1,0.9,tanh,sgd,0.01,32,xavier,"(-0.5, 0.5)",20,0.4861953518442712,0.88
[3],0.01,0.005,0.002,0.1,0.9,tanh,sgd,0.01,32,he,"(-0.5, 0.5)",20,0.5605935387419224,0.8
[3],0.01,0.005,0.002,0.1,0.9,tanh,adam,0.0,32,xavier,"(-0.5, 0.5)",20,0.4948657272923699,0.76
[3],0.01,0.005,0.002,0.1,0.9,tanh,adam,0.0,32,he,"(-0.5, 0.5)",20,0.5069362581369734,0.88
[3],0.01,0.005,0.002,0.1,0.9,tanh,adam,0.01,32,xavier,"(-0.5, 0.5)",20,0.49820492695572705,0.8
[3],0.01,0.005,0.002,0.1,0.9,tanh,adam,0.01,32,he,"(-0.5, 0.5)",20,0.5031028532955946,0.8
[3],0.01,0.005,0.002,0.1,0.9,relu,sgd,0.0,32,xavier,"(-0.5, 0.5)",20,0.43926782033536615,0.88
[3],0.01,0.005,0.002,0.1,0.9,relu,sgd,0.0,32,he,"(-0.5, 0.5)",20,0.4678265626261532,0.88
[3],0.01,0.005,0.002,0.1,0.9,relu,sgd,0.01,32,xavier,"(-0.5, 0.5)",20,0.6521213904637997,0.6
[3],0.01,0.005,0.002,0.1,0.9,relu,sgd,0.01,32,he,"(-0.5, 0.5)",20,0.6102292187932863,0.68
[3],0.01,0.005,0.002,0.1,0.9,relu,adam,0.0,32,xavier,"(-0.5, 0.5)",20,0.43096267545677924,0.8
[3],0.01,0.005,0.002,0.1,0.9,relu,adam,0.0,32,he,"(-0.5, 0.5)",20,0.35719550828066915,0.72
[3],0.01,0.005,0.002,0.1,0.9,relu,adam,0.01,32,xavier,"(-0.5, 0.5)",20,0.5640453684509239,0.76
[3],0.01,0.005,0.002,0.1,0.9,relu,adam,0.01,32,he,"(-0.5, 0.5)",20,0.46905975064079924,0.88
[3],0.01,0.005,0.002,0.2,0.8,tanh,sgd,0.0,32,xavier,"(-0.5, 0.5)",20,0.57587151707445,0.84
[3],0.01,0.005,0.002,0.2,0.8,tanh,sgd,0.0,32,he,"(-0.5, 0.5)",20,0.626925273709769,0.72
[3],0.01,0.005,0.002,0.2,0.8,tanh,sgd,0.01,32,xavier,"(-0.5, 0.5)",20,0.6032535004468931,0.76
[3],0.01,0.005,0.002,0.2,0.8,tanh,sgd,0.01,32,he,"(-0.5, 0.5)",20,0.5985169117036846,0.64
[3],0.01,0.005,0.002,0.2,0.8,tanh,adam,0.0,32,xavier,"(-0.5, 0.5)",20,0.5070559797881248,0.8
[3],0.01,0.005,0.002,0.2,0.8,tanh,adam,0.0,32,he,"(-0.5, 0.5)",20,0.45010680393048424,0.84
[3],0.01,0.005,0.002,0.2,0.8,tanh,adam,0.01,32,xavier,"(-0.5, 0.5)",20,0.5089400192797353,0.84
[3],0.01,0.005,0.002,0.2,0.8,tanh,adam,0.01,32,he,"(-0.5, 0.5)",20,0.4633596021122276,0.84
[3],0.01,0.005,0.002,0.2,0.8,relu,sgd,0.0,32,xavier,"(-0.5, 0.5)",20,0.6276944676117141,0.68
[3],0.01,0.005,0.002,0.2,0.8,relu,sgd,0.0,32,he,"(-0.5, 0.5)",20,0.6681610369773021,0.68
[3],0.01,0.005,0.002,0.2,0.8,relu,sgd,0.01,32,xavier,"(-0.5, 0.5)",20,0.6119817660093484,0.76
[3],0.01,0.005,0.002,0.2,0.8,relu,sgd,0.01,32,he,"(-0.5, 0.5)",20,0.7031086627025268,0.48
[3],0.01,0.005,0.002,0.2,0.8,relu,adam,0.0,32,xavier,"(-0.5, 0.5)",20,0.38569706600096126,0.88
[3],0.01,0.005,0.002,0.2,0.8,relu,adam,0.0,32,he,"(-0.5, 0.5)",20,0.4307878165442252,0.84
[3],0.01,0.005,0.002,0.2,0.8,relu,adam,0.01,32,xavier,"(-0.5, 0.5)",20,0.38183260871478036,0.76
[3],0.01,0.005,0.002,0.2,0.8,relu,adam,0.01,32,he,"(-0.5, 0.5)",20,0.5080135781630402,0.76
[3],0.01,0.005,0.002,0.2,0.9,tanh,sgd,0.0,32,xavier,"(-0.5, 0.5)",20,0.4542320623949504,0.76
[3],0.01,0.005,0.002,0.2,0.9,tanh,sgd,0.0,32,he,"(-0.5, 0.5)",20,0.4973597486991791,0.76
[3],0.01,0.005,0.002,0.2,0.9,tanh,sgd,0.01,32,xavier,"(-0.5, 0.5)",20,0.5586273413732799,0.88
[3],0.01,0.005,0.002,0.2,0.9,tanh,sgd,0.01,32,he,"(-0.5, 0.5)",20,0.5469698199256644,0.76
[3],0.01,0.005,0.002,0.2,0.9,tanh,adam,0.0,32,xavier,"(-0.5, 0.5)",20,0.5259327536333698,0.76
[3],0.01,0.005,0.002,0.2,0.9,tanh,adam,0.0,32,he,"(-0.5, 0.5)",20,0.49022353465575036,0.8
[3],0.01,0.005,0.002,0.2,0.9,tanh,adam,0.01,32,xavier,"(-0.5, 0.5)",20,0.45549141365943185,0.88
[3],0.01,0.005,0.002,0.2,0.9,tanh,adam,0.01,32,he,"(-0.5, 0.5)",20,0.5132199013452382,0.84
[3],0.01,0.005,0.002,0.2,0.9,relu,sgd,0.0,32,xavier,"(-0.5, 0.5)",20,0.5802815038843795,0.8
[3],0.01,0.005,0.002,0.2,0.9,relu,sgd,0.0,32,he,"(-0.5, 0.5)",20,0.5990395477968733,0.6
[3],0.01,0.005,0.002,0.2,0.9,relu,sgd,0.01,32,xavier,"(-0.5, 0.5)",20,0.5764933854268947,0.56
[3],0.01,0.005,0.002,0.2,0.9,relu,sgd,0.01,32,he,"(-0.5, 0.5)",20,0.6911205531969276,0.6
[3],0.01,0.005,0.002,0.2,0.9,relu,adam,0.0,32,xavier,"(-0.5, 0.5)",20,0.497090430249272,0.76
[3],0.01,0.005,0.002,0.2,0.9,relu,adam,0.0,32,he,"(-0.5, 0.5)",20,0.6442119741114204,0.52
[3],0.01,0.005,0.002,0.2,0.9,relu,adam,0.01,32,xavier,"(-0.5, 0.5)",20,0.5317246516486173,0.8
[3],0.01,0.005,0.002,0.2,0.9,relu,adam,0.01,32,he,"(-0.5, 0.5)",20,0.4308679851253048,0.84
[3],0.01,0.01,0.0,0.0,0.8,tanh,sgd,0.0,32,xavier,"(-0.5, 0.5)",20,0.582988126839737,0.72
[3],0.01,0.01,0.0,0.0,0.8,tanh,sgd,0.0,32,he,"(-0.5, 0.5)",20,0.5846513461263132,0.68
[3],0.01,0.01,0.0,0.0,0.8,tanh,sgd,0.01,32,xavier,"(-0.5, 0.5)",20,0.5675101236339625,0.8
[3],0.01,0.01,0.0,0.0,0.8,tanh,sgd,0.01,32,he,"(-0.5, 0.5)",20,0.5225205720190722,0.8
[3],0.01,0.01,0.0,0.0,0.8,tanh,adam,0.0,32,xavier,"(-0.5, 0.5)",20,0.48758892235957546,0.8
[3],0.01,0.01,0.0,0.0,0.8,tanh,adam,0.0,32,he,"(-0.5, 0.5)",20,0.46630732860920565,0.84
[3],0.01,0.01,0.0,0.0,0.8,tanh,adam,0.01,32,xavier,"(-0.5, 0.5)",20,0.487980727604805,0.8
[3],0.01,0.01,0.0,0.0,0.8,tanh,adam,0.01,32,he,"(-0.5, 0.5)",20,0.4348937813522048,0.8
[3],0.01,0.01,0.0,0.0,0.8,relu,sgd,0.0,32,xavier,"(-0.5, 0.5)",20,0.6543123837528517,0.44
[3],0.01,0.01,0.0,0.0,0.8,relu,sgd,0.0,32,he,"(-0.5, 0.5)",20,0.6855084019734058,0.56
[3],0.01,0.01,0.0,0.0,0.8,relu,sgd,0.01,32,xavier,"(-0.5, 0.5)",20,0.6471064709391039,0.64
[3],0.01,0.01,0.0,0.0,0.8,relu,sgd,0.01,32,he,"(-0.5, 0.5)",20,0.5756785242063451,0.68
[3],0.01,0.01,0.0,0.0,0.8,relu,adam,0.0,32,xavier,"(-0.5, 0.5)",20,0.21028132037395547,0.96
[3],0.01,0.01,0.0,0.0,0.8,relu,adam,0.0,32,he,"(-0.5, 0.5)",20,0.4163841805189482,0.84
[3],0.01,0.01,0.0,0.0,0.8,relu,adam,0.01,32,xavier,"(-0.5, 0.5)",20,0.4979437634693613,0.76
[3],0.01,0.01,0.0,0.0,0.8,relu,adam,0.01,32,he,"(-0.5, 0.5)",20,0.574807529835148,0.84
[3],0.01,0.01,0.0,0.0,0.9,tanh,sgd,0.0,32,xavier,"(-0.5, 0.5)",20,0.5113439861152609,0.8
[3],0.01,0.01,0.0,0.0,0.9,tanh,sgd,0.0,32,he,"(-0.5, 0.5)",20,0.5039979134516618,0.84
[3],0.01,0.01,0.0,0.0,0.9,tanh,sgd,0.01,32,xavier,"(-0.5, 0.5)",20,0.5119727581222716,0.8
[3],0.01,0.01,0.0,0.0,0.9,tanh,sgd,0.01,32,he,"(-0.5, 0.5)",20,0.5223786201148202,0.68
[3],0.01,0.01,0.0,0.0,0.9,tanh,adam,0.0,32,xavier,"(-0.5, 0.5)",20,0.4360335007838383,0.8
[3],0.01,0.01,0.0,0.0,0.9,tanh,adam,0.0,32,he,"(-0.5, 0.5)",20,0.49533252536665406,0.8
[3],0.01,0.01,0.0,0.0,0.9,tanh,adam,0.01,32,xavier,"(-0.5, 0.5)",20,0.5299620214116615,0.8
[3],0.01,0.01,0.0,0.0,0.9,tanh,adam,0.01,32,he,"(-0.5, 0.5)",20,0.45085804919027556,0.8
[3],0.01,0.01,0.0,0.0,0.9,relu,sgd,0.0,32,xavier,"(-0.5, 0.5)",20,0.42884617454071927,0.8
[3],0.01,0.01,0.0,0.0,0.9,relu,sgd,0.0,32,he,"(-0.5, 0.5)",20,0.4902901260502893,0.88
[3],0.01,0.01,0.0,0.0,0.9,relu,sgd,0.01,32,xavier,"(-0.5, 0.5)",20,0.5027682613533978,0.64
[3],0.01,0.01,0.0,0.0,0.9,relu,sgd,0.01,32,he,"(-0.5, 0.5)",20,0.519902811452106,0.72
[3],0.01,0.01,0.0,0.0,0.9,relu,adam,0.0,32,xavier,"(-0.5, 0.5)",20,0.6011442031865272,0.76
[3],0.01,0.01,0.0,0.0,0.9,relu,adam,0.0,32,he,"(-0.5, 0.5)",20,0.527906784418646,0.8
[3],0.01,0.01,0.0,0.0,0.9,relu,adam,0.01,32,xavier,"(-0.5, 0.5)",20,0.4596291902084091,0.72
[3],0.01,0.01,0.0,0.0,0.9,relu,adam,0.01,32,he,"(-0.5, 0.5)",20,0.4366012045027526,0.8
[3],0.01,0.01,0.0,0.1,0.8,tanh,sgd,0.0,32,xavier,"(-0.5, 0.5)",20,0.5195377620339938,0.8
[3],0.01,0.01,0.0,0.1,0.8,tanh,sgd,0.0,32,he,"(-0.5, 0.5)",20,0.5293973531521616,0.84
[3],0.01,0.01,0.0,0.1,0.8,tanh,sgd,0.01,32,xavier,"(-0.5, 0.5)",20,0.6724177675926336,0.64
[3],0.01,0.01,0.0,0.1,0.8,tanh,sgd,0.01,32,he,"(-0.5, 0.5)",20,0.6446789783990123,0.72
[3],0.01,0.01,0.0,0.1,0.8,tanh,adam,0.0,32,xavier,"(-0.5, 0.5)",20,0.4673836046896505,0.84
[3],0.01,0.01,0.0,0.1,0.8,tanh,adam,0.0,32,he,"(-0.5, 0.5)",20,0.4514229642129109,0.8
[3],0.01,0.01,0.0,0.1,0.8,tanh,adam,0.01,32,xavier,"(-0.5, 0.5)",20,0.5036443079093169,0.84
[3],0.01,0.01,0.0,0.1,0.8,tanh,adam,0.01,32,he,"(-0.5, 0.5)",20,0.5389672018868549,0.76
[3],0.01,0.01,0.0,0.1,0.8,relu,sgd,0.0,32,xavier,"(-0.5, 0.5)",20,0.6311738539095165,0.56
[3],0.01,0.01,0.0,0.1,0.8,relu,sgd,0.0,32,he,"(-0.5, 0.5)",20,0.5955226549437284,0.68
[3],0.01,0.01,0.0,0.1,0.8,relu,sgd,0.01,32,xavier,"(-0.5, 0.5)",20,0.6991582107234375,0.4
[3],0.01,0.01,0.0,0.1,0.8,relu,sgd,0.01,32,he,"(-0.5, 0.5)",20,0.5328583166347393,0.84
[3],0.01,0.01,0.0,0.1,0.8,relu,adam,0.0,32,xavier,"(-0.5, 0.5)",20,0.40559496521713356,0.8
[3],0.01,0.01,0.0,0.1,0.8,relu,adam,0.0,32,he,"(-0.5, 0.5)",20,0.3717264119110907,0.92
[3],0.01,0.01,0.0,0.1,0.8,relu,adam,0.01,32,xavier,"(-0.5, 0.5)",20,0.5670227889513673,0.76
[3],0.01,0.01,0.0,0.1,0.8,relu,adam,0.01,32,he,"(-0.5, 0.5)",20,0.4422906419694665,0.92
[3],0.01,0.01,0.0,0.1,0.9,tanh,sgd,0.0,32,xavier,"(-0.5, 0.5)",20,0.5137631763807592,0.84
[3],0.01,0.01,0.0,0.1,0.9,tanh,sgd,0.0,32,he,"(-0.5, 0.5)",20,0.5765248029012121,0.68
[3],0.01,0.01,0.0,0.1,0.9,tanh,sgd,0.01,32,xavier,"(-0.5, 0.5)",20,0.5443375193021657,0.72
[3],0.01,0.01,0.0,0.1,0.9,tanh,sgd,0.01,32,he,"(-0.5, 0.5)",20,0.4677708958760584,0.84
[3],0.01,0.01,0.0,0.1,0.9,tanh,adam,0.0,32,xavier,"(-0.5, 0.5)",20,0.509285274127138,0.8
[3],0.01,0.01,0.0,0.1,0.9,tanh,adam,0.0,32,he,"(-0.5, 0.5)",20,0.480903193235228,0.76
[3],0.01,0.01,0.0,0.1,0.9,tanh,adam,0.01,32,xavier,"(-0.5, 0.5)",20,0.4824529422926717,0.8
[3],0.01,0.01,0.0,0.1,0.9,tanh,adam,0.01,32,he,"(-0.5, 0.5)",20,0.4903082011319828,0.84
[3],0.01,0.01,0.0,0.1,0.9,relu,sgd,0.0,32,xavier,"(-0.5, 0.5)",20,0.5877544837961524,0.6
[3],0.01,0.01,0.0,0.1,0.9,relu,sgd,0.0,32,he,"(-0.5, 0.5)",20,0.45034901669705996,0.8
[3],0.01,0.01,0.0,0.1,0.9,relu,sgd,0.01,32,xavier,"(-0.5, 0.5)",20,0.5942190808355519,0.6
[3],0.01,0.01,0.0,0.1,0.9,relu,sgd,0.01,32,he,"(-0.5, 0.5)",20,0.6135011623657306,0.68
[3],0.01,0.01,0.0,0.1,0.9,relu,adam,0.0,32,xavier,"(-0.5, 0.5)",20,0.5615292167173407,0.76
[3],0.01,0.01,0.0,0.1,0.9,relu,adam,0.0,32,he,"(-0.5, 0.5)",20,0.3166177472119684,0.88
[3],0.01,0.01,0.0,0.1,0.9,relu,adam,0.01,32,xavier,"(-0.5, 0.5)",20,0.4290953350184243,0.84
[3],0.01,0.01,0.0,0.1,0.9,relu,adam,0.01,32,he,"(-0.5, 0.5)",20,0.404975913954642,0.84
[3],0.01,0.01,0.0,0.2,0.8,tanh,sgd,0.0,32,xavier,"(-0.5, 0.5)",20,0.6238618981213185,0.64
[3],0.01,0.01,0.0,0.2,0.8,tanh,sgd,0.0,32,he,"(-0.5, 0.5)",20,0.5608240995978364,0.68
[3],0.01,0.01,0.0,0.2,0.8,tanh,sgd,0.01,32,xavier,"(-0.5, 0.5)",20,0.584446465235882,0.88
[3],0.01,0.01,0.0,0.2,0.8,tanh,sgd,0.01,32,he,"(-0.5, 0.5)",20,0.5942908578990679,0.64
[3],0.01,0.01,0.0,0.2,0.8,tanh,adam,0.0,32,xavier,"(-0.5, 0.5)",20,0.4775233500991908,0.84
[3],0.01,0.01,0.0,0.2,0.8,tanh,adam,0.0,32,he,"(-0.5, 0.5)",20,0.5333664776417548,0.8
[3],0.01,0.01,0.0,0.2,0.8,tanh,adam,0.01,32,xavier,"(-0.5, 0.5)",20,0.488602868953297,0.84
[3],0.01,0.01,0.0,0.2,0.8,tanh,adam,0.01,32,he,"(-0.5, 0.5)",20,0.45197264047052693,0.84
[3],0.01,0.01,0.0,0.2,0.8,relu,sgd,0.0,32,xavier,"(-0.5, 0.5)",20,0.5714085920796536,0.64
[3],0.01,0.01,0.0,0.2,0.8,relu,sgd,0.0,32,he,"(-0.5, 0.5)",20,0.6952956640549648,0.56
[3],0.01,0.01,0.0,0.2,0.8,relu,sgd,0.01,32,xavier,"(-0.5, 0.5)",20,0.6493149037147371,0.72
[3],0.01,0.01,0.0,0.2,0.8,relu,sgd,0.01,32,he,"(-0.5, 0.5)",20,0.6426437676092711,0.56
[3],0.01,0.01,0.0,0.2,0.8,relu,adam,0.0,32,xavier,"(-0.5, 0.5)",20,0.451928110326069,0.84
[3],0.01,0.01,0.0,0.2,0.8,relu,adam,0.0,32,he,"(-0.5, 0.5)",20,0.30357241851284905,0.88
[3],0.01,0.01,0.0,0.2,0.8,relu,adam,0.01,32,xavier,"(-0.5, 0.5)",20,0.44036712349127144,0.76
[3],0.01,0.01,0.0,0.2,0.8,relu,adam,0.01,32,he,"(-0.5, 0.5)",20,0.35137675288265247,0.84
[3],0.01,0.01,0.0,0.2,0.9,tanh,sgd,0.0,32,xavier,"(-0.5, 0.5)",20,0.5087831049089423,0.76
[3],0.01,0.01,0.0,0.2,0.9,tanh,sgd,0.0,32,he,"(-0.5, 0.5)",20,0.5862973602053929,0.68
[3],0.01,0.01,0.0,0.2,0.9,tanh,sgd,0.01,32,xavier,"(-0.5, 0.5)",20,0.5459280467015544,0.8
[3],0.01,0.01,0.0,0.2,0.9,tanh,sgd,0.01,32,he,"(-0.5, 0.5)",20,0.5767631444785143,0.68
[3],0.01,0.01,0.0,0.2,0.9,tanh,adam,0.0,32,xavier,"(-0.5, 0.5)",20,0.44392318166185984,0.76
[3],0.01,0.01,0.0,0.2,0.9,tanh,adam,0.0,32,he,"(-0.5, 0.5)",20,0.4313671941241803,0.88
[3],0.01,0.01,0.0,0.2,0.9,tanh,adam,0.01,32,xavier,"(-0.5, 0.5)",20,0.5076466934400611,0.76
[3],0.01,0.01,0.0,0.2,0.9,tanh,adam,0.01,32,he,"(-0.5, 0.5)",20,0.5156680404132816,0.8
[3],0.01,0.01,0.0,0.2,0.9,relu,sgd,0.0,32,xavier,"(-0.5, 0.5)",20,0.48823459326825275,0.84
[3],0.01,0.01,0.0,0.2,0.9,relu,sgd,0.0,32,he,"(-0.5, 0.5)",20,0.44837844828913076,0.8
[3],0.01,0.01,0.0,0.2,0.9,relu,sgd,0.01,32,xavier,"(-0.5, 0.5)",20,0.49825405122810756,0.72
[3],0.01,0.01,0.0,0.2,0.9,relu,sgd,0.01,32,he,"(-0.5, 0.5)",20,0.5498127186869288,0.76
[3],0.01,0.01,0.0,0.2,0.9,relu,adam,0.0,32,xavier,"(-0.5, 0.5)",20,0.49853475099206185,0.76
[3],0.01,0.01,0.0,0.2,0.9,relu,adam,0.0,32,he,"(-0.5, 0.5)",20,0.43578771219628265,0.76
[3],0.01,0.01,0.0,0.2,0.9,relu,adam,0.01,32,xavier,"(-0.5, 0.5)",20,0.46142624747253735,0.8
[3],0.01,0.01,0.0,0.2,0.9,relu,adam,0.01,32,he,"(-0.5, 0.5)",20,0.4590616849316609,0.8
[3],0.01,0.01,0.002,0.0,0.8,tanh,sgd,0.0,32,xavier,"(-0.5, 0.5)",20,0.6461305277851197,0.56
[3],0.01,0.01,0.002,0.0,0.8,tanh,sgd,0.0,32,he,"(-0.5, 0.5)",20,0.5994537150531206,0.8
[3],0.01,0.01,0.002,0.0,0.8,tanh,sgd,0.01,32,xavier,"(-0.5, 0.5)",20,0.7085382715586005,0.52
[3],0.01,0.01,0.002,0.0,0.8,tanh,sgd,0.01,32,he,"(-0.5, 0.5)",20,0.6092859097445166,0.72
[3],0.01,0.01,0.002,0.0,0.8,tanh,adam,0.0,32,xavier,"(-0.5, 0.5)",20,0.49895142695280414,0.84
[3],0.01,0.01,0.002,0.0,0.8,tanh,adam,0.0,32,he,"(-0.5, 0.5)",20,0.48220134025285594,0.68
[3],0.01,0.01,0.002,0.0,0.8,tanh,adam,0.01,32,xavier,"(-0.5, 0.5)",20,0.4740637471331385,0.84
[3],0.01,0.01,0.002,0.0,0.8,tanh,adam,0.01,32,he,"(-0.5, 0.5)",20,0.5119307095554517,0.8
[3],0.01,0.01,0.002,0.0,0.8,relu,sgd,0.0,32,xavier,"(-0.5, 0.5)",20,0.6775966397733056,0.6
[3],0.01,0.01,0.002,0.0,0.8,relu,sgd,0.0,32,he,"(-0.5, 0.5)",20,0.7110558066575626,0.4
[3],0.01,0.01,0.002,0.0,0.8,relu,sgd,0.01,32,xavier,"(-0.5, 0.5)",20,0.6861193514948618,0.56
[3],0.01,0.01,0.002,0.0,0.8,relu,sgd,0.01,32,he,"(-0.5, 0.5)",20,0.4640053122139953,0.84
[3],0.01,0.01,0.002,0.0,0.8,relu,adam,0.0,32,xavier,"(-0.5, 0.5)",20,0.20639990333700042,0.96
[3],0.01,0.01,0.002,0.0,0.8,relu,adam,0.0,32,he,"(-0.5, 0.5)",20,0.4092271911544926,0.88
[3],0.01,0.01,0.002,0.0,0.8,relu,adam,0.01,32,xavier,"(-0.5, 0.5)",20,0.41495626234709465,0.8
[3],0.01,0.01,0.002,0.0,0.8,relu,adam,0.01,32,he,"(-0.5, 0.5)",20,0.37931316609004717,0.88
[3],0.01,0.01,0.002,0.0,0.9,tanh,sgd,0.0,32,xavier,"(-0.5, 0.5)",20,0.5141537969194412,0.84
[3],0.01,0.01,0.002,0.0,0.9,tanh,sgd,0.0,32,he,"(-0.5, 0.5)",20,0.5111632852284261,0.84
[3],0.01,0.01,0.002,0.0,0.9,tanh,sgd,0.01,32,xavier,"(-0.5, 0.5)",20,0.5521389808921707,0.76
[3],0.01,0.01,0.002,0.0,0.9,tanh,sgd,0.01,32,he,"(-0.5, 0.5)",20,0.6020288876359614,0.72
[3],0.01,0.01,0.002,0.0,0.9,tanh,adam,0.0,32,xavier,"(-0.5, 0.5)",20,0.4542010295771686,0.8
[3],0.01,0.01,0.002,0.0,0.9,tanh,adam,0.0,32,he,"(-0.5, 0.5)",20,0.49089985379710555,0.76
[3],0.01,0.01,0.002,0.0,0.9,tanh,adam,0.01,32,xavier,"(-0.5, 0.5)",20,0.49010741485533454,0.84
[3],0.01,0.01,0.002,0.0,0.9,tanh,adam,0.01,32,he,"(-0.5, 0.5)",20,0.568057531331869,0.72
[3],0.01,0.01,0.002,0.0,0.9,relu,sgd,0.0,32,xavier,"(-0.5, 0.5)",20,0.5562527529520008,0.72
[3],0.01,0.01,0.002,0.0,0.9,relu,sgd,0.0,32,he,"(-0.5, 0.5)",20,0.614346242833403,0.56
[3],0.01,0.01,0.002,0.0,0.9,relu,sgd,0.01,32,xavier,"(-0.5, 0.5)",20,0.6620786902989311,0.48
[3],0.01,0.01,0.002,0.0,0.9,relu,sgd,0.01,32,he,"(-0.5, 0.5)",20,0.7021440725171261,0.4
[3],0.01,0.01,0.002,0.0,0.9,relu,adam,0.0,32,xavier,"(-0.5, 0.5)",20,0.43957554774371044,0.8
[3],0.01,0.01,0.002,0.0,0.9,relu,adam,0.0,32,he,"(-0.5, 0.5)",20,0.6964078452628245,0.4
[3],0.01,0.01,0.002,0.0,0.9,relu,adam,0.01,32,xavier,"(-0.5, 0.5)",20,0.2757694492997004,0.84
[3],0.01,0.01,0.002,0.0,0.9,relu,adam,0.01,32,he,"(-0.5, 0.5)",20,0.43683900326479014,0.76
[3],0.01,0.01,0.002,0.1,0.8,tanh,sgd,0.0,32,xavier,"(-0.5, 0.5)",20,0.6411290150675829,0.64
[3],0.01,0.01,0.002,0.1,0.8,tanh,sgd,0.0,32,he,"(-0.5, 0.5)",20,0.5868131008723906,0.72
[3],0.01,0.01,0.002,0.1,0.8,tanh,sgd,0.01,32,xavier,"(-0.5, 0.5)",20,0.6334494889048488,0.68
[3],0.01,0.01,0.002,0.1,0.8,tanh,sgd,0.01,32,he,"(-0.5, 0.5)",20,0.6826524015816972,0.6
[3],0.01,0.01,0.002,0.1,0.8,tanh,adam,0.0,32,xavier,"(-0.5, 0.5)",20,0.4277320746527545,0.76
[3],0.01,0.01,0.002,0.1,0.8,tanh,adam,0.0,32,he,"(-0.5, 0.5)",20,0.4507234213519175,0.8
[3],0.01,0.01,0.002,0.1,0.8,tanh,adam,0.01,32,xavier,"(-0.5, 0.5)",20,0.5538786736751545,0.72
[3],0.01,0.01,0.002,0.1,0.8,tanh,adam,0.01,32,he,"(-0.5, 0.5)",20,0.4572200324662811,0.8
[3],0.01,0.01,0.002,0.1,0.8,relu,sgd,0.0,32,xavier,"(-0.5, 0.5)",20,0.6123237176343491,0.76
[3],0.01,0.01,0.002,0.1,0.8,relu,sgd,0.0,32,he,"(-0.5, 0.5)",20,0.6823315515179905,0.48
[3],0.01,0.01,0.002,0.1,0.8,relu,sgd,0.01,32,xavier,"(-0.5, 0.5)",20,0.6444157525647088,0.56
[3],0.01,0.01,0.002,0.1,0.8,relu,sgd,0.01,32,he,"(-0.5, 0.5)",20,0.5509963513632398,0.76
[3],0.01,0.01,0.002,0.1,0.8,relu,adam,0.0,32,xavier,"(-0.5, 0.5)",20,0.4724057697634596,0.84
[3],0.01,0.01,0.002,0.1,0.8,relu,adam,0.0,32,he,"(-0.5, 0.5)",20,0.3997133818496759,0.76
[3],0.01,0.01,0.002,0.1,0.8,relu,adam,0.01,32,xavier,"(-0.5, 0.5)",20,0.3157409973421169,0.88
[3],0.01,0.01,0.002,0.1,0.8,relu,adam,0.01,32,he,"(-0.5, 0.5)",20,0.5314586825821711,0.8
[3],0.01,0.01,0.002,0.1,0.9,tanh,sgd,0.0,32,xavier,"(-0.5, 0.5)",20,0.49548078151167096,0.84
[3],0.01,0.01,0.002,0.1,0.9,tanh,sgd,0.0,32,he,"(-0.5, 0.5)",20,0.5801911674271133,0.64
[3],0.01,0.01,0.002,0.1,0.9,tanh,sgd,0.01,32,xavier,"(-0.5, 0.5)",20,0.5473078247868502,0.76
[3],0.01,0.01,0.002,0.1,0.9,tanh,sgd,0.01,32,he,"(-0.5, 0.5)",20,0.5046973000022767,0.88
[3],0.01,0.01,0.002,0.1,0.9,tanh,adam,0.0,32,xavier,"(-0.5, 0.5)",20,0.49026741682463576,0.8
[3],0.01,0.01,0.002,0.1,0.9,tanh,adam,0.0,32,he,"(-0.5, 0.5)",20,0.39423190643693645,0.88
[3],0.01,0.01,0.002,0.1,0.9,tanh,adam,0.01,32,xavier,"(-0.5, 0.5)",20,0.5274335385972757,0.8
[3],0.01,0.01,0.002,0.1,0.9,tanh,adam,0.01,32,he,"(-0.5, 0.5)",20,0.42291009281901487,0.88
[3],0.01,0.01,0.002,0.1,0.9,relu,sgd,0.0,32,xavier,"(-0.5, 0.5)",20,0.6980283749497509,0.48
[3],0.01,0.01,0.002,0.1,0.9,relu,sgd,0.0,32,he,"(-0.5, 0.5)",20,0.5648767594076937,0.84
[3],0.01,0.01,0.002,0.1,0.9,relu,sgd,0.01,32,xavier,"(-0.5, 0.5)",20,0.6972828020366462,0.48
[3],0.01,0.01,0.002,0.1,0.9,relu,sgd,0.01,32,he,"(-0.5, 0.5)",20,0.6592376296974479,0.6
[3],0.01,0.01,0.002,0.1,0.9,relu,adam,0.0,32,xavier,"(-0.5, 0.5)",20,0.3142748280580416,0.88
[3],0.01,0.01,0.002,0.1,0.9,relu,adam,0.0,32,he,"(-0.5, 0.5)",20,0.4213276272239864,0.88
[3],0.01,0.01,0.002,0.1,0.9,relu,adam,0.01,32,xavier,"(-0.5, 0.5)",20,0.38813537129003745,0.88
[3],0.01,0.01,0.002,0.1,0.9,relu,adam,0.01,32,he,"(-0.5, 0.5)",20,0.40070621635637205,0.88
[3],0.01,0.01,0.002,0.2,0.8,tanh,sgd,0.0,32,xavier,"(-0.5, 0.5)",20,0.5729576664649894,0.72
[3],0.01,0.01,0.002,0.2,0.8,tanh,sgd,0.0,32,he,"(-0.5, 0.5)",20,0.588338125598116,0.72
[3],0.01,0.01,0.002,0.2,0.8,tanh,sgd,0.01,32,xavier,"(-0.5, 0.5)",20,0.5813781688378168,0.72
[3],0.01,0.01,0.002,0.2,0.8,tanh,sgd,0.01,32,he,"(-0.5, 0.5)",20,0.6928000025146956,0.56
[3],0.01,0.01,0.002,0.2,0.8,tanh,adam,0.0,32,xavier,"(-0.5, 0.5)",20,0.4371881317193345,0.8
[3],0.01,0.01,0.002,0.2,0.8,tanh,adam,0.0,32,he,"(-0.5, 0.5)",20,0.4676281005180379,0.88
[3],0.01,0.01,0.002,0.2,0.8,tanh,adam,0.01,32,xavier,"(-0.5, 0.5)",20,0.49684411300207904,0.84
[3],0.01,0.01,0.002,0.2,0.8,tanh,adam,0.01,32,he,"(-0.5, 0.5)",20,0.46997523639556454,0.8
[3],0.01,0.01,0.002,0.2,0.8,relu,sgd,0.0,32,xavier,"(-0.5, 0.5)",20,0.5692088515575411,0.64
[3],0.01,0.01,0.002,0.2,0.8,relu,sgd,0.0,32,he,"(-0.5, 0.5)",20,0.5362279643292975,0.84
[3],0.01,0.01,0.002,0.2,0.8,relu,sgd,0.01,32,xavier,"(-0.5, 0.5)",20,0.6739674145645448,0.72
[3],0.01,0.01,0.002,0.2,0.8,relu,sgd,0.01,32,he,"(-0.5, 0.5)",20,0.6007357015511819,0.64
[3],0.01,0.01,0.002,0.2,0.8,relu,adam,0.0,32,xavier,"(-0.5, 0.5)",20,0.43445927637382176,0.84
[3],0.01,0.01,0.002,0.2,0.8,relu,adam,0.0,32,he,"(-0.5, 0.5)",20,0.37358141118885485,0.76
[3],0.01,0.01,0.002,0.2,0.8,relu,adam,0.01,32,xavier,"(-0.5, 0.5)",20,0.3490417878613687,0.8
[3],0.01,0.01,0.002,0.2,0.8,relu,adam,0.01,32,he,"(-0.5, 0.5)",20,0.47576620105737333,0.8
[3],0.01,0.01,0.002,0.2,0.9,tanh,sgd,0.0,32,xavier,"(-0.5, 0.5)",20,0.6101456202793258,0.56
[3],0.01,0.01,0.002,0.2,0.9,tanh,sgd,0.0,32,he,"(-0.5, 0.5)",20,0.5411305434762779,0.76
[3],0.01,0.01,0.002,0.2,0.9,tanh,sgd,0.01,32,xavier,"(-0.5, 0.5)",20,0.5910670373382917,0.64
[3],0.01,0.01,0.002,0.2,0.9,tanh,sgd,0.01,32,he,"(-0.5, 0.5)",20,0.5068391069337393,0.8
[3],0.01,0.01,0.002,0.2,0.9,tanh,adam,0.0,32,xavier,"(-0.5, 0.5)",20,0.46340258981029364,0.84
[3],0.01,0.01,0.002,0.2,0.9,tanh,adam,0.0,32,he,"(-0.5, 0.5)",20,0.4864885137940974,0.84
[3],0.01,0.01,0.002,0.2,0.9,tanh,adam,0.01,32,xavier,"(-0.5, 0.5)",20,0.43840957809375986,0.8
[3],0.01,0.01,0.002,0.2,0.9,tanh,adam,0.01,32,he,"(-0.5, 0.5)",20,0.499165492244971,0.88
[3],0.01,0.01,0.002,0.2,0.9,relu,sgd,0.0,32,xavier,"(-0.5, 0.5)",20,0.5065432013273409,0.84
[3],0.01,0.01,0.002,0.2,0.9,relu,sgd,0.0,32,he,"(-0.5, 0.5)",20,0.5951348657210531,0.64
[3],0.01,0.01,0.002,0.2,0.9,relu,sgd,0.01,32,xavier,"(-0.5, 0.5)",20,0.5663844095465235,0.72
[3],0.01,0.01,0.002,0.2,0.9,relu,sgd,0.01,32,he,"(-0.5, 0.5)",20,0.47556131951750835,0.84
[3],0.01,0.01,0.002,0.2,0.9,relu,adam,0.0,32,xavier,"(-0.5, 0.5)",20,0.4106103350109825,0.84
[3],0.01,0.01,0.002,0.2,0.9,relu,adam,0.0,32,he,"(-0.5, 0.5)",20,0.42154185851905984,0.8
[3],0.01,0.01,0.002,0.2,0.9,relu,adam,0.01,32,xavier,"(-0.5, 0.5)",20,0.45978556513248164,0.76
[3],0.01,0.01,0.002,0.2,0.9,relu,adam,0.01,32,he,"(-0.5, 0.5)",20,0.5630109068030547,0.8
[3],0.05,0.0,0.0,0.0,0.8,tanh,sgd,0.0,32,xavier,"(-0.5, 0.5)",20,0.4434088156091034,0.84
[3],0.05,0.0,0.0,0.0,0.8,tanh,sgd,0.0,32,he,"(-0.5, 0.5)",20,0.41310627399809685,0.8
[3],0.05,0.0,0.0,0.0,0.8,tanh,sgd,0.01,32,xavier,"(-0.5, 0.5)",20,0.4446731729416736,0.88
[3],0.05,0.0,0.0,0.0,0.8,tanh,sgd,0.01,32,he,"(-0.5, 0.5)",20,0.5321612454877696,0.8
[3],0.05,0.0,0.0,0.0,0.8,tanh,adam,0.0,32,xavier,"(-0.5, 0.5)",20,0.2928102448009791,0.88
[3],0.05,0.0,0.0,0.0,0.8,tanh,adam,0.0,32,he,"(-0.5, 0.5)",20,0.14317639491812073,0.96
[3],0.05,0.0,0.0,0.0,0.8,tanh,adam,0.01,32,xavier,"(-0.5, 0.5)",20,0.4726712975364177,0.8
[3],0.05,0.0,0.0,0.0,0.8,tanh,adam,0.01,32,he,"(-0.5, 0.5)",20,0.06020685213805987,1.0
[3],0.05,0.0,0.0,0.0,0.8,relu,sgd,0.0,32,xavier,"(-0.5, 0.5)",20,0.31003764282700835,0.92
[3],0.05,0.0,0.0,0.0,0.8,relu,sgd,0.0,32,he,"(-0.5, 0.5)",20,0.6966131877763823,0.36
[3],0.05,0.0,0.0,0.0,0.8,relu,sgd,0.01,32,xavier,"(-0.5, 0.5)",20,0.3173747733622423,0.88
[3],0.05,0.0,0.0,0.0,0.8,relu,sgd,0.01,32,he,"(-0.5, 0.5)",20,0.5707973510639408,0.68
[3],0.05,0.0,0.0,0.0,0.8,relu,adam,0.0,32,xavier,"(-0.5, 0.5)",20,0.4717835572060217,0.8
[3],0.05,0.0,0.0,0.0,0.8,relu,adam,0.0,32,he,"(-0.5, 0.5)",20,0.6934379253672113,0.4
[3],0.05,0.0,0.0,0.0,0.8,relu,adam,0.01,32,xavier,"(-0.5, 0.5)",20,0.15677746725450342,0.88
[3],0.05,0.0,0.0,0.0,0.8,relu,adam,0.01,32,he,"(-0.5, 0.5)",20,0.1057583838927443,0.96
[3],0.05,0.0,0.0,0.0,0.9,tanh,sgd,0.0,32,xavier,"(-0.5, 0.5)",20,0.24861509731017878,0.88
[3],0.05,0.0,0.0,0.0,0.9,tanh,sgd,0.0,32,he,"(-0.5, 0.5)",20,0.34152241852733634,0.84
[3],0.05,0.0,0.0,0.0,0.9,tanh,sgd,0.01,32,xavier,"(-0.5, 0.5)",20,0.28294312718383124,0.84
[3],0.05,0.0,0.0,0.0,0.9,tanh,sgd,0.01,32,he,"(-0.5, 0.5)",20,0.4489108802282526,0.84
[3],0.05,0.0,0.0,0.0,0.9,tanh,adam,0.0,32,xavier,"(-0.5, 0.5)",20,0.2481430586312816,0.84
[3],0.05,0.0,0.0,0.0,0.9,tanh,adam,0.0,32,he,"(-0.5, 0.5)",20,0.02471634816689677,1.0
[3],0.05,0.0,0.0,0.0,0.9,tanh,adam,0.01,32,xavier,"(-0.5, 0.5)",20,0.21279518438416364,0.92
[3],0.05,0.0,0.0,0.0,0.9,tanh,adam,0.01,32,he,"(-0.5, 0.5)",20,0.19872685954798755,0.92
[3],0.05,0.0,0.0,0.0,0.9,relu,sgd,0.0,32,xavier,"(-0.5, 0.5)",20,0.5648159250759671,0.64
[3],0.05,0.0,0.0,0.0,0.9,relu,sgd,0.0,32,he,"(-0.5, 0.5)",20,0.2153095935215546,0.84
[3],0.05,0.0,0.0,0.0,0.9,relu,sgd,0.01,32,xavier,"(-0.5, 0.5)",20,0.25449772810515886,0.88
[3],0.05,0.0,0.0,0.0,0.9,relu,sgd,0.01,32,he,"(-0.5, 0.5)",20,0.3765596352427771,0.84
[3],0.05,0.0,0.0,0.0,0.9,relu,adam,0.0,32,xavier,"(-0.5, 0.5)",20,0.07258306236693236,1.0
[3],0.05,0.0,0.0,0.0,0.9,relu,adam,0.0,32,he,"(-0.5, 0.5)",20,0.2695440494845376,0.92
[3],0.05,0.0,0.0,0.0,0.9,relu,adam,0.01,32,xavier,"(-0.5, 0.5)",20,0.19697252028118625,0.92
[3],0.05,0.0,0.0,0.0,0.9,relu,adam,0.01,32,he,"(-0.5, 0.5)",20,0.272099825751326,0.92
[3],0.05,0.0,0.0,0.1,0.8,tanh,sgd,0.0,32,xavier,"(-0.5, 0.5)",20,0.44917595994509285,0.76
[3],0.05,0.0,0.0,0.1,0.8,tanh,sgd,0.0,32,he,"(-0.5, 0.5)",20,0.49157256709539093,0.8
[3],0.05,0.0,0.0,0.1,0.8,tanh,sgd,0.01,32,xavier,"(-0.5, 0.5)",20,0.4268936762232364,0.84
[3],0.05,0.0,0.0,0.1,0.8,tanh,sgd,0.01,32,he,"(-0.5, 0.5)",20,0.4480730443132614,0.88
[3],0.05,0.0,0.0,0.1,0.8,tanh,adam,0.0,32,xavier,"(-0.5, 0.5)",20,0.48704616886750324,0.72
[3],0.05,0.0,0.0,0.1,0.8,tanh,adam,0.0,32,he,"(-0.5, 0.5)",20,0.3048322998607887,0.84
[3],0.05,0.0,0.0,0.1,0.8,tanh,adam,0.01,32,xavier,"(-0.5, 0.5)",20,0.08264658429120812,1.0
[3],0.05,0.0,0.0,0.1,0.8,tanh,adam,0.01,32,he,"(-0.5, 0.5)",20,0.46891653374849007,0.76
[3],0.05,0.0,0.0,0.1,0.8,relu,sgd,0.0,32,xavier,"(-0.5, 0.5)",20,0.37230752177041837,0.76
[3],0.05,0.0,0.0,0.1,0.8,relu,sgd,0.0,32,he,"(-0.5, 0.5)",20,0.31211597069423297,0.84
[3],0.05,0.0,0.0,0.1,0.8,relu,sgd,0.01,32,xavier,"(-0.5, 0.5)",20,0.45336274625148687,0.84
[3],0.05,0.0,0.0,0.1,0.8,relu,sgd,0.01,32,he,"(-0.5, 0.5)",20,0.45546219725405945,0.8
[3],0.05,0.0,0.0,0.1,0.8,relu,adam,0.0,32,xavier,"(-0.5, 0.5)",20,0.1888290345630076,0.96
[3],0.05,0.0,0.0,0.1,0.8,relu,adam,0.0,32,he,"(-0.5, 0.5)",20,0.32125576457053656,0.88
[3],0.05,0.0,0.0,0.1,0.8,relu,adam,0.01,32,xavier,"(-0.5, 0.5)",20,0.5483421204637469,0.72
[3],0.05,0.0,0.0,0.1,0.8,relu,adam,0.01,32,he,"(-0.5, 0.5)",20,0.1312447760536203,0.96
[3],0.05,0.0,0.0,0.1,0.9,tanh,sgd,0.0,32,xavier,"(-0.5, 0.5)",20,0.3044440101243284,0.92
[3],0.05,0.0,0.0,0.1,0.9,tanh,sgd,0.0,32,he,"(-0.5, 0.5)",20,0.2083048987533174,0.88
[3],0.05,0.0,0.0,0.1,0.9,tanh,sgd,0.01,32,xavier,"(-0.5, 0.5)",20,0.3888636129963388,0.8
[3],0.05,0.0,0.0,0.1,0.9,tanh,sgd,0.01,32,he,"(-0.5, 0.5)",20,0.46974750104769797,0.8
[3],0.05,0.0,0.0,0.1,0.9,tanh,adam,0.0,32,xavier,"(-0.5, 0.5)",20,0.04943315648488236,1.0
[3],0.05,0.0,0.0,0.1,0.9,tanh,adam,0.0,32,he,"(-0.5, 0.5)",20,0.1743490069514399,0.92
[3],0.05,0.0,0.0,0.1,0.9,tanh,adam,0.01,32,xavier,"(-0.5, 0.5)",20,0.23448438934064825,0.92
[3],0.05,0.0,0.0,0.1,0.9,tanh,adam,0.01,32,he,"(-0.5, 0.5)",20,0.32326776691157627,0.8
[3],0.05,0.0,0.0,0.1,0.9,relu,sgd,0.0,32,xavier,"(-0.5, 0.5)",20,0.5821329844746227,0.64
[3],0.05,0.0,0.0,0.1,0.9,relu,sgd,0.0,32,he,"(-0.5, 0.5)",20,0.16638085174435713,0.96
[3],0.05,0.0,0.0,0.1,0.9,relu,sgd,0.01,32,xavier,"(-0.5, 0.5)",20,0.25082240131851474,0.88
[3],0.05,0.0,0.0,0.1,0.9,relu,sgd,0.01,32,he,"(-0.5, 0.5)",20,0.29187497373825294,0.88
[3],0.05,0.0,0.0,0.1,0.9,relu,adam,0.0,32,xavier,"(-0.5, 0.5)",20,0.23506625490577648,0.88
[3],0.05,0.0,0.0,0.1,0.9,relu,adam,0.0,32,he,"(-0.5, 0.5)",20,0.2937294070917357,0.92
[3],0.05,0.0,0.0,0.1,0.9,relu,adam,0.01,32,xavier,"(-0.5, 0.5)",20,0.3274350233075098,0.88
[3],0.05,0.0,0.0,0.1,0.9,relu,adam,0.01,32,he,"(-0.5, 0.5)",20,0.23725381927766268,0.92
[3],0.05,0.0,0.0,0.2,0.8,tanh,sgd,0.0,32,xavier,"(-0.5, 0.5)",20,0.4224644113951787,0.8
[3],0.05,0.0,0.0,0.2,0.8,tanh,sgd,0.0,32,he,"(-0.5, 0.5)",20,0.47253988677909686,0.8
[3],0.05,0.0,0.0,0.2,0.8,tanh,sgd,0.01,32,xavier,"(-0.5, 0.5)",20,0.44507015122881133,0.8
[3],0.05,0.0,0.0,0.2,0.8,tanh,sgd,0.01,32,he,"(-0.5, 0.5)",20,0.36466299363780935,0.88
[3],0.05,0.0,0.0,0.2,0.8,tanh,adam,0.0,32,xavier,"(-0.5, 0.5)",20,0.2891807882242193,0.88
[3],0.05,0.0,0.0,0.2,0.8,tanh,adam,0.0,32,he,"(-0.5, 0.5)",20,0.29607530902354695,0.84
[3],0.05,0.0,0.0,0.2,0.8,tanh,adam,0.01,32,xavier,"(-0.5, 0.5)",20,0.383501215978833,0.84
[3],0.05,0.0,0.0,0.2,0.8,tanh,adam,0.01,32,he,"(-0.5, 0.5)",20,0.42057332986158213,0.88
[3],0.05,0.0,0.0,0.2,0.8,relu,sgd,0.0,32,xavier,"(-0.5, 0.5)",20,0.45466192819459406,0.84
[3],0.05,0.0,0.0,0.2,0.8,relu,sgd,0.0,32,he,"(-0.5, 0.5)",20,0.3984654562876196,0.8
[3],0.05,0.0,0.0,0.2,0.8,relu,sgd,0.01,32,xavier,"(-0.5, 0.5)",20,0.45857287517826806,0.84
[3],0.05,0.0,0.0,0.2,0.8,relu,sgd,0.01,32,he,"(-0.5, 0.5)",20,0.6278321608877101,0.6
[3],0.05,0.0,0.0,0.2,0.8,relu,adam,0.0,32,xavier,"(-0.5, 0.5)",20,0.4202797643319578,0.8
[3],0.05,0.0,0.0,0.2,0.8,relu,adam,0.0,32,he,"(-0.5, 0.5)",20,0.4731929621646708,0.76
[3],0.05,0.0,0.0,0.2,0.8,relu,adam,0.01,32,xavier,"(-0.5, 0.5)",20,0.32225000325484643,0.84
[3],0.05,0.0,0.0,0.2,0.8,relu,adam,0.01,32,he,"(-0.5, 0.5)",20,0.21856359213085855,0.88
[3],0.05,0.0,0.0,0.2,0.9,tanh,sgd,0.0,32,xavier,"(-0.5, 0.5)",20,0.3738497619469382,0.8
[3],0.05,0.0,0.0,0.2,0.9,tanh,sgd,0.0,32,he,"(-0.5, 0.5)",20,0.40089321327368777,0.8
[3],0.05,0.0,0.0,0.2,0.9,tanh,sgd,0.01,32,xavier,"(-0.5, 0.5)",20,0.4265340082416905,0.88
[3],0.05,0.0,0.0,0.2,0.9,tanh,sgd,0.01,32,he,"(-0.5, 0.5)",20,0.4065311777927774,0.8
[3],0.05,0.0,0.0,0.2,0.9,tanh,adam,0.0,32,xavier,"(-0.5, 0.5)",20,0.39739282761317,0.88
[3],0.05,0.0,0.0,0.2,0.9,tanh,adam,0.0,32,he,"(-0.5, 0.5)",20,0.1465617503040603,0.96
[3],0.05,0.0,0.0,0.2,0.9,tanh,adam,0.01,32,xavier,"(-0.5, 0.5)",20,0.40887054278783475,0.84
[3],0.05,0.0,0.0,0.2,0.9,tanh,adam,0.01,32,he,"(-0.5, 0.5)",20,0.45056207346205623,0.76
[3],0.05,0.0,0.0,0.2,0.9,relu,sgd,0.0,32,xavier,"(-0.5, 0.5)",20,0.4643383823656977,0.68
[3],0.05,0.0,0.0,0.2,0.9,relu,sgd,0.0,32,he,"(-0.5, 0.5)",20,0.26369900788313755,0.88
[3],0.05,0.0,0.0,0.2,0.9,relu,sgd,0.01,32,xavier,"(-0.5, 0.5)",20,0.5622772127836833,0.84
[3],0.05,0.0,0.0,0.2,0.9,relu,sgd,0.01,32,he,"(-0.5, 0.5)",20,0.43821899065210657,0.64
[3],0.05,0.0,0.0,0.2,0.9,relu,adam,0.0,32,xavier,"(-0.5, 0.5)",20,0.23794651461433636,0.88
[3],0.05,0.0,0.0,0.2,0.9,relu,adam,0.0,32,he,"(-0.5, 0.5)",20,0.38211604260629506,0.88
[3],0.05,0.0,0.0,0.2,0.9,relu,adam,0.01,32,xavier,"(-0.5, 0.5)",20,0.3694615301614856,0.84
[3],0.05,0.0,0.0,0.2,0.9,relu,adam,0.01,32,he,"(-0.5, 0.5)",20,0.2421359478605803,1.0
[3],0.05,0.0,0.002,0.0,0.8,tanh,sgd,0.0,32,xavier,"(-0.5, 0.5)",20,0.44638281645529587,0.8
[3],0.05,0.0,0.002,0.0,0.8,tanh,sgd,0.0,32,he,"(-0.5, 0.5)",20,0.5078867200545449,0.88
[3],0.05,0.0,0.002,0.0,0.8,tanh,sgd,0.01,32,xavier,"(-0.5, 0.5)",20,0.43402061284243,0.8
[3],0.05,0.0,0.002,0.0,0.8,tanh,sgd,0.01,32,he,"(-0.5, 0.5)",20,0.4465196918125965,0.88
[3],0.05,0.0,0.002,0.0,0.8,tanh,adam,0.0,32,xavier,"(-0.5, 0.5)",20,0.2528497100477833,0.88
[3],0.05,0.0,0.002,0.0,0.8,tanh,adam,0.0,32,he,"(-0.5, 0.5)",20,0.3862876134347411,0.8
[3],0.05,0.0,0.002,0.0,0.8,tanh,adam,0.01,32,xavier,"(-0.5, 0.5)",20,0.42090608813196057,0.88
[3],0.05,0.0,0.002,0.0,0.8,tanh,adam,0.01,32,he,"(-0.5, 0.5)",20,0.3504038220491064,0.84
[3],0.05,0.0,0.002,0.0,0.8,relu,sgd,0.0,32,xavier,"(-0.5, 0.5)",20,0.1900887027710395,0.96
[3],0.05,0.0,0.002,0.0,0.8,relu,sgd,0.0,32,he,"(-0.5, 0.5)",20,0.481975520699283,0.88
[3],0.05,0.0,0.002,0.0,0.8,relu,sgd,0.01,32,xavier,"(-0.5, 0.5)",20,0.2812072236558965,0.92
[3],0.05,0.0,0.002,0.0,0.8,relu,sgd,0.01,32,he,"(-0.5, 0.5)",20,0.35882785661797195,1.0
[3],0.05,0.0,0.002,0.0,0.8,relu,adam,0.0,32,xavier,"(-0.5, 0.5)",20,0.11256590852984054,1.0
[3],0.05,0.0,0.002,0.0,0.8,relu,adam,0.0,32,he,"(-0.5, 0.5)",20,0.08301325279318328,0.92
[3],0.05,0.0,0.002,0.0,0.8,relu,adam,0.01,32,xavier,"(-0.5, 0.5)",20,0.19691525874593427,0.96
[3],0.05,0.0,0.002,0.0,0.8,relu,adam,0.01,32,he,"(-0.5, 0.5)",20,0.11414428846501141,0.96
[3],0.05,0.0,0.002,0.0,0.9,tanh,sgd,0.0,32,xavier,"(-0.5, 0.5)",20,0.3571942339793503,0.88
[3],0.05,0.0,0.002,0.0,0.9,tanh,sgd,0.0,32,he,"(-0.5, 0.5)",20,0.34447784836593787,0.8
[3],0.05,0.0,0.002,0.0,0.9,tanh,sgd,0.01,32,xavier,"(-0.5, 0.5)",20,0.5186897820453482,0.72
[3],0.05,0.0,0.002,0.0,0.9,tanh,sgd,0.01,32,he,"(-0.5, 0.5)",20,0.180348543106442,1.0
[3],0.05,0.0,0.002,0.0,0.9,tanh,adam,0.0,32,xavier,"(-0.5, 0.5)",20,0.13537474571024685,0.92
[3],0.05,0.0,0.002,0.0,0.9,tanh,adam,0.0,32,he,"(-0.5, 0.5)",20,0.317811194574226,0.84
[3],0.05,0.0,0.002,0.0,0.9,tanh,adam,0.01,32,xavier,"(-0.5, 0.5)",20,0.20816354281962576,0.92
[3],0.05,0.0,0.002,0.0,0.9,tanh,adam,0.01,32,he,"(-0.5, 0.5)",20,0.4521416175907982,0.8
[3],0.05,0.0,0.002,0.0,0.9,relu,sgd,0.0,32,xavier,"(-0.5, 0.5)",20,0.2490574058195594,0.88
[3],0.05,0.0,0.002,0.0,0.9,relu,sgd,0.0,32,he,"(-0.5, 0.5)",20,0.201514759305308,0.92
[3],0.05,0.0,0.002,0.0,0.9,relu,sgd,0.01,32,xavier,"(-0.5, 0.5)",20,0.4652046379940591,0.72
[3],0.05,0.0,0.002,0.0,0.9,relu,sgd,0.01,32,he,"(-0.5, 0.5)",20,0.36065545284338074,0.8
[3],0.05,0.0,0.002,0.0,0.9,relu,adam,0.0,32,xavier,"(-0.5, 0.5)",20,0.3178346144736944,0.92
[3],0.05,0.0,0.002,0.0,0.9,relu,adam,0.0,32,he,"(-0.5, 0.5)",20,0.18107838143132876,0.96
[3],0.05,0.0,0.002,0.0,0.9,relu,adam,0.01,32,xavier,"(-0.5, 0.5)",20,0.30184194760287547,0.88
[3],0.05,0.0,0.002,0.0,0.9,relu,adam,0.01,32,he,"(-0.5, 0.5)",20,0.16097580976658318,0.88
[3],0.05,0.0,0.002,0.1,0.8,tanh,sgd,0.0,32,xavier,"(-0.5, 0.5)",20,0.47968038676784336,0.76
[3],0.05,0.0,0.002,0.1,0.8,tanh,sgd,0.0,32,he,"(-0.5, 0.5)",20,0.36380131894300616,0.84
[3],0.05,0.0,0.002,0.1,0.8,tanh,sgd,0.01,32,xavier,"(-0.5, 0.5)",20,0.44049527644975656,0.8
[3],0.05,0.0,0.002,0.1,0.8,tanh,sgd,0.01,32,he,"(-0.5, 0.5)",20,0.4011137996614824,0.76
[3],0.05,0.0,0.002,0.1,0.8,tanh,adam,0.0,32,xavier,"(-0.5, 0.5)",20,0.21652844109559033,0.92
[3],0.05,0.0,0.002,0.1,0.8,tanh,adam,0.0,32,he,"(-0.5, 0.5)",20,0.2199199191338511,0.92
[3],0.05,0.0,0.002,0.1,0.8,tanh,adam,0.01,32,xavier,"(-0.5, 0.5)",20,0.3714707460355338,0.88
[3],0.05,0.0,0.002,0.1,0.8,tanh,adam,0.01,32,he,"(-0.5, 0.5)",20,0.09763896224696315,1.0
[3],0.05,0.0,0.002,0.1,0.8,relu,sgd,0.0,32,xavier,"(-0.5, 0.5)",20,0.350657844151697,0.8
[3],0.05,0.0,0.002,0.1,0.8,relu,sgd,0.0,32,he,"(-0.5, 0.5)",20,0.3680939679406141,0.88
[3],0.05,0.0,0.002,0.1,0.8,relu,sgd,0.01,32,xavier,"(-0.5, 0.5)",20,0.4007623135171947,0.84
[3],0.05,0.0,0.002,0.1,0.8,relu,sgd,0.01,32,he,"(-0.5, 0.5)",20,0.2486199426320101,0.92
[3],0.05,0.0,0.002,0.1,0.8,relu,adam,0.0,32,xavier,"(-0.5, 0.5)",20,0.16425493248687895,0.96
[3],0.05,0.0,0.002,0.1,0.8,relu,adam,0.0,32,he,"(-0.5, 0.5)",20,0.40175667968784384,0.84
[3],0.05,0.0,0.002,0.1,0.8,relu,adam,0.01,32,xavier,"(-0.5, 0.5)",20,0.2016491775208254,0.88
[3],0.05,0.0,0.002,0.1,0.8,relu,adam,0.01,32,he,"(-0.5, 0.5)",20,0.3077229760576302,0.92
[3],0.05,0.0,0.002,0.1,0.9,tanh,sgd,0.0,32,xavier,"(-0.5, 0.5)",20,0.34746677475277726,0.76
[3],0.05,0.0,0.002,0.1,0.9,tanh,sgd,0.0,32,he,"(-0.5, 0.5)",20,0.3232850431494026,0.84
[3],0.05,0.0,0.002,0.1,0.9,tanh,sgd,0.01,32,xavier,"(-0.5, 0.5)",20,0.4684870834306559,0.84
[3],0.05,0.0,0.002,0.1,0.9,tanh,sgd,0.01,32,he,"(-0.5, 0.5)",20,0.29681380385532485,0.88
[3],0.05,0.0,0.002,0.1,0.9,tanh,adam,0.0,32,xavier,"(-0.5, 0.5)",20,0.441966775976565,0.88
[3],0.05,0.0,0.002,0.1,0.9,tanh,adam,0.0,32,he,"(-0.5, 0.5)",20,0.07889980948726612,1.0
[3],0.05,0.0,0.002,0.1,0.9,tanh,adam,0.01,32,xavier,"(-0.5, 0.5)",20,0.3764070078145567,0.8
[3],0.05,0.0,0.002,0.1,0.9,tanh,adam,0.01,32,he,"(-0.5, 0.5)",20,0.4961311522616152,0.84
[3],0.05,0.0,0.002,0.1,0.9,relu,sgd,0.0,32,xavier,"(-0.5, 0.5)",20,0.3254768471768319,0.88
[3],0.05,0.0,0.002,0.1,0.9,relu,sgd,0.0,32,he,"(-0.5, 0.5)",20,0.476023667228383,0.72
[3],0.05,0.0,0.002,0.1,0.9,relu,sgd,0.01,32,xavier,"(-0.5, 0.5)",20,0.4118100915673524,0.84
[3],0.05,0.0,0.002,0.1,0.9,relu,sgd,0.01,32,he,"(-0.5, 0.5)",20,0.5746967026248481,0.84
[3],0.05,0.0,0.002,0.1,0.9,relu,adam,0.0,32,xavier,"(-0.5, 0.5)",20,0.07214306872701184,1.0
[3],0.05,0.0,0.002,0.1,0.9,relu,adam,0.0,32,he,"(-0.5, 0.5)",20,0.25850972199314187,0.88
[3],0.05,0.0,0.002,0.1,0.9,relu,adam,0.01,32,xavier,"(-0.5, 0.5)",20,0.1439372702339897,0.92
[3],0.05,0.0,0.002,0.1,0.9,relu,adam,0.01,32,he,"(-0.5, 0.5)",20,0.31239675327911515,0.88
[3],0.05,0.0,0.002,0.2,0.8,tanh,sgd,0.0,32,xavier,"(-0.5, 0.5)",20,0.43179018010144243,0.8
[3],0.05,0.0,0.002,0.2,0.8,tanh,sgd,0.0,32,he,"(-0.5, 0.5)",20,0.36891752172995007,0.8
[3],0.05,0.0,0.002,0.2,0.8,tanh,sgd,0.01,32,xavier,"(-0.5, 0.5)",20,0.4923648676304612,0.84
[3],0.05,0.0,0.002,0.2,0.8,tanh,sgd,0.01,32,he,"(-0.5, 0.5)",20,0.41350877251847046,0.84
[3],0.05,0.0,0.002,0.2,0.8,tanh,adam,0.0,32,xavier,"(-0.5, 0.5)",20,0.23375853947562208,0.88
[3],0.05,0.0,0.002,0.2,0.8,tanh,adam,0.0,32,he,"(-0.5, 0.5)",20,0.43657211367550697,0.84
[3],0.05,0.0,0.002,0.2,0.8,tanh,adam,0.01,32,xavier,"(-0.5, 0.5)",20,0.25992260999457156,0.92
[3],0.05,0.0,0.002,0.2,0.8,tanh,adam,0.01,32,he,"(-0.5, 0.5)",20,0.4122686544860713,0.8
[3],0.05,0.0,0.002,0.2,0.8,relu,sgd,0.0,32,xavier,"(-0.5, 0.5)",20,0.475101535715036,0.84
[3],0.05,0.0,0.002,0.2,0.8,relu,sgd,0.0,32,he,"(-0.5, 0.5)",20,0.476824296660789,0.8
[3],0.05,0.0,0.002,0.2,0.8,relu,sgd,0.01,32,xavier,"(-0.5, 0.5)",20,0.4063317125043383,0.84
[3],0.05,0.0,0.002,0.2,0.8,relu,sgd,0.01,32,he,"(-0.5, 0.5)",20,0.5132512392143171,0.72
[3],0.05,0.0,0.002,0.2,0.8,relu,adam,0.0,32,xavier,"(-0.5, 0.5)",20,0.17961076754884903,0.92
[3],0.05,0.0,0.002,0.2,0.8,relu,adam,0.0,32,he,"(-0.5, 0.5)",20,0.22147142758757618,0.92
[3],0.05,0.0,0.002,0.2,0.8,relu,adam,0.01,32,xavier,"(-0.5, 0.5)",20,0.21813449690763678,0.88
[3],0.05,0.0,0.002,0.2,0.8,relu,adam,0.01,32,he,"(-0.5, 0.5)",20,0.3605671457557227,0.92
[3],0.05,0.0,0.002,0.2,0.9,tanh,sgd,0.0,32,xavier,"(-0.5, 0.5)",20,0.3949979874586516,0.8
[3],0.05,0.0,0.002,0.2,0.9,tanh,sgd,0.0,32,he,"(-0.5, 0.5)",20,0.3569266003881902,0.88
[3],0.05,0.0,0.002,0.2,0.9,tanh,sgd,0.01,32,xavier,"(-0.5, 0.5)",20,0.4838160427096283,0.84
[3],0.05,0.0,0.002,0.2,0.9,tanh,sgd,0.01,32,he,"(-0.5, 0.5)",20,0.40656286406018705,0.84
[3],0.05,0.0,0.002,0.2,0.9,tanh,adam,0.0,32,xavier,"(-0.5, 0.5)",20,0.28568665999982795,0.88
[3],0.05,0.0,0.002,0.2,0.9,tanh,adam,0.0,32,he,"(-0.5, 0.5)",20,0.35117014363636523,0.88
[3],0.05,0.0,0.002,0.2,0.9,tanh,adam,0.01,32,xavier,"(-0.5, 0.5)",20,0.37669021607494213,0.76
[3],0.05,0.0,0.002,0.2,0.9,tanh,adam,0.01,32,he,"(-0.5, 0.5)",20,0.35629668583086654,0.88
[3],0.05,0.0,0.002,0.2,0.9,relu,sgd,0.0,32,xavier,"(-0.5, 0.5)",20,0.44109116598172454,0.76
[3],0.05,0.0,0.002,0.2,0.9,relu,sgd,0.0,32,he,"(-0.5, 0.5)",20,0.3284061407496707,0.84
[3],0.05,0.0,0.002,0.2,0.9,relu,sgd,0.01,32,xavier,"(-0.5, 0.5)",20,0.3816863650125806,0.88
[3],0.05,0.0,0.002,0.2,0.9,relu,sgd,0.01,32,he,"(-0.5, 0.5)",20,0.4141210972765707,0.76
[3],0.05,0.0,0.002,0.2,0.9,relu,adam,0.0,32,xavier,"(-0.5, 0.5)",20,0.2940089321198543,0.88
[3],0.05,0.0,0.002,0.2,0.9,relu,adam,0.0,32,he,"(-0.5, 0.5)",20,0.20736557373619466,0.96
[3],0.05,0.0,0.002,0.2,0.9,relu,adam,0.01,32,xavier,"(-0.5, 0.5)",20,0.3326288582565565,0.84
[3],0.05,0.0,0.002,0.2,0.9,relu,adam,0.01,32,he,"(-0.5, 0.5)",20,0.30398738667886166,0.96
[3],0.05,0.005,0.0,0.0,0.8,tanh,sgd,0.0,32,xavier,"(-0.5, 0.5)",20,0.34974529638418433,0.8
[3],0.05,0.005,0.0,0.0,0.8,tanh,sgd,0.0,32,he,"(-0.5, 0.5)",20,0.3316871720185249,0.88
[3],0.05,0.005,0.0,0.0,0.8,tanh,sgd,0.01,32,xavier,"(-0.5, 0.5)",20,0.4528686961950004,0.84
[3],0.05,0.005,0.0,0.0,0.8,tanh,sgd,0.01,32,he,"(-0.5, 0.5)",20,0.571773534432619,0.64
[3],0.05,0.005,0.0,0.0,0.8,tanh,adam,0.0,32,xavier,"(-0.5, 0.5)",20,0.22703704274422268,0.92
[3],0.05,0.005,0.0,0.0,0.8,tanh,adam,0.0,32,he,"(-0.5, 0.5)",20,0.05195732252148615,1.0
[3],0.05,0.005,0.0,0.0,0.8,tanh,adam,0.01,32,xavier,"(-0.5, 0.5)",20,0.056161833012261096,1.0
[3],0.05,0.005,0.0,0.0,0.8,tanh,adam,0.01,32,he,"(-0.5, 0.5)",20,0.06859771751202098,1.0
[3],0.05,0.005,0.0,0.0,0.8,relu,sgd,0.0,32,xavier,"(-0.5, 0.5)",20,0.3767922823632569,0.92
[3],0.05,0.005,0.0,0.0,0.8,relu,sgd,0.0,32,he,"(-0.5, 0.5)",20,0.34972134801696647,0.92
[3],0.05,0.005,0.0,0.0,0.8,relu,sgd,0.01,32,xavier,"(-0.5, 0.5)",20,0.371468455088813,0.88
[3],0.05,0.005,0.0,0.0,0.8,relu,sgd,0.01,32,he,"(-0.5, 0.5)",20,0.37919437683563045,0.84
[3],0.05,0.005,0.0,0.0,0.8,relu,adam,0.0,32,xavier,"(-0.5, 0.5)",20,0.12665354343184193,1.0
[3],0.05,0.005,0.0,0.0,0.8,relu,adam,0.0,32,he,"(-0.5, 0.5)",20,0.2134812232506082,0.92
[3],0.05,0.005,0.0,0.0,0.8,relu,adam,0.01,32,xavier,"(-0.5, 0.5)",20,0.5140807975801444,0.8
[3],0.05,0.005,0.0,0.0,0.8,relu,adam,0.01,32,he,"(-0.5, 0.5)",20,0.26495933335283783,0.92
[3],0.05,0.005,0.0,0.0,0.9,tanh,sgd,0.0,32,xavier,"(-0.5, 0.5)",20,0.2041087711241344,0.96
[3],0.05,0.005,0.0,0.0,0.9,tanh,sgd,0.0,32,he,"(-0.5, 0.5)",20,0.2898428771239276,0.88
[3],0.05,0.005,0.0,0.0,0.9,tanh,sgd,0.01,32,xavier,"(-0.5, 0.5)",20,0.3525426847952613,0.8
[3],0.05,0.005,0.0,0.0,0.9,tanh,sgd,0.01,32,he,"(-0.5, 0.5)",20,0.3906499170219773,0.88
[3],0.05,0.005,0.0,0.0,0.9,tanh,adam,0.0,32,xavier,"(-0.5, 0.5)",20,0.24087888434949872,0.84
[3],0.05,0.005,0.0,0.0,0.9,tanh,adam,0.0,32,he,"(-0.5, 0.5)",20,0.2720589255889426,0.92
[3],0.05,0.005,0.0,0.0,0.9,tanh,adam,0.01,32,xavier,"(-0.5, 0.5)",20,0.2656553185257656,0.88
[3],0.05,0.005,0.0,0.0,0.9,tanh,adam,0.01,32,he,"(-0.5, 0.5)",20,0.048482230549430655,1.0
[3],0.05,0.005,0.0,0.0,0.9,relu,sgd,0.0,32,xavier,"(-0.5, 0.5)",20,0.3920890698165941,0.8
[3],0.05,0.005,0.0,0.0,0.9,relu,sgd,0.0,32,he,"(-0.5, 0.5)",20,0.2741923113364987,0.92
[3],0.05,0.005,0.0,0.0,0.9,relu,sgd,0.01,32,xavier,"(-0.5, 0.5)",20,0.2923656079005421,0.76
[3],0.05,0.005,0.0,0.0,0.9,relu,sgd,0.01,32,he,"(-0.5, 0.5)",20,0.24269169015174083,0.96
[3],0.05,0.005,0.0,0.0,0.9,relu,adam,0.0,32,xavier,"(-0.5, 0.5)",20,0.1549937932277956,0.96
[3],0.05,0.005,0.0,0.0,0.9,relu,adam,0.0,32,he,"(-0.5, 0.5)",20,0.09504086547481182,0.92
[3],0.05,0.005,0.0,0.0,0.9,relu,adam,0.01,32,xavier,"(-0.5, 0.5)",20,0.14633332105006872,0.92
[3],0.05,0.005,0.0,0.0,0.9,relu,adam,0.01,32,he,"(-0.5, 0.5)",20,0.1682619386416025,0.92
[3],0.05,0.005,0.0,0.1,0.8,tanh,sgd,0.0,32,xavier,"(-0.5, 0.5)",20,0.4743934073331796,0.76
[3],0.05,0.005,0.0,0.1,0.8,tanh,sgd,0.0,32,he,"(-0.5, 0.5)",20,0.4143870763147025,0.8
[3],0.05,0.005,0.0,0.1,0.8,tanh,sgd,0.01,32,xavier,"(-0.5, 0.5)",20,0.43908402043241107,0.8
[3],0.05,0.005,0.0,0.1,0.8,tanh,sgd,0.01,32,he,"(-0.5, 0.5)",20,0.47947257442806784,0.8
[3],0.05,0.005,0.0,0.1,0.8,tanh,adam,0.0,32,xavier,"(-0.5, 0.5)",20,0.29459077999164107,0.84
[3],0.05,0.005,0.0,0.1,0.8,tanh,adam,0.0,32,he,"(-0.5, 0.5)",20,0.16177422089655283,0.92
[3],0.05,0.005,0.0,0.1,0.8,tanh,adam,0.01,32,xavier,"(-0.5, 0.5)",20,0.4213321281102474,0.88
[3],0.05,0.005,0.0,0.1,0.8,tanh,adam,0.01,32,he,"(-0.5, 0.5)",20,0.2998763749988709,0.88
[3],0.05,0.005,0.0,0.1,0.8,relu,sgd,0.0,32,xavier,"(-0.5, 0.5)",20,0.3669874585445762,0.92
[3],0.05,0.005,0.0,0.1,0.8,relu,sgd,0.0,32,he,"(-0.5, 0.5)",20,0.434671752989396,0.92
[3],0.05,0.005,0.0,0.1,0.8,relu,sgd,0.01,32,xavier,"(-0.5, 0.5)",20,0.4058104696824681,0.8
[3],0.05,0.005,0.0,0.1,0.8,relu,sgd,0.01,32,he,"(-0.5, 0.5)",20,0.4726955366387622,0.76
[3],0.05,0.005,0.0,0.1,0.8,relu,adam,0.0,32,xavier,"(-0.5, 0.5)",20,0.1920122947382576,0.96
[3],0.05,0.005,0.0,0.1,0.8,relu,adam,0.0,32,he,"(-0.5, 0.5)",20,0.23296677957148315,0.92
[3],0.05,0.005,0.0,0.1,0.8,relu,adam,0.01,32,xavier,"(-0.5, 0.5)",20,0.28151232586637376,0.88
[3],0.05,0.005,0.0,0.1,0.8,relu,adam,0.01,32,he,"(-0.5, 0.5)",20,0.27432581310642007,0.92
[3],0.05,0.005,0.0,0.1,0.9,tanh,sgd,0.0,32,xavier,"(-0.5, 0.5)",20,0.3594279424244033,0.84
[3],0.05,0.005,0.0,0.1,0.9,tanh,sgd,0.0,32,he,"(-0.5, 0.5)",20,0.34421739645746235,0.88
[3],0.05,0.005,0.0,0.1,0.9,tanh,sgd,0.01,32,xavier,"(-0.5, 0.5)",20,0.2691021872201192,0.88
[3],0.05,0.005,0.0,0.1,0.9,tanh,sgd,0.01,32,he,"(-0.5, 0.5)",20,0.33011407477475035,0.84
[3],0.05,0.005,0.0,0.1,0.9,tanh,adam,0.0,32,xavier,"(-0.5, 0.5)",20,0.23060862474309726,0.92
[3],0.05,0.005,0.0,0.1,0.9,tanh,adam,0.0,32,he,"(-0.5, 0.5)",20,0.25125506371154865,0.84
[3],0.05,0.005,0.0,0.1,0.9,tanh,adam,0.01,32,xavier,"(-0.5, 0.5)",20,0.2919342739676241,0.88
[3],0.05,0.005,0.0,0.1,0.9,tanh,adam,0.01,32,he,"(-0.5, 0.5)",20,0.21591723904474155,0.96
[3],0.05,0.005,0.0,0.1,0.9,relu,sgd,0.0,32,xavier,"(-0.5, 0.5)",20,0.26740530140189034,0.92
[3],0.05,0.005,0.0,0.1,0.9,relu,sgd,0.0,32,he,"(-0.5, 0.5)",20,0.22772842087140072,0.92
[3],0.05,0.005,0.0,0.1,0.9,relu,sgd,0.01,32,xavier,"(-0.5, 0.5)",20,0.4630935836498304,0.8
[3],0.05,0.005,0.0,0.1,0.9,relu,sgd,0.01,32,he,"(-0.5, 0.5)",20,0.1373773698304561,0.96
[3],0.05,0.005,0.0,0.1,0.9,relu,adam,0.0,32,xavier,"(-0.5, 0.5)",20,0.39903562109651924,0.84
[3],0.05,0.005,0.0,0.1,0.9,relu,adam,0.0,32,he,"(-0.5, 0.5)",20,0.18348328411733283,0.92
[3],0.05,0.005,0.0,0.1,0.9,relu,adam,0.01,32,xavier,"(-0.5, 0.5)",20,0.46013905765831903,0.76
[3],0.05,0.005,0.0,0.1,0.9,relu,adam,0.01,32,he,"(-0.5, 0.5)",20,0.6076437682149265,0.68
[3],0.05,0.005,0.0,0.2,0.8,tanh,sgd,0.0,32,xavier,"(-0.5, 0.5)",20,0.47281182486798573,0.84
[3],0.05,0.005,0.0,0.2,0.8,tanh,sgd,0.0,32,he,"(-0.5, 0.5)",20,0.3501928625157681,0.84
[3],0.05,0.005,0.0,0.2,0.8,tanh,sgd,0.01,32,xavier,"(-0.5, 0.5)",20,0.44808095907237255,0.8
[3],0.05,0.005,0.0,0.2,0.8,tanh,sgd,0.01,32,he,"(-0.5, 0.5)",20,0.486302042410791,0.88
[3],0.05,0.005,0.0,0.2,0.8,tanh,adam,0.0,32,xavier,"(-0.5, 0.5)",20,0.2018486521882061,0.92
[3],0.05,0.005,0.0,0.2,0.8,tanh,adam,0.0,32,he,"(-0.5, 0.5)",20,0.24094239936909453,0.92
[3],0.05,0.005,0.0,0.2,0.8,tanh,adam,0.01,32,xavier,"(-0.5, 0.5)",20,0.4170495548046053,0.88
[3],0.05,0.005,0.0,0.2,0.8,tanh,adam,0.01,32,he,"(-0.5, 0.5)",20,0.33514116702579866,0.88
[3],0.05,0.005,0.0,0.2,0.8,relu,sgd,0.0,32,xavier,"(-0.5, 0.5)",20,0.4038179479476326,0.88
[3],0.05,0.005,0.0,0.2,0.8,relu,sgd,0.0,32,he,"(-0.5, 0.5)",20,0.43792072875188975,0.8
[3],0.05,0.005,0.0,0.2,0.8,relu,sgd,0.01,32,xavier,"(-0.5, 0.5)",20,0.4587442771267594,0.88
[3],0.05,0.005,0.0,0.2,0.8,relu,sgd,0.01,32,he,"(-0.5, 0.5)",20,0.43322594004153914,0.76
[3],0.05,0.005,0.0,0.2,0.8,relu,adam,0.0,32,xavier,"(-0.5, 0.5)",20,0.40151368503699386,0.88
[3],0.05,0.005,0.0,0.2,0.8,relu,adam,0.0,32,he,"(-0.5, 0.5)",20,0.22042347751389613,0.96
[3],0.05,0.005,0.0,0.2,0.8,relu,adam,0.01,32,xavier,"(-0.5, 0.5)",20,0.24385766277411783,0.88
[3],0.05,0.005,0.0,0.2,0.8,relu,adam,0.01,32,he,"(-0.5, 0.5)",20,0.4190671523019733,0.88
[3],0.05,0.005,0.0,0.2,0.9,tanh,sgd,0.0,32,xavier,"(-0.5, 0.5)",20,0.35708636807090577,0.84
[3],0.05,0.005,0.0,0.2,0.9,tanh,sgd,0.0,32,he,"(-0.5, 0.5)",20,0.26113356499550594,0.92
[3],0.05,0.005,0.0,0.2,0.9,tanh,sgd,0.01,32,xavier,"(-0.5, 0.5)",20,0.3645643337001236,0.84
[3],0.05,0.005,0.0,0.2,0.9,tanh,sgd,0.01,32,he,"(-0.5, 0.5)",20,0.34140115334113486,0.96
[3],0.05,0.005,0.0,0.2,0.9,tanh,adam,0.0,32,xavier,"(-0.5, 0.5)",20,0.3169882700923896,0.88
[3],0.05,0.005,0.0,0.2,0.9,tanh,adam,0.0,32,he,"(-0.5, 0.5)",20,0.423495446568992,0.88
[3],0.05,0.005,0.0,0.2,0.9,tanh,adam,0.01,32,xavier,"(-0.5, 0.5)",20,0.3018938478046564,0.92
[3],0.05,0.005,0.0,0.2,0.9,tanh,adam,0.01,32,he,"(-0.5, 0.5)",20,0.46091456955221183,0.84
[3],0.05,0.005,0.0,0.2,0.9,relu,sgd,0.0,32,xavier,"(-0.5, 0.5)",20,0.6304331385753175,0.52
[3],0.05,0.005,0.0,0.2,0.9,relu,sgd,0.0,32,he,"(-0.5, 0.5)",20,0.4249792361440942,0.84
[3],0.05,0.005,0.0,0.2,0.9,relu,sgd,0.01,32,xavier,"(-0.5, 0.5)",20,0.1820379325040577,0.88
[3],0.05,0.005,0.0,0.2,0.9,relu,sgd,0.01,32,he,"(-0.5, 0.5)",20,0.5889463311472668,0.68
[3],0.05,0.005,0.0,0.2,0.9,relu,adam,0.0,32,xavier,"(-0.5, 0.5)",20,0.2242627856930129,0.96
[3],0.05,0.005,0.0,0.2,0.9,relu,adam,0.0,32,he,"(-0.5, 0.5)",20,0.43323853782383714,0.8
[3],0.05,0.005,0.0,0.2,0.9,relu,adam,0.01,32,xavier,"(-0.5, 0.5)",20,0.2816639861920943,0.88
[3],0.05,0.005,0.0,0.2,0.9,relu,adam,0.01,32,he,"(-0.5, 0.5)",20,0.48284442572522945,0.8
[3],0.05,0.005,0.002,0.0,0.8,tanh,sgd,0.0,32,xavier,"(-0.5, 0.5)",20,0.4953466403438922,0.84
[3],0.05,0.005,0.002,0.0,0.8,tanh,sgd,0.0,32,he,"(-0.5, 0.5)",20,0.4596936910871085,0.76
[3],0.05,0.005,0.002,0.0,0.8,tanh,sgd,0.01,32,xavier,"(-0.5, 0.5)",20,0.4749275286161658,0.88
[3],0.05,0.005,0.002,0.0,0.8,tanh,sgd,0.01,32,he,"(-0.5, 0.5)",20,0.46960745391785125,0.88
[3],0.05,0.005,0.002,0.0,0.8,tanh,adam,0.0,32,xavier,"(-0.5, 0.5)",20,0.04610516087715268,1.0
[3],0.05,0.005,0.002,0.0,0.8,tanh,adam,0.0,32,he,"(-0.5, 0.5)",20,0.059130901735566545,1.0
[3],0.05,0.005,0.002,0.0,0.8,tanh,adam,0.01,32,xavier,"(-0.5, 0.5)",20,0.3781504686910314,0.88
[3],0.05,0.005,0.002,0.0,0.8,tanh,adam,0.01,32,he,"(-0.5, 0.5)",20,0.23978950623369988,0.92
[3],0.05,0.005,0.002,0.0,0.8,relu,sgd,0.0,32,xavier,"(-0.5, 0.5)",20,0.49113889336394295,0.8
[3],0.05,0.005,0.002,0.0,0.8,relu,sgd,0.0,32,he,"(-0.5, 0.5)",20,0.4713160856681647,0.84
[3],0.05,0.005,0.002,0.0,0.8,relu,sgd,0.01,32,xavier,"(-0.5, 0.5)",20,0.4224137902845612,0.8
[3],0.05,0.005,0.002,0.0,0.8,relu,sgd,0.01,32,he,"(-0.5, 0.5)",20,0.1354326942520069,1.0
[3],0.05,0.005,0.002,0.0,0.8,relu,adam,0.0,32,xavier,"(-0.5, 0.5)",20,0.09689236767147505,1.0
[3],0.05,0.005,0.002,0.0,0.8,relu,adam,0.0,32,he,"(-0.5, 0.5)",20,0.20318072434960952,0.92
[3],0.05,0.005,0.002,0.0,0.8,relu,adam,0.01,32,xavier,"(-0.5, 0.5)",20,0.20853987596578508,0.92
[3],0.05,0.005,0.002,0.0,0.8,relu,adam,0.01,32,he,"(-0.5, 0.5)",20,0.35549808455329435,0.92
[3],0.05,0.005,0.002,0.0,0.9,tanh,sgd,0.0,32,xavier,"(-0.5, 0.5)",20,0.4455479831351772,0.8
[3],0.05,0.005,0.002,0.0,0.9,tanh,sgd,0.0,32,he,"(-0.5, 0.5)",20,0.17917780687239768,0.96
[3],0.05,0.005,0.002,0.0,0.9,tanh,sgd,0.01,32,xavier,"(-0.5, 0.5)",20,0.4391381148376551,0.72
[3],0.05,0.005,0.002,0.0,0.9,tanh,sgd,0.01,32,he,"(-0.5, 0.5)",20,0.26322988143980885,0.96
[3],0.05,0.005,0.002,0.0,0.9,tanh,adam,0.0,32,xavier,"(-0.5, 0.5)",20,0.42378684225031854,0.88
[3],0.05,0.005,0.002,0.0,0.9,tanh,adam,0.0,32,he,"(-0.5, 0.5)",20,0.1957038063435996,0.92
[3],0.05,0.005,0.002,0.0,0.9,tanh,adam,0.01,32,xavier,"(-0.5, 0.5)",20,0.45697389988083936,0.84
[3],0.05,0.005,0.002,0.0,0.9,tanh,adam,0.01,32,he,"(-0.5, 0.5)",20,0.33607403456836565,0.76
[3],0.05,0.005,0.002,0.0,0.9,relu,sgd,0.0,32,xavier,"(-0.5, 0.5)",20,0.6169717249388379,0.6
[3],0.05,0.005,0.002,0.0,0.9,relu,sgd,0.0,32,he,"(-0.5, 0.5)",20,0.2530523129969386,0.84
[3],0.05,0.005,0.002,0.0,0.9,relu,sgd,0.01,32,xavier,"(-0.5, 0.5)",20,0.35396995436365536,0.92
[3],0.05,0.005,0.002,0.0,0.9,relu,sgd,0.01,32,he,"(-0.5, 0.5)",20,0.25176694528068866,0.92
[3],0.05,0.005,0.002,0.0,0.9,relu,adam,0.0,32,xavier,"(-0.5, 0.5)",20,0.13891857442371253,0.96
[3],0.05,0.005,0.002,0.0,0.9,relu,adam,0.0,32,he,"(-0.5, 0.5)",20,0.5528293051514757,0.52
[3],0.05,0.005,0.002,0.0,0.9,relu,adam,0.01,32,xavier,"(-0.5, 0.5)",20,0.10458186963282266,0.92
[3],0.05,0.005,0.002,0.0,0.9,relu,adam,0.01,32,he,"(-0.5, 0.5)",20,0.1356084060875104,0.92
[3],0.05,0.005,0.002,0.1,0.8,tanh,sgd,0.0,32,xavier,"(-0.5, 0.5)",20,0.3677469812470138,0.84
[3],0.05,0.005,0.002,0.1,0.8,tanh,sgd,0.0,32,he,"(-0.5, 0.5)",20,0.3753337118328279,0.76
[3],0.05,0.005,0.002,0.1,0.8,tanh,sgd,0.01,32,xavier,"(-0.5, 0.5)",20,0.39334288986659316,0.8
[3],0.05,0.005,0.002,0.1,0.8,tanh,sgd,0.01,32,he,"(-0.5, 0.5)",20,0.4351551266849266,0.8
[3],0.05,0.005,0.002,0.1,0.8,tanh,adam,0.0,32,xavier,"(-0.5, 0.5)",20,0.30089940969910123,0.88
[3],0.05,0.005,0.002,0.1,0.8,tanh,adam,0.0,32,he,"(-0.5, 0.5)",20,0.22166792262959395,0.92
[3],0.05,0.005,0.002,0.1,0.8,tanh,adam,0.01,32,xavier,"(-0.5, 0.5)",20,0.3877856517451204,0.88
[3],0.05,0.005,0.002,0.1,0.8,tanh,adam,0.01,32,he,"(-0.5, 0.5)",20,0.3919450943363948,0.8
[3],0.05,0.005,0.002,0.1,0.8,relu,sgd,0.0,32,xavier,"(-0.5, 0.5)",20,0.4372991736539482,0.76
[3],0.05,0.005,0.002,0.1,0.8,relu,sgd,0.0,32,he,"(-0.5, 0.5)",20,0.47013822473664635,0.8
[3],0.05,0.005,0.002,0.1,0.8,relu,sgd,0.01,32,xavier,"(-0.5, 0.5)",20,0.3706185200786236,0.76
[3],0.05,0.005,0.002,0.1,0.8,relu,sgd,0.01,32,he,"(-0.5, 0.5)",20,0.42675912728097637,0.84
[3],0.05,0.005,0.002,0.1,0.8,relu,adam,0.0,32,xavier,"(-0.5, 0.5)",20,0.26204724765087467,0.88
[3],0.05,0.005,0.002,0.1,0.8,relu,adam,0.0,32,he,"(-0.5, 0.5)",20,0.3640323737403098,0.76
[3],0.05,0.005,0.002,0.1,0.8,relu,adam,0.01,32,xavier,"(-0.5, 0.5)",20,0.2511575731434394,0.92
[3],0.05,0.005,0.002,0.1,0.8,relu,adam,0.01,32,he,"(-0.5, 0.5)",20,0.21945111446626822,0.92
[3],0.05,0.005,0.002,0.1,0.9,tanh,sgd,0.0,32,xavier,"(-0.5, 0.5)",20,0.4329299365542907,0.8
[3],0.05,0.005,0.002,0.1,0.9,tanh,sgd,0.0,32,he,"(-0.5, 0.5)",20,0.518597095591875,0.8
[3],0.05,0.005,0.002,0.1,0.9,tanh,sgd,0.01,32,xavier,"(-0.5, 0.5)",20,0.3549580357716384,0.88
[3],0.05,0.005,0.002,0.1,0.9,tanh,sgd,0.01,32,he,"(-0.5, 0.5)",20,0.4169054954476225,0.84
[3],0.05,0.005,0.002,0.1,0.9,tanh,adam,0.0,32,xavier,"(-0.5, 0.5)",20,0.24422183288898988,0.88
[3],0.05,0.005,0.002,0.1,0.9,tanh,adam,0.0,32,he,"(-0.5, 0.5)",20,0.21493750450883858,0.92
[3],0.05,0.005,0.002,0.1,0.9,tanh,adam,0.01,32,xavier,"(-0.5, 0.5)",20,0.27397805505111905,0.88
[3],0.05,0.005,0.002,0.1,0.9,tanh,adam,0.01,32,he,"(-0.5, 0.5)",20,0.17896778783296352,0.92
[3],0.05,0.005,0.002,0.1,0.9,relu,sgd,0.0,32,xavier,"(-0.5, 0.5)",20,0.6092150194311166,0.64
[3],0.05,0.005,0.002,0.1,0.9,relu,sgd,0.0,32,he,"(-0.5, 0.5)",20,0.25824533974375347,0.92
[3],0.05,0.005,0.002,0.1,0.9,relu,sgd,0.01,32,xavier,"(-0.5, 0.5)",20,0.4127810145588675,0.88
[3],0.05,0.005,0.002,0.1,0.9,relu,sgd,0.01,32,he,"(-0.5, 0.5)",20,0.3798499071091419,0.88
[3],0.05,0.005,0.002,0.1,0.9,relu,adam,0.0,32,xavier,"(-0.5, 0.5)",20,0.26552513891293866,0.92
[3],0.05,0.005,0.002,0.1,0.9,relu,adam,0.0,32,he,"(-0.5, 0.5)",20,0.3463552451288369,0.84
[3],0.05,0.005,0.002,0.1,0.9,relu,adam,0.01,32,xavier,"(-0.5, 0.5)",20,0.25320419587786874,0.92
[3],0.05,0.005,0.002,0.1,0.9,relu,adam,0.01,32,he,"(-0.5, 0.5)",20,0.17533784679611905,1.0
[3],0.05,0.005,0.002,0.2,0.8,tanh,sgd,0.0,32,xavier,"(-0.5, 0.5)",20,0.4497710063368602,0.84
[3],0.05,0.005,0.002,0.2,0.8,tanh,sgd,0.0,32,he,"(-0.5, 0.5)",20,0.45233950854665494,0.8
[3],0.05,0.005,0.002,0.2,0.8,tanh,sgd,0.01,32,xavier,"(-0.5, 0.5)",20,0.47161936285670325,0.8
[3],0.05,0.005,0.002,0.2,0.8,tanh,sgd,0.01,32,he,"(-0.5, 0.5)",20,0.4947252957727419,0.8
[3],0.05,0.005,0.002,0.2,0.8,tanh,adam,0.0,32,xavier,"(-0.5, 0.5)",20,0.4013431244453188,0.88
[3],0.05,0.005,0.002,0.2,0.8,tanh,adam,0.0,32,he,"(-0.5, 0.5)",20,0.31301046384895526,0.88
[3],0.05,0.005,0.002,0.2,0.8,tanh,adam,0.01,32,xavier,"(-0.5, 0.5)",20,0.40838727987097734,0.84
[3],0.05,0.005,0.002,0.2,0.8,tanh,adam,0.01,32,he,"(-0.5, 0.5)",20,0.26918699119715983,0.84
[3],0.05,0.005,0.002,0.2,0.8,relu,sgd,0.0,32,xavier,"(-0.5, 0.5)",20,0.294000245118747,0.84
[3],0.05,0.005,0.002,0.2,0.8,relu,sgd,0.0,32,he,"(-0.5, 0.5)",20,0.48143475120560053,0.76
[3],0.05,0.005,0.002,0.2,0.8,relu,sgd,0.01,32,xavier,"(-0.5, 0.5)",20,0.46126310008114024,0.84
[3],0.05,0.005,0.002,0.2,0.8,relu,sgd,0.01,32,he,"(-0.5, 0.5)",20,0.4379429495396275,0.88
[3],0.05,0.005,0.002,0.2,0.8,relu,adam,0.0,32,xavier,"(-0.5, 0.5)",20,0.3423840823084046,0.84
[3],0.05,0.005,0.002,0.2,0.8,relu,adam,0.0,32,he,"(-0.5, 0.5)",20,0.3861268391356511,0.88
[3],0.05,0.005,0.002,0.2,0.8,relu,adam,0.01,32,xavier,"(-0.5, 0.5)",20,0.2331177801915131,0.96
[3],0.05,0.005,0.002,0.2,0.8,relu,adam,0.01,32,he,"(-0.5, 0.5)",20,0.23211820787283668,0.92
[3],0.05,0.005,0.002,0.2,0.9,tanh,sgd,0.0,32,xavier,"(-0.5, 0.5)",20,0.36807943741406546,0.88
[3],0.05,0.005,0.002,0.2,0.9,tanh,sgd,0.0,32,he,"(-0.5, 0.5)",20,0.2529034262829179,0.96
[3],0.05,0.005,0.002,0.2,0.9,tanh,sgd,0.01,32,xavier,"(-0.5, 0.5)",20,0.43291413090344943,0.76
[3],0.05,0.005,0.002,0.2,0.9,tanh,sgd,0.01,32,he,"(-0.5, 0.5)",20,0.2590958859330634,0.92
[3],0.05,0.005,0.002,0.2,0.9,tanh,adam,0.0,32,xavier,"(-0.5, 0.5)",20,0.4348788293191675,0.88
[3],0.05,0.005,0.002,0.2,0.9,tanh,adam,0.0,32,he,"(-0.5, 0.5)",20,0.31168062267540747,0.88
[3],0.05,0.005,0.002,0.2,0.9,tanh,adam,0.01,32,xavier,"(-0.5, 0.5)",20,0.47671033385022793,0.84
[3],0.05,0.005,0.002,0.2,0.9,tanh,adam,0.01,32,he,"(-0.5, 0.5)",20,0.33783358856190493,0.88
[3],0.05,0.005,0.002,0.2,0.9,relu,sgd,0.0,32,xavier,"(-0.5, 0.5)",20,0.4725281654815444,0.76
[3],0.05,0.005,0.002,0.2,0.9,relu,sgd,0.0,32,he,"(-0.5, 0.5)",20,0.4231803109969261,0.72
[3],0.05,0.005,0.002,0.2,0.9,relu,sgd,0.01,32,xavier,"(-0.5, 0.5)",20,0.25239405710693363,0.92
[3],0.05,0.005,0.002,0.2,0.9,relu,sgd,0.01,32,he,"(-0.5, 0.5)",20,0.414984093076085,0.88
[3],0.05,0.005,0.002,0.2,0.9,relu,adam,0.0,32,xavier,"(-0.5, 0.5)",20,0.3113723828095117,0.88
[3],0.05,0.005,0.002,0.2,0.9,relu,adam,0.0,32,he,"(-0.5, 0.5)",20,0.3212262444238634,0.88
[3],0.05,0.005,0.002,0.2,0.9,relu,adam,0.01,32,xavier,"(-0.5, 0.5)",20,0.5037723708478064,0.84
[3],0.05,0.005,0.002,0.2,0.9,relu,adam,0.01,32,he,"(-0.5, 0.5)",20,0.3269782543113786,0.84
[3],0.05,0.01,0.0,0.0,0.8,tanh,sgd,0.0,32,xavier,"(-0.5, 0.5)",20,0.4672071970632052,0.84
[3],0.05,0.01,0.0,0.0,0.8,tanh,sgd,0.0,32,he,"(-0.5, 0.5)",20,0.3768429688458772,0.84
[3],0.05,0.01,0.0,0.0,0.8,tanh,sgd,0.01,32,xavier,"(-0.5, 0.5)",20,0.4736774311465829,0.8
[3],0.05,0.01,0.0,0.0,0.8,tanh,sgd,0.01,32,he,"(-0.5, 0.5)",20,0.38695634835809173,0.88
[3],0.05,0.01,0.0,0.0,0.8,tanh,adam,0.0,32,xavier,"(-0.5, 0.5)",20,0.18555687624758382,0.96
[3],0.05,0.01,0.0,0.0,0.8,tanh,adam,0.0,32,he,"(-0.5, 0.5)",20,0.3556700316996871,0.88
[3],0.05,0.01,0.0,0.0,0.8,tanh,adam,0.01,32,xavier,"(-0.5, 0.5)",20,0.27369321994625195,0.88
[3],0.05,0.01,0.0,0.0,0.8,tanh,adam,0.01,32,he,"(-0.5, 0.5)",20,0.24721264081953773,0.88
[3],0.05,0.01,0.0,0.0,0.8,relu,sgd,0.0,32,xavier,"(-0.5, 0.5)",20,0.3874944165771155,0.84
[3],0.05,0.01,0.0,0.0,0.8,relu,sgd,0.0,32,he,"(-0.5, 0.5)",20,0.34762740789891194,0.92
[3],0.05,0.01,0.0,0.0,0.8,relu,sgd,0.01,32,xavier,"(-0.5, 0.5)",20,0.4816224912404064,0.84
[3],0.05,0.01,0.0,0.0,0.8,relu,sgd,0.01,32,he,"(-0.5, 0.5)",20,0.4225880169926057,0.8
[3],0.05,0.01,0.0,0.0,0.8,relu,adam,0.0,32,xavier,"(-0.5, 0.5)",20,0.22690240731122227,0.88
[3],0.05,0.01,0.0,0.0,0.8,relu,adam,0.0,32,he,"(-0.5, 0.5)",20,0.3007995114196263,0.92
[3],0.05,0.01,0.0,0.0,0.8,relu,adam,0.01,32,xavier,"(-0.5, 0.5)",20,0.31561230760451475,0.92
[3],0.05,0.01,0.0,0.0,0.8,relu,adam,0.01,32,he,"(-0.5, 0.5)",20,0.08670784573406842,1.0
[3],0.05,0.01,0.0,0.0,0.9,tanh,sgd,0.0,32,xavier,"(-0.5, 0.5)",20,0.4188205431414771,0.88
[3],0.05,0.01,0.0,0.0,0.9,tanh,sgd,0.0,32,he,"(-0.5, 0.5)",20,0.161108954595195,1.0
[3],0.05,0.01,0.0,0.0,0.9,tanh,sgd,0.01,32,xavier,"(-0.5, 0.5)",20,0.2993942211991381,0.92
[3],0.05,0.01,0.0,0.0,0.9,tanh,sgd,0.01,32,he,"(-0.5, 0.5)",20,0.3778543259376902,0.92
[3],0.05,0.01,0.0,0.0,0.9,tanh,adam,0.0,32,xavier,"(-0.5, 0.5)",20,0.4547414006503361,0.8
[3],0.05,0.01,0.0,0.0,0.9,tanh,adam,0.0,32,he,"(-0.5, 0.5)",20,0.2983089399537011,0.84
[3],0.05,0.01,0.0,0.0,0.9,tanh,adam,0.01,32,xavier,"(-0.5, 0.5)",20,0.25391096206928243,0.92
[3],0.05,0.01,0.0,0.0,0.9,tanh,adam,0.01,32,he,"(-0.5, 0.5)",20,0.290930697497407,0.92
[3],0.05,0.01,0.0,0.0,0.9,relu,sgd,0.0,32,xavier,"(-0.5, 0.5)",20,0.3333611091034276,0.84
[3],0.05,0.01,0.0,0.0,0.9,relu,sgd,0.0,32,he,"(-0.5, 0.5)",20,0.2410733803161774,0.88
[3],0.05,0.01,0.0,0.0,0.9,relu,sgd,0.01,32,xavier,"(-0.5, 0.5)",20,0.3491436560766041,0.92
[3],0.05,0.01,0.0,0.0,0.9,relu,sgd,0.01,32,he,"(-0.5, 0.5)",20,0.5012583703191715,0.8
[3],0.05,0.01,0.0,0.0,0.9,relu,adam,0.0,32,xavier,"(-0.5, 0.5)",20,0.07320021903543347,1.0
[3],0.05,0.01,0.0,0.0,0.9,relu,adam,0.0,32,he,"(-0.5, 0.5)",20,0.2039516725391565,0.96
[3],0.05,0.01,0.0,0.0,0.9,relu,adam,0.01,32,xavier,"(-0.5, 0.5)",20,0.1652848270449781,0.96
[3],0.05,0.01,0.0,0.0,0.9,relu,adam,0.01,32,he,"(-0.5, 0.5)",20,0.49573196290511345,0.68
[3],0.05,0.01,0.0,0.1,0.8,tanh,sgd,0.0,32,xavier,"(-0.5, 0.5)",20,0.36253391856951583,0.88
[3],0.05,0.01,0.0,0.1,0.8,tanh,sgd,0.0,32,he,"(-0.5, 0.5)",20,0.4113773932448798,0.88
[3],0.05,0.01,0.0,0.1,0.8,tanh,sgd,0.01,32,xavier,"(-0.5, 0.5)",20,0.44719186290798296,0.8
[3],0.05,0.01,0.0,0.1,0.8,tanh,sgd,0.01,32,he,"(-0.5, 0.5)",20,0.47682995592524874,0.84
[3],0.05,0.01,0.0,0.1,0.8,tanh,adam,0.0,32,xavier,"(-0.5, 0.5)",20,0.1853430155687799,0.92
[3],0.05,0.01,0.0,0.1,0.8,tanh,adam,0.0,32,he,"(-0.5, 0.5)",20,0.5623438934802979,0.76
[3],0.05,0.01,0.0,0.1,0.8,tanh,adam,0.01,32,xavier,"(-0.5, 0.5)",20,0.3048225891839708,0.84
[3],0.05,0.01,0.0,0.1,0.8,tanh,adam,0.01,32,he,"(-0.5, 0.5)",20,0.09751979515088689,1.0
[3],0.05,0.01,0.0,0.1,0.8,relu,sgd,0.0,32,xavier,"(-0.5, 0.5)",20,0.4141566603216883,0.84
[3],0.05,0.01,0.0,0.1,0.8,relu,sgd,0.0,32,he,"(-0.5, 0.5)",20,0.682446554552954,0.6
[3],0.05,0.01,0.0,0.1,0.8,relu,sgd,0.01,32,xavier,"(-0.5, 0.5)",20,0.42583754198660295,0.84
[3],0.05,0.01,0.0,0.1,0.8,relu,sgd,0.01,32,he,"(-0.5, 0.5)",20,0.4031188892433403,0.84
[3],0.05,0.01,0.0,0.1,0.8,relu,adam,0.0,32,xavier,"(-0.5, 0.5)",20,0.18652028572831775,0.96
[3],0.05,0.01,0.0,0.1,0.8,relu,adam,0.0,32,he,"(-0.5, 0.5)",20,0.26413008285196243,0.96
[3],0.05,0.01,0.0,0.1,0.8,relu,adam,0.01,32,xavier,"(-0.5, 0.5)",20,0.27030437741699803,0.92
[3],0.05,0.01,0.0,0.1,0.8,relu,adam,0.01,32,he,"(-0.5, 0.5)",20,0.2778489859622995,0.84
[3],0.05,0.01,0.0,0.1,0.9,tanh,sgd,0.0,32,xavier,"(-0.5, 0.5)",20,0.439294502500648,0.88
[3],0.05,0.01,0.0,0.1,0.9,tanh,sgd,0.0,32,he,"(-0.5, 0.5)",20,0.41378109933399626,0.8
[3],0.05,0.01,0.0,0.1,0.9,tanh,sgd,0.01,32,xavier,"(-0.5, 0.5)",20,0.43501364540260573,0.8
[3],0.05,0.01,0.0,0.1,0.9,tanh,sgd,0.01,32,he,"(-0.5, 0.5)",20,0.43186947784187085,0.84
[3],0.05,0.01,0.0,0.1,0.9,tanh,adam,0.0,32,xavier,"(-0.5, 0.5)",20,0.28534566629810565,0.84
[3],0.05,0.01,0.0,0.1,0.9,tanh,adam,0.0,32,he,"(-0.5, 0.5)",20,0.35950623962585965,0.92
[3],0.05,0.01,0.0,0.1,0.9,tanh,adam,0.01,32,xavier,"(-0.5, 0.5)",20,0.36274104630051135,0.88
[3],0.05,0.01,0.0,0.1,0.9,tanh,adam,0.01,32,he,"(-0.5, 0.5)",20,0.28793110334990574,0.88
[3],0.05,0.01,0.0,0.1,0.9,relu,sgd,0.0,32,xavier,"(-0.5, 0.5)",20,0.3245733386586077,0.92
[3],0.05,0.01,0.0,0.1,0.9,relu,sgd,0.0,32,he,"(-0.5, 0.5)",20,0.19870857011969914,0.84
[3],0.05,0.01,0.0,0.1,0.9,relu,sgd,0.01,32,xavier,"(-0.5, 0.5)",20,0.30400942256203173,0.88
[3],0.05,0.01,0.0,0.1,0.9,relu,sgd,0.01,32,he,"(-0.5, 0.5)",20,0.2401187599258693,0.88
[3],0.05,0.01,0.0,0.1,0.9,relu,adam,0.0,32,xavier,"(-0.5, 0.5)",20,0.3234255860324721,0.88
[3],0.05,0.01,0.0,0.1,0.9,relu,adam,0.0,32,he,"(-0.5, 0.5)",20,0.3746156252347337,0.88
[3],0.05,0.01,0.0,0.1,0.9,relu,adam,0.01,32,xavier,"(-0.5, 0.5)",20,0.403027958503999,0.8
[3],0.05,0.01,0.0,0.1,0.9,relu,adam,0.01,32,he,"(-0.5, 0.5)",20,0.22478368425090825,0.84
[3],0.05,0.01,0.0,0.2,0.8,tanh,sgd,0.0,32,xavier,"(-0.5, 0.5)",20,0.3897680128584904,0.84
[3],0.05,0.01,0.0,0.2,0.8,tanh,sgd,0.0,32,he,"(-0.5, 0.5)",20,0.5256959322860175,0.8
[3],0.05,0.01,0.0,0.2,0.8,tanh,sgd,0.01,32,xavier,"(-0.5, 0.5)",20,0.49130017814893323,0.8
[3],0.05,0.01,0.0,0.2,0.8,tanh,sgd,0.01,32,he,"(-0.5, 0.5)",20,0.4781074729913736,0.84
[3],0.05,0.01,0.0,0.2,0.8,tanh,adam,0.0,32,xavier,"(-0.5, 0.5)",20,0.37075247311723175,0.88
[3],0.05,0.01,0.0,0.2,0.8,tanh,adam,0.0,32,he,"(-0.5, 0.5)",20,0.4228942849848845,0.88
[3],0.05,0.01,0.0,0.2,0.8,tanh,adam,0.01,32,xavier,"(-0.5, 0.5)",20,0.418331619138056,0.8
[3],0.05,0.01,0.0,0.2,0.8,tanh,adam,0.01,32,he,"(-0.5, 0.5)",20,0.3917403570040128,0.88
[3],0.05,0.01,0.0,0.2,0.8,relu,sgd,0.0,32,xavier,"(-0.5, 0.5)",20,0.481646579830943,0.76
[3],0.05,0.01,0.0,0.2,0.8,relu,sgd,0.0,32,he,"(-0.5, 0.5)",20,0.4837444045171182,0.84
[3],0.05,0.01,0.0,0.2,0.8,relu,sgd,0.01,32,xavier,"(-0.5, 0.5)",20,0.5133942645000398,0.76
[3],0.05,0.01,0.0,0.2,0.8,relu,sgd,0.01,32,he,"(-0.5, 0.5)",20,0.6106436338781005,0.68
[3],0.05,0.01,0.0,0.2,0.8,relu,adam,0.0,32,xavier,"(-0.5, 0.5)",20,0.2340019046202138,0.88
[3],0.05,0.01,0.0,0.2,0.8,relu,adam,0.0,32,he,"(-0.5, 0.5)",20,0.2992071910791088,0.96
[3],0.05,0.01,0.0,0.2,0.8,relu,adam,0.01,32,xavier,"(-0.5, 0.5)",20,0.47792010417563846,0.76
[3],0.05,0.01,0.0,0.2,0.8,relu,adam,0.01,32,he,"(-0.5, 0.5)",20,0.2935720797412411,0.88
[3],0.05,0.01,0.0,0.2,0.9,tanh,sgd,0.0,32,xavier,"(-0.5, 0.5)",20,0.3402332467050988,0.92
[3],0.05,0.01,0.0,0.2,0.9,tanh,sgd,0.0,32,he,"(-0.5, 0.5)",20,0.3895634546639811,0.76
[3],0.05,0.01,0.0,0.2,0.9,tanh,sgd,0.01,32,xavier,"(-0.5, 0.5)",20,0.3599908560144815,0.84
[3],0.05,0.01,0.0,0.2,0.9,tanh,sgd,0.01,32,he,"(-0.5, 0.5)",20,0.4871576979850044,0.8
[3],0.05,0.01,0.0,0.2,0.9,tanh,adam,0.0,32,xavier,"(-0.5, 0.5)",20,0.24137321975229317,0.88
[3],0.05,0.01,0.0,0.2,0.9,tanh,adam,0.0,32,he,"(-0.5, 0.5)",20,0.47366362630559145,0.88
[3],0.05,0.01,0.0,0.2,0.9,tanh,adam,0.01,32,xavier,"(-0.5, 0.5)",20,0.447544999538468,0.84
[3],0.05,0.01,0.0,0.2,0.9,tanh,adam,0.01,32,he,"(-0.5, 0.5)",20,0.44241762648413596,0.84
[3],0.05,0.01,0.0,0.2,0.9,relu,sgd,0.0,32,xavier,"(-0.5, 0.5)",20,0.41268910440365897,0.76
[3],0.05,0.01,0.0,0.2,0.9,relu,sgd,0.0,32,he,"(-0.5, 0.5)",20,0.42302676156272945,0.8
[3],0.05,0.01,0.0,0.2,0.9,relu,sgd,0.01,32,xavier,"(-0.5, 0.5)",20,0.42464380062547247,0.84
[3],0.05,0.01,0.0,0.2,0.9,relu,sgd,0.01,32,he,"(-0.5, 0.5)",20,0.4106958697712012,0.84
[3],0.05,0.01,0.0,0.2,0.9,relu,adam,0.0,32,xavier,"(-0.5, 0.5)",20,0.2812838127958986,0.84
[3],0.05,0.01,0.0,0.2,0.9,relu,adam,0.0,32,he,"(-0.5, 0.5)",20,0.4052265369947759,0.8
[3],0.05,0.01,0.0,0.2,0.9,relu,adam,0.01,32,xavier,"(-0.5, 0.5)",20,0.33168860959684143,0.88
[3],0.05,0.01,0.0,0.2,0.9,relu,adam,0.01,32,he,"(-0.5, 0.5)",20,0.34636479843655343,0.92
[3],0.05,0.01,0.002,0.0,0.8,tanh,sgd,0.0,32,xavier,"(-0.5, 0.5)",20,0.494853128670823,0.84
[3],0.05,0.01,0.002,0.0,0.8,tanh,sgd,0.0,32,he,"(-0.5, 0.5)",20,0.4874089472364085,0.76
[3],0.05,0.01,0.002,0.0,0.8,tanh,sgd,0.01,32,xavier,"(-0.5, 0.5)",20,0.5067750872597503,0.84
[3],0.05,0.01,0.002,0.0,0.8,tanh,sgd,0.01,32,he,"(-0.5, 0.5)",20,0.4658494150162691,0.8
[3],0.05,0.01,0.002,0.0,0.8,tanh,adam,0.0,32,xavier,"(-0.5, 0.5)",20,0.25730089014428026,0.88
[3],0.05,0.01,0.002,0.0,0.8,tanh,adam,0.0,32,he,"(-0.5, 0.5)",20,0.13970825050925084,1.0
[3],0.05,0.01,0.002,0.0,0.8,tanh,adam,0.01,32,xavier,"(-0.5, 0.5)",20,0.27759025507024976,0.88
[3],0.05,0.01,0.002,0.0,0.8,tanh,adam,0.01,32,he,"(-0.5, 0.5)",20,0.1473470312084692,0.92
[3],0.05,0.01,0.002,0.0,0.8,relu,sgd,0.0,32,xavier,"(-0.5, 0.5)",20,0.49544795031121613,0.72
[3],0.05,0.01,0.002,0.0,0.8,relu,sgd,0.0,32,he,"(-0.5, 0.5)",20,0.3144484666716696,0.92
[3],0.05,0.01,0.002,0.0,0.8,relu,sgd,0.01,32,xavier,"(-0.5, 0.5)",20,0.40795537672085863,0.88
[3],0.05,0.01,0.002,0.0,0.8,relu,sgd,0.01,32,he,"(-0.5, 0.5)",20,0.3114513083034768,0.8
[3],0.05,0.01,0.002,0.0,0.8,relu,adam,0.0,32,xavier,"(-0.5, 0.5)",20,0.06675208407504159,0.96
[3],0.05,0.01,0.002,0.0,0.8,relu,adam,0.0,32,he,"(-0.5, 0.5)",20,0.11849189055532335,1.0
[3],0.05,0.01,0.002,0.0,0.8,relu,adam,0.01,32,xavier,"(-0.5, 0.5)",20,0.08897207262274026,0.96
[3],0.05,0.01,0.002,0.0,0.8,relu,adam,0.01,32,he,"(-0.5, 0.5)",20,0.14148119035626747,0.92
[3],0.05,0.01,0.002,0.0,0.9,tanh,sgd,0.0,32,xavier,"(-0.5, 0.5)",20,0.25734100058353204,0.88
[3],0.05,0.01,0.002,0.0,0.9,tanh,sgd,0.0,32,he,"(-0.5, 0.5)",20,0.30974003761298957,0.88
[3],0.05,0.01,0.002,0.0,0.9,tanh,sgd,0.01,32,xavier,"(-0.5, 0.5)",20,0.40745052094233397,0.76
[3],0.05,0.01,0.002,0.0,0.9,tanh,sgd,0.01,32,he,"(-0.5, 0.5)",20,0.4636958622078149,0.84
[3],0.05,0.01,0.002,0.0,0.9,tanh,adam,0.0,32,xavier,"(-0.5, 0.5)",20,0.3554140260293759,0.8
[3],0.05,0.01,0.002,0.0,0.9,tanh,adam,0.0,32,he,"(-0.5, 0.5)",20,0.4382021948160944,0.88
[3],0.05,0.01,0.002,0.0,0.9,tanh,adam,0.01,32,xavier,"(-0.5, 0.5)",20,0.19329843350079112,0.96
[3],0.05,0.01,0.002,0.0,0.9,tanh,adam,0.01,32,he,"(-0.5, 0.5)",20,0.2757633143312245,0.88
[3],0.05,0.01,0.002,0.0,0.9,relu,sgd,0.0,32,xavier,"(-0.5, 0.5)",20,0.3668541891861914,0.92
[3],0.05,0.01,0.002,0.0,0.9,relu,sgd,0.0,32,he,"(-0.5, 0.5)",20,0.20841626215206205,0.96
[3],0.05,0.01,0.002,0.0,0.9,relu,sgd,0.01,32,xavier,"(-0.5, 0.5)",20,0.2770502070258144,0.92
[3],0.05,0.01,0.002,0.0,0.9,relu,sgd,0.01,32,he,"(-0.5, 0.5)",20,0.5008655428139357,0.84
[3],0.05,0.01,0.002,0.0,0.9,relu,adam,0.0,32,xavier,"(-0.5, 0.5)",20,0.2313132355655897,0.96
[3],0.05,0.01,0.002,0.0,0.9,relu,adam,0.0,32,he,"(-0.5, 0.5)",20,0.4644672824529081,0.76
[3],0.05,0.01,0.002,0.0,0.9,relu,adam,0.01,32,xavier,"(-0.5, 0.5)",20,0.3529970514491251,0.8
[3],0.05,0.01,0.002,0.0,0.9,relu,adam,0.01,32,he,"(-0.5, 0.5)",20,0.3195418049582698,0.8
[3],0.05,0.01,0.002,0.1,0.8,tanh,sgd,0.0,32,xavier,"(-0.5, 0.5)",20,0.35255166767272944,0.88
[3],0.05,0.01,0.002,0.1,0.8,tanh,sgd,0.0,32,he,"(-0.5, 0.5)",20,0.3686848915477533,0.84
[3],0.05,0.01,0.002,0.1,0.8,tanh,sgd,0.01,32,xavier,"(-0.5, 0.5)",20,0.4994215883714623,0.88
[3],0.05,0.01,0.002,0.1,0.8,tanh,sgd,0.01,32,he,"(-0.5, 0.5)",20,0.39299190241066273,0.8
[3],0.05,0.01,0.002,0.1,0.8,tanh,adam,0.0,32,xavier,"(-0.5, 0.5)",20,0.252391440684844,0.88
[3],0.05,0.01,0.002,0.1,0.8,tanh,adam,0.0,32,he,"(-0.5, 0.5)",20,0.2468635376706198,0.96
[3],0.05,0.01,0.002,0.1,0.8,tanh,adam,0.01,32,xavier,"(-0.5, 0.5)",20,0.21330026067782373,0.92
[3],0.05,0.01,0.002,0.1,0.8,tanh,adam,0.01,32,he,"(-0.5, 0.5)",20,0.29630699975156577,0.88
[3],0.05,0.01,0.002,0.1,0.8,relu,sgd,0.0,32,xavier,"(-0.5, 0.5)",20,0.23464783642391304,0.88
[3],0.05,0.01,0.002,0.1,0.8,relu,sgd,0.0,32,he,"(-0.5, 0.5)",20,0.3955144163802584,0.84
[3],0.05,0.01,0.002,0.1,0.8,relu,sgd,0.01,32,xavier,"(-0.5, 0.5)",20,0.3532311095968859,0.92
[3],0.05,0.01,0.002,0.1,0.8,relu,sgd,0.01,32,he,"(-0.5, 0.5)",20,0.45609708269819016,0.8
[3],0.05,0.01,0.002,0.1,0.8,relu,adam,0.0,32,xavier,"(-0.5, 0.5)",20,0.4343608114372303,0.84
[3],0.05,0.01,0.002,0.1,0.8,relu,adam,0.0,32,he,"(-0.5, 0.5)",20,0.2011503960479503,0.92
[3],0.05,0.01,0.002,0.1,0.8,relu,adam,0.01,32,xavier,"(-0.5, 0.5)",20,0.21046500196185483,0.92
[3],0.05,0.01,0.002,0.1,0.8,relu,adam,0.01,32,he,"(-0.5, 0.5)",20,0.2481711792321393,0.88
[3],0.05,0.01,0.002,0.1,0.9,tanh,sgd,0.0,32,xavier,"(-0.5, 0.5)",20,0.42964120666649025,0.84
[3],0.05,0.01,0.002,0.1,0.9,tanh,sgd,0.0,32,he,"(-0.5, 0.5)",20,0.4695187493143378,0.8
[3],0.05,0.01,0.002,0.1,0.9,tanh,sgd,0.01,32,xavier,"(-0.5, 0.5)",20,0.31678108619412554,0.84
[3],0.05,0.01,0.002,0.1,0.9,tanh,sgd,0.01,32,he,"(-0.5, 0.5)",20,0.34232910741142497,0.88
[3],0.05,0.01,0.002,0.1,0.9,tanh,adam,0.0,32,xavier,"(-0.5, 0.5)",20,0.18128264764175445,1.0
[3],0.05,0.01,0.002,0.1,0.9,tanh,adam,0.0,32,he,"(-0.5, 0.5)",20,0.0887035195791606,1.0
[3],0.05,0.01,0.002,0.1,0.9,tanh,adam,0.01,32,xavier,"(-0.5, 0.5)",20,0.4312798496185577,0.84
[3],0.05,0.01,0.002,0.1,0.9,tanh,adam,0.01,32,he,"(-0.5, 0.5)",20,0.29721930852342465,0.88
[3],0.05,0.01,0.002,0.1,0.9,relu,sgd,0.0,32,xavier,"(-0.5, 0.5)",20,0.4680178250820692,0.8
[3],0.05,0.01,0.002,0.1,0.9,relu,sgd,0.0,32,he,"(-0.5, 0.5)",20,0.33713850011572655,0.92
[3],0.05,0.01,0.002,0.1,0.9,relu,sgd,0.01,32,xavier,"(-0.5, 0.5)",20,0.41360077985638166,0.8
[3],0.05,0.01,0.002,0.1,0.9,relu,sgd,0.01,32,he,"(-0.5, 0.5)",20,0.4894004594059096,0.72
[3],0.05,0.01,0.002,0.1,0.9,relu,adam,0.0,32,xavier,"(-0.5, 0.5)",20,0.22701264468395416,0.92
[3],0.05,0.01,0.002,0.1,0.9,relu,adam,0.0,32,he,"(-0.5, 0.5)",20,0.39046366933170346,0.84
[3],0.05,0.01,0.002,0.1,0.9,relu,adam,0.01,32,xavier,"(-0.5, 0.5)",20,0.34453635475500705,0.88
[3],0.05,0.01,0.002,0.1,0.9,relu,adam,0.01,32,he,"(-0.5, 0.5)",20,0.25891203496110615,0.88
[3],0.05,0.01,0.002,0.2,0.8,tanh,sgd,0.0,32,xavier,"(-0.5, 0.5)",20,0.42060141785720706,0.84
[3],0.05,0.01,0.002,0.2,0.8,tanh,sgd,0.0,32,he,"(-0.5, 0.5)",20,0.4267887458933008,0.76
[3],0.05,0.01,0.002,0.2,0.8,tanh,sgd,0.01,32,xavier,"(-0.5, 0.5)",20,0.48873638646857137,0.84
[3],0.05,0.01,0.002,0.2,0.8,tanh,sgd,0.01,32,he,"(-0.5, 0.5)",20,0.4810861993877379,0.8
[3],0.05,0.01,0.002,0.2,0.8,tanh,adam,0.0,32,xavier,"(-0.5, 0.5)",20,0.3025385294566877,0.92
[3],0.05,0.01,0.002,0.2,0.8,tanh,adam,0.0,32,he,"(-0.5, 0.5)",20,0.3888312763730778,0.88
[3],0.05,0.01,0.002,0.2,0.8,tanh,adam,0.01,32,xavier,"(-0.5, 0.5)",20,0.4630971452619265,0.88
[3],0.05,0.01,0.002,0.2,0.8,tanh,adam,0.01,32,he,"(-0.5, 0.5)",20,0.26587163648674933,0.92
[3],0.05,0.01,0.002,0.2,0.8,relu,sgd,0.0,32,xavier,"(-0.5, 0.5)",20,0.3631408569081411,0.88
[3],0.05,0.01,0.002,0.2,0.8,relu,sgd,0.0,32,he,"(-0.5, 0.5)",20,0.3847961034751796,0.88
[3],0.05,0.01,0.002,0.2,0.8,relu,sgd,0.01,32,xavier,"(-0.5, 0.5)",20,0.5123756240781215,0.8
[3],0.05,0.01,0.002,0.2,0.8,relu,sgd,0.01,32,he,"(-0.5, 0.5)",20,0.43851560947483453,0.84
[3],0.05,0.01,0.002,0.2,0.8,relu,adam,0.0,32,xavier,"(-0.5, 0.5)",20,0.3998204791070506,0.8
[3],0.05,0.01,0.002,0.2,0.8,relu,adam,0.0,32,he,"(-0.5, 0.5)",20,0.5011475892975223,0.88
[3],0.05,0.01,0.002,0.2,0.8,relu,adam,0.01,32,xavier,"(-0.5, 0.5)",20,0.38635846812459995,0.88
[3],0.05,0.01,0.002,0.2,0.8,relu,adam,0.01,32,he,"(-0.5, 0.5)",20,0.32114159362798445,0.92
[3],0.05,0.01,0.002,0.2,0.9,tanh,sgd,0.0,32,xavier,"(-0.5, 0.5)",20,0.26978335152566485,0.96
[3],0.05,0.01,0.002,0.2,0.9,tanh,sgd,0.0,32,he,"(-0.5, 0.5)",20,0.46927814386259126,0.84
[3],0.05,0.01,0.002,0.2,0.9,tanh,sgd,0.01,32,xavier,"(-0.5, 0.5)",20,0.39543133979138717,0.88
[3],0.05,0.01,0.002,0.2,0.9,tanh,sgd,0.01,32,he,"(-0.5, 0.5)",20,0.4416445372628184,0.84
[3],0.05,0.01,0.002,0.2,0.9,tanh,adam,0.0,32,xavier,"(-0.5, 0.5)",20,0.42326093972789364,0.8
[3],0.05,0.01,0.002,0.2,0.9,tanh,adam,0.0,32,he,"(-0.5, 0.5)",20,0.3490488643582599,0.88
[3],0.05,0.01,0.002,0.2,0.9,tanh,adam,0.01,32,xavier,"(-0.5, 0.5)",20,0.3549799419533893,0.88
[3],0.05,0.01,0.002,0.2,0.9,tanh,adam,0.01,32,he,"(-0.5, 0.5)",20,0.42556233334309945,0.84
[3],0.05,0.01,0.002,0.2,0.9,relu,sgd,0.0,32,xavier,"(-0.5, 0.5)",20,0.34755354363221275,0.8
[3],0.05,0.01,0.002,0.2,0.9,relu,sgd,0.0,32,he,"(-0.5, 0.5)",20,0.43903797173236253,0.88
[3],0.05,0.01,0.002,0.2,0.9,relu,sgd,0.01,32,xavier,"(-0.5, 0.5)",20,0.5940990074322254,0.8
[3],0.05,0.01,0.002,0.2,0.9,relu,sgd,0.01,32,he,"(-0.5, 0.5)",20,0.697095653498612,0.4
[3],0.05,0.01,0.002,0.2,0.9,relu,adam,0.0,32,xavier,"(-0.5, 0.5)",20,0.5079287015121124,0.76
[3],0.05,0.01,0.002,0.2,0.9,relu,adam,0.0,32,he,"(-0.5, 0.5)",20,0.3965580294614042,0.8
[3],0.05,0.01,0.002,0.2,0.9,relu,adam,0.01,32,xavier,"(-0.5, 0.5)",20,0.20558408511285262,0.88
[3],0.05,0.01,0.002,0.2,0.9,relu,adam,0.01,32,he,"(-0.5, 0.5)",20,0.376331769820885,0.88
[3],0.1,0.0,0.0,0.0,0.8,tanh,sgd,0.0,32,xavier,"(-0.5, 0.5)",20,0.1890098281484851,0.92
[3],0.1,0.0,0.0,0.0,0.8,tanh,sgd,0.0,32,he,"(-0.5, 0.5)",20,0.4147205033811894,0.88
[3],0.1,0.0,0.0,0.0,0.8,tanh,sgd,0.01,32,xavier,"(-0.5, 0.5)",20,0.20226565742889374,0.96
[3],0.1,0.0,0.0,0.0,0.8,tanh,sgd,0.01,32,he,"(-0.5, 0.5)",20,0.2997205493162791,0.8
[3],0.1,0.0,0.0,0.0,0.8,tanh,adam,0.0,32,xavier,"(-0.5, 0.5)",20,0.20765584778976712,0.92
[3],0.1,0.0,0.0,0.0,0.8,tanh,adam,0.0,32,he,"(-0.5, 0.5)",20,0.24370298408139518,0.92
[3],0.1,0.0,0.0,0.0,0.8,tanh,adam,0.01,32,xavier,"(-0.5, 0.5)",20,0.2527302737397353,0.88
[3],0.1,0.0,0.0,0.0,0.8,tanh,adam,0.01,32,he,"(-0.5, 0.5)",20,0.4599228925594319,0.88
[3],0.1,0.0,0.0,0.0,0.8,relu,sgd,0.0,32,xavier,"(-0.5, 0.5)",20,0.3647406290201834,0.8
[3],0.1,0.0,0.0,0.0,0.8,relu,sgd,0.0,32,he,"(-0.5, 0.5)",20,0.5491940605280846,0.88
[3],0.1,0.0,0.0,0.0,0.8,relu,sgd,0.01,32,xavier,"(-0.5, 0.5)",20,0.34220837897961637,0.84
[3],0.1,0.0,0.0,0.0,0.8,relu,sgd,0.01,32,he,"(-0.5, 0.5)",20,0.3954688129207424,0.8
[3],0.1,0.0,0.0,0.0,0.8,relu,adam,0.0,32,xavier,"(-0.5, 0.5)",20,0.14755016451637756,0.96
[3],0.1,0.0,0.0,0.0,0.8,relu,adam,0.0,32,he,"(-0.5, 0.5)",20,0.023381683832196472,1.0
[3],0.1,0.0,0.0,0.0,0.8,relu,adam,0.01,32,xavier,"(-0.5, 0.5)",20,0.1820760568070205,0.92
[3],0.1,0.0,0.0,0.0,0.8,relu,adam,0.01,32,he,"(-0.5, 0.5)",20,0.14550436695903554,0.96
[3],0.1,0.0,0.0,0.0,0.9,tanh,sgd,0.0,32,xavier,"(-0.5, 0.5)",20,0.21533045485541158,0.92
[3],0.1,0.0,0.0,0.0,0.9,tanh,sgd,0.0,32,he,"(-0.5, 0.5)",20,0.11172677328595089,0.96
[3],0.1,0.0,0.0,0.0,0.9,tanh,sgd,0.01,32,xavier,"(-0.5, 0.5)",20,0.07205258385813745,1.0
[3],0.1,0.0,0.0,0.0,0.9,tanh,sgd,0.01,32,he,"(-0.5, 0.5)",20,0.06444751091021308,1.0
[3],0.1,0.0,0.0,0.0,0.9,tanh,adam,0.0,32,xavier,"(-0.5, 0.5)",20,0.3344399320232309,0.88
[3],0.1,0.0,0.0,0.0,0.9,tanh,adam,0.0,32,he,"(-0.5, 0.5)",20,0.015149013344325548,1.0
[3],0.1,0.0,0.0,0.0,0.9,tanh,adam,0.01,32,xavier,"(-0.5, 0.5)",20,0.25041237196959626,0.92
[3],0.1,0.0,0.0,0.0,0.9,tanh,adam,0.01,32,he,"(-0.5, 0.5)",20,0.42600142967893206,0.72
[3],0.1,0.0,0.0,0.0,0.9,relu,sgd,0.0,32,xavier,"(-0.5, 0.5)",20,0.10619857567369918,1.0
[3],0.1,0.0,0.0,0.0,0.9,relu,sgd,0.0,32,he,"(-0.5, 0.5)",20,0.06807979242768891,1.0
[3],0.1,0.0,0.0,0.0,0.9,relu,sgd,0.01,32,xavier,"(-0.5, 0.5)",20,0.21257303603477523,0.92
[3],0.1,0.0,0.0,0.0,0.9,relu,sgd,0.01,32,he,"(-0.5, 0.5)",20,0.06783540701743208,0.92
[3],0.1,0.0,0.0,0.0,0.9,relu,adam,0.0,32,xavier,"(-0.5, 0.5)",20,0.26839953440998277,0.92
[3],0.1,0.0,0.0,0.0,0.9,relu,adam,0.0,32,he,"(-0.5, 0.5)",20,0.38596654934639824,0.8
[3],0.1,0.0,0.0,0.0,0.9,relu,adam,0.01,32,xavier,"(-0.5, 0.5)",20,0.6945145641198092,0.4
[3],0.1,0.0,0.0,0.0,0.9,relu,adam,0.01,32,he,"(-0.5, 0.5)",20,0.1384181776037182,0.92
[3],0.1,0.0,0.0,0.1,0.8,tanh,sgd,0.0,32,xavier,"(-0.5, 0.5)",20,0.26041887258537544,0.8
[3],0.1,0.0,0.0,0.1,0.8,tanh,sgd,0.0,32,he,"(-0.5, 0.5)",20,0.19484605938267716,0.96
[3],0.1,0.0,0.0,0.1,0.8,tanh,sgd,0.01,32,xavier,"(-0.5, 0.5)",20,0.4680109386868092,0.8
[3],0.1,0.0,0.0,0.1,0.8,tanh,sgd,0.01,32,he,"(-0.5, 0.5)",20,0.2541706094621174,0.84
[3],0.1,0.0,0.0,0.1,0.8,tanh,adam,0.0,32,xavier,"(-0.5, 0.5)",20,0.2712274816206149,0.88
[3],0.1,0.0,0.0,0.1,0.8,tanh,adam,0.0,32,he,"(-0.5, 0.5)",20,0.16601588934592948,0.92
[3],0.1,0.0,0.0,0.1,0.8,tanh,adam,0.01,32,xavier,"(-0.5, 0.5)",20,0.3820859388597231,0.88
[3],0.1,0.0,0.0,0.1,0.8,tanh,adam,0.01,32,he,"(-0.5, 0.5)",20,0.14845929766505167,0.92
[3],0.1,0.0,0.0,0.1,0.8,relu,sgd,0.0,32,xavier,"(-0.5, 0.5)",20,0.39731880003278774,0.8
[3],0.1,0.0,0.0,0.1,0.8,relu,sgd,0.0,32,he,"(-0.5, 0.5)",20,0.30536637507114156,0.84
[3],0.1,0.0,0.0,0.1,0.8,relu,sgd,0.01,32,xavier,"(-0.5, 0.5)",20,0.17547334681194623,0.88
[3],0.1,0.0,0.0,0.1,0.8,relu,sgd,0.01,32,he,"(-0.5, 0.5)",20,0.510146238848225,0.8
[3],0.1,0.0,0.0,0.1,0.8,relu,adam,0.0,32,xavier,"(-0.5, 0.5)",20,0.27618015351282243,0.92
[3],0.1,0.0,0.0,0.1,0.8,relu,adam,0.0,32,he,"(-0.5, 0.5)",20,0.27789032750866804,0.92
[3],0.1,0.0,0.0,0.1,0.8,relu,adam,0.01,32,xavier,"(-0.5, 0.5)",20,0.2572201040619907,0.88
[3],0.1,0.0,0.0,0.1,0.8,relu,adam,0.01,32,he,"(-0.5, 0.5)",20,0.3960183427911151,0.8
[3],0.1,0.0,0.0,0.1,0.9,tanh,sgd,0.0,32,xavier,"(-0.5, 0.5)",20,0.4105055507187465,0.72
[3],0.1,0.0,0.0,0.1,0.9,tanh,sgd,0.0,32,he,"(-0.5, 0.5)",20,0.22467412920197996,0.88
[3],0.1,0.0,0.0,0.1,0.9,tanh,sgd,0.01,32,xavier,"(-0.5, 0.5)",20,0.31858604450113015,0.88
[3],0.1,0.0,0.0,0.1,0.9,tanh,sgd,0.01,32,he,"(-0.5, 0.5)",20,0.2750498723862538,0.88
[3],0.1,0.0,0.0,0.1,0.9,tanh,adam,0.0,32,xavier,"(-0.5, 0.5)",20,0.37063722495369206,0.88
[3],0.1,0.0,0.0,0.1,0.9,tanh,adam,0.0,32,he,"(-0.5, 0.5)",20,0.4417242094273757,0.88
[3],0.1,0.0,0.0,0.1,0.9,tanh,adam,0.01,32,xavier,"(-0.5, 0.5)",20,0.30846820019171434,0.88
[3],0.1,0.0,0.0,0.1,0.9,tanh,adam,0.01,32,he,"(-0.5, 0.5)",20,0.2118181127920689,0.92
[3],0.1,0.0,0.0,0.1,0.9,relu,sgd,0.0,32,xavier,"(-0.5, 0.5)",20,0.2808422478236876,0.84
[3],0.1,0.0,0.0,0.1,0.9,relu,sgd,0.0,32,he,"(-0.5, 0.5)",20,0.3855432894507201,0.8
[3],0.1,0.0,0.0,0.1,0.9,relu,sgd,0.01,32,xavier,"(-0.5, 0.5)",20,0.4398722134635081,0.76
[3],0.1,0.0,0.0,0.1,0.9,relu,sgd,0.01,32,he,"(-0.5, 0.5)",20,0.37280026198519695,0.8
[3],0.1,0.0,0.0,0.1,0.9,relu,adam,0.0,32,xavier,"(-0.5, 0.5)",20,0.3147761639839549,0.92
[3],0.1,0.0,0.0,0.1,0.9,relu,adam,0.0,32,he,"(-0.5, 0.5)",20,0.1680782183835779,0.92
[3],0.1,0.0,0.0,0.1,0.9,relu,adam,0.01,32,xavier,"(-0.5, 0.5)",20,0.26600694994014346,0.88
[3],0.1,0.0,0.0,0.1,0.9,relu,adam,0.01,32,he,"(-0.5, 0.5)",20,0.12336574490244306,0.96
[3],0.1,0.0,0.0,0.2,0.8,tanh,sgd,0.0,32,xavier,"(-0.5, 0.5)",20,0.45249143153587995,0.76
[3],0.1,0.0,0.0,0.2,0.8,tanh,sgd,0.0,32,he,"(-0.5, 0.5)",20,0.35849256336685265,0.84
[3],0.1,0.0,0.0,0.2,0.8,tanh,sgd,0.01,32,xavier,"(-0.5, 0.5)",20,0.36416996673891766,0.88
[3],0.1,0.0,0.0,0.2,0.8,tanh,sgd,0.01,32,he,"(-0.5, 0.5)",20,0.4216650459202756,0.88
[3],0.1,0.0,0.0,0.2,0.8,tanh,adam,0.0,32,xavier,"(-0.5, 0.5)",20,0.27751943447519234,0.88
[3],0.1,0.0,0.0,0.2,0.8,tanh,adam,0.0,32,he,"(-0.5, 0.5)",20,0.21382706791488384,0.92
[3],0.1,0.0,0.0,0.2,0.8,tanh,adam,0.01,32,xavier,"(-0.5, 0.5)",20,0.3301621451339479,0.88
[3],0.1,0.0,0.0,0.2,0.8,tanh,adam,0.01,32,he,"(-0.5, 0.5)",20,0.43830672773232293,0.8
[3],0.1,0.0,0.0,0.2,0.8,relu,sgd,0.0,32,xavier,"(-0.5, 0.5)",20,0.4274994282720971,0.84
[3],0.1,0.0,0.0,0.2,0.8,relu,sgd,0.0,32,he,"(-0.5, 0.5)",20,0.39261902443930763,0.84
[3],0.1,0.0,0.0,0.2,0.8,relu,sgd,0.01,32,xavier,"(-0.5, 0.5)",20,0.3993094447753435,0.84
[3],0.1,0.0,0.0,0.2,0.8,relu,sgd,0.01,32,he,"(-0.5, 0.5)",20,0.25422996825641553,0.88
[3],0.1,0.0,0.0,0.2,0.8,relu,adam,0.0,32,xavier,"(-0.5, 0.5)",20,0.3201131120858946,0.88
[3],0.1,0.0,0.0,0.2,0.8,relu,adam,0.0,32,he,"(-0.5, 0.5)",20,0.3147223134410721,0.92
[3],0.1,0.0,0.0,0.2,0.8,relu,adam,0.01,32,xavier,"(-0.5, 0.5)",20,0.30048930610326363,0.88
[3],0.1,0.0,0.0,0.2,0.8,relu,adam,0.01,32,he,"(-0.5, 0.5)",20,0.3299382780026496,0.92
[3],0.1,0.0,0.0,0.2,0.9,tanh,sgd,0.0,32,xavier,"(-0.5, 0.5)",20,0.16243570116277972,0.96
[3],0.1,0.0,0.0,0.2,0.9,tanh,sgd,0.0,32,he,"(-0.5, 0.5)",20,0.3951821988491199,0.72
[3],0.1,0.0,0.0,0.2,0.9,tanh,sgd,0.01,32,xavier,"(-0.5, 0.5)",20,0.2404075752033926,0.92
[3],0.1,0.0,0.0,0.2,0.9,tanh,sgd,0.01,32,he,"(-0.5, 0.5)",20,0.24791039411425306,0.92
[3],0.1,0.0,0.0,0.2,0.9,tanh,adam,0.0,32,xavier,"(-0.5, 0.5)",20,0.2828038586177088,0.88
[3],0.1,0.0,0.0,0.2,0.9,tanh,adam,0.0,32,he,"(-0.5, 0.5)",20,0.24888751514109192,0.92
[3],0.1,0.0,0.0,0.2,0.9,tanh,adam,0.01,32,xavier,"(-0.5, 0.5)",20,0.3739631407359891,0.88
[3],0.1,0.0,0.0,0.2,0.9,tanh,adam,0.01,32,he,"(-0.5, 0.5)",20,0.08631932825139782,1.0
[3],0.1,0.0,0.0,0.2,0.9,relu,sgd,0.0,32,xavier,"(-0.5, 0.5)",20,0.35620454142080676,0.92
[3],0.1,0.0,0.0,0.2,0.9,relu,sgd,0.0,32,he,"(-0.5, 0.5)",20,0.325204906322396,0.84
[3],0.1,0.0,0.0,0.2,0.9,relu,sgd,0.01,32,xavier,"(-0.5, 0.5)",20,0.312332479615919,0.92
[3],0.1,0.0,0.0,0.2,0.9,relu,sgd,0.01,32,he,"(-0.5, 0.5)",20,0.2084325274199431,0.96
[3],0.1,0.0,0.0,0.2,0.9,relu,adam,0.0,32,xavier,"(-0.5, 0.5)",20,0.6873391615561317,0.6
[3],0.1,0.0,0.0,0.2,0.9,relu,adam,0.0,32,he,"(-0.5, 0.5)",20,0.5815190793882002,0.6
[3],0.1,0.0,0.0,0.2,0.9,relu,adam,0.01,32,xavier,"(-0.5, 0.5)",20,0.22927430086759418,0.84
[3],0.1,0.0,0.0,0.2,0.9,relu,adam,0.01,32,he,"(-0.5, 0.5)",20,0.27648501135190046,0.76
[3],0.1,0.0,0.002,0.0,0.8,tanh,sgd,0.0,32,xavier,"(-0.5, 0.5)",20,0.16681335240122358,0.92
[3],0.1,0.0,0.002,0.0,0.8,tanh,sgd,0.0,32,he,"(-0.5, 0.5)",20,0.5068131839951616,0.76
[3],0.1,0.0,0.002,0.0,0.8,tanh,sgd,0.01,32,xavier,"(-0.5, 0.5)",20,0.4141879251158673,0.8
[3],0.1,0.0,0.002,0.0,0.8,tanh,sgd,0.01,32,he,"(-0.5, 0.5)",20,0.29338876165742955,0.88
[3],0.1,0.0,0.002,0.0,0.8,tanh,adam,0.0,32,xavier,"(-0.5, 0.5)",20,0.16084643491756143,0.88
[3],0.1,0.0,0.002,0.0,0.8,tanh,adam,0.0,32,he,"(-0.5, 0.5)",20,0.22196648033170804,0.92
[3],0.1,0.0,0.002,0.0,0.8,tanh,adam,0.01,32,xavier,"(-0.5, 0.5)",20,0.15543966683969812,0.96
[3],0.1,0.0,0.002,0.0,0.8,tanh,adam,0.01,32,he,"(-0.5, 0.5)",20,0.036225990546054354,1.0
[3],0.1,0.0,0.002,0.0,0.8,relu,sgd,0.0,32,xavier,"(-0.5, 0.5)",20,0.19120107924268753,0.92
[3],0.1,0.0,0.002,0.0,0.8,relu,sgd,0.0,32,he,"(-0.5, 0.5)",20,0.2799322963297153,0.92
[3],0.1,0.0,0.002,0.0,0.8,relu,sgd,0.01,32,xavier,"(-0.5, 0.5)",20,0.453805123061674,0.8
[3],0.1,0.0,0.002,0.0,0.8,relu,sgd,0.01,32,he,"(-0.5, 0.5)",20,0.22495477932614863,0.96
[3],0.1,0.0,0.002,0.0,0.8,relu,adam,0.0,32,xavier,"(-0.5, 0.5)",20,0.2813178539901934,0.92
[3],0.1,0.0,0.002,0.0,0.8,relu,adam,0.0,32,he,"(-0.5, 0.5)",20,0.12298248252106359,0.96
[3],0.1,0.0,0.002,0.0,0.8,relu,adam,0.01,32,xavier,"(-0.5, 0.5)",20,0.06485543896372632,1.0
[3],0.1,0.0,0.002,0.0,0.8,relu,adam,0.01,32,he,"(-0.5, 0.5)",20,0.2795066738281822,0.92
[3],0.1,0.0,0.002,0.0,0.9,tanh,sgd,0.0,32,xavier,"(-0.5, 0.5)",20,0.16416308989424724,0.96
[3],0.1,0.0,0.002,0.0,0.9,tanh,sgd,0.0,32,he,"(-0.5, 0.5)",20,0.1701714046389764,0.96
[3],0.1,0.0,0.002,0.0,0.9,tanh,sgd,0.01,32,xavier,"(-0.5, 0.5)",20,0.20291838324689346,0.92
[3],0.1,0.0,0.002,0.0,0.9,tanh,sgd,0.01,32,he,"(-0.5, 0.5)",20,0.3309240485914533,0.88
[3],0.1,0.0,0.002,0.0,0.9,tanh,adam,0.0,32,xavier,"(-0.5, 0.5)",20,0.2616589903662452,0.84
[3],0.1,0.0,0.002,0.0,0.9,tanh,adam,0.0,32,he,"(-0.5, 0.5)",20,0.20962433374812184,0.92
[3],0.1,0.0,0.002,0.0,0.9,tanh,adam,0.01,32,xavier,"(-0.5, 0.5)",20,0.36291768216530257,0.88
[3],0.1,0.0,0.002,0.0,0.9,tanh,adam,0.01,32,he,"(-0.5, 0.5)",20,0.42242958042648304,0.88
[3],0.1,0.0,0.002,0.0,0.9,relu,sgd,0.0,32,xavier,"(-0.5, 0.5)",20,0.10602162741351434,0.92
[3],0.1,0.0,0.002,0.0,0.9,relu,sgd,0.0,32,he,"(-0.5, 0.5)",20,0.34023819417700535,0.8
[3],0.1,0.0,0.002,0.0,0.9,relu,sgd,0.01,32,xavier,"(-0.5, 0.5)",20,0.19255744931773983,0.92
[3],0.1,0.0,0.002,0.0,0.9,relu,sgd,0.01,32,he,"(-0.5, 0.5)",20,0.3215480557198155,0.92
[3],0.1,0.0,0.002,0.0,0.9,relu,adam,0.0,32,xavier,"(-0.5, 0.5)",20,0.06044209437410564,1.0
[3],0.1,0.0,0.002,0.0,0.9,relu,adam,0.0,32,he,"(-0.5, 0.5)",20,0.1806919966809935,0.92
[3],0.1,0.0,0.002,0.0,0.9,relu,adam,0.01,32,xavier,"(-0.5, 0.5)",20,0.34499643700245414,0.84
[3],0.1,0.0,0.002,0.0,0.9,relu,adam,0.01,32,he,"(-0.5, 0.5)",20,0.1200409282767762,0.92
[3],0.1,0.0,0.002,0.1,0.8,tanh,sgd,0.0,32,xavier,"(-0.5, 0.5)",20,0.32911552476267086,0.88
[3],0.1,0.0,0.002,0.1,0.8,tanh,sgd,0.0,32,he,"(-0.5, 0.5)",20,0.23944444114100447,0.92
[3],0.1,0.0,0.002,0.1,0.8,tanh,sgd,0.01,32,xavier,"(-0.5, 0.5)",20,0.22166200631044866,0.96
[3],0.1,0.0,0.002,0.1,0.8,tanh,sgd,0.01,32,he,"(-0.5, 0.5)",20,0.38215969379784803,0.8
[3],0.1,0.0,0.002,0.1,0.8,tanh,adam,0.0,32,xavier,"(-0.5, 0.5)",20,0.11099832964108074,0.92
[3],0.1,0.0,0.002,0.1,0.8,tanh,adam,0.0,32,he,"(-0.5, 0.5)",20,0.2611765223110726,0.92
[3],0.1,0.0,0.002,0.1,0.8,tanh,adam,0.01,32,xavier,"(-0.5, 0.5)",20,0.32524551870714735,0.88
[3],0.1,0.0,0.002,0.1,0.8,tanh,adam,0.01,32,he,"(-0.5, 0.5)",20,0.042412935903839974,1.0
[3],0.1,0.0,0.002,0.1,0.8,relu,sgd,0.0,32,xavier,"(-0.5, 0.5)",20,0.4655595354575814,0.8
[3],0.1,0.0,0.002,0.1,0.8,relu,sgd,0.0,32,he,"(-0.5, 0.5)",20,0.4275199980762302,0.84
[3],0.1,0.0,0.002,0.1,0.8,relu,sgd,0.01,32,xavier,"(-0.5, 0.5)",20,0.4435676593973908,0.84
[3],0.1,0.0,0.002,0.1,0.8,relu,sgd,0.01,32,he,"(-0.5, 0.5)",20,0.45039092257639424,0.8
[3],0.1,0.0,0.002,0.1,0.8,relu,adam,0.0,32,xavier,"(-0.5, 0.5)",20,0.14079878069414725,0.96
[3],0.1,0.0,0.002,0.1,0.8,relu,adam,0.0,32,he,"(-0.5, 0.5)",20,0.37344876087336026,0.88
[3],0.1,0.0,0.002,0.1,0.8,relu,adam,0.01,32,xavier,"(-0.5, 0.5)",20,0.381394821220368,0.88
[3],0.1,0.0,0.002,0.1,0.8,relu,adam,0.01,32,he,"(-0.5, 0.5)",20,0.20757355639657324,0.96
[3],0.1,0.0,0.002,0.1,0.9,tanh,sgd,0.0,32,xavier,"(-0.5, 0.5)",20,0.18455040953887147,0.92
[3],0.1,0.0,0.002,0.1,0.9,tanh,sgd,0.0,32,he,"(-0.5, 0.5)",20,0.3748683449456002,0.84
[3],0.1,0.0,0.002,0.1,0.9,tanh,sgd,0.01,32,xavier,"(-0.5, 0.5)",20,0.3229311481600935,0.84
[3],0.1,0.0,0.002,0.1,0.9,tanh,sgd,0.01,32,he,"(-0.5, 0.5)",20,0.34259683270952723,0.88
[3],0.1,0.0,0.002,0.1,0.9,tanh,adam,0.0,32,xavier,"(-0.5, 0.5)",20,0.10631474081203811,0.96
[3],0.1,0.0,0.002,0.1,0.9,tanh,adam,0.0,32,he,"(-0.5, 0.5)",20,0.21641416143992834,0.92
[3],0.1,0.0,0.002,0.1,0.9,tanh,adam,0.01,32,xavier,"(-0.5, 0.5)",20,0.2318641986682294,0.92
[3],0.1,0.0,0.002,0.1,0.9,tanh,adam,0.01,32,he,"(-0.5, 0.5)",20,0.04685398847897403,1.0
[3],0.1,0.0,0.002,0.1,0.9,relu,sgd,0.0,32,xavier,"(-0.5, 0.5)",20,0.33806137700160194,0.8
[3],0.1,0.0,0.002,0.1,0.9,relu,sgd,0.0,32,he,"(-0.5, 0.5)",20,0.4135344826880445,0.84
[3],0.1,0.0,0.002,0.1,0.9,relu,sgd,0.01,32,xavier,"(-0.5, 0.5)",20,0.3926358479996142,0.84
[3],0.1,0.0,0.002,0.1,0.9,relu,sgd,0.01,32,he,"(-0.5, 0.5)",20,0.18689150066867255,0.92
[3],0.1,0.0,0.002,0.1,0.9,relu,adam,0.0,32,xavier,"(-0.5, 0.5)",20,0.20518822807753917,0.88
[3],0.1,0.0,0.002,0.1,0.9,relu,adam,0.0,32,he,"(-0.5, 0.5)",20,0.3568572692580588,0.8
[3],0.1,0.0,0.002,0.1,0.9,relu,adam,0.01,32,xavier,"(-0.5, 0.5)",20,0.16431162315582706,0.88
[3],0.1,0.0,0.002,0.1,0.9,relu,adam,0.01,32,he,"(-0.5, 0.5)",20,0.44407984923533456,0.84
[3],0.1,0.0,0.002,0.2,0.8,tanh,sgd,0.0,32,xavier,"(-0.5, 0.5)",20,0.45057875576006795,0.8
[3],0.1,0.0,0.002,0.2,0.8,tanh,sgd,0.0,32,he,"(-0.5, 0.5)",20,0.46659923484639537,0.88
[3],0.1,0.0,0.002,0.2,0.8,tanh,sgd,0.01,32,xavier,"(-0.5, 0.5)",20,0.43766224165128237,0.8
[3],0.1,0.0,0.002,0.2,0.8,tanh,sgd,0.01,32,he,"(-0.5, 0.5)",20,0.368627955445918,0.84
[3],0.1,0.0,0.002,0.2,0.8,tanh,adam,0.0,32,xavier,"(-0.5, 0.5)",20,0.23511531315811257,0.92
[3],0.1,0.0,0.002,0.2,0.8,tanh,adam,0.0,32,he,"(-0.5, 0.5)",20,0.2780993549017436,0.88
[3],0.1,0.0,0.002,0.2,0.8,tanh,adam,0.01,32,xavier,"(-0.5, 0.5)",20,0.4188960779938682,0.88
[3],0.1,0.0,0.002,0.2,0.8,tanh,adam,0.01,32,he,"(-0.5, 0.5)",20,0.23188936022818715,0.92
[3],0.1,0.0,0.002,0.2,0.8,relu,sgd,0.0,32,xavier,"(-0.5, 0.5)",20,0.42183209326291327,0.8
[3],0.1,0.0,0.002,0.2,0.8,relu,sgd,0.0,32,he,"(-0.5, 0.5)",20,0.3231246924188468,0.8
[3],0.1,0.0,0.002,0.2,0.8,relu,sgd,0.01,32,xavier,"(-0.5, 0.5)",20,0.40371963853959975,0.84
[3],0.1,0.0,0.002,0.2,0.8,relu,sgd,0.01,32,he,"(-0.5, 0.5)",20,0.3677797325992547,0.92
[3],0.1,0.0,0.002,0.2,0.8,relu,adam,0.0,32,xavier,"(-0.5, 0.5)",20,0.3318527367813665,0.92
[3],0.1,0.0,0.002,0.2,0.8,relu,adam,0.0,32,he,"(-0.5, 0.5)",20,0.2875073670921663,0.92
[3],0.1,0.0,0.002,0.2,0.8,relu,adam,0.01,32,xavier,"(-0.5, 0.5)",20,0.2163143325635479,0.92
[3],0.1,0.0,0.002,0.2,0.8,relu,adam,0.01,32,he,"(-0.5, 0.5)",20,0.3508034545814791,0.88
[3],0.1,0.0,0.002,0.2,0.9,tanh,sgd,0.0,32,xavier,"(-0.5, 0.5)",20,0.3069355652708859,0.88
[3],0.1,0.0,0.002,0.2,0.9,tanh,sgd,0.0,32,he,"(-0.5, 0.5)",20,0.2589794067506949,0.92
[3],0.1,0.0,0.002,0.2,0.9,tanh,sgd,0.01,32,xavier,"(-0.5, 0.5)",20,0.3261680695581153,0.88
[3],0.1,0.0,0.002,0.2,0.9,tanh,sgd,0.01,32,he,"(-0.5, 0.5)",20,0.2854728845942411,0.84
[3],0.1,0.0,0.002,0.2,0.9,tanh,adam,0.0,32,xavier,"(-0.5, 0.5)",20,0.14711524427566536,0.92
[3],0.1,0.0,0.002,0.2,0.9,tanh,adam,0.0,32,he,"(-0.5, 0.5)",20,0.15712135156200105,0.92
[3],0.1,0.0,0.002,0.2,0.9,tanh,adam,0.01,32,xavier,"(-0.5, 0.5)",20,0.4243291161090967,0.84
[3],0.1,0.0,0.002,0.2,0.9,tanh,adam,0.01,32,he,"(-0.5, 0.5)",20,0.2473478828820686,0.92
[3],0.1,0.0,0.002,0.2,0.9,relu,sgd,0.0,32,xavier,"(-0.5, 0.5)",20,0.21850503454405437,0.88
[3],0.1,0.0,0.002,0.2,0.9,relu,sgd,0.0,32,he,"(-0.5, 0.5)",20,0.3312519221783417,0.92
[3],0.1,0.0,0.002,0.2,0.9,relu,sgd,0.01,32,xavier,"(-0.5, 0.5)",20,0.2842813102339353,0.84
[3],0.1,0.0,0.002,0.2,0.9,relu,sgd,0.01,32,he,"(-0.5, 0.5)",20,0.37472122835991933,0.8
[3],0.1,0.0,0.002,0.2,0.9,relu,adam,0.0,32,xavier,"(-0.5, 0.5)",20,0.28489602340034914,0.88
[3],0.1,0.0,0.002,0.2,0.9,relu,adam,0.0,32,he,"(-0.5, 0.5)",20,0.2855278551571224,0.92
[3],0.1,0.0,0.002,0.2,0.9,relu,adam,0.01,32,xavier,"(-0.5, 0.5)",20,0.31674089046510495,0.92
[3],0.1,0.0,0.002,0.2,0.9,relu,adam,0.01,32,he,"(-0.5, 0.5)",20,0.3154062848672974,0.92
[3],0.1,0.005,0.0,0.0,0.8,tanh,sgd,0.0,32,xavier,"(-0.5, 0.5)",20,0.3032906576175044,0.88
[3],0.1,0.005,0.0,0.0,0.8,tanh,sgd,0.0,32,he,"(-0.5, 0.5)",20,0.28086677193264126,0.84
[3],0.1,0.005,0.0,0.0,0.8,tanh,sgd,0.01,32,xavier,"(-0.5, 0.5)",20,0.30729595963154704,0.88
[3],0.1,0.005,0.0,0.0,0.8,tanh,sgd,0.01,32,he,"(-0.5, 0.5)",20,0.44498129534816266,0.76
[3],0.1,0.005,0.0,0.0,0.8,tanh,adam,0.0,32,xavier,"(-0.5, 0.5)",20,0.20758235301575256,0.88
[3],0.1,0.005,0.0,0.0,0.8,tanh,adam,0.0,32,he,"(-0.5, 0.5)",20,0.042658560434719814,1.0
[3],0.1,0.005,0.0,0.0,0.8,tanh,adam,0.01,32,xavier,"(-0.5, 0.5)",20,0.1821150473751536,0.88
[3],0.1,0.005,0.0,0.0,0.8,tanh,adam,0.01,32,he,"(-0.5, 0.5)",20,0.042078416127700254,1.0
[3],0.1,0.005,0.0,0.0,0.8,relu,sgd,0.0,32,xavier,"(-0.5, 0.5)",20,0.37239230568282133,0.84
[3],0.1,0.005,0.0,0.0,0.8,relu,sgd,0.0,32,he,"(-0.5, 0.5)",20,0.6896906255529254,0.6
[3],0.1,0.005,0.0,0.0,0.8,relu,sgd,0.01,32,xavier,"(-0.5, 0.5)",20,0.2599030940624716,0.92
[3],0.1,0.005,0.0,0.0,0.8,relu,sgd,0.01,32,he,"(-0.5, 0.5)",20,0.43035277100032304,0.72
[3],0.1,0.005,0.0,0.0,0.8,relu,adam,0.0,32,xavier,"(-0.5, 0.5)",20,0.38460144505447996,0.88
[3],0.1,0.005,0.0,0.0,0.8,relu,adam,0.0,32,he,"(-0.5, 0.5)",20,0.11374500485410208,0.96
[3],0.1,0.005,0.0,0.0,0.8,relu,adam,0.01,32,xavier,"(-0.5, 0.5)",20,0.49741344174458785,0.88
[3],0.1,0.005,0.0,0.0,0.8,relu,adam,0.01,32,he,"(-0.5, 0.5)",20,0.02007117897990301,1.0
[3],0.1,0.005,0.0,0.0,0.9,tanh,sgd,0.0,32,xavier,"(-0.5, 0.5)",20,0.18881248120508404,0.96
[3],0.1,0.005,0.0,0.0,0.9,tanh,sgd,0.0,32,he,"(-0.5, 0.5)",20,0.05853049511358971,1.0
[3],0.1,0.005,0.0,0.0,0.9,tanh,sgd,0.01,32,xavier,"(-0.5, 0.5)",20,0.07313294885937902,1.0
[3],0.1,0.005,0.0,0.0,0.9,tanh,sgd,0.01,32,he,"(-0.5, 0.5)",20,0.3537192270591203,0.88
[3],0.1,0.005,0.0,0.0,0.9,tanh,adam,0.0,32,xavier,"(-0.5, 0.5)",20,0.23581281788001374,0.92
[3],0.1,0.005,0.0,0.0,0.9,tanh,adam,0.0,32,he,"(-0.5, 0.5)",20,0.2128765377881901,0.92
[3],0.1,0.005,0.0,0.0,0.9,tanh,adam,0.01,32,xavier,"(-0.5, 0.5)",20,0.3311356951826351,0.88
[3],0.1,0.005,0.0,0.0,0.9,tanh,adam,0.01,32,he,"(-0.5, 0.5)",20,0.07221261530339108,1.0
[3],0.1,0.005,0.0,0.0,0.9,relu,sgd,0.0,32,xavier,"(-0.5, 0.5)",20,0.1280130458078348,1.0
[3],0.1,0.005,0.0,0.0,0.9,relu,sgd,0.0,32,he,"(-0.5, 0.5)",20,0.2106679148176881,0.84
[3],0.1,0.005,0.0,0.0,0.9,relu,sgd,0.01,32,xavier,"(-0.5, 0.5)",20,0.4661259445726272,0.76
[3],0.1,0.005,0.0,0.0,0.9,relu,sgd,0.01,32,he,"(-0.5, 0.5)",20,0.4085326191476121,0.8
[3],0.1,0.005,0.0,0.0,0.9,relu,adam,0.0,32,xavier,"(-0.5, 0.5)",20,0.22453901290836759,0.8
[3],0.1,0.005,0.0,0.0,0.9,relu,adam,0.0,32,he,"(-0.5, 0.5)",20,0.2494879227085269,0.92
[3],0.1,0.005,0.0,0.0,0.9,relu,adam,0.01,32,xavier,"(-0.5, 0.5)",20,0.15190640415843717,0.92
[3],0.1,0.005,0.0,0.0,0.9,relu,adam,0.01,32,he,"(-0.5, 0.5)",20,0.049916930256775474,0.96
[3],0.1,0.005,0.0,0.1,0.8,tanh,sgd,0.0,32,xavier,"(-0.5, 0.5)",20,0.2801983984942692,0.88
[3],0.1,0.005,0.0,0.1,0.8,tanh,sgd,0.0,32,he,"(-0.5, 0.5)",20,0.5332481616881584,0.68
[3],0.1,0.005,0.0,0.1,0.8,tanh,sgd,0.01,32,xavier,"(-0.5, 0.5)",20,0.4213343228567545,0.88
[3],0.1,0.005,0.0,0.1,0.8,tanh,sgd,0.01,32,he,"(-0.5, 0.5)",20,0.46665820458231305,0.88
[3],0.1,0.005,0.0,0.1,0.8,tanh,adam,0.0,32,xavier,"(-0.5, 0.5)",20,0.2046177551025327,0.88
[3],0.1,0.005,0.0,0.1,0.8,tanh,adam,0.0,32,he,"(-0.5, 0.5)",20,0.20137546225308142,0.92
[3],0.1,0.005,0.0,0.1,0.8,tanh,adam,0.01,32,xavier,"(-0.5, 0.5)",20,0.18187673912017305,0.92
[3],0.1,0.005,0.0,0.1,0.8,tanh,adam,0.01,32,he,"(-0.5, 0.5)",20,0.22354040258304503,0.92
[3],0.1,0.005,0.0,0.1,0.8,relu,sgd,0.0,32,xavier,"(-0.5, 0.5)",20,0.23540776885321618,0.88
[3],0.1,0.005,0.0,0.1,0.8,relu,sgd,0.0,32,he,"(-0.5, 0.5)",20,0.23896958427796053,0.88
[3],0.1,0.005,0.0,0.1,0.8,relu,sgd,0.01,32,xavier,"(-0.5, 0.5)",20,0.36436547727756324,0.8
[3],0.1,0.005,0.0,0.1,0.8,relu,sgd,0.01,32,he,"(-0.5, 0.5)",20,0.3583115637535674,0.8
[3],0.1,0.005,0.0,0.1,0.8,relu,adam,0.0,32,xavier,"(-0.5, 0.5)",20,0.2906432280276694,0.84
[3],0.1,0.005,0.0,0.1,0.8,relu,adam,0.0,32,he,"(-0.5, 0.5)",20,0.5002949747850911,0.72
[3],0.1,0.005,0.0,0.1,0.8,relu,adam,0.01,32,xavier,"(-0.5, 0.5)",20,0.10985845365256972,0.96
[3],0.1,0.005,0.0,0.1,0.8,relu,adam,0.01,32,he,"(-0.5, 0.5)",20,0.1969207954064938,0.92
[3],0.1,0.005,0.0,0.1,0.9,tanh,sgd,0.0,32,xavier,"(-0.5, 0.5)",20,0.32279981009756537,0.84
[3],0.1,0.005,0.0,0.1,0.9,tanh,sgd,0.0,32,he,"(-0.5, 0.5)",20,0.36223271263052836,0.92
[3],0.1,0.005,0.0,0.1,0.9,tanh,sgd,0.01,32,xavier,"(-0.5, 0.5)",20,0.36149263077980925,0.92
[3],0.1,0.005,0.0,0.1,0.9,tanh,sgd,0.01,32,he,"(-0.5, 0.5)",20,0.0833315606220805,1.0
[3],0.1,0.005,0.0,0.1,0.9,tanh,adam,0.0,32,xavier,"(-0.5, 0.5)",20,0.4527229984492127,0.88
[3],0.1,0.005,0.0,0.1,0.9,tanh,adam,0.0,32,he,"(-0.5, 0.5)",20,0.26503387299323394,0.92
[3],0.1,0.005,0.0,0.1,0.9,tanh,adam,0.01,32,xavier,"(-0.5, 0.5)",20,0.42739394024189964,0.88
[3],0.1,0.005,0.0,0.1,0.9,tanh,adam,0.01,32,he,"(-0.5, 0.5)",20,0.18720543523324953,0.88
[3],0.1,0.005,0.0,0.1,0.9,relu,sgd,0.0,32,xavier,"(-0.5, 0.5)",20,0.20977658811011107,0.96
[3],0.1,0.005,0.0,0.1,0.9,relu,sgd,0.0,32,he,"(-0.5, 0.5)",20,0.37687213002668557,0.88
[3],0.1,0.005,0.0,0.1,0.9,relu,sgd,0.01,32,xavier,"(-0.5, 0.5)",20,0.5518799153551955,0.68
[3],0.1,0.005,0.0,0.1,0.9,relu,sgd,0.01,32,he,"(-0.5, 0.5)",20,0.46790473034088276,0.76
[3],0.1,0.005,0.0,0.1,0.9,relu,adam,0.0,32,xavier,"(-0.5, 0.5)",20,0.19030304800679804,0.96
[3],0.1,0.005,0.0,0.1,0.9,relu,adam,0.0,32,he,"(-0.5, 0.5)",20,0.28811079357460634,0.92
[3],0.1,0.005,0.0,0.1,0.9,relu,adam,0.01,32,xavier,"(-0.5, 0.5)",20,0.3160418462811088,0.92
[3],0.1,0.005,0.0,0.1,0.9,relu,adam,0.01,32,he,"(-0.5, 0.5)",20,0.3280564885845383,0.88
[3],0.1,0.005,0.0,0.2,0.8,tanh,sgd,0.0,32,xavier,"(-0.5, 0.5)",20,0.39010453135070833,0.84
[3],0.1,0.005,0.0,0.2,0.8,tanh,sgd,0.0,32,he,"(-0.5, 0.5)",20,0.5177795454694163,0.76
[3],0.1,0.005,0.0,0.2,0.8,tanh,sgd,0.01,32,xavier,"(-0.5, 0.5)",20,0.4460199195308372,0.76
[3],0.1,0.005,0.0,0.2,0.8,tanh,sgd,0.01,32,he,"(-0.5, 0.5)",20,0.37657050070190284,0.84
[3],0.1,0.005,0.0,0.2,0.8,tanh,adam,0.0,32,xavier,"(-0.5, 0.5)",20,0.19835586146550932,0.92
[3],0.1,0.005,0.0,0.2,0.8,tanh,adam,0.0,32,he,"(-0.5, 0.5)",20,0.23442435644982892,0.92
[3],0.1,0.005,0.0,0.2,0.8,tanh,adam,0.01,32,xavier,"(-0.5, 0.5)",20,0.35284113387440075,0.84
[3],0.1,0.005,0.0,0.2,0.8,tanh,adam,0.01,32,he,"(-0.5, 0.5)",20,0.3744764695804015,0.88
[3],0.1,0.005,0.0,0.2,0.8,relu,sgd,0.0,32,xavier,"(-0.5, 0.5)",20,0.31568037042092223,0.84
[3],0.1,0.005,0.0,0.2,0.8,relu,sgd,0.0,32,he,"(-0.5, 0.5)",20,0.18792362918225333,0.92
[3],0.1,0.005,0.0,0.2,0.8,relu,sgd,0.01,32,xavier,"(-0.5, 0.5)",20,0.44432136597894245,0.8
[3],0.1,0.005,0.0,0.2,0.8,relu,sgd,0.01,32,he,"(-0.5, 0.5)",20,0.48212969218013263,0.8
[3],0.1,0.005,0.0,0.2,0.8,relu,adam,0.0,32,xavier,"(-0.5, 0.5)",20,0.341747766241119,0.88
[3],0.1,0.005,0.0,0.2,0.8,relu,adam,0.0,32,he,"(-0.5, 0.5)",20,0.36712811476726154,0.92
[3],0.1,0.005,0.0,0.2,0.8,relu,adam,0.01,32,xavier,"(-0.5, 0.5)",20,0.3259478198867246,0.92
[3],0.1,0.005,0.0,0.2,0.8,relu,adam,0.01,32,he,"(-0.5, 0.5)",20,0.3387270333583353,0.88
[3],0.1,0.005,0.0,0.2,0.9,tanh,sgd,0.0,32,xavier,"(-0.5, 0.5)",20,0.22309645853971274,0.96
[3],0.1,0.005,0.0,0.2,0.9,tanh,sgd,0.0,32,he,"(-0.5, 0.5)",20,0.32783066606900874,0.88
[3],0.1,0.005,0.0,0.2,0.9,tanh,sgd,0.01,32,xavier,"(-0.5, 0.5)",20,0.29631860825070555,0.84
[3],0.1,0.005,0.0,0.2,0.9,tanh,sgd,0.01,32,he,"(-0.5, 0.5)",20,0.4187851422317303,0.84
[3],0.1,0.005,0.0,0.2,0.9,tanh,adam,0.0,32,xavier,"(-0.5, 0.5)",20,0.3911341604121492,0.88
[3],0.1,0.005,0.0,0.2,0.9,tanh,adam,0.0,32,he,"(-0.5, 0.5)",20,0.3225970944337333,0.88
[3],0.1,0.005,0.0,0.2,0.9,tanh,adam,0.01,32,xavier,"(-0.5, 0.5)",20,0.17666012268160264,0.92
[3],0.1,0.005,0.0,0.2,0.9,tanh,adam,0.01,32,he,"(-0.5, 0.5)",20,0.3960597005269973,0.88
[3],0.1,0.005,0.0,0.2,0.9,relu,sgd,0.0,32,xavier,"(-0.5, 0.5)",20,0.21312500772506732,0.96
[3],0.1,0.005,0.0,0.2,0.9,relu,sgd,0.0,32,he,"(-0.5, 0.5)",20,0.30736016904776264,0.88
[3],0.1,0.005,0.0,0.2,0.9,relu,sgd,0.01,32,xavier,"(-0.5, 0.5)",20,0.3062689441130549,0.92
[3],0.1,0.005,0.0,0.2,0.9,relu,sgd,0.01,32,he,"(-0.5, 0.5)",20,0.43152561487809504,0.88
[3],0.1,0.005,0.0,0.2,0.9,relu,adam,0.0,32,xavier,"(-0.5, 0.5)",20,0.3326029899854045,0.88
[3],0.1,0.005,0.0,0.2,0.9,relu,adam,0.0,32,he,"(-0.5, 0.5)",20,0.3564873433866866,0.88
[3],0.1,0.005,0.0,0.2,0.9,relu,adam,0.01,32,xavier,"(-0.5, 0.5)",20,0.4519501183370863,0.8
[3],0.1,0.005,0.0,0.2,0.9,relu,adam,0.01,32,he,"(-0.5, 0.5)",20,0.33101958306156004,0.84
[3],0.1,0.005,0.002,0.0,0.8,tanh,sgd,0.0,32,xavier,"(-0.5, 0.5)",20,0.41843320834370906,0.84
[3],0.1,0.005,0.002,0.0,0.8,tanh,sgd,0.0,32,he,"(-0.5, 0.5)",20,0.2157036510416151,1.0
[3],0.1,0.005,0.002,0.0,0.8,tanh,sgd,0.01,32,xavier,"(-0.5, 0.5)",20,0.37901224739112105,0.88
[3],0.1,0.005,0.002,0.0,0.8,tanh,sgd,0.01,32,he,"(-0.5, 0.5)",20,0.3847532079833974,0.76
[3],0.1,0.005,0.002,0.0,0.8,tanh,adam,0.0,32,xavier,"(-0.5, 0.5)",20,0.35684176615588215,0.88
[3],0.1,0.005,0.002,0.0,0.8,tanh,adam,0.0,32,he,"(-0.5, 0.5)",20,0.22304073665311552,0.92
[3],0.1,0.005,0.002,0.0,0.8,tanh,adam,0.01,32,xavier,"(-0.5, 0.5)",20,0.3936338377502525,0.88
[3],0.1,0.005,0.002,0.0,0.8,tanh,adam,0.01,32,he,"(-0.5, 0.5)",20,0.04714127991728979,1.0
[3],0.1,0.005,0.002,0.0,0.8,relu,sgd,0.0,32,xavier,"(-0.5, 0.5)",20,0.2445768064684673,0.92
[3],0.1,0.005,0.002,0.0,0.8,relu,sgd,0.0,32,he,"(-0.5, 0.5)",20,0.7045720492039373,0.6
[3],0.1,0.005,0.002,0.0,0.8,relu,sgd,0.01,32,xavier,"(-0.5, 0.5)",20,0.5792648551161141,0.72
[3],0.1,0.005,0.002,0.0,0.8,relu,sgd,0.01,32,he,"(-0.5, 0.5)",20,0.32869860875983664,0.84
[3],0.1,0.005,0.002,0.0,0.8,relu,adam,0.0,32,xavier,"(-0.5, 0.5)",20,0.20879526836118906,0.8
[3],0.1,0.005,0.002,0.0,0.8,relu,adam,0.0,32,he,"(-0.5, 0.5)",20,0.22919321545642402,0.88
[3],0.1,0.005,0.002,0.0,0.8,relu,adam,0.01,32,xavier,"(-0.5, 0.5)",20,0.12196227780426229,0.92
[3],0.1,0.005,0.002,0.0,0.8,relu,adam,0.01,32,he,"(-0.5, 0.5)",20,0.2201805793890844,0.92
[3],0.1,0.005,0.002,0.0,0.9,tanh,sgd,0.0,32,xavier,"(-0.5, 0.5)",20,0.25880742846383936,0.92
[3],0.1,0.005,0.002,0.0,0.9,tanh,sgd,0.0,32,he,"(-0.5, 0.5)",20,0.23207699258526926,0.88
[3],0.1,0.005,0.002,0.0,0.9,tanh,sgd,0.01,32,xavier,"(-0.5, 0.5)",20,0.2779064972208438,0.92
[3],0.1,0.005,0.002,0.0,0.9,tanh,sgd,0.01,32,he,"(-0.5, 0.5)",20,0.12832334789460664,0.96
[3],0.1,0.005,0.002,0.0,0.9,tanh,adam,0.0,32,xavier,"(-0.5, 0.5)",20,0.3762634175124416,0.88
[3],0.1,0.005,0.002,0.0,0.9,tanh,adam,0.0,32,he,"(-0.5, 0.5)",20,0.03724677413046604,1.0
[3],0.1,0.005,0.002,0.0,0.9,tanh,adam,0.01,32,xavier,"(-0.5, 0.5)",20,0.29247236360021023,0.84
[3],0.1,0.005,0.002,0.0,0.9,tanh,adam,0.01,32,he,"(-0.5, 0.5)",20,0.23525638157804066,0.92
[3],0.1,0.005,0.002,0.0,0.9,relu,sgd,0.0,32,xavier,"(-0.5, 0.5)",20,0.13293882930371412,0.92
[3],0.1,0.005,0.002,0.0,0.9,relu,sgd,0.0,32,he,"(-0.5, 0.5)",20,0.287962920222009,0.88
[3],0.1,0.005,0.002,0.0,0.9,relu,sgd,0.01,32,xavier,"(-0.5, 0.5)",20,0.09727344060156971,0.92
[3],0.1,0.005,0.002,0.0,0.9,relu,sgd,0.01,32,he,"(-0.5, 0.5)",20,0.12841528862985788,1.0
[3],0.1,0.005,0.002,0.0,0.9,relu,adam,0.0,32,xavier,"(-0.5, 0.5)",20,0.20227779198814638,0.92
[3],0.1,0.005,0.002,0.0,0.9,relu,adam,0.0,32,he,"(-0.5, 0.5)",20,0.2547814353020289,0.92
[3],0.1,0.005,0.002,0.0,0.9,relu,adam,0.01,32,xavier,"(-0.5, 0.5)",20,0.16522502300750352,0.8
[3],0.1,0.005,0.002,0.0,0.9,relu,adam,0.01,32,he,"(-0.5, 0.5)",20,0.11976465916226686,0.96
[3],0.1,0.005,0.002,0.1,0.8,tanh,sgd,0.0,32,xavier,"(-0.5, 0.5)",20,0.2675537359403383,0.88
[3],0.1,0.005,0.002,0.1,0.8,tanh,sgd,0.0,32,he,"(-0.5, 0.5)",20,0.48794839593878503,0.76
[3],0.1,0.005,0.002,0.1,0.8,tanh,sgd,0.01,32,xavier,"(-0.5, 0.5)",20,0.29567354833087733,0.88
[3],0.1,0.005,0.002,0.1,0.8,tanh,sgd,0.01,32,he,"(-0.5, 0.5)",20,0.2609174855317515,0.92
[3],0.1,0.005,0.002,0.1,0.8,tanh,adam,0.0,32,xavier,"(-0.5, 0.5)",20,0.32580766217725726,0.88
[3],0.1,0.005,0.002,0.1,0.8,tanh,adam,0.0,32,he,"(-0.5, 0.5)",20,0.42144958940607835,0.84
[3],0.1,0.005,0.002,0.1,0.8,tanh,adam,0.01,32,xavier,"(-0.5, 0.5)",20,0.21175033396419451,0.8
[3],0.1,0.005,0.002,0.1,0.8,tanh,adam,0.01,32,he,"(-0.5, 0.5)",20,0.07310303411479731,1.0
[3],0.1,0.005,0.002,0.1,0.8,relu,sgd,0.0,32,xavier,"(-0.5, 0.5)",20,0.2500607517603115,0.88
[3],0.1,0.005,0.002,0.1,0.8,relu,sgd,0.0,32,he,"(-0.5, 0.5)",20,0.3199398460932315,0.88
[3],0.1,0.005,0.002,0.1,0.8,relu,sgd,0.01,32,xavier,"(-0.5, 0.5)",20,0.4893101566509378,0.72
[3],0.1,0.005,0.002,0.1,0.8,relu,sgd,0.01,32,he,"(-0.5, 0.5)",20,0.49062582047629816,0.8
[3],0.1,0.005,0.002,0.1,0.8,relu,adam,0.0,32,xavier,"(-0.5, 0.5)",20,0.33247203215644394,0.92
[3],0.1,0.005,0.002,0.1,0.8,relu,adam,0.0,32,he,"(-0.5, 0.5)",20,0.3203178220022622,0.88
[3],0.1,0.005,0.002,0.1,0.8,relu,adam,0.01,32,xavier,"(-0.5, 0.5)",20,0.3560666188610141,0.76
[3],0.1,0.005,0.002,0.1,0.8,relu,adam,0.01,32,he,"(-0.5, 0.5)",20,0.32475742504454524,0.8
[3],0.1,0.005,0.002,0.1,0.9,tanh,sgd,0.0,32,xavier,"(-0.5, 0.5)",20,0.297423037127127,0.92
[3],0.1,0.005,0.002,0.1,0.9,tanh,sgd,0.0,32,he,"(-0.5, 0.5)",20,0.4153002138775541,0.8
[3],0.1,0.005,0.002,0.1,0.9,tanh,sgd,0.01,32,xavier,"(-0.5, 0.5)",20,0.2728939075682425,0.88
[3],0.1,0.005,0.002,0.1,0.9,tanh,sgd,0.01,32,he,"(-0.5, 0.5)",20,0.3778819697518044,0.84
[3],0.1,0.005,0.002,0.1,0.9,tanh,adam,0.0,32,xavier,"(-0.5, 0.5)",20,0.47145476592078267,0.84
[3],0.1,0.005,0.002,0.1,0.9,tanh,adam,0.0,32,he,"(-0.5, 0.5)",20,0.2834515206198504,0.88
[3],0.1,0.005,0.002,0.1,0.9,tanh,adam,0.01,32,xavier,"(-0.5, 0.5)",20,0.4834334880055651,0.8
[3],0.1,0.005,0.002,0.1,0.9,tanh,adam,0.01,32,he,"(-0.5, 0.5)",20,0.2311609296873747,0.92
[3],0.1,0.005,0.002,0.1,0.9,relu,sgd,0.0,32,xavier,"(-0.5, 0.5)",20,0.2954128807604577,0.92
[3],0.1,0.005,0.002,0.1,0.9,relu,sgd,0.0,32,he,"(-0.5, 0.5)",20,0.279225670450572,0.88
[3],0.1,0.005,0.002,0.1,0.9,relu,sgd,0.01,32,xavier,"(-0.5, 0.5)",20,0.17317398478818752,1.0
[3],0.1,0.005,0.002,0.1,0.9,relu,sgd,0.01,32,he,"(-0.5, 0.5)",20,0.5913836181838301,0.6
[3],0.1,0.005,0.002,0.1,0.9,relu,adam,0.0,32,xavier,"(-0.5, 0.5)",20,0.3815083377354146,0.88
[3],0.1,0.005,0.002,0.1,0.9,relu,adam,0.0,32,he,"(-0.5, 0.5)",20,0.49905618268918917,0.8
[3],0.1,0.005,0.002,0.1,0.9,relu,adam,0.01,32,xavier,"(-0.5, 0.5)",20,0.21112277579475883,1.0
[3],0.1,0.005,0.002,0.1,0.9,relu,adam,0.01,32,he,"(-0.5, 0.5)",20,0.15359282762721846,0.92
[3],0.1,0.005,0.002,0.2,0.8,tanh,sgd,0.0,32,xavier,"(-0.5, 0.5)",20,0.472130961371519,0.8
[3],0.1,0.005,0.002,0.2,0.8,tanh,sgd,0.0,32,he,"(-0.5, 0.5)",20,0.32422888615099327,0.84
[3],0.1,0.005,0.002,0.2,0.8,tanh,sgd,0.01,32,xavier,"(-0.5, 0.5)",20,0.48644927543255145,0.8
[3],0.1,0.005,0.002,0.2,0.8,tanh,sgd,0.01,32,he,"(-0.5, 0.5)",20,0.43961858641240187,0.76
[3],0.1,0.005,0.002,0.2,0.8,tanh,adam,0.0,32,xavier,"(-0.5, 0.5)",20,0.16305684925922026,0.92
[3],0.1,0.005,0.002,0.2,0.8,tanh,adam,0.0,32,he,"(-0.5, 0.5)",20,0.10502636974511952,1.0
[3],0.1,0.005,0.002,0.2,0.8,tanh,adam,0.01,32,xavier,"(-0.5, 0.5)",20,0.41457060866068385,0.88
[3],0.1,0.005,0.002,0.2,0.8,tanh,adam,0.01,32,he,"(-0.5, 0.5)",20,0.15347137197339156,1.0
[3],0.1,0.005,0.002,0.2,0.8,relu,sgd,0.0,32,xavier,"(-0.5, 0.5)",20,0.7830407393568471,0.6
[3],0.1,0.005,0.002,0.2,0.8,relu,sgd,0.0,32,he,"(-0.5, 0.5)",20,0.46583700281918283,0.8
[3],0.1,0.005,0.002,0.2,0.8,relu,sgd,0.01,32,xavier,"(-0.5, 0.5)",20,0.5519044308307408,0.76
[3],0.1,0.005,0.002,0.2,0.8,relu,sgd,0.01,32,he,"(-0.5, 0.5)",20,0.2882791554338329,0.96
[3],0.1,0.005,0.002,0.2,0.8,relu,adam,0.0,32,xavier,"(-0.5, 0.5)",20,0.40354497874635026,0.76
[3],0.1,0.005,0.002,0.2,0.8,relu,adam,0.0,32,he,"(-0.5, 0.5)",20,0.25658021538686804,0.92
[3],0.1,0.005,0.002,0.2,0.8,relu,adam,0.01,32,xavier,"(-0.5, 0.5)",20,0.2847991699580619,0.88
[3],0.1,0.005,0.002,0.2,0.8,relu,adam,0.01,32,he,"(-0.5, 0.5)",20,0.4395690963599121,0.76
[3],0.1,0.005,0.002,0.2,0.9,tanh,sgd,0.0,32,xavier,"(-0.5, 0.5)",20,0.18975760033663214,0.96
[3],0.1,0.005,0.002,0.2,0.9,tanh,sgd,0.0,32,he,"(-0.5, 0.5)",20,0.2728260708580242,0.92
[3],0.1,0.005,0.002,0.2,0.9,tanh,sgd,0.01,32,xavier,"(-0.5, 0.5)",20,0.2197180377233447,0.88
[3],0.1,0.005,0.002,0.2,0.9,tanh,sgd,0.01,32,he,"(-0.5, 0.5)",20,0.40989274584228047,0.76
[3],0.1,0.005,0.002,0.2,0.9,tanh,adam,0.0,32,xavier,"(-0.5, 0.5)",20,0.4354136098147793,0.88
[3],0.1,0.005,0.002,0.2,0.9,tanh,adam,0.0,32,he,"(-0.5, 0.5)",20,0.23229204653632987,0.92
[3],0.1,0.005,0.002,0.2,0.9,tanh,adam,0.01,32,xavier,"(-0.5, 0.5)",20,0.45692542972335354,0.88
[3],0.1,0.005,0.002,0.2,0.9,tanh,adam,0.01,32,he,"(-0.5, 0.5)",20,0.24012317100371364,0.92
[3],0.1,0.005,0.002,0.2,0.9,relu,sgd,0.0,32,xavier,"(-0.5, 0.5)",20,0.5414966249694086,0.72
[3],0.1,0.005,0.002,0.2,0.9,relu,sgd,0.0,32,he,"(-0.5, 0.5)",20,0.4473498909709112,0.8
[3],0.1,0.005,0.002,0.2,0.9,relu,sgd,0.01,32,xavier,"(-0.5, 0.5)",20,0.37456208437026384,0.88
[3],0.1,0.005,0.002,0.2,0.9,relu,sgd,0.01,32,he,"(-0.5, 0.5)",20,0.4603626822710756,0.8
[3],0.1,0.005,0.002,0.2,0.9,relu,adam,0.0,32,xavier,"(-0.5, 0.5)",20,0.4075687099183974,0.84
[3],0.1,0.005,0.002,0.2,0.9,relu,adam,0.0,32,he,"(-0.5, 0.5)",20,0.39012424770902016,0.88
[3],0.1,0.005,0.002,0.2,0.9,relu,adam,0.01,32,xavier,"(-0.5, 0.5)",20,0.39149734359935917,0.84
[3],0.1,0.005,0.002,0.2,0.9,relu,adam,0.01,32,he,"(-0.5, 0.5)",20,0.38949938852294985,0.92
[3],0.1,0.01,0.0,0.0,0.8,tanh,sgd,0.0,32,xavier,"(-0.5, 0.5)",20,0.348646706369683,0.8
[3],0.1,0.01,0.0,0.0,0.8,tanh,sgd,0.0,32,he,"(-0.5, 0.5)",20,0.4139001696632654,0.8
[3],0.1,0.01,0.0,0.0,0.8,tanh,sgd,0.01,32,xavier,"(-0.5, 0.5)",20,0.48250791366533236,0.88
[3],0.1,0.01,0.0,0.0,0.8,tanh,sgd,0.01,32,he,"(-0.5, 0.5)",20,0.196537415524964,0.96
[3],0.1,0.01,0.0,0.0,0.8,tanh,adam,0.0,32,xavier,"(-0.5, 0.5)",20,0.2288644237066037,0.92
[3],0.1,0.01,0.0,0.0,0.8,tanh,adam,0.0,32,he,"(-0.5, 0.5)",20,0.33158281588319444,0.88
[3],0.1,0.01,0.0,0.0,0.8,tanh,adam,0.01,32,xavier,"(-0.5, 0.5)",20,0.13978059621156938,0.96
[3],0.1,0.01,0.0,0.0,0.8,tanh,adam,0.01,32,he,"(-0.5, 0.5)",20,0.21986141432795964,0.92
[3],0.1,0.01,0.0,0.0,0.8,relu,sgd,0.0,32,xavier,"(-0.5, 0.5)",20,0.4625258772055074,0.84
[3],0.1,0.01,0.0,0.0,0.8,relu,sgd,0.0,32,he,"(-0.5, 0.5)",20,0.14103507355703976,0.92
[3],0.1,0.01,0.0,0.0,0.8,relu,sgd,0.01,32,xavier,"(-0.5, 0.5)",20,0.1739885461242979,1.0
[3],0.1,0.01,0.0,0.0,0.8,relu,sgd,0.01,32,he,"(-0.5, 0.5)",20,0.39182900020221945,0.84
[3],0.1,0.01,0.0,0.0,0.8,relu,adam,0.0,32,xavier,"(-0.5, 0.5)",20,0.31756183558864304,0.72
[3],0.1,0.01,0.0,0.0,0.8,relu,adam,0.0,32,he,"(-0.5, 0.5)",20,0.22474880058524588,0.8
[3],0.1,0.01,0.0,0.0,0.8,relu,adam,0.01,32,xavier,"(-0.5, 0.5)",20,0.23564341029315,0.8
[3],0.1,0.01,0.0,0.0,0.8,relu,adam,0.01,32,he,"(-0.5, 0.5)",20,0.19618255782897837,0.92
[3],0.1,0.01,0.0,0.0,0.9,tanh,sgd,0.0,32,xavier,"(-0.5, 0.5)",20,0.3253110745504613,0.84
[3],0.1,0.01,0.0,0.0,0.9,tanh,sgd,0.0,32,he,"(-0.5, 0.5)",20,0.24705056748810403,0.92
[3],0.1,0.01,0.0,0.0,0.9,tanh,sgd,0.01,32,xavier,"(-0.5, 0.5)",20,0.18527860803047425,0.96
[3],0.1,0.01,0.0,0.0,0.9,tanh,sgd,0.01,32,he,"(-0.5, 0.5)",20,0.21563569427447063,0.84
[3],0.1,0.01,0.0,0.0,0.9,tanh,adam,0.0,32,xavier,"(-0.5, 0.5)",20,0.2476811736684948,0.92
[3],0.1,0.01,0.0,0.0,0.9,tanh,adam,0.0,32,he,"(-0.5, 0.5)",20,0.07820790976446695,1.0
[3],0.1,0.01,0.0,0.0,0.9,tanh,adam,0.01,32,xavier,"(-0.5, 0.5)",20,0.2047133803522569,0.88
[3],0.1,0.01,0.0,0.0,0.9,tanh,adam,0.01,32,he,"(-0.5, 0.5)",20,0.42808191816153834,0.88
[3],0.1,0.01,0.0,0.0,0.9,relu,sgd,0.0,32,xavier,"(-0.5, 0.5)",20,0.07529509530601142,1.0
[3],0.1,0.01,0.0,0.0,0.9,relu,sgd,0.0,32,he,"(-0.5, 0.5)",20,0.3074408590091612,0.92
[3],0.1,0.01,0.0,0.0,0.9,relu,sgd,0.01,32,xavier,"(-0.5, 0.5)",20,0.05207502600583849,1.0
[3],0.1,0.01,0.0,0.0,0.9,relu,sgd,0.01,32,he,"(-0.5, 0.5)",20,0.4417006168654988,0.76
[3],0.1,0.01,0.0,0.0,0.9,relu,adam,0.0,32,xavier,"(-0.5, 0.5)",20,0.49468954276306815,0.68
[3],0.1,0.01,0.0,0.0,0.9,relu,adam,0.0,32,he,"(-0.5, 0.5)",20,0.2146341028554606,0.92
[3],0.1,0.01,0.0,0.0,0.9,relu,adam,0.01,32,xavier,"(-0.5, 0.5)",20,0.20157184373112008,0.96
[3],0.1,0.01,0.0,0.0,0.9,relu,adam,0.01,32,he,"(-0.5, 0.5)",20,0.3419800994425071,0.8
[3],0.1,0.01,0.0,0.1,0.8,tanh,sgd,0.0,32,xavier,"(-0.5, 0.5)",20,0.27055395125343495,0.96
[3],0.1,0.01,0.0,0.1,0.8,tanh,sgd,0.0,32,he,"(-0.5, 0.5)",20,0.29362678749967486,0.84
[3],0.1,0.01,0.0,0.1,0.8,tanh,sgd,0.01,32,xavier,"(-0.5, 0.5)",20,0.38523660856445313,0.84
[3],0.1,0.01,0.0,0.1,0.8,tanh,sgd,0.01,32,he,"(-0.5, 0.5)",20,0.4268725851222911,0.84
[3],0.1,0.01,0.0,0.1,0.8,tanh,adam,0.0,32,xavier,"(-0.5, 0.5)",20,0.22932819565327642,0.88
[3],0.1,0.01,0.0,0.1,0.8,tanh,adam,0.0,32,he,"(-0.5, 0.5)",20,0.30895702273624304,0.92
[3],0.1,0.01,0.0,0.1,0.8,tanh,adam,0.01,32,xavier,"(-0.5, 0.5)",20,0.30368558615842456,0.88
[3],0.1,0.01,0.0,0.1,0.8,tanh,adam,0.01,32,he,"(-0.5, 0.5)",20,0.08799180171089879,1.0
[3],0.1,0.01,0.0,0.1,0.8,relu,sgd,0.0,32,xavier,"(-0.5, 0.5)",20,0.14003002558849664,0.96
[3],0.1,0.01,0.0,0.1,0.8,relu,sgd,0.0,32,he,"(-0.5, 0.5)",20,0.5297193198285862,0.84
[3],0.1,0.01,0.0,0.1,0.8,relu,sgd,0.01,32,xavier,"(-0.5, 0.5)",20,0.43180564838611846,0.76
[3],0.1,0.01,0.0,0.1,0.8,relu,sgd,0.01,32,he,"(-0.5, 0.5)",20,0.46860541180738724,0.8
[3],0.1,0.01,0.0,0.1,0.8,relu,adam,0.0,32,xavier,"(-0.5, 0.5)",20,0.17044753837937748,0.96
[3],0.1,0.01,0.0,0.1,0.8,relu,adam,0.0,32,he,"(-0.5, 0.5)",20,0.33524591356662176,0.92
[3],0.1,0.01,0.0,0.1,0.8,relu,adam,0.01,32,xavier,"(-0.5, 0.5)",20,0.4599014856488495,0.88
[3],0.1,0.01,0.0,0.1,0.8,relu,adam,0.01,32,he,"(-0.5, 0.5)",20,0.2132913893213069,0.92
[3],0.1,0.01,0.0,0.1,0.9,tanh,sgd,0.0,32,xavier,"(-0.5, 0.5)",20,0.24652852264046993,0.92
[3],0.1,0.01,0.0,0.1,0.9,tanh,sgd,0.0,32,he,"(-0.5, 0.5)",20,0.2569549760660501,0.96
[3],0.1,0.01,0.0,0.1,0.9,tanh,sgd,0.01,32,xavier,"(-0.5, 0.5)",20,0.2812784690611544,0.92
[3],0.1,0.01,0.0,0.1,0.9,tanh,sgd,0.01,32,he,"(-0.5, 0.5)",20,0.2817505560061011,0.84
[3],0.1,0.01,0.0,0.1,0.9,tanh,adam,0.0,32,xavier,"(-0.5, 0.5)",20,0.07562797458766018,1.0
[3],0.1,0.01,0.0,0.1,0.9,tanh,adam,0.0,32,he,"(-0.5, 0.5)",20,0.08192332717256252,1.0
[3],0.1,0.01,0.0,0.1,0.9,tanh,adam,0.01,32,xavier,"(-0.5, 0.5)",20,0.3415472949851697,0.84
[3],0.1,0.01,0.0,0.1,0.9,tanh,adam,0.01,32,he,"(-0.5, 0.5)",20,0.21626308736895028,0.88
[3],0.1,0.01,0.0,0.1,0.9,relu,sgd,0.0,32,xavier,"(-0.5, 0.5)",20,0.28282176537013826,0.96
[3],0.1,0.01,0.0,0.1,0.9,relu,sgd,0.0,32,he,"(-0.5, 0.5)",20,0.41269898300707597,0.88
[3],0.1,0.01,0.0,0.1,0.9,relu,sgd,0.01,32,xavier,"(-0.5, 0.5)",20,0.37524444531839135,0.92
[3],0.1,0.01,0.0,0.1,0.9,relu,sgd,0.01,32,he,"(-0.5, 0.5)",20,0.3769911833484161,0.8
[3],0.1,0.01,0.0,0.1,0.9,relu,adam,0.0,32,xavier,"(-0.5, 0.5)",20,0.4038407991850266,0.84
[3],0.1,0.01,0.0,0.1,0.9,relu,adam,0.0,32,he,"(-0.5, 0.5)",20,0.5888540901092667,0.64
[3],0.1,0.01,0.0,0.1,0.9,relu,adam,0.01,32,xavier,"(-0.5, 0.5)",20,0.16563409878192004,0.96
[3],0.1,0.01,0.0,0.1,0.9,relu,adam,0.01,32,he,"(-0.5, 0.5)",20,0.16082415635263264,1.0
[3],0.1,0.01,0.0,0.2,0.8,tanh,sgd,0.0,32,xavier,"(-0.5, 0.5)",20,0.29840042151119084,0.88
[3],0.1,0.01,0.0,0.2,0.8,tanh,sgd,0.0,32,he,"(-0.5, 0.5)",20,0.48527059067873296,0.76
[3],0.1,0.01,0.0,0.2,0.8,tanh,sgd,0.01,32,xavier,"(-0.5, 0.5)",20,0.3578703346424297,0.8
[3],0.1,0.01,0.0,0.2,0.8,tanh,sgd,0.01,32,he,"(-0.5, 0.5)",20,0.3528289171652035,0.88
[3],0.1,0.01,0.0,0.2,0.8,tanh,adam,0.0,32,xavier,"(-0.5, 0.5)",20,0.2739391005574997,0.88
[3],0.1,0.01,0.0,0.2,0.8,tanh,adam,0.0,32,he,"(-0.5, 0.5)",20,0.238861802012626,0.92
[3],0.1,0.01,0.0,0.2,0.8,tanh,adam,0.01,32,xavier,"(-0.5, 0.5)",20,0.3652094502036115,0.88
[3],0.1,0.01,0.0,0.2,0.8,tanh,adam,0.01,32,he,"(-0.5, 0.5)",20,0.2408974540258387,0.92
[3],0.1,0.01,0.0,0.2,0.8,relu,sgd,0.0,32,xavier,"(-0.5, 0.5)",20,0.4037640045341517,0.88
[3],0.1,0.01,0.0,0.2,0.8,relu,sgd,0.0,32,he,"(-0.5, 0.5)",20,0.48082048547652456,0.76
[3],0.1,0.01,0.0,0.2,0.8,relu,sgd,0.01,32,xavier,"(-0.5, 0.5)",20,0.5285222136172488,0.76
[3],0.1,0.01,0.0,0.2,0.8,relu,sgd,0.01,32,he,"(-0.5, 0.5)",20,0.24426956149957738,0.92
[3],0.1,0.01,0.0,0.2,0.8,relu,adam,0.0,32,xavier,"(-0.5, 0.5)",20,0.43761097226626083,0.92
[3],0.1,0.01,0.0,0.2,0.8,relu,adam,0.0,32,he,"(-0.5, 0.5)",20,0.3013041550459967,0.96
[3],0.1,0.01,0.0,0.2,0.8,relu,adam,0.01,32,xavier,"(-0.5, 0.5)",20,0.14981560911474648,1.0
[3],0.1,0.01,0.0,0.2,0.8,relu,adam,0.01,32,he,"(-0.5, 0.5)",20,0.2954216846833319,0.92
[3],0.1,0.01,0.0,0.2,0.9,tanh,sgd,0.0,32,xavier,"(-0.5, 0.5)",20,0.43117307689938167,0.8
[3],0.1,0.01,0.0,0.2,0.9,tanh,sgd,0.0,32,he,"(-0.5, 0.5)",20,0.3416393952120941,0.88
[3],0.1,0.01,0.0,0.2,0.9,tanh,sgd,0.01,32,xavier,"(-0.5, 0.5)",20,0.2752130684684294,0.84
[3],0.1,0.01,0.0,0.2,0.9,tanh,sgd,0.01,32,he,"(-0.5, 0.5)",20,0.2490287830008703,0.92
[3],0.1,0.01,0.0,0.2,0.9,tanh,adam,0.0,32,xavier,"(-0.5, 0.5)",20,0.23153240722843338,0.8
[3],0.1,0.01,0.0,0.2,0.9,tanh,adam,0.0,32,he,"(-0.5, 0.5)",20,0.16037248728682618,1.0
[3],0.1,0.01,0.0,0.2,0.9,tanh,adam,0.01,32,xavier,"(-0.5, 0.5)",20,0.448546417711918,0.84
[3],0.1,0.01,0.0,0.2,0.9,tanh,adam,0.01,32,he,"(-0.5, 0.5)",20,0.2945818500493899,0.88
[3],0.1,0.01,0.0,0.2,0.9,relu,sgd,0.0,32,xavier,"(-0.5, 0.5)",20,0.522909002553156,0.84
[3],0.1,0.01,0.0,0.2,0.9,relu,sgd,0.0,32,he,"(-0.5, 0.5)",20,0.3129923831482959,0.88
[3],0.1,0.01,0.0,0.2,0.9,relu,sgd,0.01,32,xavier,"(-0.5, 0.5)",20,0.426516182285179,0.84
[3],0.1,0.01,0.0,0.2,0.9,relu,sgd,0.01,32,he,"(-0.5, 0.5)",20,0.4532124940322232,0.76
[3],0.1,0.01,0.0,0.2,0.9,relu,adam,0.0,32,xavier,"(-0.5, 0.5)",20,0.39290931346531016,0.8
[3],0.1,0.01,0.0,0.2,0.9,relu,adam,0.0,32,he,"(-0.5, 0.5)",20,0.4337164741779005,0.88
[3],0.1,0.01,0.0,0.2,0.9,relu,adam,0.01,32,xavier,"(-0.5, 0.5)",20,0.4184669576699056,0.8
[3],0.1,0.01,0.0,0.2,0.9,relu,adam,0.01,32,he,"(-0.5, 0.5)",20,0.21007990945474309,1.0
[3],0.1,0.01,0.002,0.0,0.8,tanh,sgd,0.0,32,xavier,"(-0.5, 0.5)",20,0.4938914895652938,0.76
[3],0.1,0.01,0.002,0.0,0.8,tanh,sgd,0.0,32,he,"(-0.5, 0.5)",20,0.17508744657928993,0.96
[3],0.1,0.01,0.002,0.0,0.8,tanh,sgd,0.01,32,xavier,"(-0.5, 0.5)",20,0.2857872249529001,0.92
[3],0.1,0.01,0.002,0.0,0.8,tanh,sgd,0.01,32,he,"(-0.5, 0.5)",20,0.3781967612982269,0.8
[3],0.1,0.01,0.002,0.0,0.8,tanh,adam,0.0,32,xavier,"(-0.5, 0.5)",20,0.2526496280834584,0.92
[3],0.1,0.01,0.002,0.0,0.8,tanh,adam,0.0,32,he,"(-0.5, 0.5)",20,0.07303128192104753,1.0
[3],0.1,0.01,0.002,0.0,0.8,tanh,adam,0.01,32,xavier,"(-0.5, 0.5)",20,0.4510818801496338,0.88
[3],0.1,0.01,0.002,0.0,0.8,tanh,adam,0.01,32,he,"(-0.5, 0.5)",20,0.18597300204321407,0.92
[3],0.1,0.01,0.002,0.0,0.8,relu,sgd,0.0,32,xavier,"(-0.5, 0.5)",20,0.48566335807637145,0.84
[3],0.1,0.01,0.002,0.0,0.8,relu,sgd,0.0,32,he,"(-0.5, 0.5)",20,0.1466667097096859,0.92
[3],0.1,0.01,0.002,0.0,0.8,relu,sgd,0.01,32,xavier,"(-0.5, 0.5)",20,0.25084721854755776,0.92
[3],0.1,0.01,0.002,0.0,0.8,relu,sgd,0.01,32,he,"(-0.5, 0.5)",20,0.4624969812639654,0.8
[3],0.1,0.01,0.002,0.0,0.8,relu,adam,0.0,32,xavier,"(-0.5, 0.5)",20,0.39305308961503077,0.76
[3],0.1,0.01,0.002,0.0,0.8,relu,adam,0.0,32,he,"(-0.5, 0.5)",20,0.08260825315954864,1.0
[3],0.1,0.01,0.002,0.0,0.8,relu,adam,0.01,32,xavier,"(-0.5, 0.5)",20,0.10950757263077034,0.92
[3],0.1,0.01,0.002,0.0,0.8,relu,adam,0.01,32,he,"(-0.5, 0.5)",20,0.22463758563347822,0.92
[3],0.1,0.01,0.002,0.0,0.9,tanh,sgd,0.0,32,xavier,"(-0.5, 0.5)",20,0.06856227691246565,1.0
[3],0.1,0.01,0.002,0.0,0.9,tanh,sgd,0.0,32,he,"(-0.5, 0.5)",20,0.06760221880573487,1.0
[3],0.1,0.01,0.002,0.0,0.9,tanh,sgd,0.01,32,xavier,"(-0.5, 0.5)",20,0.07023623446321411,1.0
[3],0.1,0.01,0.002,0.0,0.9,tanh,sgd,0.01,32,he,"(-0.5, 0.5)",20,0.4678427293762318,0.84
[3],0.1,0.01,0.002,0.0,0.9,tanh,adam,0.0,32,xavier,"(-0.5, 0.5)",20,0.3819105885196288,0.88
[3],0.1,0.01,0.002,0.0,0.9,tanh,adam,0.0,32,he,"(-0.5, 0.5)",20,0.13171534579204205,0.92
[3],0.1,0.01,0.002,0.0,0.9,tanh,adam,0.01,32,xavier,"(-0.5, 0.5)",20,0.2656113022236095,0.88
[3],0.1,0.01,0.002,0.0,0.9,tanh,adam,0.01,32,he,"(-0.5, 0.5)",20,0.23508552507569472,0.92
[3],0.1,0.01,0.002,0.0,0.9,relu,sgd,0.0,32,xavier,"(-0.5, 0.5)",20,0.15383942565428593,0.88
[3],0.1,0.01,0.002,0.0,0.9,relu,sgd,0.0,32,he,"(-0.5, 0.5)",20,0.3390029955316539,0.84
[3],0.1,0.01,0.002,0.0,0.9,relu,sgd,0.01,32,xavier,"(-0.5, 0.5)",20,0.3370141403884566,0.92
[3],0.1,0.01,0.002,0.0,0.9,relu,sgd,0.01,32,he,"(-0.5, 0.5)",20,0.4346730424402137,0.76
[3],0.1,0.01,0.002,0.0,0.9,relu,adam,0.0,32,xavier,"(-0.5, 0.5)",20,0.2130519722639922,0.92
[3],0.1,0.01,0.002,0.0,0.9,relu,adam,0.0,32,he,"(-0.5, 0.5)",20,0.32612716847105483,0.88
[3],0.1,0.01,0.002,0.0,0.9,relu,adam,0.01,32,xavier,"(-0.5, 0.5)",20,0.23925393160361866,0.88
[3],0.1,0.01,0.002,0.0,0.9,relu,adam,0.01,32,he,"(-0.5, 0.5)",20,0.36232343666711353,0.8
[3],0.1,0.01,0.002,0.1,0.8,tanh,sgd,0.0,32,xavier,"(-0.5, 0.5)",20,0.35214765332638964,0.8
[3],0.1,0.01,0.002,0.1,0.8,tanh,sgd,0.0,32,he,"(-0.5, 0.5)",20,0.4119797666592748,0.8
[3],0.1,0.01,0.002,0.1,0.8,tanh,sgd,0.01,32,xavier,"(-0.5, 0.5)",20,0.3168176759425644,0.88
[3],0.1,0.01,0.002,0.1,0.8,tanh,sgd,0.01,32,he,"(-0.5, 0.5)",20,0.3578598442424442,0.8
[3],0.1,0.01,0.002,0.1,0.8,tanh,adam,0.0,32,xavier,"(-0.5, 0.5)",20,0.19564705991777634,0.96
[3],0.1,0.01,0.002,0.1,0.8,tanh,adam,0.0,32,he,"(-0.5, 0.5)",20,0.22939589592406662,0.92
[3],0.1,0.01,0.002,0.1,0.8,tanh,adam,0.01,32,xavier,"(-0.5, 0.5)",20,0.08444981630202021,1.0
[3],0.1,0.01,0.002,0.1,0.8,tanh,adam,0.01,32,he,"(-0.5, 0.5)",20,0.2872147045122263,0.92
[3],0.1,0.01,0.002,0.1,0.8,relu,sgd,0.0,32,xavier,"(-0.5, 0.5)",20,0.332554432622766,0.92
[3],0.1,0.01,0.002,0.1,0.8,relu,sgd,0.0,32,he,"(-0.5, 0.5)",20,0.504602073977107,0.76
[3],0.1,0.01,0.002,0.1,0.8,relu,sgd,0.01,32,xavier,"(-0.5, 0.5)",20,0.4352807841513203,0.76
[3],0.1,0.01,0.002,0.1,0.8,relu,sgd,0.01,32,he,"(-0.5, 0.5)",20,0.3516803010714539,0.76
[3],0.1,0.01,0.002,0.1,0.8,relu,adam,0.0,32,xavier,"(-0.5, 0.5)",20,0.1327187169821915,1.0
[3],0.1,0.01,0.002,0.1,0.8,relu,adam,0.0,32,he,"(-0.5, 0.5)",20,0.45868565537239225,0.8
[3],0.1,0.01,0.002,0.1,0.8,relu,adam,0.01,32,xavier,"(-0.5, 0.5)",20,0.37834088921395365,0.84
[3],0.1,0.01,0.002,0.1,0.8,relu,adam,0.01,32,he,"(-0.5, 0.5)",20,0.3484848443503553,0.88
[3],0.1,0.01,0.002,0.1,0.9,tanh,sgd,0.0,32,xavier,"(-0.5, 0.5)",20,0.08098214132432925,1.0
[3],0.1,0.01,0.002,0.1,0.9,tanh,sgd,0.0,32,he,"(-0.5, 0.5)",20,0.0852603749441481,1.0
[3],0.1,0.01,0.002,0.1,0.9,tanh,sgd,0.01,32,xavier,"(-0.5, 0.5)",20,0.13602953274501106,1.0
[3],0.1,0.01,0.002,0.1,0.9,tanh,sgd,0.01,32,he,"(-0.5, 0.5)",20,0.34405533512728953,0.84
[3],0.1,0.01,0.002,0.1,0.9,tanh,adam,0.0,32,xavier,"(-0.5, 0.5)",20,0.41069629202760227,0.84
[3],0.1,0.01,0.002,0.1,0.9,tanh,adam,0.0,32,he,"(-0.5, 0.5)",20,0.2936412595528426,0.92
[3],0.1,0.01,0.002,0.1,0.9,tanh,adam,0.01,32,xavier,"(-0.5, 0.5)",20,0.4604778912921753,0.8
[3],0.1,0.01,0.002,0.1,0.9,tanh,adam,0.01,32,he,"(-0.5, 0.5)",20,0.21836095891121238,0.92
[3],0.1,0.01,0.002,0.1,0.9,relu,sgd,0.0,32,xavier,"(-0.5, 0.5)",20,0.3058575991965674,0.92
[3],0.1,0.01,0.002,0.1,0.9,relu,sgd,0.0,32,he,"(-0.5, 0.5)",20,0.33904043046899035,0.8
[3],0.1,0.01,0.002,0.1,0.9,relu,sgd,0.01,32,xavier,"(-0.5, 0.5)",20,0.16235776364325383,0.92
[3],0.1,0.01,0.002,0.1,0.9,relu,sgd,0.01,32,he,"(-0.5, 0.5)",20,0.15015376427466334,0.92
[3],0.1,0.01,0.002,0.1,0.9,relu,adam,0.0,32,xavier,"(-0.5, 0.5)",20,0.3066978689088446,0.92
[3],0.1,0.01,0.002,0.1,0.9,relu,adam,0.0,32,he,"(-0.5, 0.5)",20,0.24951284563003587,0.88
[3],0.1,0.01,0.002,0.1,0.9,relu,adam,0.01,32,xavier,"(-0.5, 0.5)",20,0.29820852871457554,0.88
[3],0.1,0.01,0.002,0.1,0.9,relu,adam,0.01,32,he,"(-0.5, 0.5)",20,0.5561705107016396,0.84
[3],0.1,0.01,0.002,0.2,0.8,tanh,sgd,0.0,32,xavier,"(-0.5, 0.5)",20,0.28576544361516854,0.88
[3],0.1,0.01,0.002,0.2,0.8,tanh,sgd,0.0,32,he,"(-0.5, 0.5)",20,0.4350661793672307,0.76
[3],0.1,0.01,0.002,0.2,0.8,tanh,sgd,0.01,32,xavier,"(-0.5, 0.5)",20,0.3856725126064947,0.8
[3],0.1,0.01,0.002,0.2,0.8,tanh,sgd,0.01,32,he,"(-0.5, 0.5)",20,0.2753613882530231,0.92
[3],0.1,0.01,0.002,0.2,0.8,tanh,adam,0.0,32,xavier,"(-0.5, 0.5)",20,0.18852084560720572,0.96
[3],0.1,0.01,0.002,0.2,0.8,tanh,adam,0.0,32,he,"(-0.5, 0.5)",20,0.17412782640769284,0.92
[3],0.1,0.01,0.002,0.2,0.8,tanh,adam,0.01,32,xavier,"(-0.5, 0.5)",20,0.2641053765960115,0.96
[3],0.1,0.01,0.002,0.2,0.8,tanh,adam,0.01,32,he,"(-0.5, 0.5)",20,0.245596466896919,0.92
[3],0.1,0.01,0.002,0.2,0.8,relu,sgd,0.0,32,xavier,"(-0.5, 0.5)",20,0.4713216943543546,0.8
[3],0.1,0.01,0.002,0.2,0.8,relu,sgd,0.0,32,he,"(-0.5, 0.5)",20,0.4224670763130173,0.8
[3],0.1,0.01,0.002,0.2,0.8,relu,sgd,0.01,32,xavier,"(-0.5, 0.5)",20,0.23675612879192465,0.92
[3],0.1,0.01,0.002,0.2,0.8,relu,sgd,0.01,32,he,"(-0.5, 0.5)",20,0.4111110821714105,0.88
[3],0.1,0.01,0.002,0.2,0.8,relu,adam,0.0,32,xavier,"(-0.5, 0.5)",20,0.4111965800583169,0.8
[3],0.1,0.01,0.002,0.2,0.8,relu,adam,0.0,32,he,"(-0.5, 0.5)",20,0.3726154770507258,0.92
[3],0.1,0.01,0.002,0.2,0.8,relu,adam,0.01,32,xavier,"(-0.5, 0.5)",20,0.25391128890423,0.92
[3],0.1,0.01,0.002,0.2,0.8,relu,adam,0.01,32,he,"(-0.5, 0.5)",20,0.5309501321007877,0.72
[3],0.1,0.01,0.002,0.2,0.9,tanh,sgd,0.0,32,xavier,"(-0.5, 0.5)",20,0.26375295123751075,0.88
[3],0.1,0.01,0.002,0.2,0.9,tanh,sgd,0.0,32,he,"(-0.5, 0.5)",20,0.13908877403426703,1.0
[3],0.1,0.01,0.002,0.2,0.9,tanh,sgd,0.01,32,xavier,"(-0.5, 0.5)",20,0.45698560854654424,0.84
[3],0.1,0.01,0.002,0.2,0.9,tanh,sgd,0.01,32,he,"(-0.5, 0.5)",20,0.17500518895486455,1.0
[3],0.1,0.01,0.002,0.2,0.9,tanh,adam,0.0,32,xavier,"(-0.5, 0.5)",20,0.32168221310279665,0.92
[3],0.1,0.01,0.002,0.2,0.9,tanh,adam,0.0,32,he,"(-0.5, 0.5)",20,0.11679202223616139,1.0
[3],0.1,0.01,0.002,0.2,0.9,tanh,adam,0.01,32,xavier,"(-0.5, 0.5)",20,0.44341801165140277,0.88
[3],0.1,0.01,0.002,0.2,0.9,tanh,adam,0.01,32,he,"(-0.5, 0.5)",20,0.21662516471347962,0.92
[3],0.1,0.01,0.002,0.2,0.9,relu,sgd,0.0,32,xavier,"(-0.5, 0.5)",20,0.4411118898885073,0.84
[3],0.1,0.01,0.002,0.2,0.9,relu,sgd,0.0,32,he,"(-0.5, 0.5)",20,0.3270382301975552,0.88
[3],0.1,0.01,0.002,0.2,0.9,relu,sgd,0.01,32,xavier,"(-0.5, 0.5)",20,0.36425935277762894,0.88
[3],0.1,0.01,0.002,0.2,0.9,relu,sgd,0.01,32,he,"(-0.5, 0.5)",20,0.33128996348072565,0.88
[3],0.1,0.01,0.002,0.2,0.9,relu,adam,0.0,32,xavier,"(-0.5, 0.5)",20,0.4546481162632425,0.8
[3],0.1,0.01,0.002,0.2,0.9,relu,adam,0.0,32,he,"(-0.5, 0.5)",20,0.3497294475810085,0.88
[3],0.1,0.01,0.002,0.2,0.9,relu,adam,0.01,32,xavier,"(-0.5, 0.5)",20,0.3081858164588671,0.88
[3],0.1,0.01,0.002,0.2,0.9,relu,adam,0.01,32,he,"(-0.5, 0.5)",20,0.32182819271970914,0.92
[3],0.15,0.0,0.0,0.0,0.8,tanh,sgd,0.0,32,xavier,"(-0.5, 0.5)",20,0.0664566042134931,1.0
[3],0.15,0.0,0.0,0.0,0.8,tanh,sgd,0.0,32,he,"(-0.5, 0.5)",20,0.22727088496387882,0.88
[3],0.15,0.0,0.0,0.0,0.8,tanh,sgd,0.01,32,xavier,"(-0.5, 0.5)",20,0.16517876911546242,0.96
[3],0.15,0.0,0.0,0.0,0.8,tanh,sgd,0.01,32,he,"(-0.5, 0.5)",20,0.4069797000105922,0.84
[3],0.15,0.0,0.0,0.0,0.8,tanh,adam,0.0,32,xavier,"(-0.5, 0.5)",20,0.33531023757928335,0.84
[3],0.15,0.0,0.0,0.0,0.8,tanh,adam,0.0,32,he,"(-0.5, 0.5)",20,0.26878469335814154,0.88
[3],0.15,0.0,0.0,0.0,0.8,tanh,adam,0.01,32,xavier,"(-0.5, 0.5)",20,0.2111726831077734,0.92
[3],0.15,0.0,0.0,0.0,0.8,tanh,adam,0.01,32,he,"(-0.5, 0.5)",20,0.4758809514159114,0.84
[3],0.15,0.0,0.0,0.0,0.8,relu,sgd,0.0,32,xavier,"(-0.5, 0.5)",20,0.06268746876556525,1.0
[3],0.15,0.0,0.0,0.0,0.8,relu,sgd,0.0,32,he,"(-0.5, 0.5)",20,0.07289591194306913,1.0
[3],0.15,0.0,0.0,0.0,0.8,relu,sgd,0.01,32,xavier,"(-0.5, 0.5)",20,0.09360993935024546,0.92
[3],0.15,0.0,0.0,0.0,0.8,relu,sgd,0.01,32,he,"(-0.5, 0.5)",20,0.27714201018415163,0.92
[3],0.15,0.0,0.0,0.0,0.8,relu,adam,0.0,32,xavier,"(-0.5, 0.5)",20,0.25205913871275976,0.92
[3],0.15,0.0,0.0,0.0,0.8,relu,adam,0.0,32,he,"(-0.5, 0.5)",20,0.2490389112394382,0.92
[3],0.15,0.0,0.0,0.0,0.8,relu,adam,0.01,32,xavier,"(-0.5, 0.5)",20,0.16791438798612035,0.92
[3],0.15,0.0,0.0,0.0,0.8,relu,adam,0.01,32,he,"(-0.5, 0.5)",20,0.1466194439846397,0.92
[3],0.15,0.0,0.0,0.0,0.9,tanh,sgd,0.0,32,xavier,"(-0.5, 0.5)",20,0.21610220413127237,0.92
[3],0.15,0.0,0.0,0.0,0.9,tanh,sgd,0.0,32,he,"(-0.5, 0.5)",20,0.028155277409700412,1.0
[3],0.15,0.0,0.0,0.0,0.9,tanh,sgd,0.01,32,xavier,"(-0.5, 0.5)",20,0.022738499077182645,1.0
[3],0.15,0.0,0.0,0.0,0.9,tanh,sgd,0.01,32,he,"(-0.5, 0.5)",20,0.023056827364555242,1.0
[3],0.15,0.0,0.0,0.0,0.9,tanh,adam,0.0,32,xavier,"(-0.5, 0.5)",20,0.20515430491913414,0.92
[3],0.15,0.0,0.0,0.0,0.9,tanh,adam,0.0,32,he,"(-0.5, 0.5)",20,0.19960569462774166,0.92
[3],0.15,0.0,0.0,0.0,0.9,tanh,adam,0.01,32,xavier,"(-0.5, 0.5)",20,0.2311897655929258,0.88
[3],0.15,0.0,0.0,0.0,0.9,tanh,adam,0.01,32,he,"(-0.5, 0.5)",20,0.005940199767940176,1.0
[3],0.15,0.0,0.0,0.0,0.9,relu,sgd,0.0,32,xavier,"(-0.5, 0.5)",20,0.14263035944165575,0.96
[3],0.15,0.0,0.0,0.0,0.9,relu,sgd,0.0,32,he,"(-0.5, 0.5)",20,0.10697118302226065,0.96
[3],0.15,0.0,0.0,0.0,0.9,relu,sgd,0.01,32,xavier,"(-0.5, 0.5)",20,0.1787727653460136,0.92
[3],0.15,0.0,0.0,0.0,0.9,relu,sgd,0.01,32,he,"(-0.5, 0.5)",20,0.09071256639707824,1.0
[3],0.15,0.0,0.0,0.0,0.9,relu,adam,0.0,32,xavier,"(-0.5, 0.5)",20,0.11556421957908095,0.92
[3],0.15,0.0,0.0,0.0,0.9,relu,adam,0.0,32,he,"(-0.5, 0.5)",20,0.25172780001113276,0.92
[3],0.15,0.0,0.0,0.0,0.9,relu,adam,0.01,32,xavier,"(-0.5, 0.5)",20,0.04843882077835295,1.0
[3],0.15,0.0,0.0,0.0,0.9,relu,adam,0.01,32,he,"(-0.5, 0.5)",20,0.59053203182956,0.76
[3],0.15,0.0,0.0,0.1,0.8,tanh,sgd,0.0,32,xavier,"(-0.5, 0.5)",20,0.2719806259048504,0.88
[3],0.15,0.0,0.0,0.1,0.8,tanh,sgd,0.0,32,he,"(-0.5, 0.5)",20,0.15107406561798778,0.96
[3],0.15,0.0,0.0,0.1,0.8,tanh,sgd,0.01,32,xavier,"(-0.5, 0.5)",20,0.29897290808262666,0.88
[3],0.15,0.0,0.0,0.1,0.8,tanh,sgd,0.01,32,he,"(-0.5, 0.5)",20,0.2561506299237683,0.88
[3],0.15,0.0,0.0,0.1,0.8,tanh,adam,0.0,32,xavier,"(-0.5, 0.5)",20,0.3284067073259589,0.92
[3],0.15,0.0,0.0,0.1,0.8,tanh,adam,0.0,32,he,"(-0.5, 0.5)",20,0.275759578094346,0.88
[3],0.15,0.0,0.0,0.1,0.8,tanh,adam,0.01,32,xavier,"(-0.5, 0.5)",20,0.28807890960480387,0.88
[3],0.15,0.0,0.0,0.1,0.8,tanh,adam,0.01,32,he,"(-0.5, 0.5)",20,0.02991569352766941,1.0
[3],0.15,0.0,0.0,0.1,0.8,relu,sgd,0.0,32,xavier,"(-0.5, 0.5)",20,0.44863060980774805,0.8
[3],0.15,0.0,0.0,0.1,0.8,relu,sgd,0.0,32,he,"(-0.5, 0.5)",20,0.2693875006434686,0.92
[3],0.15,0.0,0.0,0.1,0.8,relu,sgd,0.01,32,xavier,"(-0.5, 0.5)",20,0.15463772845762494,0.96
[3],0.15,0.0,0.0,0.1,0.8,relu,sgd,0.01,32,he,"(-0.5, 0.5)",20,0.3981218992577002,0.8
[3],0.15,0.0,0.0,0.1,0.8,relu,adam,0.0,32,xavier,"(-0.5, 0.5)",20,0.23486126731962956,0.88
[3],0.15,0.0,0.0,0.1,0.8,relu,adam,0.0,32,he,"(-0.5, 0.5)",20,0.21931075328539612,0.92
[3],0.15,0.0,0.0,0.1,0.8,relu,adam,0.01,32,xavier,"(-0.5, 0.5)",20,0.26380553839685467,0.88
[3],0.15,0.0,0.0,0.1,0.8,relu,adam,0.01,32,he,"(-0.5, 0.5)",20,0.23343495079767887,0.92
[3],0.15,0.0,0.0,0.1,0.9,tanh,sgd,0.0,32,xavier,"(-0.5, 0.5)",20,0.20865516902586428,0.88
[3],0.15,0.0,0.0,0.1,0.9,tanh,sgd,0.0,32,he,"(-0.5, 0.5)",20,0.2527346657210081,0.92
[3],0.15,0.0,0.0,0.1,0.9,tanh,sgd,0.01,32,xavier,"(-0.5, 0.5)",20,0.2266843916360231,0.88
[3],0.15,0.0,0.0,0.1,0.9,tanh,sgd,0.01,32,he,"(-0.5, 0.5)",20,0.040915166833819884,1.0
[3],0.15,0.0,0.0,0.1,0.9,tanh,adam,0.0,32,xavier,"(-0.5, 0.5)",20,0.2569462545882152,0.92
[3],0.15,0.0,0.0,0.1,0.9,tanh,adam,0.0,32,he,"(-0.5, 0.5)",20,0.020184170660325008,1.0
[3],0.15,0.0,0.0,0.1,0.9,tanh,adam,0.01,32,xavier,"(-0.5, 0.5)",20,0.17035943317388694,0.88
[3],0.15,0.0,0.0,0.1,0.9,tanh,adam,0.01,32,he,"(-0.5, 0.5)",20,0.14763546561490984,0.96
[3],0.15,0.0,0.0,0.1,0.9,relu,sgd,0.0,32,xavier,"(-0.5, 0.5)",20,0.2935185632177908,0.92
[3],0.15,0.0,0.0,0.1,0.9,relu,sgd,0.0,32,he,"(-0.5, 0.5)",20,0.22068142393893792,0.92
[3],0.15,0.0,0.0,0.1,0.9,relu,sgd,0.01,32,xavier,"(-0.5, 0.5)",20,0.15174086135943024,0.92
[3],0.15,0.0,0.0,0.1,0.9,relu,sgd,0.01,32,he,"(-0.5, 0.5)",20,0.23519947774779712,0.92
[3],0.15,0.0,0.0,0.1,0.9,relu,adam,0.0,32,xavier,"(-0.5, 0.5)",20,0.4882490716249195,0.76
[3],0.15,0.0,0.0,0.1,0.9,relu,adam,0.0,32,he,"(-0.5, 0.5)",20,0.6941738674300523,0.4
[3],0.15,0.0,0.0,0.1,0.9,relu,adam,0.01,32,xavier,"(-0.5, 0.5)",20,0.16114110890792116,0.92
[3],0.15,0.0,0.0,0.1,0.9,relu,adam,0.01,32,he,"(-0.5, 0.5)",20,0.29727576094816843,0.84
[3],0.15,0.0,0.0,0.2,0.8,tanh,sgd,0.0,32,xavier,"(-0.5, 0.5)",20,0.3307186278351161,0.88
[3],0.15,0.0,0.0,0.2,0.8,tanh,sgd,0.0,32,he,"(-0.5, 0.5)",20,0.24008023152887545,0.92
[3],0.15,0.0,0.0,0.2,0.8,tanh,sgd,0.01,32,xavier,"(-0.5, 0.5)",20,0.31166495731854443,0.88
[3],0.15,0.0,0.0,0.2,0.8,tanh,sgd,0.01,32,he,"(-0.5, 0.5)",20,0.5264094371104094,0.8
[3],0.15,0.0,0.0,0.2,0.8,tanh,adam,0.0,32,xavier,"(-0.5, 0.5)",20,0.424878109408789,0.88
[3],0.15,0.0,0.0,0.2,0.8,tanh,adam,0.0,32,he,"(-0.5, 0.5)",20,0.3567753819953802,0.84
[3],0.15,0.0,0.0,0.2,0.8,tanh,adam,0.01,32,xavier,"(-0.5, 0.5)",20,0.16412052795526788,0.92
[3],0.15,0.0,0.0,0.2,0.8,tanh,adam,0.01,32,he,"(-0.5, 0.5)",20,0.23340200052401816,0.92
[3],0.15,0.0,0.0,0.2,0.8,relu,sgd,0.0,32,xavier,"(-0.5, 0.5)",20,0.23474162881288635,0.92
[3],0.15,0.0,0.0,0.2,0.8,relu,sgd,0.0,32,he,"(-0.5, 0.5)",20,0.3616727157390096,0.88
[3],0.15,0.0,0.0,0.2,0.8,relu,sgd,0.01,32,xavier,"(-0.5, 0.5)",20,0.4347033862126326,0.76
[3],0.15,0.0,0.0,0.2,0.8,relu,sgd,0.01,32,he,"(-0.5, 0.5)",20,0.2650536331267796,0.92
[3],0.15,0.0,0.0,0.2,0.8,relu,adam,0.0,32,xavier,"(-0.5, 0.5)",20,0.4548076398197815,0.8
[3],0.15,0.0,0.0,0.2,0.8,relu,adam,0.0,32,he,"(-0.5, 0.5)",20,0.6817417633934499,0.6
[3],0.15,0.0,0.0,0.2,0.8,relu,adam,0.01,32,xavier,"(-0.5, 0.5)",20,0.6925806392531512,0.6
[3],0.15,0.0,0.0,0.2,0.8,relu,adam,0.01,32,he,"(-0.5, 0.5)",20,0.35658260998173247,0.84
[3],0.15,0.0,0.0,0.2,0.9,tanh,sgd,0.0,32,xavier,"(-0.5, 0.5)",20,0.16421226244733567,0.88
[3],0.15,0.0,0.0,0.2,0.9,tanh,sgd,0.0,32,he,"(-0.5, 0.5)",20,0.19584129328325578,0.92
[3],0.15,0.0,0.0,0.2,0.9,tanh,sgd,0.01,32,xavier,"(-0.5, 0.5)",20,0.23260200076370174,0.92
[3],0.15,0.0,0.0,0.2,0.9,tanh,sgd,0.01,32,he,"(-0.5, 0.5)",20,0.08615545743590637,1.0
[3],0.15,0.0,0.0,0.2,0.9,tanh,adam,0.0,32,xavier,"(-0.5, 0.5)",20,0.3986613006850595,0.84
[3],0.15,0.0,0.0,0.2,0.9,tanh,adam,0.0,32,he,"(-0.5, 0.5)",20,0.3932211898661741,0.88
[3],0.15,0.0,0.0,0.2,0.9,tanh,adam,0.01,32,xavier,"(-0.5, 0.5)",20,0.37429257201715993,0.88
[3],0.15,0.0,0.0,0.2,0.9,tanh,adam,0.01,32,he,"(-0.5, 0.5)",20,0.19803237249214856,0.92
[3],0.15,0.0,0.0,0.2,0.9,relu,sgd,0.0,32,xavier,"(-0.5, 0.5)",20,0.47064614535110105,0.8
[3],0.15,0.0,0.0,0.2,0.9,relu,sgd,0.0,32,he,"(-0.5, 0.5)",20,0.26780954601561874,0.88
[3],0.15,0.0,0.0,0.2,0.9,relu,sgd,0.01,32,xavier,"(-0.5, 0.5)",20,0.3633409917102085,0.88
[3],0.15,0.0,0.0,0.2,0.9,relu,sgd,0.01,32,he,"(-0.5, 0.5)",20,0.5388748133314428,0.68
[3],0.15,0.0,0.0,0.2,0.9,relu,adam,0.0,32,xavier,"(-0.5, 0.5)",20,0.19309930100351724,0.96
[3],0.15,0.0,0.0,0.2,0.9,relu,adam,0.0,32,he,"(-0.5, 0.5)",20,0.19973610449590726,0.84
[3],0.15,0.0,0.0,0.2,0.9,relu,adam,0.01,32,xavier,"(-0.5, 0.5)",20,0.43456735778488964,0.76
[3],0.15,0.0,0.0,0.2,0.9,relu,adam,0.01,32,he,"(-0.5, 0.5)",20,0.25859302336585605,0.8
[3],0.15,0.0,0.002,0.0,0.8,tanh,sgd,0.0,32,xavier,"(-0.5, 0.5)",20,0.44120858274627023,0.76
[3],0.15,0.0,0.002,0.0,0.8,tanh,sgd,0.0,32,he,"(-0.5, 0.5)",20,0.13814760406948048,0.96
[3],0.15,0.0,0.002,0.0,0.8,tanh,sgd,0.01,32,xavier,"(-0.5, 0.5)",20,0.1739110070921666,0.96
[3],0.15,0.0,0.002,0.0,0.8,tanh,sgd,0.01,32,he,"(-0.5, 0.5)",20,0.16447092521032458,0.96
[3],0.15,0.0,0.002,0.0,0.8,tanh,adam,0.0,32,xavier,"(-0.5, 0.5)",20,0.14739177046851246,0.92
[3],0.15,0.0,0.002,0.0,0.8,tanh,adam,0.0,32,he,"(-0.5, 0.5)",20,0.4323325973735065,0.84
[3],0.15,0.0,0.002,0.0,0.8,tanh,adam,0.01,32,xavier,"(-0.5, 0.5)",20,0.3150050115294075,0.88
[3],0.15,0.0,0.002,0.0,0.8,tanh,adam,0.01,32,he,"(-0.5, 0.5)",20,0.08352118730897033,1.0
[3],0.15,0.0,0.002,0.0,0.8,relu,sgd,0.0,32,xavier,"(-0.5, 0.5)",20,0.1257519801704547,0.92
[3],0.15,0.0,0.002,0.0,0.8,relu,sgd,0.0,32,he,"(-0.5, 0.5)",20,0.049879132501021065,1.0
[3],0.15,0.0,0.002,0.0,0.8,relu,sgd,0.01,32,xavier,"(-0.5, 0.5)",20,0.19101170808564166,0.92
[3],0.15,0.0,0.002,0.0,0.8,relu,sgd,0.01,32,he,"(-0.5, 0.5)",20,0.40548407535650105,0.88
[3],0.15,0.0,0.002,0.0,0.8,relu,adam,0.0,32,xavier,"(-0.5, 0.5)",20,0.6897373368767782,0.6
[3],0.15,0.0,0.002,0.0,0.8,relu,adam,0.0,32,he,"(-0.5, 0.5)",20,0.6043550672915019,0.88
[3],0.15,0.0,0.002,0.0,0.8,relu,adam,0.01,32,xavier,"(-0.5, 0.5)",20,0.17149796242083193,0.96
[3],0.15,0.0,0.002,0.0,0.8,relu,adam,0.01,32,he,"(-0.5, 0.5)",20,0.27374002079971155,0.92
[3],0.15,0.0,0.002,0.0,0.9,tanh,sgd,0.0,32,xavier,"(-0.5, 0.5)",20,0.019475764069764933,1.0
[3],0.15,0.0,0.002,0.0,0.9,tanh,sgd,0.0,32,he,"(-0.5, 0.5)",20,0.24950840499371119,0.88
[3],0.15,0.0,0.002,0.0,0.9,tanh,sgd,0.01,32,xavier,"(-0.5, 0.5)",20,0.31188193721041335,0.88
[3],0.15,0.0,0.002,0.0,0.9,tanh,sgd,0.01,32,he,"(-0.5, 0.5)",20,0.02164381415420742,1.0
[3],0.15,0.0,0.002,0.0,0.9,tanh,adam,0.0,32,xavier,"(-0.5, 0.5)",20,0.18450493898916756,0.88
[3],0.15,0.0,0.002,0.0,0.9,tanh,adam,0.0,32,he,"(-0.5, 0.5)",20,0.3844367308210858,0.88
[3],0.15,0.0,0.002,0.0,0.9,tanh,adam,0.01,32,xavier,"(-0.5, 0.5)",20,0.14521814565783228,0.96
[3],0.15,0.0,0.002,0.0,0.9,tanh,adam,0.01,32,he,"(-0.5, 0.5)",20,0.33420989437369486,0.84
[3],0.15,0.0,0.002,0.0,0.9,relu,sgd,0.0,32,xavier,"(-0.5, 0.5)",20,0.06240412264500905,1.0
[3],0.15,0.0,0.002,0.0,0.9,relu,sgd,0.0,32,he,"(-0.5, 0.5)",20,0.27294720522861815,0.88
[3],0.15,0.0,0.002,0.0,0.9,relu,sgd,0.01,32,xavier,"(-0.5, 0.5)",20,0.4376279004832265,0.8
[3],0.15,0.0,0.002,0.0,0.9,relu,sgd,0.01,32,he,"(-0.5, 0.5)",20,0.08453678488113549,1.0
[3],0.15,0.0,0.002,0.0,0.9,relu,adam,0.0,32,xavier,"(-0.5, 0.5)",20,0.6906581034757405,0.6
[3],0.15,0.0,0.002,0.0,0.9,relu,adam,0.0,32,he,"(-0.5, 0.5)",20,0.20017044086884303,0.92
[3],0.15,0.0,0.002,0.0,0.9,relu,adam,0.01,32,xavier,"(-0.5, 0.5)",20,0.21755045726258934,0.88
[3],0.15,0.0,0.002,0.0,0.9,relu,adam,0.01,32,he,"(-0.5, 0.5)",20,0.2935281898518045,0.92
[3],0.15,0.0,0.002,0.1,0.8,tanh,sgd,0.0,32,xavier,"(-0.5, 0.5)",20,0.4372386652265633,0.88
[3],0.15,0.0,0.002,0.1,0.8,tanh,sgd,0.0,32,he,"(-0.5, 0.5)",20,0.2739098744926503,0.96
[3],0.15,0.0,0.002,0.1,0.8,tanh,sgd,0.01,32,xavier,"(-0.5, 0.5)",20,0.14227776819945684,1.0
[3],0.15,0.0,0.002,0.1,0.8,tanh,sgd,0.01,32,he,"(-0.5, 0.5)",20,0.32492718365159945,0.84
[3],0.15,0.0,0.002,0.1,0.8,tanh,adam,0.0,32,xavier,"(-0.5, 0.5)",20,0.46839409504730084,0.76
[3],0.15,0.0,0.002,0.1,0.8,tanh,adam,0.0,32,he,"(-0.5, 0.5)",20,0.14541943280058503,0.92
[3],0.15,0.0,0.002,0.1,0.8,tanh,adam,0.01,32,xavier,"(-0.5, 0.5)",20,0.11800452137525387,0.92
[3],0.15,0.0,0.002,0.1,0.8,tanh,adam,0.01,32,he,"(-0.5, 0.5)",20,0.19241890595825734,0.92
[3],0.15,0.0,0.002,0.1,0.8,relu,sgd,0.0,32,xavier,"(-0.5, 0.5)",20,0.3933456710025501,0.8
[3],0.15,0.0,0.002,0.1,0.8,relu,sgd,0.0,32,he,"(-0.5, 0.5)",20,0.15728035902964793,0.96
[3],0.15,0.0,0.002,0.1,0.8,relu,sgd,0.01,32,xavier,"(-0.5, 0.5)",20,0.3791646588757205,0.8
[3],0.15,0.0,0.002,0.1,0.8,relu,sgd,0.01,32,he,"(-0.5, 0.5)",20,0.3540102871407057,0.84
[3],0.15,0.0,0.002,0.1,0.8,relu,adam,0.0,32,xavier,"(-0.5, 0.5)",20,0.07404364677894294,1.0
[3],0.15,0.0,0.002,0.1,0.8,relu,adam,0.0,32,he,"(-0.5, 0.5)",20,0.2561974268524011,0.88
[3],0.15,0.0,0.002,0.1,0.8,relu,adam,0.01,32,xavier,"(-0.5, 0.5)",20,0.41076457507496095,0.76
[3],0.15,0.0,0.002,0.1,0.8,relu,adam,0.01,32,he,"(-0.5, 0.5)",20,0.69255577716037,0.6
[3],0.15,0.0,0.002,0.1,0.9,tanh,sgd,0.0,32,xavier,"(-0.5, 0.5)",20,0.061934611000519245,1.0
[3],0.15,0.0,0.002,0.1,0.9,tanh,sgd,0.0,32,he,"(-0.5, 0.5)",20,0.2241045309871949,0.92
[3],0.15,0.0,0.002,0.1,0.9,tanh,sgd,0.01,32,xavier,"(-0.5, 0.5)",20,0.30526069783549964,0.88
[3],0.15,0.0,0.002,0.1,0.9,tanh,sgd,0.01,32,he,"(-0.5, 0.5)",20,0.06874423432806137,1.0
[3],0.15,0.0,0.002,0.1,0.9,tanh,adam,0.0,32,xavier,"(-0.5, 0.5)",20,0.17210568447540753,0.92
[3],0.15,0.0,0.002,0.1,0.9,tanh,adam,0.0,32,he,"(-0.5, 0.5)",20,0.35922671865067723,0.84
[3],0.15,0.0,0.002,0.1,0.9,tanh,adam,0.01,32,xavier,"(-0.5, 0.5)",20,0.3651445643558524,0.88
[3],0.15,0.0,0.002,0.1,0.9,tanh,adam,0.01,32,he,"(-0.5, 0.5)",20,0.23434943292684765,0.92
[3],0.15,0.0,0.002,0.1,0.9,relu,sgd,0.0,32,xavier,"(-0.5, 0.5)",20,0.3326443723304082,0.88
[3],0.15,0.0,0.002,0.1,0.9,relu,sgd,0.0,32,he,"(-0.5, 0.5)",20,0.38867494238462946,0.8
[3],0.15,0.0,0.002,0.1,0.9,relu,sgd,0.01,32,xavier,"(-0.5, 0.5)",20,0.2523515497730934,0.92
[3],0.15,0.0,0.002,0.1,0.9,relu,sgd,0.01,32,he,"(-0.5, 0.5)",20,0.20450613132162235,0.88
[3],0.15,0.0,0.002,0.1,0.9,relu,adam,0.0,32,xavier,"(-0.5, 0.5)",20,0.6680831183272333,0.72
[3],0.15,0.0,0.002,0.1,0.9,relu,adam,0.0,32,he,"(-0.5, 0.5)",20,0.380236281298642,0.84
[3],0.15,0.0,0.002,0.1,0.9,relu,adam,0.01,32,xavier,"(-0.5, 0.5)",20,0.32251151592709126,0.88
[3],0.15,0.0,0.002,0.1,0.9,relu,adam,0.01,32,he,"(-0.5, 0.5)",20,0.6180893772809811,0.56
[3],0.15,0.0,0.002,0.2,0.8,tanh,sgd,0.0,32,xavier,"(-0.5, 0.5)",20,0.45015311922499496,0.84
[3],0.15,0.0,0.002,0.2,0.8,tanh,sgd,0.0,32,he,"(-0.5, 0.5)",20,0.17166994539515018,0.96
[3],0.15,0.0,0.002,0.2,0.8,tanh,sgd,0.01,32,xavier,"(-0.5, 0.5)",20,0.4140319679486103,0.88
[3],0.15,0.0,0.002,0.2,0.8,tanh,sgd,0.01,32,he,"(-0.5, 0.5)",20,0.27601170141307796,0.88
[3],0.15,0.0,0.002,0.2,0.8,tanh,adam,0.0,32,xavier,"(-0.5, 0.5)",20,0.4167308728759559,0.88
[3],0.15,0.0,0.002,0.2,0.8,tanh,adam,0.0,32,he,"(-0.5, 0.5)",20,0.07177158052105236,1.0
[3],0.15,0.0,0.002,0.2,0.8,tanh,adam,0.01,32,xavier,"(-0.5, 0.5)",20,0.24393846276285466,0.88
[3],0.15,0.0,0.002,0.2,0.8,tanh,adam,0.01,32,he,"(-0.5, 0.5)",20,0.1331976101761317,0.92
[3],0.15,0.0,0.002,0.2,0.8,relu,sgd,0.0,32,xavier,"(-0.5, 0.5)",20,0.8047575088486314,0.6
[3],0.15,0.0,0.002,0.2,0.8,relu,sgd,0.0,32,he,"(-0.5, 0.5)",20,0.3058451057281628,0.8
[3],0.15,0.0,0.002,0.2,0.8,relu,sgd,0.01,32,xavier,"(-0.5, 0.5)",20,0.37264554700632424,0.88
[3],0.15,0.0,0.002,0.2,0.8,relu,sgd,0.01,32,he,"(-0.5, 0.5)",20,0.21731283128648093,0.88
[3],0.15,0.0,0.002,0.2,0.8,relu,adam,0.0,32,xavier,"(-0.5, 0.5)",20,0.47749511573334147,0.72
[3],0.15,0.0,0.002,0.2,0.8,relu,adam,0.0,32,he,"(-0.5, 0.5)",20,0.4487566437183794,0.76
[3],0.15,0.0,0.002,0.2,0.8,relu,adam,0.01,32,xavier,"(-0.5, 0.5)",20,0.4087294954432065,0.76
[3],0.15,0.0,0.002,0.2,0.8,relu,adam,0.01,32,he,"(-0.5, 0.5)",20,0.22122294771623213,0.92
[3],0.15,0.0,0.002,0.2,0.9,tanh,sgd,0.0,32,xavier,"(-0.5, 0.5)",20,0.338286333029959,0.88
[3],0.15,0.0,0.002,0.2,0.9,tanh,sgd,0.0,32,he,"(-0.5, 0.5)",20,0.1003635230500671,0.96
[3],0.15,0.0,0.002,0.2,0.9,tanh,sgd,0.01,32,xavier,"(-0.5, 0.5)",20,0.3999401847593377,0.84
[3],0.15,0.0,0.002,0.2,0.9,tanh,sgd,0.01,32,he,"(-0.5, 0.5)",20,0.3219985891499319,0.88
[3],0.15,0.0,0.002,0.2,0.9,tanh,adam,0.0,32,xavier,"(-0.5, 0.5)",20,0.3521306542919774,0.84
[3],0.15,0.0,0.002,0.2,0.9,tanh,adam,0.0,32,he,"(-0.5, 0.5)",20,0.30233984721280033,0.88
[3],0.15,0.0,0.002,0.2,0.9,tanh,adam,0.01,32,xavier,"(-0.5, 0.5)",20,0.2871058908630492,0.88
[3],0.15,0.0,0.002,0.2,0.9,tanh,adam,0.01,32,he,"(-0.5, 0.5)",20,0.4339392972990395,0.88
[3],0.15,0.0,0.002,0.2,0.9,relu,sgd,0.0,32,xavier,"(-0.5, 0.5)",20,0.2796116916209305,0.92
[3],0.15,0.0,0.002,0.2,0.9,relu,sgd,0.0,32,he,"(-0.5, 0.5)",20,0.6875014984404433,0.6
[3],0.15,0.0,0.002,0.2,0.9,relu,sgd,0.01,32,xavier,"(-0.5, 0.5)",20,0.3064599011416523,0.88
[3],0.15,0.0,0.002,0.2,0.9,relu,sgd,0.01,32,he,"(-0.5, 0.5)",20,0.6132496497798658,0.52
[3],0.15,0.0,0.002,0.2,0.9,relu,adam,0.0,32,xavier,"(-0.5, 0.5)",20,0.3036229075271015,0.84
[3],0.15,0.0,0.002,0.2,0.9,relu,adam,0.0,32,he,"(-0.5, 0.5)",20,0.42423181951246547,0.8
[3],0.15,0.0,0.002,0.2,0.9,relu,adam,0.01,32,xavier,"(-0.5, 0.5)",20,0.2691244056561135,0.92
[3],0.15,0.0,0.002,0.2,0.9,relu,adam,0.01,32,he,"(-0.5, 0.5)",20,0.4117310734443748,0.88
[3],0.15,0.005,0.0,0.0,0.8,tanh,sgd,0.0,32,xavier,"(-0.5, 0.5)",20,0.3591037830133457,0.84
[3],0.15,0.005,0.0,0.0,0.8,tanh,sgd,0.0,32,he,"(-0.5, 0.5)",20,0.07126089240930648,1.0
[3],0.15,0.005,0.0,0.0,0.8,tanh,sgd,0.01,32,xavier,"(-0.5, 0.5)",20,0.09369542981043721,1.0
[3],0.15,0.005,0.0,0.0,0.8,tanh,sgd,0.01,32,he,"(-0.5, 0.5)",20,0.45587500796691416,0.88
[3],0.15,0.005,0.0,0.0,0.8,tanh,adam,0.0,32,xavier,"(-0.5, 0.5)",20,0.04548035815862925,1.0
[3],0.15,0.005,0.0,0.0,0.8,tanh,adam,0.0,32,he,"(-0.5, 0.5)",20,0.03528649941299435,1.0
[3],0.15,0.005,0.0,0.0,0.8,tanh,adam,0.01,32,xavier,"(-0.5, 0.5)",20,0.25284258161341416,0.92
[3],0.15,0.005,0.0,0.0,0.8,tanh,adam,0.01,32,he,"(-0.5, 0.5)",20,0.10673204017273213,0.92
[3],0.15,0.005,0.0,0.0,0.8,relu,sgd,0.0,32,xavier,"(-0.5, 0.5)",20,0.08517669835737296,1.0
[3],0.15,0.005,0.0,0.0,0.8,relu,sgd,0.0,32,he,"(-0.5, 0.5)",20,0.2681003752751523,0.92
[3],0.15,0.005,0.0,0.0,0.8,relu,sgd,0.01,32,xavier,"(-0.5, 0.5)",20,0.16815842496595546,0.96
[3],0.15,0.005,0.0,0.0,0.8,relu,sgd,0.01,32,he,"(-0.5, 0.5)",20,0.27227483953841636,0.92
[3],0.15,0.005,0.0,0.0,0.8,relu,adam,0.0,32,xavier,"(-0.5, 0.5)",20,0.42323827590689256,0.8
[3],0.15,0.005,0.0,0.0,0.8,relu,adam,0.0,32,he,"(-0.5, 0.5)",20,0.20727530287685514,0.92
[3],0.15,0.005,0.0,0.0,0.8,relu,adam,0.01,32,xavier,"(-0.5, 0.5)",20,0.2935662038636402,0.88
[3],0.15,0.005,0.0,0.0,0.8,relu,adam,0.01,32,he,"(-0.5, 0.5)",20,0.0400563405583116,1.0
[3],0.15,0.005,0.0,0.0,0.9,tanh,sgd,0.0,32,xavier,"(-0.5, 0.5)",20,0.1274822453137836,0.92
[3],0.15,0.005,0.0,0.0,0.9,tanh,sgd,0.0,32,he,"(-0.5, 0.5)",20,0.27770874009724794,0.88
[3],0.15,0.005,0.0,0.0,0.9,tanh,sgd,0.01,32,xavier,"(-0.5, 0.5)",20,0.43232238376890747,0.84
[3],0.15,0.005,0.0,0.0,0.9,tanh,sgd,0.01,32,he,"(-0.5, 0.5)",20,0.0591231145630353,1.0
[3],0.15,0.005,0.0,0.0,0.9,tanh,adam,0.0,32,xavier,"(-0.5, 0.5)",20,0.24145604631257397,0.92
[3],0.15,0.005,0.0,0.0,0.9,tanh,adam,0.0,32,he,"(-0.5, 0.5)",20,0.162781166087338,0.92
[3],0.15,0.005,0.0,0.0,0.9,tanh,adam,0.01,32,xavier,"(-0.5, 0.5)",20,0.22580664640658374,0.92
[3],0.15,0.005,0.0,0.0,0.9,tanh,adam,0.01,32,he,"(-0.5, 0.5)",20,0.3063832127898937,0.84
[3],0.15,0.005,0.0,0.0,0.9,relu,sgd,0.0,32,xavier,"(-0.5, 0.5)",20,0.38084385724441927,0.84
[3],0.15,0.005,0.0,0.0,0.9,relu,sgd,0.0,32,he,"(-0.5, 0.5)",20,0.24197807011807998,0.92
[3],0.15,0.005,0.0,0.0,0.9,relu,sgd,0.01,32,xavier,"(-0.5, 0.5)",20,0.06525090649896743,1.0
[3],0.15,0.005,0.0,0.0,0.9,relu,sgd,0.01,32,he,"(-0.5, 0.5)",20,0.08790595974931403,0.96
[3],0.15,0.005,0.0,0.0,0.9,relu,adam,0.0,32,xavier,"(-0.5, 0.5)",20,0.33728731918673466,0.88
[3],0.15,0.005,0.0,0.0,0.9,relu,adam,0.0,32,he,"(-0.5, 0.5)",20,0.625802225241699,0.56
[3],0.15,0.005,0.0,0.0,0.9,relu,adam,0.01,32,xavier,"(-0.5, 0.5)",20,0.331374186183369,0.88
[3],0.15,0.005,0.0,0.0,0.9,relu,adam,0.01,32,he,"(-0.5, 0.5)",20,0.4558108056911405,0.8
[3],0.15,0.005,0.0,0.1,0.8,tanh,sgd,0.0,32,xavier,"(-0.5, 0.5)",20,0.26428684964841664,0.92
[3],0.15,0.005,0.0,0.1,0.8,tanh,sgd,0.0,32,he,"(-0.5, 0.5)",20,0.3285695262384123,0.88
[3],0.15,0.005,0.0,0.1,0.8,tanh,sgd,0.01,32,xavier,"(-0.5, 0.5)",20,0.08868418640211065,1.0
[3],0.15,0.005,0.0,0.1,0.8,tanh,sgd,0.01,32,he,"(-0.5, 0.5)",20,0.32708106389566105,0.88
[3],0.15,0.005,0.0,0.1,0.8,tanh,adam,0.0,32,xavier,"(-0.5, 0.5)",20,0.4540495228975637,0.88
[3],0.15,0.005,0.0,0.1,0.8,tanh,adam,0.0,32,he,"(-0.5, 0.5)",20,0.18154773373833216,0.96
[3],0.15,0.005,0.0,0.1,0.8,tanh,adam,0.01,32,xavier,"(-0.5, 0.5)",20,0.06882376860455792,1.0
[3],0.15,0.005,0.0,0.1,0.8,tanh,adam,0.01,32,he,"(-0.5, 0.5)",20,0.165832820007247,0.92
[3],0.15,0.005,0.0,0.1,0.8,relu,sgd,0.0,32,xavier,"(-0.5, 0.5)",20,0.3855684632365353,0.76
[3],0.15,0.005,0.0,0.1,0.8,relu,sgd,0.0,32,he,"(-0.5, 0.5)",20,0.10720069667743173,0.96
[3],0.15,0.005,0.0,0.1,0.8,relu,sgd,0.01,32,xavier,"(-0.5, 0.5)",20,0.3508049947838449,0.84
[3],0.15,0.005,0.0,0.1,0.8,relu,sgd,0.01,32,he,"(-0.5, 0.5)",20,0.22700756161275085,0.92
[3],0.15,0.005,0.0,0.1,0.8,relu,adam,0.0,32,xavier,"(-0.5, 0.5)",20,0.23485394694852563,0.84
[3],0.15,0.005,0.0,0.1,0.8,relu,adam,0.0,32,he,"(-0.5, 0.5)",20,0.41610742505410875,0.8
[3],0.15,0.005,0.0,0.1,0.8,relu,adam,0.01,32,xavier,"(-0.5, 0.5)",20,0.2241798466475431,0.88
[3],0.15,0.005,0.0,0.1,0.8,relu,adam,0.01,32,he,"(-0.5, 0.5)",20,0.32911947877464864,0.92
[3],0.15,0.005,0.0,0.1,0.9,tanh,sgd,0.0,32,xavier,"(-0.5, 0.5)",20,0.28883812635640416,0.88
[3],0.15,0.005,0.0,0.1,0.9,tanh,sgd,0.0,32,he,"(-0.5, 0.5)",20,0.21246845609131954,0.96
[3],0.15,0.005,0.0,0.1,0.9,tanh,sgd,0.01,32,xavier,"(-0.5, 0.5)",20,0.38978346010920933,0.8
[3],0.15,0.005,0.0,0.1,0.9,tanh,sgd,0.01,32,he,"(-0.5, 0.5)",20,0.24479972876569955,0.92
[3],0.15,0.005,0.0,0.1,0.9,tanh,adam,0.0,32,xavier,"(-0.5, 0.5)",20,0.18587819824720053,0.92
[3],0.15,0.005,0.0,0.1,0.9,tanh,adam,0.0,32,he,"(-0.5, 0.5)",20,0.3653484203725151,0.88
[3],0.15,0.005,0.0,0.1,0.9,tanh,adam,0.01,32,xavier,"(-0.5, 0.5)",20,0.2946365320717558,0.88
[3],0.15,0.005,0.0,0.1,0.9,tanh,adam,0.01,32,he,"(-0.5, 0.5)",20,0.34199891054274795,0.88
[3],0.15,0.005,0.0,0.1,0.9,relu,sgd,0.0,32,xavier,"(-0.5, 0.5)",20,0.4505565141053972,0.8
[3],0.15,0.005,0.0,0.1,0.9,relu,sgd,0.0,32,he,"(-0.5, 0.5)",20,0.22884436417588708,0.88
[3],0.15,0.005,0.0,0.1,0.9,relu,sgd,0.01,32,xavier,"(-0.5, 0.5)",20,0.5181279791541333,0.8
[3],0.15,0.005,0.0,0.1,0.9,relu,sgd,0.01,32,he,"(-0.5, 0.5)",20,0.1966476712947257,0.88
[3],0.15,0.005,0.0,0.1,0.9,relu,adam,0.0,32,xavier,"(-0.5, 0.5)",20,0.2935640316432073,0.92
[3],0.15,0.005,0.0,0.1,0.9,relu,adam,0.0,32,he,"(-0.5, 0.5)",20,0.3296473942627881,0.84
[3],0.15,0.005,0.0,0.1,0.9,relu,adam,0.01,32,xavier,"(-0.5, 0.5)",20,0.36234747239600057,0.88
[3],0.15,0.005,0.0,0.1,0.9,relu,adam,0.01,32,he,"(-0.5, 0.5)",20,0.3357798345828051,0.88
[3],0.15,0.005,0.0,0.2,0.8,tanh,sgd,0.0,32,xavier,"(-0.5, 0.5)",20,0.2484324469331354,0.96
[3],0.15,0.005,0.0,0.2,0.8,tanh,sgd,0.0,32,he,"(-0.5, 0.5)",20,0.4264095639951191,0.88
[3],0.15,0.005,0.0,0.2,0.8,tanh,sgd,0.01,32,xavier,"(-0.5, 0.5)",20,0.27427515143033426,0.92
[3],0.15,0.005,0.0,0.2,0.8,tanh,sgd,0.01,32,he,"(-0.5, 0.5)",20,0.3381769497295005,0.84
[3],0.15,0.005,0.0,0.2,0.8,tanh,adam,0.0,32,xavier,"(-0.5, 0.5)",20,0.20674024036748484,0.92
[3],0.15,0.005,0.0,0.2,0.8,tanh,adam,0.0,32,he,"(-0.5, 0.5)",20,0.3885113626003756,0.84
[3],0.15,0.005,0.0,0.2,0.8,tanh,adam,0.01,32,xavier,"(-0.5, 0.5)",20,0.2166197050752695,0.92
[3],0.15,0.005,0.0,0.2,0.8,tanh,adam,0.01,32,he,"(-0.5, 0.5)",20,0.17486651724753377,0.92
[3],0.15,0.005,0.0,0.2,0.8,relu,sgd,0.0,32,xavier,"(-0.5, 0.5)",20,0.3686431907876717,0.84
[3],0.15,0.005,0.0,0.2,0.8,relu,sgd,0.0,32,he,"(-0.5, 0.5)",20,0.24221210592819278,0.92
[3],0.15,0.005,0.0,0.2,0.8,relu,sgd,0.01,32,xavier,"(-0.5, 0.5)",20,0.3256609905954558,0.8
[3],0.15,0.005,0.0,0.2,0.8,relu,sgd,0.01,32,he,"(-0.5, 0.5)",20,0.2995333675184611,0.84
[3],0.15,0.005,0.0,0.2,0.8,relu,adam,0.0,32,xavier,"(-0.5, 0.5)",20,0.20021492114706563,0.92
[3],0.15,0.005,0.0,0.2,0.8,relu,adam,0.0,32,he,"(-0.5, 0.5)",20,0.3825292195927217,0.84
[3],0.15,0.005,0.0,0.2,0.8,relu,adam,0.01,32,xavier,"(-0.5, 0.5)",20,0.4114746430504484,0.84
[3],0.15,0.005,0.0,0.2,0.8,relu,adam,0.01,32,he,"(-0.5, 0.5)",20,0.3114351740360895,0.88
[3],0.15,0.005,0.0,0.2,0.9,tanh,sgd,0.0,32,xavier,"(-0.5, 0.5)",20,0.09438761697899262,1.0
[3],0.15,0.005,0.0,0.2,0.9,tanh,sgd,0.0,32,he,"(-0.5, 0.5)",20,0.2100941612521808,0.92
[3],0.15,0.005,0.0,0.2,0.9,tanh,sgd,0.01,32,xavier,"(-0.5, 0.5)",20,0.21429562815398112,0.92
[3],0.15,0.005,0.0,0.2,0.9,tanh,sgd,0.01,32,he,"(-0.5, 0.5)",20,0.20311747596509733,0.92
[3],0.15,0.005,0.0,0.2,0.9,tanh,adam,0.0,32,xavier,"(-0.5, 0.5)",20,0.26872393791355825,0.92
[3],0.15,0.005,0.0,0.2,0.9,tanh,adam,0.0,32,he,"(-0.5, 0.5)",20,0.3442516980121167,0.88
[3],0.15,0.005,0.0,0.2,0.9,tanh,adam,0.01,32,xavier,"(-0.5, 0.5)",20,0.33064489369704947,0.88
[3],0.15,0.005,0.0,0.2,0.9,tanh,adam,0.01,32,he,"(-0.5, 0.5)",20,0.4240421306792891,0.84
[3],0.15,0.005,0.0,0.2,0.9,relu,sgd,0.0,32,xavier,"(-0.5, 0.5)",20,0.3395791565504725,0.88
[3],0.15,0.005,0.0,0.2,0.9,relu,sgd,0.0,32,he,"(-0.5, 0.5)",20,0.23575078742555208,0.92
[3],0.15,0.005,0.0,0.2,0.9,relu,sgd,0.01,32,xavier,"(-0.5, 0.5)",20,0.5682472563703839,0.64
[3],0.15,0.005,0.0,0.2,0.9,relu,sgd,0.01,32,he,"(-0.5, 0.5)",20,0.29695217596886836,0.88
[3],0.15,0.005,0.0,0.2,0.9,relu,adam,0.0,32,xavier,"(-0.5, 0.5)",20,0.3932637510773385,0.84
[3],0.15,0.005,0.0,0.2,0.9,relu,adam,0.0,32,he,"(-0.5, 0.5)",20,0.3568739188387993,0.84
[3],0.15,0.005,0.0,0.2,0.9,relu,adam,0.01,32,xavier,"(-0.5, 0.5)",20,0.3334127941760959,0.84
[3],0.15,0.005,0.0,0.2,0.9,relu,adam,0.01,32,he,"(-0.5, 0.5)",20,0.5165282831343496,0.8
[3],0.15,0.005,0.002,0.0,0.8,tanh,sgd,0.0,32,xavier,"(-0.5, 0.5)",20,0.22906040593617333,0.96
[3],0.15,0.005,0.002,0.0,0.8,tanh,sgd,0.0,32,he,"(-0.5, 0.5)",20,0.10547274753681812,1.0
[3],0.15,0.005,0.002,0.0,0.8,tanh,sgd,0.01,32,xavier,"(-0.5, 0.5)",20,0.12926062219126094,1.0
[3],0.15,0.005,0.002,0.0,0.8,tanh,sgd,0.01,32,he,"(-0.5, 0.5)",20,0.31301195198699605,0.88
[3],0.15,0.005,0.002,0.0,0.8,tanh,adam,0.0,32,xavier,"(-0.5, 0.5)",20,0.045929659550062646,1.0
[3],0.15,0.005,0.002,0.0,0.8,tanh,adam,0.0,32,he,"(-0.5, 0.5)",20,0.04263494223200058,1.0
[3],0.15,0.005,0.002,0.0,0.8,tanh,adam,0.01,32,xavier,"(-0.5, 0.5)",20,0.3302536155583687,0.92
[3],0.15,0.005,0.002,0.0,0.8,tanh,adam,0.01,32,he,"(-0.5, 0.5)",20,0.03842780192643155,1.0
[3],0.15,0.005,0.002,0.0,0.8,relu,sgd,0.0,32,xavier,"(-0.5, 0.5)",20,0.17424370749139584,1.0
[3],0.15,0.005,0.002,0.0,0.8,relu,sgd,0.0,32,he,"(-0.5, 0.5)",20,0.13406500932559284,0.96
[3],0.15,0.005,0.002,0.0,0.8,relu,sgd,0.01,32,xavier,"(-0.5, 0.5)",20,0.27406360477278985,0.92
[3],0.15,0.005,0.002,0.0,0.8,relu,sgd,0.01,32,he,"(-0.5, 0.5)",20,0.10719568636627985,1.0
[3],0.15,0.005,0.002,0.0,0.8,relu,adam,0.0,32,xavier,"(-0.5, 0.5)",20,0.12612427643830648,1.0
[3],0.15,0.005,0.002,0.0,0.8,relu,adam,0.0,32,he,"(-0.5, 0.5)",20,0.4255833773505282,0.8
[3],0.15,0.005,0.002,0.0,0.8,relu,adam,0.01,32,xavier,"(-0.5, 0.5)",20,0.09135347058679139,0.92
[3],0.15,0.005,0.002,0.0,0.8,relu,adam,0.01,32,he,"(-0.5, 0.5)",20,0.04578147055065554,1.0
[3],0.15,0.005,0.002,0.0,0.9,tanh,sgd,0.0,32,xavier,"(-0.5, 0.5)",20,0.07578829914678663,1.0
[3],0.15,0.005,0.002,0.0,0.9,tanh,sgd,0.0,32,he,"(-0.5, 0.5)",20,0.04942870515203236,1.0
[3],0.15,0.005,0.002,0.0,0.9,tanh,sgd,0.01,32,xavier,"(-0.5, 0.5)",20,0.25172255331450744,0.88
[3],0.15,0.005,0.002,0.0,0.9,tanh,sgd,0.01,32,he,"(-0.5, 0.5)",20,0.12844707469204275,0.96
[3],0.15,0.005,0.002,0.0,0.9,tanh,adam,0.0,32,xavier,"(-0.5, 0.5)",20,0.34268767798397504,0.88
[3],0.15,0.005,0.002,0.0,0.9,tanh,adam,0.0,32,he,"(-0.5, 0.5)",20,0.04635333926460661,1.0
[3],0.15,0.005,0.002,0.0,0.9,tanh,adam,0.01,32,xavier,"(-0.5, 0.5)",20,0.03867870174833976,1.0
[3],0.15,0.005,0.002,0.0,0.9,tanh,adam,0.01,32,he,"(-0.5, 0.5)",20,0.17093319350502484,0.96
[3],0.15,0.005,0.002,0.0,0.9,relu,sgd,0.0,32,xavier,"(-0.5, 0.5)",20,0.2526452769426982,0.92
[3],0.15,0.005,0.002,0.0,0.9,relu,sgd,0.0,32,he,"(-0.5, 0.5)",20,0.4338953512940557,0.76
[3],0.15,0.005,0.002,0.0,0.9,relu,sgd,0.01,32,xavier,"(-0.5, 0.5)",20,0.11906693214458505,0.96
[3],0.15,0.005,0.002,0.0,0.9,relu,sgd,0.01,32,he,"(-0.5, 0.5)",20,0.606718289358591,0.56
[3],0.15,0.005,0.002,0.0,0.9,relu,adam,0.0,32,xavier,"(-0.5, 0.5)",20,0.46802866461687265,0.8
[3],0.15,0.005,0.002,0.0,0.9,relu,adam,0.0,32,he,"(-0.5, 0.5)",20,0.08564613487210246,0.92
[3],0.15,0.005,0.002,0.0,0.9,relu,adam,0.01,32,xavier,"(-0.5, 0.5)",20,0.04003861288149004,1.0
[3],0.15,0.005,0.002,0.0,0.9,relu,adam,0.01,32,he,"(-0.5, 0.5)",20,0.6021625823385123,0.6
[3],0.15,0.005,0.002,0.1,0.8,tanh,sgd,0.0,32,xavier,"(-0.5, 0.5)",20,0.22539221208668797,0.92
[3],0.15,0.005,0.002,0.1,0.8,tanh,sgd,0.0,32,he,"(-0.5, 0.5)",20,0.22576022251398747,0.92
[3],0.15,0.005,0.002,0.1,0.8,tanh,sgd,0.01,32,xavier,"(-0.5, 0.5)",20,0.2964735810155887,0.92
[3],0.15,0.005,0.002,0.1,0.8,tanh,sgd,0.01,32,he,"(-0.5, 0.5)",20,0.1628157177211039,0.96
[3],0.15,0.005,0.002,0.1,0.8,tanh,adam,0.0,32,xavier,"(-0.5, 0.5)",20,0.061043580104827654,1.0
[3],0.15,0.005,0.002,0.1,0.8,tanh,adam,0.0,32,he,"(-0.5, 0.5)",20,0.22970347816780703,0.92
[3],0.15,0.005,0.002,0.1,0.8,tanh,adam,0.01,32,xavier,"(-0.5, 0.5)",20,0.40082795583018543,0.88
[3],0.15,0.005,0.002,0.1,0.8,tanh,adam,0.01,32,he,"(-0.5, 0.5)",20,0.31279732866052157,0.88
[3],0.15,0.005,0.002,0.1,0.8,relu,sgd,0.0,32,xavier,"(-0.5, 0.5)",20,0.803939227317335,0.4
[3],0.15,0.005,0.002,0.1,0.8,relu,sgd,0.0,32,he,"(-0.5, 0.5)",20,0.431964692322582,0.76
[3],0.15,0.005,0.002,0.1,0.8,relu,sgd,0.01,32,xavier,"(-0.5, 0.5)",20,0.23450708327382974,0.88
[3],0.15,0.005,0.002,0.1,0.8,relu,sgd,0.01,32,he,"(-0.5, 0.5)",20,0.2521100610235373,0.88
[3],0.15,0.005,0.002,0.1,0.8,relu,adam,0.0,32,xavier,"(-0.5, 0.5)",20,0.3259463073282912,0.88
[3],0.15,0.005,0.002,0.1,0.8,relu,adam,0.0,32,he,"(-0.5, 0.5)",20,0.2762710743158187,0.92
[3],0.15,0.005,0.002,0.1,0.8,relu,adam,0.01,32,xavier,"(-0.5, 0.5)",20,0.6155193354718093,0.64
[3],0.15,0.005,0.002,0.1,0.8,relu,adam,0.01,32,he,"(-0.5, 0.5)",20,0.3257027665601649,0.88
[3],0.15,0.005,0.002,0.1,0.9,tanh,sgd,0.0,32,xavier,"(-0.5, 0.5)",20,0.05639490975186765,1.0
[3],0.15,0.005,0.002,0.1,0.9,tanh,sgd,0.0,32,he,"(-0.5, 0.5)",20,0.0666462786179244,1.0
[3],0.15,0.005,0.002,0.1,0.9,tanh,sgd,0.01,32,xavier,"(-0.5, 0.5)",20,0.44776439642268745,0.84
[3],0.15,0.005,0.002,0.1,0.9,tanh,sgd,0.01,32,he,"(-0.5, 0.5)",20,0.4117680121400852,0.88
[3],0.15,0.005,0.002,0.1,0.9,tanh,adam,0.0,32,xavier,"(-0.5, 0.5)",20,0.4183445741056023,0.88
[3],0.15,0.005,0.002,0.1,0.9,tanh,adam,0.0,32,he,"(-0.5, 0.5)",20,0.3017009642548403,0.88
[3],0.15,0.005,0.002,0.1,0.9,tanh,adam,0.01,32,xavier,"(-0.5, 0.5)",20,0.1839663939309603,0.92
[3],0.15,0.005,0.002,0.1,0.9,tanh,adam,0.01,32,he,"(-0.5, 0.5)",20,0.24319378613174109,0.92
[3],0.15,0.005,0.002,0.1,0.9,relu,sgd,0.0,32,xavier,"(-0.5, 0.5)",20,0.49088917828773027,0.72
[3],0.15,0.005,0.002,0.1,0.9,relu,sgd,0.0,32,he,"(-0.5, 0.5)",20,0.5221564245719155,0.76
[3],0.15,0.005,0.002,0.1,0.9,relu,sgd,0.01,32,xavier,"(-0.5, 0.5)",20,0.24126582617752718,0.88
[3],0.15,0.005,0.002,0.1,0.9,relu,sgd,0.01,32,he,"(-0.5, 0.5)",20,0.179995549557973,1.0
[3],0.15,0.005,0.002,0.1,0.9,relu,adam,0.0,32,xavier,"(-0.5, 0.5)",20,0.31780500180005755,0.88
[3],0.15,0.005,0.002,0.1,0.9,relu,adam,0.0,32,he,"(-0.5, 0.5)",20,0.5504017560047858,0.64
[3],0.15,0.005,0.002,0.1,0.9,relu,adam,0.01,32,xavier,"(-0.5, 0.5)",20,0.23249330677564253,0.96
[3],0.15,0.005,0.002,0.1,0.9,relu,adam,0.01,32,he,"(-0.5, 0.5)",20,0.3722732068449205,0.88
[3],0.15,0.005,0.002,0.2,0.8,tanh,sgd,0.0,32,xavier,"(-0.5, 0.5)",20,0.2995257457480296,0.88
[3],0.15,0.005,0.002,0.2,0.8,tanh,sgd,0.0,32,he,"(-0.5, 0.5)",20,0.25228680105360113,0.88
[3],0.15,0.005,0.002,0.2,0.8,tanh,sgd,0.01,32,xavier,"(-0.5, 0.5)",20,0.21138606726289783,0.92
[3],0.15,0.005,0.002,0.2,0.8,tanh,sgd,0.01,32,he,"(-0.5, 0.5)",20,0.2914260607701793,0.88
[3],0.15,0.005,0.002,0.2,0.8,tanh,adam,0.0,32,xavier,"(-0.5, 0.5)",20,0.3765903464313358,0.88
[3],0.15,0.005,0.002,0.2,0.8,tanh,adam,0.0,32,he,"(-0.5, 0.5)",20,0.17456023786973093,0.96
[3],0.15,0.005,0.002,0.2,0.8,tanh,adam,0.01,32,xavier,"(-0.5, 0.5)",20,0.2158950690180531,0.96
[3],0.15,0.005,0.002,0.2,0.8,tanh,adam,0.01,32,he,"(-0.5, 0.5)",20,0.44040047557412865,0.88
[3],0.15,0.005,0.002,0.2,0.8,relu,sgd,0.0,32,xavier,"(-0.5, 0.5)",20,0.42171550613161546,0.8
[3],0.15,0.005,0.002,0.2,0.8,relu,sgd,0.0,32,he,"(-0.5, 0.5)",20,0.2951918532896069,0.92
[3],0.15,0.005,0.002,0.2,0.8,relu,sgd,0.01,32,xavier,"(-0.5, 0.5)",20,0.385444585147318,0.88
[3],0.15,0.005,0.002,0.2,0.8,relu,sgd,0.01,32,he,"(-0.5, 0.5)",20,0.699985645612003,0.4
[3],0.15,0.005,0.002,0.2,0.8,relu,adam,0.0,32,xavier,"(-0.5, 0.5)",20,0.3179409888927516,0.92
[3],0.15,0.005,0.002,0.2,0.8,relu,adam,0.0,32,he,"(-0.5, 0.5)",20,0.4634064018966355,0.84
[3],0.15,0.005,0.002,0.2,0.8,relu,adam,0.01,32,xavier,"(-0.5, 0.5)",20,0.2813144814658117,0.84
[3],0.15,0.005,0.002,0.2,0.8,relu,adam,0.01,32,he,"(-0.5, 0.5)",20,0.5506806722671084,0.88
[3],0.15,0.005,0.002,0.2,0.9,tanh,sgd,0.0,32,xavier,"(-0.5, 0.5)",20,0.2548088021403233,0.92
[3],0.15,0.005,0.002,0.2,0.9,tanh,sgd,0.0,32,he,"(-0.5, 0.5)",20,0.36777205680608843,0.88
[3],0.15,0.005,0.002,0.2,0.9,tanh,sgd,0.01,32,xavier,"(-0.5, 0.5)",20,0.3308681263493728,0.84
[3],0.15,0.005,0.002,0.2,0.9,tanh,sgd,0.01,32,he,"(-0.5, 0.5)",20,0.24514265182800068,0.84
[3],0.15,0.005,0.002,0.2,0.9,tanh,adam,0.0,32,xavier,"(-0.5, 0.5)",20,0.4069927480681739,0.88
[3],0.15,0.005,0.002,0.2,0.9,tanh,adam,0.0,32,he,"(-0.5, 0.5)",20,0.42354553183212934,0.88
[3],0.15,0.005,0.002,0.2,0.9,tanh,adam,0.01,32,xavier,"(-0.5, 0.5)",20,0.3246738002470428,0.92
[3],0.15,0.005,0.002,0.2,0.9,tanh,adam,0.01,32,he,"(-0.5, 0.5)",20,0.28488897178622097,0.92
[3],0.15,0.005,0.002,0.2,0.9,relu,sgd,0.0,32,xavier,"(-0.5, 0.5)",20,0.3121775239234167,0.8
[3],0.15,0.005,0.002,0.2,0.9,relu,sgd,0.0,32,he,"(-0.5, 0.5)",20,3.227697484287126,0.6
[3],0.15,0.005,0.002,0.2,0.9,relu,sgd,0.01,32,xavier,"(-0.5, 0.5)",20,0.2266007915788131,0.92
[3],0.15,0.005,0.002,0.2,0.9,relu,sgd,0.01,32,he,"(-0.5, 0.5)",20,0.20328352976491632,0.88
[3],0.15,0.005,0.002,0.2,0.9,relu,adam,0.0,32,xavier,"(-0.5, 0.5)",20,0.46008652550557966,0.88
[3],0.15,0.005,0.002,0.2,0.9,relu,adam,0.0,32,he,"(-0.5, 0.5)",20,0.28596781705587476,0.96
[3],0.15,0.005,0.002,0.2,0.9,relu,adam,0.01,32,xavier,"(-0.5, 0.5)",20,0.3204283556770019,0.96
[3],0.15,0.005,0.002,0.2,0.9,relu,adam,0.01,32,he,"(-0.5, 0.5)",20,0.2923804582656791,0.92
[3],0.15,0.01,0.0,0.0,0.8,tanh,sgd,0.0,32,xavier,"(-0.5, 0.5)",20,0.3189824038552035,0.84
[3],0.15,0.01,0.0,0.0,0.8,tanh,sgd,0.0,32,he,"(-0.5, 0.5)",20,0.08577060290227596,1.0
[3],0.15,0.01,0.0,0.0,0.8,tanh,sgd,0.01,32,xavier,"(-0.5, 0.5)",20,0.23557058020596022,0.92
[3],0.15,0.01,0.0,0.0,0.8,tanh,sgd,0.01,32,he,"(-0.5, 0.5)",20,0.13823168781873657,0.96
[3],0.15,0.01,0.0,0.0,0.8,tanh,adam,0.0,32,xavier,"(-0.5, 0.5)",20,0.2141038981609117,0.92
[3],0.15,0.01,0.0,0.0,0.8,tanh,adam,0.0,32,he,"(-0.5, 0.5)",20,0.09448775568248019,0.96
[3],0.15,0.01,0.0,0.0,0.8,tanh,adam,0.01,32,xavier,"(-0.5, 0.5)",20,0.20006805007493025,0.92
[3],0.15,0.01,0.0,0.0,0.8,tanh,adam,0.01,32,he,"(-0.5, 0.5)",20,0.19403398363077198,0.92
[3],0.15,0.01,0.0,0.0,0.8,relu,sgd,0.0,32,xavier,"(-0.5, 0.5)",20,0.2881046066382765,0.92
[3],0.15,0.01,0.0,0.0,0.8,relu,sgd,0.0,32,he,"(-0.5, 0.5)",20,0.4555691246995599,0.76
[3],0.15,0.01,0.0,0.0,0.8,relu,sgd,0.01,32,xavier,"(-0.5, 0.5)",20,0.12677831028888414,1.0
[3],0.15,0.01,0.0,0.0,0.8,relu,sgd,0.01,32,he,"(-0.5, 0.5)",20,0.5783043408991115,0.68
[3],0.15,0.01,0.0,0.0,0.8,relu,adam,0.0,32,xavier,"(-0.5, 0.5)",20,0.24827922987081535,0.8
[3],0.15,0.01,0.0,0.0,0.8,relu,adam,0.0,32,he,"(-0.5, 0.5)",20,0.17878243914960362,0.92
[3],0.15,0.01,0.0,0.0,0.8,relu,adam,0.01,32,xavier,"(-0.5, 0.5)",20,0.18376275314754997,0.92
[3],0.15,0.01,0.0,0.0,0.8,relu,adam,0.01,32,he,"(-0.5, 0.5)",20,0.3139063924838199,0.92
[3],0.15,0.01,0.0,0.0,0.9,tanh,sgd,0.0,32,xavier,"(-0.5, 0.5)",20,0.09008461245041113,1.0
[3],0.15,0.01,0.0,0.0,0.9,tanh,sgd,0.0,32,he,"(-0.5, 0.5)",20,0.455933784405234,0.8
[3],0.15,0.01,0.0,0.0,0.9,tanh,sgd,0.01,32,xavier,"(-0.5, 0.5)",20,0.21659426999376366,0.92
[3],0.15,0.01,0.0,0.0,0.9,tanh,sgd,0.01,32,he,"(-0.5, 0.5)",20,0.06437705562841034,1.0
[3],0.15,0.01,0.0,0.0,0.9,tanh,adam,0.0,32,xavier,"(-0.5, 0.5)",20,0.15287308696130206,0.96
[3],0.15,0.01,0.0,0.0,0.9,tanh,adam,0.0,32,he,"(-0.5, 0.5)",20,0.35324713748895403,0.88
[3],0.15,0.01,0.0,0.0,0.9,tanh,adam,0.01,32,xavier,"(-0.5, 0.5)",20,0.05577979068122476,1.0
[3],0.15,0.01,0.0,0.0,0.9,tanh,adam,0.01,32,he,"(-0.5, 0.5)",20,0.4256306134183908,0.88
[3],0.15,0.01,0.0,0.0,0.9,relu,sgd,0.0,32,xavier,"(-0.5, 0.5)",20,0.2165359918351117,0.92
[3],0.15,0.01,0.0,0.0,0.9,relu,sgd,0.0,32,he,"(-0.5, 0.5)",20,0.09226762534461416,1.0
[3],0.15,0.01,0.0,0.0,0.9,relu,sgd,0.01,32,xavier,"(-0.5, 0.5)",20,0.2695218707468055,0.92
[3],0.15,0.01,0.0,0.0,0.9,relu,sgd,0.01,32,he,"(-0.5, 0.5)",20,0.22085200936273036,0.92
[3],0.15,0.01,0.0,0.0,0.9,relu,adam,0.0,32,xavier,"(-0.5, 0.5)",20,0.20931672156061615,0.92
[3],0.15,0.01,0.0,0.0,0.9,relu,adam,0.0,32,he,"(-0.5, 0.5)",20,0.3564869276755058,0.88
[3],0.15,0.01,0.0,0.0,0.9,relu,adam,0.01,32,xavier,"(-0.5, 0.5)",20,0.06070976784814967,1.0
[3],0.15,0.01,0.0,0.0,0.9,relu,adam,0.01,32,he,"(-0.5, 0.5)",20,0.3033425511923677,0.92
[3],0.15,0.01,0.0,0.1,0.8,tanh,sgd,0.0,32,xavier,"(-0.5, 0.5)",20,0.3778778060591084,0.76
[3],0.15,0.01,0.0,0.1,0.8,tanh,sgd,0.0,32,he,"(-0.5, 0.5)",20,0.4611264681626594,0.88
[3],0.15,0.01,0.0,0.1,0.8,tanh,sgd,0.01,32,xavier,"(-0.5, 0.5)",20,0.3215972767336715,0.88
[3],0.15,0.01,0.0,0.1,0.8,tanh,sgd,0.01,32,he,"(-0.5, 0.5)",20,0.22481640366221395,0.96
[3],0.15,0.01,0.0,0.1,0.8,tanh,adam,0.0,32,xavier,"(-0.5, 0.5)",20,0.10468519229051429,1.0
[3],0.15,0.01,0.0,0.1,0.8,tanh,adam,0.0,32,he,"(-0.5, 0.5)",20,0.2637820506834773,0.92
[3],0.15,0.01,0.0,0.1,0.8,tanh,adam,0.01,32,xavier,"(-0.5, 0.5)",20,0.10902410865262555,1.0
[3],0.15,0.01,0.0,0.1,0.8,tanh,adam,0.01,32,he,"(-0.5, 0.5)",20,0.3318538623706742,0.88
[3],0.15,0.01,0.0,0.1,0.8,relu,sgd,0.0,32,xavier,"(-0.5, 0.5)",20,0.16688410407745363,0.96
[3],0.15,0.01,0.0,0.1,0.8,relu,sgd,0.0,32,he,"(-0.5, 0.5)",20,0.18728582914519618,0.92
[3],0.15,0.01,0.0,0.1,0.8,relu,sgd,0.01,32,xavier,"(-0.5, 0.5)",20,0.28189855842144945,0.92
[3],0.15,0.01,0.0,0.1,0.8,relu,sgd,0.01,32,he,"(-0.5, 0.5)",20,0.4791225720716165,0.8
[3],0.15,0.01,0.0,0.1,0.8,relu,adam,0.0,32,xavier,"(-0.5, 0.5)",20,0.18718809370153106,0.92
[3],0.15,0.01,0.0,0.1,0.8,relu,adam,0.0,32,he,"(-0.5, 0.5)",20,0.4811148097380158,0.84
[3],0.15,0.01,0.0,0.1,0.8,relu,adam,0.01,32,xavier,"(-0.5, 0.5)",20,0.41470537147070935,0.8
[3],0.15,0.01,0.0,0.1,0.8,relu,adam,0.01,32,he,"(-0.5, 0.5)",20,0.15982831295971756,1.0
[3],0.15,0.01,0.0,0.1,0.9,tanh,sgd,0.0,32,xavier,"(-0.5, 0.5)",20,0.0918522427177457,1.0
[3],0.15,0.01,0.0,0.1,0.9,tanh,sgd,0.0,32,he,"(-0.5, 0.5)",20,0.45430439605144124,0.88
[3],0.15,0.01,0.0,0.1,0.9,tanh,sgd,0.01,32,xavier,"(-0.5, 0.5)",20,0.23132075475274927,0.96
[3],0.15,0.01,0.0,0.1,0.9,tanh,sgd,0.01,32,he,"(-0.5, 0.5)",20,0.06481142477849304,1.0
[3],0.15,0.01,0.0,0.1,0.9,tanh,adam,0.0,32,xavier,"(-0.5, 0.5)",20,0.3273495953363017,0.88
[3],0.15,0.01,0.0,0.1,0.9,tanh,adam,0.0,32,he,"(-0.5, 0.5)",20,0.1250538256221499,1.0
[3],0.15,0.01,0.0,0.1,0.9,tanh,adam,0.01,32,xavier,"(-0.5, 0.5)",20,0.25088055772441725,0.92
[3],0.15,0.01,0.0,0.1,0.9,tanh,adam,0.01,32,he,"(-0.5, 0.5)",20,0.29326234501756243,0.88
[3],0.15,0.01,0.0,0.1,0.9,relu,sgd,0.0,32,xavier,"(-0.5, 0.5)",20,0.28902965250228707,0.88
[3],0.15,0.01,0.0,0.1,0.9,relu,sgd,0.0,32,he,"(-0.5, 0.5)",20,0.19702887124648805,0.92
[3],0.15,0.01,0.0,0.1,0.9,relu,sgd,0.01,32,xavier,"(-0.5, 0.5)",20,0.2188252110785672,0.92
[3],0.15,0.01,0.0,0.1,0.9,relu,sgd,0.01,32,he,"(-0.5, 0.5)",20,0.3008483380836128,0.92
[3],0.15,0.01,0.0,0.1,0.9,relu,adam,0.0,32,xavier,"(-0.5, 0.5)",20,0.20599208976935493,0.92
[3],0.15,0.01,0.0,0.1,0.9,relu,adam,0.0,32,he,"(-0.5, 0.5)",20,0.34543391714866944,0.88
[3],0.15,0.01,0.0,0.1,0.9,relu,adam,0.01,32,xavier,"(-0.5, 0.5)",20,0.2963718360117602,0.92
[3],0.15,0.01,0.0,0.1,0.9,relu,adam,0.01,32,he,"(-0.5, 0.5)",20,0.5109856071074392,0.76
[3],0.15,0.01,0.0,0.2,0.8,tanh,sgd,0.0,32,xavier,"(-0.5, 0.5)",20,0.2292122266653948,0.92
[3],0.15,0.01,0.0,0.2,0.8,tanh,sgd,0.0,32,he,"(-0.5, 0.5)",20,0.2172134187529587,0.92
[3],0.15,0.01,0.0,0.2,0.8,tanh,sgd,0.01,32,xavier,"(-0.5, 0.5)",20,0.29675753914325737,0.92
[3],0.15,0.01,0.0,0.2,0.8,tanh,sgd,0.01,32,he,"(-0.5, 0.5)",20,0.4172398194819282,0.88
[3],0.15,0.01,0.0,0.2,0.8,tanh,adam,0.0,32,xavier,"(-0.5, 0.5)",20,0.2813936184978177,0.88
[3],0.15,0.01,0.0,0.2,0.8,tanh,adam,0.0,32,he,"(-0.5, 0.5)",20,0.29073965948080777,0.92
[3],0.15,0.01,0.0,0.2,0.8,tanh,adam,0.01,32,xavier,"(-0.5, 0.5)",20,0.41073981646555546,0.88
[3],0.15,0.01,0.0,0.2,0.8,tanh,adam,0.01,32,he,"(-0.5, 0.5)",20,0.3113659515276716,0.88
[3],0.15,0.01,0.0,0.2,0.8,relu,sgd,0.0,32,xavier,"(-0.5, 0.5)",20,0.36667371654054653,0.84
[3],0.15,0.01,0.0,0.2,0.8,relu,sgd,0.0,32,he,"(-0.5, 0.5)",20,0.44453201770807577,0.84
[3],0.15,0.01,0.0,0.2,0.8,relu,sgd,0.01,32,xavier,"(-0.5, 0.5)",20,0.33640678530894186,0.92
[3],0.15,0.01,0.0,0.2,0.8,relu,sgd,0.01,32,he,"(-0.5, 0.5)",20,0.48546524427078414,0.84
[3],0.15,0.01,0.0,0.2,0.8,relu,adam,0.0,32,xavier,"(-0.5, 0.5)",20,0.22172970421597693,0.96
[3],0.15,0.01,0.0,0.2,0.8,relu,adam,0.0,32,he,"(-0.5, 0.5)",20,0.24680423568406207,0.92
[3],0.15,0.01,0.0,0.2,0.8,relu,adam,0.01,32,xavier,"(-0.5, 0.5)",20,0.2590166012267498,0.88
[3],0.15,0.01,0.0,0.2,0.8,relu,adam,0.01,32,he,"(-0.5, 0.5)",20,0.2902334467120188,0.76
[3],0.15,0.01,0.0,0.2,0.9,tanh,sgd,0.0,32,xavier,"(-0.5, 0.5)",20,0.28609001671849776,0.88
[3],0.15,0.01,0.0,0.2,0.9,tanh,sgd,0.0,32,he,"(-0.5, 0.5)",20,0.23651882570398167,0.96
[3],0.15,0.01,0.0,0.2,0.9,tanh,sgd,0.01,32,xavier,"(-0.5, 0.5)",20,0.43139803680215233,0.88
[3],0.15,0.01,0.0,0.2,0.9,tanh,sgd,0.01,32,he,"(-0.5, 0.5)",20,0.22921529918216368,0.96
[3],0.15,0.01,0.0,0.2,0.9,tanh,adam,0.0,32,xavier,"(-0.5, 0.5)",20,0.27424084420714534,0.92
[3],0.15,0.01,0.0,0.2,0.9,tanh,adam,0.0,32,he,"(-0.5, 0.5)",20,0.35283472195116083,0.88
[3],0.15,0.01,0.0,0.2,0.9,tanh,adam,0.01,32,xavier,"(-0.5, 0.5)",20,0.3985361862031294,0.88
[3],0.15,0.01,0.0,0.2,0.9,tanh,adam,0.01,32,he,"(-0.5, 0.5)",20,0.450940087930224,0.88
[3],0.15,0.01,0.0,0.2,0.9,relu,sgd,0.0,32,xavier,"(-0.5, 0.5)",20,0.3830676375975259,0.88
[3],0.15,0.01,0.0,0.2,0.9,relu,sgd,0.0,32,he,"(-0.5, 0.5)",20,0.6825885844409795,0.76
[3],0.15,0.01,0.0,0.2,0.9,relu,sgd,0.01,32,xavier,"(-0.5, 0.5)",20,0.4805353401348339,0.8
[3],0.15,0.01,0.0,0.2,0.9,relu,sgd,0.01,32,he,"(-0.5, 0.5)",20,0.271048413718962,0.92
[3],0.15,0.01,0.0,0.2,0.9,relu,adam,0.0,32,xavier,"(-0.5, 0.5)",20,0.2617214515740832,0.92
[3],0.15,0.01,0.0,0.2,0.9,relu,adam,0.0,32,he,"(-0.5, 0.5)",20,0.4679537795188221,0.76
[3],0.15,0.01,0.0,0.2,0.9,relu,adam,0.01,32,xavier,"(-0.5, 0.5)",20,0.46443875290598413,0.88
[3],0.15,0.01,0.0,0.2,0.9,relu,adam,0.01,32,he,"(-0.5, 0.5)",20,0.2574467768994436,0.92
[3],0.15,0.01,0.002,0.0,0.8,tanh,sgd,0.0,32,xavier,"(-0.5, 0.5)",20,0.5189145805041646,0.76
[3],0.15,0.01,0.002,0.0,0.8,tanh,sgd,0.0,32,he,"(-0.5, 0.5)",20,0.07301856091669383,1.0
[3],0.15,0.01,0.002,0.0,0.8,tanh,sgd,0.01,32,xavier,"(-0.5, 0.5)",20,0.253004988133775,0.92
[3],0.15,0.01,0.002,0.0,0.8,tanh,sgd,0.01,32,he,"(-0.5, 0.5)",20,0.3091777252596403,0.88
[3],0.15,0.01,0.002,0.0,0.8,tanh,adam,0.0,32,xavier,"(-0.5, 0.5)",20,0.12164578818383973,0.96
[3],0.15,0.01,0.002,0.0,0.8,tanh,adam,0.0,32,he,"(-0.5, 0.5)",20,0.07341823109488685,1.0
[3],0.15,0.01,0.002,0.0,0.8,tanh,adam,0.01,32,xavier,"(-0.5, 0.5)",20,0.0643546415954169,1.0
[3],0.15,0.01,0.002,0.0,0.8,tanh,adam,0.01,32,he,"(-0.5, 0.5)",20,0.05552634129088545,1.0
[3],0.15,0.01,0.002,0.0,0.8,relu,sgd,0.0,32,xavier,"(-0.5, 0.5)",20,0.14099088522632627,0.92
[3],0.15,0.01,0.002,0.0,0.8,relu,sgd,0.0,32,he,"(-0.5, 0.5)",20,0.30230216478277705,0.76
[3],0.15,0.01,0.002,0.0,0.8,relu,sgd,0.01,32,xavier,"(-0.5, 0.5)",20,0.1972629944843762,0.88
[3],0.15,0.01,0.002,0.0,0.8,relu,sgd,0.01,32,he,"(-0.5, 0.5)",20,0.2991681002813487,0.88
[3],0.15,0.01,0.002,0.0,0.8,relu,adam,0.0,32,xavier,"(-0.5, 0.5)",20,0.3787123569080781,0.88
[3],0.15,0.01,0.002,0.0,0.8,relu,adam,0.0,32,he,"(-0.5, 0.5)",20,0.20888816678610683,0.92
[3],0.15,0.01,0.002,0.0,0.8,relu,adam,0.01,32,xavier,"(-0.5, 0.5)",20,0.23227713333981692,0.92
[3],0.15,0.01,0.002,0.0,0.8,relu,adam,0.01,32,he,"(-0.5, 0.5)",20,0.12650523912370698,0.92
[3],0.15,0.01,0.002,0.0,0.9,tanh,sgd,0.0,32,xavier,"(-0.5, 0.5)",20,0.31062852025207993,0.88
[3],0.15,0.01,0.002,0.0,0.9,tanh,sgd,0.0,32,he,"(-0.5, 0.5)",20,0.3781626876006401,0.84
[3],0.15,0.01,0.002,0.0,0.9,tanh,sgd,0.01,32,xavier,"(-0.5, 0.5)",20,0.2146158484571417,0.96
[3],0.15,0.01,0.002,0.0,0.9,tanh,sgd,0.01,32,he,"(-0.5, 0.5)",20,0.23357376023954637,0.88
[3],0.15,0.01,0.002,0.0,0.9,tanh,adam,0.0,32,xavier,"(-0.5, 0.5)",20,0.0946486034082481,1.0
[3],0.15,0.01,0.002,0.0,0.9,tanh,adam,0.0,32,he,"(-0.5, 0.5)",20,0.45115344230421395,0.88
[3],0.15,0.01,0.002,0.0,0.9,tanh,adam,0.01,32,xavier,"(-0.5, 0.5)",20,0.24795562660706122,0.92
[3],0.15,0.01,0.002,0.0,0.9,tanh,adam,0.01,32,he,"(-0.5, 0.5)",20,0.1931449111609354,0.92
[3],0.15,0.01,0.002,0.0,0.9,relu,sgd,0.0,32,xavier,"(-0.5, 0.5)",20,0.24804975556194736,0.92
[3],0.15,0.01,0.002,0.0,0.9,relu,sgd,0.0,32,he,"(-0.5, 0.5)",20,0.22955960038264453,0.88
[3],0.15,0.01,0.002,0.0,0.9,relu,sgd,0.01,32,xavier,"(-0.5, 0.5)",20,0.27643218902947675,0.92
[3],0.15,0.01,0.002,0.0,0.9,relu,sgd,0.01,32,he,"(-0.5, 0.5)",20,0.31130489495054936,0.92
[3],0.15,0.01,0.002,0.0,0.9,relu,adam,0.0,32,xavier,"(-0.5, 0.5)",20,0.07035777253179007,1.0
[3],0.15,0.01,0.002,0.0,0.9,relu,adam,0.0,32,he,"(-0.5, 0.5)",20,0.15318594117728618,0.92
[3],0.15,0.01,0.002,0.0,0.9,relu,adam,0.01,32,xavier,"(-0.5, 0.5)",20,0.0670819268570942,0.96
[3],0.15,0.01,0.002,0.0,0.9,relu,adam,0.01,32,he,"(-0.5, 0.5)",20,0.1221341558880293,1.0
[3],0.15,0.01,0.002,0.1,0.8,tanh,sgd,0.0,32,xavier,"(-0.5, 0.5)",20,0.3181182425169097,0.88
[3],0.15,0.01,0.002,0.1,0.8,tanh,sgd,0.0,32,he,"(-0.5, 0.5)",20,0.5077053337532755,0.84
[3],0.15,0.01,0.002,0.1,0.8,tanh,sgd,0.01,32,xavier,"(-0.5, 0.5)",20,0.4210500202045532,0.88
[3],0.15,0.01,0.002,0.1,0.8,tanh,sgd,0.01,32,he,"(-0.5, 0.5)",20,0.30230792186072625,0.84
[3],0.15,0.01,0.002,0.1,0.8,tanh,adam,0.0,32,xavier,"(-0.5, 0.5)",20,0.27227347873863017,0.92
[3],0.15,0.01,0.002,0.1,0.8,tanh,adam,0.0,32,he,"(-0.5, 0.5)",20,0.28524460965174714,0.92
[3],0.15,0.01,0.002,0.1,0.8,tanh,adam,0.01,32,xavier,"(-0.5, 0.5)",20,0.12456298192595357,0.96
[3],0.15,0.01,0.002,0.1,0.8,tanh,adam,0.01,32,he,"(-0.5, 0.5)",20,0.14723732502434803,0.92
[3],0.15,0.01,0.002,0.1,0.8,relu,sgd,0.0,32,xavier,"(-0.5, 0.5)",20,0.27244962846252524,0.92
[3],0.15,0.01,0.002,0.1,0.8,relu,sgd,0.0,32,he,"(-0.5, 0.5)",20,0.20764841547632643,0.92
[3],0.15,0.01,0.002,0.1,0.8,relu,sgd,0.01,32,xavier,"(-0.5, 0.5)",20,0.3049446252307306,0.88
[3],0.15,0.01,0.002,0.1,0.8,relu,sgd,0.01,32,he,"(-0.5, 0.5)",20,0.35302691151578286,0.88
[3],0.15,0.01,0.002,0.1,0.8,relu,adam,0.0,32,xavier,"(-0.5, 0.5)",20,0.4009777020463735,0.72
[3],0.15,0.01,0.002,0.1,0.8,relu,adam,0.0,32,he,"(-0.5, 0.5)",20,0.1605493435560491,0.96
[3],0.15,0.01,0.002,0.1,0.8,relu,adam,0.01,32,xavier,"(-0.5, 0.5)",20,0.2331576057456587,0.92
[3],0.15,0.01,0.002,0.1,0.8,relu,adam,0.01,32,he,"(-0.5, 0.5)",20,0.1650329748014605,0.96
[3],0.15,0.01,0.002,0.1,0.9,tanh,sgd,0.0,32,xavier,"(-0.5, 0.5)",20,0.07200764732642807,1.0
[3],0.15,0.01,0.002,0.1,0.9,tanh,sgd,0.0,32,he,"(-0.5, 0.5)",20,0.23424743009026675,0.92
[3],0.15,0.01,0.002,0.1,0.9,tanh,sgd,0.01,32,xavier,"(-0.5, 0.5)",20,0.3910259772617907,0.84
[3],0.15,0.01,0.002,0.1,0.9,tanh,sgd,0.01,32,he,"(-0.5, 0.5)",20,0.2772773224473307,0.92
[3],0.15,0.01,0.002,0.1,0.9,tanh,adam,0.0,32,xavier,"(-0.5, 0.5)",20,0.25788341686342103,0.96
[3],0.15,0.01,0.002,0.1,0.9,tanh,adam,0.0,32,he,"(-0.5, 0.5)",20,0.13167404973237534,1.0
[3],0.15,0.01,0.002,0.1,0.9,tanh,adam,0.01,32,xavier,"(-0.5, 0.5)",20,0.16683603018173307,0.92
[3],0.15,0.01,0.002,0.1,0.9,tanh,adam,0.01,32,he,"(-0.5, 0.5)",20,0.34515756487946947,0.88
[3],0.15,0.01,0.002,0.1,0.9,relu,sgd,0.0,32,xavier,"(-0.5, 0.5)",20,0.2837830631811815,0.76
[3],0.15,0.01,0.002,0.1,0.9,relu,sgd,0.0,32,he,"(-0.5, 0.5)",20,0.310420382310119,0.88
[3],0.15,0.01,0.002,0.1,0.9,relu,sgd,0.01,32,xavier,"(-0.5, 0.5)",20,0.3372593210368778,0.84
[3],0.15,0.01,0.002,0.1,0.9,relu,sgd,0.01,32,he,"(-0.5, 0.5)",20,0.4809614091363249,0.72
[3],0.15,0.01,0.002,0.1,0.9,relu,adam,0.0,32,xavier,"(-0.5, 0.5)",20,0.3617249928627626,0.88
[3],0.15,0.01,0.002,0.1,0.9,relu,adam,0.0,32,he,"(-0.5, 0.5)",20,0.3798817206723328,0.92
[3],0.15,0.01,0.002,0.1,0.9,relu,adam,0.01,32,xavier,"(-0.5, 0.5)",20,0.6274597648780194,0.72
[3],0.15,0.01,0.002,0.1,0.9,relu,adam,0.01,32,he,"(-0.5, 0.5)",20,0.298137147143028,0.8
[3],0.15,0.01,0.002,0.2,0.8,tanh,sgd,0.0,32,xavier,"(-0.5, 0.5)",20,0.4091016904551496,0.84
[3],0.15,0.01,0.002,0.2,0.8,tanh,sgd,0.0,32,he,"(-0.5, 0.5)",20,0.3851975371684567,0.88
[3],0.15,0.01,0.002,0.2,0.8,tanh,sgd,0.01,32,xavier,"(-0.5, 0.5)",20,0.33309817040834916,0.92
[3],0.15,0.01,0.002,0.2,0.8,tanh,sgd,0.01,32,he,"(-0.5, 0.5)",20,0.3043146905582364,0.88
[3],0.15,0.01,0.002,0.2,0.8,tanh,adam,0.0,32,xavier,"(-0.5, 0.5)",20,0.20760952427916002,0.96
[3],0.15,0.01,0.002,0.2,0.8,tanh,adam,0.0,32,he,"(-0.5, 0.5)",20,0.4186659580378494,0.88
[3],0.15,0.01,0.002,0.2,0.8,tanh,adam,0.01,32,xavier,"(-0.5, 0.5)",20,0.2576503746081883,0.92
[3],0.15,0.01,0.002,0.2,0.8,tanh,adam,0.01,32,he,"(-0.5, 0.5)",20,0.2897013778991827,0.92
[3],0.15,0.01,0.002,0.2,0.8,relu,sgd,0.0,32,xavier,"(-0.5, 0.5)",20,0.3805269722102981,0.8
[3],0.15,0.01,0.002,0.2,0.8,relu,sgd,0.0,32,he,"(-0.5, 0.5)",20,0.4786370207243098,0.76
[3],0.15,0.01,0.002,0.2,0.8,relu,sgd,0.01,32,xavier,"(-0.5, 0.5)",20,0.44306407592198915,0.84
[3],0.15,0.01,0.002,0.2,0.8,relu,sgd,0.01,32,he,"(-0.5, 0.5)",20,0.43110837445515593,0.84
[3],0.15,0.01,0.002,0.2,0.8,relu,adam,0.0,32,xavier,"(-0.5, 0.5)",20,0.24660097656459615,0.88
[3],0.15,0.01,0.002,0.2,0.8,relu,adam,0.0,32,he,"(-0.5, 0.5)",20,0.4902218419321164,0.88
[3],0.15,0.01,0.002,0.2,0.8,relu,adam,0.01,32,xavier,"(-0.5, 0.5)",20,0.338811543241086,0.8
[3],0.15,0.01,0.002,0.2,0.8,relu,adam,0.01,32,he,"(-0.5, 0.5)",20,0.42856956070506413,0.88
[3],0.15,0.01,0.002,0.2,0.9,tanh,sgd,0.0,32,xavier,"(-0.5, 0.5)",20,0.18652469424693616,0.92
[3],0.15,0.01,0.002,0.2,0.9,tanh,sgd,0.0,32,he,"(-0.5, 0.5)",20,0.3751295239847188,0.88
[3],0.15,0.01,0.002,0.2,0.9,tanh,sgd,0.01,32,xavier,"(-0.5, 0.5)",20,0.46654864495612336,0.8
[3],0.15,0.01,0.002,0.2,0.9,tanh,sgd,0.01,32,he,"(-0.5, 0.5)",20,0.2225184560678597,0.96
[3],0.15,0.01,0.002,0.2,0.9,tanh,adam,0.0,32,xavier,"(-0.5, 0.5)",20,0.19331617790214992,0.92
[3],0.15,0.01,0.002,0.2,0.9,tanh,adam,0.0,32,he,"(-0.5, 0.5)",20,0.3648187861215775,0.88
[3],0.15,0.01,0.002,0.2,0.9,tanh,adam,0.01,32,xavier,"(-0.5, 0.5)",20,0.2998729152745309,0.88
[3],0.15,0.01,0.002,0.2,0.9,tanh,adam,0.01,32,he,"(-0.5, 0.5)",20,0.37744746053333794,0.88
[3],0.15,0.01,0.002,0.2,0.9,relu,sgd,0.0,32,xavier,"(-0.5, 0.5)",20,0.31308407181377784,0.84
[3],0.15,0.01,0.002,0.2,0.9,relu,sgd,0.0,32,he,"(-0.5, 0.5)",20,0.26053512459342204,0.88
[3],0.15,0.01,0.002,0.2,0.9,relu,sgd,0.01,32,xavier,"(-0.5, 0.5)",20,0.28084754556914127,0.88
[3],0.15,0.01,0.002,0.2,0.9,relu,sgd,0.01,32,he,"(-0.5, 0.5)",20,0.45189563898342966,0.72
[3],0.15,0.01,0.002,0.2,0.9,relu,adam,0.0,32,xavier,"(-0.5, 0.5)",20,0.3967417938959766,0.96
[3],0.15,0.01,0.002,0.2,0.9,relu,adam,0.0,32,he,"(-0.5, 0.5)",20,0.48491486717499954,0.8
[3],0.15,0.01,0.002,0.2,0.9,relu,adam,0.01,32,xavier,"(-0.5, 0.5)",20,0.5186017779172511,0.76
[3],0.15,0.01,0.002,0.2,0.9,relu,adam,0.01,32,he,"(-0.5, 0.5)",20,0.42958332031936264,0.68
[4],0.01,0.0,0.0,0.0,0.8,tanh,sgd,0.0,32,xavier,"(-0.5, 0.5)",20,0.5660763343650979,0.8
[4],0.01,0.0,0.0,0.0,0.8,tanh,sgd,0.0,32,he,"(-0.5, 0.5)",20,0.5645810193834996,0.76
[4],0.01,0.0,0.0,0.0,0.8,tanh,sgd,0.01,32,xavier,"(-0.5, 0.5)",20,0.6929460507805792,0.52
[4],0.01,0.0,0.0,0.0,0.8,tanh,sgd,0.01,32,he,"(-0.5, 0.5)",20,0.5555329249485327,0.8
[4],0.01,0.0,0.0,0.0,0.8,tanh,adam,0.0,32,xavier,"(-0.5, 0.5)",20,0.3947559621264323,0.8
[4],0.01,0.0,0.0,0.0,0.8,tanh,adam,0.0,32,he,"(-0.5, 0.5)",20,0.4734740995716356,0.8
[4],0.01,0.0,0.0,0.0,0.8,tanh,adam,0.01,32,xavier,"(-0.5, 0.5)",20,0.47898322188240855,0.8
[4],0.01,0.0,0.0,0.0,0.8,tanh,adam,0.01,32,he,"(-0.5, 0.5)",20,0.4620028918269313,0.76
[4],0.01,0.0,0.0,0.0,0.8,relu,sgd,0.0,32,xavier,"(-0.5, 0.5)",20,0.6420052589527843,0.56
[4],0.01,0.0,0.0,0.0,0.8,relu,sgd,0.0,32,he,"(-0.5, 0.5)",20,0.48729042436381326,0.76
[4],0.01,0.0,0.0,0.0,0.8,relu,sgd,0.01,32,xavier,"(-0.5, 0.5)",20,0.513486392139791,0.76
[4],0.01,0.0,0.0,0.0,0.8,relu,sgd,0.01,32,he,"(-0.5, 0.5)",20,0.6581072735849929,0.48
[4],0.01,0.0,0.0,0.0,0.8,relu,adam,0.0,32,xavier,"(-0.5, 0.5)",20,0.42593055928234996,0.88
[4],0.01,0.0,0.0,0.0,0.8,relu,adam,0.0,32,he,"(-0.5, 0.5)",20,0.39420515642371645,0.88
[4],0.01,0.0,0.0,0.0,0.8,relu,adam,0.01,32,xavier,"(-0.5, 0.5)",20,0.27181381666775617,0.88
[4],0.01,0.0,0.0,0.0,0.8,relu,adam,0.01,32,he,"(-0.5, 0.5)",20,0.3431424792644753,0.8
[4],0.01,0.0,0.0,0.0,0.9,tanh,sgd,0.0,32,xavier,"(-0.5, 0.5)",20,0.47152938559673,0.76
[4],0.01,0.0,0.0,0.0,0.9,tanh,sgd,0.0,32,he,"(-0.5, 0.5)",20,0.6306523941504961,0.64
[4],0.01,0.0,0.0,0.0,0.9,tanh,sgd,0.01,32,xavier,"(-0.5, 0.5)",20,0.5294776989500845,0.8
[4],0.01,0.0,0.0,0.0,0.9,tanh,sgd,0.01,32,he,"(-0.5, 0.5)",20,0.5980393140630766,0.68
[4],0.01,0.0,0.0,0.0,0.9,tanh,adam,0.0,32,xavier,"(-0.5, 0.5)",20,0.4363539497434798,0.8
[4],0.01,0.0,0.0,0.0,0.9,tanh,adam,0.0,32,he,"(-0.5, 0.5)",20,0.4935819365312693,0.8
[4],0.01,0.0,0.0,0.0,0.9,tanh,adam,0.01,32,xavier,"(-0.5, 0.5)",20,0.4776643926927435,0.84
[4],0.01,0.0,0.0,0.0,0.9,tanh,adam,0.01,32,he,"(-0.5, 0.5)",20,0.4780085158619414,0.84
[4],0.01,0.0,0.0,0.0,0.9,relu,sgd,0.0,32,xavier,"(-0.5, 0.5)",20,0.5786777297006771,0.72
[4],0.01,0.0,0.0,0.0,0.9,relu,sgd,0.0,32,he,"(-0.5, 0.5)",20,0.543917734616143,0.64
[4],0.01,0.0,0.0,0.0,0.9,relu,sgd,0.01,32,xavier,"(-0.5, 0.5)",20,0.5784798000123661,0.76
[4],0.01,0.0,0.0,0.0,0.9,relu,sgd,0.01,32,he,"(-0.5, 0.5)",20,0.6043096614617087,0.64
[4],0.01,0.0,0.0,0.0,0.9,relu,adam,0.0,32,xavier,"(-0.5, 0.5)",20,0.3361539414614639,0.88
[4],0.01,0.0,0.0,0.0,0.9,relu,adam,0.0,32,he,"(-0.5, 0.5)",20,0.4617723139917838,0.88
[4],0.01,0.0,0.0,0.0,0.9,relu,adam,0.01,32,xavier,"(-0.5, 0.5)",20,0.3785322448929221,0.8
[4],0.01,0.0,0.0,0.0,0.9,relu,adam,0.01,32,he,"(-0.5, 0.5)",20,0.3682403832968225,0.84
[4],0.01,0.0,0.0,0.1,0.8,tanh,sgd,0.0,32,xavier,"(-0.5, 0.5)",20,0.5300023991050424,0.84
[4],0.01,0.0,0.0,0.1,0.8,tanh,sgd,0.0,32,he,"(-0.5, 0.5)",20,0.5700675536848047,0.72
[4],0.01,0.0,0.0,0.1,0.8,tanh,sgd,0.01,32,xavier,"(-0.5, 0.5)",20,0.6635401579334664,0.68
[4],0.01,0.0,0.0,0.1,0.8,tanh,sgd,0.01,32,he,"(-0.5, 0.5)",20,0.5831617870582854,0.76
[4],0.01,0.0,0.0,0.1,0.8,tanh,adam,0.0,32,xavier,"(-0.5, 0.5)",20,0.5097112308928881,0.8
[4],0.01,0.0,0.0,0.1,0.8,tanh,adam,0.0,32,he,"(-0.5, 0.5)",20,0.3379332417089235,0.84
[4],0.01,0.0,0.0,0.1,0.8,tanh,adam,0.01,32,xavier,"(-0.5, 0.5)",20,0.46100191805040647,0.8
[4],0.01,0.0,0.0,0.1,0.8,tanh,adam,0.01,32,he,"(-0.5, 0.5)",20,0.47307656168134904,0.84
[4],0.01,0.0,0.0,0.1,0.8,relu,sgd,0.0,32,xavier,"(-0.5, 0.5)",20,0.5801163069418644,0.76
[4],0.01,0.0,0.0,0.1,0.8,relu,sgd,0.0,32,he,"(-0.5, 0.5)",20,0.5197241846132459,0.84
[4],0.01,0.0,0.0,0.1,0.8,relu,sgd,0.01,32,xavier,"(-0.5, 0.5)",20,0.6517074964045182,0.56
[4],0.01,0.0,0.0,0.1,0.8,relu,sgd,0.01,32,he,"(-0.5, 0.5)",20,0.7224925269529956,0.52
[4],0.01,0.0,0.0,0.1,0.8,relu,adam,0.0,32,xavier,"(-0.5, 0.5)",20,0.32085479388654276,0.92
[4],0.01,0.0,0.0,0.1,0.8,relu,adam,0.0,32,he,"(-0.5, 0.5)",20,0.25196523309181357,0.96
[4],0.01,0.0,0.0,0.1,0.8,relu,adam,0.01,32,xavier,"(-0.5, 0.5)",20,0.5376708990577169,0.8
[4],0.01,0.0,0.0,0.1,0.8,relu,adam,0.01,32,he,"(-0.5, 0.5)",20,0.5118781932003761,0.72
[4],0.01,0.0,0.0,0.1,0.9,tanh,sgd,0.0,32,xavier,"(-0.5, 0.5)",20,0.5441953245010412,0.8
[4],0.01,0.0,0.0,0.1,0.9,tanh,sgd,0.0,32,he,"(-0.5, 0.5)",20,0.5006753485923398,0.76
[4],0.01,0.0,0.0,0.1,0.9,tanh,sgd,0.01,32,xavier,"(-0.5, 0.5)",20,0.5567763141202632,0.72
[4],0.01,0.0,0.0,0.1,0.9,tanh,sgd,0.01,32,he,"(-0.5, 0.5)",20,0.5651379279998273,0.64
[4],0.01,0.0,0.0,0.1,0.9,tanh,adam,0.0,32,xavier,"(-0.5, 0.5)",20,0.4565057487943776,0.8
[4],0.01,0.0,0.0,0.1,0.9,tanh,adam,0.0,32,he,"(-0.5, 0.5)",20,0.44698045705391176,0.88
[4],0.01,0.0,0.0,0.1,0.9,tanh,adam,0.01,32,xavier,"(-0.5, 0.5)",20,0.4717191956224439,0.8
[4],0.01,0.0,0.0,0.1,0.9,tanh,adam,0.01,32,he,"(-0.5, 0.5)",20,0.5322497576647545,0.68
[4],0.01,0.0,0.0,0.1,0.9,relu,sgd,0.0,32,xavier,"(-0.5, 0.5)",20,0.4705064367288104,0.8
[4],0.01,0.0,0.0,0.1,0.9,relu,sgd,0.0,32,he,"(-0.5, 0.5)",20,0.5165956021822293,0.72
[4],0.01,0.0,0.0,0.1,0.9,relu,sgd,0.01,32,xavier,"(-0.5, 0.5)",20,0.6038712559164813,0.72
[4],0.01,0.0,0.0,0.1,0.9,relu,sgd,0.01,32,he,"(-0.5, 0.5)",20,0.440368180591704,0.92
[4],0.01,0.0,0.0,0.1,0.9,relu,adam,0.0,32,xavier,"(-0.5, 0.5)",20,0.4009932674473336,0.88
[4],0.01,0.0,0.0,0.1,0.9,relu,adam,0.0,32,he,"(-0.5, 0.5)",20,0.47078025158994374,0.8
[4],0.01,0.0,0.0,0.1,0.9,relu,adam,0.01,32,xavier,"(-0.5, 0.5)",20,0.4469183328826683,0.76
[4],0.01,0.0,0.0,0.1,0.9,relu,adam,0.01,32,he,"(-0.5, 0.5)",20,0.5664280663892067,0.68
[4],0.01,0.0,0.0,0.2,0.8,tanh,sgd,0.0,32,xavier,"(-0.5, 0.5)",20,0.5279850665448297,0.8
[4],0.01,0.0,0.0,0.2,0.8,tanh,sgd,0.0,32,he,"(-0.5, 0.5)",20,0.5383851227168871,0.72
[4],0.01,0.0,0.0,0.2,0.8,tanh,sgd,0.01,32,xavier,"(-0.5, 0.5)",20,0.5612619412389959,0.76
[4],0.01,0.0,0.0,0.2,0.8,tanh,sgd,0.01,32,he,"(-0.5, 0.5)",20,0.5973951344600039,0.64
[4],0.01,0.0,0.0,0.2,0.8,tanh,adam,0.0,32,xavier,"(-0.5, 0.5)",20,0.4403632465608956,0.8
[4],0.01,0.0,0.0,0.2,0.8,tanh,adam,0.0,32,he,"(-0.5, 0.5)",20,0.46615027475196025,0.8
[4],0.01,0.0,0.0,0.2,0.8,tanh,adam,0.01,32,xavier,"(-0.5, 0.5)",20,0.4891969527122164,0.8
[4],0.01,0.0,0.0,0.2,0.8,tanh,adam,0.01,32,he,"(-0.5, 0.5)",20,0.5546236917356184,0.64
[4],0.01,0.0,0.0,0.2,0.8,relu,sgd,0.0,32,xavier,"(-0.5, 0.5)",20,0.6409036811425601,0.72
[4],0.01,0.0,0.0,0.2,0.8,relu,sgd,0.0,32,he,"(-0.5, 0.5)",20,0.6376387722335184,0.52
[4],0.01,0.0,0.0,0.2,0.8,relu,sgd,0.01,32,xavier,"(-0.5, 0.5)",20,0.6412959808079435,0.6
[4],0.01,0.0,0.0,0.2,0.8,relu,sgd,0.01,32,he,"(-0.5, 0.5)",20,0.6325689425171768,0.6
[4],0.01,0.0,0.0,0.2,0.8,relu,adam,0.0,32,xavier,"(-0.5, 0.5)",20,0.34521967894665906,0.84
[4],0.01,0.0,0.0,0.2,0.8,relu,adam,0.0,32,he,"(-0.5, 0.5)",20,0.24689496594012167,0.88
[4],0.01,0.0,0.0,0.2,0.8,relu,adam,0.01,32,xavier,"(-0.5, 0.5)",20,0.41613995308842255,0.8
[4],0.01,0.0,0.0,0.2,0.8,relu,adam,0.01,32,he,"(-0.5, 0.5)",20,0.40690634645532464,0.84
[4],0.01,0.0,0.0,0.2,0.9,tanh,sgd,0.0,32,xavier,"(-0.5, 0.5)",20,0.5204713581178253,0.8
[4],0.01,0.0,0.0,0.2,0.9,tanh,sgd,0.0,32,he,"(-0.5, 0.5)",20,0.47961958451591324,0.8
[4],0.01,0.0,0.0,0.2,0.9,tanh,sgd,0.01,32,xavier,"(-0.5, 0.5)",20,0.5839179837968015,0.72
[4],0.01,0.0,0.0,0.2,0.9,tanh,sgd,0.01,32,he,"(-0.5, 0.5)",20,0.4901779898622076,0.88
[4],0.01,0.0,0.0,0.2,0.9,tanh,adam,0.0,32,xavier,"(-0.5, 0.5)",20,0.501897291521773,0.8
[4],0.01,0.0,0.0,0.2,0.9,tanh,adam,0.0,32,he,"(-0.5, 0.5)",20,0.469597253350995,0.88
[4],0.01,0.0,0.0,0.2,0.9,tanh,adam,0.01,32,xavier,"(-0.5, 0.5)",20,0.4729225424148303,0.8
[4],0.01,0.0,0.0,0.2,0.9,tanh,adam,0.01,32,he,"(-0.5, 0.5)",20,0.4900071817171822,0.8
[4],0.01,0.0,0.0,0.2,0.9,relu,sgd,0.0,32,xavier,"(-0.5, 0.5)",20,0.6277292696325621,0.72
[4],0.01,0.0,0.0,0.2,0.9,relu,sgd,0.0,32,he,"(-0.5, 0.5)",20,0.5079603490264993,0.76
[4],0.01,0.0,0.0,0.2,0.9,relu,sgd,0.01,32,xavier,"(-0.5, 0.5)",20,0.472180381164223,0.8
[4],0.01,0.0,0.0,0.2,0.9,relu,sgd,0.01,32,he,"(-0.5, 0.5)",20,0.655181205788788,0.72
[4],0.01,0.0,0.0,0.2,0.9,relu,adam,0.0,32,xavier,"(-0.5, 0.5)",20,0.43882346492861957,0.8
[4],0.01,0.0,0.0,0.2,0.9,relu,adam,0.0,32,he,"(-0.5, 0.5)",20,0.4608653059799166,0.88
[4],0.01,0.0,0.0,0.2,0.9,relu,adam,0.01,32,xavier,"(-0.5, 0.5)",20,0.3947172314539199,0.84
[4],0.01,0.0,0.0,0.2,0.9,relu,adam,0.01,32,he,"(-0.5, 0.5)",20,0.488688545520353,0.84
[4],0.01,0.0,0.002,0.0,0.8,tanh,sgd,0.0,32,xavier,"(-0.5, 0.5)",20,0.5782580678496037,0.6
[4],0.01,0.0,0.002,0.0,0.8,tanh,sgd,0.0,32,he,"(-0.5, 0.5)",20,0.5904170524997828,0.76
[4],0.01,0.0,0.002,0.0,0.8,tanh,sgd,0.01,32,xavier,"(-0.5, 0.5)",20,0.5685157466138204,0.88
[4],0.01,0.0,0.002,0.0,0.8,tanh,sgd,0.01,32,he,"(-0.5, 0.5)",20,0.5973673895491487,0.72
[4],0.01,0.0,0.002,0.0,0.8,tanh,adam,0.0,32,xavier,"(-0.5, 0.5)",20,0.4663462958770147,0.8
[4],0.01,0.0,0.002,0.0,0.8,tanh,adam,0.0,32,he,"(-0.5, 0.5)",20,0.459061598150403,0.84
[4],0.01,0.0,0.002,0.0,0.8,tanh,adam,0.01,32,xavier,"(-0.5, 0.5)",20,0.4958963960838745,0.8
[4],0.01,0.0,0.002,0.0,0.8,tanh,adam,0.01,32,he,"(-0.5, 0.5)",20,0.43705765224686255,0.88
[4],0.01,0.0,0.002,0.0,0.8,relu,sgd,0.0,32,xavier,"(-0.5, 0.5)",20,0.5975280341111495,0.72
[4],0.01,0.0,0.002,0.0,0.8,relu,sgd,0.0,32,he,"(-0.5, 0.5)",20,0.6973944812286565,0.48
[4],0.01,0.0,0.002,0.0,0.8,relu,sgd,0.01,32,xavier,"(-0.5, 0.5)",20,0.6641769949841606,0.52
[4],0.01,0.0,0.002,0.0,0.8,relu,sgd,0.01,32,he,"(-0.5, 0.5)",20,0.5969945567736351,0.68
[4],0.01,0.0,0.002,0.0,0.8,relu,adam,0.0,32,xavier,"(-0.5, 0.5)",20,0.1669928568066715,0.96
[4],0.01,0.0,0.002,0.0,0.8,relu,adam,0.0,32,he,"(-0.5, 0.5)",20,0.3016246278950929,0.92
[4],0.01,0.0,0.002,0.0,0.8,relu,adam,0.01,32,xavier,"(-0.5, 0.5)",20,0.24428530065603757,0.96
[4],0.01,0.0,0.002,0.0,0.8,relu,adam,0.01,32,he,"(-0.5, 0.5)",20,0.34816036575763076,0.84
[4],0.01,0.0,0.002,0.0,0.9,tanh,sgd,0.0,32,xavier,"(-0.5, 0.5)",20,0.5358202746199552,0.8
[4],0.01,0.0,0.002,0.0,0.9,tanh,sgd,0.0,32,he,"(-0.5, 0.5)",20,0.4644418383915836,0.88
[4],0.01,0.0,0.002,0.0,0.9,tanh,sgd,0.01,32,xavier,"(-0.5, 0.5)",20,0.59272784053782,0.8
[4],0.01,0.0,0.002,0.0,0.9,tanh,sgd,0.01,32,he,"(-0.5, 0.5)",20,0.5584011318426654,0.72
[4],0.01,0.0,0.002,0.0,0.9,tanh,adam,0.0,32,xavier,"(-0.5, 0.5)",20,0.3965439643256897,0.88
[4],0.01,0.0,0.002,0.0,0.9,tanh,adam,0.0,32,he,"(-0.5, 0.5)",20,0.4842720292207776,0.8
[4],0.01,0.0,0.002,0.0,0.9,tanh,adam,0.01,32,xavier,"(-0.5, 0.5)",20,0.4803499814775256,0.8
[4],0.01,0.0,0.002,0.0,0.9,tanh,adam,0.01,32,he,"(-0.5, 0.5)",20,0.5202072911165674,0.8
[4],0.01,0.0,0.002,0.0,0.9,relu,sgd,0.0,32,xavier,"(-0.5, 0.5)",20,0.47622947989080927,0.72
[4],0.01,0.0,0.002,0.0,0.9,relu,sgd,0.0,32,he,"(-0.5, 0.5)",20,0.5227431170036502,0.8
[4],0.01,0.0,0.002,0.0,0.9,relu,sgd,0.01,32,xavier,"(-0.5, 0.5)",20,0.6079013018386594,0.68
[4],0.01,0.0,0.002,0.0,0.9,relu,sgd,0.01,32,he,"(-0.5, 0.5)",20,0.5481531863674687,0.76
[4],0.01,0.0,0.002,0.0,0.9,relu,adam,0.0,32,xavier,"(-0.5, 0.5)",20,0.5342134081808059,0.64
[4],0.01,0.0,0.002,0.0,0.9,relu,adam,0.0,32,he,"(-0.5, 0.5)",20,0.3583850632123321,0.88
[4],0.01,0.0,0.002,0.0,0.9,relu,adam,0.01,32,xavier,"(-0.5, 0.5)",20,0.4591562004169204,0.72
[4],0.01,0.0,0.002,0.0,0.9,relu,adam,0.01,32,he,"(-0.5, 0.5)",20,0.3558463412612878,0.8
[4],0.01,0.0,0.002,0.1,0.8,tanh,sgd,0.0,32,xavier,"(-0.5, 0.5)",20,0.6123063984553847,0.72
[4],0.01,0.0,0.002,0.1,0.8,tanh,sgd,0.0,32,he,"(-0.5, 0.5)",20,0.6699999294286078,0.6
[4],0.01,0.0,0.002,0.1,0.8,tanh,sgd,0.01,32,xavier,"(-0.5, 0.5)",20,0.5457526632394086,0.84
[4],0.01,0.0,0.002,0.1,0.8,tanh,sgd,0.01,32,he,"(-0.5, 0.5)",20,0.6201733103451279,0.64
[4],0.01,0.0,0.002,0.1,0.8,tanh,adam,0.0,32,xavier,"(-0.5, 0.5)",20,0.482598101374479,0.84
[4],0.01,0.0,0.002,0.1,0.8,tanh,adam,0.0,32,he,"(-0.5, 0.5)",20,0.4755594983434898,0.88
[4],0.01,0.0,0.002,0.1,0.8,tanh,adam,0.01,32,xavier,"(-0.5, 0.5)",20,0.4173227630442361,0.88
[4],0.01,0.0,0.002,0.1,0.8,tanh,adam,0.01,32,he,"(-0.5, 0.5)",20,0.5363215916726702,0.8
[4],0.01,0.0,0.002,0.1,0.8,relu,sgd,0.0,32,xavier,"(-0.5, 0.5)",20,0.6671514021493957,0.68
[4],0.01,0.0,0.002,0.1,0.8,relu,sgd,0.0,32,he,"(-0.5, 0.5)",20,0.6928955919826327,0.56
[4],0.01,0.0,0.002,0.1,0.8,relu,sgd,0.01,32,xavier,"(-0.5, 0.5)",20,0.6755774632060699,0.76
[4],0.01,0.0,0.002,0.1,0.8,relu,sgd,0.01,32,he,"(-0.5, 0.5)",20,0.6240538249116127,0.76
[4],0.01,0.0,0.002,0.1,0.8,relu,adam,0.0,32,xavier,"(-0.5, 0.5)",20,0.201009840540317,1.0
[4],0.01,0.0,0.002,0.1,0.8,relu,adam,0.0,32,he,"(-0.5, 0.5)",20,0.40494331907502923,0.84
[4],0.01,0.0,0.002,0.1,0.8,relu,adam,0.01,32,xavier,"(-0.5, 0.5)",20,0.2936399742587546,0.84
[4],0.01,0.0,0.002,0.1,0.8,relu,adam,0.01,32,he,"(-0.5, 0.5)",20,0.32509070673716656,0.88
[4],0.01,0.0,0.002,0.1,0.9,tanh,sgd,0.0,32,xavier,"(-0.5, 0.5)",20,0.46724021120840625,0.8
[4],0.01,0.0,0.002,0.1,0.9,tanh,sgd,0.0,32,he,"(-0.5, 0.5)",20,0.5621006296702116,0.8
[4],0.01,0.0,0.002,0.1,0.9,tanh,sgd,0.01,32,xavier,"(-0.5, 0.5)",20,0.5140142699756843,0.84
[4],0.01,0.0,0.002,0.1,0.9,tanh,sgd,0.01,32,he,"(-0.5, 0.5)",20,0.6397810300248317,0.56
[4],0.01,0.0,0.002,0.1,0.9,tanh,adam,0.0,32,xavier,"(-0.5, 0.5)",20,0.5547872456634108,0.72
[4],0.01,0.0,0.002,0.1,0.9,tanh,adam,0.0,32,he,"(-0.5, 0.5)",20,0.4617925317240633,0.84
[4],0.01,0.0,0.002,0.1,0.9,tanh,adam,0.01,32,xavier,"(-0.5, 0.5)",20,0.3811259252375567,0.8
[4],0.01,0.0,0.002,0.1,0.9,tanh,adam,0.01,32,he,"(-0.5, 0.5)",20,0.47507984651165286,0.8
[4],0.01,0.0,0.002,0.1,0.9,relu,sgd,0.0,32,xavier,"(-0.5, 0.5)",20,0.5176489764991731,0.72
[4],0.01,0.0,0.002,0.1,0.9,relu,sgd,0.0,32,he,"(-0.5, 0.5)",20,0.42139106506415447,0.88
[4],0.01,0.0,0.002,0.1,0.9,relu,sgd,0.01,32,xavier,"(-0.5, 0.5)",20,0.6548930092477055,0.52
[4],0.01,0.0,0.002,0.1,0.9,relu,sgd,0.01,32,he,"(-0.5, 0.5)",20,0.5305006976704119,0.8
[4],0.01,0.0,0.002,0.1,0.9,relu,adam,0.0,32,xavier,"(-0.5, 0.5)",20,0.3450768093878317,0.88
[4],0.01,0.0,0.002,0.1,0.9,relu,adam,0.0,32,he,"(-0.5, 0.5)",20,0.23081840347161756,0.96
[4],0.01,0.0,0.002,0.1,0.9,relu,adam,0.01,32,xavier,"(-0.5, 0.5)",20,0.4383859855643298,0.84
[4],0.01,0.0,0.002,0.1,0.9,relu,adam,0.01,32,he,"(-0.5, 0.5)",20,0.36725452325051167,0.76
[4],0.01,0.0,0.002,0.2,0.8,tanh,sgd,0.0,32,xavier,"(-0.5, 0.5)",20,0.5282320824668078,0.84
[4],0.01,0.0,0.002,0.2,0.8,tanh,sgd,0.0,32,he,"(-0.5, 0.5)",20,0.5157676786884794,0.88
[4],0.01,0.0,0.002,0.2,0.8,tanh,sgd,0.01,32,xavier,"(-0.5, 0.5)",20,0.6911897536261089,0.56
[4],0.01,0.0,0.002,0.2,0.8,tanh,sgd,0.01,32,he,"(-0.5, 0.5)",20,0.5397531920256124,0.84
[4],0.01,0.0,0.002,0.2,0.8,tanh,adam,0.0,32,xavier,"(-0.5, 0.5)",20,0.46712550350879223,0.84
[4],0.01,0.0,0.002,0.2,0.8,tanh,adam,0.0,32,he,"(-0.5, 0.5)",20,0.41372647958048187,0.8
[4],0.01,0.0,0.002,0.2,0.8,tanh,adam,0.01,32,xavier,"(-0.5, 0.5)",20,0.46114235027899086,0.88
[4],0.01,0.0,0.002,0.2,0.8,tanh,adam,0.01,32,he,"(-0.5, 0.5)",20,0.41625700169011376,0.84
[4],0.01,0.0,0.002,0.2,0.8,relu,sgd,0.0,32,xavier,"(-0.5, 0.5)",20,0.6848893204496367,0.48
[4],0.01,0.0,0.002,0.2,0.8,relu,sgd,0.0,32,he,"(-0.5, 0.5)",20,0.6750686108680514,0.6
[4],0.01,0.0,0.002,0.2,0.8,relu,sgd,0.01,32,xavier,"(-0.5, 0.5)",20,0.6620481523113704,0.52
[4],0.01,0.0,0.002,0.2,0.8,relu,sgd,0.01,32,he,"(-0.5, 0.5)",20,0.5272657678701961,0.68
[4],0.01,0.0,0.002,0.2,0.8,relu,adam,0.0,32,xavier,"(-0.5, 0.5)",20,0.39627551662889815,0.84
[4],0.01,0.0,0.002,0.2,0.8,relu,adam,0.0,32,he,"(-0.5, 0.5)",20,0.19378485381772798,0.96
[4],0.01,0.0,0.002,0.2,0.8,relu,adam,0.01,32,xavier,"(-0.5, 0.5)",20,0.27262945245082454,0.88
[4],0.01,0.0,0.002,0.2,0.8,relu,adam,0.01,32,he,"(-0.5, 0.5)",20,0.415605517200376,0.88
[4],0.01,0.0,0.002,0.2,0.9,tanh,sgd,0.0,32,xavier,"(-0.5, 0.5)",20,0.5724697965051805,0.72
[4],0.01,0.0,0.002,0.2,0.9,tanh,sgd,0.0,32,he,"(-0.5, 0.5)",20,0.4657781180277654,0.76
[4],0.01,0.0,0.002,0.2,0.9,tanh,sgd,0.01,32,xavier,"(-0.5, 0.5)",20,0.5298928175124424,0.8
[4],0.01,0.0,0.002,0.2,0.9,tanh,sgd,0.01,32,he,"(-0.5, 0.5)",20,0.5148133944492259,0.84
[4],0.01,0.0,0.002,0.2,0.9,tanh,adam,0.0,32,xavier,"(-0.5, 0.5)",20,0.45737549648552,0.84
[4],0.01,0.0,0.002,0.2,0.9,tanh,adam,0.0,32,he,"(-0.5, 0.5)",20,0.5004931094983184,0.8
[4],0.01,0.0,0.002,0.2,0.9,tanh,adam,0.01,32,xavier,"(-0.5, 0.5)",20,0.44707133197160137,0.84
[4],0.01,0.0,0.002,0.2,0.9,tanh,adam,0.01,32,he,"(-0.5, 0.5)",20,0.462454062294263,0.84
[4],0.01,0.0,0.002,0.2,0.9,relu,sgd,0.0,32,xavier,"(-0.5, 0.5)",20,0.5922501090034404,0.6
[4],0.01,0.0,0.002,0.2,0.9,relu,sgd,0.0,32,he,"(-0.5, 0.5)",20,0.5430864419503646,0.76
[4],0.01,0.0,0.002,0.2,0.9,relu,sgd,0.01,32,xavier,"(-0.5, 0.5)",20,0.5775398088667983,0.68
[4],0.01,0.0,0.002,0.2,0.9,relu,sgd,0.01,32,he,"(-0.5, 0.5)",20,0.5315201529422545,0.64
[4],0.01,0.0,0.002,0.2,0.9,relu,adam,0.0,32,xavier,"(-0.5, 0.5)",20,0.35432252424812244,0.92
[4],0.01,0.0,0.002,0.2,0.9,relu,adam,0.0,32,he,"(-0.5, 0.5)",20,0.40466901737033184,0.76
[4],0.01,0.0,0.002,0.2,0.9,relu,adam,0.01,32,xavier,"(-0.5, 0.5)",20,0.5144724333868561,0.8
[4],0.01,0.0,0.002,0.2,0.9,relu,adam,0.01,32,he,"(-0.5, 0.5)",20,0.6199923318836124,0.64
[4],0.01,0.005,0.0,0.0,0.8,tanh,sgd,0.0,32,xavier,"(-0.5, 0.5)",20,0.6193936537124131,0.8
[4],0.01,0.005,0.0,0.0,0.8,tanh,sgd,0.0,32,he,"(-0.5, 0.5)",20,0.5262760887294707,0.84
[4],0.01,0.005,0.0,0.0,0.8,tanh,sgd,0.01,32,xavier,"(-0.5, 0.5)",20,0.5727122508987037,0.8
[4],0.01,0.005,0.0,0.0,0.8,tanh,sgd,0.01,32,he,"(-0.5, 0.5)",20,0.6024091990962158,0.72
[4],0.01,0.005,0.0,0.0,0.8,tanh,adam,0.0,32,xavier,"(-0.5, 0.5)",20,0.4062901678417266,0.76
[4],0.01,0.005,0.0,0.0,0.8,tanh,adam,0.0,32,he,"(-0.5, 0.5)",20,0.4401150101143001,0.76
[4],0.01,0.005,0.0,0.0,0.8,tanh,adam,0.01,32,xavier,"(-0.5, 0.5)",20,0.4529811586191274,0.8
[4],0.01,0.005,0.0,0.0,0.8,tanh,adam,0.01,32,he,"(-0.5, 0.5)",20,0.49640185614166416,0.8
[4],0.01,0.005,0.0,0.0,0.8,relu,sgd,0.0,32,xavier,"(-0.5, 0.5)",20,0.5738252351902975,0.72
[4],0.01,0.005,0.0,0.0,0.8,relu,sgd,0.0,32,he,"(-0.5, 0.5)",20,0.5699365877670004,0.76
[4],0.01,0.005,0.0,0.0,0.8,relu,sgd,0.01,32,xavier,"(-0.5, 0.5)",20,0.6737497141139911,0.52
[4],0.01,0.005,0.0,0.0,0.8,relu,sgd,0.01,32,he,"(-0.5, 0.5)",20,0.6769452255332326,0.6
[4],0.01,0.005,0.0,0.0,0.8,relu,adam,0.0,32,xavier,"(-0.5, 0.5)",20,0.2690586866551189,0.88
[4],0.01,0.005,0.0,0.0,0.8,relu,adam,0.0,32,he,"(-0.5, 0.5)",20,0.3062912050605901,0.88
[4],0.01,0.005,0.0,0.0,0.8,relu,adam,0.01,32,xavier,"(-0.5, 0.5)",20,0.4728330285583186,0.76
[4],0.01,0.005,0.0,0.0,0.8,relu,adam,0.01,32,he,"(-0.5, 0.5)",20,0.2848816095157786,0.92
[4],0.01,0.005,0.0,0.0,0.9,tanh,sgd,0.0,32,xavier,"(-0.5, 0.5)",20,0.555345571102689,0.76
[4],0.01,0.005,0.0,0.0,0.9,tanh,sgd,0.0,32,he,"(-0.5, 0.5)",20,0.4900326979645828,0.84
[4],0.01,0.005,0.0,0.0,0.9,tanh,sgd,0.01,32,xavier,"(-0.5, 0.5)",20,0.5408803511702494,0.76
[4],0.01,0.005,0.0,0.0,0.9,tanh,sgd,0.01,32,he,"(-0.5, 0.5)",20,0.48921561180223194,0.84
[4],0.01,0.005,0.0,0.0,0.9,tanh,adam,0.0,32,xavier,"(-0.5, 0.5)",20,0.4829415805730839,0.72
[4],0.01,0.005,0.0,0.0,0.9,tanh,adam,0.0,32,he,"(-0.5, 0.5)",20,0.42547945484529553,0.88
[4],0.01,0.005,0.0,0.0,0.9,tanh,adam,0.01,32,xavier,"(-0.5, 0.5)",20,0.4705803644689267,0.84
[4],0.01,0.005,0.0,0.0,0.9,tanh,adam,0.01,32,he,"(-0.5, 0.5)",20,0.5485367471221423,0.72
[4],0.01,0.005,0.0,0.0,0.9,relu,sgd,0.0,32,xavier,"(-0.5, 0.5)",20,0.5294808124546175,0.76
[4],0.01,0.005,0.0,0.0,0.9,relu,sgd,0.0,32,he,"(-0.5, 0.5)",20,0.6438281535430854,0.64
[4],0.01,0.005,0.0,0.0,0.9,relu,sgd,0.01,32,xavier,"(-0.5, 0.5)",20,0.5104315976361086,0.76
[4],0.01,0.005,0.0,0.0,0.9,relu,sgd,0.01,32,he,"(-0.5, 0.5)",20,0.5082067920576548,0.88
[4],0.01,0.005,0.0,0.0,0.9,relu,adam,0.0,32,xavier,"(-0.5, 0.5)",20,0.4330359017681577,0.8
[4],0.01,0.005,0.0,0.0,0.9,relu,adam,0.0,32,he,"(-0.5, 0.5)",20,0.38593608598448076,0.8
[4],0.01,0.005,0.0,0.0,0.9,relu,adam,0.01,32,xavier,"(-0.5, 0.5)",20,0.5368392144178763,0.84
[4],0.01,0.005,0.0,0.0,0.9,relu,adam,0.01,32,he,"(-0.5, 0.5)",20,0.41693925227892864,0.76
[4],0.01,0.005,0.0,0.1,0.8,tanh,sgd,0.0,32,xavier,"(-0.5, 0.5)",20,0.5811978447135129,0.68
[4],0.01,0.005,0.0,0.1,0.8,tanh,sgd,0.0,32,he,"(-0.5, 0.5)",20,0.6082585359112145,0.6
[4],0.01,0.005,0.0,0.1,0.8,tanh,sgd,0.01,32,xavier,"(-0.5, 0.5)",20,0.601163915160757,0.84
[4],0.01,0.005,0.0,0.1,0.8,tanh,sgd,0.01,32,he,"(-0.5, 0.5)",20,0.6654634544597723,0.64
[4],0.01,0.005,0.0,0.1,0.8,tanh,adam,0.0,32,xavier,"(-0.5, 0.5)",20,0.4692135345408137,0.88
[4],0.01,0.005,0.0,0.1,0.8,tanh,adam,0.0,32,he,"(-0.5, 0.5)",20,0.44050143413964093,0.8
[4],0.01,0.005,0.0,0.1,0.8,tanh,adam,0.01,32,xavier,"(-0.5, 0.5)",20,0.445843371556906,0.8
[4],0.01,0.005,0.0,0.1,0.8,tanh,adam,0.01,32,he,"(-0.5, 0.5)",20,0.42998406927519783,0.88
[4],0.01,0.005,0.0,0.1,0.8,relu,sgd,0.0,32,xavier,"(-0.5, 0.5)",20,0.5330630666647524,0.84
[4],0.01,0.005,0.0,0.1,0.8,relu,sgd,0.0,32,he,"(-0.5, 0.5)",20,0.5696988707295654,0.68
[4],0.01,0.005,0.0,0.1,0.8,relu,sgd,0.01,32,xavier,"(-0.5, 0.5)",20,0.5442987487105702,0.68
[4],0.01,0.005,0.0,0.1,0.8,relu,sgd,0.01,32,he,"(-0.5, 0.5)",20,0.6141645110047639,0.68
[4],0.01,0.005,0.0,0.1,0.8,relu,adam,0.0,32,xavier,"(-0.5, 0.5)",20,0.3331349676979969,0.88
[4],0.01,0.005,0.0,0.1,0.8,relu,adam,0.0,32,he,"(-0.5, 0.5)",20,0.32619231000800336,0.92
[4],0.01,0.005,0.0,0.1,0.8,relu,adam,0.01,32,xavier,"(-0.5, 0.5)",20,0.45890734717032816,0.76
[4],0.01,0.005,0.0,0.1,0.8,relu,adam,0.01,32,he,"(-0.5, 0.5)",20,0.4723622201292028,0.72
[4],0.01,0.005,0.0,0.1,0.9,tanh,sgd,0.0,32,xavier,"(-0.5, 0.5)",20,0.5498114877555533,0.76
[4],0.01,0.005,0.0,0.1,0.9,tanh,sgd,0.0,32,he,"(-0.5, 0.5)",20,0.48392831792017954,0.76
[4],0.01,0.005,0.0,0.1,0.9,tanh,sgd,0.01,32,xavier,"(-0.5, 0.5)",20,0.5583816218733165,0.8
[4],0.01,0.005,0.0,0.1,0.9,tanh,sgd,0.01,32,he,"(-0.5, 0.5)",20,0.5256487775885562,0.76
[4],0.01,0.005,0.0,0.1,0.9,tanh,adam,0.0,32,xavier,"(-0.5, 0.5)",20,0.4625000664196585,0.84
[4],0.01,0.005,0.0,0.1,0.9,tanh,adam,0.0,32,he,"(-0.5, 0.5)",20,0.4496862852528815,0.8
[4],0.01,0.005,0.0,0.1,0.9,tanh,adam,0.01,32,xavier,"(-0.5, 0.5)",20,0.5177465786181707,0.64
[4],0.01,0.005,0.0,0.1,0.9,tanh,adam,0.01,32,he,"(-0.5, 0.5)",20,0.49975163136404827,0.8
[4],0.01,0.005,0.0,0.1,0.9,relu,sgd,0.0,32,xavier,"(-0.5, 0.5)",20,0.48786034546882007,0.88
[4],0.01,0.005,0.0,0.1,0.9,relu,sgd,0.0,32,he,"(-0.5, 0.5)",20,0.5568016789015696,0.76
[4],0.01,0.005,0.0,0.1,0.9,relu,sgd,0.01,32,xavier,"(-0.5, 0.5)",20,0.5181008963580895,0.72
[4],0.01,0.005,0.0,0.1,0.9,relu,sgd,0.01,32,he,"(-0.5, 0.5)",20,0.5519114810282963,0.64
[4],0.01,0.005,0.0,0.1,0.9,relu,adam,0.0,32,xavier,"(-0.5, 0.5)",20,0.3754723109444404,0.84
[4],0.01,0.005,0.0,0.1,0.9,relu,adam,0.0,32,he,"(-0.5, 0.5)",20,0.24603970379651396,0.96
[4],0.01,0.005,0.0,0.1,0.9,relu,adam,0.01,32,xavier,"(-0.5, 0.5)",20,0.21986510276697668,0.96
[4],0.01,0.005,0.0,0.1,0.9,relu,adam,0.01,32,he,"(-0.5, 0.5)",20,0.4119438861214025,0.84
[4],0.01,0.005,0.0,0.2,0.8,tanh,sgd,0.0,32,xavier,"(-0.5, 0.5)",20,0.6211045954729465,0.64
[4],0.01,0.005,0.0,0.2,0.8,tanh,sgd,0.0,32,he,"(-0.5, 0.5)",20,0.5175214152911469,0.8
[4],0.01,0.005,0.0,0.2,0.8,tanh,sgd,0.01,32,xavier,"(-0.5, 0.5)",20,0.6006728922086657,0.76
[4],0.01,0.005,0.0,0.2,0.8,tanh,sgd,0.01,32,he,"(-0.5, 0.5)",20,0.552368827362052,0.72
[4],0.01,0.005,0.0,0.2,0.8,tanh,adam,0.0,32,xavier,"(-0.5, 0.5)",20,0.4582231850020216,0.8
[4],0.01,0.005,0.0,0.2,0.8,tanh,adam,0.0,32,he,"(-0.5, 0.5)",20,0.4726510328404179,0.8
[4],0.01,0.005,0.0,0.2,0.8,tanh,adam,0.01,32,xavier,"(-0.5, 0.5)",20,0.4826602949414171,0.84
[4],0.01,0.005,0.0,0.2,0.8,tanh,adam,0.01,32,he,"(-0.5, 0.5)",20,0.43086459157166324,0.76
[4],0.01,0.005,0.0,0.2,0.8,relu,sgd,0.0,32,xavier,"(-0.5, 0.5)",20,0.6660310492458739,0.6
[4],0.01,0.005,0.0,0.2,0.8,relu,sgd,0.0,32,he,"(-0.5, 0.5)",20,0.5071780639995732,0.76
[4],0.01,0.005,0.0,0.2,0.8,relu,sgd,0.01,32,xavier,"(-0.5, 0.5)",20,0.666507729262225,0.4
[4],0.01,0.005,0.0,0.2,0.8,relu,sgd,0.01,32,he,"(-0.5, 0.5)",20,0.6422807082841704,0.6
[4],0.01,0.005,0.0,0.2,0.8,relu,adam,0.0,32,xavier,"(-0.5, 0.5)",20,0.2456163932619194,0.96
[4],0.01,0.005,0.0,0.2,0.8,relu,adam,0.0,32,he,"(-0.5, 0.5)",20,0.3481783512939292,0.76
[4],0.01,0.005,0.0,0.2,0.8,relu,adam,0.01,32,xavier,"(-0.5, 0.5)",20,0.2628762830547897,0.92
[4],0.01,0.005,0.0,0.2,0.8,relu,adam,0.01,32,he,"(-0.5, 0.5)",20,0.3769066567225476,0.88
[4],0.01,0.005,0.0,0.2,0.9,tanh,sgd,0.0,32,xavier,"(-0.5, 0.5)",20,0.5698968489104878,0.72
[4],0.01,0.005,0.0,0.2,0.9,tanh,sgd,0.0,32,he,"(-0.5, 0.5)",20,0.4684848073053348,0.8
[4],0.01,0.005,0.0,0.2,0.9,tanh,sgd,0.01,32,xavier,"(-0.5, 0.5)",20,0.5517292006540049,0.8
[4],0.01,0.005,0.0,0.2,0.9,tanh,sgd,0.01,32,he,"(-0.5, 0.5)",20,0.5744482574109349,0.8
[4],0.01,0.005,0.0,0.2,0.9,tanh,adam,0.0,32,xavier,"(-0.5, 0.5)",20,0.41224912463509333,0.88
[4],0.01,0.005,0.0,0.2,0.9,tanh,adam,0.0,32,he,"(-0.5, 0.5)",20,0.5842300757356089,0.6
[4],0.01,0.005,0.0,0.2,0.9,tanh,adam,0.01,32,xavier,"(-0.5, 0.5)",20,0.47106260534892785,0.8
[4],0.01,0.005,0.0,0.2,0.9,tanh,adam,0.01,32,he,"(-0.5, 0.5)",20,0.450640859787868,0.8
[4],0.01,0.005,0.0,0.2,0.9,relu,sgd,0.0,32,xavier,"(-0.5, 0.5)",20,0.6163344570626282,0.76
[4],0.01,0.005,0.0,0.2,0.9,relu,sgd,0.0,32,he,"(-0.5, 0.5)",20,0.47247940806304944,0.88
[4],0.01,0.005,0.0,0.2,0.9,relu,sgd,0.01,32,xavier,"(-0.5, 0.5)",20,0.5769693775706635,0.72
[4],0.01,0.005,0.0,0.2,0.9,relu,sgd,0.01,32,he,"(-0.5, 0.5)",20,0.554648907473432,0.68
[4],0.01,0.005,0.0,0.2,0.9,relu,adam,0.0,32,xavier,"(-0.5, 0.5)",20,0.3965231505581758,0.88
[4],0.01,0.005,0.0,0.2,0.9,relu,adam,0.0,32,he,"(-0.5, 0.5)",20,0.45321776950926673,0.84
[4],0.01,0.005,0.0,0.2,0.9,relu,adam,0.01,32,xavier,"(-0.5, 0.5)",20,0.4020995406942713,0.8
[4],0.01,0.005,0.0,0.2,0.9,relu,adam,0.01,32,he,"(-0.5, 0.5)",20,0.5244401601698393,0.72
[4],0.01,0.005,0.002,0.0,0.8,tanh,sgd,0.0,32,xavier,"(-0.5, 0.5)",20,0.6141537742991975,0.64
[4],0.01,0.005,0.002,0.0,0.8,tanh,sgd,0.0,32,he,"(-0.5, 0.5)",20,0.5766837706714261,0.68
[4],0.01,0.005,0.002,0.0,0.8,tanh,sgd,0.01,32,xavier,"(-0.5, 0.5)",20,0.6024443428919515,0.68
[4],0.01,0.005,0.002,0.0,0.8,tanh,sgd,0.01,32,he,"(-0.5, 0.5)",20,0.5327151169908874,0.8
[4],0.01,0.005,0.002,0.0,0.8,tanh,adam,0.0,32,xavier,"(-0.5, 0.5)",20,0.4641769290812952,0.8
[4],0.01,0.005,0.002,0.0,0.8,tanh,adam,0.0,32,he,"(-0.5, 0.5)",20,0.34759332451272984,0.88
[4],0.01,0.005,0.002,0.0,0.8,tanh,adam,0.01,32,xavier,"(-0.5, 0.5)",20,0.48077157177306395,0.76
[4],0.01,0.005,0.002,0.0,0.8,tanh,adam,0.01,32,he,"(-0.5, 0.5)",20,0.4454077216889221,0.88
[4],0.01,0.005,0.002,0.0,0.8,relu,sgd,0.0,32,xavier,"(-0.5, 0.5)",20,0.6305747765847676,0.76
[4],0.01,0.005,0.002,0.0,0.8,relu,sgd,0.0,32,he,"(-0.5, 0.5)",20,0.6683054318753414,0.6
[4],0.01,0.005,0.002,0.0,0.8,relu,sgd,0.01,32,xavier,"(-0.5, 0.5)",20,0.6097303377710106,0.44
[4],0.01,0.005,0.002,0.0,0.8,relu,sgd,0.01,32,he,"(-0.5, 0.5)",20,0.6417283769844555,0.52
[4],0.01,0.005,0.002,0.0,0.8,relu,adam,0.0,32,xavier,"(-0.5, 0.5)",20,0.1604495074917973,1.0
[4],0.01,0.005,0.002,0.0,0.8,relu,adam,0.0,32,he,"(-0.5, 0.5)",20,0.2847726054674178,0.88
[4],0.01,0.005,0.002,0.0,0.8,relu,adam,0.01,32,xavier,"(-0.5, 0.5)",20,0.18928748512800075,1.0
[4],0.01,0.005,0.002,0.0,0.8,relu,adam,0.01,32,he,"(-0.5, 0.5)",20,0.3383556923937608,0.84
[4],0.01,0.005,0.002,0.0,0.9,tanh,sgd,0.0,32,xavier,"(-0.5, 0.5)",20,0.5848995265437004,0.64
[4],0.01,0.005,0.002,0.0,0.9,tanh,sgd,0.0,32,he,"(-0.5, 0.5)",20,0.4815044799378362,0.8
[4],0.01,0.005,0.002,0.0,0.9,tanh,sgd,0.01,32,xavier,"(-0.5, 0.5)",20,0.5063308148046576,0.76
[4],0.01,0.005,0.002,0.0,0.9,tanh,sgd,0.01,32,he,"(-0.5, 0.5)",20,0.5034990895617718,0.84
[4],0.01,0.005,0.002,0.0,0.9,tanh,adam,0.0,32,xavier,"(-0.5, 0.5)",20,0.4801944911003923,0.8
[4],0.01,0.005,0.002,0.0,0.9,tanh,adam,0.0,32,he,"(-0.5, 0.5)",20,0.4814124363765212,0.68
[4],0.01,0.005,0.002,0.0,0.9,tanh,adam,0.01,32,xavier,"(-0.5, 0.5)",20,0.455859072328971,0.8
[4],0.01,0.005,0.002,0.0,0.9,tanh,adam,0.01,32,he,"(-0.5, 0.5)",20,0.4646588884098501,0.76
[4],0.01,0.005,0.002,0.0,0.9,relu,sgd,0.0,32,xavier,"(-0.5, 0.5)",20,0.46037651715989725,0.84
[4],0.01,0.005,0.002,0.0,0.9,relu,sgd,0.0,32,he,"(-0.5, 0.5)",20,0.4885818556744073,0.76
[4],0.01,0.005,0.002,0.0,0.9,relu,sgd,0.01,32,xavier,"(-0.5, 0.5)",20,0.5752146953948266,0.52
[4],0.01,0.005,0.002,0.0,0.9,relu,sgd,0.01,32,he,"(-0.5, 0.5)",20,0.5932337952632841,0.68
[4],0.01,0.005,0.002,0.0,0.9,relu,adam,0.0,32,xavier,"(-0.5, 0.5)",20,0.37956162284239525,0.8
[4],0.01,0.005,0.002,0.0,0.9,relu,adam,0.0,32,he,"(-0.5, 0.5)",20,0.3932394640805141,0.68
[4],0.01,0.005,0.002,0.0,0.9,relu,adam,0.01,32,xavier,"(-0.5, 0.5)",20,0.2651662809739708,0.88
[4],0.01,0.005,0.002,0.0,0.9,relu,adam,0.01,32,he,"(-0.5, 0.5)",20,0.5218693982473835,0.8
[4],0.01,0.005,0.002,0.1,0.8,tanh,sgd,0.0,32,xavier,"(-0.5, 0.5)",20,0.5646424147816099,0.72
[4],0.01,0.005,0.002,0.1,0.8,tanh,sgd,0.0,32,he,"(-0.5, 0.5)",20,0.5964972786359061,0.64
[4],0.01,0.005,0.002,0.1,0.8,tanh,sgd,0.01,32,xavier,"(-0.5, 0.5)",20,0.5850296381037635,0.72
[4],0.01,0.005,0.002,0.1,0.8,tanh,sgd,0.01,32,he,"(-0.5, 0.5)",20,0.5818846565677743,0.76
[4],0.01,0.005,0.002,0.1,0.8,tanh,adam,0.0,32,xavier,"(-0.5, 0.5)",20,0.4094194537757953,0.8
[4],0.01,0.005,0.002,0.1,0.8,tanh,adam,0.0,32,he,"(-0.5, 0.5)",20,0.39765829949749737,0.84
[4],0.01,0.005,0.002,0.1,0.8,tanh,adam,0.01,32,xavier,"(-0.5, 0.5)",20,0.40962308383295964,0.8
[4],0.01,0.005,0.002,0.1,0.8,tanh,adam,0.01,32,he,"(-0.5, 0.5)",20,0.4614541396867839,0.8
[4],0.01,0.005,0.002,0.1,0.8,relu,sgd,0.0,32,xavier,"(-0.5, 0.5)",20,0.586105218932196,0.64
[4],0.01,0.005,0.002,0.1,0.8,relu,sgd,0.0,32,he,"(-0.5, 0.5)",20,0.5016658278363383,0.76
[4],0.01,0.005,0.002,0.1,0.8,relu,sgd,0.01,32,xavier,"(-0.5, 0.5)",20,0.6511068864426757,0.84
[4],0.01,0.005,0.002,0.1,0.8,relu,sgd,0.01,32,he,"(-0.5, 0.5)",20,0.6754836605745203,0.48
[4],0.01,0.005,0.002,0.1,0.8,relu,adam,0.0,32,xavier,"(-0.5, 0.5)",20,0.19675982357496044,1.0
[4],0.01,0.005,0.002,0.1,0.8,relu,adam,0.0,32,he,"(-0.5, 0.5)",20,0.3741080208609854,0.84
[4],0.01,0.005,0.002,0.1,0.8,relu,adam,0.01,32,xavier,"(-0.5, 0.5)",20,0.3315618250158516,0.84
[4],0.01,0.005,0.002,0.1,0.8,relu,adam,0.01,32,he,"(-0.5, 0.5)",20,0.3401439233868065,0.8
[4],0.01,0.005,0.002,0.1,0.9,tanh,sgd,0.0,32,xavier,"(-0.5, 0.5)",20,0.4947565531600592,0.84
[4],0.01,0.005,0.002,0.1,0.9,tanh,sgd,0.0,32,he,"(-0.5, 0.5)",20,0.498583570950254,0.8
[4],0.01,0.005,0.002,0.1,0.9,tanh,sgd,0.01,32,xavier,"(-0.5, 0.5)",20,0.5054185277521028,0.8
[4],0.01,0.005,0.002,0.1,0.9,tanh,sgd,0.01,32,he,"(-0.5, 0.5)",20,0.4827051776334929,0.76
[4],0.01,0.005,0.002,0.1,0.9,tanh,adam,0.0,32,xavier,"(-0.5, 0.5)",20,0.5045196552597677,0.8
[4],0.01,0.005,0.002,0.1,0.9,tanh,adam,0.0,32,he,"(-0.5, 0.5)",20,0.4367984733741462,0.84
[4],0.01,0.005,0.002,0.1,0.9,tanh,adam,0.01,32,xavier,"(-0.5, 0.5)",20,0.48595091795990975,0.84
[4],0.01,0.005,0.002,0.1,0.9,tanh,adam,0.01,32,he,"(-0.5, 0.5)",20,0.49971899792414903,0.76
[4],0.01,0.005,0.002,0.1,0.9,relu,sgd,0.0,32,xavier,"(-0.5, 0.5)",20,0.5252009781460402,0.72
[4],0.01,0.005,0.002,0.1,0.9,relu,sgd,0.0,32,he,"(-0.5, 0.5)",20,0.5593774866695739,0.56
[4],0.01,0.005,0.002,0.1,0.9,relu,sgd,0.01,32,xavier,"(-0.5, 0.5)",20,0.6280655434254369,0.52
[4],0.01,0.005,0.002,0.1,0.9,relu,sgd,0.01,32,he,"(-0.5, 0.5)",20,0.5630959068069005,0.72
[4],0.01,0.005,0.002,0.1,0.9,relu,adam,0.0,32,xavier,"(-0.5, 0.5)",20,0.340693732632809,0.88
[4],0.01,0.005,0.002,0.1,0.9,relu,adam,0.0,32,he,"(-0.5, 0.5)",20,0.3903951092338825,0.68
[4],0.01,0.005,0.002,0.1,0.9,relu,adam,0.01,32,xavier,"(-0.5, 0.5)",20,0.37641273768081973,0.88
[4],0.01,0.005,0.002,0.1,0.9,relu,adam,0.01,32,he,"(-0.5, 0.5)",20,0.538695675196428,0.6
[4],0.01,0.005,0.002,0.2,0.8,tanh,sgd,0.0,32,xavier,"(-0.5, 0.5)",20,0.5730289034019507,0.76
[4],0.01,0.005,0.002,0.2,0.8,tanh,sgd,0.0,32,he,"(-0.5, 0.5)",20,0.5877697348676018,0.84
[4],0.01,0.005,0.002,0.2,0.8,tanh,sgd,0.01,32,xavier,"(-0.5, 0.5)",20,0.5471398324179053,0.84
[4],0.01,0.005,0.002,0.2,0.8,tanh,sgd,0.01,32,he,"(-0.5, 0.5)",20,0.6726980323613263,0.6
[4],0.01,0.005,0.002,0.2,0.8,tanh,adam,0.0,32,xavier,"(-0.5, 0.5)",20,0.453213662552186,0.8
[4],0.01,0.005,0.002,0.2,0.8,tanh,adam,0.0,32,he,"(-0.5, 0.5)",20,0.46567180229099864,0.8
[4],0.01,0.005,0.002,0.2,0.8,tanh,adam,0.01,32,xavier,"(-0.5, 0.5)",20,0.4434559203960836,0.8
[4],0.01,0.005,0.002,0.2,0.8,tanh,adam,0.01,32,he,"(-0.5, 0.5)",20,0.4723886641116994,0.76
[4],0.01,0.005,0.002,0.2,0.8,relu,sgd,0.0,32,xavier,"(-0.5, 0.5)",20,0.6379816283441331,0.6
[4],0.01,0.005,0.002,0.2,0.8,relu,sgd,0.0,32,he,"(-0.5, 0.5)",20,0.560086747365479,0.68
[4],0.01,0.005,0.002,0.2,0.8,relu,sgd,0.01,32,xavier,"(-0.5, 0.5)",20,0.6901279376936766,0.52
[4],0.01,0.005,0.002,0.2,0.8,relu,sgd,0.01,32,he,"(-0.5, 0.5)",20,0.6993592935546509,0.32
[4],0.01,0.005,0.002,0.2,0.8,relu,adam,0.0,32,xavier,"(-0.5, 0.5)",20,0.4363405770473301,0.8
[4],0.01,0.005,0.002,0.2,0.8,relu,adam,0.0,32,he,"(-0.5, 0.5)",20,0.2977536199087292,0.88
[4],0.01,0.005,0.002,0.2,0.8,relu,adam,0.01,32,xavier,"(-0.5, 0.5)",20,0.45749625338079347,0.8
[4],0.01,0.005,0.002,0.2,0.8,relu,adam,0.01,32,he,"(-0.5, 0.5)",20,0.4644985735825452,0.72
[4],0.01,0.005,0.002,0.2,0.9,tanh,sgd,0.0,32,xavier,"(-0.5, 0.5)",20,0.5719258199720322,0.72
[4],0.01,0.005,0.002,0.2,0.9,tanh,sgd,0.0,32,he,"(-0.5, 0.5)",20,0.5052316640856278,0.84
[4],0.01,0.005,0.002,0.2,0.9,tanh,sgd,0.01,32,xavier,"(-0.5, 0.5)",20,0.5573297982672801,0.72
[4],0.01,0.005,0.002,0.2,0.9,tanh,sgd,0.01,32,he,"(-0.5, 0.5)",20,0.5268800916301335,0.8
[4],0.01,0.005,0.002,0.2,0.9,tanh,adam,0.0,32,xavier,"(-0.5, 0.5)",20,0.45197619675660206,0.8
[4],0.01,0.005,0.002,0.2,0.9,tanh,adam,0.0,32,he,"(-0.5, 0.5)",20,0.4715156124099513,0.84
[4],0.01,0.005,0.002,0.2,0.9,tanh,adam,0.01,32,xavier,"(-0.5, 0.5)",20,0.41510145941172993,0.76
[4],0.01,0.005,0.002,0.2,0.9,tanh,adam,0.01,32,he,"(-0.5, 0.5)",20,0.5029620253386113,0.8
[4],0.01,0.005,0.002,0.2,0.9,relu,sgd,0.0,32,xavier,"(-0.5, 0.5)",20,0.5794044393641561,0.64
[4],0.01,0.005,0.002,0.2,0.9,relu,sgd,0.0,32,he,"(-0.5, 0.5)",20,0.5635575093239772,0.72
[4],0.01,0.005,0.002,0.2,0.9,relu,sgd,0.01,32,xavier,"(-0.5, 0.5)",20,0.49898237177512467,0.8
[4],0.01,0.005,0.002,0.2,0.9,relu,sgd,0.01,32,he,"(-0.5, 0.5)",20,0.6436458770957094,0.52
[4],0.01,0.005,0.002,0.2,0.9,relu,adam,0.0,32,xavier,"(-0.5, 0.5)",20,0.29646007379614725,0.92
[4],0.01,0.005,0.002,0.2,0.9,relu,adam,0.0,32,he,"(-0.5, 0.5)",20,0.6920536196144811,0.48
[4],0.01,0.005,0.002,0.2,0.9,relu,adam,0.01,32,xavier,"(-0.5, 0.5)",20,0.5496605094224973,0.64
[4],0.01,0.005,0.002,0.2,0.9,relu,adam,0.01,32,he,"(-0.5, 0.5)",20,0.594064701228287,0.56
[4],0.01,0.01,0.0,0.0,0.8,tanh,sgd,0.0,32,xavier,"(-0.5, 0.5)",20,0.5879303660846128,0.68
[4],0.01,0.01,0.0,0.0,0.8,tanh,sgd,0.0,32,he,"(-0.5, 0.5)",20,0.6931912098391659,0.6
[4],0.01,0.01,0.0,0.0,0.8,tanh,sgd,0.01,32,xavier,"(-0.5, 0.5)",20,0.549705302383884,0.84
[4],0.01,0.01,0.0,0.0,0.8,tanh,sgd,0.01,32,he,"(-0.5, 0.5)",20,0.6194185543063752,0.68
[4],0.01,0.01,0.0,0.0,0.8,tanh,adam,0.0,32,xavier,"(-0.5, 0.5)",20,0.5055298392698617,0.76
[4],0.01,0.01,0.0,0.0,0.8,tanh,adam,0.0,32,he,"(-0.5, 0.5)",20,0.414701522247237,0.8
[4],0.01,0.01,0.0,0.0,0.8,tanh,adam,0.01,32,xavier,"(-0.5, 0.5)",20,0.4633375791013435,0.84
[4],0.01,0.01,0.0,0.0,0.8,tanh,adam,0.01,32,he,"(-0.5, 0.5)",20,0.4646367667958858,0.84
[4],0.01,0.01,0.0,0.0,0.8,relu,sgd,0.0,32,xavier,"(-0.5, 0.5)",20,0.6517978297115429,0.72
[4],0.01,0.01,0.0,0.0,0.8,relu,sgd,0.0,32,he,"(-0.5, 0.5)",20,0.6597339368494689,0.56
[4],0.01,0.01,0.0,0.0,0.8,relu,sgd,0.01,32,xavier,"(-0.5, 0.5)",20,0.604524516381497,0.76
[4],0.01,0.01,0.0,0.0,0.8,relu,sgd,0.01,32,he,"(-0.5, 0.5)",20,0.7067706595336075,0.56
[4],0.01,0.01,0.0,0.0,0.8,relu,adam,0.0,32,xavier,"(-0.5, 0.5)",20,0.37790829222077893,0.84
[4],0.01,0.01,0.0,0.0,0.8,relu,adam,0.0,32,he,"(-0.5, 0.5)",20,0.4049144606992538,0.8
[4],0.01,0.01,0.0,0.0,0.8,relu,adam,0.01,32,xavier,"(-0.5, 0.5)",20,0.2391610847245669,0.88
[4],0.01,0.01,0.0,0.0,0.8,relu,adam,0.01,32,he,"(-0.5, 0.5)",20,0.4090156630274696,0.8
[4],0.01,0.01,0.0,0.0,0.9,tanh,sgd,0.0,32,xavier,"(-0.5, 0.5)",20,0.5066948775121485,0.84
[4],0.01,0.01,0.0,0.0,0.9,tanh,sgd,0.0,32,he,"(-0.5, 0.5)",20,0.47533212973803746,0.88
[4],0.01,0.01,0.0,0.0,0.9,tanh,sgd,0.01,32,xavier,"(-0.5, 0.5)",20,0.5265512605843675,0.84
[4],0.01,0.01,0.0,0.0,0.9,tanh,sgd,0.01,32,he,"(-0.5, 0.5)",20,0.5282094800649306,0.84
[4],0.01,0.01,0.0,0.0,0.9,tanh,adam,0.0,32,xavier,"(-0.5, 0.5)",20,0.5209025121556656,0.8
[4],0.01,0.01,0.0,0.0,0.9,tanh,adam,0.0,32,he,"(-0.5, 0.5)",20,0.4155307863494661,0.8
[4],0.01,0.01,0.0,0.0,0.9,tanh,adam,0.01,32,xavier,"(-0.5, 0.5)",20,0.47359516085817044,0.8
[4],0.01,0.01,0.0,0.0,0.9,tanh,adam,0.01,32,he,"(-0.5, 0.5)",20,0.4557180612811784,0.8
[4],0.01,0.01,0.0,0.0,0.9,relu,sgd,0.0,32,xavier,"(-0.5, 0.5)",20,0.5713758707101143,0.56
[4],0.01,0.01,0.0,0.0,0.9,relu,sgd,0.0,32,he,"(-0.5, 0.5)",20,0.5218627842617157,0.64
[4],0.01,0.01,0.0,0.0,0.9,relu,sgd,0.01,32,xavier,"(-0.5, 0.5)",20,0.4922743297978988,0.8
[4],0.01,0.01,0.0,0.0,0.9,relu,sgd,0.01,32,he,"(-0.5, 0.5)",20,0.6017068214861127,0.64
[4],0.01,0.01,0.0,0.0,0.9,relu,adam,0.0,32,xavier,"(-0.5, 0.5)",20,0.4484226159482718,0.76
[4],0.01,0.01,0.0,0.0,0.9,relu,adam,0.0,32,he,"(-0.5, 0.5)",20,0.3164424987021618,0.88
[4],0.01,0.01,0.0,0.0,0.9,relu,adam,0.01,32,xavier,"(-0.5, 0.5)",20,0.362595743143393,0.84
[4],0.01,0.01,0.0,0.0,0.9,relu,adam,0.01,32,he,"(-0.5, 0.5)",20,0.4058837181210901,0.84
[4],0.01,0.01,0.0,0.1,0.8,tanh,sgd,0.0,32,xavier,"(-0.5, 0.5)",20,0.5316049054437895,0.76
[4],0.01,0.01,0.0,0.1,0.8,tanh,sgd,0.0,32,he,"(-0.5, 0.5)",20,0.5249231383597015,0.88
[4],0.01,0.01,0.0,0.1,0.8,tanh,sgd,0.01,32,xavier,"(-0.5, 0.5)",20,0.576338425961712,0.72
[4],0.01,0.01,0.0,0.1,0.8,tanh,sgd,0.01,32,he,"(-0.5, 0.5)",20,0.5984298596278397,0.8
[4],0.01,0.01,0.0,0.1,0.8,tanh,adam,0.0,32,xavier,"(-0.5, 0.5)",20,0.5027737599853336,0.8
[4],0.01,0.01,0.0,0.1,0.8,tanh,adam,0.0,32,he,"(-0.5, 0.5)",20,0.43438768545971135,0.84
[4],0.01,0.01,0.0,0.1,0.8,tanh,adam,0.01,32,xavier,"(-0.5, 0.5)",20,0.4537480717759953,0.76
[4],0.01,0.01,0.0,0.1,0.8,tanh,adam,0.01,32,he,"(-0.5, 0.5)",20,0.48399506443278606,0.8
[4],0.01,0.01,0.0,0.1,0.8,relu,sgd,0.0,32,xavier,"(-0.5, 0.5)",20,0.6523415299185047,0.72
[4],0.01,0.01,0.0,0.1,0.8,relu,sgd,0.0,32,he,"(-0.5, 0.5)",20,0.5333741109333603,0.8
[4],0.01,0.01,0.0,0.1,0.8,relu,sgd,0.01,32,xavier,"(-0.5, 0.5)",20,0.683937617848786,0.48
[4],0.01,0.01,0.0,0.1,0.8,relu,sgd,0.01,32,he,"(-0.5, 0.5)",20,0.6609828251819257,0.56
[4],0.01,0.01,0.0,0.1,0.8,relu,adam,0.0,32,xavier,"(-0.5, 0.5)",20,0.3107428406356723,0.88
[4],0.01,0.01,0.0,0.1,0.8,relu,adam,0.0,32,he,"(-0.5, 0.5)",20,0.400516300316224,0.96
[4],0.01,0.01,0.0,0.1,0.8,relu,adam,0.01,32,xavier,"(-0.5, 0.5)",20,0.30543402770548256,0.96
[4],0.01,0.01,0.0,0.1,0.8,relu,adam,0.01,32,he,"(-0.5, 0.5)",20,0.39744125031464594,0.8
[4],0.01,0.01,0.0,0.1,0.9,tanh,sgd,0.0,32,xavier,"(-0.5, 0.5)",20,0.5156596644623526,0.76
[4],0.01,0.01,0.0,0.1,0.9,tanh,sgd,0.0,32,he,"(-0.5, 0.5)",20,0.4966541007295453,0.88
[4],0.01,0.01,0.0,0.1,0.9,tanh,sgd,0.01,32,xavier,"(-0.5, 0.5)",20,0.5720674746150449,0.64
[4],0.01,0.01,0.0,0.1,0.9,tanh,sgd,0.01,32,he,"(-0.5, 0.5)",20,0.4887675480393498,0.8
[4],0.01,0.01,0.0,0.1,0.9,tanh,adam,0.0,32,xavier,"(-0.5, 0.5)",20,0.5004428989493167,0.76
[4],0.01,0.01,0.0,0.1,0.9,tanh,adam,0.0,32,he,"(-0.5, 0.5)",20,0.48910129095568333,0.84
[4],0.01,0.01,0.0,0.1,0.9,tanh,adam,0.01,32,xavier,"(-0.5, 0.5)",20,0.5360970260833474,0.76
[4],0.01,0.01,0.0,0.1,0.9,tanh,adam,0.01,32,he,"(-0.5, 0.5)",20,0.48869750689498875,0.88
[4],0.01,0.01,0.0,0.1,0.9,relu,sgd,0.0,32,xavier,"(-0.5, 0.5)",20,0.5797332911884013,0.68
[4],0.01,0.01,0.0,0.1,0.9,relu,sgd,0.0,32,he,"(-0.5, 0.5)",20,0.49585713350260785,0.8
[4],0.01,0.01,0.0,0.1,0.9,relu,sgd,0.01,32,xavier,"(-0.5, 0.5)",20,0.6816479384204694,0.48
[4],0.01,0.01,0.0,0.1,0.9,relu,sgd,0.01,32,he,"(-0.5, 0.5)",20,0.5226299126586927,0.8
[4],0.01,0.01,0.0,0.1,0.9,relu,adam,0.0,32,xavier,"(-0.5, 0.5)",20,0.31927592278564004,0.8
[4],0.01,0.01,0.0,0.1,0.9,relu,adam,0.0,32,he,"(-0.5, 0.5)",20,0.31734780961466963,0.96
[4],0.01,0.01,0.0,0.1,0.9,relu,adam,0.01,32,xavier,"(-0.5, 0.5)",20,0.38893025357953276,0.88
[4],0.01,0.01,0.0,0.1,0.9,relu,adam,0.01,32,he,"(-0.5, 0.5)",20,0.30693186055352484,0.96
[4],0.01,0.01,0.0,0.2,0.8,tanh,sgd,0.0,32,xavier,"(-0.5, 0.5)",20,0.5987071905248479,0.68
[4],0.01,0.01,0.0,0.2,0.8,tanh,sgd,0.0,32,he,"(-0.5, 0.5)",20,0.5757699578210855,0.84
[4],0.01,0.01,0.0,0.2,0.8,tanh,sgd,0.01,32,xavier,"(-0.5, 0.5)",20,0.6491701257571807,0.64
[4],0.01,0.01,0.0,0.2,0.8,tanh,sgd,0.01,32,he,"(-0.5, 0.5)",20,0.6501004746259333,0.6
[4],0.01,0.01,0.0,0.2,0.8,tanh,adam,0.0,32,xavier,"(-0.5, 0.5)",20,0.49690282790831775,0.8
[4],0.01,0.01,0.0,0.2,0.8,tanh,adam,0.0,32,he,"(-0.5, 0.5)",20,0.46593133964202893,0.84
[4],0.01,0.01,0.0,0.2,0.8,tanh,adam,0.01,32,xavier,"(-0.5, 0.5)",20,0.48328933035891997,0.8
[4],0.01,0.01,0.0,0.2,0.8,tanh,adam,0.01,32,he,"(-0.5, 0.5)",20,0.5524030834698279,0.76
[4],0.01,0.01,0.0,0.2,0.8,relu,sgd,0.0,32,xavier,"(-0.5, 0.5)",20,0.5422680434694942,0.76
[4],0.01,0.01,0.0,0.2,0.8,relu,sgd,0.0,32,he,"(-0.5, 0.5)",20,0.48068321923273666,0.8
[4],0.01,0.01,0.0,0.2,0.8,relu,sgd,0.01,32,xavier,"(-0.5, 0.5)",20,0.6053222138267266,0.68
[4],0.01,0.01,0.0,0.2,0.8,relu,sgd,0.01,32,he,"(-0.5, 0.5)",20,0.7083868004281142,0.4
[4],0.01,0.01,0.0,0.2,0.8,relu,adam,0.0,32,xavier,"(-0.5, 0.5)",20,0.21973459764518224,0.92
[4],0.01,0.01,0.0,0.2,0.8,relu,adam,0.0,32,he,"(-0.5, 0.5)",20,0.2988222691495265,0.84
[4],0.01,0.01,0.0,0.2,0.8,relu,adam,0.01,32,xavier,"(-0.5, 0.5)",20,0.434947641821549,0.8
[4],0.01,0.01,0.0,0.2,0.8,relu,adam,0.01,32,he,"(-0.5, 0.5)",20,0.5230429022670254,0.68
[4],0.01,0.01,0.0,0.2,0.9,tanh,sgd,0.0,32,xavier,"(-0.5, 0.5)",20,0.5213384577475221,0.68
[4],0.01,0.01,0.0,0.2,0.9,tanh,sgd,0.0,32,he,"(-0.5, 0.5)",20,0.4776398458777205,0.84
[4],0.01,0.01,0.0,0.2,0.9,tanh,sgd,0.01,32,xavier,"(-0.5, 0.5)",20,0.5105449478793992,0.8
[4],0.01,0.01,0.0,0.2,0.9,tanh,sgd,0.01,32,he,"(-0.5, 0.5)",20,0.5273014216165103,0.76
[4],0.01,0.01,0.0,0.2,0.9,tanh,adam,0.0,32,xavier,"(-0.5, 0.5)",20,0.4050582122294485,0.84
[4],0.01,0.01,0.0,0.2,0.9,tanh,adam,0.0,32,he,"(-0.5, 0.5)",20,0.44205602574127484,0.8
[4],0.01,0.01,0.0,0.2,0.9,tanh,adam,0.01,32,xavier,"(-0.5, 0.5)",20,0.5421827887208135,0.72
[4],0.01,0.01,0.0,0.2,0.9,tanh,adam,0.01,32,he,"(-0.5, 0.5)",20,0.4773569754757822,0.8
[4],0.01,0.01,0.0,0.2,0.9,relu,sgd,0.0,32,xavier,"(-0.5, 0.5)",20,0.4642773115169309,0.8
[4],0.01,0.01,0.0,0.2,0.9,relu,sgd,0.0,32,he,"(-0.5, 0.5)",20,0.5007889730839696,0.8
[4],0.01,0.01,0.0,0.2,0.9,relu,sgd,0.01,32,xavier,"(-0.5, 0.5)",20,0.5522679036809479,0.76
[4],0.01,0.01,0.0,0.2,0.9,relu,sgd,0.01,32,he,"(-0.5, 0.5)",20,0.4951864999119509,0.76
[4],0.01,0.01,0.0,0.2,0.9,relu,adam,0.0,32,xavier,"(-0.5, 0.5)",20,0.40577414052618976,0.84
[4],0.01,0.01,0.0,0.2,0.9,relu,adam,0.0,32,he,"(-0.5, 0.5)",20,0.40123520497298537,0.88
[4],0.01,0.01,0.0,0.2,0.9,relu,adam,0.01,32,xavier,"(-0.5, 0.5)",20,0.361682081464337,0.88
[4],0.01,0.01,0.0,0.2,0.9,relu,adam,0.01,32,he,"(-0.5, 0.5)",20,0.4697291310152004,0.88
[4],0.01,0.01,0.002,0.0,0.8,tanh,sgd,0.0,32,xavier,"(-0.5, 0.5)",20,0.5056203038380978,0.88
[4],0.01,0.01,0.002,0.0,0.8,tanh,sgd,0.0,32,he,"(-0.5, 0.5)",20,0.6486357969502042,0.56
[4],0.01,0.01,0.002,0.0,0.8,tanh,sgd,0.01,32,xavier,"(-0.5, 0.5)",20,0.5700874380382257,0.72
[4],0.01,0.01,0.002,0.0,0.8,tanh,sgd,0.01,32,he,"(-0.5, 0.5)",20,0.6005258626517826,0.72
[4],0.01,0.01,0.002,0.0,0.8,tanh,adam,0.0,32,xavier,"(-0.5, 0.5)",20,0.42378104573322295,0.88
[4],0.01,0.01,0.002,0.0,0.8,tanh,adam,0.0,32,he,"(-0.5, 0.5)",20,0.3559405154899827,0.84
[4],0.01,0.01,0.002,0.0,0.8,tanh,adam,0.01,32,xavier,"(-0.5, 0.5)",20,0.5060277874657879,0.8
[4],0.01,0.01,0.002,0.0,0.8,tanh,adam,0.01,32,he,"(-0.5, 0.5)",20,0.4667384541790758,0.8
[4],0.01,0.01,0.002,0.0,0.8,relu,sgd,0.0,32,xavier,"(-0.5, 0.5)",20,0.6553733240559346,0.6
[4],0.01,0.01,0.002,0.0,0.8,relu,sgd,0.0,32,he,"(-0.5, 0.5)",20,0.6502196682953959,0.64
[4],0.01,0.01,0.002,0.0,0.8,relu,sgd,0.01,32,xavier,"(-0.5, 0.5)",20,0.6964720940390445,0.6
[4],0.01,0.01,0.002,0.0,0.8,relu,sgd,0.01,32,he,"(-0.5, 0.5)",20,0.6128391697329336,0.64
[4],0.01,0.01,0.002,0.0,0.8,relu,adam,0.0,32,xavier,"(-0.5, 0.5)",20,0.39293514592130196,0.84
[4],0.01,0.01,0.002,0.0,0.8,relu,adam,0.0,32,he,"(-0.5, 0.5)",20,0.36146125262825085,0.92
[4],0.01,0.01,0.002,0.0,0.8,relu,adam,0.01,32,xavier,"(-0.5, 0.5)",20,0.4620406960382495,0.8
[4],0.01,0.01,0.002,0.0,0.8,relu,adam,0.01,32,he,"(-0.5, 0.5)",20,0.4060249056895001,0.8
[4],0.01,0.01,0.002,0.0,0.9,tanh,sgd,0.0,32,xavier,"(-0.5, 0.5)",20,0.53080959362336,0.84
[4],0.01,0.01,0.002,0.0,0.9,tanh,sgd,0.0,32,he,"(-0.5, 0.5)",20,0.5895496694325042,0.76
[4],0.01,0.01,0.002,0.0,0.9,tanh,sgd,0.01,32,xavier,"(-0.5, 0.5)",20,0.5165094473106763,0.88
[4],0.01,0.01,0.002,0.0,0.9,tanh,sgd,0.01,32,he,"(-0.5, 0.5)",20,0.7610772804297301,0.36
[4],0.01,0.01,0.002,0.0,0.9,tanh,adam,0.0,32,xavier,"(-0.5, 0.5)",20,0.4786231875138803,0.88
[4],0.01,0.01,0.002,0.0,0.9,tanh,adam,0.0,32,he,"(-0.5, 0.5)",20,0.39661108158331876,0.76
[4],0.01,0.01,0.002,0.0,0.9,tanh,adam,0.01,32,xavier,"(-0.5, 0.5)",20,0.47427255304047805,0.84
[4],0.01,0.01,0.002,0.0,0.9,tanh,adam,0.01,32,he,"(-0.5, 0.5)",20,0.47592444612327806,0.84
[4],0.01,0.01,0.002,0.0,0.9,relu,sgd,0.0,32,xavier,"(-0.5, 0.5)",20,0.6478591789569148,0.64
[4],0.01,0.01,0.002,0.0,0.9,relu,sgd,0.0,32,he,"(-0.5, 0.5)",20,0.629899080300217,0.52
[4],0.01,0.01,0.002,0.0,0.9,relu,sgd,0.01,32,xavier,"(-0.5, 0.5)",20,0.45999576737327336,0.84
[4],0.01,0.01,0.002,0.0,0.9,relu,sgd,0.01,32,he,"(-0.5, 0.5)",20,0.5147683640932521,0.84
[4],0.01,0.01,0.002,0.0,0.9,relu,adam,0.0,32,xavier,"(-0.5, 0.5)",20,0.4120819650186204,0.8
[4],0.01,0.01,0.002,0.0,0.9,relu,adam,0.0,32,he,"(-0.5, 0.5)",20,0.18832542430255408,1.0
[4],0.01,0.01,0.002,0.0,0.9,relu,adam,0.01,32,xavier,"(-0.5, 0.5)",20,0.29818396448263823,0.8
[4],0.01,0.01,0.002,0.0,0.9,relu,adam,0.01,32,he,"(-0.5, 0.5)",20,0.4837594805610339,0.72
[4],0.01,0.01,0.002,0.1,0.8,tanh,sgd,0.0,32,xavier,"(-0.5, 0.5)",20,0.5808355119860841,0.68
[4],0.01,0.01,0.002,0.1,0.8,tanh,sgd,0.0,32,he,"(-0.5, 0.5)",20,0.5219474489663657,0.8
[4],0.01,0.01,0.002,0.1,0.8,tanh,sgd,0.01,32,xavier,"(-0.5, 0.5)",20,0.618557309631499,0.6
[4],0.01,0.01,0.002,0.1,0.8,tanh,sgd,0.01,32,he,"(-0.5, 0.5)",20,0.6262866951366023,0.72
[4],0.01,0.01,0.002,0.1,0.8,tanh,adam,0.0,32,xavier,"(-0.5, 0.5)",20,0.5067568106137262,0.76
[4],0.01,0.01,0.002,0.1,0.8,tanh,adam,0.0,32,he,"(-0.5, 0.5)",20,0.4293475103493796,0.88
[4],0.01,0.01,0.002,0.1,0.8,tanh,adam,0.01,32,xavier,"(-0.5, 0.5)",20,0.48999247337238416,0.84
[4],0.01,0.01,0.002,0.1,0.8,tanh,adam,0.01,32,he,"(-0.5, 0.5)",20,0.41487012467532736,0.8
[4],0.01,0.01,0.002,0.1,0.8,relu,sgd,0.0,32,xavier,"(-0.5, 0.5)",20,0.6302087938345491,0.72
[4],0.01,0.01,0.002,0.1,0.8,relu,sgd,0.0,32,he,"(-0.5, 0.5)",20,0.6145563178744542,0.84
[4],0.01,0.01,0.002,0.1,0.8,relu,sgd,0.01,32,xavier,"(-0.5, 0.5)",20,0.6391975324339632,0.64
[4],0.01,0.01,0.002,0.1,0.8,relu,sgd,0.01,32,he,"(-0.5, 0.5)",20,0.691687216873292,0.56
[4],0.01,0.01,0.002,0.1,0.8,relu,adam,0.0,32,xavier,"(-0.5, 0.5)",20,0.2533963964343252,0.92
[4],0.01,0.01,0.002,0.1,0.8,relu,adam,0.0,32,he,"(-0.5, 0.5)",20,0.18639653785959062,0.88
[4],0.01,0.01,0.002,0.1,0.8,relu,adam,0.01,32,xavier,"(-0.5, 0.5)",20,0.5420527100016336,0.8
[4],0.01,0.01,0.002,0.1,0.8,relu,adam,0.01,32,he,"(-0.5, 0.5)",20,0.3499730284630375,0.88
[4],0.01,0.01,0.002,0.1,0.9,tanh,sgd,0.0,32,xavier,"(-0.5, 0.5)",20,0.5011029108368781,0.8
[4],0.01,0.01,0.002,0.1,0.9,tanh,sgd,0.0,32,he,"(-0.5, 0.5)",20,0.47893161286149677,0.84
[4],0.01,0.01,0.002,0.1,0.9,tanh,sgd,0.01,32,xavier,"(-0.5, 0.5)",20,0.5622907817327616,0.8
[4],0.01,0.01,0.002,0.1,0.9,tanh,sgd,0.01,32,he,"(-0.5, 0.5)",20,0.5181612293476917,0.88
[4],0.01,0.01,0.002,0.1,0.9,tanh,adam,0.0,32,xavier,"(-0.5, 0.5)",20,0.4529111355510184,0.84
[4],0.01,0.01,0.002,0.1,0.9,tanh,adam,0.0,32,he,"(-0.5, 0.5)",20,0.48876716088890726,0.76
[4],0.01,0.01,0.002,0.1,0.9,tanh,adam,0.01,32,xavier,"(-0.5, 0.5)",20,0.509759240704809,0.84
[4],0.01,0.01,0.002,0.1,0.9,tanh,adam,0.01,32,he,"(-0.5, 0.5)",20,0.5205110752680029,0.84
[4],0.01,0.01,0.002,0.1,0.9,relu,sgd,0.0,32,xavier,"(-0.5, 0.5)",20,0.6961003513700158,0.48
[4],0.01,0.01,0.002,0.1,0.9,relu,sgd,0.0,32,he,"(-0.5, 0.5)",20,0.533026259247721,0.68
[4],0.01,0.01,0.002,0.1,0.9,relu,sgd,0.01,32,xavier,"(-0.5, 0.5)",20,0.5726672502508129,0.72
[4],0.01,0.01,0.002,0.1,0.9,relu,sgd,0.01,32,he,"(-0.5, 0.5)",20,0.5217063793012979,0.8
[4],0.01,0.01,0.002,0.1,0.9,relu,adam,0.0,32,xavier,"(-0.5, 0.5)",20,0.42913268497665347,0.8
[4],0.01,0.01,0.002,0.1,0.9,relu,adam,0.0,32,he,"(-0.5, 0.5)",20,0.36327912974252613,0.84
[4],0.01,0.01,0.002,0.1,0.9,relu,adam,0.01,32,xavier,"(-0.5, 0.5)",20,0.2764121098327353,0.96
[4],0.01,0.01,0.002,0.1,0.9,relu,adam,0.01,32,he,"(-0.5, 0.5)",20,0.3963440216064555,0.8
[4],0.01,0.01,0.002,0.2,0.8,tanh,sgd,0.0,32,xavier,"(-0.5, 0.5)",20,0.5883741726072638,0.8
[4],0.01,0.01,0.002,0.2,0.8,tanh,sgd,0.0,32,he,"(-0.5, 0.5)",20,0.5940810328321396,0.68
[4],0.01,0.01,0.002,0.2,0.8,tanh,sgd,0.01,32,xavier,"(-0.5, 0.5)",20,0.639395363164307,0.68
[4],0.01,0.01,0.002,0.2,0.8,tanh,sgd,0.01,32,he,"(-0.5, 0.5)",20,0.6352748673202586,0.64
[4],0.01,0.01,0.002,0.2,0.8,tanh,adam,0.0,32,xavier,"(-0.5, 0.5)",20,0.4342590114807779,0.8
[4],0.01,0.01,0.002,0.2,0.8,tanh,adam,0.0,32,he,"(-0.5, 0.5)",20,0.46743288304762004,0.76
[4],0.01,0.01,0.002,0.2,0.8,tanh,adam,0.01,32,xavier,"(-0.5, 0.5)",20,0.4278328991630123,0.88
[4],0.01,0.01,0.002,0.2,0.8,tanh,adam,0.01,32,he,"(-0.5, 0.5)",20,0.41628298176892314,0.84
[4],0.01,0.01,0.002,0.2,0.8,relu,sgd,0.0,32,xavier,"(-0.5, 0.5)",20,0.6524289552523038,0.72
[4],0.01,0.01,0.002,0.2,0.8,relu,sgd,0.0,32,he,"(-0.5, 0.5)",20,0.6317164304229059,0.84
[4],0.01,0.01,0.002,0.2,0.8,relu,sgd,0.01,32,xavier,"(-0.5, 0.5)",20,0.6940135197055805,0.52
[4],0.01,0.01,0.002,0.2,0.8,relu,sgd,0.01,32,he,"(-0.5, 0.5)",20,0.6944783238078566,0.48
[4],0.01,0.01,0.002,0.2,0.8,relu,adam,0.0,32,xavier,"(-0.5, 0.5)",20,0.37873692139424414,0.88
[4],0.01,0.01,0.002,0.2,0.8,relu,adam,0.0,32,he,"(-0.5, 0.5)",20,0.30510363033884663,0.96
[4],0.01,0.01,0.002,0.2,0.8,relu,adam,0.01,32,xavier,"(-0.5, 0.5)",20,0.3686008208075472,0.88
[4],0.01,0.01,0.002,0.2,0.8,relu,adam,0.01,32,he,"(-0.5, 0.5)",20,0.22330692442657554,0.96
[4],0.01,0.01,0.002,0.2,0.9,tanh,sgd,0.0,32,xavier,"(-0.5, 0.5)",20,0.5556747032364645,0.76
[4],0.01,0.01,0.002,0.2,0.9,tanh,sgd,0.0,32,he,"(-0.5, 0.5)",20,0.559588318298454,0.76
[4],0.01,0.01,0.002,0.2,0.9,tanh,sgd,0.01,32,xavier,"(-0.5, 0.5)",20,0.674703111121391,0.64
[4],0.01,0.01,0.002,0.2,0.9,tanh,sgd,0.01,32,he,"(-0.5, 0.5)",20,0.5445714045471353,0.72
[4],0.01,0.01,0.002,0.2,0.9,tanh,adam,0.0,32,xavier,"(-0.5, 0.5)",20,0.4707725728970777,0.8
[4],0.01,0.01,0.002,0.2,0.9,tanh,adam,0.0,32,he,"(-0.5, 0.5)",20,0.43275104975488715,0.8
[4],0.01,0.01,0.002,0.2,0.9,tanh,adam,0.01,32,xavier,"(-0.5, 0.5)",20,0.4913211057509778,0.8
[4],0.01,0.01,0.002,0.2,0.9,tanh,adam,0.01,32,he,"(-0.5, 0.5)",20,0.4418713051491603,0.88
[4],0.01,0.01,0.002,0.2,0.9,relu,sgd,0.0,32,xavier,"(-0.5, 0.5)",20,0.5274107236040573,0.72
[4],0.01,0.01,0.002,0.2,0.9,relu,sgd,0.0,32,he,"(-0.5, 0.5)",20,0.49123620902416376,0.84
[4],0.01,0.01,0.002,0.2,0.9,relu,sgd,0.01,32,xavier,"(-0.5, 0.5)",20,0.49195707495452334,0.8
[4],0.01,0.01,0.002,0.2,0.9,relu,sgd,0.01,32,he,"(-0.5, 0.5)",20,0.6351610863942956,0.72
[4],0.01,0.01,0.002,0.2,0.9,relu,adam,0.0,32,xavier,"(-0.5, 0.5)",20,0.3342951937690425,0.84
[4],0.01,0.01,0.002,0.2,0.9,relu,adam,0.0,32,he,"(-0.5, 0.5)",20,0.2661949169848725,0.92
[4],0.01,0.01,0.002,0.2,0.9,relu,adam,0.01,32,xavier,"(-0.5, 0.5)",20,0.45711843587735584,0.84
[4],0.01,0.01,0.002,0.2,0.9,relu,adam,0.01,32,he,"(-0.5, 0.5)",20,0.41733695846090973,0.8
[4],0.05,0.0,0.0,0.0,0.8,tanh,sgd,0.0,32,xavier,"(-0.5, 0.5)",20,0.4021008221271984,0.84
[4],0.05,0.0,0.0,0.0,0.8,tanh,sgd,0.0,32,he,"(-0.5, 0.5)",20,0.48456278894525373,0.76
[4],0.05,0.0,0.0,0.0,0.8,tanh,sgd,0.01,32,xavier,"(-0.5, 0.5)",20,0.44555957858155504,0.84
[4],0.05,0.0,0.0,0.0,0.8,tanh,sgd,0.01,32,he,"(-0.5, 0.5)",20,0.43693778634086233,0.8
[4],0.05,0.0,0.0,0.0,0.8,tanh,adam,0.0,32,xavier,"(-0.5, 0.5)",20,0.022997234073542122,1.0
[4],0.05,0.0,0.0,0.0,0.8,tanh,adam,0.0,32,he,"(-0.5, 0.5)",20,0.03599018914507134,1.0
[4],0.05,0.0,0.0,0.0,0.8,tanh,adam,0.01,32,xavier,"(-0.5, 0.5)",20,0.17604057102302267,0.96
[4],0.05,0.0,0.0,0.0,0.8,tanh,adam,0.01,32,he,"(-0.5, 0.5)",20,0.06070400746228323,1.0
[4],0.05,0.0,0.0,0.0,0.8,relu,sgd,0.0,32,xavier,"(-0.5, 0.5)",20,0.2636201517848371,0.88
[4],0.05,0.0,0.0,0.0,0.8,relu,sgd,0.0,32,he,"(-0.5, 0.5)",20,0.4807416859577227,0.8
[4],0.05,0.0,0.0,0.0,0.8,relu,sgd,0.01,32,xavier,"(-0.5, 0.5)",20,0.4639539887418266,0.76
[4],0.05,0.0,0.0,0.0,0.8,relu,sgd,0.01,32,he,"(-0.5, 0.5)",20,0.26658808371826664,0.92
[4],0.05,0.0,0.0,0.0,0.8,relu,adam,0.0,32,xavier,"(-0.5, 0.5)",20,0.04983564610902345,1.0
[4],0.05,0.0,0.0,0.0,0.8,relu,adam,0.0,32,he,"(-0.5, 0.5)",20,0.2795039232874945,0.92
[4],0.05,0.0,0.0,0.0,0.8,relu,adam,0.01,32,xavier,"(-0.5, 0.5)",20,0.11338036779806773,1.0
[4],0.05,0.0,0.0,0.0,0.8,relu,adam,0.01,32,he,"(-0.5, 0.5)",20,0.046068217741664065,1.0
[4],0.05,0.0,0.0,0.0,0.9,tanh,sgd,0.0,32,xavier,"(-0.5, 0.5)",20,0.3120483227041236,0.8
[4],0.05,0.0,0.0,0.0,0.9,tanh,sgd,0.0,32,he,"(-0.5, 0.5)",20,0.08911821091771205,1.0
[4],0.05,0.0,0.0,0.0,0.9,tanh,sgd,0.01,32,xavier,"(-0.5, 0.5)",20,0.31993598466838985,0.88
[4],0.05,0.0,0.0,0.0,0.9,tanh,sgd,0.01,32,he,"(-0.5, 0.5)",20,0.31208478409642987,0.8
[4],0.05,0.0,0.0,0.0,0.9,tanh,adam,0.0,32,xavier,"(-0.5, 0.5)",20,0.03186506185575755,1.0
[4],0.05,0.0,0.0,0.0,0.9,tanh,adam,0.0,32,he,"(-0.5, 0.5)",20,0.10263258927283968,0.96
[4],0.05,0.0,0.0,0.0,0.9,tanh,adam,0.01,32,xavier,"(-0.5, 0.5)",20,0.04934071071342297,1.0
[4],0.05,0.0,0.0,0.0,0.9,tanh,adam,0.01,32,he,"(-0.5, 0.5)",20,0.0881674095237885,0.96
[4],0.05,0.0,0.0,0.0,0.9,relu,sgd,0.0,32,xavier,"(-0.5, 0.5)",20,0.14175223380225171,1.0
[4],0.05,0.0,0.0,0.0,0.9,relu,sgd,0.0,32,he,"(-0.5, 0.5)",20,0.09678577160355521,0.92
[4],0.05,0.0,0.0,0.0,0.9,relu,sgd,0.01,32,xavier,"(-0.5, 0.5)",20,0.20744073112227768,0.88
[4],0.05,0.0,0.0,0.0,0.9,relu,sgd,0.01,32,he,"(-0.5, 0.5)",20,0.3332102036678631,0.88
[4],0.05,0.0,0.0,0.0,0.9,relu,adam,0.0,32,xavier,"(-0.5, 0.5)",20,0.06244999965690261,0.92
[4],0.05,0.0,0.0,0.0,0.9,relu,adam,0.0,32,he,"(-0.5, 0.5)",20,0.08053460752627639,1.0
[4],0.05,0.0,0.0,0.0,0.9,relu,adam,0.01,32,xavier,"(-0.5, 0.5)",20,0.38498315937344463,0.84
[4],0.05,0.0,0.0,0.0,0.9,relu,adam,0.01,32,he,"(-0.5, 0.5)",20,0.04452109129999246,1.0
[4],0.05,0.0,0.0,0.1,0.8,tanh,sgd,0.0,32,xavier,"(-0.5, 0.5)",20,0.408354809554471,0.84
[4],0.05,0.0,0.0,0.1,0.8,tanh,sgd,0.0,32,he,"(-0.5, 0.5)",20,0.32534485958545645,0.84
[4],0.05,0.0,0.0,0.1,0.8,tanh,sgd,0.01,32,xavier,"(-0.5, 0.5)",20,0.4708745315581776,0.8
[4],0.05,0.0,0.0,0.1,0.8,tanh,sgd,0.01,32,he,"(-0.5, 0.5)",20,0.39147478452962853,0.88
[4],0.05,0.0,0.0,0.1,0.8,tanh,adam,0.0,32,xavier,"(-0.5, 0.5)",20,0.07523088997676305,1.0
[4],0.05,0.0,0.0,0.1,0.8,tanh,adam,0.0,32,he,"(-0.5, 0.5)",20,0.19859573842484,0.92
[4],0.05,0.0,0.0,0.1,0.8,tanh,adam,0.01,32,xavier,"(-0.5, 0.5)",20,0.3146288840763291,0.88
[4],0.05,0.0,0.0,0.1,0.8,tanh,adam,0.01,32,he,"(-0.5, 0.5)",20,0.047538929480633776,1.0
[4],0.05,0.0,0.0,0.1,0.8,relu,sgd,0.0,32,xavier,"(-0.5, 0.5)",20,0.3801190838095044,0.8
[4],0.05,0.0,0.0,0.1,0.8,relu,sgd,0.0,32,he,"(-0.5, 0.5)",20,0.23311853568126847,0.88
[4],0.05,0.0,0.0,0.1,0.8,relu,sgd,0.01,32,xavier,"(-0.5, 0.5)",20,0.39246239596050075,0.84
[4],0.05,0.0,0.0,0.1,0.8,relu,sgd,0.01,32,he,"(-0.5, 0.5)",20,0.3975551387007625,0.84
[4],0.05,0.0,0.0,0.1,0.8,relu,adam,0.0,32,xavier,"(-0.5, 0.5)",20,0.20495195509441402,0.92
[4],0.05,0.0,0.0,0.1,0.8,relu,adam,0.0,32,he,"(-0.5, 0.5)",20,0.1836066311311542,0.92
[4],0.05,0.0,0.0,0.1,0.8,relu,adam,0.01,32,xavier,"(-0.5, 0.5)",20,0.15117123467545648,0.92
[4],0.05,0.0,0.0,0.1,0.8,relu,adam,0.01,32,he,"(-0.5, 0.5)",20,0.2724792888008898,0.84
[4],0.05,0.0,0.0,0.1,0.9,tanh,sgd,0.0,32,xavier,"(-0.5, 0.5)",20,0.36708266166356074,0.8
[4],0.05,0.0,0.0,0.1,0.9,tanh,sgd,0.0,32,he,"(-0.5, 0.5)",20,0.17342267370168343,0.96
[4],0.05,0.0,0.0,0.1,0.9,tanh,sgd,0.01,32,xavier,"(-0.5, 0.5)",20,0.35456918674673416,0.84
[4],0.05,0.0,0.0,0.1,0.9,tanh,sgd,0.01,32,he,"(-0.5, 0.5)",20,0.28589047483229146,0.96
[4],0.05,0.0,0.0,0.1,0.9,tanh,adam,0.0,32,xavier,"(-0.5, 0.5)",20,0.058035144651457676,1.0
[4],0.05,0.0,0.0,0.1,0.9,tanh,adam,0.0,32,he,"(-0.5, 0.5)",20,0.35661963768365706,0.88
[4],0.05,0.0,0.0,0.1,0.9,tanh,adam,0.01,32,xavier,"(-0.5, 0.5)",20,0.2622600062943944,0.88
[4],0.05,0.0,0.0,0.1,0.9,tanh,adam,0.01,32,he,"(-0.5, 0.5)",20,0.33875879373130696,0.88
[4],0.05,0.0,0.0,0.1,0.9,relu,sgd,0.0,32,xavier,"(-0.5, 0.5)",20,0.14239198465310168,0.92
[4],0.05,0.0,0.0,0.1,0.9,relu,sgd,0.0,32,he,"(-0.5, 0.5)",20,0.08195132233830699,1.0
[4],0.05,0.0,0.0,0.1,0.9,relu,sgd,0.01,32,xavier,"(-0.5, 0.5)",20,0.5447932920998902,0.76
[4],0.05,0.0,0.0,0.1,0.9,relu,sgd,0.01,32,he,"(-0.5, 0.5)",20,0.22759183549989057,0.84
[4],0.05,0.0,0.0,0.1,0.9,relu,adam,0.0,32,xavier,"(-0.5, 0.5)",20,0.4201641826845406,0.76
[4],0.05,0.0,0.0,0.1,0.9,relu,adam,0.0,32,he,"(-0.5, 0.5)",20,0.06996327384602495,1.0
[4],0.05,0.0,0.0,0.1,0.9,relu,adam,0.01,32,xavier,"(-0.5, 0.5)",20,0.19001144907787532,0.88
[4],0.05,0.0,0.0,0.1,0.9,relu,adam,0.01,32,he,"(-0.5, 0.5)",20,0.3186022736520739,0.84
[4],0.05,0.0,0.0,0.2,0.8,tanh,sgd,0.0,32,xavier,"(-0.5, 0.5)",20,0.422485669874313,0.84
[4],0.05,0.0,0.0,0.2,0.8,tanh,sgd,0.0,32,he,"(-0.5, 0.5)",20,0.4050135556391811,0.88
[4],0.05,0.0,0.0,0.2,0.8,tanh,sgd,0.01,32,xavier,"(-0.5, 0.5)",20,0.47119548089730423,0.84
[4],0.05,0.0,0.0,0.2,0.8,tanh,sgd,0.01,32,he,"(-0.5, 0.5)",20,0.49763108206566037,0.84
[4],0.05,0.0,0.0,0.2,0.8,tanh,adam,0.0,32,xavier,"(-0.5, 0.5)",20,0.3610019153627483,0.88
[4],0.05,0.0,0.0,0.2,0.8,tanh,adam,0.0,32,he,"(-0.5, 0.5)",20,0.09275030833066272,1.0
[4],0.05,0.0,0.0,0.2,0.8,tanh,adam,0.01,32,xavier,"(-0.5, 0.5)",20,0.14369058907191162,1.0
[4],0.05,0.0,0.0,0.2,0.8,tanh,adam,0.01,32,he,"(-0.5, 0.5)",20,0.2505003874846495,0.92
[4],0.05,0.0,0.0,0.2,0.8,relu,sgd,0.0,32,xavier,"(-0.5, 0.5)",20,0.40359474947705315,0.8
[4],0.05,0.0,0.0,0.2,0.8,relu,sgd,0.0,32,he,"(-0.5, 0.5)",20,0.33839487422881825,0.8
[4],0.05,0.0,0.0,0.2,0.8,relu,sgd,0.01,32,xavier,"(-0.5, 0.5)",20,0.3750415261014438,0.84
[4],0.05,0.0,0.0,0.2,0.8,relu,sgd,0.01,32,he,"(-0.5, 0.5)",20,0.18035865553767386,0.96
[4],0.05,0.0,0.0,0.2,0.8,relu,adam,0.0,32,xavier,"(-0.5, 0.5)",20,0.4226065130342911,0.8
[4],0.05,0.0,0.0,0.2,0.8,relu,adam,0.0,32,he,"(-0.5, 0.5)",20,0.18844091122063278,0.92
[4],0.05,0.0,0.0,0.2,0.8,relu,adam,0.01,32,xavier,"(-0.5, 0.5)",20,0.25054544222723046,0.92
[4],0.05,0.0,0.0,0.2,0.8,relu,adam,0.01,32,he,"(-0.5, 0.5)",20,0.35287695456632123,0.92
[4],0.05,0.0,0.0,0.2,0.9,tanh,sgd,0.0,32,xavier,"(-0.5, 0.5)",20,0.34215434705313463,0.88
[4],0.05,0.0,0.0,0.2,0.9,tanh,sgd,0.0,32,he,"(-0.5, 0.5)",20,0.35456951179624596,0.84
[4],0.05,0.0,0.0,0.2,0.9,tanh,sgd,0.01,32,xavier,"(-0.5, 0.5)",20,0.37691099072969114,0.88
[4],0.05,0.0,0.0,0.2,0.9,tanh,sgd,0.01,32,he,"(-0.5, 0.5)",20,0.334880478712309,0.84
[4],0.05,0.0,0.0,0.2,0.9,tanh,adam,0.0,32,xavier,"(-0.5, 0.5)",20,0.4059418139602871,0.8
[4],0.05,0.0,0.0,0.2,0.9,tanh,adam,0.0,32,he,"(-0.5, 0.5)",20,0.03849625912789085,1.0
[4],0.05,0.0,0.0,0.2,0.9,tanh,adam,0.01,32,xavier,"(-0.5, 0.5)",20,0.11250795819496019,1.0
[4],0.05,0.0,0.0,0.2,0.9,tanh,adam,0.01,32,he,"(-0.5, 0.5)",20,0.2112646924097251,0.88
[4],0.05,0.0,0.0,0.2,0.9,relu,sgd,0.0,32,xavier,"(-0.5, 0.5)",20,0.17302562459000584,1.0
[4],0.05,0.0,0.0,0.2,0.9,relu,sgd,0.0,32,he,"(-0.5, 0.5)",20,0.19263974400945294,0.92
[4],0.05,0.0,0.0,0.2,0.9,relu,sgd,0.01,32,xavier,"(-0.5, 0.5)",20,0.4511703948614156,0.92
[4],0.05,0.0,0.0,0.2,0.9,relu,sgd,0.01,32,he,"(-0.5, 0.5)",20,0.34488217031674706,0.88
[4],0.05,0.0,0.0,0.2,0.9,relu,adam,0.0,32,xavier,"(-0.5, 0.5)",20,0.2723033808352038,0.96
[4],0.05,0.0,0.0,0.2,0.9,relu,adam,0.0,32,he,"(-0.5, 0.5)",20,0.2656614224250499,0.88
[4],0.05,0.0,0.0,0.2,0.9,relu,adam,0.01,32,xavier,"(-0.5, 0.5)",20,0.262949546927132,0.8
[4],0.05,0.0,0.0,0.2,0.9,relu,adam,0.01,32,he,"(-0.5, 0.5)",20,0.19437057273970243,0.92
[4],0.05,0.0,0.002,0.0,0.8,tanh,sgd,0.0,32,xavier,"(-0.5, 0.5)",20,0.444602824573773,0.76
[4],0.05,0.0,0.002,0.0,0.8,tanh,sgd,0.0,32,he,"(-0.5, 0.5)",20,0.3888379650676308,0.8
[4],0.05,0.0,0.002,0.0,0.8,tanh,sgd,0.01,32,xavier,"(-0.5, 0.5)",20,0.46772014087384495,0.84
[4],0.05,0.0,0.002,0.0,0.8,tanh,sgd,0.01,32,he,"(-0.5, 0.5)",20,0.42594121293813586,0.84
[4],0.05,0.0,0.002,0.0,0.8,tanh,adam,0.0,32,xavier,"(-0.5, 0.5)",20,0.17269619001867711,0.92
[4],0.05,0.0,0.002,0.0,0.8,tanh,adam,0.0,32,he,"(-0.5, 0.5)",20,0.08287233387253887,0.96
[4],0.05,0.0,0.002,0.0,0.8,tanh,adam,0.01,32,xavier,"(-0.5, 0.5)",20,0.2580284766807027,0.88
[4],0.05,0.0,0.002,0.0,0.8,tanh,adam,0.01,32,he,"(-0.5, 0.5)",20,0.05964085755593587,1.0
[4],0.05,0.0,0.002,0.0,0.8,relu,sgd,0.0,32,xavier,"(-0.5, 0.5)",20,0.3524617243780253,0.84
[4],0.05,0.0,0.002,0.0,0.8,relu,sgd,0.0,32,he,"(-0.5, 0.5)",20,0.36005867166571764,0.8
[4],0.05,0.0,0.002,0.0,0.8,relu,sgd,0.01,32,xavier,"(-0.5, 0.5)",20,0.1898075793519738,1.0
[4],0.05,0.0,0.002,0.0,0.8,relu,sgd,0.01,32,he,"(-0.5, 0.5)",20,0.5043646285560639,0.76
[4],0.05,0.0,0.002,0.0,0.8,relu,adam,0.0,32,xavier,"(-0.5, 0.5)",20,0.3058616031303374,0.88
[4],0.05,0.0,0.002,0.0,0.8,relu,adam,0.0,32,he,"(-0.5, 0.5)",20,0.2475077547894401,0.92
[4],0.05,0.0,0.002,0.0,0.8,relu,adam,0.01,32,xavier,"(-0.5, 0.5)",20,0.06466545086858821,1.0
[4],0.05,0.0,0.002,0.0,0.8,relu,adam,0.01,32,he,"(-0.5, 0.5)",20,0.4665547686469155,0.8
[4],0.05,0.0,0.002,0.0,0.9,tanh,sgd,0.0,32,xavier,"(-0.5, 0.5)",20,0.2504763134868059,0.92
[4],0.05,0.0,0.002,0.0,0.9,tanh,sgd,0.0,32,he,"(-0.5, 0.5)",20,0.2555993052552619,0.92
[4],0.05,0.0,0.002,0.0,0.9,tanh,sgd,0.01,32,xavier,"(-0.5, 0.5)",20,0.37118339028379704,0.76
[4],0.05,0.0,0.002,0.0,0.9,tanh,sgd,0.01,32,he,"(-0.5, 0.5)",20,0.30572607232971805,0.8
[4],0.05,0.0,0.002,0.0,0.9,tanh,adam,0.0,32,xavier,"(-0.5, 0.5)",20,0.05656949703838583,1.0
[4],0.05,0.0,0.002,0.0,0.9,tanh,adam,0.0,32,he,"(-0.5, 0.5)",20,0.04888820184498464,1.0
[4],0.05,0.0,0.002,0.0,0.9,tanh,adam,0.01,32,xavier,"(-0.5, 0.5)",20,0.4073345869192051,0.84
[4],0.05,0.0,0.002,0.0,0.9,tanh,adam,0.01,32,he,"(-0.5, 0.5)",20,0.18518673441100708,0.92
[4],0.05,0.0,0.002,0.0,0.9,relu,sgd,0.0,32,xavier,"(-0.5, 0.5)",20,0.3930789273796799,0.8
[4],0.05,0.0,0.002,0.0,0.9,relu,sgd,0.0,32,he,"(-0.5, 0.5)",20,0.22198776015911129,0.88
[4],0.05,0.0,0.002,0.0,0.9,relu,sgd,0.01,32,xavier,"(-0.5, 0.5)",20,0.1847347332396336,0.96
[4],0.05,0.0,0.002,0.0,0.9,relu,sgd,0.01,32,he,"(-0.5, 0.5)",20,0.10512182777774669,1.0
[4],0.05,0.0,0.002,0.0,0.9,relu,adam,0.0,32,xavier,"(-0.5, 0.5)",20,0.08951255611930824,0.92
[4],0.05,0.0,0.002,0.0,0.9,relu,adam,0.0,32,he,"(-0.5, 0.5)",20,0.01008999634606712,1.0
[4],0.05,0.0,0.002,0.0,0.9,relu,adam,0.01,32,xavier,"(-0.5, 0.5)",20,0.06535769349395887,1.0
[4],0.05,0.0,0.002,0.0,0.9,relu,adam,0.01,32,he,"(-0.5, 0.5)",20,0.32032259200795704,0.88
[4],0.05,0.0,0.002,0.1,0.8,tanh,sgd,0.0,32,xavier,"(-0.5, 0.5)",20,0.353711854003571,0.8
[4],0.05,0.0,0.002,0.1,0.8,tanh,sgd,0.0,32,he,"(-0.5, 0.5)",20,0.4606062968351028,0.76
[4],0.05,0.0,0.002,0.1,0.8,tanh,sgd,0.01,32,xavier,"(-0.5, 0.5)",20,0.4216696088561565,0.84
[4],0.05,0.0,0.002,0.1,0.8,tanh,sgd,0.01,32,he,"(-0.5, 0.5)",20,0.4873143633858415,0.84
[4],0.05,0.0,0.002,0.1,0.8,tanh,adam,0.0,32,xavier,"(-0.5, 0.5)",20,0.23147684686196143,0.84
[4],0.05,0.0,0.002,0.1,0.8,tanh,adam,0.0,32,he,"(-0.5, 0.5)",20,0.023221446088940077,1.0
[4],0.05,0.0,0.002,0.1,0.8,tanh,adam,0.01,32,xavier,"(-0.5, 0.5)",20,0.11299920869480515,0.96
[4],0.05,0.0,0.002,0.1,0.8,tanh,adam,0.01,32,he,"(-0.5, 0.5)",20,0.3389241018645671,0.84
[4],0.05,0.0,0.002,0.1,0.8,relu,sgd,0.0,32,xavier,"(-0.5, 0.5)",20,0.46132167686883874,0.76
[4],0.05,0.0,0.002,0.1,0.8,relu,sgd,0.0,32,he,"(-0.5, 0.5)",20,0.4382932575782499,0.76
[4],0.05,0.0,0.002,0.1,0.8,relu,sgd,0.01,32,xavier,"(-0.5, 0.5)",20,0.4301311430061277,0.84
[4],0.05,0.0,0.002,0.1,0.8,relu,sgd,0.01,32,he,"(-0.5, 0.5)",20,0.34569231351137153,0.92
[4],0.05,0.0,0.002,0.1,0.8,relu,adam,0.0,32,xavier,"(-0.5, 0.5)",20,0.1641887821644303,0.88
[4],0.05,0.0,0.002,0.1,0.8,relu,adam,0.0,32,he,"(-0.5, 0.5)",20,0.12083455954021875,0.96
[4],0.05,0.0,0.002,0.1,0.8,relu,adam,0.01,32,xavier,"(-0.5, 0.5)",20,0.1425565748139843,0.92
[4],0.05,0.0,0.002,0.1,0.8,relu,adam,0.01,32,he,"(-0.5, 0.5)",20,0.4302972678181965,0.8
[4],0.05,0.0,0.002,0.1,0.9,tanh,sgd,0.0,32,xavier,"(-0.5, 0.5)",20,0.3541459010273618,0.84
[4],0.05,0.0,0.002,0.1,0.9,tanh,sgd,0.0,32,he,"(-0.5, 0.5)",20,0.36651450649779255,0.88
[4],0.05,0.0,0.002,0.1,0.9,tanh,sgd,0.01,32,xavier,"(-0.5, 0.5)",20,0.43206503118237227,0.88
[4],0.05,0.0,0.002,0.1,0.9,tanh,sgd,0.01,32,he,"(-0.5, 0.5)",20,0.3335669248654817,0.88
[4],0.05,0.0,0.002,0.1,0.9,tanh,adam,0.0,32,xavier,"(-0.5, 0.5)",20,0.059831328901556485,1.0
[4],0.05,0.0,0.002,0.1,0.9,tanh,adam,0.0,32,he,"(-0.5, 0.5)",20,0.23467905785022267,0.88
[4],0.05,0.0,0.002,0.1,0.9,tanh,adam,0.01,32,xavier,"(-0.5, 0.5)",20,0.13333728933340724,1.0
[4],0.05,0.0,0.002,0.1,0.9,tanh,adam,0.01,32,he,"(-0.5, 0.5)",20,0.2722225178164191,0.88
[4],0.05,0.0,0.002,0.1,0.9,relu,sgd,0.0,32,xavier,"(-0.5, 0.5)",20,0.28183323280573236,0.96
[4],0.05,0.0,0.002,0.1,0.9,relu,sgd,0.0,32,he,"(-0.5, 0.5)",20,0.19827231812621393,0.88
[4],0.05,0.0,0.002,0.1,0.9,relu,sgd,0.01,32,xavier,"(-0.5, 0.5)",20,0.30646511237047774,0.8
[4],0.05,0.0,0.002,0.1,0.9,relu,sgd,0.01,32,he,"(-0.5, 0.5)",20,0.33438963220328444,0.84
[4],0.05,0.0,0.002,0.1,0.9,relu,adam,0.0,32,xavier,"(-0.5, 0.5)",20,0.26327088049679614,0.88
[4],0.05,0.0,0.002,0.1,0.9,relu,adam,0.0,32,he,"(-0.5, 0.5)",20,0.08248271627920394,1.0
[4],0.05,0.0,0.002,0.1,0.9,relu,adam,0.01,32,xavier,"(-0.5, 0.5)",20,0.09544304508175756,1.0
[4],0.05,0.0,0.002,0.1,0.9,relu,adam,0.01,32,he,"(-0.5, 0.5)",20,0.4885478645848694,0.84
[4],0.05,0.0,0.002,0.2,0.8,tanh,sgd,0.0,32,xavier,"(-0.5, 0.5)",20,0.46332843036945276,0.76
[4],0.05,0.0,0.002,0.2,0.8,tanh,sgd,0.0,32,he,"(-0.5, 0.5)",20,0.35957372767068224,0.84
[4],0.05,0.0,0.002,0.2,0.8,tanh,sgd,0.01,32,xavier,"(-0.5, 0.5)",20,0.4292320679642674,0.84
[4],0.05,0.0,0.002,0.2,0.8,tanh,sgd,0.01,32,he,"(-0.5, 0.5)",20,0.447943805150127,0.88
[4],0.05,0.0,0.002,0.2,0.8,tanh,adam,0.0,32,xavier,"(-0.5, 0.5)",20,0.4408521313049123,0.8
[4],0.05,0.0,0.002,0.2,0.8,tanh,adam,0.0,32,he,"(-0.5, 0.5)",20,0.10224614610069307,1.0
[4],0.05,0.0,0.002,0.2,0.8,tanh,adam,0.01,32,xavier,"(-0.5, 0.5)",20,0.23433774743581243,0.88
[4],0.05,0.0,0.002,0.2,0.8,tanh,adam,0.01,32,he,"(-0.5, 0.5)",20,0.24369445170593046,0.92
[4],0.05,0.0,0.002,0.2,0.8,relu,sgd,0.0,32,xavier,"(-0.5, 0.5)",20,0.5083981961988622,0.72
[4],0.05,0.0,0.002,0.2,0.8,relu,sgd,0.0,32,he,"(-0.5, 0.5)",20,0.4594615538254867,0.72
[4],0.05,0.0,0.002,0.2,0.8,relu,sgd,0.01,32,xavier,"(-0.5, 0.5)",20,0.4133535702909104,0.84
[4],0.05,0.0,0.002,0.2,0.8,relu,sgd,0.01,32,he,"(-0.5, 0.5)",20,0.4545595855243303,0.76
[4],0.05,0.0,0.002,0.2,0.8,relu,adam,0.0,32,xavier,"(-0.5, 0.5)",20,0.3486796233563173,0.84
[4],0.05,0.0,0.002,0.2,0.8,relu,adam,0.0,32,he,"(-0.5, 0.5)",20,0.14667967539688953,0.92
[4],0.05,0.0,0.002,0.2,0.8,relu,adam,0.01,32,xavier,"(-0.5, 0.5)",20,0.4238364798618079,0.72
[4],0.05,0.0,0.002,0.2,0.8,relu,adam,0.01,32,he,"(-0.5, 0.5)",20,0.25913051936200654,0.88
[4],0.05,0.0,0.002,0.2,0.9,tanh,sgd,0.0,32,xavier,"(-0.5, 0.5)",20,0.382275076223979,0.84
[4],0.05,0.0,0.002,0.2,0.9,tanh,sgd,0.0,32,he,"(-0.5, 0.5)",20,0.3055985684903125,0.84
[4],0.05,0.0,0.002,0.2,0.9,tanh,sgd,0.01,32,xavier,"(-0.5, 0.5)",20,0.38666261551769837,0.88
[4],0.05,0.0,0.002,0.2,0.9,tanh,sgd,0.01,32,he,"(-0.5, 0.5)",20,0.3613038700887666,0.76
[4],0.05,0.0,0.002,0.2,0.9,tanh,adam,0.0,32,xavier,"(-0.5, 0.5)",20,0.335038513872617,0.84
[4],0.05,0.0,0.002,0.2,0.9,tanh,adam,0.0,32,he,"(-0.5, 0.5)",20,0.4485934148013285,0.8
[4],0.05,0.0,0.002,0.2,0.9,tanh,adam,0.01,32,xavier,"(-0.5, 0.5)",20,0.11820990168878638,1.0
[4],0.05,0.0,0.002,0.2,0.9,tanh,adam,0.01,32,he,"(-0.5, 0.5)",20,0.08852672044313886,1.0
[4],0.05,0.0,0.002,0.2,0.9,relu,sgd,0.0,32,xavier,"(-0.5, 0.5)",20,0.33258665843960344,0.84
[4],0.05,0.0,0.002,0.2,0.9,relu,sgd,0.0,32,he,"(-0.5, 0.5)",20,0.3713503624654331,0.76
[4],0.05,0.0,0.002,0.2,0.9,relu,sgd,0.01,32,xavier,"(-0.5, 0.5)",20,0.4087214706620757,0.76
[4],0.05,0.0,0.002,0.2,0.9,relu,sgd,0.01,32,he,"(-0.5, 0.5)",20,0.41978149869234704,0.84
[4],0.05,0.0,0.002,0.2,0.9,relu,adam,0.0,32,xavier,"(-0.5, 0.5)",20,0.26125619826947977,0.88
[4],0.05,0.0,0.002,0.2,0.9,relu,adam,0.0,32,he,"(-0.5, 0.5)",20,0.43089330676325405,0.8
[4],0.05,0.0,0.002,0.2,0.9,relu,adam,0.01,32,xavier,"(-0.5, 0.5)",20,0.235373573332972,0.92
[4],0.05,0.0,0.002,0.2,0.9,relu,adam,0.01,32,he,"(-0.5, 0.5)",20,0.16010921513373327,1.0
[4],0.05,0.005,0.0,0.0,0.8,tanh,sgd,0.0,32,xavier,"(-0.5, 0.5)",20,0.3798297942153847,0.8
[4],0.05,0.005,0.0,0.0,0.8,tanh,sgd,0.0,32,he,"(-0.5, 0.5)",20,0.4155047814938224,0.8
[4],0.05,0.005,0.0,0.0,0.8,tanh,sgd,0.01,32,xavier,"(-0.5, 0.5)",20,0.5081852917941592,0.8
[4],0.05,0.005,0.0,0.0,0.8,tanh,sgd,0.01,32,he,"(-0.5, 0.5)",20,0.41391045528717824,0.88
[4],0.05,0.005,0.0,0.0,0.8,tanh,adam,0.0,32,xavier,"(-0.5, 0.5)",20,0.08373727572457992,1.0
[4],0.05,0.005,0.0,0.0,0.8,tanh,adam,0.0,32,he,"(-0.5, 0.5)",20,0.2936778086638025,0.88
[4],0.05,0.005,0.0,0.0,0.8,tanh,adam,0.01,32,xavier,"(-0.5, 0.5)",20,0.15736363075511775,0.92
[4],0.05,0.005,0.0,0.0,0.8,tanh,adam,0.01,32,he,"(-0.5, 0.5)",20,0.19828826353286183,0.92
[4],0.05,0.005,0.0,0.0,0.8,relu,sgd,0.0,32,xavier,"(-0.5, 0.5)",20,0.5205572820787121,0.72
[4],0.05,0.005,0.0,0.0,0.8,relu,sgd,0.0,32,he,"(-0.5, 0.5)",20,0.19374693979100696,0.92
[4],0.05,0.005,0.0,0.0,0.8,relu,sgd,0.01,32,xavier,"(-0.5, 0.5)",20,0.3508898841855165,0.84
[4],0.05,0.005,0.0,0.0,0.8,relu,sgd,0.01,32,he,"(-0.5, 0.5)",20,0.522596353979235,0.76
[4],0.05,0.005,0.0,0.0,0.8,relu,adam,0.0,32,xavier,"(-0.5, 0.5)",20,0.2406978425566737,0.92
[4],0.05,0.005,0.0,0.0,0.8,relu,adam,0.0,32,he,"(-0.5, 0.5)",20,0.0766752062635514,1.0
[4],0.05,0.005,0.0,0.0,0.8,relu,adam,0.01,32,xavier,"(-0.5, 0.5)",20,0.232693305657244,0.92
[4],0.05,0.005,0.0,0.0,0.8,relu,adam,0.01,32,he,"(-0.5, 0.5)",20,0.0960517143668063,1.0
[4],0.05,0.005,0.0,0.0,0.9,tanh,sgd,0.0,32,xavier,"(-0.5, 0.5)",20,0.45714654287913786,0.84
[4],0.05,0.005,0.0,0.0,0.9,tanh,sgd,0.0,32,he,"(-0.5, 0.5)",20,0.19513369704546127,0.92
[4],0.05,0.005,0.0,0.0,0.9,tanh,sgd,0.01,32,xavier,"(-0.5, 0.5)",20,0.3061864350001597,0.84
[4],0.05,0.005,0.0,0.0,0.9,tanh,sgd,0.01,32,he,"(-0.5, 0.5)",20,0.2407569810419818,0.96
[4],0.05,0.005,0.0,0.0,0.9,tanh,adam,0.0,32,xavier,"(-0.5, 0.5)",20,0.43910294528516297,0.88
[4],0.05,0.005,0.0,0.0,0.9,tanh,adam,0.0,32,he,"(-0.5, 0.5)",20,0.2519294780076944,0.88
[4],0.05,0.005,0.0,0.0,0.9,tanh,adam,0.01,32,xavier,"(-0.5, 0.5)",20,0.27324655682209315,0.88
[4],0.05,0.005,0.0,0.0,0.9,tanh,adam,0.01,32,he,"(-0.5, 0.5)",20,0.05393772156261123,1.0
[4],0.05,0.005,0.0,0.0,0.9,relu,sgd,0.0,32,xavier,"(-0.5, 0.5)",20,0.5867553612156035,0.64
[4],0.05,0.005,0.0,0.0,0.9,relu,sgd,0.0,32,he,"(-0.5, 0.5)",20,0.3527830207455188,0.88
[4],0.05,0.005,0.0,0.0,0.9,relu,sgd,0.01,32,xavier,"(-0.5, 0.5)",20,0.452191808043297,0.76
[4],0.05,0.005,0.0,0.0,0.9,relu,sgd,0.01,32,he,"(-0.5, 0.5)",20,0.46295886619788307,0.8
[4],0.05,0.005,0.0,0.0,0.9,relu,adam,0.0,32,xavier,"(-0.5, 0.5)",20,0.11163873595813911,0.96
[4],0.05,0.005,0.0,0.0,0.9,relu,adam,0.0,32,he,"(-0.5, 0.5)",20,0.10702846147455486,0.96
[4],0.05,0.005,0.0,0.0,0.9,relu,adam,0.01,32,xavier,"(-0.5, 0.5)",20,0.051960023635434144,0.96
[4],0.05,0.005,0.0,0.0,0.9,relu,adam,0.01,32,he,"(-0.5, 0.5)",20,0.04937230105275846,1.0
[4],0.05,0.005,0.0,0.1,0.8,tanh,sgd,0.0,32,xavier,"(-0.5, 0.5)",20,0.3123021097172318,0.88
[4],0.05,0.005,0.0,0.1,0.8,tanh,sgd,0.0,32,he,"(-0.5, 0.5)",20,0.29972181187492003,0.84
[4],0.05,0.005,0.0,0.1,0.8,tanh,sgd,0.01,32,xavier,"(-0.5, 0.5)",20,0.46009484853104254,0.84
[4],0.05,0.005,0.0,0.1,0.8,tanh,sgd,0.01,32,he,"(-0.5, 0.5)",20,0.4201860976109411,0.8
[4],0.05,0.005,0.0,0.1,0.8,tanh,adam,0.0,32,xavier,"(-0.5, 0.5)",20,0.12973495380617306,0.96
[4],0.05,0.005,0.0,0.1,0.8,tanh,adam,0.0,32,he,"(-0.5, 0.5)",20,0.11295267885928188,1.0
[4],0.05,0.005,0.0,0.1,0.8,tanh,adam,0.01,32,xavier,"(-0.5, 0.5)",20,0.45804022240248016,0.88
[4],0.05,0.005,0.0,0.1,0.8,tanh,adam,0.01,32,he,"(-0.5, 0.5)",20,0.12588938716082226,1.0
[4],0.05,0.005,0.0,0.1,0.8,relu,sgd,0.0,32,xavier,"(-0.5, 0.5)",20,0.4085789481767761,0.84
[4],0.05,0.005,0.0,0.1,0.8,relu,sgd,0.0,32,he,"(-0.5, 0.5)",20,0.21894161242502894,0.84
[4],0.05,0.005,0.0,0.1,0.8,relu,sgd,0.01,32,xavier,"(-0.5, 0.5)",20,0.4333794157474956,0.8
[4],0.05,0.005,0.0,0.1,0.8,relu,sgd,0.01,32,he,"(-0.5, 0.5)",20,0.32220942488417764,0.92
[4],0.05,0.005,0.0,0.1,0.8,relu,adam,0.0,32,xavier,"(-0.5, 0.5)",20,0.261590666423493,0.92
[4],0.05,0.005,0.0,0.1,0.8,relu,adam,0.0,32,he,"(-0.5, 0.5)",20,0.0927687258732236,0.92
[4],0.05,0.005,0.0,0.1,0.8,relu,adam,0.01,32,xavier,"(-0.5, 0.5)",20,0.27547007819359287,0.88
[4],0.05,0.005,0.0,0.1,0.8,relu,adam,0.01,32,he,"(-0.5, 0.5)",20,0.28193267263340094,0.88
[4],0.05,0.005,0.0,0.1,0.9,tanh,sgd,0.0,32,xavier,"(-0.5, 0.5)",20,0.3538449331640439,0.88
[4],0.05,0.005,0.0,0.1,0.9,tanh,sgd,0.0,32,he,"(-0.5, 0.5)",20,0.24470789695718204,0.92
[4],0.05,0.005,0.0,0.1,0.9,tanh,sgd,0.01,32,xavier,"(-0.5, 0.5)",20,0.2522009792730123,0.92
[4],0.05,0.005,0.0,0.1,0.9,tanh,sgd,0.01,32,he,"(-0.5, 0.5)",20,0.370245045924494,0.88
[4],0.05,0.005,0.0,0.1,0.9,tanh,adam,0.0,32,xavier,"(-0.5, 0.5)",20,0.07332218455325007,1.0
[4],0.05,0.005,0.0,0.1,0.9,tanh,adam,0.0,32,he,"(-0.5, 0.5)",20,0.23807233473899558,0.92
[4],0.05,0.005,0.0,0.1,0.9,tanh,adam,0.01,32,xavier,"(-0.5, 0.5)",20,0.4588558332394043,0.8
[4],0.05,0.005,0.0,0.1,0.9,tanh,adam,0.01,32,he,"(-0.5, 0.5)",20,0.1456688196155667,1.0
[4],0.05,0.005,0.0,0.1,0.9,relu,sgd,0.0,32,xavier,"(-0.5, 0.5)",20,0.13575883086350218,0.96
[4],0.05,0.005,0.0,0.1,0.9,relu,sgd,0.0,32,he,"(-0.5, 0.5)",20,0.22179396343819047,0.96
[4],0.05,0.005,0.0,0.1,0.9,relu,sgd,0.01,32,xavier,"(-0.5, 0.5)",20,0.15687284570529225,0.92
[4],0.05,0.005,0.0,0.1,0.9,relu,sgd,0.01,32,he,"(-0.5, 0.5)",20,0.16205511517801569,0.84
[4],0.05,0.005,0.0,0.1,0.9,relu,adam,0.0,32,xavier,"(-0.5, 0.5)",20,0.13892002970308065,0.96
[4],0.05,0.005,0.0,0.1,0.9,relu,adam,0.0,32,he,"(-0.5, 0.5)",20,0.3344393305826319,0.88
[4],0.05,0.005,0.0,0.1,0.9,relu,adam,0.01,32,xavier,"(-0.5, 0.5)",20,0.24557869443642083,0.92
[4],0.05,0.005,0.0,0.1,0.9,relu,adam,0.01,32,he,"(-0.5, 0.5)",20,0.48389174446960276,0.76
[4],0.05,0.005,0.0,0.2,0.8,tanh,sgd,0.0,32,xavier,"(-0.5, 0.5)",20,0.37087883950045925,0.84
[4],0.05,0.005,0.0,0.2,0.8,tanh,sgd,0.0,32,he,"(-0.5, 0.5)",20,0.48563772675773664,0.8
[4],0.05,0.005,0.0,0.2,0.8,tanh,sgd,0.01,32,xavier,"(-0.5, 0.5)",20,0.5083771835571816,0.8
[4],0.05,0.005,0.0,0.2,0.8,tanh,sgd,0.01,32,he,"(-0.5, 0.5)",20,0.42688184963086656,0.76
[4],0.05,0.005,0.0,0.2,0.8,tanh,adam,0.0,32,xavier,"(-0.5, 0.5)",20,0.12275764742344951,1.0
[4],0.05,0.005,0.0,0.2,0.8,tanh,adam,0.0,32,he,"(-0.5, 0.5)",20,0.2654788426745607,0.92
[4],0.05,0.005,0.0,0.2,0.8,tanh,adam,0.01,32,xavier,"(-0.5, 0.5)",20,0.12391232531772697,1.0
[4],0.05,0.005,0.0,0.2,0.8,tanh,adam,0.01,32,he,"(-0.5, 0.5)",20,0.145435313557571,0.96
[4],0.05,0.005,0.0,0.2,0.8,relu,sgd,0.0,32,xavier,"(-0.5, 0.5)",20,0.4269929631242186,0.76
[4],0.05,0.005,0.0,0.2,0.8,relu,sgd,0.0,32,he,"(-0.5, 0.5)",20,0.5382738833980197,0.72
[4],0.05,0.005,0.0,0.2,0.8,relu,sgd,0.01,32,xavier,"(-0.5, 0.5)",20,0.5138426083684303,0.72
[4],0.05,0.005,0.0,0.2,0.8,relu,sgd,0.01,32,he,"(-0.5, 0.5)",20,0.37525789358306366,0.88
[4],0.05,0.005,0.0,0.2,0.8,relu,adam,0.0,32,xavier,"(-0.5, 0.5)",20,0.38402440417212697,0.84
[4],0.05,0.005,0.0,0.2,0.8,relu,adam,0.0,32,he,"(-0.5, 0.5)",20,0.20702379268247126,0.92
[4],0.05,0.005,0.0,0.2,0.8,relu,adam,0.01,32,xavier,"(-0.5, 0.5)",20,0.42114884215721954,0.84
[4],0.05,0.005,0.0,0.2,0.8,relu,adam,0.01,32,he,"(-0.5, 0.5)",20,0.09405432087258114,1.0
[4],0.05,0.005,0.0,0.2,0.9,tanh,sgd,0.0,32,xavier,"(-0.5, 0.5)",20,0.41904253463534114,0.88
[4],0.05,0.005,0.0,0.2,0.9,tanh,sgd,0.0,32,he,"(-0.5, 0.5)",20,0.3735344944321373,0.8
[4],0.05,0.005,0.0,0.2,0.9,tanh,sgd,0.01,32,xavier,"(-0.5, 0.5)",20,0.47213843596248917,0.76
[4],0.05,0.005,0.0,0.2,0.9,tanh,sgd,0.01,32,he,"(-0.5, 0.5)",20,0.39589683108970725,0.8
[4],0.05,0.005,0.0,0.2,0.9,tanh,adam,0.0,32,xavier,"(-0.5, 0.5)",20,0.12586695450042237,1.0
[4],0.05,0.005,0.0,0.2,0.9,tanh,adam,0.0,32,he,"(-0.5, 0.5)",20,0.49433391389368186,0.8
[4],0.05,0.005,0.0,0.2,0.9,tanh,adam,0.01,32,xavier,"(-0.5, 0.5)",20,0.4295067572232712,0.88
[4],0.05,0.005,0.0,0.2,0.9,tanh,adam,0.01,32,he,"(-0.5, 0.5)",20,0.2341221710902839,0.92
[4],0.05,0.005,0.0,0.2,0.9,relu,sgd,0.0,32,xavier,"(-0.5, 0.5)",20,0.32408538120453034,0.88
[4],0.05,0.005,0.0,0.2,0.9,relu,sgd,0.0,32,he,"(-0.5, 0.5)",20,0.2526928875827841,0.88
[4],0.05,0.005,0.0,0.2,0.9,relu,sgd,0.01,32,xavier,"(-0.5, 0.5)",20,0.3736851068789628,0.84
[4],0.05,0.005,0.0,0.2,0.9,relu,sgd,0.01,32,he,"(-0.5, 0.5)",20,0.3710909318684402,0.76
[4],0.05,0.005,0.0,0.2,0.9,relu,adam,0.0,32,xavier,"(-0.5, 0.5)",20,0.3336402605651378,0.84
[4],0.05,0.005,0.0,0.2,0.9,relu,adam,0.0,32,he,"(-0.5, 0.5)",20,0.17308618128879,0.96
[4],0.05,0.005,0.0,0.2,0.9,relu,adam,0.01,32,xavier,"(-0.5, 0.5)",20,0.2433487674836596,0.92
[4],0.05,0.005,0.0,0.2,0.9,relu,adam,0.01,32,he,"(-0.5, 0.5)",20,0.45298289644305195,0.88
[4],0.05,0.005,0.002,0.0,0.8,tanh,sgd,0.0,32,xavier,"(-0.5, 0.5)",20,0.42983466210798044,0.8
[4],0.05,0.005,0.002,0.0,0.8,tanh,sgd,0.0,32,he,"(-0.5, 0.5)",20,0.48010741639940574,0.8
[4],0.05,0.005,0.002,0.0,0.8,tanh,sgd,0.01,32,xavier,"(-0.5, 0.5)",20,0.40280270109191146,0.76
[4],0.05,0.005,0.002,0.0,0.8,tanh,sgd,0.01,32,he,"(-0.5, 0.5)",20,0.42304853215869564,0.84
[4],0.05,0.005,0.002,0.0,0.8,tanh,adam,0.0,32,xavier,"(-0.5, 0.5)",20,0.041306912656082925,1.0
[4],0.05,0.005,0.002,0.0,0.8,tanh,adam,0.0,32,he,"(-0.5, 0.5)",20,0.05082911818260274,1.0
[4],0.05,0.005,0.002,0.0,0.8,tanh,adam,0.01,32,xavier,"(-0.5, 0.5)",20,0.4345515973388029,0.84
[4],0.05,0.005,0.002,0.0,0.8,tanh,adam,0.01,32,he,"(-0.5, 0.5)",20,0.08608669028008374,1.0
[4],0.05,0.005,0.002,0.0,0.8,relu,sgd,0.0,32,xavier,"(-0.5, 0.5)",20,0.49997629111755193,0.8
[4],0.05,0.005,0.002,0.0,0.8,relu,sgd,0.0,32,he,"(-0.5, 0.5)",20,0.22744182334578744,0.8
[4],0.05,0.005,0.002,0.0,0.8,relu,sgd,0.01,32,xavier,"(-0.5, 0.5)",20,0.3926222314129424,0.84
[4],0.05,0.005,0.002,0.0,0.8,relu,sgd,0.01,32,he,"(-0.5, 0.5)",20,0.39314529628814904,0.92
[4],0.05,0.005,0.002,0.0,0.8,relu,adam,0.0,32,xavier,"(-0.5, 0.5)",20,0.031163389390252254,1.0
[4],0.05,0.005,0.002,0.0,0.8,relu,adam,0.0,32,he,"(-0.5, 0.5)",20,0.024705533564334158,1.0
[4],0.05,0.005,0.002,0.0,0.8,relu,adam,0.01,32,xavier,"(-0.5, 0.5)",20,0.15840232422324413,1.0
[4],0.05,0.005,0.002,0.0,0.8,relu,adam,0.01,32,he,"(-0.5, 0.5)",20,0.16586784391209375,0.92
[4],0.05,0.005,0.002,0.0,0.9,tanh,sgd,0.0,32,xavier,"(-0.5, 0.5)",20,0.2022173010933245,0.96
[4],0.05,0.005,0.002,0.0,0.9,tanh,sgd,0.0,32,he,"(-0.5, 0.5)",20,0.2022587961910051,0.92
[4],0.05,0.005,0.002,0.0,0.9,tanh,sgd,0.01,32,xavier,"(-0.5, 0.5)",20,0.35486402179877247,0.8
[4],0.05,0.005,0.002,0.0,0.9,tanh,sgd,0.01,32,he,"(-0.5, 0.5)",20,0.2305139951152347,0.96
[4],0.05,0.005,0.002,0.0,0.9,tanh,adam,0.0,32,xavier,"(-0.5, 0.5)",20,0.22946705211024115,0.92
[4],0.05,0.005,0.002,0.0,0.9,tanh,adam,0.0,32,he,"(-0.5, 0.5)",20,0.47979773211809185,0.76
[4],0.05,0.005,0.002,0.0,0.9,tanh,adam,0.01,32,xavier,"(-0.5, 0.5)",20,0.3696361542736229,0.84
[4],0.05,0.005,0.002,0.0,0.9,tanh,adam,0.01,32,he,"(-0.5, 0.5)",20,0.06065459840949342,1.0
[4],0.05,0.005,0.002,0.0,0.9,relu,sgd,0.0,32,xavier,"(-0.5, 0.5)",20,0.13554832290886834,1.0
[4],0.05,0.005,0.002,0.0,0.9,relu,sgd,0.0,32,he,"(-0.5, 0.5)",20,0.23179861670809973,0.92
[4],0.05,0.005,0.002,0.0,0.9,relu,sgd,0.01,32,xavier,"(-0.5, 0.5)",20,0.14317967999612707,1.0
[4],0.05,0.005,0.002,0.0,0.9,relu,sgd,0.01,32,he,"(-0.5, 0.5)",20,0.4998184399910361,0.64
[4],0.05,0.005,0.002,0.0,0.9,relu,adam,0.0,32,xavier,"(-0.5, 0.5)",20,0.08155847171171328,1.0
[4],0.05,0.005,0.002,0.0,0.9,relu,adam,0.0,32,he,"(-0.5, 0.5)",20,0.02785457282629566,1.0
[4],0.05,0.005,0.002,0.0,0.9,relu,adam,0.01,32,xavier,"(-0.5, 0.5)",20,0.20381197562803932,0.92
[4],0.05,0.005,0.002,0.0,0.9,relu,adam,0.01,32,he,"(-0.5, 0.5)",20,0.09520256368926801,1.0
[4],0.05,0.005,0.002,0.1,0.8,tanh,sgd,0.0,32,xavier,"(-0.5, 0.5)",20,0.44900254247053445,0.8
[4],0.05,0.005,0.002,0.1,0.8,tanh,sgd,0.0,32,he,"(-0.5, 0.5)",20,0.45321353691938704,0.8
[4],0.05,0.005,0.002,0.1,0.8,tanh,sgd,0.01,32,xavier,"(-0.5, 0.5)",20,0.4002486529723568,0.84
[4],0.05,0.005,0.002,0.1,0.8,tanh,sgd,0.01,32,he,"(-0.5, 0.5)",20,0.3648177993342653,0.76
[4],0.05,0.005,0.002,0.1,0.8,tanh,adam,0.0,32,xavier,"(-0.5, 0.5)",20,0.2723761011111801,0.88
[4],0.05,0.005,0.002,0.1,0.8,tanh,adam,0.0,32,he,"(-0.5, 0.5)",20,0.09237579500298303,1.0
[4],0.05,0.005,0.002,0.1,0.8,tanh,adam,0.01,32,xavier,"(-0.5, 0.5)",20,0.431455462317072,0.88
[4],0.05,0.005,0.002,0.1,0.8,tanh,adam,0.01,32,he,"(-0.5, 0.5)",20,0.2221069269702402,0.92
[4],0.05,0.005,0.002,0.1,0.8,relu,sgd,0.0,32,xavier,"(-0.5, 0.5)",20,0.3922312576439099,0.88
[4],0.05,0.005,0.002,0.1,0.8,relu,sgd,0.0,32,he,"(-0.5, 0.5)",20,0.23768750815035922,0.96
[4],0.05,0.005,0.002,0.1,0.8,relu,sgd,0.01,32,xavier,"(-0.5, 0.5)",20,0.46007525110465863,0.8
[4],0.05,0.005,0.002,0.1,0.8,relu,sgd,0.01,32,he,"(-0.5, 0.5)",20,0.35221676120844925,0.84
[4],0.05,0.005,0.002,0.1,0.8,relu,adam,0.0,32,xavier,"(-0.5, 0.5)",20,0.1393209922830529,0.88
[4],0.05,0.005,0.002,0.1,0.8,relu,adam,0.0,32,he,"(-0.5, 0.5)",20,0.1712534123606496,1.0
[4],0.05,0.005,0.002,0.1,0.8,relu,adam,0.01,32,xavier,"(-0.5, 0.5)",20,0.2877555995965608,0.84
[4],0.05,0.005,0.002,0.1,0.8,relu,adam,0.01,32,he,"(-0.5, 0.5)",20,0.13354283417193233,0.92
[4],0.05,0.005,0.002,0.1,0.9,tanh,sgd,0.0,32,xavier,"(-0.5, 0.5)",20,0.23329009205598097,1.0
[4],0.05,0.005,0.002,0.1,0.9,tanh,sgd,0.0,32,he,"(-0.5, 0.5)",20,0.27490609032627455,0.88
[4],0.05,0.005,0.002,0.1,0.9,tanh,sgd,0.01,32,xavier,"(-0.5, 0.5)",20,0.3160148771186792,0.88
[4],0.05,0.005,0.002,0.1,0.9,tanh,sgd,0.01,32,he,"(-0.5, 0.5)",20,0.2824341088309453,0.88
[4],0.05,0.005,0.002,0.1,0.9,tanh,adam,0.0,32,xavier,"(-0.5, 0.5)",20,0.05604613494436964,1.0
[4],0.05,0.005,0.002,0.1,0.9,tanh,adam,0.0,32,he,"(-0.5, 0.5)",20,0.11328959476636087,1.0
[4],0.05,0.005,0.002,0.1,0.9,tanh,adam,0.01,32,xavier,"(-0.5, 0.5)",20,0.16982577596407628,0.92
[4],0.05,0.005,0.002,0.1,0.9,tanh,adam,0.01,32,he,"(-0.5, 0.5)",20,0.08467893893388015,1.0
[4],0.05,0.005,0.002,0.1,0.9,relu,sgd,0.0,32,xavier,"(-0.5, 0.5)",20,0.1923268430287623,0.92
[4],0.05,0.005,0.002,0.1,0.9,relu,sgd,0.0,32,he,"(-0.5, 0.5)",20,0.43486012407612556,0.8
[4],0.05,0.005,0.002,0.1,0.9,relu,sgd,0.01,32,xavier,"(-0.5, 0.5)",20,0.314416324091461,0.92
[4],0.05,0.005,0.002,0.1,0.9,relu,sgd,0.01,32,he,"(-0.5, 0.5)",20,0.35830964994687636,0.84
[4],0.05,0.005,0.002,0.1,0.9,relu,adam,0.0,32,xavier,"(-0.5, 0.5)",20,0.44411590727464795,0.8
[4],0.05,0.005,0.002,0.1,0.9,relu,adam,0.0,32,he,"(-0.5, 0.5)",20,0.11977507438967135,1.0
[4],0.05,0.005,0.002,0.1,0.9,relu,adam,0.01,32,xavier,"(-0.5, 0.5)",20,0.11189745454383797,1.0
[4],0.05,0.005,0.002,0.1,0.9,relu,adam,0.01,32,he,"(-0.5, 0.5)",20,0.14139086827303804,0.96
[4],0.05,0.005,0.002,0.2,0.8,tanh,sgd,0.0,32,xavier,"(-0.5, 0.5)",20,0.4222478872024552,0.8
[4],0.05,0.005,0.002,0.2,0.8,tanh,sgd,0.0,32,he,"(-0.5, 0.5)",20,0.26700969783695877,1.0
[4],0.05,0.005,0.002,0.2,0.8,tanh,sgd,0.01,32,xavier,"(-0.5, 0.5)",20,0.46668911114573663,0.76
[4],0.05,0.005,0.002,0.2,0.8,tanh,sgd,0.01,32,he,"(-0.5, 0.5)",20,0.37617413240231046,0.84
[4],0.05,0.005,0.002,0.2,0.8,tanh,adam,0.0,32,xavier,"(-0.5, 0.5)",20,0.11787647755852035,1.0
[4],0.05,0.005,0.002,0.2,0.8,tanh,adam,0.0,32,he,"(-0.5, 0.5)",20,0.0973293741261659,1.0
[4],0.05,0.005,0.002,0.2,0.8,tanh,adam,0.01,32,xavier,"(-0.5, 0.5)",20,0.2796495241647637,0.88
[4],0.05,0.005,0.002,0.2,0.8,tanh,adam,0.01,32,he,"(-0.5, 0.5)",20,0.3462285201874739,0.88
[4],0.05,0.005,0.002,0.2,0.8,relu,sgd,0.0,32,xavier,"(-0.5, 0.5)",20,0.339463302335661,0.88
[4],0.05,0.005,0.002,0.2,0.8,relu,sgd,0.0,32,he,"(-0.5, 0.5)",20,0.4281102959795614,0.88
[4],0.05,0.005,0.002,0.2,0.8,relu,sgd,0.01,32,xavier,"(-0.5, 0.5)",20,0.4709324206440032,0.84
[4],0.05,0.005,0.002,0.2,0.8,relu,sgd,0.01,32,he,"(-0.5, 0.5)",20,0.5658463471600006,0.72
[4],0.05,0.005,0.002,0.2,0.8,relu,adam,0.0,32,xavier,"(-0.5, 0.5)",20,0.3121272244955574,0.76
[4],0.05,0.005,0.002,0.2,0.8,relu,adam,0.0,32,he,"(-0.5, 0.5)",20,0.29818424394275644,0.92
[4],0.05,0.005,0.002,0.2,0.8,relu,adam,0.01,32,xavier,"(-0.5, 0.5)",20,0.3754567373232133,0.84
[4],0.05,0.005,0.002,0.2,0.8,relu,adam,0.01,32,he,"(-0.5, 0.5)",20,0.29264409090267585,0.84
[4],0.05,0.005,0.002,0.2,0.9,tanh,sgd,0.0,32,xavier,"(-0.5, 0.5)",20,0.30795798231568977,0.88
[4],0.05,0.005,0.002,0.2,0.9,tanh,sgd,0.0,32,he,"(-0.5, 0.5)",20,0.4166531522517357,0.8
[4],0.05,0.005,0.002,0.2,0.9,tanh,sgd,0.01,32,xavier,"(-0.5, 0.5)",20,0.4544238889444998,0.8
[4],0.05,0.005,0.002,0.2,0.9,tanh,sgd,0.01,32,he,"(-0.5, 0.5)",20,0.4271897637935889,0.8
[4],0.05,0.005,0.002,0.2,0.9,tanh,adam,0.0,32,xavier,"(-0.5, 0.5)",20,0.15769387169422727,0.96
[4],0.05,0.005,0.002,0.2,0.9,tanh,adam,0.0,32,he,"(-0.5, 0.5)",20,0.35794539332117137,0.84
[4],0.05,0.005,0.002,0.2,0.9,tanh,adam,0.01,32,xavier,"(-0.5, 0.5)",20,0.4595573680308418,0.8
[4],0.05,0.005,0.002,0.2,0.9,tanh,adam,0.01,32,he,"(-0.5, 0.5)",20,0.3675598950859181,0.84
[4],0.05,0.005,0.002,0.2,0.9,relu,sgd,0.0,32,xavier,"(-0.5, 0.5)",20,0.4562546070823961,0.84
[4],0.05,0.005,0.002,0.2,0.9,relu,sgd,0.0,32,he,"(-0.5, 0.5)",20,0.24166612262579637,0.92
[4],0.05,0.005,0.002,0.2,0.9,relu,sgd,0.01,32,xavier,"(-0.5, 0.5)",20,0.3909298920488457,0.92
[4],0.05,0.005,0.002,0.2,0.9,relu,sgd,0.01,32,he,"(-0.5, 0.5)",20,0.24738704349915827,0.84
[4],0.05,0.005,0.002,0.2,0.9,relu,adam,0.0,32,xavier,"(-0.5, 0.5)",20,0.18315665356620184,0.92
[4],0.05,0.005,0.002,0.2,0.9,relu,adam,0.0,32,he,"(-0.5, 0.5)",20,0.28869445125186627,0.92
[4],0.05,0.005,0.002,0.2,0.9,relu,adam,0.01,32,xavier,"(-0.5, 0.5)",20,0.45305732078621186,0.8
[4],0.05,0.005,0.002,0.2,0.9,relu,adam,0.01,32,he,"(-0.5, 0.5)",20,0.5600777033896731,0.8
[4],0.05,0.01,0.0,0.0,0.8,tanh,sgd,0.0,32,xavier,"(-0.5, 0.5)",20,0.3684008335508673,0.84
[4],0.05,0.01,0.0,0.0,0.8,tanh,sgd,0.0,32,he,"(-0.5, 0.5)",20,0.2092827717948516,0.96
[4],0.05,0.01,0.0,0.0,0.8,tanh,sgd,0.01,32,xavier,"(-0.5, 0.5)",20,0.44841497909385325,0.76
[4],0.05,0.01,0.0,0.0,0.8,tanh,sgd,0.01,32,he,"(-0.5, 0.5)",20,0.505926971768756,0.76
[4],0.05,0.01,0.0,0.0,0.8,tanh,adam,0.0,32,xavier,"(-0.5, 0.5)",20,0.10455003953937025,1.0
[4],0.05,0.01,0.0,0.0,0.8,tanh,adam,0.0,32,he,"(-0.5, 0.5)",20,0.051884778281303834,1.0
[4],0.05,0.01,0.0,0.0,0.8,tanh,adam,0.01,32,xavier,"(-0.5, 0.5)",20,0.05798660084018441,1.0
[4],0.05,0.01,0.0,0.0,0.8,tanh,adam,0.01,32,he,"(-0.5, 0.5)",20,0.11375326967735629,1.0
[4],0.05,0.01,0.0,0.0,0.8,relu,sgd,0.0,32,xavier,"(-0.5, 0.5)",20,0.4345490295109322,0.84
[4],0.05,0.01,0.0,0.0,0.8,relu,sgd,0.0,32,he,"(-0.5, 0.5)",20,0.1945451091009587,0.96
[4],0.05,0.01,0.0,0.0,0.8,relu,sgd,0.01,32,xavier,"(-0.5, 0.5)",20,0.31566899683038585,0.92
[4],0.05,0.01,0.0,0.0,0.8,relu,sgd,0.01,32,he,"(-0.5, 0.5)",20,0.40614258410702503,0.8
[4],0.05,0.01,0.0,0.0,0.8,relu,adam,0.0,32,xavier,"(-0.5, 0.5)",20,0.03880356340206944,1.0
[4],0.05,0.01,0.0,0.0,0.8,relu,adam,0.0,32,he,"(-0.5, 0.5)",20,0.19454945983638586,0.88
[4],0.05,0.01,0.0,0.0,0.8,relu,adam,0.01,32,xavier,"(-0.5, 0.5)",20,0.22724893264258872,0.88
[4],0.05,0.01,0.0,0.0,0.8,relu,adam,0.01,32,he,"(-0.5, 0.5)",20,0.11767183739951864,0.92
[4],0.05,0.01,0.0,0.0,0.9,tanh,sgd,0.0,32,xavier,"(-0.5, 0.5)",20,0.24191539586926847,0.88
[4],0.05,0.01,0.0,0.0,0.9,tanh,sgd,0.0,32,he,"(-0.5, 0.5)",20,0.1682428834640457,1.0
[4],0.05,0.01,0.0,0.0,0.9,tanh,sgd,0.01,32,xavier,"(-0.5, 0.5)",20,0.35869433135480944,0.8
[4],0.05,0.01,0.0,0.0,0.9,tanh,sgd,0.01,32,he,"(-0.5, 0.5)",20,0.4592840360092098,0.8
[4],0.05,0.01,0.0,0.0,0.9,tanh,adam,0.0,32,xavier,"(-0.5, 0.5)",20,0.14162332561209132,0.96
[4],0.05,0.01,0.0,0.0,0.9,tanh,adam,0.0,32,he,"(-0.5, 0.5)",20,0.07500796156159828,1.0
[4],0.05,0.01,0.0,0.0,0.9,tanh,adam,0.01,32,xavier,"(-0.5, 0.5)",20,0.24589170844892855,0.84
[4],0.05,0.01,0.0,0.0,0.9,tanh,adam,0.01,32,he,"(-0.5, 0.5)",20,0.2665817138952937,0.92
[4],0.05,0.01,0.0,0.0,0.9,relu,sgd,0.0,32,xavier,"(-0.5, 0.5)",20,0.17964476071363383,0.96
[4],0.05,0.01,0.0,0.0,0.9,relu,sgd,0.0,32,he,"(-0.5, 0.5)",20,0.1275251194733094,1.0
[4],0.05,0.01,0.0,0.0,0.9,relu,sgd,0.01,32,xavier,"(-0.5, 0.5)",20,0.17723458341093232,0.88
[4],0.05,0.01,0.0,0.0,0.9,relu,sgd,0.01,32,he,"(-0.5, 0.5)",20,0.24868408426271102,0.96
[4],0.05,0.01,0.0,0.0,0.9,relu,adam,0.0,32,xavier,"(-0.5, 0.5)",20,0.18089537561969785,0.92
[4],0.05,0.01,0.0,0.0,0.9,relu,adam,0.0,32,he,"(-0.5, 0.5)",20,0.1015412294142523,1.0
[4],0.05,0.01,0.0,0.0,0.9,relu,adam,0.01,32,xavier,"(-0.5, 0.5)",20,0.05049652844298805,1.0
[4],0.05,0.01,0.0,0.0,0.9,relu,adam,0.01,32,he,"(-0.5, 0.5)",20,0.12573414308298392,0.96
[4],0.05,0.01,0.0,0.1,0.8,tanh,sgd,0.0,32,xavier,"(-0.5, 0.5)",20,0.39986772199977094,0.88
[4],0.05,0.01,0.0,0.1,0.8,tanh,sgd,0.0,32,he,"(-0.5, 0.5)",20,0.42225247363463114,0.84
[4],0.05,0.01,0.0,0.1,0.8,tanh,sgd,0.01,32,xavier,"(-0.5, 0.5)",20,0.48306418093293435,0.84
[4],0.05,0.01,0.0,0.1,0.8,tanh,sgd,0.01,32,he,"(-0.5, 0.5)",20,0.41260241032846495,0.88
[4],0.05,0.01,0.0,0.1,0.8,tanh,adam,0.0,32,xavier,"(-0.5, 0.5)",20,0.3894665550513432,0.8
[4],0.05,0.01,0.0,0.1,0.8,tanh,adam,0.0,32,he,"(-0.5, 0.5)",20,0.17512102874207286,0.96
[4],0.05,0.01,0.0,0.1,0.8,tanh,adam,0.01,32,xavier,"(-0.5, 0.5)",20,0.07931479789431183,1.0
[4],0.05,0.01,0.0,0.1,0.8,tanh,adam,0.01,32,he,"(-0.5, 0.5)",20,0.14003703112560933,0.96
[4],0.05,0.01,0.0,0.1,0.8,relu,sgd,0.0,32,xavier,"(-0.5, 0.5)",20,0.42672006567768744,0.88
[4],0.05,0.01,0.0,0.1,0.8,relu,sgd,0.0,32,he,"(-0.5, 0.5)",20,0.3924656798007403,0.84
[4],0.05,0.01,0.0,0.1,0.8,relu,sgd,0.01,32,xavier,"(-0.5, 0.5)",20,0.5408110411001101,0.76
[4],0.05,0.01,0.0,0.1,0.8,relu,sgd,0.01,32,he,"(-0.5, 0.5)",20,0.4515271112019386,0.84
[4],0.05,0.01,0.0,0.1,0.8,relu,adam,0.0,32,xavier,"(-0.5, 0.5)",20,0.2625202394933756,0.88
[4],0.05,0.01,0.0,0.1,0.8,relu,adam,0.0,32,he,"(-0.5, 0.5)",20,0.10156373610255304,1.0
[4],0.05,0.01,0.0,0.1,0.8,relu,adam,0.01,32,xavier,"(-0.5, 0.5)",20,0.273117294639383,0.88
[4],0.05,0.01,0.0,0.1,0.8,relu,adam,0.01,32,he,"(-0.5, 0.5)",20,0.0800689657141197,1.0
[4],0.05,0.01,0.0,0.1,0.9,tanh,sgd,0.0,32,xavier,"(-0.5, 0.5)",20,0.42976915635547824,0.8
[4],0.05,0.01,0.0,0.1,0.9,tanh,sgd,0.0,32,he,"(-0.5, 0.5)",20,0.3401741311772706,0.88
[4],0.05,0.01,0.0,0.1,0.9,tanh,sgd,0.01,32,xavier,"(-0.5, 0.5)",20,0.37258725257768893,0.84
[4],0.05,0.01,0.0,0.1,0.9,tanh,sgd,0.01,32,he,"(-0.5, 0.5)",20,0.355931526485757,0.84
[4],0.05,0.01,0.0,0.1,0.9,tanh,adam,0.0,32,xavier,"(-0.5, 0.5)",20,0.2267204600650784,0.92
[4],0.05,0.01,0.0,0.1,0.9,tanh,adam,0.0,32,he,"(-0.5, 0.5)",20,0.08427092728177935,1.0
[4],0.05,0.01,0.0,0.1,0.9,tanh,adam,0.01,32,xavier,"(-0.5, 0.5)",20,0.21997078840111547,0.88
[4],0.05,0.01,0.0,0.1,0.9,tanh,adam,0.01,32,he,"(-0.5, 0.5)",20,0.1869223165125859,0.92
[4],0.05,0.01,0.0,0.1,0.9,relu,sgd,0.0,32,xavier,"(-0.5, 0.5)",20,0.3073355946833618,0.88
[4],0.05,0.01,0.0,0.1,0.9,relu,sgd,0.0,32,he,"(-0.5, 0.5)",20,0.19277107845261712,0.92
[4],0.05,0.01,0.0,0.1,0.9,relu,sgd,0.01,32,xavier,"(-0.5, 0.5)",20,0.24989042424494506,0.84
[4],0.05,0.01,0.0,0.1,0.9,relu,sgd,0.01,32,he,"(-0.5, 0.5)",20,0.2203485402879038,0.92
[4],0.05,0.01,0.0,0.1,0.9,relu,adam,0.0,32,xavier,"(-0.5, 0.5)",20,0.0935642038567369,1.0
[4],0.05,0.01,0.0,0.1,0.9,relu,adam,0.0,32,he,"(-0.5, 0.5)",20,0.2812506242833041,0.92
[4],0.05,0.01,0.0,0.1,0.9,relu,adam,0.01,32,xavier,"(-0.5, 0.5)",20,0.16969772061689864,0.88
[4],0.05,0.01,0.0,0.1,0.9,relu,adam,0.01,32,he,"(-0.5, 0.5)",20,0.2034320572729869,0.92
[4],0.05,0.01,0.0,0.2,0.8,tanh,sgd,0.0,32,xavier,"(-0.5, 0.5)",20,0.4542931248346563,0.84
[4],0.05,0.01,0.0,0.2,0.8,tanh,sgd,0.0,32,he,"(-0.5, 0.5)",20,0.47066091433566465,0.76
[4],0.05,0.01,0.0,0.2,0.8,tanh,sgd,0.01,32,xavier,"(-0.5, 0.5)",20,0.4308999496821808,0.84
[4],0.05,0.01,0.0,0.2,0.8,tanh,sgd,0.01,32,he,"(-0.5, 0.5)",20,0.5225561298479795,0.76
[4],0.05,0.01,0.0,0.2,0.8,tanh,adam,0.0,32,xavier,"(-0.5, 0.5)",20,0.151312782236099,1.0
[4],0.05,0.01,0.0,0.2,0.8,tanh,adam,0.0,32,he,"(-0.5, 0.5)",20,0.2824899874250795,0.92
[4],0.05,0.01,0.0,0.2,0.8,tanh,adam,0.01,32,xavier,"(-0.5, 0.5)",20,0.3464125343236556,0.88
[4],0.05,0.01,0.0,0.2,0.8,tanh,adam,0.01,32,he,"(-0.5, 0.5)",20,0.3176477546160664,0.88
[4],0.05,0.01,0.0,0.2,0.8,relu,sgd,0.0,32,xavier,"(-0.5, 0.5)",20,0.2788957337395654,0.92
[4],0.05,0.01,0.0,0.2,0.8,relu,sgd,0.0,32,he,"(-0.5, 0.5)",20,0.45420120813044684,0.72
[4],0.05,0.01,0.0,0.2,0.8,relu,sgd,0.01,32,xavier,"(-0.5, 0.5)",20,0.4268936184480142,0.84
[4],0.05,0.01,0.0,0.2,0.8,relu,sgd,0.01,32,he,"(-0.5, 0.5)",20,0.42346316961613084,0.88
[4],0.05,0.01,0.0,0.2,0.8,relu,adam,0.0,32,xavier,"(-0.5, 0.5)",20,0.35841680606330784,0.88
[4],0.05,0.01,0.0,0.2,0.8,relu,adam,0.0,32,he,"(-0.5, 0.5)",20,0.17478098372552378,0.96
[4],0.05,0.01,0.0,0.2,0.8,relu,adam,0.01,32,xavier,"(-0.5, 0.5)",20,0.30893202584149243,0.92
[4],0.05,0.01,0.0,0.2,0.8,relu,adam,0.01,32,he,"(-0.5, 0.5)",20,0.18969429181468966,0.84
[4],0.05,0.01,0.0,0.2,0.9,tanh,sgd,0.0,32,xavier,"(-0.5, 0.5)",20,0.35922902684024466,0.8
[4],0.05,0.01,0.0,0.2,0.9,tanh,sgd,0.0,32,he,"(-0.5, 0.5)",20,0.39901928093186234,0.88
[4],0.05,0.01,0.0,0.2,0.9,tanh,sgd,0.01,32,xavier,"(-0.5, 0.5)",20,0.4391983632153817,0.8
[4],0.05,0.01,0.0,0.2,0.9,tanh,sgd,0.01,32,he,"(-0.5, 0.5)",20,0.3247306378967746,0.84
[4],0.05,0.01,0.0,0.2,0.9,tanh,adam,0.0,32,xavier,"(-0.5, 0.5)",20,0.27522667617331426,0.92
[4],0.05,0.01,0.0,0.2,0.9,tanh,adam,0.0,32,he,"(-0.5, 0.5)",20,0.3484121147198511,0.84
[4],0.05,0.01,0.0,0.2,0.9,tanh,adam,0.01,32,xavier,"(-0.5, 0.5)",20,0.20894184271473715,1.0
[4],0.05,0.01,0.0,0.2,0.9,tanh,adam,0.01,32,he,"(-0.5, 0.5)",20,0.15011125276816548,0.96
[4],0.05,0.01,0.0,0.2,0.9,relu,sgd,0.0,32,xavier,"(-0.5, 0.5)",20,0.4354124476405336,0.88
[4],0.05,0.01,0.0,0.2,0.9,relu,sgd,0.0,32,he,"(-0.5, 0.5)",20,0.22834061433993083,0.92
[4],0.05,0.01,0.0,0.2,0.9,relu,sgd,0.01,32,xavier,"(-0.5, 0.5)",20,0.4712365234728571,0.72
[4],0.05,0.01,0.0,0.2,0.9,relu,sgd,0.01,32,he,"(-0.5, 0.5)",20,0.41787786252192805,0.88
[4],0.05,0.01,0.0,0.2,0.9,relu,adam,0.0,32,xavier,"(-0.5, 0.5)",20,0.3607759772858833,0.84
[4],0.05,0.01,0.0,0.2,0.9,relu,adam,0.0,32,he,"(-0.5, 0.5)",20,0.15917841319895945,0.96
[4],0.05,0.01,0.0,0.2,0.9,relu,adam,0.01,32,xavier,"(-0.5, 0.5)",20,0.41024111347769554,0.8
[4],0.05,0.01,0.0,0.2,0.9,relu,adam,0.01,32,he,"(-0.5, 0.5)",20,0.20491657868156016,0.92
[4],0.05,0.01,0.002,0.0,0.8,tanh,sgd,0.0,32,xavier,"(-0.5, 0.5)",20,0.44575794103039706,0.8
[4],0.05,0.01,0.002,0.0,0.8,tanh,sgd,0.0,32,he,"(-0.5, 0.5)",20,0.43874298969813474,0.88
[4],0.05,0.01,0.002,0.0,0.8,tanh,sgd,0.01,32,xavier,"(-0.5, 0.5)",20,0.48232643429720407,0.84
[4],0.05,0.01,0.002,0.0,0.8,tanh,sgd,0.01,32,he,"(-0.5, 0.5)",20,0.34971837523012356,0.84
[4],0.05,0.01,0.002,0.0,0.8,tanh,adam,0.0,32,xavier,"(-0.5, 0.5)",20,0.05667775845140774,1.0
[4],0.05,0.01,0.002,0.0,0.8,tanh,adam,0.0,32,he,"(-0.5, 0.5)",20,0.09436123166449129,1.0
[4],0.05,0.01,0.002,0.0,0.8,tanh,adam,0.01,32,xavier,"(-0.5, 0.5)",20,0.10646569555200318,1.0
[4],0.05,0.01,0.002,0.0,0.8,tanh,adam,0.01,32,he,"(-0.5, 0.5)",20,0.06480301484605795,1.0
[4],0.05,0.01,0.002,0.0,0.8,relu,sgd,0.0,32,xavier,"(-0.5, 0.5)",20,0.29390181861919074,0.84
[4],0.05,0.01,0.002,0.0,0.8,relu,sgd,0.0,32,he,"(-0.5, 0.5)",20,0.2892916854750973,0.84
[4],0.05,0.01,0.002,0.0,0.8,relu,sgd,0.01,32,xavier,"(-0.5, 0.5)",20,0.4497435415696781,0.76
[4],0.05,0.01,0.002,0.0,0.8,relu,sgd,0.01,32,he,"(-0.5, 0.5)",20,0.3222728357579566,0.88
[4],0.05,0.01,0.002,0.0,0.8,relu,adam,0.0,32,xavier,"(-0.5, 0.5)",20,0.03357574007368549,1.0
[4],0.05,0.01,0.002,0.0,0.8,relu,adam,0.0,32,he,"(-0.5, 0.5)",20,0.14622844085894124,0.92
[4],0.05,0.01,0.002,0.0,0.8,relu,adam,0.01,32,xavier,"(-0.5, 0.5)",20,0.21656948974799173,0.92
[4],0.05,0.01,0.002,0.0,0.8,relu,adam,0.01,32,he,"(-0.5, 0.5)",20,0.1206123577375978,1.0
[4],0.05,0.01,0.002,0.0,0.9,tanh,sgd,0.0,32,xavier,"(-0.5, 0.5)",20,0.1467706045437082,1.0
[4],0.05,0.01,0.002,0.0,0.9,tanh,sgd,0.0,32,he,"(-0.5, 0.5)",20,0.11454151850375935,1.0
[4],0.05,0.01,0.002,0.0,0.9,tanh,sgd,0.01,32,xavier,"(-0.5, 0.5)",20,0.3097100790319051,0.88
[4],0.05,0.01,0.002,0.0,0.9,tanh,sgd,0.01,32,he,"(-0.5, 0.5)",20,0.28165648869044946,0.96
[4],0.05,0.01,0.002,0.0,0.9,tanh,adam,0.0,32,xavier,"(-0.5, 0.5)",20,0.22657941543479226,0.96
[4],0.05,0.01,0.002,0.0,0.9,tanh,adam,0.0,32,he,"(-0.5, 0.5)",20,0.07596047625905487,1.0
[4],0.05,0.01,0.002,0.0,0.9,tanh,adam,0.01,32,xavier,"(-0.5, 0.5)",20,0.34036417025196164,0.76
[4],0.05,0.01,0.002,0.0,0.9,tanh,adam,0.01,32,he,"(-0.5, 0.5)",20,0.2514984094089695,0.92
[4],0.05,0.01,0.002,0.0,0.9,relu,sgd,0.0,32,xavier,"(-0.5, 0.5)",20,0.30211566358866965,0.88
[4],0.05,0.01,0.002,0.0,0.9,relu,sgd,0.0,32,he,"(-0.5, 0.5)",20,0.1638318942043727,0.92
[4],0.05,0.01,0.002,0.0,0.9,relu,sgd,0.01,32,xavier,"(-0.5, 0.5)",20,0.4506741506181988,0.84
[4],0.05,0.01,0.002,0.0,0.9,relu,sgd,0.01,32,he,"(-0.5, 0.5)",20,0.28763535251796574,0.76
[4],0.05,0.01,0.002,0.0,0.9,relu,adam,0.0,32,xavier,"(-0.5, 0.5)",20,0.3017969804058777,0.88
[4],0.05,0.01,0.002,0.0,0.9,relu,adam,0.0,32,he,"(-0.5, 0.5)",20,0.047770425751340925,1.0
[4],0.05,0.01,0.002,0.0,0.9,relu,adam,0.01,32,xavier,"(-0.5, 0.5)",20,0.1261322588630124,0.92
[4],0.05,0.01,0.002,0.0,0.9,relu,adam,0.01,32,he,"(-0.5, 0.5)",20,0.07121923780207144,1.0
[4],0.05,0.01,0.002,0.1,0.8,tanh,sgd,0.0,32,xavier,"(-0.5, 0.5)",20,0.42644487897456057,0.84
[4],0.05,0.01,0.002,0.1,0.8,tanh,sgd,0.0,32,he,"(-0.5, 0.5)",20,0.48095981469507604,0.76
[4],0.05,0.01,0.002,0.1,0.8,tanh,sgd,0.01,32,xavier,"(-0.5, 0.5)",20,0.36433590329420756,0.8
[4],0.05,0.01,0.002,0.1,0.8,tanh,sgd,0.01,32,he,"(-0.5, 0.5)",20,0.43556496379329734,0.8
[4],0.05,0.01,0.002,0.1,0.8,tanh,adam,0.0,32,xavier,"(-0.5, 0.5)",20,0.2660631812194803,0.92
[4],0.05,0.01,0.002,0.1,0.8,tanh,adam,0.0,32,he,"(-0.5, 0.5)",20,0.11749206450955273,1.0
[4],0.05,0.01,0.002,0.1,0.8,tanh,adam,0.01,32,xavier,"(-0.5, 0.5)",20,0.29166460385963017,0.92
[4],0.05,0.01,0.002,0.1,0.8,tanh,adam,0.01,32,he,"(-0.5, 0.5)",20,0.3342843863887421,0.8
[4],0.05,0.01,0.002,0.1,0.8,relu,sgd,0.0,32,xavier,"(-0.5, 0.5)",20,0.24264968899537784,0.88
[4],0.05,0.01,0.002,0.1,0.8,relu,sgd,0.0,32,he,"(-0.5, 0.5)",20,0.3533708602960754,0.76
[4],0.05,0.01,0.002,0.1,0.8,relu,sgd,0.01,32,xavier,"(-0.5, 0.5)",20,0.43525804516417343,0.8
[4],0.05,0.01,0.002,0.1,0.8,relu,sgd,0.01,32,he,"(-0.5, 0.5)",20,0.47673314193704713,0.72
[4],0.05,0.01,0.002,0.1,0.8,relu,adam,0.0,32,xavier,"(-0.5, 0.5)",20,0.10165256037044111,1.0
[4],0.05,0.01,0.002,0.1,0.8,relu,adam,0.0,32,he,"(-0.5, 0.5)",20,0.2500120215023774,0.92
[4],0.05,0.01,0.002,0.1,0.8,relu,adam,0.01,32,xavier,"(-0.5, 0.5)",20,0.2837733735145617,0.92
[4],0.05,0.01,0.002,0.1,0.8,relu,adam,0.01,32,he,"(-0.5, 0.5)",20,0.1256942951783235,0.96
[4],0.05,0.01,0.002,0.1,0.9,tanh,sgd,0.0,32,xavier,"(-0.5, 0.5)",20,0.27421539551465113,0.96
[4],0.05,0.01,0.002,0.1,0.9,tanh,sgd,0.0,32,he,"(-0.5, 0.5)",20,0.2787182544284052,0.92
[4],0.05,0.01,0.002,0.1,0.9,tanh,sgd,0.01,32,xavier,"(-0.5, 0.5)",20,0.3625599832404848,0.84
[4],0.05,0.01,0.002,0.1,0.9,tanh,sgd,0.01,32,he,"(-0.5, 0.5)",20,0.4081233575558061,0.8
[4],0.05,0.01,0.002,0.1,0.9,tanh,adam,0.0,32,xavier,"(-0.5, 0.5)",20,0.18262149017350573,0.92
[4],0.05,0.01,0.002,0.1,0.9,tanh,adam,0.0,32,he,"(-0.5, 0.5)",20,0.135140284284863,1.0
[4],0.05,0.01,0.002,0.1,0.9,tanh,adam,0.01,32,xavier,"(-0.5, 0.5)",20,0.3099467166465275,0.88
[4],0.05,0.01,0.002,0.1,0.9,tanh,adam,0.01,32,he,"(-0.5, 0.5)",20,0.32579528987343215,0.92
[4],0.05,0.01,0.002,0.1,0.9,relu,sgd,0.0,32,xavier,"(-0.5, 0.5)",20,0.42275714064022346,0.8
[4],0.05,0.01,0.002,0.1,0.9,relu,sgd,0.0,32,he,"(-0.5, 0.5)",20,0.24206091551201095,0.92
[4],0.05,0.01,0.002,0.1,0.9,relu,sgd,0.01,32,xavier,"(-0.5, 0.5)",20,0.4275092281084607,0.84
[4],0.05,0.01,0.002,0.1,0.9,relu,sgd,0.01,32,he,"(-0.5, 0.5)",20,0.48392704431726785,0.76
[4],0.05,0.01,0.002,0.1,0.9,relu,adam,0.0,32,xavier,"(-0.5, 0.5)",20,0.27365556824859627,0.92
[4],0.05,0.01,0.002,0.1,0.9,relu,adam,0.0,32,he,"(-0.5, 0.5)",20,0.20571280059673136,0.92
[4],0.05,0.01,0.002,0.1,0.9,relu,adam,0.01,32,xavier,"(-0.5, 0.5)",20,0.5027390179565543,0.84
[4],0.05,0.01,0.002,0.1,0.9,relu,adam,0.01,32,he,"(-0.5, 0.5)",20,0.2947161460812113,0.84
[4],0.05,0.01,0.002,0.2,0.8,tanh,sgd,0.0,32,xavier,"(-0.5, 0.5)",20,0.4873755837450721,0.8
[4],0.05,0.01,0.002,0.2,0.8,tanh,sgd,0.0,32,he,"(-0.5, 0.5)",20,0.5113766955269107,0.88
[4],0.05,0.01,0.002,0.2,0.8,tanh,sgd,0.01,32,xavier,"(-0.5, 0.5)",20,0.43472597257083256,0.84
[4],0.05,0.01,0.002,0.2,0.8,tanh,sgd,0.01,32,he,"(-0.5, 0.5)",20,0.424103104117899,0.88
[4],0.05,0.01,0.002,0.2,0.8,tanh,adam,0.0,32,xavier,"(-0.5, 0.5)",20,0.31347959349969845,0.88
[4],0.05,0.01,0.002,0.2,0.8,tanh,adam,0.0,32,he,"(-0.5, 0.5)",20,0.21380551671923273,0.96
[4],0.05,0.01,0.002,0.2,0.8,tanh,adam,0.01,32,xavier,"(-0.5, 0.5)",20,0.38701606803453453,0.8
[4],0.05,0.01,0.002,0.2,0.8,tanh,adam,0.01,32,he,"(-0.5, 0.5)",20,0.14948620387490322,1.0
[4],0.05,0.01,0.002,0.2,0.8,relu,sgd,0.0,32,xavier,"(-0.5, 0.5)",20,0.381417199778327,0.84
[4],0.05,0.01,0.002,0.2,0.8,relu,sgd,0.0,32,he,"(-0.5, 0.5)",20,0.3708450955909196,0.84
[4],0.05,0.01,0.002,0.2,0.8,relu,sgd,0.01,32,xavier,"(-0.5, 0.5)",20,0.4035630513063842,0.92
[4],0.05,0.01,0.002,0.2,0.8,relu,sgd,0.01,32,he,"(-0.5, 0.5)",20,0.47568039012955227,0.72
[4],0.05,0.01,0.002,0.2,0.8,relu,adam,0.0,32,xavier,"(-0.5, 0.5)",20,0.2641443128861817,0.88
[4],0.05,0.01,0.002,0.2,0.8,relu,adam,0.0,32,he,"(-0.5, 0.5)",20,0.3467297564359612,0.88
[4],0.05,0.01,0.002,0.2,0.8,relu,adam,0.01,32,xavier,"(-0.5, 0.5)",20,0.266097313042112,0.92
[4],0.05,0.01,0.002,0.2,0.8,relu,adam,0.01,32,he,"(-0.5, 0.5)",20,0.37208172093861847,0.8
[4],0.05,0.01,0.002,0.2,0.9,tanh,sgd,0.0,32,xavier,"(-0.5, 0.5)",20,0.4730874545671864,0.88
[4],0.05,0.01,0.002,0.2,0.9,tanh,sgd,0.0,32,he,"(-0.5, 0.5)",20,0.342370300902645,0.88
[4],0.05,0.01,0.002,0.2,0.9,tanh,sgd,0.01,32,xavier,"(-0.5, 0.5)",20,0.40065832278141283,0.88
[4],0.05,0.01,0.002,0.2,0.9,tanh,sgd,0.01,32,he,"(-0.5, 0.5)",20,0.4075183417118972,0.8
[4],0.05,0.01,0.002,0.2,0.9,tanh,adam,0.0,32,xavier,"(-0.5, 0.5)",20,0.1846891367091109,0.96
[4],0.05,0.01,0.002,0.2,0.9,tanh,adam,0.0,32,he,"(-0.5, 0.5)",20,0.11720177849566127,1.0
[4],0.05,0.01,0.002,0.2,0.9,tanh,adam,0.01,32,xavier,"(-0.5, 0.5)",20,0.4193414159054052,0.88
[4],0.05,0.01,0.002,0.2,0.9,tanh,adam,0.01,32,he,"(-0.5, 0.5)",20,0.34031326844939624,0.84
[4],0.05,0.01,0.002,0.2,0.9,relu,sgd,0.0,32,xavier,"(-0.5, 0.5)",20,0.5637658357559572,0.72
[4],0.05,0.01,0.002,0.2,0.9,relu,sgd,0.0,32,he,"(-0.5, 0.5)",20,0.28257984942647946,0.92
[4],0.05,0.01,0.002,0.2,0.9,relu,sgd,0.01,32,xavier,"(-0.5, 0.5)",20,0.30591499948901957,0.88
[4],0.05,0.01,0.002,0.2,0.9,relu,sgd,0.01,32,he,"(-0.5, 0.5)",20,0.44951974786120896,0.76
[4],0.05,0.01,0.002,0.2,0.9,relu,adam,0.0,32,xavier,"(-0.5, 0.5)",20,0.17384118093792617,1.0
[4],0.05,0.01,0.002,0.2,0.9,relu,adam,0.0,32,he,"(-0.5, 0.5)",20,0.3926530075185371,0.84
[4],0.05,0.01,0.002,0.2,0.9,relu,adam,0.01,32,xavier,"(-0.5, 0.5)",20,0.15958718395360627,0.96
[4],0.05,0.01,0.002,0.2,0.9,relu,adam,0.01,32,he,"(-0.5, 0.5)",20,0.23377989118798612,0.92
[4],0.1,0.0,0.0,0.0,0.8,tanh,sgd,0.0,32,xavier,"(-0.5, 0.5)",20,0.21087577158684112,0.92
[4],0.1,0.0,0.0,0.0,0.8,tanh,sgd,0.0,32,he,"(-0.5, 0.5)",20,0.31678127887189195,0.88
[4],0.1,0.0,0.0,0.0,0.8,tanh,sgd,0.01,32,xavier,"(-0.5, 0.5)",20,0.34445663781054064,0.8
[4],0.1,0.0,0.0,0.0,0.8,tanh,sgd,0.01,32,he,"(-0.5, 0.5)",20,0.22647458916437857,0.96
[4],0.1,0.0,0.0,0.0,0.8,tanh,adam,0.0,32,xavier,"(-0.5, 0.5)",20,0.1975889042969433,0.92
[4],0.1,0.0,0.0,0.0,0.8,tanh,adam,0.0,32,he,"(-0.5, 0.5)",20,0.01693521840946236,1.0
[4],0.1,0.0,0.0,0.0,0.8,tanh,adam,0.01,32,xavier,"(-0.5, 0.5)",20,0.12432194319895327,0.92
[4],0.1,0.0,0.0,0.0,0.8,tanh,adam,0.01,32,he,"(-0.5, 0.5)",20,0.01247868829576261,1.0
[4],0.1,0.0,0.0,0.0,0.8,relu,sgd,0.0,32,xavier,"(-0.5, 0.5)",20,0.14488645901671166,0.92
[4],0.1,0.0,0.0,0.0,0.8,relu,sgd,0.0,32,he,"(-0.5, 0.5)",20,0.12725051531197956,1.0
[4],0.1,0.0,0.0,0.0,0.8,relu,sgd,0.01,32,xavier,"(-0.5, 0.5)",20,0.12469722079705044,1.0
[4],0.1,0.0,0.0,0.0,0.8,relu,sgd,0.01,32,he,"(-0.5, 0.5)",20,0.1457697220538759,0.96
[4],0.1,0.0,0.0,0.0,0.8,relu,adam,0.0,32,xavier,"(-0.5, 0.5)",20,0.11793992088069054,0.92
[4],0.1,0.0,0.0,0.0,0.8,relu,adam,0.0,32,he,"(-0.5, 0.5)",20,0.1279136978082204,0.92
[4],0.1,0.0,0.0,0.0,0.8,relu,adam,0.01,32,xavier,"(-0.5, 0.5)",20,0.19240352412981707,0.92
[4],0.1,0.0,0.0,0.0,0.8,relu,adam,0.01,32,he,"(-0.5, 0.5)",20,0.11447530715265052,0.96
[4],0.1,0.0,0.0,0.0,0.9,tanh,sgd,0.0,32,xavier,"(-0.5, 0.5)",20,0.04289710304576094,1.0
[4],0.1,0.0,0.0,0.0,0.9,tanh,sgd,0.0,32,he,"(-0.5, 0.5)",20,0.0339050361433472,1.0
[4],0.1,0.0,0.0,0.0,0.9,tanh,sgd,0.01,32,xavier,"(-0.5, 0.5)",20,0.08093592610090042,1.0
[4],0.1,0.0,0.0,0.0,0.9,tanh,sgd,0.01,32,he,"(-0.5, 0.5)",20,0.32803461553827945,0.88
[4],0.1,0.0,0.0,0.0,0.9,tanh,adam,0.0,32,xavier,"(-0.5, 0.5)",20,0.06529509190514836,0.96
[4],0.1,0.0,0.0,0.0,0.9,tanh,adam,0.0,32,he,"(-0.5, 0.5)",20,0.28098168127640727,0.88
[4],0.1,0.0,0.0,0.0,0.9,tanh,adam,0.01,32,xavier,"(-0.5, 0.5)",20,0.416479730558868,0.84
[4],0.1,0.0,0.0,0.0,0.9,tanh,adam,0.01,32,he,"(-0.5, 0.5)",20,0.28868081799676226,0.84
[4],0.1,0.0,0.0,0.0,0.9,relu,sgd,0.0,32,xavier,"(-0.5, 0.5)",20,0.42996834889049773,0.72
[4],0.1,0.0,0.0,0.0,0.9,relu,sgd,0.0,32,he,"(-0.5, 0.5)",20,0.2166946094416004,0.88
[4],0.1,0.0,0.0,0.0,0.9,relu,sgd,0.01,32,xavier,"(-0.5, 0.5)",20,0.3612692156673098,0.88
[4],0.1,0.0,0.0,0.0,0.9,relu,sgd,0.01,32,he,"(-0.5, 0.5)",20,0.28322636819643343,0.92
[4],0.1,0.0,0.0,0.0,0.9,relu,adam,0.0,32,xavier,"(-0.5, 0.5)",20,0.2543991352149702,0.88
[4],0.1,0.0,0.0,0.0,0.9,relu,adam,0.0,32,he,"(-0.5, 0.5)",20,0.0419830518075912,1.0
[4],0.1,0.0,0.0,0.0,0.9,relu,adam,0.01,32,xavier,"(-0.5, 0.5)",20,0.06475757633777755,1.0
[4],0.1,0.0,0.0,0.0,0.9,relu,adam,0.01,32,he,"(-0.5, 0.5)",20,0.5025763370260683,0.76
[4],0.1,0.0,0.0,0.1,0.8,tanh,sgd,0.0,32,xavier,"(-0.5, 0.5)",20,0.4043922402310494,0.8
[4],0.1,0.0,0.0,0.1,0.8,tanh,sgd,0.0,32,he,"(-0.5, 0.5)",20,0.21918024349316675,0.96
[4],0.1,0.0,0.0,0.1,0.8,tanh,sgd,0.01,32,xavier,"(-0.5, 0.5)",20,0.36269020709524596,0.88
[4],0.1,0.0,0.0,0.1,0.8,tanh,sgd,0.01,32,he,"(-0.5, 0.5)",20,0.47503196531295677,0.72
[4],0.1,0.0,0.0,0.1,0.8,tanh,adam,0.0,32,xavier,"(-0.5, 0.5)",20,0.01969353907748196,1.0
[4],0.1,0.0,0.0,0.1,0.8,tanh,adam,0.0,32,he,"(-0.5, 0.5)",20,0.13224614875928506,0.92
[4],0.1,0.0,0.0,0.1,0.8,tanh,adam,0.01,32,xavier,"(-0.5, 0.5)",20,0.2518649327141701,0.88
[4],0.1,0.0,0.0,0.1,0.8,tanh,adam,0.01,32,he,"(-0.5, 0.5)",20,0.03624193879697632,1.0
[4],0.1,0.0,0.0,0.1,0.8,relu,sgd,0.0,32,xavier,"(-0.5, 0.5)",20,0.3793036087766914,0.96
[4],0.1,0.0,0.0,0.1,0.8,relu,sgd,0.0,32,he,"(-0.5, 0.5)",20,0.07377065669576854,1.0
[4],0.1,0.0,0.0,0.1,0.8,relu,sgd,0.01,32,xavier,"(-0.5, 0.5)",20,0.28321143499099266,0.88
[4],0.1,0.0,0.0,0.1,0.8,relu,sgd,0.01,32,he,"(-0.5, 0.5)",20,0.13134269250470454,0.96
[4],0.1,0.0,0.0,0.1,0.8,relu,adam,0.0,32,xavier,"(-0.5, 0.5)",20,0.13094374379363619,0.92
[4],0.1,0.0,0.0,0.1,0.8,relu,adam,0.0,32,he,"(-0.5, 0.5)",20,0.10494008259835294,1.0
[4],0.1,0.0,0.0,0.1,0.8,relu,adam,0.01,32,xavier,"(-0.5, 0.5)",20,0.29977709183400736,0.84
[4],0.1,0.0,0.0,0.1,0.8,relu,adam,0.01,32,he,"(-0.5, 0.5)",20,0.342051356634657,0.88
[4],0.1,0.0,0.0,0.1,0.9,tanh,sgd,0.0,32,xavier,"(-0.5, 0.5)",20,0.1874204737292953,0.92
[4],0.1,0.0,0.0,0.1,0.9,tanh,sgd,0.0,32,he,"(-0.5, 0.5)",20,0.24657448372639654,0.88
[4],0.1,0.0,0.0,0.1,0.9,tanh,sgd,0.01,32,xavier,"(-0.5, 0.5)",20,0.23055288541037708,0.92
[4],0.1,0.0,0.0,0.1,0.9,tanh,sgd,0.01,32,he,"(-0.5, 0.5)",20,0.07081932537085123,1.0
[4],0.1,0.0,0.0,0.1,0.9,tanh,adam,0.0,32,xavier,"(-0.5, 0.5)",20,0.08942645982706747,1.0
[4],0.1,0.0,0.0,0.1,0.9,tanh,adam,0.0,32,he,"(-0.5, 0.5)",20,0.05796323827362031,1.0
[4],0.1,0.0,0.0,0.1,0.9,tanh,adam,0.01,32,xavier,"(-0.5, 0.5)",20,0.030247485673068182,1.0
[4],0.1,0.0,0.0,0.1,0.9,tanh,adam,0.01,32,he,"(-0.5, 0.5)",20,0.0357835412238891,1.0
[4],0.1,0.0,0.0,0.1,0.9,relu,sgd,0.0,32,xavier,"(-0.5, 0.5)",20,0.2642766278616317,0.96
[4],0.1,0.0,0.0,0.1,0.9,relu,sgd,0.0,32,he,"(-0.5, 0.5)",20,0.43614050543445493,0.76
[4],0.1,0.0,0.0,0.1,0.9,relu,sgd,0.01,32,xavier,"(-0.5, 0.5)",20,0.14824850943131382,0.92
[4],0.1,0.0,0.0,0.1,0.9,relu,sgd,0.01,32,he,"(-0.5, 0.5)",20,0.4685902749529505,0.76
[4],0.1,0.0,0.0,0.1,0.9,relu,adam,0.0,32,xavier,"(-0.5, 0.5)",20,0.40730142911753825,0.8
[4],0.1,0.0,0.0,0.1,0.9,relu,adam,0.0,32,he,"(-0.5, 0.5)",20,0.1622564950784896,0.92
[4],0.1,0.0,0.0,0.1,0.9,relu,adam,0.01,32,xavier,"(-0.5, 0.5)",20,0.2627767662198208,0.88
[4],0.1,0.0,0.0,0.1,0.9,relu,adam,0.01,32,he,"(-0.5, 0.5)",20,0.4331319561150731,0.72
[4],0.1,0.0,0.0,0.2,0.8,tanh,sgd,0.0,32,xavier,"(-0.5, 0.5)",20,0.2861780434499475,0.92
[4],0.1,0.0,0.0,0.2,0.8,tanh,sgd,0.0,32,he,"(-0.5, 0.5)",20,0.2434152913648412,0.92
[4],0.1,0.0,0.0,0.2,0.8,tanh,sgd,0.01,32,xavier,"(-0.5, 0.5)",20,0.3418544509367657,0.88
[4],0.1,0.0,0.0,0.2,0.8,tanh,sgd,0.01,32,he,"(-0.5, 0.5)",20,0.4059048433431042,0.8
[4],0.1,0.0,0.0,0.2,0.8,tanh,adam,0.0,32,xavier,"(-0.5, 0.5)",20,0.2366811234883396,0.88
[4],0.1,0.0,0.0,0.2,0.8,tanh,adam,0.0,32,he,"(-0.5, 0.5)",20,0.14186540244672505,0.92
[4],0.1,0.0,0.0,0.2,0.8,tanh,adam,0.01,32,xavier,"(-0.5, 0.5)",20,0.2588251080466325,0.92
[4],0.1,0.0,0.0,0.2,0.8,tanh,adam,0.01,32,he,"(-0.5, 0.5)",20,0.2734441388539346,0.88
[4],0.1,0.0,0.0,0.2,0.8,relu,sgd,0.0,32,xavier,"(-0.5, 0.5)",20,0.3989198001018267,0.8
[4],0.1,0.0,0.0,0.2,0.8,relu,sgd,0.0,32,he,"(-0.5, 0.5)",20,0.35574033728014437,0.84
[4],0.1,0.0,0.0,0.2,0.8,relu,sgd,0.01,32,xavier,"(-0.5, 0.5)",20,0.4403836533496736,0.72
[4],0.1,0.0,0.0,0.2,0.8,relu,sgd,0.01,32,he,"(-0.5, 0.5)",20,0.2955805735264044,0.84
[4],0.1,0.0,0.0,0.2,0.8,relu,adam,0.0,32,xavier,"(-0.5, 0.5)",20,0.21836900154720176,0.88
[4],0.1,0.0,0.0,0.2,0.8,relu,adam,0.0,32,he,"(-0.5, 0.5)",20,0.2886039179113237,0.92
[4],0.1,0.0,0.0,0.2,0.8,relu,adam,0.01,32,xavier,"(-0.5, 0.5)",20,0.1380661214186991,0.92
[4],0.1,0.0,0.0,0.2,0.8,relu,adam,0.01,32,he,"(-0.5, 0.5)",20,0.40704355356696276,0.76
[4],0.1,0.0,0.0,0.2,0.9,tanh,sgd,0.0,32,xavier,"(-0.5, 0.5)",20,0.12123240980144652,0.96
[4],0.1,0.0,0.0,0.2,0.9,tanh,sgd,0.0,32,he,"(-0.5, 0.5)",20,0.3470563748496176,0.88
[4],0.1,0.0,0.0,0.2,0.9,tanh,sgd,0.01,32,xavier,"(-0.5, 0.5)",20,0.42371653638707124,0.84
[4],0.1,0.0,0.0,0.2,0.9,tanh,sgd,0.01,32,he,"(-0.5, 0.5)",20,0.23714003132637326,0.92
[4],0.1,0.0,0.0,0.2,0.9,tanh,adam,0.0,32,xavier,"(-0.5, 0.5)",20,0.05989390515341882,1.0
[4],0.1,0.0,0.0,0.2,0.9,tanh,adam,0.0,32,he,"(-0.5, 0.5)",20,0.3042011082642412,0.88
[4],0.1,0.0,0.0,0.2,0.9,tanh,adam,0.01,32,xavier,"(-0.5, 0.5)",20,0.22945521338693456,0.92
[4],0.1,0.0,0.0,0.2,0.9,tanh,adam,0.01,32,he,"(-0.5, 0.5)",20,0.4032553393378069,0.88
[4],0.1,0.0,0.0,0.2,0.9,relu,sgd,0.0,32,xavier,"(-0.5, 0.5)",20,0.4789828599814944,0.8
[4],0.1,0.0,0.0,0.2,0.9,relu,sgd,0.0,32,he,"(-0.5, 0.5)",20,0.3027100581938434,0.76
[4],0.1,0.0,0.0,0.2,0.9,relu,sgd,0.01,32,xavier,"(-0.5, 0.5)",20,0.30640998829235805,0.84
[4],0.1,0.0,0.0,0.2,0.9,relu,sgd,0.01,32,he,"(-0.5, 0.5)",20,0.3729160564441683,0.76
[4],0.1,0.0,0.0,0.2,0.9,relu,adam,0.0,32,xavier,"(-0.5, 0.5)",20,0.38750938784422745,0.8
[4],0.1,0.0,0.0,0.2,0.9,relu,adam,0.0,32,he,"(-0.5, 0.5)",20,0.37012798109492706,0.88
[4],0.1,0.0,0.0,0.2,0.9,relu,adam,0.01,32,xavier,"(-0.5, 0.5)",20,0.5292265772479418,0.64
[4],0.1,0.0,0.0,0.2,0.9,relu,adam,0.01,32,he,"(-0.5, 0.5)",20,0.32035737994523283,0.84
[4],0.1,0.0,0.002,0.0,0.8,tanh,sgd,0.0,32,xavier,"(-0.5, 0.5)",20,0.3065032944859943,0.84
[4],0.1,0.0,0.002,0.0,0.8,tanh,sgd,0.0,32,he,"(-0.5, 0.5)",20,0.48292628870112686,0.84
[4],0.1,0.0,0.002,0.0,0.8,tanh,sgd,0.01,32,xavier,"(-0.5, 0.5)",20,0.2742937062437758,0.88
[4],0.1,0.0,0.002,0.0,0.8,tanh,sgd,0.01,32,he,"(-0.5, 0.5)",20,0.11358948082373103,1.0
[4],0.1,0.0,0.002,0.0,0.8,tanh,adam,0.0,32,xavier,"(-0.5, 0.5)",20,0.17366534198557093,0.92
[4],0.1,0.0,0.002,0.0,0.8,tanh,adam,0.0,32,he,"(-0.5, 0.5)",20,0.11650711237326353,1.0
[4],0.1,0.0,0.002,0.0,0.8,tanh,adam,0.01,32,xavier,"(-0.5, 0.5)",20,0.10377111649353646,0.96
[4],0.1,0.0,0.002,0.0,0.8,tanh,adam,0.01,32,he,"(-0.5, 0.5)",20,0.01993133196006438,1.0
[4],0.1,0.0,0.002,0.0,0.8,relu,sgd,0.0,32,xavier,"(-0.5, 0.5)",20,0.257558035354069,0.92
[4],0.1,0.0,0.002,0.0,0.8,relu,sgd,0.0,32,he,"(-0.5, 0.5)",20,0.11631060116347115,0.96
[4],0.1,0.0,0.002,0.0,0.8,relu,sgd,0.01,32,xavier,"(-0.5, 0.5)",20,0.11292716648203129,1.0
[4],0.1,0.0,0.002,0.0,0.8,relu,sgd,0.01,32,he,"(-0.5, 0.5)",20,0.1391673137529059,1.0
[4],0.1,0.0,0.002,0.0,0.8,relu,adam,0.0,32,xavier,"(-0.5, 0.5)",20,0.07479480735045907,1.0
[4],0.1,0.0,0.002,0.0,0.8,relu,adam,0.0,32,he,"(-0.5, 0.5)",20,0.32347290508143534,0.92
[4],0.1,0.0,0.002,0.0,0.8,relu,adam,0.01,32,xavier,"(-0.5, 0.5)",20,0.028134429844375794,1.0
[4],0.1,0.0,0.002,0.0,0.8,relu,adam,0.01,32,he,"(-0.5, 0.5)",20,0.09321175227024638,1.0
[4],0.1,0.0,0.002,0.0,0.9,tanh,sgd,0.0,32,xavier,"(-0.5, 0.5)",20,0.050680397496399805,1.0
[4],0.1,0.0,0.002,0.0,0.9,tanh,sgd,0.0,32,he,"(-0.5, 0.5)",20,0.11051996789214584,1.0
[4],0.1,0.0,0.002,0.0,0.9,tanh,sgd,0.01,32,xavier,"(-0.5, 0.5)",20,0.07751111468724882,1.0
[4],0.1,0.0,0.002,0.0,0.9,tanh,sgd,0.01,32,he,"(-0.5, 0.5)",20,0.08105705953085457,1.0
[4],0.1,0.0,0.002,0.0,0.9,tanh,adam,0.0,32,xavier,"(-0.5, 0.5)",20,0.017893700736470602,1.0
[4],0.1,0.0,0.002,0.0,0.9,tanh,adam,0.0,32,he,"(-0.5, 0.5)",20,0.015925618980443063,1.0
[4],0.1,0.0,0.002,0.0,0.9,tanh,adam,0.01,32,xavier,"(-0.5, 0.5)",20,0.2657100466883716,0.92
[4],0.1,0.0,0.002,0.0,0.9,tanh,adam,0.01,32,he,"(-0.5, 0.5)",20,0.0208253471513386,1.0
[4],0.1,0.0,0.002,0.0,0.9,relu,sgd,0.0,32,xavier,"(-0.5, 0.5)",20,0.052262545048638004,1.0
[4],0.1,0.0,0.002,0.0,0.9,relu,sgd,0.0,32,he,"(-0.5, 0.5)",20,0.20274667085647316,0.92
[4],0.1,0.0,0.002,0.0,0.9,relu,sgd,0.01,32,xavier,"(-0.5, 0.5)",20,0.31732482142305185,0.92
[4],0.1,0.0,0.002,0.0,0.9,relu,sgd,0.01,32,he,"(-0.5, 0.5)",20,0.11677809263508777,1.0
[4],0.1,0.0,0.002,0.0,0.9,relu,adam,0.0,32,xavier,"(-0.5, 0.5)",20,0.06331697354718689,1.0
[4],0.1,0.0,0.002,0.0,0.9,relu,adam,0.0,32,he,"(-0.5, 0.5)",20,0.07849845615847775,1.0
[4],0.1,0.0,0.002,0.0,0.9,relu,adam,0.01,32,xavier,"(-0.5, 0.5)",20,0.05416285683881679,1.0
[4],0.1,0.0,0.002,0.0,0.9,relu,adam,0.01,32,he,"(-0.5, 0.5)",20,0.3099404676739702,0.92
[4],0.1,0.0,0.002,0.1,0.8,tanh,sgd,0.0,32,xavier,"(-0.5, 0.5)",20,0.2757213282063554,0.92
[4],0.1,0.0,0.002,0.1,0.8,tanh,sgd,0.0,32,he,"(-0.5, 0.5)",20,0.2897054002331671,0.88
[4],0.1,0.0,0.002,0.1,0.8,tanh,sgd,0.01,32,xavier,"(-0.5, 0.5)",20,0.3797916052770696,0.84
[4],0.1,0.0,0.002,0.1,0.8,tanh,sgd,0.01,32,he,"(-0.5, 0.5)",20,0.35140798840407794,0.8
[4],0.1,0.0,0.002,0.1,0.8,tanh,adam,0.0,32,xavier,"(-0.5, 0.5)",20,0.33276893856166484,0.88
[4],0.1,0.0,0.002,0.1,0.8,tanh,adam,0.0,32,he,"(-0.5, 0.5)",20,0.01858966634421238,1.0
[4],0.1,0.0,0.002,0.1,0.8,tanh,adam,0.01,32,xavier,"(-0.5, 0.5)",20,0.21702126029305305,0.92
[4],0.1,0.0,0.002,0.1,0.8,tanh,adam,0.01,32,he,"(-0.5, 0.5)",20,0.19229694324896782,0.92
[4],0.1,0.0,0.002,0.1,0.8,relu,sgd,0.0,32,xavier,"(-0.5, 0.5)",20,0.15734021934450151,0.96
[4],0.1,0.0,0.002,0.1,0.8,relu,sgd,0.0,32,he,"(-0.5, 0.5)",20,0.31250534934083113,0.76
[4],0.1,0.0,0.002,0.1,0.8,relu,sgd,0.01,32,xavier,"(-0.5, 0.5)",20,0.36412913442748035,0.84
[4],0.1,0.0,0.002,0.1,0.8,relu,sgd,0.01,32,he,"(-0.5, 0.5)",20,0.3129553595195119,0.84
[4],0.1,0.0,0.002,0.1,0.8,relu,adam,0.0,32,xavier,"(-0.5, 0.5)",20,0.32114551028065813,0.8
[4],0.1,0.0,0.002,0.1,0.8,relu,adam,0.0,32,he,"(-0.5, 0.5)",20,0.07679445547450216,0.96
[4],0.1,0.0,0.002,0.1,0.8,relu,adam,0.01,32,xavier,"(-0.5, 0.5)",20,0.04618396707386419,1.0
[4],0.1,0.0,0.002,0.1,0.8,relu,adam,0.01,32,he,"(-0.5, 0.5)",20,0.25275189816329635,0.92
[4],0.1,0.0,0.002,0.1,0.9,tanh,sgd,0.0,32,xavier,"(-0.5, 0.5)",20,0.3121803322619246,0.88
[4],0.1,0.0,0.002,0.1,0.9,tanh,sgd,0.0,32,he,"(-0.5, 0.5)",20,0.13697744392056005,0.96
[4],0.1,0.0,0.002,0.1,0.9,tanh,sgd,0.01,32,xavier,"(-0.5, 0.5)",20,0.12529356675276201,1.0
[4],0.1,0.0,0.002,0.1,0.9,tanh,sgd,0.01,32,he,"(-0.5, 0.5)",20,0.21485512475152366,0.96
[4],0.1,0.0,0.002,0.1,0.9,tanh,adam,0.0,32,xavier,"(-0.5, 0.5)",20,0.018740772299256605,1.0
[4],0.1,0.0,0.002,0.1,0.9,tanh,adam,0.0,32,he,"(-0.5, 0.5)",20,0.05649397059606303,1.0
[4],0.1,0.0,0.002,0.1,0.9,tanh,adam,0.01,32,xavier,"(-0.5, 0.5)",20,0.048034385759333026,1.0
[4],0.1,0.0,0.002,0.1,0.9,tanh,adam,0.01,32,he,"(-0.5, 0.5)",20,0.05297652438865348,1.0
[4],0.1,0.0,0.002,0.1,0.9,relu,sgd,0.0,32,xavier,"(-0.5, 0.5)",20,0.5690563504707012,0.76
[4],0.1,0.0,0.002,0.1,0.9,relu,sgd,0.0,32,he,"(-0.5, 0.5)",20,0.23940037670250677,0.84
[4],0.1,0.0,0.002,0.1,0.9,relu,sgd,0.01,32,xavier,"(-0.5, 0.5)",20,0.28152737447162857,0.92
[4],0.1,0.0,0.002,0.1,0.9,relu,sgd,0.01,32,he,"(-0.5, 0.5)",20,0.24775135158617823,0.92
[4],0.1,0.0,0.002,0.1,0.9,relu,adam,0.0,32,xavier,"(-0.5, 0.5)",20,0.4321254663443222,0.76
[4],0.1,0.0,0.002,0.1,0.9,relu,adam,0.0,32,he,"(-0.5, 0.5)",20,0.17574008934794064,0.96
[4],0.1,0.0,0.002,0.1,0.9,relu,adam,0.01,32,xavier,"(-0.5, 0.5)",20,0.3031087985953531,0.8
[4],0.1,0.0,0.002,0.1,0.9,relu,adam,0.01,32,he,"(-0.5, 0.5)",20,0.3444291403303996,0.88
[4],0.1,0.0,0.002,0.2,0.8,tanh,sgd,0.0,32,xavier,"(-0.5, 0.5)",20,0.4023302214918897,0.84
[4],0.1,0.0,0.002,0.2,0.8,tanh,sgd,0.0,32,he,"(-0.5, 0.5)",20,0.18495690621164987,1.0
[4],0.1,0.0,0.002,0.2,0.8,tanh,sgd,0.01,32,xavier,"(-0.5, 0.5)",20,0.3743345446492534,0.84
[4],0.1,0.0,0.002,0.2,0.8,tanh,sgd,0.01,32,he,"(-0.5, 0.5)",20,0.2384670536271959,0.96
[4],0.1,0.0,0.002,0.2,0.8,tanh,adam,0.0,32,xavier,"(-0.5, 0.5)",20,0.2897544347020672,0.88
[4],0.1,0.0,0.002,0.2,0.8,tanh,adam,0.0,32,he,"(-0.5, 0.5)",20,0.1494263527882877,1.0
[4],0.1,0.0,0.002,0.2,0.8,tanh,adam,0.01,32,xavier,"(-0.5, 0.5)",20,0.2051738018986499,0.92
[4],0.1,0.0,0.002,0.2,0.8,tanh,adam,0.01,32,he,"(-0.5, 0.5)",20,0.0552482753160223,1.0
[4],0.1,0.0,0.002,0.2,0.8,relu,sgd,0.0,32,xavier,"(-0.5, 0.5)",20,0.24934769933891104,0.96
[4],0.1,0.0,0.002,0.2,0.8,relu,sgd,0.0,32,he,"(-0.5, 0.5)",20,0.26318165035315766,0.8
[4],0.1,0.0,0.002,0.2,0.8,relu,sgd,0.01,32,xavier,"(-0.5, 0.5)",20,0.18649618813690627,0.92
[4],0.1,0.0,0.002,0.2,0.8,relu,sgd,0.01,32,he,"(-0.5, 0.5)",20,0.393421315839808,0.84
[4],0.1,0.0,0.002,0.2,0.8,relu,adam,0.0,32,xavier,"(-0.5, 0.5)",20,0.2935897824099346,0.88
[4],0.1,0.0,0.002,0.2,0.8,relu,adam,0.0,32,he,"(-0.5, 0.5)",20,0.16670784099951644,0.96
[4],0.1,0.0,0.002,0.2,0.8,relu,adam,0.01,32,xavier,"(-0.5, 0.5)",20,0.18692786509213793,0.92
[4],0.1,0.0,0.002,0.2,0.8,relu,adam,0.01,32,he,"(-0.5, 0.5)",20,0.28354033392668965,0.92
[4],0.1,0.0,0.002,0.2,0.9,tanh,sgd,0.0,32,xavier,"(-0.5, 0.5)",20,0.19168973314084656,0.92
[4],0.1,0.0,0.002,0.2,0.9,tanh,sgd,0.0,32,he,"(-0.5, 0.5)",20,0.19736459616974084,0.92
[4],0.1,0.0,0.002,0.2,0.9,tanh,sgd,0.01,32,xavier,"(-0.5, 0.5)",20,0.2752779778836481,0.88
[4],0.1,0.0,0.002,0.2,0.9,tanh,sgd,0.01,32,he,"(-0.5, 0.5)",20,0.501083769200357,0.84
[4],0.1,0.0,0.002,0.2,0.9,tanh,adam,0.0,32,xavier,"(-0.5, 0.5)",20,0.2178282205951046,0.88
[4],0.1,0.0,0.002,0.2,0.9,tanh,adam,0.0,32,he,"(-0.5, 0.5)",20,0.07662856365685305,1.0
[4],0.1,0.0,0.002,0.2,0.9,tanh,adam,0.01,32,xavier,"(-0.5, 0.5)",20,0.2890524682419876,0.88
[4],0.1,0.0,0.002,0.2,0.9,tanh,adam,0.01,32,he,"(-0.5, 0.5)",20,0.06800717840431693,1.0
[4],0.1,0.0,0.002,0.2,0.9,relu,sgd,0.0,32,xavier,"(-0.5, 0.5)",20,0.2806381542441871,0.84
[4],0.1,0.0,0.002,0.2,0.9,relu,sgd,0.0,32,he,"(-0.5, 0.5)",20,0.3419214322479157,0.76
[4],0.1,0.0,0.002,0.2,0.9,relu,sgd,0.01,32,xavier,"(-0.5, 0.5)",20,0.21785750878511548,0.88
[4],0.1,0.0,0.002,0.2,0.9,relu,sgd,0.01,32,he,"(-0.5, 0.5)",20,0.23412201240798447,0.92
[4],0.1,0.0,0.002,0.2,0.9,relu,adam,0.0,32,xavier,"(-0.5, 0.5)",20,0.25838608357414106,0.88
[4],0.1,0.0,0.002,0.2,0.9,relu,adam,0.0,32,he,"(-0.5, 0.5)",20,0.18147101138278296,0.88
[4],0.1,0.0,0.002,0.2,0.9,relu,adam,0.01,32,xavier,"(-0.5, 0.5)",20,0.16702240090785062,0.96
[4],0.1,0.0,0.002,0.2,0.9,relu,adam,0.01,32,he,"(-0.5, 0.5)",20,0.12644806845810588,1.0
[4],0.1,0.005,0.0,0.0,0.8,tanh,sgd,0.0,32,xavier,"(-0.5, 0.5)",20,0.17856984443488932,0.96
[4],0.1,0.005,0.0,0.0,0.8,tanh,sgd,0.0,32,he,"(-0.5, 0.5)",20,0.3268752839699031,0.8
[4],0.1,0.005,0.0,0.0,0.8,tanh,sgd,0.01,32,xavier,"(-0.5, 0.5)",20,0.13981756567373096,1.0
[4],0.1,0.005,0.0,0.0,0.8,tanh,sgd,0.01,32,he,"(-0.5, 0.5)",20,0.40008158728119025,0.8
[4],0.1,0.005,0.0,0.0,0.8,tanh,adam,0.0,32,xavier,"(-0.5, 0.5)",20,0.16111281164958854,0.92
[4],0.1,0.005,0.0,0.0,0.8,tanh,adam,0.0,32,he,"(-0.5, 0.5)",20,0.04791408892077179,1.0
[4],0.1,0.005,0.0,0.0,0.8,tanh,adam,0.01,32,xavier,"(-0.5, 0.5)",20,0.04057141935332883,1.0
[4],0.1,0.005,0.0,0.0,0.8,tanh,adam,0.01,32,he,"(-0.5, 0.5)",20,0.1510946089830196,0.96
[4],0.1,0.005,0.0,0.0,0.8,relu,sgd,0.0,32,xavier,"(-0.5, 0.5)",20,0.09056173708305904,1.0
[4],0.1,0.005,0.0,0.0,0.8,relu,sgd,0.0,32,he,"(-0.5, 0.5)",20,0.2455893130391299,0.88
[4],0.1,0.005,0.0,0.0,0.8,relu,sgd,0.01,32,xavier,"(-0.5, 0.5)",20,0.09850169920141533,0.96
[4],0.1,0.005,0.0,0.0,0.8,relu,sgd,0.01,32,he,"(-0.5, 0.5)",20,0.3032931064713237,0.84
[4],0.1,0.005,0.0,0.0,0.8,relu,adam,0.0,32,xavier,"(-0.5, 0.5)",20,0.29404531245631754,0.76
[4],0.1,0.005,0.0,0.0,0.8,relu,adam,0.0,32,he,"(-0.5, 0.5)",20,0.12743693955657465,0.92
[4],0.1,0.005,0.0,0.0,0.8,relu,adam,0.01,32,xavier,"(-0.5, 0.5)",20,0.07241159887199297,1.0
[4],0.1,0.005,0.0,0.0,0.8,relu,adam,0.01,32,he,"(-0.5, 0.5)",20,0.08037507797070015,1.0
[4],0.1,0.005,0.0,0.0,0.9,tanh,sgd,0.0,32,xavier,"(-0.5, 0.5)",20,0.07064067434879269,1.0
[4],0.1,0.005,0.0,0.0,0.9,tanh,sgd,0.0,32,he,"(-0.5, 0.5)",20,0.07232043725100726,1.0
[4],0.1,0.005,0.0,0.0,0.9,tanh,sgd,0.01,32,xavier,"(-0.5, 0.5)",20,0.06546996820100853,1.0
[4],0.1,0.005,0.0,0.0,0.9,tanh,sgd,0.01,32,he,"(-0.5, 0.5)",20,0.1415222510720943,0.96
[4],0.1,0.005,0.0,0.0,0.9,tanh,adam,0.0,32,xavier,"(-0.5, 0.5)",20,0.25678027074838683,0.92
[4],0.1,0.005,0.0,0.0,0.9,tanh,adam,0.0,32,he,"(-0.5, 0.5)",20,0.17284867164323048,0.92
[4],0.1,0.005,0.0,0.0,0.9,tanh,adam,0.01,32,xavier,"(-0.5, 0.5)",20,0.02929166569545736,1.0
[4],0.1,0.005,0.0,0.0,0.9,tanh,adam,0.01,32,he,"(-0.5, 0.5)",20,0.04322149575639761,1.0
[4],0.1,0.005,0.0,0.0,0.9,relu,sgd,0.0,32,xavier,"(-0.5, 0.5)",20,0.060517125399952736,0.96
[4],0.1,0.005,0.0,0.0,0.9,relu,sgd,0.0,32,he,"(-0.5, 0.5)",20,0.5352574230310876,0.76
[4],0.1,0.005,0.0,0.0,0.9,relu,sgd,0.01,32,xavier,"(-0.5, 0.5)",20,0.1299601269486723,0.92
[4],0.1,0.005,0.0,0.0,0.9,relu,sgd,0.01,32,he,"(-0.5, 0.5)",20,0.11142239191795794,0.92
[4],0.1,0.005,0.0,0.0,0.9,relu,adam,0.0,32,xavier,"(-0.5, 0.5)",20,0.08360360712966428,0.92
[4],0.1,0.005,0.0,0.0,0.9,relu,adam,0.0,32,he,"(-0.5, 0.5)",20,0.35795410496262214,0.84
[4],0.1,0.005,0.0,0.0,0.9,relu,adam,0.01,32,xavier,"(-0.5, 0.5)",20,0.031708453192733854,1.0
[4],0.1,0.005,0.0,0.0,0.9,relu,adam,0.01,32,he,"(-0.5, 0.5)",20,0.3576890242234618,0.84
[4],0.1,0.005,0.0,0.1,0.8,tanh,sgd,0.0,32,xavier,"(-0.5, 0.5)",20,0.12465070675376191,1.0
[4],0.1,0.005,0.0,0.1,0.8,tanh,sgd,0.0,32,he,"(-0.5, 0.5)",20,0.21576881658403824,0.96
[4],0.1,0.005,0.0,0.1,0.8,tanh,sgd,0.01,32,xavier,"(-0.5, 0.5)",20,0.44296444416503267,0.8
[4],0.1,0.005,0.0,0.1,0.8,tanh,sgd,0.01,32,he,"(-0.5, 0.5)",20,0.2970529189538885,0.84
[4],0.1,0.005,0.0,0.1,0.8,tanh,adam,0.0,32,xavier,"(-0.5, 0.5)",20,0.2710852602046565,0.88
[4],0.1,0.005,0.0,0.1,0.8,tanh,adam,0.0,32,he,"(-0.5, 0.5)",20,0.05708183456484462,1.0
[4],0.1,0.005,0.0,0.1,0.8,tanh,adam,0.01,32,xavier,"(-0.5, 0.5)",20,0.3713038676894243,0.88
[4],0.1,0.005,0.0,0.1,0.8,tanh,adam,0.01,32,he,"(-0.5, 0.5)",20,0.07807204214818456,1.0
[4],0.1,0.005,0.0,0.1,0.8,relu,sgd,0.0,32,xavier,"(-0.5, 0.5)",20,0.20957231196541154,0.92
[4],0.1,0.005,0.0,0.1,0.8,relu,sgd,0.0,32,he,"(-0.5, 0.5)",20,0.30361918171374874,0.88
[4],0.1,0.005,0.0,0.1,0.8,relu,sgd,0.01,32,xavier,"(-0.5, 0.5)",20,0.201574741796861,0.88
[4],0.1,0.005,0.0,0.1,0.8,relu,sgd,0.01,32,he,"(-0.5, 0.5)",20,0.12907225746054687,0.92
[4],0.1,0.005,0.0,0.1,0.8,relu,adam,0.0,32,xavier,"(-0.5, 0.5)",20,0.23539486940898716,1.0
[4],0.1,0.005,0.0,0.1,0.8,relu,adam,0.0,32,he,"(-0.5, 0.5)",20,0.3281948998404339,0.92
[4],0.1,0.005,0.0,0.1,0.8,relu,adam,0.01,32,xavier,"(-0.5, 0.5)",20,0.31995382846259024,0.92
[4],0.1,0.005,0.0,0.1,0.8,relu,adam,0.01,32,he,"(-0.5, 0.5)",20,0.17761380820897094,0.96
[4],0.1,0.005,0.0,0.1,0.9,tanh,sgd,0.0,32,xavier,"(-0.5, 0.5)",20,0.3317698802860597,0.88
[4],0.1,0.005,0.0,0.1,0.9,tanh,sgd,0.0,32,he,"(-0.5, 0.5)",20,0.13891418111381704,0.96
[4],0.1,0.005,0.0,0.1,0.9,tanh,sgd,0.01,32,xavier,"(-0.5, 0.5)",20,0.1905365969398054,0.96
[4],0.1,0.005,0.0,0.1,0.9,tanh,sgd,0.01,32,he,"(-0.5, 0.5)",20,0.20824182113317968,0.88
[4],0.1,0.005,0.0,0.1,0.9,tanh,adam,0.0,32,xavier,"(-0.5, 0.5)",20,0.3450397414075882,0.88
[4],0.1,0.005,0.0,0.1,0.9,tanh,adam,0.0,32,he,"(-0.5, 0.5)",20,0.1992059191586647,0.96
[4],0.1,0.005,0.0,0.1,0.9,tanh,adam,0.01,32,xavier,"(-0.5, 0.5)",20,0.2089337894590104,0.92
[4],0.1,0.005,0.0,0.1,0.9,tanh,adam,0.01,32,he,"(-0.5, 0.5)",20,0.345136898444663,0.88
[4],0.1,0.005,0.0,0.1,0.9,relu,sgd,0.0,32,xavier,"(-0.5, 0.5)",20,0.36461337914428715,0.84
[4],0.1,0.005,0.0,0.1,0.9,relu,sgd,0.0,32,he,"(-0.5, 0.5)",20,0.1585723444605503,0.88
[4],0.1,0.005,0.0,0.1,0.9,relu,sgd,0.01,32,xavier,"(-0.5, 0.5)",20,0.13033501698006003,1.0
[4],0.1,0.005,0.0,0.1,0.9,relu,sgd,0.01,32,he,"(-0.5, 0.5)",20,0.3432333233127148,0.84
[4],0.1,0.005,0.0,0.1,0.9,relu,adam,0.0,32,xavier,"(-0.5, 0.5)",20,0.1503989990587698,1.0
[4],0.1,0.005,0.0,0.1,0.9,relu,adam,0.0,32,he,"(-0.5, 0.5)",20,0.40943636127602284,0.84
[4],0.1,0.005,0.0,0.1,0.9,relu,adam,0.01,32,xavier,"(-0.5, 0.5)",20,0.17781432353053334,0.92
[4],0.1,0.005,0.0,0.1,0.9,relu,adam,0.01,32,he,"(-0.5, 0.5)",20,0.2216290080995762,0.92
[4],0.1,0.005,0.0,0.2,0.8,tanh,sgd,0.0,32,xavier,"(-0.5, 0.5)",20,0.4358162316845462,0.76
[4],0.1,0.005,0.0,0.2,0.8,tanh,sgd,0.0,32,he,"(-0.5, 0.5)",20,0.26237199890410956,0.88
[4],0.1,0.005,0.0,0.2,0.8,tanh,sgd,0.01,32,xavier,"(-0.5, 0.5)",20,0.31746236242857007,0.88
[4],0.1,0.005,0.0,0.2,0.8,tanh,sgd,0.01,32,he,"(-0.5, 0.5)",20,0.40333776715395,0.84
[4],0.1,0.005,0.0,0.2,0.8,tanh,adam,0.0,32,xavier,"(-0.5, 0.5)",20,0.3442911738677059,0.88
[4],0.1,0.005,0.0,0.2,0.8,tanh,adam,0.0,32,he,"(-0.5, 0.5)",20,0.17480576700476877,0.92
[4],0.1,0.005,0.0,0.2,0.8,tanh,adam,0.01,32,xavier,"(-0.5, 0.5)",20,0.2023916944268231,1.0
[4],0.1,0.005,0.0,0.2,0.8,tanh,adam,0.01,32,he,"(-0.5, 0.5)",20,0.07775279880025183,1.0
[4],0.1,0.005,0.0,0.2,0.8,relu,sgd,0.0,32,xavier,"(-0.5, 0.5)",20,0.32680422800433184,0.92
[4],0.1,0.005,0.0,0.2,0.8,relu,sgd,0.0,32,he,"(-0.5, 0.5)",20,0.4366222637966386,0.8
[4],0.1,0.005,0.0,0.2,0.8,relu,sgd,0.01,32,xavier,"(-0.5, 0.5)",20,0.4815949033034327,0.76
[4],0.1,0.005,0.0,0.2,0.8,relu,sgd,0.01,32,he,"(-0.5, 0.5)",20,0.30972947275113794,0.92
[4],0.1,0.005,0.0,0.2,0.8,relu,adam,0.0,32,xavier,"(-0.5, 0.5)",20,0.19551145918666657,0.96
[4],0.1,0.005,0.0,0.2,0.8,relu,adam,0.0,32,he,"(-0.5, 0.5)",20,0.3033182395774313,0.88
[4],0.1,0.005,0.0,0.2,0.8,relu,adam,0.01,32,xavier,"(-0.5, 0.5)",20,0.245118151399891,0.88
[4],0.1,0.005,0.0,0.2,0.8,relu,adam,0.01,32,he,"(-0.5, 0.5)",20,0.24688852993075797,0.92
[4],0.1,0.005,0.0,0.2,0.9,tanh,sgd,0.0,32,xavier,"(-0.5, 0.5)",20,0.11072750189844864,1.0
[4],0.1,0.005,0.0,0.2,0.9,tanh,sgd,0.0,32,he,"(-0.5, 0.5)",20,0.2594337728462125,0.92
[4],0.1,0.005,0.0,0.2,0.9,tanh,sgd,0.01,32,xavier,"(-0.5, 0.5)",20,0.28553384843534657,0.88
[4],0.1,0.005,0.0,0.2,0.9,tanh,sgd,0.01,32,he,"(-0.5, 0.5)",20,0.31459527463425074,0.88
[4],0.1,0.005,0.0,0.2,0.9,tanh,adam,0.0,32,xavier,"(-0.5, 0.5)",20,0.11868974058375473,1.0
[4],0.1,0.005,0.0,0.2,0.9,tanh,adam,0.0,32,he,"(-0.5, 0.5)",20,0.24933617425532476,0.92
[4],0.1,0.005,0.0,0.2,0.9,tanh,adam,0.01,32,xavier,"(-0.5, 0.5)",20,0.23247440609766196,0.92
[4],0.1,0.005,0.0,0.2,0.9,tanh,adam,0.01,32,he,"(-0.5, 0.5)",20,0.07994692472692469,1.0
[4],0.1,0.005,0.0,0.2,0.9,relu,sgd,0.0,32,xavier,"(-0.5, 0.5)",20,0.34476115232347776,0.84
[4],0.1,0.005,0.0,0.2,0.9,relu,sgd,0.0,32,he,"(-0.5, 0.5)",20,0.19341311282423473,1.0
[4],0.1,0.005,0.0,0.2,0.9,relu,sgd,0.01,32,xavier,"(-0.5, 0.5)",20,0.4159347649253943,0.8
[4],0.1,0.005,0.0,0.2,0.9,relu,sgd,0.01,32,he,"(-0.5, 0.5)",20,0.38481451083190593,0.88
[4],0.1,0.005,0.0,0.2,0.9,relu,adam,0.0,32,xavier,"(-0.5, 0.5)",20,0.10583585026892683,1.0
[4],0.1,0.005,0.0,0.2,0.9,relu,adam,0.0,32,he,"(-0.5, 0.5)",20,0.3545839041505104,0.84
[4],0.1,0.005,0.0,0.2,0.9,relu,adam,0.01,32,xavier,"(-0.5, 0.5)",20,0.16012110240279964,1.0
[4],0.1,0.005,0.0,0.2,0.9,relu,adam,0.01,32,he,"(-0.5, 0.5)",20,0.32935490462998107,0.92
[4],0.1,0.005,0.002,0.0,0.8,tanh,sgd,0.0,32,xavier,"(-0.5, 0.5)",20,0.2912572656210149,0.96
[4],0.1,0.005,0.002,0.0,0.8,tanh,sgd,0.0,32,he,"(-0.5, 0.5)",20,0.12450943414164313,1.0
[4],0.1,0.005,0.002,0.0,0.8,tanh,sgd,0.01,32,xavier,"(-0.5, 0.5)",20,0.3719948108467786,0.88
[4],0.1,0.005,0.002,0.0,0.8,tanh,sgd,0.01,32,he,"(-0.5, 0.5)",20,0.22597294922298777,0.88
[4],0.1,0.005,0.002,0.0,0.8,tanh,adam,0.0,32,xavier,"(-0.5, 0.5)",20,0.3009858067227547,0.92
[4],0.1,0.005,0.002,0.0,0.8,tanh,adam,0.0,32,he,"(-0.5, 0.5)",20,0.0416010759264941,1.0
[4],0.1,0.005,0.002,0.0,0.8,tanh,adam,0.01,32,xavier,"(-0.5, 0.5)",20,0.0517413579573919,1.0
[4],0.1,0.005,0.002,0.0,0.8,tanh,adam,0.01,32,he,"(-0.5, 0.5)",20,0.04232110843763732,1.0
[4],0.1,0.005,0.002,0.0,0.8,relu,sgd,0.0,32,xavier,"(-0.5, 0.5)",20,0.05389718569318718,1.0
[4],0.1,0.005,0.002,0.0,0.8,relu,sgd,0.0,32,he,"(-0.5, 0.5)",20,0.3455642576758471,0.88
[4],0.1,0.005,0.002,0.0,0.8,relu,sgd,0.01,32,xavier,"(-0.5, 0.5)",20,0.21003882591019135,1.0
[4],0.1,0.005,0.002,0.0,0.8,relu,sgd,0.01,32,he,"(-0.5, 0.5)",20,0.12813022199836646,0.96
[4],0.1,0.005,0.002,0.0,0.8,relu,adam,0.0,32,xavier,"(-0.5, 0.5)",20,0.08507148493269434,1.0
[4],0.1,0.005,0.002,0.0,0.8,relu,adam,0.0,32,he,"(-0.5, 0.5)",20,0.0820447945785427,1.0
[4],0.1,0.005,0.002,0.0,0.8,relu,adam,0.01,32,xavier,"(-0.5, 0.5)",20,0.09571020287442375,1.0
[4],0.1,0.005,0.002,0.0,0.8,relu,adam,0.01,32,he,"(-0.5, 0.5)",20,0.07570888516241331,1.0
[4],0.1,0.005,0.002,0.0,0.9,tanh,sgd,0.0,32,xavier,"(-0.5, 0.5)",20,0.06816830494267148,1.0
[4],0.1,0.005,0.002,0.0,0.9,tanh,sgd,0.0,32,he,"(-0.5, 0.5)",20,0.2065992619896008,0.92
[4],0.1,0.005,0.002,0.0,0.9,tanh,sgd,0.01,32,xavier,"(-0.5, 0.5)",20,0.1240958802294045,1.0
[4],0.1,0.005,0.002,0.0,0.9,tanh,sgd,0.01,32,he,"(-0.5, 0.5)",20,0.11136449710840168,0.96
[4],0.1,0.005,0.002,0.0,0.9,tanh,adam,0.0,32,xavier,"(-0.5, 0.5)",20,0.0551949323143278,1.0
[4],0.1,0.005,0.002,0.0,0.9,tanh,adam,0.0,32,he,"(-0.5, 0.5)",20,0.10112823669983055,0.96
[4],0.1,0.005,0.002,0.0,0.9,tanh,adam,0.01,32,xavier,"(-0.5, 0.5)",20,0.06645413915687956,1.0
[4],0.1,0.005,0.002,0.0,0.9,tanh,adam,0.01,32,he,"(-0.5, 0.5)",20,0.1249501957908662,1.0
[4],0.1,0.005,0.002,0.0,0.9,relu,sgd,0.0,32,xavier,"(-0.5, 0.5)",20,0.08019864822955243,1.0
[4],0.1,0.005,0.002,0.0,0.9,relu,sgd,0.0,32,he,"(-0.5, 0.5)",20,0.29028772528998414,0.88
[4],0.1,0.005,0.002,0.0,0.9,relu,sgd,0.01,32,xavier,"(-0.5, 0.5)",20,0.13141818740232658,0.96
[4],0.1,0.005,0.002,0.0,0.9,relu,sgd,0.01,32,he,"(-0.5, 0.5)",20,0.6551426190587405,0.8
[4],0.1,0.005,0.002,0.0,0.9,relu,adam,0.0,32,xavier,"(-0.5, 0.5)",20,0.14541523162171377,0.92
[4],0.1,0.005,0.002,0.0,0.9,relu,adam,0.0,32,he,"(-0.5, 0.5)",20,0.136155793803186,0.92
[4],0.1,0.005,0.002,0.0,0.9,relu,adam,0.01,32,xavier,"(-0.5, 0.5)",20,0.08788053333934098,0.92
[4],0.1,0.005,0.002,0.0,0.9,relu,adam,0.01,32,he,"(-0.5, 0.5)",20,0.08586407023574374,1.0
[4],0.1,0.005,0.002,0.1,0.8,tanh,sgd,0.0,32,xavier,"(-0.5, 0.5)",20,0.31420755532087935,0.88
[4],0.1,0.005,0.002,0.1,0.8,tanh,sgd,0.0,32,he,"(-0.5, 0.5)",20,0.3313424904017126,0.8
[4],0.1,0.005,0.002,0.1,0.8,tanh,sgd,0.01,32,xavier,"(-0.5, 0.5)",20,0.2659742509734506,0.88
[4],0.1,0.005,0.002,0.1,0.8,tanh,sgd,0.01,32,he,"(-0.5, 0.5)",20,0.4870719619624116,0.84
[4],0.1,0.005,0.002,0.1,0.8,tanh,adam,0.0,32,xavier,"(-0.5, 0.5)",20,0.29503587866764425,0.92
[4],0.1,0.005,0.002,0.1,0.8,tanh,adam,0.0,32,he,"(-0.5, 0.5)",20,0.0428301925897103,1.0
[4],0.1,0.005,0.002,0.1,0.8,tanh,adam,0.01,32,xavier,"(-0.5, 0.5)",20,0.1033722398752913,1.0
[4],0.1,0.005,0.002,0.1,0.8,tanh,adam,0.01,32,he,"(-0.5, 0.5)",20,0.0827500240044348,1.0
[4],0.1,0.005,0.002,0.1,0.8,relu,sgd,0.0,32,xavier,"(-0.5, 0.5)",20,0.26373561892400926,0.88
[4],0.1,0.005,0.002,0.1,0.8,relu,sgd,0.0,32,he,"(-0.5, 0.5)",20,0.30748764427218056,0.88
[4],0.1,0.005,0.002,0.1,0.8,relu,sgd,0.01,32,xavier,"(-0.5, 0.5)",20,0.4428047858787961,0.8
[4],0.1,0.005,0.002,0.1,0.8,relu,sgd,0.01,32,he,"(-0.5, 0.5)",20,0.14435070157543173,1.0
[4],0.1,0.005,0.002,0.1,0.8,relu,adam,0.0,32,xavier,"(-0.5, 0.5)",20,0.06434039814192143,1.0
[4],0.1,0.005,0.002,0.1,0.8,relu,adam,0.0,32,he,"(-0.5, 0.5)",20,0.27312011803782354,0.84
[4],0.1,0.005,0.002,0.1,0.8,relu,adam,0.01,32,xavier,"(-0.5, 0.5)",20,0.07456806048096593,1.0
[4],0.1,0.005,0.002,0.1,0.8,relu,adam,0.01,32,he,"(-0.5, 0.5)",20,0.09117400486361638,1.0
[4],0.1,0.005,0.002,0.1,0.9,tanh,sgd,0.0,32,xavier,"(-0.5, 0.5)",20,0.18837836274384825,0.96
[4],0.1,0.005,0.002,0.1,0.9,tanh,sgd,0.0,32,he,"(-0.5, 0.5)",20,0.2751879852532868,0.88
[4],0.1,0.005,0.002,0.1,0.9,tanh,sgd,0.01,32,xavier,"(-0.5, 0.5)",20,0.2732220241532233,0.92
[4],0.1,0.005,0.002,0.1,0.9,tanh,sgd,0.01,32,he,"(-0.5, 0.5)",20,0.22777887796051088,0.88
[4],0.1,0.005,0.002,0.1,0.9,tanh,adam,0.0,32,xavier,"(-0.5, 0.5)",20,0.09767913349188023,1.0
[4],0.1,0.005,0.002,0.1,0.9,tanh,adam,0.0,32,he,"(-0.5, 0.5)",20,0.07881158528416995,1.0
[4],0.1,0.005,0.002,0.1,0.9,tanh,adam,0.01,32,xavier,"(-0.5, 0.5)",20,0.07676153365302246,1.0
[4],0.1,0.005,0.002,0.1,0.9,tanh,adam,0.01,32,he,"(-0.5, 0.5)",20,0.0784457072511528,1.0
[4],0.1,0.005,0.002,0.1,0.9,relu,sgd,0.0,32,xavier,"(-0.5, 0.5)",20,0.20261365965531827,0.88
[4],0.1,0.005,0.002,0.1,0.9,relu,sgd,0.0,32,he,"(-0.5, 0.5)",20,0.09251126371665604,1.0
[4],0.1,0.005,0.002,0.1,0.9,relu,sgd,0.01,32,xavier,"(-0.5, 0.5)",20,0.2896238691622556,0.92
[4],0.1,0.005,0.002,0.1,0.9,relu,sgd,0.01,32,he,"(-0.5, 0.5)",20,0.1581634043890061,0.96
[4],0.1,0.005,0.002,0.1,0.9,relu,adam,0.0,32,xavier,"(-0.5, 0.5)",20,0.3021865111245023,0.92
[4],0.1,0.005,0.002,0.1,0.9,relu,adam,0.0,32,he,"(-0.5, 0.5)",20,0.13919484701560858,1.0
[4],0.1,0.005,0.002,0.1,0.9,relu,adam,0.01,32,xavier,"(-0.5, 0.5)",20,0.17535213750365997,0.92
[4],0.1,0.005,0.002,0.1,0.9,relu,adam,0.01,32,he,"(-0.5, 0.5)",20,0.19415375363822496,0.92
[4],0.1,0.005,0.002,0.2,0.8,tanh,sgd,0.0,32,xavier,"(-0.5, 0.5)",20,0.24926758158032358,0.96
[4],0.1,0.005,0.002,0.2,0.8,tanh,sgd,0.0,32,he,"(-0.5, 0.5)",20,0.29778544681080577,0.92
[4],0.1,0.005,0.002,0.2,0.8,tanh,sgd,0.01,32,xavier,"(-0.5, 0.5)",20,0.44124763337324624,0.88
[4],0.1,0.005,0.002,0.2,0.8,tanh,sgd,0.01,32,he,"(-0.5, 0.5)",20,0.3684978070307832,0.84
[4],0.1,0.005,0.002,0.2,0.8,tanh,adam,0.0,32,xavier,"(-0.5, 0.5)",20,0.3725316218936432,0.84
[4],0.1,0.005,0.002,0.2,0.8,tanh,adam,0.0,32,he,"(-0.5, 0.5)",20,0.21786821673053325,0.92
[4],0.1,0.005,0.002,0.2,0.8,tanh,adam,0.01,32,xavier,"(-0.5, 0.5)",20,0.13661886690369807,1.0
[4],0.1,0.005,0.002,0.2,0.8,tanh,adam,0.01,32,he,"(-0.5, 0.5)",20,0.12708179352093155,0.92
[4],0.1,0.005,0.002,0.2,0.8,relu,sgd,0.0,32,xavier,"(-0.5, 0.5)",20,0.193618112296215,0.92
[4],0.1,0.005,0.002,0.2,0.8,relu,sgd,0.0,32,he,"(-0.5, 0.5)",20,0.3750428094776461,0.84
[4],0.1,0.005,0.002,0.2,0.8,relu,sgd,0.01,32,xavier,"(-0.5, 0.5)",20,0.3042989555794052,0.92
[4],0.1,0.005,0.002,0.2,0.8,relu,sgd,0.01,32,he,"(-0.5, 0.5)",20,0.23865238880647682,0.96
[4],0.1,0.005,0.002,0.2,0.8,relu,adam,0.0,32,xavier,"(-0.5, 0.5)",20,0.2788555030644243,0.92
[4],0.1,0.005,0.002,0.2,0.8,relu,adam,0.0,32,he,"(-0.5, 0.5)",20,0.1503777679727632,1.0
[4],0.1,0.005,0.002,0.2,0.8,relu,adam,0.01,32,xavier,"(-0.5, 0.5)",20,0.17166431698796306,0.96
[4],0.1,0.005,0.002,0.2,0.8,relu,adam,0.01,32,he,"(-0.5, 0.5)",20,0.5602723159809593,0.8
[4],0.1,0.005,0.002,0.2,0.9,tanh,sgd,0.0,32,xavier,"(-0.5, 0.5)",20,0.20273190281227849,0.92
[4],0.1,0.005,0.002,0.2,0.9,tanh,sgd,0.0,32,he,"(-0.5, 0.5)",20,0.2844195088523326,0.84
[4],0.1,0.005,0.002,0.2,0.9,tanh,sgd,0.01,32,xavier,"(-0.5, 0.5)",20,0.2081388166582104,0.96
[4],0.1,0.005,0.002,0.2,0.9,tanh,sgd,0.01,32,he,"(-0.5, 0.5)",20,0.34744421080685284,0.88
[4],0.1,0.005,0.002,0.2,0.9,tanh,adam,0.0,32,xavier,"(-0.5, 0.5)",20,0.08026611351608537,1.0
[4],0.1,0.005,0.002,0.2,0.9,tanh,adam,0.0,32,he,"(-0.5, 0.5)",20,0.09240500011660267,1.0
[4],0.1,0.005,0.002,0.2,0.9,tanh,adam,0.01,32,xavier,"(-0.5, 0.5)",20,0.30513921698613755,0.92
[4],0.1,0.005,0.002,0.2,0.9,tanh,adam,0.01,32,he,"(-0.5, 0.5)",20,0.15428484113978852,0.96
[4],0.1,0.005,0.002,0.2,0.9,relu,sgd,0.0,32,xavier,"(-0.5, 0.5)",20,0.3052069118772109,0.92
[4],0.1,0.005,0.002,0.2,0.9,relu,sgd,0.0,32,he,"(-0.5, 0.5)",20,0.48896734705957784,0.76
[4],0.1,0.005,0.002,0.2,0.9,relu,sgd,0.01,32,xavier,"(-0.5, 0.5)",20,0.14423033619849404,0.96
[4],0.1,0.005,0.002,0.2,0.9,relu,sgd,0.01,32,he,"(-0.5, 0.5)",20,0.2503112081141802,0.92
[4],0.1,0.005,0.002,0.2,0.9,relu,adam,0.0,32,xavier,"(-0.5, 0.5)",20,0.259207745893261,0.92
[4],0.1,0.005,0.002,0.2,0.9,relu,adam,0.0,32,he,"(-0.5, 0.5)",20,0.24970459857883864,0.92
[4],0.1,0.005,0.002,0.2,0.9,relu,adam,0.01,32,xavier,"(-0.5, 0.5)",20,0.38779816875808726,0.84
[4],0.1,0.005,0.002,0.2,0.9,relu,adam,0.01,32,he,"(-0.5, 0.5)",20,0.16709844775515656,0.88
[4],0.1,0.01,0.0,0.0,0.8,tanh,sgd,0.0,32,xavier,"(-0.5, 0.5)",20,0.3708705815254443,0.88
[4],0.1,0.01,0.0,0.0,0.8,tanh,sgd,0.0,32,he,"(-0.5, 0.5)",20,0.13698645639175272,0.96
[4],0.1,0.01,0.0,0.0,0.8,tanh,sgd,0.01,32,xavier,"(-0.5, 0.5)",20,0.33001727705257733,0.88
[4],0.1,0.01,0.0,0.0,0.8,tanh,sgd,0.01,32,he,"(-0.5, 0.5)",20,0.4822657115407173,0.76
[4],0.1,0.01,0.0,0.0,0.8,tanh,adam,0.0,32,xavier,"(-0.5, 0.5)",20,0.050198182938802856,1.0
[4],0.1,0.01,0.0,0.0,0.8,tanh,adam,0.0,32,he,"(-0.5, 0.5)",20,0.05778269432713313,1.0
[4],0.1,0.01,0.0,0.0,0.8,tanh,adam,0.01,32,xavier,"(-0.5, 0.5)",20,0.05557146010719313,1.0
[4],0.1,0.01,0.0,0.0,0.8,tanh,adam,0.01,32,he,"(-0.5, 0.5)",20,0.05796060033269668,1.0
[4],0.1,0.01,0.0,0.0,0.8,relu,sgd,0.0,32,xavier,"(-0.5, 0.5)",20,0.2076278174560741,0.92
[4],0.1,0.01,0.0,0.0,0.8,relu,sgd,0.0,32,he,"(-0.5, 0.5)",20,0.2473699222329354,0.92
[4],0.1,0.01,0.0,0.0,0.8,relu,sgd,0.01,32,xavier,"(-0.5, 0.5)",20,0.10260119534197748,0.96
[4],0.1,0.01,0.0,0.0,0.8,relu,sgd,0.01,32,he,"(-0.5, 0.5)",20,0.34496057900261884,0.88
[4],0.1,0.01,0.0,0.0,0.8,relu,adam,0.0,32,xavier,"(-0.5, 0.5)",20,0.07223526513479699,1.0
[4],0.1,0.01,0.0,0.0,0.8,relu,adam,0.0,32,he,"(-0.5, 0.5)",20,0.1169881556546869,0.92
[4],0.1,0.01,0.0,0.0,0.8,relu,adam,0.01,32,xavier,"(-0.5, 0.5)",20,0.13059522486952935,0.96
[4],0.1,0.01,0.0,0.0,0.8,relu,adam,0.01,32,he,"(-0.5, 0.5)",20,0.08375417174443414,1.0
[4],0.1,0.01,0.0,0.0,0.9,tanh,sgd,0.0,32,xavier,"(-0.5, 0.5)",20,0.06720463767177356,1.0
[4],0.1,0.01,0.0,0.0,0.9,tanh,sgd,0.0,32,he,"(-0.5, 0.5)",20,0.0875482048402371,1.0
[4],0.1,0.01,0.0,0.0,0.9,tanh,sgd,0.01,32,xavier,"(-0.5, 0.5)",20,0.06163893121052362,1.0
[4],0.1,0.01,0.0,0.0,0.9,tanh,sgd,0.01,32,he,"(-0.5, 0.5)",20,0.39730386926575084,0.84
[4],0.1,0.01,0.0,0.0,0.9,tanh,adam,0.0,32,xavier,"(-0.5, 0.5)",20,0.06065841413027069,1.0
[4],0.1,0.01,0.0,0.0,0.9,tanh,adam,0.0,32,he,"(-0.5, 0.5)",20,0.05701706930604254,1.0
[4],0.1,0.01,0.0,0.0,0.9,tanh,adam,0.01,32,xavier,"(-0.5, 0.5)",20,0.24019133784386532,0.88
[4],0.1,0.01,0.0,0.0,0.9,tanh,adam,0.01,32,he,"(-0.5, 0.5)",20,0.05470175041758801,1.0
[4],0.1,0.01,0.0,0.0,0.9,relu,sgd,0.0,32,xavier,"(-0.5, 0.5)",20,0.24055095685058997,0.92
[4],0.1,0.01,0.0,0.0,0.9,relu,sgd,0.0,32,he,"(-0.5, 0.5)",20,0.25565976686604674,1.0
[4],0.1,0.01,0.0,0.0,0.9,relu,sgd,0.01,32,xavier,"(-0.5, 0.5)",20,0.11656341506749132,1.0
[4],0.1,0.01,0.0,0.0,0.9,relu,sgd,0.01,32,he,"(-0.5, 0.5)",20,0.41314865139897006,0.8
[4],0.1,0.01,0.0,0.0,0.9,relu,adam,0.0,32,xavier,"(-0.5, 0.5)",20,0.28571049585115305,0.92
[4],0.1,0.01,0.0,0.0,0.9,relu,adam,0.0,32,he,"(-0.5, 0.5)",20,0.11517794842061169,1.0
[4],0.1,0.01,0.0,0.0,0.9,relu,adam,0.01,32,xavier,"(-0.5, 0.5)",20,0.14754792948355044,0.96
[4],0.1,0.01,0.0,0.0,0.9,relu,adam,0.01,32,he,"(-0.5, 0.5)",20,0.25079818426891126,0.92
[4],0.1,0.01,0.0,0.1,0.8,tanh,sgd,0.0,32,xavier,"(-0.5, 0.5)",20,0.39868382703112715,0.8
[4],0.1,0.01,0.0,0.1,0.8,tanh,sgd,0.0,32,he,"(-0.5, 0.5)",20,0.19563581235143812,1.0
[4],0.1,0.01,0.0,0.1,0.8,tanh,sgd,0.01,32,xavier,"(-0.5, 0.5)",20,0.2797423156357404,0.88
[4],0.1,0.01,0.0,0.1,0.8,tanh,sgd,0.01,32,he,"(-0.5, 0.5)",20,0.18458328995189738,0.92
[4],0.1,0.01,0.0,0.1,0.8,tanh,adam,0.0,32,xavier,"(-0.5, 0.5)",20,0.08013351405015381,1.0
[4],0.1,0.01,0.0,0.1,0.8,tanh,adam,0.0,32,he,"(-0.5, 0.5)",20,0.11310724174752854,1.0
[4],0.1,0.01,0.0,0.1,0.8,tanh,adam,0.01,32,xavier,"(-0.5, 0.5)",20,0.29226894432484946,0.92
[4],0.1,0.01,0.0,0.1,0.8,tanh,adam,0.01,32,he,"(-0.5, 0.5)",20,0.07636177594662197,1.0
[4],0.1,0.01,0.0,0.1,0.8,relu,sgd,0.0,32,xavier,"(-0.5, 0.5)",20,0.4478005163028274,0.8
[4],0.1,0.01,0.0,0.1,0.8,relu,sgd,0.0,32,he,"(-0.5, 0.5)",20,0.48733387177455223,0.8
[4],0.1,0.01,0.0,0.1,0.8,relu,sgd,0.01,32,xavier,"(-0.5, 0.5)",20,0.14324923710746762,0.92
[4],0.1,0.01,0.0,0.1,0.8,relu,sgd,0.01,32,he,"(-0.5, 0.5)",20,0.40584000017345506,0.76
[4],0.1,0.01,0.0,0.1,0.8,relu,adam,0.0,32,xavier,"(-0.5, 0.5)",20,0.1445012466730851,1.0
[4],0.1,0.01,0.0,0.1,0.8,relu,adam,0.0,32,he,"(-0.5, 0.5)",20,0.2827380523503229,0.88
[4],0.1,0.01,0.0,0.1,0.8,relu,adam,0.01,32,xavier,"(-0.5, 0.5)",20,0.0814794944908439,1.0
[4],0.1,0.01,0.0,0.1,0.8,relu,adam,0.01,32,he,"(-0.5, 0.5)",20,0.13243538639327715,1.0
[4],0.1,0.01,0.0,0.1,0.9,tanh,sgd,0.0,32,xavier,"(-0.5, 0.5)",20,0.12594358516776563,1.0
[4],0.1,0.01,0.0,0.1,0.9,tanh,sgd,0.0,32,he,"(-0.5, 0.5)",20,0.14290075558683338,0.96
[4],0.1,0.01,0.0,0.1,0.9,tanh,sgd,0.01,32,xavier,"(-0.5, 0.5)",20,0.14990230912632116,1.0
[4],0.1,0.01,0.0,0.1,0.9,tanh,sgd,0.01,32,he,"(-0.5, 0.5)",20,0.13570194296931667,0.96
[4],0.1,0.01,0.0,0.1,0.9,tanh,adam,0.0,32,xavier,"(-0.5, 0.5)",20,0.11594710423316723,0.96
[4],0.1,0.01,0.0,0.1,0.9,tanh,adam,0.0,32,he,"(-0.5, 0.5)",20,0.08230801326844621,1.0
[4],0.1,0.01,0.0,0.1,0.9,tanh,adam,0.01,32,xavier,"(-0.5, 0.5)",20,0.21220281578632072,1.0
[4],0.1,0.01,0.0,0.1,0.9,tanh,adam,0.01,32,he,"(-0.5, 0.5)",20,0.07591367032001599,1.0
[4],0.1,0.01,0.0,0.1,0.9,relu,sgd,0.0,32,xavier,"(-0.5, 0.5)",20,0.27608682170082144,0.88
[4],0.1,0.01,0.0,0.1,0.9,relu,sgd,0.0,32,he,"(-0.5, 0.5)",20,0.29459098163996833,0.8
[4],0.1,0.01,0.0,0.1,0.9,relu,sgd,0.01,32,xavier,"(-0.5, 0.5)",20,0.25007626216426043,0.96
[4],0.1,0.01,0.0,0.1,0.9,relu,sgd,0.01,32,he,"(-0.5, 0.5)",20,0.2587700422480706,0.88
[4],0.1,0.01,0.0,0.1,0.9,relu,adam,0.0,32,xavier,"(-0.5, 0.5)",20,0.17209905641098638,1.0
[4],0.1,0.01,0.0,0.1,0.9,relu,adam,0.0,32,he,"(-0.5, 0.5)",20,0.11739235181232455,1.0
[4],0.1,0.01,0.0,0.1,0.9,relu,adam,0.01,32,xavier,"(-0.5, 0.5)",20,0.12745640388691531,1.0
[4],0.1,0.01,0.0,0.1,0.9,relu,adam,0.01,32,he,"(-0.5, 0.5)",20,0.3053047312620515,0.84
[4],0.1,0.01,0.0,0.2,0.8,tanh,sgd,0.0,32,xavier,"(-0.5, 0.5)",20,0.335716810154907,0.92
[4],0.1,0.01,0.0,0.2,0.8,tanh,sgd,0.0,32,he,"(-0.5, 0.5)",20,0.22207153367312898,0.96
[4],0.1,0.01,0.0,0.2,0.8,tanh,sgd,0.01,32,xavier,"(-0.5, 0.5)",20,0.402417124539184,0.8
[4],0.1,0.01,0.0,0.2,0.8,tanh,sgd,0.01,32,he,"(-0.5, 0.5)",20,0.3798063490941259,0.88
[4],0.1,0.01,0.0,0.2,0.8,tanh,adam,0.0,32,xavier,"(-0.5, 0.5)",20,0.16307643884963757,1.0
[4],0.1,0.01,0.0,0.2,0.8,tanh,adam,0.0,32,he,"(-0.5, 0.5)",20,0.10945971042354134,1.0
[4],0.1,0.01,0.0,0.2,0.8,tanh,adam,0.01,32,xavier,"(-0.5, 0.5)",20,0.14460892122150604,1.0
[4],0.1,0.01,0.0,0.2,0.8,tanh,adam,0.01,32,he,"(-0.5, 0.5)",20,0.2994080401962797,0.88
[4],0.1,0.01,0.0,0.2,0.8,relu,sgd,0.0,32,xavier,"(-0.5, 0.5)",20,0.3090326347740238,0.88
[4],0.1,0.01,0.0,0.2,0.8,relu,sgd,0.0,32,he,"(-0.5, 0.5)",20,0.4206262613118272,0.8
[4],0.1,0.01,0.0,0.2,0.8,relu,sgd,0.01,32,xavier,"(-0.5, 0.5)",20,0.25802066205807694,0.88
[4],0.1,0.01,0.0,0.2,0.8,relu,sgd,0.01,32,he,"(-0.5, 0.5)",20,0.15249285474019122,1.0
[4],0.1,0.01,0.0,0.2,0.8,relu,adam,0.0,32,xavier,"(-0.5, 0.5)",20,0.34199329476712953,0.88
[4],0.1,0.01,0.0,0.2,0.8,relu,adam,0.0,32,he,"(-0.5, 0.5)",20,0.1876035795926876,0.92
[4],0.1,0.01,0.0,0.2,0.8,relu,adam,0.01,32,xavier,"(-0.5, 0.5)",20,0.2496333697856083,0.92
[4],0.1,0.01,0.0,0.2,0.8,relu,adam,0.01,32,he,"(-0.5, 0.5)",20,0.3324490926403676,0.88
[4],0.1,0.01,0.0,0.2,0.9,tanh,sgd,0.0,32,xavier,"(-0.5, 0.5)",20,0.4104452743468485,0.88
[4],0.1,0.01,0.0,0.2,0.9,tanh,sgd,0.0,32,he,"(-0.5, 0.5)",20,0.3541134744447897,0.84
[4],0.1,0.01,0.0,0.2,0.9,tanh,sgd,0.01,32,xavier,"(-0.5, 0.5)",20,0.43472897439573227,0.8
[4],0.1,0.01,0.0,0.2,0.9,tanh,sgd,0.01,32,he,"(-0.5, 0.5)",20,0.44654671289418807,0.72
[4],0.1,0.01,0.0,0.2,0.9,tanh,adam,0.0,32,xavier,"(-0.5, 0.5)",20,0.12809295629817474,1.0
[4],0.1,0.01,0.0,0.2,0.9,tanh,adam,0.0,32,he,"(-0.5, 0.5)",20,0.14789032372053265,0.96
[4],0.1,0.01,0.0,0.2,0.9,tanh,adam,0.01,32,xavier,"(-0.5, 0.5)",20,0.48185079355013793,0.84
[4],0.1,0.01,0.0,0.2,0.9,tanh,adam,0.01,32,he,"(-0.5, 0.5)",20,0.1740920445170251,0.96
[4],0.1,0.01,0.0,0.2,0.9,relu,sgd,0.0,32,xavier,"(-0.5, 0.5)",20,0.2599454472503926,0.92
[4],0.1,0.01,0.0,0.2,0.9,relu,sgd,0.0,32,he,"(-0.5, 0.5)",20,0.47520741144120693,0.84
[4],0.1,0.01,0.0,0.2,0.9,relu,sgd,0.01,32,xavier,"(-0.5, 0.5)",20,0.35912781743724764,0.88
[4],0.1,0.01,0.0,0.2,0.9,relu,sgd,0.01,32,he,"(-0.5, 0.5)",20,0.32387166749954704,0.88
[4],0.1,0.01,0.0,0.2,0.9,relu,adam,0.0,32,xavier,"(-0.5, 0.5)",20,0.24336548175052095,1.0
[4],0.1,0.01,0.0,0.2,0.9,relu,adam,0.0,32,he,"(-0.5, 0.5)",20,0.14416475841296378,1.0
[4],0.1,0.01,0.0,0.2,0.9,relu,adam,0.01,32,xavier,"(-0.5, 0.5)",20,0.26655917563643217,0.88
[4],0.1,0.01,0.0,0.2,0.9,relu,adam,0.01,32,he,"(-0.5, 0.5)",20,0.36877108194616803,0.88
[4],0.1,0.01,0.002,0.0,0.8,tanh,sgd,0.0,32,xavier,"(-0.5, 0.5)",20,0.300692921334631,0.88
[4],0.1,0.01,0.002,0.0,0.8,tanh,sgd,0.0,32,he,"(-0.5, 0.5)",20,0.19162227465860987,0.96
[4],0.1,0.01,0.002,0.0,0.8,tanh,sgd,0.01,32,xavier,"(-0.5, 0.5)",20,0.3978197590592611,0.8
[4],0.1,0.01,0.002,0.0,0.8,tanh,sgd,0.01,32,he,"(-0.5, 0.5)",20,0.3883927545454203,0.88
[4],0.1,0.01,0.002,0.0,0.8,tanh,adam,0.0,32,xavier,"(-0.5, 0.5)",20,0.0718003211394966,1.0
[4],0.1,0.01,0.002,0.0,0.8,tanh,adam,0.0,32,he,"(-0.5, 0.5)",20,0.07897555821148328,1.0
[4],0.1,0.01,0.002,0.0,0.8,tanh,adam,0.01,32,xavier,"(-0.5, 0.5)",20,0.23919368213366107,0.92
[4],0.1,0.01,0.002,0.0,0.8,tanh,adam,0.01,32,he,"(-0.5, 0.5)",20,0.05849802702669782,1.0
[4],0.1,0.01,0.002,0.0,0.8,relu,sgd,0.0,32,xavier,"(-0.5, 0.5)",20,0.16540742007175765,0.92
[4],0.1,0.01,0.002,0.0,0.8,relu,sgd,0.0,32,he,"(-0.5, 0.5)",20,0.278524890270129,0.96
[4],0.1,0.01,0.002,0.0,0.8,relu,sgd,0.01,32,xavier,"(-0.5, 0.5)",20,0.13552491635833072,1.0
[4],0.1,0.01,0.002,0.0,0.8,relu,sgd,0.01,32,he,"(-0.5, 0.5)",20,0.2642064016989987,0.96
[4],0.1,0.01,0.002,0.0,0.8,relu,adam,0.0,32,xavier,"(-0.5, 0.5)",20,0.0996027889237153,1.0
[4],0.1,0.01,0.002,0.0,0.8,relu,adam,0.0,32,he,"(-0.5, 0.5)",20,0.10592553694307623,0.92
[4],0.1,0.01,0.002,0.0,0.8,relu,adam,0.01,32,xavier,"(-0.5, 0.5)",20,0.08283307586538675,1.0
[4],0.1,0.01,0.002,0.0,0.8,relu,adam,0.01,32,he,"(-0.5, 0.5)",20,0.24545939938524697,0.92
[4],0.1,0.01,0.002,0.0,0.9,tanh,sgd,0.0,32,xavier,"(-0.5, 0.5)",20,0.10002403301158769,1.0
[4],0.1,0.01,0.002,0.0,0.9,tanh,sgd,0.0,32,he,"(-0.5, 0.5)",20,0.11638306942151534,1.0
[4],0.1,0.01,0.002,0.0,0.9,tanh,sgd,0.01,32,xavier,"(-0.5, 0.5)",20,0.10074613604822895,1.0
[4],0.1,0.01,0.002,0.0,0.9,tanh,sgd,0.01,32,he,"(-0.5, 0.5)",20,0.25952608415037404,0.88
[4],0.1,0.01,0.002,0.0,0.9,tanh,adam,0.0,32,xavier,"(-0.5, 0.5)",20,0.06413524209751328,1.0
[4],0.1,0.01,0.002,0.0,0.9,tanh,adam,0.0,32,he,"(-0.5, 0.5)",20,0.056268121324442935,1.0
[4],0.1,0.01,0.002,0.0,0.9,tanh,adam,0.01,32,xavier,"(-0.5, 0.5)",20,0.23497136601448057,0.92
[4],0.1,0.01,0.002,0.0,0.9,tanh,adam,0.01,32,he,"(-0.5, 0.5)",20,0.08599913758395722,1.0
[4],0.1,0.01,0.002,0.0,0.9,relu,sgd,0.0,32,xavier,"(-0.5, 0.5)",20,0.23990896825124503,0.88
[4],0.1,0.01,0.002,0.0,0.9,relu,sgd,0.0,32,he,"(-0.5, 0.5)",20,0.250065185398244,0.88
[4],0.1,0.01,0.002,0.0,0.9,relu,sgd,0.01,32,xavier,"(-0.5, 0.5)",20,0.24606797249053214,0.84
[4],0.1,0.01,0.002,0.0,0.9,relu,sgd,0.01,32,he,"(-0.5, 0.5)",20,0.0503570073687329,1.0
[4],0.1,0.01,0.002,0.0,0.9,relu,adam,0.0,32,xavier,"(-0.5, 0.5)",20,0.11466409082932531,0.96
[4],0.1,0.01,0.002,0.0,0.9,relu,adam,0.0,32,he,"(-0.5, 0.5)",20,0.12361616420940315,0.96
[4],0.1,0.01,0.002,0.0,0.9,relu,adam,0.01,32,xavier,"(-0.5, 0.5)",20,0.248624250469318,0.84
[4],0.1,0.01,0.002,0.0,0.9,relu,adam,0.01,32,he,"(-0.5, 0.5)",20,0.07605354468753256,1.0
[4],0.1,0.01,0.002,0.1,0.8,tanh,sgd,0.0,32,xavier,"(-0.5, 0.5)",20,0.4245161301140284,0.84
[4],0.1,0.01,0.002,0.1,0.8,tanh,sgd,0.0,32,he,"(-0.5, 0.5)",20,0.3331191172596689,0.84
[4],0.1,0.01,0.002,0.1,0.8,tanh,sgd,0.01,32,xavier,"(-0.5, 0.5)",20,0.24908259918098713,0.96
[4],0.1,0.01,0.002,0.1,0.8,tanh,sgd,0.01,32,he,"(-0.5, 0.5)",20,0.39920490011034576,0.84
[4],0.1,0.01,0.002,0.1,0.8,tanh,adam,0.0,32,xavier,"(-0.5, 0.5)",20,0.0679274266194004,1.0
[4],0.1,0.01,0.002,0.1,0.8,tanh,adam,0.0,32,he,"(-0.5, 0.5)",20,0.1181721276315487,1.0
[4],0.1,0.01,0.002,0.1,0.8,tanh,adam,0.01,32,xavier,"(-0.5, 0.5)",20,0.07588318536666529,1.0
[4],0.1,0.01,0.002,0.1,0.8,tanh,adam,0.01,32,he,"(-0.5, 0.5)",20,0.10451089093060108,1.0
[4],0.1,0.01,0.002,0.1,0.8,relu,sgd,0.0,32,xavier,"(-0.5, 0.5)",20,0.4647745455386314,0.8
[4],0.1,0.01,0.002,0.1,0.8,relu,sgd,0.0,32,he,"(-0.5, 0.5)",20,0.3708127114142205,0.88
[4],0.1,0.01,0.002,0.1,0.8,relu,sgd,0.01,32,xavier,"(-0.5, 0.5)",20,0.30410120027380616,0.88
[4],0.1,0.01,0.002,0.1,0.8,relu,sgd,0.01,32,he,"(-0.5, 0.5)",20,0.09959574433863401,1.0
[4],0.1,0.01,0.002,0.1,0.8,relu,adam,0.0,32,xavier,"(-0.5, 0.5)",20,0.1501748675647265,1.0
[4],0.1,0.01,0.002,0.1,0.8,relu,adam,0.0,32,he,"(-0.5, 0.5)",20,0.258944668830893,0.88
[4],0.1,0.01,0.002,0.1,0.8,relu,adam,0.01,32,xavier,"(-0.5, 0.5)",20,0.14864854473026037,1.0
[4],0.1,0.01,0.002,0.1,0.8,relu,adam,0.01,32,he,"(-0.5, 0.5)",20,0.2184265088013512,0.96
[4],0.1,0.01,0.002,0.1,0.9,tanh,sgd,0.0,32,xavier,"(-0.5, 0.5)",20,0.12774701386186904,1.0
[4],0.1,0.01,0.002,0.1,0.9,tanh,sgd,0.0,32,he,"(-0.5, 0.5)",20,0.4763274553048869,0.64
[4],0.1,0.01,0.002,0.1,0.9,tanh,sgd,0.01,32,xavier,"(-0.5, 0.5)",20,0.09521197790233273,1.0
[4],0.1,0.01,0.002,0.1,0.9,tanh,sgd,0.01,32,he,"(-0.5, 0.5)",20,0.17003570384988526,1.0
[4],0.1,0.01,0.002,0.1,0.9,tanh,adam,0.0,32,xavier,"(-0.5, 0.5)",20,0.07247862901085166,1.0
[4],0.1,0.01,0.002,0.1,0.9,tanh,adam,0.0,32,he,"(-0.5, 0.5)",20,0.09126333488264114,1.0
[4],0.1,0.01,0.002,0.1,0.9,tanh,adam,0.01,32,xavier,"(-0.5, 0.5)",20,0.09124929899323565,1.0
[4],0.1,0.01,0.002,0.1,0.9,tanh,adam,0.01,32,he,"(-0.5, 0.5)",20,0.10174230521906669,1.0
[4],0.1,0.01,0.002,0.1,0.9,relu,sgd,0.0,32,xavier,"(-0.5, 0.5)",20,0.3425249611783097,0.8
[4],0.1,0.01,0.002,0.1,0.9,relu,sgd,0.0,32,he,"(-0.5, 0.5)",20,0.23444288119514275,0.92
[4],0.1,0.01,0.002,0.1,0.9,relu,sgd,0.01,32,xavier,"(-0.5, 0.5)",20,0.2634991835255218,0.92
[4],0.1,0.01,0.002,0.1,0.9,relu,sgd,0.01,32,he,"(-0.5, 0.5)",20,0.1451320606335975,1.0
[4],0.1,0.01,0.002,0.1,0.9,relu,adam,0.0,32,xavier,"(-0.5, 0.5)",20,0.2901484195925938,0.96
[4],0.1,0.01,0.002,0.1,0.9,relu,adam,0.0,32,he,"(-0.5, 0.5)",20,0.2780939012135323,0.92
[4],0.1,0.01,0.002,0.1,0.9,relu,adam,0.01,32,xavier,"(-0.5, 0.5)",20,0.22017438818855126,0.96
[4],0.1,0.01,0.002,0.1,0.9,relu,adam,0.01,32,he,"(-0.5, 0.5)",20,0.22230920045178876,0.92
[4],0.1,0.01,0.002,0.2,0.8,tanh,sgd,0.0,32,xavier,"(-0.5, 0.5)",20,0.3717545390787152,0.8
[4],0.1,0.01,0.002,0.2,0.8,tanh,sgd,0.0,32,he,"(-0.5, 0.5)",20,0.35157079576165784,0.84
[4],0.1,0.01,0.002,0.2,0.8,tanh,sgd,0.01,32,xavier,"(-0.5, 0.5)",20,0.36773737873901163,0.84
[4],0.1,0.01,0.002,0.2,0.8,tanh,sgd,0.01,32,he,"(-0.5, 0.5)",20,0.3115534022788773,0.92
[4],0.1,0.01,0.002,0.2,0.8,tanh,adam,0.0,32,xavier,"(-0.5, 0.5)",20,0.1113804978004031,1.0
[4],0.1,0.01,0.002,0.2,0.8,tanh,adam,0.0,32,he,"(-0.5, 0.5)",20,0.3680783468059586,0.84
[4],0.1,0.01,0.002,0.2,0.8,tanh,adam,0.01,32,xavier,"(-0.5, 0.5)",20,0.16949463535644757,1.0
[4],0.1,0.01,0.002,0.2,0.8,tanh,adam,0.01,32,he,"(-0.5, 0.5)",20,0.391351049216899,0.88
[4],0.1,0.01,0.002,0.2,0.8,relu,sgd,0.0,32,xavier,"(-0.5, 0.5)",20,0.4030883396537387,0.8
[4],0.1,0.01,0.002,0.2,0.8,relu,sgd,0.0,32,he,"(-0.5, 0.5)",20,0.31331562169453686,0.84
[4],0.1,0.01,0.002,0.2,0.8,relu,sgd,0.01,32,xavier,"(-0.5, 0.5)",20,0.3608417015195655,0.88
[4],0.1,0.01,0.002,0.2,0.8,relu,sgd,0.01,32,he,"(-0.5, 0.5)",20,0.20277330649020497,0.92
[4],0.1,0.01,0.002,0.2,0.8,relu,adam,0.0,32,xavier,"(-0.5, 0.5)",20,0.24683106415291817,1.0
[4],0.1,0.01,0.002,0.2,0.8,relu,adam,0.0,32,he,"(-0.5, 0.5)",20,0.2862355243883198,0.88
[4],0.1,0.01,0.002,0.2,0.8,relu,adam,0.01,32,xavier,"(-0.5, 0.5)",20,0.15444378935776545,1.0
[4],0.1,0.01,0.002,0.2,0.8,relu,adam,0.01,32,he,"(-0.5, 0.5)",20,0.26315059384366496,0.92
[4],0.1,0.01,0.002,0.2,0.9,tanh,sgd,0.0,32,xavier,"(-0.5, 0.5)",20,0.263683305800273,0.88
[4],0.1,0.01,0.002,0.2,0.9,tanh,sgd,0.0,32,he,"(-0.5, 0.5)",20,0.19756834781682778,0.96
[4],0.1,0.01,0.002,0.2,0.9,tanh,sgd,0.01,32,xavier,"(-0.5, 0.5)",20,0.29906412968007534,0.88
[4],0.1,0.01,0.002,0.2,0.9,tanh,sgd,0.01,32,he,"(-0.5, 0.5)",20,0.2838994872966116,0.88
[4],0.1,0.01,0.002,0.2,0.9,tanh,adam,0.0,32,xavier,"(-0.5, 0.5)",20,0.25226891896236125,0.92
[4],0.1,0.01,0.002,0.2,0.9,tanh,adam,0.0,32,he,"(-0.5, 0.5)",20,0.19774525567037157,0.96
[4],0.1,0.01,0.002,0.2,0.9,tanh,adam,0.01,32,xavier,"(-0.5, 0.5)",20,0.13975789784195075,1.0
[4],0.1,0.01,0.002,0.2,0.9,tanh,adam,0.01,32,he,"(-0.5, 0.5)",20,0.28762978456361177,0.88
[4],0.1,0.01,0.002,0.2,0.9,relu,sgd,0.0,32,xavier,"(-0.5, 0.5)",20,0.4469520605681975,0.84
[4],0.1,0.01,0.002,0.2,0.9,relu,sgd,0.0,32,he,"(-0.5, 0.5)",20,0.25860852731698053,0.92
[4],0.1,0.01,0.002,0.2,0.9,relu,sgd,0.01,32,xavier,"(-0.5, 0.5)",20,0.24877700001476274,0.92
[4],0.1,0.01,0.002,0.2,0.9,relu,sgd,0.01,32,he,"(-0.5, 0.5)",20,0.36423815463917036,0.88
[4],0.1,0.01,0.002,0.2,0.9,relu,adam,0.0,32,xavier,"(-0.5, 0.5)",20,0.2797953438619089,0.92
[4],0.1,0.01,0.002,0.2,0.9,relu,adam,0.0,32,he,"(-0.5, 0.5)",20,0.2865776903145488,0.92
[4],0.1,0.01,0.002,0.2,0.9,relu,adam,0.01,32,xavier,"(-0.5, 0.5)",20,0.2672938237450688,0.92
[4],0.1,0.01,0.002,0.2,0.9,relu,adam,0.01,32,he,"(-0.5, 0.5)",20,0.25787510071546926,0.92
[4],0.15,0.0,0.0,0.0,0.8,tanh,sgd,0.0,32,xavier,"(-0.5, 0.5)",20,0.1687596413244479,0.92
[4],0.15,0.0,0.0,0.0,0.8,tanh,sgd,0.0,32,he,"(-0.5, 0.5)",20,0.10696186917685419,1.0
[4],0.15,0.0,0.0,0.0,0.8,tanh,sgd,0.01,32,xavier,"(-0.5, 0.5)",20,0.16755527466788364,0.96
[4],0.15,0.0,0.0,0.0,0.8,tanh,sgd,0.01,32,he,"(-0.5, 0.5)",20,0.09822676786569132,1.0
[4],0.15,0.0,0.0,0.0,0.8,tanh,adam,0.0,32,xavier,"(-0.5, 0.5)",20,0.0024745910248659807,1.0
[4],0.15,0.0,0.0,0.0,0.8,tanh,adam,0.0,32,he,"(-0.5, 0.5)",20,0.04266194678210722,1.0
[4],0.15,0.0,0.0,0.0,0.8,tanh,adam,0.01,32,xavier,"(-0.5, 0.5)",20,0.21202798548260465,0.92
[4],0.15,0.0,0.0,0.0,0.8,tanh,adam,0.01,32,he,"(-0.5, 0.5)",20,0.38171213340987203,0.84
[4],0.15,0.0,0.0,0.0,0.8,relu,sgd,0.0,32,xavier,"(-0.5, 0.5)",20,0.268045562782236,0.92
[4],0.15,0.0,0.0,0.0,0.8,relu,sgd,0.0,32,he,"(-0.5, 0.5)",20,0.09326604352753191,1.0
[4],0.15,0.0,0.0,0.0,0.8,relu,sgd,0.01,32,xavier,"(-0.5, 0.5)",20,0.0558797448659655,0.96
[4],0.15,0.0,0.0,0.0,0.8,relu,sgd,0.01,32,he,"(-0.5, 0.5)",20,0.06290334688512511,1.0
[4],0.15,0.0,0.0,0.0,0.8,relu,adam,0.0,32,xavier,"(-0.5, 0.5)",20,0.2502823759035088,0.92
[4],0.15,0.0,0.0,0.0,0.8,relu,adam,0.0,32,he,"(-0.5, 0.5)",20,0.002858612538747198,1.0
[4],0.15,0.0,0.0,0.0,0.8,relu,adam,0.01,32,xavier,"(-0.5, 0.5)",20,0.2283907427260207,0.92
[4],0.15,0.0,0.0,0.0,0.8,relu,adam,0.01,32,he,"(-0.5, 0.5)",20,0.16953666666799677,0.92
[4],0.15,0.0,0.0,0.0,0.9,tanh,sgd,0.0,32,xavier,"(-0.5, 0.5)",20,0.014398318250936216,1.0
[4],0.15,0.0,0.0,0.0,0.9,tanh,sgd,0.0,32,he,"(-0.5, 0.5)",20,0.02635249740159689,1.0
[4],0.15,0.0,0.0,0.0,0.9,tanh,sgd,0.01,32,xavier,"(-0.5, 0.5)",20,0.01875798479961974,1.0
[4],0.15,0.0,0.0,0.0,0.9,tanh,sgd,0.01,32,he,"(-0.5, 0.5)",20,0.05366868158748753,1.0
[4],0.15,0.0,0.0,0.0,0.9,tanh,adam,0.0,32,xavier,"(-0.5, 0.5)",20,0.31466420137341045,0.88
[4],0.15,0.0,0.0,0.0,0.9,tanh,adam,0.0,32,he,"(-0.5, 0.5)",20,0.02268214633384118,1.0
[4],0.15,0.0,0.0,0.0,0.9,tanh,adam,0.01,32,xavier,"(-0.5, 0.5)",20,0.017622172991967146,1.0
[4],0.15,0.0,0.0,0.0,0.9,tanh,adam,0.01,32,he,"(-0.5, 0.5)",20,0.07756792938551887,0.96
[4],0.15,0.0,0.0,0.0,0.9,relu,sgd,0.0,32,xavier,"(-0.5, 0.5)",20,0.08686606241477211,0.92
[4],0.15,0.0,0.0,0.0,0.9,relu,sgd,0.0,32,he,"(-0.5, 0.5)",20,0.14630061652835777,0.88
[4],0.15,0.0,0.0,0.0,0.9,relu,sgd,0.01,32,xavier,"(-0.5, 0.5)",20,0.14287761775480673,0.92
[4],0.15,0.0,0.0,0.0,0.9,relu,sgd,0.01,32,he,"(-0.5, 0.5)",20,0.06374453311216177,0.92
[4],0.15,0.0,0.0,0.0,0.9,relu,adam,0.0,32,xavier,"(-0.5, 0.5)",20,0.018271969921228412,1.0
[4],0.15,0.0,0.0,0.0,0.9,relu,adam,0.0,32,he,"(-0.5, 0.5)",20,0.11184466961628159,0.92
[4],0.15,0.0,0.0,0.0,0.9,relu,adam,0.01,32,xavier,"(-0.5, 0.5)",20,0.07393584781000434,0.96
[4],0.15,0.0,0.0,0.0,0.9,relu,adam,0.01,32,he,"(-0.5, 0.5)",20,0.2511365520233533,0.88
[4],0.15,0.0,0.0,0.1,0.8,tanh,sgd,0.0,32,xavier,"(-0.5, 0.5)",20,0.2844332905742354,0.96
[4],0.15,0.0,0.0,0.1,0.8,tanh,sgd,0.0,32,he,"(-0.5, 0.5)",20,0.28602631306818,0.96
[4],0.15,0.0,0.0,0.1,0.8,tanh,sgd,0.01,32,xavier,"(-0.5, 0.5)",20,0.3729291263767974,0.84
[4],0.15,0.0,0.0,0.1,0.8,tanh,sgd,0.01,32,he,"(-0.5, 0.5)",20,0.26476541434402745,0.88
[4],0.15,0.0,0.0,0.1,0.8,tanh,adam,0.0,32,xavier,"(-0.5, 0.5)",20,0.15803802986589688,0.92
[4],0.15,0.0,0.0,0.1,0.8,tanh,adam,0.0,32,he,"(-0.5, 0.5)",20,0.03188437201264558,1.0
[4],0.15,0.0,0.0,0.1,0.8,tanh,adam,0.01,32,xavier,"(-0.5, 0.5)",20,0.02323154411675338,1.0
[4],0.15,0.0,0.0,0.1,0.8,tanh,adam,0.01,32,he,"(-0.5, 0.5)",20,0.0594258766761831,1.0
[4],0.15,0.0,0.0,0.1,0.8,relu,sgd,0.0,32,xavier,"(-0.5, 0.5)",20,0.07983316237422844,0.96
[4],0.15,0.0,0.0,0.1,0.8,relu,sgd,0.0,32,he,"(-0.5, 0.5)",20,0.4133306810746666,0.8
[4],0.15,0.0,0.0,0.1,0.8,relu,sgd,0.01,32,xavier,"(-0.5, 0.5)",20,0.12214361663230003,1.0
[4],0.15,0.0,0.0,0.1,0.8,relu,sgd,0.01,32,he,"(-0.5, 0.5)",20,0.19598557227060673,0.88
[4],0.15,0.0,0.0,0.1,0.8,relu,adam,0.0,32,xavier,"(-0.5, 0.5)",20,0.26048517159281803,0.88
[4],0.15,0.0,0.0,0.1,0.8,relu,adam,0.0,32,he,"(-0.5, 0.5)",20,0.09817918978170909,0.96
[4],0.15,0.0,0.0,0.1,0.8,relu,adam,0.01,32,xavier,"(-0.5, 0.5)",20,0.10699813281037955,1.0
[4],0.15,0.0,0.0,0.1,0.8,relu,adam,0.01,32,he,"(-0.5, 0.5)",20,0.20905318328463152,0.92
[4],0.15,0.0,0.0,0.1,0.9,tanh,sgd,0.0,32,xavier,"(-0.5, 0.5)",20,0.12612877490516725,1.0
[4],0.15,0.0,0.0,0.1,0.9,tanh,sgd,0.0,32,he,"(-0.5, 0.5)",20,0.043953432883666495,1.0
[4],0.15,0.0,0.0,0.1,0.9,tanh,sgd,0.01,32,xavier,"(-0.5, 0.5)",20,0.06305950259646476,1.0
[4],0.15,0.0,0.0,0.1,0.9,tanh,sgd,0.01,32,he,"(-0.5, 0.5)",20,0.09363641128999918,0.96
[4],0.15,0.0,0.0,0.1,0.9,tanh,adam,0.0,32,xavier,"(-0.5, 0.5)",20,0.12154574404728961,0.96
[4],0.15,0.0,0.0,0.1,0.9,tanh,adam,0.0,32,he,"(-0.5, 0.5)",20,0.2633558641291549,0.92
[4],0.15,0.0,0.0,0.1,0.9,tanh,adam,0.01,32,xavier,"(-0.5, 0.5)",20,0.2096183534419006,0.92
[4],0.15,0.0,0.0,0.1,0.9,tanh,adam,0.01,32,he,"(-0.5, 0.5)",20,0.0495598082639342,1.0
[4],0.15,0.0,0.0,0.1,0.9,relu,sgd,0.0,32,xavier,"(-0.5, 0.5)",20,0.056536647822715544,0.96
[4],0.15,0.0,0.0,0.1,0.9,relu,sgd,0.0,32,he,"(-0.5, 0.5)",20,0.2300117674357489,0.84
[4],0.15,0.0,0.0,0.1,0.9,relu,sgd,0.01,32,xavier,"(-0.5, 0.5)",20,0.16237865735660667,0.88
[4],0.15,0.0,0.0,0.1,0.9,relu,sgd,0.01,32,he,"(-0.5, 0.5)",20,0.1547741230687802,0.92
[4],0.15,0.0,0.0,0.1,0.9,relu,adam,0.0,32,xavier,"(-0.5, 0.5)",20,0.07689412620698309,1.0
[4],0.15,0.0,0.0,0.1,0.9,relu,adam,0.0,32,he,"(-0.5, 0.5)",20,0.30313411909875937,0.88
[4],0.15,0.0,0.0,0.1,0.9,relu,adam,0.01,32,xavier,"(-0.5, 0.5)",20,0.2340744678082552,0.92
[4],0.15,0.0,0.0,0.1,0.9,relu,adam,0.01,32,he,"(-0.5, 0.5)",20,0.4520493542972778,0.84
[4],0.15,0.0,0.0,0.2,0.8,tanh,sgd,0.0,32,xavier,"(-0.5, 0.5)",20,0.14735356201940664,1.0
[4],0.15,0.0,0.0,0.2,0.8,tanh,sgd,0.0,32,he,"(-0.5, 0.5)",20,0.1699599594203265,0.96
[4],0.15,0.0,0.0,0.2,0.8,tanh,sgd,0.01,32,xavier,"(-0.5, 0.5)",20,0.16029306863860107,1.0
[4],0.15,0.0,0.0,0.2,0.8,tanh,sgd,0.01,32,he,"(-0.5, 0.5)",20,0.3306809708977096,0.84
[4],0.15,0.0,0.0,0.2,0.8,tanh,adam,0.0,32,xavier,"(-0.5, 0.5)",20,0.03279626814682787,1.0
[4],0.15,0.0,0.0,0.2,0.8,tanh,adam,0.0,32,he,"(-0.5, 0.5)",20,0.23257366523423806,0.92
[4],0.15,0.0,0.0,0.2,0.8,tanh,adam,0.01,32,xavier,"(-0.5, 0.5)",20,0.08271543769199247,1.0
[4],0.15,0.0,0.0,0.2,0.8,tanh,adam,0.01,32,he,"(-0.5, 0.5)",20,0.15090859263581413,0.92
[4],0.15,0.0,0.0,0.2,0.8,relu,sgd,0.0,32,xavier,"(-0.5, 0.5)",20,0.3102287798062494,0.96
[4],0.15,0.0,0.0,0.2,0.8,relu,sgd,0.0,32,he,"(-0.5, 0.5)",20,0.3499358880601065,0.76
[4],0.15,0.0,0.0,0.2,0.8,relu,sgd,0.01,32,xavier,"(-0.5, 0.5)",20,0.2180164814746655,0.92
[4],0.15,0.0,0.0,0.2,0.8,relu,sgd,0.01,32,he,"(-0.5, 0.5)",20,0.34652082862862194,0.92
[4],0.15,0.0,0.0,0.2,0.8,relu,adam,0.0,32,xavier,"(-0.5, 0.5)",20,0.3688285352773972,0.8
[4],0.15,0.0,0.0,0.2,0.8,relu,adam,0.0,32,he,"(-0.5, 0.5)",20,0.3513151832292475,0.84
[4],0.15,0.0,0.0,0.2,0.8,relu,adam,0.01,32,xavier,"(-0.5, 0.5)",20,0.2306507668441083,0.92
[4],0.15,0.0,0.0,0.2,0.8,relu,adam,0.01,32,he,"(-0.5, 0.5)",20,0.21744755739530944,0.92
[4],0.15,0.0,0.0,0.2,0.9,tanh,sgd,0.0,32,xavier,"(-0.5, 0.5)",20,0.2518155703877826,0.92
[4],0.15,0.0,0.0,0.2,0.9,tanh,sgd,0.0,32,he,"(-0.5, 0.5)",20,0.1335071183730478,0.96
[4],0.15,0.0,0.0,0.2,0.9,tanh,sgd,0.01,32,xavier,"(-0.5, 0.5)",20,0.42352373127403353,0.84
[4],0.15,0.0,0.0,0.2,0.9,tanh,sgd,0.01,32,he,"(-0.5, 0.5)",20,0.14414788515294621,1.0
[4],0.15,0.0,0.0,0.2,0.9,tanh,adam,0.0,32,xavier,"(-0.5, 0.5)",20,0.09120527875095476,0.96
[4],0.15,0.0,0.0,0.2,0.9,tanh,adam,0.0,32,he,"(-0.5, 0.5)",20,0.25877124818469865,0.92
[4],0.15,0.0,0.0,0.2,0.9,tanh,adam,0.01,32,xavier,"(-0.5, 0.5)",20,0.35817026176756095,0.88
[4],0.15,0.0,0.0,0.2,0.9,tanh,adam,0.01,32,he,"(-0.5, 0.5)",20,0.07532146523761686,1.0
[4],0.15,0.0,0.0,0.2,0.9,relu,sgd,0.0,32,xavier,"(-0.5, 0.5)",20,0.41410040614354066,0.8
[4],0.15,0.0,0.0,0.2,0.9,relu,sgd,0.0,32,he,"(-0.5, 0.5)",20,0.19404268714984557,0.92
[4],0.15,0.0,0.0,0.2,0.9,relu,sgd,0.01,32,xavier,"(-0.5, 0.5)",20,0.4347300273477267,0.8
[4],0.15,0.0,0.0,0.2,0.9,relu,sgd,0.01,32,he,"(-0.5, 0.5)",20,0.3080708886546136,0.84
[4],0.15,0.0,0.0,0.2,0.9,relu,adam,0.0,32,xavier,"(-0.5, 0.5)",20,0.5505443381426954,0.8
[4],0.15,0.0,0.0,0.2,0.9,relu,adam,0.0,32,he,"(-0.5, 0.5)",20,0.14368215587823033,0.96
[4],0.15,0.0,0.0,0.2,0.9,relu,adam,0.01,32,xavier,"(-0.5, 0.5)",20,0.17977506495255866,0.96
[4],0.15,0.0,0.0,0.2,0.9,relu,adam,0.01,32,he,"(-0.5, 0.5)",20,0.29864266896327396,0.92
[4],0.15,0.0,0.002,0.0,0.8,tanh,sgd,0.0,32,xavier,"(-0.5, 0.5)",20,0.2697814469101697,0.92
[4],0.15,0.0,0.002,0.0,0.8,tanh,sgd,0.0,32,he,"(-0.5, 0.5)",20,0.09016032306653955,1.0
[4],0.15,0.0,0.002,0.0,0.8,tanh,sgd,0.01,32,xavier,"(-0.5, 0.5)",20,0.0776820683634366,1.0
[4],0.15,0.0,0.002,0.0,0.8,tanh,sgd,0.01,32,he,"(-0.5, 0.5)",20,0.08142368668502674,1.0
[4],0.15,0.0,0.002,0.0,0.8,tanh,adam,0.0,32,xavier,"(-0.5, 0.5)",20,0.19038932517247506,0.88
[4],0.15,0.0,0.002,0.0,0.8,tanh,adam,0.0,32,he,"(-0.5, 0.5)",20,0.0219193457977988,1.0
[4],0.15,0.0,0.002,0.0,0.8,tanh,adam,0.01,32,xavier,"(-0.5, 0.5)",20,0.015356204376482526,1.0
[4],0.15,0.0,0.002,0.0,0.8,tanh,adam,0.01,32,he,"(-0.5, 0.5)",20,0.014572855487864153,1.0
[4],0.15,0.0,0.002,0.0,0.8,relu,sgd,0.0,32,xavier,"(-0.5, 0.5)",20,0.06435366726738263,1.0
[4],0.15,0.0,0.002,0.0,0.8,relu,sgd,0.0,32,he,"(-0.5, 0.5)",20,0.1561320710300417,0.92
[4],0.15,0.0,0.002,0.0,0.8,relu,sgd,0.01,32,xavier,"(-0.5, 0.5)",20,0.12313699052701761,1.0
[4],0.15,0.0,0.002,0.0,0.8,relu,sgd,0.01,32,he,"(-0.5, 0.5)",20,0.12904412727334102,1.0
[4],0.15,0.0,0.002,0.0,0.8,relu,adam,0.0,32,xavier,"(-0.5, 0.5)",20,0.04222249945974192,1.0
[4],0.15,0.0,0.002,0.0,0.8,relu,adam,0.0,32,he,"(-0.5, 0.5)",20,0.17079478732454972,0.92
[4],0.15,0.0,0.002,0.0,0.8,relu,adam,0.01,32,xavier,"(-0.5, 0.5)",20,0.14121242975218026,0.92
[4],0.15,0.0,0.002,0.0,0.8,relu,adam,0.01,32,he,"(-0.5, 0.5)",20,0.22315165501728498,0.8
[4],0.15,0.0,0.002,0.0,0.9,tanh,sgd,0.0,32,xavier,"(-0.5, 0.5)",20,0.4445006192149243,0.88
[4],0.15,0.0,0.002,0.0,0.9,tanh,sgd,0.0,32,he,"(-0.5, 0.5)",20,0.02085843619315335,1.0
[4],0.15,0.0,0.002,0.0,0.9,tanh,sgd,0.01,32,xavier,"(-0.5, 0.5)",20,0.08103477034154152,0.96
[4],0.15,0.0,0.002,0.0,0.9,tanh,sgd,0.01,32,he,"(-0.5, 0.5)",20,0.3107725463742517,0.88
[4],0.15,0.0,0.002,0.0,0.9,tanh,adam,0.0,32,xavier,"(-0.5, 0.5)",20,0.012139927404196026,1.0
[4],0.15,0.0,0.002,0.0,0.9,tanh,adam,0.0,32,he,"(-0.5, 0.5)",20,0.10532048708312679,0.92
[4],0.15,0.0,0.002,0.0,0.9,tanh,adam,0.01,32,xavier,"(-0.5, 0.5)",20,0.14474176333012748,0.96
[4],0.15,0.0,0.002,0.0,0.9,tanh,adam,0.01,32,he,"(-0.5, 0.5)",20,0.1557926389422389,0.92
[4],0.15,0.0,0.002,0.0,0.9,relu,sgd,0.0,32,xavier,"(-0.5, 0.5)",20,0.47089051745491245,0.76
[4],0.15,0.0,0.002,0.0,0.9,relu,sgd,0.0,32,he,"(-0.5, 0.5)",20,0.14092651095260939,0.96
[4],0.15,0.0,0.002,0.0,0.9,relu,sgd,0.01,32,xavier,"(-0.5, 0.5)",20,0.2567039114591889,0.92
[4],0.15,0.0,0.002,0.0,0.9,relu,sgd,0.01,32,he,"(-0.5, 0.5)",20,0.27524933412720254,0.92
[4],0.15,0.0,0.002,0.0,0.9,relu,adam,0.0,32,xavier,"(-0.5, 0.5)",20,0.16535415454684735,1.0
[4],0.15,0.0,0.002,0.0,0.9,relu,adam,0.0,32,he,"(-0.5, 0.5)",20,0.10955905896633053,1.0
[4],0.15,0.0,0.002,0.0,0.9,relu,adam,0.01,32,xavier,"(-0.5, 0.5)",20,0.05042622976325304,1.0
[4],0.15,0.0,0.002,0.0,0.9,relu,adam,0.01,32,he,"(-0.5, 0.5)",20,0.020926114427119884,1.0
[4],0.15,0.0,0.002,0.1,0.8,tanh,sgd,0.0,32,xavier,"(-0.5, 0.5)",20,0.08797664778068531,1.0
[4],0.15,0.0,0.002,0.1,0.8,tanh,sgd,0.0,32,he,"(-0.5, 0.5)",20,0.2587721172309954,0.88
[4],0.15,0.0,0.002,0.1,0.8,tanh,sgd,0.01,32,xavier,"(-0.5, 0.5)",20,0.4439891768536976,0.84
[4],0.15,0.0,0.002,0.1,0.8,tanh,sgd,0.01,32,he,"(-0.5, 0.5)",20,0.28515475718212313,0.88
[4],0.15,0.0,0.002,0.1,0.8,tanh,adam,0.0,32,xavier,"(-0.5, 0.5)",20,0.015598162552490875,1.0
[4],0.15,0.0,0.002,0.1,0.8,tanh,adam,0.0,32,he,"(-0.5, 0.5)",20,0.08458049451813746,0.96
[4],0.15,0.0,0.002,0.1,0.8,tanh,adam,0.01,32,xavier,"(-0.5, 0.5)",20,0.054907953188883515,1.0
[4],0.15,0.0,0.002,0.1,0.8,tanh,adam,0.01,32,he,"(-0.5, 0.5)",20,0.03456015978344787,1.0
[4],0.15,0.0,0.002,0.1,0.8,relu,sgd,0.0,32,xavier,"(-0.5, 0.5)",20,0.29204334006422367,0.84
[4],0.15,0.0,0.002,0.1,0.8,relu,sgd,0.0,32,he,"(-0.5, 0.5)",20,0.14865127389828772,0.92
[4],0.15,0.0,0.002,0.1,0.8,relu,sgd,0.01,32,xavier,"(-0.5, 0.5)",20,0.39579011323745594,0.76
[4],0.15,0.0,0.002,0.1,0.8,relu,sgd,0.01,32,he,"(-0.5, 0.5)",20,0.17932823243920618,0.96
[4],0.15,0.0,0.002,0.1,0.8,relu,adam,0.0,32,xavier,"(-0.5, 0.5)",20,0.3668345794992083,0.84
[4],0.15,0.0,0.002,0.1,0.8,relu,adam,0.0,32,he,"(-0.5, 0.5)",20,0.1763543288107689,0.92
[4],0.15,0.0,0.002,0.1,0.8,relu,adam,0.01,32,xavier,"(-0.5, 0.5)",20,0.06943027267901991,0.96
[4],0.15,0.0,0.002,0.1,0.8,relu,adam,0.01,32,he,"(-0.5, 0.5)",20,0.1371911882815943,0.88
[4],0.15,0.0,0.002,0.1,0.9,tanh,sgd,0.0,32,xavier,"(-0.5, 0.5)",20,0.05168442894642839,1.0
[4],0.15,0.0,0.002,0.1,0.9,tanh,sgd,0.0,32,he,"(-0.5, 0.5)",20,0.0314972674099874,1.0
[4],0.15,0.0,0.002,0.1,0.9,tanh,sgd,0.01,32,xavier,"(-0.5, 0.5)",20,0.33696580586528296,0.88
[4],0.15,0.0,0.002,0.1,0.9,tanh,sgd,0.01,32,he,"(-0.5, 0.5)",20,0.4523736368565691,0.88
[4],0.15,0.0,0.002,0.1,0.9,tanh,adam,0.0,32,xavier,"(-0.5, 0.5)",20,0.14715316240233886,0.92
[4],0.15,0.0,0.002,0.1,0.9,tanh,adam,0.0,32,he,"(-0.5, 0.5)",20,0.32442027705032855,0.88
[4],0.15,0.0,0.002,0.1,0.9,tanh,adam,0.01,32,xavier,"(-0.5, 0.5)",20,0.3203227712797223,0.88
[4],0.15,0.0,0.002,0.1,0.9,tanh,adam,0.01,32,he,"(-0.5, 0.5)",20,0.13006383410181935,1.0
[4],0.15,0.0,0.002,0.1,0.9,relu,sgd,0.0,32,xavier,"(-0.5, 0.5)",20,0.4711777258255502,0.8
[4],0.15,0.0,0.002,0.1,0.9,relu,sgd,0.0,32,he,"(-0.5, 0.5)",20,0.24465981775121887,0.88
[4],0.15,0.0,0.002,0.1,0.9,relu,sgd,0.01,32,xavier,"(-0.5, 0.5)",20,0.1922317199281628,0.96
[4],0.15,0.0,0.002,0.1,0.9,relu,sgd,0.01,32,he,"(-0.5, 0.5)",20,0.365993562481907,0.84
[4],0.15,0.0,0.002,0.1,0.9,relu,adam,0.0,32,xavier,"(-0.5, 0.5)",20,0.12699484745788736,0.92
[4],0.15,0.0,0.002,0.1,0.9,relu,adam,0.0,32,he,"(-0.5, 0.5)",20,0.5334106841417885,0.72
[4],0.15,0.0,0.002,0.1,0.9,relu,adam,0.01,32,xavier,"(-0.5, 0.5)",20,0.16370880645455957,0.92
[4],0.15,0.0,0.002,0.1,0.9,relu,adam,0.01,32,he,"(-0.5, 0.5)",20,0.2852176539286657,0.84
[4],0.15,0.0,0.002,0.2,0.8,tanh,sgd,0.0,32,xavier,"(-0.5, 0.5)",20,0.23354257251548155,0.92
[4],0.15,0.0,0.002,0.2,0.8,tanh,sgd,0.0,32,he,"(-0.5, 0.5)",20,0.26304782701323737,0.92
[4],0.15,0.0,0.002,0.2,0.8,tanh,sgd,0.01,32,xavier,"(-0.5, 0.5)",20,0.2805087728452812,0.88
[4],0.15,0.0,0.002,0.2,0.8,tanh,sgd,0.01,32,he,"(-0.5, 0.5)",20,0.4497362655138119,0.8
[4],0.15,0.0,0.002,0.2,0.8,tanh,adam,0.0,32,xavier,"(-0.5, 0.5)",20,0.3201685859977936,0.88
[4],0.15,0.0,0.002,0.2,0.8,tanh,adam,0.0,32,he,"(-0.5, 0.5)",20,0.15438862529941763,0.96
[4],0.15,0.0,0.002,0.2,0.8,tanh,adam,0.01,32,xavier,"(-0.5, 0.5)",20,0.21421012539394038,0.96
[4],0.15,0.0,0.002,0.2,0.8,tanh,adam,0.01,32,he,"(-0.5, 0.5)",20,0.24991429762036196,0.88
[4],0.15,0.0,0.002,0.2,0.8,relu,sgd,0.0,32,xavier,"(-0.5, 0.5)",20,0.2984228012745128,0.88
[4],0.15,0.0,0.002,0.2,0.8,relu,sgd,0.0,32,he,"(-0.5, 0.5)",20,0.27941575503683597,0.84
[4],0.15,0.0,0.002,0.2,0.8,relu,sgd,0.01,32,xavier,"(-0.5, 0.5)",20,0.33162331969116243,0.84
[4],0.15,0.0,0.002,0.2,0.8,relu,sgd,0.01,32,he,"(-0.5, 0.5)",20,0.3801859539340547,0.84
[4],0.15,0.0,0.002,0.2,0.8,relu,adam,0.0,32,xavier,"(-0.5, 0.5)",20,0.32558460515082754,0.88
[4],0.15,0.0,0.002,0.2,0.8,relu,adam,0.0,32,he,"(-0.5, 0.5)",20,0.44935639984638776,0.76
[4],0.15,0.0,0.002,0.2,0.8,relu,adam,0.01,32,xavier,"(-0.5, 0.5)",20,0.3244613136302729,0.88
[4],0.15,0.0,0.002,0.2,0.8,relu,adam,0.01,32,he,"(-0.5, 0.5)",20,0.06473115666598192,1.0
[4],0.15,0.0,0.002,0.2,0.9,tanh,sgd,0.0,32,xavier,"(-0.5, 0.5)",20,0.06365137093059416,1.0
[4],0.15,0.0,0.002,0.2,0.9,tanh,sgd,0.0,32,he,"(-0.5, 0.5)",20,0.10930347210388568,1.0
[4],0.15,0.0,0.002,0.2,0.9,tanh,sgd,0.01,32,xavier,"(-0.5, 0.5)",20,0.3087481596995383,0.88
[4],0.15,0.0,0.002,0.2,0.9,tanh,sgd,0.01,32,he,"(-0.5, 0.5)",20,0.35152960485558216,0.88
[4],0.15,0.0,0.002,0.2,0.9,tanh,adam,0.0,32,xavier,"(-0.5, 0.5)",20,0.03550423902144484,1.0
[4],0.15,0.0,0.002,0.2,0.9,tanh,adam,0.0,32,he,"(-0.5, 0.5)",20,0.08985933317712434,1.0
[4],0.15,0.0,0.002,0.2,0.9,tanh,adam,0.01,32,xavier,"(-0.5, 0.5)",20,0.05304457615728758,1.0
[4],0.15,0.0,0.002,0.2,0.9,tanh,adam,0.01,32,he,"(-0.5, 0.5)",20,0.04963499587676346,1.0
[4],0.15,0.0,0.002,0.2,0.9,relu,sgd,0.0,32,xavier,"(-0.5, 0.5)",20,0.25102974786565685,0.92
[4],0.15,0.0,0.002,0.2,0.9,relu,sgd,0.0,32,he,"(-0.5, 0.5)",20,0.4048724508582017,0.88
[4],0.15,0.0,0.002,0.2,0.9,relu,sgd,0.01,32,xavier,"(-0.5, 0.5)",20,0.23138670502726355,0.88
[4],0.15,0.0,0.002,0.2,0.9,relu,sgd,0.01,32,he,"(-0.5, 0.5)",20,0.1902809973792368,0.88
[4],0.15,0.0,0.002,0.2,0.9,relu,adam,0.0,32,xavier,"(-0.5, 0.5)",20,0.2148533832781173,0.92
[4],0.15,0.0,0.002,0.2,0.9,relu,adam,0.0,32,he,"(-0.5, 0.5)",20,0.40617265502269273,0.88
[4],0.15,0.0,0.002,0.2,0.9,relu,adam,0.01,32,xavier,"(-0.5, 0.5)",20,0.1959775999817631,0.92
[4],0.15,0.0,0.002,0.2,0.9,relu,adam,0.01,32,he,"(-0.5, 0.5)",20,0.2084942104798294,0.88
[4],0.15,0.005,0.0,0.0,0.8,tanh,sgd,0.0,32,xavier,"(-0.5, 0.5)",20,0.11575492528713245,0.96
[4],0.15,0.005,0.0,0.0,0.8,tanh,sgd,0.0,32,he,"(-0.5, 0.5)",20,0.06043367431806855,1.0
[4],0.15,0.005,0.0,0.0,0.8,tanh,sgd,0.01,32,xavier,"(-0.5, 0.5)",20,0.23602705487890216,0.84
[4],0.15,0.005,0.0,0.0,0.8,tanh,sgd,0.01,32,he,"(-0.5, 0.5)",20,0.2474906929783831,0.92
[4],0.15,0.005,0.0,0.0,0.8,tanh,adam,0.0,32,xavier,"(-0.5, 0.5)",20,0.02935114324041916,1.0
[4],0.15,0.005,0.0,0.0,0.8,tanh,adam,0.0,32,he,"(-0.5, 0.5)",20,0.02817539119372574,1.0
[4],0.15,0.005,0.0,0.0,0.8,tanh,adam,0.01,32,xavier,"(-0.5, 0.5)",20,0.042445190602472524,1.0
[4],0.15,0.005,0.0,0.0,0.8,tanh,adam,0.01,32,he,"(-0.5, 0.5)",20,0.038339245365929475,1.0
[4],0.15,0.005,0.0,0.0,0.8,relu,sgd,0.0,32,xavier,"(-0.5, 0.5)",20,0.1861259231228353,0.88
[4],0.15,0.005,0.0,0.0,0.8,relu,sgd,0.0,32,he,"(-0.5, 0.5)",20,0.09681559765851785,0.96
[4],0.15,0.005,0.0,0.0,0.8,relu,sgd,0.01,32,xavier,"(-0.5, 0.5)",20,0.21678264031940253,0.96
[4],0.15,0.005,0.0,0.0,0.8,relu,sgd,0.01,32,he,"(-0.5, 0.5)",20,0.19237970574854696,0.96
[4],0.15,0.005,0.0,0.0,0.8,relu,adam,0.0,32,xavier,"(-0.5, 0.5)",20,0.24214401737577607,0.88
[4],0.15,0.005,0.0,0.0,0.8,relu,adam,0.0,32,he,"(-0.5, 0.5)",20,0.1571009138500781,0.96
[4],0.15,0.005,0.0,0.0,0.8,relu,adam,0.01,32,xavier,"(-0.5, 0.5)",20,0.19027657838237674,0.92
[4],0.15,0.005,0.0,0.0,0.8,relu,adam,0.01,32,he,"(-0.5, 0.5)",20,0.1952857905298291,0.92
[4],0.15,0.005,0.0,0.0,0.9,tanh,sgd,0.0,32,xavier,"(-0.5, 0.5)",20,0.05239990836445545,1.0
[4],0.15,0.005,0.0,0.0,0.9,tanh,sgd,0.0,32,he,"(-0.5, 0.5)",20,0.03689900664913484,1.0
[4],0.15,0.005,0.0,0.0,0.9,tanh,sgd,0.01,32,xavier,"(-0.5, 0.5)",20,0.07301297431408146,1.0
[4],0.15,0.005,0.0,0.0,0.9,tanh,sgd,0.01,32,he,"(-0.5, 0.5)",20,0.03807554806436704,1.0
[4],0.15,0.005,0.0,0.0,0.9,tanh,adam,0.0,32,xavier,"(-0.5, 0.5)",20,0.03503411729661448,1.0
[4],0.15,0.005,0.0,0.0,0.9,tanh,adam,0.0,32,he,"(-0.5, 0.5)",20,0.048363037337365716,1.0
[4],0.15,0.005,0.0,0.0,0.9,tanh,adam,0.01,32,xavier,"(-0.5, 0.5)",20,0.22183587254720014,0.92
[4],0.15,0.005,0.0,0.0,0.9,tanh,adam,0.01,32,he,"(-0.5, 0.5)",20,0.0630513443805773,1.0
[4],0.15,0.005,0.0,0.0,0.9,relu,sgd,0.0,32,xavier,"(-0.5, 0.5)",20,0.30966154313831135,0.92
[4],0.15,0.005,0.0,0.0,0.9,relu,sgd,0.0,32,he,"(-0.5, 0.5)",20,0.24108851543730542,0.88
[4],0.15,0.005,0.0,0.0,0.9,relu,sgd,0.01,32,xavier,"(-0.5, 0.5)",20,0.27318517785031965,0.92
[4],0.15,0.005,0.0,0.0,0.9,relu,sgd,0.01,32,he,"(-0.5, 0.5)",20,0.1281820738194165,0.92
[4],0.15,0.005,0.0,0.0,0.9,relu,adam,0.0,32,xavier,"(-0.5, 0.5)",20,0.4259530319506526,0.84
[4],0.15,0.005,0.0,0.0,0.9,relu,adam,0.0,32,he,"(-0.5, 0.5)",20,0.34919223745027744,0.84
[4],0.15,0.005,0.0,0.0,0.9,relu,adam,0.01,32,xavier,"(-0.5, 0.5)",20,0.043555064860433784,1.0
[4],0.15,0.005,0.0,0.0,0.9,relu,adam,0.01,32,he,"(-0.5, 0.5)",20,0.3210020084238299,0.92
[4],0.15,0.005,0.0,0.1,0.8,tanh,sgd,0.0,32,xavier,"(-0.5, 0.5)",20,0.2602055692813905,0.88
[4],0.15,0.005,0.0,0.1,0.8,tanh,sgd,0.0,32,he,"(-0.5, 0.5)",20,0.200309749848473,0.96
[4],0.15,0.005,0.0,0.1,0.8,tanh,sgd,0.01,32,xavier,"(-0.5, 0.5)",20,0.2341489153767803,0.92
[4],0.15,0.005,0.0,0.1,0.8,tanh,sgd,0.01,32,he,"(-0.5, 0.5)",20,0.16227056703320433,0.92
[4],0.15,0.005,0.0,0.1,0.8,tanh,adam,0.0,32,xavier,"(-0.5, 0.5)",20,0.3666042417833061,0.88
[4],0.15,0.005,0.0,0.1,0.8,tanh,adam,0.0,32,he,"(-0.5, 0.5)",20,0.04301009036008995,1.0
[4],0.15,0.005,0.0,0.1,0.8,tanh,adam,0.01,32,xavier,"(-0.5, 0.5)",20,0.2502906276091542,0.88
[4],0.15,0.005,0.0,0.1,0.8,tanh,adam,0.01,32,he,"(-0.5, 0.5)",20,0.1608909579016533,0.92
[4],0.15,0.005,0.0,0.1,0.8,relu,sgd,0.0,32,xavier,"(-0.5, 0.5)",20,0.3072567257597177,0.88
[4],0.15,0.005,0.0,0.1,0.8,relu,sgd,0.0,32,he,"(-0.5, 0.5)",20,0.2376686385374358,0.92
[4],0.15,0.005,0.0,0.1,0.8,relu,sgd,0.01,32,xavier,"(-0.5, 0.5)",20,0.17043943691581986,0.92
[4],0.15,0.005,0.0,0.1,0.8,relu,sgd,0.01,32,he,"(-0.5, 0.5)",20,0.32975979778835474,0.84
[4],0.15,0.005,0.0,0.1,0.8,relu,adam,0.0,32,xavier,"(-0.5, 0.5)",20,0.15607489070848385,1.0
[4],0.15,0.005,0.0,0.1,0.8,relu,adam,0.0,32,he,"(-0.5, 0.5)",20,0.12430659021340598,0.96
[4],0.15,0.005,0.0,0.1,0.8,relu,adam,0.01,32,xavier,"(-0.5, 0.5)",20,0.31729393460733774,0.88
[4],0.15,0.005,0.0,0.1,0.8,relu,adam,0.01,32,he,"(-0.5, 0.5)",20,0.36718944367031253,0.76
[4],0.15,0.005,0.0,0.1,0.9,tanh,sgd,0.0,32,xavier,"(-0.5, 0.5)",20,0.08863999299466602,0.96
[4],0.15,0.005,0.0,0.1,0.9,tanh,sgd,0.0,32,he,"(-0.5, 0.5)",20,0.07773734351827752,1.0
[4],0.15,0.005,0.0,0.1,0.9,tanh,sgd,0.01,32,xavier,"(-0.5, 0.5)",20,0.23029181803969886,0.96
[4],0.15,0.005,0.0,0.1,0.9,tanh,sgd,0.01,32,he,"(-0.5, 0.5)",20,0.07950435122452959,1.0
[4],0.15,0.005,0.0,0.1,0.9,tanh,adam,0.0,32,xavier,"(-0.5, 0.5)",20,0.2990006721345158,0.92
[4],0.15,0.005,0.0,0.1,0.9,tanh,adam,0.0,32,he,"(-0.5, 0.5)",20,0.06260734766967285,1.0
[4],0.15,0.005,0.0,0.1,0.9,tanh,adam,0.01,32,xavier,"(-0.5, 0.5)",20,0.2695597041500338,0.92
[4],0.15,0.005,0.0,0.1,0.9,tanh,adam,0.01,32,he,"(-0.5, 0.5)",20,0.05535115525889954,1.0
[4],0.15,0.005,0.0,0.1,0.9,relu,sgd,0.0,32,xavier,"(-0.5, 0.5)",20,0.28546833674675004,0.88
[4],0.15,0.005,0.0,0.1,0.9,relu,sgd,0.0,32,he,"(-0.5, 0.5)",20,0.12390615561788156,1.0
[4],0.15,0.005,0.0,0.1,0.9,relu,sgd,0.01,32,xavier,"(-0.5, 0.5)",20,0.34060415496074503,0.84
[4],0.15,0.005,0.0,0.1,0.9,relu,sgd,0.01,32,he,"(-0.5, 0.5)",20,0.24532624472081438,0.92
[4],0.15,0.005,0.0,0.1,0.9,relu,adam,0.0,32,xavier,"(-0.5, 0.5)",20,0.15443944939747503,1.0
[4],0.15,0.005,0.0,0.1,0.9,relu,adam,0.0,32,he,"(-0.5, 0.5)",20,0.4705381902196252,0.88
[4],0.15,0.005,0.0,0.1,0.9,relu,adam,0.01,32,xavier,"(-0.5, 0.5)",20,0.20161285682891084,0.92
[4],0.15,0.005,0.0,0.1,0.9,relu,adam,0.01,32,he,"(-0.5, 0.5)",20,0.5289029469259288,0.68
[4],0.15,0.005,0.0,0.2,0.8,tanh,sgd,0.0,32,xavier,"(-0.5, 0.5)",20,0.34398062927386414,0.8
[4],0.15,0.005,0.0,0.2,0.8,tanh,sgd,0.0,32,he,"(-0.5, 0.5)",20,0.11114998578566071,1.0
[4],0.15,0.005,0.0,0.2,0.8,tanh,sgd,0.01,32,xavier,"(-0.5, 0.5)",20,0.20658942019544435,0.96
[4],0.15,0.005,0.0,0.2,0.8,tanh,sgd,0.01,32,he,"(-0.5, 0.5)",20,0.1555488657765958,0.96
[4],0.15,0.005,0.0,0.2,0.8,tanh,adam,0.0,32,xavier,"(-0.5, 0.5)",20,0.2762554359821486,0.88
[4],0.15,0.005,0.0,0.2,0.8,tanh,adam,0.0,32,he,"(-0.5, 0.5)",20,0.07596170810591421,1.0
[4],0.15,0.005,0.0,0.2,0.8,tanh,adam,0.01,32,xavier,"(-0.5, 0.5)",20,0.3827981976864002,0.88
[4],0.15,0.005,0.0,0.2,0.8,tanh,adam,0.01,32,he,"(-0.5, 0.5)",20,0.2967955911715437,0.88
[4],0.15,0.005,0.0,0.2,0.8,relu,sgd,0.0,32,xavier,"(-0.5, 0.5)",20,0.36102186294851163,0.92
[4],0.15,0.005,0.0,0.2,0.8,relu,sgd,0.0,32,he,"(-0.5, 0.5)",20,0.3162555045446261,0.84
[4],0.15,0.005,0.0,0.2,0.8,relu,sgd,0.01,32,xavier,"(-0.5, 0.5)",20,0.4586442895509292,0.8
[4],0.15,0.005,0.0,0.2,0.8,relu,sgd,0.01,32,he,"(-0.5, 0.5)",20,0.30271603269225744,0.92
[4],0.15,0.005,0.0,0.2,0.8,relu,adam,0.0,32,xavier,"(-0.5, 0.5)",20,0.8330716415935187,0.72
[4],0.15,0.005,0.0,0.2,0.8,relu,adam,0.0,32,he,"(-0.5, 0.5)",20,0.43103989504359064,0.88
[4],0.15,0.005,0.0,0.2,0.8,relu,adam,0.01,32,xavier,"(-0.5, 0.5)",20,0.23851076924704384,1.0
[4],0.15,0.005,0.0,0.2,0.8,relu,adam,0.01,32,he,"(-0.5, 0.5)",20,0.18100102210544033,1.0
[4],0.15,0.005,0.0,0.2,0.9,tanh,sgd,0.0,32,xavier,"(-0.5, 0.5)",20,0.17073985613851556,0.92
[4],0.15,0.005,0.0,0.2,0.9,tanh,sgd,0.0,32,he,"(-0.5, 0.5)",20,0.21580992473136643,0.96
[4],0.15,0.005,0.0,0.2,0.9,tanh,sgd,0.01,32,xavier,"(-0.5, 0.5)",20,0.12905275175466174,1.0
[4],0.15,0.005,0.0,0.2,0.9,tanh,sgd,0.01,32,he,"(-0.5, 0.5)",20,0.16955381511682396,0.96
[4],0.15,0.005,0.0,0.2,0.9,tanh,adam,0.0,32,xavier,"(-0.5, 0.5)",20,0.07989871561048936,1.0
[4],0.15,0.005,0.0,0.2,0.9,tanh,adam,0.0,32,he,"(-0.5, 0.5)",20,0.2168562638337771,0.88
[4],0.15,0.005,0.0,0.2,0.9,tanh,adam,0.01,32,xavier,"(-0.5, 0.5)",20,0.3116801796395508,0.88
[4],0.15,0.005,0.0,0.2,0.9,tanh,adam,0.01,32,he,"(-0.5, 0.5)",20,0.2564539185122275,0.92
[4],0.15,0.005,0.0,0.2,0.9,relu,sgd,0.0,32,xavier,"(-0.5, 0.5)",20,0.4329113744038651,0.72
[4],0.15,0.005,0.0,0.2,0.9,relu,sgd,0.0,32,he,"(-0.5, 0.5)",20,0.26463032406303627,0.92
[4],0.15,0.005,0.0,0.2,0.9,relu,sgd,0.01,32,xavier,"(-0.5, 0.5)",20,0.27701042316598856,0.92
[4],0.15,0.005,0.0,0.2,0.9,relu,sgd,0.01,32,he,"(-0.5, 0.5)",20,0.24951455219292212,0.92
[4],0.15,0.005,0.0,0.2,0.9,relu,adam,0.0,32,xavier,"(-0.5, 0.5)",20,0.43730474764526367,0.84
[4],0.15,0.005,0.0,0.2,0.9,relu,adam,0.0,32,he,"(-0.5, 0.5)",20,0.23429651006317603,0.92
[4],0.15,0.005,0.0,0.2,0.9,relu,adam,0.01,32,xavier,"(-0.5, 0.5)",20,0.13888298320095893,1.0
[4],0.15,0.005,0.0,0.2,0.9,relu,adam,0.01,32,he,"(-0.5, 0.5)",20,0.3146620060592306,0.92
[4],0.15,0.005,0.002,0.0,0.8,tanh,sgd,0.0,32,xavier,"(-0.5, 0.5)",20,0.2094743409663521,0.88
[4],0.15,0.005,0.002,0.0,0.8,tanh,sgd,0.0,32,he,"(-0.5, 0.5)",20,0.08769474437373324,1.0
[4],0.15,0.005,0.002,0.0,0.8,tanh,sgd,0.01,32,xavier,"(-0.5, 0.5)",20,0.2568601782152471,0.92
[4],0.15,0.005,0.002,0.0,0.8,tanh,sgd,0.01,32,he,"(-0.5, 0.5)",20,0.18330599324018043,0.96
[4],0.15,0.005,0.002,0.0,0.8,tanh,adam,0.0,32,xavier,"(-0.5, 0.5)",20,0.05197843765565145,1.0
[4],0.15,0.005,0.002,0.0,0.8,tanh,adam,0.0,32,he,"(-0.5, 0.5)",20,0.03286064001185361,1.0
[4],0.15,0.005,0.002,0.0,0.8,tanh,adam,0.01,32,xavier,"(-0.5, 0.5)",20,0.06411655251767348,1.0
[4],0.15,0.005,0.002,0.0,0.8,tanh,adam,0.01,32,he,"(-0.5, 0.5)",20,0.03926232872554637,1.0
[4],0.15,0.005,0.002,0.0,0.8,relu,sgd,0.0,32,xavier,"(-0.5, 0.5)",20,0.2688056570289064,0.92
[4],0.15,0.005,0.002,0.0,0.8,relu,sgd,0.0,32,he,"(-0.5, 0.5)",20,0.2781971828012822,0.8
[4],0.15,0.005,0.002,0.0,0.8,relu,sgd,0.01,32,xavier,"(-0.5, 0.5)",20,0.23055905997381768,0.92
[4],0.15,0.005,0.002,0.0,0.8,relu,sgd,0.01,32,he,"(-0.5, 0.5)",20,0.2916809100421508,0.84
[4],0.15,0.005,0.002,0.0,0.8,relu,adam,0.0,32,xavier,"(-0.5, 0.5)",20,0.13627560983925083,0.96
[4],0.15,0.005,0.002,0.0,0.8,relu,adam,0.0,32,he,"(-0.5, 0.5)",20,0.11640016166594344,0.96
[4],0.15,0.005,0.002,0.0,0.8,relu,adam,0.01,32,xavier,"(-0.5, 0.5)",20,0.05936440361767734,1.0
[4],0.15,0.005,0.002,0.0,0.8,relu,adam,0.01,32,he,"(-0.5, 0.5)",20,0.14673906621732805,0.92
[4],0.15,0.005,0.002,0.0,0.9,tanh,sgd,0.0,32,xavier,"(-0.5, 0.5)",20,0.04325026785086002,1.0
[4],0.15,0.005,0.002,0.0,0.9,tanh,sgd,0.0,32,he,"(-0.5, 0.5)",20,0.04403764150207628,1.0
[4],0.15,0.005,0.002,0.0,0.9,tanh,sgd,0.01,32,xavier,"(-0.5, 0.5)",20,0.1551986522574763,0.92
[4],0.15,0.005,0.002,0.0,0.9,tanh,sgd,0.01,32,he,"(-0.5, 0.5)",20,0.42658648076182004,0.76
[4],0.15,0.005,0.002,0.0,0.9,tanh,adam,0.0,32,xavier,"(-0.5, 0.5)",20,0.05124233465231553,1.0
[4],0.15,0.005,0.002,0.0,0.9,tanh,adam,0.0,32,he,"(-0.5, 0.5)",20,0.047282550073645305,1.0
[4],0.15,0.005,0.002,0.0,0.9,tanh,adam,0.01,32,xavier,"(-0.5, 0.5)",20,0.05682735953967189,1.0
[4],0.15,0.005,0.002,0.0,0.9,tanh,adam,0.01,32,he,"(-0.5, 0.5)",20,0.04346605988238781,1.0
[4],0.15,0.005,0.002,0.0,0.9,relu,sgd,0.0,32,xavier,"(-0.5, 0.5)",20,0.1957529890061227,0.96
[4],0.15,0.005,0.002,0.0,0.9,relu,sgd,0.0,32,he,"(-0.5, 0.5)",20,0.08137930942956613,1.0
[4],0.15,0.005,0.002,0.0,0.9,relu,sgd,0.01,32,xavier,"(-0.5, 0.5)",20,0.06813177084854041,1.0
[4],0.15,0.005,0.002,0.0,0.9,relu,sgd,0.01,32,he,"(-0.5, 0.5)",20,0.12942087462222132,0.92
[4],0.15,0.005,0.002,0.0,0.9,relu,adam,0.0,32,xavier,"(-0.5, 0.5)",20,0.09798309990801324,0.96
[4],0.15,0.005,0.002,0.0,0.9,relu,adam,0.0,32,he,"(-0.5, 0.5)",20,0.05900853204350072,1.0
[4],0.15,0.005,0.002,0.0,0.9,relu,adam,0.01,32,xavier,"(-0.5, 0.5)",20,0.03070321654318061,1.0
[4],0.15,0.005,0.002,0.0,0.9,relu,adam,0.01,32,he,"(-0.5, 0.5)",20,0.09847368600045545,0.92
[4],0.15,0.005,0.002,0.1,0.8,tanh,sgd,0.0,32,xavier,"(-0.5, 0.5)",20,0.1368836069890879,0.96
[4],0.15,0.005,0.002,0.1,0.8,tanh,sgd,0.0,32,he,"(-0.5, 0.5)",20,0.11868288058387169,1.0
[4],0.15,0.005,0.002,0.1,0.8,tanh,sgd,0.01,32,xavier,"(-0.5, 0.5)",20,0.35152108214371147,0.76
[4],0.15,0.005,0.002,0.1,0.8,tanh,sgd,0.01,32,he,"(-0.5, 0.5)",20,0.28562484361101803,0.88
[4],0.15,0.005,0.002,0.1,0.8,tanh,adam,0.0,32,xavier,"(-0.5, 0.5)",20,0.17864792404390917,0.96
[4],0.15,0.005,0.002,0.1,0.8,tanh,adam,0.0,32,he,"(-0.5, 0.5)",20,0.27385805898579546,0.92
[4],0.15,0.005,0.002,0.1,0.8,tanh,adam,0.01,32,xavier,"(-0.5, 0.5)",20,0.27108687508074075,0.92
[4],0.15,0.005,0.002,0.1,0.8,tanh,adam,0.01,32,he,"(-0.5, 0.5)",20,0.057554074864797765,1.0
[4],0.15,0.005,0.002,0.1,0.8,relu,sgd,0.0,32,xavier,"(-0.5, 0.5)",20,0.2880852082253174,0.8
[4],0.15,0.005,0.002,0.1,0.8,relu,sgd,0.0,32,he,"(-0.5, 0.5)",20,0.2068782767866933,0.92
[4],0.15,0.005,0.002,0.1,0.8,relu,sgd,0.01,32,xavier,"(-0.5, 0.5)",20,0.16189401993892125,0.92
[4],0.15,0.005,0.002,0.1,0.8,relu,sgd,0.01,32,he,"(-0.5, 0.5)",20,0.26402759718879004,0.92
[4],0.15,0.005,0.002,0.1,0.8,relu,adam,0.0,32,xavier,"(-0.5, 0.5)",20,0.2128514978524823,0.84
[4],0.15,0.005,0.002,0.1,0.8,relu,adam,0.0,32,he,"(-0.5, 0.5)",20,0.07416248667449886,1.0
[4],0.15,0.005,0.002,0.1,0.8,relu,adam,0.01,32,xavier,"(-0.5, 0.5)",20,0.32128317044102994,0.88
[4],0.15,0.005,0.002,0.1,0.8,relu,adam,0.01,32,he,"(-0.5, 0.5)",20,0.197974446930082,0.92
[4],0.15,0.005,0.002,0.1,0.9,tanh,sgd,0.0,32,xavier,"(-0.5, 0.5)",20,0.4273429507472605,0.88
[4],0.15,0.005,0.002,0.1,0.9,tanh,sgd,0.0,32,he,"(-0.5, 0.5)",20,0.3120366934359198,0.8
[4],0.15,0.005,0.002,0.1,0.9,tanh,sgd,0.01,32,xavier,"(-0.5, 0.5)",20,0.18225467432385928,0.92
[4],0.15,0.005,0.002,0.1,0.9,tanh,sgd,0.01,32,he,"(-0.5, 0.5)",20,0.07126412602340544,1.0
[4],0.15,0.005,0.002,0.1,0.9,tanh,adam,0.0,32,xavier,"(-0.5, 0.5)",20,0.09035816787834842,1.0
[4],0.15,0.005,0.002,0.1,0.9,tanh,adam,0.0,32,he,"(-0.5, 0.5)",20,0.0850069985317336,1.0
[4],0.15,0.005,0.002,0.1,0.9,tanh,adam,0.01,32,xavier,"(-0.5, 0.5)",20,0.3003089608105801,0.92
[4],0.15,0.005,0.002,0.1,0.9,tanh,adam,0.01,32,he,"(-0.5, 0.5)",20,0.23727947045080322,0.92
[4],0.15,0.005,0.002,0.1,0.9,relu,sgd,0.0,32,xavier,"(-0.5, 0.5)",20,0.4470784829853979,0.76
[4],0.15,0.005,0.002,0.1,0.9,relu,sgd,0.0,32,he,"(-0.5, 0.5)",20,0.2144035535469835,0.92
[4],0.15,0.005,0.002,0.1,0.9,relu,sgd,0.01,32,xavier,"(-0.5, 0.5)",20,0.37769848037487574,0.84
[4],0.15,0.005,0.002,0.1,0.9,relu,sgd,0.01,32,he,"(-0.5, 0.5)",20,0.3763128749466077,0.88
[4],0.15,0.005,0.002,0.1,0.9,relu,adam,0.0,32,xavier,"(-0.5, 0.5)",20,0.4053386363670463,0.8
[4],0.15,0.005,0.002,0.1,0.9,relu,adam,0.0,32,he,"(-0.5, 0.5)",20,0.11753246014568795,0.96
[4],0.15,0.005,0.002,0.1,0.9,relu,adam,0.01,32,xavier,"(-0.5, 0.5)",20,0.3140575373357539,0.88
[4],0.15,0.005,0.002,0.1,0.9,relu,adam,0.01,32,he,"(-0.5, 0.5)",20,0.18882958179044312,0.92
[4],0.15,0.005,0.002,0.2,0.8,tanh,sgd,0.0,32,xavier,"(-0.5, 0.5)",20,0.3102029647268389,0.88
[4],0.15,0.005,0.002,0.2,0.8,tanh,sgd,0.0,32,he,"(-0.5, 0.5)",20,0.31312096348013907,0.88
[4],0.15,0.005,0.002,0.2,0.8,tanh,sgd,0.01,32,xavier,"(-0.5, 0.5)",20,0.17652501024536313,0.96
[4],0.15,0.005,0.002,0.2,0.8,tanh,sgd,0.01,32,he,"(-0.5, 0.5)",20,0.4435051027286015,0.88
[4],0.15,0.005,0.002,0.2,0.8,tanh,adam,0.0,32,xavier,"(-0.5, 0.5)",20,0.22837117606783644,0.92
[4],0.15,0.005,0.002,0.2,0.8,tanh,adam,0.0,32,he,"(-0.5, 0.5)",20,0.07943998539626992,1.0
[4],0.15,0.005,0.002,0.2,0.8,tanh,adam,0.01,32,xavier,"(-0.5, 0.5)",20,0.24180060358713143,0.88
[4],0.15,0.005,0.002,0.2,0.8,tanh,adam,0.01,32,he,"(-0.5, 0.5)",20,0.0927122422952516,1.0
[4],0.15,0.005,0.002,0.2,0.8,relu,sgd,0.0,32,xavier,"(-0.5, 0.5)",20,0.2821513199664083,0.84
[4],0.15,0.005,0.002,0.2,0.8,relu,sgd,0.0,32,he,"(-0.5, 0.5)",20,0.2938757652349222,0.84
[4],0.15,0.005,0.002,0.2,0.8,relu,sgd,0.01,32,xavier,"(-0.5, 0.5)",20,0.18674735300600648,0.96
[4],0.15,0.005,0.002,0.2,0.8,relu,sgd,0.01,32,he,"(-0.5, 0.5)",20,0.2888979924569637,0.92
[4],0.15,0.005,0.002,0.2,0.8,relu,adam,0.0,32,xavier,"(-0.5, 0.5)",20,0.6731048233131967,0.88
[4],0.15,0.005,0.002,0.2,0.8,relu,adam,0.0,32,he,"(-0.5, 0.5)",20,0.3847857549618971,0.92
[4],0.15,0.005,0.002,0.2,0.8,relu,adam,0.01,32,xavier,"(-0.5, 0.5)",20,0.29520762323969163,0.92
[4],0.15,0.005,0.002,0.2,0.8,relu,adam,0.01,32,he,"(-0.5, 0.5)",20,0.3383269022537958,0.88
[4],0.15,0.005,0.002,0.2,0.9,tanh,sgd,0.0,32,xavier,"(-0.5, 0.5)",20,0.19770715675395045,0.96
[4],0.15,0.005,0.002,0.2,0.9,tanh,sgd,0.0,32,he,"(-0.5, 0.5)",20,0.3240536560434575,0.76
[4],0.15,0.005,0.002,0.2,0.9,tanh,sgd,0.01,32,xavier,"(-0.5, 0.5)",20,0.13248213302255585,1.0
[4],0.15,0.005,0.002,0.2,0.9,tanh,sgd,0.01,32,he,"(-0.5, 0.5)",20,0.39333551224975044,0.8
[4],0.15,0.005,0.002,0.2,0.9,tanh,adam,0.0,32,xavier,"(-0.5, 0.5)",20,0.3202840296159078,0.88
[4],0.15,0.005,0.002,0.2,0.9,tanh,adam,0.0,32,he,"(-0.5, 0.5)",20,0.1829038294898956,0.96
[4],0.15,0.005,0.002,0.2,0.9,tanh,adam,0.01,32,xavier,"(-0.5, 0.5)",20,0.23689497877126597,0.96
[4],0.15,0.005,0.002,0.2,0.9,tanh,adam,0.01,32,he,"(-0.5, 0.5)",20,0.11872500241993551,1.0
[4],0.15,0.005,0.002,0.2,0.9,relu,sgd,0.0,32,xavier,"(-0.5, 0.5)",20,0.5697194175966189,0.8
[4],0.15,0.005,0.002,0.2,0.9,relu,sgd,0.0,32,he,"(-0.5, 0.5)",20,0.2354878809809331,0.96
[4],0.15,0.005,0.002,0.2,0.9,relu,sgd,0.01,32,xavier,"(-0.5, 0.5)",20,0.1762406638201749,0.92
[4],0.15,0.005,0.002,0.2,0.9,relu,sgd,0.01,32,he,"(-0.5, 0.5)",20,0.4449907127447872,0.8
[4],0.15,0.005,0.002,0.2,0.9,relu,adam,0.0,32,xavier,"(-0.5, 0.5)",20,0.3432146610247418,0.88
[4],0.15,0.005,0.002,0.2,0.9,relu,adam,0.0,32,he,"(-0.5, 0.5)",20,0.36260207726589244,0.92
[4],0.15,0.005,0.002,0.2,0.9,relu,adam,0.01,32,xavier,"(-0.5, 0.5)",20,0.20068428400502283,0.96
[4],0.15,0.005,0.002,0.2,0.9,relu,adam,0.01,32,he,"(-0.5, 0.5)",20,0.3058433504507991,0.88
[4],0.15,0.01,0.0,0.0,0.8,tanh,sgd,0.0,32,xavier,"(-0.5, 0.5)",20,0.22675740078928958,0.92
[4],0.15,0.01,0.0,0.0,0.8,tanh,sgd,0.0,32,he,"(-0.5, 0.5)",20,0.10716532071742751,1.0
[4],0.15,0.01,0.0,0.0,0.8,tanh,sgd,0.01,32,xavier,"(-0.5, 0.5)",20,0.18988099649361248,0.96
[4],0.15,0.01,0.0,0.0,0.8,tanh,sgd,0.01,32,he,"(-0.5, 0.5)",20,0.25321362334491515,0.92
[4],0.15,0.01,0.0,0.0,0.8,tanh,adam,0.0,32,xavier,"(-0.5, 0.5)",20,0.08437888716000973,1.0
[4],0.15,0.01,0.0,0.0,0.8,tanh,adam,0.0,32,he,"(-0.5, 0.5)",20,0.17568380696226166,0.96
[4],0.15,0.01,0.0,0.0,0.8,tanh,adam,0.01,32,xavier,"(-0.5, 0.5)",20,0.06066813167013977,1.0
[4],0.15,0.01,0.0,0.0,0.8,tanh,adam,0.01,32,he,"(-0.5, 0.5)",20,0.06841216188685319,1.0
[4],0.15,0.01,0.0,0.0,0.8,relu,sgd,0.0,32,xavier,"(-0.5, 0.5)",20,0.14776333538962677,1.0
[4],0.15,0.01,0.0,0.0,0.8,relu,sgd,0.0,32,he,"(-0.5, 0.5)",20,0.1275445638250924,0.96
[4],0.15,0.01,0.0,0.0,0.8,relu,sgd,0.01,32,xavier,"(-0.5, 0.5)",20,0.08314900800701777,1.0
[4],0.15,0.01,0.0,0.0,0.8,relu,sgd,0.01,32,he,"(-0.5, 0.5)",20,0.08027654156473951,1.0
[4],0.15,0.01,0.0,0.0,0.8,relu,adam,0.0,32,xavier,"(-0.5, 0.5)",20,0.22519481693258347,0.88
[4],0.15,0.01,0.0,0.0,0.8,relu,adam,0.0,32,he,"(-0.5, 0.5)",20,0.25876230102343367,0.92
[4],0.15,0.01,0.0,0.0,0.8,relu,adam,0.01,32,xavier,"(-0.5, 0.5)",20,0.2862255061932529,0.92
[4],0.15,0.01,0.0,0.0,0.8,relu,adam,0.01,32,he,"(-0.5, 0.5)",20,0.16764487218011817,0.92
[4],0.15,0.01,0.0,0.0,0.9,tanh,sgd,0.0,32,xavier,"(-0.5, 0.5)",20,0.06534259396879273,1.0
[4],0.15,0.01,0.0,0.0,0.9,tanh,sgd,0.0,32,he,"(-0.5, 0.5)",20,0.060329441557585975,1.0
[4],0.15,0.01,0.0,0.0,0.9,tanh,sgd,0.01,32,xavier,"(-0.5, 0.5)",20,0.10676207193636719,0.96
[4],0.15,0.01,0.0,0.0,0.9,tanh,sgd,0.01,32,he,"(-0.5, 0.5)",20,0.06766462061975528,1.0
[4],0.15,0.01,0.0,0.0,0.9,tanh,adam,0.0,32,xavier,"(-0.5, 0.5)",20,0.06496243692141639,1.0
[4],0.15,0.01,0.0,0.0,0.9,tanh,adam,0.0,32,he,"(-0.5, 0.5)",20,0.37767241782674993,0.8
[4],0.15,0.01,0.0,0.0,0.9,tanh,adam,0.01,32,xavier,"(-0.5, 0.5)",20,0.057922549633869266,1.0
[4],0.15,0.01,0.0,0.0,0.9,tanh,adam,0.01,32,he,"(-0.5, 0.5)",20,0.05844396820942796,1.0
[4],0.15,0.01,0.0,0.0,0.9,relu,sgd,0.0,32,xavier,"(-0.5, 0.5)",20,0.2541646100113032,0.92
[4],0.15,0.01,0.0,0.0,0.9,relu,sgd,0.0,32,he,"(-0.5, 0.5)",20,0.14756253005892345,0.92
[4],0.15,0.01,0.0,0.0,0.9,relu,sgd,0.01,32,xavier,"(-0.5, 0.5)",20,0.1250300630734997,0.96
[4],0.15,0.01,0.0,0.0,0.9,relu,sgd,0.01,32,he,"(-0.5, 0.5)",20,0.10414070056819484,0.92
[4],0.15,0.01,0.0,0.0,0.9,relu,adam,0.0,32,xavier,"(-0.5, 0.5)",20,0.15090208286593554,0.92
[4],0.15,0.01,0.0,0.0,0.9,relu,adam,0.0,32,he,"(-0.5, 0.5)",20,0.10382004873881459,0.92
[4],0.15,0.01,0.0,0.0,0.9,relu,adam,0.01,32,xavier,"(-0.5, 0.5)",20,0.08545980784720497,1.0
[4],0.15,0.01,0.0,0.0,0.9,relu,adam,0.01,32,he,"(-0.5, 0.5)",20,0.08477163610394886,1.0
[4],0.15,0.01,0.0,0.1,0.8,tanh,sgd,0.0,32,xavier,"(-0.5, 0.5)",20,0.1312011380946951,1.0
[4],0.15,0.01,0.0,0.1,0.8,tanh,sgd,0.0,32,he,"(-0.5, 0.5)",20,0.2963151837807465,0.88
[4],0.15,0.01,0.0,0.1,0.8,tanh,sgd,0.01,32,xavier,"(-0.5, 0.5)",20,0.3104674508740377,0.96
[4],0.15,0.01,0.0,0.1,0.8,tanh,sgd,0.01,32,he,"(-0.5, 0.5)",20,0.3976545810057207,0.88
[4],0.15,0.01,0.0,0.1,0.8,tanh,adam,0.0,32,xavier,"(-0.5, 0.5)",20,0.10822187802622353,1.0
[4],0.15,0.01,0.0,0.1,0.8,tanh,adam,0.0,32,he,"(-0.5, 0.5)",20,0.07995147416512252,1.0
[4],0.15,0.01,0.0,0.1,0.8,tanh,adam,0.01,32,xavier,"(-0.5, 0.5)",20,0.07847477597897541,1.0
[4],0.15,0.01,0.0,0.1,0.8,tanh,adam,0.01,32,he,"(-0.5, 0.5)",20,0.07413698751960578,1.0
[4],0.15,0.01,0.0,0.1,0.8,relu,sgd,0.0,32,xavier,"(-0.5, 0.5)",20,0.2450406498825929,0.92
[4],0.15,0.01,0.0,0.1,0.8,relu,sgd,0.0,32,he,"(-0.5, 0.5)",20,0.38543226073274633,0.84
[4],0.15,0.01,0.0,0.1,0.8,relu,sgd,0.01,32,xavier,"(-0.5, 0.5)",20,0.10759910044814647,1.0
[4],0.15,0.01,0.0,0.1,0.8,relu,sgd,0.01,32,he,"(-0.5, 0.5)",20,0.20039338155630426,0.92
[4],0.15,0.01,0.0,0.1,0.8,relu,adam,0.0,32,xavier,"(-0.5, 0.5)",20,0.2892407973626567,0.88
[4],0.15,0.01,0.0,0.1,0.8,relu,adam,0.0,32,he,"(-0.5, 0.5)",20,0.314662568159607,0.92
[4],0.15,0.01,0.0,0.1,0.8,relu,adam,0.01,32,xavier,"(-0.5, 0.5)",20,0.29335863927785666,0.88
[4],0.15,0.01,0.0,0.1,0.8,relu,adam,0.01,32,he,"(-0.5, 0.5)",20,0.3585721870730583,0.88
[4],0.15,0.01,0.0,0.1,0.9,tanh,sgd,0.0,32,xavier,"(-0.5, 0.5)",20,0.09808786927083515,1.0
[4],0.15,0.01,0.0,0.1,0.9,tanh,sgd,0.0,32,he,"(-0.5, 0.5)",20,0.09859110688499426,1.0
[4],0.15,0.01,0.0,0.1,0.9,tanh,sgd,0.01,32,xavier,"(-0.5, 0.5)",20,0.14065784980961432,0.96
[4],0.15,0.01,0.0,0.1,0.9,tanh,sgd,0.01,32,he,"(-0.5, 0.5)",20,0.12001570720231947,0.96
[4],0.15,0.01,0.0,0.1,0.9,tanh,adam,0.0,32,xavier,"(-0.5, 0.5)",20,0.09570183416934375,1.0
[4],0.15,0.01,0.0,0.1,0.9,tanh,adam,0.0,32,he,"(-0.5, 0.5)",20,0.12661025778181687,1.0
[4],0.15,0.01,0.0,0.1,0.9,tanh,adam,0.01,32,xavier,"(-0.5, 0.5)",20,0.35432131409977535,0.88
[4],0.15,0.01,0.0,0.1,0.9,tanh,adam,0.01,32,he,"(-0.5, 0.5)",20,0.18399778604613132,0.96
[4],0.15,0.01,0.0,0.1,0.9,relu,sgd,0.0,32,xavier,"(-0.5, 0.5)",20,0.13276985582004894,1.0
[4],0.15,0.01,0.0,0.1,0.9,relu,sgd,0.0,32,he,"(-0.5, 0.5)",20,0.27079416063434397,0.88
[4],0.15,0.01,0.0,0.1,0.9,relu,sgd,0.01,32,xavier,"(-0.5, 0.5)",20,0.20152563243292954,0.92
[4],0.15,0.01,0.0,0.1,0.9,relu,sgd,0.01,32,he,"(-0.5, 0.5)",20,0.27846649028762427,0.92
[4],0.15,0.01,0.0,0.1,0.9,relu,adam,0.0,32,xavier,"(-0.5, 0.5)",20,0.17111199932538004,1.0
[4],0.15,0.01,0.0,0.1,0.9,relu,adam,0.0,32,he,"(-0.5, 0.5)",20,0.24740110109627755,0.96
[4],0.15,0.01,0.0,0.1,0.9,relu,adam,0.01,32,xavier,"(-0.5, 0.5)",20,0.1955791596857551,0.96
[4],0.15,0.01,0.0,0.1,0.9,relu,adam,0.01,32,he,"(-0.5, 0.5)",20,0.4264140028000475,0.84
[4],0.15,0.01,0.0,0.2,0.8,tanh,sgd,0.0,32,xavier,"(-0.5, 0.5)",20,0.2285125802700536,0.96
[4],0.15,0.01,0.0,0.2,0.8,tanh,sgd,0.0,32,he,"(-0.5, 0.5)",20,0.3094422000016999,0.88
[4],0.15,0.01,0.0,0.2,0.8,tanh,sgd,0.01,32,xavier,"(-0.5, 0.5)",20,0.3435188908226155,0.84
[4],0.15,0.01,0.0,0.2,0.8,tanh,sgd,0.01,32,he,"(-0.5, 0.5)",20,0.2268197278713051,0.96
[4],0.15,0.01,0.0,0.2,0.8,tanh,adam,0.0,32,xavier,"(-0.5, 0.5)",20,0.2771329607904278,0.92
[4],0.15,0.01,0.0,0.2,0.8,tanh,adam,0.0,32,he,"(-0.5, 0.5)",20,0.13202917267679187,1.0
[4],0.15,0.01,0.0,0.2,0.8,tanh,adam,0.01,32,xavier,"(-0.5, 0.5)",20,0.09261825216638644,1.0
[4],0.15,0.01,0.0,0.2,0.8,tanh,adam,0.01,32,he,"(-0.5, 0.5)",20,0.13545560260563305,1.0
[4],0.15,0.01,0.0,0.2,0.8,relu,sgd,0.0,32,xavier,"(-0.5, 0.5)",20,0.2836744552985792,0.88
[4],0.15,0.01,0.0,0.2,0.8,relu,sgd,0.0,32,he,"(-0.5, 0.5)",20,0.35987685880774617,0.84
[4],0.15,0.01,0.0,0.2,0.8,relu,sgd,0.01,32,xavier,"(-0.5, 0.5)",20,0.23262691088214713,0.96
[4],0.15,0.01,0.0,0.2,0.8,relu,sgd,0.01,32,he,"(-0.5, 0.5)",20,0.2688560495826402,0.84
[4],0.15,0.01,0.0,0.2,0.8,relu,adam,0.0,32,xavier,"(-0.5, 0.5)",20,0.3638446976620687,0.84
[4],0.15,0.01,0.0,0.2,0.8,relu,adam,0.0,32,he,"(-0.5, 0.5)",20,0.15380818207040292,1.0
[4],0.15,0.01,0.0,0.2,0.8,relu,adam,0.01,32,xavier,"(-0.5, 0.5)",20,0.30271383914751643,0.88
[4],0.15,0.01,0.0,0.2,0.8,relu,adam,0.01,32,he,"(-0.5, 0.5)",20,0.2287343460369325,1.0
[4],0.15,0.01,0.0,0.2,0.9,tanh,sgd,0.0,32,xavier,"(-0.5, 0.5)",20,0.12735538614638828,1.0
[4],0.15,0.01,0.0,0.2,0.9,tanh,sgd,0.0,32,he,"(-0.5, 0.5)",20,0.3464927029724715,0.88
[4],0.15,0.01,0.0,0.2,0.9,tanh,sgd,0.01,32,xavier,"(-0.5, 0.5)",20,0.19573250833884673,0.96
[4],0.15,0.01,0.0,0.2,0.9,tanh,sgd,0.01,32,he,"(-0.5, 0.5)",20,0.14130640763467567,0.96
[4],0.15,0.01,0.0,0.2,0.9,tanh,adam,0.0,32,xavier,"(-0.5, 0.5)",20,0.46609947616108416,0.88
[4],0.15,0.01,0.0,0.2,0.9,tanh,adam,0.0,32,he,"(-0.5, 0.5)",20,0.2939960238514627,0.88
[4],0.15,0.01,0.0,0.2,0.9,tanh,adam,0.01,32,xavier,"(-0.5, 0.5)",20,0.17570079774812575,1.0
[4],0.15,0.01,0.0,0.2,0.9,tanh,adam,0.01,32,he,"(-0.5, 0.5)",20,0.24518442659855263,0.96
[4],0.15,0.01,0.0,0.2,0.9,relu,sgd,0.0,32,xavier,"(-0.5, 0.5)",20,0.32812345361533846,0.96
[4],0.15,0.01,0.0,0.2,0.9,relu,sgd,0.0,32,he,"(-0.5, 0.5)",20,0.23145053042610053,0.92
[4],0.15,0.01,0.0,0.2,0.9,relu,sgd,0.01,32,xavier,"(-0.5, 0.5)",20,0.28599734018684786,0.84
[4],0.15,0.01,0.0,0.2,0.9,relu,sgd,0.01,32,he,"(-0.5, 0.5)",20,0.5173016725266653,0.8
[4],0.15,0.01,0.0,0.2,0.9,relu,adam,0.0,32,xavier,"(-0.5, 0.5)",20,0.3970315173872161,0.88
[4],0.15,0.01,0.0,0.2,0.9,relu,adam,0.0,32,he,"(-0.5, 0.5)",20,0.3922428310242706,0.88
[4],0.15,0.01,0.0,0.2,0.9,relu,adam,0.01,32,xavier,"(-0.5, 0.5)",20,0.1161196510344027,1.0
[4],0.15,0.01,0.0,0.2,0.9,relu,adam,0.01,32,he,"(-0.5, 0.5)",20,0.19982767981478816,0.92
[4],0.15,0.01,0.002,0.0,0.8,tanh,sgd,0.0,32,xavier,"(-0.5, 0.5)",20,0.18183037625486922,0.92
[4],0.15,0.01,0.002,0.0,0.8,tanh,sgd,0.0,32,he,"(-0.5, 0.5)",20,0.4350081636927196,0.88
[4],0.15,0.01,0.002,0.0,0.8,tanh,sgd,0.01,32,xavier,"(-0.5, 0.5)",20,0.4212140647832155,0.88
[4],0.15,0.01,0.002,0.0,0.8,tanh,sgd,0.01,32,he,"(-0.5, 0.5)",20,0.14409326887859605,1.0
[4],0.15,0.01,0.002,0.0,0.8,tanh,adam,0.0,32,xavier,"(-0.5, 0.5)",20,0.05665669365539766,1.0
[4],0.15,0.01,0.002,0.0,0.8,tanh,adam,0.0,32,he,"(-0.5, 0.5)",20,0.46431741188095343,0.84
[4],0.15,0.01,0.002,0.0,0.8,tanh,adam,0.01,32,xavier,"(-0.5, 0.5)",20,0.08123916188252771,1.0
[4],0.15,0.01,0.002,0.0,0.8,tanh,adam,0.01,32,he,"(-0.5, 0.5)",20,0.06071392038912515,1.0
[4],0.15,0.01,0.002,0.0,0.8,relu,sgd,0.0,32,xavier,"(-0.5, 0.5)",20,0.0903959989108913,1.0
[4],0.15,0.01,0.002,0.0,0.8,relu,sgd,0.0,32,he,"(-0.5, 0.5)",20,0.06864502544888067,1.0
[4],0.15,0.01,0.002,0.0,0.8,relu,sgd,0.01,32,xavier,"(-0.5, 0.5)",20,0.10056910504866996,1.0
[4],0.15,0.01,0.002,0.0,0.8,relu,sgd,0.01,32,he,"(-0.5, 0.5)",20,0.12675669022928057,1.0
[4],0.15,0.01,0.002,0.0,0.8,relu,adam,0.0,32,xavier,"(-0.5, 0.5)",20,0.19548142498862903,0.92
[4],0.15,0.01,0.002,0.0,0.8,relu,adam,0.0,32,he,"(-0.5, 0.5)",20,0.10546528688865855,0.96
[4],0.15,0.01,0.002,0.0,0.8,relu,adam,0.01,32,xavier,"(-0.5, 0.5)",20,0.07161468409255672,1.0
[4],0.15,0.01,0.002,0.0,0.8,relu,adam,0.01,32,he,"(-0.5, 0.5)",20,0.08524609049023647,1.0
[4],0.15,0.01,0.002,0.0,0.9,tanh,sgd,0.0,32,xavier,"(-0.5, 0.5)",20,0.1107339721596508,1.0
[4],0.15,0.01,0.002,0.0,0.9,tanh,sgd,0.0,32,he,"(-0.5, 0.5)",20,0.0781893020962598,1.0
[4],0.15,0.01,0.002,0.0,0.9,tanh,sgd,0.01,32,xavier,"(-0.5, 0.5)",20,0.08336706790139134,1.0
[4],0.15,0.01,0.002,0.0,0.9,tanh,sgd,0.01,32,he,"(-0.5, 0.5)",20,0.06071103043871654,1.0
[4],0.15,0.01,0.002,0.0,0.9,tanh,adam,0.0,32,xavier,"(-0.5, 0.5)",20,0.06340909344311503,1.0
[4],0.15,0.01,0.002,0.0,0.9,tanh,adam,0.0,32,he,"(-0.5, 0.5)",20,0.08254218073919421,1.0
[4],0.15,0.01,0.002,0.0,0.9,tanh,adam,0.01,32,xavier,"(-0.5, 0.5)",20,0.06122885370855495,1.0
[4],0.15,0.01,0.002,0.0,0.9,tanh,adam,0.01,32,he,"(-0.5, 0.5)",20,0.05876394599259136,1.0
[4],0.15,0.01,0.002,0.0,0.9,relu,sgd,0.0,32,xavier,"(-0.5, 0.5)",20,0.09659674016609725,1.0
[4],0.15,0.01,0.002,0.0,0.9,relu,sgd,0.0,32,he,"(-0.5, 0.5)",20,0.2055280293719401,0.92
[4],0.15,0.01,0.002,0.0,0.9,relu,sgd,0.01,32,xavier,"(-0.5, 0.5)",20,0.27225374228104793,0.88
[4],0.15,0.01,0.002,0.0,0.9,relu,sgd,0.01,32,he,"(-0.5, 0.5)",20,0.2022154151531617,0.92
[4],0.15,0.01,0.002,0.0,0.9,relu,adam,0.0,32,xavier,"(-0.5, 0.5)",20,0.04946502641571381,1.0
[4],0.15,0.01,0.002,0.0,0.9,relu,adam,0.0,32,he,"(-0.5, 0.5)",20,0.08369282688669429,1.0
[4],0.15,0.01,0.002,0.0,0.9,relu,adam,0.01,32,xavier,"(-0.5, 0.5)",20,0.038030146964993586,1.0
[4],0.15,0.01,0.002,0.0,0.9,relu,adam,0.01,32,he,"(-0.5, 0.5)",20,0.10091714024407265,0.96
[4],0.15,0.01,0.002,0.1,0.8,tanh,sgd,0.0,32,xavier,"(-0.5, 0.5)",20,0.40052123890671615,0.88
[4],0.15,0.01,0.002,0.1,0.8,tanh,sgd,0.0,32,he,"(-0.5, 0.5)",20,0.25228850977602585,0.92
[4],0.15,0.01,0.002,0.1,0.8,tanh,sgd,0.01,32,xavier,"(-0.5, 0.5)",20,0.27595368236188617,0.96
[4],0.15,0.01,0.002,0.1,0.8,tanh,sgd,0.01,32,he,"(-0.5, 0.5)",20,0.17484536706217343,0.92
[4],0.15,0.01,0.002,0.1,0.8,tanh,adam,0.0,32,xavier,"(-0.5, 0.5)",20,0.2587201217928713,0.92
[4],0.15,0.01,0.002,0.1,0.8,tanh,adam,0.0,32,he,"(-0.5, 0.5)",20,0.11363042588469739,1.0
[4],0.15,0.01,0.002,0.1,0.8,tanh,adam,0.01,32,xavier,"(-0.5, 0.5)",20,0.15735585322880688,0.96
[4],0.15,0.01,0.002,0.1,0.8,tanh,adam,0.01,32,he,"(-0.5, 0.5)",20,0.18580597283460473,0.92
[4],0.15,0.01,0.002,0.1,0.8,relu,sgd,0.0,32,xavier,"(-0.5, 0.5)",20,0.24398193203772475,0.88
[4],0.15,0.01,0.002,0.1,0.8,relu,sgd,0.0,32,he,"(-0.5, 0.5)",20,0.24511309986546054,0.92
[4],0.15,0.01,0.002,0.1,0.8,relu,sgd,0.01,32,xavier,"(-0.5, 0.5)",20,0.49107849467211767,0.72
[4],0.15,0.01,0.002,0.1,0.8,relu,sgd,0.01,32,he,"(-0.5, 0.5)",20,0.24006150887718417,0.92
[4],0.15,0.01,0.002,0.1,0.8,relu,adam,0.0,32,xavier,"(-0.5, 0.5)",20,0.3491219921910445,0.84
[4],0.15,0.01,0.002,0.1,0.8,relu,adam,0.0,32,he,"(-0.5, 0.5)",20,0.18129531712368566,0.96
[4],0.15,0.01,0.002,0.1,0.8,relu,adam,0.01,32,xavier,"(-0.5, 0.5)",20,0.1815538713955758,0.92
[4],0.15,0.01,0.002,0.1,0.8,relu,adam,0.01,32,he,"(-0.5, 0.5)",20,0.2876679163105181,0.92
[4],0.15,0.01,0.002,0.1,0.9,tanh,sgd,0.0,32,xavier,"(-0.5, 0.5)",20,0.4080559918335955,0.84
[4],0.15,0.01,0.002,0.1,0.9,tanh,sgd,0.0,32,he,"(-0.5, 0.5)",20,0.1437582108683193,1.0
[4],0.15,0.01,0.002,0.1,0.9,tanh,sgd,0.01,32,xavier,"(-0.5, 0.5)",20,0.11685345170256212,1.0
[4],0.15,0.01,0.002,0.1,0.9,tanh,sgd,0.01,32,he,"(-0.5, 0.5)",20,0.0786724927323716,1.0
[4],0.15,0.01,0.002,0.1,0.9,tanh,adam,0.0,32,xavier,"(-0.5, 0.5)",20,0.10675963999904062,1.0
[4],0.15,0.01,0.002,0.1,0.9,tanh,adam,0.0,32,he,"(-0.5, 0.5)",20,0.09176325520623994,1.0
[4],0.15,0.01,0.002,0.1,0.9,tanh,adam,0.01,32,xavier,"(-0.5, 0.5)",20,0.08090223592534636,1.0
[4],0.15,0.01,0.002,0.1,0.9,tanh,adam,0.01,32,he,"(-0.5, 0.5)",20,0.2363190330726456,0.92
[4],0.15,0.01,0.002,0.1,0.9,relu,sgd,0.0,32,xavier,"(-0.5, 0.5)",20,0.19114212880061052,1.0
[4],0.15,0.01,0.002,0.1,0.9,relu,sgd,0.0,32,he,"(-0.5, 0.5)",20,0.583077091440727,0.68
[4],0.15,0.01,0.002,0.1,0.9,relu,sgd,0.01,32,xavier,"(-0.5, 0.5)",20,0.6921453755205081,0.64
[4],0.15,0.01,0.002,0.1,0.9,relu,sgd,0.01,32,he,"(-0.5, 0.5)",20,0.1689927006928435,0.92
[4],0.15,0.01,0.002,0.1,0.9,relu,adam,0.0,32,xavier,"(-0.5, 0.5)",20,0.29238544148941925,0.88
[4],0.15,0.01,0.002,0.1,0.9,relu,adam,0.0,32,he,"(-0.5, 0.5)",20,0.2329505368449374,0.88
[4],0.15,0.01,0.002,0.1,0.9,relu,adam,0.01,32,xavier,"(-0.5, 0.5)",20,0.13596785017158883,0.92
[4],0.15,0.01,0.002,0.1,0.9,relu,adam,0.01,32,he,"(-0.5, 0.5)",20,0.1961162679203487,1.0
[4],0.15,0.01,0.002,0.2,0.8,tanh,sgd,0.0,32,xavier,"(-0.5, 0.5)",20,0.3594747306268002,0.92
[4],0.15,0.01,0.002,0.2,0.8,tanh,sgd,0.0,32,he,"(-0.5, 0.5)",20,0.19127898293406131,0.96
[4],0.15,0.01,0.002,0.2,0.8,tanh,sgd,0.01,32,xavier,"(-0.5, 0.5)",20,0.38651275088658077,0.88
[4],0.15,0.01,0.002,0.2,0.8,tanh,sgd,0.01,32,he,"(-0.5, 0.5)",20,0.15999196973070423,1.0
[4],0.15,0.01,0.002,0.2,0.8,tanh,adam,0.0,32,xavier,"(-0.5, 0.5)",20,0.2898591182222046,0.92
[4],0.15,0.01,0.002,0.2,0.8,tanh,adam,0.0,32,he,"(-0.5, 0.5)",20,0.10563589844363254,1.0
[4],0.15,0.01,0.002,0.2,0.8,tanh,adam,0.01,32,xavier,"(-0.5, 0.5)",20,0.1919651221780796,0.92
[4],0.15,0.01,0.002,0.2,0.8,tanh,adam,0.01,32,he,"(-0.5, 0.5)",20,0.21129206737458933,0.92
[4],0.15,0.01,0.002,0.2,0.8,relu,sgd,0.0,32,xavier,"(-0.5, 0.5)",20,0.4281358633805641,0.8
[4],0.15,0.01,0.002,0.2,0.8,relu,sgd,0.0,32,he,"(-0.5, 0.5)",20,0.23823692237251654,0.96
[4],0.15,0.01,0.002,0.2,0.8,relu,sgd,0.01,32,xavier,"(-0.5, 0.5)",20,0.3614900134770964,0.92
[4],0.15,0.01,0.002,0.2,0.8,relu,sgd,0.01,32,he,"(-0.5, 0.5)",20,0.6712014901985117,0.68
[4],0.15,0.01,0.002,0.2,0.8,relu,adam,0.0,32,xavier,"(-0.5, 0.5)",20,0.18930020642722167,1.0
[4],0.15,0.01,0.002,0.2,0.8,relu,adam,0.0,32,he,"(-0.5, 0.5)",20,0.25443290715995054,0.92
[4],0.15,0.01,0.002,0.2,0.8,relu,adam,0.01,32,xavier,"(-0.5, 0.5)",20,0.20044203382424772,0.96
[4],0.15,0.01,0.002,0.2,0.8,relu,adam,0.01,32,he,"(-0.5, 0.5)",20,0.20476257067514977,0.96
[4],0.15,0.01,0.002,0.2,0.9,tanh,sgd,0.0,32,xavier,"(-0.5, 0.5)",20,0.1626981960277546,0.96
[4],0.15,0.01,0.002,0.2,0.9,tanh,sgd,0.0,32,he,"(-0.5, 0.5)",20,0.11875000813945329,1.0
[4],0.15,0.01,0.002,0.2,0.9,tanh,sgd,0.01,32,xavier,"(-0.5, 0.5)",20,0.384412139667406,0.88
[4],0.15,0.01,0.002,0.2,0.9,tanh,sgd,0.01,32,he,"(-0.5, 0.5)",20,0.10056480982629039,1.0
[4],0.15,0.01,0.002,0.2,0.9,tanh,adam,0.0,32,xavier,"(-0.5, 0.5)",20,0.259798488653198,0.92
[4],0.15,0.01,0.002,0.2,0.9,tanh,adam,0.0,32,he,"(-0.5, 0.5)",20,0.1357051182515465,1.0
[4],0.15,0.01,0.002,0.2,0.9,tanh,adam,0.01,32,xavier,"(-0.5, 0.5)",20,0.27694846287982794,0.88
[4],0.15,0.01,0.002,0.2,0.9,tanh,adam,0.01,32,he,"(-0.5, 0.5)",20,0.10016377635995909,1.0
[4],0.15,0.01,0.002,0.2,0.9,relu,sgd,0.0,32,xavier,"(-0.5, 0.5)",20,0.41026642612468883,0.76
[4],0.15,0.01,0.002,0.2,0.9,relu,sgd,0.0,32,he,"(-0.5, 0.5)",20,0.42291517547294405,0.88
[4],0.15,0.01,0.002,0.2,0.9,relu,sgd,0.01,32,xavier,"(-0.5, 0.5)",20,0.29313783743787364,0.76
[4],0.15,0.01,0.002,0.2,0.9,relu,sgd,0.01,32,he,"(-0.5, 0.5)",20,0.31664775386739386,0.92
[4],0.15,0.01,0.002,0.2,0.9,relu,adam,0.0,32,xavier,"(-0.5, 0.5)",20,0.3396997023175937,0.92
[4],0.15,0.01,0.002,0.2,0.9,relu,adam,0.0,32,he,"(-0.5, 0.5)",20,0.358799025167937,0.88
[4],0.15,0.01,0.002,0.2,0.9,relu,adam,0.01,32,xavier,"(-0.5, 0.5)",20,0.27000295158548687,0.92
[4],0.15,0.01,0.002,0.2,0.9,relu,adam,0.01,32,he,"(-0.5, 0.5)",20,0.34018761874473824,0.8
[5],0.01,0.0,0.0,0.0,0.8,tanh,sgd,0.0,32,xavier,"(-0.5, 0.5)",20,0.6026936768576971,0.52
[5],0.01,0.0,0.0,0.0,0.8,tanh,sgd,0.0,32,he,"(-0.5, 0.5)",20,0.5762535021189333,0.76
[5],0.01,0.0,0.0,0.0,0.8,tanh,sgd,0.01,32,xavier,"(-0.5, 0.5)",20,0.5450445588843817,0.72
[5],0.01,0.0,0.0,0.0,0.8,tanh,sgd,0.01,32,he,"(-0.5, 0.5)",20,0.6032804422352832,0.72
[5],0.01,0.0,0.0,0.0,0.8,tanh,adam,0.0,32,xavier,"(-0.5, 0.5)",20,0.3555242282617615,0.8
[5],0.01,0.0,0.0,0.0,0.8,tanh,adam,0.0,32,he,"(-0.5, 0.5)",20,0.4062470451355871,0.88
[5],0.01,0.0,0.0,0.0,0.8,tanh,adam,0.01,32,xavier,"(-0.5, 0.5)",20,0.4234955578873798,0.8
[5],0.01,0.0,0.0,0.0,0.8,tanh,adam,0.01,32,he,"(-0.5, 0.5)",20,0.46227024252892773,0.76
[5],0.01,0.0,0.0,0.0,0.8,relu,sgd,0.0,32,xavier,"(-0.5, 0.5)",20,0.6196984940373007,0.72
[5],0.01,0.0,0.0,0.0,0.8,relu,sgd,0.0,32,he,"(-0.5, 0.5)",20,0.6457175105266892,0.64
[5],0.01,0.0,0.0,0.0,0.8,relu,sgd,0.01,32,xavier,"(-0.5, 0.5)",20,0.6734888875169112,0.6
[5],0.01,0.0,0.0,0.0,0.8,relu,sgd,0.01,32,he,"(-0.5, 0.5)",20,0.504548768013801,0.76
[5],0.01,0.0,0.0,0.0,0.8,relu,adam,0.0,32,xavier,"(-0.5, 0.5)",20,0.2867965740693882,0.84
[5],0.01,0.0,0.0,0.0,0.8,relu,adam,0.0,32,he,"(-0.5, 0.5)",20,0.07256223643818935,1.0
[5],0.01,0.0,0.0,0.0,0.8,relu,adam,0.01,32,xavier,"(-0.5, 0.5)",20,0.3938983876643749,0.84
[5],0.01,0.0,0.0,0.0,0.8,relu,adam,0.01,32,he,"(-0.5, 0.5)",20,0.3534358541710059,0.84
[5],0.01,0.0,0.0,0.0,0.9,tanh,sgd,0.0,32,xavier,"(-0.5, 0.5)",20,0.5155937988623537,0.8
[5],0.01,0.0,0.0,0.0,0.9,tanh,sgd,0.0,32,he,"(-0.5, 0.5)",20,0.5023431961433379,0.8
[5],0.01,0.0,0.0,0.0,0.9,tanh,sgd,0.01,32,xavier,"(-0.5, 0.5)",20,0.5200007524211874,0.88
[5],0.01,0.0,0.0,0.0,0.9,tanh,sgd,0.01,32,he,"(-0.5, 0.5)",20,0.5503805111335399,0.6
[5],0.01,0.0,0.0,0.0,0.9,tanh,adam,0.0,32,xavier,"(-0.5, 0.5)",20,0.4723160805911531,0.76
[5],0.01,0.0,0.0,0.0,0.9,tanh,adam,0.0,32,he,"(-0.5, 0.5)",20,0.34495097098775424,0.8
[5],0.01,0.0,0.0,0.0,0.9,tanh,adam,0.01,32,xavier,"(-0.5, 0.5)",20,0.4407196075480283,0.76
[5],0.01,0.0,0.0,0.0,0.9,tanh,adam,0.01,32,he,"(-0.5, 0.5)",20,0.42082557945653215,0.8
[5],0.01,0.0,0.0,0.0,0.9,relu,sgd,0.0,32,xavier,"(-0.5, 0.5)",20,0.526020918636556,0.72
[5],0.01,0.0,0.0,0.0,0.9,relu,sgd,0.0,32,he,"(-0.5, 0.5)",20,0.42178299523745083,0.88
[5],0.01,0.0,0.0,0.0,0.9,relu,sgd,0.01,32,xavier,"(-0.5, 0.5)",20,0.4115578558209272,0.88
[5],0.01,0.0,0.0,0.0,0.9,relu,sgd,0.01,32,he,"(-0.5, 0.5)",20,0.44473949843327015,0.8
[5],0.01,0.0,0.0,0.0,0.9,relu,adam,0.0,32,xavier,"(-0.5, 0.5)",20,0.3033889745935291,0.88
[5],0.01,0.0,0.0,0.0,0.9,relu,adam,0.0,32,he,"(-0.5, 0.5)",20,0.3041938691938595,0.88
[5],0.01,0.0,0.0,0.0,0.9,relu,adam,0.01,32,xavier,"(-0.5, 0.5)",20,0.19840536812970413,0.96
[5],0.01,0.0,0.0,0.0,0.9,relu,adam,0.01,32,he,"(-0.5, 0.5)",20,0.25272644389007853,0.96
[5],0.01,0.0,0.0,0.1,0.8,tanh,sgd,0.0,32,xavier,"(-0.5, 0.5)",20,0.5579941353181861,0.84
[5],0.01,0.0,0.0,0.1,0.8,tanh,sgd,0.0,32,he,"(-0.5, 0.5)",20,0.5390081950946982,0.8
[5],0.01,0.0,0.0,0.1,0.8,tanh,sgd,0.01,32,xavier,"(-0.5, 0.5)",20,0.6154994814108995,0.6
[5],0.01,0.0,0.0,0.1,0.8,tanh,sgd,0.01,32,he,"(-0.5, 0.5)",20,0.6459489997954065,0.72
[5],0.01,0.0,0.0,0.1,0.8,tanh,adam,0.0,32,xavier,"(-0.5, 0.5)",20,0.3683487005946588,0.84
[5],0.01,0.0,0.0,0.1,0.8,tanh,adam,0.0,32,he,"(-0.5, 0.5)",20,0.48539313049024974,0.8
[5],0.01,0.0,0.0,0.1,0.8,tanh,adam,0.01,32,xavier,"(-0.5, 0.5)",20,0.5078731417144118,0.72
[5],0.01,0.0,0.0,0.1,0.8,tanh,adam,0.01,32,he,"(-0.5, 0.5)",20,0.42855343835394044,0.84
[5],0.01,0.0,0.0,0.1,0.8,relu,sgd,0.0,32,xavier,"(-0.5, 0.5)",20,0.5620456781210005,0.76
[5],0.01,0.0,0.0,0.1,0.8,relu,sgd,0.0,32,he,"(-0.5, 0.5)",20,0.6040889605330493,0.76
[5],0.01,0.0,0.0,0.1,0.8,relu,sgd,0.01,32,xavier,"(-0.5, 0.5)",20,0.6738683208028625,0.44
[5],0.01,0.0,0.0,0.1,0.8,relu,sgd,0.01,32,he,"(-0.5, 0.5)",20,0.6951398049100287,0.4
[5],0.01,0.0,0.0,0.1,0.8,relu,adam,0.0,32,xavier,"(-0.5, 0.5)",20,0.22821099480879792,0.88
[5],0.01,0.0,0.0,0.1,0.8,relu,adam,0.0,32,he,"(-0.5, 0.5)",20,0.1850563470634063,0.88
[5],0.01,0.0,0.0,0.1,0.8,relu,adam,0.01,32,xavier,"(-0.5, 0.5)",20,0.46929356399231154,0.76
[5],0.01,0.0,0.0,0.1,0.8,relu,adam,0.01,32,he,"(-0.5, 0.5)",20,0.42489484110687953,0.84
[5],0.01,0.0,0.0,0.1,0.9,tanh,sgd,0.0,32,xavier,"(-0.5, 0.5)",20,0.5216914736238109,0.8
[5],0.01,0.0,0.0,0.1,0.9,tanh,sgd,0.0,32,he,"(-0.5, 0.5)",20,0.4712222222415856,0.8
[5],0.01,0.0,0.0,0.1,0.9,tanh,sgd,0.01,32,xavier,"(-0.5, 0.5)",20,0.5629415473775692,0.72
[5],0.01,0.0,0.0,0.1,0.9,tanh,sgd,0.01,32,he,"(-0.5, 0.5)",20,0.4910107506145399,0.88
[5],0.01,0.0,0.0,0.1,0.9,tanh,adam,0.0,32,xavier,"(-0.5, 0.5)",20,0.40827696796898477,0.8
[5],0.01,0.0,0.0,0.1,0.9,tanh,adam,0.0,32,he,"(-0.5, 0.5)",20,0.4540040736326377,0.8
[5],0.01,0.0,0.0,0.1,0.9,tanh,adam,0.01,32,xavier,"(-0.5, 0.5)",20,0.430929362077404,0.8
[5],0.01,0.0,0.0,0.1,0.9,tanh,adam,0.01,32,he,"(-0.5, 0.5)",20,0.45054537667478145,0.8
[5],0.01,0.0,0.0,0.1,0.9,relu,sgd,0.0,32,xavier,"(-0.5, 0.5)",20,0.5138952146128015,0.88
[5],0.01,0.0,0.0,0.1,0.9,relu,sgd,0.0,32,he,"(-0.5, 0.5)",20,0.3806061812657511,0.8
[5],0.01,0.0,0.0,0.1,0.9,relu,sgd,0.01,32,xavier,"(-0.5, 0.5)",20,0.4086734161415744,0.88
[5],0.01,0.0,0.0,0.1,0.9,relu,sgd,0.01,32,he,"(-0.5, 0.5)",20,0.4813701094814718,0.64
[5],0.01,0.0,0.0,0.1,0.9,relu,adam,0.0,32,xavier,"(-0.5, 0.5)",20,0.15375947023943737,0.92
[5],0.01,0.0,0.0,0.1,0.9,relu,adam,0.0,32,he,"(-0.5, 0.5)",20,0.24251225633739942,0.88
[5],0.01,0.0,0.0,0.1,0.9,relu,adam,0.01,32,xavier,"(-0.5, 0.5)",20,0.27684097971661237,0.96
[5],0.01,0.0,0.0,0.1,0.9,relu,adam,0.01,32,he,"(-0.5, 0.5)",20,0.3267251103655397,0.84
[5],0.01,0.0,0.0,0.2,0.8,tanh,sgd,0.0,32,xavier,"(-0.5, 0.5)",20,0.6332329455547655,0.72
[5],0.01,0.0,0.0,0.2,0.8,tanh,sgd,0.0,32,he,"(-0.5, 0.5)",20,0.56307805538053,0.84
[5],0.01,0.0,0.0,0.2,0.8,tanh,sgd,0.01,32,xavier,"(-0.5, 0.5)",20,0.6628238904128746,0.56
[5],0.01,0.0,0.0,0.2,0.8,tanh,sgd,0.01,32,he,"(-0.5, 0.5)",20,0.6711800959862013,0.48
[5],0.01,0.0,0.0,0.2,0.8,tanh,adam,0.0,32,xavier,"(-0.5, 0.5)",20,0.427516098360409,0.88
[5],0.01,0.0,0.0,0.2,0.8,tanh,adam,0.0,32,he,"(-0.5, 0.5)",20,0.38168664129328,0.88
[5],0.01,0.0,0.0,0.2,0.8,tanh,adam,0.01,32,xavier,"(-0.5, 0.5)",20,0.45076218665463513,0.88
[5],0.01,0.0,0.0,0.2,0.8,tanh,adam,0.01,32,he,"(-0.5, 0.5)",20,0.4630350597858222,0.72
[5],0.01,0.0,0.0,0.2,0.8,relu,sgd,0.0,32,xavier,"(-0.5, 0.5)",20,0.542923383992567,0.8
[5],0.01,0.0,0.0,0.2,0.8,relu,sgd,0.0,32,he,"(-0.5, 0.5)",20,0.5292992574559233,0.84
[5],0.01,0.0,0.0,0.2,0.8,relu,sgd,0.01,32,xavier,"(-0.5, 0.5)",20,0.6279261519732504,0.6
[5],0.01,0.0,0.0,0.2,0.8,relu,sgd,0.01,32,he,"(-0.5, 0.5)",20,0.6911793854858647,0.44
[5],0.01,0.0,0.0,0.2,0.8,relu,adam,0.0,32,xavier,"(-0.5, 0.5)",20,0.336010642632065,0.92
[5],0.01,0.0,0.0,0.2,0.8,relu,adam,0.0,32,he,"(-0.5, 0.5)",20,0.28322854626009714,0.88
[5],0.01,0.0,0.0,0.2,0.8,relu,adam,0.01,32,xavier,"(-0.5, 0.5)",20,0.5333589544856394,0.88
[5],0.01,0.0,0.0,0.2,0.8,relu,adam,0.01,32,he,"(-0.5, 0.5)",20,0.3086601055604998,0.88
[5],0.01,0.0,0.0,0.2,0.9,tanh,sgd,0.0,32,xavier,"(-0.5, 0.5)",20,0.5437646864148062,0.84
[5],0.01,0.0,0.0,0.2,0.9,tanh,sgd,0.0,32,he,"(-0.5, 0.5)",20,0.4920994993923348,0.8
[5],0.01,0.0,0.0,0.2,0.9,tanh,sgd,0.01,32,xavier,"(-0.5, 0.5)",20,0.5022986426609843,0.88
[5],0.01,0.0,0.0,0.2,0.9,tanh,sgd,0.01,32,he,"(-0.5, 0.5)",20,0.6727596878262279,0.6
[5],0.01,0.0,0.0,0.2,0.9,tanh,adam,0.0,32,xavier,"(-0.5, 0.5)",20,0.5122300363932984,0.8
[5],0.01,0.0,0.0,0.2,0.9,tanh,adam,0.0,32,he,"(-0.5, 0.5)",20,0.4542915732757155,0.8
[5],0.01,0.0,0.0,0.2,0.9,tanh,adam,0.01,32,xavier,"(-0.5, 0.5)",20,0.45970921310489793,0.84
[5],0.01,0.0,0.0,0.2,0.9,tanh,adam,0.01,32,he,"(-0.5, 0.5)",20,0.48045488674961,0.76
[5],0.01,0.0,0.0,0.2,0.9,relu,sgd,0.0,32,xavier,"(-0.5, 0.5)",20,0.52556644848073,0.72
[5],0.01,0.0,0.0,0.2,0.9,relu,sgd,0.0,32,he,"(-0.5, 0.5)",20,0.5402931128757512,0.8
[5],0.01,0.0,0.0,0.2,0.9,relu,sgd,0.01,32,xavier,"(-0.5, 0.5)",20,0.5013659749115906,0.8
[5],0.01,0.0,0.0,0.2,0.9,relu,sgd,0.01,32,he,"(-0.5, 0.5)",20,0.46714066666367615,0.72
[5],0.01,0.0,0.0,0.2,0.9,relu,adam,0.0,32,xavier,"(-0.5, 0.5)",20,0.3339096137358377,0.8
[5],0.01,0.0,0.0,0.2,0.9,relu,adam,0.0,32,he,"(-0.5, 0.5)",20,0.21242351426328657,0.92
[5],0.01,0.0,0.0,0.2,0.9,relu,adam,0.01,32,xavier,"(-0.5, 0.5)",20,0.3652716375095689,0.88
[5],0.01,0.0,0.0,0.2,0.9,relu,adam,0.01,32,he,"(-0.5, 0.5)",20,0.4047749576855813,0.8
[5],0.01,0.0,0.002,0.0,0.8,tanh,sgd,0.0,32,xavier,"(-0.5, 0.5)",20,0.5415378496281954,0.76
[5],0.01,0.0,0.002,0.0,0.8,tanh,sgd,0.0,32,he,"(-0.5, 0.5)",20,0.5769322877411522,0.76
[5],0.01,0.0,0.002,0.0,0.8,tanh,sgd,0.01,32,xavier,"(-0.5, 0.5)",20,0.5797090121049191,0.72
[5],0.01,0.0,0.002,0.0,0.8,tanh,sgd,0.01,32,he,"(-0.5, 0.5)",20,0.5477205334401042,0.68
[5],0.01,0.0,0.002,0.0,0.8,tanh,adam,0.0,32,xavier,"(-0.5, 0.5)",20,0.4217842446189779,0.8
[5],0.01,0.0,0.002,0.0,0.8,tanh,adam,0.0,32,he,"(-0.5, 0.5)",20,0.38486723193364464,0.88
[5],0.01,0.0,0.002,0.0,0.8,tanh,adam,0.01,32,xavier,"(-0.5, 0.5)",20,0.44455686764416813,0.8
[5],0.01,0.0,0.002,0.0,0.8,tanh,adam,0.01,32,he,"(-0.5, 0.5)",20,0.39727546428922245,0.88
[5],0.01,0.0,0.002,0.0,0.8,relu,sgd,0.0,32,xavier,"(-0.5, 0.5)",20,0.4992802983866467,0.8
[5],0.01,0.0,0.002,0.0,0.8,relu,sgd,0.0,32,he,"(-0.5, 0.5)",20,0.6327138988266765,0.64
[5],0.01,0.0,0.002,0.0,0.8,relu,sgd,0.01,32,xavier,"(-0.5, 0.5)",20,0.5626985476017088,0.72
[5],0.01,0.0,0.002,0.0,0.8,relu,sgd,0.01,32,he,"(-0.5, 0.5)",20,0.5949937172624683,0.56
[5],0.01,0.0,0.002,0.0,0.8,relu,adam,0.0,32,xavier,"(-0.5, 0.5)",20,0.17410290439850878,1.0
[5],0.01,0.0,0.002,0.0,0.8,relu,adam,0.0,32,he,"(-0.5, 0.5)",20,0.34685395612657116,0.92
[5],0.01,0.0,0.002,0.0,0.8,relu,adam,0.01,32,xavier,"(-0.5, 0.5)",20,0.43518425455792403,0.76
[5],0.01,0.0,0.002,0.0,0.8,relu,adam,0.01,32,he,"(-0.5, 0.5)",20,0.31698969682086614,0.84
[5],0.01,0.0,0.002,0.0,0.9,tanh,sgd,0.0,32,xavier,"(-0.5, 0.5)",20,0.4738590461207327,0.8
[5],0.01,0.0,0.002,0.0,0.9,tanh,sgd,0.0,32,he,"(-0.5, 0.5)",20,0.4837884981750712,0.84
[5],0.01,0.0,0.002,0.0,0.9,tanh,sgd,0.01,32,xavier,"(-0.5, 0.5)",20,0.4831464403720265,0.8
[5],0.01,0.0,0.002,0.0,0.9,tanh,sgd,0.01,32,he,"(-0.5, 0.5)",20,0.5162760045255393,0.8
[5],0.01,0.0,0.002,0.0,0.9,tanh,adam,0.0,32,xavier,"(-0.5, 0.5)",20,0.47751904853720967,0.76
[5],0.01,0.0,0.002,0.0,0.9,tanh,adam,0.0,32,he,"(-0.5, 0.5)",20,0.407702996779048,0.88
[5],0.01,0.0,0.002,0.0,0.9,tanh,adam,0.01,32,xavier,"(-0.5, 0.5)",20,0.43959976851445737,0.84
[5],0.01,0.0,0.002,0.0,0.9,tanh,adam,0.01,32,he,"(-0.5, 0.5)",20,0.4821909825414891,0.8
[5],0.01,0.0,0.002,0.0,0.9,relu,sgd,0.0,32,xavier,"(-0.5, 0.5)",20,0.5523316964071365,0.76
[5],0.01,0.0,0.002,0.0,0.9,relu,sgd,0.0,32,he,"(-0.5, 0.5)",20,0.5822309277167854,0.68
[5],0.01,0.0,0.002,0.0,0.9,relu,sgd,0.01,32,xavier,"(-0.5, 0.5)",20,0.5914048800348012,0.72
[5],0.01,0.0,0.002,0.0,0.9,relu,sgd,0.01,32,he,"(-0.5, 0.5)",20,0.5568677127943782,0.72
[5],0.01,0.0,0.002,0.0,0.9,relu,adam,0.0,32,xavier,"(-0.5, 0.5)",20,0.1850983208860667,0.92
[5],0.01,0.0,0.002,0.0,0.9,relu,adam,0.0,32,he,"(-0.5, 0.5)",20,0.13714065649444396,0.96
[5],0.01,0.0,0.002,0.0,0.9,relu,adam,0.01,32,xavier,"(-0.5, 0.5)",20,0.41267461599511124,0.88
[5],0.01,0.0,0.002,0.0,0.9,relu,adam,0.01,32,he,"(-0.5, 0.5)",20,0.47699343341921163,0.76
[5],0.01,0.0,0.002,0.1,0.8,tanh,sgd,0.0,32,xavier,"(-0.5, 0.5)",20,0.5455447663495135,0.76
[5],0.01,0.0,0.002,0.1,0.8,tanh,sgd,0.0,32,he,"(-0.5, 0.5)",20,0.5410561467135977,0.72
[5],0.01,0.0,0.002,0.1,0.8,tanh,sgd,0.01,32,xavier,"(-0.5, 0.5)",20,0.5920476399600901,0.64
[5],0.01,0.0,0.002,0.1,0.8,tanh,sgd,0.01,32,he,"(-0.5, 0.5)",20,0.6773532934832294,0.56
[5],0.01,0.0,0.002,0.1,0.8,tanh,adam,0.0,32,xavier,"(-0.5, 0.5)",20,0.500776884906652,0.8
[5],0.01,0.0,0.002,0.1,0.8,tanh,adam,0.0,32,he,"(-0.5, 0.5)",20,0.4286685062391479,0.84
[5],0.01,0.0,0.002,0.1,0.8,tanh,adam,0.01,32,xavier,"(-0.5, 0.5)",20,0.3586258970139456,0.8
[5],0.01,0.0,0.002,0.1,0.8,tanh,adam,0.01,32,he,"(-0.5, 0.5)",20,0.5425854380466069,0.68
[5],0.01,0.0,0.002,0.1,0.8,relu,sgd,0.0,32,xavier,"(-0.5, 0.5)",20,0.6249998821579286,0.6
[5],0.01,0.0,0.002,0.1,0.8,relu,sgd,0.0,32,he,"(-0.5, 0.5)",20,0.658290787196685,0.52
[5],0.01,0.0,0.002,0.1,0.8,relu,sgd,0.01,32,xavier,"(-0.5, 0.5)",20,0.6507714110023118,0.56
[5],0.01,0.0,0.002,0.1,0.8,relu,sgd,0.01,32,he,"(-0.5, 0.5)",20,0.6378763856517021,0.68
[5],0.01,0.0,0.002,0.1,0.8,relu,adam,0.0,32,xavier,"(-0.5, 0.5)",20,0.3479561087714401,0.84
[5],0.01,0.0,0.002,0.1,0.8,relu,adam,0.0,32,he,"(-0.5, 0.5)",20,0.29670038196055026,0.88
[5],0.01,0.0,0.002,0.1,0.8,relu,adam,0.01,32,xavier,"(-0.5, 0.5)",20,0.3000391930272243,0.88
[5],0.01,0.0,0.002,0.1,0.8,relu,adam,0.01,32,he,"(-0.5, 0.5)",20,0.36832256200254965,0.84
[5],0.01,0.0,0.002,0.1,0.9,tanh,sgd,0.0,32,xavier,"(-0.5, 0.5)",20,0.5529597975714061,0.64
[5],0.01,0.0,0.002,0.1,0.9,tanh,sgd,0.0,32,he,"(-0.5, 0.5)",20,0.44203119951884534,0.8
[5],0.01,0.0,0.002,0.1,0.9,tanh,sgd,0.01,32,xavier,"(-0.5, 0.5)",20,0.5514617917659368,0.76
[5],0.01,0.0,0.002,0.1,0.9,tanh,sgd,0.01,32,he,"(-0.5, 0.5)",20,0.501500980034956,0.8
[5],0.01,0.0,0.002,0.1,0.9,tanh,adam,0.0,32,xavier,"(-0.5, 0.5)",20,0.4744151302450757,0.76
[5],0.01,0.0,0.002,0.1,0.9,tanh,adam,0.0,32,he,"(-0.5, 0.5)",20,0.4981024459074352,0.8
[5],0.01,0.0,0.002,0.1,0.9,tanh,adam,0.01,32,xavier,"(-0.5, 0.5)",20,0.47490257350791104,0.8
[5],0.01,0.0,0.002,0.1,0.9,tanh,adam,0.01,32,he,"(-0.5, 0.5)",20,0.522997785769732,0.72
[5],0.01,0.0,0.002,0.1,0.9,relu,sgd,0.0,32,xavier,"(-0.5, 0.5)",20,0.5474126047664413,0.84
[5],0.01,0.0,0.002,0.1,0.9,relu,sgd,0.0,32,he,"(-0.5, 0.5)",20,0.44678695341252733,0.8
[5],0.01,0.0,0.002,0.1,0.9,relu,sgd,0.01,32,xavier,"(-0.5, 0.5)",20,0.6951753124871464,0.56
[5],0.01,0.0,0.002,0.1,0.9,relu,sgd,0.01,32,he,"(-0.5, 0.5)",20,0.5836373795429778,0.64
[5],0.01,0.0,0.002,0.1,0.9,relu,adam,0.0,32,xavier,"(-0.5, 0.5)",20,0.2285900726333011,0.96
[5],0.01,0.0,0.002,0.1,0.9,relu,adam,0.0,32,he,"(-0.5, 0.5)",20,0.20707043612931217,0.92
[5],0.01,0.0,0.002,0.1,0.9,relu,adam,0.01,32,xavier,"(-0.5, 0.5)",20,0.2486038091410213,0.96
[5],0.01,0.0,0.002,0.1,0.9,relu,adam,0.01,32,he,"(-0.5, 0.5)",20,0.46453244536543076,0.76
[5],0.01,0.0,0.002,0.2,0.8,tanh,sgd,0.0,32,xavier,"(-0.5, 0.5)",20,0.6309600621171739,0.64
[5],0.01,0.0,0.002,0.2,0.8,tanh,sgd,0.0,32,he,"(-0.5, 0.5)",20,0.5175844478952568,0.72
[5],0.01,0.0,0.002,0.2,0.8,tanh,sgd,0.01,32,xavier,"(-0.5, 0.5)",20,0.5766537354422553,0.72
[5],0.01,0.0,0.002,0.2,0.8,tanh,sgd,0.01,32,he,"(-0.5, 0.5)",20,0.5347142930211473,0.76
[5],0.01,0.0,0.002,0.2,0.8,tanh,adam,0.0,32,xavier,"(-0.5, 0.5)",20,0.38530408264408117,0.84
[5],0.01,0.0,0.002,0.2,0.8,tanh,adam,0.0,32,he,"(-0.5, 0.5)",20,0.4075805413033003,0.88
[5],0.01,0.0,0.002,0.2,0.8,tanh,adam,0.01,32,xavier,"(-0.5, 0.5)",20,0.45435683752773487,0.8
[5],0.01,0.0,0.002,0.2,0.8,tanh,adam,0.01,32,he,"(-0.5, 0.5)",20,0.43474549720992073,0.84
[5],0.01,0.0,0.002,0.2,0.8,relu,sgd,0.0,32,xavier,"(-0.5, 0.5)",20,0.5963214015535874,0.64
[5],0.01,0.0,0.002,0.2,0.8,relu,sgd,0.0,32,he,"(-0.5, 0.5)",20,0.6409935286360408,0.56
[5],0.01,0.0,0.002,0.2,0.8,relu,sgd,0.01,32,xavier,"(-0.5, 0.5)",20,0.6047058834783896,0.76
[5],0.01,0.0,0.002,0.2,0.8,relu,sgd,0.01,32,he,"(-0.5, 0.5)",20,0.7191942961009689,0.24
[5],0.01,0.0,0.002,0.2,0.8,relu,adam,0.0,32,xavier,"(-0.5, 0.5)",20,0.347927503404791,0.8
[5],0.01,0.0,0.002,0.2,0.8,relu,adam,0.0,32,he,"(-0.5, 0.5)",20,0.4131415402639747,0.84
[5],0.01,0.0,0.002,0.2,0.8,relu,adam,0.01,32,xavier,"(-0.5, 0.5)",20,0.3479738138589759,0.88
[5],0.01,0.0,0.002,0.2,0.8,relu,adam,0.01,32,he,"(-0.5, 0.5)",20,0.28785724581471084,0.96
[5],0.01,0.0,0.002,0.2,0.9,tanh,sgd,0.0,32,xavier,"(-0.5, 0.5)",20,0.5068840179332722,0.84
[5],0.01,0.0,0.002,0.2,0.9,tanh,sgd,0.0,32,he,"(-0.5, 0.5)",20,0.4762177460327106,0.8
[5],0.01,0.0,0.002,0.2,0.9,tanh,sgd,0.01,32,xavier,"(-0.5, 0.5)",20,0.49828623953304557,0.84
[5],0.01,0.0,0.002,0.2,0.9,tanh,sgd,0.01,32,he,"(-0.5, 0.5)",20,0.5080969433273083,0.8
[5],0.01,0.0,0.002,0.2,0.9,tanh,adam,0.0,32,xavier,"(-0.5, 0.5)",20,0.4568763525132992,0.8
[5],0.01,0.0,0.002,0.2,0.9,tanh,adam,0.0,32,he,"(-0.5, 0.5)",20,0.4815715360463319,0.76
[5],0.01,0.0,0.002,0.2,0.9,tanh,adam,0.01,32,xavier,"(-0.5, 0.5)",20,0.47561528329422764,0.8
[5],0.01,0.0,0.002,0.2,0.9,tanh,adam,0.01,32,he,"(-0.5, 0.5)",20,0.46979405572802346,0.8
[5],0.01,0.0,0.002,0.2,0.9,relu,sgd,0.0,32,xavier,"(-0.5, 0.5)",20,0.43960452464470284,0.84
[5],0.01,0.0,0.002,0.2,0.9,relu,sgd,0.0,32,he,"(-0.5, 0.5)",20,0.5755902248156081,0.64
[5],0.01,0.0,0.002,0.2,0.9,relu,sgd,0.01,32,xavier,"(-0.5, 0.5)",20,0.5514486847551988,0.76
[5],0.01,0.0,0.002,0.2,0.9,relu,sgd,0.01,32,he,"(-0.5, 0.5)",20,0.5204570673584036,0.72
[5],0.01,0.0,0.002,0.2,0.9,relu,adam,0.0,32,xavier,"(-0.5, 0.5)",20,0.357786410054314,0.88
[5],0.01,0.0,0.002,0.2,0.9,relu,adam,0.0,32,he,"(-0.5, 0.5)",20,0.29018419307974236,0.92
[5],0.01,0.0,0.002,0.2,0.9,relu,adam,0.01,32,xavier,"(-0.5, 0.5)",20,0.3715685867090705,0.8
[5],0.01,0.0,0.002,0.2,0.9,relu,adam,0.01,32,he,"(-0.5, 0.5)",20,0.2922294977005541,0.92
[5],0.01,0.005,0.0,0.0,0.8,tanh,sgd,0.0,32,xavier,"(-0.5, 0.5)",20,0.5610221430752242,0.76
[5],0.01,0.005,0.0,0.0,0.8,tanh,sgd,0.0,32,he,"(-0.5, 0.5)",20,0.603400456872376,0.64
[5],0.01,0.005,0.0,0.0,0.8,tanh,sgd,0.01,32,xavier,"(-0.5, 0.5)",20,0.5534172279354924,0.84
[5],0.01,0.005,0.0,0.0,0.8,tanh,sgd,0.01,32,he,"(-0.5, 0.5)",20,0.6251057628507417,0.64
[5],0.01,0.005,0.0,0.0,0.8,tanh,adam,0.0,32,xavier,"(-0.5, 0.5)",20,0.4311143362141228,0.88
[5],0.01,0.005,0.0,0.0,0.8,tanh,adam,0.0,32,he,"(-0.5, 0.5)",20,0.45596662580401054,0.84
[5],0.01,0.005,0.0,0.0,0.8,tanh,adam,0.01,32,xavier,"(-0.5, 0.5)",20,0.49115029598083615,0.8
[5],0.01,0.005,0.0,0.0,0.8,tanh,adam,0.01,32,he,"(-0.5, 0.5)",20,0.36219811934459056,0.8
[5],0.01,0.005,0.0,0.0,0.8,relu,sgd,0.0,32,xavier,"(-0.5, 0.5)",20,0.6149971068577865,0.68
[5],0.01,0.005,0.0,0.0,0.8,relu,sgd,0.0,32,he,"(-0.5, 0.5)",20,0.6256742542092829,0.8
[5],0.01,0.005,0.0,0.0,0.8,relu,sgd,0.01,32,xavier,"(-0.5, 0.5)",20,0.6657841770770454,0.56
[5],0.01,0.005,0.0,0.0,0.8,relu,sgd,0.01,32,he,"(-0.5, 0.5)",20,0.5963336190053552,0.72
[5],0.01,0.005,0.0,0.0,0.8,relu,adam,0.0,32,xavier,"(-0.5, 0.5)",20,0.24296297556284155,0.92
[5],0.01,0.005,0.0,0.0,0.8,relu,adam,0.0,32,he,"(-0.5, 0.5)",20,0.45145361431854475,0.8
[5],0.01,0.005,0.0,0.0,0.8,relu,adam,0.01,32,xavier,"(-0.5, 0.5)",20,0.41168619370569215,0.8
[5],0.01,0.005,0.0,0.0,0.8,relu,adam,0.01,32,he,"(-0.5, 0.5)",20,0.15197347822371923,0.96
[5],0.01,0.005,0.0,0.0,0.9,tanh,sgd,0.0,32,xavier,"(-0.5, 0.5)",20,0.5371841561958345,0.8
[5],0.01,0.005,0.0,0.0,0.9,tanh,sgd,0.0,32,he,"(-0.5, 0.5)",20,0.48612627941752606,0.84
[5],0.01,0.005,0.0,0.0,0.9,tanh,sgd,0.01,32,xavier,"(-0.5, 0.5)",20,0.5105358466501088,0.84
[5],0.01,0.005,0.0,0.0,0.9,tanh,sgd,0.01,32,he,"(-0.5, 0.5)",20,0.5240067255407507,0.8
[5],0.01,0.005,0.0,0.0,0.9,tanh,adam,0.0,32,xavier,"(-0.5, 0.5)",20,0.4797480528819028,0.84
[5],0.01,0.005,0.0,0.0,0.9,tanh,adam,0.0,32,he,"(-0.5, 0.5)",20,0.46250095602578023,0.8
[5],0.01,0.005,0.0,0.0,0.9,tanh,adam,0.01,32,xavier,"(-0.5, 0.5)",20,0.48708632948490277,0.8
[5],0.01,0.005,0.0,0.0,0.9,tanh,adam,0.01,32,he,"(-0.5, 0.5)",20,0.41406138477438953,0.84
[5],0.01,0.005,0.0,0.0,0.9,relu,sgd,0.0,32,xavier,"(-0.5, 0.5)",20,0.5602178618269646,0.76
[5],0.01,0.005,0.0,0.0,0.9,relu,sgd,0.0,32,he,"(-0.5, 0.5)",20,0.5498536266852723,0.72
[5],0.01,0.005,0.0,0.0,0.9,relu,sgd,0.01,32,xavier,"(-0.5, 0.5)",20,0.45063829001164857,0.76
[5],0.01,0.005,0.0,0.0,0.9,relu,sgd,0.01,32,he,"(-0.5, 0.5)",20,0.6832065312650131,0.44
[5],0.01,0.005,0.0,0.0,0.9,relu,adam,0.0,32,xavier,"(-0.5, 0.5)",20,0.31021121298406423,0.92
[5],0.01,0.005,0.0,0.0,0.9,relu,adam,0.0,32,he,"(-0.5, 0.5)",20,0.2902689105741652,0.88
[5],0.01,0.005,0.0,0.0,0.9,relu,adam,0.01,32,xavier,"(-0.5, 0.5)",20,0.23521457087688155,0.88
[5],0.01,0.005,0.0,0.0,0.9,relu,adam,0.01,32,he,"(-0.5, 0.5)",20,0.4718458146055235,0.84
[5],0.01,0.005,0.0,0.1,0.8,tanh,sgd,0.0,32,xavier,"(-0.5, 0.5)",20,0.6033199294110301,0.6
[5],0.01,0.005,0.0,0.1,0.8,tanh,sgd,0.0,32,he,"(-0.5, 0.5)",20,0.5909873695781794,0.84
[5],0.01,0.005,0.0,0.1,0.8,tanh,sgd,0.01,32,xavier,"(-0.5, 0.5)",20,0.6388727947958112,0.6
[5],0.01,0.005,0.0,0.1,0.8,tanh,sgd,0.01,32,he,"(-0.5, 0.5)",20,0.6104055443740751,0.72
[5],0.01,0.005,0.0,0.1,0.8,tanh,adam,0.0,32,xavier,"(-0.5, 0.5)",20,0.3921503176472878,0.84
[5],0.01,0.005,0.0,0.1,0.8,tanh,adam,0.0,32,he,"(-0.5, 0.5)",20,0.4145103472744774,0.8
[5],0.01,0.005,0.0,0.1,0.8,tanh,adam,0.01,32,xavier,"(-0.5, 0.5)",20,0.4602160132240883,0.8
[5],0.01,0.005,0.0,0.1,0.8,tanh,adam,0.01,32,he,"(-0.5, 0.5)",20,0.43701097055209615,0.8
[5],0.01,0.005,0.0,0.1,0.8,relu,sgd,0.0,32,xavier,"(-0.5, 0.5)",20,0.5886250700625065,0.68
[5],0.01,0.005,0.0,0.1,0.8,relu,sgd,0.0,32,he,"(-0.5, 0.5)",20,0.6472673394532941,0.56
[5],0.01,0.005,0.0,0.1,0.8,relu,sgd,0.01,32,xavier,"(-0.5, 0.5)",20,0.5834949645741959,0.8
[5],0.01,0.005,0.0,0.1,0.8,relu,sgd,0.01,32,he,"(-0.5, 0.5)",20,0.6522805049008549,0.6
[5],0.01,0.005,0.0,0.1,0.8,relu,adam,0.0,32,xavier,"(-0.5, 0.5)",20,0.5182825038464776,0.76
[5],0.01,0.005,0.0,0.1,0.8,relu,adam,0.0,32,he,"(-0.5, 0.5)",20,0.48153467934067845,0.72
[5],0.01,0.005,0.0,0.1,0.8,relu,adam,0.01,32,xavier,"(-0.5, 0.5)",20,0.4186606097334292,0.8
[5],0.01,0.005,0.0,0.1,0.8,relu,adam,0.01,32,he,"(-0.5, 0.5)",20,0.3081343306817808,0.88
[5],0.01,0.005,0.0,0.1,0.9,tanh,sgd,0.0,32,xavier,"(-0.5, 0.5)",20,0.5366022666690331,0.8
[5],0.01,0.005,0.0,0.1,0.9,tanh,sgd,0.0,32,he,"(-0.5, 0.5)",20,0.6258997159448715,0.68
[5],0.01,0.005,0.0,0.1,0.9,tanh,sgd,0.01,32,xavier,"(-0.5, 0.5)",20,0.5256173133591185,0.76
[5],0.01,0.005,0.0,0.1,0.9,tanh,sgd,0.01,32,he,"(-0.5, 0.5)",20,0.46278592778816907,0.8
[5],0.01,0.005,0.0,0.1,0.9,tanh,adam,0.0,32,xavier,"(-0.5, 0.5)",20,0.4630001660834655,0.8
[5],0.01,0.005,0.0,0.1,0.9,tanh,adam,0.0,32,he,"(-0.5, 0.5)",20,0.4941727603629703,0.8
[5],0.01,0.005,0.0,0.1,0.9,tanh,adam,0.01,32,xavier,"(-0.5, 0.5)",20,0.44725885508446817,0.76
[5],0.01,0.005,0.0,0.1,0.9,tanh,adam,0.01,32,he,"(-0.5, 0.5)",20,0.5043969025427262,0.76
[5],0.01,0.005,0.0,0.1,0.9,relu,sgd,0.0,32,xavier,"(-0.5, 0.5)",20,0.5021183004511355,0.72
[5],0.01,0.005,0.0,0.1,0.9,relu,sgd,0.0,32,he,"(-0.5, 0.5)",20,0.38283055824861983,0.8
[5],0.01,0.005,0.0,0.1,0.9,relu,sgd,0.01,32,xavier,"(-0.5, 0.5)",20,0.5235553523462159,0.72
[5],0.01,0.005,0.0,0.1,0.9,relu,sgd,0.01,32,he,"(-0.5, 0.5)",20,0.516928626207288,0.76
[5],0.01,0.005,0.0,0.1,0.9,relu,adam,0.0,32,xavier,"(-0.5, 0.5)",20,0.3312492121785244,0.88
[5],0.01,0.005,0.0,0.1,0.9,relu,adam,0.0,32,he,"(-0.5, 0.5)",20,0.4126364203771806,0.8
[5],0.01,0.005,0.0,0.1,0.9,relu,adam,0.01,32,xavier,"(-0.5, 0.5)",20,0.3819027830792839,0.88
[5],0.01,0.005,0.0,0.1,0.9,relu,adam,0.01,32,he,"(-0.5, 0.5)",20,0.3463133458695782,0.8
[5],0.01,0.005,0.0,0.2,0.8,tanh,sgd,0.0,32,xavier,"(-0.5, 0.5)",20,0.5414793631004898,0.72
[5],0.01,0.005,0.0,0.2,0.8,tanh,sgd,0.0,32,he,"(-0.5, 0.5)",20,0.6374653201758135,0.56
[5],0.01,0.005,0.0,0.2,0.8,tanh,sgd,0.01,32,xavier,"(-0.5, 0.5)",20,0.6444688641331894,0.6
[5],0.01,0.005,0.0,0.2,0.8,tanh,sgd,0.01,32,he,"(-0.5, 0.5)",20,0.5758456062709553,0.76
[5],0.01,0.005,0.0,0.2,0.8,tanh,adam,0.0,32,xavier,"(-0.5, 0.5)",20,0.5083801665623011,0.76
[5],0.01,0.005,0.0,0.2,0.8,tanh,adam,0.0,32,he,"(-0.5, 0.5)",20,0.4491072505108333,0.84
[5],0.01,0.005,0.0,0.2,0.8,tanh,adam,0.01,32,xavier,"(-0.5, 0.5)",20,0.5098260270468312,0.88
[5],0.01,0.005,0.0,0.2,0.8,tanh,adam,0.01,32,he,"(-0.5, 0.5)",20,0.48371793521202755,0.84
[5],0.01,0.005,0.0,0.2,0.8,relu,sgd,0.0,32,xavier,"(-0.5, 0.5)",20,0.5317382599561713,0.8
[5],0.01,0.005,0.0,0.2,0.8,relu,sgd,0.0,32,he,"(-0.5, 0.5)",20,0.563466172741935,0.64
[5],0.01,0.005,0.0,0.2,0.8,relu,sgd,0.01,32,xavier,"(-0.5, 0.5)",20,0.6588908643740321,0.6
[5],0.01,0.005,0.0,0.2,0.8,relu,sgd,0.01,32,he,"(-0.5, 0.5)",20,0.5975385817270618,0.84
[5],0.01,0.005,0.0,0.2,0.8,relu,adam,0.0,32,xavier,"(-0.5, 0.5)",20,0.3322467096942436,0.88
[5],0.01,0.005,0.0,0.2,0.8,relu,adam,0.0,32,he,"(-0.5, 0.5)",20,0.25463000323015317,0.96
[5],0.01,0.005,0.0,0.2,0.8,relu,adam,0.01,32,xavier,"(-0.5, 0.5)",20,0.2587315724115125,0.88
[5],0.01,0.005,0.0,0.2,0.8,relu,adam,0.01,32,he,"(-0.5, 0.5)",20,0.4619155249272377,0.76
[5],0.01,0.005,0.0,0.2,0.9,tanh,sgd,0.0,32,xavier,"(-0.5, 0.5)",20,0.5210253496835425,0.68
[5],0.01,0.005,0.0,0.2,0.9,tanh,sgd,0.0,32,he,"(-0.5, 0.5)",20,0.4816348002668769,0.8
[5],0.01,0.005,0.0,0.2,0.9,tanh,sgd,0.01,32,xavier,"(-0.5, 0.5)",20,0.5075934500680851,0.8
[5],0.01,0.005,0.0,0.2,0.9,tanh,sgd,0.01,32,he,"(-0.5, 0.5)",20,0.4863053951720826,0.88
[5],0.01,0.005,0.0,0.2,0.9,tanh,adam,0.0,32,xavier,"(-0.5, 0.5)",20,0.4637395307196552,0.8
[5],0.01,0.005,0.0,0.2,0.9,tanh,adam,0.0,32,he,"(-0.5, 0.5)",20,0.47837666123838796,0.76
[5],0.01,0.005,0.0,0.2,0.9,tanh,adam,0.01,32,xavier,"(-0.5, 0.5)",20,0.4727065054491628,0.84
[5],0.01,0.005,0.0,0.2,0.9,tanh,adam,0.01,32,he,"(-0.5, 0.5)",20,0.5003161775343887,0.8
[5],0.01,0.005,0.0,0.2,0.9,relu,sgd,0.0,32,xavier,"(-0.5, 0.5)",20,0.4377425302656445,0.76
[5],0.01,0.005,0.0,0.2,0.9,relu,sgd,0.0,32,he,"(-0.5, 0.5)",20,0.5907781906631175,0.68
[5],0.01,0.005,0.0,0.2,0.9,relu,sgd,0.01,32,xavier,"(-0.5, 0.5)",20,0.5037457030350874,0.84
[5],0.01,0.005,0.0,0.2,0.9,relu,sgd,0.01,32,he,"(-0.5, 0.5)",20,0.5780063464159888,0.6
[5],0.01,0.005,0.0,0.2,0.9,relu,adam,0.0,32,xavier,"(-0.5, 0.5)",20,0.23099185953677326,0.88
[5],0.01,0.005,0.0,0.2,0.9,relu,adam,0.0,32,he,"(-0.5, 0.5)",20,0.3040134589045341,0.92
[5],0.01,0.005,0.0,0.2,0.9,relu,adam,0.01,32,xavier,"(-0.5, 0.5)",20,0.38413958716392765,0.72
[5],0.01,0.005,0.0,0.2,0.9,relu,adam,0.01,32,he,"(-0.5, 0.5)",20,0.431578629877343,0.8
[5],0.01,0.005,0.002,0.0,0.8,tanh,sgd,0.0,32,xavier,"(-0.5, 0.5)",20,0.5587127761724452,0.72
[5],0.01,0.005,0.002,0.0,0.8,tanh,sgd,0.0,32,he,"(-0.5, 0.5)",20,0.6196269073343086,0.64
[5],0.01,0.005,0.002,0.0,0.8,tanh,sgd,0.01,32,xavier,"(-0.5, 0.5)",20,0.5470358166493328,0.68
[5],0.01,0.005,0.002,0.0,0.8,tanh,sgd,0.01,32,he,"(-0.5, 0.5)",20,0.615835237229757,0.6
[5],0.01,0.005,0.002,0.0,0.8,tanh,adam,0.0,32,xavier,"(-0.5, 0.5)",20,0.49012210634611253,0.8
[5],0.01,0.005,0.002,0.0,0.8,tanh,adam,0.0,32,he,"(-0.5, 0.5)",20,0.35632107880104824,0.8
[5],0.01,0.005,0.002,0.0,0.8,tanh,adam,0.01,32,xavier,"(-0.5, 0.5)",20,0.45396008959029277,0.8
[5],0.01,0.005,0.002,0.0,0.8,tanh,adam,0.01,32,he,"(-0.5, 0.5)",20,0.4599924620055202,0.76
[5],0.01,0.005,0.002,0.0,0.8,relu,sgd,0.0,32,xavier,"(-0.5, 0.5)",20,0.5287258026427097,0.84
[5],0.01,0.005,0.002,0.0,0.8,relu,sgd,0.0,32,he,"(-0.5, 0.5)",20,0.6658358213599052,0.6
[5],0.01,0.005,0.002,0.0,0.8,relu,sgd,0.01,32,xavier,"(-0.5, 0.5)",20,0.5613944212204168,0.8
[5],0.01,0.005,0.002,0.0,0.8,relu,sgd,0.01,32,he,"(-0.5, 0.5)",20,0.6622477075763694,0.52
[5],0.01,0.005,0.002,0.0,0.8,relu,adam,0.0,32,xavier,"(-0.5, 0.5)",20,0.2058227809015417,0.96
[5],0.01,0.005,0.002,0.0,0.8,relu,adam,0.0,32,he,"(-0.5, 0.5)",20,0.3642599471867889,0.84
[5],0.01,0.005,0.002,0.0,0.8,relu,adam,0.01,32,xavier,"(-0.5, 0.5)",20,0.3150431331943178,0.88
[5],0.01,0.005,0.002,0.0,0.8,relu,adam,0.01,32,he,"(-0.5, 0.5)",20,0.1362351347318533,1.0
[5],0.01,0.005,0.002,0.0,0.9,tanh,sgd,0.0,32,xavier,"(-0.5, 0.5)",20,0.5221708788155568,0.8
[5],0.01,0.005,0.002,0.0,0.9,tanh,sgd,0.0,32,he,"(-0.5, 0.5)",20,0.4786784111825579,0.88
[5],0.01,0.005,0.002,0.0,0.9,tanh,sgd,0.01,32,xavier,"(-0.5, 0.5)",20,0.5134157464479708,0.8
[5],0.01,0.005,0.002,0.0,0.9,tanh,sgd,0.01,32,he,"(-0.5, 0.5)",20,0.5506843874605756,0.76
[5],0.01,0.005,0.002,0.0,0.9,tanh,adam,0.0,32,xavier,"(-0.5, 0.5)",20,0.42809008110260177,0.8
[5],0.01,0.005,0.002,0.0,0.9,tanh,adam,0.0,32,he,"(-0.5, 0.5)",20,0.4258725074047608,0.8
[5],0.01,0.005,0.002,0.0,0.9,tanh,adam,0.01,32,xavier,"(-0.5, 0.5)",20,0.476373310495613,0.8
[5],0.01,0.005,0.002,0.0,0.9,tanh,adam,0.01,32,he,"(-0.5, 0.5)",20,0.5138993977830766,0.8
[5],0.01,0.005,0.002,0.0,0.9,relu,sgd,0.0,32,xavier,"(-0.5, 0.5)",20,0.4543927456246011,0.8
[5],0.01,0.005,0.002,0.0,0.9,relu,sgd,0.0,32,he,"(-0.5, 0.5)",20,0.3682654630323354,0.88
[5],0.01,0.005,0.002,0.0,0.9,relu,sgd,0.01,32,xavier,"(-0.5, 0.5)",20,0.4744225510243699,0.84
[5],0.01,0.005,0.002,0.0,0.9,relu,sgd,0.01,32,he,"(-0.5, 0.5)",20,0.5366498496333223,0.8
[5],0.01,0.005,0.002,0.0,0.9,relu,adam,0.0,32,xavier,"(-0.5, 0.5)",20,0.3024945857988797,0.96
[5],0.01,0.005,0.002,0.0,0.9,relu,adam,0.0,32,he,"(-0.5, 0.5)",20,0.2515863510341086,0.92
[5],0.01,0.005,0.002,0.0,0.9,relu,adam,0.01,32,xavier,"(-0.5, 0.5)",20,0.3106565202702323,0.92
[5],0.01,0.005,0.002,0.0,0.9,relu,adam,0.01,32,he,"(-0.5, 0.5)",20,0.28492156285037923,0.92
[5],0.01,0.005,0.002,0.1,0.8,tanh,sgd,0.0,32,xavier,"(-0.5, 0.5)",20,0.5595937213339522,0.72
[5],0.01,0.005,0.002,0.1,0.8,tanh,sgd,0.0,32,he,"(-0.5, 0.5)",20,0.593254504456119,0.68
[5],0.01,0.005,0.002,0.1,0.8,tanh,sgd,0.01,32,xavier,"(-0.5, 0.5)",20,0.5594957150987993,0.76
[5],0.01,0.005,0.002,0.1,0.8,tanh,sgd,0.01,32,he,"(-0.5, 0.5)",20,0.6145569810372095,0.72
[5],0.01,0.005,0.002,0.1,0.8,tanh,adam,0.0,32,xavier,"(-0.5, 0.5)",20,0.4543702429647516,0.84
[5],0.01,0.005,0.002,0.1,0.8,tanh,adam,0.0,32,he,"(-0.5, 0.5)",20,0.372400521735268,0.8
[5],0.01,0.005,0.002,0.1,0.8,tanh,adam,0.01,32,xavier,"(-0.5, 0.5)",20,0.4525331837634279,0.8
[5],0.01,0.005,0.002,0.1,0.8,tanh,adam,0.01,32,he,"(-0.5, 0.5)",20,0.4553397180628287,0.84
[5],0.01,0.005,0.002,0.1,0.8,relu,sgd,0.0,32,xavier,"(-0.5, 0.5)",20,0.6098045812592795,0.64
[5],0.01,0.005,0.002,0.1,0.8,relu,sgd,0.0,32,he,"(-0.5, 0.5)",20,0.5568340765145375,0.72
[5],0.01,0.005,0.002,0.1,0.8,relu,sgd,0.01,32,xavier,"(-0.5, 0.5)",20,0.5680037756828797,0.68
[5],0.01,0.005,0.002,0.1,0.8,relu,sgd,0.01,32,he,"(-0.5, 0.5)",20,0.6045824492163768,0.76
[5],0.01,0.005,0.002,0.1,0.8,relu,adam,0.0,32,xavier,"(-0.5, 0.5)",20,0.21830591988805967,0.92
[5],0.01,0.005,0.002,0.1,0.8,relu,adam,0.0,32,he,"(-0.5, 0.5)",20,0.18834858203465613,0.96
[5],0.01,0.005,0.002,0.1,0.8,relu,adam,0.01,32,xavier,"(-0.5, 0.5)",20,0.2421665351623714,0.88
[5],0.01,0.005,0.002,0.1,0.8,relu,adam,0.01,32,he,"(-0.5, 0.5)",20,0.2605865070720354,0.92
[5],0.01,0.005,0.002,0.1,0.9,tanh,sgd,0.0,32,xavier,"(-0.5, 0.5)",20,0.5508331887371966,0.8
[5],0.01,0.005,0.002,0.1,0.9,tanh,sgd,0.0,32,he,"(-0.5, 0.5)",20,0.5731598885111161,0.68
[5],0.01,0.005,0.002,0.1,0.9,tanh,sgd,0.01,32,xavier,"(-0.5, 0.5)",20,0.5526173473817689,0.76
[5],0.01,0.005,0.002,0.1,0.9,tanh,sgd,0.01,32,he,"(-0.5, 0.5)",20,0.5208135327361456,0.76
[5],0.01,0.005,0.002,0.1,0.9,tanh,adam,0.0,32,xavier,"(-0.5, 0.5)",20,0.36270233493711646,0.84
[5],0.01,0.005,0.002,0.1,0.9,tanh,adam,0.0,32,he,"(-0.5, 0.5)",20,0.5355289180098236,0.8
[5],0.01,0.005,0.002,0.1,0.9,tanh,adam,0.01,32,xavier,"(-0.5, 0.5)",20,0.5076080121334567,0.8
[5],0.01,0.005,0.002,0.1,0.9,tanh,adam,0.01,32,he,"(-0.5, 0.5)",20,0.5017975527310199,0.8
[5],0.01,0.005,0.002,0.1,0.9,relu,sgd,0.0,32,xavier,"(-0.5, 0.5)",20,0.5198607145918612,0.8
[5],0.01,0.005,0.002,0.1,0.9,relu,sgd,0.0,32,he,"(-0.5, 0.5)",20,0.6041402624471197,0.68
[5],0.01,0.005,0.002,0.1,0.9,relu,sgd,0.01,32,xavier,"(-0.5, 0.5)",20,0.5654454484397742,0.56
[5],0.01,0.005,0.002,0.1,0.9,relu,sgd,0.01,32,he,"(-0.5, 0.5)",20,0.47393234180365107,0.84
[5],0.01,0.005,0.002,0.1,0.9,relu,adam,0.0,32,xavier,"(-0.5, 0.5)",20,0.33412026602413897,0.84
[5],0.01,0.005,0.002,0.1,0.9,relu,adam,0.0,32,he,"(-0.5, 0.5)",20,0.35009055459711647,0.92
[5],0.01,0.005,0.002,0.1,0.9,relu,adam,0.01,32,xavier,"(-0.5, 0.5)",20,0.5263359279164563,0.72
[5],0.01,0.005,0.002,0.1,0.9,relu,adam,0.01,32,he,"(-0.5, 0.5)",20,0.2599419478584309,0.92
[5],0.01,0.005,0.002,0.2,0.8,tanh,sgd,0.0,32,xavier,"(-0.5, 0.5)",20,0.5479408696078598,0.76
[5],0.01,0.005,0.002,0.2,0.8,tanh,sgd,0.0,32,he,"(-0.5, 0.5)",20,0.5346450938252296,0.84
[5],0.01,0.005,0.002,0.2,0.8,tanh,sgd,0.01,32,xavier,"(-0.5, 0.5)",20,0.5859013115338412,0.68
[5],0.01,0.005,0.002,0.2,0.8,tanh,sgd,0.01,32,he,"(-0.5, 0.5)",20,0.6514674600244518,0.48
[5],0.01,0.005,0.002,0.2,0.8,tanh,adam,0.0,32,xavier,"(-0.5, 0.5)",20,0.45881823198180244,0.76
[5],0.01,0.005,0.002,0.2,0.8,tanh,adam,0.0,32,he,"(-0.5, 0.5)",20,0.46576423257339655,0.76
[5],0.01,0.005,0.002,0.2,0.8,tanh,adam,0.01,32,xavier,"(-0.5, 0.5)",20,0.4453738301323117,0.88
[5],0.01,0.005,0.002,0.2,0.8,tanh,adam,0.01,32,he,"(-0.5, 0.5)",20,0.4553874244666903,0.84
[5],0.01,0.005,0.002,0.2,0.8,relu,sgd,0.0,32,xavier,"(-0.5, 0.5)",20,0.6099985382856055,0.72
[5],0.01,0.005,0.002,0.2,0.8,relu,sgd,0.0,32,he,"(-0.5, 0.5)",20,0.6948067759618402,0.4
[5],0.01,0.005,0.002,0.2,0.8,relu,sgd,0.01,32,xavier,"(-0.5, 0.5)",20,0.5548555790451755,0.64
[5],0.01,0.005,0.002,0.2,0.8,relu,sgd,0.01,32,he,"(-0.5, 0.5)",20,0.6046472954574679,0.52
[5],0.01,0.005,0.002,0.2,0.8,relu,adam,0.0,32,xavier,"(-0.5, 0.5)",20,0.38617771215557967,0.8
[5],0.01,0.005,0.002,0.2,0.8,relu,adam,0.0,32,he,"(-0.5, 0.5)",20,0.1985569750706262,1.0
[5],0.01,0.005,0.002,0.2,0.8,relu,adam,0.01,32,xavier,"(-0.5, 0.5)",20,0.2914334309253567,0.88
[5],0.01,0.005,0.002,0.2,0.8,relu,adam,0.01,32,he,"(-0.5, 0.5)",20,0.4303448053675422,0.8
[5],0.01,0.005,0.002,0.2,0.9,tanh,sgd,0.0,32,xavier,"(-0.5, 0.5)",20,0.5703346458499833,0.64
[5],0.01,0.005,0.002,0.2,0.9,tanh,sgd,0.0,32,he,"(-0.5, 0.5)",20,0.45379483846601776,0.8
[5],0.01,0.005,0.002,0.2,0.9,tanh,sgd,0.01,32,xavier,"(-0.5, 0.5)",20,0.5400715444500254,0.72
[5],0.01,0.005,0.002,0.2,0.9,tanh,sgd,0.01,32,he,"(-0.5, 0.5)",20,0.5189622629451982,0.8
[5],0.01,0.005,0.002,0.2,0.9,tanh,adam,0.0,32,xavier,"(-0.5, 0.5)",20,0.43503070156596224,0.8
[5],0.01,0.005,0.002,0.2,0.9,tanh,adam,0.0,32,he,"(-0.5, 0.5)",20,0.4489627293841844,0.8
[5],0.01,0.005,0.002,0.2,0.9,tanh,adam,0.01,32,xavier,"(-0.5, 0.5)",20,0.5015408959482567,0.8
[5],0.01,0.005,0.002,0.2,0.9,tanh,adam,0.01,32,he,"(-0.5, 0.5)",20,0.45713923178734156,0.8
[5],0.01,0.005,0.002,0.2,0.9,relu,sgd,0.0,32,xavier,"(-0.5, 0.5)",20,0.5424369028034247,0.68
[5],0.01,0.005,0.002,0.2,0.9,relu,sgd,0.0,32,he,"(-0.5, 0.5)",20,0.5366406976991716,0.88
[5],0.01,0.005,0.002,0.2,0.9,relu,sgd,0.01,32,xavier,"(-0.5, 0.5)",20,0.5280950191075909,0.68
[5],0.01,0.005,0.002,0.2,0.9,relu,sgd,0.01,32,he,"(-0.5, 0.5)",20,0.49558416466040767,0.84
[5],0.01,0.005,0.002,0.2,0.9,relu,adam,0.0,32,xavier,"(-0.5, 0.5)",20,0.3046329721842121,0.88
[5],0.01,0.005,0.002,0.2,0.9,relu,adam,0.0,32,he,"(-0.5, 0.5)",20,0.37916659980475825,0.8
[5],0.01,0.005,0.002,0.2,0.9,relu,adam,0.01,32,xavier,"(-0.5, 0.5)",20,0.2307882964095245,0.96
[5],0.01,0.005,0.002,0.2,0.9,relu,adam,0.01,32,he,"(-0.5, 0.5)",20,0.5125112679769098,0.72
[5],0.01,0.01,0.0,0.0,0.8,tanh,sgd,0.0,32,xavier,"(-0.5, 0.5)",20,0.5633467384223423,0.76
[5],0.01,0.01,0.0,0.0,0.8,tanh,sgd,0.0,32,he,"(-0.5, 0.5)",20,0.5549397920857598,0.76
[5],0.01,0.01,0.0,0.0,0.8,tanh,sgd,0.01,32,xavier,"(-0.5, 0.5)",20,0.58716182448185,0.8
[5],0.01,0.01,0.0,0.0,0.8,tanh,sgd,0.01,32,he,"(-0.5, 0.5)",20,0.6235986791803658,0.72
[5],0.01,0.01,0.0,0.0,0.8,tanh,adam,0.0,32,xavier,"(-0.5, 0.5)",20,0.4869403665338272,0.76
[5],0.01,0.01,0.0,0.0,0.8,tanh,adam,0.0,32,he,"(-0.5, 0.5)",20,0.39086856475696063,0.76
[5],0.01,0.01,0.0,0.0,0.8,tanh,adam,0.01,32,xavier,"(-0.5, 0.5)",20,0.5001204105753384,0.8
[5],0.01,0.01,0.0,0.0,0.8,tanh,adam,0.01,32,he,"(-0.5, 0.5)",20,0.4315102844218339,0.8
[5],0.01,0.01,0.0,0.0,0.8,relu,sgd,0.0,32,xavier,"(-0.5, 0.5)",20,0.5761812253801938,0.68
[5],0.01,0.01,0.0,0.0,0.8,relu,sgd,0.0,32,he,"(-0.5, 0.5)",20,0.662456991968486,0.52
[5],0.01,0.01,0.0,0.0,0.8,relu,sgd,0.01,32,xavier,"(-0.5, 0.5)",20,0.6355079922777515,0.68
[5],0.01,0.01,0.0,0.0,0.8,relu,sgd,0.01,32,he,"(-0.5, 0.5)",20,0.6235794012108261,0.64
[5],0.01,0.01,0.0,0.0,0.8,relu,adam,0.0,32,xavier,"(-0.5, 0.5)",20,0.1821853554129576,1.0
[5],0.01,0.01,0.0,0.0,0.8,relu,adam,0.0,32,he,"(-0.5, 0.5)",20,0.3879066078576702,0.8
[5],0.01,0.01,0.0,0.0,0.8,relu,adam,0.01,32,xavier,"(-0.5, 0.5)",20,0.29831473027179134,0.92
[5],0.01,0.01,0.0,0.0,0.8,relu,adam,0.01,32,he,"(-0.5, 0.5)",20,0.40816129844181476,0.8
[5],0.01,0.01,0.0,0.0,0.9,tanh,sgd,0.0,32,xavier,"(-0.5, 0.5)",20,0.548608465812555,0.68
[5],0.01,0.01,0.0,0.0,0.9,tanh,sgd,0.0,32,he,"(-0.5, 0.5)",20,0.5179041758761104,0.8
[5],0.01,0.01,0.0,0.0,0.9,tanh,sgd,0.01,32,xavier,"(-0.5, 0.5)",20,0.5575713274180405,0.84
[5],0.01,0.01,0.0,0.0,0.9,tanh,sgd,0.01,32,he,"(-0.5, 0.5)",20,0.5193270742956493,0.68
[5],0.01,0.01,0.0,0.0,0.9,tanh,adam,0.0,32,xavier,"(-0.5, 0.5)",20,0.40388623730629825,0.8
[5],0.01,0.01,0.0,0.0,0.9,tanh,adam,0.0,32,he,"(-0.5, 0.5)",20,0.4816563673184538,0.76
[5],0.01,0.01,0.0,0.0,0.9,tanh,adam,0.01,32,xavier,"(-0.5, 0.5)",20,0.49076303375033653,0.76
[5],0.01,0.01,0.0,0.0,0.9,tanh,adam,0.01,32,he,"(-0.5, 0.5)",20,0.39116089984775226,0.8
[5],0.01,0.01,0.0,0.0,0.9,relu,sgd,0.0,32,xavier,"(-0.5, 0.5)",20,0.4954673961829314,0.8
[5],0.01,0.01,0.0,0.0,0.9,relu,sgd,0.0,32,he,"(-0.5, 0.5)",20,0.43080404350721013,0.84
[5],0.01,0.01,0.0,0.0,0.9,relu,sgd,0.01,32,xavier,"(-0.5, 0.5)",20,0.48600800784814274,0.76
[5],0.01,0.01,0.0,0.0,0.9,relu,sgd,0.01,32,he,"(-0.5, 0.5)",20,0.6153680159089592,0.68
[5],0.01,0.01,0.0,0.0,0.9,relu,adam,0.0,32,xavier,"(-0.5, 0.5)",20,0.3824200338765805,0.88
[5],0.01,0.01,0.0,0.0,0.9,relu,adam,0.0,32,he,"(-0.5, 0.5)",20,0.28126580233187926,0.84
[5],0.01,0.01,0.0,0.0,0.9,relu,adam,0.01,32,xavier,"(-0.5, 0.5)",20,0.21361047758979765,0.92
[5],0.01,0.01,0.0,0.0,0.9,relu,adam,0.01,32,he,"(-0.5, 0.5)",20,0.3267839553650722,0.88
[5],0.01,0.01,0.0,0.1,0.8,tanh,sgd,0.0,32,xavier,"(-0.5, 0.5)",20,0.5988954977651691,0.8
[5],0.01,0.01,0.0,0.1,0.8,tanh,sgd,0.0,32,he,"(-0.5, 0.5)",20,0.5240402000376291,0.68
[5],0.01,0.01,0.0,0.1,0.8,tanh,sgd,0.01,32,xavier,"(-0.5, 0.5)",20,0.5625727943961351,0.8
[5],0.01,0.01,0.0,0.1,0.8,tanh,sgd,0.01,32,he,"(-0.5, 0.5)",20,0.49638741269151276,0.8
[5],0.01,0.01,0.0,0.1,0.8,tanh,adam,0.0,32,xavier,"(-0.5, 0.5)",20,0.4167861061781088,0.84
[5],0.01,0.01,0.0,0.1,0.8,tanh,adam,0.0,32,he,"(-0.5, 0.5)",20,0.3373876776033121,0.84
[5],0.01,0.01,0.0,0.1,0.8,tanh,adam,0.01,32,xavier,"(-0.5, 0.5)",20,0.5264045672577724,0.76
[5],0.01,0.01,0.0,0.1,0.8,tanh,adam,0.01,32,he,"(-0.5, 0.5)",20,0.4710915039889162,0.8
[5],0.01,0.01,0.0,0.1,0.8,relu,sgd,0.0,32,xavier,"(-0.5, 0.5)",20,0.618687812035384,0.72
[5],0.01,0.01,0.0,0.1,0.8,relu,sgd,0.0,32,he,"(-0.5, 0.5)",20,0.5138731386076113,0.8
[5],0.01,0.01,0.0,0.1,0.8,relu,sgd,0.01,32,xavier,"(-0.5, 0.5)",20,0.6548009435405132,0.52
[5],0.01,0.01,0.0,0.1,0.8,relu,sgd,0.01,32,he,"(-0.5, 0.5)",20,0.5972045990909172,0.68
[5],0.01,0.01,0.0,0.1,0.8,relu,adam,0.0,32,xavier,"(-0.5, 0.5)",20,0.32651309626836506,0.88
[5],0.01,0.01,0.0,0.1,0.8,relu,adam,0.0,32,he,"(-0.5, 0.5)",20,0.4643820548367939,0.8
[5],0.01,0.01,0.0,0.1,0.8,relu,adam,0.01,32,xavier,"(-0.5, 0.5)",20,0.412596835037312,0.88
[5],0.01,0.01,0.0,0.1,0.8,relu,adam,0.01,32,he,"(-0.5, 0.5)",20,0.24084532680823648,0.88
[5],0.01,0.01,0.0,0.1,0.9,tanh,sgd,0.0,32,xavier,"(-0.5, 0.5)",20,0.49393196428349223,0.8
[5],0.01,0.01,0.0,0.1,0.9,tanh,sgd,0.0,32,he,"(-0.5, 0.5)",20,0.5337015253328417,0.8
[5],0.01,0.01,0.0,0.1,0.9,tanh,sgd,0.01,32,xavier,"(-0.5, 0.5)",20,0.5292111298342134,0.84
[5],0.01,0.01,0.0,0.1,0.9,tanh,sgd,0.01,32,he,"(-0.5, 0.5)",20,0.5293023102045931,0.8
[5],0.01,0.01,0.0,0.1,0.9,tanh,adam,0.0,32,xavier,"(-0.5, 0.5)",20,0.4845056453188188,0.8
[5],0.01,0.01,0.0,0.1,0.9,tanh,adam,0.0,32,he,"(-0.5, 0.5)",20,0.4382075566199664,0.84
[5],0.01,0.01,0.0,0.1,0.9,tanh,adam,0.01,32,xavier,"(-0.5, 0.5)",20,0.44771737754226154,0.8
[5],0.01,0.01,0.0,0.1,0.9,tanh,adam,0.01,32,he,"(-0.5, 0.5)",20,0.42105284002136734,0.84
[5],0.01,0.01,0.0,0.1,0.9,relu,sgd,0.0,32,xavier,"(-0.5, 0.5)",20,0.6925915750543881,0.52
[5],0.01,0.01,0.0,0.1,0.9,relu,sgd,0.0,32,he,"(-0.5, 0.5)",20,0.3986576303203563,0.88
[5],0.01,0.01,0.0,0.1,0.9,relu,sgd,0.01,32,xavier,"(-0.5, 0.5)",20,0.6366225031502186,0.76
[5],0.01,0.01,0.0,0.1,0.9,relu,sgd,0.01,32,he,"(-0.5, 0.5)",20,0.5719256686374543,0.84
[5],0.01,0.01,0.0,0.1,0.9,relu,adam,0.0,32,xavier,"(-0.5, 0.5)",20,0.21207195555032268,0.92
[5],0.01,0.01,0.0,0.1,0.9,relu,adam,0.0,32,he,"(-0.5, 0.5)",20,0.21757000928322823,0.92
[5],0.01,0.01,0.0,0.1,0.9,relu,adam,0.01,32,xavier,"(-0.5, 0.5)",20,0.18077333597748232,0.96
[5],0.01,0.01,0.0,0.1,0.9,relu,adam,0.01,32,he,"(-0.5, 0.5)",20,0.4443197635693829,0.72
[5],0.01,0.01,0.0,0.2,0.8,tanh,sgd,0.0,32,xavier,"(-0.5, 0.5)",20,0.5720231877800908,0.84
[5],0.01,0.01,0.0,0.2,0.8,tanh,sgd,0.0,32,he,"(-0.5, 0.5)",20,0.5607941728230607,0.88
[5],0.01,0.01,0.0,0.2,0.8,tanh,sgd,0.01,32,xavier,"(-0.5, 0.5)",20,0.6784950040377669,0.48
[5],0.01,0.01,0.0,0.2,0.8,tanh,sgd,0.01,32,he,"(-0.5, 0.5)",20,0.5479079119769018,0.8
[5],0.01,0.01,0.0,0.2,0.8,tanh,adam,0.0,32,xavier,"(-0.5, 0.5)",20,0.4054212589811925,0.88
[5],0.01,0.01,0.0,0.2,0.8,tanh,adam,0.0,32,he,"(-0.5, 0.5)",20,0.512144289181247,0.76
[5],0.01,0.01,0.0,0.2,0.8,tanh,adam,0.01,32,xavier,"(-0.5, 0.5)",20,0.5196234892361613,0.72
[5],0.01,0.01,0.0,0.2,0.8,tanh,adam,0.01,32,he,"(-0.5, 0.5)",20,0.43708800012914445,0.88
[5],0.01,0.01,0.0,0.2,0.8,relu,sgd,0.0,32,xavier,"(-0.5, 0.5)",20,0.5281315987004275,0.76
[5],0.01,0.01,0.0,0.2,0.8,relu,sgd,0.0,32,he,"(-0.5, 0.5)",20,0.538317046747445,0.76
[5],0.01,0.01,0.0,0.2,0.8,relu,sgd,0.01,32,xavier,"(-0.5, 0.5)",20,0.5928086571853479,0.76
[5],0.01,0.01,0.0,0.2,0.8,relu,sgd,0.01,32,he,"(-0.5, 0.5)",20,0.5972689940381435,0.64
[5],0.01,0.01,0.0,0.2,0.8,relu,adam,0.0,32,xavier,"(-0.5, 0.5)",20,0.40596638701489246,0.84
[5],0.01,0.01,0.0,0.2,0.8,relu,adam,0.0,32,he,"(-0.5, 0.5)",20,0.35185350775949664,0.88
[5],0.01,0.01,0.0,0.2,0.8,relu,adam,0.01,32,xavier,"(-0.5, 0.5)",20,0.34224700099504474,0.8
[5],0.01,0.01,0.0,0.2,0.8,relu,adam,0.01,32,he,"(-0.5, 0.5)",20,0.3328660368966661,0.84
[5],0.01,0.01,0.0,0.2,0.9,tanh,sgd,0.0,32,xavier,"(-0.5, 0.5)",20,0.538272346092133,0.8
[5],0.01,0.01,0.0,0.2,0.9,tanh,sgd,0.0,32,he,"(-0.5, 0.5)",20,0.5071057503684476,0.8
[5],0.01,0.01,0.0,0.2,0.9,tanh,sgd,0.01,32,xavier,"(-0.5, 0.5)",20,0.5332949122185812,0.88
[5],0.01,0.01,0.0,0.2,0.9,tanh,sgd,0.01,32,he,"(-0.5, 0.5)",20,0.5458513393564454,0.8
[5],0.01,0.01,0.0,0.2,0.9,tanh,adam,0.0,32,xavier,"(-0.5, 0.5)",20,0.40040364367175074,0.88
[5],0.01,0.01,0.0,0.2,0.9,tanh,adam,0.0,32,he,"(-0.5, 0.5)",20,0.44978109163288604,0.88
[5],0.01,0.01,0.0,0.2,0.9,tanh,adam,0.01,32,xavier,"(-0.5, 0.5)",20,0.41625079486534794,0.88
[5],0.01,0.01,0.0,0.2,0.9,tanh,adam,0.01,32,he,"(-0.5, 0.5)",20,0.45843303223166393,0.8
[5],0.01,0.01,0.0,0.2,0.9,relu,sgd,0.0,32,xavier,"(-0.5, 0.5)",20,0.4282547293926529,0.92
[5],0.01,0.01,0.0,0.2,0.9,relu,sgd,0.0,32,he,"(-0.5, 0.5)",20,0.5532884352446837,0.8
[5],0.01,0.01,0.0,0.2,0.9,relu,sgd,0.01,32,xavier,"(-0.5, 0.5)",20,0.4544771172788189,0.76
[5],0.01,0.01,0.0,0.2,0.9,relu,sgd,0.01,32,he,"(-0.5, 0.5)",20,0.5673913814565247,0.6
[5],0.01,0.01,0.0,0.2,0.9,relu,adam,0.0,32,xavier,"(-0.5, 0.5)",20,0.3810394450169242,0.8
[5],0.01,0.01,0.0,0.2,0.9,relu,adam,0.0,32,he,"(-0.5, 0.5)",20,0.29145759448208874,0.84
[5],0.01,0.01,0.0,0.2,0.9,relu,adam,0.01,32,xavier,"(-0.5, 0.5)",20,0.30467476023941276,0.88
[5],0.01,0.01,0.0,0.2,0.9,relu,adam,0.01,32,he,"(-0.5, 0.5)",20,0.2922514289679091,0.92
[5],0.01,0.01,0.002,0.0,0.8,tanh,sgd,0.0,32,xavier,"(-0.5, 0.5)",20,0.5723797339613159,0.84
[5],0.01,0.01,0.002,0.0,0.8,tanh,sgd,0.0,32,he,"(-0.5, 0.5)",20,0.6018988501926665,0.72
[5],0.01,0.01,0.002,0.0,0.8,tanh,sgd,0.01,32,xavier,"(-0.5, 0.5)",20,0.6650536847885592,0.76
[5],0.01,0.01,0.002,0.0,0.8,tanh,sgd,0.01,32,he,"(-0.5, 0.5)",20,0.5655080421684493,0.72
[5],0.01,0.01,0.002,0.0,0.8,tanh,adam,0.0,32,xavier,"(-0.5, 0.5)",20,0.37886310814606217,0.88
[5],0.01,0.01,0.002,0.0,0.8,tanh,adam,0.0,32,he,"(-0.5, 0.5)",20,0.4422996395968187,0.84
[5],0.01,0.01,0.002,0.0,0.8,tanh,adam,0.01,32,xavier,"(-0.5, 0.5)",20,0.49322511854893264,0.84
[5],0.01,0.01,0.002,0.0,0.8,tanh,adam,0.01,32,he,"(-0.5, 0.5)",20,0.4244712060832466,0.84
[5],0.01,0.01,0.002,0.0,0.8,relu,sgd,0.0,32,xavier,"(-0.5, 0.5)",20,0.6026909894792067,0.68
[5],0.01,0.01,0.002,0.0,0.8,relu,sgd,0.0,32,he,"(-0.5, 0.5)",20,0.7022595177561194,0.56
[5],0.01,0.01,0.002,0.0,0.8,relu,sgd,0.01,32,xavier,"(-0.5, 0.5)",20,0.6202249369901665,0.68
[5],0.01,0.01,0.002,0.0,0.8,relu,sgd,0.01,32,he,"(-0.5, 0.5)",20,0.6806619408926854,0.56
[5],0.01,0.01,0.002,0.0,0.8,relu,adam,0.0,32,xavier,"(-0.5, 0.5)",20,0.31961314977324745,0.92
[5],0.01,0.01,0.002,0.0,0.8,relu,adam,0.0,32,he,"(-0.5, 0.5)",20,0.2512299313005043,0.96
[5],0.01,0.01,0.002,0.0,0.8,relu,adam,0.01,32,xavier,"(-0.5, 0.5)",20,0.3565826262759094,0.88
[5],0.01,0.01,0.002,0.0,0.8,relu,adam,0.01,32,he,"(-0.5, 0.5)",20,0.3536926753592922,0.84
[5],0.01,0.01,0.002,0.0,0.9,tanh,sgd,0.0,32,xavier,"(-0.5, 0.5)",20,0.47796941248214836,0.8
[5],0.01,0.01,0.002,0.0,0.9,tanh,sgd,0.0,32,he,"(-0.5, 0.5)",20,0.5150488422725744,0.8
[5],0.01,0.01,0.002,0.0,0.9,tanh,sgd,0.01,32,xavier,"(-0.5, 0.5)",20,0.5215438978293325,0.8
[5],0.01,0.01,0.002,0.0,0.9,tanh,sgd,0.01,32,he,"(-0.5, 0.5)",20,0.5218876719992237,0.84
[5],0.01,0.01,0.002,0.0,0.9,tanh,adam,0.0,32,xavier,"(-0.5, 0.5)",20,0.49082154861591026,0.8
[5],0.01,0.01,0.002,0.0,0.9,tanh,adam,0.0,32,he,"(-0.5, 0.5)",20,0.4470318826091662,0.76
[5],0.01,0.01,0.002,0.0,0.9,tanh,adam,0.01,32,xavier,"(-0.5, 0.5)",20,0.4182078653200788,0.8
[5],0.01,0.01,0.002,0.0,0.9,tanh,adam,0.01,32,he,"(-0.5, 0.5)",20,0.42289701567861476,0.8
[5],0.01,0.01,0.002,0.0,0.9,relu,sgd,0.0,32,xavier,"(-0.5, 0.5)",20,0.4466067334897348,0.8
[5],0.01,0.01,0.002,0.0,0.9,relu,sgd,0.0,32,he,"(-0.5, 0.5)",20,0.44517058655328684,0.84
[5],0.01,0.01,0.002,0.0,0.9,relu,sgd,0.01,32,xavier,"(-0.5, 0.5)",20,0.4957978729629273,0.84
[5],0.01,0.01,0.002,0.0,0.9,relu,sgd,0.01,32,he,"(-0.5, 0.5)",20,0.6936207094237744,0.48
[5],0.01,0.01,0.002,0.0,0.9,relu,adam,0.0,32,xavier,"(-0.5, 0.5)",20,0.2612881875558607,0.92
[5],0.01,0.01,0.002,0.0,0.9,relu,adam,0.0,32,he,"(-0.5, 0.5)",20,0.3490193191732294,0.88
[5],0.01,0.01,0.002,0.0,0.9,relu,adam,0.01,32,xavier,"(-0.5, 0.5)",20,0.39296107874797753,0.88
[5],0.01,0.01,0.002,0.0,0.9,relu,adam,0.01,32,he,"(-0.5, 0.5)",20,0.436280465970003,0.8
[5],0.01,0.01,0.002,0.1,0.8,tanh,sgd,0.0,32,xavier,"(-0.5, 0.5)",20,0.5332666428157108,0.88
[5],0.01,0.01,0.002,0.1,0.8,tanh,sgd,0.0,32,he,"(-0.5, 0.5)",20,0.5292333422115564,0.76
[5],0.01,0.01,0.002,0.1,0.8,tanh,sgd,0.01,32,xavier,"(-0.5, 0.5)",20,0.663848027921553,0.6
[5],0.01,0.01,0.002,0.1,0.8,tanh,sgd,0.01,32,he,"(-0.5, 0.5)",20,0.6500435035087859,0.6
[5],0.01,0.01,0.002,0.1,0.8,tanh,adam,0.0,32,xavier,"(-0.5, 0.5)",20,0.41731924033513074,0.8
[5],0.01,0.01,0.002,0.1,0.8,tanh,adam,0.0,32,he,"(-0.5, 0.5)",20,0.4137725613783261,0.84
[5],0.01,0.01,0.002,0.1,0.8,tanh,adam,0.01,32,xavier,"(-0.5, 0.5)",20,0.4677234460984301,0.88
[5],0.01,0.01,0.002,0.1,0.8,tanh,adam,0.01,32,he,"(-0.5, 0.5)",20,0.47655278829571973,0.8
[5],0.01,0.01,0.002,0.1,0.8,relu,sgd,0.0,32,xavier,"(-0.5, 0.5)",20,0.5032313991761926,0.84
[5],0.01,0.01,0.002,0.1,0.8,relu,sgd,0.0,32,he,"(-0.5, 0.5)",20,0.6017344789907287,0.56
[5],0.01,0.01,0.002,0.1,0.8,relu,sgd,0.01,32,xavier,"(-0.5, 0.5)",20,0.6966791507385546,0.52
[5],0.01,0.01,0.002,0.1,0.8,relu,sgd,0.01,32,he,"(-0.5, 0.5)",20,0.6027155617890134,0.68
[5],0.01,0.01,0.002,0.1,0.8,relu,adam,0.0,32,xavier,"(-0.5, 0.5)",20,0.2835519309862091,0.88
[5],0.01,0.01,0.002,0.1,0.8,relu,adam,0.0,32,he,"(-0.5, 0.5)",20,0.1308915592322998,1.0
[5],0.01,0.01,0.002,0.1,0.8,relu,adam,0.01,32,xavier,"(-0.5, 0.5)",20,0.37529030216748116,0.88
[5],0.01,0.01,0.002,0.1,0.8,relu,adam,0.01,32,he,"(-0.5, 0.5)",20,0.32479659847992565,0.96
[5],0.01,0.01,0.002,0.1,0.9,tanh,sgd,0.0,32,xavier,"(-0.5, 0.5)",20,0.4951912833877142,0.76
[5],0.01,0.01,0.002,0.1,0.9,tanh,sgd,0.0,32,he,"(-0.5, 0.5)",20,0.5401485618330627,0.68
[5],0.01,0.01,0.002,0.1,0.9,tanh,sgd,0.01,32,xavier,"(-0.5, 0.5)",20,0.5412733767150976,0.84
[5],0.01,0.01,0.002,0.1,0.9,tanh,sgd,0.01,32,he,"(-0.5, 0.5)",20,0.5273865872231266,0.68
[5],0.01,0.01,0.002,0.1,0.9,tanh,adam,0.0,32,xavier,"(-0.5, 0.5)",20,0.381019714366215,0.8
[5],0.01,0.01,0.002,0.1,0.9,tanh,adam,0.0,32,he,"(-0.5, 0.5)",20,0.5005546042045677,0.76
[5],0.01,0.01,0.002,0.1,0.9,tanh,adam,0.01,32,xavier,"(-0.5, 0.5)",20,0.4716595031084064,0.88
[5],0.01,0.01,0.002,0.1,0.9,tanh,adam,0.01,32,he,"(-0.5, 0.5)",20,0.45113498940900815,0.84
[5],0.01,0.01,0.002,0.1,0.9,relu,sgd,0.0,32,xavier,"(-0.5, 0.5)",20,0.4211115618913106,0.88
[5],0.01,0.01,0.002,0.1,0.9,relu,sgd,0.0,32,he,"(-0.5, 0.5)",20,0.6179021949997777,0.68
[5],0.01,0.01,0.002,0.1,0.9,relu,sgd,0.01,32,xavier,"(-0.5, 0.5)",20,0.5872395487439198,0.64
[5],0.01,0.01,0.002,0.1,0.9,relu,sgd,0.01,32,he,"(-0.5, 0.5)",20,0.4344984086196054,0.88
[5],0.01,0.01,0.002,0.1,0.9,relu,adam,0.0,32,xavier,"(-0.5, 0.5)",20,0.10849824908925507,1.0
[5],0.01,0.01,0.002,0.1,0.9,relu,adam,0.0,32,he,"(-0.5, 0.5)",20,0.4506166509119075,0.8
[5],0.01,0.01,0.002,0.1,0.9,relu,adam,0.01,32,xavier,"(-0.5, 0.5)",20,0.3637571012240662,0.88
[5],0.01,0.01,0.002,0.1,0.9,relu,adam,0.01,32,he,"(-0.5, 0.5)",20,0.2563791850342622,0.92
[5],0.01,0.01,0.002,0.2,0.8,tanh,sgd,0.0,32,xavier,"(-0.5, 0.5)",20,0.5722499157737477,0.72
[5],0.01,0.01,0.002,0.2,0.8,tanh,sgd,0.0,32,he,"(-0.5, 0.5)",20,0.4930839862752229,0.8
[5],0.01,0.01,0.002,0.2,0.8,tanh,sgd,0.01,32,xavier,"(-0.5, 0.5)",20,0.6372306782402409,0.64
[5],0.01,0.01,0.002,0.2,0.8,tanh,sgd,0.01,32,he,"(-0.5, 0.5)",20,0.601957579020751,0.72
[5],0.01,0.01,0.002,0.2,0.8,tanh,adam,0.0,32,xavier,"(-0.5, 0.5)",20,0.48941131166457125,0.8
[5],0.01,0.01,0.002,0.2,0.8,tanh,adam,0.0,32,he,"(-0.5, 0.5)",20,0.40467337389319297,0.84
[5],0.01,0.01,0.002,0.2,0.8,tanh,adam,0.01,32,xavier,"(-0.5, 0.5)",20,0.46037037503363015,0.8
[5],0.01,0.01,0.002,0.2,0.8,tanh,adam,0.01,32,he,"(-0.5, 0.5)",20,0.476889402692116,0.8
[5],0.01,0.01,0.002,0.2,0.8,relu,sgd,0.0,32,xavier,"(-0.5, 0.5)",20,0.6506973732332367,0.68
[5],0.01,0.01,0.002,0.2,0.8,relu,sgd,0.0,32,he,"(-0.5, 0.5)",20,0.6502736053870328,0.56
[5],0.01,0.01,0.002,0.2,0.8,relu,sgd,0.01,32,xavier,"(-0.5, 0.5)",20,0.593311883976304,0.76
[5],0.01,0.01,0.002,0.2,0.8,relu,sgd,0.01,32,he,"(-0.5, 0.5)",20,0.5931979474030877,0.64
[5],0.01,0.01,0.002,0.2,0.8,relu,adam,0.0,32,xavier,"(-0.5, 0.5)",20,0.40827160620650416,0.84
[5],0.01,0.01,0.002,0.2,0.8,relu,adam,0.0,32,he,"(-0.5, 0.5)",20,0.28998461915717033,0.88
[5],0.01,0.01,0.002,0.2,0.8,relu,adam,0.01,32,xavier,"(-0.5, 0.5)",20,0.4208222798738395,0.84
[5],0.01,0.01,0.002,0.2,0.8,relu,adam,0.01,32,he,"(-0.5, 0.5)",20,0.41246096859310927,0.84
[5],0.01,0.01,0.002,0.2,0.9,tanh,sgd,0.0,32,xavier,"(-0.5, 0.5)",20,0.5155763475339534,0.8
[5],0.01,0.01,0.002,0.2,0.9,tanh,sgd,0.0,32,he,"(-0.5, 0.5)",20,0.523457996213999,0.8
[5],0.01,0.01,0.002,0.2,0.9,tanh,sgd,0.01,32,xavier,"(-0.5, 0.5)",20,0.5438509931995564,0.88
[5],0.01,0.01,0.002,0.2,0.9,tanh,sgd,0.01,32,he,"(-0.5, 0.5)",20,0.49125924633422885,0.8
[5],0.01,0.01,0.002,0.2,0.9,tanh,adam,0.0,32,xavier,"(-0.5, 0.5)",20,0.38744083778586424,0.88
[5],0.01,0.01,0.002,0.2,0.9,tanh,adam,0.0,32,he,"(-0.5, 0.5)",20,0.4014188357734796,0.88
[5],0.01,0.01,0.002,0.2,0.9,tanh,adam,0.01,32,xavier,"(-0.5, 0.5)",20,0.4896279127835543,0.84
[5],0.01,0.01,0.002,0.2,0.9,tanh,adam,0.01,32,he,"(-0.5, 0.5)",20,0.4484103511557969,0.8
[5],0.01,0.01,0.002,0.2,0.9,relu,sgd,0.0,32,xavier,"(-0.5, 0.5)",20,0.40230592984882807,0.76
[5],0.01,0.01,0.002,0.2,0.9,relu,sgd,0.0,32,he,"(-0.5, 0.5)",20,0.5664638022724644,0.68
[5],0.01,0.01,0.002,0.2,0.9,relu,sgd,0.01,32,xavier,"(-0.5, 0.5)",20,0.515970953673125,0.76
[5],0.01,0.01,0.002,0.2,0.9,relu,sgd,0.01,32,he,"(-0.5, 0.5)",20,0.5647746060078156,0.68
[5],0.01,0.01,0.002,0.2,0.9,relu,adam,0.0,32,xavier,"(-0.5, 0.5)",20,0.3807933031917637,0.84
[5],0.01,0.01,0.002,0.2,0.9,relu,adam,0.0,32,he,"(-0.5, 0.5)",20,0.23717045108176876,0.96
[5],0.01,0.01,0.002,0.2,0.9,relu,adam,0.01,32,xavier,"(-0.5, 0.5)",20,0.45065730986555663,0.84
[5],0.01,0.01,0.002,0.2,0.9,relu,adam,0.01,32,he,"(-0.5, 0.5)",20,0.4540269187405768,0.8
[5],0.05,0.0,0.0,0.0,0.8,tanh,sgd,0.0,32,xavier,"(-0.5, 0.5)",20,0.3969894759129267,0.8
[5],0.05,0.0,0.0,0.0,0.8,tanh,sgd,0.0,32,he,"(-0.5, 0.5)",20,0.32154334273203034,0.84
[5],0.05,0.0,0.0,0.0,0.8,tanh,sgd,0.01,32,xavier,"(-0.5, 0.5)",20,0.33672520786496213,0.84
[5],0.05,0.0,0.0,0.0,0.8,tanh,sgd,0.01,32,he,"(-0.5, 0.5)",20,0.5224121442035917,0.76
[5],0.05,0.0,0.0,0.0,0.8,tanh,adam,0.0,32,xavier,"(-0.5, 0.5)",20,0.027338125244536694,1.0
[5],0.05,0.0,0.0,0.0,0.8,tanh,adam,0.0,32,he,"(-0.5, 0.5)",20,0.07960235243847388,0.96
[5],0.05,0.0,0.0,0.0,0.8,tanh,adam,0.01,32,xavier,"(-0.5, 0.5)",20,0.06089818721966328,1.0
[5],0.05,0.0,0.0,0.0,0.8,tanh,adam,0.01,32,he,"(-0.5, 0.5)",20,0.02876241066997729,1.0
[5],0.05,0.0,0.0,0.0,0.8,relu,sgd,0.0,32,xavier,"(-0.5, 0.5)",20,0.2584669895139815,0.96
[5],0.05,0.0,0.0,0.0,0.8,relu,sgd,0.0,32,he,"(-0.5, 0.5)",20,0.2841123260521368,0.88
[5],0.05,0.0,0.0,0.0,0.8,relu,sgd,0.01,32,xavier,"(-0.5, 0.5)",20,0.468390713668396,0.68
[5],0.05,0.0,0.0,0.0,0.8,relu,sgd,0.01,32,he,"(-0.5, 0.5)",20,0.43662721163754176,0.76
[5],0.05,0.0,0.0,0.0,0.8,relu,adam,0.0,32,xavier,"(-0.5, 0.5)",20,0.023592570660521166,1.0
[5],0.05,0.0,0.0,0.0,0.8,relu,adam,0.0,32,he,"(-0.5, 0.5)",20,0.004248442185660041,1.0
[5],0.05,0.0,0.0,0.0,0.8,relu,adam,0.01,32,xavier,"(-0.5, 0.5)",20,0.06884022388553598,0.96
[5],0.05,0.0,0.0,0.0,0.8,relu,adam,0.01,32,he,"(-0.5, 0.5)",20,0.009185114834285855,1.0
[5],0.05,0.0,0.0,0.0,0.9,tanh,sgd,0.0,32,xavier,"(-0.5, 0.5)",20,0.34214444743847383,0.88
[5],0.05,0.0,0.0,0.0,0.9,tanh,sgd,0.0,32,he,"(-0.5, 0.5)",20,0.240546189539373,0.92
[5],0.05,0.0,0.0,0.0,0.9,tanh,sgd,0.01,32,xavier,"(-0.5, 0.5)",20,0.2599480215011723,0.92
[5],0.05,0.0,0.0,0.0,0.9,tanh,sgd,0.01,32,he,"(-0.5, 0.5)",20,0.4116871857458718,0.76
[5],0.05,0.0,0.0,0.0,0.9,tanh,adam,0.0,32,xavier,"(-0.5, 0.5)",20,0.035803205755154,1.0
[5],0.05,0.0,0.0,0.0,0.9,tanh,adam,0.0,32,he,"(-0.5, 0.5)",20,0.36484303213889996,0.8
[5],0.05,0.0,0.0,0.0,0.9,tanh,adam,0.01,32,xavier,"(-0.5, 0.5)",20,0.20191537469003112,0.92
[5],0.05,0.0,0.0,0.0,0.9,tanh,adam,0.01,32,he,"(-0.5, 0.5)",20,0.08667861066910616,1.0
[5],0.05,0.0,0.0,0.0,0.9,relu,sgd,0.0,32,xavier,"(-0.5, 0.5)",20,0.43506786257072194,0.72
[5],0.05,0.0,0.0,0.0,0.9,relu,sgd,0.0,32,he,"(-0.5, 0.5)",20,0.16455419314462927,0.92
[5],0.05,0.0,0.0,0.0,0.9,relu,sgd,0.01,32,xavier,"(-0.5, 0.5)",20,0.17297983847317436,0.96
[5],0.05,0.0,0.0,0.0,0.9,relu,sgd,0.01,32,he,"(-0.5, 0.5)",20,0.31530309113523924,0.84
[5],0.05,0.0,0.0,0.0,0.9,relu,adam,0.0,32,xavier,"(-0.5, 0.5)",20,0.11695458529762094,0.88
[5],0.05,0.0,0.0,0.0,0.9,relu,adam,0.0,32,he,"(-0.5, 0.5)",20,0.11240331709159701,0.92
[5],0.05,0.0,0.0,0.0,0.9,relu,adam,0.01,32,xavier,"(-0.5, 0.5)",20,0.20180191498619135,0.92
[5],0.05,0.0,0.0,0.0,0.9,relu,adam,0.01,32,he,"(-0.5, 0.5)",20,0.10670315714647716,0.96
[5],0.05,0.0,0.0,0.1,0.8,tanh,sgd,0.0,32,xavier,"(-0.5, 0.5)",20,0.3576334013225624,0.88
[5],0.05,0.0,0.0,0.1,0.8,tanh,sgd,0.0,32,he,"(-0.5, 0.5)",20,0.3927900935695064,0.76
[5],0.05,0.0,0.0,0.1,0.8,tanh,sgd,0.01,32,xavier,"(-0.5, 0.5)",20,0.3916076293914049,0.84
[5],0.05,0.0,0.0,0.1,0.8,tanh,sgd,0.01,32,he,"(-0.5, 0.5)",20,0.4434519181370002,0.76
[5],0.05,0.0,0.0,0.1,0.8,tanh,adam,0.0,32,xavier,"(-0.5, 0.5)",20,0.059519904189070424,1.0
[5],0.05,0.0,0.0,0.1,0.8,tanh,adam,0.0,32,he,"(-0.5, 0.5)",20,0.08371738987155279,1.0
[5],0.05,0.0,0.0,0.1,0.8,tanh,adam,0.01,32,xavier,"(-0.5, 0.5)",20,0.256789229070889,0.88
[5],0.05,0.0,0.0,0.1,0.8,tanh,adam,0.01,32,he,"(-0.5, 0.5)",20,0.1374566474508659,1.0
[5],0.05,0.0,0.0,0.1,0.8,relu,sgd,0.0,32,xavier,"(-0.5, 0.5)",20,0.4369938734053148,0.84
[5],0.05,0.0,0.0,0.1,0.8,relu,sgd,0.0,32,he,"(-0.5, 0.5)",20,0.31045119114598413,0.8
[5],0.05,0.0,0.0,0.1,0.8,relu,sgd,0.01,32,xavier,"(-0.5, 0.5)",20,0.39596364914685883,0.84
[5],0.05,0.0,0.0,0.1,0.8,relu,sgd,0.01,32,he,"(-0.5, 0.5)",20,0.2992488516898531,0.76
[5],0.05,0.0,0.0,0.1,0.8,relu,adam,0.0,32,xavier,"(-0.5, 0.5)",20,0.3787867253872371,0.88
[5],0.05,0.0,0.0,0.1,0.8,relu,adam,0.0,32,he,"(-0.5, 0.5)",20,0.26763600853199354,0.8
[5],0.05,0.0,0.0,0.1,0.8,relu,adam,0.01,32,xavier,"(-0.5, 0.5)",20,0.2784846420210303,0.92
[5],0.05,0.0,0.0,0.1,0.8,relu,adam,0.01,32,he,"(-0.5, 0.5)",20,0.02836265143860202,1.0
[5],0.05,0.0,0.0,0.1,0.9,tanh,sgd,0.0,32,xavier,"(-0.5, 0.5)",20,0.27001250649624975,0.92
[5],0.05,0.0,0.0,0.1,0.9,tanh,sgd,0.0,32,he,"(-0.5, 0.5)",20,0.4209339866971711,0.76
[5],0.05,0.0,0.0,0.1,0.9,tanh,sgd,0.01,32,xavier,"(-0.5, 0.5)",20,0.36678241903592246,0.84
[5],0.05,0.0,0.0,0.1,0.9,tanh,sgd,0.01,32,he,"(-0.5, 0.5)",20,0.3582691516013293,0.8
[5],0.05,0.0,0.0,0.1,0.9,tanh,adam,0.0,32,xavier,"(-0.5, 0.5)",20,0.05918455029218421,1.0
[5],0.05,0.0,0.0,0.1,0.9,tanh,adam,0.0,32,he,"(-0.5, 0.5)",20,0.0449618261896409,1.0
[5],0.05,0.0,0.0,0.1,0.9,tanh,adam,0.01,32,xavier,"(-0.5, 0.5)",20,0.08832841921676307,0.96
[5],0.05,0.0,0.0,0.1,0.9,tanh,adam,0.01,32,he,"(-0.5, 0.5)",20,0.033399766891888144,1.0
[5],0.05,0.0,0.0,0.1,0.9,relu,sgd,0.0,32,xavier,"(-0.5, 0.5)",20,0.1361317393429993,1.0
[5],0.05,0.0,0.0,0.1,0.9,relu,sgd,0.0,32,he,"(-0.5, 0.5)",20,0.1616123553647619,0.92
[5],0.05,0.0,0.0,0.1,0.9,relu,sgd,0.01,32,xavier,"(-0.5, 0.5)",20,0.4069775051069998,0.84
[5],0.05,0.0,0.0,0.1,0.9,relu,sgd,0.01,32,he,"(-0.5, 0.5)",20,0.1351700366554496,0.92
[5],0.05,0.0,0.0,0.1,0.9,relu,adam,0.0,32,xavier,"(-0.5, 0.5)",20,0.3877658524190865,0.84
[5],0.05,0.0,0.0,0.1,0.9,relu,adam,0.0,32,he,"(-0.5, 0.5)",20,0.1566955977486066,0.96
[5],0.05,0.0,0.0,0.1,0.9,relu,adam,0.01,32,xavier,"(-0.5, 0.5)",20,0.09385697254533412,1.0
[5],0.05,0.0,0.0,0.1,0.9,relu,adam,0.01,32,he,"(-0.5, 0.5)",20,0.09851968574272645,1.0
[5],0.05,0.0,0.0,0.2,0.8,tanh,sgd,0.0,32,xavier,"(-0.5, 0.5)",20,0.4081877078252997,0.8
[5],0.05,0.0,0.0,0.2,0.8,tanh,sgd,0.0,32,he,"(-0.5, 0.5)",20,0.34569858869604564,0.88
[5],0.05,0.0,0.0,0.2,0.8,tanh,sgd,0.01,32,xavier,"(-0.5, 0.5)",20,0.45916089822667416,0.8
[5],0.05,0.0,0.0,0.2,0.8,tanh,sgd,0.01,32,he,"(-0.5, 0.5)",20,0.43887827769880744,0.84
[5],0.05,0.0,0.0,0.2,0.8,tanh,adam,0.0,32,xavier,"(-0.5, 0.5)",20,0.11459881077952776,1.0
[5],0.05,0.0,0.0,0.2,0.8,tanh,adam,0.0,32,he,"(-0.5, 0.5)",20,0.03749129554351353,1.0
[5],0.05,0.0,0.0,0.2,0.8,tanh,adam,0.01,32,xavier,"(-0.5, 0.5)",20,0.14072535430930025,0.96
[5],0.05,0.0,0.0,0.2,0.8,tanh,adam,0.01,32,he,"(-0.5, 0.5)",20,0.29485545393771917,0.88
[5],0.05,0.0,0.0,0.2,0.8,relu,sgd,0.0,32,xavier,"(-0.5, 0.5)",20,0.3321863532982906,0.92
[5],0.05,0.0,0.0,0.2,0.8,relu,sgd,0.0,32,he,"(-0.5, 0.5)",20,0.5116596814697758,0.76
[5],0.05,0.0,0.0,0.2,0.8,relu,sgd,0.01,32,xavier,"(-0.5, 0.5)",20,0.3764751049223243,0.92
[5],0.05,0.0,0.0,0.2,0.8,relu,sgd,0.01,32,he,"(-0.5, 0.5)",20,0.5092988415777181,0.76
[5],0.05,0.0,0.0,0.2,0.8,relu,adam,0.0,32,xavier,"(-0.5, 0.5)",20,0.23866381548129176,0.84
[5],0.05,0.0,0.0,0.2,0.8,relu,adam,0.0,32,he,"(-0.5, 0.5)",20,0.188386641019873,1.0
[5],0.05,0.0,0.0,0.2,0.8,relu,adam,0.01,32,xavier,"(-0.5, 0.5)",20,0.094462607273618,0.96
[5],0.05,0.0,0.0,0.2,0.8,relu,adam,0.01,32,he,"(-0.5, 0.5)",20,0.13009034185767326,0.96
[5],0.05,0.0,0.0,0.2,0.9,tanh,sgd,0.0,32,xavier,"(-0.5, 0.5)",20,0.3655001927573614,0.88
[5],0.05,0.0,0.0,0.2,0.9,tanh,sgd,0.0,32,he,"(-0.5, 0.5)",20,0.20605714737464603,1.0
[5],0.05,0.0,0.0,0.2,0.9,tanh,sgd,0.01,32,xavier,"(-0.5, 0.5)",20,0.3418795028294227,0.8
[5],0.05,0.0,0.0,0.2,0.9,tanh,sgd,0.01,32,he,"(-0.5, 0.5)",20,0.3285786830128918,0.88
[5],0.05,0.0,0.0,0.2,0.9,tanh,adam,0.0,32,xavier,"(-0.5, 0.5)",20,0.06492903437334803,1.0
[5],0.05,0.0,0.0,0.2,0.9,tanh,adam,0.0,32,he,"(-0.5, 0.5)",20,0.13269704987847514,1.0
[5],0.05,0.0,0.0,0.2,0.9,tanh,adam,0.01,32,xavier,"(-0.5, 0.5)",20,0.16147038694494964,0.96
[5],0.05,0.0,0.0,0.2,0.9,tanh,adam,0.01,32,he,"(-0.5, 0.5)",20,0.39977957536931624,0.8
[5],0.05,0.0,0.0,0.2,0.9,relu,sgd,0.0,32,xavier,"(-0.5, 0.5)",20,0.4360330627506611,0.76
[5],0.05,0.0,0.0,0.2,0.9,relu,sgd,0.0,32,he,"(-0.5, 0.5)",20,0.4010196651683093,0.8
[5],0.05,0.0,0.0,0.2,0.9,relu,sgd,0.01,32,xavier,"(-0.5, 0.5)",20,0.21741658425342153,1.0
[5],0.05,0.0,0.0,0.2,0.9,relu,sgd,0.01,32,he,"(-0.5, 0.5)",20,0.41438967989357495,0.84
[5],0.05,0.0,0.0,0.2,0.9,relu,adam,0.0,32,xavier,"(-0.5, 0.5)",20,0.4404706965987022,0.88
[5],0.05,0.0,0.0,0.2,0.9,relu,adam,0.0,32,he,"(-0.5, 0.5)",20,0.15762091881293752,0.92
[5],0.05,0.0,0.0,0.2,0.9,relu,adam,0.01,32,xavier,"(-0.5, 0.5)",20,0.23483306962057068,0.92
[5],0.05,0.0,0.0,0.2,0.9,relu,adam,0.01,32,he,"(-0.5, 0.5)",20,0.14643780550017044,0.92
[5],0.05,0.0,0.002,0.0,0.8,tanh,sgd,0.0,32,xavier,"(-0.5, 0.5)",20,0.45329796468774497,0.88
[5],0.05,0.0,0.002,0.0,0.8,tanh,sgd,0.0,32,he,"(-0.5, 0.5)",20,0.41565627519601833,0.8
[5],0.05,0.0,0.002,0.0,0.8,tanh,sgd,0.01,32,xavier,"(-0.5, 0.5)",20,0.39086989288959595,0.8
[5],0.05,0.0,0.002,0.0,0.8,tanh,sgd,0.01,32,he,"(-0.5, 0.5)",20,0.48632788027493773,0.76
[5],0.05,0.0,0.002,0.0,0.8,tanh,adam,0.0,32,xavier,"(-0.5, 0.5)",20,0.035796139232899614,1.0
[5],0.05,0.0,0.002,0.0,0.8,tanh,adam,0.0,32,he,"(-0.5, 0.5)",20,0.04751857765768509,1.0
[5],0.05,0.0,0.002,0.0,0.8,tanh,adam,0.01,32,xavier,"(-0.5, 0.5)",20,0.24110783561013668,0.88
[5],0.05,0.0,0.002,0.0,0.8,tanh,adam,0.01,32,he,"(-0.5, 0.5)",20,0.056876775995208705,1.0
[5],0.05,0.0,0.002,0.0,0.8,relu,sgd,0.0,32,xavier,"(-0.5, 0.5)",20,0.29736562844084335,0.84
[5],0.05,0.0,0.002,0.0,0.8,relu,sgd,0.0,32,he,"(-0.5, 0.5)",20,0.3670482096152293,0.8
[5],0.05,0.0,0.002,0.0,0.8,relu,sgd,0.01,32,xavier,"(-0.5, 0.5)",20,0.4569115052043425,0.84
[5],0.05,0.0,0.002,0.0,0.8,relu,sgd,0.01,32,he,"(-0.5, 0.5)",20,0.16395879907962066,0.96
[5],0.05,0.0,0.002,0.0,0.8,relu,adam,0.0,32,xavier,"(-0.5, 0.5)",20,0.008297664513786513,1.0
[5],0.05,0.0,0.002,0.0,0.8,relu,adam,0.0,32,he,"(-0.5, 0.5)",20,0.00956365512267798,1.0
[5],0.05,0.0,0.002,0.0,0.8,relu,adam,0.01,32,xavier,"(-0.5, 0.5)",20,0.08489828207545135,1.0
[5],0.05,0.0,0.002,0.0,0.8,relu,adam,0.01,32,he,"(-0.5, 0.5)",20,0.15168238251775865,0.92
[5],0.05,0.0,0.002,0.0,0.9,tanh,sgd,0.0,32,xavier,"(-0.5, 0.5)",20,0.24054506436286704,0.88
[5],0.05,0.0,0.002,0.0,0.9,tanh,sgd,0.0,32,he,"(-0.5, 0.5)",20,0.45170937602183187,0.84
[5],0.05,0.0,0.002,0.0,0.9,tanh,sgd,0.01,32,xavier,"(-0.5, 0.5)",20,0.24660461952577814,0.88
[5],0.05,0.0,0.002,0.0,0.9,tanh,sgd,0.01,32,he,"(-0.5, 0.5)",20,0.32305784585596126,0.92
[5],0.05,0.0,0.002,0.0,0.9,tanh,adam,0.0,32,xavier,"(-0.5, 0.5)",20,0.38941545435591224,0.72
[5],0.05,0.0,0.002,0.0,0.9,tanh,adam,0.0,32,he,"(-0.5, 0.5)",20,0.040039993087935204,1.0
[5],0.05,0.0,0.002,0.0,0.9,tanh,adam,0.01,32,xavier,"(-0.5, 0.5)",20,0.04445129945119624,1.0
[5],0.05,0.0,0.002,0.0,0.9,tanh,adam,0.01,32,he,"(-0.5, 0.5)",20,0.08420540468295463,0.96
[5],0.05,0.0,0.002,0.0,0.9,relu,sgd,0.0,32,xavier,"(-0.5, 0.5)",20,0.0999368440115449,1.0
[5],0.05,0.0,0.002,0.0,0.9,relu,sgd,0.0,32,he,"(-0.5, 0.5)",20,0.3301874590139667,0.88
[5],0.05,0.0,0.002,0.0,0.9,relu,sgd,0.01,32,xavier,"(-0.5, 0.5)",20,0.352961917342819,0.8
[5],0.05,0.0,0.002,0.0,0.9,relu,sgd,0.01,32,he,"(-0.5, 0.5)",20,0.2160139492129243,0.84
[5],0.05,0.0,0.002,0.0,0.9,relu,adam,0.0,32,xavier,"(-0.5, 0.5)",20,0.09692997366324499,0.92
[5],0.05,0.0,0.002,0.0,0.9,relu,adam,0.0,32,he,"(-0.5, 0.5)",20,0.015051013663847795,1.0
[5],0.05,0.0,0.002,0.0,0.9,relu,adam,0.01,32,xavier,"(-0.5, 0.5)",20,0.19158138157677454,0.88
[5],0.05,0.0,0.002,0.0,0.9,relu,adam,0.01,32,he,"(-0.5, 0.5)",20,0.015573464913927425,1.0
[5],0.05,0.0,0.002,0.1,0.8,tanh,sgd,0.0,32,xavier,"(-0.5, 0.5)",20,0.45721530884383105,0.8
[5],0.05,0.0,0.002,0.1,0.8,tanh,sgd,0.0,32,he,"(-0.5, 0.5)",20,0.3698927454126403,0.76
[5],0.05,0.0,0.002,0.1,0.8,tanh,sgd,0.01,32,xavier,"(-0.5, 0.5)",20,0.4600301382418239,0.84
[5],0.05,0.0,0.002,0.1,0.8,tanh,sgd,0.01,32,he,"(-0.5, 0.5)",20,0.5585850651329792,0.72
[5],0.05,0.0,0.002,0.1,0.8,tanh,adam,0.0,32,xavier,"(-0.5, 0.5)",20,0.07257994944491908,1.0
[5],0.05,0.0,0.002,0.1,0.8,tanh,adam,0.0,32,he,"(-0.5, 0.5)",20,0.3464891793614797,0.8
[5],0.05,0.0,0.002,0.1,0.8,tanh,adam,0.01,32,xavier,"(-0.5, 0.5)",20,0.11701210003374446,0.96
[5],0.05,0.0,0.002,0.1,0.8,tanh,adam,0.01,32,he,"(-0.5, 0.5)",20,0.09102673943632439,1.0
[5],0.05,0.0,0.002,0.1,0.8,relu,sgd,0.0,32,xavier,"(-0.5, 0.5)",20,0.18617750159030266,0.96
[5],0.05,0.0,0.002,0.1,0.8,relu,sgd,0.0,32,he,"(-0.5, 0.5)",20,0.26691015959681574,0.92
[5],0.05,0.0,0.002,0.1,0.8,relu,sgd,0.01,32,xavier,"(-0.5, 0.5)",20,0.3458875164914947,0.8
[5],0.05,0.0,0.002,0.1,0.8,relu,sgd,0.01,32,he,"(-0.5, 0.5)",20,0.3221318838160905,0.88
[5],0.05,0.0,0.002,0.1,0.8,relu,adam,0.0,32,xavier,"(-0.5, 0.5)",20,0.11554478135956098,0.96
[5],0.05,0.0,0.002,0.1,0.8,relu,adam,0.0,32,he,"(-0.5, 0.5)",20,0.07227877960192518,0.96
[5],0.05,0.0,0.002,0.1,0.8,relu,adam,0.01,32,xavier,"(-0.5, 0.5)",20,0.17205346643028652,0.92
[5],0.05,0.0,0.002,0.1,0.8,relu,adam,0.01,32,he,"(-0.5, 0.5)",20,0.17039854924479947,0.96
[5],0.05,0.0,0.002,0.1,0.9,tanh,sgd,0.0,32,xavier,"(-0.5, 0.5)",20,0.2757162793333628,0.92
[5],0.05,0.0,0.002,0.1,0.9,tanh,sgd,0.0,32,he,"(-0.5, 0.5)",20,0.15900972963726998,1.0
[5],0.05,0.0,0.002,0.1,0.9,tanh,sgd,0.01,32,xavier,"(-0.5, 0.5)",20,0.21457843252121614,0.96
[5],0.05,0.0,0.002,0.1,0.9,tanh,sgd,0.01,32,he,"(-0.5, 0.5)",20,0.28166833155510285,0.88
[5],0.05,0.0,0.002,0.1,0.9,tanh,adam,0.0,32,xavier,"(-0.5, 0.5)",20,0.2054038804301298,0.88
[5],0.05,0.0,0.002,0.1,0.9,tanh,adam,0.0,32,he,"(-0.5, 0.5)",20,0.057064081064956175,1.0
[5],0.05,0.0,0.002,0.1,0.9,tanh,adam,0.01,32,xavier,"(-0.5, 0.5)",20,0.2348358408491146,0.92
[5],0.05,0.0,0.002,0.1,0.9,tanh,adam,0.01,32,he,"(-0.5, 0.5)",20,0.08320165685815885,1.0
[5],0.05,0.0,0.002,0.1,0.9,relu,sgd,0.0,32,xavier,"(-0.5, 0.5)",20,0.5054220830730237,0.76
[5],0.05,0.0,0.002,0.1,0.9,relu,sgd,0.0,32,he,"(-0.5, 0.5)",20,0.1569692422450612,0.88
[5],0.05,0.0,0.002,0.1,0.9,relu,sgd,0.01,32,xavier,"(-0.5, 0.5)",20,0.2989400847361487,0.88
[5],0.05,0.0,0.002,0.1,0.9,relu,sgd,0.01,32,he,"(-0.5, 0.5)",20,0.23917674707509484,0.88
[5],0.05,0.0,0.002,0.1,0.9,relu,adam,0.0,32,xavier,"(-0.5, 0.5)",20,0.06272664527438383,1.0
[5],0.05,0.0,0.002,0.1,0.9,relu,adam,0.0,32,he,"(-0.5, 0.5)",20,0.28404453689167336,0.84
[5],0.05,0.0,0.002,0.1,0.9,relu,adam,0.01,32,xavier,"(-0.5, 0.5)",20,0.18472143024418186,0.88
[5],0.05,0.0,0.002,0.1,0.9,relu,adam,0.01,32,he,"(-0.5, 0.5)",20,0.11732874660953622,0.92
[5],0.05,0.0,0.002,0.2,0.8,tanh,sgd,0.0,32,xavier,"(-0.5, 0.5)",20,0.3565777721534822,0.8
[5],0.05,0.0,0.002,0.2,0.8,tanh,sgd,0.0,32,he,"(-0.5, 0.5)",20,0.46584091595288735,0.8
[5],0.05,0.0,0.002,0.2,0.8,tanh,sgd,0.01,32,xavier,"(-0.5, 0.5)",20,0.41695319846429624,0.76
[5],0.05,0.0,0.002,0.2,0.8,tanh,sgd,0.01,32,he,"(-0.5, 0.5)",20,0.5142151836767322,0.8
[5],0.05,0.0,0.002,0.2,0.8,tanh,adam,0.0,32,xavier,"(-0.5, 0.5)",20,0.16695169999332837,0.92
[5],0.05,0.0,0.002,0.2,0.8,tanh,adam,0.0,32,he,"(-0.5, 0.5)",20,0.30873077043341596,0.88
[5],0.05,0.0,0.002,0.2,0.8,tanh,adam,0.01,32,xavier,"(-0.5, 0.5)",20,0.381127374132332,0.88
[5],0.05,0.0,0.002,0.2,0.8,tanh,adam,0.01,32,he,"(-0.5, 0.5)",20,0.37589748606550544,0.84
[5],0.05,0.0,0.002,0.2,0.8,relu,sgd,0.0,32,xavier,"(-0.5, 0.5)",20,0.49923480300578976,0.8
[5],0.05,0.0,0.002,0.2,0.8,relu,sgd,0.0,32,he,"(-0.5, 0.5)",20,0.326702084602412,0.84
[5],0.05,0.0,0.002,0.2,0.8,relu,sgd,0.01,32,xavier,"(-0.5, 0.5)",20,0.38933219317883394,0.84
[5],0.05,0.0,0.002,0.2,0.8,relu,sgd,0.01,32,he,"(-0.5, 0.5)",20,0.4928109688567711,0.8
[5],0.05,0.0,0.002,0.2,0.8,relu,adam,0.0,32,xavier,"(-0.5, 0.5)",20,0.17161642626782878,0.92
[5],0.05,0.0,0.002,0.2,0.8,relu,adam,0.0,32,he,"(-0.5, 0.5)",20,0.17899796998820838,0.96
[5],0.05,0.0,0.002,0.2,0.8,relu,adam,0.01,32,xavier,"(-0.5, 0.5)",20,0.13235314461453038,0.92
[5],0.05,0.0,0.002,0.2,0.8,relu,adam,0.01,32,he,"(-0.5, 0.5)",20,0.24861176161020584,0.92
[5],0.05,0.0,0.002,0.2,0.9,tanh,sgd,0.0,32,xavier,"(-0.5, 0.5)",20,0.3298942537266461,0.96
[5],0.05,0.0,0.002,0.2,0.9,tanh,sgd,0.0,32,he,"(-0.5, 0.5)",20,0.3627318929485258,0.84
[5],0.05,0.0,0.002,0.2,0.9,tanh,sgd,0.01,32,xavier,"(-0.5, 0.5)",20,0.4321746828988035,0.8
[5],0.05,0.0,0.002,0.2,0.9,tanh,sgd,0.01,32,he,"(-0.5, 0.5)",20,0.1999303513931963,0.96
[5],0.05,0.0,0.002,0.2,0.9,tanh,adam,0.0,32,xavier,"(-0.5, 0.5)",20,0.34685579266049377,0.84
[5],0.05,0.0,0.002,0.2,0.9,tanh,adam,0.0,32,he,"(-0.5, 0.5)",20,0.2929793496143439,0.84
[5],0.05,0.0,0.002,0.2,0.9,tanh,adam,0.01,32,xavier,"(-0.5, 0.5)",20,0.3145453746877441,0.88
[5],0.05,0.0,0.002,0.2,0.9,tanh,adam,0.01,32,he,"(-0.5, 0.5)",20,0.12804320013182616,0.96
[5],0.05,0.0,0.002,0.2,0.9,relu,sgd,0.0,32,xavier,"(-0.5, 0.5)",20,0.19838233337816946,0.96
[5],0.05,0.0,0.002,0.2,0.9,relu,sgd,0.0,32,he,"(-0.5, 0.5)",20,0.2654625089300415,0.96
[5],0.05,0.0,0.002,0.2,0.9,relu,sgd,0.01,32,xavier,"(-0.5, 0.5)",20,0.3396896464508627,0.92
[5],0.05,0.0,0.002,0.2,0.9,relu,sgd,0.01,32,he,"(-0.5, 0.5)",20,0.3833826001257444,0.76
[5],0.05,0.0,0.002,0.2,0.9,relu,adam,0.0,32,xavier,"(-0.5, 0.5)",20,0.2604293746753252,0.92
[5],0.05,0.0,0.002,0.2,0.9,relu,adam,0.0,32,he,"(-0.5, 0.5)",20,0.06798435384468098,1.0
[5],0.05,0.0,0.002,0.2,0.9,relu,adam,0.01,32,xavier,"(-0.5, 0.5)",20,0.22920081763169614,0.92
[5],0.05,0.0,0.002,0.2,0.9,relu,adam,0.01,32,he,"(-0.5, 0.5)",20,0.162367382062207,0.96
[5],0.05,0.005,0.0,0.0,0.8,tanh,sgd,0.0,32,xavier,"(-0.5, 0.5)",20,0.37559536142030275,0.8
[5],0.05,0.005,0.0,0.0,0.8,tanh,sgd,0.0,32,he,"(-0.5, 0.5)",20,0.31854749300101803,0.84
[5],0.05,0.005,0.0,0.0,0.8,tanh,sgd,0.01,32,xavier,"(-0.5, 0.5)",20,0.3678484200014954,0.84
[5],0.05,0.005,0.0,0.0,0.8,tanh,sgd,0.01,32,he,"(-0.5, 0.5)",20,0.42712550531308907,0.92
[5],0.05,0.005,0.0,0.0,0.8,tanh,adam,0.0,32,xavier,"(-0.5, 0.5)",20,0.04338255009521089,1.0
[5],0.05,0.005,0.0,0.0,0.8,tanh,adam,0.0,32,he,"(-0.5, 0.5)",20,0.054648081967975805,1.0
[5],0.05,0.005,0.0,0.0,0.8,tanh,adam,0.01,32,xavier,"(-0.5, 0.5)",20,0.07263736704057307,1.0
[5],0.05,0.005,0.0,0.0,0.8,tanh,adam,0.01,32,he,"(-0.5, 0.5)",20,0.05512747614177014,1.0
[5],0.05,0.005,0.0,0.0,0.8,relu,sgd,0.0,32,xavier,"(-0.5, 0.5)",20,0.21411128541187235,1.0
[5],0.05,0.005,0.0,0.0,0.8,relu,sgd,0.0,32,he,"(-0.5, 0.5)",20,0.24209507074899894,0.92
[5],0.05,0.005,0.0,0.0,0.8,relu,sgd,0.01,32,xavier,"(-0.5, 0.5)",20,0.38480728863167807,0.92
[5],0.05,0.005,0.0,0.0,0.8,relu,sgd,0.01,32,he,"(-0.5, 0.5)",20,0.4310763976015336,0.84
[5],0.05,0.005,0.0,0.0,0.8,relu,adam,0.0,32,xavier,"(-0.5, 0.5)",20,0.12156055263667238,1.0
[5],0.05,0.005,0.0,0.0,0.8,relu,adam,0.0,32,he,"(-0.5, 0.5)",20,0.02976066136519436,1.0
[5],0.05,0.005,0.0,0.0,0.8,relu,adam,0.01,32,xavier,"(-0.5, 0.5)",20,0.20320008640053186,0.88
[5],0.05,0.005,0.0,0.0,0.8,relu,adam,0.01,32,he,"(-0.5, 0.5)",20,0.05662289803327279,1.0
[5],0.05,0.005,0.0,0.0,0.9,tanh,sgd,0.0,32,xavier,"(-0.5, 0.5)",20,0.40972897418116183,0.76
[5],0.05,0.005,0.0,0.0,0.9,tanh,sgd,0.0,32,he,"(-0.5, 0.5)",20,0.10484986959144385,1.0
[5],0.05,0.005,0.0,0.0,0.9,tanh,sgd,0.01,32,xavier,"(-0.5, 0.5)",20,0.2727498255915638,0.92
[5],0.05,0.005,0.0,0.0,0.9,tanh,sgd,0.01,32,he,"(-0.5, 0.5)",20,0.3079993734598284,0.88
[5],0.05,0.005,0.0,0.0,0.9,tanh,adam,0.0,32,xavier,"(-0.5, 0.5)",20,0.08708784158433397,1.0
[5],0.05,0.005,0.0,0.0,0.9,tanh,adam,0.0,32,he,"(-0.5, 0.5)",20,0.05511890986974829,1.0
[5],0.05,0.005,0.0,0.0,0.9,tanh,adam,0.01,32,xavier,"(-0.5, 0.5)",20,0.06198098082445542,1.0
[5],0.05,0.005,0.0,0.0,0.9,tanh,adam,0.01,32,he,"(-0.5, 0.5)",20,0.08796501617798602,1.0
[5],0.05,0.005,0.0,0.0,0.9,relu,sgd,0.0,32,xavier,"(-0.5, 0.5)",20,0.26139797762653005,0.92
[5],0.05,0.005,0.0,0.0,0.9,relu,sgd,0.0,32,he,"(-0.5, 0.5)",20,0.16890892723195147,0.92
[5],0.05,0.005,0.0,0.0,0.9,relu,sgd,0.01,32,xavier,"(-0.5, 0.5)",20,0.2414155126256868,0.92
[5],0.05,0.005,0.0,0.0,0.9,relu,sgd,0.01,32,he,"(-0.5, 0.5)",20,0.45768931980860483,0.84
[5],0.05,0.005,0.0,0.0,0.9,relu,adam,0.0,32,xavier,"(-0.5, 0.5)",20,0.07295091427698994,1.0
[5],0.05,0.005,0.0,0.0,0.9,relu,adam,0.0,32,he,"(-0.5, 0.5)",20,0.1435952269322247,1.0
[5],0.05,0.005,0.0,0.0,0.9,relu,adam,0.01,32,xavier,"(-0.5, 0.5)",20,0.1559540664853521,1.0
[5],0.05,0.005,0.0,0.0,0.9,relu,adam,0.01,32,he,"(-0.5, 0.5)",20,0.12713505042569218,0.92
[5],0.05,0.005,0.0,0.1,0.8,tanh,sgd,0.0,32,xavier,"(-0.5, 0.5)",20,0.31663276912810695,0.8
[5],0.05,0.005,0.0,0.1,0.8,tanh,sgd,0.0,32,he,"(-0.5, 0.5)",20,0.4164873737533439,0.8
[5],0.05,0.005,0.0,0.1,0.8,tanh,sgd,0.01,32,xavier,"(-0.5, 0.5)",20,0.49913949810486824,0.84
[5],0.05,0.005,0.0,0.1,0.8,tanh,sgd,0.01,32,he,"(-0.5, 0.5)",20,0.4690849981360607,0.8
[5],0.05,0.005,0.0,0.1,0.8,tanh,adam,0.0,32,xavier,"(-0.5, 0.5)",20,0.06237187691202287,1.0
[5],0.05,0.005,0.0,0.1,0.8,tanh,adam,0.0,32,he,"(-0.5, 0.5)",20,0.06217896237853564,1.0
[5],0.05,0.005,0.0,0.1,0.8,tanh,adam,0.01,32,xavier,"(-0.5, 0.5)",20,0.08050021696520221,1.0
[5],0.05,0.005,0.0,0.1,0.8,tanh,adam,0.01,32,he,"(-0.5, 0.5)",20,0.08764317538368713,1.0
[5],0.05,0.005,0.0,0.1,0.8,relu,sgd,0.0,32,xavier,"(-0.5, 0.5)",20,0.42335633735283335,0.76
[5],0.05,0.005,0.0,0.1,0.8,relu,sgd,0.0,32,he,"(-0.5, 0.5)",20,0.40319774124860425,0.88
[5],0.05,0.005,0.0,0.1,0.8,relu,sgd,0.01,32,xavier,"(-0.5, 0.5)",20,0.28016401887369186,0.88
[5],0.05,0.005,0.0,0.1,0.8,relu,sgd,0.01,32,he,"(-0.5, 0.5)",20,0.4543193107251183,0.88
[5],0.05,0.005,0.0,0.1,0.8,relu,adam,0.0,32,xavier,"(-0.5, 0.5)",20,0.3433672267146415,0.92
[5],0.05,0.005,0.0,0.1,0.8,relu,adam,0.0,32,he,"(-0.5, 0.5)",20,0.1102271787315188,1.0
[5],0.05,0.005,0.0,0.1,0.8,relu,adam,0.01,32,xavier,"(-0.5, 0.5)",20,0.2553054058752099,0.92
[5],0.05,0.005,0.0,0.1,0.8,relu,adam,0.01,32,he,"(-0.5, 0.5)",20,0.06677252089275987,1.0
[5],0.05,0.005,0.0,0.1,0.9,tanh,sgd,0.0,32,xavier,"(-0.5, 0.5)",20,0.34139357149809463,0.76
[5],0.05,0.005,0.0,0.1,0.9,tanh,sgd,0.0,32,he,"(-0.5, 0.5)",20,0.22383060592141463,0.92
[5],0.05,0.005,0.0,0.1,0.9,tanh,sgd,0.01,32,xavier,"(-0.5, 0.5)",20,0.5006888096937985,0.8
[5],0.05,0.005,0.0,0.1,0.9,tanh,sgd,0.01,32,he,"(-0.5, 0.5)",20,0.2678180002930596,0.92
[5],0.05,0.005,0.0,0.1,0.9,tanh,adam,0.0,32,xavier,"(-0.5, 0.5)",20,0.07946290399804612,1.0
[5],0.05,0.005,0.0,0.1,0.9,tanh,adam,0.0,32,he,"(-0.5, 0.5)",20,0.10300310780925562,1.0
[5],0.05,0.005,0.0,0.1,0.9,tanh,adam,0.01,32,xavier,"(-0.5, 0.5)",20,0.1782591746406218,0.96
[5],0.05,0.005,0.0,0.1,0.9,tanh,adam,0.01,32,he,"(-0.5, 0.5)",20,0.1358202680570389,1.0
[5],0.05,0.005,0.0,0.1,0.9,relu,sgd,0.0,32,xavier,"(-0.5, 0.5)",20,0.2597776742045262,0.92
[5],0.05,0.005,0.0,0.1,0.9,relu,sgd,0.0,32,he,"(-0.5, 0.5)",20,0.38697172890892945,0.76
[5],0.05,0.005,0.0,0.1,0.9,relu,sgd,0.01,32,xavier,"(-0.5, 0.5)",20,0.37666502834243876,0.88
[5],0.05,0.005,0.0,0.1,0.9,relu,sgd,0.01,32,he,"(-0.5, 0.5)",20,0.357969183618404,0.84
[5],0.05,0.005,0.0,0.1,0.9,relu,adam,0.0,32,xavier,"(-0.5, 0.5)",20,0.12620344503133374,0.92
[5],0.05,0.005,0.0,0.1,0.9,relu,adam,0.0,32,he,"(-0.5, 0.5)",20,0.11155787500302863,1.0
[5],0.05,0.005,0.0,0.1,0.9,relu,adam,0.01,32,xavier,"(-0.5, 0.5)",20,0.30932926587005577,0.84
[5],0.05,0.005,0.0,0.1,0.9,relu,adam,0.01,32,he,"(-0.5, 0.5)",20,0.3204713517931233,0.92
[5],0.05,0.005,0.0,0.2,0.8,tanh,sgd,0.0,32,xavier,"(-0.5, 0.5)",20,0.4588727471409813,0.8
[5],0.05,0.005,0.0,0.2,0.8,tanh,sgd,0.0,32,he,"(-0.5, 0.5)",20,0.36445474996893906,0.8
[5],0.05,0.005,0.0,0.2,0.8,tanh,sgd,0.01,32,xavier,"(-0.5, 0.5)",20,0.3833176056533668,0.8
[5],0.05,0.005,0.0,0.2,0.8,tanh,sgd,0.01,32,he,"(-0.5, 0.5)",20,0.4164045016804363,0.8
[5],0.05,0.005,0.0,0.2,0.8,tanh,adam,0.0,32,xavier,"(-0.5, 0.5)",20,0.21701926212285416,0.92
[5],0.05,0.005,0.0,0.2,0.8,tanh,adam,0.0,32,he,"(-0.5, 0.5)",20,0.13470487901257133,0.96
[5],0.05,0.005,0.0,0.2,0.8,tanh,adam,0.01,32,xavier,"(-0.5, 0.5)",20,0.13034211645024546,1.0
[5],0.05,0.005,0.0,0.2,0.8,tanh,adam,0.01,32,he,"(-0.5, 0.5)",20,0.2120661346205279,0.92
[5],0.05,0.005,0.0,0.2,0.8,relu,sgd,0.0,32,xavier,"(-0.5, 0.5)",20,0.43586345046528613,0.8
[5],0.05,0.005,0.0,0.2,0.8,relu,sgd,0.0,32,he,"(-0.5, 0.5)",20,0.33199436986668657,0.84
[5],0.05,0.005,0.0,0.2,0.8,relu,sgd,0.01,32,xavier,"(-0.5, 0.5)",20,0.33797115113276843,0.84
[5],0.05,0.005,0.0,0.2,0.8,relu,sgd,0.01,32,he,"(-0.5, 0.5)",20,0.3271626024857231,0.92
[5],0.05,0.005,0.0,0.2,0.8,relu,adam,0.0,32,xavier,"(-0.5, 0.5)",20,0.15360803426832198,0.96
[5],0.05,0.005,0.0,0.2,0.8,relu,adam,0.0,32,he,"(-0.5, 0.5)",20,0.19480120614809537,0.92
[5],0.05,0.005,0.0,0.2,0.8,relu,adam,0.01,32,xavier,"(-0.5, 0.5)",20,0.16893407568405153,0.96
[5],0.05,0.005,0.0,0.2,0.8,relu,adam,0.01,32,he,"(-0.5, 0.5)",20,0.24053500836854974,0.92
[5],0.05,0.005,0.0,0.2,0.9,tanh,sgd,0.0,32,xavier,"(-0.5, 0.5)",20,0.2982442631180733,0.92
[5],0.05,0.005,0.0,0.2,0.9,tanh,sgd,0.0,32,he,"(-0.5, 0.5)",20,0.18465548820389274,0.88
[5],0.05,0.005,0.0,0.2,0.9,tanh,sgd,0.01,32,xavier,"(-0.5, 0.5)",20,0.26009592158189704,0.88
[5],0.05,0.005,0.0,0.2,0.9,tanh,sgd,0.01,32,he,"(-0.5, 0.5)",20,0.4441902234882555,0.84
[5],0.05,0.005,0.0,0.2,0.9,tanh,adam,0.0,32,xavier,"(-0.5, 0.5)",20,0.43494110736036107,0.88
[5],0.05,0.005,0.0,0.2,0.9,tanh,adam,0.0,32,he,"(-0.5, 0.5)",20,0.15289570212111925,0.96
[5],0.05,0.005,0.0,0.2,0.9,tanh,adam,0.01,32,xavier,"(-0.5, 0.5)",20,0.24978183935113937,0.92
[5],0.05,0.005,0.0,0.2,0.9,tanh,adam,0.01,32,he,"(-0.5, 0.5)",20,0.070714872903275,1.0
[5],0.05,0.005,0.0,0.2,0.9,relu,sgd,0.0,32,xavier,"(-0.5, 0.5)",20,0.43468138057449796,0.84
[5],0.05,0.005,0.0,0.2,0.9,relu,sgd,0.0,32,he,"(-0.5, 0.5)",20,0.22767814281671697,0.88
[5],0.05,0.005,0.0,0.2,0.9,relu,sgd,0.01,32,xavier,"(-0.5, 0.5)",20,0.400602919487719,0.76
[5],0.05,0.005,0.0,0.2,0.9,relu,sgd,0.01,32,he,"(-0.5, 0.5)",20,0.3101400718877388,0.8
[5],0.05,0.005,0.0,0.2,0.9,relu,adam,0.0,32,xavier,"(-0.5, 0.5)",20,0.11187354830279246,1.0
[5],0.05,0.005,0.0,0.2,0.9,relu,adam,0.0,32,he,"(-0.5, 0.5)",20,0.1711968866567078,0.92
[5],0.05,0.005,0.0,0.2,0.9,relu,adam,0.01,32,xavier,"(-0.5, 0.5)",20,0.3166377713941282,0.88
[5],0.05,0.005,0.0,0.2,0.9,relu,adam,0.01,32,he,"(-0.5, 0.5)",20,0.28337666363680764,0.88
[5],0.05,0.005,0.002,0.0,0.8,tanh,sgd,0.0,32,xavier,"(-0.5, 0.5)",20,0.4367414071332698,0.8
[5],0.05,0.005,0.002,0.0,0.8,tanh,sgd,0.0,32,he,"(-0.5, 0.5)",20,0.3553022917468781,0.92
[5],0.05,0.005,0.002,0.0,0.8,tanh,sgd,0.01,32,xavier,"(-0.5, 0.5)",20,0.47979336998562255,0.76
[5],0.05,0.005,0.002,0.0,0.8,tanh,sgd,0.01,32,he,"(-0.5, 0.5)",20,0.3773818590248468,0.88
[5],0.05,0.005,0.002,0.0,0.8,tanh,adam,0.0,32,xavier,"(-0.5, 0.5)",20,0.04777166808139441,1.0
[5],0.05,0.005,0.002,0.0,0.8,tanh,adam,0.0,32,he,"(-0.5, 0.5)",20,0.1033698488183856,1.0
[5],0.05,0.005,0.002,0.0,0.8,tanh,adam,0.01,32,xavier,"(-0.5, 0.5)",20,0.17698318276411762,0.92
[5],0.05,0.005,0.002,0.0,0.8,tanh,adam,0.01,32,he,"(-0.5, 0.5)",20,0.1261223081695927,0.96
[5],0.05,0.005,0.002,0.0,0.8,relu,sgd,0.0,32,xavier,"(-0.5, 0.5)",20,0.24836616488645175,0.92
[5],0.05,0.005,0.002,0.0,0.8,relu,sgd,0.0,32,he,"(-0.5, 0.5)",20,0.3144537950432839,0.8
[5],0.05,0.005,0.002,0.0,0.8,relu,sgd,0.01,32,xavier,"(-0.5, 0.5)",20,0.3709006461550174,0.8
[5],0.05,0.005,0.002,0.0,0.8,relu,sgd,0.01,32,he,"(-0.5, 0.5)",20,0.4995195194099679,0.72
[5],0.05,0.005,0.002,0.0,0.8,relu,adam,0.0,32,xavier,"(-0.5, 0.5)",20,0.10792856267137817,0.96
[5],0.05,0.005,0.002,0.0,0.8,relu,adam,0.0,32,he,"(-0.5, 0.5)",20,0.06965018594133984,1.0
[5],0.05,0.005,0.002,0.0,0.8,relu,adam,0.01,32,xavier,"(-0.5, 0.5)",20,0.027270737347554454,1.0
[5],0.05,0.005,0.002,0.0,0.8,relu,adam,0.01,32,he,"(-0.5, 0.5)",20,0.028287153684310888,1.0
[5],0.05,0.005,0.002,0.0,0.9,tanh,sgd,0.0,32,xavier,"(-0.5, 0.5)",20,0.24255996674099178,0.96
[5],0.05,0.005,0.002,0.0,0.9,tanh,sgd,0.0,32,he,"(-0.5, 0.5)",20,0.40855153117111015,0.8
[5],0.05,0.005,0.002,0.0,0.9,tanh,sgd,0.01,32,xavier,"(-0.5, 0.5)",20,0.3614146826255557,0.8
[5],0.05,0.005,0.002,0.0,0.9,tanh,sgd,0.01,32,he,"(-0.5, 0.5)",20,0.29380146814807745,0.84
[5],0.05,0.005,0.002,0.0,0.9,tanh,adam,0.0,32,xavier,"(-0.5, 0.5)",20,0.06811049326337844,1.0
[5],0.05,0.005,0.002,0.0,0.9,tanh,adam,0.0,32,he,"(-0.5, 0.5)",20,0.04189979964050104,1.0
[5],0.05,0.005,0.002,0.0,0.9,tanh,adam,0.01,32,xavier,"(-0.5, 0.5)",20,0.08364982088466154,1.0
[5],0.05,0.005,0.002,0.0,0.9,tanh,adam,0.01,32,he,"(-0.5, 0.5)",20,0.04646213506959148,1.0
[5],0.05,0.005,0.002,0.0,0.9,relu,sgd,0.0,32,xavier,"(-0.5, 0.5)",20,0.3043508701558958,0.88
[5],0.05,0.005,0.002,0.0,0.9,relu,sgd,0.0,32,he,"(-0.5, 0.5)",20,0.144302562797965,1.0
[5],0.05,0.005,0.002,0.0,0.9,relu,sgd,0.01,32,xavier,"(-0.5, 0.5)",20,0.3496115809212373,0.88
[5],0.05,0.005,0.002,0.0,0.9,relu,sgd,0.01,32,he,"(-0.5, 0.5)",20,0.18735281180452348,1.0
[5],0.05,0.005,0.002,0.0,0.9,relu,adam,0.0,32,xavier,"(-0.5, 0.5)",20,0.3610745048437369,0.8
[5],0.05,0.005,0.002,0.0,0.9,relu,adam,0.0,32,he,"(-0.5, 0.5)",20,0.027819572419310937,1.0
[5],0.05,0.005,0.002,0.0,0.9,relu,adam,0.01,32,xavier,"(-0.5, 0.5)",20,0.12350937853388234,0.96
[5],0.05,0.005,0.002,0.0,0.9,relu,adam,0.01,32,he,"(-0.5, 0.5)",20,0.05872446014593519,1.0
[5],0.05,0.005,0.002,0.1,0.8,tanh,sgd,0.0,32,xavier,"(-0.5, 0.5)",20,0.36082674336276116,0.8
[5],0.05,0.005,0.002,0.1,0.8,tanh,sgd,0.0,32,he,"(-0.5, 0.5)",20,0.44936546890646184,0.84
[5],0.05,0.005,0.002,0.1,0.8,tanh,sgd,0.01,32,xavier,"(-0.5, 0.5)",20,0.4795329936443841,0.84
[5],0.05,0.005,0.002,0.1,0.8,tanh,sgd,0.01,32,he,"(-0.5, 0.5)",20,0.43243184846864197,0.8
[5],0.05,0.005,0.002,0.1,0.8,tanh,adam,0.0,32,xavier,"(-0.5, 0.5)",20,0.06493130538521949,1.0
[5],0.05,0.005,0.002,0.1,0.8,tanh,adam,0.0,32,he,"(-0.5, 0.5)",20,0.18796706760543175,0.96
[5],0.05,0.005,0.002,0.1,0.8,tanh,adam,0.01,32,xavier,"(-0.5, 0.5)",20,0.07932502865366373,1.0
[5],0.05,0.005,0.002,0.1,0.8,tanh,adam,0.01,32,he,"(-0.5, 0.5)",20,0.06448467953196528,1.0
[5],0.05,0.005,0.002,0.1,0.8,relu,sgd,0.0,32,xavier,"(-0.5, 0.5)",20,0.43724346463035235,0.88
[5],0.05,0.005,0.002,0.1,0.8,relu,sgd,0.0,32,he,"(-0.5, 0.5)",20,0.28836963146721367,0.88
[5],0.05,0.005,0.002,0.1,0.8,relu,sgd,0.01,32,xavier,"(-0.5, 0.5)",20,0.29388979751969774,0.88
[5],0.05,0.005,0.002,0.1,0.8,relu,sgd,0.01,32,he,"(-0.5, 0.5)",20,0.42755373896671023,0.88
[5],0.05,0.005,0.002,0.1,0.8,relu,adam,0.0,32,xavier,"(-0.5, 0.5)",20,0.08438278340234476,1.0
[5],0.05,0.005,0.002,0.1,0.8,relu,adam,0.0,32,he,"(-0.5, 0.5)",20,0.151889534368488,0.96
[5],0.05,0.005,0.002,0.1,0.8,relu,adam,0.01,32,xavier,"(-0.5, 0.5)",20,0.14193632440806184,0.92
[5],0.05,0.005,0.002,0.1,0.8,relu,adam,0.01,32,he,"(-0.5, 0.5)",20,0.05833162008896936,1.0
[5],0.05,0.005,0.002,0.1,0.9,tanh,sgd,0.0,32,xavier,"(-0.5, 0.5)",20,0.28955640430972585,0.96
[5],0.05,0.005,0.002,0.1,0.9,tanh,sgd,0.0,32,he,"(-0.5, 0.5)",20,0.33540040705429186,0.88
[5],0.05,0.005,0.002,0.1,0.9,tanh,sgd,0.01,32,xavier,"(-0.5, 0.5)",20,0.46639136073157844,0.76
[5],0.05,0.005,0.002,0.1,0.9,tanh,sgd,0.01,32,he,"(-0.5, 0.5)",20,0.4033577007263086,0.76
[5],0.05,0.005,0.002,0.1,0.9,tanh,adam,0.0,32,xavier,"(-0.5, 0.5)",20,0.14023158042712983,0.96
[5],0.05,0.005,0.002,0.1,0.9,tanh,adam,0.0,32,he,"(-0.5, 0.5)",20,0.05954355400169384,1.0
[5],0.05,0.005,0.002,0.1,0.9,tanh,adam,0.01,32,xavier,"(-0.5, 0.5)",20,0.11501519417936582,1.0
[5],0.05,0.005,0.002,0.1,0.9,tanh,adam,0.01,32,he,"(-0.5, 0.5)",20,0.10127564538169738,1.0
[5],0.05,0.005,0.002,0.1,0.9,relu,sgd,0.0,32,xavier,"(-0.5, 0.5)",20,0.17842229585857342,1.0
[5],0.05,0.005,0.002,0.1,0.9,relu,sgd,0.0,32,he,"(-0.5, 0.5)",20,0.15540667622419235,1.0
[5],0.05,0.005,0.002,0.1,0.9,relu,sgd,0.01,32,xavier,"(-0.5, 0.5)",20,0.1818301352177268,1.0
[5],0.05,0.005,0.002,0.1,0.9,relu,sgd,0.01,32,he,"(-0.5, 0.5)",20,0.1585336890026474,0.96
[5],0.05,0.005,0.002,0.1,0.9,relu,adam,0.0,32,xavier,"(-0.5, 0.5)",20,0.08964989919577505,1.0
[5],0.05,0.005,0.002,0.1,0.9,relu,adam,0.0,32,he,"(-0.5, 0.5)",20,0.11107423147224667,0.96
[5],0.05,0.005,0.002,0.1,0.9,relu,adam,0.01,32,xavier,"(-0.5, 0.5)",20,0.16575891468276918,0.92
[5],0.05,0.005,0.002,0.1,0.9,relu,adam,0.01,32,he,"(-0.5, 0.5)",20,0.2624788846322069,0.84
[5],0.05,0.005,0.002,0.2,0.8,tanh,sgd,0.0,32,xavier,"(-0.5, 0.5)",20,0.49659918480092574,0.76
[5],0.05,0.005,0.002,0.2,0.8,tanh,sgd,0.0,32,he,"(-0.5, 0.5)",20,0.4691013418092265,0.8
[5],0.05,0.005,0.002,0.2,0.8,tanh,sgd,0.01,32,xavier,"(-0.5, 0.5)",20,0.4312828885356922,0.88
[5],0.05,0.005,0.002,0.2,0.8,tanh,sgd,0.01,32,he,"(-0.5, 0.5)",20,0.49216601392116965,0.76
[5],0.05,0.005,0.002,0.2,0.8,tanh,adam,0.0,32,xavier,"(-0.5, 0.5)",20,0.1318675903655938,0.96
[5],0.05,0.005,0.002,0.2,0.8,tanh,adam,0.0,32,he,"(-0.5, 0.5)",20,0.1824299974323903,0.92
[5],0.05,0.005,0.002,0.2,0.8,tanh,adam,0.01,32,xavier,"(-0.5, 0.5)",20,0.25222150468792187,0.92
[5],0.05,0.005,0.002,0.2,0.8,tanh,adam,0.01,32,he,"(-0.5, 0.5)",20,0.13586678778676425,1.0
[5],0.05,0.005,0.002,0.2,0.8,relu,sgd,0.0,32,xavier,"(-0.5, 0.5)",20,0.4923812465212726,0.76
[5],0.05,0.005,0.002,0.2,0.8,relu,sgd,0.0,32,he,"(-0.5, 0.5)",20,0.40669354575615796,0.76
[5],0.05,0.005,0.002,0.2,0.8,relu,sgd,0.01,32,xavier,"(-0.5, 0.5)",20,0.4896390340327342,0.8
[5],0.05,0.005,0.002,0.2,0.8,relu,sgd,0.01,32,he,"(-0.5, 0.5)",20,0.5954571953847969,0.52
[5],0.05,0.005,0.002,0.2,0.8,relu,adam,0.0,32,xavier,"(-0.5, 0.5)",20,0.1390859146105439,0.96
[5],0.05,0.005,0.002,0.2,0.8,relu,adam,0.0,32,he,"(-0.5, 0.5)",20,0.33248100308095985,0.88
[5],0.05,0.005,0.002,0.2,0.8,relu,adam,0.01,32,xavier,"(-0.5, 0.5)",20,0.1495792044195663,0.92
[5],0.05,0.005,0.002,0.2,0.8,relu,adam,0.01,32,he,"(-0.5, 0.5)",20,0.08136971075219823,1.0
[5],0.05,0.005,0.002,0.2,0.9,tanh,sgd,0.0,32,xavier,"(-0.5, 0.5)",20,0.20102242961717906,0.96
[5],0.05,0.005,0.002,0.2,0.9,tanh,sgd,0.0,32,he,"(-0.5, 0.5)",20,0.41513621979424187,0.72
[5],0.05,0.005,0.002,0.2,0.9,tanh,sgd,0.01,32,xavier,"(-0.5, 0.5)",20,0.2680891825710257,0.88
[5],0.05,0.005,0.002,0.2,0.9,tanh,sgd,0.01,32,he,"(-0.5, 0.5)",20,0.37349267376620643,0.84
[5],0.05,0.005,0.002,0.2,0.9,tanh,adam,0.0,32,xavier,"(-0.5, 0.5)",20,0.33182282554517983,0.88
[5],0.05,0.005,0.002,0.2,0.9,tanh,adam,0.0,32,he,"(-0.5, 0.5)",20,0.16430498260942353,0.92
[5],0.05,0.005,0.002,0.2,0.9,tanh,adam,0.01,32,xavier,"(-0.5, 0.5)",20,0.26203892481186136,0.92
[5],0.05,0.005,0.002,0.2,0.9,tanh,adam,0.01,32,he,"(-0.5, 0.5)",20,0.20445914935387507,0.92
[5],0.05,0.005,0.002,0.2,0.9,relu,sgd,0.0,32,xavier,"(-0.5, 0.5)",20,0.3081308719391617,0.88
[5],0.05,0.005,0.002,0.2,0.9,relu,sgd,0.0,32,he,"(-0.5, 0.5)",20,0.2532209342466293,0.92
[5],0.05,0.005,0.002,0.2,0.9,relu,sgd,0.01,32,xavier,"(-0.5, 0.5)",20,0.3667420028534281,0.88
[5],0.05,0.005,0.002,0.2,0.9,relu,sgd,0.01,32,he,"(-0.5, 0.5)",20,0.3586138839493603,0.84
[5],0.05,0.005,0.002,0.2,0.9,relu,adam,0.0,32,xavier,"(-0.5, 0.5)",20,0.1608008874083075,0.92
[5],0.05,0.005,0.002,0.2,0.9,relu,adam,0.0,32,he,"(-0.5, 0.5)",20,0.3632988596175085,0.84
[5],0.05,0.005,0.002,0.2,0.9,relu,adam,0.01,32,xavier,"(-0.5, 0.5)",20,0.08096679789223957,1.0
[5],0.05,0.005,0.002,0.2,0.9,relu,adam,0.01,32,he,"(-0.5, 0.5)",20,0.3026807138151222,0.84
[5],0.05,0.01,0.0,0.0,0.8,tanh,sgd,0.0,32,xavier,"(-0.5, 0.5)",20,0.33561872521444686,0.8
[5],0.05,0.01,0.0,0.0,0.8,tanh,sgd,0.0,32,he,"(-0.5, 0.5)",20,0.3281110099369549,0.84
[5],0.05,0.01,0.0,0.0,0.8,tanh,sgd,0.01,32,xavier,"(-0.5, 0.5)",20,0.48931214761219133,0.76
[5],0.05,0.01,0.0,0.0,0.8,tanh,sgd,0.01,32,he,"(-0.5, 0.5)",20,0.4401621954270514,0.76
[5],0.05,0.01,0.0,0.0,0.8,tanh,adam,0.0,32,xavier,"(-0.5, 0.5)",20,0.06622078920449047,1.0
[5],0.05,0.01,0.0,0.0,0.8,tanh,adam,0.0,32,he,"(-0.5, 0.5)",20,0.04797117275041943,1.0
[5],0.05,0.01,0.0,0.0,0.8,tanh,adam,0.01,32,xavier,"(-0.5, 0.5)",20,0.19290537690319806,1.0
[5],0.05,0.01,0.0,0.0,0.8,tanh,adam,0.01,32,he,"(-0.5, 0.5)",20,0.1339030900120441,0.96
[5],0.05,0.01,0.0,0.0,0.8,relu,sgd,0.0,32,xavier,"(-0.5, 0.5)",20,0.33351430246834063,0.84
[5],0.05,0.01,0.0,0.0,0.8,relu,sgd,0.0,32,he,"(-0.5, 0.5)",20,0.2708985321262878,0.88
[5],0.05,0.01,0.0,0.0,0.8,relu,sgd,0.01,32,xavier,"(-0.5, 0.5)",20,0.3950823286574575,0.76
[5],0.05,0.01,0.0,0.0,0.8,relu,sgd,0.01,32,he,"(-0.5, 0.5)",20,0.5017539175544402,0.76
[5],0.05,0.01,0.0,0.0,0.8,relu,adam,0.0,32,xavier,"(-0.5, 0.5)",20,0.07433204415587889,1.0
[5],0.05,0.01,0.0,0.0,0.8,relu,adam,0.0,32,he,"(-0.5, 0.5)",20,0.10116344942340996,1.0
[5],0.05,0.01,0.0,0.0,0.8,relu,adam,0.01,32,xavier,"(-0.5, 0.5)",20,0.05184607101133579,1.0
[5],0.05,0.01,0.0,0.0,0.8,relu,adam,0.01,32,he,"(-0.5, 0.5)",20,0.2552867595993855,0.92
[5],0.05,0.01,0.0,0.0,0.9,tanh,sgd,0.0,32,xavier,"(-0.5, 0.5)",20,0.18083746880405027,0.96
[5],0.05,0.01,0.0,0.0,0.9,tanh,sgd,0.0,32,he,"(-0.5, 0.5)",20,0.2847545581843669,0.88
[5],0.05,0.01,0.0,0.0,0.9,tanh,sgd,0.01,32,xavier,"(-0.5, 0.5)",20,0.31731534207056894,0.84
[5],0.05,0.01,0.0,0.0,0.9,tanh,sgd,0.01,32,he,"(-0.5, 0.5)",20,0.2821400867750039,0.88
[5],0.05,0.01,0.0,0.0,0.9,tanh,adam,0.0,32,xavier,"(-0.5, 0.5)",20,0.08909457984875274,1.0
[5],0.05,0.01,0.0,0.0,0.9,tanh,adam,0.0,32,he,"(-0.5, 0.5)",20,0.06499081162905829,1.0
[5],0.05,0.01,0.0,0.0,0.9,tanh,adam,0.01,32,xavier,"(-0.5, 0.5)",20,0.08788967457607483,1.0
[5],0.05,0.01,0.0,0.0,0.9,tanh,adam,0.01,32,he,"(-0.5, 0.5)",20,0.10746400117821378,1.0
[5],0.05,0.01,0.0,0.0,0.9,relu,sgd,0.0,32,xavier,"(-0.5, 0.5)",20,0.4102430812699877,0.8
[5],0.05,0.01,0.0,0.0,0.9,relu,sgd,0.0,32,he,"(-0.5, 0.5)",20,0.14094234494553354,1.0
[5],0.05,0.01,0.0,0.0,0.9,relu,sgd,0.01,32,xavier,"(-0.5, 0.5)",20,0.36931497669267793,0.88
[5],0.05,0.01,0.0,0.0,0.9,relu,sgd,0.01,32,he,"(-0.5, 0.5)",20,0.34911917538937104,0.88
[5],0.05,0.01,0.0,0.0,0.9,relu,adam,0.0,32,xavier,"(-0.5, 0.5)",20,0.171028767459055,1.0
[5],0.05,0.01,0.0,0.0,0.9,relu,adam,0.0,32,he,"(-0.5, 0.5)",20,0.08538112078718485,1.0
[5],0.05,0.01,0.0,0.0,0.9,relu,adam,0.01,32,xavier,"(-0.5, 0.5)",20,0.06705484629846466,1.0
[5],0.05,0.01,0.0,0.0,0.9,relu,adam,0.01,32,he,"(-0.5, 0.5)",20,0.35674249639645855,0.88
[5],0.05,0.01,0.0,0.1,0.8,tanh,sgd,0.0,32,xavier,"(-0.5, 0.5)",20,0.4832297521097978,0.88
[5],0.05,0.01,0.0,0.1,0.8,tanh,sgd,0.0,32,he,"(-0.5, 0.5)",20,0.39871677702898217,0.8
[5],0.05,0.01,0.0,0.1,0.8,tanh,sgd,0.01,32,xavier,"(-0.5, 0.5)",20,0.47517455327431823,0.76
[5],0.05,0.01,0.0,0.1,0.8,tanh,sgd,0.01,32,he,"(-0.5, 0.5)",20,0.40791546687236574,0.8
[5],0.05,0.01,0.0,0.1,0.8,tanh,adam,0.0,32,xavier,"(-0.5, 0.5)",20,0.18384042393921923,0.96
[5],0.05,0.01,0.0,0.1,0.8,tanh,adam,0.0,32,he,"(-0.5, 0.5)",20,0.09343796496547782,1.0
[5],0.05,0.01,0.0,0.1,0.8,tanh,adam,0.01,32,xavier,"(-0.5, 0.5)",20,0.09690059165048681,1.0
[5],0.05,0.01,0.0,0.1,0.8,tanh,adam,0.01,32,he,"(-0.5, 0.5)",20,0.09636339782094955,1.0
[5],0.05,0.01,0.0,0.1,0.8,relu,sgd,0.0,32,xavier,"(-0.5, 0.5)",20,0.3889939607261659,0.8
[5],0.05,0.01,0.0,0.1,0.8,relu,sgd,0.0,32,he,"(-0.5, 0.5)",20,0.24660620479645146,0.96
[5],0.05,0.01,0.0,0.1,0.8,relu,sgd,0.01,32,xavier,"(-0.5, 0.5)",20,0.3936751957001617,0.84
[5],0.05,0.01,0.0,0.1,0.8,relu,sgd,0.01,32,he,"(-0.5, 0.5)",20,0.34525438972636585,0.88
[5],0.05,0.01,0.0,0.1,0.8,relu,adam,0.0,32,xavier,"(-0.5, 0.5)",20,0.15016884950343865,0.92
[5],0.05,0.01,0.0,0.1,0.8,relu,adam,0.0,32,he,"(-0.5, 0.5)",20,0.19285384646021464,1.0
[5],0.05,0.01,0.0,0.1,0.8,relu,adam,0.01,32,xavier,"(-0.5, 0.5)",20,0.12131214925838693,1.0
[5],0.05,0.01,0.0,0.1,0.8,relu,adam,0.01,32,he,"(-0.5, 0.5)",20,0.13182413896658662,1.0
[5],0.05,0.01,0.0,0.1,0.9,tanh,sgd,0.0,32,xavier,"(-0.5, 0.5)",20,0.2791454820442207,0.92
[5],0.05,0.01,0.0,0.1,0.9,tanh,sgd,0.0,32,he,"(-0.5, 0.5)",20,0.19219440267683452,1.0
[5],0.05,0.01,0.0,0.1,0.9,tanh,sgd,0.01,32,xavier,"(-0.5, 0.5)",20,0.29620171516126065,0.84
[5],0.05,0.01,0.0,0.1,0.9,tanh,sgd,0.01,32,he,"(-0.5, 0.5)",20,0.2715748108151844,0.92
[5],0.05,0.01,0.0,0.1,0.9,tanh,adam,0.0,32,xavier,"(-0.5, 0.5)",20,0.07955729969586327,1.0
[5],0.05,0.01,0.0,0.1,0.9,tanh,adam,0.0,32,he,"(-0.5, 0.5)",20,0.07903715305460526,1.0
[5],0.05,0.01,0.0,0.1,0.9,tanh,adam,0.01,32,xavier,"(-0.5, 0.5)",20,0.19750145634971458,0.96
[5],0.05,0.01,0.0,0.1,0.9,tanh,adam,0.01,32,he,"(-0.5, 0.5)",20,0.14139939903121884,0.96
[5],0.05,0.01,0.0,0.1,0.9,relu,sgd,0.0,32,xavier,"(-0.5, 0.5)",20,0.39305030869489405,0.8
[5],0.05,0.01,0.0,0.1,0.9,relu,sgd,0.0,32,he,"(-0.5, 0.5)",20,0.16495794140983996,1.0
[5],0.05,0.01,0.0,0.1,0.9,relu,sgd,0.01,32,xavier,"(-0.5, 0.5)",20,0.233301349253617,0.88
[5],0.05,0.01,0.0,0.1,0.9,relu,sgd,0.01,32,he,"(-0.5, 0.5)",20,0.3872989599401166,0.8
[5],0.05,0.01,0.0,0.1,0.9,relu,adam,0.0,32,xavier,"(-0.5, 0.5)",20,0.38583734862792524,0.88
[5],0.05,0.01,0.0,0.1,0.9,relu,adam,0.0,32,he,"(-0.5, 0.5)",20,0.0654828676440968,1.0
[5],0.05,0.01,0.0,0.1,0.9,relu,adam,0.01,32,xavier,"(-0.5, 0.5)",20,0.10363656052281314,1.0
[5],0.05,0.01,0.0,0.1,0.9,relu,adam,0.01,32,he,"(-0.5, 0.5)",20,0.15633034787455113,1.0
[5],0.05,0.01,0.0,0.2,0.8,tanh,sgd,0.0,32,xavier,"(-0.5, 0.5)",20,0.4370531775170784,0.8
[5],0.05,0.01,0.0,0.2,0.8,tanh,sgd,0.0,32,he,"(-0.5, 0.5)",20,0.4311994904899634,0.8
[5],0.05,0.01,0.0,0.2,0.8,tanh,sgd,0.01,32,xavier,"(-0.5, 0.5)",20,0.4425474095120659,0.8
[5],0.05,0.01,0.0,0.2,0.8,tanh,sgd,0.01,32,he,"(-0.5, 0.5)",20,0.3884376519469626,0.88
[5],0.05,0.01,0.0,0.2,0.8,tanh,adam,0.0,32,xavier,"(-0.5, 0.5)",20,0.12422231578019863,1.0
[5],0.05,0.01,0.0,0.2,0.8,tanh,adam,0.0,32,he,"(-0.5, 0.5)",20,0.11603315441280532,1.0
[5],0.05,0.01,0.0,0.2,0.8,tanh,adam,0.01,32,xavier,"(-0.5, 0.5)",20,0.2019148996578116,0.96
[5],0.05,0.01,0.0,0.2,0.8,tanh,adam,0.01,32,he,"(-0.5, 0.5)",20,0.2875779821272659,0.92
[5],0.05,0.01,0.0,0.2,0.8,relu,sgd,0.0,32,xavier,"(-0.5, 0.5)",20,0.3271445108226549,0.88
[5],0.05,0.01,0.0,0.2,0.8,relu,sgd,0.0,32,he,"(-0.5, 0.5)",20,0.42013755224235183,0.8
[5],0.05,0.01,0.0,0.2,0.8,relu,sgd,0.01,32,xavier,"(-0.5, 0.5)",20,0.5170844896643799,0.8
[5],0.05,0.01,0.0,0.2,0.8,relu,sgd,0.01,32,he,"(-0.5, 0.5)",20,0.49575816310448106,0.72
[5],0.05,0.01,0.0,0.2,0.8,relu,adam,0.0,32,xavier,"(-0.5, 0.5)",20,0.26637028787675915,0.92
[5],0.05,0.01,0.0,0.2,0.8,relu,adam,0.0,32,he,"(-0.5, 0.5)",20,0.29756961925025505,0.88
[5],0.05,0.01,0.0,0.2,0.8,relu,adam,0.01,32,xavier,"(-0.5, 0.5)",20,0.20254125213550156,0.96
[5],0.05,0.01,0.0,0.2,0.8,relu,adam,0.01,32,he,"(-0.5, 0.5)",20,0.16997784892209641,0.92
[5],0.05,0.01,0.0,0.2,0.9,tanh,sgd,0.0,32,xavier,"(-0.5, 0.5)",20,0.34403966369716327,0.84
[5],0.05,0.01,0.0,0.2,0.9,tanh,sgd,0.0,32,he,"(-0.5, 0.5)",20,0.340609410372434,0.96
[5],0.05,0.01,0.0,0.2,0.9,tanh,sgd,0.01,32,xavier,"(-0.5, 0.5)",20,0.3286442117148517,0.84
[5],0.05,0.01,0.0,0.2,0.9,tanh,sgd,0.01,32,he,"(-0.5, 0.5)",20,0.3233982363436615,0.84
[5],0.05,0.01,0.0,0.2,0.9,tanh,adam,0.0,32,xavier,"(-0.5, 0.5)",20,0.15016456113269971,0.96
[5],0.05,0.01,0.0,0.2,0.9,tanh,adam,0.0,32,he,"(-0.5, 0.5)",20,0.2678855064569561,0.88
[5],0.05,0.01,0.0,0.2,0.9,tanh,adam,0.01,32,xavier,"(-0.5, 0.5)",20,0.20387087253794575,0.88
[5],0.05,0.01,0.0,0.2,0.9,tanh,adam,0.01,32,he,"(-0.5, 0.5)",20,0.15053385931142588,1.0
[5],0.05,0.01,0.0,0.2,0.9,relu,sgd,0.0,32,xavier,"(-0.5, 0.5)",20,0.19673244337777918,1.0
[5],0.05,0.01,0.0,0.2,0.9,relu,sgd,0.0,32,he,"(-0.5, 0.5)",20,0.18183941192429506,0.96
[5],0.05,0.01,0.0,0.2,0.9,relu,sgd,0.01,32,xavier,"(-0.5, 0.5)",20,0.2883852800480507,0.92
[5],0.05,0.01,0.0,0.2,0.9,relu,sgd,0.01,32,he,"(-0.5, 0.5)",20,0.31214140139226715,0.92
[5],0.05,0.01,0.0,0.2,0.9,relu,adam,0.0,32,xavier,"(-0.5, 0.5)",20,0.09743861094969182,1.0
[5],0.05,0.01,0.0,0.2,0.9,relu,adam,0.0,32,he,"(-0.5, 0.5)",20,0.14754352456918565,0.92
[5],0.05,0.01,0.0,0.2,0.9,relu,adam,0.01,32,xavier,"(-0.5, 0.5)",20,0.2397889117120443,0.84
[5],0.05,0.01,0.0,0.2,0.9,relu,adam,0.01,32,he,"(-0.5, 0.5)",20,0.18992743329393244,0.92
[5],0.05,0.01,0.002,0.0,0.8,tanh,sgd,0.0,32,xavier,"(-0.5, 0.5)",20,0.5183119618141703,0.76
[5],0.05,0.01,0.002,0.0,0.8,tanh,sgd,0.0,32,he,"(-0.5, 0.5)",20,0.3628123959749425,0.84
[5],0.05,0.01,0.002,0.0,0.8,tanh,sgd,0.01,32,xavier,"(-0.5, 0.5)",20,0.4487999003057376,0.8
[5],0.05,0.01,0.002,0.0,0.8,tanh,sgd,0.01,32,he,"(-0.5, 0.5)",20,0.42706194700583805,0.84
[5],0.05,0.01,0.002,0.0,0.8,tanh,adam,0.0,32,xavier,"(-0.5, 0.5)",20,0.05541885533207078,1.0
[5],0.05,0.01,0.002,0.0,0.8,tanh,adam,0.0,32,he,"(-0.5, 0.5)",20,0.07530327671840702,1.0
[5],0.05,0.01,0.002,0.0,0.8,tanh,adam,0.01,32,xavier,"(-0.5, 0.5)",20,0.11553448147728014,1.0
[5],0.05,0.01,0.002,0.0,0.8,tanh,adam,0.01,32,he,"(-0.5, 0.5)",20,0.06416241029030595,1.0
[5],0.05,0.01,0.002,0.0,0.8,relu,sgd,0.0,32,xavier,"(-0.5, 0.5)",20,0.19401777262730363,1.0
[5],0.05,0.01,0.002,0.0,0.8,relu,sgd,0.0,32,he,"(-0.5, 0.5)",20,0.39834006766991753,0.88
[5],0.05,0.01,0.002,0.0,0.8,relu,sgd,0.01,32,xavier,"(-0.5, 0.5)",20,0.31724671284673955,0.88
[5],0.05,0.01,0.002,0.0,0.8,relu,sgd,0.01,32,he,"(-0.5, 0.5)",20,0.3483593877574922,0.88
[5],0.05,0.01,0.002,0.0,0.8,relu,adam,0.0,32,xavier,"(-0.5, 0.5)",20,0.036972715009781436,1.0
[5],0.05,0.01,0.002,0.0,0.8,relu,adam,0.0,32,he,"(-0.5, 0.5)",20,0.2154981027141315,0.96
[5],0.05,0.01,0.002,0.0,0.8,relu,adam,0.01,32,xavier,"(-0.5, 0.5)",20,0.0454344580604665,1.0
[5],0.05,0.01,0.002,0.0,0.8,relu,adam,0.01,32,he,"(-0.5, 0.5)",20,0.19085164645723482,0.88
[5],0.05,0.01,0.002,0.0,0.9,tanh,sgd,0.0,32,xavier,"(-0.5, 0.5)",20,0.2802772772535944,0.88
[5],0.05,0.01,0.002,0.0,0.9,tanh,sgd,0.0,32,he,"(-0.5, 0.5)",20,0.19476755786440145,1.0
[5],0.05,0.01,0.002,0.0,0.9,tanh,sgd,0.01,32,xavier,"(-0.5, 0.5)",20,0.18526684392033133,1.0
[5],0.05,0.01,0.002,0.0,0.9,tanh,sgd,0.01,32,he,"(-0.5, 0.5)",20,0.2704596205972929,0.88
[5],0.05,0.01,0.002,0.0,0.9,tanh,adam,0.0,32,xavier,"(-0.5, 0.5)",20,0.27533093485189997,0.84
[5],0.05,0.01,0.002,0.0,0.9,tanh,adam,0.0,32,he,"(-0.5, 0.5)",20,0.17069622221458147,0.92
[5],0.05,0.01,0.002,0.0,0.9,tanh,adam,0.01,32,xavier,"(-0.5, 0.5)",20,0.10569505054208708,0.96
[5],0.05,0.01,0.002,0.0,0.9,tanh,adam,0.01,32,he,"(-0.5, 0.5)",20,0.06972002027253096,1.0
[5],0.05,0.01,0.002,0.0,0.9,relu,sgd,0.0,32,xavier,"(-0.5, 0.5)",20,0.15549384438661015,0.96
[5],0.05,0.01,0.002,0.0,0.9,relu,sgd,0.0,32,he,"(-0.5, 0.5)",20,0.1600649197306204,0.96
[5],0.05,0.01,0.002,0.0,0.9,relu,sgd,0.01,32,xavier,"(-0.5, 0.5)",20,0.451734793749916,0.8
[5],0.05,0.01,0.002,0.0,0.9,relu,sgd,0.01,32,he,"(-0.5, 0.5)",20,0.1628475788811294,0.92
[5],0.05,0.01,0.002,0.0,0.9,relu,adam,0.0,32,xavier,"(-0.5, 0.5)",20,0.09118786789029174,0.96
[5],0.05,0.01,0.002,0.0,0.9,relu,adam,0.0,32,he,"(-0.5, 0.5)",20,0.051039085491735324,1.0
[5],0.05,0.01,0.002,0.0,0.9,relu,adam,0.01,32,xavier,"(-0.5, 0.5)",20,0.08894312655230731,1.0
[5],0.05,0.01,0.002,0.0,0.9,relu,adam,0.01,32,he,"(-0.5, 0.5)",20,0.09826765776205061,1.0
[5],0.05,0.01,0.002,0.1,0.8,tanh,sgd,0.0,32,xavier,"(-0.5, 0.5)",20,0.48170911709905534,0.8
[5],0.05,0.01,0.002,0.1,0.8,tanh,sgd,0.0,32,he,"(-0.5, 0.5)",20,0.4358383211825107,0.88
[5],0.05,0.01,0.002,0.1,0.8,tanh,sgd,0.01,32,xavier,"(-0.5, 0.5)",20,0.447400276274879,0.8
[5],0.05,0.01,0.002,0.1,0.8,tanh,sgd,0.01,32,he,"(-0.5, 0.5)",20,0.41983928273894666,0.84
[5],0.05,0.01,0.002,0.1,0.8,tanh,adam,0.0,32,xavier,"(-0.5, 0.5)",20,0.18245756485612905,0.92
[5],0.05,0.01,0.002,0.1,0.8,tanh,adam,0.0,32,he,"(-0.5, 0.5)",20,0.10890980370204627,1.0
[5],0.05,0.01,0.002,0.1,0.8,tanh,adam,0.01,32,xavier,"(-0.5, 0.5)",20,0.11026617416801912,1.0
[5],0.05,0.01,0.002,0.1,0.8,tanh,adam,0.01,32,he,"(-0.5, 0.5)",20,0.14692894976818002,1.0
[5],0.05,0.01,0.002,0.1,0.8,relu,sgd,0.0,32,xavier,"(-0.5, 0.5)",20,0.29844514424210417,0.96
[5],0.05,0.01,0.002,0.1,0.8,relu,sgd,0.0,32,he,"(-0.5, 0.5)",20,0.30982518860652397,0.8
[5],0.05,0.01,0.002,0.1,0.8,relu,sgd,0.01,32,xavier,"(-0.5, 0.5)",20,0.2983183009447077,0.84
[5],0.05,0.01,0.002,0.1,0.8,relu,sgd,0.01,32,he,"(-0.5, 0.5)",20,0.3966272041955125,0.88
[5],0.05,0.01,0.002,0.1,0.8,relu,adam,0.0,32,xavier,"(-0.5, 0.5)",20,0.1732802192769872,0.96
[5],0.05,0.01,0.002,0.1,0.8,relu,adam,0.0,32,he,"(-0.5, 0.5)",20,0.2123207012732406,0.96
[5],0.05,0.01,0.002,0.1,0.8,relu,adam,0.01,32,xavier,"(-0.5, 0.5)",20,0.13434907168072033,0.96
[5],0.05,0.01,0.002,0.1,0.8,relu,adam,0.01,32,he,"(-0.5, 0.5)",20,0.16955101043931955,0.92
[5],0.05,0.01,0.002,0.1,0.9,tanh,sgd,0.0,32,xavier,"(-0.5, 0.5)",20,0.24871283412330128,0.92
[5],0.05,0.01,0.002,0.1,0.9,tanh,sgd,0.0,32,he,"(-0.5, 0.5)",20,0.3728131283278459,0.84
[5],0.05,0.01,0.002,0.1,0.9,tanh,sgd,0.01,32,xavier,"(-0.5, 0.5)",20,0.2730775519227412,0.88
[5],0.05,0.01,0.002,0.1,0.9,tanh,sgd,0.01,32,he,"(-0.5, 0.5)",20,0.2223053997639577,1.0
[5],0.05,0.01,0.002,0.1,0.9,tanh,adam,0.0,32,xavier,"(-0.5, 0.5)",20,0.07334166812267971,1.0
[5],0.05,0.01,0.002,0.1,0.9,tanh,adam,0.0,32,he,"(-0.5, 0.5)",20,0.18128378849958054,0.96
[5],0.05,0.01,0.002,0.1,0.9,tanh,adam,0.01,32,xavier,"(-0.5, 0.5)",20,0.08816496459387226,1.0
[5],0.05,0.01,0.002,0.1,0.9,tanh,adam,0.01,32,he,"(-0.5, 0.5)",20,0.19593725518510904,1.0
[5],0.05,0.01,0.002,0.1,0.9,relu,sgd,0.0,32,xavier,"(-0.5, 0.5)",20,0.3178284425736366,0.88
[5],0.05,0.01,0.002,0.1,0.9,relu,sgd,0.0,32,he,"(-0.5, 0.5)",20,0.20216796512051682,0.92
[5],0.05,0.01,0.002,0.1,0.9,relu,sgd,0.01,32,xavier,"(-0.5, 0.5)",20,0.2675924652515972,0.92
[5],0.05,0.01,0.002,0.1,0.9,relu,sgd,0.01,32,he,"(-0.5, 0.5)",20,0.21596994097306169,0.88
[5],0.05,0.01,0.002,0.1,0.9,relu,adam,0.0,32,xavier,"(-0.5, 0.5)",20,0.16602556254783157,0.92
[5],0.05,0.01,0.002,0.1,0.9,relu,adam,0.0,32,he,"(-0.5, 0.5)",20,0.24727228326062417,0.88
[5],0.05,0.01,0.002,0.1,0.9,relu,adam,0.01,32,xavier,"(-0.5, 0.5)",20,0.180453537325415,0.88
[5],0.05,0.01,0.002,0.1,0.9,relu,adam,0.01,32,he,"(-0.5, 0.5)",20,0.15325566113433778,1.0
[5],0.05,0.01,0.002,0.2,0.8,tanh,sgd,0.0,32,xavier,"(-0.5, 0.5)",20,0.5401973942855595,0.68
[5],0.05,0.01,0.002,0.2,0.8,tanh,sgd,0.0,32,he,"(-0.5, 0.5)",20,0.3942436729722136,0.88
[5],0.05,0.01,0.002,0.2,0.8,tanh,sgd,0.01,32,xavier,"(-0.5, 0.5)",20,0.4808728814416877,0.8
[5],0.05,0.01,0.002,0.2,0.8,tanh,sgd,0.01,32,he,"(-0.5, 0.5)",20,0.4731773371316588,0.8
[5],0.05,0.01,0.002,0.2,0.8,tanh,adam,0.0,32,xavier,"(-0.5, 0.5)",20,0.2612288956655118,0.92
[5],0.05,0.01,0.002,0.2,0.8,tanh,adam,0.0,32,he,"(-0.5, 0.5)",20,0.16724166867650628,0.92
[5],0.05,0.01,0.002,0.2,0.8,tanh,adam,0.01,32,xavier,"(-0.5, 0.5)",20,0.2059461863076745,0.92
[5],0.05,0.01,0.002,0.2,0.8,tanh,adam,0.01,32,he,"(-0.5, 0.5)",20,0.1318958753693067,0.96
[5],0.05,0.01,0.002,0.2,0.8,relu,sgd,0.0,32,xavier,"(-0.5, 0.5)",20,0.4240951837737775,0.76
[5],0.05,0.01,0.002,0.2,0.8,relu,sgd,0.0,32,he,"(-0.5, 0.5)",20,0.21517015680386833,0.96
[5],0.05,0.01,0.002,0.2,0.8,relu,sgd,0.01,32,xavier,"(-0.5, 0.5)",20,0.39190768101013496,0.84
[5],0.05,0.01,0.002,0.2,0.8,relu,sgd,0.01,32,he,"(-0.5, 0.5)",20,0.3941155152016174,0.84
[5],0.05,0.01,0.002,0.2,0.8,relu,adam,0.0,32,xavier,"(-0.5, 0.5)",20,0.2630897365280792,0.88
[5],0.05,0.01,0.002,0.2,0.8,relu,adam,0.0,32,he,"(-0.5, 0.5)",20,0.13938719131526964,1.0
[5],0.05,0.01,0.002,0.2,0.8,relu,adam,0.01,32,xavier,"(-0.5, 0.5)",20,0.3198954989877055,0.92
[5],0.05,0.01,0.002,0.2,0.8,relu,adam,0.01,32,he,"(-0.5, 0.5)",20,0.24920636898467777,0.92
[5],0.05,0.01,0.002,0.2,0.9,tanh,sgd,0.0,32,xavier,"(-0.5, 0.5)",20,0.28006291409484396,0.88
[5],0.05,0.01,0.002,0.2,0.9,tanh,sgd,0.0,32,he,"(-0.5, 0.5)",20,0.28851558761082663,0.88
[5],0.05,0.01,0.002,0.2,0.9,tanh,sgd,0.01,32,xavier,"(-0.5, 0.5)",20,0.3335618751420744,0.88
[5],0.05,0.01,0.002,0.2,0.9,tanh,sgd,0.01,32,he,"(-0.5, 0.5)",20,0.38833748175001304,0.8
[5],0.05,0.01,0.002,0.2,0.9,tanh,adam,0.0,32,xavier,"(-0.5, 0.5)",20,0.4570086638468063,0.8
[5],0.05,0.01,0.002,0.2,0.9,tanh,adam,0.0,32,he,"(-0.5, 0.5)",20,0.1357172984587358,1.0
[5],0.05,0.01,0.002,0.2,0.9,tanh,adam,0.01,32,xavier,"(-0.5, 0.5)",20,0.20903982335817742,0.96
[5],0.05,0.01,0.002,0.2,0.9,tanh,adam,0.01,32,he,"(-0.5, 0.5)",20,0.40901338838792844,0.88
[5],0.05,0.01,0.002,0.2,0.9,relu,sgd,0.0,32,xavier,"(-0.5, 0.5)",20,0.2646099793764872,1.0
[5],0.05,0.01,0.002,0.2,0.9,relu,sgd,0.0,32,he,"(-0.5, 0.5)",20,0.41735377098192716,0.76
[5],0.05,0.01,0.002,0.2,0.9,relu,sgd,0.01,32,xavier,"(-0.5, 0.5)",20,0.3885462060658653,0.88
[5],0.05,0.01,0.002,0.2,0.9,relu,sgd,0.01,32,he,"(-0.5, 0.5)",20,0.19935204254757313,0.96
[5],0.05,0.01,0.002,0.2,0.9,relu,adam,0.0,32,xavier,"(-0.5, 0.5)",20,0.3304282069390197,0.8
[5],0.05,0.01,0.002,0.2,0.9,relu,adam,0.0,32,he,"(-0.5, 0.5)",20,0.2595159453934703,0.92
[5],0.05,0.01,0.002,0.2,0.9,relu,adam,0.01,32,xavier,"(-0.5, 0.5)",20,0.26073470145256106,0.92
[5],0.05,0.01,0.002,0.2,0.9,relu,adam,0.01,32,he,"(-0.5, 0.5)",20,0.23135179117364785,0.88
[5],0.1,0.0,0.0,0.0,0.8,tanh,sgd,0.0,32,xavier,"(-0.5, 0.5)",20,0.18742654339413778,0.92
[5],0.1,0.0,0.0,0.0,0.8,tanh,sgd,0.0,32,he,"(-0.5, 0.5)",20,0.21311907228435142,0.88
[5],0.1,0.0,0.0,0.0,0.8,tanh,sgd,0.01,32,xavier,"(-0.5, 0.5)",20,0.17276435318848674,1.0
[5],0.1,0.0,0.0,0.0,0.8,tanh,sgd,0.01,32,he,"(-0.5, 0.5)",20,0.2881958586520444,0.88
[5],0.1,0.0,0.0,0.0,0.8,tanh,adam,0.0,32,xavier,"(-0.5, 0.5)",20,0.012170079347043833,1.0
[5],0.1,0.0,0.0,0.0,0.8,tanh,adam,0.0,32,he,"(-0.5, 0.5)",20,0.22452255218774336,0.84
[5],0.1,0.0,0.0,0.0,0.8,tanh,adam,0.01,32,xavier,"(-0.5, 0.5)",20,0.015004476789764855,1.0
[5],0.1,0.0,0.0,0.0,0.8,tanh,adam,0.01,32,he,"(-0.5, 0.5)",20,0.037536933863009575,1.0
[5],0.1,0.0,0.0,0.0,0.8,relu,sgd,0.0,32,xavier,"(-0.5, 0.5)",20,0.41025915326174917,0.8
[5],0.1,0.0,0.0,0.0,0.8,relu,sgd,0.0,32,he,"(-0.5, 0.5)",20,0.08944189738547259,0.96
[5],0.1,0.0,0.0,0.0,0.8,relu,sgd,0.01,32,xavier,"(-0.5, 0.5)",20,0.12974287774297477,0.92
[5],0.1,0.0,0.0,0.0,0.8,relu,sgd,0.01,32,he,"(-0.5, 0.5)",20,0.18760360467907117,1.0
[5],0.1,0.0,0.0,0.0,0.8,relu,adam,0.0,32,xavier,"(-0.5, 0.5)",20,0.25448864020262607,0.92
[5],0.1,0.0,0.0,0.0,0.8,relu,adam,0.0,32,he,"(-0.5, 0.5)",20,0.024284729186476964,1.0
[5],0.1,0.0,0.0,0.0,0.8,relu,adam,0.01,32,xavier,"(-0.5, 0.5)",20,0.1127522803029695,0.92
[5],0.1,0.0,0.0,0.0,0.8,relu,adam,0.01,32,he,"(-0.5, 0.5)",20,0.003329242758173354,1.0
[5],0.1,0.0,0.0,0.0,0.9,tanh,sgd,0.0,32,xavier,"(-0.5, 0.5)",20,0.06751000852124167,1.0
[5],0.1,0.0,0.0,0.0,0.9,tanh,sgd,0.0,32,he,"(-0.5, 0.5)",20,0.04045558014427515,1.0
[5],0.1,0.0,0.0,0.0,0.9,tanh,sgd,0.01,32,xavier,"(-0.5, 0.5)",20,0.11528072850012323,0.96
[5],0.1,0.0,0.0,0.0,0.9,tanh,sgd,0.01,32,he,"(-0.5, 0.5)",20,0.10791091647464668,0.96
[5],0.1,0.0,0.0,0.0,0.9,tanh,adam,0.0,32,xavier,"(-0.5, 0.5)",20,0.009516252405688786,1.0
[5],0.1,0.0,0.0,0.0,0.9,tanh,adam,0.0,32,he,"(-0.5, 0.5)",20,0.050604663965023985,1.0
[5],0.1,0.0,0.0,0.0,0.9,tanh,adam,0.01,32,xavier,"(-0.5, 0.5)",20,0.03462583539381711,1.0
[5],0.1,0.0,0.0,0.0,0.9,tanh,adam,0.01,32,he,"(-0.5, 0.5)",20,0.0546458028895101,0.96
[5],0.1,0.0,0.0,0.0,0.9,relu,sgd,0.0,32,xavier,"(-0.5, 0.5)",20,0.31567844141137646,0.88
[5],0.1,0.0,0.0,0.0,0.9,relu,sgd,0.0,32,he,"(-0.5, 0.5)",20,0.016050808969759144,1.0
[5],0.1,0.0,0.0,0.0,0.9,relu,sgd,0.01,32,xavier,"(-0.5, 0.5)",20,0.037101109914903146,1.0
[5],0.1,0.0,0.0,0.0,0.9,relu,sgd,0.01,32,he,"(-0.5, 0.5)",20,0.02527404462606532,1.0
[5],0.1,0.0,0.0,0.0,0.9,relu,adam,0.0,32,xavier,"(-0.5, 0.5)",20,0.35524839348602166,0.8
[5],0.1,0.0,0.0,0.0,0.9,relu,adam,0.0,32,he,"(-0.5, 0.5)",20,0.471214870079359,0.72
[5],0.1,0.0,0.0,0.0,0.9,relu,adam,0.01,32,xavier,"(-0.5, 0.5)",20,0.014805331048322802,1.0
[5],0.1,0.0,0.0,0.0,0.9,relu,adam,0.01,32,he,"(-0.5, 0.5)",20,0.19490653010796685,0.92
[5],0.1,0.0,0.0,0.1,0.8,tanh,sgd,0.0,32,xavier,"(-0.5, 0.5)",20,0.1824100884970989,1.0
[5],0.1,0.0,0.0,0.1,0.8,tanh,sgd,0.0,32,he,"(-0.5, 0.5)",20,0.27449265994617833,0.96
[5],0.1,0.0,0.0,0.1,0.8,tanh,sgd,0.01,32,xavier,"(-0.5, 0.5)",20,0.2867592642218136,0.84
[5],0.1,0.0,0.0,0.1,0.8,tanh,sgd,0.01,32,he,"(-0.5, 0.5)",20,0.2679080948951512,0.92
[5],0.1,0.0,0.0,0.1,0.8,tanh,adam,0.0,32,xavier,"(-0.5, 0.5)",20,0.03319461799269829,1.0
[5],0.1,0.0,0.0,0.1,0.8,tanh,adam,0.0,32,he,"(-0.5, 0.5)",20,0.3046642558523986,0.88
[5],0.1,0.0,0.0,0.1,0.8,tanh,adam,0.01,32,xavier,"(-0.5, 0.5)",20,0.10771683103668424,0.96
[5],0.1,0.0,0.0,0.1,0.8,tanh,adam,0.01,32,he,"(-0.5, 0.5)",20,0.09707387340006987,0.92
[5],0.1,0.0,0.0,0.1,0.8,relu,sgd,0.0,32,xavier,"(-0.5, 0.5)",20,0.26648532499280336,0.84
[5],0.1,0.0,0.0,0.1,0.8,relu,sgd,0.0,32,he,"(-0.5, 0.5)",20,0.1776695192289954,0.92
[5],0.1,0.0,0.0,0.1,0.8,relu,sgd,0.01,32,xavier,"(-0.5, 0.5)",20,0.2769249936948364,0.96
[5],0.1,0.0,0.0,0.1,0.8,relu,sgd,0.01,32,he,"(-0.5, 0.5)",20,0.2886497062573714,0.88
[5],0.1,0.0,0.0,0.1,0.8,relu,adam,0.0,32,xavier,"(-0.5, 0.5)",20,0.30377384197038143,0.92
[5],0.1,0.0,0.0,0.1,0.8,relu,adam,0.0,32,he,"(-0.5, 0.5)",20,0.16842986127998102,0.92
[5],0.1,0.0,0.0,0.1,0.8,relu,adam,0.01,32,xavier,"(-0.5, 0.5)",20,0.17245550041327232,0.96
[5],0.1,0.0,0.0,0.1,0.8,relu,adam,0.01,32,he,"(-0.5, 0.5)",20,0.02825760682830775,1.0
[5],0.1,0.0,0.0,0.1,0.9,tanh,sgd,0.0,32,xavier,"(-0.5, 0.5)",20,0.10842937792332823,0.96
[5],0.1,0.0,0.0,0.1,0.9,tanh,sgd,0.0,32,he,"(-0.5, 0.5)",20,0.049630777629341774,1.0
[5],0.1,0.0,0.0,0.1,0.9,tanh,sgd,0.01,32,xavier,"(-0.5, 0.5)",20,0.10719154000482538,1.0
[5],0.1,0.0,0.0,0.1,0.9,tanh,sgd,0.01,32,he,"(-0.5, 0.5)",20,0.14797896815492498,0.96
[5],0.1,0.0,0.0,0.1,0.9,tanh,adam,0.0,32,xavier,"(-0.5, 0.5)",20,0.3232405676964161,0.88
[5],0.1,0.0,0.0,0.1,0.9,tanh,adam,0.0,32,he,"(-0.5, 0.5)",20,0.045824370878751096,1.0
[5],0.1,0.0,0.0,0.1,0.9,tanh,adam,0.01,32,xavier,"(-0.5, 0.5)",20,0.027834661337664778,1.0
[5],0.1,0.0,0.0,0.1,0.9,tanh,adam,0.01,32,he,"(-0.5, 0.5)",20,0.2591155987628287,0.88
[5],0.1,0.0,0.0,0.1,0.9,relu,sgd,0.0,32,xavier,"(-0.5, 0.5)",20,0.13679622428955113,0.92
[5],0.1,0.0,0.0,0.1,0.9,relu,sgd,0.0,32,he,"(-0.5, 0.5)",20,0.2092979514336552,0.96
[5],0.1,0.0,0.0,0.1,0.9,relu,sgd,0.01,32,xavier,"(-0.5, 0.5)",20,0.2727671200399078,0.92
[5],0.1,0.0,0.0,0.1,0.9,relu,sgd,0.01,32,he,"(-0.5, 0.5)",20,0.27613747257920473,0.88
[5],0.1,0.0,0.0,0.1,0.9,relu,adam,0.0,32,xavier,"(-0.5, 0.5)",20,0.3510928697349647,0.88
[5],0.1,0.0,0.0,0.1,0.9,relu,adam,0.0,32,he,"(-0.5, 0.5)",20,0.31840692482680183,0.88
[5],0.1,0.0,0.0,0.1,0.9,relu,adam,0.01,32,xavier,"(-0.5, 0.5)",20,0.10142580059806364,1.0
[5],0.1,0.0,0.0,0.1,0.9,relu,adam,0.01,32,he,"(-0.5, 0.5)",20,0.13232427338517888,0.96
[5],0.1,0.0,0.0,0.2,0.8,tanh,sgd,0.0,32,xavier,"(-0.5, 0.5)",20,0.3652501419380906,0.88
[5],0.1,0.0,0.0,0.2,0.8,tanh,sgd,0.0,32,he,"(-0.5, 0.5)",20,0.4036893279084805,0.84
[5],0.1,0.0,0.0,0.2,0.8,tanh,sgd,0.01,32,xavier,"(-0.5, 0.5)",20,0.3490722558571468,0.84
[5],0.1,0.0,0.0,0.2,0.8,tanh,sgd,0.01,32,he,"(-0.5, 0.5)",20,0.2487352581270932,0.92
[5],0.1,0.0,0.0,0.2,0.8,tanh,adam,0.0,32,xavier,"(-0.5, 0.5)",20,0.29069839077850906,0.88
[5],0.1,0.0,0.0,0.2,0.8,tanh,adam,0.0,32,he,"(-0.5, 0.5)",20,0.2250801182998889,0.92
[5],0.1,0.0,0.0,0.2,0.8,tanh,adam,0.01,32,xavier,"(-0.5, 0.5)",20,0.042993317336790134,0.96
[5],0.1,0.0,0.0,0.2,0.8,tanh,adam,0.01,32,he,"(-0.5, 0.5)",20,0.048378102844446685,1.0
[5],0.1,0.0,0.0,0.2,0.8,relu,sgd,0.0,32,xavier,"(-0.5, 0.5)",20,0.2756766137055978,0.92
[5],0.1,0.0,0.0,0.2,0.8,relu,sgd,0.0,32,he,"(-0.5, 0.5)",20,0.16991739343139683,0.96
[5],0.1,0.0,0.0,0.2,0.8,relu,sgd,0.01,32,xavier,"(-0.5, 0.5)",20,0.2755515648068869,0.88
[5],0.1,0.0,0.0,0.2,0.8,relu,sgd,0.01,32,he,"(-0.5, 0.5)",20,0.36007383713509683,0.88
[5],0.1,0.0,0.0,0.2,0.8,relu,adam,0.0,32,xavier,"(-0.5, 0.5)",20,0.4148730158985299,0.76
[5],0.1,0.0,0.0,0.2,0.8,relu,adam,0.0,32,he,"(-0.5, 0.5)",20,0.13026109649229414,0.92
[5],0.1,0.0,0.0,0.2,0.8,relu,adam,0.01,32,xavier,"(-0.5, 0.5)",20,0.34919395856188645,0.92
[5],0.1,0.0,0.0,0.2,0.8,relu,adam,0.01,32,he,"(-0.5, 0.5)",20,0.35169100174564494,0.84
[5],0.1,0.0,0.0,0.2,0.9,tanh,sgd,0.0,32,xavier,"(-0.5, 0.5)",20,0.10536526263732761,1.0
[5],0.1,0.0,0.0,0.2,0.9,tanh,sgd,0.0,32,he,"(-0.5, 0.5)",20,0.1878371936629717,0.96
[5],0.1,0.0,0.0,0.2,0.9,tanh,sgd,0.01,32,xavier,"(-0.5, 0.5)",20,0.3726872712513573,0.84
[5],0.1,0.0,0.0,0.2,0.9,tanh,sgd,0.01,32,he,"(-0.5, 0.5)",20,0.23213312926168134,0.92
[5],0.1,0.0,0.0,0.2,0.9,tanh,adam,0.0,32,xavier,"(-0.5, 0.5)",20,0.05244736437946943,1.0
[5],0.1,0.0,0.0,0.2,0.9,tanh,adam,0.0,32,he,"(-0.5, 0.5)",20,0.04340287216301504,1.0
[5],0.1,0.0,0.0,0.2,0.9,tanh,adam,0.01,32,xavier,"(-0.5, 0.5)",20,0.25296474438773653,0.88
[5],0.1,0.0,0.0,0.2,0.9,tanh,adam,0.01,32,he,"(-0.5, 0.5)",20,0.19098206427441455,0.88
[5],0.1,0.0,0.0,0.2,0.9,relu,sgd,0.0,32,xavier,"(-0.5, 0.5)",20,0.12089949354100644,0.96
[5],0.1,0.0,0.0,0.2,0.9,relu,sgd,0.0,32,he,"(-0.5, 0.5)",20,0.1833263350999929,0.88
[5],0.1,0.0,0.0,0.2,0.9,relu,sgd,0.01,32,xavier,"(-0.5, 0.5)",20,0.2510322761324366,0.96
[5],0.1,0.0,0.0,0.2,0.9,relu,sgd,0.01,32,he,"(-0.5, 0.5)",20,0.1441364212201221,0.96
[5],0.1,0.0,0.0,0.2,0.9,relu,adam,0.0,32,xavier,"(-0.5, 0.5)",20,0.30251246830208756,0.8
[5],0.1,0.0,0.0,0.2,0.9,relu,adam,0.0,32,he,"(-0.5, 0.5)",20,0.11664433453901615,0.92
[5],0.1,0.0,0.0,0.2,0.9,relu,adam,0.01,32,xavier,"(-0.5, 0.5)",20,0.2601926183103578,0.88
[5],0.1,0.0,0.0,0.2,0.9,relu,adam,0.01,32,he,"(-0.5, 0.5)",20,0.14013958411480482,0.88
[5],0.1,0.0,0.002,0.0,0.8,tanh,sgd,0.0,32,xavier,"(-0.5, 0.5)",20,0.17492059706805155,0.96
[5],0.1,0.0,0.002,0.0,0.8,tanh,sgd,0.0,32,he,"(-0.5, 0.5)",20,0.2887783532926043,0.88
[5],0.1,0.0,0.002,0.0,0.8,tanh,sgd,0.01,32,xavier,"(-0.5, 0.5)",20,0.24185542685568698,0.84
[5],0.1,0.0,0.002,0.0,0.8,tanh,sgd,0.01,32,he,"(-0.5, 0.5)",20,0.37545666839946523,0.92
[5],0.1,0.0,0.002,0.0,0.8,tanh,adam,0.0,32,xavier,"(-0.5, 0.5)",20,0.024719675637726205,1.0
[5],0.1,0.0,0.002,0.0,0.8,tanh,adam,0.0,32,he,"(-0.5, 0.5)",20,0.010963511745360414,1.0
[5],0.1,0.0,0.002,0.0,0.8,tanh,adam,0.01,32,xavier,"(-0.5, 0.5)",20,0.017742165962523863,1.0
[5],0.1,0.0,0.002,0.0,0.8,tanh,adam,0.01,32,he,"(-0.5, 0.5)",20,0.014365770025092674,1.0
[5],0.1,0.0,0.002,0.0,0.8,relu,sgd,0.0,32,xavier,"(-0.5, 0.5)",20,0.41922835928923324,0.88
[5],0.1,0.0,0.002,0.0,0.8,relu,sgd,0.0,32,he,"(-0.5, 0.5)",20,0.1446927255222192,0.92
[5],0.1,0.0,0.002,0.0,0.8,relu,sgd,0.01,32,xavier,"(-0.5, 0.5)",20,0.15835027213723793,0.96
[5],0.1,0.0,0.002,0.0,0.8,relu,sgd,0.01,32,he,"(-0.5, 0.5)",20,0.1370140492415124,0.92
[5],0.1,0.0,0.002,0.0,0.8,relu,adam,0.0,32,xavier,"(-0.5, 0.5)",20,0.054198537145602244,1.0
[5],0.1,0.0,0.002,0.0,0.8,relu,adam,0.0,32,he,"(-0.5, 0.5)",20,0.1777782079622272,0.92
[5],0.1,0.0,0.002,0.0,0.8,relu,adam,0.01,32,xavier,"(-0.5, 0.5)",20,0.008144744372214616,1.0
[5],0.1,0.0,0.002,0.0,0.8,relu,adam,0.01,32,he,"(-0.5, 0.5)",20,0.0219042555141203,1.0
[5],0.1,0.0,0.002,0.0,0.9,tanh,sgd,0.0,32,xavier,"(-0.5, 0.5)",20,0.0553111009524981,1.0
[5],0.1,0.0,0.002,0.0,0.9,tanh,sgd,0.0,32,he,"(-0.5, 0.5)",20,0.2768086064321905,0.8
[5],0.1,0.0,0.002,0.0,0.9,tanh,sgd,0.01,32,xavier,"(-0.5, 0.5)",20,0.21295817532322295,0.92
[5],0.1,0.0,0.002,0.0,0.9,tanh,sgd,0.01,32,he,"(-0.5, 0.5)",20,0.11854497067475893,0.96
[5],0.1,0.0,0.002,0.0,0.9,tanh,adam,0.0,32,xavier,"(-0.5, 0.5)",20,0.013308726802006305,1.0
[5],0.1,0.0,0.002,0.0,0.9,tanh,adam,0.0,32,he,"(-0.5, 0.5)",20,0.01684399947381208,1.0
[5],0.1,0.0,0.002,0.0,0.9,tanh,adam,0.01,32,xavier,"(-0.5, 0.5)",20,0.014756779346610589,1.0
[5],0.1,0.0,0.002,0.0,0.9,tanh,adam,0.01,32,he,"(-0.5, 0.5)",20,0.02098913135812683,1.0
[5],0.1,0.0,0.002,0.0,0.9,relu,sgd,0.0,32,xavier,"(-0.5, 0.5)",20,0.10730827751012909,0.96
[5],0.1,0.0,0.002,0.0,0.9,relu,sgd,0.0,32,he,"(-0.5, 0.5)",20,0.2717082951361839,0.92
[5],0.1,0.0,0.002,0.0,0.9,relu,sgd,0.01,32,xavier,"(-0.5, 0.5)",20,0.06517149473175883,1.0
[5],0.1,0.0,0.002,0.0,0.9,relu,sgd,0.01,32,he,"(-0.5, 0.5)",20,0.1829378581594292,0.96
[5],0.1,0.0,0.002,0.0,0.9,relu,adam,0.0,32,xavier,"(-0.5, 0.5)",20,0.057658184228104016,0.96
[5],0.1,0.0,0.002,0.0,0.9,relu,adam,0.0,32,he,"(-0.5, 0.5)",20,0.00565074091146059,1.0
[5],0.1,0.0,0.002,0.0,0.9,relu,adam,0.01,32,xavier,"(-0.5, 0.5)",20,0.03718542481696379,1.0
[5],0.1,0.0,0.002,0.0,0.9,relu,adam,0.01,32,he,"(-0.5, 0.5)",20,0.04597535275237995,1.0
[5],0.1,0.0,0.002,0.1,0.8,tanh,sgd,0.0,32,xavier,"(-0.5, 0.5)",20,0.19907778815001115,0.96
[5],0.1,0.0,0.002,0.1,0.8,tanh,sgd,0.0,32,he,"(-0.5, 0.5)",20,0.23896180834327505,0.92
[5],0.1,0.0,0.002,0.1,0.8,tanh,sgd,0.01,32,xavier,"(-0.5, 0.5)",20,0.19085787681928815,1.0
[5],0.1,0.0,0.002,0.1,0.8,tanh,sgd,0.01,32,he,"(-0.5, 0.5)",20,0.21337977505128744,0.96
[5],0.1,0.0,0.002,0.1,0.8,tanh,adam,0.0,32,xavier,"(-0.5, 0.5)",20,0.026319778192837498,1.0
[5],0.1,0.0,0.002,0.1,0.8,tanh,adam,0.0,32,he,"(-0.5, 0.5)",20,0.03665219816623359,1.0
[5],0.1,0.0,0.002,0.1,0.8,tanh,adam,0.01,32,xavier,"(-0.5, 0.5)",20,0.05169299534616737,1.0
[5],0.1,0.0,0.002,0.1,0.8,tanh,adam,0.01,32,he,"(-0.5, 0.5)",20,0.04283366163793868,1.0
[5],0.1,0.0,0.002,0.1,0.8,relu,sgd,0.0,32,xavier,"(-0.5, 0.5)",20,0.24085791242929636,0.88
[5],0.1,0.0,0.002,0.1,0.8,relu,sgd,0.0,32,he,"(-0.5, 0.5)",20,0.1979745317741453,0.96
[5],0.1,0.0,0.002,0.1,0.8,relu,sgd,0.01,32,xavier,"(-0.5, 0.5)",20,0.2341097734813015,0.88
[5],0.1,0.0,0.002,0.1,0.8,relu,sgd,0.01,32,he,"(-0.5, 0.5)",20,0.27108502632375964,0.88
[5],0.1,0.0,0.002,0.1,0.8,relu,adam,0.0,32,xavier,"(-0.5, 0.5)",20,0.07374565766324864,0.96
[5],0.1,0.0,0.002,0.1,0.8,relu,adam,0.0,32,he,"(-0.5, 0.5)",20,0.36641273576302236,0.84
[5],0.1,0.0,0.002,0.1,0.8,relu,adam,0.01,32,xavier,"(-0.5, 0.5)",20,0.10122217429586548,0.92
[5],0.1,0.0,0.002,0.1,0.8,relu,adam,0.01,32,he,"(-0.5, 0.5)",20,0.16024342912578712,0.88
[5],0.1,0.0,0.002,0.1,0.9,tanh,sgd,0.0,32,xavier,"(-0.5, 0.5)",20,0.274687313638733,0.88
[5],0.1,0.0,0.002,0.1,0.9,tanh,sgd,0.0,32,he,"(-0.5, 0.5)",20,0.1093281376712797,1.0
[5],0.1,0.0,0.002,0.1,0.9,tanh,sgd,0.01,32,xavier,"(-0.5, 0.5)",20,0.1662625133258039,1.0
[5],0.1,0.0,0.002,0.1,0.9,tanh,sgd,0.01,32,he,"(-0.5, 0.5)",20,0.07130460811182401,1.0
[5],0.1,0.0,0.002,0.1,0.9,tanh,adam,0.0,32,xavier,"(-0.5, 0.5)",20,0.02547272809622729,1.0
[5],0.1,0.0,0.002,0.1,0.9,tanh,adam,0.0,32,he,"(-0.5, 0.5)",20,0.3038363333306575,0.88
[5],0.1,0.0,0.002,0.1,0.9,tanh,adam,0.01,32,xavier,"(-0.5, 0.5)",20,0.0888294720623817,0.96
[5],0.1,0.0,0.002,0.1,0.9,tanh,adam,0.01,32,he,"(-0.5, 0.5)",20,0.13787824200057733,1.0
[5],0.1,0.0,0.002,0.1,0.9,relu,sgd,0.0,32,xavier,"(-0.5, 0.5)",20,0.1574656834210501,0.88
[5],0.1,0.0,0.002,0.1,0.9,relu,sgd,0.0,32,he,"(-0.5, 0.5)",20,0.15729482457140848,0.92
[5],0.1,0.0,0.002,0.1,0.9,relu,sgd,0.01,32,xavier,"(-0.5, 0.5)",20,0.28884819984255206,0.84
[5],0.1,0.0,0.002,0.1,0.9,relu,sgd,0.01,32,he,"(-0.5, 0.5)",20,0.3979974121291344,0.8
[5],0.1,0.0,0.002,0.1,0.9,relu,adam,0.0,32,xavier,"(-0.5, 0.5)",20,0.08803460703350101,0.92
[5],0.1,0.0,0.002,0.1,0.9,relu,adam,0.0,32,he,"(-0.5, 0.5)",20,0.06718394037038343,1.0
[5],0.1,0.0,0.002,0.1,0.9,relu,adam,0.01,32,xavier,"(-0.5, 0.5)",20,0.166620877481559,0.92
[5],0.1,0.0,0.002,0.1,0.9,relu,adam,0.01,32,he,"(-0.5, 0.5)",20,0.11933899601211204,1.0
[5],0.1,0.0,0.002,0.2,0.8,tanh,sgd,0.0,32,xavier,"(-0.5, 0.5)",20,0.4617610448042191,0.72
[5],0.1,0.0,0.002,0.2,0.8,tanh,sgd,0.0,32,he,"(-0.5, 0.5)",20,0.3313853478458303,0.88
[5],0.1,0.0,0.002,0.2,0.8,tanh,sgd,0.01,32,xavier,"(-0.5, 0.5)",20,0.3531272657639876,0.88
[5],0.1,0.0,0.002,0.2,0.8,tanh,sgd,0.01,32,he,"(-0.5, 0.5)",20,0.4423474526823708,0.8
[5],0.1,0.0,0.002,0.2,0.8,tanh,adam,0.0,32,xavier,"(-0.5, 0.5)",20,0.03994982420116455,1.0
[5],0.1,0.0,0.002,0.2,0.8,tanh,adam,0.0,32,he,"(-0.5, 0.5)",20,0.05073263857555092,1.0
[5],0.1,0.0,0.002,0.2,0.8,tanh,adam,0.01,32,xavier,"(-0.5, 0.5)",20,0.05837787306748826,1.0
[5],0.1,0.0,0.002,0.2,0.8,tanh,adam,0.01,32,he,"(-0.5, 0.5)",20,0.2436989373911506,0.92
[5],0.1,0.0,0.002,0.2,0.8,relu,sgd,0.0,32,xavier,"(-0.5, 0.5)",20,0.18799485871761815,0.92
[5],0.1,0.0,0.002,0.2,0.8,relu,sgd,0.0,32,he,"(-0.5, 0.5)",20,0.23265949347348833,0.88
[5],0.1,0.0,0.002,0.2,0.8,relu,sgd,0.01,32,xavier,"(-0.5, 0.5)",20,0.3765395794918506,0.84
[5],0.1,0.0,0.002,0.2,0.8,relu,sgd,0.01,32,he,"(-0.5, 0.5)",20,0.38491300880524415,0.76
[5],0.1,0.0,0.002,0.2,0.8,relu,adam,0.0,32,xavier,"(-0.5, 0.5)",20,0.2539643478800875,0.8
[5],0.1,0.0,0.002,0.2,0.8,relu,adam,0.0,32,he,"(-0.5, 0.5)",20,0.14712447667054485,0.92
[5],0.1,0.0,0.002,0.2,0.8,relu,adam,0.01,32,xavier,"(-0.5, 0.5)",20,0.20705603674825743,0.88
[5],0.1,0.0,0.002,0.2,0.8,relu,adam,0.01,32,he,"(-0.5, 0.5)",20,0.35150328599844355,0.92
[5],0.1,0.0,0.002,0.2,0.9,tanh,sgd,0.0,32,xavier,"(-0.5, 0.5)",20,0.278284023597261,0.88
[5],0.1,0.0,0.002,0.2,0.9,tanh,sgd,0.0,32,he,"(-0.5, 0.5)",20,0.26938386554411675,0.92
[5],0.1,0.0,0.002,0.2,0.9,tanh,sgd,0.01,32,xavier,"(-0.5, 0.5)",20,0.15983345687307038,0.96
[5],0.1,0.0,0.002,0.2,0.9,tanh,sgd,0.01,32,he,"(-0.5, 0.5)",20,0.18900339220317575,0.92
[5],0.1,0.0,0.002,0.2,0.9,tanh,adam,0.0,32,xavier,"(-0.5, 0.5)",20,0.15497546182394517,0.96
[5],0.1,0.0,0.002,0.2,0.9,tanh,adam,0.0,32,he,"(-0.5, 0.5)",20,0.03901393489417834,1.0
[5],0.1,0.0,0.002,0.2,0.9,tanh,adam,0.01,32,xavier,"(-0.5, 0.5)",20,0.06471862062910008,1.0
[5],0.1,0.0,0.002,0.2,0.9,tanh,adam,0.01,32,he,"(-0.5, 0.5)",20,0.051890695818365355,1.0
[5],0.1,0.0,0.002,0.2,0.9,relu,sgd,0.0,32,xavier,"(-0.5, 0.5)",20,0.14658041436178973,0.92
[5],0.1,0.0,0.002,0.2,0.9,relu,sgd,0.0,32,he,"(-0.5, 0.5)",20,0.2224847294313459,0.88
[5],0.1,0.0,0.002,0.2,0.9,relu,sgd,0.01,32,xavier,"(-0.5, 0.5)",20,0.2517866012597822,0.88
[5],0.1,0.0,0.002,0.2,0.9,relu,sgd,0.01,32,he,"(-0.5, 0.5)",20,0.0931492053749616,1.0
[5],0.1,0.0,0.002,0.2,0.9,relu,adam,0.0,32,xavier,"(-0.5, 0.5)",20,0.1927685643304453,0.88
[5],0.1,0.0,0.002,0.2,0.9,relu,adam,0.0,32,he,"(-0.5, 0.5)",20,0.2739392607935769,0.88
[5],0.1,0.0,0.002,0.2,0.9,relu,adam,0.01,32,xavier,"(-0.5, 0.5)",20,0.1356261004940267,0.96
[5],0.1,0.0,0.002,0.2,0.9,relu,adam,0.01,32,he,"(-0.5, 0.5)",20,0.2365391528656527,0.88
[5],0.1,0.005,0.0,0.0,0.8,tanh,sgd,0.0,32,xavier,"(-0.5, 0.5)",20,0.17324799366965055,0.96
[5],0.1,0.005,0.0,0.0,0.8,tanh,sgd,0.0,32,he,"(-0.5, 0.5)",20,0.13310030513776186,1.0
[5],0.1,0.005,0.0,0.0,0.8,tanh,sgd,0.01,32,xavier,"(-0.5, 0.5)",20,0.32218666143931135,0.88
[5],0.1,0.005,0.0,0.0,0.8,tanh,sgd,0.01,32,he,"(-0.5, 0.5)",20,0.1539341630240899,1.0
[5],0.1,0.005,0.0,0.0,0.8,tanh,adam,0.0,32,xavier,"(-0.5, 0.5)",20,0.03711153672924196,1.0
[5],0.1,0.005,0.0,0.0,0.8,tanh,adam,0.0,32,he,"(-0.5, 0.5)",20,0.03390287560293855,1.0
[5],0.1,0.005,0.0,0.0,0.8,tanh,adam,0.01,32,xavier,"(-0.5, 0.5)",20,0.048051163890479684,1.0
[5],0.1,0.005,0.0,0.0,0.8,tanh,adam,0.01,32,he,"(-0.5, 0.5)",20,0.03703839636970871,1.0
[5],0.1,0.005,0.0,0.0,0.8,relu,sgd,0.0,32,xavier,"(-0.5, 0.5)",20,0.08103140149673027,1.0
[5],0.1,0.005,0.0,0.0,0.8,relu,sgd,0.0,32,he,"(-0.5, 0.5)",20,0.10664537354359264,1.0
[5],0.1,0.005,0.0,0.0,0.8,relu,sgd,0.01,32,xavier,"(-0.5, 0.5)",20,0.16629530478673085,0.96
[5],0.1,0.005,0.0,0.0,0.8,relu,sgd,0.01,32,he,"(-0.5, 0.5)",20,0.11114106889942717,1.0
[5],0.1,0.005,0.0,0.0,0.8,relu,adam,0.0,32,xavier,"(-0.5, 0.5)",20,0.045286552039431396,1.0
[5],0.1,0.005,0.0,0.0,0.8,relu,adam,0.0,32,he,"(-0.5, 0.5)",20,0.021015727835698533,1.0
[5],0.1,0.005,0.0,0.0,0.8,relu,adam,0.01,32,xavier,"(-0.5, 0.5)",20,0.10945253697922482,0.96
[5],0.1,0.005,0.0,0.0,0.8,relu,adam,0.01,32,he,"(-0.5, 0.5)",20,0.09568398645828652,0.92
[5],0.1,0.005,0.0,0.0,0.9,tanh,sgd,0.0,32,xavier,"(-0.5, 0.5)",20,0.16288609707974994,0.96
[5],0.1,0.005,0.0,0.0,0.9,tanh,sgd,0.0,32,he,"(-0.5, 0.5)",20,0.06591255047688716,1.0
[5],0.1,0.005,0.0,0.0,0.9,tanh,sgd,0.01,32,xavier,"(-0.5, 0.5)",20,0.07570864064116423,1.0
[5],0.1,0.005,0.0,0.0,0.9,tanh,sgd,0.01,32,he,"(-0.5, 0.5)",20,0.1243892305094322,0.96
[5],0.1,0.005,0.0,0.0,0.9,tanh,adam,0.0,32,xavier,"(-0.5, 0.5)",20,0.14043046020318467,0.96
[5],0.1,0.005,0.0,0.0,0.9,tanh,adam,0.0,32,he,"(-0.5, 0.5)",20,0.03369772532735894,1.0
[5],0.1,0.005,0.0,0.0,0.9,tanh,adam,0.01,32,xavier,"(-0.5, 0.5)",20,0.04231883855721112,1.0
[5],0.1,0.005,0.0,0.0,0.9,tanh,adam,0.01,32,he,"(-0.5, 0.5)",20,0.042566790856242785,1.0
[5],0.1,0.005,0.0,0.0,0.9,relu,sgd,0.0,32,xavier,"(-0.5, 0.5)",20,0.06929809724095792,1.0
[5],0.1,0.005,0.0,0.0,0.9,relu,sgd,0.0,32,he,"(-0.5, 0.5)",20,0.0696331051413652,1.0
[5],0.1,0.005,0.0,0.0,0.9,relu,sgd,0.01,32,xavier,"(-0.5, 0.5)",20,0.05019439382928443,1.0
[5],0.1,0.005,0.0,0.0,0.9,relu,sgd,0.01,32,he,"(-0.5, 0.5)",20,0.04101661679640999,1.0
[5],0.1,0.005,0.0,0.0,0.9,relu,adam,0.0,32,xavier,"(-0.5, 0.5)",20,0.2575645088338113,0.88
[5],0.1,0.005,0.0,0.0,0.9,relu,adam,0.0,32,he,"(-0.5, 0.5)",20,0.03105842836657047,1.0
[5],0.1,0.005,0.0,0.0,0.9,relu,adam,0.01,32,xavier,"(-0.5, 0.5)",20,0.02253286509626333,1.0
[5],0.1,0.005,0.0,0.0,0.9,relu,adam,0.01,32,he,"(-0.5, 0.5)",20,0.1989672449154189,0.96
[5],0.1,0.005,0.0,0.1,0.8,tanh,sgd,0.0,32,xavier,"(-0.5, 0.5)",20,0.2271635476353403,0.92
[5],0.1,0.005,0.0,0.1,0.8,tanh,sgd,0.0,32,he,"(-0.5, 0.5)",20,0.18957760788190095,0.96
[5],0.1,0.005,0.0,0.1,0.8,tanh,sgd,0.01,32,xavier,"(-0.5, 0.5)",20,0.4149231773035305,0.8
[5],0.1,0.005,0.0,0.1,0.8,tanh,sgd,0.01,32,he,"(-0.5, 0.5)",20,0.39810340262295496,0.76
[5],0.1,0.005,0.0,0.1,0.8,tanh,adam,0.0,32,xavier,"(-0.5, 0.5)",20,0.055992748716499036,1.0
[5],0.1,0.005,0.0,0.1,0.8,tanh,adam,0.0,32,he,"(-0.5, 0.5)",20,0.21027287101977327,0.88
[5],0.1,0.005,0.0,0.1,0.8,tanh,adam,0.01,32,xavier,"(-0.5, 0.5)",20,0.05913779926751535,1.0
[5],0.1,0.005,0.0,0.1,0.8,tanh,adam,0.01,32,he,"(-0.5, 0.5)",20,0.06120420307224447,1.0
[5],0.1,0.005,0.0,0.1,0.8,relu,sgd,0.0,32,xavier,"(-0.5, 0.5)",20,0.21833115110372855,0.92
[5],0.1,0.005,0.0,0.1,0.8,relu,sgd,0.0,32,he,"(-0.5, 0.5)",20,0.4116577058760911,0.76
[5],0.1,0.005,0.0,0.1,0.8,relu,sgd,0.01,32,xavier,"(-0.5, 0.5)",20,0.2578607205371033,0.84
[5],0.1,0.005,0.0,0.1,0.8,relu,sgd,0.01,32,he,"(-0.5, 0.5)",20,0.2229483700278974,0.96
[5],0.1,0.005,0.0,0.1,0.8,relu,adam,0.0,32,xavier,"(-0.5, 0.5)",20,0.43509433598045766,0.8
[5],0.1,0.005,0.0,0.1,0.8,relu,adam,0.0,32,he,"(-0.5, 0.5)",20,0.5600279057204914,0.76
[5],0.1,0.005,0.0,0.1,0.8,relu,adam,0.01,32,xavier,"(-0.5, 0.5)",20,0.09319939356171054,1.0
[5],0.1,0.005,0.0,0.1,0.8,relu,adam,0.01,32,he,"(-0.5, 0.5)",20,0.11678659964645646,1.0
[5],0.1,0.005,0.0,0.1,0.9,tanh,sgd,0.0,32,xavier,"(-0.5, 0.5)",20,0.3933623011156664,0.76
[5],0.1,0.005,0.0,0.1,0.9,tanh,sgd,0.0,32,he,"(-0.5, 0.5)",20,0.2734715844756851,0.92
[5],0.1,0.005,0.0,0.1,0.9,tanh,sgd,0.01,32,xavier,"(-0.5, 0.5)",20,0.10882057991824767,1.0
[5],0.1,0.005,0.0,0.1,0.9,tanh,sgd,0.01,32,he,"(-0.5, 0.5)",20,0.2716765881168969,0.96
[5],0.1,0.005,0.0,0.1,0.9,tanh,adam,0.0,32,xavier,"(-0.5, 0.5)",20,0.22071668319334947,0.92
[5],0.1,0.005,0.0,0.1,0.9,tanh,adam,0.0,32,he,"(-0.5, 0.5)",20,0.0580548093717208,1.0
[5],0.1,0.005,0.0,0.1,0.9,tanh,adam,0.01,32,xavier,"(-0.5, 0.5)",20,0.12577786334494645,0.96
[5],0.1,0.005,0.0,0.1,0.9,tanh,adam,0.01,32,he,"(-0.5, 0.5)",20,0.0825330361268139,1.0
[5],0.1,0.005,0.0,0.1,0.9,relu,sgd,0.0,32,xavier,"(-0.5, 0.5)",20,0.14631358241394657,1.0
[5],0.1,0.005,0.0,0.1,0.9,relu,sgd,0.0,32,he,"(-0.5, 0.5)",20,0.27516927528982,0.96
[5],0.1,0.005,0.0,0.1,0.9,relu,sgd,0.01,32,xavier,"(-0.5, 0.5)",20,0.19542675457050304,0.92
[5],0.1,0.005,0.0,0.1,0.9,relu,sgd,0.01,32,he,"(-0.5, 0.5)",20,0.2691928886999792,0.84
[5],0.1,0.005,0.0,0.1,0.9,relu,adam,0.0,32,xavier,"(-0.5, 0.5)",20,0.4066859692732553,0.8
[5],0.1,0.005,0.0,0.1,0.9,relu,adam,0.0,32,he,"(-0.5, 0.5)",20,0.1387537230942336,1.0
[5],0.1,0.005,0.0,0.1,0.9,relu,adam,0.01,32,xavier,"(-0.5, 0.5)",20,0.09220686668359745,1.0
[5],0.1,0.005,0.0,0.1,0.9,relu,adam,0.01,32,he,"(-0.5, 0.5)",20,0.1619634174972201,0.92
[5],0.1,0.005,0.0,0.2,0.8,tanh,sgd,0.0,32,xavier,"(-0.5, 0.5)",20,0.3009033853893207,0.96
[5],0.1,0.005,0.0,0.2,0.8,tanh,sgd,0.0,32,he,"(-0.5, 0.5)",20,0.4219904857810024,0.76
[5],0.1,0.005,0.0,0.2,0.8,tanh,sgd,0.01,32,xavier,"(-0.5, 0.5)",20,0.36751016570150585,0.76
[5],0.1,0.005,0.0,0.2,0.8,tanh,sgd,0.01,32,he,"(-0.5, 0.5)",20,0.30354047660036254,0.92
[5],0.1,0.005,0.0,0.2,0.8,tanh,adam,0.0,32,xavier,"(-0.5, 0.5)",20,0.23098820573750628,0.92
[5],0.1,0.005,0.0,0.2,0.8,tanh,adam,0.0,32,he,"(-0.5, 0.5)",20,0.09290573359773259,1.0
[5],0.1,0.005,0.0,0.2,0.8,tanh,adam,0.01,32,xavier,"(-0.5, 0.5)",20,0.2830042556457522,0.84
[5],0.1,0.005,0.0,0.2,0.8,tanh,adam,0.01,32,he,"(-0.5, 0.5)",20,0.08602007775479201,1.0
[5],0.1,0.005,0.0,0.2,0.8,relu,sgd,0.0,32,xavier,"(-0.5, 0.5)",20,0.33323816379318233,0.84
[5],0.1,0.005,0.0,0.2,0.8,relu,sgd,0.0,32,he,"(-0.5, 0.5)",20,0.18936971610782374,1.0
[5],0.1,0.005,0.0,0.2,0.8,relu,sgd,0.01,32,xavier,"(-0.5, 0.5)",20,0.35188300761517954,0.84
[5],0.1,0.005,0.0,0.2,0.8,relu,sgd,0.01,32,he,"(-0.5, 0.5)",20,0.2206108103018224,0.84
[5],0.1,0.005,0.0,0.2,0.8,relu,adam,0.0,32,xavier,"(-0.5, 0.5)",20,0.07621227942187206,1.0
[5],0.1,0.005,0.0,0.2,0.8,relu,adam,0.0,32,he,"(-0.5, 0.5)",20,0.2584361780345374,0.88
[5],0.1,0.005,0.0,0.2,0.8,relu,adam,0.01,32,xavier,"(-0.5, 0.5)",20,0.13883936369461575,1.0
[5],0.1,0.005,0.0,0.2,0.8,relu,adam,0.01,32,he,"(-0.5, 0.5)",20,0.08589140482957,1.0
[5],0.1,0.005,0.0,0.2,0.9,tanh,sgd,0.0,32,xavier,"(-0.5, 0.5)",20,0.29783023324567665,0.88
[5],0.1,0.005,0.0,0.2,0.9,tanh,sgd,0.0,32,he,"(-0.5, 0.5)",20,0.21001702403992445,0.96
[5],0.1,0.005,0.0,0.2,0.9,tanh,sgd,0.01,32,xavier,"(-0.5, 0.5)",20,0.4684245885274966,0.88
[5],0.1,0.005,0.0,0.2,0.9,tanh,sgd,0.01,32,he,"(-0.5, 0.5)",20,0.17185582054819,0.92
[5],0.1,0.005,0.0,0.2,0.9,tanh,adam,0.0,32,xavier,"(-0.5, 0.5)",20,0.09999244580305433,1.0
[5],0.1,0.005,0.0,0.2,0.9,tanh,adam,0.0,32,he,"(-0.5, 0.5)",20,0.2759293076711895,0.92
[5],0.1,0.005,0.0,0.2,0.9,tanh,adam,0.01,32,xavier,"(-0.5, 0.5)",20,0.2597517999951372,0.92
[5],0.1,0.005,0.0,0.2,0.9,tanh,adam,0.01,32,he,"(-0.5, 0.5)",20,0.10624482560456686,1.0
[5],0.1,0.005,0.0,0.2,0.9,relu,sgd,0.0,32,xavier,"(-0.5, 0.5)",20,0.07640052322204705,1.0
[5],0.1,0.005,0.0,0.2,0.9,relu,sgd,0.0,32,he,"(-0.5, 0.5)",20,0.3230309444220722,0.88
[5],0.1,0.005,0.0,0.2,0.9,relu,sgd,0.01,32,xavier,"(-0.5, 0.5)",20,0.2218944113828566,0.92
[5],0.1,0.005,0.0,0.2,0.9,relu,sgd,0.01,32,he,"(-0.5, 0.5)",20,0.23889708373292726,0.88
[5],0.1,0.005,0.0,0.2,0.9,relu,adam,0.0,32,xavier,"(-0.5, 0.5)",20,0.1770284467582942,1.0
[5],0.1,0.005,0.0,0.2,0.9,relu,adam,0.0,32,he,"(-0.5, 0.5)",20,0.17443634559544297,0.92
[5],0.1,0.005,0.0,0.2,0.9,relu,adam,0.01,32,xavier,"(-0.5, 0.5)",20,0.21483133410752747,0.96
[5],0.1,0.005,0.0,0.2,0.9,relu,adam,0.01,32,he,"(-0.5, 0.5)",20,0.09284924118457556,1.0
[5],0.1,0.005,0.002,0.0,0.8,tanh,sgd,0.0,32,xavier,"(-0.5, 0.5)",20,0.34761187858115916,0.8
[5],0.1,0.005,0.002,0.0,0.8,tanh,sgd,0.0,32,he,"(-0.5, 0.5)",20,0.12941508663495818,1.0
[5],0.1,0.005,0.002,0.0,0.8,tanh,sgd,0.01,32,xavier,"(-0.5, 0.5)",20,0.4073955712568242,0.76
[5],0.1,0.005,0.002,0.0,0.8,tanh,sgd,0.01,32,he,"(-0.5, 0.5)",20,0.1646401838127118,1.0
[5],0.1,0.005,0.002,0.0,0.8,tanh,adam,0.0,32,xavier,"(-0.5, 0.5)",20,0.05143905932282988,1.0
[5],0.1,0.005,0.002,0.0,0.8,tanh,adam,0.0,32,he,"(-0.5, 0.5)",20,0.04122504299235335,1.0
[5],0.1,0.005,0.002,0.0,0.8,tanh,adam,0.01,32,xavier,"(-0.5, 0.5)",20,0.0393195532434113,1.0
[5],0.1,0.005,0.002,0.0,0.8,tanh,adam,0.01,32,he,"(-0.5, 0.5)",20,0.0355816826004602,1.0
[5],0.1,0.005,0.002,0.0,0.8,relu,sgd,0.0,32,xavier,"(-0.5, 0.5)",20,0.16657347025705216,0.92
[5],0.1,0.005,0.002,0.0,0.8,relu,sgd,0.0,32,he,"(-0.5, 0.5)",20,0.10297139205687796,0.96
[5],0.1,0.005,0.002,0.0,0.8,relu,sgd,0.01,32,xavier,"(-0.5, 0.5)",20,0.26549655100851005,0.96
[5],0.1,0.005,0.002,0.0,0.8,relu,sgd,0.01,32,he,"(-0.5, 0.5)",20,0.11157498066077436,1.0
[5],0.1,0.005,0.002,0.0,0.8,relu,adam,0.0,32,xavier,"(-0.5, 0.5)",20,0.023080323335861835,1.0
[5],0.1,0.005,0.002,0.0,0.8,relu,adam,0.0,32,he,"(-0.5, 0.5)",20,0.06345438784548485,1.0
[5],0.1,0.005,0.002,0.0,0.8,relu,adam,0.01,32,xavier,"(-0.5, 0.5)",20,0.02597042464315042,1.0
[5],0.1,0.005,0.002,0.0,0.8,relu,adam,0.01,32,he,"(-0.5, 0.5)",20,0.02376123891263164,1.0
[5],0.1,0.005,0.002,0.0,0.9,tanh,sgd,0.0,32,xavier,"(-0.5, 0.5)",20,0.045273817538286305,1.0
[5],0.1,0.005,0.002,0.0,0.9,tanh,sgd,0.0,32,he,"(-0.5, 0.5)",20,0.06227306730370728,1.0
[5],0.1,0.005,0.002,0.0,0.9,tanh,sgd,0.01,32,xavier,"(-0.5, 0.5)",20,0.08606842009851284,1.0
[5],0.1,0.005,0.002,0.0,0.9,tanh,sgd,0.01,32,he,"(-0.5, 0.5)",20,0.07554995470167548,1.0
[5],0.1,0.005,0.002,0.0,0.9,tanh,adam,0.0,32,xavier,"(-0.5, 0.5)",20,0.06372327509490408,1.0
[5],0.1,0.005,0.002,0.0,0.9,tanh,adam,0.0,32,he,"(-0.5, 0.5)",20,0.22694503254102033,0.92
[5],0.1,0.005,0.002,0.0,0.9,tanh,adam,0.01,32,xavier,"(-0.5, 0.5)",20,0.2596262929017263,0.96
[5],0.1,0.005,0.002,0.0,0.9,tanh,adam,0.01,32,he,"(-0.5, 0.5)",20,0.0530224028845506,1.0
[5],0.1,0.005,0.002,0.0,0.9,relu,sgd,0.0,32,xavier,"(-0.5, 0.5)",20,0.08318623500214274,0.92
[5],0.1,0.005,0.002,0.0,0.9,relu,sgd,0.0,32,he,"(-0.5, 0.5)",20,0.0612435190295128,1.0
[5],0.1,0.005,0.002,0.0,0.9,relu,sgd,0.01,32,xavier,"(-0.5, 0.5)",20,0.05706835871705669,1.0
[5],0.1,0.005,0.002,0.0,0.9,relu,sgd,0.01,32,he,"(-0.5, 0.5)",20,0.27711873472082044,0.92
[5],0.1,0.005,0.002,0.0,0.9,relu,adam,0.0,32,xavier,"(-0.5, 0.5)",20,0.026178413519916635,1.0
[5],0.1,0.005,0.002,0.0,0.9,relu,adam,0.0,32,he,"(-0.5, 0.5)",20,0.24172659975400795,0.96
[5],0.1,0.005,0.002,0.0,0.9,relu,adam,0.01,32,xavier,"(-0.5, 0.5)",20,0.16541295365527067,1.0
[5],0.1,0.005,0.002,0.0,0.9,relu,adam,0.01,32,he,"(-0.5, 0.5)",20,0.032814516540331705,1.0
[5],0.1,0.005,0.002,0.1,0.8,tanh,sgd,0.0,32,xavier,"(-0.5, 0.5)",20,0.4268214214524791,0.88
[5],0.1,0.005,0.002,0.1,0.8,tanh,sgd,0.0,32,he,"(-0.5, 0.5)",20,0.3147062772341011,0.92
[5],0.1,0.005,0.002,0.1,0.8,tanh,sgd,0.01,32,xavier,"(-0.5, 0.5)",20,0.35573624684586,0.88
[5],0.1,0.005,0.002,0.1,0.8,tanh,sgd,0.01,32,he,"(-0.5, 0.5)",20,0.2161344516442231,0.96
[5],0.1,0.005,0.002,0.1,0.8,tanh,adam,0.0,32,xavier,"(-0.5, 0.5)",20,0.10058549391722602,0.96
[5],0.1,0.005,0.002,0.1,0.8,tanh,adam,0.0,32,he,"(-0.5, 0.5)",20,0.14832469234229217,0.92
[5],0.1,0.005,0.002,0.1,0.8,tanh,adam,0.01,32,xavier,"(-0.5, 0.5)",20,0.2201342118248171,0.88
[5],0.1,0.005,0.002,0.1,0.8,tanh,adam,0.01,32,he,"(-0.5, 0.5)",20,0.062147240519808716,1.0
[5],0.1,0.005,0.002,0.1,0.8,relu,sgd,0.0,32,xavier,"(-0.5, 0.5)",20,0.310424861951725,0.84
[5],0.1,0.005,0.002,0.1,0.8,relu,sgd,0.0,32,he,"(-0.5, 0.5)",20,0.6105970595287274,0.72
[5],0.1,0.005,0.002,0.1,0.8,relu,sgd,0.01,32,xavier,"(-0.5, 0.5)",20,0.2218308709125846,0.96
[5],0.1,0.005,0.002,0.1,0.8,relu,sgd,0.01,32,he,"(-0.5, 0.5)",20,0.41093654461644297,0.76
[5],0.1,0.005,0.002,0.1,0.8,relu,adam,0.0,32,xavier,"(-0.5, 0.5)",20,0.26002336336905835,0.92
[5],0.1,0.005,0.002,0.1,0.8,relu,adam,0.0,32,he,"(-0.5, 0.5)",20,0.28809955473450266,0.88
[5],0.1,0.005,0.002,0.1,0.8,relu,adam,0.01,32,xavier,"(-0.5, 0.5)",20,0.11764952650663515,1.0
[5],0.1,0.005,0.002,0.1,0.8,relu,adam,0.01,32,he,"(-0.5, 0.5)",20,0.14560885250714578,1.0
[5],0.1,0.005,0.002,0.1,0.9,tanh,sgd,0.0,32,xavier,"(-0.5, 0.5)",20,0.07362046649604378,1.0
[5],0.1,0.005,0.002,0.1,0.9,tanh,sgd,0.0,32,he,"(-0.5, 0.5)",20,0.0959908829152556,1.0
[5],0.1,0.005,0.002,0.1,0.9,tanh,sgd,0.01,32,xavier,"(-0.5, 0.5)",20,0.26838240424825593,0.92
[5],0.1,0.005,0.002,0.1,0.9,tanh,sgd,0.01,32,he,"(-0.5, 0.5)",20,0.21921312609732765,0.92
[5],0.1,0.005,0.002,0.1,0.9,tanh,adam,0.0,32,xavier,"(-0.5, 0.5)",20,0.07898608263992014,1.0
[5],0.1,0.005,0.002,0.1,0.9,tanh,adam,0.0,32,he,"(-0.5, 0.5)",20,0.05811698037449759,1.0
[5],0.1,0.005,0.002,0.1,0.9,tanh,adam,0.01,32,xavier,"(-0.5, 0.5)",20,0.1585412876855663,0.96
[5],0.1,0.005,0.002,0.1,0.9,tanh,adam,0.01,32,he,"(-0.5, 0.5)",20,0.1034873435838763,1.0
[5],0.1,0.005,0.002,0.1,0.9,relu,sgd,0.0,32,xavier,"(-0.5, 0.5)",20,0.24782281916018636,0.88
[5],0.1,0.005,0.002,0.1,0.9,relu,sgd,0.0,32,he,"(-0.5, 0.5)",20,0.09541711372655208,0.96
[5],0.1,0.005,0.002,0.1,0.9,relu,sgd,0.01,32,xavier,"(-0.5, 0.5)",20,0.3970078722009785,0.8
[5],0.1,0.005,0.002,0.1,0.9,relu,sgd,0.01,32,he,"(-0.5, 0.5)",20,0.10841333361751361,1.0
[5],0.1,0.005,0.002,0.1,0.9,relu,adam,0.0,32,xavier,"(-0.5, 0.5)",20,0.10022642393064994,1.0
[5],0.1,0.005,0.002,0.1,0.9,relu,adam,0.0,32,he,"(-0.5, 0.5)",20,0.1881959146844678,0.88
[5],0.1,0.005,0.002,0.1,0.9,relu,adam,0.01,32,xavier,"(-0.5, 0.5)",20,0.17259995601329473,0.92
[5],0.1,0.005,0.002,0.1,0.9,relu,adam,0.01,32,he,"(-0.5, 0.5)",20,0.08985827813758071,0.96
[5],0.1,0.005,0.002,0.2,0.8,tanh,sgd,0.0,32,xavier,"(-0.5, 0.5)",20,0.1738656836977562,0.96
[5],0.1,0.005,0.002,0.2,0.8,tanh,sgd,0.0,32,he,"(-0.5, 0.5)",20,0.309104959427594,0.88
[5],0.1,0.005,0.002,0.2,0.8,tanh,sgd,0.01,32,xavier,"(-0.5, 0.5)",20,0.3599402521200444,0.88
[5],0.1,0.005,0.002,0.2,0.8,tanh,sgd,0.01,32,he,"(-0.5, 0.5)",20,0.4820533340645487,0.8
[5],0.1,0.005,0.002,0.2,0.8,tanh,adam,0.0,32,xavier,"(-0.5, 0.5)",20,0.08182851097674644,1.0
[5],0.1,0.005,0.002,0.2,0.8,tanh,adam,0.0,32,he,"(-0.5, 0.5)",20,0.14825139741174406,0.96
[5],0.1,0.005,0.002,0.2,0.8,tanh,adam,0.01,32,xavier,"(-0.5, 0.5)",20,0.11387006329261977,1.0
[5],0.1,0.005,0.002,0.2,0.8,tanh,adam,0.01,32,he,"(-0.5, 0.5)",20,0.24558599556761815,0.88
[5],0.1,0.005,0.002,0.2,0.8,relu,sgd,0.0,32,xavier,"(-0.5, 0.5)",20,0.32939996316034553,0.84
[5],0.1,0.005,0.002,0.2,0.8,relu,sgd,0.0,32,he,"(-0.5, 0.5)",20,0.31263209623890537,0.88
[5],0.1,0.005,0.002,0.2,0.8,relu,sgd,0.01,32,xavier,"(-0.5, 0.5)",20,0.4995039454923968,0.76
[5],0.1,0.005,0.002,0.2,0.8,relu,sgd,0.01,32,he,"(-0.5, 0.5)",20,0.4338953682325642,0.76
[5],0.1,0.005,0.002,0.2,0.8,relu,adam,0.0,32,xavier,"(-0.5, 0.5)",20,0.22518456424429217,0.96
[5],0.1,0.005,0.002,0.2,0.8,relu,adam,0.0,32,he,"(-0.5, 0.5)",20,0.17072013950099268,1.0
[5],0.1,0.005,0.002,0.2,0.8,relu,adam,0.01,32,xavier,"(-0.5, 0.5)",20,0.2169824613454471,1.0
[5],0.1,0.005,0.002,0.2,0.8,relu,adam,0.01,32,he,"(-0.5, 0.5)",20,0.27404692637743583,0.88
[5],0.1,0.005,0.002,0.2,0.9,tanh,sgd,0.0,32,xavier,"(-0.5, 0.5)",20,0.147410217725883,0.96
[5],0.1,0.005,0.002,0.2,0.9,tanh,sgd,0.0,32,he,"(-0.5, 0.5)",20,0.47224701432682126,0.84
[5],0.1,0.005,0.002,0.2,0.9,tanh,sgd,0.01,32,xavier,"(-0.5, 0.5)",20,0.10614992329561851,1.0
[5],0.1,0.005,0.002,0.2,0.9,tanh,sgd,0.01,32,he,"(-0.5, 0.5)",20,0.08322860913724585,1.0
[5],0.1,0.005,0.002,0.2,0.9,tanh,adam,0.0,32,xavier,"(-0.5, 0.5)",20,0.20012465269689855,0.92
[5],0.1,0.005,0.002,0.2,0.9,tanh,adam,0.0,32,he,"(-0.5, 0.5)",20,0.10611151388986788,1.0
[5],0.1,0.005,0.002,0.2,0.9,tanh,adam,0.01,32,xavier,"(-0.5, 0.5)",20,0.07549567309207657,1.0
[5],0.1,0.005,0.002,0.2,0.9,tanh,adam,0.01,32,he,"(-0.5, 0.5)",20,0.08292888842049848,1.0
[5],0.1,0.005,0.002,0.2,0.9,relu,sgd,0.0,32,xavier,"(-0.5, 0.5)",20,0.20519799115465645,0.92
[5],0.1,0.005,0.002,0.2,0.9,relu,sgd,0.0,32,he,"(-0.5, 0.5)",20,0.1131568258030645,1.0
[5],0.1,0.005,0.002,0.2,0.9,relu,sgd,0.01,32,xavier,"(-0.5, 0.5)",20,0.2624238127623352,0.92
[5],0.1,0.005,0.002,0.2,0.9,relu,sgd,0.01,32,he,"(-0.5, 0.5)",20,0.2482272329607833,0.88
[5],0.1,0.005,0.002,0.2,0.9,relu,adam,0.0,32,xavier,"(-0.5, 0.5)",20,0.15610366056402927,1.0
[5],0.1,0.005,0.002,0.2,0.9,relu,adam,0.0,32,he,"(-0.5, 0.5)",20,0.15301664653112357,1.0
[5],0.1,0.005,0.002,0.2,0.9,relu,adam,0.01,32,xavier,"(-0.5, 0.5)",20,0.17835520293568827,0.96
[5],0.1,0.005,0.002,0.2,0.9,relu,adam,0.01,32,he,"(-0.5, 0.5)",20,0.26107654992052276,0.84
[5],0.1,0.01,0.0,0.0,0.8,tanh,sgd,0.0,32,xavier,"(-0.5, 0.5)",20,0.1863909680273071,1.0
[5],0.1,0.01,0.0,0.0,0.8,tanh,sgd,0.0,32,he,"(-0.5, 0.5)",20,0.10616617199319134,1.0
[5],0.1,0.01,0.0,0.0,0.8,tanh,sgd,0.01,32,xavier,"(-0.5, 0.5)",20,0.28826055997733724,0.88
[5],0.1,0.01,0.0,0.0,0.8,tanh,sgd,0.01,32,he,"(-0.5, 0.5)",20,0.1399611803658244,1.0
[5],0.1,0.01,0.0,0.0,0.8,tanh,adam,0.0,32,xavier,"(-0.5, 0.5)",20,0.05893118852011773,1.0
[5],0.1,0.01,0.0,0.0,0.8,tanh,adam,0.0,32,he,"(-0.5, 0.5)",20,0.06336188218605704,1.0
[5],0.1,0.01,0.0,0.0,0.8,tanh,adam,0.01,32,xavier,"(-0.5, 0.5)",20,0.07715183288008898,1.0
[5],0.1,0.01,0.0,0.0,0.8,tanh,adam,0.01,32,he,"(-0.5, 0.5)",20,0.054515554573326616,1.0
[5],0.1,0.01,0.0,0.0,0.8,relu,sgd,0.0,32,xavier,"(-0.5, 0.5)",20,0.05023395828126824,1.0
[5],0.1,0.01,0.0,0.0,0.8,relu,sgd,0.0,32,he,"(-0.5, 0.5)",20,0.3087940935305017,0.92
[5],0.1,0.01,0.0,0.0,0.8,relu,sgd,0.01,32,xavier,"(-0.5, 0.5)",20,0.2706020338128571,0.88
[5],0.1,0.01,0.0,0.0,0.8,relu,sgd,0.01,32,he,"(-0.5, 0.5)",20,0.1356410002886661,1.0
[5],0.1,0.01,0.0,0.0,0.8,relu,adam,0.0,32,xavier,"(-0.5, 0.5)",20,0.1710350837023676,0.92
[5],0.1,0.01,0.0,0.0,0.8,relu,adam,0.0,32,he,"(-0.5, 0.5)",20,0.20932746026965066,0.88
[5],0.1,0.01,0.0,0.0,0.8,relu,adam,0.01,32,xavier,"(-0.5, 0.5)",20,0.10629004542722545,1.0
[5],0.1,0.01,0.0,0.0,0.8,relu,adam,0.01,32,he,"(-0.5, 0.5)",20,0.12997030748490374,1.0
[5],0.1,0.01,0.0,0.0,0.9,tanh,sgd,0.0,32,xavier,"(-0.5, 0.5)",20,0.08417546556097613,1.0
[5],0.1,0.01,0.0,0.0,0.9,tanh,sgd,0.0,32,he,"(-0.5, 0.5)",20,0.09854190459168223,1.0
[5],0.1,0.01,0.0,0.0,0.9,tanh,sgd,0.01,32,xavier,"(-0.5, 0.5)",20,0.07599214262923068,1.0
[5],0.1,0.01,0.0,0.0,0.9,tanh,sgd,0.01,32,he,"(-0.5, 0.5)",20,0.12344445922602978,1.0
[5],0.1,0.01,0.0,0.0,0.9,tanh,adam,0.0,32,xavier,"(-0.5, 0.5)",20,0.06280100977786555,1.0
[5],0.1,0.01,0.0,0.0,0.9,tanh,adam,0.0,32,he,"(-0.5, 0.5)",20,0.05911614675319474,1.0
[5],0.1,0.01,0.0,0.0,0.9,tanh,adam,0.01,32,xavier,"(-0.5, 0.5)",20,0.06096855676417074,1.0
[5],0.1,0.01,0.0,0.0,0.9,tanh,adam,0.01,32,he,"(-0.5, 0.5)",20,0.14211234080731414,1.0
[5],0.1,0.01,0.0,0.0,0.9,relu,sgd,0.0,32,xavier,"(-0.5, 0.5)",20,0.03167852682850683,1.0
[5],0.1,0.01,0.0,0.0,0.9,relu,sgd,0.0,32,he,"(-0.5, 0.5)",20,0.16099302651658018,0.96
[5],0.1,0.01,0.0,0.0,0.9,relu,sgd,0.01,32,xavier,"(-0.5, 0.5)",20,0.09064220508458007,0.92
[5],0.1,0.01,0.0,0.0,0.9,relu,sgd,0.01,32,he,"(-0.5, 0.5)",20,0.1676459965263503,0.96
[5],0.1,0.01,0.0,0.0,0.9,relu,adam,0.0,32,xavier,"(-0.5, 0.5)",20,0.09171736862721547,1.0
[5],0.1,0.01,0.0,0.0,0.9,relu,adam,0.0,32,he,"(-0.5, 0.5)",20,0.1087623761866859,0.96
[5],0.1,0.01,0.0,0.0,0.9,relu,adam,0.01,32,xavier,"(-0.5, 0.5)",20,0.08331065200566459,1.0
[5],0.1,0.01,0.0,0.0,0.9,relu,adam,0.01,32,he,"(-0.5, 0.5)",20,0.1137239523461529,0.96
[5],0.1,0.01,0.0,0.1,0.8,tanh,sgd,0.0,32,xavier,"(-0.5, 0.5)",20,0.3773406672470561,0.84
[5],0.1,0.01,0.0,0.1,0.8,tanh,sgd,0.0,32,he,"(-0.5, 0.5)",20,0.18474614306403617,0.92
[5],0.1,0.01,0.0,0.1,0.8,tanh,sgd,0.01,32,xavier,"(-0.5, 0.5)",20,0.4356745415593997,0.8
[5],0.1,0.01,0.0,0.1,0.8,tanh,sgd,0.01,32,he,"(-0.5, 0.5)",20,0.3185951795211918,0.84
[5],0.1,0.01,0.0,0.1,0.8,tanh,adam,0.0,32,xavier,"(-0.5, 0.5)",20,0.06145967429477441,1.0
[5],0.1,0.01,0.0,0.1,0.8,tanh,adam,0.0,32,he,"(-0.5, 0.5)",20,0.0728878157600011,1.0
[5],0.1,0.01,0.0,0.1,0.8,tanh,adam,0.01,32,xavier,"(-0.5, 0.5)",20,0.06920054051039805,1.0
[5],0.1,0.01,0.0,0.1,0.8,tanh,adam,0.01,32,he,"(-0.5, 0.5)",20,0.1745964787734024,0.92
[5],0.1,0.01,0.0,0.1,0.8,relu,sgd,0.0,32,xavier,"(-0.5, 0.5)",20,0.30817195519470664,0.8
[5],0.1,0.01,0.0,0.1,0.8,relu,sgd,0.0,32,he,"(-0.5, 0.5)",20,0.11581253473176466,1.0
[5],0.1,0.01,0.0,0.1,0.8,relu,sgd,0.01,32,xavier,"(-0.5, 0.5)",20,0.13375917894176767,1.0
[5],0.1,0.01,0.0,0.1,0.8,relu,sgd,0.01,32,he,"(-0.5, 0.5)",20,0.28368299062204905,0.84
[5],0.1,0.01,0.0,0.1,0.8,relu,adam,0.0,32,xavier,"(-0.5, 0.5)",20,0.11135844031316905,1.0
[5],0.1,0.01,0.0,0.1,0.8,relu,adam,0.0,32,he,"(-0.5, 0.5)",20,0.08903041837587271,1.0
[5],0.1,0.01,0.0,0.1,0.8,relu,adam,0.01,32,xavier,"(-0.5, 0.5)",20,0.4197791099819633,0.84
[5],0.1,0.01,0.0,0.1,0.8,relu,adam,0.01,32,he,"(-0.5, 0.5)",20,0.30275164041122243,0.96
[5],0.1,0.01,0.0,0.1,0.9,tanh,sgd,0.0,32,xavier,"(-0.5, 0.5)",20,0.15228799707904497,0.96
[5],0.1,0.01,0.0,0.1,0.9,tanh,sgd,0.0,32,he,"(-0.5, 0.5)",20,0.35966886894450156,0.84
[5],0.1,0.01,0.0,0.1,0.9,tanh,sgd,0.01,32,xavier,"(-0.5, 0.5)",20,0.23424658574448287,0.88
[5],0.1,0.01,0.0,0.1,0.9,tanh,sgd,0.01,32,he,"(-0.5, 0.5)",20,0.24312891190374605,0.88
[5],0.1,0.01,0.0,0.1,0.9,tanh,adam,0.0,32,xavier,"(-0.5, 0.5)",20,0.19376088240604256,0.92
[5],0.1,0.01,0.0,0.1,0.9,tanh,adam,0.0,32,he,"(-0.5, 0.5)",20,0.09976090318262587,1.0
[5],0.1,0.01,0.0,0.1,0.9,tanh,adam,0.01,32,xavier,"(-0.5, 0.5)",20,0.07370832393513464,1.0
[5],0.1,0.01,0.0,0.1,0.9,tanh,adam,0.01,32,he,"(-0.5, 0.5)",20,0.08281177926679593,1.0
[5],0.1,0.01,0.0,0.1,0.9,relu,sgd,0.0,32,xavier,"(-0.5, 0.5)",20,0.38737087523023433,0.84
[5],0.1,0.01,0.0,0.1,0.9,relu,sgd,0.0,32,he,"(-0.5, 0.5)",20,0.19925028708857895,0.92
[5],0.1,0.01,0.0,0.1,0.9,relu,sgd,0.01,32,xavier,"(-0.5, 0.5)",20,0.26408210395696635,0.88
[5],0.1,0.01,0.0,0.1,0.9,relu,sgd,0.01,32,he,"(-0.5, 0.5)",20,0.31114039041473224,0.8
[5],0.1,0.01,0.0,0.1,0.9,relu,adam,0.0,32,xavier,"(-0.5, 0.5)",20,0.12053790967574182,1.0
[5],0.1,0.01,0.0,0.1,0.9,relu,adam,0.0,32,he,"(-0.5, 0.5)",20,0.2592673158717561,0.88
[5],0.1,0.01,0.0,0.1,0.9,relu,adam,0.01,32,xavier,"(-0.5, 0.5)",20,0.14104100710165862,1.0
[5],0.1,0.01,0.0,0.1,0.9,relu,adam,0.01,32,he,"(-0.5, 0.5)",20,0.22606104702817142,0.92
[5],0.1,0.01,0.0,0.2,0.8,tanh,sgd,0.0,32,xavier,"(-0.5, 0.5)",20,0.22020147724001138,1.0
[5],0.1,0.01,0.0,0.2,0.8,tanh,sgd,0.0,32,he,"(-0.5, 0.5)",20,0.2288243797858962,0.96
[5],0.1,0.01,0.0,0.2,0.8,tanh,sgd,0.01,32,xavier,"(-0.5, 0.5)",20,0.3057853139090759,0.88
[5],0.1,0.01,0.0,0.2,0.8,tanh,sgd,0.01,32,he,"(-0.5, 0.5)",20,0.3064990819642522,0.92
[5],0.1,0.01,0.0,0.2,0.8,tanh,adam,0.0,32,xavier,"(-0.5, 0.5)",20,0.08676064518200657,1.0
[5],0.1,0.01,0.0,0.2,0.8,tanh,adam,0.0,32,he,"(-0.5, 0.5)",20,0.07808558006448008,1.0
[5],0.1,0.01,0.0,0.2,0.8,tanh,adam,0.01,32,xavier,"(-0.5, 0.5)",20,0.11561828310309637,1.0
[5],0.1,0.01,0.0,0.2,0.8,tanh,adam,0.01,32,he,"(-0.5, 0.5)",20,0.08309730582577633,1.0
[5],0.1,0.01,0.0,0.2,0.8,relu,sgd,0.0,32,xavier,"(-0.5, 0.5)",20,0.2762869542209031,0.92
[5],0.1,0.01,0.0,0.2,0.8,relu,sgd,0.0,32,he,"(-0.5, 0.5)",20,0.18603196123556626,0.96
[5],0.1,0.01,0.0,0.2,0.8,relu,sgd,0.01,32,xavier,"(-0.5, 0.5)",20,0.3153659070787993,0.88
[5],0.1,0.01,0.0,0.2,0.8,relu,sgd,0.01,32,he,"(-0.5, 0.5)",20,0.2976316651970549,0.88
[5],0.1,0.01,0.0,0.2,0.8,relu,adam,0.0,32,xavier,"(-0.5, 0.5)",20,0.14305585730724288,0.92
[5],0.1,0.01,0.0,0.2,0.8,relu,adam,0.0,32,he,"(-0.5, 0.5)",20,0.15939463688017266,1.0
[5],0.1,0.01,0.0,0.2,0.8,relu,adam,0.01,32,xavier,"(-0.5, 0.5)",20,0.459197694328886,0.84
[5],0.1,0.01,0.0,0.2,0.8,relu,adam,0.01,32,he,"(-0.5, 0.5)",20,0.20220469904648025,0.92
[5],0.1,0.01,0.0,0.2,0.9,tanh,sgd,0.0,32,xavier,"(-0.5, 0.5)",20,0.2512368262525657,0.96
[5],0.1,0.01,0.0,0.2,0.9,tanh,sgd,0.0,32,he,"(-0.5, 0.5)",20,0.21143908527433436,1.0
[5],0.1,0.01,0.0,0.2,0.9,tanh,sgd,0.01,32,xavier,"(-0.5, 0.5)",20,0.27555268005643674,0.88
[5],0.1,0.01,0.0,0.2,0.9,tanh,sgd,0.01,32,he,"(-0.5, 0.5)",20,0.24656389419344904,0.88
[5],0.1,0.01,0.0,0.2,0.9,tanh,adam,0.0,32,xavier,"(-0.5, 0.5)",20,0.12822351077326583,0.96
[5],0.1,0.01,0.0,0.2,0.9,tanh,adam,0.0,32,he,"(-0.5, 0.5)",20,0.2037954970241084,0.92
[5],0.1,0.01,0.0,0.2,0.9,tanh,adam,0.01,32,xavier,"(-0.5, 0.5)",20,0.09073871813067504,1.0
[5],0.1,0.01,0.0,0.2,0.9,tanh,adam,0.01,32,he,"(-0.5, 0.5)",20,0.1959440477278259,0.84
[5],0.1,0.01,0.0,0.2,0.9,relu,sgd,0.0,32,xavier,"(-0.5, 0.5)",20,0.13094240567244864,1.0
[5],0.1,0.01,0.0,0.2,0.9,relu,sgd,0.0,32,he,"(-0.5, 0.5)",20,0.22757930510829927,0.92
[5],0.1,0.01,0.0,0.2,0.9,relu,sgd,0.01,32,xavier,"(-0.5, 0.5)",20,0.3726320631858423,0.88
[5],0.1,0.01,0.0,0.2,0.9,relu,sgd,0.01,32,he,"(-0.5, 0.5)",20,0.29847481856242086,0.96
[5],0.1,0.01,0.0,0.2,0.9,relu,adam,0.0,32,xavier,"(-0.5, 0.5)",20,0.5076035157691114,0.88
[5],0.1,0.01,0.0,0.2,0.9,relu,adam,0.0,32,he,"(-0.5, 0.5)",20,0.28806373866235024,0.96
[5],0.1,0.01,0.0,0.2,0.9,relu,adam,0.01,32,xavier,"(-0.5, 0.5)",20,0.21387165030599836,0.92
[5],0.1,0.01,0.0,0.2,0.9,relu,adam,0.01,32,he,"(-0.5, 0.5)",20,0.2720244683873277,0.92
[5],0.1,0.01,0.002,0.0,0.8,tanh,sgd,0.0,32,xavier,"(-0.5, 0.5)",20,0.3552220764410438,0.76
[5],0.1,0.01,0.002,0.0,0.8,tanh,sgd,0.0,32,he,"(-0.5, 0.5)",20,0.24920210089899617,0.96
[5],0.1,0.01,0.002,0.0,0.8,tanh,sgd,0.01,32,xavier,"(-0.5, 0.5)",20,0.4753244642581047,0.84
[5],0.1,0.01,0.002,0.0,0.8,tanh,sgd,0.01,32,he,"(-0.5, 0.5)",20,0.26372842426128473,0.88
[5],0.1,0.01,0.002,0.0,0.8,tanh,adam,0.0,32,xavier,"(-0.5, 0.5)",20,0.06606347057058813,1.0
[5],0.1,0.01,0.002,0.0,0.8,tanh,adam,0.0,32,he,"(-0.5, 0.5)",20,0.06996300377837145,1.0
[5],0.1,0.01,0.002,0.0,0.8,tanh,adam,0.01,32,xavier,"(-0.5, 0.5)",20,0.06267611777680544,1.0
[5],0.1,0.01,0.002,0.0,0.8,tanh,adam,0.01,32,he,"(-0.5, 0.5)",20,0.07461941876454299,1.0
[5],0.1,0.01,0.002,0.0,0.8,relu,sgd,0.0,32,xavier,"(-0.5, 0.5)",20,0.171719618596168,0.92
[5],0.1,0.01,0.002,0.0,0.8,relu,sgd,0.0,32,he,"(-0.5, 0.5)",20,0.08750180652010091,1.0
[5],0.1,0.01,0.002,0.0,0.8,relu,sgd,0.01,32,xavier,"(-0.5, 0.5)",20,0.17294265113161075,0.92
[5],0.1,0.01,0.002,0.0,0.8,relu,sgd,0.01,32,he,"(-0.5, 0.5)",20,0.3028082565374202,0.92
[5],0.1,0.01,0.002,0.0,0.8,relu,adam,0.0,32,xavier,"(-0.5, 0.5)",20,0.3203303171387685,0.88
[5],0.1,0.01,0.002,0.0,0.8,relu,adam,0.0,32,he,"(-0.5, 0.5)",20,0.15399117371307044,0.84
[5],0.1,0.01,0.002,0.0,0.8,relu,adam,0.01,32,xavier,"(-0.5, 0.5)",20,0.0795157238263746,1.0
[5],0.1,0.01,0.002,0.0,0.8,relu,adam,0.01,32,he,"(-0.5, 0.5)",20,0.04262001231913401,1.0
[5],0.1,0.01,0.002,0.0,0.9,tanh,sgd,0.0,32,xavier,"(-0.5, 0.5)",20,0.39263635212753517,0.88
[5],0.1,0.01,0.002,0.0,0.9,tanh,sgd,0.0,32,he,"(-0.5, 0.5)",20,0.3393029480692417,0.92
[5],0.1,0.01,0.002,0.0,0.9,tanh,sgd,0.01,32,xavier,"(-0.5, 0.5)",20,0.18242555042189917,0.92
[5],0.1,0.01,0.002,0.0,0.9,tanh,sgd,0.01,32,he,"(-0.5, 0.5)",20,0.11049854684049883,1.0
[5],0.1,0.01,0.002,0.0,0.9,tanh,adam,0.0,32,xavier,"(-0.5, 0.5)",20,0.05652514910538689,1.0
[5],0.1,0.01,0.002,0.0,0.9,tanh,adam,0.0,32,he,"(-0.5, 0.5)",20,0.06274177558568926,1.0
[5],0.1,0.01,0.002,0.0,0.9,tanh,adam,0.01,32,xavier,"(-0.5, 0.5)",20,0.05943026175237795,1.0
[5],0.1,0.01,0.002,0.0,0.9,tanh,adam,0.01,32,he,"(-0.5, 0.5)",20,0.06967799413970317,1.0
[5],0.1,0.01,0.002,0.0,0.9,relu,sgd,0.0,32,xavier,"(-0.5, 0.5)",20,0.08635152564378813,1.0
[5],0.1,0.01,0.002,0.0,0.9,relu,sgd,0.0,32,he,"(-0.5, 0.5)",20,0.2740462875576821,0.8
[5],0.1,0.01,0.002,0.0,0.9,relu,sgd,0.01,32,xavier,"(-0.5, 0.5)",20,0.10407552673973212,0.96
[5],0.1,0.01,0.002,0.0,0.9,relu,sgd,0.01,32,he,"(-0.5, 0.5)",20,0.17605547250511483,0.88
[5],0.1,0.01,0.002,0.0,0.9,relu,adam,0.0,32,xavier,"(-0.5, 0.5)",20,0.09835712182168978,1.0
[5],0.1,0.01,0.002,0.0,0.9,relu,adam,0.0,32,he,"(-0.5, 0.5)",20,0.08800894122356476,1.0
[5],0.1,0.01,0.002,0.0,0.9,relu,adam,0.01,32,xavier,"(-0.5, 0.5)",20,0.042856126926689914,1.0
[5],0.1,0.01,0.002,0.0,0.9,relu,adam,0.01,32,he,"(-0.5, 0.5)",20,0.04013273711573183,1.0
[5],0.1,0.01,0.002,0.1,0.8,tanh,sgd,0.0,32,xavier,"(-0.5, 0.5)",20,0.24823454660019678,0.96
[5],0.1,0.01,0.002,0.1,0.8,tanh,sgd,0.0,32,he,"(-0.5, 0.5)",20,0.3237621572163053,0.92
[5],0.1,0.01,0.002,0.1,0.8,tanh,sgd,0.01,32,xavier,"(-0.5, 0.5)",20,0.30611963824016597,0.88
[5],0.1,0.01,0.002,0.1,0.8,tanh,sgd,0.01,32,he,"(-0.5, 0.5)",20,0.33268128911677036,0.8
[5],0.1,0.01,0.002,0.1,0.8,tanh,adam,0.0,32,xavier,"(-0.5, 0.5)",20,0.21203502883217604,0.92
[5],0.1,0.01,0.002,0.1,0.8,tanh,adam,0.0,32,he,"(-0.5, 0.5)",20,0.07942376487483685,1.0
[5],0.1,0.01,0.002,0.1,0.8,tanh,adam,0.01,32,xavier,"(-0.5, 0.5)",20,0.0789080953763655,1.0
[5],0.1,0.01,0.002,0.1,0.8,tanh,adam,0.01,32,he,"(-0.5, 0.5)",20,0.10865544198665425,1.0
[5],0.1,0.01,0.002,0.1,0.8,relu,sgd,0.0,32,xavier,"(-0.5, 0.5)",20,0.4306591198146828,0.88
[5],0.1,0.01,0.002,0.1,0.8,relu,sgd,0.0,32,he,"(-0.5, 0.5)",20,0.24937732407874616,0.92
[5],0.1,0.01,0.002,0.1,0.8,relu,sgd,0.01,32,xavier,"(-0.5, 0.5)",20,0.11864637776771671,1.0
[5],0.1,0.01,0.002,0.1,0.8,relu,sgd,0.01,32,he,"(-0.5, 0.5)",20,0.14056216219367726,1.0
[5],0.1,0.01,0.002,0.1,0.8,relu,adam,0.0,32,xavier,"(-0.5, 0.5)",20,0.12123304492693862,1.0
[5],0.1,0.01,0.002,0.1,0.8,relu,adam,0.0,32,he,"(-0.5, 0.5)",20,0.14900461192577064,1.0
[5],0.1,0.01,0.002,0.1,0.8,relu,adam,0.01,32,xavier,"(-0.5, 0.5)",20,0.17193606473268613,0.96
[5],0.1,0.01,0.002,0.1,0.8,relu,adam,0.01,32,he,"(-0.5, 0.5)",20,0.2374144466709714,0.88
[5],0.1,0.01,0.002,0.1,0.9,tanh,sgd,0.0,32,xavier,"(-0.5, 0.5)",20,0.18602690430112692,0.96
[5],0.1,0.01,0.002,0.1,0.9,tanh,sgd,0.0,32,he,"(-0.5, 0.5)",20,0.18160517504159462,0.96
[5],0.1,0.01,0.002,0.1,0.9,tanh,sgd,0.01,32,xavier,"(-0.5, 0.5)",20,0.12163255010487452,1.0
[5],0.1,0.01,0.002,0.1,0.9,tanh,sgd,0.01,32,he,"(-0.5, 0.5)",20,0.41313858550254035,0.88
[5],0.1,0.01,0.002,0.1,0.9,tanh,adam,0.0,32,xavier,"(-0.5, 0.5)",20,0.33599400713539085,0.88
[5],0.1,0.01,0.002,0.1,0.9,tanh,adam,0.0,32,he,"(-0.5, 0.5)",20,0.2113111630750157,0.92
[5],0.1,0.01,0.002,0.1,0.9,tanh,adam,0.01,32,xavier,"(-0.5, 0.5)",20,0.2932571223679467,0.92
[5],0.1,0.01,0.002,0.1,0.9,tanh,adam,0.01,32,he,"(-0.5, 0.5)",20,0.07460381738013822,1.0
[5],0.1,0.01,0.002,0.1,0.9,relu,sgd,0.0,32,xavier,"(-0.5, 0.5)",20,0.2237338298669474,0.88
[5],0.1,0.01,0.002,0.1,0.9,relu,sgd,0.0,32,he,"(-0.5, 0.5)",20,0.8099614740927662,0.48
[5],0.1,0.01,0.002,0.1,0.9,relu,sgd,0.01,32,xavier,"(-0.5, 0.5)",20,0.14096988244356026,0.96
[5],0.1,0.01,0.002,0.1,0.9,relu,sgd,0.01,32,he,"(-0.5, 0.5)",20,0.23560073001302154,0.96
[5],0.1,0.01,0.002,0.1,0.9,relu,adam,0.0,32,xavier,"(-0.5, 0.5)",20,0.16793601863499988,1.0
[5],0.1,0.01,0.002,0.1,0.9,relu,adam,0.0,32,he,"(-0.5, 0.5)",20,0.4499876248409442,0.8
[5],0.1,0.01,0.002,0.1,0.9,relu,adam,0.01,32,xavier,"(-0.5, 0.5)",20,0.15130200288714335,1.0
[5],0.1,0.01,0.002,0.1,0.9,relu,adam,0.01,32,he,"(-0.5, 0.5)",20,0.3639273341170425,0.88
[5],0.1,0.01,0.002,0.2,0.8,tanh,sgd,0.0,32,xavier,"(-0.5, 0.5)",20,0.280856728559373,0.92
[5],0.1,0.01,0.002,0.2,0.8,tanh,sgd,0.0,32,he,"(-0.5, 0.5)",20,0.2887119898591661,0.88
[5],0.1,0.01,0.002,0.2,0.8,tanh,sgd,0.01,32,xavier,"(-0.5, 0.5)",20,0.3063827918240805,0.84
[5],0.1,0.01,0.002,0.2,0.8,tanh,sgd,0.01,32,he,"(-0.5, 0.5)",20,0.41499079738969885,0.88
[5],0.1,0.01,0.002,0.2,0.8,tanh,adam,0.0,32,xavier,"(-0.5, 0.5)",20,0.25289521564090417,0.88
[5],0.1,0.01,0.002,0.2,0.8,tanh,adam,0.0,32,he,"(-0.5, 0.5)",20,0.08824182945265957,1.0
[5],0.1,0.01,0.002,0.2,0.8,tanh,adam,0.01,32,xavier,"(-0.5, 0.5)",20,0.19688241098167603,0.92
[5],0.1,0.01,0.002,0.2,0.8,tanh,adam,0.01,32,he,"(-0.5, 0.5)",20,0.12737679171112704,1.0
[5],0.1,0.01,0.002,0.2,0.8,relu,sgd,0.0,32,xavier,"(-0.5, 0.5)",20,0.20505267156760207,0.92
[5],0.1,0.01,0.002,0.2,0.8,relu,sgd,0.0,32,he,"(-0.5, 0.5)",20,0.1984219148727261,0.92
[5],0.1,0.01,0.002,0.2,0.8,relu,sgd,0.01,32,xavier,"(-0.5, 0.5)",20,0.3307111932107032,0.88
[5],0.1,0.01,0.002,0.2,0.8,relu,sgd,0.01,32,he,"(-0.5, 0.5)",20,0.19939440165781455,0.92
[5],0.1,0.01,0.002,0.2,0.8,relu,adam,0.0,32,xavier,"(-0.5, 0.5)",20,0.1849607782304436,0.92
[5],0.1,0.01,0.002,0.2,0.8,relu,adam,0.0,32,he,"(-0.5, 0.5)",20,0.16229190452157866,1.0
[5],0.1,0.01,0.002,0.2,0.8,relu,adam,0.01,32,xavier,"(-0.5, 0.5)",20,0.1870141398103867,0.96
[5],0.1,0.01,0.002,0.2,0.8,relu,adam,0.01,32,he,"(-0.5, 0.5)",20,0.18126683068511037,1.0
[5],0.1,0.01,0.002,0.2,0.9,tanh,sgd,0.0,32,xavier,"(-0.5, 0.5)",20,0.11983012664954978,0.96
[5],0.1,0.01,0.002,0.2,0.9,tanh,sgd,0.0,32,he,"(-0.5, 0.5)",20,0.15234434438514402,0.96
[5],0.1,0.01,0.002,0.2,0.9,tanh,sgd,0.01,32,xavier,"(-0.5, 0.5)",20,0.19130799051165298,0.92
[5],0.1,0.01,0.002,0.2,0.9,tanh,sgd,0.01,32,he,"(-0.5, 0.5)",20,0.31775585943539036,0.88
[5],0.1,0.01,0.002,0.2,0.9,tanh,adam,0.0,32,xavier,"(-0.5, 0.5)",20,0.15808349267201968,0.96
[5],0.1,0.01,0.002,0.2,0.9,tanh,adam,0.0,32,he,"(-0.5, 0.5)",20,0.07687155623133511,1.0
[5],0.1,0.01,0.002,0.2,0.9,tanh,adam,0.01,32,xavier,"(-0.5, 0.5)",20,0.25911903522597923,0.92
[5],0.1,0.01,0.002,0.2,0.9,tanh,adam,0.01,32,he,"(-0.5, 0.5)",20,0.09054969657338394,1.0
[5],0.1,0.01,0.002,0.2,0.9,relu,sgd,0.0,32,xavier,"(-0.5, 0.5)",20,0.18192418686827436,0.92
[5],0.1,0.01,0.002,0.2,0.9,relu,sgd,0.0,32,he,"(-0.5, 0.5)",20,0.29636128901736397,0.88
[5],0.1,0.01,0.002,0.2,0.9,relu,sgd,0.01,32,xavier,"(-0.5, 0.5)",20,0.1670396344552239,0.96
[5],0.1,0.01,0.002,0.2,0.9,relu,sgd,0.01,32,he,"(-0.5, 0.5)",20,0.39860469669940296,0.8
[5],0.1,0.01,0.002,0.2,0.9,relu,adam,0.0,32,xavier,"(-0.5, 0.5)",20,0.16868373109521342,0.92
[5],0.1,0.01,0.002,0.2,0.9,relu,adam,0.0,32,he,"(-0.5, 0.5)",20,0.30189038901682663,0.88
[5],0.1,0.01,0.002,0.2,0.9,relu,adam,0.01,32,xavier,"(-0.5, 0.5)",20,0.18768194177177522,0.88
[5],0.1,0.01,0.002,0.2,0.9,relu,adam,0.01,32,he,"(-0.5, 0.5)",20,0.2297541072442513,0.96
[5],0.15,0.0,0.0,0.0,0.8,tanh,sgd,0.0,32,xavier,"(-0.5, 0.5)",20,0.11370787116776175,1.0
[5],0.15,0.0,0.0,0.0,0.8,tanh,sgd,0.0,32,he,"(-0.5, 0.5)",20,0.09038976418225503,1.0
[5],0.15,0.0,0.0,0.0,0.8,tanh,sgd,0.01,32,xavier,"(-0.5, 0.5)",20,0.3639224862262502,0.88
[5],0.15,0.0,0.0,0.0,0.8,tanh,sgd,0.01,32,he,"(-0.5, 0.5)",20,0.11352117259274727,1.0
[5],0.15,0.0,0.0,0.0,0.8,tanh,adam,0.0,32,xavier,"(-0.5, 0.5)",20,0.18405275111226085,0.92
[5],0.15,0.0,0.0,0.0,0.8,tanh,adam,0.0,32,he,"(-0.5, 0.5)",20,0.01685306369445377,1.0
[5],0.15,0.0,0.0,0.0,0.8,tanh,adam,0.01,32,xavier,"(-0.5, 0.5)",20,0.004925360561443159,1.0
[5],0.15,0.0,0.0,0.0,0.8,tanh,adam,0.01,32,he,"(-0.5, 0.5)",20,0.015085402859779313,1.0
[5],0.15,0.0,0.0,0.0,0.8,relu,sgd,0.0,32,xavier,"(-0.5, 0.5)",20,0.027606722729833964,1.0
[5],0.15,0.0,0.0,0.0,0.8,relu,sgd,0.0,32,he,"(-0.5, 0.5)",20,0.10326021924885849,0.96
[5],0.15,0.0,0.0,0.0,0.8,relu,sgd,0.01,32,xavier,"(-0.5, 0.5)",20,0.07620937377126148,1.0
[5],0.15,0.0,0.0,0.0,0.8,relu,sgd,0.01,32,he,"(-0.5, 0.5)",20,0.40709605760089396,0.84
[5],0.15,0.0,0.0,0.0,0.8,relu,adam,0.0,32,xavier,"(-0.5, 0.5)",20,0.12818024889831436,0.96
[5],0.15,0.0,0.0,0.0,0.8,relu,adam,0.0,32,he,"(-0.5, 0.5)",20,0.010765388487645949,1.0
[5],0.15,0.0,0.0,0.0,0.8,relu,adam,0.01,32,xavier,"(-0.5, 0.5)",20,0.21845497010355314,0.92
[5],0.15,0.0,0.0,0.0,0.8,relu,adam,0.01,32,he,"(-0.5, 0.5)",20,0.11882415393368145,0.92
[5],0.15,0.0,0.0,0.0,0.9,tanh,sgd,0.0,32,xavier,"(-0.5, 0.5)",20,0.02830778233045923,1.0
[5],0.15,0.0,0.0,0.0,0.9,tanh,sgd,0.0,32,he,"(-0.5, 0.5)",20,0.039661101164269234,1.0
[5],0.15,0.0,0.0,0.0,0.9,tanh,sgd,0.01,32,xavier,"(-0.5, 0.5)",20,0.04110256439742713,1.0
[5],0.15,0.0,0.0,0.0,0.9,tanh,sgd,0.01,32,he,"(-0.5, 0.5)",20,0.06277358132083413,1.0
[5],0.15,0.0,0.0,0.0,0.9,tanh,adam,0.0,32,xavier,"(-0.5, 0.5)",20,0.004593706463420333,1.0
[5],0.15,0.0,0.0,0.0,0.9,tanh,adam,0.0,32,he,"(-0.5, 0.5)",20,0.008418501118067885,1.0
[5],0.15,0.0,0.0,0.0,0.9,tanh,adam,0.01,32,xavier,"(-0.5, 0.5)",20,0.25212198102797123,0.88
[5],0.15,0.0,0.0,0.0,0.9,tanh,adam,0.01,32,he,"(-0.5, 0.5)",20,0.06132532041397222,1.0
[5],0.15,0.0,0.0,0.0,0.9,relu,sgd,0.0,32,xavier,"(-0.5, 0.5)",20,0.06531069611949505,1.0
[5],0.15,0.0,0.0,0.0,0.9,relu,sgd,0.0,32,he,"(-0.5, 0.5)",20,0.1742478565418788,0.92
[5],0.15,0.0,0.0,0.0,0.9,relu,sgd,0.01,32,xavier,"(-0.5, 0.5)",20,0.06309412665736812,1.0
[5],0.15,0.0,0.0,0.0,0.9,relu,sgd,0.01,32,he,"(-0.5, 0.5)",20,0.087296717345646,0.92
[5],0.15,0.0,0.0,0.0,0.9,relu,adam,0.0,32,xavier,"(-0.5, 0.5)",20,0.04517505015685962,1.0
[5],0.15,0.0,0.0,0.0,0.9,relu,adam,0.0,32,he,"(-0.5, 0.5)",20,0.2806273983939347,0.92
[5],0.15,0.0,0.0,0.0,0.9,relu,adam,0.01,32,xavier,"(-0.5, 0.5)",20,0.13000820546660885,0.92
[5],0.15,0.0,0.0,0.0,0.9,relu,adam,0.01,32,he,"(-0.5, 0.5)",20,0.20063248481315085,0.88
[5],0.15,0.0,0.0,0.1,0.8,tanh,sgd,0.0,32,xavier,"(-0.5, 0.5)",20,0.04600164361997036,1.0
[5],0.15,0.0,0.0,0.1,0.8,tanh,sgd,0.0,32,he,"(-0.5, 0.5)",20,0.09091105182546032,0.96
[5],0.15,0.0,0.0,0.1,0.8,tanh,sgd,0.01,32,xavier,"(-0.5, 0.5)",20,0.14406515392529948,1.0
[5],0.15,0.0,0.0,0.1,0.8,tanh,sgd,0.01,32,he,"(-0.5, 0.5)",20,0.283799439613144,0.88
[5],0.15,0.0,0.0,0.1,0.8,tanh,adam,0.0,32,xavier,"(-0.5, 0.5)",20,0.15940924748968668,0.88
[5],0.15,0.0,0.0,0.1,0.8,tanh,adam,0.0,32,he,"(-0.5, 0.5)",20,0.008922063473102319,1.0
[5],0.15,0.0,0.0,0.1,0.8,tanh,adam,0.01,32,xavier,"(-0.5, 0.5)",20,0.14919076731129766,0.92
[5],0.15,0.0,0.0,0.1,0.8,tanh,adam,0.01,32,he,"(-0.5, 0.5)",20,0.015893014645098746,1.0
[5],0.15,0.0,0.0,0.1,0.8,relu,sgd,0.0,32,xavier,"(-0.5, 0.5)",20,0.09359945441526672,0.96
[5],0.15,0.0,0.0,0.1,0.8,relu,sgd,0.0,32,he,"(-0.5, 0.5)",20,0.13088204596166444,0.96
[5],0.15,0.0,0.0,0.1,0.8,relu,sgd,0.01,32,xavier,"(-0.5, 0.5)",20,0.21645159128498118,0.92
[5],0.15,0.0,0.0,0.1,0.8,relu,sgd,0.01,32,he,"(-0.5, 0.5)",20,0.14419730512137263,1.0
[5],0.15,0.0,0.0,0.1,0.8,relu,adam,0.0,32,xavier,"(-0.5, 0.5)",20,0.17559341599538636,0.88
[5],0.15,0.0,0.0,0.1,0.8,relu,adam,0.0,32,he,"(-0.5, 0.5)",20,0.07329105603798021,1.0
[5],0.15,0.0,0.0,0.1,0.8,relu,adam,0.01,32,xavier,"(-0.5, 0.5)",20,0.4093679906642794,0.8
[5],0.15,0.0,0.0,0.1,0.8,relu,adam,0.01,32,he,"(-0.5, 0.5)",20,0.2538318324978197,0.92
[5],0.15,0.0,0.0,0.1,0.9,tanh,sgd,0.0,32,xavier,"(-0.5, 0.5)",20,0.08812593484955071,1.0
[5],0.15,0.0,0.0,0.1,0.9,tanh,sgd,0.0,32,he,"(-0.5, 0.5)",20,0.05617718090888539,1.0
[5],0.15,0.0,0.0,0.1,0.9,tanh,sgd,0.01,32,xavier,"(-0.5, 0.5)",20,0.34341051620753726,0.84
[5],0.15,0.0,0.0,0.1,0.9,tanh,sgd,0.01,32,he,"(-0.5, 0.5)",20,0.0590020636009677,1.0
[5],0.15,0.0,0.0,0.1,0.9,tanh,adam,0.0,32,xavier,"(-0.5, 0.5)",20,0.05417460350620804,0.96
[5],0.15,0.0,0.0,0.1,0.9,tanh,adam,0.0,32,he,"(-0.5, 0.5)",20,0.005356367265845783,1.0
[5],0.15,0.0,0.0,0.1,0.9,tanh,adam,0.01,32,xavier,"(-0.5, 0.5)",20,0.23467560344480276,0.92
[5],0.15,0.0,0.0,0.1,0.9,tanh,adam,0.01,32,he,"(-0.5, 0.5)",20,0.013933884411207062,1.0
[5],0.15,0.0,0.0,0.1,0.9,relu,sgd,0.0,32,xavier,"(-0.5, 0.5)",20,0.12875240289527937,0.92
[5],0.15,0.0,0.0,0.1,0.9,relu,sgd,0.0,32,he,"(-0.5, 0.5)",20,0.13855418669087102,0.88
[5],0.15,0.0,0.0,0.1,0.9,relu,sgd,0.01,32,xavier,"(-0.5, 0.5)",20,0.20299331608173266,0.92
[5],0.15,0.0,0.0,0.1,0.9,relu,sgd,0.01,32,he,"(-0.5, 0.5)",20,0.13850429139003315,0.92
[5],0.15,0.0,0.0,0.1,0.9,relu,adam,0.0,32,xavier,"(-0.5, 0.5)",20,0.1355377993970986,0.92
[5],0.15,0.0,0.0,0.1,0.9,relu,adam,0.0,32,he,"(-0.5, 0.5)",20,0.18813413573014087,0.92
[5],0.15,0.0,0.0,0.1,0.9,relu,adam,0.01,32,xavier,"(-0.5, 0.5)",20,0.32953347212982637,0.88
[5],0.15,0.0,0.0,0.1,0.9,relu,adam,0.01,32,he,"(-0.5, 0.5)",20,0.11549745620279897,0.96
[5],0.15,0.0,0.0,0.2,0.8,tanh,sgd,0.0,32,xavier,"(-0.5, 0.5)",20,0.2515724435246266,0.96
[5],0.15,0.0,0.0,0.2,0.8,tanh,sgd,0.0,32,he,"(-0.5, 0.5)",20,0.21559061741612282,0.96
[5],0.15,0.0,0.0,0.2,0.8,tanh,sgd,0.01,32,xavier,"(-0.5, 0.5)",20,0.2549146383515561,0.84
[5],0.15,0.0,0.0,0.2,0.8,tanh,sgd,0.01,32,he,"(-0.5, 0.5)",20,0.12055964723965235,0.96
[5],0.15,0.0,0.0,0.2,0.8,tanh,adam,0.0,32,xavier,"(-0.5, 0.5)",20,0.26198879271633685,0.84
[5],0.15,0.0,0.0,0.2,0.8,tanh,adam,0.0,32,he,"(-0.5, 0.5)",20,0.24391693597190423,0.92
[5],0.15,0.0,0.0,0.2,0.8,tanh,adam,0.01,32,xavier,"(-0.5, 0.5)",20,0.11341755173787056,0.96
[5],0.15,0.0,0.0,0.2,0.8,tanh,adam,0.01,32,he,"(-0.5, 0.5)",20,0.20798220513337579,0.88
[5],0.15,0.0,0.0,0.2,0.8,relu,sgd,0.0,32,xavier,"(-0.5, 0.5)",20,0.2671273042071785,0.88
[5],0.15,0.0,0.0,0.2,0.8,relu,sgd,0.0,32,he,"(-0.5, 0.5)",20,0.11293554231923428,1.0
[5],0.15,0.0,0.0,0.2,0.8,relu,sgd,0.01,32,xavier,"(-0.5, 0.5)",20,0.2778725972386043,0.88
[5],0.15,0.0,0.0,0.2,0.8,relu,sgd,0.01,32,he,"(-0.5, 0.5)",20,0.26806136110515993,0.84
[5],0.15,0.0,0.0,0.2,0.8,relu,adam,0.0,32,xavier,"(-0.5, 0.5)",20,0.27877809445477625,0.88
[5],0.15,0.0,0.0,0.2,0.8,relu,adam,0.0,32,he,"(-0.5, 0.5)",20,0.025457819320035564,1.0
[5],0.15,0.0,0.0,0.2,0.8,relu,adam,0.01,32,xavier,"(-0.5, 0.5)",20,0.3164975715004428,0.88
[5],0.15,0.0,0.0,0.2,0.8,relu,adam,0.01,32,he,"(-0.5, 0.5)",20,0.3922230317250373,0.84
[5],0.15,0.0,0.0,0.2,0.9,tanh,sgd,0.0,32,xavier,"(-0.5, 0.5)",20,0.14787808186475687,0.96
[5],0.15,0.0,0.0,0.2,0.9,tanh,sgd,0.0,32,he,"(-0.5, 0.5)",20,0.17881425869183368,0.92
[5],0.15,0.0,0.0,0.2,0.9,tanh,sgd,0.01,32,xavier,"(-0.5, 0.5)",20,0.3238167244214709,0.84
[5],0.15,0.0,0.0,0.2,0.9,tanh,sgd,0.01,32,he,"(-0.5, 0.5)",20,0.08442828717258088,0.96
[5],0.15,0.0,0.0,0.2,0.9,tanh,adam,0.0,32,xavier,"(-0.5, 0.5)",20,0.08581907185044817,0.96
[5],0.15,0.0,0.0,0.2,0.9,tanh,adam,0.0,32,he,"(-0.5, 0.5)",20,0.48399369240478146,0.84
[5],0.15,0.0,0.0,0.2,0.9,tanh,adam,0.01,32,xavier,"(-0.5, 0.5)",20,0.05724833125254494,1.0
[5],0.15,0.0,0.0,0.2,0.9,tanh,adam,0.01,32,he,"(-0.5, 0.5)",20,0.05792965170384733,1.0
[5],0.15,0.0,0.0,0.2,0.9,relu,sgd,0.0,32,xavier,"(-0.5, 0.5)",20,0.3107723204490038,0.88
[5],0.15,0.0,0.0,0.2,0.9,relu,sgd,0.0,32,he,"(-0.5, 0.5)",20,0.3977676839993755,0.8
[5],0.15,0.0,0.0,0.2,0.9,relu,sgd,0.01,32,xavier,"(-0.5, 0.5)",20,0.18882157572945876,0.88
[5],0.15,0.0,0.0,0.2,0.9,relu,sgd,0.01,32,he,"(-0.5, 0.5)",20,0.5403281120126767,0.64
[5],0.15,0.0,0.0,0.2,0.9,relu,adam,0.0,32,xavier,"(-0.5, 0.5)",20,0.33871453980427435,0.88
[5],0.15,0.0,0.0,0.2,0.9,relu,adam,0.0,32,he,"(-0.5, 0.5)",20,0.35911458918420697,0.84
[5],0.15,0.0,0.0,0.2,0.9,relu,adam,0.01,32,xavier,"(-0.5, 0.5)",20,0.2043062436373794,0.88
[5],0.15,0.0,0.0,0.2,0.9,relu,adam,0.01,32,he,"(-0.5, 0.5)",20,0.185574654577851,0.92
[5],0.15,0.0,0.002,0.0,0.8,tanh,sgd,0.0,32,xavier,"(-0.5, 0.5)",20,0.1201578344793024,1.0
[5],0.15,0.0,0.002,0.0,0.8,tanh,sgd,0.0,32,he,"(-0.5, 0.5)",20,0.12741945969582788,0.96
[5],0.15,0.0,0.002,0.0,0.8,tanh,sgd,0.01,32,xavier,"(-0.5, 0.5)",20,0.17325570020439313,1.0
[5],0.15,0.0,0.002,0.0,0.8,tanh,sgd,0.01,32,he,"(-0.5, 0.5)",20,0.13646736335032603,1.0
[5],0.15,0.0,0.002,0.0,0.8,tanh,adam,0.0,32,xavier,"(-0.5, 0.5)",20,0.01147790194969087,1.0
[5],0.15,0.0,0.002,0.0,0.8,tanh,adam,0.0,32,he,"(-0.5, 0.5)",20,0.007671710098162735,1.0
[5],0.15,0.0,0.002,0.0,0.8,tanh,adam,0.01,32,xavier,"(-0.5, 0.5)",20,0.0328063579793209,1.0
[5],0.15,0.0,0.002,0.0,0.8,tanh,adam,0.01,32,he,"(-0.5, 0.5)",20,0.01875150356935172,1.0
[5],0.15,0.0,0.002,0.0,0.8,relu,sgd,0.0,32,xavier,"(-0.5, 0.5)",20,0.07846868925228122,0.96
[5],0.15,0.0,0.002,0.0,0.8,relu,sgd,0.0,32,he,"(-0.5, 0.5)",20,0.022934932394171933,1.0
[5],0.15,0.0,0.002,0.0,0.8,relu,sgd,0.01,32,xavier,"(-0.5, 0.5)",20,0.07046445070950938,1.0
[5],0.15,0.0,0.002,0.0,0.8,relu,sgd,0.01,32,he,"(-0.5, 0.5)",20,0.12701313768726688,0.92
[5],0.15,0.0,0.002,0.0,0.8,relu,adam,0.0,32,xavier,"(-0.5, 0.5)",20,0.05066495044709288,1.0
[5],0.15,0.0,0.002,0.0,0.8,relu,adam,0.0,32,he,"(-0.5, 0.5)",20,0.008331687890824925,1.0
[5],0.15,0.0,0.002,0.0,0.8,relu,adam,0.01,32,xavier,"(-0.5, 0.5)",20,0.010344720919029254,1.0
[5],0.15,0.0,0.002,0.0,0.8,relu,adam,0.01,32,he,"(-0.5, 0.5)",20,0.06837637073677814,0.92
[5],0.15,0.0,0.002,0.0,0.9,tanh,sgd,0.0,32,xavier,"(-0.5, 0.5)",20,0.016532996923476914,1.0
[5],0.15,0.0,0.002,0.0,0.9,tanh,sgd,0.0,32,he,"(-0.5, 0.5)",20,0.023533378935797745,1.0
[5],0.15,0.0,0.002,0.0,0.9,tanh,sgd,0.01,32,xavier,"(-0.5, 0.5)",20,0.05332332172528834,1.0
[5],0.15,0.0,0.002,0.0,0.9,tanh,sgd,0.01,32,he,"(-0.5, 0.5)",20,0.015443780765415655,1.0
[5],0.15,0.0,0.002,0.0,0.9,tanh,adam,0.0,32,xavier,"(-0.5, 0.5)",20,0.010836007209704516,1.0
[5],0.15,0.0,0.002,0.0,0.9,tanh,adam,0.0,32,he,"(-0.5, 0.5)",20,0.041306729894986335,1.0
[5],0.15,0.0,0.002,0.0,0.9,tanh,adam,0.01,32,xavier,"(-0.5, 0.5)",20,0.021671806707598544,1.0
[5],0.15,0.0,0.002,0.0,0.9,tanh,adam,0.01,32,he,"(-0.5, 0.5)",20,0.015182079964174524,1.0
[5],0.15,0.0,0.002,0.0,0.9,relu,sgd,0.0,32,xavier,"(-0.5, 0.5)",20,0.27135197916925824,0.88
[5],0.15,0.0,0.002,0.0,0.9,relu,sgd,0.0,32,he,"(-0.5, 0.5)",20,0.0677865386752536,0.92
[5],0.15,0.0,0.002,0.0,0.9,relu,sgd,0.01,32,xavier,"(-0.5, 0.5)",20,0.07600338017696294,0.92
[5],0.15,0.0,0.002,0.0,0.9,relu,sgd,0.01,32,he,"(-0.5, 0.5)",20,0.015443451931117128,1.0
[5],0.15,0.0,0.002,0.0,0.9,relu,adam,0.0,32,xavier,"(-0.5, 0.5)",20,0.04752228177359003,1.0
[5],0.15,0.0,0.002,0.0,0.9,relu,adam,0.0,32,he,"(-0.5, 0.5)",20,0.17144408267252367,0.88
[5],0.15,0.0,0.002,0.0,0.9,relu,adam,0.01,32,xavier,"(-0.5, 0.5)",20,0.058542843219166855,1.0
[5],0.15,0.0,0.002,0.0,0.9,relu,adam,0.01,32,he,"(-0.5, 0.5)",20,0.006255624592559507,1.0
[5],0.15,0.0,0.002,0.1,0.8,tanh,sgd,0.0,32,xavier,"(-0.5, 0.5)",20,0.07575098354974677,1.0
[5],0.15,0.0,0.002,0.1,0.8,tanh,sgd,0.0,32,he,"(-0.5, 0.5)",20,0.06492710060941316,1.0
[5],0.15,0.0,0.002,0.1,0.8,tanh,sgd,0.01,32,xavier,"(-0.5, 0.5)",20,0.22734646319915627,0.88
[5],0.15,0.0,0.002,0.1,0.8,tanh,sgd,0.01,32,he,"(-0.5, 0.5)",20,0.21521938765591314,0.88
[5],0.15,0.0,0.002,0.1,0.8,tanh,adam,0.0,32,xavier,"(-0.5, 0.5)",20,0.01704702526066233,1.0
[5],0.15,0.0,0.002,0.1,0.8,tanh,adam,0.0,32,he,"(-0.5, 0.5)",20,0.0429646081197063,1.0
[5],0.15,0.0,0.002,0.1,0.8,tanh,adam,0.01,32,xavier,"(-0.5, 0.5)",20,0.24465581452398946,0.92
[5],0.15,0.0,0.002,0.1,0.8,tanh,adam,0.01,32,he,"(-0.5, 0.5)",20,0.09397588237410477,0.96
[5],0.15,0.0,0.002,0.1,0.8,relu,sgd,0.0,32,xavier,"(-0.5, 0.5)",20,0.2026373065344107,0.88
[5],0.15,0.0,0.002,0.1,0.8,relu,sgd,0.0,32,he,"(-0.5, 0.5)",20,0.11851588573404889,1.0
[5],0.15,0.0,0.002,0.1,0.8,relu,sgd,0.01,32,xavier,"(-0.5, 0.5)",20,0.35375832646414823,0.92
[5],0.15,0.0,0.002,0.1,0.8,relu,sgd,0.01,32,he,"(-0.5, 0.5)",20,0.188722425416678,0.84
[5],0.15,0.0,0.002,0.1,0.8,relu,adam,0.0,32,xavier,"(-0.5, 0.5)",20,0.2865025135706593,0.8
[5],0.15,0.0,0.002,0.1,0.8,relu,adam,0.0,32,he,"(-0.5, 0.5)",20,0.1359199546202177,0.96
[5],0.15,0.0,0.002,0.1,0.8,relu,adam,0.01,32,xavier,"(-0.5, 0.5)",20,0.4680189133765798,0.6
[5],0.15,0.0,0.002,0.1,0.8,relu,adam,0.01,32,he,"(-0.5, 0.5)",20,0.3210597139850039,0.8
[5],0.15,0.0,0.002,0.1,0.9,tanh,sgd,0.0,32,xavier,"(-0.5, 0.5)",20,0.027016732770156808,1.0
[5],0.15,0.0,0.002,0.1,0.9,tanh,sgd,0.0,32,he,"(-0.5, 0.5)",20,0.04266591141187902,1.0
[5],0.15,0.0,0.002,0.1,0.9,tanh,sgd,0.01,32,xavier,"(-0.5, 0.5)",20,0.09717425112221563,0.96
[5],0.15,0.0,0.002,0.1,0.9,tanh,sgd,0.01,32,he,"(-0.5, 0.5)",20,0.080034049884849,1.0
[5],0.15,0.0,0.002,0.1,0.9,tanh,adam,0.0,32,xavier,"(-0.5, 0.5)",20,0.03298507313963489,1.0
[5],0.15,0.0,0.002,0.1,0.9,tanh,adam,0.0,32,he,"(-0.5, 0.5)",20,0.04244971473023395,1.0
[5],0.15,0.0,0.002,0.1,0.9,tanh,adam,0.01,32,xavier,"(-0.5, 0.5)",20,0.3366759648430054,0.88
[5],0.15,0.0,0.002,0.1,0.9,tanh,adam,0.01,32,he,"(-0.5, 0.5)",20,0.052321097711675486,1.0
[5],0.15,0.0,0.002,0.1,0.9,relu,sgd,0.0,32,xavier,"(-0.5, 0.5)",20,0.19045257316813236,0.84
[5],0.15,0.0,0.002,0.1,0.9,relu,sgd,0.0,32,he,"(-0.5, 0.5)",20,0.07149749349148649,0.96
[5],0.15,0.0,0.002,0.1,0.9,relu,sgd,0.01,32,xavier,"(-0.5, 0.5)",20,0.2339365633257266,0.88
[5],0.15,0.0,0.002,0.1,0.9,relu,sgd,0.01,32,he,"(-0.5, 0.5)",20,0.10620247202949742,1.0
[5],0.15,0.0,0.002,0.1,0.9,relu,adam,0.0,32,xavier,"(-0.5, 0.5)",20,0.1315808203970826,0.92
[5],0.15,0.0,0.002,0.1,0.9,relu,adam,0.0,32,he,"(-0.5, 0.5)",20,0.19570905231809252,0.88
[5],0.15,0.0,0.002,0.1,0.9,relu,adam,0.01,32,xavier,"(-0.5, 0.5)",20,0.037380951403548704,1.0
[5],0.15,0.0,0.002,0.1,0.9,relu,adam,0.01,32,he,"(-0.5, 0.5)",20,0.18425540547234373,0.92
[5],0.15,0.0,0.002,0.2,0.8,tanh,sgd,0.0,32,xavier,"(-0.5, 0.5)",20,0.3455208845890523,0.88
[5],0.15,0.0,0.002,0.2,0.8,tanh,sgd,0.0,32,he,"(-0.5, 0.5)",20,0.27829100029238524,0.96
[5],0.15,0.0,0.002,0.2,0.8,tanh,sgd,0.01,32,xavier,"(-0.5, 0.5)",20,0.3365403477488761,0.8
[5],0.15,0.0,0.002,0.2,0.8,tanh,sgd,0.01,32,he,"(-0.5, 0.5)",20,0.21237769918096583,0.96
[5],0.15,0.0,0.002,0.2,0.8,tanh,adam,0.0,32,xavier,"(-0.5, 0.5)",20,0.4034323521818204,0.84
[5],0.15,0.0,0.002,0.2,0.8,tanh,adam,0.0,32,he,"(-0.5, 0.5)",20,0.07512530458076346,1.0
[5],0.15,0.0,0.002,0.2,0.8,tanh,adam,0.01,32,xavier,"(-0.5, 0.5)",20,0.04144632788047134,0.96
[5],0.15,0.0,0.002,0.2,0.8,tanh,adam,0.01,32,he,"(-0.5, 0.5)",20,0.022393970917622172,1.0
[5],0.15,0.0,0.002,0.2,0.8,relu,sgd,0.0,32,xavier,"(-0.5, 0.5)",20,0.16551176873880227,1.0
[5],0.15,0.0,0.002,0.2,0.8,relu,sgd,0.0,32,he,"(-0.5, 0.5)",20,0.3562378989645779,0.76
[5],0.15,0.0,0.002,0.2,0.8,relu,sgd,0.01,32,xavier,"(-0.5, 0.5)",20,0.18312138792702173,0.88
[5],0.15,0.0,0.002,0.2,0.8,relu,sgd,0.01,32,he,"(-0.5, 0.5)",20,0.18321167696356208,0.88
[5],0.15,0.0,0.002,0.2,0.8,relu,adam,0.0,32,xavier,"(-0.5, 0.5)",20,0.2499623913905945,0.92
[5],0.15,0.0,0.002,0.2,0.8,relu,adam,0.0,32,he,"(-0.5, 0.5)",20,0.3861060475639613,0.8
[5],0.15,0.0,0.002,0.2,0.8,relu,adam,0.01,32,xavier,"(-0.5, 0.5)",20,0.17165128660833756,0.92
[5],0.15,0.0,0.002,0.2,0.8,relu,adam,0.01,32,he,"(-0.5, 0.5)",20,0.26969952192389524,0.92
[5],0.15,0.0,0.002,0.2,0.9,tanh,sgd,0.0,32,xavier,"(-0.5, 0.5)",20,0.21748144704668215,0.96
[5],0.15,0.0,0.002,0.2,0.9,tanh,sgd,0.0,32,he,"(-0.5, 0.5)",20,0.06125653597328526,1.0
[5],0.15,0.0,0.002,0.2,0.9,tanh,sgd,0.01,32,xavier,"(-0.5, 0.5)",20,0.13099944400793864,0.96
[5],0.15,0.0,0.002,0.2,0.9,tanh,sgd,0.01,32,he,"(-0.5, 0.5)",20,0.09907360485402857,0.96
[5],0.15,0.0,0.002,0.2,0.9,tanh,adam,0.0,32,xavier,"(-0.5, 0.5)",20,0.03582023779641337,1.0
[5],0.15,0.0,0.002,0.2,0.9,tanh,adam,0.0,32,he,"(-0.5, 0.5)",20,0.23489275185759237,0.92
[5],0.15,0.0,0.002,0.2,0.9,tanh,adam,0.01,32,xavier,"(-0.5, 0.5)",20,0.2504984682202577,0.92
[5],0.15,0.0,0.002,0.2,0.9,tanh,adam,0.01,32,he,"(-0.5, 0.5)",20,0.5467552552058825,0.76
[5],0.15,0.0,0.002,0.2,0.9,relu,sgd,0.0,32,xavier,"(-0.5, 0.5)",20,0.30620102473483296,0.84
[5],0.15,0.0,0.002,0.2,0.9,relu,sgd,0.0,32,he,"(-0.5, 0.5)",20,0.2709422909641192,0.88
[5],0.15,0.0,0.002,0.2,0.9,relu,sgd,0.01,32,xavier,"(-0.5, 0.5)",20,0.17048887047295855,0.92
[5],0.15,0.0,0.002,0.2,0.9,relu,sgd,0.01,32,he,"(-0.5, 0.5)",20,0.33417060335335486,0.92
[5],0.15,0.0,0.002,0.2,0.9,relu,adam,0.0,32,xavier,"(-0.5, 0.5)",20,0.22524062552827787,0.92
[5],0.15,0.0,0.002,0.2,0.9,relu,adam,0.0,32,he,"(-0.5, 0.5)",20,0.11664872116608324,0.92
[5],0.15,0.0,0.002,0.2,0.9,relu,adam,0.01,32,xavier,"(-0.5, 0.5)",20,0.3889787535732815,0.84
[5],0.15,0.0,0.002,0.2,0.9,relu,adam,0.01,32,he,"(-0.5, 0.5)",20,0.1983088783166897,0.92
[5],0.15,0.005,0.0,0.0,0.8,tanh,sgd,0.0,32,xavier,"(-0.5, 0.5)",20,0.0505799360411782,1.0
[5],0.15,0.005,0.0,0.0,0.8,tanh,sgd,0.0,32,he,"(-0.5, 0.5)",20,0.05725578316902297,1.0
[5],0.15,0.005,0.0,0.0,0.8,tanh,sgd,0.01,32,xavier,"(-0.5, 0.5)",20,0.4308333532140083,0.84
[5],0.15,0.005,0.0,0.0,0.8,tanh,sgd,0.01,32,he,"(-0.5, 0.5)",20,0.08938255112085203,1.0
[5],0.15,0.005,0.0,0.0,0.8,tanh,adam,0.0,32,xavier,"(-0.5, 0.5)",20,0.03354700939801798,1.0
[5],0.15,0.005,0.0,0.0,0.8,tanh,adam,0.0,32,he,"(-0.5, 0.5)",20,0.047078133748227065,1.0
[5],0.15,0.005,0.0,0.0,0.8,tanh,adam,0.01,32,xavier,"(-0.5, 0.5)",20,0.039101765372493776,1.0
[5],0.15,0.005,0.0,0.0,0.8,tanh,adam,0.01,32,he,"(-0.5, 0.5)",20,0.05238965777739406,1.0
[5],0.15,0.005,0.0,0.0,0.8,relu,sgd,0.0,32,xavier,"(-0.5, 0.5)",20,0.18339924744507838,0.92
[5],0.15,0.005,0.0,0.0,0.8,relu,sgd,0.0,32,he,"(-0.5, 0.5)",20,0.03523339240941865,1.0
[5],0.15,0.005,0.0,0.0,0.8,relu,sgd,0.01,32,xavier,"(-0.5, 0.5)",20,0.04798252355352817,1.0
[5],0.15,0.005,0.0,0.0,0.8,relu,sgd,0.01,32,he,"(-0.5, 0.5)",20,0.23327019116884856,0.88
[5],0.15,0.005,0.0,0.0,0.8,relu,adam,0.0,32,xavier,"(-0.5, 0.5)",20,0.04885112797776058,0.96
[5],0.15,0.005,0.0,0.0,0.8,relu,adam,0.0,32,he,"(-0.5, 0.5)",20,0.026263494050491182,1.0
[5],0.15,0.005,0.0,0.0,0.8,relu,adam,0.01,32,xavier,"(-0.5, 0.5)",20,0.022054218226651188,1.0
[5],0.15,0.005,0.0,0.0,0.8,relu,adam,0.01,32,he,"(-0.5, 0.5)",20,0.02542982953315641,1.0
[5],0.15,0.005,0.0,0.0,0.9,tanh,sgd,0.0,32,xavier,"(-0.5, 0.5)",20,0.037567416751393884,1.0
[5],0.15,0.005,0.0,0.0,0.9,tanh,sgd,0.0,32,he,"(-0.5, 0.5)",20,0.038934374619174324,1.0
[5],0.15,0.005,0.0,0.0,0.9,tanh,sgd,0.01,32,xavier,"(-0.5, 0.5)",20,0.05721850416427243,1.0
[5],0.15,0.005,0.0,0.0,0.9,tanh,sgd,0.01,32,he,"(-0.5, 0.5)",20,0.0476227047932718,1.0
[5],0.15,0.005,0.0,0.0,0.9,tanh,adam,0.0,32,xavier,"(-0.5, 0.5)",20,0.12602023932121909,0.96
[5],0.15,0.005,0.0,0.0,0.9,tanh,adam,0.0,32,he,"(-0.5, 0.5)",20,0.037661344864165044,1.0
[5],0.15,0.005,0.0,0.0,0.9,tanh,adam,0.01,32,xavier,"(-0.5, 0.5)",20,0.03731481603820633,1.0
[5],0.15,0.005,0.0,0.0,0.9,tanh,adam,0.01,32,he,"(-0.5, 0.5)",20,0.04664630950253626,1.0
[5],0.15,0.005,0.0,0.0,0.9,relu,sgd,0.0,32,xavier,"(-0.5, 0.5)",20,0.07329321363301991,1.0
[5],0.15,0.005,0.0,0.0,0.9,relu,sgd,0.0,32,he,"(-0.5, 0.5)",20,0.13724197385438247,0.88
[5],0.15,0.005,0.0,0.0,0.9,relu,sgd,0.01,32,xavier,"(-0.5, 0.5)",20,0.021378482679690614,1.0
[5],0.15,0.005,0.0,0.0,0.9,relu,sgd,0.01,32,he,"(-0.5, 0.5)",20,0.08693213067384101,0.96
[5],0.15,0.005,0.0,0.0,0.9,relu,adam,0.0,32,xavier,"(-0.5, 0.5)",20,0.06490586768858786,1.0
[5],0.15,0.005,0.0,0.0,0.9,relu,adam,0.0,32,he,"(-0.5, 0.5)",20,0.18635813522089922,0.92
[5],0.15,0.005,0.0,0.0,0.9,relu,adam,0.01,32,xavier,"(-0.5, 0.5)",20,0.024021885373781582,1.0
[5],0.15,0.005,0.0,0.0,0.9,relu,adam,0.01,32,he,"(-0.5, 0.5)",20,0.10066453118977954,1.0
[5],0.15,0.005,0.0,0.1,0.8,tanh,sgd,0.0,32,xavier,"(-0.5, 0.5)",20,0.08932718476445134,1.0
[5],0.15,0.005,0.0,0.1,0.8,tanh,sgd,0.0,32,he,"(-0.5, 0.5)",20,0.09858939797455837,1.0
[5],0.15,0.005,0.0,0.1,0.8,tanh,sgd,0.01,32,xavier,"(-0.5, 0.5)",20,0.20720249026591575,0.96
[5],0.15,0.005,0.0,0.1,0.8,tanh,sgd,0.01,32,he,"(-0.5, 0.5)",20,0.20991868872461614,0.88
[5],0.15,0.005,0.0,0.1,0.8,tanh,adam,0.0,32,xavier,"(-0.5, 0.5)",20,0.05305163752198898,1.0
[5],0.15,0.005,0.0,0.1,0.8,tanh,adam,0.0,32,he,"(-0.5, 0.5)",20,0.13125682412933548,0.96
[5],0.15,0.005,0.0,0.1,0.8,tanh,adam,0.01,32,xavier,"(-0.5, 0.5)",20,0.07126259070927796,1.0
[5],0.15,0.005,0.0,0.1,0.8,tanh,adam,0.01,32,he,"(-0.5, 0.5)",20,0.06728680515955267,1.0
[5],0.15,0.005,0.0,0.1,0.8,relu,sgd,0.0,32,xavier,"(-0.5, 0.5)",20,0.35383792645064094,0.88
[5],0.15,0.005,0.0,0.1,0.8,relu,sgd,0.0,32,he,"(-0.5, 0.5)",20,0.37616496517047165,0.88
[5],0.15,0.005,0.0,0.1,0.8,relu,sgd,0.01,32,xavier,"(-0.5, 0.5)",20,0.40452361047796787,0.84
[5],0.15,0.005,0.0,0.1,0.8,relu,sgd,0.01,32,he,"(-0.5, 0.5)",20,0.1607598603106395,0.88
[5],0.15,0.005,0.0,0.1,0.8,relu,adam,0.0,32,xavier,"(-0.5, 0.5)",20,0.12751092192059857,1.0
[5],0.15,0.005,0.0,0.1,0.8,relu,adam,0.0,32,he,"(-0.5, 0.5)",20,0.1282266155204822,1.0
[5],0.15,0.005,0.0,0.1,0.8,relu,adam,0.01,32,xavier,"(-0.5, 0.5)",20,0.34351378421630485,0.84
[5],0.15,0.005,0.0,0.1,0.8,relu,adam,0.01,32,he,"(-0.5, 0.5)",20,0.2868922465684162,0.92
[5],0.15,0.005,0.0,0.1,0.9,tanh,sgd,0.0,32,xavier,"(-0.5, 0.5)",20,0.12510847383281823,0.96
[5],0.15,0.005,0.0,0.1,0.9,tanh,sgd,0.0,32,he,"(-0.5, 0.5)",20,0.07108350334259717,1.0
[5],0.15,0.005,0.0,0.1,0.9,tanh,sgd,0.01,32,xavier,"(-0.5, 0.5)",20,0.09407550413218718,1.0
[5],0.15,0.005,0.0,0.1,0.9,tanh,sgd,0.01,32,he,"(-0.5, 0.5)",20,0.06155137468066868,1.0
[5],0.15,0.005,0.0,0.1,0.9,tanh,adam,0.0,32,xavier,"(-0.5, 0.5)",20,0.05877373748271334,1.0
[5],0.15,0.005,0.0,0.1,0.9,tanh,adam,0.0,32,he,"(-0.5, 0.5)",20,0.15940860633292325,0.92
[5],0.15,0.005,0.0,0.1,0.9,tanh,adam,0.01,32,xavier,"(-0.5, 0.5)",20,0.05626971135620373,1.0
[5],0.15,0.005,0.0,0.1,0.9,tanh,adam,0.01,32,he,"(-0.5, 0.5)",20,0.13840659309736084,0.96
[5],0.15,0.005,0.0,0.1,0.9,relu,sgd,0.0,32,xavier,"(-0.5, 0.5)",20,0.22802158748319667,0.84
[5],0.15,0.005,0.0,0.1,0.9,relu,sgd,0.0,32,he,"(-0.5, 0.5)",20,0.17945274277934276,0.96
[5],0.15,0.005,0.0,0.1,0.9,relu,sgd,0.01,32,xavier,"(-0.5, 0.5)",20,0.14818840581089637,0.96
[5],0.15,0.005,0.0,0.1,0.9,relu,sgd,0.01,32,he,"(-0.5, 0.5)",20,0.2622067635883838,0.88
[5],0.15,0.005,0.0,0.1,0.9,relu,adam,0.0,32,xavier,"(-0.5, 0.5)",20,0.2510638022874562,0.92
[5],0.15,0.005,0.0,0.1,0.9,relu,adam,0.0,32,he,"(-0.5, 0.5)",20,0.05244605651709413,1.0
[5],0.15,0.005,0.0,0.1,0.9,relu,adam,0.01,32,xavier,"(-0.5, 0.5)",20,0.33612240482707645,0.92
[5],0.15,0.005,0.0,0.1,0.9,relu,adam,0.01,32,he,"(-0.5, 0.5)",20,0.11803066962589855,1.0
[5],0.15,0.005,0.0,0.2,0.8,tanh,sgd,0.0,32,xavier,"(-0.5, 0.5)",20,0.14732000877601248,1.0
[5],0.15,0.005,0.0,0.2,0.8,tanh,sgd,0.0,32,he,"(-0.5, 0.5)",20,0.12901853959018633,1.0
[5],0.15,0.005,0.0,0.2,0.8,tanh,sgd,0.01,32,xavier,"(-0.5, 0.5)",20,0.19030425386124852,0.96
[5],0.15,0.005,0.0,0.2,0.8,tanh,sgd,0.01,32,he,"(-0.5, 0.5)",20,0.23542411071490915,0.96
[5],0.15,0.005,0.0,0.2,0.8,tanh,adam,0.0,32,xavier,"(-0.5, 0.5)",20,0.06858988413699196,1.0
[5],0.15,0.005,0.0,0.2,0.8,tanh,adam,0.0,32,he,"(-0.5, 0.5)",20,0.16057610066842753,0.96
[5],0.15,0.005,0.0,0.2,0.8,tanh,adam,0.01,32,xavier,"(-0.5, 0.5)",20,0.07317206628471119,1.0
[5],0.15,0.005,0.0,0.2,0.8,tanh,adam,0.01,32,he,"(-0.5, 0.5)",20,0.1332849875492905,1.0
[5],0.15,0.005,0.0,0.2,0.8,relu,sgd,0.0,32,xavier,"(-0.5, 0.5)",20,0.28402803105541646,0.88
[5],0.15,0.005,0.0,0.2,0.8,relu,sgd,0.0,32,he,"(-0.5, 0.5)",20,0.2002100089137011,0.92
[5],0.15,0.005,0.0,0.2,0.8,relu,sgd,0.01,32,xavier,"(-0.5, 0.5)",20,0.33680622168299407,0.88
[5],0.15,0.005,0.0,0.2,0.8,relu,sgd,0.01,32,he,"(-0.5, 0.5)",20,0.11636095807338195,1.0
[5],0.15,0.005,0.0,0.2,0.8,relu,adam,0.0,32,xavier,"(-0.5, 0.5)",20,0.2624003259145543,0.88
[5],0.15,0.005,0.0,0.2,0.8,relu,adam,0.0,32,he,"(-0.5, 0.5)",20,0.21820876565804284,0.92
[5],0.15,0.005,0.0,0.2,0.8,relu,adam,0.01,32,xavier,"(-0.5, 0.5)",20,0.24991750803862334,0.92
[5],0.15,0.005,0.0,0.2,0.8,relu,adam,0.01,32,he,"(-0.5, 0.5)",20,0.13906127546566505,1.0
[5],0.15,0.005,0.0,0.2,0.9,tanh,sgd,0.0,32,xavier,"(-0.5, 0.5)",20,0.05611351482234424,1.0
[5],0.15,0.005,0.0,0.2,0.9,tanh,sgd,0.0,32,he,"(-0.5, 0.5)",20,0.3085441141467931,0.88
[5],0.15,0.005,0.0,0.2,0.9,tanh,sgd,0.01,32,xavier,"(-0.5, 0.5)",20,0.07254163780860255,0.96
[5],0.15,0.005,0.0,0.2,0.9,tanh,sgd,0.01,32,he,"(-0.5, 0.5)",20,0.11371410115650113,0.96
[5],0.15,0.005,0.0,0.2,0.9,tanh,adam,0.0,32,xavier,"(-0.5, 0.5)",20,0.06686660331040484,1.0
[5],0.15,0.005,0.0,0.2,0.9,tanh,adam,0.0,32,he,"(-0.5, 0.5)",20,0.07117006099568855,1.0
[5],0.15,0.005,0.0,0.2,0.9,tanh,adam,0.01,32,xavier,"(-0.5, 0.5)",20,0.0946851807251453,1.0
[5],0.15,0.005,0.0,0.2,0.9,tanh,adam,0.01,32,he,"(-0.5, 0.5)",20,0.1555453740614275,0.92
[5],0.15,0.005,0.0,0.2,0.9,relu,sgd,0.0,32,xavier,"(-0.5, 0.5)",20,0.26517794362815866,0.88
[5],0.15,0.005,0.0,0.2,0.9,relu,sgd,0.0,32,he,"(-0.5, 0.5)",20,0.45888174643073787,0.8
[5],0.15,0.005,0.0,0.2,0.9,relu,sgd,0.01,32,xavier,"(-0.5, 0.5)",20,0.28032140949649265,0.84
[5],0.15,0.005,0.0,0.2,0.9,relu,sgd,0.01,32,he,"(-0.5, 0.5)",20,0.37027474766433033,0.88
[5],0.15,0.005,0.0,0.2,0.9,relu,adam,0.0,32,xavier,"(-0.5, 0.5)",20,0.27436996939745417,0.96
[5],0.15,0.005,0.0,0.2,0.9,relu,adam,0.0,32,he,"(-0.5, 0.5)",20,0.2825823929422603,0.92
[5],0.15,0.005,0.0,0.2,0.9,relu,adam,0.01,32,xavier,"(-0.5, 0.5)",20,0.38049100189212565,0.88
[5],0.15,0.005,0.0,0.2,0.9,relu,adam,0.01,32,he,"(-0.5, 0.5)",20,0.14363977356900387,0.92
[5],0.15,0.005,0.002,0.0,0.8,tanh,sgd,0.0,32,xavier,"(-0.5, 0.5)",20,0.12071695551587931,1.0
[5],0.15,0.005,0.002,0.0,0.8,tanh,sgd,0.0,32,he,"(-0.5, 0.5)",20,0.10811721762057487,1.0
[5],0.15,0.005,0.002,0.0,0.8,tanh,sgd,0.01,32,xavier,"(-0.5, 0.5)",20,0.07370630351655041,1.0
[5],0.15,0.005,0.002,0.0,0.8,tanh,sgd,0.01,32,he,"(-0.5, 0.5)",20,0.20495363518469933,0.96
[5],0.15,0.005,0.002,0.0,0.8,tanh,adam,0.0,32,xavier,"(-0.5, 0.5)",20,0.04619232996816413,1.0
[5],0.15,0.005,0.002,0.0,0.8,tanh,adam,0.0,32,he,"(-0.5, 0.5)",20,0.040964061509902824,1.0
[5],0.15,0.005,0.002,0.0,0.8,tanh,adam,0.01,32,xavier,"(-0.5, 0.5)",20,0.03912978932678582,1.0
[5],0.15,0.005,0.002,0.0,0.8,tanh,adam,0.01,32,he,"(-0.5, 0.5)",20,0.04287143431734486,1.0
[5],0.15,0.005,0.002,0.0,0.8,relu,sgd,0.0,32,xavier,"(-0.5, 0.5)",20,0.09789163370305626,1.0
[5],0.15,0.005,0.002,0.0,0.8,relu,sgd,0.0,32,he,"(-0.5, 0.5)",20,0.08790275778342091,0.92
[5],0.15,0.005,0.002,0.0,0.8,relu,sgd,0.01,32,xavier,"(-0.5, 0.5)",20,0.07091101367855573,1.0
[5],0.15,0.005,0.002,0.0,0.8,relu,sgd,0.01,32,he,"(-0.5, 0.5)",20,0.056297512168717284,1.0
[5],0.15,0.005,0.002,0.0,0.8,relu,adam,0.0,32,xavier,"(-0.5, 0.5)",20,0.024065346434511345,1.0
[5],0.15,0.005,0.002,0.0,0.8,relu,adam,0.0,32,he,"(-0.5, 0.5)",20,0.02288743413910678,1.0
[5],0.15,0.005,0.002,0.0,0.8,relu,adam,0.01,32,xavier,"(-0.5, 0.5)",20,0.09679597879067088,1.0
[5],0.15,0.005,0.002,0.0,0.8,relu,adam,0.01,32,he,"(-0.5, 0.5)",20,0.17552252279548114,0.92
[5],0.15,0.005,0.002,0.0,0.9,tanh,sgd,0.0,32,xavier,"(-0.5, 0.5)",20,0.040547626229031596,1.0
[5],0.15,0.005,0.002,0.0,0.9,tanh,sgd,0.0,32,he,"(-0.5, 0.5)",20,0.04602944480147128,1.0
[5],0.15,0.005,0.002,0.0,0.9,tanh,sgd,0.01,32,xavier,"(-0.5, 0.5)",20,0.05046439572823513,1.0
[5],0.15,0.005,0.002,0.0,0.9,tanh,sgd,0.01,32,he,"(-0.5, 0.5)",20,0.061993584491808855,1.0
[5],0.15,0.005,0.002,0.0,0.9,tanh,adam,0.0,32,xavier,"(-0.5, 0.5)",20,0.0425839893561188,1.0
[5],0.15,0.005,0.002,0.0,0.9,tanh,adam,0.0,32,he,"(-0.5, 0.5)",20,0.3356997314862961,0.92
[5],0.15,0.005,0.002,0.0,0.9,tanh,adam,0.01,32,xavier,"(-0.5, 0.5)",20,0.15566421140472655,0.96
[5],0.15,0.005,0.002,0.0,0.9,tanh,adam,0.01,32,he,"(-0.5, 0.5)",20,0.045735689110630966,1.0
[5],0.15,0.005,0.002,0.0,0.9,relu,sgd,0.0,32,xavier,"(-0.5, 0.5)",20,0.08881987595112627,1.0
[5],0.15,0.005,0.002,0.0,0.9,relu,sgd,0.0,32,he,"(-0.5, 0.5)",20,0.08282455422831557,1.0
[5],0.15,0.005,0.002,0.0,0.9,relu,sgd,0.01,32,xavier,"(-0.5, 0.5)",20,0.2657963947740661,0.92
[5],0.15,0.005,0.002,0.0,0.9,relu,sgd,0.01,32,he,"(-0.5, 0.5)",20,0.06844168998562969,1.0
[5],0.15,0.005,0.002,0.0,0.9,relu,adam,0.0,32,xavier,"(-0.5, 0.5)",20,0.026851557834260294,1.0
[5],0.15,0.005,0.002,0.0,0.9,relu,adam,0.0,32,he,"(-0.5, 0.5)",20,0.03828021483940106,1.0
[5],0.15,0.005,0.002,0.0,0.9,relu,adam,0.01,32,xavier,"(-0.5, 0.5)",20,0.026683222812974618,1.0
[5],0.15,0.005,0.002,0.0,0.9,relu,adam,0.01,32,he,"(-0.5, 0.5)",20,0.10543485066981664,0.92
[5],0.15,0.005,0.002,0.1,0.8,tanh,sgd,0.0,32,xavier,"(-0.5, 0.5)",20,0.18948324438299696,0.84
[5],0.15,0.005,0.002,0.1,0.8,tanh,sgd,0.0,32,he,"(-0.5, 0.5)",20,0.08335184176052797,1.0
[5],0.15,0.005,0.002,0.1,0.8,tanh,sgd,0.01,32,xavier,"(-0.5, 0.5)",20,0.20862915828791898,0.96
[5],0.15,0.005,0.002,0.1,0.8,tanh,sgd,0.01,32,he,"(-0.5, 0.5)",20,0.32498050063238504,0.92
[5],0.15,0.005,0.002,0.1,0.8,tanh,adam,0.0,32,xavier,"(-0.5, 0.5)",20,0.10396360042469524,0.96
[5],0.15,0.005,0.002,0.1,0.8,tanh,adam,0.0,32,he,"(-0.5, 0.5)",20,0.2676632837827918,0.92
[5],0.15,0.005,0.002,0.1,0.8,tanh,adam,0.01,32,xavier,"(-0.5, 0.5)",20,0.21245431887216187,0.96
[5],0.15,0.005,0.002,0.1,0.8,tanh,adam,0.01,32,he,"(-0.5, 0.5)",20,0.05717783537621825,1.0
[5],0.15,0.005,0.002,0.1,0.8,relu,sgd,0.0,32,xavier,"(-0.5, 0.5)",20,0.34986635362202534,0.8
[5],0.15,0.005,0.002,0.1,0.8,relu,sgd,0.0,32,he,"(-0.5, 0.5)",20,0.2247195610937399,0.92
[5],0.15,0.005,0.002,0.1,0.8,relu,sgd,0.01,32,xavier,"(-0.5, 0.5)",20,0.12724703395446557,0.96
[5],0.15,0.005,0.002,0.1,0.8,relu,sgd,0.01,32,he,"(-0.5, 0.5)",20,0.3463405155519667,0.72
[5],0.15,0.005,0.002,0.1,0.8,relu,adam,0.0,32,xavier,"(-0.5, 0.5)",20,0.11973188198135293,1.0
[5],0.15,0.005,0.002,0.1,0.8,relu,adam,0.0,32,he,"(-0.5, 0.5)",20,0.17776800406421123,0.92
[5],0.15,0.005,0.002,0.1,0.8,relu,adam,0.01,32,xavier,"(-0.5, 0.5)",20,0.14703080318608,1.0
[5],0.15,0.005,0.002,0.1,0.8,relu,adam,0.01,32,he,"(-0.5, 0.5)",20,0.23560665043065815,0.92
[5],0.15,0.005,0.002,0.1,0.9,tanh,sgd,0.0,32,xavier,"(-0.5, 0.5)",20,0.1750174617168186,0.96
[5],0.15,0.005,0.002,0.1,0.9,tanh,sgd,0.0,32,he,"(-0.5, 0.5)",20,0.06934719743760177,1.0
[5],0.15,0.005,0.002,0.1,0.9,tanh,sgd,0.01,32,xavier,"(-0.5, 0.5)",20,0.2596842807339021,0.92
[5],0.15,0.005,0.002,0.1,0.9,tanh,sgd,0.01,32,he,"(-0.5, 0.5)",20,0.10401186783876934,1.0
[5],0.15,0.005,0.002,0.1,0.9,tanh,adam,0.0,32,xavier,"(-0.5, 0.5)",20,0.05540510647639826,1.0
[5],0.15,0.005,0.002,0.1,0.9,tanh,adam,0.0,32,he,"(-0.5, 0.5)",20,0.05117146345964573,1.0
[5],0.15,0.005,0.002,0.1,0.9,tanh,adam,0.01,32,xavier,"(-0.5, 0.5)",20,0.1246366216325662,0.96
[5],0.15,0.005,0.002,0.1,0.9,tanh,adam,0.01,32,he,"(-0.5, 0.5)",20,0.07422618116529182,1.0
[5],0.15,0.005,0.002,0.1,0.9,relu,sgd,0.0,32,xavier,"(-0.5, 0.5)",20,0.10877798120267963,0.92
[5],0.15,0.005,0.002,0.1,0.9,relu,sgd,0.0,32,he,"(-0.5, 0.5)",20,0.23070630758955035,0.92
[5],0.15,0.005,0.002,0.1,0.9,relu,sgd,0.01,32,xavier,"(-0.5, 0.5)",20,0.12787948649669062,0.96
[5],0.15,0.005,0.002,0.1,0.9,relu,sgd,0.01,32,he,"(-0.5, 0.5)",20,0.2853342475157973,0.92
[5],0.15,0.005,0.002,0.1,0.9,relu,adam,0.0,32,xavier,"(-0.5, 0.5)",20,0.49882283827458124,0.84
[5],0.15,0.005,0.002,0.1,0.9,relu,adam,0.0,32,he,"(-0.5, 0.5)",20,0.2809643666604674,0.96
[5],0.15,0.005,0.002,0.1,0.9,relu,adam,0.01,32,xavier,"(-0.5, 0.5)",20,0.2945856870177629,0.92
[5],0.15,0.005,0.002,0.1,0.9,relu,adam,0.01,32,he,"(-0.5, 0.5)",20,0.21512015356807515,0.92
[5],0.15,0.005,0.002,0.2,0.8,tanh,sgd,0.0,32,xavier,"(-0.5, 0.5)",20,0.21164434176939528,0.92
[5],0.15,0.005,0.002,0.2,0.8,tanh,sgd,0.0,32,he,"(-0.5, 0.5)",20,0.18170357532040426,1.0
[5],0.15,0.005,0.002,0.2,0.8,tanh,sgd,0.01,32,xavier,"(-0.5, 0.5)",20,0.1530923571983344,1.0
[5],0.15,0.005,0.002,0.2,0.8,tanh,sgd,0.01,32,he,"(-0.5, 0.5)",20,0.2050027955147525,0.88
[5],0.15,0.005,0.002,0.2,0.8,tanh,adam,0.0,32,xavier,"(-0.5, 0.5)",20,0.07688306002143265,1.0
[5],0.15,0.005,0.002,0.2,0.8,tanh,adam,0.0,32,he,"(-0.5, 0.5)",20,0.3509774469987566,0.92
[5],0.15,0.005,0.002,0.2,0.8,tanh,adam,0.01,32,xavier,"(-0.5, 0.5)",20,0.08554409948480451,1.0
[5],0.15,0.005,0.002,0.2,0.8,tanh,adam,0.01,32,he,"(-0.5, 0.5)",20,0.06958670398611208,1.0
[5],0.15,0.005,0.002,0.2,0.8,relu,sgd,0.0,32,xavier,"(-0.5, 0.5)",20,0.21240101728968014,0.96
[5],0.15,0.005,0.002,0.2,0.8,relu,sgd,0.0,32,he,"(-0.5, 0.5)",20,0.31081041059949654,0.84
[5],0.15,0.005,0.002,0.2,0.8,relu,sgd,0.01,32,xavier,"(-0.5, 0.5)",20,0.16524599475212132,0.92
[5],0.15,0.005,0.002,0.2,0.8,relu,sgd,0.01,32,he,"(-0.5, 0.5)",20,0.3415769293807815,0.84
[5],0.15,0.005,0.002,0.2,0.8,relu,adam,0.0,32,xavier,"(-0.5, 0.5)",20,0.46394336909448713,0.88
[5],0.15,0.005,0.002,0.2,0.8,relu,adam,0.0,32,he,"(-0.5, 0.5)",20,0.2341227190708686,0.92
[5],0.15,0.005,0.002,0.2,0.8,relu,adam,0.01,32,xavier,"(-0.5, 0.5)",20,0.18537372182303025,1.0
[5],0.15,0.005,0.002,0.2,0.8,relu,adam,0.01,32,he,"(-0.5, 0.5)",20,0.1572928989965512,0.88
[5],0.15,0.005,0.002,0.2,0.9,tanh,sgd,0.0,32,xavier,"(-0.5, 0.5)",20,0.23378737031262214,0.96
[5],0.15,0.005,0.002,0.2,0.9,tanh,sgd,0.0,32,he,"(-0.5, 0.5)",20,0.07456572604248472,1.0
[5],0.15,0.005,0.002,0.2,0.9,tanh,sgd,0.01,32,xavier,"(-0.5, 0.5)",20,0.10937518532742721,1.0
[5],0.15,0.005,0.002,0.2,0.9,tanh,sgd,0.01,32,he,"(-0.5, 0.5)",20,0.15765485801827542,0.96
[5],0.15,0.005,0.002,0.2,0.9,tanh,adam,0.0,32,xavier,"(-0.5, 0.5)",20,0.10781511350482542,1.0
[5],0.15,0.005,0.002,0.2,0.9,tanh,adam,0.0,32,he,"(-0.5, 0.5)",20,0.2890609826489823,0.92
[5],0.15,0.005,0.002,0.2,0.9,tanh,adam,0.01,32,xavier,"(-0.5, 0.5)",20,0.34584460457993216,0.92
[5],0.15,0.005,0.002,0.2,0.9,tanh,adam,0.01,32,he,"(-0.5, 0.5)",20,0.14509251059737724,0.96
[5],0.15,0.005,0.002,0.2,0.9,relu,sgd,0.0,32,xavier,"(-0.5, 0.5)",20,0.21751384448854846,0.96
[5],0.15,0.005,0.002,0.2,0.9,relu,sgd,0.0,32,he,"(-0.5, 0.5)",20,0.2786059324002214,0.92
[5],0.15,0.005,0.002,0.2,0.9,relu,sgd,0.01,32,xavier,"(-0.5, 0.5)",20,0.1688993945412533,0.96
[5],0.15,0.005,0.002,0.2,0.9,relu,sgd,0.01,32,he,"(-0.5, 0.5)",20,0.32641026915927723,0.84
[5],0.15,0.005,0.002,0.2,0.9,relu,adam,0.0,32,xavier,"(-0.5, 0.5)",20,0.17686212833702983,1.0
[5],0.15,0.005,0.002,0.2,0.9,relu,adam,0.0,32,he,"(-0.5, 0.5)",20,0.46665241142707525,0.96
[5],0.15,0.005,0.002,0.2,0.9,relu,adam,0.01,32,xavier,"(-0.5, 0.5)",20,0.29805774294579473,0.88
[5],0.15,0.005,0.002,0.2,0.9,relu,adam,0.01,32,he,"(-0.5, 0.5)",20,0.2907229296481989,0.92
[5],0.15,0.01,0.0,0.0,0.8,tanh,sgd,0.0,32,xavier,"(-0.5, 0.5)",20,0.20032129530263393,0.96
[5],0.15,0.01,0.0,0.0,0.8,tanh,sgd,0.0,32,he,"(-0.5, 0.5)",20,0.07173575306990201,1.0
[5],0.15,0.01,0.0,0.0,0.8,tanh,sgd,0.01,32,xavier,"(-0.5, 0.5)",20,0.10732331088471614,1.0
[5],0.15,0.01,0.0,0.0,0.8,tanh,sgd,0.01,32,he,"(-0.5, 0.5)",20,0.2521384890244216,0.92
[5],0.15,0.01,0.0,0.0,0.8,tanh,adam,0.0,32,xavier,"(-0.5, 0.5)",20,0.053422668476402806,1.0
[5],0.15,0.01,0.0,0.0,0.8,tanh,adam,0.0,32,he,"(-0.5, 0.5)",20,0.09911331296014228,1.0
[5],0.15,0.01,0.0,0.0,0.8,tanh,adam,0.01,32,xavier,"(-0.5, 0.5)",20,0.047867736251233584,1.0
[5],0.15,0.01,0.0,0.0,0.8,tanh,adam,0.01,32,he,"(-0.5, 0.5)",20,0.15390791472462861,0.96
[5],0.15,0.01,0.0,0.0,0.8,relu,sgd,0.0,32,xavier,"(-0.5, 0.5)",20,0.09635112017412831,0.96
[5],0.15,0.01,0.0,0.0,0.8,relu,sgd,0.0,32,he,"(-0.5, 0.5)",20,0.06318395384598893,1.0
[5],0.15,0.01,0.0,0.0,0.8,relu,sgd,0.01,32,xavier,"(-0.5, 0.5)",20,0.4059176306047652,0.84
[5],0.15,0.01,0.0,0.0,0.8,relu,sgd,0.01,32,he,"(-0.5, 0.5)",20,0.04962134379146624,1.0
[5],0.15,0.01,0.0,0.0,0.8,relu,adam,0.0,32,xavier,"(-0.5, 0.5)",20,0.2294019278070746,0.92
[5],0.15,0.01,0.0,0.0,0.8,relu,adam,0.0,32,he,"(-0.5, 0.5)",20,0.10426973906828949,0.96
[5],0.15,0.01,0.0,0.0,0.8,relu,adam,0.01,32,xavier,"(-0.5, 0.5)",20,0.2811569464021262,0.92
[5],0.15,0.01,0.0,0.0,0.8,relu,adam,0.01,32,he,"(-0.5, 0.5)",20,0.05680197153847167,1.0
[5],0.15,0.01,0.0,0.0,0.9,tanh,sgd,0.0,32,xavier,"(-0.5, 0.5)",20,0.053991984653702946,1.0
[5],0.15,0.01,0.0,0.0,0.9,tanh,sgd,0.0,32,he,"(-0.5, 0.5)",20,0.08532728715877777,1.0
[5],0.15,0.01,0.0,0.0,0.9,tanh,sgd,0.01,32,xavier,"(-0.5, 0.5)",20,0.10976307479635354,1.0
[5],0.15,0.01,0.0,0.0,0.9,tanh,sgd,0.01,32,he,"(-0.5, 0.5)",20,0.06724446235019513,1.0
[5],0.15,0.01,0.0,0.0,0.9,tanh,adam,0.0,32,xavier,"(-0.5, 0.5)",20,0.06885618544888301,1.0
[5],0.15,0.01,0.0,0.0,0.9,tanh,adam,0.0,32,he,"(-0.5, 0.5)",20,0.06203432918920207,1.0
[5],0.15,0.01,0.0,0.0,0.9,tanh,adam,0.01,32,xavier,"(-0.5, 0.5)",20,0.07003703678154018,1.0
[5],0.15,0.01,0.0,0.0,0.9,tanh,adam,0.01,32,he,"(-0.5, 0.5)",20,0.06041892485566268,1.0
[5],0.15,0.01,0.0,0.0,0.9,relu,sgd,0.0,32,xavier,"(-0.5, 0.5)",20,0.27260407324123204,0.92
[5],0.15,0.01,0.0,0.0,0.9,relu,sgd,0.0,32,he,"(-0.5, 0.5)",20,0.08853134672689272,1.0
[5],0.15,0.01,0.0,0.0,0.9,relu,sgd,0.01,32,xavier,"(-0.5, 0.5)",20,0.03956658248200438,1.0
[5],0.15,0.01,0.0,0.0,0.9,relu,sgd,0.01,32,he,"(-0.5, 0.5)",20,0.10930893407840847,1.0
[5],0.15,0.01,0.0,0.0,0.9,relu,adam,0.0,32,xavier,"(-0.5, 0.5)",20,0.03806753851900874,1.0
[5],0.15,0.01,0.0,0.0,0.9,relu,adam,0.0,32,he,"(-0.5, 0.5)",20,0.04527914803465439,1.0
[5],0.15,0.01,0.0,0.0,0.9,relu,adam,0.01,32,xavier,"(-0.5, 0.5)",20,0.07921028023377076,1.0
[5],0.15,0.01,0.0,0.0,0.9,relu,adam,0.01,32,he,"(-0.5, 0.5)",20,0.05999925509494872,1.0
[5],0.15,0.01,0.0,0.1,0.8,tanh,sgd,0.0,32,xavier,"(-0.5, 0.5)",20,0.08961310130412947,1.0
[5],0.15,0.01,0.0,0.1,0.8,tanh,sgd,0.0,32,he,"(-0.5, 0.5)",20,0.17509005780240672,0.96
[5],0.15,0.01,0.0,0.1,0.8,tanh,sgd,0.01,32,xavier,"(-0.5, 0.5)",20,0.3520013613078976,0.88
[5],0.15,0.01,0.0,0.1,0.8,tanh,sgd,0.01,32,he,"(-0.5, 0.5)",20,0.21242477498833287,0.92
[5],0.15,0.01,0.0,0.1,0.8,tanh,adam,0.0,32,xavier,"(-0.5, 0.5)",20,0.2245963795022549,0.96
[5],0.15,0.01,0.0,0.1,0.8,tanh,adam,0.0,32,he,"(-0.5, 0.5)",20,0.06959486735459812,1.0
[5],0.15,0.01,0.0,0.1,0.8,tanh,adam,0.01,32,xavier,"(-0.5, 0.5)",20,0.09859331068251892,1.0
[5],0.15,0.01,0.0,0.1,0.8,tanh,adam,0.01,32,he,"(-0.5, 0.5)",20,0.09471310382831066,1.0
[5],0.15,0.01,0.0,0.1,0.8,relu,sgd,0.0,32,xavier,"(-0.5, 0.5)",20,0.1964710137490907,0.88
[5],0.15,0.01,0.0,0.1,0.8,relu,sgd,0.0,32,he,"(-0.5, 0.5)",20,0.17808820517375268,0.92
[5],0.15,0.01,0.0,0.1,0.8,relu,sgd,0.01,32,xavier,"(-0.5, 0.5)",20,0.10868728345216874,0.96
[5],0.15,0.01,0.0,0.1,0.8,relu,sgd,0.01,32,he,"(-0.5, 0.5)",20,0.30856125641757176,0.92
[5],0.15,0.01,0.0,0.1,0.8,relu,adam,0.0,32,xavier,"(-0.5, 0.5)",20,0.4307896868536592,0.8
[5],0.15,0.01,0.0,0.1,0.8,relu,adam,0.0,32,he,"(-0.5, 0.5)",20,0.2944485399716288,0.88
[5],0.15,0.01,0.0,0.1,0.8,relu,adam,0.01,32,xavier,"(-0.5, 0.5)",20,0.17849394083925324,0.96
[5],0.15,0.01,0.0,0.1,0.8,relu,adam,0.01,32,he,"(-0.5, 0.5)",20,0.17569891865277668,1.0
[5],0.15,0.01,0.0,0.1,0.9,tanh,sgd,0.0,32,xavier,"(-0.5, 0.5)",20,0.12298741974321045,1.0
[5],0.15,0.01,0.0,0.1,0.9,tanh,sgd,0.0,32,he,"(-0.5, 0.5)",20,0.07506857075769813,1.0
[5],0.15,0.01,0.0,0.1,0.9,tanh,sgd,0.01,32,xavier,"(-0.5, 0.5)",20,0.10953594359241944,1.0
[5],0.15,0.01,0.0,0.1,0.9,tanh,sgd,0.01,32,he,"(-0.5, 0.5)",20,0.09534642475954497,1.0
[5],0.15,0.01,0.0,0.1,0.9,tanh,adam,0.0,32,xavier,"(-0.5, 0.5)",20,0.2419407297256985,0.92
[5],0.15,0.01,0.0,0.1,0.9,tanh,adam,0.0,32,he,"(-0.5, 0.5)",20,0.12961160307333922,1.0
[5],0.15,0.01,0.0,0.1,0.9,tanh,adam,0.01,32,xavier,"(-0.5, 0.5)",20,0.1178355789037906,1.0
[5],0.15,0.01,0.0,0.1,0.9,tanh,adam,0.01,32,he,"(-0.5, 0.5)",20,0.07315392830440227,1.0
[5],0.15,0.01,0.0,0.1,0.9,relu,sgd,0.0,32,xavier,"(-0.5, 0.5)",20,0.1404503654378951,1.0
[5],0.15,0.01,0.0,0.1,0.9,relu,sgd,0.0,32,he,"(-0.5, 0.5)",20,0.2899697176476638,0.88
[5],0.15,0.01,0.0,0.1,0.9,relu,sgd,0.01,32,xavier,"(-0.5, 0.5)",20,0.15778403315082168,0.96
[5],0.15,0.01,0.0,0.1,0.9,relu,sgd,0.01,32,he,"(-0.5, 0.5)",20,0.20868728835712008,0.92
[5],0.15,0.01,0.0,0.1,0.9,relu,adam,0.0,32,xavier,"(-0.5, 0.5)",20,0.16728427250160266,1.0
[5],0.15,0.01,0.0,0.1,0.9,relu,adam,0.0,32,he,"(-0.5, 0.5)",20,0.26465710310928786,0.92
[5],0.15,0.01,0.0,0.1,0.9,relu,adam,0.01,32,xavier,"(-0.5, 0.5)",20,0.17555779773513114,1.0
[5],0.15,0.01,0.0,0.1,0.9,relu,adam,0.01,32,he,"(-0.5, 0.5)",20,0.2216685419292857,0.92
[5],0.15,0.01,0.0,0.2,0.8,tanh,sgd,0.0,32,xavier,"(-0.5, 0.5)",20,0.2646717291917512,0.92
[5],0.15,0.01,0.0,0.2,0.8,tanh,sgd,0.0,32,he,"(-0.5, 0.5)",20,0.27308787919628624,0.88
[5],0.15,0.01,0.0,0.2,0.8,tanh,sgd,0.01,32,xavier,"(-0.5, 0.5)",20,0.25077118033949725,0.92
[5],0.15,0.01,0.0,0.2,0.8,tanh,sgd,0.01,32,he,"(-0.5, 0.5)",20,0.15280246671000183,1.0
[5],0.15,0.01,0.0,0.2,0.8,tanh,adam,0.0,32,xavier,"(-0.5, 0.5)",20,0.09752540801290577,1.0
[5],0.15,0.01,0.0,0.2,0.8,tanh,adam,0.0,32,he,"(-0.5, 0.5)",20,0.4013508562362589,0.84
[5],0.15,0.01,0.0,0.2,0.8,tanh,adam,0.01,32,xavier,"(-0.5, 0.5)",20,0.08125432282772556,1.0
[5],0.15,0.01,0.0,0.2,0.8,tanh,adam,0.01,32,he,"(-0.5, 0.5)",20,0.08277303654348173,1.0
[5],0.15,0.01,0.0,0.2,0.8,relu,sgd,0.0,32,xavier,"(-0.5, 0.5)",20,0.26761922944509053,0.92
[5],0.15,0.01,0.0,0.2,0.8,relu,sgd,0.0,32,he,"(-0.5, 0.5)",20,0.31560585700298427,0.88
[5],0.15,0.01,0.0,0.2,0.8,relu,sgd,0.01,32,xavier,"(-0.5, 0.5)",20,0.1188504635888049,1.0
[5],0.15,0.01,0.0,0.2,0.8,relu,sgd,0.01,32,he,"(-0.5, 0.5)",20,0.36829874357032444,0.8
[5],0.15,0.01,0.0,0.2,0.8,relu,adam,0.0,32,xavier,"(-0.5, 0.5)",20,0.4283104574966201,0.8
[5],0.15,0.01,0.0,0.2,0.8,relu,adam,0.0,32,he,"(-0.5, 0.5)",20,0.41975898706848014,0.84
[5],0.15,0.01,0.0,0.2,0.8,relu,adam,0.01,32,xavier,"(-0.5, 0.5)",20,0.2826990702252907,0.88
[5],0.15,0.01,0.0,0.2,0.8,relu,adam,0.01,32,he,"(-0.5, 0.5)",20,0.23846931122148413,0.96
[5],0.15,0.01,0.0,0.2,0.9,tanh,sgd,0.0,32,xavier,"(-0.5, 0.5)",20,0.22829467975556403,0.96
[5],0.15,0.01,0.0,0.2,0.9,tanh,sgd,0.0,32,he,"(-0.5, 0.5)",20,0.12164424022009271,0.96
[5],0.15,0.01,0.0,0.2,0.9,tanh,sgd,0.01,32,xavier,"(-0.5, 0.5)",20,0.10166052387522205,1.0
[5],0.15,0.01,0.0,0.2,0.9,tanh,sgd,0.01,32,he,"(-0.5, 0.5)",20,0.1029745742149966,1.0
[5],0.15,0.01,0.0,0.2,0.9,tanh,adam,0.0,32,xavier,"(-0.5, 0.5)",20,0.07648081493542119,1.0
[5],0.15,0.01,0.0,0.2,0.9,tanh,adam,0.0,32,he,"(-0.5, 0.5)",20,0.2123124855373149,0.88
[5],0.15,0.01,0.0,0.2,0.9,tanh,adam,0.01,32,xavier,"(-0.5, 0.5)",20,0.11214007167699813,1.0
[5],0.15,0.01,0.0,0.2,0.9,tanh,adam,0.01,32,he,"(-0.5, 0.5)",20,0.12628439152218818,1.0
[5],0.15,0.01,0.0,0.2,0.9,relu,sgd,0.0,32,xavier,"(-0.5, 0.5)",20,0.16823823874681293,0.96
[5],0.15,0.01,0.0,0.2,0.9,relu,sgd,0.0,32,he,"(-0.5, 0.5)",20,0.20800826292504263,0.92
[5],0.15,0.01,0.0,0.2,0.9,relu,sgd,0.01,32,xavier,"(-0.5, 0.5)",20,0.5771923604475401,0.72
[5],0.15,0.01,0.0,0.2,0.9,relu,sgd,0.01,32,he,"(-0.5, 0.5)",20,0.28034140349612025,0.92
[5],0.15,0.01,0.0,0.2,0.9,relu,adam,0.0,32,xavier,"(-0.5, 0.5)",20,0.23642177135589526,0.96
[5],0.15,0.01,0.0,0.2,0.9,relu,adam,0.0,32,he,"(-0.5, 0.5)",20,0.30211456025754313,0.92
[5],0.15,0.01,0.0,0.2,0.9,relu,adam,0.01,32,xavier,"(-0.5, 0.5)",20,0.18157809157281596,0.92
[5],0.15,0.01,0.0,0.2,0.9,relu,adam,0.01,32,he,"(-0.5, 0.5)",20,0.41303494375839445,0.88
[5],0.15,0.01,0.002,0.0,0.8,tanh,sgd,0.0,32,xavier,"(-0.5, 0.5)",20,0.21782482752306978,0.92
[5],0.15,0.01,0.002,0.0,0.8,tanh,sgd,0.0,32,he,"(-0.5, 0.5)",20,0.10136185165405831,1.0
[5],0.15,0.01,0.002,0.0,0.8,tanh,sgd,0.01,32,xavier,"(-0.5, 0.5)",20,0.1996488963959025,0.96
[5],0.15,0.01,0.002,0.0,0.8,tanh,sgd,0.01,32,he,"(-0.5, 0.5)",20,0.08742793538866933,1.0
[5],0.15,0.01,0.002,0.0,0.8,tanh,adam,0.0,32,xavier,"(-0.5, 0.5)",20,0.07879739082177646,1.0
[5],0.15,0.01,0.002,0.0,0.8,tanh,adam,0.0,32,he,"(-0.5, 0.5)",20,0.09593248329738105,0.96
[5],0.15,0.01,0.002,0.0,0.8,tanh,adam,0.01,32,xavier,"(-0.5, 0.5)",20,0.0644714074101886,1.0
[5],0.15,0.01,0.002,0.0,0.8,tanh,adam,0.01,32,he,"(-0.5, 0.5)",20,0.055032818776955844,1.0
[5],0.15,0.01,0.002,0.0,0.8,relu,sgd,0.0,32,xavier,"(-0.5, 0.5)",20,0.1299827547513632,1.0
[5],0.15,0.01,0.002,0.0,0.8,relu,sgd,0.0,32,he,"(-0.5, 0.5)",20,0.062475207145785305,1.0
[5],0.15,0.01,0.002,0.0,0.8,relu,sgd,0.01,32,xavier,"(-0.5, 0.5)",20,0.1646844921110317,0.92
[5],0.15,0.01,0.002,0.0,0.8,relu,sgd,0.01,32,he,"(-0.5, 0.5)",20,0.052939266309786,1.0
[5],0.15,0.01,0.002,0.0,0.8,relu,adam,0.0,32,xavier,"(-0.5, 0.5)",20,0.1120186779152698,0.96
[5],0.15,0.01,0.002,0.0,0.8,relu,adam,0.0,32,he,"(-0.5, 0.5)",20,0.08405423741093596,1.0
[5],0.15,0.01,0.002,0.0,0.8,relu,adam,0.01,32,xavier,"(-0.5, 0.5)",20,0.036507286830859666,1.0
[5],0.15,0.01,0.002,0.0,0.8,relu,adam,0.01,32,he,"(-0.5, 0.5)",20,0.04793523838549043,1.0
[5],0.15,0.01,0.002,0.0,0.9,tanh,sgd,0.0,32,xavier,"(-0.5, 0.5)",20,0.06337660143096957,1.0
[5],0.15,0.01,0.002,0.0,0.9,tanh,sgd,0.0,32,he,"(-0.5, 0.5)",20,0.078033993506232,1.0
[5],0.15,0.01,0.002,0.0,0.9,tanh,sgd,0.01,32,xavier,"(-0.5, 0.5)",20,0.07199640697469692,1.0
[5],0.15,0.01,0.002,0.0,0.9,tanh,sgd,0.01,32,he,"(-0.5, 0.5)",20,0.061052268011414924,1.0
[5],0.15,0.01,0.002,0.0,0.9,tanh,adam,0.0,32,xavier,"(-0.5, 0.5)",20,0.05640998032494831,1.0
[5],0.15,0.01,0.002,0.0,0.9,tanh,adam,0.0,32,he,"(-0.5, 0.5)",20,0.05677384488782393,1.0
[5],0.15,0.01,0.002,0.0,0.9,tanh,adam,0.01,32,xavier,"(-0.5, 0.5)",20,0.07564232571190263,1.0
[5],0.15,0.01,0.002,0.0,0.9,tanh,adam,0.01,32,he,"(-0.5, 0.5)",20,0.0591781574033968,1.0
[5],0.15,0.01,0.002,0.0,0.9,relu,sgd,0.0,32,xavier,"(-0.5, 0.5)",20,0.07711173702355174,1.0
[5],0.15,0.01,0.002,0.0,0.9,relu,sgd,0.0,32,he,"(-0.5, 0.5)",20,0.24824909215028404,0.92
[5],0.15,0.01,0.002,0.0,0.9,relu,sgd,0.01,32,xavier,"(-0.5, 0.5)",20,0.12733871411747852,0.96
[5],0.15,0.01,0.002,0.0,0.9,relu,sgd,0.01,32,he,"(-0.5, 0.5)",20,0.09941803260053396,1.0
[5],0.15,0.01,0.002,0.0,0.9,relu,adam,0.0,32,xavier,"(-0.5, 0.5)",20,0.4052422858168573,0.84
[5],0.15,0.01,0.002,0.0,0.9,relu,adam,0.0,32,he,"(-0.5, 0.5)",20,0.061806484192422184,1.0
[5],0.15,0.01,0.002,0.0,0.9,relu,adam,0.01,32,xavier,"(-0.5, 0.5)",20,0.08397220165313832,1.0
[5],0.15,0.01,0.002,0.0,0.9,relu,adam,0.01,32,he,"(-0.5, 0.5)",20,0.04023606944222898,1.0
[5],0.15,0.01,0.002,0.1,0.8,tanh,sgd,0.0,32,xavier,"(-0.5, 0.5)",20,0.19026312136523924,0.96
[5],0.15,0.01,0.002,0.1,0.8,tanh,sgd,0.0,32,he,"(-0.5, 0.5)",20,0.18955236139300527,0.88
[5],0.15,0.01,0.002,0.1,0.8,tanh,sgd,0.01,32,xavier,"(-0.5, 0.5)",20,0.2752659596549981,0.92
[5],0.15,0.01,0.002,0.1,0.8,tanh,sgd,0.01,32,he,"(-0.5, 0.5)",20,0.08739130856117353,1.0
[5],0.15,0.01,0.002,0.1,0.8,tanh,adam,0.0,32,xavier,"(-0.5, 0.5)",20,0.2070001952641808,0.96
[5],0.15,0.01,0.002,0.1,0.8,tanh,adam,0.0,32,he,"(-0.5, 0.5)",20,0.10011070039784653,1.0
[5],0.15,0.01,0.002,0.1,0.8,tanh,adam,0.01,32,xavier,"(-0.5, 0.5)",20,0.09366082359108543,1.0
[5],0.15,0.01,0.002,0.1,0.8,tanh,adam,0.01,32,he,"(-0.5, 0.5)",20,0.13701190282612122,1.0
[5],0.15,0.01,0.002,0.1,0.8,relu,sgd,0.0,32,xavier,"(-0.5, 0.5)",20,0.2318615325831444,0.92
[5],0.15,0.01,0.002,0.1,0.8,relu,sgd,0.0,32,he,"(-0.5, 0.5)",20,0.17216275406619197,0.96
[5],0.15,0.01,0.002,0.1,0.8,relu,sgd,0.01,32,xavier,"(-0.5, 0.5)",20,0.2517003056629248,0.88
[5],0.15,0.01,0.002,0.1,0.8,relu,sgd,0.01,32,he,"(-0.5, 0.5)",20,0.09643592500315233,1.0
[5],0.15,0.01,0.002,0.1,0.8,relu,adam,0.0,32,xavier,"(-0.5, 0.5)",20,0.11460314944346746,1.0
[5],0.15,0.01,0.002,0.1,0.8,relu,adam,0.0,32,he,"(-0.5, 0.5)",20,0.2286301541169164,1.0
[5],0.15,0.01,0.002,0.1,0.8,relu,adam,0.01,32,xavier,"(-0.5, 0.5)",20,0.113366611937052,1.0
[5],0.15,0.01,0.002,0.1,0.8,relu,adam,0.01,32,he,"(-0.5, 0.5)",20,0.40678566950018946,0.88
[5],0.15,0.01,0.002,0.1,0.9,tanh,sgd,0.0,32,xavier,"(-0.5, 0.5)",20,0.06631545221270858,1.0
[5],0.15,0.01,0.002,0.1,0.9,tanh,sgd,0.0,32,he,"(-0.5, 0.5)",20,0.11532856838792482,1.0
[5],0.15,0.01,0.002,0.1,0.9,tanh,sgd,0.01,32,xavier,"(-0.5, 0.5)",20,0.2151086575162309,0.96
[5],0.15,0.01,0.002,0.1,0.9,tanh,sgd,0.01,32,he,"(-0.5, 0.5)",20,0.06850046906187561,1.0
[5],0.15,0.01,0.002,0.1,0.9,tanh,adam,0.0,32,xavier,"(-0.5, 0.5)",20,0.08927182902135311,1.0
[5],0.15,0.01,0.002,0.1,0.9,tanh,adam,0.0,32,he,"(-0.5, 0.5)",20,0.1028203171150926,1.0
[5],0.15,0.01,0.002,0.1,0.9,tanh,adam,0.01,32,xavier,"(-0.5, 0.5)",20,0.09711092352051431,1.0
[5],0.15,0.01,0.002,0.1,0.9,tanh,adam,0.01,32,he,"(-0.5, 0.5)",20,0.07653263925549224,1.0
[5],0.15,0.01,0.002,0.1,0.9,relu,sgd,0.0,32,xavier,"(-0.5, 0.5)",20,0.1290189418562828,1.0
[5],0.15,0.01,0.002,0.1,0.9,relu,sgd,0.0,32,he,"(-0.5, 0.5)",20,0.1154646833090433,1.0
[5],0.15,0.01,0.002,0.1,0.9,relu,sgd,0.01,32,xavier,"(-0.5, 0.5)",20,0.14593295058939515,1.0
[5],0.15,0.01,0.002,0.1,0.9,relu,sgd,0.01,32,he,"(-0.5, 0.5)",20,0.13926245540158366,1.0
[5],0.15,0.01,0.002,0.1,0.9,relu,adam,0.0,32,xavier,"(-0.5, 0.5)",20,0.19653887726605362,0.92
[5],0.15,0.01,0.002,0.1,0.9,relu,adam,0.0,32,he,"(-0.5, 0.5)",20,0.16179560975657917,1.0
[5],0.15,0.01,0.002,0.1,0.9,relu,adam,0.01,32,xavier,"(-0.5, 0.5)",20,0.339638583229152,0.92
[5],0.15,0.01,0.002,0.1,0.9,relu,adam,0.01,32,he,"(-0.5, 0.5)",20,0.2738729786968053,0.96
[5],0.15,0.01,0.002,0.2,0.8,tanh,sgd,0.0,32,xavier,"(-0.5, 0.5)",20,0.22191228212629113,0.96
[5],0.15,0.01,0.002,0.2,0.8,tanh,sgd,0.0,32,he,"(-0.5, 0.5)",20,0.12093160186571907,0.96
[5],0.15,0.01,0.002,0.2,0.8,tanh,sgd,0.01,32,xavier,"(-0.5, 0.5)",20,0.20983287372199447,0.96
[5],0.15,0.01,0.002,0.2,0.8,tanh,sgd,0.01,32,he,"(-0.5, 0.5)",20,0.19875321728129558,0.96
[5],0.15,0.01,0.002,0.2,0.8,tanh,adam,0.0,32,xavier,"(-0.5, 0.5)",20,0.11225977667754306,1.0
[5],0.15,0.01,0.002,0.2,0.8,tanh,adam,0.0,32,he,"(-0.5, 0.5)",20,0.10602972871809642,1.0
[5],0.15,0.01,0.002,0.2,0.8,tanh,adam,0.01,32,xavier,"(-0.5, 0.5)",20,0.15821023987881097,1.0
[5],0.15,0.01,0.002,0.2,0.8,tanh,adam,0.01,32,he,"(-0.5, 0.5)",20,0.08667502131481229,1.0
[5],0.15,0.01,0.002,0.2,0.8,relu,sgd,0.0,32,xavier,"(-0.5, 0.5)",20,0.35910720117765293,0.84
[5],0.15,0.01,0.002,0.2,0.8,relu,sgd,0.0,32,he,"(-0.5, 0.5)",20,0.27380018224655356,0.92
[5],0.15,0.01,0.002,0.2,0.8,relu,sgd,0.01,32,xavier,"(-0.5, 0.5)",20,0.2390024899783636,0.96
[5],0.15,0.01,0.002,0.2,0.8,relu,sgd,0.01,32,he,"(-0.5, 0.5)",20,0.35662870702993543,0.88
[5],0.15,0.01,0.002,0.2,0.8,relu,adam,0.0,32,xavier,"(-0.5, 0.5)",20,0.4903170531538858,0.84
[5],0.15,0.01,0.002,0.2,0.8,relu,adam,0.0,32,he,"(-0.5, 0.5)",20,0.16739796570792184,1.0
[5],0.15,0.01,0.002,0.2,0.8,relu,adam,0.01,32,xavier,"(-0.5, 0.5)",20,0.39478776080909495,0.84
[5],0.15,0.01,0.002,0.2,0.8,relu,adam,0.01,32,he,"(-0.5, 0.5)",20,0.2623081761343397,1.0
[5],0.15,0.01,0.002,0.2,0.9,tanh,sgd,0.0,32,xavier,"(-0.5, 0.5)",20,0.4776758234456289,0.84
[5],0.15,0.01,0.002,0.2,0.9,tanh,sgd,0.0,32,he,"(-0.5, 0.5)",20,0.08555135023458549,1.0
[5],0.15,0.01,0.002,0.2,0.9,tanh,sgd,0.01,32,xavier,"(-0.5, 0.5)",20,0.11454455214909899,1.0
[5],0.15,0.01,0.002,0.2,0.9,tanh,sgd,0.01,32,he,"(-0.5, 0.5)",20,0.28439358774480783,0.92
[5],0.15,0.01,0.002,0.2,0.9,tanh,adam,0.0,32,xavier,"(-0.5, 0.5)",20,0.19384662298419278,0.92
[5],0.15,0.01,0.002,0.2,0.9,tanh,adam,0.0,32,he,"(-0.5, 0.5)",20,0.10967692644473502,1.0
[5],0.15,0.01,0.002,0.2,0.9,tanh,adam,0.01,32,xavier,"(-0.5, 0.5)",20,0.2890668533609843,0.92
[5],0.15,0.01,0.002,0.2,0.9,tanh,adam,0.01,32,he,"(-0.5, 0.5)",20,0.14129339793275292,1.0
[5],0.15,0.01,0.002,0.2,0.9,relu,sgd,0.0,32,xavier,"(-0.5, 0.5)",20,0.16226112889911903,1.0
[5],0.15,0.01,0.002,0.2,0.9,relu,sgd,0.0,32,he,"(-0.5, 0.5)",20,0.4423939837851084,0.8
[5],0.15,0.01,0.002,0.2,0.9,relu,sgd,0.01,32,xavier,"(-0.5, 0.5)",20,0.36351179443916803,0.88
[5],0.15,0.01,0.002,0.2,0.9,relu,sgd,0.01,32,he,"(-0.5, 0.5)",20,0.13873140135321374,1.0
[5],0.15,0.01,0.002,0.2,0.9,relu,adam,0.0,32,xavier,"(-0.5, 0.5)",20,0.49500024864011494,0.84
[5],0.15,0.01,0.002,0.2,0.9,relu,adam,0.0,32,he,"(-0.5, 0.5)",20,0.28180588373159704,0.92
[5],0.15,0.01,0.002,0.2,0.9,relu,adam,0.01,32,xavier,"(-0.5, 0.5)",20,0.2341004356217004,1.0
[5],0.15,0.01,0.002,0.2,0.9,relu,adam,0.01,32,he,"(-0.5, 0.5)",20,0.1423593313706287,1.0
[3],0.12999999999999998,0.0,0.004,0.0,0.8999999999999999,tanh,adam,0.02,8,range,"(-0.5, 0.5)",20,0.04614386734046169,0.96
[4],0.12999999999999998,0.0,0.004,0.0,0.8999999999999999,tanh,adam,0.02,8,range,"(-0.5, 0.5)",20,0.010735761265688072,1.0
[5],0.12999999999999998,0.0,0.004,0.0,0.8999999999999999,tanh,adam,0.02,8,range,"(-0.5, 0.5)",20,0.012442372308656545,1.0
