n_hidden,learning_rate,reg_lambda,l1_lambda,dropout_rate,momentum,activation,optimizer,lr_decay,batch_size,weight_init,init_range,patience,val_loss,val_accuracy,trial_number
[3],0.01,0.008,0.002,0.05,0.2,sigmoid,sgd,0.04,64,gaussian,"(-0.1, 0.1)",15,0.12594665912122935,0.4411764705882353,1
[4],0.06999999999999999,0.016,0.008,0.0,0.8,sigmoid,adam,0.01,64,range,"(-0.5, 0.5)",15,0.12925857161122944,0.6764705882352942,2
[4],0.12999999999999998,0.01,0.004,0.05,0.30000000000000004,tanh,sgd,0.0,64,gaussian,"(-0.5, 0.5)",20,0.15119522985065914,0.4411764705882353,3
[5],0.01,0.014,0.008,0.0,0.6000000000000001,sigmoid,adam,0.04,32,range,"(-0.1, 0.1)",30,0.1312771836033047,0.4411764705882353,4
[3],0.01,0.006,0.004,0.0,0.30000000000000004,sigmoid,adam,0.02,64,he,"(-0.1, 0.1)",20,0.12897502870348748,0.4411764705882353,5
[5],0.06999999999999999,0.008,0.0,0.2,0.2,sigmoid,sgd,0.03,64,he,"(-0.7, 0.7)",30,0.13147472919990585,0.4411764705882353,6
[4],0.10999999999999997,0.0,0.002,0.0,0.5,tanh,adam,0.0,16,range,"(-0.7, 0.7)",20,0.003603085707273734,1.0,7
[4],0.15,0.012,0.006,0.05,0.4,sigmoid,sgd,0.04,32,range,"(-0.5, 0.5)",30,0.1408997747942333,0.4411764705882353,8
[6],0.10999999999999997,0.006,0.002,0.2,0.7000000000000001,sigmoid,sgd,0.0,16,xavier,"(-0.7, 0.7)",20,0.14326910158953984,0.4411764705882353,9
[3],0.12999999999999998,0.012,0.008,0.15000000000000002,0.8,tanh,sgd,0.0,32,he,"(-0.1, 0.1)",20,0.13071326317269233,0.5294117647058824,10
[6],0.049999999999999996,0.014,0.0,0.25,0.4,sigmoid,sgd,0.02,16,xavier,"(-0.5, 0.5)",15,0.13247579471948695,0.4411764705882353,11
[3],0.18999999999999997,0.01,0.006,0.0,0.1,tanh,adam,0.01,8,xavier,"(-0.7, 0.7)",15,0.04057715247547035,1.0,12
[3],0.15,0.002,0.008,0.05,0.2,tanh,sgd,0.02,64,xavier,"(-0.7, 0.7)",30,0.127441567399043,0.5294117647058824,13
[4],0.08999999999999998,0.012,0.004,0.15000000000000002,0.8,tanh,sgd,0.01,16,gaussian,"(-0.5, 0.5)",15,0.14358928924712347,0.4411764705882353,14
[4],0.18999999999999997,0.006,0.0,0.0,0.0,sigmoid,sgd,0.0,32,gaussian,"(-0.7, 0.7)",15,0.13429387703965304,0.4411764705882353,15
[5],0.15,0.006,0.008,0.05,0.7000000000000001,sigmoid,adam,0.03,16,gaussian,"(-0.1, 0.1)",30,0.07763046451164253,1.0,16
[6],0.10999999999999997,0.012,0.006,0.15000000000000002,0.0,sigmoid,sgd,0.03,32,gaussian,"(-0.1, 0.1)",15,0.13060138240933175,0.4411764705882353,17
[4],0.16999999999999998,0.014,0.002,0.15000000000000002,0.2,tanh,adam,0.01,8,glorot,"(-0.7, 0.7)",15,0.0398227314122018,1.0,18
[3],0.16999999999999998,0.0,0.0,0.05,0.2,tanh,adam,0.03,16,glorot,"(-0.1, 0.1)",15,0.11387099057105114,0.7058823529411765,19
[6],0.01,0.012,0.004,0.15000000000000002,0.4,tanh,adam,0.01,16,he,"(-0.1, 0.1)",15,0.10007687217158623,0.6470588235294118,20
[3],0.10999999999999997,0.0,0.0,0.2,0.7000000000000001,sigmoid,sgd,0.04,8,xavier,"(-0.1, 0.1)",30,0.14289504795864905,0.4411764705882353,21
[3],0.06999999999999999,0.012,0.0,0.2,0.30000000000000004,sigmoid,sgd,0.03,32,he,"(-0.1, 0.1)",30,0.1294299624090771,0.4411764705882353,22
[5],0.06999999999999999,0.008,0.006,0.05,0.4,tanh,adam,0.0,8,glorot,"(-0.7, 0.7)",30,0.04185849435539245,1.0,23
[3],0.03,0.016,0.002,0.2,0.4,sigmoid,adam,0.0,16,he,"(-0.5, 0.5)",15,0.1410933048986352,0.4411764705882353,24
[6],0.16999999999999998,0.008,0.008,0.25,0.8,sigmoid,adam,0.0,16,he,"(-0.1, 0.1)",15,0.11011223148769222,1.0,25
[4],0.08999999999999998,0.008,0.008,0.05,0.5,sigmoid,adam,0.04,64,he,"(-0.1, 0.1)",15,0.11442449560273221,0.6470588235294118,26
[6],0.08999999999999998,0.0,0.0,0.1,0.2,tanh,sgd,0.03,64,range,"(-0.1, 0.1)",15,0.12547042496320798,0.4411764705882353,27
[3],0.049999999999999996,0.016,0.0,0.1,0.8,sigmoid,adam,0.01,8,he,"(-0.5, 0.5)",15,0.08047603531640761,1.0,28
[5],0.06999999999999999,0.006,0.0,0.1,0.8,tanh,sgd,0.01,16,xavier,"(-0.5, 0.5)",15,0.1301657553852842,0.4411764705882353,29
[4],0.10999999999999997,0.012,0.002,0.1,0.2,sigmoid,adam,0.0,64,xavier,"(-0.1, 0.1)",20,0.1240985335555349,0.6470588235294118,30
[5],0.08999999999999998,0.006,0.002,0.0,0.30000000000000004,tanh,adam,0.02,8,he,"(-0.5, 0.5)",30,0.025545456533528087,1.0,31
[6],0.16999999999999998,0.01,0.0,0.0,0.4,sigmoid,adam,0.0,8,range,"(-0.5, 0.5)",20,0.06205637208851608,1.0,32
[5],0.12999999999999998,0.018000000000000002,0.008,0.0,0.6000000000000001,sigmoid,adam,0.0,64,gaussian,"(-0.7, 0.7)",30,0.12690289753151943,1.0,33
[4],0.10999999999999997,0.012,0.0,0.25,0.5,tanh,sgd,0.02,32,glorot,"(-0.5, 0.5)",20,0.13606549258450545,0.5,34
[5],0.16999999999999998,0.004,0.002,0.15000000000000002,0.6000000000000001,sigmoid,adam,0.03,8,he,"(-0.5, 0.5)",15,0.04920998923664734,1.0,35
[6],0.18999999999999997,0.018000000000000002,0.004,0.15000000000000002,0.7000000000000001,tanh,sgd,0.04,64,xavier,"(-0.7, 0.7)",15,0.13602356732183662,0.47058823529411764,36
[5],0.16999999999999998,0.018000000000000002,0.004,0.0,0.30000000000000004,tanh,sgd,0.01,16,gaussian,"(-0.1, 0.1)",15,0.13867110493041962,0.4411764705882353,37
[6],0.18999999999999997,0.002,0.006,0.15000000000000002,0.30000000000000004,tanh,adam,0.03,16,xavier,"(-0.7, 0.7)",30,0.030487703832986046,1.0,38
[3],0.03,0.012,0.002,0.05,0.8,tanh,sgd,0.04,16,gaussian,"(-0.5, 0.5)",15,0.15074437364622165,0.4411764705882353,39
[6],0.16999999999999998,0.016,0.008,0.1,0.7000000000000001,tanh,adam,0.01,64,glorot,"(-0.5, 0.5)",15,0.13075129722886758,0.6470588235294118,40
[5],0.16999999999999998,0.014,0.002,0.1,0.7000000000000001,sigmoid,adam,0.01,32,he,"(-0.5, 0.5)",30,0.12655528359432117,1.0,41
[3],0.049999999999999996,0.004,0.002,0.15000000000000002,0.2,sigmoid,sgd,0.03,64,he,"(-0.7, 0.7)",20,0.12778167612556726,0.4411764705882353,42
[6],0.01,0.006,0.006,0.15000000000000002,0.0,tanh,adam,0.0,32,he,"(-0.5, 0.5)",20,0.11878365966500033,0.6176470588235294,43
[4],0.15,0.006,0.004,0.15000000000000002,0.7000000000000001,sigmoid,adam,0.02,64,xavier,"(-0.5, 0.5)",15,0.12978822681693447,0.5,44
[3],0.12999999999999998,0.018000000000000002,0.008,0.25,0.0,sigmoid,adam,0.01,64,xavier,"(-0.1, 0.1)",20,0.13745542989356782,0.7941176470588235,45
[6],0.10999999999999997,0.006,0.006,0.1,0.5,tanh,adam,0.03,32,gaussian,"(-0.5, 0.5)",15,0.05732444299819574,0.9705882352941176,46
[3],0.10999999999999997,0.006,0.0,0.25,0.0,sigmoid,sgd,0.01,8,range,"(-0.1, 0.1)",15,0.13330832998510406,0.4411764705882353,47
[4],0.15,0.002,0.008,0.05,0.7000000000000001,tanh,adam,0.01,8,xavier,"(-0.5, 0.5)",15,0.06541236962394975,0.9117647058823529,48
[3],0.08999999999999998,0.018000000000000002,0.006,0.15000000000000002,0.30000000000000004,sigmoid,sgd,0.0,32,range,"(-0.1, 0.1)",30,0.12805103793169556,0.4411764705882353,49
[3],0.10999999999999997,0.016,0.006,0.25,0.5,sigmoid,adam,0.0,64,glorot,"(-0.1, 0.1)",20,0.14254817905712777,0.6470588235294118,50
[5],0.15,0.004,0.006,0.05,0.8,tanh,adam,0.03,64,range,"(-0.5, 0.5)",20,0.0870476088688779,0.8529411764705882,51
[4],0.03,0.008,0.006,0.05,0.7000000000000001,tanh,adam,0.0,64,he,"(-0.1, 0.1)",20,0.09575173672517225,0.7352941176470589,52
[4],0.10999999999999997,0.008,0.004,0.1,0.4,sigmoid,sgd,0.0,16,glorot,"(-0.5, 0.5)",30,0.14964286092827483,0.4411764705882353,53
[4],0.15,0.014,0.006,0.0,0.1,tanh,sgd,0.03,16,he,"(-0.7, 0.7)",30,0.1384097989822665,0.5,54
[5],0.15,0.016,0.008,0.1,0.6000000000000001,tanh,adam,0.03,32,he,"(-0.5, 0.5)",15,0.09721971356333274,0.9411764705882353,55
[3],0.06999999999999999,0.01,0.0,0.25,0.8,sigmoid,sgd,0.01,64,he,"(-0.7, 0.7)",30,0.1288709049358343,0.4411764705882353,56
[5],0.03,0.006,0.004,0.05,0.5,sigmoid,adam,0.0,16,he,"(-0.1, 0.1)",15,0.05398243170019376,1.0,57
[5],0.049999999999999996,0.014,0.0,0.0,0.4,tanh,adam,0.03,32,xavier,"(-0.1, 0.1)",20,0.04712509076654518,1.0,58
[6],0.03,0.002,0.006,0.15000000000000002,0.1,sigmoid,sgd,0.01,32,gaussian,"(-0.1, 0.1)",15,0.12855210245926216,0.4411764705882353,59
[6],0.18999999999999997,0.018000000000000002,0.008,0.05,0.8,tanh,adam,0.03,32,range,"(-0.5, 0.5)",20,0.07464386779366278,1.0,60
[3],0.18999999999999997,0.002,0.002,0.25,0.30000000000000004,tanh,sgd,0.01,16,xavier,"(-0.7, 0.7)",15,0.13172358423130606,0.4411764705882353,61
[4],0.01,0.012,0.006,0.25,0.7000000000000001,tanh,sgd,0.01,32,he,"(-0.7, 0.7)",20,0.14952216798826884,0.4117647058823529,62
[3],0.06999999999999999,0.008,0.008,0.25,0.30000000000000004,tanh,sgd,0.04,16,xavier,"(-0.5, 0.5)",15,0.12824233539767438,0.47058823529411764,63
[3],0.01,0.004,0.004,0.2,0.4,tanh,sgd,0.03,32,glorot,"(-0.5, 0.5)",30,0.12559718962674432,0.5588235294117647,64
[6],0.15,0.002,0.008,0.0,0.6000000000000001,tanh,adam,0.0,8,xavier,"(-0.7, 0.7)",30,0.08781261290493353,0.8529411764705882,65
[3],0.08999999999999998,0.018000000000000002,0.0,0.05,0.7000000000000001,tanh,adam,0.01,64,glorot,"(-0.1, 0.1)",20,0.09691047816174841,0.6764705882352942,66
[5],0.12999999999999998,0.01,0.004,0.25,0.1,sigmoid,adam,0.03,64,he,"(-0.7, 0.7)",20,0.10581767618810942,0.9705882352941176,67
[3],0.15,0.002,0.004,0.1,0.5,sigmoid,adam,0.04,8,range,"(-0.5, 0.5)",20,0.03199494205986988,1.0,68
[3],0.06999999999999999,0.016,0.004,0.2,0.7000000000000001,tanh,sgd,0.01,32,range,"(-0.1, 0.1)",20,0.12628633828874425,0.4411764705882353,69
[6],0.15,0.002,0.0,0.25,0.30000000000000004,sigmoid,adam,0.04,8,range,"(-0.5, 0.5)",15,0.04021328697322065,1.0,70
[4],0.03,0.014,0.0,0.25,0.2,tanh,adam,0.04,32,glorot,"(-0.5, 0.5)",20,0.10584294489809905,0.6470588235294118,71
[4],0.15,0.016,0.002,0.15000000000000002,0.30000000000000004,sigmoid,sgd,0.02,64,he,"(-0.7, 0.7)",20,0.14597271409982812,0.4411764705882353,72
[3],0.08999999999999998,0.008,0.008,0.2,0.7000000000000001,sigmoid,adam,0.04,64,he,"(-0.5, 0.5)",30,0.12524606968660307,0.4411764705882353,73
[6],0.15,0.01,0.002,0.25,0.30000000000000004,tanh,sgd,0.03,8,he,"(-0.7, 0.7)",20,0.09476083363243677,0.6470588235294118,74
[6],0.12999999999999998,0.004,0.006,0.0,0.2,tanh,sgd,0.03,8,range,"(-0.5, 0.5)",15,0.1103871059664091,0.6176470588235294,75
[4],0.12999999999999998,0.004,0.0,0.15000000000000002,0.4,tanh,adam,0.0,32,range,"(-0.5, 0.5)",20,0.025855919297745302,1.0,76
[6],0.16999999999999998,0.0,0.008,0.0,0.30000000000000004,tanh,sgd,0.0,64,gaussian,"(-0.7, 0.7)",30,0.17812058702019237,0.4411764705882353,77
[3],0.15,0.004,0.004,0.0,0.0,tanh,sgd,0.02,32,he,"(-0.5, 0.5)",15,0.12937295242912555,0.5588235294117647,78
[4],0.16999999999999998,0.012,0.008,0.25,0.2,sigmoid,sgd,0.0,64,range,"(-0.7, 0.7)",15,0.14453194027596217,0.4411764705882353,79
[6],0.18999999999999997,0.004,0.002,0.15000000000000002,0.4,tanh,adam,0.0,64,he,"(-0.7, 0.7)",30,0.06171691165501277,0.9117647058823529,80
[4],0.03,0.014,0.004,0.2,0.4,tanh,adam,0.03,32,xavier,"(-0.5, 0.5)",20,0.13892346022005886,0.4411764705882353,81
[3],0.06999999999999999,0.012,0.008,0.1,0.4,tanh,sgd,0.03,32,gaussian,"(-0.7, 0.7)",30,0.15943505185228266,0.4411764705882353,82
[3],0.18999999999999997,0.014,0.004,0.05,0.5,sigmoid,sgd,0.04,32,xavier,"(-0.7, 0.7)",15,0.13452331354473998,0.4411764705882353,83
[3],0.08999999999999998,0.014,0.0,0.2,0.5,sigmoid,sgd,0.02,32,glorot,"(-0.1, 0.1)",15,0.12762011179978627,0.5294117647058824,84
[4],0.16999999999999998,0.01,0.008,0.2,0.4,sigmoid,adam,0.03,32,he,"(-0.1, 0.1)",20,0.1118284023949579,1.0,85
[3],0.049999999999999996,0.006,0.006,0.2,0.5,sigmoid,adam,0.0,32,range,"(-0.1, 0.1)",20,0.1238759631445732,0.5588235294117647,86
[5],0.08999999999999998,0.018000000000000002,0.006,0.25,0.5,sigmoid,sgd,0.03,8,range,"(-0.7, 0.7)",20,0.15164195185122362,0.4411764705882353,87
[4],0.03,0.014,0.004,0.25,0.6000000000000001,sigmoid,sgd,0.0,8,he,"(-0.5, 0.5)",15,0.14571009774123161,0.4411764705882353,88
[3],0.06999999999999999,0.016,0.002,0.15000000000000002,0.7000000000000001,tanh,adam,0.04,16,glorot,"(-0.7, 0.7)",15,0.10828053651128715,0.6764705882352942,89
[6],0.18999999999999997,0.012,0.004,0.0,0.5,sigmoid,adam,0.03,16,he,"(-0.1, 0.1)",30,0.08401234588219095,1.0,90
[5],0.16999999999999998,0.01,0.0,0.15000000000000002,0.4,sigmoid,sgd,0.03,8,xavier,"(-0.7, 0.7)",30,0.14692649593414023,0.4411764705882353,91
[3],0.01,0.01,0.002,0.05,0.30000000000000004,sigmoid,sgd,0.04,16,xavier,"(-0.5, 0.5)",15,0.12700496071845552,0.4411764705882353,92
[3],0.08999999999999998,0.004,0.002,0.2,0.4,sigmoid,sgd,0.0,16,gaussian,"(-0.5, 0.5)",15,0.13034357797956808,0.4411764705882353,93
[5],0.01,0.004,0.004,0.0,0.2,tanh,sgd,0.0,64,glorot,"(-0.5, 0.5)",30,0.13319467871265656,0.5588235294117647,94
[3],0.15,0.016,0.002,0.2,0.0,tanh,adam,0.0,8,glorot,"(-0.5, 0.5)",20,0.07756094227454342,1.0,95
[3],0.15,0.014,0.0,0.0,0.5,sigmoid,sgd,0.01,32,range,"(-0.7, 0.7)",30,0.12990280725360231,0.4411764705882353,96
[5],0.12999999999999998,0.018000000000000002,0.008,0.1,0.7000000000000001,tanh,sgd,0.0,16,glorot,"(-0.5, 0.5)",15,0.14674643864787013,0.47058823529411764,97
[6],0.10999999999999997,0.014,0.006,0.15000000000000002,0.1,tanh,adam,0.02,32,he,"(-0.1, 0.1)",30,0.08682864934977991,1.0,98
[6],0.03,0.002,0.0,0.0,0.6000000000000001,sigmoid,adam,0.01,8,range,"(-0.7, 0.7)",30,0.018867967924162926,1.0,99
[5],0.03,0.012,0.004,0.25,0.6000000000000001,sigmoid,adam,0.04,32,he,"(-0.1, 0.1)",30,0.15142874625345729,0.4411764705882353,100
[4],0.049999999999999996,0.014,0.002,0.0,0.5,tanh,sgd,0.02,16,glorot,"(-0.7, 0.7)",30,0.09533756820504467,0.7352941176470589,1
[3],0.18999999999999997,0.008,0.0,0.05,0.4,tanh,adam,0.02,8,xavier,"(-0.1, 0.1)",30,0.030705876653519006,1.0,2
[6],0.03,0.004,0.0,0.0,0.8,sigmoid,adam,0.03,64,he,"(-0.1, 0.1)",20,0.10753984672663124,0.6470588235294118,3
[5],0.10999999999999997,0.018000000000000002,0.008,0.0,0.0,sigmoid,sgd,0.04,8,gaussian,"(-0.5, 0.5)",20,0.1250331028479756,0.6764705882352942,4
[6],0.15,0.018000000000000002,0.006,0.15000000000000002,0.4,sigmoid,sgd,0.02,64,gaussian,"(-0.5, 0.5)",30,0.12851713480603702,0.6764705882352942,5
[6],0.16999999999999998,0.008,0.0,0.05,0.6000000000000001,sigmoid,sgd,0.01,32,xavier,"(-0.1, 0.1)",20,0.10846876218137302,0.6764705882352942,6
[5],0.10999999999999997,0.002,0.0,0.15000000000000002,0.6000000000000001,sigmoid,sgd,0.03,16,range,"(-0.7, 0.7)",30,0.10901333524741671,0.6764705882352942,7
[5],0.03,0.012,0.0,0.15000000000000002,0.0,tanh,sgd,0.02,64,range,"(-0.5, 0.5)",30,0.11569569431802015,0.7058823529411765,8
[6],0.08999999999999998,0.002,0.006,0.0,0.5,sigmoid,adam,0.02,8,glorot,"(-0.1, 0.1)",15,0.03188455362364946,1.0,9
[6],0.18999999999999997,0.012,0.008,0.0,0.6000000000000001,tanh,adam,0.01,32,xavier,"(-0.1, 0.1)",30,0.14882279061708684,0.8235294117647058,10
[3],0.16999999999999998,0.016,0.002,0.1,0.5,sigmoid,sgd,0.0,16,he,"(-0.1, 0.1)",15,0.10892682192746134,0.6764705882352942,11
[4],0.03,0.004,0.006,0.15000000000000002,0.7000000000000001,tanh,adam,0.01,64,gaussian,"(-0.5, 0.5)",20,0.07608434962271804,0.7647058823529411,12
[5],0.08999999999999998,0.018000000000000002,0.0,0.1,0.8,sigmoid,adam,0.03,64,gaussian,"(-0.1, 0.1)",20,0.10023413654799515,0.6764705882352942,13
[5],0.03,0.002,0.008,0.2,0.8,tanh,adam,0.04,8,glorot,"(-0.7, 0.7)",30,0.0370062856182601,0.9411764705882353,14
[4],0.10999999999999997,0.018000000000000002,0.006,0.2,0.2,sigmoid,adam,0.0,32,gaussian,"(-0.7, 0.7)",30,0.09367396692792315,1.0,15
[4],0.01,0.006,0.006,0.15000000000000002,0.8,sigmoid,adam,0.02,32,glorot,"(-0.5, 0.5)",20,0.10462178291404144,0.6764705882352942,16
[3],0.10999999999999997,0.002,0.004,0.0,0.8,tanh,adam,0.02,16,he,"(-0.1, 0.1)",30,0.013397624644143919,1.0,17
[4],0.10999999999999997,0.008,0.006,0.05,0.1,tanh,adam,0.02,16,range,"(-0.1, 0.1)",30,0.04044570893538545,1.0,18
[6],0.16999999999999998,0.01,0.0,0.1,0.4,sigmoid,sgd,0.02,64,xavier,"(-0.1, 0.1)",15,0.11019758019400616,0.6764705882352942,19
[4],0.03,0.008,0.0,0.2,0.8,sigmoid,adam,0.04,16,range,"(-0.5, 0.5)",15,0.08092071734352414,0.7941176470588235,20
[4],0.049999999999999996,0.018000000000000002,0.002,0.25,0.7000000000000001,sigmoid,adam,0.02,16,glorot,"(-0.7, 0.7)",20,0.09385470424311193,0.7058823529411765,21
[6],0.06999999999999999,0.016,0.002,0.1,0.7000000000000001,sigmoid,adam,0.04,64,glorot,"(-0.5, 0.5)",20,0.09528198754685735,0.7647058823529411,22
[6],0.049999999999999996,0.006,0.008,0.05,0.4,sigmoid,adam,0.02,8,range,"(-0.1, 0.1)",20,0.057172871071438425,1.0,23
[3],0.049999999999999996,0.008,0.006,0.2,0.2,tanh,sgd,0.01,64,he,"(-0.1, 0.1)",20,0.11335979409437505,0.6764705882352942,24
[3],0.12999999999999998,0.016,0.004,0.05,0.6000000000000001,sigmoid,adam,0.01,8,he,"(-0.1, 0.1)",30,0.08600562427516939,1.0,25
[5],0.049999999999999996,0.004,0.0,0.1,0.7000000000000001,sigmoid,adam,0.03,8,gaussian,"(-0.1, 0.1)",20,0.039639664601769604,1.0,26
[4],0.049999999999999996,0.016,0.008,0.2,0.6000000000000001,sigmoid,adam,0.01,32,gaussian,"(-0.1, 0.1)",15,0.10326860436688794,0.5294117647058824,27
[6],0.18999999999999997,0.014,0.0,0.0,0.7000000000000001,sigmoid,sgd,0.01,32,glorot,"(-0.1, 0.1)",30,0.10853957925237218,0.6470588235294118,28
[5],0.06999999999999999,0.018000000000000002,0.006,0.05,0.1,tanh,sgd,0.04,8,glorot,"(-0.5, 0.5)",15,0.10401041800835056,0.6470588235294118,29
[6],0.10999999999999997,0.008,0.0,0.1,0.1,tanh,sgd,0.0,32,xavier,"(-0.1, 0.1)",20,0.1041698515008395,0.7058823529411765,30
[5],0.049999999999999996,0.014,0.006,0.25,0.2,sigmoid,sgd,0.03,8,he,"(-0.1, 0.1)",15,0.11538225695309548,0.6764705882352942,31
[4],0.01,0.01,0.004,0.2,0.6000000000000001,tanh,adam,0.0,16,he,"(-0.5, 0.5)",15,0.07145286691148044,0.8235294117647058,32
[5],0.08999999999999998,0.002,0.004,0.15000000000000002,0.6000000000000001,tanh,adam,0.02,16,glorot,"(-0.7, 0.7)",20,0.024565756374558746,1.0,33
[5],0.16999999999999998,0.008,0.0,0.25,0.6000000000000001,sigmoid,adam,0.04,16,range,"(-0.5, 0.5)",20,0.0847133717400404,0.9411764705882353,34
[3],0.03,0.01,0.004,0.1,0.7000000000000001,tanh,sgd,0.03,32,glorot,"(-0.1, 0.1)",30,0.11426038181066243,0.6470588235294118,35
[5],0.18999999999999997,0.012,0.004,0.25,0.0,sigmoid,adam,0.02,16,gaussian,"(-0.1, 0.1)",30,0.10592398232482639,1.0,36
[6],0.01,0.004,0.0,0.05,0.5,tanh,adam,0.04,8,range,"(-0.1, 0.1)",30,0.03945590739181377,0.9705882352941176,37
[6],0.10999999999999997,0.01,0.006,0.0,0.2,tanh,adam,0.02,32,xavier,"(-0.1, 0.1)",15,0.04031883333703,1.0,38
[4],0.15,0.016,0.006,0.2,0.1,tanh,adam,0.03,16,range,"(-0.5, 0.5)",30,0.05813330328646375,1.0,39
[6],0.06999999999999999,0.002,0.002,0.0,0.7000000000000001,sigmoid,adam,0.0,32,he,"(-0.7, 0.7)",15,0.024928941260643503,1.0,40
[5],0.08999999999999998,0.004,0.002,0.1,0.8,sigmoid,sgd,0.01,16,xavier,"(-0.5, 0.5)",15,0.10894459132341835,0.6764705882352942,41
[5],0.16999999999999998,0.018000000000000002,0.004,0.15000000000000002,0.8,sigmoid,sgd,0.0,32,glorot,"(-0.7, 0.7)",30,0.10597973450582443,0.6764705882352942,42
[6],0.16999999999999998,0.012,0.006,0.2,0.1,sigmoid,adam,0.0,64,glorot,"(-0.7, 0.7)",30,0.13516006433913558,0.9411764705882353,43
[5],0.049999999999999996,0.016,0.008,0.05,0.2,tanh,sgd,0.0,16,he,"(-0.1, 0.1)",15,0.11225823094092906,0.7058823529411765,44
[5],0.06999999999999999,0.01,0.008,0.1,0.1,tanh,sgd,0.04,32,xavier,"(-0.7, 0.7)",20,0.11424589155382905,0.6764705882352942,45
[3],0.16999999999999998,0.004,0.008,0.2,0.2,sigmoid,adam,0.04,8,gaussian,"(-0.1, 0.1)",15,0.05669049006430725,1.0,46
[5],0.06999999999999999,0.018000000000000002,0.006,0.2,0.0,tanh,adam,0.02,64,xavier,"(-0.7, 0.7)",20,0.0965921269733409,0.8529411764705882,47
[5],0.15,0.002,0.0,0.05,0.7000000000000001,tanh,adam,0.03,16,he,"(-0.7, 0.7)",15,0.021416387412609657,1.0,48
[5],0.10999999999999997,0.01,0.006,0.05,0.5,sigmoid,adam,0.01,64,gaussian,"(-0.5, 0.5)",20,0.06757418438803002,1.0,49
[4],0.049999999999999996,0.002,0.0,0.1,0.6000000000000001,tanh,sgd,0.01,32,range,"(-0.7, 0.7)",20,0.10543973385733939,0.6764705882352942,50
[4],0.049999999999999996,0.014,0.008,0.15000000000000002,0.7000000000000001,tanh,adam,0.0,8,glorot,"(-0.7, 0.7)",20,0.05275698865577802,0.9705882352941176,51
[4],0.06999999999999999,0.018000000000000002,0.004,0.0,0.0,tanh,adam,0.04,64,he,"(-0.7, 0.7)",15,0.03934464852083703,1.0,52
[3],0.12999999999999998,0.004,0.004,0.25,0.5,tanh,adam,0.0,64,gaussian,"(-0.7, 0.7)",30,0.06702731094511674,0.8823529411764706,53
[4],0.10999999999999997,0.016,0.004,0.0,0.6000000000000001,tanh,adam,0.04,8,xavier,"(-0.1, 0.1)",20,0.038372700785706,1.0,54
[5],0.10999999999999997,0.016,0.004,0.05,0.30000000000000004,tanh,sgd,0.0,8,xavier,"(-0.7, 0.7)",20,0.07223089434375207,0.8235294117647058,55
[6],0.16999999999999998,0.014,0.002,0.2,0.8,sigmoid,adam,0.04,32,xavier,"(-0.5, 0.5)",30,0.1032709118824156,0.5588235294117647,56
[5],0.18999999999999997,0.01,0.008,0.2,0.8,tanh,adam,0.03,8,he,"(-0.5, 0.5)",30,0.057422098041374374,0.9705882352941176,57
[3],0.12999999999999998,0.018000000000000002,0.004,0.25,0.0,tanh,adam,0.04,16,gaussian,"(-0.7, 0.7)",20,0.07637002756534493,0.9705882352941176,58
[4],0.16999999999999998,0.018000000000000002,0.006,0.05,0.30000000000000004,sigmoid,sgd,0.01,8,glorot,"(-0.5, 0.5)",20,0.10849261336297109,0.6764705882352942,59
[4],0.12999999999999998,0.006,0.006,0.2,0.7000000000000001,sigmoid,sgd,0.04,16,range,"(-0.5, 0.5)",30,0.11030856337514129,0.6764705882352942,60
[6],0.16999999999999998,0.012,0.004,0.05,0.7000000000000001,tanh,adam,0.02,64,xavier,"(-0.1, 0.1)",20,0.051779474141918094,1.0,61
[5],0.06999999999999999,0.008,0.004,0.25,0.30000000000000004,tanh,adam,0.03,32,range,"(-0.7, 0.7)",20,0.05410172090597335,0.9705882352941176,62
[5],0.03,0.018000000000000002,0.008,0.15000000000000002,0.6000000000000001,tanh,sgd,0.02,8,he,"(-0.7, 0.7)",15,0.10772777472137549,0.7058823529411765,63
[5],0.15,0.008,0.006,0.05,0.30000000000000004,tanh,adam,0.01,8,range,"(-0.7, 0.7)",30,0.03602111118594668,1.0,64
[4],0.06999999999999999,0.0,0.008,0.05,0.30000000000000004,sigmoid,sgd,0.03,32,glorot,"(-0.1, 0.1)",30,0.11308623851233977,0.6764705882352942,65
[4],0.01,0.016,0.002,0.15000000000000002,0.7000000000000001,tanh,sgd,0.02,32,he,"(-0.7, 0.7)",15,0.10927012908063374,0.6470588235294118,66
[3],0.18999999999999997,0.006,0.008,0.25,0.0,sigmoid,adam,0.01,8,glorot,"(-0.5, 0.5)",15,0.06924779731054563,1.0,67
[5],0.01,0.0,0.004,0.2,0.1,tanh,adam,0.03,64,xavier,"(-0.7, 0.7)",20,0.10803656210784494,0.6764705882352942,68
[5],0.06999999999999999,0.002,0.004,0.05,0.7000000000000001,tanh,sgd,0.0,32,he,"(-0.7, 0.7)",30,0.10133805552846899,0.7352941176470589,69
[4],0.049999999999999996,0.018000000000000002,0.006,0.15000000000000002,0.8,tanh,sgd,0.03,8,xavier,"(-0.1, 0.1)",20,0.0745558927747913,0.8235294117647058,70
[5],0.06999999999999999,0.0,0.004,0.15000000000000002,0.30000000000000004,tanh,adam,0.02,32,range,"(-0.7, 0.7)",30,0.010203119464114346,1.0,71
[3],0.08999999999999998,0.01,0.002,0.0,0.1,tanh,adam,0.01,64,range,"(-0.7, 0.7)",20,0.029112271583379506,1.0,72
[3],0.08999999999999998,0.01,0.008,0.05,0.30000000000000004,sigmoid,adam,0.01,64,range,"(-0.5, 0.5)",20,0.07627125330290563,1.0,73
[6],0.16999999999999998,0.006,0.002,0.25,0.1,tanh,adam,0.0,8,gaussian,"(-0.7, 0.7)",30,0.09267086876380491,0.8823529411764706,74
[4],0.18999999999999997,0.016,0.002,0.05,0.5,tanh,sgd,0.01,64,gaussian,"(-0.7, 0.7)",20,0.12729583169474235,0.6764705882352942,75
[3],0.15,0.004,0.008,0.15000000000000002,0.7000000000000001,sigmoid,adam,0.02,8,glorot,"(-0.5, 0.5)",15,0.04948861262234847,1.0,76
[4],0.18999999999999997,0.002,0.0,0.15000000000000002,0.5,sigmoid,sgd,0.0,64,gaussian,"(-0.5, 0.5)",20,0.11312359759756299,0.6764705882352942,77
[4],0.049999999999999996,0.012,0.004,0.15000000000000002,0.7000000000000001,tanh,adam,0.0,16,he,"(-0.1, 0.1)",15,0.04137825769036848,1.0,78
[6],0.16999999999999998,0.004,0.002,0.0,0.0,tanh,adam,0.04,64,range,"(-0.5, 0.5)",15,0.018728925872650567,1.0,79
[4],0.15,0.01,0.002,0.1,0.30000000000000004,sigmoid,sgd,0.03,8,xavier,"(-0.1, 0.1)",15,0.10699093790689329,0.6764705882352942,80
[3],0.18999999999999997,0.0,0.006,0.2,0.0,sigmoid,sgd,0.03,64,xavier,"(-0.7, 0.7)",15,0.11045653644380032,0.6764705882352942,81
[3],0.049999999999999996,0.016,0.004,0.05,0.5,tanh,sgd,0.02,16,range,"(-0.1, 0.1)",20,0.10801719916759243,0.6764705882352942,82
[5],0.08999999999999998,0.0,0.008,0.2,0.2,tanh,adam,0.0,32,glorot,"(-0.7, 0.7)",20,0.07497320395260498,0.7941176470588235,83
[6],0.12999999999999998,0.004,0.004,0.15000000000000002,0.2,tanh,sgd,0.01,32,xavier,"(-0.5, 0.5)",15,0.10467076175347054,0.7058823529411765,84
[6],0.12999999999999998,0.016,0.008,0.05,0.6000000000000001,sigmoid,adam,0.01,32,gaussian,"(-0.5, 0.5)",20,0.08824642771625883,1.0,85
[3],0.16999999999999998,0.006,0.0,0.1,0.6000000000000001,sigmoid,sgd,0.01,16,glorot,"(-0.1, 0.1)",20,0.10796498249907831,0.6764705882352942,86
[5],0.01,0.006,0.002,0.25,0.1,tanh,sgd,0.04,16,glorot,"(-0.1, 0.1)",30,0.11848280179362375,0.6764705882352942,87
[5],0.08999999999999998,0.012,0.006,0.2,0.5,tanh,adam,0.02,64,glorot,"(-0.1, 0.1)",30,0.052563553979536756,1.0,88
[6],0.10999999999999997,0.006,0.004,0.1,0.6000000000000001,sigmoid,sgd,0.01,8,he,"(-0.7, 0.7)",30,0.10854581096678032,0.6764705882352942,89
[6],0.08999999999999998,0.004,0.002,0.1,0.30000000000000004,tanh,sgd,0.03,32,he,"(-0.5, 0.5)",30,0.10628910237598434,0.7058823529411765,90
[6],0.15,0.004,0.004,0.05,0.2,tanh,sgd,0.04,8,range,"(-0.1, 0.1)",15,0.10386744431503597,0.6470588235294118,91
[3],0.01,0.012,0.002,0.25,0.30000000000000004,sigmoid,sgd,0.0,16,range,"(-0.5, 0.5)",20,0.11393701437675703,0.6764705882352942,92
[3],0.18999999999999997,0.018000000000000002,0.006,0.25,0.7000000000000001,sigmoid,sgd,0.04,64,gaussian,"(-0.1, 0.1)",30,0.11114968606408487,0.6764705882352942,93
[5],0.16999999999999998,0.008,0.0,0.2,0.6000000000000001,sigmoid,sgd,0.0,16,xavier,"(-0.1, 0.1)",30,0.10639860211525823,0.6764705882352942,94
[5],0.10999999999999997,0.008,0.006,0.0,0.5,tanh,adam,0.04,16,xavier,"(-0.5, 0.5)",30,0.031212116153950933,1.0,95
[3],0.01,0.002,0.006,0.15000000000000002,0.6000000000000001,tanh,sgd,0.0,16,gaussian,"(-0.5, 0.5)",20,0.11638622909691876,0.6764705882352942,96
[5],0.18999999999999997,0.002,0.008,0.0,0.30000000000000004,sigmoid,adam,0.02,8,gaussian,"(-0.7, 0.7)",20,0.031705038553101084,1.0,97
[3],0.049999999999999996,0.01,0.0,0.05,0.2,tanh,sgd,0.02,16,range,"(-0.1, 0.1)",30,0.1095838626606827,0.6764705882352942,98
[6],0.16999999999999998,0.01,0.006,0.25,0.2,sigmoid,adam,0.0,8,glorot,"(-0.1, 0.1)",15,0.1003735374011731,0.7941176470588235,99
[5],0.18999999999999997,0.018000000000000002,0.008,0.15000000000000002,0.5,sigmoid,adam,0.03,64,xavier,"(-0.5, 0.5)",30,0.1088028915851237,0.6764705882352942,100
[6],0.12999999999999998,0.004,0.008,0.25,0.6000000000000001,sigmoid,adam,0.01,8,gaussian,"(-0.5, 0.5)",15,0.05140777283128731,1.0,1
[6],0.049999999999999996,0.012,0.004,0.1,0.1,sigmoid,sgd,0.02,64,he,"(-0.5, 0.5)",15,0.1115861062855417,0.7058823529411765,2
[4],0.03,0.004,0.006,0.15000000000000002,0.8,tanh,sgd,0.0,8,he,"(-0.7, 0.7)",15,0.05501063253861927,0.8529411764705882,3
[5],0.12999999999999998,0.0,0.004,0.15000000000000002,0.6000000000000001,sigmoid,sgd,0.04,16,glorot,"(-0.1, 0.1)",15,0.10904829890522426,0.7058823529411765,4
[5],0.08999999999999998,0.008,0.006,0.05,0.1,sigmoid,adam,0.02,64,he,"(-0.5, 0.5)",15,0.07311829779032526,1.0,5
[5],0.08999999999999998,0.006,0.006,0.2,0.30000000000000004,tanh,sgd,0.01,32,gaussian,"(-0.5, 0.5)",20,0.11390587200001058,0.7058823529411765,6
[6],0.10999999999999997,0.014,0.004,0.15000000000000002,0.2,tanh,adam,0.04,16,glorot,"(-0.5, 0.5)",15,0.05764487457084309,1.0,7
[6],0.10999999999999997,0.008,0.006,0.2,0.30000000000000004,tanh,adam,0.02,64,he,"(-0.1, 0.1)",30,0.05282297277287504,0.9705882352941176,8
[4],0.18999999999999997,0.016,0.002,0.25,0.8,sigmoid,adam,0.01,64,he,"(-0.7, 0.7)",15,0.09097904148809442,1.0,9
[6],0.15,0.004,0.004,0.05,0.4,sigmoid,adam,0.03,8,glorot,"(-0.7, 0.7)",20,0.04158739226066494,1.0,10
[6],0.16999999999999998,0.016,0.006,0.2,0.0,tanh,sgd,0.0,16,he,"(-0.1, 0.1)",30,0.07922526907395541,0.8529411764705882,11
[3],0.18999999999999997,0.012,0.004,0.15000000000000002,0.1,sigmoid,sgd,0.02,16,range,"(-0.7, 0.7)",30,0.10787976844279917,0.7058823529411765,12
[4],0.15,0.01,0.006,0.15000000000000002,0.8,sigmoid,adam,0.0,64,gaussian,"(-0.5, 0.5)",20,0.06784086932325468,1.0,13
[3],0.03,0.004,0.004,0.1,0.5,tanh,sgd,0.04,64,he,"(-0.5, 0.5)",15,0.11672671108028293,0.7058823529411765,14
[6],0.15,0.01,0.0,0.1,0.0,sigmoid,sgd,0.02,8,xavier,"(-0.7, 0.7)",15,0.10673965687767019,0.7058823529411765,15
[4],0.16999999999999998,0.004,0.004,0.2,0.6000000000000001,tanh,sgd,0.03,16,xavier,"(-0.7, 0.7)",30,0.05895901837008211,0.8529411764705882,16
[6],0.12999999999999998,0.0,0.008,0.05,0.7000000000000001,tanh,adam,0.0,16,xavier,"(-0.5, 0.5)",30,0.016162357798392864,1.0,17
[3],0.18999999999999997,0.002,0.008,0.05,0.5,tanh,sgd,0.03,8,he,"(-0.7, 0.7)",20,0.023163034607914152,0.9705882352941176,18
[5],0.18999999999999997,0.012,0.008,0.15000000000000002,0.1,tanh,adam,0.03,16,he,"(-0.7, 0.7)",30,0.05221625396348885,1.0,19
[3],0.049999999999999996,0.01,0.0,0.05,0.4,sigmoid,sgd,0.02,16,range,"(-0.5, 0.5)",20,0.10690444741005392,0.7058823529411765,20
[4],0.18999999999999997,0.012,0.006,0.05,0.7000000000000001,sigmoid,sgd,0.03,32,xavier,"(-0.1, 0.1)",20,0.10507361216393317,0.6764705882352942,21
[6],0.18999999999999997,0.0,0.004,0.0,0.7000000000000001,sigmoid,sgd,0.03,64,glorot,"(-0.7, 0.7)",20,0.10958248766029503,0.7058823529411765,22
[6],0.15,0.014,0.002,0.0,0.0,sigmoid,adam,0.0,32,xavier,"(-0.7, 0.7)",20,0.09686885652965457,1.0,23
[4],0.15,0.018000000000000002,0.006,0.2,0.8,sigmoid,sgd,0.02,32,range,"(-0.1, 0.1)",30,0.10538200369949875,0.7058823529411765,24
[6],0.16999999999999998,0.006,0.006,0.0,0.30000000000000004,tanh,sgd,0.03,32,he,"(-0.1, 0.1)",20,0.10015712459702547,0.7352941176470589,25
[3],0.06999999999999999,0.006,0.008,0.25,0.5,tanh,sgd,0.04,16,xavier,"(-0.1, 0.1)",15,0.10588135334907767,0.7058823529411765,26
[5],0.16999999999999998,0.008,0.008,0.2,0.2,tanh,adam,0.02,32,range,"(-0.7, 0.7)",15,0.07589519611989257,0.9411764705882353,27
[4],0.12999999999999998,0.0,0.004,0.25,0.2,sigmoid,sgd,0.01,32,xavier,"(-0.7, 0.7)",20,0.10843311530861816,0.7058823529411765,28
[6],0.049999999999999996,0.018000000000000002,0.004,0.25,0.6000000000000001,tanh,adam,0.0,8,glorot,"(-0.7, 0.7)",30,0.06395054208154509,1.0,29
[5],0.10999999999999997,0.014,0.006,0.1,0.0,sigmoid,adam,0.02,8,range,"(-0.5, 0.5)",15,0.08140396201320582,1.0,30
[6],0.06999999999999999,0.014,0.004,0.1,0.4,tanh,sgd,0.04,64,he,"(-0.7, 0.7)",15,0.10769881762445209,0.7647058823529411,31
[3],0.03,0.014,0.0,0.0,0.2,tanh,adam,0.0,64,xavier,"(-0.7, 0.7)",15,0.05916719937226477,0.8823529411764706,32
[5],0.049999999999999996,0.008,0.0,0.25,0.5,tanh,sgd,0.02,16,gaussian,"(-0.5, 0.5)",30,0.11153863642428023,0.7058823529411765,33
[5],0.06999999999999999,0.012,0.0,0.25,0.1,sigmoid,sgd,0.03,8,xavier,"(-0.7, 0.7)",15,0.10886204547978755,0.7058823529411765,34
[6],0.01,0.0,0.004,0.0,0.6000000000000001,sigmoid,adam,0.0,16,glorot,"(-0.1, 0.1)",30,0.09367313137079131,0.7941176470588235,35
[3],0.03,0.01,0.004,0.1,0.2,tanh,sgd,0.01,8,range,"(-0.7, 0.7)",15,0.10815275321735941,0.6764705882352942,36
[4],0.15,0.01,0.002,0.25,0.2,tanh,adam,0.01,8,gaussian,"(-0.1, 0.1)",15,0.06279403881187617,0.8529411764705882,37
[6],0.10999999999999997,0.012,0.004,0.05,0.30000000000000004,tanh,sgd,0.01,32,gaussian,"(-0.7, 0.7)",20,0.12777780239463926,0.7058823529411765,38
[4],0.16999999999999998,0.018000000000000002,0.008,0.05,0.6000000000000001,tanh,sgd,0.01,64,glorot,"(-0.1, 0.1)",15,0.07964913961867974,0.9117647058823529,39
[6],0.18999999999999997,0.002,0.008,0.0,0.5,tanh,sgd,0.03,64,he,"(-0.7, 0.7)",30,0.10389824171967761,0.7647058823529411,40
[4],0.15,0.002,0.0,0.2,0.1,sigmoid,adam,0.01,8,gaussian,"(-0.5, 0.5)",30,0.021289507777190384,1.0,41
[5],0.16999999999999998,0.012,0.006,0.25,0.6000000000000001,sigmoid,sgd,0.02,8,he,"(-0.1, 0.1)",30,0.10931896591365359,0.7058823529411765,42
[4],0.049999999999999996,0.016,0.004,0.15000000000000002,0.1,tanh,adam,0.01,8,xavier,"(-0.1, 0.1)",20,0.044809877992050266,1.0,43
[3],0.15,0.018000000000000002,0.008,0.0,0.4,sigmoid,sgd,0.0,16,gaussian,"(-0.1, 0.1)",20,0.108514018091146,0.7058823529411765,44
[5],0.16999999999999998,0.016,0.004,0.05,0.5,sigmoid,adam,0.0,8,he,"(-0.5, 0.5)",20,0.08997317214943701,1.0,45
[3],0.08999999999999998,0.018000000000000002,0.0,0.15000000000000002,0.7000000000000001,tanh,sgd,0.03,16,he,"(-0.1, 0.1)",20,0.10224145660764423,0.6470588235294118,46
[3],0.18999999999999997,0.002,0.002,0.25,0.8,sigmoid,sgd,0.0,16,gaussian,"(-0.5, 0.5)",20,0.0984323467622803,0.6764705882352942,47
[6],0.049999999999999996,0.004,0.0,0.2,0.6000000000000001,sigmoid,adam,0.01,64,he,"(-0.5, 0.5)",15,0.06156771293902076,0.9117647058823529,48
[5],0.03,0.016,0.0,0.05,0.30000000000000004,sigmoid,adam,0.0,64,he,"(-0.5, 0.5)",20,0.08742443348738463,0.8823529411764706,49
[3],0.16999999999999998,0.014,0.0,0.1,0.30000000000000004,tanh,adam,0.04,16,glorot,"(-0.5, 0.5)",30,0.07673586168854533,0.8529411764705882,50
[6],0.06999999999999999,0.016,0.002,0.05,0.0,tanh,sgd,0.01,32,gaussian,"(-0.5, 0.5)",15,0.11883287850943158,0.7058823529411765,51
[6],0.08999999999999998,0.002,0.002,0.2,0.30000000000000004,tanh,adam,0.0,16,he,"(-0.1, 0.1)",15,0.01684175716753161,1.0,52
[4],0.16999999999999998,0.012,0.004,0.15000000000000002,0.1,sigmoid,sgd,0.03,8,range,"(-0.7, 0.7)",15,0.11031689829828932,0.7058823529411765,53
[6],0.049999999999999996,0.006,0.004,0.1,0.5,tanh,adam,0.02,64,he,"(-0.1, 0.1)",15,0.04678792157814885,0.9411764705882353,54
[4],0.049999999999999996,0.018000000000000002,0.0,0.05,0.1,sigmoid,adam,0.03,32,glorot,"(-0.1, 0.1)",30,0.07721493645009406,1.0,55
[5],0.06999999999999999,0.014,0.004,0.15000000000000002,0.4,sigmoid,sgd,0.01,32,range,"(-0.1, 0.1)",15,0.10892049811693776,0.7058823529411765,56
[5],0.049999999999999996,0.002,0.002,0.1,0.6000000000000001,sigmoid,adam,0.02,16,gaussian,"(-0.5, 0.5)",20,0.021047637276165005,1.0,57
[4],0.03,0.014,0.0,0.05,0.1,sigmoid,sgd,0.01,16,xavier,"(-0.5, 0.5)",20,0.11104773126311593,0.7058823529411765,58
[3],0.18999999999999997,0.018000000000000002,0.004,0.0,0.0,sigmoid,sgd,0.03,16,gaussian,"(-0.5, 0.5)",15,0.11723268527921096,0.7058823529411765,59
[3],0.15,0.0,0.002,0.2,0.6000000000000001,tanh,adam,0.0,64,glorot,"(-0.1, 0.1)",20,0.040341443065736185,0.9411764705882353,60
[4],0.049999999999999996,0.008,0.004,0.15000000000000002,0.2,sigmoid,sgd,0.02,64,glorot,"(-0.7, 0.7)",20,0.11366274043720483,0.7058823529411765,61
[3],0.03,0.008,0.006,0.05,0.6000000000000001,sigmoid,sgd,0.04,8,glorot,"(-0.7, 0.7)",20,0.10738309215827115,0.7058823529411765,62
[6],0.16999999999999998,0.014,0.004,0.2,0.8,tanh,adam,0.02,16,gaussian,"(-0.5, 0.5)",30,0.08291499180483825,0.9705882352941176,63
[4],0.01,0.008,0.0,0.15000000000000002,0.8,tanh,sgd,0.01,8,xavier,"(-0.7, 0.7)",15,0.10014055936829397,0.7352941176470589,64
[5],0.16999999999999998,0.0,0.002,0.2,0.6000000000000001,tanh,sgd,0.01,16,range,"(-0.5, 0.5)",30,0.06787186577435703,0.8529411764705882,65
[5],0.18999999999999997,0.0,0.004,0.2,0.2,sigmoid,adam,0.04,32,xavier,"(-0.5, 0.5)",15,0.022971562930084184,1.0,66
[3],0.01,0.006,0.008,0.05,0.0,tanh,sgd,0.02,16,xavier,"(-0.5, 0.5)",30,0.11672803336052853,0.7058823529411765,67
[4],0.10999999999999997,0.0,0.0,0.05,0.2,sigmoid,adam,0.0,32,glorot,"(-0.7, 0.7)",15,0.0011199726735783176,1.0,68
[5],0.08999999999999998,0.01,0.002,0.05,0.6000000000000001,tanh,adam,0.01,32,xavier,"(-0.7, 0.7)",30,0.051814548512957824,0.9705882352941176,69
[4],0.12999999999999998,0.008,0.004,0.05,0.2,sigmoid,adam,0.04,8,xavier,"(-0.7, 0.7)",20,0.05396774982481573,1.0,70
[4],0.18999999999999997,0.002,0.006,0.05,0.5,sigmoid,sgd,0.02,32,xavier,"(-0.7, 0.7)",15,0.1064915066761056,0.6764705882352942,71
[5],0.15,0.0,0.004,0.05,0.30000000000000004,sigmoid,adam,0.02,8,gaussian,"(-0.1, 0.1)",20,0.017988683976234727,1.0,72
[6],0.12999999999999998,0.004,0.006,0.15000000000000002,0.6000000000000001,tanh,adam,0.0,64,range,"(-0.7, 0.7)",30,0.04971298026050769,0.9705882352941176,73
[4],0.049999999999999996,0.014,0.0,0.0,0.4,sigmoid,adam,0.02,8,gaussian,"(-0.5, 0.5)",15,0.05866270734438915,1.0,74
[6],0.049999999999999996,0.002,0.008,0.0,0.5,tanh,sgd,0.03,16,range,"(-0.5, 0.5)",15,0.11093781044935068,0.6764705882352942,75
[3],0.03,0.01,0.002,0.05,0.6000000000000001,tanh,adam,0.02,16,gaussian,"(-0.1, 0.1)",20,0.049733340991557025,0.9411764705882353,76
[6],0.049999999999999996,0.0,0.004,0.0,0.6000000000000001,sigmoid,adam,0.04,64,xavier,"(-0.1, 0.1)",15,0.061762253044441204,0.8823529411764706,77
[4],0.049999999999999996,0.008,0.0,0.15000000000000002,0.1,tanh,adam,0.03,64,he,"(-0.1, 0.1)",30,0.048954101966711766,0.8823529411764706,78
[6],0.049999999999999996,0.01,0.006,0.1,0.2,tanh,sgd,0.02,64,glorot,"(-0.5, 0.5)",15,0.12405108605856824,0.6764705882352942,79
[5],0.18999999999999997,0.0,0.002,0.25,0.1,sigmoid,adam,0.04,64,range,"(-0.1, 0.1)",30,0.01187632143228981,1.0,80
[3],0.12999999999999998,0.016,0.006,0.2,0.7000000000000001,sigmoid,adam,0.02,8,glorot,"(-0.7, 0.7)",15,0.08414322848239973,1.0,81
[4],0.03,0.014,0.002,0.05,0.30000000000000004,sigmoid,sgd,0.0,64,gaussian,"(-0.7, 0.7)",20,0.131601428177443,0.7058823529411765,82
[4],0.049999999999999996,0.018000000000000002,0.004,0.1,0.1,sigmoid,adam,0.04,64,range,"(-0.5, 0.5)",20,0.0906838783081215,0.8529411764705882,83
[6],0.01,0.018000000000000002,0.008,0.2,0.6000000000000001,sigmoid,adam,0.01,16,range,"(-0.7, 0.7)",30,0.11133068609748724,0.6470588235294118,84
[3],0.03,0.018000000000000002,0.0,0.1,0.8,tanh,adam,0.02,64,glorot,"(-0.7, 0.7)",30,0.0668370833938279,0.9117647058823529,85
[6],0.01,0.004,0.004,0.15000000000000002,0.2,tanh,sgd,0.03,32,xavier,"(-0.1, 0.1)",30,0.11386931523351426,0.6470588235294118,86
[6],0.08999999999999998,0.01,0.0,0.1,0.4,tanh,adam,0.03,8,xavier,"(-0.1, 0.1)",20,0.03431510583762464,1.0,87
[6],0.10999999999999997,0.008,0.006,0.2,0.1,sigmoid,adam,0.01,64,glorot,"(-0.7, 0.7)",20,0.08042948330277203,1.0,88
[3],0.16999999999999998,0.004,0.0,0.1,0.8,tanh,sgd,0.04,8,xavier,"(-0.1, 0.1)",15,0.023813912856211233,0.9705882352941176,89
[3],0.06999999999999999,0.0,0.006,0.0,0.5,sigmoid,adam,0.02,64,range,"(-0.5, 0.5)",30,0.02048742549391379,1.0,90
[3],0.01,0.006,0.004,0.15000000000000002,0.7000000000000001,sigmoid,adam,0.04,32,he,"(-0.1, 0.1)",20,0.10551119786596436,0.7058823529411765,91
[3],0.08999999999999998,0.0,0.006,0.0,0.2,sigmoid,sgd,0.01,16,he,"(-0.7, 0.7)",20,0.10914936582038146,0.7058823529411765,92
[3],0.01,0.014,0.002,0.25,0.2,sigmoid,sgd,0.02,32,he,"(-0.5, 0.5)",20,0.11611244991384288,0.7058823529411765,93
[5],0.15,0.008,0.002,0.15000000000000002,0.4,tanh,sgd,0.0,32,range,"(-0.7, 0.7)",30,0.10073213906640367,0.7647058823529411,94
[5],0.08999999999999998,0.002,0.006,0.0,0.5,tanh,adam,0.02,32,he,"(-0.1, 0.1)",15,0.01906227749110326,1.0,95
[4],0.01,0.018000000000000002,0.006,0.25,0.5,sigmoid,sgd,0.03,32,he,"(-0.5, 0.5)",20,0.11671950313483001,0.6764705882352942,96
[6],0.01,0.018000000000000002,0.008,0.05,0.5,sigmoid,adam,0.02,32,xavier,"(-0.7, 0.7)",30,0.10597130857785148,0.7058823529411765,97
[4],0.08999999999999998,0.002,0.006,0.05,0.4,sigmoid,adam,0.0,16,he,"(-0.1, 0.1)",30,0.03936746112506624,1.0,98
[5],0.12999999999999998,0.01,0.004,0.1,0.4,tanh,sgd,0.03,8,range,"(-0.7, 0.7)",30,0.09124451308436406,0.7647058823529411,99
[3],0.15,0.006,0.008,0.0,0.6000000000000001,tanh,adam,0.0,16,xavier,"(-0.1, 0.1)",20,0.13767316552539718,0.7941176470588235,100
[6],0.18999999999999997,0.014,0.002,0.1,0.2,sigmoid,adam,0.02,16,he,"(-0.7, 0.7)",15,0.11492632113093794,0.7058823529411765,1
[3],0.15,0.008,0.002,0.05,0.2,tanh,sgd,0.01,64,glorot,"(-0.5, 0.5)",20,0.11560784931181887,0.6764705882352942,2
[6],0.12999999999999998,0.0,0.0,0.2,0.30000000000000004,tanh,sgd,0.02,16,gaussian,"(-0.7, 0.7)",15,0.10525284137999184,0.7058823529411765,3
[4],0.06999999999999999,0.01,0.004,0.05,0.1,tanh,adam,0.01,8,gaussian,"(-0.5, 0.5)",20,0.07250094295082936,0.9411764705882353,4
[6],0.16999999999999998,0.018000000000000002,0.008,0.1,0.6000000000000001,sigmoid,adam,0.03,32,xavier,"(-0.1, 0.1)",20,0.11908033965148976,0.7058823529411765,5
[3],0.06999999999999999,0.006,0.002,0.05,0.0,sigmoid,sgd,0.02,8,glorot,"(-0.7, 0.7)",20,0.11313194443112055,0.7058823529411765,6
[3],0.18999999999999997,0.0,0.0,0.25,0.0,sigmoid,sgd,0.03,64,glorot,"(-0.1, 0.1)",30,0.11139838977232137,0.7058823529411765,7
[5],0.15,0.004,0.002,0.25,0.0,tanh,adam,0.0,32,range,"(-0.7, 0.7)",30,0.07288201319717393,0.9411764705882353,8
[4],0.12999999999999998,0.002,0.008,0.25,0.1,tanh,sgd,0.0,64,xavier,"(-0.7, 0.7)",15,0.11797752257460323,0.7058823529411765,9
[5],0.16999999999999998,0.006,0.004,0.25,0.6000000000000001,tanh,sgd,0.0,64,xavier,"(-0.7, 0.7)",20,0.10691089835707414,0.7058823529411765,10
[5],0.06999999999999999,0.0,0.0,0.25,0.1,sigmoid,adam,0.01,8,range,"(-0.1, 0.1)",30,0.022030782576516587,1.0,11
[3],0.08999999999999998,0.006,0.006,0.1,0.4,tanh,sgd,0.0,16,gaussian,"(-0.5, 0.5)",20,0.11230338035693657,0.7058823529411765,12
[5],0.12999999999999998,0.002,0.0,0.0,0.0,sigmoid,sgd,0.02,32,glorot,"(-0.7, 0.7)",20,0.1086462997232462,0.7058823529411765,13
[3],0.10999999999999997,0.01,0.002,0.0,0.6000000000000001,tanh,adam,0.02,64,glorot,"(-0.5, 0.5)",30,0.09338386414576264,0.8235294117647058,14
[4],0.03,0.004,0.0,0.05,0.1,tanh,adam,0.04,64,xavier,"(-0.7, 0.7)",20,0.11515536693857137,0.6764705882352942,15
[5],0.18999999999999997,0.0,0.002,0.15000000000000002,0.7000000000000001,sigmoid,adam,0.03,8,gaussian,"(-0.5, 0.5)",30,0.0110580141162907,1.0,16
[5],0.01,0.016,0.008,0.25,0.30000000000000004,tanh,sgd,0.03,16,glorot,"(-0.5, 0.5)",30,0.12080117199016216,0.5882352941176471,17
[6],0.049999999999999996,0.016,0.008,0.0,0.0,sigmoid,adam,0.03,16,gaussian,"(-0.5, 0.5)",20,0.09328976235799408,1.0,18
[4],0.10999999999999997,0.008,0.0,0.2,0.30000000000000004,tanh,adam,0.01,8,glorot,"(-0.5, 0.5)",30,0.0665354374396495,0.9411764705882353,19
[6],0.03,0.014,0.006,0.1,0.1,tanh,sgd,0.0,64,glorot,"(-0.1, 0.1)",30,0.12500804309628497,0.6764705882352942,20
[3],0.03,0.018000000000000002,0.008,0.25,0.4,sigmoid,adam,0.02,32,gaussian,"(-0.1, 0.1)",20,0.11300676520787781,0.7058823529411765,21
[5],0.16999999999999998,0.018000000000000002,0.008,0.15000000000000002,0.5,tanh,sgd,0.0,16,gaussian,"(-0.5, 0.5)",20,0.12931645863019464,0.6470588235294118,22
[5],0.16999999999999998,0.016,0.004,0.25,0.1,sigmoid,sgd,0.03,16,glorot,"(-0.1, 0.1)",20,0.11166355281044753,0.7058823529411765,23
[4],0.06999999999999999,0.002,0.006,0.05,0.7000000000000001,sigmoid,adam,0.0,64,gaussian,"(-0.7, 0.7)",30,0.029037583629743333,1.0,24
[3],0.15,0.014,0.008,0.2,0.2,tanh,sgd,0.04,8,range,"(-0.5, 0.5)",30,0.10899335908234543,0.5588235294117647,25
[6],0.16999999999999998,0.004,0.008,0.05,0.2,sigmoid,adam,0.04,32,range,"(-0.5, 0.5)",20,0.06479062539731911,1.0,26
[4],0.08999999999999998,0.012,0.004,0.1,0.7000000000000001,sigmoid,sgd,0.03,32,range,"(-0.5, 0.5)",30,0.11141206345740401,0.7058823529411765,27
[4],0.06999999999999999,0.006,0.008,0.25,0.4,tanh,sgd,0.01,32,gaussian,"(-0.5, 0.5)",30,0.11696047006185623,0.7058823529411765,28
[6],0.18999999999999997,0.018000000000000002,0.006,0.25,0.8,tanh,adam,0.0,8,gaussian,"(-0.5, 0.5)",15,0.07372383859478238,1.0,29
[3],0.01,0.006,0.004,0.05,0.4,tanh,sgd,0.0,32,xavier,"(-0.7, 0.7)",15,0.1204146208679717,0.6470588235294118,30
[5],0.15,0.002,0.008,0.25,0.8,sigmoid,adam,0.01,32,gaussian,"(-0.5, 0.5)",20,0.05534337445502226,1.0,31
[6],0.10999999999999997,0.016,0.0,0.0,0.4,sigmoid,adam,0.01,32,range,"(-0.7, 0.7)",30,0.11277197479279594,1.0,32
[4],0.06999999999999999,0.008,0.006,0.05,0.1,sigmoid,sgd,0.04,8,glorot,"(-0.1, 0.1)",20,0.11356341069515792,0.7058823529411765,33
[5],0.16999999999999998,0.008,0.002,0.05,0.4,sigmoid,adam,0.03,16,gaussian,"(-0.1, 0.1)",20,0.08739703161235256,1.0,34
[3],0.18999999999999997,0.008,0.006,0.2,0.8,tanh,sgd,0.02,16,xavier,"(-0.7, 0.7)",15,0.060908450092108865,0.9411764705882353,35
[4],0.12999999999999998,0.016,0.008,0.15000000000000002,0.1,tanh,sgd,0.01,32,he,"(-0.5, 0.5)",20,0.11498843622422032,0.47058823529411764,36
[4],0.18999999999999997,0.016,0.006,0.2,0.0,sigmoid,adam,0.03,16,range,"(-0.7, 0.7)",15,0.12610990634905248,0.7058823529411765,37
[3],0.10999999999999997,0.012,0.0,0.15000000000000002,0.4,tanh,sgd,0.04,32,range,"(-0.7, 0.7)",20,0.12222985880418928,0.6764705882352942,38
[6],0.01,0.008,0.002,0.1,0.8,sigmoid,sgd,0.01,8,gaussian,"(-0.1, 0.1)",30,0.10983510839963428,0.7058823529411765,39
[4],0.12999999999999998,0.002,0.002,0.2,0.6000000000000001,sigmoid,sgd,0.0,64,he,"(-0.1, 0.1)",15,0.11068267448696338,0.7058823529411765,40
[3],0.01,0.004,0.004,0.2,0.1,sigmoid,adam,0.03,64,glorot,"(-0.7, 0.7)",20,0.11641125752550198,0.6764705882352942,41
[6],0.10999999999999997,0.0,0.006,0.25,0.1,sigmoid,sgd,0.04,8,gaussian,"(-0.5, 0.5)",30,0.11475126396085326,0.7058823529411765,42
[3],0.08999999999999998,0.008,0.008,0.0,0.4,tanh,adam,0.03,8,glorot,"(-0.1, 0.1)",30,0.10539864130957714,0.8235294117647058,43
[4],0.049999999999999996,0.012,0.008,0.1,0.2,tanh,adam,0.0,16,gaussian,"(-0.1, 0.1)",15,0.04655510561504303,0.9411764705882353,44
[6],0.16999999999999998,0.016,0.0,0.1,0.30000000000000004,tanh,sgd,0.03,16,xavier,"(-0.1, 0.1)",15,0.11689642967610762,0.6764705882352942,45
[5],0.06999999999999999,0.002,0.002,0.25,0.0,tanh,sgd,0.02,8,he,"(-0.1, 0.1)",15,0.11370533357615173,0.7058823529411765,46
[6],0.10999999999999997,0.01,0.002,0.25,0.30000000000000004,sigmoid,adam,0.04,8,xavier,"(-0.5, 0.5)",20,0.08816921329253642,1.0,47
[6],0.10999999999999997,0.018000000000000002,0.004,0.25,0.2,tanh,adam,0.03,16,gaussian,"(-0.5, 0.5)",15,0.10357627542715045,0.9117647058823529,48
[4],0.12999999999999998,0.008,0.004,0.05,0.5,tanh,adam,0.03,32,he,"(-0.5, 0.5)",30,0.043893570529093436,0.9411764705882353,49
[3],0.049999999999999996,0.018000000000000002,0.0,0.1,0.2,sigmoid,adam,0.0,8,gaussian,"(-0.7, 0.7)",30,0.1049061131116722,1.0,50
[3],0.18999999999999997,0.018000000000000002,0.006,0.2,0.30000000000000004,sigmoid,adam,0.04,64,xavier,"(-0.5, 0.5)",20,0.11470890777674728,0.38235294117647056,51
[4],0.18999999999999997,0.008,0.002,0.15000000000000002,0.8,sigmoid,adam,0.02,8,xavier,"(-0.7, 0.7)",30,0.0838803957410383,0.9705882352941176,52
[4],0.16999999999999998,0.004,0.006,0.05,0.2,sigmoid,adam,0.02,8,xavier,"(-0.5, 0.5)",15,0.052448893314454424,1.0,53
[3],0.08999999999999998,0.01,0.002,0.0,0.30000000000000004,tanh,adam,0.03,64,gaussian,"(-0.1, 0.1)",30,0.10138063661716572,0.7647058823529411,54
[5],0.03,0.016,0.004,0.25,0.4,sigmoid,adam,0.03,32,range,"(-0.7, 0.7)",15,0.11469307228696482,0.7058823529411765,55
[5],0.12999999999999998,0.006,0.008,0.15000000000000002,0.5,tanh,adam,0.03,8,range,"(-0.1, 0.1)",20,0.0527500135325612,0.9411764705882353,56
[4],0.06999999999999999,0.002,0.008,0.25,0.4,sigmoid,sgd,0.01,16,he,"(-0.7, 0.7)",30,0.11400837385108671,0.7058823529411765,57
[3],0.06999999999999999,0.012,0.004,0.25,0.1,tanh,adam,0.03,16,range,"(-0.1, 0.1)",30,0.1074307537459118,0.7941176470588235,58
[6],0.01,0.006,0.0,0.05,0.2,sigmoid,sgd,0.04,16,gaussian,"(-0.1, 0.1)",20,0.11377924928052749,0.7058823529411765,59
[4],0.16999999999999998,0.012,0.008,0.2,0.0,tanh,sgd,0.01,64,range,"(-0.5, 0.5)",20,0.11432268137966546,0.7058823529411765,60
[4],0.06999999999999999,0.012,0.008,0.05,0.2,tanh,sgd,0.02,64,range,"(-0.7, 0.7)",15,0.1198175126807929,0.7058823529411765,61
[4],0.12999999999999998,0.012,0.002,0.0,0.0,sigmoid,adam,0.01,8,xavier,"(-0.5, 0.5)",30,0.07766307221834598,1.0,62
[3],0.16999999999999998,0.016,0.0,0.0,0.7000000000000001,sigmoid,sgd,0.03,64,he,"(-0.1, 0.1)",30,0.11141127686772559,0.7058823529411765,63
[6],0.06999999999999999,0.014,0.006,0.1,0.1,tanh,sgd,0.02,64,xavier,"(-0.1, 0.1)",20,0.1206092207061933,0.6764705882352942,64
[6],0.08999999999999998,0.006,0.0,0.25,0.0,sigmoid,sgd,0.03,16,he,"(-0.5, 0.5)",20,0.11208430214769222,0.7058823529411765,65
[3],0.049999999999999996,0.012,0.008,0.1,0.4,tanh,adam,0.04,32,glorot,"(-0.1, 0.1)",20,0.11375030407736181,0.7058823529411765,66
[6],0.049999999999999996,0.01,0.008,0.2,0.7000000000000001,tanh,adam,0.04,32,glorot,"(-0.7, 0.7)",15,0.08379543510516697,0.7941176470588235,67
[3],0.06999999999999999,0.014,0.002,0.0,0.30000000000000004,tanh,adam,0.04,8,xavier,"(-0.5, 0.5)",30,0.056352284465955665,0.9411764705882353,68
[3],0.03,0.004,0.006,0.2,0.6000000000000001,sigmoid,sgd,0.02,16,he,"(-0.1, 0.1)",30,0.11217607548918,0.7058823529411765,69
[3],0.12999999999999998,0.012,0.008,0.25,0.8,tanh,sgd,0.01,64,glorot,"(-0.1, 0.1)",15,0.11507529788445742,0.6470588235294118,70
[5],0.06999999999999999,0.0,0.008,0.2,0.8,sigmoid,sgd,0.0,32,xavier,"(-0.7, 0.7)",15,0.1091433432498312,0.7058823529411765,71
[4],0.03,0.008,0.006,0.1,0.6000000000000001,tanh,sgd,0.04,8,gaussian,"(-0.1, 0.1)",30,0.11118307498374162,0.7058823529411765,72
[5],0.16999999999999998,0.018000000000000002,0.004,0.1,0.4,sigmoid,sgd,0.03,64,range,"(-0.1, 0.1)",20,0.10986492790079068,0.7058823529411765,73
[4],0.12999999999999998,0.016,0.0,0.2,0.1,tanh,adam,0.0,32,range,"(-0.7, 0.7)",20,0.1065374494453212,0.7352941176470589,74
[6],0.12999999999999998,0.018000000000000002,0.006,0.05,0.5,tanh,adam,0.04,8,glorot,"(-0.1, 0.1)",20,0.06628131794749496,0.9705882352941176,75
[3],0.12999999999999998,0.006,0.002,0.1,0.6000000000000001,tanh,sgd,0.02,16,he,"(-0.1, 0.1)",20,0.09750053277766928,0.7647058823529411,76
[5],0.03,0.016,0.002,0.15000000000000002,0.5,tanh,sgd,0.04,32,xavier,"(-0.7, 0.7)",30,0.11525083200116888,0.7058823529411765,77
[4],0.15,0.006,0.002,0.25,0.30000000000000004,tanh,sgd,0.01,16,xavier,"(-0.7, 0.7)",20,0.09936663251038416,0.6470588235294118,78
[4],0.03,0.002,0.0,0.25,0.7000000000000001,sigmoid,sgd,0.03,32,range,"(-0.5, 0.5)",20,0.11104216545091987,0.7058823529411765,79
[5],0.15,0.004,0.008,0.1,0.6000000000000001,sigmoid,sgd,0.0,64,glorot,"(-0.7, 0.7)",15,0.11129960401348356,0.7058823529411765,80
[5],0.12999999999999998,0.004,0.006,0.0,0.8,tanh,adam,0.0,8,xavier,"(-0.5, 0.5)",30,0.01949962723795286,1.0,81
[3],0.10999999999999997,0.01,0.008,0.1,0.2,tanh,sgd,0.02,64,range,"(-0.5, 0.5)",20,0.12074645475687897,0.7058823529411765,82
[4],0.15,0.012,0.002,0.15000000000000002,0.5,tanh,adam,0.02,64,xavier,"(-0.7, 0.7)",15,0.10783577646057108,0.7352941176470589,83
[4],0.03,0.008,0.002,0.2,0.6000000000000001,tanh,sgd,0.01,16,glorot,"(-0.1, 0.1)",15,0.11972991453008701,0.6764705882352942,84
[6],0.15,0.004,0.008,0.2,0.5,tanh,adam,0.02,8,glorot,"(-0.1, 0.1)",30,0.060871881834194744,0.9705882352941176,85
[4],0.01,0.006,0.004,0.15000000000000002,0.1,tanh,adam,0.02,32,he,"(-0.7, 0.7)",30,0.11600836608693448,0.5294117647058824,86
[5],0.10999999999999997,0.0,0.006,0.0,0.5,sigmoid,sgd,0.02,32,he,"(-0.7, 0.7)",30,0.11144093662902048,0.7058823529411765,87
[6],0.15,0.002,0.006,0.2,0.4,tanh,sgd,0.01,32,glorot,"(-0.7, 0.7)",30,0.11747509333563293,0.6764705882352942,88
[6],0.03,0.002,0.002,0.1,0.30000000000000004,tanh,adam,0.02,32,range,"(-0.7, 0.7)",20,0.06517105217475395,0.8529411764705882,89
[5],0.15,0.01,0.008,0.2,0.7000000000000001,tanh,sgd,0.01,8,xavier,"(-0.7, 0.7)",15,0.04200602302544222,0.9411764705882353,90
[5],0.03,0.006,0.002,0.15000000000000002,0.1,sigmoid,sgd,0.03,8,gaussian,"(-0.5, 0.5)",30,0.11433465957675416,0.7058823529411765,91
[3],0.03,0.008,0.008,0.05,0.1,tanh,adam,0.01,16,he,"(-0.5, 0.5)",30,0.05381726537466187,0.9411764705882353,92
[4],0.049999999999999996,0.016,0.002,0.0,0.0,tanh,adam,0.03,64,range,"(-0.5, 0.5)",30,0.07531239230033956,0.9117647058823529,93
[6],0.049999999999999996,0.016,0.002,0.2,0.7000000000000001,tanh,adam,0.02,64,range,"(-0.1, 0.1)",15,0.11125129221711014,0.7058823529411765,94
[6],0.08999999999999998,0.01,0.006,0.1,0.2,tanh,sgd,0.0,16,he,"(-0.5, 0.5)",20,0.1252804511127138,0.6176470588235294,95
[3],0.15,0.014,0.004,0.0,0.6000000000000001,tanh,sgd,0.0,32,xavier,"(-0.5, 0.5)",30,0.10330515217046617,0.7647058823529411,96
[6],0.12999999999999998,0.006,0.002,0.25,0.6000000000000001,tanh,sgd,0.02,8,glorot,"(-0.7, 0.7)",15,0.11448088857437913,0.7058823529411765,97
[5],0.08999999999999998,0.016,0.004,0.15000000000000002,0.30000000000000004,sigmoid,sgd,0.01,32,gaussian,"(-0.7, 0.7)",20,0.13121592485298708,0.7058823529411765,98
[6],0.08999999999999998,0.018000000000000002,0.006,0.05,0.5,sigmoid,sgd,0.0,8,xavier,"(-0.1, 0.1)",20,0.11097887006443671,0.7058823529411765,99
[5],0.049999999999999996,0.014,0.0,0.05,0.1,sigmoid,sgd,0.03,16,he,"(-0.5, 0.5)",20,0.11239373736929983,0.7058823529411765,100
[6],0.10999999999999997,0.014,0.0,0.1,0.1,sigmoid,sgd,0.02,64,gaussian,"(-0.7, 0.7)",20,0.14187786823127152,0.5757575757575758,1
[4],0.06999999999999999,0.008,0.006,0.0,0.1,sigmoid,adam,0.03,16,gaussian,"(-0.1, 0.1)",20,0.06151119674074379,1.0,2
[3],0.16999999999999998,0.006,0.006,0.15000000000000002,0.4,tanh,sgd,0.0,8,he,"(-0.5, 0.5)",30,0.03037924513325447,1.0,3
[5],0.06999999999999999,0.01,0.0,0.25,0.30000000000000004,sigmoid,sgd,0.03,32,gaussian,"(-0.1, 0.1)",20,0.12250181004167249,0.5757575757575758,4
[3],0.12999999999999998,0.006,0.0,0.0,0.7000000000000001,sigmoid,adam,0.0,16,xavier,"(-0.5, 0.5)",15,0.04774663105079099,1.0,5
[5],0.01,0.0,0.004,0.25,0.2,sigmoid,sgd,0.03,16,he,"(-0.7, 0.7)",30,0.12418133642491079,0.5757575757575758,6
[5],0.15,0.006,0.0,0.25,0.6000000000000001,tanh,sgd,0.02,8,glorot,"(-0.7, 0.7)",20,0.07280926480234899,0.8484848484848485,7
[5],0.16999999999999998,0.014,0.002,0.2,0.2,tanh,adam,0.03,32,range,"(-0.7, 0.7)",15,0.09205347064085057,0.9090909090909091,8
[3],0.16999999999999998,0.004,0.006,0.1,0.4,tanh,adam,0.0,64,xavier,"(-0.1, 0.1)",30,0.09440692538582438,0.7575757575757576,9
[5],0.18999999999999997,0.006,0.004,0.25,0.1,tanh,sgd,0.04,64,range,"(-0.1, 0.1)",30,0.12261221174424876,0.5757575757575758,10
[5],0.10999999999999997,0.012,0.004,0.0,0.1,sigmoid,sgd,0.01,16,gaussian,"(-0.1, 0.1)",15,0.12315706464568334,0.5757575757575758,11
[6],0.06999999999999999,0.002,0.0,0.2,0.6000000000000001,tanh,adam,0.0,32,xavier,"(-0.7, 0.7)",30,0.013481635851363343,1.0,12
[3],0.01,0.006,0.006,0.0,0.7000000000000001,sigmoid,adam,0.04,64,he,"(-0.7, 0.7)",15,0.1241423903953067,0.5757575757575758,13
[5],0.16999999999999998,0.0,0.0,0.1,0.1,sigmoid,sgd,0.0,16,range,"(-0.5, 0.5)",15,0.12292139653711431,0.5757575757575758,14
[4],0.16999999999999998,0.006,0.008,0.25,0.2,tanh,sgd,0.04,32,glorot,"(-0.7, 0.7)",30,0.1289387755224966,0.5151515151515151,15
[6],0.03,0.004,0.002,0.2,0.6000000000000001,tanh,sgd,0.04,64,he,"(-0.5, 0.5)",30,0.12863682079644476,0.6060606060606061,16
[5],0.10999999999999997,0.012,0.006,0.25,0.5,sigmoid,sgd,0.03,32,he,"(-0.5, 0.5)",20,0.12631647585414205,0.5757575757575758,17
[6],0.01,0.0,0.004,0.2,0.0,sigmoid,adam,0.0,32,xavier,"(-0.1, 0.1)",20,0.1239698816010747,0.5757575757575758,18
[3],0.08999999999999998,0.016,0.008,0.2,0.2,sigmoid,sgd,0.03,32,xavier,"(-0.1, 0.1)",20,0.12422101412452964,0.5757575757575758,19
[5],0.18999999999999997,0.006,0.002,0.1,0.4,sigmoid,adam,0.04,16,gaussian,"(-0.7, 0.7)",20,0.06130425896890535,1.0,20
[6],0.049999999999999996,0.014,0.008,0.0,0.4,sigmoid,adam,0.0,8,he,"(-0.5, 0.5)",20,0.0862259944109663,1.0,21
[6],0.03,0.006,0.008,0.0,0.6000000000000001,sigmoid,adam,0.04,8,he,"(-0.7, 0.7)",30,0.06723848315548958,0.9696969696969697,22
[4],0.10999999999999997,0.016,0.002,0.05,0.0,tanh,adam,0.04,8,xavier,"(-0.5, 0.5)",20,0.052338281058452195,0.9696969696969697,23
[6],0.049999999999999996,0.004,0.004,0.0,0.7000000000000001,sigmoid,adam,0.02,8,glorot,"(-0.7, 0.7)",20,0.03518542765885736,1.0,24
[4],0.049999999999999996,0.014,0.008,0.05,0.7000000000000001,tanh,sgd,0.04,16,xavier,"(-0.1, 0.1)",20,0.12598737777996488,0.5757575757575758,25
[6],0.10999999999999997,0.018000000000000002,0.0,0.0,0.6000000000000001,tanh,adam,0.02,16,he,"(-0.5, 0.5)",30,0.045195740095598076,1.0,26
[3],0.08999999999999998,0.004,0.004,0.2,0.7000000000000001,sigmoid,adam,0.0,16,xavier,"(-0.7, 0.7)",20,0.11247494727690238,0.45454545454545453,27
[4],0.03,0.002,0.0,0.05,0.2,tanh,sgd,0.02,8,he,"(-0.5, 0.5)",20,0.12705458252216023,0.6060606060606061,28
[3],0.10999999999999997,0.006,0.008,0.05,0.30000000000000004,tanh,adam,0.04,16,gaussian,"(-0.5, 0.5)",30,0.04511009369677569,0.9696969696969697,29
[3],0.08999999999999998,0.004,0.0,0.1,0.30000000000000004,tanh,sgd,0.03,8,gaussian,"(-0.5, 0.5)",30,0.12469204416642457,0.5757575757575758,30
[5],0.10999999999999997,0.002,0.0,0.1,0.6000000000000001,sigmoid,adam,0.04,8,he,"(-0.5, 0.5)",30,0.03095068403874249,1.0,31
[3],0.049999999999999996,0.006,0.008,0.15000000000000002,0.8,sigmoid,sgd,0.01,32,he,"(-0.5, 0.5)",20,0.1248794784882567,0.5757575757575758,32
[4],0.01,0.01,0.004,0.1,0.4,sigmoid,adam,0.0,32,glorot,"(-0.1, 0.1)",30,0.12567921395720166,0.5757575757575758,33
[5],0.06999999999999999,0.004,0.004,0.15000000000000002,0.2,sigmoid,adam,0.04,16,glorot,"(-0.1, 0.1)",30,0.05630411113263191,1.0,34
[4],0.12999999999999998,0.008,0.008,0.1,0.7000000000000001,sigmoid,sgd,0.01,16,xavier,"(-0.5, 0.5)",30,0.1247169570905702,0.5757575757575758,35
[4],0.12999999999999998,0.004,0.008,0.05,0.5,sigmoid,sgd,0.01,32,xavier,"(-0.7, 0.7)",15,0.1239818871705429,0.5757575757575758,36
[5],0.12999999999999998,0.012,0.004,0.15000000000000002,0.4,sigmoid,sgd,0.0,16,xavier,"(-0.1, 0.1)",30,0.12411515537560962,0.5757575757575758,37
[5],0.18999999999999997,0.018000000000000002,0.008,0.05,0.30000000000000004,sigmoid,sgd,0.02,8,glorot,"(-0.1, 0.1)",30,0.13492999884785095,0.48484848484848486,38
[6],0.10999999999999997,0.004,0.006,0.15000000000000002,0.7000000000000001,sigmoid,sgd,0.01,16,gaussian,"(-0.5, 0.5)",15,0.13093729240005153,0.5757575757575758,39
[5],0.12999999999999998,0.006,0.002,0.05,0.1,sigmoid,adam,0.04,64,he,"(-0.5, 0.5)",15,0.056559363580742164,1.0,40
[6],0.12999999999999998,0.0,0.008,0.25,0.6000000000000001,tanh,adam,0.04,8,range,"(-0.1, 0.1)",20,0.023997236451539988,1.0,41
[6],0.01,0.006,0.008,0.2,0.6000000000000001,sigmoid,adam,0.04,8,xavier,"(-0.5, 0.5)",20,0.1258132724382746,0.5757575757575758,42
[6],0.08999999999999998,0.008,0.006,0.05,0.6000000000000001,tanh,sgd,0.04,16,glorot,"(-0.7, 0.7)",20,0.12698904488907564,0.5757575757575758,43
[3],0.16999999999999998,0.002,0.002,0.2,0.8,sigmoid,adam,0.03,32,glorot,"(-0.1, 0.1)",15,0.06886438934976698,0.9696969696969697,44
[6],0.18999999999999997,0.006,0.006,0.0,0.4,tanh,sgd,0.0,8,gaussian,"(-0.7, 0.7)",20,0.025028461288298692,1.0,45
[5],0.03,0.016,0.006,0.25,0.8,sigmoid,adam,0.04,64,gaussian,"(-0.1, 0.1)",20,0.12431456062802253,0.5757575757575758,46
[4],0.049999999999999996,0.004,0.002,0.25,0.0,tanh,adam,0.02,64,he,"(-0.7, 0.7)",15,0.08700930196311785,0.7878787878787878,47
[3],0.049999999999999996,0.006,0.0,0.2,0.4,sigmoid,adam,0.03,64,range,"(-0.1, 0.1)",30,0.11640341561862769,0.5757575757575758,48
[6],0.06999999999999999,0.006,0.008,0.25,0.7000000000000001,tanh,adam,0.03,8,range,"(-0.7, 0.7)",15,0.03361534582372251,1.0,49
[4],0.16999999999999998,0.008,0.008,0.25,0.8,sigmoid,sgd,0.01,16,gaussian,"(-0.7, 0.7)",20,0.12281260199348915,0.5757575757575758,50
[3],0.049999999999999996,0.0,0.008,0.2,0.4,tanh,sgd,0.0,8,glorot,"(-0.1, 0.1)",15,0.12276816269338542,0.5454545454545454,51
[5],0.18999999999999997,0.018000000000000002,0.008,0.2,0.2,tanh,adam,0.0,8,he,"(-0.5, 0.5)",20,0.14299291383559679,0.5454545454545454,52
[6],0.03,0.012,0.008,0.0,0.4,tanh,sgd,0.0,32,he,"(-0.7, 0.7)",20,0.1337977147419577,0.5757575757575758,53
[4],0.06999999999999999,0.018000000000000002,0.0,0.0,0.8,sigmoid,adam,0.04,32,glorot,"(-0.7, 0.7)",20,0.12849776524608475,0.5757575757575758,54
[5],0.16999999999999998,0.018000000000000002,0.008,0.1,0.2,tanh,adam,0.03,16,range,"(-0.1, 0.1)",30,0.08372856205292156,1.0,55
[5],0.06999999999999999,0.0,0.0,0.0,0.7000000000000001,sigmoid,sgd,0.04,64,glorot,"(-0.1, 0.1)",20,0.12278484058886398,0.5757575757575758,56
[5],0.16999999999999998,0.006,0.0,0.25,0.30000000000000004,tanh,adam,0.0,32,he,"(-0.7, 0.7)",30,0.06792064727987027,0.9696969696969697,57
[5],0.01,0.002,0.004,0.1,0.6000000000000001,sigmoid,sgd,0.01,32,he,"(-0.7, 0.7)",20,0.12469195490137933,0.5757575757575758,58
[6],0.01,0.004,0.006,0.05,0.7000000000000001,tanh,adam,0.03,8,range,"(-0.5, 0.5)",30,0.06735916866927694,0.9696969696969697,59
[5],0.16999999999999998,0.016,0.0,0.05,0.5,tanh,sgd,0.01,32,gaussian,"(-0.5, 0.5)",20,0.1303088601319409,0.5757575757575758,60
[4],0.18999999999999997,0.018000000000000002,0.006,0.05,0.1,tanh,adam,0.0,32,glorot,"(-0.1, 0.1)",20,0.06465680044185972,1.0,61
[4],0.10999999999999997,0.014,0.004,0.05,0.8,tanh,sgd,0.0,32,gaussian,"(-0.1, 0.1)",15,0.12347502099334728,0.5757575757575758,62
[6],0.16999999999999998,0.0,0.006,0.2,0.2,sigmoid,adam,0.03,32,he,"(-0.1, 0.1)",15,0.02770011232369681,1.0,63
[4],0.06999999999999999,0.0,0.006,0.15000000000000002,0.8,sigmoid,sgd,0.02,8,range,"(-0.1, 0.1)",20,0.12312304307927163,0.5757575757575758,64
[6],0.01,0.002,0.008,0.25,0.4,sigmoid,adam,0.01,32,xavier,"(-0.1, 0.1)",20,0.12543282679907566,0.5757575757575758,65
[5],0.16999999999999998,0.01,0.006,0.25,0.1,tanh,sgd,0.01,32,gaussian,"(-0.1, 0.1)",30,0.12335922964310578,0.5757575757575758,66
[3],0.06999999999999999,0.016,0.004,0.2,0.5,tanh,sgd,0.02,16,xavier,"(-0.1, 0.1)",20,0.12382028342540917,0.5757575757575758,67
[5],0.16999999999999998,0.014,0.0,0.05,0.0,tanh,sgd,0.0,64,gaussian,"(-0.1, 0.1)",20,0.12244331684765368,0.5757575757575758,68
[6],0.049999999999999996,0.018000000000000002,0.008,0.25,0.7000000000000001,tanh,adam,0.02,16,range,"(-0.1, 0.1)",20,0.09037535027861317,0.9696969696969697,69
[4],0.03,0.014,0.0,0.15000000000000002,0.4,tanh,adam,0.01,16,xavier,"(-0.7, 0.7)",20,0.05589167681484144,0.9696969696969697,70
[5],0.12999999999999998,0.004,0.004,0.1,0.7000000000000001,tanh,sgd,0.0,64,gaussian,"(-0.5, 0.5)",20,0.12661213077126976,0.5757575757575758,71
[6],0.049999999999999996,0.008,0.004,0.2,0.2,sigmoid,adam,0.0,32,range,"(-0.7, 0.7)",15,0.09123657776654165,1.0,72
[5],0.16999999999999998,0.014,0.006,0.2,0.6000000000000001,sigmoid,sgd,0.04,16,glorot,"(-0.5, 0.5)",15,0.12665224993261437,0.5757575757575758,73
[5],0.06999999999999999,0.018000000000000002,0.006,0.15000000000000002,0.5,sigmoid,sgd,0.0,64,gaussian,"(-0.7, 0.7)",30,0.1500208277802374,0.5757575757575758,74
[6],0.10999999999999997,0.016,0.0,0.15000000000000002,0.2,tanh,adam,0.0,8,range,"(-0.5, 0.5)",20,0.07413400071450911,1.0,75
[6],0.01,0.002,0.002,0.05,0.0,sigmoid,sgd,0.03,32,glorot,"(-0.7, 0.7)",30,0.12411105849366198,0.5757575757575758,76
[6],0.06999999999999999,0.006,0.004,0.1,0.4,tanh,adam,0.0,8,range,"(-0.7, 0.7)",20,0.030572410367624127,1.0,77
[4],0.08999999999999998,0.0,0.004,0.2,0.0,sigmoid,adam,0.0,32,gaussian,"(-0.1, 0.1)",20,0.10404494057603791,0.696969696969697,78
[6],0.10999999999999997,0.012,0.006,0.15000000000000002,0.6000000000000001,sigmoid,sgd,0.03,16,xavier,"(-0.7, 0.7)",20,0.1261386005721032,0.5757575757575758,79
[5],0.12999999999999998,0.004,0.004,0.25,0.2,sigmoid,sgd,0.0,8,xavier,"(-0.7, 0.7)",20,0.12342678514409579,0.5757575757575758,80
[6],0.049999999999999996,0.002,0.002,0.25,0.6000000000000001,tanh,adam,0.04,16,glorot,"(-0.7, 0.7)",20,0.02073011930636498,1.0,81
[6],0.12999999999999998,0.01,0.002,0.05,0.6000000000000001,sigmoid,adam,0.01,32,glorot,"(-0.7, 0.7)",30,0.11368465264307047,1.0,82
[5],0.01,0.0,0.008,0.15000000000000002,0.5,sigmoid,adam,0.0,16,range,"(-0.5, 0.5)",20,0.12634975848322655,0.5757575757575758,83
[3],0.16999999999999998,0.018000000000000002,0.0,0.05,0.7000000000000001,sigmoid,adam,0.04,8,he,"(-0.7, 0.7)",15,0.099352990263294,1.0,84
[6],0.15,0.016,0.006,0.2,0.5,tanh,adam,0.02,32,xavier,"(-0.1, 0.1)",30,0.1052847782117571,0.9090909090909091,85
[5],0.18999999999999997,0.008,0.0,0.25,0.7000000000000001,sigmoid,sgd,0.02,8,he,"(-0.5, 0.5)",15,0.12401942951163937,0.5757575757575758,86
[4],0.16999999999999998,0.002,0.004,0.1,0.2,tanh,adam,0.02,8,gaussian,"(-0.7, 0.7)",15,0.068079716013946,0.8484848484848485,87
[4],0.15,0.01,0.002,0.1,0.30000000000000004,tanh,sgd,0.04,8,he,"(-0.1, 0.1)",15,0.048869199637615005,1.0,88
[4],0.15,0.012,0.006,0.05,0.7000000000000001,sigmoid,sgd,0.04,32,gaussian,"(-0.7, 0.7)",20,0.13929840742255767,0.5757575757575758,89
[3],0.01,0.004,0.006,0.15000000000000002,0.7000000000000001,tanh,adam,0.04,16,glorot,"(-0.7, 0.7)",30,0.12290008493344469,0.5454545454545454,90
[6],0.15,0.008,0.002,0.2,0.6000000000000001,sigmoid,adam,0.03,64,he,"(-0.7, 0.7)",30,0.08737881928474912,1.0,91
[3],0.03,0.016,0.004,0.15000000000000002,0.4,tanh,adam,0.02,8,he,"(-0.7, 0.7)",30,0.05873493121225526,0.9696969696969697,92
[6],0.15,0.006,0.008,0.05,0.8,tanh,sgd,0.02,8,gaussian,"(-0.1, 0.1)",15,0.028987071774824652,1.0,93
[6],0.03,0.016,0.0,0.25,0.7000000000000001,tanh,sgd,0.02,32,xavier,"(-0.1, 0.1)",15,0.12674816057368585,0.5757575757575758,94
[3],0.01,0.018000000000000002,0.002,0.2,0.1,sigmoid,sgd,0.04,16,glorot,"(-0.7, 0.7)",30,0.12295900090432711,0.5757575757575758,95
[4],0.03,0.004,0.004,0.1,0.7000000000000001,sigmoid,adam,0.02,64,he,"(-0.5, 0.5)",15,0.1251013461484607,0.5454545454545454,96
[3],0.08999999999999998,0.0,0.006,0.15000000000000002,0.5,sigmoid,adam,0.02,16,glorot,"(-0.1, 0.1)",20,0.034980598721811335,1.0,97
[4],0.18999999999999997,0.012,0.002,0.25,0.7000000000000001,sigmoid,sgd,0.04,64,xavier,"(-0.7, 0.7)",30,0.12274261206126422,0.5757575757575758,98
[3],0.15,0.008,0.0,0.0,0.1,sigmoid,adam,0.03,8,glorot,"(-0.1, 0.1)",30,0.05408007526584927,1.0,99
[3],0.01,0.012,0.004,0.05,0.5,tanh,sgd,0.04,64,glorot,"(-0.5, 0.5)",20,0.12229387398875108,0.5151515151515151,100
[3],0.01,0.008,0.002,0.05,0.2,sigmoid,sgd,0.04,64,gaussian,"(-0.1, 0.1)",10,0.12594665912122935,0.4411764705882353,1
[4],0.06999999999999999,0.016,0.008,0.0,0.8,sigmoid,adam,0.01,64,range,"(-0.5, 0.5)",10,0.13501796663335303,0.5,2
[6],0.049999999999999996,0.014,0.0,0.25,0.4,sigmoid,sgd,0.02,16,xavier,"(-0.5, 0.5)",10,0.13247579471948695,0.4411764705882353,11
[3],0.18999999999999997,0.01,0.006,0.0,0.1,tanh,adam,0.01,8,xavier,"(-0.7, 0.7)",10,0.030754702364639286,1.0,12
[4],0.08999999999999998,0.012,0.004,0.15000000000000002,0.8,tanh,sgd,0.01,16,gaussian,"(-0.5, 0.5)",10,0.14358928924712347,0.4411764705882353,14
[4],0.18999999999999997,0.006,0.0,0.0,0.0,sigmoid,sgd,0.0,32,gaussian,"(-0.7, 0.7)",10,0.13429387703965304,0.4411764705882353,15
[6],0.10999999999999997,0.012,0.006,0.15000000000000002,0.0,sigmoid,sgd,0.03,32,gaussian,"(-0.1, 0.1)",10,0.13060138240933175,0.4411764705882353,17
[4],0.16999999999999998,0.014,0.002,0.15000000000000002,0.2,tanh,adam,0.01,8,glorot,"(-0.7, 0.7)",10,0.0398227314122018,1.0,18
[3],0.16999999999999998,0.0,0.0,0.05,0.2,tanh,adam,0.03,16,glorot,"(-0.1, 0.1)",10,0.10342076131193507,0.7058823529411765,19
[6],0.01,0.012,0.004,0.15000000000000002,0.4,tanh,adam,0.01,16,he,"(-0.1, 0.1)",10,0.14413087695931817,0.4411764705882353,20
[3],0.03,0.016,0.002,0.2,0.4,sigmoid,adam,0.0,16,he,"(-0.5, 0.5)",10,0.1410933048986352,0.4411764705882353,24
[6],0.16999999999999998,0.008,0.008,0.25,0.8,sigmoid,adam,0.0,16,he,"(-0.1, 0.1)",10,0.11011223148769222,1.0,25
[4],0.08999999999999998,0.008,0.008,0.05,0.5,sigmoid,adam,0.04,64,he,"(-0.1, 0.1)",10,0.13051098042362597,0.47058823529411764,26
[6],0.08999999999999998,0.0,0.0,0.1,0.2,tanh,sgd,0.03,64,range,"(-0.1, 0.1)",10,0.12547042496320798,0.4411764705882353,27
[3],0.049999999999999996,0.016,0.0,0.1,0.8,sigmoid,adam,0.01,8,he,"(-0.5, 0.5)",10,0.07817798697300503,1.0,28
[5],0.06999999999999999,0.006,0.0,0.1,0.8,tanh,sgd,0.01,16,xavier,"(-0.5, 0.5)",10,0.1301657553852842,0.4411764705882353,29
[5],0.16999999999999998,0.004,0.002,0.15000000000000002,0.6000000000000001,sigmoid,adam,0.03,8,he,"(-0.5, 0.5)",10,0.04920998923664734,1.0,35
[6],0.18999999999999997,0.018000000000000002,0.004,0.15000000000000002,0.7000000000000001,tanh,sgd,0.04,64,xavier,"(-0.7, 0.7)",10,0.13602356732183662,0.47058823529411764,36
[5],0.16999999999999998,0.018000000000000002,0.004,0.0,0.30000000000000004,tanh,sgd,0.01,16,gaussian,"(-0.1, 0.1)",10,0.13867110493041962,0.4411764705882353,37
[3],0.03,0.012,0.002,0.05,0.8,tanh,sgd,0.04,16,gaussian,"(-0.5, 0.5)",10,0.15074437364622165,0.4411764705882353,39
[6],0.16999999999999998,0.016,0.008,0.1,0.7000000000000001,tanh,adam,0.01,64,glorot,"(-0.5, 0.5)",10,0.13075129722886758,0.6470588235294118,40
[4],0.15,0.006,0.004,0.15000000000000002,0.7000000000000001,sigmoid,adam,0.02,64,xavier,"(-0.5, 0.5)",10,0.12978822681693447,0.5,44
[6],0.10999999999999997,0.006,0.006,0.1,0.5,tanh,adam,0.03,32,gaussian,"(-0.5, 0.5)",10,0.05732444299819574,0.9705882352941176,46
[3],0.10999999999999997,0.006,0.0,0.25,0.0,sigmoid,sgd,0.01,8,range,"(-0.1, 0.1)",10,0.13330832998510406,0.4411764705882353,47
[4],0.15,0.002,0.008,0.05,0.7000000000000001,tanh,adam,0.01,8,xavier,"(-0.5, 0.5)",10,0.09679691456099808,0.6764705882352942,48
[5],0.15,0.016,0.008,0.1,0.6000000000000001,tanh,adam,0.03,32,he,"(-0.5, 0.5)",10,0.08143854623634801,1.0,55
[5],0.03,0.006,0.004,0.05,0.5,sigmoid,adam,0.0,16,he,"(-0.1, 0.1)",10,0.05398243170019376,1.0,57
[6],0.03,0.002,0.006,0.15000000000000002,0.1,sigmoid,sgd,0.01,32,gaussian,"(-0.1, 0.1)",10,0.12855210245926216,0.4411764705882353,59
[3],0.18999999999999997,0.002,0.002,0.25,0.30000000000000004,tanh,sgd,0.01,16,xavier,"(-0.7, 0.7)",10,0.13172358423130606,0.4411764705882353,61
[3],0.06999999999999999,0.008,0.008,0.25,0.30000000000000004,tanh,sgd,0.04,16,xavier,"(-0.5, 0.5)",10,0.12824233539767438,0.47058823529411764,63
[6],0.15,0.002,0.0,0.25,0.30000000000000004,sigmoid,adam,0.04,8,range,"(-0.5, 0.5)",10,0.04021328697322065,1.0,70
[6],0.12999999999999998,0.004,0.006,0.0,0.2,tanh,sgd,0.03,8,range,"(-0.5, 0.5)",10,0.14662056909382967,0.4411764705882353,75
[3],0.15,0.004,0.004,0.0,0.0,tanh,sgd,0.02,32,he,"(-0.5, 0.5)",10,0.12937295242912555,0.5588235294117647,78
[4],0.16999999999999998,0.012,0.008,0.25,0.2,sigmoid,sgd,0.0,64,range,"(-0.7, 0.7)",10,0.14453194027596217,0.4411764705882353,79
[3],0.18999999999999997,0.014,0.004,0.05,0.5,sigmoid,sgd,0.04,32,xavier,"(-0.7, 0.7)",10,0.13452331354473998,0.4411764705882353,83
[3],0.08999999999999998,0.014,0.0,0.2,0.5,sigmoid,sgd,0.02,32,glorot,"(-0.1, 0.1)",10,0.12762011179978627,0.5294117647058824,84
[4],0.03,0.014,0.004,0.25,0.6000000000000001,sigmoid,sgd,0.0,8,he,"(-0.5, 0.5)",10,0.14571009774123161,0.4411764705882353,88
[3],0.06999999999999999,0.016,0.002,0.15000000000000002,0.7000000000000001,tanh,adam,0.04,16,glorot,"(-0.7, 0.7)",10,0.10828053651128715,0.6764705882352942,89
[3],0.01,0.01,0.002,0.05,0.30000000000000004,sigmoid,sgd,0.04,16,xavier,"(-0.5, 0.5)",10,0.12700496071845552,0.4411764705882353,92
[3],0.08999999999999998,0.004,0.002,0.2,0.4,sigmoid,sgd,0.0,16,gaussian,"(-0.5, 0.5)",10,0.13034357797956808,0.4411764705882353,93
[5],0.12999999999999998,0.018000000000000002,0.008,0.1,0.7000000000000001,tanh,sgd,0.0,16,glorot,"(-0.5, 0.5)",10,0.14674643864787013,0.47058823529411764,97
[6],0.08999999999999998,0.002,0.006,0.0,0.5,sigmoid,adam,0.02,8,glorot,"(-0.1, 0.1)",10,0.03158204608292793,1.0,9
[3],0.16999999999999998,0.016,0.002,0.1,0.5,sigmoid,sgd,0.0,16,he,"(-0.1, 0.1)",10,0.10976461820995598,0.6764705882352942,11
[6],0.16999999999999998,0.01,0.0,0.1,0.4,sigmoid,sgd,0.02,64,xavier,"(-0.1, 0.1)",10,0.11198509390708598,0.6764705882352942,19
[4],0.03,0.008,0.0,0.2,0.8,sigmoid,adam,0.04,16,range,"(-0.5, 0.5)",10,0.08092071734352414,0.7941176470588235,20
[4],0.049999999999999996,0.016,0.008,0.2,0.6000000000000001,sigmoid,adam,0.01,32,gaussian,"(-0.1, 0.1)",10,0.10326860436688794,0.5294117647058824,27
[5],0.06999999999999999,0.018000000000000002,0.006,0.05,0.1,tanh,sgd,0.04,8,glorot,"(-0.5, 0.5)",10,0.10401041800835056,0.6470588235294118,29
[5],0.049999999999999996,0.014,0.006,0.25,0.2,sigmoid,sgd,0.03,8,he,"(-0.1, 0.1)",10,0.11511449353314153,0.6764705882352942,31
[4],0.01,0.01,0.004,0.2,0.6000000000000001,tanh,adam,0.0,16,he,"(-0.5, 0.5)",10,0.07145286691148044,0.8235294117647058,32
[6],0.10999999999999997,0.01,0.006,0.0,0.2,tanh,adam,0.02,32,xavier,"(-0.1, 0.1)",10,0.04031883333703,1.0,38
[6],0.06999999999999999,0.002,0.002,0.0,0.7000000000000001,sigmoid,adam,0.0,32,he,"(-0.7, 0.7)",10,0.024928941260643503,1.0,40
[5],0.08999999999999998,0.004,0.002,0.1,0.8,sigmoid,sgd,0.01,16,xavier,"(-0.5, 0.5)",10,0.10913159426215059,0.6764705882352942,41
[5],0.049999999999999996,0.016,0.008,0.05,0.2,tanh,sgd,0.0,16,he,"(-0.1, 0.1)",10,0.11225823094092906,0.7058823529411765,44
[3],0.16999999999999998,0.004,0.008,0.2,0.2,sigmoid,adam,0.04,8,gaussian,"(-0.1, 0.1)",10,0.05669049006430725,1.0,46
[5],0.15,0.002,0.0,0.05,0.7000000000000001,tanh,adam,0.03,16,he,"(-0.7, 0.7)",10,0.021416387412609657,1.0,48
[4],0.06999999999999999,0.018000000000000002,0.004,0.0,0.0,tanh,adam,0.04,64,he,"(-0.7, 0.7)",10,0.03934464852083703,1.0,52
[5],0.03,0.018000000000000002,0.008,0.15000000000000002,0.6000000000000001,tanh,sgd,0.02,8,he,"(-0.7, 0.7)",10,0.10772777472137549,0.7058823529411765,63
[4],0.01,0.016,0.002,0.15000000000000002,0.7000000000000001,tanh,sgd,0.02,32,he,"(-0.7, 0.7)",10,0.10927012908063374,0.6470588235294118,66
[3],0.18999999999999997,0.006,0.008,0.25,0.0,sigmoid,adam,0.01,8,glorot,"(-0.5, 0.5)",10,0.06924779731054563,1.0,67
[3],0.15,0.004,0.008,0.15000000000000002,0.7000000000000001,sigmoid,adam,0.02,8,glorot,"(-0.5, 0.5)",10,0.04975452204981389,1.0,76
[4],0.049999999999999996,0.012,0.004,0.15000000000000002,0.7000000000000001,tanh,adam,0.0,16,he,"(-0.1, 0.1)",10,0.03707187012928286,1.0,78
[6],0.16999999999999998,0.004,0.002,0.0,0.0,tanh,adam,0.04,64,range,"(-0.5, 0.5)",10,0.018728925872650567,1.0,79
[4],0.15,0.01,0.002,0.1,0.30000000000000004,sigmoid,sgd,0.03,8,xavier,"(-0.1, 0.1)",10,0.10699093790689329,0.6764705882352942,80
[3],0.18999999999999997,0.0,0.006,0.2,0.0,sigmoid,sgd,0.03,64,xavier,"(-0.7, 0.7)",10,0.11045653644380032,0.6764705882352942,81
[6],0.12999999999999998,0.004,0.004,0.15000000000000002,0.2,tanh,sgd,0.01,32,xavier,"(-0.5, 0.5)",10,0.10467076175347054,0.7058823529411765,84
[6],0.15,0.004,0.004,0.05,0.2,tanh,sgd,0.04,8,range,"(-0.1, 0.1)",10,0.10386744431503597,0.6470588235294118,91
[6],0.16999999999999998,0.01,0.006,0.25,0.2,sigmoid,adam,0.0,8,glorot,"(-0.1, 0.1)",10,0.1003735374011731,0.7941176470588235,99
[6],0.12999999999999998,0.004,0.008,0.25,0.6000000000000001,sigmoid,adam,0.01,8,gaussian,"(-0.5, 0.5)",10,0.05140777283128731,1.0,1
[6],0.049999999999999996,0.012,0.004,0.1,0.1,sigmoid,sgd,0.02,64,he,"(-0.5, 0.5)",10,0.1115861062855417,0.7058823529411765,2
[4],0.03,0.004,0.006,0.15000000000000002,0.8,tanh,sgd,0.0,8,he,"(-0.7, 0.7)",10,0.05501063253861927,0.8529411764705882,3
[5],0.12999999999999998,0.0,0.004,0.15000000000000002,0.6000000000000001,sigmoid,sgd,0.04,16,glorot,"(-0.1, 0.1)",10,0.10904829890522426,0.7058823529411765,4
[5],0.08999999999999998,0.008,0.006,0.05,0.1,sigmoid,adam,0.02,64,he,"(-0.5, 0.5)",10,0.06605890615456458,1.0,5
[6],0.10999999999999997,0.014,0.004,0.15000000000000002,0.2,tanh,adam,0.04,16,glorot,"(-0.5, 0.5)",10,0.05764487457084309,1.0,7
[4],0.18999999999999997,0.016,0.002,0.25,0.8,sigmoid,adam,0.01,64,he,"(-0.7, 0.7)",10,0.09097904148809442,1.0,9
[3],0.03,0.004,0.004,0.1,0.5,tanh,sgd,0.04,64,he,"(-0.5, 0.5)",10,0.11672671108028293,0.7058823529411765,14
[6],0.15,0.01,0.0,0.1,0.0,sigmoid,sgd,0.02,8,xavier,"(-0.7, 0.7)",10,0.10673965687767019,0.7058823529411765,15
[3],0.06999999999999999,0.006,0.008,0.25,0.5,tanh,sgd,0.04,16,xavier,"(-0.1, 0.1)",10,0.10588135334907767,0.7058823529411765,26
[5],0.16999999999999998,0.008,0.008,0.2,0.2,tanh,adam,0.02,32,range,"(-0.7, 0.7)",10,0.07010255824604042,0.9411764705882353,27
[5],0.10999999999999997,0.014,0.006,0.1,0.0,sigmoid,adam,0.02,8,range,"(-0.5, 0.5)",10,0.07797463297830969,1.0,30
[6],0.06999999999999999,0.014,0.004,0.1,0.4,tanh,sgd,0.04,64,he,"(-0.7, 0.7)",10,0.10769881762445209,0.7647058823529411,31
[3],0.03,0.014,0.0,0.0,0.2,tanh,adam,0.0,64,xavier,"(-0.7, 0.7)",10,0.05916719937226477,0.8823529411764706,32
[5],0.06999999999999999,0.012,0.0,0.25,0.1,sigmoid,sgd,0.03,8,xavier,"(-0.7, 0.7)",10,0.10886204547978755,0.7058823529411765,34
[3],0.03,0.01,0.004,0.1,0.2,tanh,sgd,0.01,8,range,"(-0.7, 0.7)",10,0.10815275321735941,0.6764705882352942,36
[4],0.15,0.01,0.002,0.25,0.2,tanh,adam,0.01,8,gaussian,"(-0.1, 0.1)",10,0.07591844492013568,0.8823529411764706,37
[4],0.16999999999999998,0.018000000000000002,0.008,0.05,0.6000000000000001,tanh,sgd,0.01,64,glorot,"(-0.1, 0.1)",10,0.07964913961867974,0.9117647058823529,39
[6],0.049999999999999996,0.004,0.0,0.2,0.6000000000000001,sigmoid,adam,0.01,64,he,"(-0.5, 0.5)",10,0.10625815556485649,0.7058823529411765,48
[6],0.06999999999999999,0.016,0.002,0.05,0.0,tanh,sgd,0.01,32,gaussian,"(-0.5, 0.5)",10,0.11883287850943158,0.7058823529411765,51
[6],0.08999999999999998,0.002,0.002,0.2,0.30000000000000004,tanh,adam,0.0,16,he,"(-0.1, 0.1)",10,0.01684175716753161,1.0,52
[4],0.16999999999999998,0.012,0.004,0.15000000000000002,0.1,sigmoid,sgd,0.03,8,range,"(-0.7, 0.7)",10,0.11031689829828932,0.7058823529411765,53
[6],0.049999999999999996,0.006,0.004,0.1,0.5,tanh,adam,0.02,64,he,"(-0.1, 0.1)",10,0.04678792157814885,0.9411764705882353,54
[5],0.06999999999999999,0.014,0.004,0.15000000000000002,0.4,sigmoid,sgd,0.01,32,range,"(-0.1, 0.1)",10,0.10965711321559941,0.7058823529411765,56
[3],0.18999999999999997,0.018000000000000002,0.004,0.0,0.0,sigmoid,sgd,0.03,16,gaussian,"(-0.5, 0.5)",10,0.11713069985048455,0.7058823529411765,59
[4],0.01,0.008,0.0,0.15000000000000002,0.8,tanh,sgd,0.01,8,xavier,"(-0.7, 0.7)",10,0.10047710353221322,0.7647058823529411,64
[5],0.18999999999999997,0.0,0.004,0.2,0.2,sigmoid,adam,0.04,32,xavier,"(-0.5, 0.5)",10,0.022971562930084184,1.0,66
[4],0.10999999999999997,0.0,0.0,0.05,0.2,sigmoid,adam,0.0,32,glorot,"(-0.7, 0.7)",10,0.0011199726735783176,1.0,68
[4],0.18999999999999997,0.002,0.006,0.05,0.5,sigmoid,sgd,0.02,32,xavier,"(-0.7, 0.7)",10,0.10550957895626017,0.7058823529411765,71
[4],0.049999999999999996,0.014,0.0,0.0,0.4,sigmoid,adam,0.02,8,gaussian,"(-0.5, 0.5)",10,0.05866270734438915,1.0,74
[6],0.049999999999999996,0.002,0.008,0.0,0.5,tanh,sgd,0.03,16,range,"(-0.5, 0.5)",10,0.11093781044935068,0.6764705882352942,75
[6],0.049999999999999996,0.0,0.004,0.0,0.6000000000000001,sigmoid,adam,0.04,64,xavier,"(-0.1, 0.1)",10,0.061762253044441204,0.8823529411764706,77
[6],0.049999999999999996,0.01,0.006,0.1,0.2,tanh,sgd,0.02,64,glorot,"(-0.5, 0.5)",10,0.12405108605856824,0.6764705882352942,79
[3],0.12999999999999998,0.016,0.006,0.2,0.7000000000000001,sigmoid,adam,0.02,8,glorot,"(-0.7, 0.7)",10,0.08352842490989515,1.0,81
[3],0.16999999999999998,0.004,0.0,0.1,0.8,tanh,sgd,0.04,8,xavier,"(-0.1, 0.1)",10,0.022784554970278908,0.9705882352941176,89
[5],0.08999999999999998,0.002,0.006,0.0,0.5,tanh,adam,0.02,32,he,"(-0.1, 0.1)",10,0.01906227749110326,1.0,95
[6],0.18999999999999997,0.014,0.002,0.1,0.2,sigmoid,adam,0.02,16,he,"(-0.7, 0.7)",10,0.11492632113093794,0.7058823529411765,1
[6],0.12999999999999998,0.0,0.0,0.2,0.30000000000000004,tanh,sgd,0.02,16,gaussian,"(-0.7, 0.7)",10,0.10525284137999184,0.7058823529411765,3
[4],0.12999999999999998,0.002,0.008,0.25,0.1,tanh,sgd,0.0,64,xavier,"(-0.7, 0.7)",10,0.11797752257460323,0.7058823529411765,9
[6],0.18999999999999997,0.018000000000000002,0.006,0.25,0.8,tanh,adam,0.0,8,gaussian,"(-0.5, 0.5)",10,0.07763628066571111,1.0,29
[3],0.01,0.006,0.004,0.05,0.4,tanh,sgd,0.0,32,xavier,"(-0.7, 0.7)",10,0.1204146208679717,0.6470588235294118,30
[3],0.18999999999999997,0.008,0.006,0.2,0.8,tanh,sgd,0.02,16,xavier,"(-0.7, 0.7)",10,0.060908450092108865,0.9411764705882353,35
[4],0.18999999999999997,0.016,0.006,0.2,0.0,sigmoid,adam,0.03,16,range,"(-0.7, 0.7)",10,0.12610990634905248,0.7058823529411765,37
[4],0.12999999999999998,0.002,0.002,0.2,0.6000000000000001,sigmoid,sgd,0.0,64,he,"(-0.1, 0.1)",10,0.11068267448696338,0.7058823529411765,40
[4],0.049999999999999996,0.012,0.008,0.1,0.2,tanh,adam,0.0,16,gaussian,"(-0.1, 0.1)",10,0.04655510561504303,0.9411764705882353,44
[6],0.16999999999999998,0.016,0.0,0.1,0.30000000000000004,tanh,sgd,0.03,16,xavier,"(-0.1, 0.1)",10,0.11689642967610762,0.6764705882352942,45
[5],0.06999999999999999,0.002,0.002,0.25,0.0,tanh,sgd,0.02,8,he,"(-0.1, 0.1)",10,0.11370533357615173,0.7058823529411765,46
[6],0.10999999999999997,0.018000000000000002,0.004,0.25,0.2,tanh,adam,0.03,16,gaussian,"(-0.5, 0.5)",10,0.10294319766578813,0.9411764705882353,48
[4],0.16999999999999998,0.004,0.006,0.05,0.2,sigmoid,adam,0.02,8,xavier,"(-0.5, 0.5)",10,0.052448893314454424,1.0,53
[5],0.03,0.016,0.004,0.25,0.4,sigmoid,adam,0.03,32,range,"(-0.7, 0.7)",10,0.11469307228696482,0.7058823529411765,55
[4],0.06999999999999999,0.012,0.008,0.05,0.2,tanh,sgd,0.02,64,range,"(-0.7, 0.7)",10,0.1198175126807929,0.7058823529411765,61
[6],0.049999999999999996,0.01,0.008,0.2,0.7000000000000001,tanh,adam,0.04,32,glorot,"(-0.7, 0.7)",10,0.08379543510516697,0.7941176470588235,67
[3],0.12999999999999998,0.012,0.008,0.25,0.8,tanh,sgd,0.01,64,glorot,"(-0.1, 0.1)",10,0.11507529788445742,0.6470588235294118,70
[5],0.06999999999999999,0.0,0.008,0.2,0.8,sigmoid,sgd,0.0,32,xavier,"(-0.7, 0.7)",10,0.1091433432498312,0.7058823529411765,71
[5],0.15,0.004,0.008,0.1,0.6000000000000001,sigmoid,sgd,0.0,64,glorot,"(-0.7, 0.7)",10,0.11129960401348356,0.7058823529411765,80
[4],0.15,0.012,0.002,0.15000000000000002,0.5,tanh,adam,0.02,64,xavier,"(-0.7, 0.7)",10,0.10783577646057108,0.7352941176470589,83
[4],0.03,0.008,0.002,0.2,0.6000000000000001,tanh,sgd,0.01,16,glorot,"(-0.1, 0.1)",10,0.11972991453008701,0.6764705882352942,84
[5],0.15,0.01,0.008,0.2,0.7000000000000001,tanh,sgd,0.01,8,xavier,"(-0.7, 0.7)",10,0.04200602302544222,0.9411764705882353,90
[6],0.049999999999999996,0.016,0.002,0.2,0.7000000000000001,tanh,adam,0.02,64,range,"(-0.1, 0.1)",10,0.11125129221711014,0.7058823529411765,94
[6],0.12999999999999998,0.006,0.002,0.25,0.6000000000000001,tanh,sgd,0.02,8,glorot,"(-0.7, 0.7)",10,0.11448088857437913,0.7058823529411765,97
[3],0.12999999999999998,0.006,0.0,0.0,0.7000000000000001,sigmoid,adam,0.0,16,xavier,"(-0.5, 0.5)",10,0.04774663105079099,1.0,5
[5],0.16999999999999998,0.014,0.002,0.2,0.2,tanh,adam,0.03,32,range,"(-0.7, 0.7)",10,0.09205347064085057,0.9090909090909091,8
[5],0.10999999999999997,0.012,0.004,0.0,0.1,sigmoid,sgd,0.01,16,gaussian,"(-0.1, 0.1)",10,0.12315706464568334,0.5757575757575758,11
[3],0.01,0.006,0.006,0.0,0.7000000000000001,sigmoid,adam,0.04,64,he,"(-0.7, 0.7)",10,0.1241423903953067,0.5757575757575758,13
[5],0.16999999999999998,0.0,0.0,0.1,0.1,sigmoid,sgd,0.0,16,range,"(-0.5, 0.5)",10,0.12292139653711431,0.5757575757575758,14
[4],0.12999999999999998,0.004,0.008,0.05,0.5,sigmoid,sgd,0.01,32,xavier,"(-0.7, 0.7)",10,0.1239818871705429,0.5757575757575758,36
[6],0.10999999999999997,0.004,0.006,0.15000000000000002,0.7000000000000001,sigmoid,sgd,0.01,16,gaussian,"(-0.5, 0.5)",10,0.13093729240005153,0.5757575757575758,39
[5],0.12999999999999998,0.006,0.002,0.05,0.1,sigmoid,adam,0.04,64,he,"(-0.5, 0.5)",10,0.056559363580742164,1.0,40
[3],0.16999999999999998,0.002,0.002,0.2,0.8,sigmoid,adam,0.03,32,glorot,"(-0.1, 0.1)",10,0.09522425249774273,0.7575757575757576,44
[4],0.049999999999999996,0.004,0.002,0.25,0.0,tanh,adam,0.02,64,he,"(-0.7, 0.7)",10,0.12005162217289253,0.48484848484848486,47
[6],0.06999999999999999,0.006,0.008,0.25,0.7000000000000001,tanh,adam,0.03,8,range,"(-0.7, 0.7)",10,0.03361534582372251,1.0,49
[3],0.049999999999999996,0.0,0.008,0.2,0.4,tanh,sgd,0.0,8,glorot,"(-0.1, 0.1)",10,0.12276816269338542,0.5454545454545454,51
[4],0.10999999999999997,0.014,0.004,0.05,0.8,tanh,sgd,0.0,32,gaussian,"(-0.1, 0.1)",10,0.12347502099334728,0.5757575757575758,62
[6],0.16999999999999998,0.0,0.006,0.2,0.2,sigmoid,adam,0.03,32,he,"(-0.1, 0.1)",10,0.02770011232369681,1.0,63
[6],0.049999999999999996,0.008,0.004,0.2,0.2,sigmoid,adam,0.0,32,range,"(-0.7, 0.7)",10,0.126923367623079,0.5757575757575758,72
[5],0.16999999999999998,0.014,0.006,0.2,0.6000000000000001,sigmoid,sgd,0.04,16,glorot,"(-0.5, 0.5)",10,0.12665224993261437,0.5757575757575758,73
[3],0.16999999999999998,0.018000000000000002,0.0,0.05,0.7000000000000001,sigmoid,adam,0.04,8,he,"(-0.7, 0.7)",10,0.099352990263294,1.0,84
[5],0.18999999999999997,0.008,0.0,0.25,0.7000000000000001,sigmoid,sgd,0.02,8,he,"(-0.5, 0.5)",10,0.12401942951163937,0.5757575757575758,86
[4],0.16999999999999998,0.002,0.004,0.1,0.2,tanh,adam,0.02,8,gaussian,"(-0.7, 0.7)",10,0.04281537475392993,0.9696969696969697,87
[4],0.15,0.01,0.002,0.1,0.30000000000000004,tanh,sgd,0.04,8,he,"(-0.1, 0.1)",10,0.048869199637615005,1.0,88
[6],0.15,0.006,0.008,0.05,0.8,tanh,sgd,0.02,8,gaussian,"(-0.1, 0.1)",10,0.028987071774824652,1.0,93
[6],0.03,0.016,0.0,0.25,0.7000000000000001,tanh,sgd,0.02,32,xavier,"(-0.1, 0.1)",10,0.12674816057368585,0.5757575757575758,94
[4],0.03,0.004,0.004,0.1,0.7000000000000001,sigmoid,adam,0.02,64,he,"(-0.5, 0.5)",10,0.1251013461484607,0.5454545454545454,96
[3],0.01,0.008,0.002,0.05,0.2,sigmoid,sgd,0.04,64,gaussian,"(-0.1, 0.1)",20,0.12594665912122935,0.4411764705882353,1
[4],0.06999999999999999,0.016,0.008,0.0,0.8,sigmoid,adam,0.01,64,range,"(-0.5, 0.5)",20,0.12925857161122944,0.6764705882352942,2
[4],0.12999999999999998,0.01,0.004,0.05,0.30000000000000004,tanh,sgd,0.0,64,gaussian,"(-0.5, 0.5)",30,0.15119522985065914,0.4411764705882353,3
[5],0.01,0.014,0.008,0.0,0.6000000000000001,sigmoid,adam,0.04,32,range,"(-0.1, 0.1)",35,0.1312771836033047,0.4411764705882353,4
[3],0.01,0.006,0.004,0.0,0.30000000000000004,sigmoid,adam,0.02,64,he,"(-0.1, 0.1)",30,0.12897502870348748,0.4411764705882353,5
[5],0.06999999999999999,0.008,0.0,0.2,0.2,sigmoid,sgd,0.03,64,he,"(-0.7, 0.7)",35,0.13147472919990585,0.4411764705882353,6
[4],0.10999999999999997,0.0,0.002,0.0,0.5,tanh,adam,0.0,16,range,"(-0.7, 0.7)",30,0.003603085707273734,1.0,7
[4],0.15,0.012,0.006,0.05,0.4,sigmoid,sgd,0.04,32,range,"(-0.5, 0.5)",35,0.1408997747942333,0.4411764705882353,8
[6],0.10999999999999997,0.006,0.002,0.2,0.7000000000000001,sigmoid,sgd,0.0,16,xavier,"(-0.7, 0.7)",30,0.1483682227995329,0.4411764705882353,9
[3],0.12999999999999998,0.012,0.008,0.15000000000000002,0.8,tanh,sgd,0.0,32,he,"(-0.1, 0.1)",30,0.11489267012823981,0.6176470588235294,10
[6],0.049999999999999996,0.014,0.0,0.25,0.4,sigmoid,sgd,0.02,16,xavier,"(-0.5, 0.5)",20,0.13247579471948695,0.4411764705882353,11
[3],0.18999999999999997,0.01,0.006,0.0,0.1,tanh,adam,0.01,8,xavier,"(-0.7, 0.7)",20,0.04057715247547035,1.0,12
[3],0.15,0.002,0.008,0.05,0.2,tanh,sgd,0.02,64,xavier,"(-0.7, 0.7)",35,0.127441567399043,0.5294117647058824,13
[4],0.08999999999999998,0.012,0.004,0.15000000000000002,0.8,tanh,sgd,0.01,16,gaussian,"(-0.5, 0.5)",20,0.14358928924712347,0.4411764705882353,14
[4],0.18999999999999997,0.006,0.0,0.0,0.0,sigmoid,sgd,0.0,32,gaussian,"(-0.7, 0.7)",20,0.13429387703965304,0.4411764705882353,15
[5],0.15,0.006,0.008,0.05,0.7000000000000001,sigmoid,adam,0.03,16,gaussian,"(-0.1, 0.1)",35,0.07763046451164253,1.0,16
[6],0.10999999999999997,0.012,0.006,0.15000000000000002,0.0,sigmoid,sgd,0.03,32,gaussian,"(-0.1, 0.1)",20,0.13060138240933175,0.4411764705882353,17
[4],0.16999999999999998,0.014,0.002,0.15000000000000002,0.2,tanh,adam,0.01,8,glorot,"(-0.7, 0.7)",20,0.048028756214943714,1.0,18
[3],0.16999999999999998,0.0,0.0,0.05,0.2,tanh,adam,0.03,16,glorot,"(-0.1, 0.1)",20,0.11387099057105114,0.7058823529411765,19
[6],0.01,0.012,0.004,0.15000000000000002,0.4,tanh,adam,0.01,16,he,"(-0.1, 0.1)",20,0.10007687217158623,0.6470588235294118,20
[3],0.10999999999999997,0.0,0.0,0.2,0.7000000000000001,sigmoid,sgd,0.04,8,xavier,"(-0.1, 0.1)",35,0.14289504795864905,0.4411764705882353,21
[3],0.06999999999999999,0.012,0.0,0.2,0.30000000000000004,sigmoid,sgd,0.03,32,he,"(-0.1, 0.1)",35,0.1294299624090771,0.4411764705882353,22
[5],0.06999999999999999,0.008,0.006,0.05,0.4,tanh,adam,0.0,8,glorot,"(-0.7, 0.7)",35,0.04185849435539245,1.0,23
[3],0.03,0.016,0.002,0.2,0.4,sigmoid,adam,0.0,16,he,"(-0.5, 0.5)",20,0.12689099414328145,0.47058823529411764,24
[6],0.16999999999999998,0.008,0.008,0.25,0.8,sigmoid,adam,0.0,16,he,"(-0.1, 0.1)",20,0.11011223148769222,1.0,25
[4],0.08999999999999998,0.008,0.008,0.05,0.5,sigmoid,adam,0.04,64,he,"(-0.1, 0.1)",20,0.11442449560273221,0.6470588235294118,26
[6],0.08999999999999998,0.0,0.0,0.1,0.2,tanh,sgd,0.03,64,range,"(-0.1, 0.1)",20,0.12547042496320798,0.4411764705882353,27
[3],0.049999999999999996,0.016,0.0,0.1,0.8,sigmoid,adam,0.01,8,he,"(-0.5, 0.5)",20,0.08047603531640761,1.0,28
[5],0.06999999999999999,0.006,0.0,0.1,0.8,tanh,sgd,0.01,16,xavier,"(-0.5, 0.5)",20,0.1301657553852842,0.4411764705882353,29
[4],0.10999999999999997,0.012,0.002,0.1,0.2,sigmoid,adam,0.0,64,xavier,"(-0.1, 0.1)",30,0.11053966390519024,0.9117647058823529,30
[5],0.08999999999999998,0.006,0.002,0.0,0.30000000000000004,tanh,adam,0.02,8,he,"(-0.5, 0.5)",35,0.025545456533528087,1.0,31
[6],0.16999999999999998,0.01,0.0,0.0,0.4,sigmoid,adam,0.0,8,range,"(-0.5, 0.5)",30,0.06205637208851608,1.0,32
[5],0.12999999999999998,0.018000000000000002,0.008,0.0,0.6000000000000001,sigmoid,adam,0.0,64,gaussian,"(-0.7, 0.7)",35,0.12690289753151943,1.0,33
[4],0.10999999999999997,0.012,0.0,0.25,0.5,tanh,sgd,0.02,32,glorot,"(-0.5, 0.5)",30,0.13712728124184267,0.5,34
[5],0.16999999999999998,0.004,0.002,0.15000000000000002,0.6000000000000001,sigmoid,adam,0.03,8,he,"(-0.5, 0.5)",20,0.04920998923664734,1.0,35
[6],0.18999999999999997,0.018000000000000002,0.004,0.15000000000000002,0.7000000000000001,tanh,sgd,0.04,64,xavier,"(-0.7, 0.7)",20,0.13602356732183662,0.47058823529411764,36
[5],0.16999999999999998,0.018000000000000002,0.004,0.0,0.30000000000000004,tanh,sgd,0.01,16,gaussian,"(-0.1, 0.1)",20,0.13867110493041962,0.4411764705882353,37
[6],0.18999999999999997,0.002,0.006,0.15000000000000002,0.30000000000000004,tanh,adam,0.03,16,xavier,"(-0.7, 0.7)",35,0.030487703832986046,1.0,38
[3],0.03,0.012,0.002,0.05,0.8,tanh,sgd,0.04,16,gaussian,"(-0.5, 0.5)",20,0.15074437364622165,0.4411764705882353,39
[6],0.16999999999999998,0.016,0.008,0.1,0.7000000000000001,tanh,adam,0.01,64,glorot,"(-0.5, 0.5)",20,0.13075129722886758,0.6470588235294118,40
[5],0.16999999999999998,0.014,0.002,0.1,0.7000000000000001,sigmoid,adam,0.01,32,he,"(-0.5, 0.5)",35,0.12655528359432117,1.0,41
[3],0.049999999999999996,0.004,0.002,0.15000000000000002,0.2,sigmoid,sgd,0.03,64,he,"(-0.7, 0.7)",30,0.12778167612556726,0.4411764705882353,42
[6],0.01,0.006,0.006,0.15000000000000002,0.0,tanh,adam,0.0,32,he,"(-0.5, 0.5)",30,0.11878365966500033,0.6176470588235294,43
[4],0.15,0.006,0.004,0.15000000000000002,0.7000000000000001,sigmoid,adam,0.02,64,xavier,"(-0.5, 0.5)",20,0.12978822681693447,0.5,44
[3],0.12999999999999998,0.018000000000000002,0.008,0.25,0.0,sigmoid,adam,0.01,64,xavier,"(-0.1, 0.1)",30,0.13745542989356782,0.7941176470588235,45
[6],0.10999999999999997,0.006,0.006,0.1,0.5,tanh,adam,0.03,32,gaussian,"(-0.5, 0.5)",20,0.05732444299819574,0.9705882352941176,46
[3],0.10999999999999997,0.006,0.0,0.25,0.0,sigmoid,sgd,0.01,8,range,"(-0.1, 0.1)",20,0.13330832998510406,0.4411764705882353,47
[4],0.15,0.002,0.008,0.05,0.7000000000000001,tanh,adam,0.01,8,xavier,"(-0.5, 0.5)",20,0.06541236962394975,0.9117647058823529,48
[3],0.08999999999999998,0.018000000000000002,0.006,0.15000000000000002,0.30000000000000004,sigmoid,sgd,0.0,32,range,"(-0.1, 0.1)",35,0.12805103793169556,0.4411764705882353,49
[3],0.10999999999999997,0.016,0.006,0.25,0.5,sigmoid,adam,0.0,64,glorot,"(-0.1, 0.1)",30,0.14254817905712777,0.6470588235294118,50
[5],0.15,0.004,0.006,0.05,0.8,tanh,adam,0.03,64,range,"(-0.5, 0.5)",30,0.0870476088688779,0.8529411764705882,51
[4],0.03,0.008,0.006,0.05,0.7000000000000001,tanh,adam,0.0,64,he,"(-0.1, 0.1)",30,0.09575173672517225,0.7352941176470589,52
[4],0.10999999999999997,0.008,0.004,0.1,0.4,sigmoid,sgd,0.0,16,glorot,"(-0.5, 0.5)",35,0.14964286092827483,0.4411764705882353,53
[4],0.15,0.014,0.006,0.0,0.1,tanh,sgd,0.03,16,he,"(-0.7, 0.7)",35,0.1566838507371273,0.4411764705882353,54
[5],0.15,0.016,0.008,0.1,0.6000000000000001,tanh,adam,0.03,32,he,"(-0.5, 0.5)",20,0.09721971356333274,0.9411764705882353,55
[3],0.06999999999999999,0.01,0.0,0.25,0.8,sigmoid,sgd,0.01,64,he,"(-0.7, 0.7)",35,0.1288709049358343,0.4411764705882353,56
[5],0.03,0.006,0.004,0.05,0.5,sigmoid,adam,0.0,16,he,"(-0.1, 0.1)",20,0.05398243170019376,1.0,57
[5],0.049999999999999996,0.014,0.0,0.0,0.4,tanh,adam,0.03,32,xavier,"(-0.1, 0.1)",30,0.04712509076654518,1.0,58
[6],0.03,0.002,0.006,0.15000000000000002,0.1,sigmoid,sgd,0.01,32,gaussian,"(-0.1, 0.1)",20,0.12855210245926216,0.4411764705882353,59
[6],0.18999999999999997,0.018000000000000002,0.008,0.05,0.8,tanh,adam,0.03,32,range,"(-0.5, 0.5)",30,0.07464386779366278,1.0,60
[3],0.18999999999999997,0.002,0.002,0.25,0.30000000000000004,tanh,sgd,0.01,16,xavier,"(-0.7, 0.7)",20,0.13172358423130606,0.4411764705882353,61
[4],0.01,0.012,0.006,0.25,0.7000000000000001,tanh,sgd,0.01,32,he,"(-0.7, 0.7)",30,0.14952216798826884,0.4117647058823529,62
[3],0.06999999999999999,0.008,0.008,0.25,0.30000000000000004,tanh,sgd,0.04,16,xavier,"(-0.5, 0.5)",20,0.12824233539767438,0.47058823529411764,63
[3],0.01,0.004,0.004,0.2,0.4,tanh,sgd,0.03,32,glorot,"(-0.5, 0.5)",35,0.12559718962674432,0.5588235294117647,64
[6],0.15,0.002,0.008,0.0,0.6000000000000001,tanh,adam,0.0,8,xavier,"(-0.7, 0.7)",35,0.08781261290493353,0.8529411764705882,65
[3],0.08999999999999998,0.018000000000000002,0.0,0.05,0.7000000000000001,tanh,adam,0.01,64,glorot,"(-0.1, 0.1)",30,0.12539103634686252,0.6764705882352942,66
[5],0.12999999999999998,0.01,0.004,0.25,0.1,sigmoid,adam,0.03,64,he,"(-0.7, 0.7)",30,0.10581767618810942,0.9705882352941176,67
[3],0.15,0.002,0.004,0.1,0.5,sigmoid,adam,0.04,8,range,"(-0.5, 0.5)",30,0.037651742899391626,1.0,68
[3],0.06999999999999999,0.016,0.004,0.2,0.7000000000000001,tanh,sgd,0.01,32,range,"(-0.1, 0.1)",30,0.12628633828874425,0.4411764705882353,69
[6],0.15,0.002,0.0,0.25,0.30000000000000004,sigmoid,adam,0.04,8,range,"(-0.5, 0.5)",20,0.04257132229746453,1.0,70
[4],0.03,0.014,0.0,0.25,0.2,tanh,adam,0.04,32,glorot,"(-0.5, 0.5)",30,0.11913169542385141,0.5882352941176471,71
[4],0.15,0.016,0.002,0.15000000000000002,0.30000000000000004,sigmoid,sgd,0.02,64,he,"(-0.7, 0.7)",30,0.14597271409982812,0.4411764705882353,72
[3],0.08999999999999998,0.008,0.008,0.2,0.7000000000000001,sigmoid,adam,0.04,64,he,"(-0.5, 0.5)",35,0.12524606968660307,0.4411764705882353,73
[6],0.15,0.01,0.002,0.25,0.30000000000000004,tanh,sgd,0.03,8,he,"(-0.7, 0.7)",30,0.09476083363243677,0.6470588235294118,74
[6],0.12999999999999998,0.004,0.006,0.0,0.2,tanh,sgd,0.03,8,range,"(-0.5, 0.5)",20,0.1103871059664091,0.6176470588235294,75
[4],0.12999999999999998,0.004,0.0,0.15000000000000002,0.4,tanh,adam,0.0,32,range,"(-0.5, 0.5)",30,0.042772581582694924,1.0,76
[6],0.16999999999999998,0.0,0.008,0.0,0.30000000000000004,tanh,sgd,0.0,64,gaussian,"(-0.7, 0.7)",35,0.17812058702019237,0.4411764705882353,77
[3],0.15,0.004,0.004,0.0,0.0,tanh,sgd,0.02,32,he,"(-0.5, 0.5)",20,0.12937295242912555,0.5588235294117647,78
[4],0.16999999999999998,0.012,0.008,0.25,0.2,sigmoid,sgd,0.0,64,range,"(-0.7, 0.7)",20,0.14453194027596217,0.4411764705882353,79
[6],0.18999999999999997,0.004,0.002,0.15000000000000002,0.4,tanh,adam,0.0,64,he,"(-0.7, 0.7)",35,0.06171691165501277,0.9117647058823529,80
[4],0.03,0.014,0.004,0.2,0.4,tanh,adam,0.03,32,xavier,"(-0.5, 0.5)",30,0.13892346022005886,0.4411764705882353,81
[3],0.06999999999999999,0.012,0.008,0.1,0.4,tanh,sgd,0.03,32,gaussian,"(-0.7, 0.7)",35,0.16082056008011597,0.4411764705882353,82
[3],0.18999999999999997,0.014,0.004,0.05,0.5,sigmoid,sgd,0.04,32,xavier,"(-0.7, 0.7)",20,0.13452331354473998,0.4411764705882353,83
[3],0.08999999999999998,0.014,0.0,0.2,0.5,sigmoid,sgd,0.02,32,glorot,"(-0.1, 0.1)",20,0.12762011179978627,0.5294117647058824,84
[4],0.16999999999999998,0.01,0.008,0.2,0.4,sigmoid,adam,0.03,32,he,"(-0.1, 0.1)",30,0.1118284023949579,1.0,85
[3],0.049999999999999996,0.006,0.006,0.2,0.5,sigmoid,adam,0.0,32,range,"(-0.1, 0.1)",30,0.1238759631445732,0.5588235294117647,86
[5],0.08999999999999998,0.018000000000000002,0.006,0.25,0.5,sigmoid,sgd,0.03,8,range,"(-0.7, 0.7)",30,0.15164195185122362,0.4411764705882353,87
[4],0.03,0.014,0.004,0.25,0.6000000000000001,sigmoid,sgd,0.0,8,he,"(-0.5, 0.5)",20,0.14571009774123161,0.4411764705882353,88
[3],0.06999999999999999,0.016,0.002,0.15000000000000002,0.7000000000000001,tanh,adam,0.04,16,glorot,"(-0.7, 0.7)",20,0.10828053651128715,0.6764705882352942,89
[6],0.18999999999999997,0.012,0.004,0.0,0.5,sigmoid,adam,0.03,16,he,"(-0.1, 0.1)",35,0.0879792635438708,1.0,90
[5],0.16999999999999998,0.01,0.0,0.15000000000000002,0.4,sigmoid,sgd,0.03,8,xavier,"(-0.7, 0.7)",35,0.14692649593414023,0.4411764705882353,91
[3],0.01,0.01,0.002,0.05,0.30000000000000004,sigmoid,sgd,0.04,16,xavier,"(-0.5, 0.5)",20,0.12700496071845552,0.4411764705882353,92
[3],0.08999999999999998,0.004,0.002,0.2,0.4,sigmoid,sgd,0.0,16,gaussian,"(-0.5, 0.5)",20,0.13034357797956808,0.4411764705882353,93
[5],0.01,0.004,0.004,0.0,0.2,tanh,sgd,0.0,64,glorot,"(-0.5, 0.5)",35,0.13319467871265656,0.5588235294117647,94
[3],0.15,0.016,0.002,0.2,0.0,tanh,adam,0.0,8,glorot,"(-0.5, 0.5)",30,0.07756094227454342,1.0,95
[3],0.15,0.014,0.0,0.0,0.5,sigmoid,sgd,0.01,32,range,"(-0.7, 0.7)",35,0.12990280725360231,0.4411764705882353,96
[5],0.12999999999999998,0.018000000000000002,0.008,0.1,0.7000000000000001,tanh,sgd,0.0,16,glorot,"(-0.5, 0.5)",20,0.14674643864787013,0.47058823529411764,97
[6],0.10999999999999997,0.014,0.006,0.15000000000000002,0.1,tanh,adam,0.02,32,he,"(-0.1, 0.1)",35,0.08682864934977991,1.0,98
[6],0.03,0.002,0.0,0.0,0.6000000000000001,sigmoid,adam,0.01,8,range,"(-0.7, 0.7)",35,0.018867967924162926,1.0,99
[5],0.03,0.012,0.004,0.25,0.6000000000000001,sigmoid,adam,0.04,32,he,"(-0.1, 0.1)",35,0.15142874625345729,0.4411764705882353,100
[4],0.049999999999999996,0.014,0.002,0.0,0.5,tanh,sgd,0.02,16,glorot,"(-0.7, 0.7)",35,0.09533756820504467,0.7352941176470589,1
[3],0.18999999999999997,0.008,0.0,0.05,0.4,tanh,adam,0.02,8,xavier,"(-0.1, 0.1)",35,0.030705876653519006,1.0,2
[6],0.03,0.004,0.0,0.0,0.8,sigmoid,adam,0.03,64,he,"(-0.1, 0.1)",30,0.10753984672663124,0.6470588235294118,3
[5],0.10999999999999997,0.018000000000000002,0.008,0.0,0.0,sigmoid,sgd,0.04,8,gaussian,"(-0.5, 0.5)",30,0.1250331028479756,0.6764705882352942,4
[6],0.15,0.018000000000000002,0.006,0.15000000000000002,0.4,sigmoid,sgd,0.02,64,gaussian,"(-0.5, 0.5)",35,0.12851713480603702,0.6764705882352942,5
[6],0.16999999999999998,0.008,0.0,0.05,0.6000000000000001,sigmoid,sgd,0.01,32,xavier,"(-0.1, 0.1)",30,0.10846876218137302,0.6764705882352942,6
[5],0.10999999999999997,0.002,0.0,0.15000000000000002,0.6000000000000001,sigmoid,sgd,0.03,16,range,"(-0.7, 0.7)",35,0.10901333524741671,0.6764705882352942,7
[5],0.03,0.012,0.0,0.15000000000000002,0.0,tanh,sgd,0.02,64,range,"(-0.5, 0.5)",35,0.11569569431802015,0.7058823529411765,8
[6],0.08999999999999998,0.002,0.006,0.0,0.5,sigmoid,adam,0.02,8,glorot,"(-0.1, 0.1)",20,0.03188455362364946,1.0,9
[6],0.18999999999999997,0.012,0.008,0.0,0.6000000000000001,tanh,adam,0.01,32,xavier,"(-0.1, 0.1)",35,0.14882279061708684,0.8235294117647058,10
[3],0.16999999999999998,0.016,0.002,0.1,0.5,sigmoid,sgd,0.0,16,he,"(-0.1, 0.1)",20,0.10892682192746134,0.6764705882352942,11
[4],0.03,0.004,0.006,0.15000000000000002,0.7000000000000001,tanh,adam,0.01,64,gaussian,"(-0.5, 0.5)",30,0.07608434962271804,0.7647058823529411,12
[5],0.08999999999999998,0.018000000000000002,0.0,0.1,0.8,sigmoid,adam,0.03,64,gaussian,"(-0.1, 0.1)",30,0.10874244971357905,0.7941176470588235,13
[5],0.03,0.002,0.008,0.2,0.8,tanh,adam,0.04,8,glorot,"(-0.7, 0.7)",35,0.0370062856182601,0.9411764705882353,14
[4],0.10999999999999997,0.018000000000000002,0.006,0.2,0.2,sigmoid,adam,0.0,32,gaussian,"(-0.7, 0.7)",35,0.1346871731983162,1.0,15
[4],0.01,0.006,0.006,0.15000000000000002,0.8,sigmoid,adam,0.02,32,glorot,"(-0.5, 0.5)",30,0.10462178291404144,0.6764705882352942,16
[3],0.10999999999999997,0.002,0.004,0.0,0.8,tanh,adam,0.02,16,he,"(-0.1, 0.1)",35,0.013397624644143919,1.0,17
[4],0.10999999999999997,0.008,0.006,0.05,0.1,tanh,adam,0.02,16,range,"(-0.1, 0.1)",35,0.04044570893538545,1.0,18
[6],0.16999999999999998,0.01,0.0,0.1,0.4,sigmoid,sgd,0.02,64,xavier,"(-0.1, 0.1)",20,0.11019758019400616,0.6764705882352942,19
[4],0.03,0.008,0.0,0.2,0.8,sigmoid,adam,0.04,16,range,"(-0.5, 0.5)",20,0.08092071734352414,0.7941176470588235,20
[4],0.049999999999999996,0.018000000000000002,0.002,0.25,0.7000000000000001,sigmoid,adam,0.02,16,glorot,"(-0.7, 0.7)",30,0.10774963370518245,0.9117647058823529,21
[6],0.06999999999999999,0.016,0.002,0.1,0.7000000000000001,sigmoid,adam,0.04,64,glorot,"(-0.5, 0.5)",30,0.09528198754685735,0.7647058823529411,22
[6],0.049999999999999996,0.006,0.008,0.05,0.4,sigmoid,adam,0.02,8,range,"(-0.1, 0.1)",30,0.057172871071438425,1.0,23
[3],0.049999999999999996,0.008,0.006,0.2,0.2,tanh,sgd,0.01,64,he,"(-0.1, 0.1)",30,0.11335979409437505,0.6764705882352942,24
[3],0.12999999999999998,0.016,0.004,0.05,0.6000000000000001,sigmoid,adam,0.01,8,he,"(-0.1, 0.1)",35,0.08600562427516939,1.0,25
[5],0.049999999999999996,0.004,0.0,0.1,0.7000000000000001,sigmoid,adam,0.03,8,gaussian,"(-0.1, 0.1)",30,0.039639664601769604,1.0,26
[4],0.049999999999999996,0.016,0.008,0.2,0.6000000000000001,sigmoid,adam,0.01,32,gaussian,"(-0.1, 0.1)",20,0.10326860436688794,0.5294117647058824,27
[6],0.18999999999999997,0.014,0.0,0.0,0.7000000000000001,sigmoid,sgd,0.01,32,glorot,"(-0.1, 0.1)",35,0.10853957925237218,0.6470588235294118,28
[5],0.06999999999999999,0.018000000000000002,0.006,0.05,0.1,tanh,sgd,0.04,8,glorot,"(-0.5, 0.5)",20,0.10401041800835056,0.6470588235294118,29
[6],0.10999999999999997,0.008,0.0,0.1,0.1,tanh,sgd,0.0,32,xavier,"(-0.1, 0.1)",30,0.1041698515008395,0.7058823529411765,30
[5],0.049999999999999996,0.014,0.006,0.25,0.2,sigmoid,sgd,0.03,8,he,"(-0.1, 0.1)",20,0.11538225695309548,0.6764705882352942,31
[4],0.01,0.01,0.004,0.2,0.6000000000000001,tanh,adam,0.0,16,he,"(-0.5, 0.5)",20,0.07145286691148044,0.8235294117647058,32
[5],0.08999999999999998,0.002,0.004,0.15000000000000002,0.6000000000000001,tanh,adam,0.02,16,glorot,"(-0.7, 0.7)",30,0.024565756374558746,1.0,33
[5],0.16999999999999998,0.008,0.0,0.25,0.6000000000000001,sigmoid,adam,0.04,16,range,"(-0.5, 0.5)",30,0.09519522285971181,1.0,34
[3],0.03,0.01,0.004,0.1,0.7000000000000001,tanh,sgd,0.03,32,glorot,"(-0.1, 0.1)",35,0.11426038181066243,0.6470588235294118,35
[5],0.18999999999999997,0.012,0.004,0.25,0.0,sigmoid,adam,0.02,16,gaussian,"(-0.1, 0.1)",35,0.10592398232482639,1.0,36
[6],0.01,0.004,0.0,0.05,0.5,tanh,adam,0.04,8,range,"(-0.1, 0.1)",35,0.03945590739181377,0.9705882352941176,37
[6],0.10999999999999997,0.01,0.006,0.0,0.2,tanh,adam,0.02,32,xavier,"(-0.1, 0.1)",20,0.04031883333703,1.0,38
[4],0.15,0.016,0.006,0.2,0.1,tanh,adam,0.03,16,range,"(-0.5, 0.5)",35,0.05813330328646375,1.0,39
[6],0.06999999999999999,0.002,0.002,0.0,0.7000000000000001,sigmoid,adam,0.0,32,he,"(-0.7, 0.7)",20,0.027822820860271404,1.0,40
[5],0.08999999999999998,0.004,0.002,0.1,0.8,sigmoid,sgd,0.01,16,xavier,"(-0.5, 0.5)",20,0.10894459132341835,0.6764705882352942,41
[5],0.16999999999999998,0.018000000000000002,0.004,0.15000000000000002,0.8,sigmoid,sgd,0.0,32,glorot,"(-0.7, 0.7)",35,0.10597973450582443,0.6764705882352942,42
[6],0.16999999999999998,0.012,0.006,0.2,0.1,sigmoid,adam,0.0,64,glorot,"(-0.7, 0.7)",35,0.13516006433913558,0.9411764705882353,43
[5],0.049999999999999996,0.016,0.008,0.05,0.2,tanh,sgd,0.0,16,he,"(-0.1, 0.1)",20,0.11225823094092906,0.7058823529411765,44
[5],0.06999999999999999,0.01,0.008,0.1,0.1,tanh,sgd,0.04,32,xavier,"(-0.7, 0.7)",30,0.11424589155382905,0.6764705882352942,45
[3],0.16999999999999998,0.004,0.008,0.2,0.2,sigmoid,adam,0.04,8,gaussian,"(-0.1, 0.1)",20,0.05669049006430725,1.0,46
[5],0.06999999999999999,0.018000000000000002,0.006,0.2,0.0,tanh,adam,0.02,64,xavier,"(-0.7, 0.7)",30,0.0965921269733409,0.8529411764705882,47
[5],0.15,0.002,0.0,0.05,0.7000000000000001,tanh,adam,0.03,16,he,"(-0.7, 0.7)",20,0.021416387412609657,1.0,48
[5],0.10999999999999997,0.01,0.006,0.05,0.5,sigmoid,adam,0.01,64,gaussian,"(-0.5, 0.5)",30,0.08617452584566047,1.0,49
[4],0.049999999999999996,0.002,0.0,0.1,0.6000000000000001,tanh,sgd,0.01,32,range,"(-0.7, 0.7)",30,0.10543973385733939,0.6764705882352942,50
[4],0.049999999999999996,0.014,0.008,0.15000000000000002,0.7000000000000001,tanh,adam,0.0,8,glorot,"(-0.7, 0.7)",30,0.05275698865577802,0.9705882352941176,51
[4],0.06999999999999999,0.018000000000000002,0.004,0.0,0.0,tanh,adam,0.04,64,he,"(-0.7, 0.7)",20,0.03934464852083703,1.0,52
[3],0.12999999999999998,0.004,0.004,0.25,0.5,tanh,adam,0.0,64,gaussian,"(-0.7, 0.7)",35,0.06702731094511674,0.8823529411764706,53
[4],0.10999999999999997,0.016,0.004,0.0,0.6000000000000001,tanh,adam,0.04,8,xavier,"(-0.1, 0.1)",30,0.038372700785706,1.0,54
[5],0.10999999999999997,0.016,0.004,0.05,0.30000000000000004,tanh,sgd,0.0,8,xavier,"(-0.7, 0.7)",30,0.07223089434375207,0.8235294117647058,55
[6],0.16999999999999998,0.014,0.002,0.2,0.8,sigmoid,adam,0.04,32,xavier,"(-0.5, 0.5)",35,0.14580737860783877,1.0,56
[5],0.18999999999999997,0.01,0.008,0.2,0.8,tanh,adam,0.03,8,he,"(-0.5, 0.5)",35,0.057422098041374374,0.9705882352941176,57
[3],0.12999999999999998,0.018000000000000002,0.004,0.25,0.0,tanh,adam,0.04,16,gaussian,"(-0.7, 0.7)",30,0.07637002756534493,0.9705882352941176,58
[4],0.16999999999999998,0.018000000000000002,0.006,0.05,0.30000000000000004,sigmoid,sgd,0.01,8,glorot,"(-0.5, 0.5)",30,0.10849261336297109,0.6764705882352942,59
[4],0.12999999999999998,0.006,0.006,0.2,0.7000000000000001,sigmoid,sgd,0.04,16,range,"(-0.5, 0.5)",35,0.11030856337514129,0.6764705882352942,60
[6],0.16999999999999998,0.012,0.004,0.05,0.7000000000000001,tanh,adam,0.02,64,xavier,"(-0.1, 0.1)",30,0.051779474141918094,1.0,61
[5],0.06999999999999999,0.008,0.004,0.25,0.30000000000000004,tanh,adam,0.03,32,range,"(-0.7, 0.7)",30,0.05410172090597335,0.9705882352941176,62
[5],0.03,0.018000000000000002,0.008,0.15000000000000002,0.6000000000000001,tanh,sgd,0.02,8,he,"(-0.7, 0.7)",20,0.10772777472137549,0.7058823529411765,63
[5],0.15,0.008,0.006,0.05,0.30000000000000004,tanh,adam,0.01,8,range,"(-0.7, 0.7)",35,0.03602111118594668,1.0,64
[4],0.06999999999999999,0.0,0.008,0.05,0.30000000000000004,sigmoid,sgd,0.03,32,glorot,"(-0.1, 0.1)",35,0.11308623851233977,0.6764705882352942,65
[4],0.01,0.016,0.002,0.15000000000000002,0.7000000000000001,tanh,sgd,0.02,32,he,"(-0.7, 0.7)",20,0.10927012908063374,0.6470588235294118,66
[3],0.18999999999999997,0.006,0.008,0.25,0.0,sigmoid,adam,0.01,8,glorot,"(-0.5, 0.5)",20,0.06924779731054563,1.0,67
[5],0.01,0.0,0.004,0.2,0.1,tanh,adam,0.03,64,xavier,"(-0.7, 0.7)",30,0.10803656210784494,0.6764705882352942,68
[5],0.06999999999999999,0.002,0.004,0.05,0.7000000000000001,tanh,sgd,0.0,32,he,"(-0.7, 0.7)",35,0.10133805552846899,0.7352941176470589,69
[4],0.049999999999999996,0.018000000000000002,0.006,0.15000000000000002,0.8,tanh,sgd,0.03,8,xavier,"(-0.1, 0.1)",30,0.0745558927747913,0.8235294117647058,70
[5],0.06999999999999999,0.0,0.004,0.15000000000000002,0.30000000000000004,tanh,adam,0.02,32,range,"(-0.7, 0.7)",35,0.010203119464114346,1.0,71
[3],0.08999999999999998,0.01,0.002,0.0,0.1,tanh,adam,0.01,64,range,"(-0.7, 0.7)",30,0.029112271583379506,1.0,72
[3],0.08999999999999998,0.01,0.008,0.05,0.30000000000000004,sigmoid,adam,0.01,64,range,"(-0.5, 0.5)",30,0.07627125330290563,1.0,73
[6],0.16999999999999998,0.006,0.002,0.25,0.1,tanh,adam,0.0,8,gaussian,"(-0.7, 0.7)",35,0.09267086876380491,0.8823529411764706,74
[4],0.18999999999999997,0.016,0.002,0.05,0.5,tanh,sgd,0.01,64,gaussian,"(-0.7, 0.7)",30,0.12729583169474235,0.6764705882352942,75
[3],0.15,0.004,0.008,0.15000000000000002,0.7000000000000001,sigmoid,adam,0.02,8,glorot,"(-0.5, 0.5)",20,0.05209007035229279,1.0,76
[4],0.18999999999999997,0.002,0.0,0.15000000000000002,0.5,sigmoid,sgd,0.0,64,gaussian,"(-0.5, 0.5)",30,0.11431050243025617,0.6764705882352942,77
[4],0.049999999999999996,0.012,0.004,0.15000000000000002,0.7000000000000001,tanh,adam,0.0,16,he,"(-0.1, 0.1)",20,0.04137825769036848,1.0,78
[6],0.16999999999999998,0.004,0.002,0.0,0.0,tanh,adam,0.04,64,range,"(-0.5, 0.5)",20,0.018728925872650567,1.0,79
[4],0.15,0.01,0.002,0.1,0.30000000000000004,sigmoid,sgd,0.03,8,xavier,"(-0.1, 0.1)",20,0.10699093790689329,0.6764705882352942,80
[3],0.18999999999999997,0.0,0.006,0.2,0.0,sigmoid,sgd,0.03,64,xavier,"(-0.7, 0.7)",20,0.11045653644380032,0.6764705882352942,81
[3],0.049999999999999996,0.016,0.004,0.05,0.5,tanh,sgd,0.02,16,range,"(-0.1, 0.1)",30,0.10801719916759243,0.6764705882352942,82
[5],0.08999999999999998,0.0,0.008,0.2,0.2,tanh,adam,0.0,32,glorot,"(-0.7, 0.7)",30,0.07497320395260498,0.7941176470588235,83
[6],0.12999999999999998,0.004,0.004,0.15000000000000002,0.2,tanh,sgd,0.01,32,xavier,"(-0.5, 0.5)",20,0.10467076175347054,0.7058823529411765,84
[6],0.12999999999999998,0.016,0.008,0.05,0.6000000000000001,sigmoid,adam,0.01,32,gaussian,"(-0.5, 0.5)",30,0.08824642771625883,1.0,85
[3],0.16999999999999998,0.006,0.0,0.1,0.6000000000000001,sigmoid,sgd,0.01,16,glorot,"(-0.1, 0.1)",30,0.10796498249907831,0.6764705882352942,86
[5],0.01,0.006,0.002,0.25,0.1,tanh,sgd,0.04,16,glorot,"(-0.1, 0.1)",35,0.11848280179362375,0.6764705882352942,87
[5],0.08999999999999998,0.012,0.006,0.2,0.5,tanh,adam,0.02,64,glorot,"(-0.1, 0.1)",35,0.052563553979536756,1.0,88
[6],0.10999999999999997,0.006,0.004,0.1,0.6000000000000001,sigmoid,sgd,0.01,8,he,"(-0.7, 0.7)",35,0.10854581096678032,0.6764705882352942,89
[6],0.08999999999999998,0.004,0.002,0.1,0.30000000000000004,tanh,sgd,0.03,32,he,"(-0.5, 0.5)",35,0.10628910237598434,0.7058823529411765,90
[6],0.15,0.004,0.004,0.05,0.2,tanh,sgd,0.04,8,range,"(-0.1, 0.1)",20,0.10386744431503597,0.6470588235294118,91
[3],0.01,0.012,0.002,0.25,0.30000000000000004,sigmoid,sgd,0.0,16,range,"(-0.5, 0.5)",30,0.11393701437675703,0.6764705882352942,92
[3],0.18999999999999997,0.018000000000000002,0.006,0.25,0.7000000000000001,sigmoid,sgd,0.04,64,gaussian,"(-0.1, 0.1)",35,0.11114968606408487,0.6764705882352942,93
[5],0.16999999999999998,0.008,0.0,0.2,0.6000000000000001,sigmoid,sgd,0.0,16,xavier,"(-0.1, 0.1)",35,0.10639860211525823,0.6764705882352942,94
[5],0.10999999999999997,0.008,0.006,0.0,0.5,tanh,adam,0.04,16,xavier,"(-0.5, 0.5)",35,0.031212116153950933,1.0,95
[3],0.01,0.002,0.006,0.15000000000000002,0.6000000000000001,tanh,sgd,0.0,16,gaussian,"(-0.5, 0.5)",30,0.11638622909691876,0.6764705882352942,96
[5],0.18999999999999997,0.002,0.008,0.0,0.30000000000000004,sigmoid,adam,0.02,8,gaussian,"(-0.7, 0.7)",30,0.03187974051294786,1.0,97
[3],0.049999999999999996,0.01,0.0,0.05,0.2,tanh,sgd,0.02,16,range,"(-0.1, 0.1)",35,0.1095838626606827,0.6764705882352942,98
[6],0.16999999999999998,0.01,0.006,0.25,0.2,sigmoid,adam,0.0,8,glorot,"(-0.1, 0.1)",20,0.1003735374011731,0.7941176470588235,99
[5],0.18999999999999997,0.018000000000000002,0.008,0.15000000000000002,0.5,sigmoid,adam,0.03,64,xavier,"(-0.5, 0.5)",35,0.15290026472636495,1.0,100
[6],0.12999999999999998,0.004,0.008,0.25,0.6000000000000001,sigmoid,adam,0.01,8,gaussian,"(-0.5, 0.5)",20,0.05140777283128731,1.0,1
[6],0.049999999999999996,0.012,0.004,0.1,0.1,sigmoid,sgd,0.02,64,he,"(-0.5, 0.5)",20,0.1115861062855417,0.7058823529411765,2
[4],0.03,0.004,0.006,0.15000000000000002,0.8,tanh,sgd,0.0,8,he,"(-0.7, 0.7)",20,0.05501063253861927,0.8529411764705882,3
[5],0.12999999999999998,0.0,0.004,0.15000000000000002,0.6000000000000001,sigmoid,sgd,0.04,16,glorot,"(-0.1, 0.1)",20,0.10657445372203621,0.7058823529411765,4
[5],0.08999999999999998,0.008,0.006,0.05,0.1,sigmoid,adam,0.02,64,he,"(-0.5, 0.5)",20,0.07311829779032526,1.0,5
[5],0.08999999999999998,0.006,0.006,0.2,0.30000000000000004,tanh,sgd,0.01,32,gaussian,"(-0.5, 0.5)",30,0.11390587200001058,0.7058823529411765,6
[6],0.10999999999999997,0.014,0.004,0.15000000000000002,0.2,tanh,adam,0.04,16,glorot,"(-0.5, 0.5)",20,0.05764487457084309,1.0,7
[6],0.10999999999999997,0.008,0.006,0.2,0.30000000000000004,tanh,adam,0.02,64,he,"(-0.1, 0.1)",35,0.05282297277287504,0.9705882352941176,8
[4],0.18999999999999997,0.016,0.002,0.25,0.8,sigmoid,adam,0.01,64,he,"(-0.7, 0.7)",20,0.09097904148809442,1.0,9
[6],0.15,0.004,0.004,0.05,0.4,sigmoid,adam,0.03,8,glorot,"(-0.7, 0.7)",30,0.04935857940898633,1.0,10
[6],0.16999999999999998,0.016,0.006,0.2,0.0,tanh,sgd,0.0,16,he,"(-0.1, 0.1)",35,0.07922526907395541,0.8529411764705882,11
[3],0.18999999999999997,0.012,0.004,0.15000000000000002,0.1,sigmoid,sgd,0.02,16,range,"(-0.7, 0.7)",35,0.10787976844279917,0.7058823529411765,12
[4],0.15,0.01,0.006,0.15000000000000002,0.8,sigmoid,adam,0.0,64,gaussian,"(-0.5, 0.5)",30,0.09936598919357939,1.0,13
[3],0.03,0.004,0.004,0.1,0.5,tanh,sgd,0.04,64,he,"(-0.5, 0.5)",20,0.11672671108028293,0.7058823529411765,14
[6],0.15,0.01,0.0,0.1,0.0,sigmoid,sgd,0.02,8,xavier,"(-0.7, 0.7)",20,0.10673965687767019,0.7058823529411765,15
[4],0.16999999999999998,0.004,0.004,0.2,0.6000000000000001,tanh,sgd,0.03,16,xavier,"(-0.7, 0.7)",35,0.05895901837008211,0.8529411764705882,16
[6],0.12999999999999998,0.0,0.008,0.05,0.7000000000000001,tanh,adam,0.0,16,xavier,"(-0.5, 0.5)",35,0.022538612420281826,1.0,17
[3],0.18999999999999997,0.002,0.008,0.05,0.5,tanh,sgd,0.03,8,he,"(-0.7, 0.7)",30,0.023163034607914152,0.9705882352941176,18
[5],0.18999999999999997,0.012,0.008,0.15000000000000002,0.1,tanh,adam,0.03,16,he,"(-0.7, 0.7)",35,0.05221625396348885,1.0,19
[3],0.049999999999999996,0.01,0.0,0.05,0.4,sigmoid,sgd,0.02,16,range,"(-0.5, 0.5)",30,0.10690444741005392,0.7058823529411765,20
[4],0.18999999999999997,0.012,0.006,0.05,0.7000000000000001,sigmoid,sgd,0.03,32,xavier,"(-0.1, 0.1)",30,0.10507361216393317,0.6764705882352942,21
[6],0.18999999999999997,0.0,0.004,0.0,0.7000000000000001,sigmoid,sgd,0.03,64,glorot,"(-0.7, 0.7)",30,0.10958248766029503,0.7058823529411765,22
[6],0.15,0.014,0.002,0.0,0.0,sigmoid,adam,0.0,32,xavier,"(-0.7, 0.7)",30,0.12597738343069073,1.0,23
[4],0.15,0.018000000000000002,0.006,0.2,0.8,sigmoid,sgd,0.02,32,range,"(-0.1, 0.1)",35,0.10538200369949875,0.7058823529411765,24
[6],0.16999999999999998,0.006,0.006,0.0,0.30000000000000004,tanh,sgd,0.03,32,he,"(-0.1, 0.1)",30,0.10015712459702547,0.7352941176470589,25
[3],0.06999999999999999,0.006,0.008,0.25,0.5,tanh,sgd,0.04,16,xavier,"(-0.1, 0.1)",20,0.10588135334907767,0.7058823529411765,26
[5],0.16999999999999998,0.008,0.008,0.2,0.2,tanh,adam,0.02,32,range,"(-0.7, 0.7)",20,0.07589519611989257,0.9411764705882353,27
[4],0.12999999999999998,0.0,0.004,0.25,0.2,sigmoid,sgd,0.01,32,xavier,"(-0.7, 0.7)",30,0.11086619824329656,0.7058823529411765,28
[6],0.049999999999999996,0.018000000000000002,0.004,0.25,0.6000000000000001,tanh,adam,0.0,8,glorot,"(-0.7, 0.7)",35,0.06395054208154509,1.0,29
[5],0.10999999999999997,0.014,0.006,0.1,0.0,sigmoid,adam,0.02,8,range,"(-0.5, 0.5)",20,0.08140396201320582,1.0,30
[6],0.06999999999999999,0.014,0.004,0.1,0.4,tanh,sgd,0.04,64,he,"(-0.7, 0.7)",20,0.10769881762445209,0.7647058823529411,31
[3],0.03,0.014,0.0,0.0,0.2,tanh,adam,0.0,64,xavier,"(-0.7, 0.7)",20,0.05916719937226477,0.8823529411764706,32
[5],0.049999999999999996,0.008,0.0,0.25,0.5,tanh,sgd,0.02,16,gaussian,"(-0.5, 0.5)",35,0.11153863642428023,0.7058823529411765,33
[5],0.06999999999999999,0.012,0.0,0.25,0.1,sigmoid,sgd,0.03,8,xavier,"(-0.7, 0.7)",20,0.109868963697531,0.7058823529411765,34
[6],0.01,0.0,0.004,0.0,0.6000000000000001,sigmoid,adam,0.0,16,glorot,"(-0.1, 0.1)",35,0.09367313137079131,0.7941176470588235,35
[3],0.03,0.01,0.004,0.1,0.2,tanh,sgd,0.01,8,range,"(-0.7, 0.7)",20,0.10847618720083672,0.6176470588235294,36
[4],0.15,0.01,0.002,0.25,0.2,tanh,adam,0.01,8,gaussian,"(-0.1, 0.1)",20,0.06279403881187617,0.8529411764705882,37
[6],0.10999999999999997,0.012,0.004,0.05,0.30000000000000004,tanh,sgd,0.01,32,gaussian,"(-0.7, 0.7)",30,0.12777780239463926,0.7058823529411765,38
[4],0.16999999999999998,0.018000000000000002,0.008,0.05,0.6000000000000001,tanh,sgd,0.01,64,glorot,"(-0.1, 0.1)",20,0.07964913961867974,0.9117647058823529,39
[6],0.18999999999999997,0.002,0.008,0.0,0.5,tanh,sgd,0.03,64,he,"(-0.7, 0.7)",35,0.10389824171967761,0.7647058823529411,40
[4],0.15,0.002,0.0,0.2,0.1,sigmoid,adam,0.01,8,gaussian,"(-0.5, 0.5)",35,0.021289507777190384,1.0,41
[5],0.16999999999999998,0.012,0.006,0.25,0.6000000000000001,sigmoid,sgd,0.02,8,he,"(-0.1, 0.1)",35,0.10931896591365359,0.7058823529411765,42
[4],0.049999999999999996,0.016,0.004,0.15000000000000002,0.1,tanh,adam,0.01,8,xavier,"(-0.1, 0.1)",30,0.046880247647927746,1.0,43
[3],0.15,0.018000000000000002,0.008,0.0,0.4,sigmoid,sgd,0.0,16,gaussian,"(-0.1, 0.1)",30,0.108514018091146,0.7058823529411765,44
[5],0.16999999999999998,0.016,0.004,0.05,0.5,sigmoid,adam,0.0,8,he,"(-0.5, 0.5)",30,0.08997317214943701,1.0,45
[3],0.08999999999999998,0.018000000000000002,0.0,0.15000000000000002,0.7000000000000001,tanh,sgd,0.03,16,he,"(-0.1, 0.1)",30,0.10224145660764423,0.6470588235294118,46
[3],0.18999999999999997,0.002,0.002,0.25,0.8,sigmoid,sgd,0.0,16,gaussian,"(-0.5, 0.5)",30,0.0984323467622803,0.6764705882352942,47
[6],0.049999999999999996,0.004,0.0,0.2,0.6000000000000001,sigmoid,adam,0.01,64,he,"(-0.5, 0.5)",20,0.06156771293902076,0.9117647058823529,48
[5],0.03,0.016,0.0,0.05,0.30000000000000004,sigmoid,adam,0.0,64,he,"(-0.5, 0.5)",30,0.08742443348738463,0.8823529411764706,49
[3],0.16999999999999998,0.014,0.0,0.1,0.30000000000000004,tanh,adam,0.04,16,glorot,"(-0.5, 0.5)",35,0.07673586168854533,0.8529411764705882,50
[6],0.06999999999999999,0.016,0.002,0.05,0.0,tanh,sgd,0.01,32,gaussian,"(-0.5, 0.5)",20,0.11962963956635676,0.7058823529411765,51
[6],0.08999999999999998,0.002,0.002,0.2,0.30000000000000004,tanh,adam,0.0,16,he,"(-0.1, 0.1)",20,0.01684175716753161,1.0,52
[4],0.16999999999999998,0.012,0.004,0.15000000000000002,0.1,sigmoid,sgd,0.03,8,range,"(-0.7, 0.7)",20,0.11031689829828932,0.7058823529411765,53
[6],0.049999999999999996,0.006,0.004,0.1,0.5,tanh,adam,0.02,64,he,"(-0.1, 0.1)",20,0.04678792157814885,0.9411764705882353,54
[4],0.049999999999999996,0.018000000000000002,0.0,0.05,0.1,sigmoid,adam,0.03,32,glorot,"(-0.1, 0.1)",35,0.07721493645009406,1.0,55
[5],0.06999999999999999,0.014,0.004,0.15000000000000002,0.4,sigmoid,sgd,0.01,32,range,"(-0.1, 0.1)",20,0.10909443553156252,0.7058823529411765,56
[5],0.049999999999999996,0.002,0.002,0.1,0.6000000000000001,sigmoid,adam,0.02,16,gaussian,"(-0.5, 0.5)",30,0.02916900054266183,1.0,57
[4],0.03,0.014,0.0,0.05,0.1,sigmoid,sgd,0.01,16,xavier,"(-0.5, 0.5)",30,0.11104773126311593,0.7058823529411765,58
[3],0.18999999999999997,0.018000000000000002,0.004,0.0,0.0,sigmoid,sgd,0.03,16,gaussian,"(-0.5, 0.5)",20,0.11723268527921096,0.7058823529411765,59
[3],0.15,0.0,0.002,0.2,0.6000000000000001,tanh,adam,0.0,64,glorot,"(-0.1, 0.1)",30,0.040341443065736185,0.9411764705882353,60
[4],0.049999999999999996,0.008,0.004,0.15000000000000002,0.2,sigmoid,sgd,0.02,64,glorot,"(-0.7, 0.7)",30,0.11366274043720483,0.7058823529411765,61
[3],0.03,0.008,0.006,0.05,0.6000000000000001,sigmoid,sgd,0.04,8,glorot,"(-0.7, 0.7)",30,0.10738309215827115,0.7058823529411765,62
[6],0.16999999999999998,0.014,0.004,0.2,0.8,tanh,adam,0.02,16,gaussian,"(-0.5, 0.5)",35,0.08291499180483825,0.9705882352941176,63
[4],0.01,0.008,0.0,0.15000000000000002,0.8,tanh,sgd,0.01,8,xavier,"(-0.7, 0.7)",20,0.10014055936829397,0.7352941176470589,64
[5],0.16999999999999998,0.0,0.002,0.2,0.6000000000000001,tanh,sgd,0.01,16,range,"(-0.5, 0.5)",35,0.06787186577435703,0.8529411764705882,65
[5],0.18999999999999997,0.0,0.004,0.2,0.2,sigmoid,adam,0.04,32,xavier,"(-0.5, 0.5)",20,0.022971562930084184,1.0,66
[3],0.01,0.006,0.008,0.05,0.0,tanh,sgd,0.02,16,xavier,"(-0.5, 0.5)",35,0.11672803336052853,0.7058823529411765,67
[4],0.10999999999999997,0.0,0.0,0.05,0.2,sigmoid,adam,0.0,32,glorot,"(-0.7, 0.7)",20,0.0011199726735783176,1.0,68
[5],0.08999999999999998,0.01,0.002,0.05,0.6000000000000001,tanh,adam,0.01,32,xavier,"(-0.7, 0.7)",35,0.051814548512957824,0.9705882352941176,69
[4],0.12999999999999998,0.008,0.004,0.05,0.2,sigmoid,adam,0.04,8,xavier,"(-0.7, 0.7)",30,0.0553604196529196,1.0,70
[4],0.18999999999999997,0.002,0.006,0.05,0.5,sigmoid,sgd,0.02,32,xavier,"(-0.7, 0.7)",20,0.1064915066761056,0.6764705882352942,71
[5],0.15,0.0,0.004,0.05,0.30000000000000004,sigmoid,adam,0.02,8,gaussian,"(-0.1, 0.1)",30,0.017988683976234727,1.0,72
[6],0.12999999999999998,0.004,0.006,0.15000000000000002,0.6000000000000001,tanh,adam,0.0,64,range,"(-0.7, 0.7)",35,0.04971298026050769,0.9705882352941176,73
[4],0.049999999999999996,0.014,0.0,0.0,0.4,sigmoid,adam,0.02,8,gaussian,"(-0.5, 0.5)",20,0.05866270734438915,1.0,74
[6],0.049999999999999996,0.002,0.008,0.0,0.5,tanh,sgd,0.03,16,range,"(-0.5, 0.5)",20,0.11093781044935068,0.6764705882352942,75
[3],0.03,0.01,0.002,0.05,0.6000000000000001,tanh,adam,0.02,16,gaussian,"(-0.1, 0.1)",30,0.049733340991557025,0.9411764705882353,76
[6],0.049999999999999996,0.0,0.004,0.0,0.6000000000000001,sigmoid,adam,0.04,64,xavier,"(-0.1, 0.1)",20,0.061762253044441204,0.8823529411764706,77
[4],0.049999999999999996,0.008,0.0,0.15000000000000002,0.1,tanh,adam,0.03,64,he,"(-0.1, 0.1)",35,0.048954101966711766,0.8823529411764706,78
[6],0.049999999999999996,0.01,0.006,0.1,0.2,tanh,sgd,0.02,64,glorot,"(-0.5, 0.5)",20,0.12237689975506885,0.6764705882352942,79
[5],0.18999999999999997,0.0,0.002,0.25,0.1,sigmoid,adam,0.04,64,range,"(-0.1, 0.1)",35,0.01187632143228981,1.0,80
[3],0.12999999999999998,0.016,0.006,0.2,0.7000000000000001,sigmoid,adam,0.02,8,glorot,"(-0.7, 0.7)",20,0.08414322848239973,1.0,81
[4],0.03,0.014,0.002,0.05,0.30000000000000004,sigmoid,sgd,0.0,64,gaussian,"(-0.7, 0.7)",30,0.131601428177443,0.7058823529411765,82
[4],0.049999999999999996,0.018000000000000002,0.004,0.1,0.1,sigmoid,adam,0.04,64,range,"(-0.5, 0.5)",30,0.0906838783081215,0.8529411764705882,83
[6],0.01,0.018000000000000002,0.008,0.2,0.6000000000000001,sigmoid,adam,0.01,16,range,"(-0.7, 0.7)",35,0.11133068609748724,0.6470588235294118,84
[3],0.03,0.018000000000000002,0.0,0.1,0.8,tanh,adam,0.02,64,glorot,"(-0.7, 0.7)",35,0.0668370833938279,0.9117647058823529,85
[6],0.01,0.004,0.004,0.15000000000000002,0.2,tanh,sgd,0.03,32,xavier,"(-0.1, 0.1)",35,0.11386931523351426,0.6470588235294118,86
[6],0.08999999999999998,0.01,0.0,0.1,0.4,tanh,adam,0.03,8,xavier,"(-0.1, 0.1)",30,0.037478175848430294,1.0,87
[6],0.10999999999999997,0.008,0.006,0.2,0.1,sigmoid,adam,0.01,64,glorot,"(-0.7, 0.7)",30,0.08042948330277203,1.0,88
[3],0.16999999999999998,0.004,0.0,0.1,0.8,tanh,sgd,0.04,8,xavier,"(-0.1, 0.1)",20,0.023813912856211233,0.9705882352941176,89
[3],0.06999999999999999,0.0,0.006,0.0,0.5,sigmoid,adam,0.02,64,range,"(-0.5, 0.5)",35,0.02048742549391379,1.0,90
[3],0.01,0.006,0.004,0.15000000000000002,0.7000000000000001,sigmoid,adam,0.04,32,he,"(-0.1, 0.1)",30,0.10551119786596436,0.7058823529411765,91
[3],0.08999999999999998,0.0,0.006,0.0,0.2,sigmoid,sgd,0.01,16,he,"(-0.7, 0.7)",30,0.10914936582038146,0.7058823529411765,92
[3],0.01,0.014,0.002,0.25,0.2,sigmoid,sgd,0.02,32,he,"(-0.5, 0.5)",30,0.11611244991384288,0.7058823529411765,93
[5],0.15,0.008,0.002,0.15000000000000002,0.4,tanh,sgd,0.0,32,range,"(-0.7, 0.7)",35,0.10073213906640367,0.7647058823529411,94
[5],0.08999999999999998,0.002,0.006,0.0,0.5,tanh,adam,0.02,32,he,"(-0.1, 0.1)",20,0.01906227749110326,1.0,95
[4],0.01,0.018000000000000002,0.006,0.25,0.5,sigmoid,sgd,0.03,32,he,"(-0.5, 0.5)",30,0.11671950313483001,0.6764705882352942,96
[6],0.01,0.018000000000000002,0.008,0.05,0.5,sigmoid,adam,0.02,32,xavier,"(-0.7, 0.7)",35,0.10597130857785148,0.7058823529411765,97
[4],0.08999999999999998,0.002,0.006,0.05,0.4,sigmoid,adam,0.0,16,he,"(-0.1, 0.1)",35,0.03936746112506624,1.0,98
[5],0.12999999999999998,0.01,0.004,0.1,0.4,tanh,sgd,0.03,8,range,"(-0.7, 0.7)",35,0.09124451308436406,0.7647058823529411,99
[3],0.15,0.006,0.008,0.0,0.6000000000000001,tanh,adam,0.0,16,xavier,"(-0.1, 0.1)",30,0.13767316552539718,0.7941176470588235,100
[6],0.18999999999999997,0.014,0.002,0.1,0.2,sigmoid,adam,0.02,16,he,"(-0.7, 0.7)",20,0.11492632113093794,0.7058823529411765,1
[3],0.15,0.008,0.002,0.05,0.2,tanh,sgd,0.01,64,glorot,"(-0.5, 0.5)",30,0.12888329407055338,0.5882352941176471,2
[6],0.12999999999999998,0.0,0.0,0.2,0.30000000000000004,tanh,sgd,0.02,16,gaussian,"(-0.7, 0.7)",20,0.10525284137999184,0.7058823529411765,3
[4],0.06999999999999999,0.01,0.004,0.05,0.1,tanh,adam,0.01,8,gaussian,"(-0.5, 0.5)",30,0.07250094295082936,0.9411764705882353,4
[6],0.16999999999999998,0.018000000000000002,0.008,0.1,0.6000000000000001,sigmoid,adam,0.03,32,xavier,"(-0.1, 0.1)",30,0.11908033965148976,0.7058823529411765,5
[3],0.06999999999999999,0.006,0.002,0.05,0.0,sigmoid,sgd,0.02,8,glorot,"(-0.7, 0.7)",30,0.11313194443112055,0.7058823529411765,6
[3],0.18999999999999997,0.0,0.0,0.25,0.0,sigmoid,sgd,0.03,64,glorot,"(-0.1, 0.1)",35,0.11139838977232137,0.7058823529411765,7
[5],0.15,0.004,0.002,0.25,0.0,tanh,adam,0.0,32,range,"(-0.7, 0.7)",35,0.07288201319717393,0.9411764705882353,8
[4],0.12999999999999998,0.002,0.008,0.25,0.1,tanh,sgd,0.0,64,xavier,"(-0.7, 0.7)",20,0.11797752257460323,0.7058823529411765,9
[5],0.16999999999999998,0.006,0.004,0.25,0.6000000000000001,tanh,sgd,0.0,64,xavier,"(-0.7, 0.7)",30,0.10691089835707414,0.7058823529411765,10
[5],0.06999999999999999,0.0,0.0,0.25,0.1,sigmoid,adam,0.01,8,range,"(-0.1, 0.1)",35,0.022030782576516587,1.0,11
[3],0.08999999999999998,0.006,0.006,0.1,0.4,tanh,sgd,0.0,16,gaussian,"(-0.5, 0.5)",30,0.11230338035693657,0.7058823529411765,12
[5],0.12999999999999998,0.002,0.0,0.0,0.0,sigmoid,sgd,0.02,32,glorot,"(-0.7, 0.7)",30,0.1086462997232462,0.7058823529411765,13
[3],0.10999999999999997,0.01,0.002,0.0,0.6000000000000001,tanh,adam,0.02,64,glorot,"(-0.5, 0.5)",35,0.09338386414576264,0.8235294117647058,14
[4],0.03,0.004,0.0,0.05,0.1,tanh,adam,0.04,64,xavier,"(-0.7, 0.7)",30,0.10207486020415173,0.6176470588235294,15
[5],0.18999999999999997,0.0,0.002,0.15000000000000002,0.7000000000000001,sigmoid,adam,0.03,8,gaussian,"(-0.5, 0.5)",35,0.0110580141162907,1.0,16
[5],0.01,0.016,0.008,0.25,0.30000000000000004,tanh,sgd,0.03,16,glorot,"(-0.5, 0.5)",35,0.12080117199016216,0.5882352941176471,17
[6],0.049999999999999996,0.016,0.008,0.0,0.0,sigmoid,adam,0.03,16,gaussian,"(-0.5, 0.5)",30,0.1099383737989438,1.0,18
[4],0.10999999999999997,0.008,0.0,0.2,0.30000000000000004,tanh,adam,0.01,8,glorot,"(-0.5, 0.5)",35,0.0665354374396495,0.9411764705882353,19
[6],0.03,0.014,0.006,0.1,0.1,tanh,sgd,0.0,64,glorot,"(-0.1, 0.1)",35,0.12500804309628497,0.6764705882352942,20
[3],0.03,0.018000000000000002,0.008,0.25,0.4,sigmoid,adam,0.02,32,gaussian,"(-0.1, 0.1)",30,0.11300676520787781,0.7058823529411765,21
[5],0.16999999999999998,0.018000000000000002,0.008,0.15000000000000002,0.5,tanh,sgd,0.0,16,gaussian,"(-0.5, 0.5)",30,0.12931645863019464,0.6470588235294118,22
[5],0.16999999999999998,0.016,0.004,0.25,0.1,sigmoid,sgd,0.03,16,glorot,"(-0.1, 0.1)",30,0.11166355281044753,0.7058823529411765,23
[4],0.06999999999999999,0.002,0.006,0.05,0.7000000000000001,sigmoid,adam,0.0,64,gaussian,"(-0.7, 0.7)",35,0.029037583629743333,1.0,24
[3],0.15,0.014,0.008,0.2,0.2,tanh,sgd,0.04,8,range,"(-0.5, 0.5)",35,0.10899335908234543,0.5588235294117647,25
[6],0.16999999999999998,0.004,0.008,0.05,0.2,sigmoid,adam,0.04,32,range,"(-0.5, 0.5)",30,0.074101150821374,1.0,26
[4],0.08999999999999998,0.012,0.004,0.1,0.7000000000000001,sigmoid,sgd,0.03,32,range,"(-0.5, 0.5)",35,0.11297941279479647,0.7058823529411765,27
[4],0.06999999999999999,0.006,0.008,0.25,0.4,tanh,sgd,0.01,32,gaussian,"(-0.5, 0.5)",35,0.11696047006185623,0.7058823529411765,28
[6],0.18999999999999997,0.018000000000000002,0.006,0.25,0.8,tanh,adam,0.0,8,gaussian,"(-0.5, 0.5)",20,0.07372383859478238,1.0,29
[3],0.01,0.006,0.004,0.05,0.4,tanh,sgd,0.0,32,xavier,"(-0.7, 0.7)",20,0.1204146208679717,0.6470588235294118,30
[5],0.15,0.002,0.008,0.25,0.8,sigmoid,adam,0.01,32,gaussian,"(-0.5, 0.5)",30,0.0702783364283462,1.0,31
[6],0.10999999999999997,0.016,0.0,0.0,0.4,sigmoid,adam,0.01,32,range,"(-0.7, 0.7)",35,0.11277197479279594,1.0,32
[4],0.06999999999999999,0.008,0.006,0.05,0.1,sigmoid,sgd,0.04,8,glorot,"(-0.1, 0.1)",30,0.11356341069515792,0.7058823529411765,33
[5],0.16999999999999998,0.008,0.002,0.05,0.4,sigmoid,adam,0.03,16,gaussian,"(-0.1, 0.1)",30,0.08739703161235256,1.0,34
[3],0.18999999999999997,0.008,0.006,0.2,0.8,tanh,sgd,0.02,16,xavier,"(-0.7, 0.7)",20,0.060908450092108865,0.9411764705882353,35
[4],0.12999999999999998,0.016,0.008,0.15000000000000002,0.1,tanh,sgd,0.01,32,he,"(-0.5, 0.5)",30,0.11498843622422032,0.47058823529411764,36
[4],0.18999999999999997,0.016,0.006,0.2,0.0,sigmoid,adam,0.03,16,range,"(-0.7, 0.7)",20,0.12610990634905248,0.7058823529411765,37
[3],0.10999999999999997,0.012,0.0,0.15000000000000002,0.4,tanh,sgd,0.04,32,range,"(-0.7, 0.7)",30,0.12222985880418928,0.6764705882352942,38
[6],0.01,0.008,0.002,0.1,0.8,sigmoid,sgd,0.01,8,gaussian,"(-0.1, 0.1)",35,0.10983510839963428,0.7058823529411765,39
[4],0.12999999999999998,0.002,0.002,0.2,0.6000000000000001,sigmoid,sgd,0.0,64,he,"(-0.1, 0.1)",20,0.11068267448696338,0.7058823529411765,40
[3],0.01,0.004,0.004,0.2,0.1,sigmoid,adam,0.03,64,glorot,"(-0.7, 0.7)",30,0.11641125752550198,0.6764705882352942,41
[6],0.10999999999999997,0.0,0.006,0.25,0.1,sigmoid,sgd,0.04,8,gaussian,"(-0.5, 0.5)",35,0.11475126396085326,0.7058823529411765,42
[3],0.08999999999999998,0.008,0.008,0.0,0.4,tanh,adam,0.03,8,glorot,"(-0.1, 0.1)",35,0.10539864130957714,0.8235294117647058,43
[4],0.049999999999999996,0.012,0.008,0.1,0.2,tanh,adam,0.0,16,gaussian,"(-0.1, 0.1)",20,0.04655510561504303,0.9411764705882353,44
[6],0.16999999999999998,0.016,0.0,0.1,0.30000000000000004,tanh,sgd,0.03,16,xavier,"(-0.1, 0.1)",20,0.11689642967610762,0.6764705882352942,45
[5],0.06999999999999999,0.002,0.002,0.25,0.0,tanh,sgd,0.02,8,he,"(-0.1, 0.1)",20,0.11370533357615173,0.7058823529411765,46
[6],0.10999999999999997,0.01,0.002,0.25,0.30000000000000004,sigmoid,adam,0.04,8,xavier,"(-0.5, 0.5)",30,0.08816921329253642,1.0,47
[6],0.10999999999999997,0.018000000000000002,0.004,0.25,0.2,tanh,adam,0.03,16,gaussian,"(-0.5, 0.5)",20,0.10357627542715045,0.9117647058823529,48
[4],0.12999999999999998,0.008,0.004,0.05,0.5,tanh,adam,0.03,32,he,"(-0.5, 0.5)",35,0.043893570529093436,0.9411764705882353,49
[3],0.049999999999999996,0.018000000000000002,0.0,0.1,0.2,sigmoid,adam,0.0,8,gaussian,"(-0.7, 0.7)",35,0.1049061131116722,1.0,50
[3],0.18999999999999997,0.018000000000000002,0.006,0.2,0.30000000000000004,sigmoid,adam,0.04,64,xavier,"(-0.5, 0.5)",30,0.14092988773695142,0.7647058823529411,51
[4],0.18999999999999997,0.008,0.002,0.15000000000000002,0.8,sigmoid,adam,0.02,8,xavier,"(-0.7, 0.7)",35,0.0838803957410383,0.9705882352941176,52
[4],0.16999999999999998,0.004,0.006,0.05,0.2,sigmoid,adam,0.02,8,xavier,"(-0.5, 0.5)",20,0.052448893314454424,1.0,53
[3],0.08999999999999998,0.01,0.002,0.0,0.30000000000000004,tanh,adam,0.03,64,gaussian,"(-0.1, 0.1)",35,0.10138063661716572,0.7647058823529411,54
[5],0.03,0.016,0.004,0.25,0.4,sigmoid,adam,0.03,32,range,"(-0.7, 0.7)",20,0.11469307228696482,0.7058823529411765,55
[5],0.12999999999999998,0.006,0.008,0.15000000000000002,0.5,tanh,adam,0.03,8,range,"(-0.1, 0.1)",30,0.0527500135325612,0.9411764705882353,56
[4],0.06999999999999999,0.002,0.008,0.25,0.4,sigmoid,sgd,0.01,16,he,"(-0.7, 0.7)",35,0.11400837385108671,0.7058823529411765,57
[3],0.06999999999999999,0.012,0.004,0.25,0.1,tanh,adam,0.03,16,range,"(-0.1, 0.1)",35,0.1074307537459118,0.7941176470588235,58
[6],0.01,0.006,0.0,0.05,0.2,sigmoid,sgd,0.04,16,gaussian,"(-0.1, 0.1)",30,0.11377924928052749,0.7058823529411765,59
[4],0.16999999999999998,0.012,0.008,0.2,0.0,tanh,sgd,0.01,64,range,"(-0.5, 0.5)",30,0.11432268137966546,0.7058823529411765,60
[4],0.06999999999999999,0.012,0.008,0.05,0.2,tanh,sgd,0.02,64,range,"(-0.7, 0.7)",20,0.12255388240230239,0.6176470588235294,61
[4],0.12999999999999998,0.012,0.002,0.0,0.0,sigmoid,adam,0.01,8,xavier,"(-0.5, 0.5)",35,0.07766307221834598,1.0,62
[3],0.16999999999999998,0.016,0.0,0.0,0.7000000000000001,sigmoid,sgd,0.03,64,he,"(-0.1, 0.1)",35,0.11331521644613432,0.7058823529411765,63
[6],0.06999999999999999,0.014,0.006,0.1,0.1,tanh,sgd,0.02,64,xavier,"(-0.1, 0.1)",30,0.1206092207061933,0.6764705882352942,64
[6],0.08999999999999998,0.006,0.0,0.25,0.0,sigmoid,sgd,0.03,16,he,"(-0.5, 0.5)",30,0.11208430214769222,0.7058823529411765,65
[3],0.049999999999999996,0.012,0.008,0.1,0.4,tanh,adam,0.04,32,glorot,"(-0.1, 0.1)",30,0.11375030407736181,0.7058823529411765,66
[6],0.049999999999999996,0.01,0.008,0.2,0.7000000000000001,tanh,adam,0.04,32,glorot,"(-0.7, 0.7)",20,0.08379543510516697,0.7941176470588235,67
[3],0.06999999999999999,0.014,0.002,0.0,0.30000000000000004,tanh,adam,0.04,8,xavier,"(-0.5, 0.5)",35,0.056352284465955665,0.9411764705882353,68
[3],0.03,0.004,0.006,0.2,0.6000000000000001,sigmoid,sgd,0.02,16,he,"(-0.1, 0.1)",35,0.11217607548918,0.7058823529411765,69
[3],0.12999999999999998,0.012,0.008,0.25,0.8,tanh,sgd,0.01,64,glorot,"(-0.1, 0.1)",20,0.11507529788445742,0.6470588235294118,70
[5],0.06999999999999999,0.0,0.008,0.2,0.8,sigmoid,sgd,0.0,32,xavier,"(-0.7, 0.7)",20,0.1091433432498312,0.7058823529411765,71
[4],0.03,0.008,0.006,0.1,0.6000000000000001,tanh,sgd,0.04,8,gaussian,"(-0.1, 0.1)",35,0.12544204032330095,0.6176470588235294,72
[5],0.16999999999999998,0.018000000000000002,0.004,0.1,0.4,sigmoid,sgd,0.03,64,range,"(-0.1, 0.1)",30,0.10936372362933251,0.7058823529411765,73
[4],0.12999999999999998,0.016,0.0,0.2,0.1,tanh,adam,0.0,32,range,"(-0.7, 0.7)",30,0.1065374494453212,0.7352941176470589,74
[6],0.12999999999999998,0.018000000000000002,0.006,0.05,0.5,tanh,adam,0.04,8,glorot,"(-0.1, 0.1)",30,0.06328148748878196,1.0,75
[3],0.12999999999999998,0.006,0.002,0.1,0.6000000000000001,tanh,sgd,0.02,16,he,"(-0.1, 0.1)",30,0.09750053277766928,0.7647058823529411,76
[5],0.03,0.016,0.002,0.15000000000000002,0.5,tanh,sgd,0.04,32,xavier,"(-0.7, 0.7)",35,0.11525083200116888,0.7058823529411765,77
[4],0.15,0.006,0.002,0.25,0.30000000000000004,tanh,sgd,0.01,16,xavier,"(-0.7, 0.7)",30,0.09936663251038416,0.6470588235294118,78
[4],0.03,0.002,0.0,0.25,0.7000000000000001,sigmoid,sgd,0.03,32,range,"(-0.5, 0.5)",30,0.11104216545091987,0.7058823529411765,79
[5],0.15,0.004,0.008,0.1,0.6000000000000001,sigmoid,sgd,0.0,64,glorot,"(-0.7, 0.7)",20,0.11129960401348356,0.7058823529411765,80
[5],0.12999999999999998,0.004,0.006,0.0,0.8,tanh,adam,0.0,8,xavier,"(-0.5, 0.5)",35,0.01949962723795286,1.0,81
[3],0.10999999999999997,0.01,0.008,0.1,0.2,tanh,sgd,0.02,64,range,"(-0.5, 0.5)",30,0.12074645475687897,0.7058823529411765,82
[4],0.15,0.012,0.002,0.15000000000000002,0.5,tanh,adam,0.02,64,xavier,"(-0.7, 0.7)",20,0.07448669891753977,0.8823529411764706,83
[4],0.03,0.008,0.002,0.2,0.6000000000000001,tanh,sgd,0.01,16,glorot,"(-0.1, 0.1)",20,0.11972991453008701,0.6764705882352942,84
[6],0.15,0.004,0.008,0.2,0.5,tanh,adam,0.02,8,glorot,"(-0.1, 0.1)",35,0.060871881834194744,0.9705882352941176,85
[4],0.01,0.006,0.004,0.15000000000000002,0.1,tanh,adam,0.02,32,he,"(-0.7, 0.7)",35,0.11600836608693448,0.5294117647058824,86
[5],0.10999999999999997,0.0,0.006,0.0,0.5,sigmoid,sgd,0.02,32,he,"(-0.7, 0.7)",35,0.11577219846917332,0.7058823529411765,87
[6],0.15,0.002,0.006,0.2,0.4,tanh,sgd,0.01,32,glorot,"(-0.7, 0.7)",35,0.11747509333563293,0.6764705882352942,88
[6],0.03,0.002,0.002,0.1,0.30000000000000004,tanh,adam,0.02,32,range,"(-0.7, 0.7)",30,0.06517105217475395,0.8529411764705882,89
[5],0.15,0.01,0.008,0.2,0.7000000000000001,tanh,sgd,0.01,8,xavier,"(-0.7, 0.7)",20,0.04200602302544222,0.9411764705882353,90
[5],0.03,0.006,0.002,0.15000000000000002,0.1,sigmoid,sgd,0.03,8,gaussian,"(-0.5, 0.5)",35,0.11433465957675416,0.7058823529411765,91
[3],0.03,0.008,0.008,0.05,0.1,tanh,adam,0.01,16,he,"(-0.5, 0.5)",35,0.05381726537466187,0.9411764705882353,92
[4],0.049999999999999996,0.016,0.002,0.0,0.0,tanh,adam,0.03,64,range,"(-0.5, 0.5)",35,0.07531239230033956,0.9117647058823529,93
[6],0.049999999999999996,0.016,0.002,0.2,0.7000000000000001,tanh,adam,0.02,64,range,"(-0.1, 0.1)",20,0.11125129221711014,0.7058823529411765,94
[6],0.08999999999999998,0.01,0.006,0.1,0.2,tanh,sgd,0.0,16,he,"(-0.5, 0.5)",30,0.11581795938508448,0.6470588235294118,95
[3],0.15,0.014,0.004,0.0,0.6000000000000001,tanh,sgd,0.0,32,xavier,"(-0.5, 0.5)",35,0.10330515217046617,0.7647058823529411,96
[6],0.12999999999999998,0.006,0.002,0.25,0.6000000000000001,tanh,sgd,0.02,8,glorot,"(-0.7, 0.7)",20,0.09898318895448664,0.7058823529411765,97
[5],0.08999999999999998,0.016,0.004,0.15000000000000002,0.30000000000000004,sigmoid,sgd,0.01,32,gaussian,"(-0.7, 0.7)",30,0.13121592485298708,0.7058823529411765,98
[6],0.08999999999999998,0.018000000000000002,0.006,0.05,0.5,sigmoid,sgd,0.0,8,xavier,"(-0.1, 0.1)",30,0.11097887006443671,0.7058823529411765,99
[5],0.049999999999999996,0.014,0.0,0.05,0.1,sigmoid,sgd,0.03,16,he,"(-0.5, 0.5)",30,0.11277473476705703,0.7058823529411765,100
[6],0.10999999999999997,0.014,0.0,0.1,0.1,sigmoid,sgd,0.02,64,gaussian,"(-0.7, 0.7)",30,0.14187786823127152,0.5757575757575758,1
[4],0.06999999999999999,0.008,0.006,0.0,0.1,sigmoid,adam,0.03,16,gaussian,"(-0.1, 0.1)",30,0.0675077039603704,1.0,2
[3],0.16999999999999998,0.006,0.006,0.15000000000000002,0.4,tanh,sgd,0.0,8,he,"(-0.5, 0.5)",35,0.03037924513325447,1.0,3
[5],0.06999999999999999,0.01,0.0,0.25,0.30000000000000004,sigmoid,sgd,0.03,32,gaussian,"(-0.1, 0.1)",30,0.12250181004167249,0.5757575757575758,4
[3],0.12999999999999998,0.006,0.0,0.0,0.7000000000000001,sigmoid,adam,0.0,16,xavier,"(-0.5, 0.5)",20,0.04774663105079099,1.0,5
[5],0.01,0.0,0.004,0.25,0.2,sigmoid,sgd,0.03,16,he,"(-0.7, 0.7)",35,0.12418133642491079,0.5757575757575758,6
[5],0.15,0.006,0.0,0.25,0.6000000000000001,tanh,sgd,0.02,8,glorot,"(-0.7, 0.7)",30,0.07280926480234899,0.8484848484848485,7
[5],0.16999999999999998,0.014,0.002,0.2,0.2,tanh,adam,0.03,32,range,"(-0.7, 0.7)",20,0.09205347064085057,0.9090909090909091,8
[3],0.16999999999999998,0.004,0.006,0.1,0.4,tanh,adam,0.0,64,xavier,"(-0.1, 0.1)",35,0.09440692538582438,0.7575757575757576,9
[5],0.18999999999999997,0.006,0.004,0.25,0.1,tanh,sgd,0.04,64,range,"(-0.1, 0.1)",35,0.12261221174424876,0.5757575757575758,10
[5],0.10999999999999997,0.012,0.004,0.0,0.1,sigmoid,sgd,0.01,16,gaussian,"(-0.1, 0.1)",20,0.12315706464568334,0.5757575757575758,11
[6],0.06999999999999999,0.002,0.0,0.2,0.6000000000000001,tanh,adam,0.0,32,xavier,"(-0.7, 0.7)",35,0.013481635851363343,1.0,12
[3],0.01,0.006,0.006,0.0,0.7000000000000001,sigmoid,adam,0.04,64,he,"(-0.7, 0.7)",20,0.1241423903953067,0.5757575757575758,13
[5],0.16999999999999998,0.0,0.0,0.1,0.1,sigmoid,sgd,0.0,16,range,"(-0.5, 0.5)",20,0.12292139653711431,0.5757575757575758,14
[4],0.16999999999999998,0.006,0.008,0.25,0.2,tanh,sgd,0.04,32,glorot,"(-0.7, 0.7)",35,0.12857039777381427,0.5151515151515151,15
[6],0.03,0.004,0.002,0.2,0.6000000000000001,tanh,sgd,0.04,64,he,"(-0.5, 0.5)",35,0.12863682079644476,0.6060606060606061,16
[5],0.10999999999999997,0.012,0.006,0.25,0.5,sigmoid,sgd,0.03,32,he,"(-0.5, 0.5)",30,0.12631647585414205,0.5757575757575758,17
[6],0.01,0.0,0.004,0.2,0.0,sigmoid,adam,0.0,32,xavier,"(-0.1, 0.1)",30,0.1239698816010747,0.5757575757575758,18
[3],0.08999999999999998,0.016,0.008,0.2,0.2,sigmoid,sgd,0.03,32,xavier,"(-0.1, 0.1)",30,0.12422101412452964,0.5757575757575758,19
[5],0.18999999999999997,0.006,0.002,0.1,0.4,sigmoid,adam,0.04,16,gaussian,"(-0.7, 0.7)",30,0.06130425896890535,1.0,20
[6],0.049999999999999996,0.014,0.008,0.0,0.4,sigmoid,adam,0.0,8,he,"(-0.5, 0.5)",30,0.0862259944109663,1.0,21
[6],0.03,0.006,0.008,0.0,0.6000000000000001,sigmoid,adam,0.04,8,he,"(-0.7, 0.7)",35,0.06723848315548958,0.9696969696969697,22
[4],0.10999999999999997,0.016,0.002,0.05,0.0,tanh,adam,0.04,8,xavier,"(-0.5, 0.5)",30,0.052338281058452195,0.9696969696969697,23
[6],0.049999999999999996,0.004,0.004,0.0,0.7000000000000001,sigmoid,adam,0.02,8,glorot,"(-0.7, 0.7)",30,0.03773146217456207,1.0,24
[4],0.049999999999999996,0.014,0.008,0.05,0.7000000000000001,tanh,sgd,0.04,16,xavier,"(-0.1, 0.1)",30,0.12598737777996488,0.5757575757575758,25
[6],0.10999999999999997,0.018000000000000002,0.0,0.0,0.6000000000000001,tanh,adam,0.02,16,he,"(-0.5, 0.5)",35,0.045195740095598076,1.0,26
[3],0.08999999999999998,0.004,0.004,0.2,0.7000000000000001,sigmoid,adam,0.0,16,xavier,"(-0.7, 0.7)",30,0.11247494727690238,0.45454545454545453,27
[4],0.03,0.002,0.0,0.05,0.2,tanh,sgd,0.02,8,he,"(-0.5, 0.5)",30,0.12059456410905908,0.48484848484848486,28
[3],0.10999999999999997,0.006,0.008,0.05,0.30000000000000004,tanh,adam,0.04,16,gaussian,"(-0.5, 0.5)",35,0.04511009369677569,0.9696969696969697,29
[3],0.08999999999999998,0.004,0.0,0.1,0.30000000000000004,tanh,sgd,0.03,8,gaussian,"(-0.5, 0.5)",35,0.12469204416642457,0.5757575757575758,30
[5],0.10999999999999997,0.002,0.0,0.1,0.6000000000000001,sigmoid,adam,0.04,8,he,"(-0.5, 0.5)",35,0.03095068403874249,1.0,31
[3],0.049999999999999996,0.006,0.008,0.15000000000000002,0.8,sigmoid,sgd,0.01,32,he,"(-0.5, 0.5)",30,0.1248794784882567,0.5757575757575758,32
[4],0.01,0.01,0.004,0.1,0.4,sigmoid,adam,0.0,32,glorot,"(-0.1, 0.1)",35,0.12567921395720166,0.5757575757575758,33
[5],0.06999999999999999,0.004,0.004,0.15000000000000002,0.2,sigmoid,adam,0.04,16,glorot,"(-0.1, 0.1)",35,0.05630411113263191,1.0,34
[4],0.12999999999999998,0.008,0.008,0.1,0.7000000000000001,sigmoid,sgd,0.01,16,xavier,"(-0.5, 0.5)",35,0.1247169570905702,0.5757575757575758,35
[4],0.12999999999999998,0.004,0.008,0.05,0.5,sigmoid,sgd,0.01,32,xavier,"(-0.7, 0.7)",20,0.1239818871705429,0.5757575757575758,36
[5],0.12999999999999998,0.012,0.004,0.15000000000000002,0.4,sigmoid,sgd,0.0,16,xavier,"(-0.1, 0.1)",35,0.12411515537560962,0.5757575757575758,37
[5],0.18999999999999997,0.018000000000000002,0.008,0.05,0.30000000000000004,sigmoid,sgd,0.02,8,glorot,"(-0.1, 0.1)",35,0.13492999884785095,0.48484848484848486,38
[6],0.10999999999999997,0.004,0.006,0.15000000000000002,0.7000000000000001,sigmoid,sgd,0.01,16,gaussian,"(-0.5, 0.5)",20,0.13093729240005153,0.5757575757575758,39
[5],0.12999999999999998,0.006,0.002,0.05,0.1,sigmoid,adam,0.04,64,he,"(-0.5, 0.5)",20,0.056559363580742164,1.0,40
[6],0.12999999999999998,0.0,0.008,0.25,0.6000000000000001,tanh,adam,0.04,8,range,"(-0.1, 0.1)",30,0.023997236451539988,1.0,41
[6],0.01,0.006,0.008,0.2,0.6000000000000001,sigmoid,adam,0.04,8,xavier,"(-0.5, 0.5)",30,0.1258132724382746,0.5757575757575758,42
[6],0.08999999999999998,0.008,0.006,0.05,0.6000000000000001,tanh,sgd,0.04,16,glorot,"(-0.7, 0.7)",30,0.12698904488907564,0.5757575757575758,43
[3],0.16999999999999998,0.002,0.002,0.2,0.8,sigmoid,adam,0.03,32,glorot,"(-0.1, 0.1)",20,0.06886438934976698,0.9696969696969697,44
[6],0.18999999999999997,0.006,0.006,0.0,0.4,tanh,sgd,0.0,8,gaussian,"(-0.7, 0.7)",30,0.025028461288298692,1.0,45
[5],0.03,0.016,0.006,0.25,0.8,sigmoid,adam,0.04,64,gaussian,"(-0.1, 0.1)",30,0.12431456062802253,0.5757575757575758,46
[4],0.049999999999999996,0.004,0.002,0.25,0.0,tanh,adam,0.02,64,he,"(-0.7, 0.7)",20,0.08700930196311785,0.7878787878787878,47
[3],0.049999999999999996,0.006,0.0,0.2,0.4,sigmoid,adam,0.03,64,range,"(-0.1, 0.1)",35,0.11640341561862769,0.5757575757575758,48
[6],0.06999999999999999,0.006,0.008,0.25,0.7000000000000001,tanh,adam,0.03,8,range,"(-0.7, 0.7)",20,0.03361534582372251,1.0,49
[4],0.16999999999999998,0.008,0.008,0.25,0.8,sigmoid,sgd,0.01,16,gaussian,"(-0.7, 0.7)",30,0.12281260199348915,0.5757575757575758,50
[3],0.049999999999999996,0.0,0.008,0.2,0.4,tanh,sgd,0.0,8,glorot,"(-0.1, 0.1)",20,0.12276816269338542,0.5454545454545454,51
[5],0.18999999999999997,0.018000000000000002,0.008,0.2,0.2,tanh,adam,0.0,8,he,"(-0.5, 0.5)",30,0.1391720459508345,0.8181818181818182,52
[6],0.03,0.012,0.008,0.0,0.4,tanh,sgd,0.0,32,he,"(-0.7, 0.7)",30,0.1337977147419577,0.5757575757575758,53
[4],0.06999999999999999,0.018000000000000002,0.0,0.0,0.8,sigmoid,adam,0.04,32,glorot,"(-0.7, 0.7)",30,0.09734451340546639,1.0,54
[5],0.16999999999999998,0.018000000000000002,0.008,0.1,0.2,tanh,adam,0.03,16,range,"(-0.1, 0.1)",35,0.08372856205292156,1.0,55
[5],0.06999999999999999,0.0,0.0,0.0,0.7000000000000001,sigmoid,sgd,0.04,64,glorot,"(-0.1, 0.1)",30,0.12278484058886398,0.5757575757575758,56
[5],0.16999999999999998,0.006,0.0,0.25,0.30000000000000004,tanh,adam,0.0,32,he,"(-0.7, 0.7)",35,0.06792064727987027,0.9696969696969697,57
[5],0.01,0.002,0.004,0.1,0.6000000000000001,sigmoid,sgd,0.01,32,he,"(-0.7, 0.7)",30,0.12469195490137933,0.5757575757575758,58
[6],0.01,0.004,0.006,0.05,0.7000000000000001,tanh,adam,0.03,8,range,"(-0.5, 0.5)",35,0.06735916866927694,0.9696969696969697,59
[5],0.16999999999999998,0.016,0.0,0.05,0.5,tanh,sgd,0.01,32,gaussian,"(-0.5, 0.5)",30,0.1303088601319409,0.5757575757575758,60
[4],0.18999999999999997,0.018000000000000002,0.006,0.05,0.1,tanh,adam,0.0,32,glorot,"(-0.1, 0.1)",30,0.12254862085452807,0.9696969696969697,61
[4],0.10999999999999997,0.014,0.004,0.05,0.8,tanh,sgd,0.0,32,gaussian,"(-0.1, 0.1)",20,0.12347502099334728,0.5757575757575758,62
[6],0.16999999999999998,0.0,0.006,0.2,0.2,sigmoid,adam,0.03,32,he,"(-0.1, 0.1)",20,0.029139892553381185,1.0,63
[4],0.06999999999999999,0.0,0.006,0.15000000000000002,0.8,sigmoid,sgd,0.02,8,range,"(-0.1, 0.1)",30,0.12312304307927163,0.5757575757575758,64
[6],0.01,0.002,0.008,0.25,0.4,sigmoid,adam,0.01,32,xavier,"(-0.1, 0.1)",30,0.12543282679907566,0.5757575757575758,65
[5],0.16999999999999998,0.01,0.006,0.25,0.1,tanh,sgd,0.01,32,gaussian,"(-0.1, 0.1)",35,0.12335922964310578,0.5757575757575758,66
[3],0.06999999999999999,0.016,0.004,0.2,0.5,tanh,sgd,0.02,16,xavier,"(-0.1, 0.1)",30,0.12382028342540917,0.5757575757575758,67
[5],0.16999999999999998,0.014,0.0,0.05,0.0,tanh,sgd,0.0,64,gaussian,"(-0.1, 0.1)",30,0.12244331684765368,0.5757575757575758,68
[6],0.049999999999999996,0.018000000000000002,0.008,0.25,0.7000000000000001,tanh,adam,0.02,16,range,"(-0.1, 0.1)",30,0.09037535027861317,0.9696969696969697,69
[4],0.03,0.014,0.0,0.15000000000000002,0.4,tanh,adam,0.01,16,xavier,"(-0.7, 0.7)",30,0.05589167681484144,0.9696969696969697,70
[5],0.12999999999999998,0.004,0.004,0.1,0.7000000000000001,tanh,sgd,0.0,64,gaussian,"(-0.5, 0.5)",30,0.12661213077126976,0.5757575757575758,71
[6],0.049999999999999996,0.008,0.004,0.2,0.2,sigmoid,adam,0.0,32,range,"(-0.7, 0.7)",20,0.09123657776654165,1.0,72
[5],0.16999999999999998,0.014,0.006,0.2,0.6000000000000001,sigmoid,sgd,0.04,16,glorot,"(-0.5, 0.5)",20,0.12665224993261437,0.5757575757575758,73
[5],0.06999999999999999,0.018000000000000002,0.006,0.15000000000000002,0.5,sigmoid,sgd,0.0,64,gaussian,"(-0.7, 0.7)",35,0.1500208277802374,0.5757575757575758,74
[6],0.10999999999999997,0.016,0.0,0.15000000000000002,0.2,tanh,adam,0.0,8,range,"(-0.5, 0.5)",30,0.07413400071450911,1.0,75
[6],0.01,0.002,0.002,0.05,0.0,sigmoid,sgd,0.03,32,glorot,"(-0.7, 0.7)",35,0.12411105849366198,0.5757575757575758,76
[6],0.06999999999999999,0.006,0.004,0.1,0.4,tanh,adam,0.0,8,range,"(-0.7, 0.7)",30,0.030572410367624127,1.0,77
[4],0.08999999999999998,0.0,0.004,0.2,0.0,sigmoid,adam,0.0,32,gaussian,"(-0.1, 0.1)",30,0.10404494057603791,0.696969696969697,78
[6],0.10999999999999997,0.012,0.006,0.15000000000000002,0.6000000000000001,sigmoid,sgd,0.03,16,xavier,"(-0.7, 0.7)",30,0.1261386005721032,0.5757575757575758,79
[5],0.12999999999999998,0.004,0.004,0.25,0.2,sigmoid,sgd,0.0,8,xavier,"(-0.7, 0.7)",30,0.12342678514409579,0.5757575757575758,80
[6],0.049999999999999996,0.002,0.002,0.25,0.6000000000000001,tanh,adam,0.04,16,glorot,"(-0.7, 0.7)",30,0.02073011930636498,1.0,81
[6],0.12999999999999998,0.01,0.002,0.05,0.6000000000000001,sigmoid,adam,0.01,32,glorot,"(-0.7, 0.7)",35,0.11368465264307047,1.0,82
[5],0.01,0.0,0.008,0.15000000000000002,0.5,sigmoid,adam,0.0,16,range,"(-0.5, 0.5)",30,0.11922206804286502,0.45454545454545453,83
[3],0.16999999999999998,0.018000000000000002,0.0,0.05,0.7000000000000001,sigmoid,adam,0.04,8,he,"(-0.7, 0.7)",20,0.099352990263294,1.0,84
[6],0.15,0.016,0.006,0.2,0.5,tanh,adam,0.02,32,xavier,"(-0.1, 0.1)",35,0.1052847782117571,0.9090909090909091,85
[5],0.18999999999999997,0.008,0.0,0.25,0.7000000000000001,sigmoid,sgd,0.02,8,he,"(-0.5, 0.5)",20,0.12401942951163937,0.5757575757575758,86
[4],0.16999999999999998,0.002,0.004,0.1,0.2,tanh,adam,0.02,8,gaussian,"(-0.7, 0.7)",20,0.068079716013946,0.8484848484848485,87
[4],0.15,0.01,0.002,0.1,0.30000000000000004,tanh,sgd,0.04,8,he,"(-0.1, 0.1)",20,0.048869199637615005,1.0,88
[4],0.15,0.012,0.006,0.05,0.7000000000000001,sigmoid,sgd,0.04,32,gaussian,"(-0.7, 0.7)",30,0.13945292397545728,0.5757575757575758,89
[3],0.01,0.004,0.006,0.15000000000000002,0.7000000000000001,tanh,adam,0.04,16,glorot,"(-0.7, 0.7)",35,0.12290008493344469,0.5454545454545454,90
[6],0.15,0.008,0.002,0.2,0.6000000000000001,sigmoid,adam,0.03,64,he,"(-0.7, 0.7)",35,0.08737881928474912,1.0,91
[3],0.03,0.016,0.004,0.15000000000000002,0.4,tanh,adam,0.02,8,he,"(-0.7, 0.7)",35,0.05873493121225526,0.9696969696969697,92
[6],0.15,0.006,0.008,0.05,0.8,tanh,sgd,0.02,8,gaussian,"(-0.1, 0.1)",20,0.028987071774824652,1.0,93
[6],0.03,0.016,0.0,0.25,0.7000000000000001,tanh,sgd,0.02,32,xavier,"(-0.1, 0.1)",20,0.12674816057368585,0.5757575757575758,94
[3],0.01,0.018000000000000002,0.002,0.2,0.1,sigmoid,sgd,0.04,16,glorot,"(-0.7, 0.7)",35,0.12295900090432711,0.5757575757575758,95
[4],0.03,0.004,0.004,0.1,0.7000000000000001,sigmoid,adam,0.02,64,he,"(-0.5, 0.5)",20,0.1251013461484607,0.5454545454545454,96
[3],0.08999999999999998,0.0,0.006,0.15000000000000002,0.5,sigmoid,adam,0.02,16,glorot,"(-0.1, 0.1)",30,0.034980598721811335,1.0,97
[4],0.18999999999999997,0.012,0.002,0.25,0.7000000000000001,sigmoid,sgd,0.04,64,xavier,"(-0.7, 0.7)",35,0.1271427907384331,0.5757575757575758,98
[3],0.15,0.008,0.0,0.0,0.1,sigmoid,adam,0.03,8,glorot,"(-0.1, 0.1)",35,0.05408007526584927,1.0,99
[3],0.01,0.012,0.004,0.05,0.5,tanh,sgd,0.04,64,glorot,"(-0.5, 0.5)",30,0.1225072645863326,0.5151515151515151,100
[3],0.16999999999999998,0.006,0.0,0.15000000000000002,0.7000000000000001,sigmoid,adam,0.02,32,glorot,"(-0.1, 0.1)",35,0.09139940585201933,0.9117647058823529,501
[3],0.10999999999999997,0.016,0.004,0.0,0.7000000000000001,tanh,sgd,0.01,8,glorot,"(-0.7, 0.7)",20,0.10013457407629259,0.7647058823529411,502
[5],0.12999999999999998,0.002,0.004,0.15000000000000002,0.1,tanh,sgd,0.01,8,xavier,"(-0.1, 0.1)",35,0.12107400704446161,0.6176470588235294,503
[4],0.15,0.012,0.0,0.2,0.4,tanh,adam,0.0,8,he,"(-0.1, 0.1)",30,0.036415384671144524,1.0,504
[3],0.12999999999999998,0.002,0.002,0.25,0.8,tanh,sgd,0.04,16,gaussian,"(-0.1, 0.1)",35,0.1245138346312068,0.5588235294117647,505
[4],0.15,0.0,0.006,0.2,0.0,sigmoid,sgd,0.0,16,gaussian,"(-0.5, 0.5)",20,0.13428180557996974,0.4411764705882353,506
[6],0.18999999999999997,0.004,0.008,0.0,0.1,sigmoid,adam,0.04,16,gaussian,"(-0.1, 0.1)",30,0.04975822484448989,1.0,507
[5],0.12999999999999998,0.01,0.0,0.25,0.8,sigmoid,adam,0.01,8,range,"(-0.1, 0.1)",30,0.08769729026937749,1.0,508
[3],0.03,0.008,0.002,0.15000000000000002,0.2,tanh,sgd,0.03,16,range,"(-0.1, 0.1)",20,0.12573597674916784,0.4411764705882353,509
[3],0.18999999999999997,0.012,0.002,0.0,0.7000000000000001,sigmoid,sgd,0.0,16,gaussian,"(-0.7, 0.7)",35,0.14146683547470484,0.4411764705882353,510
[5],0.12999999999999998,0.014,0.002,0.05,0.2,tanh,adam,0.03,16,xavier,"(-0.7, 0.7)",35,0.06014176669657513,1.0,511
[3],0.18999999999999997,0.004,0.006,0.2,0.1,tanh,adam,0.03,8,range,"(-0.1, 0.1)",20,0.08298150508385536,0.8235294117647058,512
[3],0.16999999999999998,0.002,0.008,0.1,0.8,sigmoid,adam,0.01,32,gaussian,"(-0.1, 0.1)",20,0.054494609430567886,1.0,513
[4],0.15,0.014,0.002,0.05,0.0,sigmoid,adam,0.02,16,glorot,"(-0.5, 0.5)",30,0.11299449567283608,1.0,514
[6],0.01,0.002,0.0,0.2,0.2,sigmoid,sgd,0.03,8,gaussian,"(-0.1, 0.1)",35,0.1275304209909,0.4411764705882353,515
[6],0.18999999999999997,0.018000000000000002,0.004,0.15000000000000002,0.30000000000000004,tanh,sgd,0.0,32,xavier,"(-0.1, 0.1)",20,0.14013871602137168,0.4411764705882353,516
[6],0.06999999999999999,0.012,0.002,0.0,0.7000000000000001,tanh,sgd,0.03,16,xavier,"(-0.7, 0.7)",30,0.14103843329899202,0.4411764705882353,517
[4],0.12999999999999998,0.01,0.002,0.15000000000000002,0.30000000000000004,tanh,adam,0.01,32,xavier,"(-0.1, 0.1)",35,0.1009789219450464,0.8529411764705882,518
[3],0.08999999999999998,0.004,0.0,0.15000000000000002,0.7000000000000001,tanh,sgd,0.02,16,he,"(-0.7, 0.7)",20,0.12840052084520945,0.47058823529411764,519
[4],0.18999999999999997,0.016,0.002,0.0,0.6000000000000001,tanh,sgd,0.04,64,glorot,"(-0.5, 0.5)",20,0.13277487129668636,0.5882352941176471,520
[6],0.06999999999999999,0.006,0.004,0.15000000000000002,0.30000000000000004,sigmoid,sgd,0.03,8,gaussian,"(-0.5, 0.5)",35,0.13757709777149246,0.4411764705882353,521
[3],0.12999999999999998,0.016,0.006,0.15000000000000002,0.1,tanh,adam,0.01,8,range,"(-0.1, 0.1)",35,0.05020244208160952,1.0,522
[6],0.06999999999999999,0.004,0.004,0.1,0.30000000000000004,sigmoid,sgd,0.03,32,xavier,"(-0.7, 0.7)",30,0.13128468359990111,0.4411764705882353,523
[3],0.15,0.014,0.002,0.25,0.6000000000000001,sigmoid,adam,0.03,8,gaussian,"(-0.5, 0.5)",35,0.10632396780173531,0.9117647058823529,524
[5],0.16999999999999998,0.0,0.004,0.15000000000000002,0.4,sigmoid,sgd,0.04,32,gaussian,"(-0.7, 0.7)",35,0.13288510592902084,0.4411764705882353,525
[5],0.01,0.002,0.006,0.1,0.7000000000000001,sigmoid,adam,0.02,16,range,"(-0.7, 0.7)",20,0.14499808488848287,0.4411764705882353,526
[4],0.049999999999999996,0.01,0.002,0.2,0.1,tanh,sgd,0.01,32,he,"(-0.5, 0.5)",35,0.14790791610132964,0.4117647058823529,527
[6],0.08999999999999998,0.0,0.0,0.1,0.5,tanh,adam,0.04,8,glorot,"(-0.7, 0.7)",35,0.0011271534730300816,1.0,528
[5],0.15,0.018000000000000002,0.004,0.25,0.1,sigmoid,adam,0.0,8,glorot,"(-0.1, 0.1)",30,0.13779143194850219,0.5,529
[3],0.03,0.004,0.004,0.0,0.2,tanh,sgd,0.01,8,he,"(-0.5, 0.5)",35,0.12825753173150464,0.6470588235294118,530
[4],0.15,0.01,0.006,0.15000000000000002,0.0,tanh,sgd,0.0,8,xavier,"(-0.7, 0.7)",35,0.09959595052971305,0.6764705882352942,531
[5],0.12999999999999998,0.018000000000000002,0.004,0.25,0.5,tanh,adam,0.03,32,range,"(-0.1, 0.1)",30,0.13202048286528842,0.6764705882352942,532
[4],0.08999999999999998,0.006,0.006,0.1,0.4,sigmoid,sgd,0.02,32,glorot,"(-0.1, 0.1)",35,0.15344522237681638,0.4411764705882353,533
[4],0.16999999999999998,0.008,0.002,0.05,0.2,sigmoid,sgd,0.0,8,he,"(-0.7, 0.7)",20,0.12210116692665295,0.4411764705882353,534
[6],0.08999999999999998,0.01,0.002,0.05,0.8,sigmoid,adam,0.02,16,he,"(-0.5, 0.5)",35,0.08548540628459883,1.0,535
[4],0.16999999999999998,0.008,0.0,0.0,0.6000000000000001,tanh,sgd,0.03,32,xavier,"(-0.1, 0.1)",35,0.13519012824595938,0.5588235294117647,536
[5],0.08999999999999998,0.014,0.004,0.2,0.2,tanh,adam,0.0,64,gaussian,"(-0.1, 0.1)",35,0.12434528674234653,0.5588235294117647,537
[3],0.08999999999999998,0.0,0.006,0.2,0.30000000000000004,tanh,adam,0.0,32,gaussian,"(-0.7, 0.7)",35,0.09306318836398542,0.5882352941176471,538
[4],0.18999999999999997,0.016,0.002,0.1,0.30000000000000004,sigmoid,sgd,0.04,64,gaussian,"(-0.7, 0.7)",30,0.14526700334790218,0.4411764705882353,539
[4],0.15,0.01,0.008,0.2,0.8,sigmoid,adam,0.03,16,glorot,"(-0.5, 0.5)",30,0.10638763374543914,1.0,540
[5],0.01,0.008,0.004,0.1,0.4,tanh,sgd,0.01,64,glorot,"(-0.5, 0.5)",30,0.13382013163981632,0.5588235294117647,541
[4],0.12999999999999998,0.012,0.002,0.2,0.1,sigmoid,sgd,0.02,64,range,"(-0.5, 0.5)",20,0.13650034832117097,0.4411764705882353,542
[6],0.03,0.0,0.006,0.25,0.4,tanh,sgd,0.04,64,range,"(-0.1, 0.1)",20,0.12590048307244373,0.5294117647058824,543
[4],0.12999999999999998,0.008,0.008,0.15000000000000002,0.0,tanh,adam,0.03,64,xavier,"(-0.1, 0.1)",20,0.10379995809259791,0.7058823529411765,544
[4],0.08999999999999998,0.008,0.006,0.0,0.4,tanh,sgd,0.03,16,gaussian,"(-0.1, 0.1)",30,0.13094449060645738,0.4411764705882353,545
[6],0.03,0.018000000000000002,0.004,0.2,0.7000000000000001,tanh,adam,0.03,8,he,"(-0.7, 0.7)",35,0.05283669165273107,1.0,546
[3],0.08999999999999998,0.004,0.008,0.0,0.2,tanh,adam,0.01,32,xavier,"(-0.1, 0.1)",30,0.02907044340332815,1.0,547
[5],0.12999999999999998,0.01,0.0,0.1,0.4,sigmoid,sgd,0.01,8,range,"(-0.1, 0.1)",35,0.1422151320713008,0.4411764705882353,548
[5],0.10999999999999997,0.008,0.004,0.25,0.5,sigmoid,adam,0.01,8,xavier,"(-0.7, 0.7)",30,0.08246176233225125,1.0,549
[5],0.15,0.012,0.004,0.05,0.1,sigmoid,sgd,0.04,16,xavier,"(-0.7, 0.7)",35,0.1392728880277205,0.4411764705882353,550
[3],0.12999999999999998,0.014,0.0,0.0,0.2,sigmoid,adam,0.02,32,he,"(-0.1, 0.1)",30,0.08483917167587178,1.0,551
[5],0.049999999999999996,0.008,0.0,0.25,0.1,sigmoid,sgd,0.01,16,he,"(-0.1, 0.1)",20,0.13207405941901995,0.4411764705882353,552
[4],0.03,0.012,0.0,0.0,0.0,tanh,adam,0.0,16,gaussian,"(-0.1, 0.1)",35,0.030471242596533506,1.0,553
[3],0.15,0.002,0.004,0.0,0.1,tanh,sgd,0.0,8,range,"(-0.1, 0.1)",35,0.09306578614973321,0.6176470588235294,554
[4],0.049999999999999996,0.01,0.0,0.0,0.2,tanh,adam,0.02,16,range,"(-0.7, 0.7)",35,0.05075582407136971,0.9705882352941176,555
[4],0.16999999999999998,0.018000000000000002,0.0,0.0,0.0,sigmoid,sgd,0.02,16,range,"(-0.1, 0.1)",35,0.13573446266362998,0.4411764705882353,556
[3],0.06999999999999999,0.016,0.006,0.1,0.2,tanh,sgd,0.01,32,glorot,"(-0.5, 0.5)",20,0.13126209153829402,0.5294117647058824,557
[4],0.12999999999999998,0.002,0.004,0.0,0.7000000000000001,sigmoid,sgd,0.03,32,he,"(-0.7, 0.7)",35,0.14561664542423572,0.4411764705882353,558
[3],0.03,0.01,0.006,0.0,0.6000000000000001,tanh,adam,0.04,32,glorot,"(-0.1, 0.1)",35,0.11233655446160523,0.7352941176470589,559
[6],0.08999999999999998,0.012,0.002,0.0,0.7000000000000001,tanh,sgd,0.0,64,gaussian,"(-0.5, 0.5)",30,0.17012243114269568,0.4411764705882353,560
[3],0.03,0.004,0.006,0.15000000000000002,0.1,sigmoid,sgd,0.02,16,he,"(-0.1, 0.1)",35,0.12925206626428495,0.4411764705882353,561
[6],0.03,0.006,0.006,0.25,0.7000000000000001,tanh,adam,0.03,32,glorot,"(-0.7, 0.7)",35,0.0981720772175053,0.7352941176470589,562
[6],0.15,0.016,0.004,0.05,0.7000000000000001,sigmoid,sgd,0.02,64,glorot,"(-0.1, 0.1)",35,0.13864654702920343,0.5294117647058824,563
[4],0.01,0.002,0.0,0.0,0.7000000000000001,sigmoid,sgd,0.03,32,xavier,"(-0.5, 0.5)",35,0.14246306647389625,0.4411764705882353,564
[3],0.03,0.016,0.006,0.15000000000000002,0.30000000000000004,tanh,adam,0.03,32,range,"(-0.5, 0.5)",35,0.11545005532793284,0.6764705882352942,565
[3],0.01,0.012,0.0,0.15000000000000002,0.7000000000000001,tanh,adam,0.03,64,gaussian,"(-0.1, 0.1)",20,0.1263012342552722,0.4411764705882353,566
[5],0.049999999999999996,0.014,0.006,0.05,0.4,tanh,adam,0.0,64,range,"(-0.7, 0.7)",35,0.12117289084670581,0.7352941176470589,567
[6],0.15,0.016,0.002,0.2,0.0,tanh,adam,0.03,64,range,"(-0.7, 0.7)",30,0.07461784572667811,0.9411764705882353,568
[5],0.10999999999999997,0.0,0.0,0.2,0.0,sigmoid,adam,0.02,8,he,"(-0.5, 0.5)",20,0.008006640676759134,1.0,569
[6],0.10999999999999997,0.01,0.006,0.1,0.0,sigmoid,sgd,0.01,32,range,"(-0.1, 0.1)",35,0.12760959590428522,0.4411764705882353,570
[3],0.08999999999999998,0.002,0.004,0.05,0.0,tanh,sgd,0.03,64,range,"(-0.7, 0.7)",30,0.1267275366003371,0.5294117647058824,571
[5],0.01,0.014,0.008,0.0,0.5,tanh,adam,0.02,8,glorot,"(-0.1, 0.1)",35,0.07500284159043215,0.8529411764705882,572
[4],0.10999999999999997,0.014,0.008,0.25,0.5,sigmoid,adam,0.02,64,xavier,"(-0.5, 0.5)",35,0.12761885357590752,0.7058823529411765,573
[3],0.16999999999999998,0.006,0.004,0.1,0.0,tanh,adam,0.01,8,range,"(-0.1, 0.1)",35,0.13977203506649893,0.7647058823529411,574
[5],0.08999999999999998,0.002,0.008,0.2,0.7000000000000001,tanh,sgd,0.02,8,he,"(-0.7, 0.7)",30,0.11411750284401254,0.6764705882352942,575
[6],0.16999999999999998,0.01,0.002,0.15000000000000002,0.6000000000000001,tanh,adam,0.04,16,gaussian,"(-0.7, 0.7)",35,0.060486103366649516,1.0,576
[4],0.18999999999999997,0.014,0.002,0.25,0.7000000000000001,tanh,adam,0.04,8,range,"(-0.1, 0.1)",30,0.09612232954040809,0.8823529411764706,577
[6],0.049999999999999996,0.006,0.002,0.25,0.4,tanh,adam,0.02,8,xavier,"(-0.5, 0.5)",30,0.0415502442700618,1.0,578
[5],0.049999999999999996,0.008,0.008,0.05,0.6000000000000001,sigmoid,sgd,0.01,16,gaussian,"(-0.1, 0.1)",30,0.13019854077985,0.4411764705882353,579
[6],0.15,0.016,0.006,0.15000000000000002,0.0,sigmoid,sgd,0.02,16,gaussian,"(-0.5, 0.5)",30,0.14688176894104726,0.4411764705882353,580
[4],0.01,0.014,0.0,0.0,0.1,tanh,adam,0.0,64,he,"(-0.7, 0.7)",35,0.14206886248063608,0.47058823529411764,581
[3],0.12999999999999998,0.004,0.002,0.0,0.8,sigmoid,adam,0.03,8,xavier,"(-0.7, 0.7)",20,0.035139854914006285,1.0,582
[5],0.10999999999999997,0.018000000000000002,0.006,0.25,0.30000000000000004,tanh,sgd,0.01,8,xavier,"(-0.1, 0.1)",30,0.13348690266310645,0.5588235294117647,583
[6],0.12999999999999998,0.008,0.008,0.0,0.7000000000000001,tanh,sgd,0.02,64,glorot,"(-0.7, 0.7)",20,0.15277122263445253,0.4411764705882353,584
[5],0.049999999999999996,0.01,0.006,0.25,0.5,tanh,sgd,0.04,8,gaussian,"(-0.7, 0.7)",35,0.1612463535256443,0.4411764705882353,585
[4],0.08999999999999998,0.016,0.006,0.1,0.5,sigmoid,sgd,0.03,64,gaussian,"(-0.5, 0.5)",30,0.13969845068509634,0.4411764705882353,586
[5],0.03,0.006,0.004,0.05,0.2,tanh,adam,0.03,8,he,"(-0.1, 0.1)",30,0.028606649027587187,1.0,587
[6],0.12999999999999998,0.01,0.006,0.0,0.2,tanh,sgd,0.02,64,range,"(-0.7, 0.7)",35,0.15172241635841968,0.4411764705882353,588
[5],0.15,0.0,0.0,0.25,0.2,tanh,sgd,0.0,64,xavier,"(-0.7, 0.7)",30,0.12723220799873053,0.5,589
[5],0.18999999999999997,0.002,0.0,0.05,0.30000000000000004,sigmoid,adam,0.02,64,glorot,"(-0.7, 0.7)",20,0.02535489223121811,1.0,590
[5],0.049999999999999996,0.018000000000000002,0.004,0.1,0.30000000000000004,sigmoid,adam,0.02,16,glorot,"(-0.5, 0.5)",35,0.11047470430400795,1.0,591
[4],0.01,0.0,0.008,0.25,0.30000000000000004,sigmoid,adam,0.01,32,xavier,"(-0.1, 0.1)",30,0.14423338215924442,0.4411764705882353,592
[6],0.18999999999999997,0.008,0.002,0.0,0.5,sigmoid,sgd,0.0,64,glorot,"(-0.7, 0.7)",30,0.13289355024344693,0.5,593
[3],0.06999999999999999,0.006,0.002,0.1,0.4,tanh,adam,0.01,64,xavier,"(-0.7, 0.7)",20,0.1193941886573978,0.6470588235294118,594
[5],0.06999999999999999,0.012,0.002,0.15000000000000002,0.2,sigmoid,adam,0.02,16,range,"(-0.5, 0.5)",20,0.10030167297998638,1.0,595
[5],0.18999999999999997,0.014,0.0,0.0,0.7000000000000001,sigmoid,adam,0.03,16,glorot,"(-0.7, 0.7)",30,0.08638031297937022,1.0,596
[5],0.03,0.002,0.008,0.0,0.0,tanh,sgd,0.03,32,range,"(-0.7, 0.7)",35,0.13398162584315365,0.5882352941176471,597
[3],0.01,0.008,0.008,0.2,0.6000000000000001,tanh,adam,0.02,16,range,"(-0.1, 0.1)",35,0.12744558280045631,0.4411764705882353,598
[4],0.08999999999999998,0.004,0.008,0.15000000000000002,0.5,tanh,sgd,0.0,32,range,"(-0.5, 0.5)",20,0.14177109435100227,0.4117647058823529,599
[5],0.03,0.01,0.0,0.05,0.7000000000000001,tanh,adam,0.03,32,he,"(-0.7, 0.7)",30,0.07991851302599652,0.8235294117647058,600
[5],0.12999999999999998,0.004,0.004,0.25,0.7000000000000001,sigmoid,adam,0.0,16,xavier,"(-0.1, 0.1)",20,0.08794183939865435,1.0,601
[4],0.01,0.014,0.004,0.05,0.7000000000000001,tanh,sgd,0.03,8,glorot,"(-0.5, 0.5)",35,0.14547536571720307,0.47058823529411764,602
[6],0.15,0.014,0.0,0.25,0.2,sigmoid,adam,0.0,16,he,"(-0.1, 0.1)",20,0.17700838024397092,0.8823529411764706,603
[5],0.18999999999999997,0.018000000000000002,0.002,0.2,0.0,sigmoid,adam,0.0,16,glorot,"(-0.7, 0.7)",20,0.12928531902775708,0.8235294117647058,604
[5],0.01,0.008,0.0,0.15000000000000002,0.5,sigmoid,adam,0.01,8,gaussian,"(-0.5, 0.5)",35,0.081280745079933,0.9117647058823529,605
[6],0.15,0.008,0.008,0.25,0.0,tanh,sgd,0.04,64,he,"(-0.7, 0.7)",35,0.14216194457555015,0.4117647058823529,606
[4],0.06999999999999999,0.0,0.004,0.1,0.0,sigmoid,adam,0.0,64,he,"(-0.1, 0.1)",20,0.08607361310291503,0.7058823529411765,607
[6],0.03,0.0,0.002,0.05,0.6000000000000001,tanh,adam,0.01,8,he,"(-0.5, 0.5)",30,0.004685097962904578,1.0,608
[5],0.18999999999999997,0.004,0.004,0.25,0.1,tanh,sgd,0.03,64,glorot,"(-0.5, 0.5)",30,0.1378912100111728,0.5294117647058824,609
[6],0.03,0.012,0.004,0.2,0.2,tanh,adam,0.0,8,range,"(-0.5, 0.5)",30,0.08015508238371435,0.8823529411764706,610
[4],0.049999999999999996,0.014,0.008,0.25,0.8,sigmoid,adam,0.03,64,gaussian,"(-0.5, 0.5)",30,0.14196784306800006,0.4411764705882353,611
[4],0.049999999999999996,0.008,0.002,0.2,0.6000000000000001,tanh,sgd,0.04,8,gaussian,"(-0.7, 0.7)",20,0.1458582825829368,0.5,612
[6],0.12999999999999998,0.002,0.006,0.25,0.4,tanh,adam,0.04,8,range,"(-0.1, 0.1)",20,0.03321240058594116,1.0,613
[6],0.049999999999999996,0.004,0.006,0.0,0.1,tanh,adam,0.02,64,glorot,"(-0.7, 0.7)",30,0.058856352393885654,0.9117647058823529,614
[5],0.049999999999999996,0.006,0.002,0.0,0.4,sigmoid,adam,0.04,8,gaussian,"(-0.5, 0.5)",20,0.03829095026410568,1.0,615
[3],0.049999999999999996,0.014,0.006,0.25,0.6000000000000001,tanh,adam,0.04,32,glorot,"(-0.5, 0.5)",20,0.11539795597441874,0.6764705882352942,616
[4],0.049999999999999996,0.0,0.002,0.0,0.0,sigmoid,sgd,0.01,64,xavier,"(-0.7, 0.7)",20,0.14314330806339753,0.4411764705882353,617
[6],0.16999999999999998,0.006,0.0,0.1,0.7000000000000001,sigmoid,adam,0.03,8,gaussian,"(-0.1, 0.1)",20,0.0569206804764726,0.9705882352941176,618
[6],0.15,0.014,0.0,0.15000000000000002,0.30000000000000004,sigmoid,adam,0.04,64,gaussian,"(-0.5, 0.5)",20,0.09935593064813997,1.0,619
[3],0.12999999999999998,0.012,0.006,0.25,0.8,tanh,sgd,0.03,64,glorot,"(-0.7, 0.7)",35,0.13381269230866474,0.47058823529411764,620
[6],0.06999999999999999,0.0,0.008,0.0,0.6000000000000001,tanh,sgd,0.02,64,glorot,"(-0.1, 0.1)",30,0.14811605770010725,0.5,621
[5],0.15,0.012,0.0,0.05,0.4,sigmoid,adam,0.02,64,xavier,"(-0.7, 0.7)",20,0.08463609767451644,1.0,622
[5],0.18999999999999997,0.014,0.002,0.1,0.6000000000000001,tanh,adam,0.03,16,range,"(-0.1, 0.1)",30,0.10877211829427942,0.7941176470588235,623
[3],0.15,0.004,0.002,0.05,0.2,tanh,sgd,0.03,64,he,"(-0.1, 0.1)",20,0.12807718058763912,0.6470588235294118,624
[3],0.01,0.01,0.004,0.1,0.2,sigmoid,sgd,0.0,32,glorot,"(-0.1, 0.1)",35,0.12699951718112132,0.5882352941176471,625
[4],0.03,0.016,0.002,0.15000000000000002,0.4,tanh,adam,0.0,32,xavier,"(-0.7, 0.7)",35,0.10743506407131066,0.7352941176470589,626
[3],0.01,0.014,0.006,0.0,0.1,sigmoid,sgd,0.04,8,xavier,"(-0.7, 0.7)",20,0.12826405094210128,0.4411764705882353,627
[4],0.10999999999999997,0.004,0.004,0.25,0.7000000000000001,tanh,sgd,0.01,32,he,"(-0.1, 0.1)",20,0.14328307262751902,0.47058823529411764,628
[4],0.15,0.012,0.0,0.05,0.7000000000000001,tanh,adam,0.04,16,gaussian,"(-0.5, 0.5)",30,0.0701957927760866,0.9411764705882353,629
[6],0.10999999999999997,0.006,0.002,0.2,0.6000000000000001,sigmoid,sgd,0.03,64,glorot,"(-0.5, 0.5)",35,0.1366394102349381,0.5,630
[5],0.01,0.014,0.002,0.0,0.8,sigmoid,sgd,0.02,32,glorot,"(-0.1, 0.1)",30,0.15259835299011903,0.4411764705882353,631
[3],0.12999999999999998,0.0,0.002,0.2,0.0,tanh,adam,0.03,32,he,"(-0.5, 0.5)",20,0.08751111461470669,0.7058823529411765,632
[5],0.16999999999999998,0.018000000000000002,0.002,0.25,0.6000000000000001,tanh,sgd,0.04,64,he,"(-0.7, 0.7)",30,0.1336635896136679,0.5294117647058824,633
[4],0.08999999999999998,0.002,0.0,0.2,0.5,tanh,sgd,0.04,32,xavier,"(-0.1, 0.1)",35,0.14523958007033233,0.4411764705882353,634
[5],0.16999999999999998,0.01,0.002,0.0,0.0,tanh,sgd,0.02,64,range,"(-0.1, 0.1)",35,0.12712167728869073,0.4411764705882353,635
[3],0.10999999999999997,0.008,0.008,0.1,0.1,sigmoid,sgd,0.03,32,range,"(-0.7, 0.7)",20,0.12929015190913176,0.5,636
[6],0.10999999999999997,0.006,0.008,0.2,0.8,sigmoid,adam,0.02,32,range,"(-0.7, 0.7)",20,0.10181105743440311,0.7647058823529411,637
[6],0.16999999999999998,0.006,0.0,0.1,0.8,sigmoid,adam,0.03,8,xavier,"(-0.7, 0.7)",30,0.051295456524103764,1.0,638
[6],0.03,0.002,0.0,0.15000000000000002,0.2,tanh,sgd,0.03,8,he,"(-0.7, 0.7)",35,0.1393549723861911,0.4117647058823529,639
[6],0.18999999999999997,0.016,0.008,0.15000000000000002,0.4,tanh,adam,0.03,64,glorot,"(-0.1, 0.1)",20,0.13452138719679446,0.6176470588235294,640
[4],0.15,0.014,0.002,0.25,0.8,sigmoid,sgd,0.03,64,gaussian,"(-0.7, 0.7)",20,0.14281715634568326,0.4411764705882353,641
[5],0.03,0.018000000000000002,0.006,0.0,0.1,tanh,adam,0.0,16,gaussian,"(-0.5, 0.5)",30,0.057176071666466294,1.0,642
[5],0.08999999999999998,0.008,0.006,0.0,0.2,sigmoid,adam,0.0,32,he,"(-0.1, 0.1)",20,0.06633458084169468,0.9705882352941176,643
[6],0.01,0.002,0.008,0.1,0.1,sigmoid,adam,0.03,32,range,"(-0.5, 0.5)",30,0.13466850645806222,0.4117647058823529,644
[6],0.15,0.018000000000000002,0.002,0.05,0.8,tanh,adam,0.03,16,he,"(-0.1, 0.1)",35,0.05674276275331688,1.0,645
[6],0.12999999999999998,0.006,0.006,0.1,0.8,sigmoid,adam,0.02,8,xavier,"(-0.7, 0.7)",20,0.061253037683874315,1.0,646
[5],0.16999999999999998,0.002,0.008,0.0,0.30000000000000004,sigmoid,sgd,0.03,8,gaussian,"(-0.7, 0.7)",35,0.14503046750040702,0.4411764705882353,647
[4],0.01,0.008,0.002,0.05,0.7000000000000001,sigmoid,adam,0.03,8,glorot,"(-0.1, 0.1)",30,0.13730205726477002,0.4411764705882353,648
[6],0.049999999999999996,0.012,0.0,0.2,0.5,tanh,adam,0.0,8,gaussian,"(-0.7, 0.7)",20,0.03374584263270104,1.0,649
[5],0.049999999999999996,0.004,0.004,0.0,0.2,tanh,adam,0.01,8,range,"(-0.5, 0.5)",20,0.06074410878643484,0.9117647058823529,650
[3],0.01,0.008,0.006,0.0,0.5,sigmoid,adam,0.02,32,glorot,"(-0.1, 0.1)",20,0.12811966283202345,0.6470588235294118,651
[4],0.06999999999999999,0.018000000000000002,0.008,0.05,0.7000000000000001,tanh,sgd,0.02,8,he,"(-0.5, 0.5)",35,0.10291121959157971,0.8235294117647058,652
[6],0.03,0.014,0.0,0.15000000000000002,0.30000000000000004,sigmoid,adam,0.04,8,xavier,"(-0.7, 0.7)",35,0.08984867786635868,0.9705882352941176,653
[4],0.08999999999999998,0.018000000000000002,0.006,0.15000000000000002,0.1,sigmoid,sgd,0.02,16,xavier,"(-0.7, 0.7)",30,0.1486304995402618,0.4411764705882353,654
[6],0.01,0.0,0.006,0.2,0.4,sigmoid,sgd,0.0,64,he,"(-0.7, 0.7)",30,0.13054266809729945,0.5294117647058824,655
[6],0.10999999999999997,0.006,0.008,0.2,0.4,sigmoid,sgd,0.04,8,he,"(-0.1, 0.1)",30,0.1464968822402023,0.4411764705882353,656
[3],0.049999999999999996,0.016,0.004,0.15000000000000002,0.30000000000000004,tanh,adam,0.02,64,he,"(-0.1, 0.1)",35,0.11413146193923905,0.6764705882352942,657
[5],0.10999999999999997,0.006,0.006,0.2,0.5,sigmoid,sgd,0.0,64,gaussian,"(-0.1, 0.1)",35,0.1291370619589911,0.4411764705882353,658
[4],0.12999999999999998,0.016,0.006,0.15000000000000002,0.8,sigmoid,sgd,0.04,8,glorot,"(-0.7, 0.7)",20,0.13043960430543824,0.4411764705882353,659
[5],0.12999999999999998,0.018000000000000002,0.004,0.15000000000000002,0.2,sigmoid,sgd,0.03,32,xavier,"(-0.5, 0.5)",20,0.1352626012467481,0.4411764705882353,660
[4],0.01,0.008,0.004,0.05,0.1,tanh,sgd,0.01,64,he,"(-0.1, 0.1)",30,0.15276188402810167,0.4411764705882353,661
[6],0.18999999999999997,0.006,0.0,0.05,0.6000000000000001,sigmoid,adam,0.04,64,xavier,"(-0.7, 0.7)",20,0.09199079751615916,0.8529411764705882,662
[4],0.03,0.018000000000000002,0.002,0.25,0.1,sigmoid,adam,0.04,16,range,"(-0.7, 0.7)",30,0.1419335326550652,0.4411764705882353,663
[4],0.01,0.016,0.008,0.1,0.8,tanh,sgd,0.03,8,he,"(-0.5, 0.5)",30,0.15489885242727963,0.4411764705882353,664
[5],0.03,0.016,0.006,0.15000000000000002,0.5,sigmoid,sgd,0.0,32,glorot,"(-0.7, 0.7)",30,0.1532444353160241,0.4411764705882353,665
[5],0.01,0.012,0.002,0.1,0.1,sigmoid,sgd,0.03,8,xavier,"(-0.1, 0.1)",20,0.12921481157655634,0.4411764705882353,666
[5],0.08999999999999998,0.002,0.0,0.0,0.7000000000000001,tanh,sgd,0.04,32,he,"(-0.1, 0.1)",20,0.12995193473881125,0.5,667
[6],0.06999999999999999,0.01,0.0,0.1,0.8,sigmoid,sgd,0.04,64,gaussian,"(-0.7, 0.7)",30,0.14019952635793637,0.4411764705882353,668
[3],0.03,0.0,0.0,0.15000000000000002,0.5,sigmoid,sgd,0.0,64,gaussian,"(-0.5, 0.5)",35,0.1256737914260414,0.4411764705882353,669
[6],0.03,0.002,0.0,0.2,0.0,tanh,adam,0.03,8,range,"(-0.5, 0.5)",20,0.018976385740981698,1.0,670
[3],0.15,0.012,0.006,0.15000000000000002,0.1,tanh,sgd,0.03,32,range,"(-0.1, 0.1)",20,0.12791565786769296,0.4411764705882353,671
[3],0.01,0.018000000000000002,0.0,0.2,0.30000000000000004,sigmoid,adam,0.02,64,glorot,"(-0.7, 0.7)",35,0.12743176544057783,0.6470588235294118,672
[6],0.049999999999999996,0.006,0.002,0.0,0.0,sigmoid,adam,0.04,64,range,"(-0.7, 0.7)",30,0.1254903720136049,0.5294117647058824,673
[5],0.18999999999999997,0.016,0.002,0.05,0.7000000000000001,tanh,adam,0.02,32,gaussian,"(-0.7, 0.7)",35,0.09873247611307684,0.9705882352941176,674
[4],0.01,0.006,0.008,0.2,0.0,tanh,adam,0.01,16,xavier,"(-0.1, 0.1)",30,0.11174203943381984,0.6176470588235294,675
[4],0.15,0.014,0.008,0.25,0.5,tanh,adam,0.03,32,xavier,"(-0.1, 0.1)",30,0.13350233204476966,0.7647058823529411,676
[3],0.15,0.006,0.0,0.25,0.30000000000000004,sigmoid,adam,0.04,16,xavier,"(-0.5, 0.5)",35,0.10119226743300713,0.8529411764705882,677
[5],0.12999999999999998,0.006,0.006,0.05,0.0,tanh,sgd,0.0,32,gaussian,"(-0.7, 0.7)",20,0.16685623389063847,0.4411764705882353,678
[4],0.08999999999999998,0.014,0.002,0.25,0.5,sigmoid,sgd,0.01,16,he,"(-0.1, 0.1)",20,0.14761432998844004,0.4411764705882353,679
[5],0.049999999999999996,0.01,0.008,0.05,0.2,sigmoid,sgd,0.01,32,gaussian,"(-0.1, 0.1)",35,0.12846483049905594,0.4411764705882353,680
[4],0.12999999999999998,0.002,0.004,0.05,0.4,tanh,sgd,0.02,32,xavier,"(-0.7, 0.7)",35,0.1472165105648921,0.5,681
[6],0.03,0.002,0.002,0.05,0.30000000000000004,sigmoid,adam,0.02,32,range,"(-0.5, 0.5)",35,0.112992054886927,0.5882352941176471,682
[4],0.01,0.018000000000000002,0.008,0.05,0.8,tanh,sgd,0.02,16,gaussian,"(-0.7, 0.7)",30,0.15924682842088117,0.47058823529411764,683
[4],0.16999999999999998,0.018000000000000002,0.006,0.05,0.1,tanh,sgd,0.01,64,range,"(-0.5, 0.5)",30,0.15242179626624758,0.4411764705882353,684
[6],0.049999999999999996,0.01,0.004,0.2,0.7000000000000001,tanh,adam,0.02,64,range,"(-0.7, 0.7)",20,0.10373791596220555,0.7647058823529411,685
[4],0.06999999999999999,0.006,0.006,0.05,0.6000000000000001,sigmoid,adam,0.03,64,range,"(-0.1, 0.1)",30,0.11215283483688547,0.6176470588235294,686
[5],0.16999999999999998,0.002,0.002,0.0,0.4,tanh,adam,0.01,8,glorot,"(-0.7, 0.7)",35,0.18173757570590868,0.5,687
[5],0.12999999999999998,0.014,0.006,0.15000000000000002,0.6000000000000001,tanh,adam,0.02,32,glorot,"(-0.1, 0.1)",20,0.10567509831617475,0.9117647058823529,688
[6],0.06999999999999999,0.008,0.0,0.1,0.1,tanh,sgd,0.02,16,gaussian,"(-0.1, 0.1)",20,0.13163722717303653,0.4411764705882353,689
[5],0.01,0.016,0.002,0.1,0.30000000000000004,tanh,adam,0.02,32,xavier,"(-0.7, 0.7)",35,0.12807390555181256,0.5882352941176471,690
[4],0.16999999999999998,0.008,0.0,0.1,0.4,tanh,adam,0.03,8,glorot,"(-0.7, 0.7)",35,0.05308399238408254,1.0,691
[4],0.12999999999999998,0.006,0.002,0.25,0.30000000000000004,tanh,sgd,0.04,64,glorot,"(-0.5, 0.5)",20,0.13796842677376456,0.4411764705882353,692
[5],0.06999999999999999,0.012,0.006,0.05,0.7000000000000001,tanh,sgd,0.02,16,range,"(-0.1, 0.1)",30,0.12740146220313447,0.4411764705882353,693
[3],0.15,0.01,0.004,0.05,0.6000000000000001,tanh,adam,0.04,32,he,"(-0.7, 0.7)",20,0.1314184463309559,0.6470588235294118,694
[3],0.049999999999999996,0.004,0.004,0.2,0.6000000000000001,tanh,sgd,0.03,8,range,"(-0.5, 0.5)",20,0.13027615543876214,0.47058823529411764,695
[6],0.03,0.01,0.008,0.15000000000000002,0.4,sigmoid,sgd,0.0,16,gaussian,"(-0.7, 0.7)",35,0.15041326874684025,0.4411764705882353,696
[6],0.01,0.004,0.002,0.0,0.6000000000000001,tanh,sgd,0.01,32,range,"(-0.1, 0.1)",30,0.12560204503164557,0.5588235294117647,697
[3],0.10999999999999997,0.016,0.0,0.05,0.5,tanh,adam,0.01,8,xavier,"(-0.7, 0.7)",30,0.048631215873519124,1.0,698
[6],0.03,0.012,0.002,0.05,0.30000000000000004,tanh,adam,0.03,16,range,"(-0.7, 0.7)",30,0.04703377370663773,1.0,699
[4],0.16999999999999998,0.014,0.004,0.05,0.0,sigmoid,adam,0.0,64,range,"(-0.1, 0.1)",35,0.09858431087621788,1.0,700
[5],0.18999999999999997,0.014,0.006,0.15000000000000002,0.0,sigmoid,adam,0.03,32,he,"(-0.5, 0.5)",35,0.14689274663156535,1.0,701
[4],0.12999999999999998,0.006,0.002,0.2,0.6000000000000001,tanh,adam,0.01,8,glorot,"(-0.7, 0.7)",20,0.04001708771019486,1.0,702
[4],0.049999999999999996,0.008,0.008,0.1,0.1,sigmoid,adam,0.03,8,he,"(-0.1, 0.1)",20,0.0673169436242702,1.0,703
[5],0.12999999999999998,0.014,0.002,0.1,0.30000000000000004,sigmoid,adam,0.0,8,glorot,"(-0.5, 0.5)",30,0.09892491721613678,1.0,704
[6],0.06999999999999999,0.012,0.0,0.0,0.4,sigmoid,sgd,0.02,64,glorot,"(-0.5, 0.5)",20,0.13553018044942794,0.5,705
[3],0.16999999999999998,0.006,0.006,0.05,0.7000000000000001,tanh,sgd,0.01,8,range,"(-0.1, 0.1)",20,0.0866944454352122,0.6764705882352942,706
[5],0.03,0.016,0.006,0.05,0.1,sigmoid,adam,0.01,64,he,"(-0.1, 0.1)",20,0.13938733962747935,0.4411764705882353,707
[3],0.16999999999999998,0.006,0.006,0.25,0.0,sigmoid,adam,0.02,64,gaussian,"(-0.7, 0.7)",20,0.08305269547590316,0.9411764705882353,708
[3],0.12999999999999998,0.006,0.002,0.1,0.30000000000000004,sigmoid,sgd,0.0,64,gaussian,"(-0.1, 0.1)",30,0.12741684699467143,0.4411764705882353,709
[4],0.03,0.006,0.0,0.25,0.2,sigmoid,sgd,0.03,8,he,"(-0.5, 0.5)",35,0.14695755821707546,0.4411764705882353,710
[4],0.18999999999999997,0.006,0.008,0.15000000000000002,0.6000000000000001,sigmoid,sgd,0.01,8,he,"(-0.5, 0.5)",20,0.115025028153404,0.5294117647058824,711
[3],0.12999999999999998,0.01,0.0,0.15000000000000002,0.30000000000000004,tanh,sgd,0.0,32,range,"(-0.5, 0.5)",20,0.12837822693221373,0.5,712
[3],0.06999999999999999,0.012,0.004,0.2,0.7000000000000001,sigmoid,sgd,0.02,8,range,"(-0.5, 0.5)",35,0.1344747056118865,0.4411764705882353,713
[6],0.049999999999999996,0.01,0.002,0.25,0.5,tanh,sgd,0.02,8,range,"(-0.7, 0.7)",30,0.14592161201005432,0.4411764705882353,714
[6],0.16999999999999998,0.006,0.008,0.2,0.0,sigmoid,sgd,0.04,8,he,"(-0.1, 0.1)",35,0.1447527621549707,0.4411764705882353,715
[6],0.06999999999999999,0.018000000000000002,0.0,0.0,0.2,tanh,adam,0.02,16,xavier,"(-0.5, 0.5)",20,0.04379571182431129,1.0,716
[3],0.06999999999999999,0.018000000000000002,0.006,0.25,0.5,sigmoid,adam,0.02,8,range,"(-0.5, 0.5)",35,0.11423751313964091,1.0,717
[5],0.01,0.006,0.004,0.1,0.30000000000000004,sigmoid,sgd,0.01,16,range,"(-0.5, 0.5)",35,0.1422298617337164,0.4411764705882353,718
[5],0.049999999999999996,0.014,0.0,0.0,0.7000000000000001,sigmoid,sgd,0.0,16,xavier,"(-0.1, 0.1)",20,0.1338061597413283,0.4411764705882353,719
[4],0.18999999999999997,0.016,0.002,0.05,0.8,sigmoid,adam,0.03,32,xavier,"(-0.7, 0.7)",20,0.09959601378836379,0.9117647058823529,720
[4],0.12999999999999998,0.004,0.008,0.05,0.4,tanh,adam,0.01,32,glorot,"(-0.1, 0.1)",30,0.036597069410465935,1.0,721
[6],0.12999999999999998,0.004,0.006,0.15000000000000002,0.6000000000000001,tanh,sgd,0.03,8,glorot,"(-0.5, 0.5)",20,0.07902103590575782,0.7941176470588235,722
[5],0.18999999999999997,0.016,0.002,0.2,0.2,tanh,adam,0.03,32,glorot,"(-0.5, 0.5)",30,0.09831755047079557,0.9705882352941176,723
[6],0.03,0.01,0.002,0.25,0.7000000000000001,sigmoid,sgd,0.01,8,gaussian,"(-0.7, 0.7)",35,0.14332531875478538,0.4411764705882353,724
[5],0.15,0.012,0.006,0.15000000000000002,0.5,tanh,adam,0.02,8,glorot,"(-0.1, 0.1)",20,0.04669531076684978,1.0,725
[6],0.18999999999999997,0.004,0.002,0.15000000000000002,0.4,tanh,adam,0.02,8,glorot,"(-0.5, 0.5)",35,0.022985056364538382,1.0,726
[4],0.06999999999999999,0.014,0.0,0.1,0.0,sigmoid,adam,0.04,64,xavier,"(-0.5, 0.5)",20,0.12628393357556164,0.5,727
[4],0.01,0.002,0.0,0.25,0.6000000000000001,tanh,sgd,0.04,16,glorot,"(-0.1, 0.1)",30,0.1473212709742293,0.4411764705882353,728
[5],0.08999999999999998,0.016,0.008,0.25,0.6000000000000001,tanh,adam,0.0,8,range,"(-0.5, 0.5)",20,0.12585726079459164,0.8235294117647058,729
[5],0.06999999999999999,0.012,0.004,0.0,0.2,tanh,sgd,0.0,8,glorot,"(-0.7, 0.7)",30,0.108799435437986,0.6470588235294118,730
[5],0.12999999999999998,0.004,0.002,0.1,0.2,sigmoid,sgd,0.03,16,range,"(-0.1, 0.1)",30,0.13675964948193575,0.4411764705882353,731
[4],0.049999999999999996,0.006,0.0,0.25,0.2,sigmoid,adam,0.03,64,range,"(-0.1, 0.1)",35,0.13034545925382257,0.4411764705882353,732
[4],0.03,0.008,0.0,0.15000000000000002,0.1,tanh,sgd,0.02,8,range,"(-0.1, 0.1)",30,0.12716393262626013,0.4411764705882353,733
[6],0.03,0.0,0.0,0.1,0.0,sigmoid,sgd,0.01,8,glorot,"(-0.7, 0.7)",35,0.13666078015651514,0.47058823529411764,734
[5],0.15,0.014,0.004,0.2,0.6000000000000001,tanh,adam,0.02,32,xavier,"(-0.5, 0.5)",35,0.07032605303242638,1.0,735
[6],0.12999999999999998,0.018000000000000002,0.0,0.1,0.5,sigmoid,sgd,0.03,64,xavier,"(-0.1, 0.1)",35,0.13251764347050754,0.4411764705882353,736
[3],0.16999999999999998,0.008,0.002,0.1,0.7000000000000001,tanh,adam,0.01,8,he,"(-0.1, 0.1)",35,0.09682150718739965,0.8529411764705882,737
[5],0.01,0.01,0.006,0.05,0.7000000000000001,tanh,sgd,0.02,64,glorot,"(-0.7, 0.7)",35,0.13494090148908736,0.5588235294117647,738
[3],0.12999999999999998,0.008,0.008,0.05,0.2,sigmoid,sgd,0.03,8,he,"(-0.7, 0.7)",35,0.14093315738495718,0.4411764705882353,739
[6],0.049999999999999996,0.014,0.0,0.15000000000000002,0.8,sigmoid,sgd,0.01,16,gaussian,"(-0.1, 0.1)",30,0.1314178048971967,0.4411764705882353,740
[3],0.049999999999999996,0.01,0.006,0.1,0.30000000000000004,tanh,adam,0.0,16,range,"(-0.7, 0.7)",35,0.10099998553812767,0.7941176470588235,741
[6],0.03,0.01,0.002,0.2,0.1,tanh,adam,0.03,64,xavier,"(-0.1, 0.1)",30,0.13167839103832646,0.5882352941176471,742
[3],0.08999999999999998,0.002,0.0,0.0,0.5,sigmoid,sgd,0.04,32,xavier,"(-0.5, 0.5)",30,0.12886918224807375,0.4411764705882353,743
[3],0.08999999999999998,0.0,0.008,0.2,0.30000000000000004,tanh,adam,0.02,32,xavier,"(-0.7, 0.7)",35,0.12488162380749518,0.7058823529411765,744
[4],0.03,0.012,0.0,0.2,0.7000000000000001,tanh,sgd,0.02,16,glorot,"(-0.7, 0.7)",30,0.13860268386372426,0.5,745
[4],0.18999999999999997,0.008,0.002,0.25,0.0,tanh,adam,0.04,8,he,"(-0.7, 0.7)",35,0.06336029700807104,0.9117647058823529,746
[6],0.06999999999999999,0.014,0.004,0.25,0.6000000000000001,sigmoid,adam,0.01,16,xavier,"(-0.7, 0.7)",35,0.11953991235959488,1.0,747
[3],0.049999999999999996,0.014,0.006,0.1,0.2,sigmoid,adam,0.02,64,glorot,"(-0.5, 0.5)",30,0.1376168398167508,0.4411764705882353,748
[6],0.03,0.016,0.004,0.1,0.30000000000000004,tanh,sgd,0.01,32,range,"(-0.1, 0.1)",35,0.12601689851486006,0.4411764705882353,749
[5],0.15,0.004,0.008,0.05,0.7000000000000001,tanh,adam,0.01,16,xavier,"(-0.7, 0.7)",20,0.04652770537901439,1.0,750
[3],0.10999999999999997,0.018000000000000002,0.0,0.25,0.2,tanh,adam,0.01,8,gaussian,"(-0.5, 0.5)",30,0.04554749076471642,1.0,751
[4],0.01,0.002,0.008,0.25,0.5,tanh,sgd,0.03,16,gaussian,"(-0.1, 0.1)",20,0.12721104379793308,0.5882352941176471,752
[6],0.15,0.008,0.008,0.05,0.6000000000000001,sigmoid,adam,0.03,32,glorot,"(-0.5, 0.5)",20,0.10542359781817565,0.9117647058823529,753
[3],0.03,0.002,0.0,0.15000000000000002,0.8,sigmoid,sgd,0.04,64,he,"(-0.7, 0.7)",35,0.12680515255885352,0.4411764705882353,754
[3],0.18999999999999997,0.004,0.006,0.15000000000000002,0.6000000000000001,tanh,sgd,0.0,32,gaussian,"(-0.7, 0.7)",35,0.15954320354092574,0.4411764705882353,755
[4],0.12999999999999998,0.0,0.006,0.2,0.8,tanh,sgd,0.04,8,xavier,"(-0.7, 0.7)",20,0.07004554777152021,0.8235294117647058,756
[4],0.18999999999999997,0.004,0.0,0.2,0.7000000000000001,tanh,sgd,0.0,16,range,"(-0.1, 0.1)",35,0.023278975025198847,1.0,757
[4],0.03,0.016,0.004,0.0,0.1,sigmoid,adam,0.02,16,glorot,"(-0.7, 0.7)",20,0.0869336426597775,1.0,758
[4],0.08999999999999998,0.0,0.008,0.1,0.8,tanh,sgd,0.04,64,he,"(-0.7, 0.7)",30,0.14923284510923937,0.4411764705882353,759
[4],0.03,0.0,0.002,0.0,0.30000000000000004,sigmoid,adam,0.01,16,range,"(-0.7, 0.7)",20,0.009304600982144022,1.0,760
[5],0.08999999999999998,0.004,0.008,0.15000000000000002,0.1,tanh,adam,0.03,16,glorot,"(-0.5, 0.5)",20,0.07359409918281132,0.9117647058823529,761
[5],0.12999999999999998,0.004,0.008,0.05,0.1,tanh,sgd,0.02,16,glorot,"(-0.1, 0.1)",30,0.14318578279422856,0.5,762
[6],0.12999999999999998,0.0,0.008,0.05,0.1,tanh,sgd,0.04,8,range,"(-0.5, 0.5)",20,0.1339537052841885,0.5294117647058824,763
[5],0.03,0.01,0.004,0.1,0.2,sigmoid,adam,0.0,8,glorot,"(-0.1, 0.1)",30,0.07623748006988788,1.0,764
[3],0.03,0.004,0.008,0.25,0.4,tanh,sgd,0.04,32,range,"(-0.5, 0.5)",35,0.1260439154365987,0.5588235294117647,765
[5],0.18999999999999997,0.002,0.0,0.05,0.5,tanh,sgd,0.02,64,glorot,"(-0.7, 0.7)",20,0.1376375974554844,0.5,766
[5],0.01,0.016,0.002,0.25,0.2,sigmoid,adam,0.04,32,gaussian,"(-0.7, 0.7)",35,0.1430894764057325,0.4411764705882353,767
[5],0.06999999999999999,0.018000000000000002,0.006,0.25,0.7000000000000001,sigmoid,adam,0.02,64,range,"(-0.5, 0.5)",30,0.1523317490198588,0.4411764705882353,768
[6],0.16999999999999998,0.006,0.004,0.25,0.1,tanh,adam,0.02,8,gaussian,"(-0.1, 0.1)",35,0.05736037580977165,0.9705882352941176,769
[4],0.03,0.004,0.008,0.0,0.1,tanh,adam,0.0,64,range,"(-0.7, 0.7)",20,0.028135048179515808,1.0,770
[6],0.15,0.016,0.008,0.25,0.1,tanh,sgd,0.04,16,gaussian,"(-0.7, 0.7)",30,0.17362492293614673,0.4411764705882353,771
[5],0.06999999999999999,0.016,0.008,0.0,0.7000000000000001,sigmoid,sgd,0.01,8,he,"(-0.1, 0.1)",35,0.14985671438472636,0.4411764705882353,772
[5],0.01,0.012,0.006,0.15000000000000002,0.2,tanh,sgd,0.02,16,range,"(-0.1, 0.1)",30,0.1255639698546458,0.5294117647058824,773
[5],0.15,0.008,0.004,0.05,0.0,tanh,sgd,0.02,8,glorot,"(-0.7, 0.7)",30,0.0962727851414028,0.6764705882352942,774
[3],0.10999999999999997,0.0,0.008,0.15000000000000002,0.5,tanh,adam,0.0,8,he,"(-0.7, 0.7)",20,0.050591871386315816,0.8823529411764706,775
[6],0.10999999999999997,0.0,0.0,0.15000000000000002,0.7000000000000001,sigmoid,sgd,0.04,16,glorot,"(-0.1, 0.1)",30,0.1428649661426543,0.4411764705882353,776
[3],0.049999999999999996,0.008,0.002,0.15000000000000002,0.6000000000000001,tanh,adam,0.02,64,xavier,"(-0.7, 0.7)",30,0.1281935953525605,0.4411764705882353,777
[3],0.15,0.014,0.002,0.05,0.5,tanh,sgd,0.02,16,gaussian,"(-0.1, 0.1)",30,0.1366827744417276,0.4411764705882353,778
[3],0.049999999999999996,0.012,0.006,0.25,0.5,sigmoid,sgd,0.01,64,he,"(-0.1, 0.1)",30,0.12966071300980114,0.4411764705882353,779
[6],0.16999999999999998,0.014,0.002,0.1,0.6000000000000001,tanh,sgd,0.0,8,gaussian,"(-0.1, 0.1)",20,0.03545021097013732,1.0,780
[5],0.16999999999999998,0.0,0.002,0.0,0.5,tanh,sgd,0.03,64,he,"(-0.5, 0.5)",30,0.13116302280323103,0.5294117647058824,781
[3],0.12999999999999998,0.006,0.008,0.05,0.8,sigmoid,sgd,0.02,8,he,"(-0.7, 0.7)",20,0.10982090302754291,0.6176470588235294,782
[6],0.06999999999999999,0.014,0.0,0.25,0.8,sigmoid,sgd,0.04,16,xavier,"(-0.1, 0.1)",20,0.14236030945477587,0.4411764705882353,783
[6],0.01,0.008,0.002,0.05,0.6000000000000001,sigmoid,sgd,0.0,8,glorot,"(-0.5, 0.5)",35,0.13922847794744314,0.47058823529411764,784
[5],0.06999999999999999,0.006,0.004,0.15000000000000002,0.7000000000000001,sigmoid,adam,0.0,32,gaussian,"(-0.5, 0.5)",30,0.07220003856358535,1.0,785
[5],0.10999999999999997,0.012,0.002,0.1,0.0,sigmoid,sgd,0.0,8,he,"(-0.1, 0.1)",30,0.14222579637546734,0.4411764705882353,786
[6],0.08999999999999998,0.018000000000000002,0.0,0.15000000000000002,0.2,tanh,adam,0.02,32,he,"(-0.1, 0.1)",20,0.0647563312892305,1.0,787
[3],0.16999999999999998,0.004,0.004,0.1,0.5,tanh,sgd,0.02,16,range,"(-0.5, 0.5)",20,0.1350322873044247,0.4411764705882353,788
[3],0.049999999999999996,0.018000000000000002,0.0,0.0,0.30000000000000004,sigmoid,adam,0.0,8,range,"(-0.7, 0.7)",30,0.08606685541706736,1.0,789
[5],0.15,0.006,0.008,0.25,0.2,sigmoid,sgd,0.01,64,range,"(-0.7, 0.7)",30,0.1546088402531738,0.4411764705882353,790
[5],0.10999999999999997,0.014,0.0,0.15000000000000002,0.1,tanh,adam,0.04,8,xavier,"(-0.7, 0.7)",30,0.049536498957351724,1.0,791
[4],0.08999999999999998,0.0,0.008,0.0,0.30000000000000004,tanh,adam,0.04,8,xavier,"(-0.5, 0.5)",35,0.03350343981346601,0.9411764705882353,792
[6],0.16999999999999998,0.012,0.006,0.2,0.4,sigmoid,sgd,0.0,16,range,"(-0.1, 0.1)",35,0.13634971421690795,0.4411764705882353,793
[3],0.16999999999999998,0.014,0.008,0.25,0.8,tanh,adam,0.01,32,he,"(-0.7, 0.7)",20,0.13896834693644294,0.47058823529411764,794
[4],0.06999999999999999,0.0,0.008,0.05,0.4,sigmoid,sgd,0.02,16,he,"(-0.1, 0.1)",35,0.14715572466420074,0.4411764705882353,795
[4],0.06999999999999999,0.016,0.0,0.0,0.5,tanh,adam,0.0,32,xavier,"(-0.5, 0.5)",35,0.059735080942093906,1.0,796
[5],0.10999999999999997,0.0,0.0,0.1,0.30000000000000004,tanh,sgd,0.02,8,range,"(-0.7, 0.7)",35,0.1374737199799989,0.47058823529411764,797
[3],0.12999999999999998,0.008,0.008,0.2,0.30000000000000004,tanh,sgd,0.02,32,xavier,"(-0.7, 0.7)",35,0.12837234960544242,0.47058823529411764,798
[6],0.049999999999999996,0.014,0.002,0.25,0.6000000000000001,tanh,sgd,0.03,8,glorot,"(-0.1, 0.1)",30,0.1451501304078244,0.4411764705882353,799
[4],0.049999999999999996,0.006,0.008,0.15000000000000002,0.2,tanh,sgd,0.02,16,xavier,"(-0.5, 0.5)",35,0.14175189785746745,0.47058823529411764,800
[4],0.03,0.004,0.0,0.15000000000000002,0.30000000000000004,tanh,adam,0.0,16,gaussian,"(-0.7, 0.7)",20,0.09375891387436282,0.6764705882352942,801
[6],0.12999999999999998,0.0,0.0,0.0,0.0,sigmoid,sgd,0.0,32,xavier,"(-0.7, 0.7)",35,0.13188745648287123,0.4411764705882353,802
[3],0.01,0.002,0.008,0.25,0.5,sigmoid,sgd,0.01,64,range,"(-0.5, 0.5)",20,0.1259804090701339,0.5882352941176471,803
[5],0.10999999999999997,0.014,0.002,0.05,0.0,tanh,sgd,0.0,8,gaussian,"(-0.7, 0.7)",30,0.15907277957709806,0.47058823529411764,804
[3],0.16999999999999998,0.012,0.002,0.0,0.30000000000000004,sigmoid,sgd,0.03,64,xavier,"(-0.5, 0.5)",35,0.12994583087681108,0.4411764705882353,805
[5],0.06999999999999999,0.012,0.0,0.15000000000000002,0.2,sigmoid,sgd,0.0,32,he,"(-0.1, 0.1)",35,0.13268732113008438,0.4411764705882353,806
[5],0.03,0.01,0.0,0.0,0.2,sigmoid,adam,0.04,32,range,"(-0.1, 0.1)",35,0.13619793264851995,0.4411764705882353,807
[6],0.049999999999999996,0.008,0.008,0.1,0.5,sigmoid,adam,0.03,32,he,"(-0.7, 0.7)",20,0.13671815683605845,0.4411764705882353,808
[3],0.049999999999999996,0.004,0.004,0.05,0.6000000000000001,tanh,adam,0.0,8,range,"(-0.5, 0.5)",35,0.1147052647773258,0.7647058823529411,809
[5],0.049999999999999996,0.002,0.004,0.05,0.2,tanh,adam,0.02,64,glorot,"(-0.5, 0.5)",35,0.12879510168894484,0.6470588235294118,810
[6],0.18999999999999997,0.01,0.002,0.25,0.30000000000000004,tanh,adam,0.04,64,range,"(-0.7, 0.7)",30,0.12199688082299434,0.7647058823529411,811
[4],0.12999999999999998,0.002,0.008,0.25,0.6000000000000001,sigmoid,sgd,0.01,32,gaussian,"(-0.1, 0.1)",20,0.13222668668903045,0.4411764705882353,812
[5],0.16999999999999998,0.014,0.002,0.0,0.0,tanh,adam,0.01,32,glorot,"(-0.1, 0.1)",35,0.11818817426451378,0.8823529411764706,813
[6],0.06999999999999999,0.006,0.002,0.0,0.2,sigmoid,sgd,0.03,8,glorot,"(-0.5, 0.5)",20,0.14130220693539053,0.4411764705882353,814
[3],0.18999999999999997,0.002,0.006,0.2,0.2,sigmoid,sgd,0.02,16,gaussian,"(-0.1, 0.1)",20,0.13406010729211662,0.4411764705882353,815
[3],0.18999999999999997,0.012,0.002,0.05,0.7000000000000001,sigmoid,adam,0.03,64,he,"(-0.5, 0.5)",35,0.08080532207162823,1.0,816
[3],0.08999999999999998,0.002,0.002,0.0,0.0,sigmoid,sgd,0.0,64,glorot,"(-0.7, 0.7)",30,0.1259490921783791,0.6470588235294118,817
[5],0.18999999999999997,0.016,0.004,0.25,0.30000000000000004,tanh,sgd,0.02,8,range,"(-0.5, 0.5)",20,0.10237033042751978,0.6764705882352942,818
[4],0.12999999999999998,0.018000000000000002,0.0,0.05,0.6000000000000001,sigmoid,sgd,0.03,64,he,"(-0.7, 0.7)",35,0.14533201614663244,0.4411764705882353,819
[6],0.12999999999999998,0.004,0.0,0.1,0.6000000000000001,sigmoid,adam,0.0,8,gaussian,"(-0.5, 0.5)",35,0.04435619702392736,1.0,820
[5],0.01,0.006,0.004,0.05,0.8,sigmoid,sgd,0.01,8,he,"(-0.1, 0.1)",35,0.1329913337292066,0.4411764705882353,821
[4],0.01,0.006,0.004,0.0,0.0,tanh,sgd,0.0,32,gaussian,"(-0.5, 0.5)",20,0.144284516882393,0.4411764705882353,822
[5],0.08999999999999998,0.012,0.008,0.05,0.5,tanh,adam,0.01,8,he,"(-0.5, 0.5)",35,0.0416637392756485,1.0,823
[3],0.16999999999999998,0.004,0.0,0.2,0.6000000000000001,tanh,sgd,0.02,16,xavier,"(-0.7, 0.7)",30,0.0949020130209705,0.7058823529411765,824
[3],0.03,0.006,0.002,0.25,0.2,sigmoid,adam,0.03,16,he,"(-0.5, 0.5)",30,0.12209150581441335,0.4411764705882353,825
[6],0.01,0.012,0.002,0.05,0.1,sigmoid,adam,0.0,8,xavier,"(-0.5, 0.5)",35,0.12044660817358172,0.5294117647058824,826
[3],0.15,0.002,0.006,0.1,0.2,tanh,sgd,0.0,32,range,"(-0.5, 0.5)",30,0.12969867334186308,0.47058823529411764,827
[3],0.03,0.004,0.006,0.1,0.7000000000000001,tanh,adam,0.01,8,range,"(-0.5, 0.5)",20,0.10485464111772055,0.6764705882352942,828
[5],0.08999999999999998,0.012,0.006,0.2,0.2,tanh,adam,0.04,32,he,"(-0.1, 0.1)",35,0.07502703162260509,1.0,829
[6],0.16999999999999998,0.014,0.004,0.25,0.0,sigmoid,sgd,0.04,8,xavier,"(-0.1, 0.1)",30,0.14204122576924796,0.4411764705882353,830
[6],0.049999999999999996,0.018000000000000002,0.006,0.0,0.30000000000000004,tanh,adam,0.0,32,glorot,"(-0.5, 0.5)",35,0.06440144712543942,1.0,831
[6],0.03,0.002,0.002,0.25,0.1,tanh,adam,0.01,64,he,"(-0.1, 0.1)",30,0.11461617286917224,0.6176470588235294,832
[5],0.18999999999999997,0.014,0.002,0.25,0.7000000000000001,sigmoid,adam,0.03,8,range,"(-0.1, 0.1)",30,0.11392434062215759,0.9117647058823529,833
[4],0.06999999999999999,0.01,0.008,0.0,0.6000000000000001,sigmoid,adam,0.03,64,xavier,"(-0.1, 0.1)",20,0.13910555510878242,0.5,834
[3],0.12999999999999998,0.008,0.004,0.25,0.2,sigmoid,sgd,0.0,32,glorot,"(-0.1, 0.1)",30,0.12870815275856065,0.5,835
[6],0.12999999999999998,0.016,0.002,0.25,0.4,sigmoid,sgd,0.0,64,he,"(-0.5, 0.5)",20,0.13587705631212058,0.4411764705882353,836
[4],0.10999999999999997,0.012,0.006,0.15000000000000002,0.8,sigmoid,adam,0.02,64,gaussian,"(-0.7, 0.7)",35,0.09159575304690085,1.0,837
[4],0.03,0.018000000000000002,0.008,0.05,0.5,tanh,sgd,0.01,64,xavier,"(-0.5, 0.5)",30,0.13942810540584868,0.4117647058823529,838
[3],0.12999999999999998,0.008,0.008,0.25,0.0,tanh,sgd,0.03,8,gaussian,"(-0.1, 0.1)",35,0.13813261161764298,0.4411764705882353,839
[4],0.12999999999999998,0.016,0.002,0.2,0.6000000000000001,sigmoid,adam,0.01,16,range,"(-0.1, 0.1)",30,0.1267422933288764,1.0,840
[5],0.01,0.008,0.004,0.2,0.1,tanh,adam,0.03,64,he,"(-0.5, 0.5)",35,0.13095640388783023,0.5,841
[6],0.16999999999999998,0.01,0.0,0.05,0.7000000000000001,tanh,adam,0.01,16,range,"(-0.5, 0.5)",30,0.08805043771847962,0.9411764705882353,842
[5],0.12999999999999998,0.008,0.008,0.0,0.1,sigmoid,sgd,0.0,64,gaussian,"(-0.5, 0.5)",35,0.13817684301371924,0.4411764705882353,843
[3],0.15,0.016,0.008,0.0,0.4,tanh,sgd,0.01,64,range,"(-0.5, 0.5)",20,0.1297907716946998,0.5,844
[4],0.15,0.002,0.004,0.15000000000000002,0.6000000000000001,tanh,sgd,0.02,16,range,"(-0.5, 0.5)",30,0.10178634841350645,0.7058823529411765,845
[5],0.08999999999999998,0.012,0.002,0.0,0.6000000000000001,sigmoid,sgd,0.0,16,he,"(-0.7, 0.7)",35,0.14006569435898653,0.4411764705882353,846
[5],0.10999999999999997,0.004,0.008,0.15000000000000002,0.30000000000000004,tanh,sgd,0.04,64,gaussian,"(-0.7, 0.7)",30,0.16313994327311873,0.4411764705882353,847
[4],0.12999999999999998,0.004,0.006,0.1,0.8,sigmoid,adam,0.01,8,xavier,"(-0.7, 0.7)",20,0.05249795482366098,1.0,848
[6],0.08999999999999998,0.016,0.002,0.1,0.30000000000000004,sigmoid,sgd,0.0,64,gaussian,"(-0.7, 0.7)",35,0.15110213092621,0.4117647058823529,849
[4],0.01,0.018000000000000002,0.008,0.0,0.6000000000000001,sigmoid,sgd,0.03,32,xavier,"(-0.1, 0.1)",35,0.14605095407718455,0.4411764705882353,850
[4],0.08999999999999998,0.006,0.008,0.05,0.6000000000000001,tanh,sgd,0.02,8,xavier,"(-0.7, 0.7)",20,0.08397562772802673,0.8235294117647058,851
[3],0.03,0.014,0.008,0.0,0.1,sigmoid,adam,0.02,16,gaussian,"(-0.1, 0.1)",30,0.13273845009170626,0.4411764705882353,852
[5],0.06999999999999999,0.012,0.0,0.15000000000000002,0.0,tanh,sgd,0.03,8,xavier,"(-0.7, 0.7)",30,0.1305316956361003,0.4411764705882353,853
[6],0.10999999999999997,0.014,0.002,0.05,0.4,sigmoid,sgd,0.04,8,gaussian,"(-0.5, 0.5)",30,0.1432044554736535,0.4411764705882353,854
[6],0.18999999999999997,0.018000000000000002,0.008,0.0,0.2,tanh,sgd,0.01,8,range,"(-0.1, 0.1)",35,0.09704236123663573,0.6470588235294118,855
[4],0.06999999999999999,0.01,0.0,0.05,0.0,tanh,sgd,0.01,8,xavier,"(-0.5, 0.5)",30,0.14686851328609876,0.47058823529411764,856
[6],0.06999999999999999,0.002,0.004,0.25,0.8,tanh,adam,0.03,64,range,"(-0.5, 0.5)",20,0.12477639792634473,0.5882352941176471,857
[5],0.049999999999999996,0.006,0.004,0.15000000000000002,0.1,tanh,sgd,0.01,64,glorot,"(-0.5, 0.5)",30,0.1338408218733297,0.6176470588235294,858
[5],0.10999999999999997,0.018000000000000002,0.0,0.2,0.6000000000000001,tanh,sgd,0.04,32,he,"(-0.7, 0.7)",20,0.13262267222315427,0.5,859
[6],0.049999999999999996,0.0,0.008,0.1,0.6000000000000001,tanh,adam,0.03,8,gaussian,"(-0.1, 0.1)",30,0.016701211155274627,1.0,860
[6],0.049999999999999996,0.01,0.002,0.0,0.30000000000000004,tanh,adam,0.01,32,gaussian,"(-0.1, 0.1)",30,0.03034825096845123,1.0,861
[3],0.10999999999999997,0.006,0.006,0.2,0.5,sigmoid,sgd,0.03,32,range,"(-0.1, 0.1)",35,0.1291041557062438,0.4411764705882353,862
[4],0.03,0.016,0.004,0.25,0.1,tanh,adam,0.02,32,xavier,"(-0.1, 0.1)",20,0.1342534214667198,0.4411764705882353,863
[6],0.15,0.0,0.004,0.15000000000000002,0.1,sigmoid,adam,0.01,32,range,"(-0.5, 0.5)",20,0.03344050844415972,0.9411764705882353,864
[3],0.08999999999999998,0.0,0.008,0.0,0.7000000000000001,tanh,sgd,0.03,8,range,"(-0.7, 0.7)",20,0.08216327331538541,0.7941176470588235,865
[5],0.01,0.002,0.006,0.0,0.6000000000000001,tanh,adam,0.02,32,glorot,"(-0.1, 0.1)",35,0.13015582150875268,0.5588235294117647,866
[5],0.15,0.018000000000000002,0.0,0.15000000000000002,0.4,tanh,adam,0.0,32,range,"(-0.1, 0.1)",20,0.13039835901446134,0.7352941176470589,867
[4],0.01,0.0,0.002,0.0,0.5,tanh,sgd,0.01,8,xavier,"(-0.7, 0.7)",30,0.13671547040753762,0.47058823529411764,868
[3],0.01,0.008,0.0,0.0,0.0,tanh,sgd,0.02,32,range,"(-0.5, 0.5)",30,0.12381960779081219,0.5294117647058824,869
[4],0.049999999999999996,0.018000000000000002,0.006,0.0,0.2,tanh,sgd,0.04,64,glorot,"(-0.7, 0.7)",20,0.15358651616225838,0.4411764705882353,870
[4],0.18999999999999997,0.014,0.006,0.1,0.5,tanh,sgd,0.0,32,he,"(-0.7, 0.7)",20,0.1381980227128047,0.5294117647058824,871
[5],0.16999999999999998,0.006,0.002,0.25,0.1,sigmoid,adam,0.0,16,gaussian,"(-0.7, 0.7)",20,0.06309676433767478,1.0,872
[6],0.12999999999999998,0.006,0.006,0.0,0.5,sigmoid,adam,0.02,64,xavier,"(-0.7, 0.7)",20,0.059111331131506246,1.0,873
[4],0.06999999999999999,0.01,0.006,0.15000000000000002,0.8,sigmoid,adam,0.01,8,he,"(-0.5, 0.5)",20,0.08676932573231542,1.0,874
[5],0.18999999999999997,0.002,0.002,0.15000000000000002,0.1,sigmoid,sgd,0.0,64,xavier,"(-0.5, 0.5)",20,0.13346113311672256,0.4411764705882353,875
[6],0.16999999999999998,0.014,0.004,0.1,0.1,sigmoid,adam,0.03,16,xavier,"(-0.5, 0.5)",35,0.11438958913787367,1.0,876
[6],0.16999999999999998,0.01,0.0,0.15000000000000002,0.4,tanh,sgd,0.0,64,glorot,"(-0.1, 0.1)",30,0.16546090754006657,0.4411764705882353,877
[4],0.12999999999999998,0.004,0.008,0.1,0.8,tanh,adam,0.0,8,xavier,"(-0.1, 0.1)",20,0.045200589520613066,1.0,878
[3],0.01,0.0,0.008,0.1,0.30000000000000004,sigmoid,sgd,0.02,16,range,"(-0.7, 0.7)",35,0.12626678959969181,0.6764705882352942,879
[6],0.12999999999999998,0.012,0.0,0.05,0.4,tanh,sgd,0.01,16,he,"(-0.7, 0.7)",30,0.11067363983585973,0.5882352941176471,880
[5],0.01,0.002,0.002,0.2,0.7000000000000001,tanh,sgd,0.01,32,gaussian,"(-0.1, 0.1)",20,0.12672377145223282,0.47058823529411764,881
[5],0.15,0.004,0.0,0.25,0.7000000000000001,tanh,adam,0.0,16,he,"(-0.1, 0.1)",20,0.04086517383388365,1.0,882
[3],0.18999999999999997,0.01,0.006,0.2,0.0,tanh,sgd,0.03,8,gaussian,"(-0.1, 0.1)",35,0.13059877133794348,0.5588235294117647,883
[5],0.06999999999999999,0.016,0.008,0.05,0.2,sigmoid,sgd,0.02,32,glorot,"(-0.5, 0.5)",35,0.1547152179694037,0.4411764705882353,884
[5],0.16999999999999998,0.008,0.006,0.1,0.5,tanh,sgd,0.02,32,he,"(-0.7, 0.7)",35,0.13585479133398928,0.4411764705882353,885
[6],0.03,0.008,0.008,0.25,0.0,sigmoid,adam,0.01,16,he,"(-0.5, 0.5)",20,0.1189560102474745,0.7058823529411765,886
[4],0.18999999999999997,0.012,0.004,0.05,0.1,sigmoid,adam,0.0,32,range,"(-0.5, 0.5)",35,0.10107632705314941,1.0,887
[4],0.08999999999999998,0.01,0.004,0.15000000000000002,0.6000000000000001,tanh,adam,0.01,8,range,"(-0.7, 0.7)",35,0.07605586196194976,0.9411764705882353,888
[5],0.18999999999999997,0.002,0.006,0.15000000000000002,0.5,tanh,sgd,0.0,64,xavier,"(-0.5, 0.5)",35,0.1300272034416603,0.4411764705882353,889
[4],0.16999999999999998,0.008,0.008,0.2,0.2,tanh,adam,0.02,8,he,"(-0.1, 0.1)",30,0.08614461430522868,0.9117647058823529,890
[3],0.06999999999999999,0.008,0.008,0.0,0.0,tanh,adam,0.0,64,he,"(-0.7, 0.7)",20,0.12150881444762555,0.6764705882352942,891
[3],0.08999999999999998,0.004,0.004,0.1,0.8,sigmoid,sgd,0.02,16,xavier,"(-0.5, 0.5)",35,0.13507004691092053,0.4411764705882353,892
[3],0.08999999999999998,0.006,0.0,0.15000000000000002,0.5,sigmoid,adam,0.03,64,gaussian,"(-0.5, 0.5)",30,0.09857990408427339,0.7352941176470589,893
[5],0.049999999999999996,0.018000000000000002,0.006,0.25,0.5,sigmoid,sgd,0.02,16,glorot,"(-0.7, 0.7)",20,0.15167958737256843,0.4411764705882353,894
[5],0.08999999999999998,0.002,0.004,0.2,0.7000000000000001,sigmoid,adam,0.03,8,xavier,"(-0.7, 0.7)",30,0.037420729113484666,1.0,895
[5],0.16999999999999998,0.01,0.006,0.1,0.6000000000000001,tanh,adam,0.03,64,gaussian,"(-0.7, 0.7)",20,0.049698308352932555,1.0,896
[6],0.03,0.004,0.008,0.1,0.30000000000000004,tanh,sgd,0.04,32,gaussian,"(-0.5, 0.5)",20,0.1567905823038669,0.4411764705882353,897
[6],0.01,0.014,0.008,0.15000000000000002,0.0,sigmoid,sgd,0.02,8,he,"(-0.7, 0.7)",20,0.13454495997222463,0.47058823529411764,898
[5],0.18999999999999997,0.014,0.004,0.0,0.1,sigmoid,sgd,0.04,16,range,"(-0.7, 0.7)",30,0.15267213539732918,0.4411764705882353,899
[4],0.06999999999999999,0.004,0.004,0.25,0.4,sigmoid,adam,0.04,16,gaussian,"(-0.1, 0.1)",20,0.06818347228961469,1.0,900
[4],0.18999999999999997,0.002,0.008,0.0,0.30000000000000004,sigmoid,sgd,0.03,8,range,"(-0.5, 0.5)",30,0.14850843996926347,0.4411764705882353,901
[3],0.03,0.008,0.006,0.15000000000000002,0.2,sigmoid,adam,0.04,64,range,"(-0.1, 0.1)",30,0.13005497795839743,0.4411764705882353,902
[4],0.01,0.004,0.002,0.25,0.30000000000000004,sigmoid,sgd,0.03,64,he,"(-0.5, 0.5)",35,0.15047755426339596,0.4411764705882353,903
[3],0.18999999999999997,0.014,0.004,0.25,0.4,tanh,adam,0.0,64,glorot,"(-0.5, 0.5)",20,0.1259313714194915,0.7058823529411765,904
[3],0.08999999999999998,0.014,0.0,0.2,0.6000000000000001,sigmoid,adam,0.0,64,gaussian,"(-0.5, 0.5)",20,0.12494196032682653,0.4411764705882353,905
[6],0.15,0.008,0.0,0.05,0.5,sigmoid,adam,0.04,64,range,"(-0.1, 0.1)",20,0.06277896350649269,1.0,906
[4],0.10999999999999997,0.018000000000000002,0.004,0.15000000000000002,0.2,tanh,adam,0.03,8,glorot,"(-0.5, 0.5)",30,0.06590157576445535,1.0,907
[4],0.18999999999999997,0.016,0.008,0.1,0.2,tanh,adam,0.04,64,gaussian,"(-0.1, 0.1)",20,0.13262216526303647,0.7058823529411765,908
[4],0.06999999999999999,0.002,0.0,0.15000000000000002,0.7000000000000001,tanh,sgd,0.01,8,xavier,"(-0.7, 0.7)",30,0.07240034967689635,0.8235294117647058,909
[6],0.03,0.0,0.008,0.1,0.1,sigmoid,sgd,0.03,32,range,"(-0.7, 0.7)",20,0.13916360093696606,0.5,910
[4],0.10999999999999997,0.002,0.006,0.15000000000000002,0.2,sigmoid,sgd,0.02,64,glorot,"(-0.7, 0.7)",30,0.1546314153503968,0.4411764705882353,911
[4],0.06999999999999999,0.004,0.006,0.2,0.30000000000000004,sigmoid,sgd,0.0,16,gaussian,"(-0.1, 0.1)",20,0.13100351674571423,0.4411764705882353,912
[5],0.12999999999999998,0.018000000000000002,0.008,0.0,0.5,sigmoid,adam,0.01,16,range,"(-0.5, 0.5)",35,0.12423780014179375,1.0,913
[5],0.10999999999999997,0.018000000000000002,0.008,0.05,0.1,tanh,adam,0.03,8,range,"(-0.1, 0.1)",20,0.05996061671040477,1.0,914
[5],0.03,0.002,0.006,0.05,0.0,tanh,sgd,0.01,32,he,"(-0.5, 0.5)",35,0.1308524318355103,0.5294117647058824,915
[5],0.03,0.004,0.004,0.0,0.8,sigmoid,adam,0.03,8,range,"(-0.7, 0.7)",20,0.03598976063221763,1.0,916
[6],0.08999999999999998,0.0,0.0,0.1,0.6000000000000001,tanh,sgd,0.02,8,xavier,"(-0.1, 0.1)",35,0.06506949404019083,0.7647058823529411,917
[5],0.01,0.006,0.006,0.0,0.0,tanh,sgd,0.03,8,range,"(-0.5, 0.5)",20,0.12872663357689867,0.6176470588235294,918
[5],0.01,0.002,0.0,0.15000000000000002,0.8,sigmoid,adam,0.03,64,he,"(-0.1, 0.1)",20,0.13015860281518438,0.4411764705882353,919
[3],0.01,0.006,0.008,0.2,0.6000000000000001,sigmoid,adam,0.0,64,glorot,"(-0.7, 0.7)",20,0.12804510087286233,0.5882352941176471,920
[6],0.12999999999999998,0.016,0.002,0.0,0.7000000000000001,sigmoid,adam,0.02,16,he,"(-0.5, 0.5)",20,0.09942182223294423,1.0,921
[4],0.06999999999999999,0.002,0.008,0.0,0.30000000000000004,tanh,sgd,0.0,16,gaussian,"(-0.1, 0.1)",20,0.12951744518414812,0.4411764705882353,922
[4],0.15,0.004,0.004,0.0,0.5,tanh,sgd,0.02,16,range,"(-0.5, 0.5)",30,0.0916344126859509,0.7647058823529411,923
[3],0.03,0.002,0.004,0.2,0.30000000000000004,tanh,adam,0.01,64,he,"(-0.5, 0.5)",35,0.10238222787164186,0.6470588235294118,924
[5],0.06999999999999999,0.016,0.004,0.1,0.8,sigmoid,sgd,0.02,64,range,"(-0.5, 0.5)",30,0.14487684502259243,0.4411764705882353,925
[3],0.06999999999999999,0.004,0.008,0.05,0.4,sigmoid,sgd,0.02,16,gaussian,"(-0.1, 0.1)",35,0.12908981932744104,0.4411764705882353,926
[6],0.15,0.002,0.0,0.15000000000000002,0.0,tanh,adam,0.04,64,he,"(-0.1, 0.1)",20,0.048215489723612975,0.8823529411764706,927
[5],0.18999999999999997,0.012,0.006,0.0,0.6000000000000001,tanh,adam,0.0,16,xavier,"(-0.5, 0.5)",20,0.07544414558008346,1.0,928
[6],0.16999999999999998,0.0,0.004,0.0,0.8,tanh,sgd,0.04,32,he,"(-0.7, 0.7)",20,0.08280909765037349,0.7058823529411765,929
[3],0.10999999999999997,0.018000000000000002,0.006,0.15000000000000002,0.0,sigmoid,adam,0.02,64,glorot,"(-0.7, 0.7)",35,0.13854883695007497,0.6176470588235294,930
[5],0.049999999999999996,0.012,0.006,0.25,0.30000000000000004,sigmoid,sgd,0.02,32,gaussian,"(-0.1, 0.1)",35,0.1283211473403698,0.4411764705882353,931
[5],0.10999999999999997,0.018000000000000002,0.006,0.0,0.4,tanh,adam,0.02,8,gaussian,"(-0.5, 0.5)",35,0.052183300854618746,1.0,932
[5],0.08999999999999998,0.004,0.006,0.15000000000000002,0.0,tanh,sgd,0.03,8,he,"(-0.5, 0.5)",35,0.13634012876078824,0.4411764705882353,933
[4],0.12999999999999998,0.0,0.008,0.0,0.4,tanh,sgd,0.03,16,he,"(-0.5, 0.5)",30,0.140523157106508,0.5,934
[6],0.049999999999999996,0.006,0.002,0.05,0.0,sigmoid,sgd,0.0,16,range,"(-0.5, 0.5)",35,0.1328409605002063,0.4411764705882353,935
[5],0.01,0.016,0.002,0.0,0.4,tanh,sgd,0.02,8,range,"(-0.1, 0.1)",30,0.12550825550769476,0.4411764705882353,936
[3],0.03,0.016,0.006,0.0,0.8,sigmoid,sgd,0.01,32,range,"(-0.5, 0.5)",35,0.1271612117596441,0.6176470588235294,937
[6],0.03,0.012,0.004,0.05,0.0,tanh,adam,0.02,64,he,"(-0.5, 0.5)",30,0.10839254146405697,0.6764705882352942,938
[3],0.049999999999999996,0.01,0.0,0.1,0.2,sigmoid,sgd,0.04,16,he,"(-0.7, 0.7)",35,0.12947096082946347,0.4411764705882353,939
[5],0.06999999999999999,0.012,0.008,0.0,0.2,tanh,sgd,0.0,16,range,"(-0.7, 0.7)",35,0.13789922140586242,0.5,940
[6],0.16999999999999998,0.002,0.008,0.0,0.7000000000000001,tanh,adam,0.02,16,range,"(-0.5, 0.5)",20,0.06248102551934103,0.8823529411764706,941
[5],0.06999999999999999,0.01,0.002,0.15000000000000002,0.5,sigmoid,sgd,0.03,64,he,"(-0.1, 0.1)",30,0.13257397096578652,0.4411764705882353,942
[3],0.10999999999999997,0.014,0.008,0.05,0.7000000000000001,tanh,sgd,0.04,16,range,"(-0.1, 0.1)",30,0.12876705769780614,0.4411764705882353,943
[4],0.18999999999999997,0.008,0.004,0.1,0.5,sigmoid,sgd,0.03,64,range,"(-0.1, 0.1)",35,0.1308846669635953,0.4411764705882353,944
[6],0.06999999999999999,0.004,0.006,0.0,0.2,sigmoid,adam,0.02,64,gaussian,"(-0.1, 0.1)",20,0.06271856185342259,1.0,945
[6],0.01,0.004,0.0,0.05,0.8,tanh,adam,0.02,16,glorot,"(-0.7, 0.7)",35,0.10857185182663945,0.6764705882352942,946
[4],0.08999999999999998,0.002,0.004,0.1,0.1,sigmoid,sgd,0.02,64,glorot,"(-0.7, 0.7)",30,0.15385871243794627,0.4411764705882353,947
[6],0.08999999999999998,0.014,0.002,0.25,0.2,sigmoid,sgd,0.0,32,glorot,"(-0.5, 0.5)",30,0.13909595654955179,0.47058823529411764,948
[6],0.049999999999999996,0.016,0.008,0.1,0.1,sigmoid,adam,0.03,32,gaussian,"(-0.7, 0.7)",35,0.10866065199061448,1.0,949
[6],0.08999999999999998,0.01,0.006,0.1,0.2,sigmoid,sgd,0.01,64,range,"(-0.5, 0.5)",35,0.1335015815756129,0.5,950
[5],0.03,0.01,0.004,0.05,0.1,tanh,adam,0.03,64,xavier,"(-0.1, 0.1)",30,0.1332540535843859,0.5882352941176471,951
[5],0.18999999999999997,0.002,0.002,0.25,0.4,sigmoid,sgd,0.01,16,gaussian,"(-0.7, 0.7)",20,0.13572922324962367,0.4411764705882353,952
[4],0.01,0.014,0.0,0.1,0.30000000000000004,tanh,adam,0.03,16,glorot,"(-0.5, 0.5)",20,0.11426952256549298,0.5588235294117647,953
[3],0.15,0.012,0.006,0.1,0.1,sigmoid,adam,0.0,32,gaussian,"(-0.7, 0.7)",20,0.09910504365501183,0.9117647058823529,954
[3],0.10999999999999997,0.004,0.008,0.1,0.4,tanh,sgd,0.02,8,glorot,"(-0.1, 0.1)",35,0.14059448632086577,0.47058823529411764,955
[5],0.06999999999999999,0.016,0.0,0.25,0.0,sigmoid,sgd,0.04,64,xavier,"(-0.7, 0.7)",20,0.12969334400915336,0.4411764705882353,956
[5],0.15,0.004,0.006,0.05,0.7000000000000001,tanh,sgd,0.01,8,range,"(-0.7, 0.7)",35,0.058698734309752434,0.9117647058823529,957
[4],0.01,0.012,0.0,0.15000000000000002,0.8,sigmoid,sgd,0.0,64,he,"(-0.7, 0.7)",30,0.1462055048367343,0.4411764705882353,958
[4],0.10999999999999997,0.014,0.008,0.25,0.2,tanh,sgd,0.02,64,glorot,"(-0.7, 0.7)",30,0.15177355203601778,0.4411764705882353,959
[5],0.16999999999999998,0.014,0.004,0.0,0.30000000000000004,sigmoid,adam,0.03,64,he,"(-0.1, 0.1)",35,0.09731289311044025,1.0,960
[6],0.03,0.004,0.006,0.1,0.1,tanh,adam,0.01,64,glorot,"(-0.7, 0.7)",30,0.11583563000647049,0.5588235294117647,961
[4],0.01,0.008,0.004,0.2,0.30000000000000004,tanh,sgd,0.04,32,he,"(-0.7, 0.7)",30,0.15122230456642263,0.4117647058823529,962
[6],0.12999999999999998,0.014,0.006,0.15000000000000002,0.4,sigmoid,adam,0.03,16,he,"(-0.7, 0.7)",20,0.1125998012112123,0.9705882352941176,963
[5],0.15,0.012,0.002,0.2,0.2,sigmoid,sgd,0.04,32,xavier,"(-0.7, 0.7)",35,0.13539687582429766,0.4411764705882353,964
[3],0.01,0.012,0.0,0.25,0.5,tanh,sgd,0.0,16,he,"(-0.7, 0.7)",20,0.12714859187784613,0.6470588235294118,965
[4],0.16999999999999998,0.012,0.002,0.1,0.2,tanh,adam,0.03,16,range,"(-0.7, 0.7)",20,0.05746328100143697,1.0,966
[3],0.01,0.0,0.008,0.0,0.8,tanh,adam,0.0,16,he,"(-0.5, 0.5)",20,0.12700449574815476,0.6764705882352942,967
[4],0.06999999999999999,0.0,0.004,0.25,0.1,tanh,adam,0.01,32,gaussian,"(-0.1, 0.1)",20,0.0966635889482662,0.6764705882352942,968
[6],0.01,0.0,0.008,0.2,0.2,sigmoid,adam,0.01,32,he,"(-0.5, 0.5)",35,0.13686199875037505,0.4411764705882353,969
[3],0.08999999999999998,0.008,0.006,0.05,0.1,tanh,adam,0.03,32,glorot,"(-0.1, 0.1)",20,0.11428004914319437,0.6764705882352942,970
[6],0.16999999999999998,0.008,0.006,0.1,0.8,sigmoid,adam,0.0,64,glorot,"(-0.5, 0.5)",35,0.10115320857216153,1.0,971
[3],0.15,0.006,0.008,0.0,0.6000000000000001,sigmoid,adam,0.02,64,range,"(-0.1, 0.1)",35,0.09526138847594921,1.0,972
[5],0.10999999999999997,0.004,0.0,0.0,0.8,sigmoid,sgd,0.03,16,gaussian,"(-0.1, 0.1)",30,0.13661187415523385,0.4411764705882353,973
[6],0.16999999999999998,0.018000000000000002,0.002,0.0,0.7000000000000001,tanh,adam,0.02,32,xavier,"(-0.1, 0.1)",30,0.04869644704295582,1.0,974
[6],0.01,0.008,0.002,0.2,0.7000000000000001,tanh,adam,0.01,32,glorot,"(-0.7, 0.7)",30,0.14601643124231375,0.4411764705882353,975
[3],0.03,0.012,0.0,0.15000000000000002,0.2,sigmoid,sgd,0.04,8,xavier,"(-0.1, 0.1)",30,0.1291290948029784,0.4411764705882353,976
[3],0.01,0.012,0.006,0.05,0.8,tanh,sgd,0.04,64,glorot,"(-0.1, 0.1)",30,0.1268306742206755,0.5294117647058824,977
[3],0.12999999999999998,0.008,0.004,0.2,0.5,tanh,sgd,0.01,32,range,"(-0.7, 0.7)",20,0.13132310119597773,0.5,978
[5],0.16999999999999998,0.018000000000000002,0.004,0.15000000000000002,0.7000000000000001,sigmoid,adam,0.01,16,range,"(-0.7, 0.7)",30,0.13666954325630956,1.0,979
[3],0.10999999999999997,0.012,0.002,0.05,0.7000000000000001,sigmoid,sgd,0.02,16,xavier,"(-0.7, 0.7)",20,0.1358486472046399,0.4411764705882353,980
[6],0.10999999999999997,0.002,0.0,0.2,0.7000000000000001,sigmoid,sgd,0.02,16,he,"(-0.7, 0.7)",20,0.14508463298230134,0.4411764705882353,981
[4],0.08999999999999998,0.008,0.006,0.2,0.4,tanh,adam,0.02,16,gaussian,"(-0.7, 0.7)",20,0.08721766316318975,0.8823529411764706,982
[3],0.06999999999999999,0.008,0.002,0.1,0.1,sigmoid,adam,0.02,32,range,"(-0.7, 0.7)",30,0.06683522319541493,1.0,983
[4],0.049999999999999996,0.0,0.002,0.05,0.1,sigmoid,sgd,0.01,64,gaussian,"(-0.5, 0.5)",20,0.12836993463379184,0.47058823529411764,984
[3],0.049999999999999996,0.016,0.006,0.15000000000000002,0.7000000000000001,tanh,adam,0.04,8,xavier,"(-0.7, 0.7)",30,0.11947002242383221,0.6764705882352942,985
[6],0.12999999999999998,0.014,0.004,0.1,0.8,tanh,sgd,0.04,16,xavier,"(-0.7, 0.7)",30,0.0716948462232485,0.8235294117647058,986
[4],0.12999999999999998,0.016,0.006,0.15000000000000002,0.4,sigmoid,adam,0.02,16,gaussian,"(-0.5, 0.5)",30,0.10252617043428237,1.0,987
[5],0.12999999999999998,0.006,0.008,0.2,0.30000000000000004,tanh,adam,0.01,8,xavier,"(-0.5, 0.5)",30,0.04802185302344589,1.0,988
[4],0.01,0.018000000000000002,0.004,0.1,0.1,tanh,adam,0.04,8,range,"(-0.5, 0.5)",20,0.10360634347161311,0.6764705882352942,989
[5],0.15,0.012,0.0,0.25,0.4,tanh,sgd,0.04,8,glorot,"(-0.7, 0.7)",35,0.15356240386013603,0.47058823529411764,990
[6],0.15,0.004,0.006,0.25,0.8,sigmoid,sgd,0.02,8,range,"(-0.7, 0.7)",20,0.12055121991314391,0.47058823529411764,991
[4],0.049999999999999996,0.002,0.006,0.0,0.0,tanh,sgd,0.02,8,range,"(-0.5, 0.5)",20,0.14280473092369553,0.4411764705882353,992
[3],0.10999999999999997,0.01,0.002,0.2,0.5,sigmoid,adam,0.03,8,gaussian,"(-0.1, 0.1)",35,0.0809752475992094,1.0,993
[4],0.08999999999999998,0.002,0.002,0.15000000000000002,0.0,tanh,sgd,0.04,64,xavier,"(-0.7, 0.7)",35,0.13765592139237415,0.47058823529411764,994
[3],0.08999999999999998,0.008,0.008,0.1,0.1,tanh,adam,0.04,8,range,"(-0.5, 0.5)",20,0.044657845680045834,1.0,995
[3],0.03,0.004,0.0,0.05,0.5,sigmoid,sgd,0.0,16,he,"(-0.5, 0.5)",20,0.12810138112789626,0.4411764705882353,996
[4],0.08999999999999998,0.006,0.002,0.1,0.0,tanh,adam,0.01,32,xavier,"(-0.7, 0.7)",30,0.09662108947957383,0.7941176470588235,997
[6],0.06999999999999999,0.006,0.004,0.05,0.2,tanh,adam,0.03,32,gaussian,"(-0.5, 0.5)",30,0.03220790957850516,1.0,998
[5],0.10999999999999997,0.016,0.006,0.25,0.2,sigmoid,adam,0.01,16,glorot,"(-0.5, 0.5)",35,0.13968261572415866,1.0,999
[5],0.06999999999999999,0.01,0.008,0.2,0.4,sigmoid,sgd,0.02,16,glorot,"(-0.5, 0.5)",20,0.1520459743082724,0.4411764705882353,1000
[3],0.16999999999999998,0.004,0.006,0.05,0.7000000000000001,tanh,adam,0.04,64,range,"(-0.1, 0.1)",30,0.06983372642156598,0.9117647058823529,1
[3],0.10999999999999997,0.0,0.002,0.15000000000000002,0.7000000000000001,tanh,adam,0.0,16,he,"(-0.5, 0.5)",20,0.046851407863279376,0.8823529411764706,2
[6],0.16999999999999998,0.004,0.0,0.15000000000000002,0.7000000000000001,tanh,adam,0.03,16,he,"(-0.7, 0.7)",30,0.028050137161914124,1.0,3
[5],0.15,0.012,0.004,0.0,0.30000000000000004,sigmoid,adam,0.03,32,range,"(-0.5, 0.5)",35,0.08811032141999448,1.0,4
[3],0.049999999999999996,0.016,0.002,0.1,0.8,sigmoid,sgd,0.01,32,gaussian,"(-0.1, 0.1)",30,0.11059622020099354,0.6764705882352942,5
[4],0.10999999999999997,0.014,0.006,0.05,0.7000000000000001,sigmoid,sgd,0.01,16,he,"(-0.5, 0.5)",20,0.09950147253697973,0.6470588235294118,6
[4],0.06999999999999999,0.006,0.006,0.0,0.30000000000000004,sigmoid,adam,0.0,64,xavier,"(-0.5, 0.5)",20,0.05783394515553938,0.9411764705882353,7
[6],0.16999999999999998,0.012,0.002,0.15000000000000002,0.6000000000000001,tanh,sgd,0.0,64,xavier,"(-0.5, 0.5)",20,0.10163612922637302,0.7352941176470589,8
[6],0.10999999999999997,0.008,0.006,0.2,0.6000000000000001,sigmoid,adam,0.03,8,xavier,"(-0.7, 0.7)",20,0.07299303282020488,1.0,9
[4],0.10999999999999997,0.01,0.004,0.2,0.0,tanh,sgd,0.01,16,glorot,"(-0.1, 0.1)",20,0.09617918656224325,0.7352941176470589,10
[4],0.08999999999999998,0.012,0.0,0.1,0.6000000000000001,sigmoid,adam,0.01,32,he,"(-0.5, 0.5)",35,0.08682484349962526,1.0,11
[6],0.01,0.008,0.006,0.05,0.2,tanh,sgd,0.03,8,he,"(-0.7, 0.7)",35,0.11477605072472938,0.6764705882352942,12
[3],0.12999999999999998,0.0,0.002,0.1,0.2,tanh,adam,0.0,64,glorot,"(-0.5, 0.5)",20,0.05864980738096378,0.8235294117647058,13
[5],0.12999999999999998,0.008,0.0,0.2,0.7000000000000001,tanh,adam,0.02,32,gaussian,"(-0.1, 0.1)",30,0.047855552391254386,1.0,14
[6],0.03,0.004,0.0,0.1,0.4,sigmoid,adam,0.03,8,glorot,"(-0.5, 0.5)",20,0.03325883764642129,1.0,15
[3],0.15,0.014,0.004,0.0,0.5,tanh,adam,0.02,32,gaussian,"(-0.7, 0.7)",30,0.08417777504635857,0.8235294117647058,16
[4],0.08999999999999998,0.01,0.006,0.0,0.7000000000000001,tanh,adam,0.0,8,he,"(-0.7, 0.7)",20,0.03916607872532505,1.0,17
[6],0.06999999999999999,0.004,0.0,0.2,0.1,sigmoid,sgd,0.03,64,he,"(-0.5, 0.5)",30,0.11241920935866936,0.6764705882352942,18
[4],0.16999999999999998,0.018000000000000002,0.006,0.0,0.1,tanh,adam,0.0,16,range,"(-0.7, 0.7)",35,0.19518959689718474,0.6764705882352942,19
[3],0.12999999999999998,0.016,0.0,0.1,0.4,tanh,adam,0.0,16,he,"(-0.7, 0.7)",35,0.09043694622797718,0.8235294117647058,20
[3],0.12999999999999998,0.002,0.002,0.2,0.4,tanh,sgd,0.0,32,range,"(-0.5, 0.5)",20,0.10947718139878636,0.6470588235294118,21
[6],0.08999999999999998,0.004,0.004,0.2,0.0,tanh,sgd,0.02,32,gaussian,"(-0.5, 0.5)",20,0.11611539867345616,0.6764705882352942,22
[3],0.12999999999999998,0.004,0.004,0.1,0.7000000000000001,tanh,sgd,0.01,16,gaussian,"(-0.7, 0.7)",30,0.11627800288103252,0.6764705882352942,23
[4],0.03,0.018000000000000002,0.004,0.25,0.7000000000000001,tanh,adam,0.04,64,glorot,"(-0.7, 0.7)",20,0.08180410453815012,0.7647058823529411,24
[5],0.10999999999999997,0.01,0.004,0.15000000000000002,0.2,tanh,adam,0.01,16,glorot,"(-0.5, 0.5)",30,0.07741795171294406,0.9411764705882353,25
[3],0.18999999999999997,0.002,0.006,0.2,0.5,sigmoid,sgd,0.04,32,he,"(-0.5, 0.5)",30,0.111264111035849,0.6764705882352942,26
[6],0.15,0.0,0.002,0.2,0.2,tanh,adam,0.03,8,he,"(-0.7, 0.7)",35,0.023957391628029637,0.9411764705882353,27
[6],0.06999999999999999,0.012,0.008,0.05,0.6000000000000001,sigmoid,sgd,0.03,16,xavier,"(-0.1, 0.1)",35,0.11272109732986818,0.6764705882352942,28
[5],0.049999999999999996,0.004,0.006,0.2,0.6000000000000001,tanh,sgd,0.03,32,he,"(-0.5, 0.5)",35,0.11192438779366665,0.6764705882352942,29
[3],0.10999999999999997,0.016,0.008,0.2,0.6000000000000001,sigmoid,adam,0.03,64,he,"(-0.5, 0.5)",20,0.09966858760736685,0.7647058823529411,30
[4],0.12999999999999998,0.008,0.0,0.2,0.5,tanh,sgd,0.0,64,range,"(-0.7, 0.7)",30,0.1054467731796825,0.6764705882352942,31
[6],0.12999999999999998,0.006,0.0,0.2,0.30000000000000004,sigmoid,sgd,0.04,64,gaussian,"(-0.5, 0.5)",35,0.11635235644579922,0.6764705882352942,32
[4],0.049999999999999996,0.018000000000000002,0.006,0.25,0.1,tanh,sgd,0.04,64,range,"(-0.7, 0.7)",20,0.11809700373533798,0.6764705882352942,33
[4],0.15,0.01,0.002,0.05,0.7000000000000001,sigmoid,adam,0.01,32,gaussian,"(-0.1, 0.1)",20,0.09428069020533021,0.6764705882352942,34
[6],0.15,0.006,0.008,0.15000000000000002,0.30000000000000004,sigmoid,adam,0.04,8,range,"(-0.5, 0.5)",20,0.06121032199072547,1.0,35
[4],0.15,0.002,0.0,0.25,0.0,tanh,adam,0.03,8,glorot,"(-0.5, 0.5)",35,0.028050474983753862,0.9705882352941176,36
[3],0.18999999999999997,0.016,0.0,0.15000000000000002,0.7000000000000001,sigmoid,adam,0.03,8,he,"(-0.5, 0.5)",35,0.0796517772344434,1.0,37
[6],0.12999999999999998,0.002,0.0,0.05,0.4,sigmoid,sgd,0.02,64,he,"(-0.1, 0.1)",20,0.1097799527504204,0.6764705882352942,38
[6],0.06999999999999999,0.008,0.0,0.1,0.1,tanh,adam,0.01,32,he,"(-0.5, 0.5)",35,0.03842425391722242,1.0,39
[6],0.10999999999999997,0.014,0.004,0.2,0.4,sigmoid,sgd,0.01,32,gaussian,"(-0.1, 0.1)",30,0.11187208677868135,0.6764705882352942,40
[5],0.08999999999999998,0.008,0.002,0.2,0.4,tanh,adam,0.02,16,xavier,"(-0.1, 0.1)",35,0.053001123085874534,0.9411764705882353,41
[5],0.12999999999999998,0.008,0.002,0.0,0.30000000000000004,tanh,sgd,0.04,8,he,"(-0.5, 0.5)",35,0.08214363032943611,0.6470588235294118,42
[6],0.15,0.018000000000000002,0.002,0.1,0.2,tanh,adam,0.03,64,xavier,"(-0.7, 0.7)",30,0.05816777765495626,1.0,43
[4],0.15,0.012,0.0,0.25,0.1,tanh,sgd,0.02,16,xavier,"(-0.1, 0.1)",30,0.09982241553719194,0.7352941176470589,44
[3],0.06999999999999999,0.01,0.006,0.15000000000000002,0.0,sigmoid,sgd,0.02,8,glorot,"(-0.7, 0.7)",20,0.11252120075998631,0.6764705882352942,45
[5],0.16999999999999998,0.002,0.004,0.2,0.8,sigmoid,sgd,0.03,16,xavier,"(-0.5, 0.5)",35,0.09884895043583274,0.6764705882352942,46
[4],0.06999999999999999,0.006,0.006,0.05,0.0,tanh,adam,0.0,16,gaussian,"(-0.1, 0.1)",35,0.03519331690183291,1.0,47
[5],0.01,0.006,0.002,0.05,0.7000000000000001,tanh,sgd,0.04,8,he,"(-0.7, 0.7)",20,0.11122771596641463,0.6764705882352942,48
[4],0.15,0.002,0.006,0.0,0.7000000000000001,sigmoid,sgd,0.04,16,range,"(-0.5, 0.5)",30,0.10832611252377798,0.6764705882352942,49
[3],0.18999999999999997,0.012,0.0,0.25,0.7000000000000001,sigmoid,adam,0.0,32,glorot,"(-0.7, 0.7)",30,0.09278690386806404,0.8235294117647058,50
[6],0.049999999999999996,0.01,0.008,0.15000000000000002,0.8,tanh,adam,0.02,16,he,"(-0.5, 0.5)",35,0.05677072381548188,1.0,51
[5],0.15,0.002,0.002,0.15000000000000002,0.0,tanh,adam,0.03,16,xavier,"(-0.1, 0.1)",30,0.03780691992858066,0.9705882352941176,52
[5],0.03,0.014,0.004,0.25,0.8,sigmoid,sgd,0.0,16,xavier,"(-0.5, 0.5)",35,0.11271512026404323,0.6764705882352942,53
[5],0.10999999999999997,0.016,0.006,0.0,0.4,sigmoid,sgd,0.02,16,xavier,"(-0.5, 0.5)",20,0.11344609667751106,0.6764705882352942,54
[4],0.18999999999999997,0.004,0.004,0.2,0.7000000000000001,tanh,adam,0.01,32,glorot,"(-0.5, 0.5)",30,0.0479270889805056,0.9411764705882353,55
[4],0.08999999999999998,0.01,0.004,0.25,0.5,tanh,adam,0.03,64,glorot,"(-0.1, 0.1)",30,0.06635311233868768,0.9117647058823529,56
[3],0.12999999999999998,0.01,0.002,0.15000000000000002,0.4,sigmoid,sgd,0.01,32,he,"(-0.5, 0.5)",20,0.11125460567417608,0.6764705882352942,57
[5],0.12999999999999998,0.012,0.004,0.2,0.8,sigmoid,sgd,0.04,64,he,"(-0.1, 0.1)",20,0.1136004685050396,0.6764705882352942,58
[4],0.049999999999999996,0.01,0.006,0.25,0.7000000000000001,sigmoid,adam,0.03,16,he,"(-0.7, 0.7)",35,0.09118503054501167,0.8235294117647058,59
[6],0.01,0.002,0.0,0.25,0.5,tanh,adam,0.03,32,gaussian,"(-0.5, 0.5)",20,0.09841452761971112,0.6764705882352942,60
[3],0.10999999999999997,0.012,0.002,0.05,0.4,sigmoid,sgd,0.03,16,he,"(-0.7, 0.7)",35,0.11131199921017912,0.6764705882352942,61
[5],0.16999999999999998,0.016,0.004,0.25,0.0,sigmoid,sgd,0.02,32,glorot,"(-0.7, 0.7)",20,0.11427864607063448,0.6764705882352942,62
[4],0.10999999999999997,0.014,0.002,0.15000000000000002,0.5,tanh,sgd,0.02,32,range,"(-0.7, 0.7)",20,0.10465476373576162,0.7058823529411765,63
[4],0.03,0.012,0.006,0.15000000000000002,0.7000000000000001,sigmoid,sgd,0.04,32,gaussian,"(-0.7, 0.7)",30,0.13376356794760377,0.6764705882352942,64
[3],0.16999999999999998,0.01,0.008,0.15000000000000002,0.4,tanh,sgd,0.0,8,range,"(-0.1, 0.1)",35,0.07253378062299033,0.7941176470588235,65
[4],0.16999999999999998,0.002,0.008,0.15000000000000002,0.30000000000000004,sigmoid,adam,0.02,64,glorot,"(-0.7, 0.7)",20,0.04403950041799147,1.0,66
[5],0.03,0.004,0.008,0.1,0.7000000000000001,tanh,sgd,0.03,32,gaussian,"(-0.7, 0.7)",30,0.12459535803134451,0.6764705882352942,67
[3],0.01,0.006,0.004,0.15000000000000002,0.2,tanh,sgd,0.04,32,range,"(-0.5, 0.5)",35,0.11936929159753346,0.6470588235294118,68
[4],0.18999999999999997,0.01,0.008,0.05,0.30000000000000004,sigmoid,sgd,0.02,16,gaussian,"(-0.1, 0.1)",35,0.11187103505851313,0.6764705882352942,69
[3],0.049999999999999996,0.016,0.004,0.0,0.5,tanh,sgd,0.01,16,he,"(-0.1, 0.1)",30,0.10909306909860164,0.6764705882352942,70
[5],0.06999999999999999,0.006,0.004,0.0,0.2,tanh,sgd,0.03,8,glorot,"(-0.7, 0.7)",35,0.09191614115069106,0.7058823529411765,71
[4],0.12999999999999998,0.0,0.006,0.15000000000000002,0.6000000000000001,sigmoid,sgd,0.03,8,gaussian,"(-0.1, 0.1)",35,0.10990376969405033,0.6764705882352942,72
[3],0.049999999999999996,0.006,0.0,0.15000000000000002,0.5,tanh,adam,0.01,16,gaussian,"(-0.7, 0.7)",30,0.08000061181354381,0.7941176470588235,73
[6],0.08999999999999998,0.016,0.0,0.15000000000000002,0.0,sigmoid,adam,0.03,64,gaussian,"(-0.5, 0.5)",30,0.10315652959808869,1.0,74
[5],0.03,0.012,0.004,0.05,0.1,tanh,adam,0.0,32,he,"(-0.1, 0.1)",20,0.05137080293536799,0.9705882352941176,75
[4],0.049999999999999996,0.018000000000000002,0.0,0.05,0.8,sigmoid,sgd,0.03,8,gaussian,"(-0.7, 0.7)",20,0.1227510752458178,0.6764705882352942,76
[5],0.10999999999999997,0.018000000000000002,0.006,0.05,0.6000000000000001,sigmoid,sgd,0.04,16,xavier,"(-0.5, 0.5)",20,0.11318551156783695,0.6764705882352942,77
[4],0.01,0.014,0.002,0.1,0.6000000000000001,tanh,adam,0.04,32,gaussian,"(-0.1, 0.1)",30,0.0994880181506034,0.7352941176470589,78
[3],0.15,0.0,0.002,0.15000000000000002,0.0,tanh,sgd,0.01,8,gaussian,"(-0.5, 0.5)",20,0.11120473601374788,0.6764705882352942,79
[3],0.12999999999999998,0.002,0.0,0.15000000000000002,0.7000000000000001,tanh,adam,0.01,8,he,"(-0.5, 0.5)",30,0.07061212271268812,0.8823529411764706,80
[5],0.049999999999999996,0.01,0.008,0.1,0.1,tanh,adam,0.04,16,xavier,"(-0.1, 0.1)",35,0.05209838429741028,0.9705882352941176,81
[4],0.049999999999999996,0.006,0.0,0.25,0.1,tanh,adam,0.04,8,xavier,"(-0.1, 0.1)",30,0.033760239161599793,0.9705882352941176,82
[4],0.08999999999999998,0.01,0.006,0.25,0.8,tanh,sgd,0.02,64,he,"(-0.7, 0.7)",20,0.09706434417089266,0.7352941176470589,83
[3],0.12999999999999998,0.0,0.002,0.05,0.0,sigmoid,sgd,0.01,16,glorot,"(-0.5, 0.5)",20,0.11015532473351514,0.6764705882352942,84
[6],0.15,0.01,0.002,0.25,0.6000000000000001,tanh,sgd,0.03,32,range,"(-0.5, 0.5)",20,0.10463479426362707,0.7058823529411765,85
[5],0.16999999999999998,0.01,0.004,0.05,0.4,tanh,adam,0.04,64,gaussian,"(-0.7, 0.7)",30,0.04283625926885144,1.0,86
[5],0.03,0.01,0.006,0.25,0.0,sigmoid,sgd,0.01,64,gaussian,"(-0.1, 0.1)",35,0.11515790770062742,0.6764705882352942,87
[5],0.049999999999999996,0.01,0.004,0.15000000000000002,0.6000000000000001,sigmoid,sgd,0.03,16,xavier,"(-0.7, 0.7)",20,0.11308174286017436,0.6764705882352942,88
[3],0.06999999999999999,0.01,0.008,0.2,0.2,sigmoid,adam,0.04,16,range,"(-0.1, 0.1)",30,0.09135828042538419,0.8823529411764706,89
[4],0.03,0.004,0.008,0.05,0.2,tanh,sgd,0.02,8,glorot,"(-0.5, 0.5)",30,0.10357539719095844,0.7352941176470589,90
[6],0.15,0.014,0.004,0.05,0.4,sigmoid,sgd,0.02,32,xavier,"(-0.7, 0.7)",35,0.11166333264110288,0.6764705882352942,91
[3],0.01,0.012,0.002,0.05,0.7000000000000001,sigmoid,sgd,0.03,16,glorot,"(-0.5, 0.5)",35,0.11413309362872301,0.6764705882352942,92
[4],0.06999999999999999,0.01,0.0,0.05,0.4,sigmoid,adam,0.0,16,xavier,"(-0.5, 0.5)",20,0.06268591365756271,0.9411764705882353,93
[5],0.10999999999999997,0.0,0.0,0.2,0.4,sigmoid,adam,0.01,64,he,"(-0.1, 0.1)",35,0.006622915136182361,1.0,94
[6],0.049999999999999996,0.002,0.004,0.1,0.0,tanh,adam,0.0,64,glorot,"(-0.7, 0.7)",20,0.01751846559977462,1.0,95
[6],0.08999999999999998,0.006,0.008,0.0,0.1,tanh,sgd,0.03,64,glorot,"(-0.1, 0.1)",35,0.11682975324048307,0.6470588235294118,96
[3],0.08999999999999998,0.008,0.004,0.25,0.8,tanh,adam,0.02,32,gaussian,"(-0.1, 0.1)",20,0.0804667707384664,0.7647058823529411,97
[6],0.06999999999999999,0.018000000000000002,0.006,0.05,0.6000000000000001,tanh,sgd,0.03,64,range,"(-0.7, 0.7)",35,0.11518226692760926,0.6764705882352942,98
[6],0.01,0.018000000000000002,0.0,0.2,0.1,sigmoid,sgd,0.01,32,range,"(-0.7, 0.7)",35,0.12252129120108539,0.6764705882352942,99
[6],0.12999999999999998,0.0,0.004,0.25,0.7000000000000001,tanh,sgd,0.03,64,gaussian,"(-0.1, 0.1)",35,0.10645071037661555,0.7058823529411765,100
[4],0.01,0.01,0.0,0.1,0.6000000000000001,sigmoid,adam,0.02,32,he,"(-0.5, 0.5)",20,0.10409300757610387,0.6764705882352942,101
[5],0.15,0.0,0.004,0.15000000000000002,0.4,sigmoid,sgd,0.04,32,glorot,"(-0.5, 0.5)",20,0.11162999848252987,0.6764705882352942,102
[6],0.03,0.01,0.004,0.2,0.8,sigmoid,adam,0.02,8,gaussian,"(-0.7, 0.7)",30,0.07666412949005379,1.0,103
[5],0.18999999999999997,0.014,0.002,0.15000000000000002,0.30000000000000004,tanh,adam,0.02,32,glorot,"(-0.5, 0.5)",20,0.09078245323100148,0.9705882352941176,104
[4],0.10999999999999997,0.0,0.0,0.05,0.4,tanh,sgd,0.03,8,xavier,"(-0.1, 0.1)",20,0.059334616457986995,0.8235294117647058,105
[6],0.08999999999999998,0.004,0.004,0.2,0.5,tanh,sgd,0.03,8,he,"(-0.7, 0.7)",35,0.06699989606318323,0.8529411764705882,106
[3],0.10999999999999997,0.006,0.006,0.0,0.30000000000000004,sigmoid,adam,0.0,64,xavier,"(-0.7, 0.7)",20,0.0538792183989235,1.0,107
[4],0.06999999999999999,0.014,0.002,0.05,0.0,tanh,sgd,0.0,64,glorot,"(-0.5, 0.5)",35,0.10775917324056712,0.6764705882352942,108
[4],0.12999999999999998,0.004,0.008,0.2,0.6000000000000001,tanh,adam,0.02,32,glorot,"(-0.5, 0.5)",30,0.032672086886685256,1.0,109
[4],0.10999999999999997,0.016,0.004,0.0,0.2,tanh,sgd,0.04,16,gaussian,"(-0.7, 0.7)",35,0.13181206265704531,0.6470588235294118,110
[6],0.16999999999999998,0.01,0.0,0.2,0.30000000000000004,tanh,sgd,0.03,32,range,"(-0.1, 0.1)",30,0.10649892532623906,0.6764705882352942,111
[6],0.15,0.018000000000000002,0.006,0.0,0.2,sigmoid,adam,0.04,8,he,"(-0.5, 0.5)",35,0.08646516392545094,1.0,112
[4],0.03,0.01,0.0,0.25,0.4,tanh,sgd,0.04,64,glorot,"(-0.7, 0.7)",20,0.11121576893489546,0.6764705882352942,113
[6],0.06999999999999999,0.014,0.004,0.2,0.4,tanh,sgd,0.04,64,xavier,"(-0.7, 0.7)",35,0.11067409885620212,0.6764705882352942,114
[5],0.01,0.018000000000000002,0.0,0.25,0.5,sigmoid,sgd,0.04,8,range,"(-0.5, 0.5)",35,0.11389396381017454,0.6764705882352942,115
[4],0.06999999999999999,0.006,0.008,0.05,0.2,sigmoid,adam,0.0,32,gaussian,"(-0.1, 0.1)",30,0.0807120162685093,1.0,116
[6],0.12999999999999998,0.012,0.006,0.05,0.5,sigmoid,sgd,0.02,32,xavier,"(-0.7, 0.7)",30,0.11196242201701774,0.6764705882352942,117
[5],0.15,0.002,0.002,0.1,0.6000000000000001,sigmoid,sgd,0.02,8,he,"(-0.5, 0.5)",20,0.10886318402337888,0.6764705882352942,118
[5],0.01,0.018000000000000002,0.0,0.2,0.0,tanh,sgd,0.01,8,range,"(-0.1, 0.1)",20,0.11334634476963266,0.6764705882352942,119
[5],0.12999999999999998,0.008,0.0,0.2,0.5,sigmoid,sgd,0.01,64,xavier,"(-0.7, 0.7)",20,0.11164707023123563,0.6764705882352942,120
[5],0.03,0.004,0.008,0.1,0.2,tanh,sgd,0.04,16,glorot,"(-0.1, 0.1)",35,0.11239281881717908,0.6764705882352942,121
[3],0.16999999999999998,0.002,0.004,0.1,0.1,tanh,sgd,0.04,16,gaussian,"(-0.5, 0.5)",20,0.11341438669618358,0.6764705882352942,122
[4],0.18999999999999997,0.01,0.006,0.25,0.8,tanh,adam,0.0,8,he,"(-0.1, 0.1)",30,0.10508161939379874,0.8235294117647058,123
[4],0.06999999999999999,0.014,0.002,0.15000000000000002,0.0,tanh,sgd,0.03,8,range,"(-0.1, 0.1)",35,0.10792053058688912,0.6764705882352942,124
[5],0.16999999999999998,0.018000000000000002,0.008,0.25,0.8,tanh,sgd,0.02,32,xavier,"(-0.5, 0.5)",20,0.09304882801224204,0.7058823529411765,125
[5],0.12999999999999998,0.012,0.006,0.15000000000000002,0.1,tanh,sgd,0.03,8,he,"(-0.7, 0.7)",30,0.08708656799833844,0.6470588235294118,126
[6],0.08999999999999998,0.014,0.004,0.25,0.0,sigmoid,sgd,0.0,32,range,"(-0.7, 0.7)",35,0.11633885766235667,0.6764705882352942,127
[4],0.10999999999999997,0.0,0.008,0.0,0.0,tanh,adam,0.01,32,range,"(-0.1, 0.1)",35,0.014002686347428147,1.0,128
[6],0.16999999999999998,0.016,0.002,0.2,0.5,sigmoid,sgd,0.0,64,xavier,"(-0.1, 0.1)",35,0.11079935365486632,0.6764705882352942,129
[5],0.03,0.006,0.006,0.05,0.0,sigmoid,adam,0.01,8,he,"(-0.1, 0.1)",20,0.05429749814146426,1.0,130
[5],0.049999999999999996,0.012,0.002,0.1,0.6000000000000001,sigmoid,sgd,0.01,16,range,"(-0.7, 0.7)",30,0.11317612854981215,0.6764705882352942,131
[6],0.18999999999999997,0.008,0.002,0.25,0.4,tanh,sgd,0.03,64,glorot,"(-0.5, 0.5)",20,0.10829638351640446,0.6764705882352942,132
[6],0.08999999999999998,0.018000000000000002,0.0,0.25,0.6000000000000001,sigmoid,adam,0.01,16,gaussian,"(-0.7, 0.7)",20,0.09370345713293068,1.0,133
[3],0.049999999999999996,0.014,0.0,0.05,0.8,tanh,sgd,0.02,64,he,"(-0.7, 0.7)",30,0.10956296335344456,0.6764705882352942,134
[5],0.18999999999999997,0.008,0.0,0.0,0.6000000000000001,sigmoid,sgd,0.04,64,xavier,"(-0.1, 0.1)",35,0.11219521398728699,0.6764705882352942,135
[3],0.15,0.014,0.0,0.0,0.30000000000000004,sigmoid,adam,0.01,8,gaussian,"(-0.1, 0.1)",30,0.0690595523493549,1.0,136
[5],0.15,0.004,0.006,0.2,0.0,sigmoid,sgd,0.02,8,range,"(-0.1, 0.1)",20,0.11199290887637153,0.6764705882352942,137
[5],0.08999999999999998,0.004,0.004,0.15000000000000002,0.30000000000000004,sigmoid,adam,0.03,16,he,"(-0.7, 0.7)",20,0.04896395153559285,1.0,138
[4],0.049999999999999996,0.006,0.004,0.25,0.7000000000000001,sigmoid,adam,0.0,16,range,"(-0.7, 0.7)",30,0.08238442923395305,0.9117647058823529,139
[4],0.049999999999999996,0.016,0.004,0.0,0.1,sigmoid,adam,0.04,8,range,"(-0.7, 0.7)",20,0.09526771658357817,0.6764705882352942,140
[5],0.10999999999999997,0.0,0.002,0.0,0.30000000000000004,sigmoid,adam,0.0,8,glorot,"(-0.7, 0.7)",20,0.007224619512245652,1.0,141
[4],0.01,0.018000000000000002,0.008,0.0,0.0,tanh,adam,0.02,64,glorot,"(-0.7, 0.7)",20,0.09956734993446208,0.7058823529411765,142
[6],0.18999999999999997,0.008,0.004,0.25,0.7000000000000001,tanh,sgd,0.03,32,xavier,"(-0.1, 0.1)",30,0.08291526310576654,0.7352941176470589,143
[4],0.12999999999999998,0.008,0.002,0.1,0.0,tanh,adam,0.01,8,glorot,"(-0.5, 0.5)",35,0.06579664536016233,0.9411764705882353,144
[4],0.12999999999999998,0.004,0.004,0.05,0.6000000000000001,tanh,adam,0.03,64,glorot,"(-0.5, 0.5)",30,0.030138702717728227,0.9705882352941176,145
[5],0.10999999999999997,0.01,0.006,0.05,0.8,sigmoid,sgd,0.01,16,range,"(-0.1, 0.1)",35,0.10755717298404069,0.6764705882352942,146
[5],0.15,0.016,0.006,0.1,0.4,sigmoid,adam,0.01,64,gaussian,"(-0.7, 0.7)",35,0.12413537214691085,1.0,147
[6],0.08999999999999998,0.018000000000000002,0.006,0.0,0.30000000000000004,sigmoid,adam,0.04,16,glorot,"(-0.7, 0.7)",30,0.10796083569045369,1.0,148
[4],0.15,0.0,0.002,0.15000000000000002,0.2,tanh,sgd,0.03,16,xavier,"(-0.5, 0.5)",30,0.09970775136021597,0.7352941176470589,149
[6],0.06999999999999999,0.004,0.006,0.1,0.8,sigmoid,sgd,0.0,8,gaussian,"(-0.1, 0.1)",20,0.10571311604986015,0.6764705882352942,150
[5],0.03,0.01,0.004,0.05,0.2,sigmoid,adam,0.0,32,range,"(-0.5, 0.5)",35,0.07193368839804934,0.9705882352941176,151
[6],0.15,0.01,0.002,0.1,0.4,sigmoid,sgd,0.01,16,glorot,"(-0.1, 0.1)",35,0.10989322881035489,0.6764705882352942,152
[6],0.049999999999999996,0.016,0.008,0.25,0.7000000000000001,tanh,sgd,0.0,16,glorot,"(-0.1, 0.1)",20,0.10838546503257498,0.7058823529411765,153
[4],0.12999999999999998,0.014,0.006,0.15000000000000002,0.2,sigmoid,adam,0.03,16,glorot,"(-0.1, 0.1)",30,0.09777352439684403,1.0,154
[5],0.10999999999999997,0.002,0.004,0.0,0.2,sigmoid,adam,0.03,16,gaussian,"(-0.7, 0.7)",20,0.02597319065105385,1.0,155
[5],0.08999999999999998,0.002,0.004,0.2,0.7000000000000001,sigmoid,adam,0.01,32,he,"(-0.1, 0.1)",35,0.04286096612726394,1.0,156
[5],0.16999999999999998,0.0,0.006,0.1,0.2,sigmoid,sgd,0.02,32,glorot,"(-0.5, 0.5)",30,0.1119282026653452,0.6764705882352942,157
[3],0.08999999999999998,0.014,0.0,0.1,0.8,sigmoid,sgd,0.04,8,range,"(-0.1, 0.1)",30,0.10627880897215648,0.6764705882352942,158
[6],0.06999999999999999,0.014,0.006,0.15000000000000002,0.0,tanh,adam,0.02,32,range,"(-0.5, 0.5)",30,0.06760904378832076,1.0,159
[5],0.049999999999999996,0.01,0.004,0.2,0.30000000000000004,tanh,adam,0.02,8,glorot,"(-0.7, 0.7)",20,0.046243464471413226,1.0,160
[5],0.16999999999999998,0.002,0.0,0.05,0.1,sigmoid,sgd,0.01,32,gaussian,"(-0.1, 0.1)",35,0.11137953082836714,0.6764705882352942,161
[4],0.03,0.002,0.0,0.25,0.0,tanh,sgd,0.01,64,he,"(-0.7, 0.7)",20,0.11370377810745955,0.6176470588235294,162
[3],0.01,0.004,0.002,0.25,0.1,sigmoid,sgd,0.0,8,glorot,"(-0.7, 0.7)",20,0.11245082966493733,0.6764705882352942,163
[4],0.01,0.002,0.006,0.1,0.8,sigmoid,adam,0.01,64,range,"(-0.7, 0.7)",20,0.10673652368955769,0.6764705882352942,164
[6],0.08999999999999998,0.018000000000000002,0.0,0.15000000000000002,0.2,sigmoid,sgd,0.01,16,he,"(-0.1, 0.1)",35,0.1122129909181178,0.6764705882352942,165
[4],0.03,0.002,0.002,0.05,0.5,sigmoid,sgd,0.03,32,range,"(-0.5, 0.5)",35,0.11245093607526978,0.6764705882352942,166
[5],0.06999999999999999,0.012,0.004,0.1,0.30000000000000004,sigmoid,adam,0.02,16,gaussian,"(-0.1, 0.1)",20,0.081816441638269,1.0,167
[6],0.10999999999999997,0.0,0.008,0.15000000000000002,0.1,tanh,sgd,0.0,32,range,"(-0.5, 0.5)",35,0.10791983448670293,0.6764705882352942,168
[3],0.18999999999999997,0.008,0.004,0.15000000000000002,0.5,tanh,adam,0.03,32,glorot,"(-0.5, 0.5)",35,0.044041345083027,1.0,169
[4],0.06999999999999999,0.018000000000000002,0.002,0.0,0.5,tanh,adam,0.03,32,glorot,"(-0.5, 0.5)",30,0.04656680898651243,1.0,170
[6],0.049999999999999996,0.004,0.006,0.15000000000000002,0.0,sigmoid,adam,0.03,16,glorot,"(-0.5, 0.5)",20,0.05299226750728226,1.0,171
[6],0.049999999999999996,0.004,0.008,0.05,0.30000000000000004,sigmoid,sgd,0.03,64,xavier,"(-0.5, 0.5)",30,0.11442436029581927,0.6764705882352942,172
[4],0.01,0.014,0.006,0.05,0.4,tanh,sgd,0.01,64,range,"(-0.7, 0.7)",30,0.1181155742394664,0.6764705882352942,173
[6],0.12999999999999998,0.004,0.006,0.25,0.0,tanh,sgd,0.0,32,glorot,"(-0.7, 0.7)",30,0.10909559655840127,0.6764705882352942,174
[4],0.06999999999999999,0.016,0.006,0.05,0.6000000000000001,tanh,sgd,0.02,16,he,"(-0.7, 0.7)",30,0.08028397896911388,0.6764705882352942,175
[6],0.18999999999999997,0.002,0.008,0.05,0.8,tanh,adam,0.02,16,he,"(-0.7, 0.7)",30,0.03956653622725529,1.0,176
[3],0.01,0.014,0.004,0.15000000000000002,0.30000000000000004,sigmoid,adam,0.01,32,glorot,"(-0.5, 0.5)",35,0.11149502125873842,0.6764705882352942,177
[5],0.18999999999999997,0.01,0.002,0.05,0.5,sigmoid,sgd,0.01,64,range,"(-0.5, 0.5)",20,0.11155888389159256,0.6764705882352942,178
[5],0.16999999999999998,0.002,0.006,0.05,0.5,sigmoid,adam,0.03,32,gaussian,"(-0.5, 0.5)",30,0.032789861306883585,1.0,179
[4],0.08999999999999998,0.004,0.004,0.0,0.7000000000000001,sigmoid,sgd,0.0,32,he,"(-0.7, 0.7)",30,0.10539976880874369,0.6470588235294118,180
[4],0.08999999999999998,0.01,0.006,0.1,0.8,sigmoid,sgd,0.04,8,he,"(-0.7, 0.7)",20,0.0916174664799993,0.7058823529411765,181
[4],0.16999999999999998,0.016,0.004,0.05,0.6000000000000001,tanh,sgd,0.02,32,xavier,"(-0.1, 0.1)",30,0.09003358454948193,0.7352941176470589,182
[3],0.01,0.012,0.0,0.1,0.7000000000000001,sigmoid,adam,0.03,16,range,"(-0.5, 0.5)",30,0.09882700813058748,0.7058823529411765,183
[3],0.08999999999999998,0.014,0.004,0.05,0.7000000000000001,tanh,sgd,0.04,16,he,"(-0.1, 0.1)",20,0.08321827255199989,0.7941176470588235,184
[3],0.10999999999999997,0.016,0.006,0.1,0.2,tanh,adam,0.04,8,glorot,"(-0.7, 0.7)",30,0.04322004797337345,1.0,185
[6],0.049999999999999996,0.01,0.008,0.0,0.4,tanh,sgd,0.04,8,xavier,"(-0.5, 0.5)",20,0.10693538487405185,0.6764705882352942,186
[3],0.049999999999999996,0.004,0.0,0.2,0.2,sigmoid,sgd,0.02,32,he,"(-0.1, 0.1)",30,0.11118293238636612,0.6764705882352942,187
[5],0.03,0.014,0.006,0.2,0.0,tanh,adam,0.01,8,xavier,"(-0.5, 0.5)",20,0.06712437215784703,0.9411764705882353,188
[3],0.08999999999999998,0.006,0.002,0.0,0.8,sigmoid,sgd,0.01,64,gaussian,"(-0.1, 0.1)",20,0.11008349419547686,0.6764705882352942,189
[4],0.049999999999999996,0.004,0.008,0.1,0.5,tanh,adam,0.0,32,glorot,"(-0.1, 0.1)",35,0.033664664119813115,1.0,190
[6],0.16999999999999998,0.002,0.0,0.05,0.0,sigmoid,sgd,0.04,64,gaussian,"(-0.5, 0.5)",35,0.11313331198960001,0.6764705882352942,191
[3],0.18999999999999997,0.01,0.008,0.05,0.6000000000000001,sigmoid,sgd,0.04,8,range,"(-0.5, 0.5)",30,0.10890094879818953,0.6764705882352942,192
[5],0.16999999999999998,0.012,0.002,0.05,0.4,tanh,sgd,0.02,32,glorot,"(-0.1, 0.1)",35,0.09164351960952274,0.7058823529411765,193
[5],0.15,0.0,0.006,0.2,0.8,tanh,sgd,0.01,8,gaussian,"(-0.5, 0.5)",20,0.05785571431158547,0.8823529411764706,194
[4],0.06999999999999999,0.018000000000000002,0.004,0.25,0.30000000000000004,tanh,adam,0.03,8,xavier,"(-0.7, 0.7)",30,0.07092824622865457,0.9117647058823529,195
[4],0.16999999999999998,0.0,0.004,0.0,0.30000000000000004,sigmoid,adam,0.01,64,glorot,"(-0.7, 0.7)",30,0.012391979109059995,1.0,196
[6],0.12999999999999998,0.018000000000000002,0.002,0.15000000000000002,0.7000000000000001,tanh,sgd,0.0,8,gaussian,"(-0.1, 0.1)",35,0.04264261313345717,1.0,197
[3],0.01,0.008,0.0,0.1,0.7000000000000001,tanh,sgd,0.0,8,he,"(-0.1, 0.1)",35,0.10880245569531533,0.6764705882352942,198
[4],0.12999999999999998,0.01,0.0,0.1,0.6000000000000001,sigmoid,adam,0.0,8,he,"(-0.1, 0.1)",30,0.0793568809577998,1.0,199
[6],0.06999999999999999,0.002,0.0,0.15000000000000002,0.2,sigmoid,sgd,0.0,16,glorot,"(-0.7, 0.7)",35,0.11045070353087719,0.6764705882352942,200
[5],0.08999999999999998,0.0,0.008,0.15000000000000002,0.1,sigmoid,sgd,0.0,64,glorot,"(-0.1, 0.1)",20,0.11409869526325349,0.6764705882352942,201
[6],0.12999999999999998,0.014,0.006,0.05,0.0,sigmoid,sgd,0.02,32,glorot,"(-0.1, 0.1)",30,0.11548452174279426,0.6764705882352942,202
[3],0.08999999999999998,0.006,0.002,0.25,0.7000000000000001,sigmoid,sgd,0.04,64,range,"(-0.7, 0.7)",30,0.11101048322848465,0.6764705882352942,203
[4],0.01,0.008,0.004,0.0,0.5,tanh,adam,0.04,16,he,"(-0.7, 0.7)",30,0.07217291069490814,0.7941176470588235,204
[4],0.10999999999999997,0.01,0.006,0.05,0.6000000000000001,tanh,adam,0.02,32,xavier,"(-0.7, 0.7)",30,0.07113847859828663,0.9411764705882353,205
[6],0.10999999999999997,0.012,0.0,0.2,0.4,sigmoid,adam,0.02,64,glorot,"(-0.7, 0.7)",35,0.09948512319953813,1.0,206
[4],0.01,0.01,0.008,0.25,0.2,tanh,sgd,0.04,16,xavier,"(-0.7, 0.7)",30,0.11633961863901458,0.6176470588235294,207
[3],0.12999999999999998,0.002,0.008,0.2,0.0,sigmoid,sgd,0.02,16,xavier,"(-0.7, 0.7)",35,0.11203657184091866,0.6764705882352942,208
[5],0.15,0.002,0.004,0.25,0.5,tanh,adam,0.01,32,glorot,"(-0.7, 0.7)",20,0.02553895455271587,1.0,209
[4],0.15,0.004,0.002,0.25,0.0,sigmoid,adam,0.01,8,he,"(-0.1, 0.1)",30,0.05190132575623334,1.0,210
[5],0.06999999999999999,0.016,0.0,0.05,0.0,sigmoid,sgd,0.02,8,xavier,"(-0.1, 0.1)",35,0.11271716522694283,0.6764705882352942,211
[3],0.03,0.008,0.006,0.0,0.6000000000000001,tanh,adam,0.0,32,he,"(-0.5, 0.5)",30,0.06385810428340091,0.8823529411764706,212
[4],0.08999999999999998,0.012,0.008,0.2,0.7000000000000001,sigmoid,adam,0.0,64,he,"(-0.5, 0.5)",20,0.0996910183796474,0.7941176470588235,213
[5],0.15,0.012,0.008,0.0,0.6000000000000001,tanh,adam,0.0,64,gaussian,"(-0.5, 0.5)",20,0.05324342320300557,1.0,214
[6],0.08999999999999998,0.016,0.0,0.0,0.30000000000000004,sigmoid,adam,0.03,32,xavier,"(-0.7, 0.7)",30,0.09445532807621432,1.0,215
[3],0.10999999999999997,0.008,0.008,0.25,0.7000000000000001,sigmoid,adam,0.0,8,xavier,"(-0.7, 0.7)",35,0.07028259280969344,1.0,216
[3],0.16999999999999998,0.014,0.0,0.2,0.2,tanh,adam,0.04,64,range,"(-0.7, 0.7)",35,0.08516508858956477,0.8235294117647058,217
[3],0.08999999999999998,0.018000000000000002,0.0,0.25,0.8,tanh,sgd,0.03,32,xavier,"(-0.1, 0.1)",30,0.1019330024207923,0.7352941176470589,218
[5],0.12999999999999998,0.002,0.002,0.0,0.30000000000000004,tanh,adam,0.01,8,glorot,"(-0.7, 0.7)",35,0.026528610114600417,0.9705882352941176,219
[4],0.12999999999999998,0.0,0.004,0.05,0.30000000000000004,tanh,adam,0.01,64,gaussian,"(-0.1, 0.1)",20,0.008937029034628953,1.0,220
[4],0.049999999999999996,0.018000000000000002,0.008,0.0,0.7000000000000001,tanh,adam,0.03,8,range,"(-0.7, 0.7)",30,0.04364054395179583,1.0,221
[3],0.12999999999999998,0.014,0.0,0.1,0.6000000000000001,tanh,sgd,0.0,8,he,"(-0.7, 0.7)",30,0.028683223506241504,1.0,222
[6],0.12999999999999998,0.016,0.002,0.05,0.1,sigmoid,sgd,0.0,16,xavier,"(-0.5, 0.5)",35,0.11126790699120405,0.6764705882352942,223
[5],0.16999999999999998,0.008,0.006,0.0,0.2,tanh,sgd,0.04,8,xavier,"(-0.1, 0.1)",20,0.07855152163659321,0.7058823529411765,224
[5],0.049999999999999996,0.012,0.0,0.1,0.0,sigmoid,sgd,0.04,32,range,"(-0.7, 0.7)",20,0.1143587900716721,0.6764705882352942,225
[5],0.049999999999999996,0.01,0.002,0.15000000000000002,0.30000000000000004,sigmoid,adam,0.03,64,xavier,"(-0.1, 0.1)",20,0.0907387917511807,0.7352941176470589,226
[6],0.16999999999999998,0.016,0.0,0.05,0.2,sigmoid,sgd,0.03,8,range,"(-0.1, 0.1)",20,0.11023065400090096,0.6764705882352942,227
[6],0.10999999999999997,0.006,0.004,0.15000000000000002,0.0,tanh,sgd,0.02,64,gaussian,"(-0.1, 0.1)",35,0.11148385135055815,0.6764705882352942,228
[5],0.12999999999999998,0.014,0.008,0.05,0.2,tanh,adam,0.01,16,range,"(-0.7, 0.7)",30,0.07209407025656123,1.0,229
[6],0.03,0.012,0.008,0.0,0.6000000000000001,sigmoid,sgd,0.01,8,he,"(-0.5, 0.5)",30,0.11324193111907388,0.6764705882352942,230
[5],0.15,0.01,0.004,0.2,0.5,tanh,adam,0.04,64,glorot,"(-0.7, 0.7)",35,0.05009244090692148,1.0,231
[4],0.15,0.01,0.0,0.25,0.7000000000000001,tanh,sgd,0.02,32,he,"(-0.5, 0.5)",35,0.07805606108849786,0.7058823529411765,232
[4],0.10999999999999997,0.01,0.002,0.2,0.30000000000000004,tanh,adam,0.01,32,range,"(-0.7, 0.7)",30,0.04798239505683025,1.0,233
[5],0.08999999999999998,0.018000000000000002,0.006,0.25,0.30000000000000004,sigmoid,adam,0.01,32,range,"(-0.7, 0.7)",30,0.10284460642355311,0.6764705882352942,234
[4],0.15,0.018000000000000002,0.008,0.05,0.1,tanh,sgd,0.01,32,xavier,"(-0.7, 0.7)",30,0.1021634001127156,0.7058823529411765,235
[5],0.06999999999999999,0.012,0.006,0.25,0.4,tanh,adam,0.01,32,range,"(-0.1, 0.1)",30,0.05581400558765382,1.0,236
[3],0.12999999999999998,0.016,0.006,0.0,0.1,sigmoid,adam,0.03,64,range,"(-0.7, 0.7)",30,0.09223921302677235,1.0,237
[6],0.06999999999999999,0.008,0.0,0.15000000000000002,0.7000000000000001,sigmoid,adam,0.03,64,he,"(-0.1, 0.1)",20,0.0861174102211399,0.7941176470588235,238
[4],0.03,0.01,0.0,0.0,0.1,tanh,sgd,0.04,32,xavier,"(-0.1, 0.1)",35,0.11174664673400735,0.6470588235294118,239
[6],0.06999999999999999,0.0,0.008,0.0,0.0,sigmoid,adam,0.04,32,he,"(-0.5, 0.5)",20,0.033011178460801094,1.0,240
[4],0.06999999999999999,0.018000000000000002,0.008,0.2,0.4,tanh,sgd,0.01,8,range,"(-0.7, 0.7)",30,0.09494487009830067,0.7647058823529411,241
[4],0.049999999999999996,0.012,0.002,0.2,0.0,sigmoid,sgd,0.04,32,glorot,"(-0.1, 0.1)",20,0.11359234032703204,0.6764705882352942,242
[4],0.12999999999999998,0.006,0.002,0.15000000000000002,0.2,sigmoid,sgd,0.02,8,gaussian,"(-0.1, 0.1)",35,0.11140723394513859,0.6764705882352942,243
[5],0.12999999999999998,0.018000000000000002,0.008,0.15000000000000002,0.7000000000000001,sigmoid,sgd,0.0,8,glorot,"(-0.7, 0.7)",30,0.10287126039250134,0.6764705882352942,244
[6],0.049999999999999996,0.012,0.008,0.15000000000000002,0.0,tanh,sgd,0.03,64,range,"(-0.5, 0.5)",30,0.11789063958205727,0.6764705882352942,245
[3],0.15,0.016,0.008,0.15000000000000002,0.7000000000000001,sigmoid,adam,0.01,8,range,"(-0.7, 0.7)",35,0.09270274769988159,1.0,246
[6],0.049999999999999996,0.012,0.002,0.05,0.5,tanh,adam,0.02,16,he,"(-0.1, 0.1)",30,0.048179466351000295,1.0,247
[6],0.01,0.018000000000000002,0.002,0.25,0.1,tanh,sgd,0.03,32,he,"(-0.5, 0.5)",20,0.12334211318639708,0.5588235294117647,248
[6],0.12999999999999998,0.014,0.006,0.0,0.6000000000000001,tanh,adam,0.01,32,he,"(-0.5, 0.5)",30,0.04649872997902783,1.0,249
[4],0.049999999999999996,0.006,0.008,0.25,0.8,sigmoid,sgd,0.03,32,gaussian,"(-0.1, 0.1)",20,0.1126449845732309,0.6764705882352942,250
[4],0.03,0.018000000000000002,0.008,0.0,0.4,sigmoid,adam,0.03,16,he,"(-0.1, 0.1)",30,0.09483848776548404,0.8529411764705882,251
[5],0.049999999999999996,0.006,0.006,0.1,0.2,sigmoid,sgd,0.0,8,range,"(-0.7, 0.7)",35,0.11342869275348703,0.6764705882352942,252
[4],0.08999999999999998,0.016,0.006,0.15000000000000002,0.2,sigmoid,sgd,0.01,8,gaussian,"(-0.1, 0.1)",30,0.11239934846823489,0.6764705882352942,253
[4],0.16999999999999998,0.002,0.006,0.2,0.5,sigmoid,sgd,0.04,16,xavier,"(-0.1, 0.1)",30,0.11041637630165163,0.6764705882352942,254
[4],0.08999999999999998,0.016,0.0,0.2,0.8,sigmoid,adam,0.01,16,gaussian,"(-0.5, 0.5)",20,0.07660398371879631,1.0,255
[4],0.06999999999999999,0.018000000000000002,0.004,0.2,0.4,tanh,sgd,0.03,16,gaussian,"(-0.7, 0.7)",20,0.13128610809130928,0.6764705882352942,256
[4],0.18999999999999997,0.0,0.0,0.15000000000000002,0.2,sigmoid,adam,0.03,64,glorot,"(-0.7, 0.7)",35,0.012662172903822565,0.9705882352941176,257
[6],0.16999999999999998,0.014,0.008,0.1,0.6000000000000001,tanh,adam,0.01,64,xavier,"(-0.1, 0.1)",20,0.07061375699652683,1.0,258
[3],0.18999999999999997,0.01,0.004,0.0,0.6000000000000001,tanh,adam,0.02,32,gaussian,"(-0.5, 0.5)",30,0.07100530492105896,0.8823529411764706,259
[4],0.01,0.006,0.006,0.25,0.2,tanh,sgd,0.02,64,xavier,"(-0.1, 0.1)",20,0.12368151714757106,0.5588235294117647,260
[4],0.15,0.008,0.006,0.15000000000000002,0.7000000000000001,tanh,adam,0.01,64,xavier,"(-0.5, 0.5)",20,0.09185488892237348,0.8235294117647058,261
[4],0.049999999999999996,0.002,0.004,0.1,0.0,tanh,adam,0.03,64,gaussian,"(-0.7, 0.7)",30,0.06914212714934186,0.7941176470588235,262
[5],0.16999999999999998,0.016,0.006,0.0,0.7000000000000001,sigmoid,adam,0.02,16,he,"(-0.7, 0.7)",20,0.09078390133532153,1.0,263
[3],0.03,0.004,0.008,0.1,0.0,sigmoid,sgd,0.04,32,gaussian,"(-0.5, 0.5)",30,0.12094544894949076,0.6764705882352942,264
[5],0.18999999999999997,0.014,0.004,0.2,0.5,tanh,adam,0.0,8,glorot,"(-0.5, 0.5)",30,0.067333330915753,1.0,265
[3],0.16999999999999998,0.018000000000000002,0.008,0.0,0.2,tanh,adam,0.03,32,xavier,"(-0.1, 0.1)",20,0.06540075189726174,1.0,266
[3],0.18999999999999997,0.012,0.004,0.15000000000000002,0.30000000000000004,sigmoid,sgd,0.02,8,xavier,"(-0.1, 0.1)",30,0.10973825436864015,0.6764705882352942,267
[4],0.12999999999999998,0.004,0.006,0.2,0.4,sigmoid,sgd,0.0,16,gaussian,"(-0.5, 0.5)",35,0.11617778108596467,0.6764705882352942,268
[6],0.03,0.006,0.006,0.05,0.7000000000000001,sigmoid,sgd,0.03,32,range,"(-0.7, 0.7)",30,0.11719900245630167,0.6764705882352942,269
[6],0.08999999999999998,0.018000000000000002,0.008,0.2,0.5,tanh,sgd,0.04,32,range,"(-0.1, 0.1)",20,0.10993649663877855,0.6764705882352942,270
[3],0.12999999999999998,0.014,0.004,0.1,0.8,tanh,adam,0.03,8,range,"(-0.5, 0.5)",30,0.068714200287616,0.9117647058823529,271
[3],0.049999999999999996,0.016,0.002,0.05,0.30000000000000004,tanh,sgd,0.0,32,glorot,"(-0.7, 0.7)",30,0.11497348348263141,0.6470588235294118,272
[6],0.18999999999999997,0.01,0.004,0.0,0.30000000000000004,sigmoid,adam,0.0,32,gaussian,"(-0.5, 0.5)",30,0.06703699722959855,1.0,273
[6],0.049999999999999996,0.012,0.006,0.0,0.5,tanh,sgd,0.02,16,glorot,"(-0.5, 0.5)",30,0.11118165079588167,0.6470588235294118,274
[4],0.12999999999999998,0.012,0.002,0.1,0.30000000000000004,sigmoid,adam,0.01,32,range,"(-0.5, 0.5)",20,0.08603648516786574,1.0,275
[3],0.03,0.002,0.0,0.05,0.8,tanh,adam,0.0,16,gaussian,"(-0.1, 0.1)",30,0.06245497094073621,0.8235294117647058,276
[4],0.01,0.004,0.004,0.1,0.5,sigmoid,sgd,0.01,32,he,"(-0.1, 0.1)",20,0.11599406866121625,0.6764705882352942,277
[3],0.01,0.018000000000000002,0.0,0.05,0.2,tanh,adam,0.0,32,range,"(-0.5, 0.5)",35,0.07595551152667218,0.8529411764705882,278
[3],0.18999999999999997,0.008,0.002,0.0,0.7000000000000001,tanh,sgd,0.04,8,glorot,"(-0.7, 0.7)",20,0.07189236201912351,0.7647058823529411,279
[5],0.01,0.012,0.004,0.25,0.2,tanh,adam,0.02,32,he,"(-0.7, 0.7)",35,0.10700362355234226,0.6764705882352942,280
[6],0.12999999999999998,0.006,0.004,0.25,0.5,sigmoid,sgd,0.03,16,xavier,"(-0.1, 0.1)",20,0.11195776552476717,0.6764705882352942,281
[3],0.18999999999999997,0.002,0.002,0.0,0.7000000000000001,sigmoid,sgd,0.0,32,he,"(-0.7, 0.7)",30,0.10708676126332364,0.6764705882352942,282
[4],0.15,0.012,0.006,0.0,0.8,tanh,sgd,0.03,8,he,"(-0.1, 0.1)",30,0.03495731372025874,1.0,283
[4],0.10999999999999997,0.002,0.0,0.0,0.4,tanh,sgd,0.03,64,glorot,"(-0.7, 0.7)",30,0.10509701125549778,0.7352941176470589,284
[6],0.049999999999999996,0.01,0.006,0.25,0.5,sigmoid,sgd,0.01,32,glorot,"(-0.1, 0.1)",30,0.11514978605980569,0.6764705882352942,285
[5],0.049999999999999996,0.0,0.002,0.05,0.8,tanh,adam,0.01,16,glorot,"(-0.1, 0.1)",20,0.007686750388426934,1.0,286
[5],0.10999999999999997,0.018000000000000002,0.004,0.1,0.0,sigmoid,adam,0.04,16,xavier,"(-0.1, 0.1)",30,0.10415851181424834,0.8529411764705882,287
[5],0.16999999999999998,0.012,0.008,0.2,0.30000000000000004,tanh,sgd,0.03,32,range,"(-0.5, 0.5)",20,0.10784250370283115,0.6764705882352942,288
[5],0.10999999999999997,0.0,0.006,0.2,0.1,tanh,adam,0.03,16,he,"(-0.7, 0.7)",20,0.020984773914592268,1.0,289
[6],0.08999999999999998,0.008,0.0,0.05,0.4,tanh,adam,0.0,16,gaussian,"(-0.1, 0.1)",30,0.05258337129028098,1.0,290
[4],0.12999999999999998,0.0,0.006,0.0,0.1,tanh,adam,0.0,32,range,"(-0.7, 0.7)",20,0.03804808554053488,0.9411764705882353,291
[6],0.18999999999999997,0.006,0.008,0.25,0.8,tanh,sgd,0.01,64,range,"(-0.7, 0.7)",30,0.10323597012364188,0.7352941176470589,292
[4],0.16999999999999998,0.006,0.0,0.25,0.6000000000000001,sigmoid,adam,0.01,64,gaussian,"(-0.1, 0.1)",20,0.07015040635651257,1.0,293
[5],0.049999999999999996,0.008,0.004,0.15000000000000002,0.2,tanh,sgd,0.01,32,gaussian,"(-0.5, 0.5)",30,0.11940525244324511,0.6764705882352942,294
[3],0.03,0.004,0.0,0.0,0.30000000000000004,sigmoid,adam,0.01,8,glorot,"(-0.5, 0.5)",20,0.03361392676944914,1.0,295
[6],0.16999999999999998,0.002,0.006,0.25,0.4,sigmoid,adam,0.0,32,xavier,"(-0.5, 0.5)",20,0.07150135402557069,0.9705882352941176,296
[5],0.01,0.018000000000000002,0.0,0.0,0.2,sigmoid,adam,0.01,16,glorot,"(-0.7, 0.7)",30,0.09640035528325323,0.6764705882352942,297
[3],0.10999999999999997,0.012,0.006,0.0,0.8,tanh,sgd,0.01,16,range,"(-0.7, 0.7)",30,0.05574677387975132,0.8823529411764706,298
[3],0.06999999999999999,0.014,0.008,0.15000000000000002,0.6000000000000001,tanh,adam,0.01,8,gaussian,"(-0.5, 0.5)",20,0.04637686616752134,0.9705882352941176,299
[3],0.18999999999999997,0.01,0.0,0.25,0.5,tanh,adam,0.0,32,glorot,"(-0.1, 0.1)",20,0.0830218058992386,0.8235294117647058,300
[3],0.18999999999999997,0.016,0.008,0.0,0.2,tanh,adam,0.04,32,gaussian,"(-0.7, 0.7)",20,0.06540429254719585,0.9705882352941176,301
[5],0.06999999999999999,0.008,0.008,0.15000000000000002,0.4,sigmoid,sgd,0.0,32,xavier,"(-0.7, 0.7)",30,0.1140076890183022,0.6764705882352942,302
[6],0.049999999999999996,0.008,0.004,0.15000000000000002,0.1,tanh,sgd,0.03,32,he,"(-0.5, 0.5)",20,0.11192464873057668,0.6764705882352942,303
[3],0.08999999999999998,0.01,0.002,0.25,0.1,sigmoid,sgd,0.02,8,gaussian,"(-0.5, 0.5)",30,0.1160172466227726,0.6764705882352942,304
[5],0.03,0.004,0.008,0.05,0.1,sigmoid,sgd,0.02,32,range,"(-0.7, 0.7)",20,0.1165372249267012,0.6764705882352942,305
[5],0.16999999999999998,0.008,0.0,0.15000000000000002,0.0,tanh,adam,0.0,32,he,"(-0.7, 0.7)",20,0.08172290218131903,0.8529411764705882,306
[4],0.03,0.002,0.008,0.0,0.1,tanh,sgd,0.03,32,glorot,"(-0.7, 0.7)",20,0.11243242849309029,0.6764705882352942,307
[5],0.049999999999999996,0.018000000000000002,0.008,0.05,0.1,tanh,sgd,0.01,8,gaussian,"(-0.5, 0.5)",20,0.12596835041592935,0.6470588235294118,308
[4],0.049999999999999996,0.016,0.002,0.15000000000000002,0.0,tanh,sgd,0.03,16,gaussian,"(-0.5, 0.5)",20,0.1212334711930141,0.6764705882352942,309
[6],0.06999999999999999,0.016,0.004,0.1,0.2,tanh,adam,0.04,32,he,"(-0.1, 0.1)",35,0.06029051719021996,1.0,310
[3],0.12999999999999998,0.008,0.008,0.15000000000000002,0.0,sigmoid,adam,0.04,16,he,"(-0.7, 0.7)",20,0.10418951236547554,0.7647058823529411,311
[4],0.18999999999999997,0.002,0.002,0.05,0.0,sigmoid,sgd,0.0,8,glorot,"(-0.1, 0.1)",20,0.10444626924675232,0.6764705882352942,312
[5],0.03,0.018000000000000002,0.0,0.25,0.30000000000000004,sigmoid,sgd,0.03,8,he,"(-0.1, 0.1)",30,0.11452483892598089,0.6764705882352942,313
[4],0.049999999999999996,0.002,0.004,0.1,0.6000000000000001,tanh,adam,0.03,16,xavier,"(-0.1, 0.1)",30,0.01516094675968268,1.0,314
[5],0.06999999999999999,0.006,0.006,0.15000000000000002,0.4,tanh,sgd,0.02,8,glorot,"(-0.5, 0.5)",20,0.08996674439522293,0.7058823529411765,315
[3],0.01,0.014,0.008,0.1,0.30000000000000004,tanh,sgd,0.02,16,he,"(-0.5, 0.5)",20,0.11858422577705047,0.6764705882352942,316
[6],0.01,0.014,0.008,0.0,0.7000000000000001,tanh,adam,0.01,64,xavier,"(-0.7, 0.7)",30,0.10561020805404098,0.7352941176470589,317
[6],0.12999999999999998,0.008,0.002,0.15000000000000002,0.30000000000000004,tanh,sgd,0.0,16,glorot,"(-0.5, 0.5)",20,0.10266804774696948,0.7058823529411765,318
[4],0.03,0.008,0.004,0.2,0.4,sigmoid,adam,0.04,32,glorot,"(-0.1, 0.1)",20,0.08733491385074614,0.7352941176470589,319
[3],0.06999999999999999,0.008,0.004,0.05,0.8,sigmoid,adam,0.04,8,xavier,"(-0.1, 0.1)",30,0.052723340210688266,1.0,320
[6],0.18999999999999997,0.01,0.0,0.15000000000000002,0.30000000000000004,sigmoid,sgd,0.02,64,he,"(-0.7, 0.7)",30,0.11063432595839849,0.6764705882352942,321
[4],0.12999999999999998,0.018000000000000002,0.008,0.2,0.5,sigmoid,adam,0.03,16,xavier,"(-0.5, 0.5)",20,0.09802954143393776,0.6176470588235294,322
[5],0.10999999999999997,0.014,0.002,0.2,0.5,tanh,sgd,0.03,8,gaussian,"(-0.1, 0.1)",35,0.10377548709509271,0.7352941176470589,323
[4],0.06999999999999999,0.012,0.0,0.05,0.7000000000000001,tanh,sgd,0.0,64,xavier,"(-0.1, 0.1)",35,0.10246719859869016,0.7058823529411765,324
[4],0.06999999999999999,0.01,0.0,0.0,0.4,sigmoid,adam,0.0,32,range,"(-0.5, 0.5)",20,0.06817536622228591,1.0,325
[3],0.10999999999999997,0.006,0.008,0.0,0.1,tanh,sgd,0.0,64,he,"(-0.7, 0.7)",20,0.11159703174147914,0.6764705882352942,326
[3],0.15,0.006,0.006,0.1,0.1,sigmoid,sgd,0.04,32,gaussian,"(-0.5, 0.5)",35,0.11673166272690302,0.6764705882352942,327
[5],0.10999999999999997,0.014,0.008,0.25,0.2,sigmoid,sgd,0.04,8,he,"(-0.1, 0.1)",20,0.11489451718709792,0.6764705882352942,328
[4],0.06999999999999999,0.0,0.002,0.05,0.30000000000000004,sigmoid,sgd,0.02,64,gaussian,"(-0.7, 0.7)",30,0.1168996379311857,0.6764705882352942,329
[4],0.18999999999999997,0.004,0.0,0.0,0.30000000000000004,tanh,adam,0.03,16,gaussian,"(-0.1, 0.1)",30,0.02796873555065296,1.0,330
[6],0.01,0.004,0.004,0.0,0.8,sigmoid,adam,0.0,8,xavier,"(-0.1, 0.1)",20,0.10785414348014472,0.6470588235294118,331
[4],0.12999999999999998,0.002,0.006,0.05,0.2,tanh,adam,0.03,16,range,"(-0.7, 0.7)",35,0.0758915279985645,0.8235294117647058,332
[4],0.15,0.012,0.002,0.2,0.7000000000000001,tanh,adam,0.02,16,gaussian,"(-0.1, 0.1)",30,0.07100116229041935,0.9411764705882353,333
[5],0.12999999999999998,0.016,0.006,0.0,0.1,sigmoid,sgd,0.01,8,range,"(-0.5, 0.5)",30,0.11124560105340427,0.6764705882352942,334
[4],0.01,0.016,0.002,0.2,0.30000000000000004,sigmoid,sgd,0.0,8,xavier,"(-0.7, 0.7)",35,0.11410850824792294,0.6764705882352942,335
[3],0.10999999999999997,0.016,0.008,0.0,0.4,tanh,adam,0.04,16,xavier,"(-0.1, 0.1)",30,0.06036120842462536,1.0,336
[6],0.06999999999999999,0.004,0.002,0.25,0.1,sigmoid,adam,0.0,64,range,"(-0.1, 0.1)",35,0.08100781816343285,0.8235294117647058,337
[5],0.15,0.004,0.004,0.1,0.0,sigmoid,sgd,0.0,8,gaussian,"(-0.1, 0.1)",30,0.11121763020204946,0.6764705882352942,338
[4],0.18999999999999997,0.002,0.0,0.25,0.30000000000000004,tanh,sgd,0.03,32,gaussian,"(-0.7, 0.7)",35,0.11646250992401262,0.6764705882352942,339
[3],0.049999999999999996,0.01,0.004,0.15000000000000002,0.1,tanh,adam,0.02,16,gaussian,"(-0.7, 0.7)",20,0.08564376863903456,0.7941176470588235,340
[6],0.08999999999999998,0.014,0.008,0.0,0.2,sigmoid,adam,0.04,8,he,"(-0.5, 0.5)",30,0.07805486198717619,1.0,341
[3],0.16999999999999998,0.012,0.006,0.0,0.0,sigmoid,sgd,0.02,16,glorot,"(-0.5, 0.5)",35,0.11295944345961127,0.6764705882352942,342
[5],0.03,0.01,0.008,0.1,0.8,sigmoid,adam,0.03,8,xavier,"(-0.5, 0.5)",20,0.07788692773855925,0.9117647058823529,343
[5],0.16999999999999998,0.006,0.004,0.1,0.0,tanh,adam,0.01,64,gaussian,"(-0.7, 0.7)",35,0.05739144091168409,1.0,344
[3],0.15,0.0,0.006,0.05,0.30000000000000004,tanh,adam,0.04,32,gaussian,"(-0.7, 0.7)",35,0.017605611026413386,0.9705882352941176,345
[4],0.049999999999999996,0.002,0.0,0.1,0.0,sigmoid,adam,0.02,8,range,"(-0.7, 0.7)",35,0.030492900829125688,1.0,346
[3],0.08999999999999998,0.008,0.002,0.2,0.7000000000000001,tanh,sgd,0.04,16,glorot,"(-0.7, 0.7)",20,0.11116933992056341,0.6764705882352942,347
[3],0.12999999999999998,0.008,0.002,0.05,0.1,sigmoid,adam,0.04,32,xavier,"(-0.7, 0.7)",35,0.06805253349860196,1.0,348
[5],0.12999999999999998,0.008,0.002,0.0,0.30000000000000004,tanh,sgd,0.02,64,xavier,"(-0.1, 0.1)",30,0.10996446900920685,0.6764705882352942,349
[5],0.03,0.014,0.0,0.15000000000000002,0.4,tanh,sgd,0.02,32,he,"(-0.1, 0.1)",20,0.11519324881448854,0.6764705882352942,350
[6],0.06999999999999999,0.01,0.004,0.2,0.2,tanh,sgd,0.0,8,glorot,"(-0.5, 0.5)",30,0.10570631055987277,0.6764705882352942,351
[6],0.08999999999999998,0.008,0.008,0.2,0.8,sigmoid,sgd,0.0,32,xavier,"(-0.7, 0.7)",35,0.11146213212193404,0.6764705882352942,352
[4],0.08999999999999998,0.01,0.002,0.15000000000000002,0.0,tanh,sgd,0.02,8,he,"(-0.1, 0.1)",20,0.08123986491260335,0.6764705882352942,353
[4],0.06999999999999999,0.01,0.002,0.2,0.4,tanh,sgd,0.03,16,xavier,"(-0.1, 0.1)",20,0.10388418971240107,0.7058823529411765,354
[3],0.18999999999999997,0.014,0.008,0.15000000000000002,0.1,sigmoid,sgd,0.01,8,xavier,"(-0.5, 0.5)",20,0.11080421869878962,0.6764705882352942,355
[4],0.12999999999999998,0.01,0.002,0.0,0.6000000000000001,sigmoid,sgd,0.0,64,he,"(-0.5, 0.5)",20,0.10885782860118388,0.6176470588235294,356
[6],0.16999999999999998,0.012,0.008,0.25,0.8,sigmoid,sgd,0.01,16,gaussian,"(-0.1, 0.1)",35,0.10908135256840858,0.6764705882352942,357
[3],0.10999999999999997,0.012,0.0,0.2,0.2,sigmoid,sgd,0.03,32,glorot,"(-0.7, 0.7)",35,0.11142091286487459,0.6764705882352942,358
[6],0.08999999999999998,0.008,0.008,0.0,0.6000000000000001,sigmoid,sgd,0.03,32,range,"(-0.5, 0.5)",20,0.11491636399218277,0.6764705882352942,359
[3],0.03,0.008,0.008,0.0,0.1,tanh,sgd,0.04,32,xavier,"(-0.1, 0.1)",30,0.11565618390633345,0.6764705882352942,360
[6],0.10999999999999997,0.0,0.008,0.05,0.6000000000000001,sigmoid,sgd,0.01,16,range,"(-0.7, 0.7)",35,0.11096221083063583,0.6764705882352942,361
[4],0.03,0.006,0.006,0.1,0.5,tanh,adam,0.0,8,he,"(-0.1, 0.1)",35,0.024457342756963575,1.0,362
[5],0.049999999999999996,0.016,0.008,0.15000000000000002,0.0,tanh,sgd,0.02,16,glorot,"(-0.5, 0.5)",30,0.11136787936801867,0.6764705882352942,363
[6],0.01,0.016,0.0,0.0,0.2,tanh,sgd,0.0,16,gaussian,"(-0.7, 0.7)",20,0.1308689942199429,0.6764705882352942,364
[5],0.12999999999999998,0.012,0.008,0.0,0.0,tanh,sgd,0.03,8,he,"(-0.7, 0.7)",20,0.09286832070259161,0.7352941176470589,365
[3],0.049999999999999996,0.006,0.004,0.1,0.5,sigmoid,adam,0.04,16,glorot,"(-0.7, 0.7)",20,0.0561071180766204,0.9705882352941176,366
[6],0.15,0.012,0.008,0.25,0.2,sigmoid,adam,0.02,8,gaussian,"(-0.1, 0.1)",30,0.0912825236783743,0.9705882352941176,367
[3],0.16999999999999998,0.014,0.002,0.1,0.4,sigmoid,adam,0.04,16,glorot,"(-0.1, 0.1)",20,0.09220104848719382,1.0,368
[4],0.10999999999999997,0.018000000000000002,0.0,0.0,0.1,tanh,adam,0.0,8,range,"(-0.5, 0.5)",35,0.04101763953327593,1.0,369
[3],0.08999999999999998,0.008,0.008,0.05,0.0,tanh,adam,0.04,16,glorot,"(-0.7, 0.7)",35,0.07148460100574877,0.9117647058823529,370
[6],0.18999999999999997,0.018000000000000002,0.006,0.25,0.4,tanh,sgd,0.04,32,xavier,"(-0.7, 0.7)",30,0.1055849924280423,0.6764705882352942,371
[6],0.18999999999999997,0.006,0.002,0.1,0.1,tanh,sgd,0.04,32,range,"(-0.7, 0.7)",20,0.10767064873362485,0.6764705882352942,372
[4],0.06999999999999999,0.002,0.002,0.05,0.4,sigmoid,adam,0.03,8,glorot,"(-0.7, 0.7)",35,0.028622078326363824,1.0,373
[3],0.16999999999999998,0.014,0.002,0.15000000000000002,0.1,tanh,adam,0.0,64,xavier,"(-0.7, 0.7)",20,0.09085068182193284,0.8235294117647058,374
[5],0.16999999999999998,0.006,0.008,0.2,0.30000000000000004,tanh,adam,0.01,16,range,"(-0.1, 0.1)",30,0.06833302585585639,0.9411764705882353,375
[3],0.10999999999999997,0.012,0.0,0.05,0.6000000000000001,tanh,sgd,0.04,16,glorot,"(-0.7, 0.7)",30,0.1128427630817372,0.6470588235294118,376
[4],0.12999999999999998,0.008,0.0,0.2,0.6000000000000001,tanh,adam,0.03,8,xavier,"(-0.1, 0.1)",35,0.050946036216379366,1.0,377
[6],0.12999999999999998,0.002,0.002,0.05,0.8,tanh,adam,0.0,32,xavier,"(-0.5, 0.5)",30,0.020446276927035073,1.0,378
[4],0.06999999999999999,0.018000000000000002,0.004,0.2,0.4,sigmoid,sgd,0.01,64,xavier,"(-0.1, 0.1)",20,0.11429033874579597,0.6764705882352942,379
[6],0.18999999999999997,0.012,0.006,0.0,0.0,sigmoid,adam,0.04,16,gaussian,"(-0.1, 0.1)",35,0.08745896770525913,1.0,380
[4],0.18999999999999997,0.01,0.0,0.0,0.1,tanh,sgd,0.04,32,gaussian,"(-0.5, 0.5)",35,0.1163524529855073,0.6764705882352942,381
[3],0.10999999999999997,0.0,0.006,0.15000000000000002,0.2,sigmoid,adam,0.03,16,gaussian,"(-0.7, 0.7)",30,0.019238484179134666,1.0,382
[4],0.08999999999999998,0.008,0.0,0.15000000000000002,0.7000000000000001,tanh,adam,0.03,16,gaussian,"(-0.7, 0.7)",30,0.047013669789595286,0.9705882352941176,383
[4],0.12999999999999998,0.012,0.002,0.2,0.2,tanh,sgd,0.04,8,glorot,"(-0.7, 0.7)",35,0.07524701430587427,0.8235294117647058,384
[6],0.12999999999999998,0.0,0.002,0.2,0.1,tanh,sgd,0.03,32,gaussian,"(-0.1, 0.1)",20,0.109783787885335,0.6764705882352942,385
[4],0.15,0.006,0.0,0.05,0.5,tanh,sgd,0.01,32,glorot,"(-0.1, 0.1)",30,0.07086096321806154,0.8235294117647058,386
[3],0.15,0.0,0.002,0.05,0.1,sigmoid,sgd,0.0,64,gaussian,"(-0.1, 0.1)",30,0.1110049392791702,0.6764705882352942,387
[4],0.16999999999999998,0.01,0.002,0.15000000000000002,0.7000000000000001,tanh,adam,0.0,16,xavier,"(-0.5, 0.5)",20,0.0630181575199694,0.9705882352941176,388
[5],0.08999999999999998,0.008,0.008,0.0,0.2,tanh,sgd,0.01,64,he,"(-0.7, 0.7)",20,0.1148917978661312,0.6764705882352942,389
[3],0.12999999999999998,0.008,0.004,0.0,0.30000000000000004,tanh,sgd,0.02,8,glorot,"(-0.5, 0.5)",35,0.11305030506743956,0.6764705882352942,390
[3],0.049999999999999996,0.014,0.006,0.25,0.8,sigmoid,sgd,0.0,8,xavier,"(-0.7, 0.7)",20,0.1104735442800268,0.6764705882352942,391
[6],0.18999999999999997,0.016,0.002,0.0,0.30000000000000004,tanh,adam,0.01,32,glorot,"(-0.7, 0.7)",35,0.12230646474608456,0.9705882352941176,392
[6],0.06999999999999999,0.012,0.002,0.2,0.30000000000000004,sigmoid,sgd,0.04,32,glorot,"(-0.1, 0.1)",30,0.11467729131480418,0.6764705882352942,393
[4],0.18999999999999997,0.014,0.0,0.15000000000000002,0.8,tanh,adam,0.0,64,glorot,"(-0.7, 0.7)",20,0.08911462126548542,0.8235294117647058,394
[6],0.15,0.006,0.006,0.2,0.2,sigmoid,adam,0.0,64,range,"(-0.1, 0.1)",20,0.09742203396723136,1.0,395
[4],0.049999999999999996,0.006,0.004,0.1,0.2,sigmoid,adam,0.02,8,he,"(-0.7, 0.7)",30,0.04958179559416027,1.0,396
[3],0.08999999999999998,0.012,0.008,0.05,0.1,sigmoid,sgd,0.04,16,he,"(-0.7, 0.7)",30,0.11340758674624432,0.6764705882352942,397
[6],0.18999999999999997,0.0,0.008,0.2,0.8,tanh,sgd,0.03,32,range,"(-0.1, 0.1)",20,0.08550908519078604,0.7058823529411765,398
[4],0.01,0.01,0.0,0.2,0.30000000000000004,tanh,adam,0.04,32,xavier,"(-0.5, 0.5)",35,0.09630057253224918,0.7058823529411765,399
[5],0.18999999999999997,0.016,0.008,0.25,0.1,sigmoid,adam,0.02,64,range,"(-0.7, 0.7)",30,0.11856623717823978,0.9411764705882353,400
[3],0.15,0.002,0.004,0.05,0.30000000000000004,tanh,adam,0.03,64,xavier,"(-0.7, 0.7)",35,0.053702353863596126,0.8823529411764706,401
[4],0.01,0.018000000000000002,0.006,0.1,0.6000000000000001,sigmoid,sgd,0.03,64,range,"(-0.7, 0.7)",30,0.1186388664475904,0.6764705882352942,402
[6],0.16999999999999998,0.004,0.008,0.2,0.6000000000000001,tanh,sgd,0.01,32,range,"(-0.7, 0.7)",20,0.099355037364717,0.7058823529411765,403
[6],0.01,0.016,0.004,0.25,0.8,sigmoid,adam,0.01,16,he,"(-0.1, 0.1)",35,0.11140758509769308,0.7058823529411765,404
[5],0.01,0.01,0.006,0.15000000000000002,0.5,tanh,sgd,0.0,8,xavier,"(-0.5, 0.5)",35,0.11228573316561904,0.6764705882352942,405
[4],0.10999999999999997,0.01,0.004,0.1,0.2,tanh,adam,0.04,64,xavier,"(-0.1, 0.1)",30,0.06094497467761515,0.9117647058823529,406
[5],0.049999999999999996,0.006,0.002,0.25,0.8,tanh,adam,0.01,16,range,"(-0.7, 0.7)",20,0.04522919255463324,1.0,407
[5],0.12999999999999998,0.004,0.004,0.0,0.5,sigmoid,adam,0.03,16,he,"(-0.5, 0.5)",20,0.04385094256125574,1.0,408
[4],0.12999999999999998,0.018000000000000002,0.002,0.25,0.30000000000000004,tanh,adam,0.0,16,range,"(-0.1, 0.1)",35,0.07760092992432327,1.0,409
[6],0.10999999999999997,0.01,0.0,0.25,0.7000000000000001,tanh,adam,0.04,32,gaussian,"(-0.7, 0.7)",30,0.0489082177655167,1.0,410
[6],0.08999999999999998,0.008,0.002,0.0,0.30000000000000004,tanh,sgd,0.04,8,gaussian,"(-0.5, 0.5)",35,0.07206341006869854,0.8823529411764706,411
[6],0.049999999999999996,0.0,0.002,0.2,0.5,sigmoid,adam,0.0,8,he,"(-0.1, 0.1)",30,0.024774645410377973,0.9411764705882353,412
[5],0.03,0.01,0.004,0.15000000000000002,0.1,tanh,adam,0.01,8,xavier,"(-0.7, 0.7)",20,0.0395603174636251,1.0,413
[5],0.18999999999999997,0.006,0.006,0.15000000000000002,0.8,sigmoid,sgd,0.03,64,he,"(-0.1, 0.1)",20,0.11255294330687157,0.6764705882352942,414
[5],0.049999999999999996,0.002,0.004,0.0,0.0,tanh,sgd,0.03,64,range,"(-0.7, 0.7)",20,0.11621333123511203,0.7058823529411765,415
[6],0.16999999999999998,0.0,0.008,0.25,0.2,tanh,sgd,0.02,32,xavier,"(-0.1, 0.1)",35,0.10535822846987512,0.7058823529411765,416
[5],0.12999999999999998,0.004,0.002,0.1,0.8,tanh,adam,0.0,32,range,"(-0.7, 0.7)",30,0.03353350085435068,1.0,417
[6],0.16999999999999998,0.014,0.004,0.1,0.2,sigmoid,adam,0.02,32,he,"(-0.7, 0.7)",35,0.11322740901467651,0.6764705882352942,418
[5],0.18999999999999997,0.012,0.004,0.1,0.4,sigmoid,sgd,0.02,8,gaussian,"(-0.7, 0.7)",30,0.12419835530142101,0.6764705882352942,419
[5],0.01,0.004,0.0,0.0,0.0,sigmoid,adam,0.02,16,range,"(-0.7, 0.7)",20,0.09123120872255916,0.6764705882352942,420
[3],0.06999999999999999,0.004,0.0,0.1,0.5,sigmoid,sgd,0.0,32,he,"(-0.5, 0.5)",20,0.1103905653620654,0.6764705882352942,421
[4],0.12999999999999998,0.016,0.002,0.25,0.1,tanh,adam,0.02,64,glorot,"(-0.7, 0.7)",35,0.0606472720638575,1.0,422
[6],0.049999999999999996,0.014,0.002,0.15000000000000002,0.7000000000000001,tanh,adam,0.03,16,gaussian,"(-0.1, 0.1)",30,0.05302576032488338,1.0,423
[4],0.10999999999999997,0.008,0.002,0.0,0.8,sigmoid,sgd,0.04,8,xavier,"(-0.1, 0.1)",20,0.07841534923426634,0.7941176470588235,424
[4],0.06999999999999999,0.018000000000000002,0.002,0.25,0.0,tanh,sgd,0.0,64,gaussian,"(-0.1, 0.1)",35,0.11351925265159557,0.6764705882352942,425
[4],0.12999999999999998,0.008,0.006,0.05,0.30000000000000004,tanh,adam,0.0,16,glorot,"(-0.5, 0.5)",35,0.066883529031869,0.9705882352941176,426
[3],0.15,0.004,0.002,0.1,0.7000000000000001,tanh,adam,0.02,32,range,"(-0.7, 0.7)",30,0.02242682423540232,1.0,427
[6],0.049999999999999996,0.012,0.002,0.2,0.0,tanh,sgd,0.04,8,range,"(-0.7, 0.7)",35,0.11164540974467568,0.6764705882352942,428
[6],0.12999999999999998,0.016,0.002,0.25,0.1,tanh,sgd,0.04,16,glorot,"(-0.1, 0.1)",35,0.10913796911890908,0.6764705882352942,429
[6],0.049999999999999996,0.002,0.006,0.25,0.30000000000000004,sigmoid,adam,0.01,16,gaussian,"(-0.5, 0.5)",20,0.03965983772327197,1.0,430
[4],0.049999999999999996,0.018000000000000002,0.008,0.2,0.30000000000000004,tanh,sgd,0.0,64,he,"(-0.7, 0.7)",35,0.10803032194422549,0.7058823529411765,431
[3],0.08999999999999998,0.006,0.008,0.2,0.2,sigmoid,sgd,0.02,32,xavier,"(-0.7, 0.7)",35,0.11229649913761373,0.6764705882352942,432
[4],0.10999999999999997,0.016,0.004,0.1,0.6000000000000001,sigmoid,adam,0.03,64,xavier,"(-0.1, 0.1)",30,0.09968383903735765,0.8529411764705882,433
[5],0.06999999999999999,0.0,0.008,0.1,0.4,tanh,adam,0.04,8,xavier,"(-0.5, 0.5)",35,0.020136165219081754,1.0,434
[6],0.01,0.004,0.008,0.05,0.7000000000000001,sigmoid,sgd,0.0,32,xavier,"(-0.7, 0.7)",35,0.11438809967973272,0.6764705882352942,435
[6],0.16999999999999998,0.014,0.0,0.05,0.7000000000000001,tanh,sgd,0.04,16,xavier,"(-0.1, 0.1)",20,0.06171952778882922,0.8235294117647058,436
[3],0.049999999999999996,0.01,0.006,0.25,0.0,sigmoid,sgd,0.0,8,he,"(-0.7, 0.7)",30,0.11277121219560071,0.6764705882352942,437
[6],0.16999999999999998,0.016,0.008,0.2,0.7000000000000001,tanh,sgd,0.02,32,xavier,"(-0.1, 0.1)",35,0.08471333086910232,0.7352941176470589,438
[6],0.01,0.0,0.002,0.0,0.4,tanh,sgd,0.03,8,range,"(-0.7, 0.7)",30,0.11289369523122228,0.6470588235294118,439
[3],0.15,0.002,0.004,0.05,0.30000000000000004,sigmoid,sgd,0.01,16,range,"(-0.7, 0.7)",30,0.11110507026632965,0.6764705882352942,440
[3],0.03,0.008,0.002,0.15000000000000002,0.4,sigmoid,sgd,0.04,16,gaussian,"(-0.7, 0.7)",30,0.1211862714136206,0.6764705882352942,441
[6],0.03,0.006,0.008,0.15000000000000002,0.1,sigmoid,sgd,0.03,8,xavier,"(-0.7, 0.7)",20,0.11385362667783906,0.6764705882352942,442
[3],0.06999999999999999,0.004,0.0,0.25,0.7000000000000001,tanh,adam,0.01,8,gaussian,"(-0.7, 0.7)",35,0.054728355174057663,0.8529411764705882,443
[3],0.03,0.002,0.006,0.15000000000000002,0.1,sigmoid,sgd,0.0,8,range,"(-0.7, 0.7)",20,0.11278787407348502,0.6764705882352942,444
[6],0.049999999999999996,0.01,0.008,0.15000000000000002,0.30000000000000004,sigmoid,sgd,0.0,32,range,"(-0.1, 0.1)",30,0.11133297364135275,0.6764705882352942,445
[6],0.10999999999999997,0.006,0.008,0.0,0.2,tanh,adam,0.04,8,xavier,"(-0.5, 0.5)",20,0.02386323834138709,1.0,446
[3],0.03,0.008,0.0,0.2,0.6000000000000001,sigmoid,adam,0.0,32,xavier,"(-0.1, 0.1)",35,0.08780729549944805,0.6764705882352942,447
[5],0.12999999999999998,0.004,0.0,0.2,0.30000000000000004,tanh,adam,0.03,8,gaussian,"(-0.1, 0.1)",35,0.02767589865087398,1.0,448
[5],0.049999999999999996,0.018000000000000002,0.006,0.0,0.1,sigmoid,adam,0.0,16,he,"(-0.1, 0.1)",30,0.10294999132286736,1.0,449
[5],0.16999999999999998,0.01,0.008,0.1,0.6000000000000001,tanh,sgd,0.01,8,he,"(-0.1, 0.1)",35,0.03399429652061206,1.0,450
[4],0.01,0.004,0.006,0.0,0.6000000000000001,sigmoid,adam,0.04,16,glorot,"(-0.1, 0.1)",35,0.1024262743103886,0.6470588235294118,451
[6],0.08999999999999998,0.0,0.002,0.2,0.0,tanh,sgd,0.03,64,range,"(-0.1, 0.1)",30,0.11209113073606376,0.6764705882352942,452
[4],0.049999999999999996,0.004,0.004,0.2,0.1,tanh,adam,0.02,16,gaussian,"(-0.1, 0.1)",35,0.056474464186929446,0.9117647058823529,453
[5],0.01,0.006,0.0,0.0,0.0,tanh,adam,0.03,64,he,"(-0.5, 0.5)",30,0.10713153964049094,0.7058823529411765,454
[3],0.10999999999999997,0.014,0.008,0.25,0.5,tanh,adam,0.03,16,xavier,"(-0.5, 0.5)",30,0.08638667856205312,0.8529411764705882,455
[3],0.049999999999999996,0.008,0.006,0.15000000000000002,0.0,sigmoid,sgd,0.04,8,gaussian,"(-0.7, 0.7)",20,0.1219883102374376,0.6764705882352942,456
[3],0.06999999999999999,0.0,0.006,0.2,0.30000000000000004,sigmoid,adam,0.03,32,gaussian,"(-0.5, 0.5)",20,0.0209705485593095,1.0,457
[6],0.16999999999999998,0.0,0.008,0.0,0.8,sigmoid,adam,0.03,8,xavier,"(-0.7, 0.7)",20,0.021909275354416342,1.0,458
[3],0.10999999999999997,0.0,0.006,0.0,0.30000000000000004,sigmoid,adam,0.03,8,xavier,"(-0.1, 0.1)",30,0.01768972801082609,1.0,459
[4],0.10999999999999997,0.002,0.0,0.1,0.5,tanh,adam,0.02,16,glorot,"(-0.1, 0.1)",20,0.009984401810066752,1.0,460
[4],0.01,0.0,0.008,0.15000000000000002,0.2,tanh,adam,0.03,64,glorot,"(-0.7, 0.7)",30,0.09804372333537835,0.7352941176470589,461
[6],0.01,0.006,0.0,0.2,0.0,tanh,sgd,0.01,64,xavier,"(-0.5, 0.5)",30,0.1197975192037242,0.5882352941176471,462
[6],0.12999999999999998,0.012,0.002,0.0,0.5,sigmoid,sgd,0.01,64,gaussian,"(-0.1, 0.1)",20,0.1122137957233101,0.6764705882352942,463
[5],0.12999999999999998,0.012,0.006,0.0,0.4,tanh,sgd,0.0,8,gaussian,"(-0.5, 0.5)",35,0.09880701931369006,0.7941176470588235,464
[6],0.15,0.002,0.004,0.0,0.0,tanh,sgd,0.04,8,range,"(-0.7, 0.7)",35,0.07873820831220209,0.8235294117647058,465
[5],0.18999999999999997,0.0,0.004,0.05,0.1,tanh,sgd,0.0,32,range,"(-0.7, 0.7)",35,0.10117599641372635,0.6470588235294118,466
[3],0.18999999999999997,0.008,0.008,0.15000000000000002,0.6000000000000001,tanh,sgd,0.0,16,glorot,"(-0.7, 0.7)",30,0.08806524942510703,0.7352941176470589,467
[3],0.12999999999999998,0.012,0.008,0.2,0.4,sigmoid,adam,0.03,8,xavier,"(-0.1, 0.1)",30,0.08822786057250505,0.9705882352941176,468
[5],0.01,0.014,0.006,0.2,0.4,sigmoid,sgd,0.01,32,glorot,"(-0.1, 0.1)",20,0.11601968719717107,0.6764705882352942,469
[5],0.18999999999999997,0.018000000000000002,0.0,0.2,0.7000000000000001,sigmoid,sgd,0.02,16,glorot,"(-0.7, 0.7)",20,0.10794902660709255,0.6764705882352942,470
[3],0.06999999999999999,0.014,0.0,0.2,0.7000000000000001,sigmoid,sgd,0.0,64,gaussian,"(-0.1, 0.1)",35,0.1107730912059492,0.6764705882352942,471
[3],0.08999999999999998,0.002,0.008,0.0,0.30000000000000004,tanh,adam,0.01,8,gaussian,"(-0.5, 0.5)",20,0.037435345894980335,0.9705882352941176,472
[5],0.16999999999999998,0.0,0.0,0.2,0.6000000000000001,tanh,adam,0.04,16,xavier,"(-0.1, 0.1)",30,0.034274737090843374,0.9411764705882353,473
[5],0.16999999999999998,0.016,0.002,0.2,0.7000000000000001,tanh,adam,0.0,16,gaussian,"(-0.1, 0.1)",30,0.11265788447222434,0.9705882352941176,474
[3],0.12999999999999998,0.014,0.004,0.15000000000000002,0.1,sigmoid,sgd,0.03,8,he,"(-0.7, 0.7)",30,0.11169008326109715,0.6764705882352942,475
[3],0.03,0.004,0.008,0.15000000000000002,0.4,sigmoid,adam,0.04,16,glorot,"(-0.7, 0.7)",30,0.07875115660882061,0.7941176470588235,476
[6],0.01,0.008,0.0,0.2,0.5,sigmoid,sgd,0.02,8,range,"(-0.5, 0.5)",20,0.11356696151189898,0.6764705882352942,477
[5],0.12999999999999998,0.0,0.006,0.2,0.30000000000000004,sigmoid,adam,0.02,16,he,"(-0.7, 0.7)",30,0.026472110637747966,1.0,478
[5],0.03,0.014,0.008,0.25,0.6000000000000001,sigmoid,adam,0.0,64,he,"(-0.7, 0.7)",30,0.10587522192409318,0.6764705882352942,479
[6],0.16999999999999998,0.006,0.004,0.2,0.6000000000000001,sigmoid,adam,0.03,32,xavier,"(-0.1, 0.1)",30,0.09806172613535839,0.9411764705882353,480
[3],0.049999999999999996,0.016,0.004,0.0,0.6000000000000001,sigmoid,sgd,0.02,16,glorot,"(-0.5, 0.5)",35,0.11302113067373717,0.6764705882352942,481
[4],0.01,0.016,0.008,0.05,0.4,tanh,sgd,0.04,8,glorot,"(-0.1, 0.1)",30,0.11178955614089187,0.6764705882352942,482
[6],0.15,0.004,0.008,0.15000000000000002,0.1,tanh,sgd,0.04,8,gaussian,"(-0.5, 0.5)",20,0.11555242207659021,0.6470588235294118,483
[4],0.03,0.018000000000000002,0.002,0.1,0.2,sigmoid,adam,0.0,16,xavier,"(-0.5, 0.5)",35,0.09154258891837085,0.9705882352941176,484
[6],0.01,0.01,0.002,0.05,0.0,tanh,adam,0.04,8,glorot,"(-0.5, 0.5)",35,0.07292026129553464,0.7058823529411765,485
[3],0.049999999999999996,0.01,0.004,0.1,0.7000000000000001,sigmoid,adam,0.0,8,glorot,"(-0.5, 0.5)",35,0.08502061900403218,0.8823529411764706,486
[3],0.06999999999999999,0.008,0.004,0.0,0.6000000000000001,tanh,sgd,0.03,64,gaussian,"(-0.7, 0.7)",20,0.12142270338056163,0.6764705882352942,487
[5],0.18999999999999997,0.016,0.008,0.2,0.0,sigmoid,adam,0.03,16,gaussian,"(-0.5, 0.5)",20,0.10509191496674203,0.6176470588235294,488
[6],0.08999999999999998,0.012,0.008,0.0,0.30000000000000004,tanh,sgd,0.03,64,he,"(-0.7, 0.7)",30,0.11363718784740896,0.6764705882352942,489
[4],0.18999999999999997,0.012,0.008,0.2,0.7000000000000001,tanh,adam,0.04,32,gaussian,"(-0.5, 0.5)",30,0.09505600276275296,0.9117647058823529,490
[5],0.10999999999999997,0.0,0.0,0.0,0.2,sigmoid,sgd,0.03,32,xavier,"(-0.7, 0.7)",30,0.11203575499530001,0.6764705882352942,491
[3],0.10999999999999997,0.002,0.0,0.15000000000000002,0.1,tanh,sgd,0.01,64,xavier,"(-0.5, 0.5)",30,0.10926136398094799,0.6764705882352942,492
[4],0.12999999999999998,0.004,0.0,0.2,0.4,tanh,adam,0.04,8,glorot,"(-0.5, 0.5)",20,0.023676524066507047,1.0,493
[3],0.01,0.018000000000000002,0.008,0.1,0.2,tanh,adam,0.01,8,he,"(-0.5, 0.5)",30,0.07382875669664656,0.8529411764705882,494
[5],0.16999999999999998,0.018000000000000002,0.006,0.15000000000000002,0.7000000000000001,tanh,sgd,0.02,64,he,"(-0.1, 0.1)",20,0.10783676589891342,0.6470588235294118,495
[5],0.10999999999999997,0.012,0.004,0.15000000000000002,0.7000000000000001,tanh,sgd,0.04,64,he,"(-0.5, 0.5)",20,0.10954363760768705,0.6470588235294118,496
[4],0.16999999999999998,0.018000000000000002,0.0,0.15000000000000002,0.2,sigmoid,adam,0.02,64,glorot,"(-0.1, 0.1)",35,0.12088286108389559,0.8529411764705882,497
[4],0.12999999999999998,0.01,0.004,0.0,0.1,tanh,adam,0.04,32,xavier,"(-0.1, 0.1)",20,0.0437694501632075,1.0,498
[6],0.049999999999999996,0.004,0.0,0.05,0.2,tanh,sgd,0.03,64,glorot,"(-0.7, 0.7)",35,0.1148722956955056,0.6470588235294118,499
[6],0.08999999999999998,0.012,0.002,0.1,0.1,tanh,sgd,0.0,8,xavier,"(-0.5, 0.5)",35,0.0816867498061226,0.7647058823529411,500
[3],0.03,0.01,0.008,0.1,0.8,tanh,sgd,0.0,8,gaussian,"(-0.5, 0.5)",35,0.1164673102746223,0.6764705882352942,501
[6],0.15,0.014,0.008,0.05,0.30000000000000004,sigmoid,sgd,0.04,32,glorot,"(-0.1, 0.1)",30,0.11563613173932412,0.6764705882352942,502
[6],0.049999999999999996,0.012,0.004,0.05,0.6000000000000001,sigmoid,sgd,0.0,16,gaussian,"(-0.1, 0.1)",35,0.11177431059857292,0.6764705882352942,503
[5],0.06999999999999999,0.014,0.004,0.05,0.6000000000000001,tanh,adam,0.04,8,glorot,"(-0.7, 0.7)",30,0.04902235955561624,1.0,504
[4],0.10999999999999997,0.008,0.008,0.05,0.4,sigmoid,sgd,0.04,16,range,"(-0.5, 0.5)",30,0.11282025706350379,0.6764705882352942,505
[5],0.08999999999999998,0.0,0.0,0.25,0.6000000000000001,tanh,adam,0.02,32,glorot,"(-0.5, 0.5)",35,0.05748221993763234,0.8823529411764706,506
[4],0.06999999999999999,0.002,0.0,0.05,0.30000000000000004,sigmoid,adam,0.02,64,range,"(-0.7, 0.7)",20,0.05797100227817367,0.8529411764705882,507
[6],0.15,0.012,0.002,0.05,0.4,sigmoid,adam,0.01,8,xavier,"(-0.7, 0.7)",35,0.08248984432753068,1.0,508
[6],0.049999999999999996,0.002,0.006,0.1,0.0,sigmoid,sgd,0.04,64,xavier,"(-0.1, 0.1)",30,0.11450688477602665,0.6764705882352942,509
[5],0.06999999999999999,0.0,0.006,0.2,0.30000000000000004,tanh,sgd,0.02,16,he,"(-0.1, 0.1)",30,0.10874322363258834,0.7058823529411765,510
[3],0.01,0.002,0.008,0.0,0.6000000000000001,tanh,adam,0.04,32,range,"(-0.1, 0.1)",30,0.10742558785418013,0.6764705882352942,511
[5],0.049999999999999996,0.008,0.004,0.1,0.5,tanh,adam,0.03,8,range,"(-0.1, 0.1)",35,0.04565289677236032,0.9705882352941176,512
[5],0.03,0.014,0.008,0.2,0.30000000000000004,tanh,sgd,0.0,32,xavier,"(-0.7, 0.7)",35,0.11491274607656672,0.6764705882352942,513
[3],0.049999999999999996,0.016,0.006,0.2,0.8,tanh,adam,0.04,64,range,"(-0.7, 0.7)",35,0.10123569781881665,0.7941176470588235,514
[4],0.18999999999999997,0.0,0.004,0.1,0.7000000000000001,sigmoid,adam,0.0,32,glorot,"(-0.7, 0.7)",20,0.012947560997877229,1.0,515
[5],0.12999999999999998,0.006,0.0,0.0,0.8,tanh,adam,0.01,32,xavier,"(-0.1, 0.1)",35,0.022190899299954495,1.0,516
[4],0.18999999999999997,0.014,0.002,0.2,0.30000000000000004,sigmoid,sgd,0.01,8,range,"(-0.5, 0.5)",20,0.10765000127354088,0.6764705882352942,517
[6],0.049999999999999996,0.018000000000000002,0.002,0.05,0.8,sigmoid,sgd,0.01,16,gaussian,"(-0.1, 0.1)",20,0.11058055533272657,0.6764705882352942,518
[3],0.049999999999999996,0.006,0.002,0.0,0.0,sigmoid,adam,0.03,64,glorot,"(-0.1, 0.1)",20,0.08931561822885807,0.7058823529411765,519
[3],0.16999999999999998,0.018000000000000002,0.008,0.25,0.7000000000000001,tanh,sgd,0.0,8,he,"(-0.1, 0.1)",30,0.0470986748400853,1.0,520
[6],0.03,0.008,0.0,0.25,0.30000000000000004,tanh,adam,0.01,8,range,"(-0.7, 0.7)",20,0.033751909527036196,1.0,521
[6],0.08999999999999998,0.012,0.008,0.25,0.2,sigmoid,adam,0.02,64,range,"(-0.5, 0.5)",35,0.10359852844224018,0.7647058823529411,522
[3],0.01,0.0,0.002,0.25,0.0,tanh,adam,0.01,8,he,"(-0.5, 0.5)",30,0.06838359283091197,0.7647058823529411,523
[6],0.15,0.002,0.004,0.0,0.0,tanh,adam,0.03,64,he,"(-0.1, 0.1)",20,0.019284079510771608,1.0,524
[3],0.12999999999999998,0.01,0.004,0.0,0.1,sigmoid,adam,0.0,64,range,"(-0.5, 0.5)",20,0.07172462244252019,1.0,525
[6],0.18999999999999997,0.018000000000000002,0.004,0.2,0.7000000000000001,sigmoid,sgd,0.02,16,glorot,"(-0.5, 0.5)",35,0.10879523914929125,0.6764705882352942,526
[4],0.08999999999999998,0.016,0.002,0.15000000000000002,0.8,tanh,sgd,0.03,64,gaussian,"(-0.7, 0.7)",20,0.12790577901960082,0.6764705882352942,527
[6],0.16999999999999998,0.016,0.008,0.25,0.1,tanh,adam,0.04,8,he,"(-0.1, 0.1)",30,0.05289629781564879,1.0,528
[6],0.049999999999999996,0.01,0.006,0.0,0.7000000000000001,tanh,sgd,0.04,16,xavier,"(-0.1, 0.1)",20,0.10585653832183177,0.6764705882352942,529
[4],0.12999999999999998,0.01,0.006,0.25,0.8,sigmoid,adam,0.0,32,gaussian,"(-0.7, 0.7)",20,0.08468056665022226,0.9705882352941176,530
[5],0.049999999999999996,0.002,0.006,0.1,0.5,tanh,sgd,0.03,64,glorot,"(-0.5, 0.5)",35,0.11098146890298011,0.6764705882352942,531
[3],0.049999999999999996,0.014,0.004,0.15000000000000002,0.2,sigmoid,sgd,0.04,16,he,"(-0.1, 0.1)",35,0.11303950710653096,0.6764705882352942,532
[6],0.049999999999999996,0.012,0.004,0.05,0.2,sigmoid,adam,0.02,8,glorot,"(-0.1, 0.1)",35,0.07200814695416452,1.0,533
[5],0.10999999999999997,0.008,0.002,0.0,0.8,tanh,adam,0.02,64,gaussian,"(-0.5, 0.5)",30,0.04825777306001528,0.9705882352941176,534
[4],0.01,0.018000000000000002,0.002,0.05,0.5,tanh,sgd,0.04,8,gaussian,"(-0.1, 0.1)",35,0.11264197840790184,0.6764705882352942,535
[6],0.06999999999999999,0.01,0.006,0.1,0.0,tanh,sgd,0.01,16,he,"(-0.5, 0.5)",20,0.10819187324394625,0.7058823529411765,536
[4],0.16999999999999998,0.018000000000000002,0.004,0.25,0.4,sigmoid,sgd,0.0,64,range,"(-0.7, 0.7)",35,0.1152874282568325,0.6764705882352942,537
[4],0.049999999999999996,0.008,0.006,0.05,0.1,sigmoid,adam,0.0,64,range,"(-0.5, 0.5)",20,0.08001286185887146,0.8235294117647058,538
[6],0.03,0.0,0.004,0.2,0.0,sigmoid,sgd,0.04,32,gaussian,"(-0.7, 0.7)",20,0.12064474518462634,0.6764705882352942,539
[6],0.03,0.002,0.004,0.05,0.6000000000000001,sigmoid,sgd,0.02,16,glorot,"(-0.1, 0.1)",35,0.11339545733645214,0.6764705882352942,540
[4],0.06999999999999999,0.0,0.0,0.15000000000000002,0.1,tanh,adam,0.0,8,glorot,"(-0.5, 0.5)",35,0.001520473335759718,1.0,541
[3],0.16999999999999998,0.018000000000000002,0.004,0.2,0.5,tanh,sgd,0.01,64,glorot,"(-0.7, 0.7)",35,0.11434872761106508,0.6470588235294118,542
[4],0.12999999999999998,0.01,0.002,0.2,0.4,tanh,adam,0.0,64,gaussian,"(-0.7, 0.7)",35,0.08415485493441582,0.8235294117647058,543
[4],0.15,0.006,0.004,0.2,0.1,sigmoid,sgd,0.0,32,he,"(-0.1, 0.1)",20,0.11177553052928221,0.6764705882352942,544
[5],0.16999999999999998,0.018000000000000002,0.006,0.05,0.2,sigmoid,adam,0.02,16,he,"(-0.5, 0.5)",30,0.10994973234183318,0.6764705882352942,545
[4],0.10999999999999997,0.004,0.006,0.2,0.0,tanh,adam,0.04,64,gaussian,"(-0.7, 0.7)",30,0.06468822351175525,0.9117647058823529,546
[6],0.06999999999999999,0.018000000000000002,0.008,0.05,0.4,tanh,sgd,0.04,32,xavier,"(-0.5, 0.5)",20,0.11009495967102625,0.6764705882352942,547
[6],0.08999999999999998,0.012,0.002,0.2,0.0,tanh,adam,0.0,64,glorot,"(-0.5, 0.5)",35,0.10954144384697827,0.7352941176470589,548
[3],0.12999999999999998,0.01,0.006,0.2,0.5,tanh,sgd,0.02,64,xavier,"(-0.1, 0.1)",35,0.10893366055970789,0.6764705882352942,549
[4],0.01,0.018000000000000002,0.0,0.2,0.5,tanh,sgd,0.0,64,he,"(-0.7, 0.7)",20,0.12059591199427036,0.6176470588235294,550
[3],0.06999999999999999,0.002,0.0,0.0,0.7000000000000001,tanh,sgd,0.04,8,xavier,"(-0.5, 0.5)",30,0.0569452325217344,0.8823529411764706,551
[6],0.12999999999999998,0.0,0.002,0.05,0.0,tanh,adam,0.01,32,he,"(-0.7, 0.7)",20,0.005953319274388981,1.0,552
[4],0.01,0.002,0.002,0.05,0.7000000000000001,tanh,adam,0.0,8,xavier,"(-0.5, 0.5)",35,0.02176842562183263,1.0,553
[3],0.03,0.01,0.0,0.1,0.30000000000000004,sigmoid,adam,0.04,32,glorot,"(-0.7, 0.7)",35,0.08874435793498862,0.7058823529411765,554
[5],0.01,0.014,0.004,0.0,0.7000000000000001,sigmoid,adam,0.01,16,glorot,"(-0.7, 0.7)",35,0.09675825213289387,0.6764705882352942,555
[3],0.10999999999999997,0.018000000000000002,0.004,0.25,0.0,sigmoid,sgd,0.0,8,glorot,"(-0.5, 0.5)",35,0.11129599656831768,0.6764705882352942,556
[4],0.08999999999999998,0.0,0.002,0.25,0.1,sigmoid,adam,0.02,16,gaussian,"(-0.1, 0.1)",30,0.03908719914209596,0.9411764705882353,557
[3],0.16999999999999998,0.018000000000000002,0.004,0.0,0.1,tanh,sgd,0.01,32,range,"(-0.7, 0.7)",20,0.1169906592682752,0.6176470588235294,558
[5],0.10999999999999997,0.006,0.004,0.25,0.5,sigmoid,sgd,0.02,64,gaussian,"(-0.1, 0.1)",20,0.1121142560741054,0.6764705882352942,559
[6],0.15,0.018000000000000002,0.008,0.0,0.0,tanh,adam,0.04,8,gaussian,"(-0.7, 0.7)",30,0.04329351034291793,1.0,560
[6],0.15,0.008,0.0,0.25,0.30000000000000004,tanh,adam,0.01,16,xavier,"(-0.7, 0.7)",30,0.05570515774607366,1.0,561
[5],0.18999999999999997,0.01,0.002,0.0,0.0,tanh,adam,0.03,64,xavier,"(-0.5, 0.5)",30,0.03211154015361187,1.0,562
[3],0.06999999999999999,0.004,0.004,0.0,0.1,tanh,sgd,0.03,32,he,"(-0.1, 0.1)",30,0.1114667525339874,0.6764705882352942,563
[4],0.08999999999999998,0.002,0.006,0.2,0.4,sigmoid,sgd,0.01,16,xavier,"(-0.1, 0.1)",30,0.11163385287481292,0.6764705882352942,564
[5],0.03,0.002,0.0,0.25,0.0,sigmoid,adam,0.0,32,xavier,"(-0.1, 0.1)",35,0.06345077461663776,0.8529411764705882,565
[6],0.16999999999999998,0.008,0.002,0.0,0.2,sigmoid,sgd,0.03,64,glorot,"(-0.1, 0.1)",20,0.11381095350006173,0.6764705882352942,566
[3],0.08999999999999998,0.01,0.006,0.1,0.8,tanh,adam,0.04,16,gaussian,"(-0.1, 0.1)",35,0.04697005194016608,0.9705882352941176,567
[6],0.08999999999999998,0.004,0.006,0.0,0.30000000000000004,sigmoid,adam,0.01,8,xavier,"(-0.5, 0.5)",30,0.038442939776954094,1.0,568
[5],0.16999999999999998,0.004,0.0,0.1,0.7000000000000001,tanh,sgd,0.04,16,gaussian,"(-0.5, 0.5)",20,0.11276992433868276,0.6764705882352942,569
[3],0.10999999999999997,0.004,0.002,0.25,0.8,sigmoid,sgd,0.01,64,xavier,"(-0.1, 0.1)",35,0.11053093280611809,0.6764705882352942,570
[4],0.03,0.01,0.008,0.0,0.8,tanh,sgd,0.02,8,glorot,"(-0.1, 0.1)",20,0.06933472434390478,0.8235294117647058,571
[6],0.06999999999999999,0.016,0.004,0.1,0.8,sigmoid,adam,0.04,64,glorot,"(-0.1, 0.1)",35,0.09697741152895775,0.7352941176470589,572
[3],0.12999999999999998,0.016,0.008,0.0,0.0,tanh,sgd,0.03,16,gaussian,"(-0.7, 0.7)",30,0.12890980863964746,0.6764705882352942,573
[4],0.16999999999999998,0.018000000000000002,0.006,0.05,0.8,tanh,adam,0.02,8,gaussian,"(-0.7, 0.7)",20,0.04840378718472897,1.0,574
[4],0.15,0.004,0.0,0.0,0.2,sigmoid,adam,0.04,16,xavier,"(-0.1, 0.1)",35,0.03432391798735891,1.0,575
[4],0.01,0.008,0.0,0.1,0.4,tanh,adam,0.01,16,range,"(-0.7, 0.7)",20,0.02962793955483283,1.0,576
[3],0.12999999999999998,0.01,0.008,0.2,0.30000000000000004,sigmoid,sgd,0.0,16,gaussian,"(-0.7, 0.7)",20,0.12354151703082486,0.6764705882352942,577
[3],0.08999999999999998,0.004,0.002,0.05,0.2,tanh,adam,0.02,16,gaussian,"(-0.1, 0.1)",30,0.031842665201484543,0.9705882352941176,578
[4],0.01,0.004,0.008,0.0,0.6000000000000001,tanh,sgd,0.03,32,glorot,"(-0.1, 0.1)",20,0.11347661796111555,0.6764705882352942,579
[3],0.10999999999999997,0.018000000000000002,0.002,0.15000000000000002,0.7000000000000001,tanh,adam,0.03,8,range,"(-0.7, 0.7)",20,0.04468879036725802,1.0,580
[4],0.03,0.0,0.002,0.2,0.1,tanh,sgd,0.03,32,glorot,"(-0.7, 0.7)",20,0.10964504858535681,0.6764705882352942,581
[4],0.18999999999999997,0.016,0.002,0.0,0.0,tanh,sgd,0.04,32,gaussian,"(-0.7, 0.7)",30,0.12812802943544851,0.6764705882352942,582
[6],0.049999999999999996,0.004,0.008,0.0,0.30000000000000004,sigmoid,adam,0.03,8,range,"(-0.1, 0.1)",30,0.04412043131150374,1.0,583
[6],0.16999999999999998,0.01,0.006,0.15000000000000002,0.7000000000000001,sigmoid,adam,0.01,64,xavier,"(-0.1, 0.1)",35,0.09695529556027606,1.0,584
[6],0.10999999999999997,0.01,0.0,0.1,0.4,tanh,adam,0.0,64,glorot,"(-0.5, 0.5)",20,0.04352745094629313,1.0,585
[5],0.18999999999999997,0.006,0.002,0.2,0.6000000000000001,tanh,sgd,0.02,64,xavier,"(-0.5, 0.5)",20,0.10602091738260734,0.7352941176470589,586
[4],0.049999999999999996,0.012,0.002,0.15000000000000002,0.1,sigmoid,adam,0.01,32,xavier,"(-0.5, 0.5)",35,0.08468605968000537,0.8823529411764706,587
[4],0.10999999999999997,0.016,0.004,0.1,0.2,sigmoid,sgd,0.04,64,range,"(-0.7, 0.7)",35,0.11589883443800744,0.6764705882352942,588
[3],0.18999999999999997,0.012,0.002,0.25,0.30000000000000004,tanh,sgd,0.04,64,he,"(-0.1, 0.1)",20,0.10987784400927755,0.6764705882352942,589
[5],0.06999999999999999,0.004,0.004,0.15000000000000002,0.2,tanh,sgd,0.02,16,xavier,"(-0.1, 0.1)",30,0.10868003702573832,0.7058823529411765,590
[4],0.01,0.006,0.0,0.0,0.5,tanh,adam,0.0,32,he,"(-0.5, 0.5)",30,0.06484169412044301,0.8235294117647058,591
[6],0.18999999999999997,0.008,0.006,0.1,0.7000000000000001,tanh,adam,0.02,16,he,"(-0.1, 0.1)",30,0.04693253053980002,1.0,592
[5],0.18999999999999997,0.014,0.004,0.15000000000000002,0.6000000000000001,tanh,sgd,0.03,16,he,"(-0.1, 0.1)",20,0.07878466852597701,0.7647058823529411,593
[4],0.10999999999999997,0.008,0.004,0.0,0.8,sigmoid,adam,0.04,32,range,"(-0.1, 0.1)",30,0.06610854519164332,1.0,594
[4],0.12999999999999998,0.018000000000000002,0.002,0.1,0.5,tanh,adam,0.02,64,xavier,"(-0.1, 0.1)",20,0.10710143023455382,0.8235294117647058,595
[3],0.15,0.008,0.002,0.05,0.5,sigmoid,adam,0.01,64,gaussian,"(-0.5, 0.5)",20,0.05252560235715172,1.0,596
[5],0.16999999999999998,0.018000000000000002,0.002,0.05,0.2,tanh,sgd,0.02,32,he,"(-0.1, 0.1)",35,0.10797693740007404,0.6764705882352942,597
[3],0.15,0.018000000000000002,0.006,0.05,0.7000000000000001,sigmoid,sgd,0.0,8,range,"(-0.7, 0.7)",35,0.10496726484339546,0.6764705882352942,598
[3],0.15,0.016,0.004,0.05,0.2,sigmoid,sgd,0.02,64,gaussian,"(-0.7, 0.7)",30,0.12646945200045726,0.6764705882352942,599
[5],0.049999999999999996,0.006,0.004,0.25,0.4,sigmoid,adam,0.04,64,he,"(-0.5, 0.5)",35,0.09793672025674205,0.7352941176470589,600
[6],0.01,0.002,0.006,0.05,0.2,sigmoid,adam,0.02,16,xavier,"(-0.5, 0.5)",30,0.10847094335254732,0.7058823529411765,601
[6],0.049999999999999996,0.018000000000000002,0.006,0.15000000000000002,0.5,tanh,sgd,0.01,64,gaussian,"(-0.1, 0.1)",30,0.11218807477569351,0.6764705882352942,602
[3],0.01,0.01,0.002,0.15000000000000002,0.8,sigmoid,sgd,0.02,32,range,"(-0.7, 0.7)",20,0.11452392444725841,0.6764705882352942,603
[3],0.01,0.004,0.006,0.25,0.2,sigmoid,sgd,0.02,16,he,"(-0.5, 0.5)",35,0.11493270115315606,0.6764705882352942,604
[4],0.03,0.012,0.0,0.2,0.4,sigmoid,sgd,0.01,64,range,"(-0.7, 0.7)",35,0.11512664160496412,0.6764705882352942,605
[3],0.15,0.004,0.0,0.05,0.1,sigmoid,adam,0.04,32,he,"(-0.7, 0.7)",20,0.04146223516991758,1.0,606
[6],0.049999999999999996,0.0,0.008,0.25,0.2,tanh,sgd,0.02,16,he,"(-0.7, 0.7)",30,0.1088851044608,0.7058823529411765,607
[4],0.06999999999999999,0.004,0.002,0.05,0.7000000000000001,sigmoid,sgd,0.04,16,gaussian,"(-0.5, 0.5)",30,0.11525216032350835,0.6764705882352942,608
[6],0.06999999999999999,0.01,0.002,0.05,0.30000000000000004,tanh,adam,0.0,32,gaussian,"(-0.5, 0.5)",30,0.04161161499659526,1.0,609
[3],0.01,0.016,0.006,0.0,0.8,sigmoid,adam,0.04,64,gaussian,"(-0.7, 0.7)",20,0.11982748549522497,0.6764705882352942,610
[4],0.12999999999999998,0.0,0.0,0.0,0.7000000000000001,sigmoid,sgd,0.03,8,he,"(-0.7, 0.7)",35,0.061487587243558295,0.8235294117647058,611
[4],0.16999999999999998,0.016,0.002,0.25,0.1,tanh,adam,0.02,32,glorot,"(-0.5, 0.5)",20,0.08738123352988883,0.9117647058823529,612
[5],0.15,0.008,0.002,0.05,0.30000000000000004,sigmoid,sgd,0.01,16,range,"(-0.1, 0.1)",35,0.11058488897965373,0.6764705882352942,613
[3],0.18999999999999997,0.008,0.004,0.05,0.5,sigmoid,sgd,0.01,32,glorot,"(-0.1, 0.1)",30,0.11062108884159351,0.6764705882352942,614
[4],0.18999999999999997,0.01,0.002,0.1,0.0,tanh,sgd,0.03,16,gaussian,"(-0.7, 0.7)",20,0.12179014613906439,0.6764705882352942,615
[3],0.08999999999999998,0.012,0.006,0.1,0.1,sigmoid,sgd,0.03,32,xavier,"(-0.7, 0.7)",30,0.11228465133536072,0.6764705882352942,616
[3],0.16999999999999998,0.01,0.002,0.0,0.1,sigmoid,adam,0.01,64,gaussian,"(-0.7, 0.7)",30,0.06647636055916067,1.0,617
[6],0.06999999999999999,0.018000000000000002,0.006,0.25,0.5,tanh,sgd,0.02,32,glorot,"(-0.1, 0.1)",30,0.11238485888012793,0.6764705882352942,618
[5],0.08999999999999998,0.018000000000000002,0.0,0.05,0.1,tanh,sgd,0.03,32,gaussian,"(-0.1, 0.1)",35,0.1113388980441622,0.6764705882352942,619
[5],0.10999999999999997,0.012,0.004,0.0,0.1,tanh,sgd,0.04,32,glorot,"(-0.7, 0.7)",30,0.10854242423985017,0.6764705882352942,620
[5],0.049999999999999996,0.0,0.006,0.0,0.2,sigmoid,adam,0.01,64,xavier,"(-0.7, 0.7)",20,0.06215080005134566,0.8235294117647058,621
[3],0.18999999999999997,0.014,0.0,0.05,0.1,sigmoid,adam,0.0,16,range,"(-0.1, 0.1)",35,0.08354329465979504,1.0,622
[6],0.18999999999999997,0.012,0.006,0.2,0.7000000000000001,tanh,sgd,0.04,64,xavier,"(-0.1, 0.1)",20,0.10507954828029559,0.6470588235294118,623
[6],0.15,0.014,0.002,0.0,0.2,sigmoid,adam,0.03,8,glorot,"(-0.5, 0.5)",35,0.0731035238109127,1.0,624
[6],0.16999999999999998,0.012,0.004,0.05,0.30000000000000004,tanh,sgd,0.0,8,glorot,"(-0.5, 0.5)",30,0.04390101185062747,0.9411764705882353,625
[4],0.01,0.016,0.008,0.25,0.5,sigmoid,sgd,0.0,16,gaussian,"(-0.1, 0.1)",20,0.11465467761841718,0.6764705882352942,626
[3],0.10999999999999997,0.0,0.004,0.15000000000000002,0.6000000000000001,tanh,adam,0.04,64,he,"(-0.5, 0.5)",20,0.08148037835578628,0.7647058823529411,627
[3],0.01,0.004,0.006,0.2,0.7000000000000001,tanh,adam,0.02,64,glorot,"(-0.5, 0.5)",30,0.11287253435552112,0.6764705882352942,628
[6],0.18999999999999997,0.014,0.004,0.0,0.6000000000000001,sigmoid,adam,0.02,64,gaussian,"(-0.5, 0.5)",30,0.08698049273002037,0.9705882352941176,629
[3],0.01,0.012,0.002,0.1,0.5,sigmoid,adam,0.01,8,range,"(-0.7, 0.7)",30,0.08854696757135684,0.7941176470588235,630
[5],0.18999999999999997,0.012,0.008,0.05,0.7000000000000001,tanh,sgd,0.0,32,xavier,"(-0.7, 0.7)",35,0.08488756654445109,0.7941176470588235,631
[6],0.06999999999999999,0.01,0.002,0.0,0.5,tanh,sgd,0.01,32,he,"(-0.1, 0.1)",20,0.1062495504446276,0.7058823529411765,632
[4],0.15,0.012,0.002,0.15000000000000002,0.4,sigmoid,sgd,0.02,32,range,"(-0.7, 0.7)",35,0.11317374042119419,0.6764705882352942,633
[5],0.18999999999999997,0.012,0.004,0.1,0.6000000000000001,tanh,sgd,0.02,32,he,"(-0.5, 0.5)",35,0.09507355475074497,0.6176470588235294,634
[4],0.08999999999999998,0.008,0.0,0.1,0.1,tanh,sgd,0.04,16,he,"(-0.5, 0.5)",35,0.09182361335752612,0.7058823529411765,635
[6],0.08999999999999998,0.006,0.008,0.1,0.6000000000000001,tanh,sgd,0.04,16,xavier,"(-0.1, 0.1)",20,0.10240116314456188,0.6764705882352942,636
[5],0.16999999999999998,0.012,0.002,0.2,0.7000000000000001,sigmoid,adam,0.0,16,xavier,"(-0.1, 0.1)",20,0.09188420288471427,0.8529411764705882,637
[6],0.049999999999999996,0.0,0.002,0.0,0.7000000000000001,sigmoid,adam,0.02,32,range,"(-0.5, 0.5)",20,0.027248145557978852,0.8823529411764706,638
[5],0.12999999999999998,0.01,0.004,0.15000000000000002,0.2,sigmoid,sgd,0.01,8,gaussian,"(-0.5, 0.5)",30,0.1192811855996224,0.6764705882352942,639
[6],0.08999999999999998,0.012,0.0,0.05,0.30000000000000004,sigmoid,sgd,0.01,32,gaussian,"(-0.1, 0.1)",20,0.1112867304858497,0.6764705882352942,640
[4],0.15,0.01,0.006,0.1,0.8,tanh,sgd,0.02,32,glorot,"(-0.1, 0.1)",35,0.0603335909361411,0.8823529411764706,641
[6],0.03,0.018000000000000002,0.008,0.05,0.1,tanh,adam,0.04,32,xavier,"(-0.5, 0.5)",35,0.0686619979409762,0.8823529411764706,642
[5],0.12999999999999998,0.012,0.002,0.0,0.1,sigmoid,adam,0.0,16,he,"(-0.1, 0.1)",20,0.08035191102165118,1.0,643
[6],0.049999999999999996,0.004,0.0,0.05,0.30000000000000004,tanh,adam,0.02,16,he,"(-0.5, 0.5)",20,0.04776942829439989,0.9117647058823529,644
[3],0.01,0.008,0.002,0.25,0.7000000000000001,tanh,adam,0.04,8,gaussian,"(-0.7, 0.7)",35,0.08546075312669943,0.7941176470588235,645
[5],0.049999999999999996,0.018000000000000002,0.004,0.15000000000000002,0.0,sigmoid,sgd,0.03,64,he,"(-0.1, 0.1)",30,0.11744433554299552,0.6764705882352942,646
[5],0.06999999999999999,0.0,0.004,0.05,0.5,sigmoid,sgd,0.01,32,gaussian,"(-0.1, 0.1)",20,0.11199876659199054,0.6764705882352942,647
[5],0.12999999999999998,0.012,0.004,0.05,0.7000000000000001,tanh,sgd,0.01,16,xavier,"(-0.7, 0.7)",20,0.06262907812675404,0.9117647058823529,648
[4],0.01,0.004,0.0,0.05,0.5,tanh,sgd,0.01,16,gaussian,"(-0.1, 0.1)",20,0.11305677318148168,0.6764705882352942,649
[4],0.06999999999999999,0.008,0.006,0.15000000000000002,0.7000000000000001,sigmoid,sgd,0.03,64,he,"(-0.1, 0.1)",30,0.1141501872588808,0.6470588235294118,650
[6],0.049999999999999996,0.014,0.008,0.2,0.5,tanh,sgd,0.0,16,he,"(-0.7, 0.7)",30,0.10310940397005144,0.7352941176470589,651
[4],0.01,0.002,0.002,0.05,0.8,tanh,adam,0.01,16,gaussian,"(-0.1, 0.1)",30,0.06722794673079487,0.7941176470588235,652
[4],0.01,0.004,0.008,0.1,0.7000000000000001,sigmoid,sgd,0.0,64,xavier,"(-0.1, 0.1)",35,0.11585427583522934,0.6764705882352942,653
[4],0.08999999999999998,0.0,0.004,0.0,0.7000000000000001,tanh,adam,0.04,64,gaussian,"(-0.5, 0.5)",35,0.02166068186692502,0.9705882352941176,654
[6],0.10999999999999997,0.008,0.006,0.0,0.2,tanh,sgd,0.03,32,range,"(-0.1, 0.1)",35,0.11015936319164499,0.6764705882352942,655
[6],0.049999999999999996,0.014,0.002,0.1,0.8,sigmoid,sgd,0.01,32,range,"(-0.1, 0.1)",35,0.1100071508599456,0.6764705882352942,656
[5],0.12999999999999998,0.012,0.008,0.1,0.4,sigmoid,sgd,0.03,16,xavier,"(-0.5, 0.5)",35,0.11341146542078605,0.6764705882352942,657
[3],0.049999999999999996,0.002,0.002,0.0,0.1,sigmoid,sgd,0.04,64,range,"(-0.1, 0.1)",20,0.11326720418032082,0.6764705882352942,658
[5],0.16999999999999998,0.012,0.008,0.0,0.1,tanh,sgd,0.03,32,gaussian,"(-0.7, 0.7)",20,0.13218148643257516,0.6764705882352942,659
[4],0.10999999999999997,0.002,0.008,0.2,0.4,tanh,sgd,0.04,32,gaussian,"(-0.5, 0.5)",20,0.11704183872562542,0.6764705882352942,660
[4],0.049999999999999996,0.004,0.006,0.15000000000000002,0.4,sigmoid,sgd,0.04,64,xavier,"(-0.1, 0.1)",20,0.1141653746895526,0.6764705882352942,661
[5],0.08999999999999998,0.004,0.002,0.0,0.6000000000000001,sigmoid,adam,0.02,32,range,"(-0.7, 0.7)",30,0.041099779032981384,1.0,662
[4],0.06999999999999999,0.0,0.008,0.05,0.30000000000000004,tanh,adam,0.02,64,gaussian,"(-0.5, 0.5)",35,0.06378778056536359,0.7941176470588235,663
[6],0.16999999999999998,0.018000000000000002,0.008,0.1,0.0,tanh,adam,0.0,16,gaussian,"(-0.5, 0.5)",35,0.09702285564796499,1.0,664
[6],0.16999999999999998,0.01,0.0,0.2,0.5,sigmoid,adam,0.03,32,range,"(-0.7, 0.7)",20,0.08833520298397166,1.0,665
[6],0.12999999999999998,0.006,0.002,0.2,0.5,tanh,sgd,0.02,16,glorot,"(-0.5, 0.5)",30,0.10343536449693469,0.7058823529411765,666
[5],0.049999999999999996,0.004,0.004,0.2,0.2,sigmoid,adam,0.0,64,he,"(-0.7, 0.7)",20,0.07591378467475049,0.7352941176470589,667
[4],0.18999999999999997,0.004,0.0,0.25,0.5,sigmoid,sgd,0.04,32,gaussian,"(-0.1, 0.1)",30,0.11074421041916326,0.6764705882352942,668
[6],0.06999999999999999,0.0,0.002,0.2,0.5,tanh,adam,0.01,64,xavier,"(-0.5, 0.5)",35,0.039350830435440104,0.8823529411764706,669
[4],0.12999999999999998,0.004,0.008,0.25,0.4,sigmoid,sgd,0.03,64,gaussian,"(-0.5, 0.5)",35,0.12089222302179752,0.6764705882352942,670
[5],0.18999999999999997,0.016,0.0,0.25,0.8,tanh,sgd,0.01,16,gaussian,"(-0.1, 0.1)",35,0.044218981199365,1.0,671
[3],0.01,0.008,0.008,0.2,0.30000000000000004,sigmoid,sgd,0.0,16,xavier,"(-0.1, 0.1)",20,0.11401226334055348,0.6764705882352942,672
[3],0.10999999999999997,0.008,0.008,0.25,0.1,tanh,sgd,0.03,64,range,"(-0.5, 0.5)",30,0.11269383918878852,0.6470588235294118,673
[5],0.01,0.002,0.008,0.0,0.8,tanh,adam,0.04,8,glorot,"(-0.5, 0.5)",30,0.051023357372863586,0.8823529411764706,674
[4],0.01,0.0,0.006,0.05,0.8,tanh,adam,0.04,64,xavier,"(-0.5, 0.5)",35,0.10371358296795836,0.6764705882352942,675
[5],0.12999999999999998,0.012,0.004,0.15000000000000002,0.4,sigmoid,adam,0.01,16,he,"(-0.7, 0.7)",20,0.09086298178175858,1.0,676
[3],0.18999999999999997,0.004,0.006,0.05,0.2,sigmoid,sgd,0.01,8,he,"(-0.7, 0.7)",20,0.10798111978766738,0.6764705882352942,677
[3],0.08999999999999998,0.004,0.008,0.1,0.8,sigmoid,sgd,0.02,64,range,"(-0.7, 0.7)",35,0.11266697666913669,0.6764705882352942,678
[3],0.03,0.014,0.008,0.15000000000000002,0.2,tanh,adam,0.04,8,xavier,"(-0.7, 0.7)",35,0.051431477174656556,0.9705882352941176,679
[4],0.03,0.016,0.0,0.0,0.30000000000000004,tanh,adam,0.03,8,xavier,"(-0.7, 0.7)",20,0.03285009813222883,1.0,680
[3],0.01,0.01,0.002,0.25,0.2,tanh,sgd,0.04,64,xavier,"(-0.1, 0.1)",20,0.12211437025224564,0.7647058823529411,681
[5],0.01,0.01,0.002,0.1,0.30000000000000004,sigmoid,sgd,0.02,16,glorot,"(-0.7, 0.7)",20,0.11363561093464121,0.6764705882352942,682
[3],0.01,0.014,0.006,0.2,0.6000000000000001,sigmoid,adam,0.03,16,xavier,"(-0.1, 0.1)",35,0.11048208665816393,0.6764705882352942,683
[4],0.16999999999999998,0.018000000000000002,0.006,0.25,0.30000000000000004,sigmoid,adam,0.03,8,range,"(-0.5, 0.5)",35,0.09484214052061624,0.9705882352941176,684
[3],0.16999999999999998,0.012,0.002,0.15000000000000002,0.7000000000000001,sigmoid,sgd,0.03,32,gaussian,"(-0.1, 0.1)",20,0.10983385025204655,0.6764705882352942,685
[4],0.049999999999999996,0.016,0.002,0.05,0.30000000000000004,sigmoid,sgd,0.04,16,he,"(-0.1, 0.1)",30,0.11397558141285768,0.6764705882352942,686
[3],0.16999999999999998,0.014,0.004,0.25,0.0,tanh,adam,0.03,64,gaussian,"(-0.7, 0.7)",20,0.11036856733151221,0.7647058823529411,687
[6],0.10999999999999997,0.018000000000000002,0.002,0.0,0.8,sigmoid,adam,0.01,8,range,"(-0.1, 0.1)",30,0.09429035620233096,1.0,688
[6],0.12999999999999998,0.002,0.006,0.2,0.1,tanh,adam,0.04,16,range,"(-0.7, 0.7)",30,0.028571781139143423,1.0,689
[5],0.15,0.004,0.0,0.25,0.2,tanh,adam,0.02,64,range,"(-0.5, 0.5)",20,0.026237884994388394,1.0,690
[5],0.18999999999999997,0.002,0.002,0.1,0.7000000000000001,sigmoid,adam,0.04,16,he,"(-0.5, 0.5)",20,0.02853508921692084,1.0,691
[5],0.12999999999999998,0.0,0.006,0.25,0.4,sigmoid,sgd,0.03,32,glorot,"(-0.1, 0.1)",35,0.11301004389850847,0.6764705882352942,692
[6],0.12999999999999998,0.018000000000000002,0.004,0.0,0.7000000000000001,tanh,adam,0.0,8,range,"(-0.7, 0.7)",30,0.040804933867357854,1.0,693
[5],0.15,0.008,0.008,0.1,0.4,tanh,adam,0.0,16,range,"(-0.7, 0.7)",30,0.060568079350514406,1.0,694
[3],0.12999999999999998,0.014,0.002,0.1,0.7000000000000001,tanh,sgd,0.03,8,glorot,"(-0.5, 0.5)",35,0.06440125995928717,0.8529411764705882,695
[3],0.08999999999999998,0.008,0.004,0.0,0.2,tanh,sgd,0.02,16,gaussian,"(-0.1, 0.1)",20,0.10946328523387788,0.6764705882352942,696
[6],0.049999999999999996,0.014,0.0,0.15000000000000002,0.6000000000000001,tanh,sgd,0.0,16,he,"(-0.7, 0.7)",30,0.0908708411523252,0.7058823529411765,697
[5],0.16999999999999998,0.002,0.002,0.0,0.8,sigmoid,sgd,0.02,64,he,"(-0.7, 0.7)",35,0.11094160647987475,0.6764705882352942,698
[4],0.18999999999999997,0.018000000000000002,0.006,0.1,0.1,tanh,adam,0.01,8,xavier,"(-0.5, 0.5)",30,0.050565274415503694,1.0,699
[3],0.01,0.0,0.002,0.0,0.5,tanh,adam,0.0,32,xavier,"(-0.1, 0.1)",30,0.09769683923494629,0.7352941176470589,700
[6],0.08999999999999998,0.002,0.008,0.1,0.30000000000000004,tanh,adam,0.03,64,range,"(-0.1, 0.1)",35,0.02699809536369407,1.0,701
[6],0.01,0.002,0.008,0.15000000000000002,0.2,tanh,sgd,0.0,8,xavier,"(-0.5, 0.5)",30,0.11162692185770301,0.6764705882352942,702
[3],0.01,0.006,0.004,0.1,0.4,tanh,sgd,0.04,8,glorot,"(-0.5, 0.5)",30,0.11514482922381891,0.6470588235294118,703
[5],0.12999999999999998,0.016,0.006,0.1,0.2,tanh,sgd,0.03,16,xavier,"(-0.1, 0.1)",30,0.10623647851546084,0.6764705882352942,704
[5],0.18999999999999997,0.018000000000000002,0.006,0.15000000000000002,0.2,tanh,adam,0.01,16,xavier,"(-0.1, 0.1)",35,0.1203926026876763,0.9705882352941176,705
[3],0.10999999999999997,0.006,0.002,0.25,0.4,tanh,sgd,0.02,64,he,"(-0.5, 0.5)",30,0.10977761239731086,0.6764705882352942,706
[5],0.16999999999999998,0.008,0.004,0.1,0.30000000000000004,tanh,adam,0.01,8,xavier,"(-0.7, 0.7)",20,0.07241886534475085,0.9117647058823529,707
[5],0.01,0.014,0.0,0.05,0.4,tanh,adam,0.01,8,xavier,"(-0.7, 0.7)",35,0.03292944337404314,0.9705882352941176,708
[3],0.01,0.006,0.006,0.05,0.2,sigmoid,sgd,0.03,16,xavier,"(-0.7, 0.7)",30,0.11497189429429978,0.6764705882352942,709
[6],0.049999999999999996,0.012,0.004,0.2,0.8,sigmoid,adam,0.04,32,he,"(-0.7, 0.7)",30,0.09701069529871915,0.7941176470588235,710
[4],0.049999999999999996,0.018000000000000002,0.004,0.05,0.5,sigmoid,adam,0.0,64,gaussian,"(-0.7, 0.7)",30,0.08979889324195756,1.0,711
[6],0.10999999999999997,0.018000000000000002,0.0,0.15000000000000002,0.1,sigmoid,adam,0.0,8,he,"(-0.5, 0.5)",35,0.09450853768711426,1.0,712
[3],0.08999999999999998,0.014,0.006,0.1,0.4,tanh,sgd,0.02,16,he,"(-0.1, 0.1)",30,0.10756615580065357,0.6764705882352942,713
[6],0.16999999999999998,0.008,0.0,0.15000000000000002,0.1,tanh,adam,0.04,64,xavier,"(-0.5, 0.5)",30,0.037790074171396314,1.0,714
[4],0.01,0.01,0.002,0.15000000000000002,0.8,sigmoid,sgd,0.01,8,range,"(-0.1, 0.1)",30,0.11161981238457003,0.6764705882352942,715
[3],0.03,0.006,0.002,0.25,0.8,sigmoid,adam,0.0,64,range,"(-0.7, 0.7)",20,0.08369772873930234,0.7352941176470589,716
[3],0.10999999999999997,0.004,0.006,0.2,0.7000000000000001,sigmoid,sgd,0.02,64,xavier,"(-0.5, 0.5)",35,0.1111033559222093,0.6764705882352942,717
[3],0.10999999999999997,0.004,0.0,0.15000000000000002,0.4,tanh,adam,0.01,32,xavier,"(-0.5, 0.5)",35,0.0682885345511691,0.8235294117647058,718
[3],0.03,0.016,0.008,0.0,0.5,tanh,adam,0.01,32,he,"(-0.5, 0.5)",30,0.07631304559713001,0.8235294117647058,719
[3],0.15,0.014,0.006,0.05,0.6000000000000001,sigmoid,adam,0.01,16,glorot,"(-0.1, 0.1)",35,0.09605680167576236,1.0,720
[5],0.12999999999999998,0.012,0.004,0.1,0.0,sigmoid,sgd,0.0,8,range,"(-0.7, 0.7)",35,0.11113606626372248,0.6764705882352942,721
[5],0.15,0.006,0.008,0.0,0.8,sigmoid,adam,0.01,8,gaussian,"(-0.7, 0.7)",35,0.05175836712234519,1.0,722
[6],0.16999999999999998,0.008,0.004,0.05,0.4,tanh,adam,0.04,32,range,"(-0.7, 0.7)",35,0.04258654463615829,1.0,723
[6],0.18999999999999997,0.01,0.006,0.05,0.8,tanh,adam,0.02,32,range,"(-0.1, 0.1)",35,0.07332598519573974,0.9705882352941176,724
[3],0.18999999999999997,0.0,0.002,0.05,0.1,tanh,adam,0.04,8,xavier,"(-0.5, 0.5)",35,0.060222824105483595,0.8235294117647058,725
[4],0.18999999999999997,0.014,0.0,0.15000000000000002,0.0,tanh,adam,0.02,32,gaussian,"(-0.5, 0.5)",20,0.05600883186949234,1.0,726
[6],0.15,0.004,0.008,0.15000000000000002,0.8,sigmoid,sgd,0.01,16,gaussian,"(-0.1, 0.1)",35,0.10608173437279311,0.6764705882352942,727
[5],0.12999999999999998,0.016,0.0,0.0,0.30000000000000004,tanh,sgd,0.02,32,range,"(-0.1, 0.1)",20,0.10730103130021021,0.6764705882352942,728
[4],0.03,0.014,0.006,0.2,0.0,tanh,adam,0.01,64,glorot,"(-0.7, 0.7)",20,0.056313559077039665,0.9705882352941176,729
[4],0.10999999999999997,0.002,0.004,0.25,0.8,sigmoid,adam,0.0,32,xavier,"(-0.1, 0.1)",35,0.055316171127928485,1.0,730
[6],0.01,0.002,0.0,0.2,0.30000000000000004,sigmoid,sgd,0.01,16,range,"(-0.5, 0.5)",30,0.1137241888625808,0.6764705882352942,731
[4],0.10999999999999997,0.01,0.0,0.05,0.6000000000000001,sigmoid,sgd,0.04,32,range,"(-0.1, 0.1)",35,0.11069827740323941,0.6764705882352942,732
[3],0.01,0.008,0.004,0.0,0.2,tanh,sgd,0.03,16,glorot,"(-0.1, 0.1)",30,0.1179691789943122,0.6764705882352942,733
[6],0.06999999999999999,0.012,0.006,0.05,0.7000000000000001,sigmoid,sgd,0.02,64,range,"(-0.1, 0.1)",20,0.11061451182717776,0.6764705882352942,734
[5],0.06999999999999999,0.018000000000000002,0.0,0.25,0.0,tanh,adam,0.03,8,he,"(-0.7, 0.7)",30,0.05149894398666668,1.0,735
[6],0.06999999999999999,0.002,0.004,0.15000000000000002,0.6000000000000001,sigmoid,adam,0.04,16,he,"(-0.5, 0.5)",20,0.05084722816532527,0.9705882352941176,736
[3],0.12999999999999998,0.008,0.002,0.15000000000000002,0.0,sigmoid,sgd,0.03,64,xavier,"(-0.5, 0.5)",20,0.1111784329103956,0.6764705882352942,737
[4],0.16999999999999998,0.018000000000000002,0.006,0.25,0.6000000000000001,tanh,sgd,0.02,16,he,"(-0.1, 0.1)",35,0.07604944564762915,0.8529411764705882,738
[3],0.12999999999999998,0.008,0.004,0.0,0.6000000000000001,sigmoid,sgd,0.0,64,he,"(-0.7, 0.7)",20,0.11098414660033011,0.6764705882352942,739
[5],0.16999999999999998,0.008,0.006,0.1,0.0,tanh,sgd,0.0,16,range,"(-0.7, 0.7)",20,0.10121604794990341,0.6470588235294118,740
[4],0.15,0.006,0.0,0.1,0.2,tanh,adam,0.01,64,xavier,"(-0.7, 0.7)",20,0.027008579030901952,1.0,741
[5],0.08999999999999998,0.008,0.006,0.0,0.8,sigmoid,adam,0.01,8,range,"(-0.5, 0.5)",35,0.060127050310276334,1.0,742
[3],0.12999999999999998,0.014,0.006,0.1,0.0,sigmoid,sgd,0.04,32,range,"(-0.7, 0.7)",30,0.11448851778939649,0.6764705882352942,743
[5],0.10999999999999997,0.01,0.0,0.25,0.30000000000000004,tanh,adam,0.01,64,gaussian,"(-0.5, 0.5)",30,0.06566266499058765,0.9117647058823529,744
[4],0.01,0.012,0.008,0.2,0.1,sigmoid,adam,0.02,8,xavier,"(-0.5, 0.5)",20,0.10920903180317372,0.6764705882352942,745
[3],0.16999999999999998,0.014,0.002,0.2,0.7000000000000001,tanh,adam,0.04,16,xavier,"(-0.1, 0.1)",30,0.0903727300474564,0.8235294117647058,746
[5],0.15,0.014,0.0,0.1,0.1,sigmoid,sgd,0.04,8,range,"(-0.1, 0.1)",30,0.11019071938080768,0.6764705882352942,747
[4],0.16999999999999998,0.012,0.0,0.05,0.8,sigmoid,adam,0.01,32,he,"(-0.1, 0.1)",20,0.07866685341779114,1.0,748
[5],0.03,0.004,0.002,0.0,0.0,tanh,adam,0.03,16,gaussian,"(-0.5, 0.5)",30,0.02306372127774378,1.0,749
[3],0.01,0.0,0.006,0.25,0.4,sigmoid,sgd,0.01,32,he,"(-0.1, 0.1)",35,0.11529947943504278,0.6764705882352942,750
[3],0.01,0.018000000000000002,0.006,0.25,0.4,sigmoid,sgd,0.01,32,range,"(-0.5, 0.5)",20,0.1183666182114835,0.6764705882352942,751
[6],0.049999999999999996,0.012,0.004,0.2,0.6000000000000001,sigmoid,sgd,0.01,32,gaussian,"(-0.5, 0.5)",30,0.12385577415490487,0.6764705882352942,752
[4],0.049999999999999996,0.008,0.0,0.1,0.30000000000000004,sigmoid,adam,0.0,8,range,"(-0.7, 0.7)",20,0.058445124491738415,1.0,753
[3],0.06999999999999999,0.008,0.006,0.2,0.6000000000000001,sigmoid,adam,0.01,8,glorot,"(-0.1, 0.1)",20,0.08937875707191457,0.8529411764705882,754
[6],0.15,0.004,0.0,0.05,0.0,sigmoid,adam,0.01,64,glorot,"(-0.7, 0.7)",20,0.04638233006643471,1.0,755
[3],0.18999999999999997,0.01,0.002,0.15000000000000002,0.8,sigmoid,sgd,0.02,64,glorot,"(-0.7, 0.7)",30,0.10983911606714841,0.6764705882352942,756
[3],0.01,0.002,0.006,0.05,0.2,tanh,sgd,0.0,64,xavier,"(-0.7, 0.7)",30,0.12026554732304115,0.6470588235294118,757
[3],0.06999999999999999,0.0,0.006,0.05,0.2,sigmoid,sgd,0.01,64,range,"(-0.1, 0.1)",35,0.11146381413538975,0.6764705882352942,758
[6],0.03,0.012,0.006,0.05,0.2,sigmoid,sgd,0.02,32,he,"(-0.7, 0.7)",30,0.1166260511380961,0.6764705882352942,759
[3],0.15,0.002,0.008,0.05,0.8,sigmoid,adam,0.0,64,he,"(-0.5, 0.5)",20,0.08730190268473484,0.7941176470588235,760
[6],0.01,0.004,0.002,0.1,0.4,sigmoid,sgd,0.02,16,gaussian,"(-0.7, 0.7)",30,0.12489116692365644,0.6764705882352942,761
[3],0.049999999999999996,0.01,0.002,0.05,0.4,sigmoid,sgd,0.0,32,he,"(-0.7, 0.7)",30,0.11192610984908734,0.6764705882352942,762
[6],0.049999999999999996,0.012,0.008,0.0,0.30000000000000004,sigmoid,adam,0.02,32,gaussian,"(-0.1, 0.1)",20,0.08451918543874945,1.0,763
[6],0.12999999999999998,0.002,0.006,0.2,0.4,sigmoid,sgd,0.02,32,he,"(-0.7, 0.7)",35,0.1120408366371083,0.6764705882352942,764
[5],0.03,0.012,0.0,0.05,0.1,sigmoid,sgd,0.02,8,xavier,"(-0.5, 0.5)",35,0.11288619928871364,0.6764705882352942,765
[6],0.08999999999999998,0.018000000000000002,0.008,0.15000000000000002,0.4,tanh,adam,0.04,64,xavier,"(-0.1, 0.1)",30,0.06472749140379881,0.9705882352941176,766
[6],0.01,0.0,0.008,0.2,0.4,tanh,adam,0.02,8,range,"(-0.7, 0.7)",20,0.06448745734334553,0.8823529411764706,767
[6],0.16999999999999998,0.002,0.008,0.0,0.0,tanh,adam,0.04,16,gaussian,"(-0.5, 0.5)",30,0.03954120455096723,1.0,768
[3],0.01,0.012,0.008,0.25,0.8,sigmoid,adam,0.04,16,xavier,"(-0.5, 0.5)",20,0.11042474041423977,0.6764705882352942,769
[5],0.16999999999999998,0.008,0.008,0.15000000000000002,0.4,tanh,sgd,0.04,16,gaussian,"(-0.1, 0.1)",35,0.10663537231202638,0.6764705882352942,770
[6],0.10999999999999997,0.008,0.006,0.05,0.2,sigmoid,sgd,0.0,16,xavier,"(-0.7, 0.7)",35,0.1118222969975035,0.6764705882352942,771
[6],0.049999999999999996,0.0,0.004,0.1,0.0,sigmoid,sgd,0.0,8,gaussian,"(-0.1, 0.1)",35,0.11220302476025568,0.6764705882352942,772
[6],0.06999999999999999,0.008,0.006,0.15000000000000002,0.30000000000000004,sigmoid,sgd,0.0,8,gaussian,"(-0.5, 0.5)",20,0.12008873132720295,0.6764705882352942,773
[6],0.01,0.0,0.008,0.0,0.6000000000000001,sigmoid,sgd,0.01,64,xavier,"(-0.5, 0.5)",35,0.11658989896943331,0.6764705882352942,774
[6],0.18999999999999997,0.0,0.006,0.0,0.8,tanh,adam,0.04,8,range,"(-0.5, 0.5)",30,0.007407844771355695,1.0,775
[5],0.12999999999999998,0.006,0.0,0.0,0.0,tanh,sgd,0.01,64,gaussian,"(-0.1, 0.1)",35,0.11124470315546583,0.6764705882352942,776
[4],0.15,0.002,0.0,0.2,0.1,tanh,sgd,0.04,32,he,"(-0.5, 0.5)",35,0.09425512512043983,0.7058823529411765,777
[4],0.18999999999999997,0.008,0.002,0.0,0.30000000000000004,tanh,sgd,0.0,32,xavier,"(-0.5, 0.5)",20,0.08157453493780965,0.7058823529411765,778
[5],0.12999999999999998,0.012,0.0,0.15000000000000002,0.5,tanh,adam,0.02,32,glorot,"(-0.5, 0.5)",30,0.055039471382129224,1.0,779
[4],0.01,0.002,0.0,0.2,0.2,tanh,sgd,0.01,8,range,"(-0.1, 0.1)",20,0.11262102428552312,0.6764705882352942,780
[4],0.16999999999999998,0.014,0.008,0.1,0.0,sigmoid,adam,0.01,8,range,"(-0.5, 0.5)",35,0.10748509438049621,0.8529411764705882,781
[3],0.15,0.008,0.004,0.05,0.7000000000000001,sigmoid,adam,0.01,64,he,"(-0.1, 0.1)",20,0.09217850994572613,0.6764705882352942,782
[5],0.15,0.0,0.0,0.1,0.1,sigmoid,sgd,0.04,16,range,"(-0.7, 0.7)",30,0.10978324068957532,0.6764705882352942,783
[3],0.16999999999999998,0.002,0.006,0.0,0.2,tanh,adam,0.04,8,he,"(-0.7, 0.7)",30,0.05254290298345524,0.9411764705882353,784
[3],0.01,0.0,0.006,0.2,0.2,sigmoid,sgd,0.02,64,glorot,"(-0.1, 0.1)",20,0.12451637323475696,0.5882352941176471,785
[3],0.049999999999999996,0.016,0.002,0.2,0.2,tanh,sgd,0.0,8,xavier,"(-0.1, 0.1)",20,0.10614856417247051,0.7058823529411765,786
[6],0.03,0.01,0.0,0.05,0.0,tanh,adam,0.0,64,glorot,"(-0.5, 0.5)",30,0.061435225199734676,0.8823529411764706,787
[4],0.08999999999999998,0.008,0.006,0.25,0.0,tanh,sgd,0.01,64,glorot,"(-0.1, 0.1)",35,0.10928638947356996,0.6764705882352942,788
[5],0.12999999999999998,0.0,0.0,0.2,0.1,tanh,sgd,0.0,32,glorot,"(-0.7, 0.7)",35,0.10127111937637867,0.6764705882352942,789
[4],0.08999999999999998,0.014,0.002,0.1,0.30000000000000004,tanh,adam,0.0,64,glorot,"(-0.7, 0.7)",20,0.048731668529653306,1.0,790
[4],0.10999999999999997,0.002,0.002,0.15000000000000002,0.2,tanh,adam,0.0,64,glorot,"(-0.7, 0.7)",30,0.048811102265483436,0.9117647058823529,791
[5],0.12999999999999998,0.004,0.002,0.1,0.1,tanh,adam,0.04,64,range,"(-0.5, 0.5)",35,0.02560408665418765,1.0,792
[5],0.15,0.014,0.0,0.25,0.2,sigmoid,sgd,0.02,8,gaussian,"(-0.5, 0.5)",20,0.11844022367568173,0.6764705882352942,793
[5],0.16999999999999998,0.018000000000000002,0.006,0.1,0.2,sigmoid,sgd,0.02,32,xavier,"(-0.5, 0.5)",20,0.1139598277576715,0.6764705882352942,794
[5],0.12999999999999998,0.012,0.008,0.05,0.1,sigmoid,sgd,0.02,64,he,"(-0.7, 0.7)",35,0.11699977367244556,0.6764705882352942,795
[5],0.049999999999999996,0.01,0.004,0.2,0.2,sigmoid,adam,0.02,32,gaussian,"(-0.1, 0.1)",20,0.09602717249858626,0.8235294117647058,796
[6],0.06999999999999999,0.016,0.008,0.0,0.8,sigmoid,adam,0.01,8,glorot,"(-0.1, 0.1)",30,0.08123741609354719,1.0,797
[4],0.10999999999999997,0.018000000000000002,0.004,0.2,0.8,sigmoid,sgd,0.04,32,range,"(-0.5, 0.5)",35,0.11158527959265457,0.6764705882352942,798
[3],0.12999999999999998,0.012,0.004,0.0,0.5,sigmoid,sgd,0.0,16,gaussian,"(-0.1, 0.1)",30,0.11000048921830806,0.6764705882352942,799
[5],0.06999999999999999,0.008,0.0,0.25,0.2,sigmoid,sgd,0.0,64,gaussian,"(-0.5, 0.5)",35,0.11733904797828064,0.6764705882352942,800
[6],0.01,0.006,0.006,0.05,0.1,tanh,sgd,0.0,16,xavier,"(-0.1, 0.1)",35,0.11446510627209909,0.6764705882352942,801
[4],0.03,0.018000000000000002,0.006,0.2,0.0,sigmoid,sgd,0.02,8,gaussian,"(-0.1, 0.1)",30,0.11304571606991926,0.6764705882352942,802
[6],0.03,0.006,0.0,0.25,0.7000000000000001,sigmoid,adam,0.04,64,gaussian,"(-0.7, 0.7)",20,0.06420226499596579,0.8529411764705882,803
[6],0.049999999999999996,0.01,0.008,0.0,0.8,tanh,sgd,0.04,32,glorot,"(-0.7, 0.7)",30,0.11181266024351787,0.6470588235294118,804
[5],0.01,0.002,0.0,0.05,0.7000000000000001,tanh,sgd,0.02,16,gaussian,"(-0.1, 0.1)",30,0.11142515006341809,0.6764705882352942,805
[4],0.16999999999999998,0.016,0.006,0.2,0.0,tanh,sgd,0.03,8,xavier,"(-0.5, 0.5)",20,0.08430905176582083,0.7058823529411765,806
[6],0.03,0.012,0.0,0.2,0.8,sigmoid,adam,0.01,16,xavier,"(-0.7, 0.7)",35,0.08354149610269514,0.9117647058823529,807
[6],0.08999999999999998,0.014,0.006,0.0,0.8,sigmoid,adam,0.02,16,gaussian,"(-0.5, 0.5)",30,0.08229000901891532,1.0,808
[3],0.01,0.004,0.004,0.2,0.0,tanh,adam,0.03,8,gaussian,"(-0.1, 0.1)",35,0.09161266989104519,0.7941176470588235,809
[5],0.08999999999999998,0.006,0.002,0.05,0.6000000000000001,sigmoid,sgd,0.0,64,range,"(-0.1, 0.1)",30,0.11128250679394906,0.6764705882352942,810
[6],0.16999999999999998,0.01,0.006,0.1,0.6000000000000001,tanh,sgd,0.03,64,he,"(-0.1, 0.1)",30,0.1054218490324394,0.7058823529411765,811
[3],0.06999999999999999,0.018000000000000002,0.004,0.25,0.2,sigmoid,adam,0.0,8,glorot,"(-0.5, 0.5)",20,0.09003803215278686,1.0,812
[6],0.03,0.0,0.006,0.0,0.30000000000000004,sigmoid,adam,0.0,32,xavier,"(-0.5, 0.5)",20,0.04051201746641729,0.9705882352941176,813
[3],0.18999999999999997,0.016,0.002,0.2,0.2,tanh,adam,0.04,8,xavier,"(-0.1, 0.1)",20,0.03908861048902032,1.0,814
[5],0.03,0.012,0.008,0.0,0.0,tanh,sgd,0.0,16,gaussian,"(-0.5, 0.5)",20,0.12465789298455297,0.6764705882352942,815
[6],0.15,0.01,0.008,0.15000000000000002,0.4,tanh,sgd,0.01,32,xavier,"(-0.5, 0.5)",35,0.10414222802139778,0.6470588235294118,816
[3],0.03,0.0,0.004,0.0,0.1,tanh,adam,0.03,32,xavier,"(-0.5, 0.5)",35,0.08387922698737794,0.7352941176470589,817
[6],0.03,0.01,0.006,0.05,0.8,tanh,adam,0.0,16,range,"(-0.1, 0.1)",30,0.03841853692989492,1.0,818
[6],0.10999999999999997,0.002,0.002,0.05,0.5,tanh,sgd,0.02,32,he,"(-0.1, 0.1)",30,0.10048590271082664,0.7352941176470589,819
[3],0.18999999999999997,0.014,0.002,0.05,0.6000000000000001,sigmoid,sgd,0.02,32,glorot,"(-0.7, 0.7)",30,0.11072440627745957,0.6764705882352942,820
[5],0.12999999999999998,0.014,0.006,0.05,0.0,tanh,sgd,0.03,8,gaussian,"(-0.5, 0.5)",20,0.12118407121152978,0.6764705882352942,821
[3],0.16999999999999998,0.014,0.0,0.1,0.6000000000000001,tanh,adam,0.04,16,glorot,"(-0.7, 0.7)",35,0.05576663447811403,0.9705882352941176,822
[3],0.06999999999999999,0.002,0.006,0.1,0.4,sigmoid,sgd,0.01,64,he,"(-0.1, 0.1)",30,0.1117993637753939,0.6764705882352942,823
[5],0.15,0.004,0.006,0.0,0.2,sigmoid,adam,0.02,64,range,"(-0.5, 0.5)",20,0.04903120906501975,1.0,824
[6],0.049999999999999996,0.016,0.008,0.1,0.0,tanh,adam,0.03,32,xavier,"(-0.1, 0.1)",30,0.05501308404482445,1.0,825
[6],0.06999999999999999,0.004,0.006,0.0,0.30000000000000004,tanh,sgd,0.04,64,glorot,"(-0.5, 0.5)",35,0.11605838238851542,0.6470588235294118,826
[4],0.10999999999999997,0.018000000000000002,0.002,0.05,0.8,tanh,adam,0.04,8,glorot,"(-0.7, 0.7)",35,0.06159673598433074,0.9705882352941176,827
[3],0.08999999999999998,0.016,0.008,0.15000000000000002,0.30000000000000004,sigmoid,sgd,0.02,32,xavier,"(-0.5, 0.5)",20,0.11265289094038597,0.6764705882352942,828
[5],0.01,0.016,0.008,0.05,0.7000000000000001,sigmoid,adam,0.0,32,range,"(-0.5, 0.5)",30,0.1072847070942165,0.6764705882352942,829
[5],0.01,0.01,0.002,0.25,0.5,tanh,adam,0.0,64,range,"(-0.7, 0.7)",30,0.10116046644437987,0.6764705882352942,830
[6],0.10999999999999997,0.01,0.004,0.05,0.6000000000000001,sigmoid,sgd,0.01,32,xavier,"(-0.1, 0.1)",30,0.11095518789108848,0.6764705882352942,831
[4],0.12999999999999998,0.004,0.006,0.25,0.30000000000000004,sigmoid,sgd,0.01,16,xavier,"(-0.5, 0.5)",20,0.11088333995452908,0.6764705882352942,832
[3],0.03,0.014,0.004,0.25,0.7000000000000001,tanh,sgd,0.03,8,glorot,"(-0.1, 0.1)",20,0.11189179425880659,0.6470588235294118,833
[5],0.049999999999999996,0.018000000000000002,0.008,0.1,0.1,tanh,adam,0.04,64,range,"(-0.7, 0.7)",20,0.07108369647689432,0.9411764705882353,834
[3],0.10999999999999997,0.004,0.0,0.15000000000000002,0.0,sigmoid,sgd,0.01,8,xavier,"(-0.7, 0.7)",30,0.11026200487591269,0.6764705882352942,835
[3],0.03,0.008,0.002,0.25,0.6000000000000001,tanh,adam,0.0,8,glorot,"(-0.7, 0.7)",20,0.06720193582769658,0.8823529411764706,836
[3],0.15,0.014,0.0,0.05,0.1,tanh,sgd,0.03,8,he,"(-0.7, 0.7)",20,0.07402852224560753,0.8235294117647058,837
[3],0.08999999999999998,0.018000000000000002,0.002,0.05,0.2,tanh,adam,0.01,32,he,"(-0.5, 0.5)",35,0.06491769354671569,0.9705882352941176,838
[4],0.03,0.014,0.002,0.2,0.4,tanh,adam,0.01,8,range,"(-0.1, 0.1)",35,0.05176007282922548,0.9705882352941176,839
[3],0.12999999999999998,0.01,0.004,0.0,0.2,tanh,adam,0.0,16,range,"(-0.1, 0.1)",20,0.0865124410758224,0.8823529411764706,840
[6],0.049999999999999996,0.014,0.002,0.2,0.1,sigmoid,sgd,0.03,16,he,"(-0.7, 0.7)",20,0.11402279782409469,0.6764705882352942,841
[5],0.18999999999999997,0.012,0.0,0.05,0.6000000000000001,tanh,adam,0.03,32,xavier,"(-0.5, 0.5)",20,0.07283741829899468,0.9411764705882353,842
[5],0.10999999999999997,0.006,0.008,0.15000000000000002,0.4,tanh,sgd,0.03,8,range,"(-0.7, 0.7)",30,0.10168843343549613,0.6764705882352942,843
[5],0.01,0.012,0.006,0.1,0.6000000000000001,sigmoid,sgd,0.0,8,gaussian,"(-0.7, 0.7)",20,0.1327288876558565,0.6764705882352942,844
[3],0.049999999999999996,0.004,0.0,0.1,0.4,sigmoid,sgd,0.02,32,range,"(-0.7, 0.7)",20,0.11115005167994758,0.6764705882352942,845
[4],0.049999999999999996,0.004,0.004,0.05,0.30000000000000004,sigmoid,sgd,0.0,16,xavier,"(-0.5, 0.5)",20,0.11117442991898129,0.6764705882352942,846
[3],0.049999999999999996,0.01,0.004,0.1,0.0,sigmoid,sgd,0.02,32,he,"(-0.7, 0.7)",35,0.11284738964248578,0.6764705882352942,847
[3],0.06999999999999999,0.012,0.008,0.2,0.8,tanh,sgd,0.04,16,xavier,"(-0.1, 0.1)",20,0.08363361596974934,0.7941176470588235,848
[5],0.06999999999999999,0.012,0.002,0.2,0.6000000000000001,sigmoid,sgd,0.04,8,he,"(-0.7, 0.7)",35,0.1124792850400665,0.6764705882352942,849
[4],0.03,0.004,0.004,0.1,0.1,sigmoid,sgd,0.03,32,range,"(-0.5, 0.5)",30,0.11377846582814988,0.6764705882352942,850
[4],0.01,0.002,0.002,0.05,0.7000000000000001,tanh,sgd,0.0,64,glorot,"(-0.5, 0.5)",35,0.10973470638180978,0.6764705882352942,851
[5],0.08999999999999998,0.004,0.0,0.0,0.6000000000000001,sigmoid,adam,0.0,16,glorot,"(-0.5, 0.5)",35,0.03634494458554286,1.0,852
[3],0.18999999999999997,0.004,0.002,0.15000000000000002,0.7000000000000001,sigmoid,sgd,0.0,64,he,"(-0.1, 0.1)",35,0.10928325766461632,0.6764705882352942,853
[6],0.049999999999999996,0.012,0.004,0.15000000000000002,0.5,sigmoid,adam,0.02,64,gaussian,"(-0.1, 0.1)",35,0.09607717753414113,0.7941176470588235,854
[3],0.18999999999999997,0.012,0.0,0.15000000000000002,0.30000000000000004,sigmoid,sgd,0.04,16,range,"(-0.5, 0.5)",30,0.11051133114260464,0.6764705882352942,855
[4],0.08999999999999998,0.0,0.002,0.05,0.1,sigmoid,adam,0.01,32,he,"(-0.1, 0.1)",30,0.009005656958440928,1.0,856
[3],0.08999999999999998,0.006,0.002,0.0,0.1,tanh,sgd,0.0,64,glorot,"(-0.7, 0.7)",30,0.11513288094761524,0.6470588235294118,857
[4],0.08999999999999998,0.014,0.008,0.05,0.5,tanh,sgd,0.01,8,range,"(-0.7, 0.7)",20,0.06635554060366514,0.9117647058823529,858
[5],0.10999999999999997,0.016,0.0,0.2,0.2,sigmoid,adam,0.04,64,glorot,"(-0.1, 0.1)",30,0.10207998842688362,0.9411764705882353,859
[6],0.12999999999999998,0.018000000000000002,0.002,0.05,0.30000000000000004,sigmoid,adam,0.02,8,he,"(-0.7, 0.7)",20,0.08573119447992636,1.0,860
[4],0.10999999999999997,0.014,0.008,0.25,0.4,tanh,adam,0.0,32,range,"(-0.5, 0.5)",35,0.06957613967543591,1.0,861
[4],0.16999999999999998,0.004,0.004,0.25,0.6000000000000001,tanh,sgd,0.03,16,gaussian,"(-0.7, 0.7)",35,0.12039947769335439,0.6764705882352942,862
[5],0.12999999999999998,0.014,0.002,0.25,0.2,tanh,adam,0.01,32,he,"(-0.1, 0.1)",35,0.07552057032736864,1.0,863
[6],0.049999999999999996,0.016,0.002,0.05,0.2,tanh,sgd,0.0,16,he,"(-0.7, 0.7)",35,0.10725252782620742,0.7058823529411765,864
[6],0.049999999999999996,0.008,0.006,0.05,0.8,tanh,sgd,0.04,32,xavier,"(-0.7, 0.7)",20,0.10580775277451179,0.6764705882352942,865
[3],0.049999999999999996,0.004,0.002,0.1,0.1,tanh,sgd,0.04,8,gaussian,"(-0.7, 0.7)",35,0.11659855665865423,0.6764705882352942,866
[6],0.12999999999999998,0.004,0.006,0.0,0.2,tanh,adam,0.0,32,he,"(-0.1, 0.1)",35,0.02725292602944112,1.0,867
[5],0.12999999999999998,0.006,0.002,0.0,0.7000000000000001,tanh,sgd,0.0,16,range,"(-0.1, 0.1)",20,0.058654636404739134,0.8823529411764706,868
[3],0.18999999999999997,0.006,0.002,0.1,0.30000000000000004,sigmoid,sgd,0.01,32,glorot,"(-0.1, 0.1)",20,0.11041263566102046,0.6764705882352942,869
[4],0.12999999999999998,0.0,0.0,0.15000000000000002,0.0,sigmoid,adam,0.03,8,he,"(-0.5, 0.5)",30,0.006090774409935854,1.0,870
[6],0.03,0.012,0.0,0.15000000000000002,0.6000000000000001,sigmoid,adam,0.02,16,range,"(-0.7, 0.7)",30,0.09072913707664905,0.8529411764705882,871
[3],0.01,0.018000000000000002,0.004,0.05,0.7000000000000001,sigmoid,sgd,0.02,64,gaussian,"(-0.5, 0.5)",30,0.13036096544975012,0.6764705882352942,872
[4],0.06999999999999999,0.002,0.002,0.05,0.6000000000000001,sigmoid,sgd,0.04,32,he,"(-0.7, 0.7)",20,0.11022466716279258,0.6470588235294118,873
[6],0.08999999999999998,0.004,0.002,0.25,0.1,tanh,adam,0.02,32,gaussian,"(-0.7, 0.7)",20,0.02794306791463124,1.0,874
[6],0.049999999999999996,0.014,0.006,0.25,0.6000000000000001,tanh,adam,0.03,8,glorot,"(-0.7, 0.7)",20,0.08874988359118857,0.8235294117647058,875
[5],0.18999999999999997,0.008,0.002,0.2,0.0,tanh,adam,0.0,64,he,"(-0.5, 0.5)",20,0.06692831725932386,0.9705882352941176,876
[6],0.01,0.002,0.006,0.2,0.30000000000000004,sigmoid,adam,0.01,8,xavier,"(-0.5, 0.5)",35,0.11000360790055588,0.6764705882352942,877
[4],0.15,0.008,0.004,0.1,0.1,tanh,sgd,0.01,32,he,"(-0.5, 0.5)",30,0.08574785568402403,0.7058823529411765,878
[4],0.16999999999999998,0.012,0.008,0.1,0.7000000000000001,sigmoid,sgd,0.02,32,range,"(-0.5, 0.5)",35,0.11044589813424939,0.6764705882352942,879
[4],0.12999999999999998,0.004,0.006,0.2,0.0,tanh,adam,0.01,16,range,"(-0.5, 0.5)",35,0.03847969888144613,0.9705882352941176,880
[5],0.03,0.0,0.0,0.2,0.5,sigmoid,adam,0.02,64,he,"(-0.1, 0.1)",20,0.09653467614065751,0.7352941176470589,881
[6],0.08999999999999998,0.006,0.004,0.2,0.0,sigmoid,sgd,0.03,8,he,"(-0.7, 0.7)",30,0.1123836059052468,0.6764705882352942,882
[3],0.08999999999999998,0.014,0.006,0.25,0.1,tanh,sgd,0.03,32,he,"(-0.1, 0.1)",30,0.1117411288925885,0.6764705882352942,883
[3],0.12999999999999998,0.012,0.0,0.2,0.7000000000000001,tanh,adam,0.02,64,glorot,"(-0.1, 0.1)",35,0.11521413299946884,0.7352941176470589,884
[6],0.06999999999999999,0.012,0.008,0.0,0.5,tanh,sgd,0.04,32,range,"(-0.7, 0.7)",35,0.11520246474135443,0.6470588235294118,885
[3],0.01,0.004,0.006,0.15000000000000002,0.2,sigmoid,sgd,0.04,32,he,"(-0.1, 0.1)",35,0.11765032141830209,0.6764705882352942,886
[6],0.16999999999999998,0.012,0.0,0.1,0.30000000000000004,tanh,adam,0.03,8,he,"(-0.1, 0.1)",20,0.05899405807846837,1.0,887
[4],0.15,0.008,0.006,0.2,0.8,sigmoid,sgd,0.0,64,glorot,"(-0.7, 0.7)",30,0.10841954559914989,0.6764705882352942,888
[4],0.01,0.012,0.006,0.25,0.1,sigmoid,sgd,0.01,64,glorot,"(-0.5, 0.5)",35,0.1146802664590365,0.6764705882352942,889
[5],0.03,0.018000000000000002,0.0,0.2,0.7000000000000001,tanh,adam,0.01,32,range,"(-0.1, 0.1)",30,0.06937127303276647,0.9117647058823529,890
[6],0.06999999999999999,0.018000000000000002,0.006,0.05,0.4,sigmoid,adam,0.03,8,he,"(-0.7, 0.7)",30,0.08501519740935318,1.0,891
[3],0.08999999999999998,0.018000000000000002,0.002,0.05,0.1,tanh,sgd,0.02,64,gaussian,"(-0.7, 0.7)",30,0.1268689999512342,0.6764705882352942,892
[6],0.01,0.012,0.006,0.05,0.2,sigmoid,sgd,0.03,16,range,"(-0.7, 0.7)",20,0.12257990132159945,0.6764705882352942,893
[6],0.06999999999999999,0.018000000000000002,0.008,0.05,0.8,sigmoid,sgd,0.03,8,range,"(-0.1, 0.1)",30,0.11143390295680503,0.6764705882352942,894
[5],0.06999999999999999,0.006,0.006,0.0,0.7000000000000001,sigmoid,adam,0.02,32,xavier,"(-0.5, 0.5)",35,0.06476921233703212,1.0,895
[5],0.049999999999999996,0.0,0.002,0.25,0.8,sigmoid,sgd,0.01,32,he,"(-0.7, 0.7)",35,0.11189955604804525,0.6764705882352942,896
[3],0.03,0.008,0.004,0.2,0.6000000000000001,tanh,sgd,0.03,16,gaussian,"(-0.7, 0.7)",30,0.12103008041073789,0.6764705882352942,897
[6],0.06999999999999999,0.0,0.004,0.1,0.8,sigmoid,adam,0.01,32,xavier,"(-0.1, 0.1)",35,0.022383215193732608,1.0,898
[4],0.03,0.014,0.008,0.0,0.6000000000000001,tanh,sgd,0.03,64,he,"(-0.7, 0.7)",20,0.11044062352863791,0.6470588235294118,899
[3],0.10999999999999997,0.016,0.008,0.0,0.1,tanh,adam,0.04,16,range,"(-0.1, 0.1)",30,0.0577592024358734,0.9705882352941176,900
[3],0.06999999999999999,0.014,0.0,0.0,0.7000000000000001,sigmoid,sgd,0.03,32,gaussian,"(-0.5, 0.5)",20,0.11754402468154676,0.6764705882352942,901
[4],0.01,0.016,0.008,0.0,0.8,sigmoid,adam,0.01,64,xavier,"(-0.7, 0.7)",20,0.11067776594487791,0.6764705882352942,902
[6],0.16999999999999998,0.004,0.004,0.1,0.8,tanh,sgd,0.0,64,xavier,"(-0.7, 0.7)",35,0.08490878414582233,0.7352941176470589,903
[5],0.18999999999999997,0.004,0.006,0.25,0.4,sigmoid,sgd,0.03,8,glorot,"(-0.7, 0.7)",35,0.11090746658429647,0.6764705882352942,904
[3],0.18999999999999997,0.012,0.0,0.05,0.7000000000000001,tanh,adam,0.01,8,range,"(-0.1, 0.1)",35,0.10735174606917658,0.8823529411764706,905
[4],0.01,0.006,0.008,0.0,0.7000000000000001,sigmoid,sgd,0.03,16,he,"(-0.5, 0.5)",30,0.11656850071483334,0.6764705882352942,906
[4],0.10999999999999997,0.018000000000000002,0.006,0.25,0.2,tanh,adam,0.04,64,gaussian,"(-0.1, 0.1)",20,0.08965466807617563,0.8529411764705882,907
[3],0.08999999999999998,0.004,0.004,0.05,0.5,sigmoid,adam,0.04,8,range,"(-0.1, 0.1)",20,0.09096790151775072,0.7941176470588235,908
[4],0.15,0.01,0.002,0.0,0.2,tanh,adam,0.03,8,xavier,"(-0.7, 0.7)",30,0.03140526673313631,1.0,909
[6],0.01,0.004,0.004,0.05,0.6000000000000001,tanh,sgd,0.02,8,he,"(-0.5, 0.5)",20,0.10920156273096822,0.6764705882352942,910
[6],0.08999999999999998,0.016,0.0,0.25,0.8,tanh,adam,0.02,8,xavier,"(-0.5, 0.5)",35,0.06692657036653851,0.9705882352941176,911
[5],0.16999999999999998,0.016,0.002,0.0,0.5,tanh,adam,0.01,32,he,"(-0.7, 0.7)",30,0.170838806389283,0.8235294117647058,912
[6],0.049999999999999996,0.006,0.002,0.05,0.6000000000000001,sigmoid,adam,0.03,64,range,"(-0.7, 0.7)",35,0.08660893180270061,0.6470588235294118,913
[6],0.08999999999999998,0.018000000000000002,0.0,0.05,0.5,tanh,adam,0.01,16,gaussian,"(-0.5, 0.5)",20,0.04357428895177562,1.0,914
[6],0.049999999999999996,0.004,0.006,0.2,0.2,sigmoid,adam,0.03,64,gaussian,"(-0.5, 0.5)",35,0.05125387645115839,1.0,915
[6],0.049999999999999996,0.006,0.004,0.15000000000000002,0.2,sigmoid,sgd,0.02,64,glorot,"(-0.7, 0.7)",35,0.1159347638464532,0.6764705882352942,916
[6],0.15,0.014,0.008,0.05,0.5,tanh,sgd,0.02,8,xavier,"(-0.5, 0.5)",35,0.06636449926062912,0.8235294117647058,917
[4],0.01,0.016,0.004,0.2,0.30000000000000004,sigmoid,adam,0.01,16,range,"(-0.1, 0.1)",20,0.10869235819377593,0.6764705882352942,918
[4],0.12999999999999998,0.0,0.0,0.0,0.1,tanh,adam,0.0,64,glorot,"(-0.1, 0.1)",35,0.00022228266568072126,1.0,919
[3],0.08999999999999998,0.006,0.0,0.1,0.1,sigmoid,adam,0.0,8,xavier,"(-0.7, 0.7)",35,0.04670119481029131,1.0,920
[6],0.10999999999999997,0.004,0.008,0.15000000000000002,0.2,sigmoid,adam,0.02,64,he,"(-0.1, 0.1)",35,0.07036660630071669,0.9411764705882353,921
[4],0.08999999999999998,0.0,0.004,0.2,0.2,sigmoid,sgd,0.01,32,xavier,"(-0.1, 0.1)",35,0.11307690377536976,0.6764705882352942,922
[6],0.12999999999999998,0.012,0.008,0.0,0.4,tanh,sgd,0.04,8,he,"(-0.5, 0.5)",35,0.04918324884205986,0.9411764705882353,923
[4],0.01,0.002,0.006,0.25,0.5,sigmoid,sgd,0.03,64,glorot,"(-0.1, 0.1)",35,0.11319586850538874,0.6764705882352942,924
[6],0.18999999999999997,0.01,0.006,0.05,0.4,sigmoid,adam,0.01,32,glorot,"(-0.5, 0.5)",20,0.09958076606263119,0.47058823529411764,925
[4],0.10999999999999997,0.006,0.0,0.25,0.30000000000000004,tanh,adam,0.03,8,gaussian,"(-0.1, 0.1)",30,0.02699222877000542,1.0,926
[6],0.15,0.006,0.002,0.0,0.7000000000000001,tanh,sgd,0.01,64,gaussian,"(-0.7, 0.7)",35,0.11205882756393774,0.6764705882352942,927
[4],0.01,0.004,0.004,0.2,0.1,sigmoid,adam,0.01,16,glorot,"(-0.1, 0.1)",20,0.09459854425424356,0.6764705882352942,928
[5],0.049999999999999996,0.008,0.004,0.1,0.7000000000000001,tanh,sgd,0.02,64,glorot,"(-0.1, 0.1)",30,0.10742761900810749,0.6764705882352942,929
[6],0.049999999999999996,0.006,0.004,0.0,0.0,tanh,adam,0.02,8,range,"(-0.1, 0.1)",30,0.02147768599874534,1.0,930
[3],0.16999999999999998,0.01,0.0,0.15000000000000002,0.30000000000000004,sigmoid,adam,0.0,32,he,"(-0.5, 0.5)",20,0.0977104765936308,0.6764705882352942,931
[5],0.01,0.018000000000000002,0.0,0.2,0.5,sigmoid,adam,0.02,8,gaussian,"(-0.5, 0.5)",30,0.08952346961894145,0.8235294117647058,932
[5],0.08999999999999998,0.018000000000000002,0.006,0.25,0.5,sigmoid,sgd,0.03,8,glorot,"(-0.5, 0.5)",20,0.11292291137473072,0.6764705882352942,933
[3],0.08999999999999998,0.0,0.008,0.05,0.0,tanh,adam,0.02,8,range,"(-0.5, 0.5)",20,0.06079378284244587,0.8235294117647058,934
[4],0.18999999999999997,0.016,0.002,0.05,0.1,sigmoid,sgd,0.04,64,glorot,"(-0.1, 0.1)",35,0.11262583605307849,0.6764705882352942,935
[3],0.06999999999999999,0.016,0.004,0.2,0.8,tanh,adam,0.0,64,range,"(-0.7, 0.7)",20,0.10150800750929592,0.8235294117647058,936
[4],0.12999999999999998,0.01,0.002,0.2,0.5,sigmoid,adam,0.02,64,range,"(-0.1, 0.1)",20,0.09636583042184457,0.9411764705882353,937
[4],0.10999999999999997,0.012,0.002,0.05,0.0,sigmoid,adam,0.02,32,gaussian,"(-0.7, 0.7)",35,0.08598861790508362,1.0,938
[3],0.12999999999999998,0.014,0.0,0.2,0.8,tanh,sgd,0.04,16,gaussian,"(-0.7, 0.7)",35,0.1188721516552638,0.6764705882352942,939
[3],0.18999999999999997,0.018000000000000002,0.0,0.2,0.4,sigmoid,sgd,0.0,16,xavier,"(-0.5, 0.5)",30,0.10957564408722378,0.6764705882352942,940
[3],0.03,0.01,0.008,0.1,0.8,tanh,sgd,0.02,16,glorot,"(-0.1, 0.1)",20,0.11420845427028298,0.6470588235294118,941
[3],0.03,0.018000000000000002,0.006,0.0,0.4,tanh,sgd,0.01,8,he,"(-0.1, 0.1)",35,0.10967982580294426,0.7058823529411765,942
[6],0.01,0.014,0.006,0.1,0.5,tanh,adam,0.03,8,range,"(-0.7, 0.7)",35,0.07059976128911595,0.8235294117647058,943
[4],0.06999999999999999,0.002,0.006,0.0,0.4,tanh,sgd,0.04,32,xavier,"(-0.7, 0.7)",30,0.10592613646982157,0.6470588235294118,944
[6],0.15,0.012,0.006,0.05,0.6000000000000001,sigmoid,sgd,0.02,64,gaussian,"(-0.5, 0.5)",20,0.12423893814005714,0.6764705882352942,945
[3],0.049999999999999996,0.012,0.0,0.25,0.8,tanh,sgd,0.01,32,glorot,"(-0.7, 0.7)",30,0.11214321629889884,0.6470588235294118,946
[3],0.06999999999999999,0.012,0.008,0.15000000000000002,0.0,tanh,sgd,0.03,16,gaussian,"(-0.5, 0.5)",30,0.12009734368090028,0.6764705882352942,947
[4],0.12999999999999998,0.0,0.004,0.0,0.2,sigmoid,adam,0.02,8,range,"(-0.7, 0.7)",35,0.013115511326496807,1.0,948
[3],0.01,0.006,0.008,0.0,0.1,sigmoid,sgd,0.01,8,xavier,"(-0.5, 0.5)",20,0.1133758079010436,0.6764705882352942,949
[3],0.18999999999999997,0.008,0.004,0.05,0.30000000000000004,tanh,adam,0.04,64,range,"(-0.5, 0.5)",20,0.07540089379682731,0.8235294117647058,950
[3],0.18999999999999997,0.004,0.006,0.0,0.0,tanh,sgd,0.01,64,he,"(-0.5, 0.5)",30,0.11053912855764278,0.6764705882352942,951
[5],0.08999999999999998,0.008,0.008,0.05,0.0,tanh,adam,0.04,32,he,"(-0.5, 0.5)",20,0.04145505042012397,1.0,952
[3],0.03,0.016,0.0,0.25,0.8,sigmoid,adam,0.02,32,range,"(-0.1, 0.1)",30,0.09565698502480961,0.6764705882352942,953
[5],0.10999999999999997,0.012,0.006,0.05,0.2,tanh,sgd,0.0,64,range,"(-0.5, 0.5)",20,0.1092004397933028,0.6764705882352942,954
[5],0.12999999999999998,0.012,0.0,0.05,0.6000000000000001,sigmoid,adam,0.01,32,range,"(-0.5, 0.5)",20,0.07528161878861815,0.9705882352941176,955
[6],0.01,0.008,0.006,0.25,0.2,tanh,adam,0.0,16,xavier,"(-0.5, 0.5)",20,0.06966838920068744,0.8529411764705882,956
[5],0.16999999999999998,0.01,0.0,0.0,0.5,sigmoid,sgd,0.0,64,xavier,"(-0.7, 0.7)",35,0.11173008200816495,0.6764705882352942,957
[3],0.12999999999999998,0.014,0.0,0.1,0.6000000000000001,sigmoid,adam,0.04,64,range,"(-0.1, 0.1)",30,0.10001818937448823,0.7941176470588235,958
[4],0.049999999999999996,0.008,0.004,0.0,0.30000000000000004,sigmoid,adam,0.02,64,range,"(-0.5, 0.5)",20,0.08401485843737373,0.7352941176470589,959
[6],0.08999999999999998,0.01,0.002,0.0,0.5,tanh,sgd,0.02,64,gaussian,"(-0.7, 0.7)",35,0.12507726601681524,0.6764705882352942,960
[3],0.16999999999999998,0.018000000000000002,0.008,0.15000000000000002,0.6000000000000001,tanh,adam,0.04,16,glorot,"(-0.5, 0.5)",30,0.08432839980173154,0.9117647058823529,961
[3],0.16999999999999998,0.006,0.002,0.1,0.7000000000000001,tanh,adam,0.03,8,he,"(-0.7, 0.7)",30,0.024284617287162313,1.0,962
[3],0.049999999999999996,0.006,0.006,0.15000000000000002,0.1,tanh,sgd,0.0,8,range,"(-0.1, 0.1)",20,0.10727581927897499,0.7058823529411765,963
[3],0.18999999999999997,0.01,0.006,0.15000000000000002,0.30000000000000004,sigmoid,sgd,0.01,64,xavier,"(-0.7, 0.7)",20,0.11052819933669505,0.6764705882352942,964
[4],0.18999999999999997,0.012,0.004,0.1,0.0,sigmoid,sgd,0.02,16,xavier,"(-0.5, 0.5)",30,0.11026832771412498,0.6764705882352942,965
[6],0.18999999999999997,0.018000000000000002,0.002,0.1,0.2,tanh,adam,0.01,16,xavier,"(-0.7, 0.7)",35,0.1465938148583455,0.8235294117647058,966
[5],0.049999999999999996,0.0,0.002,0.05,0.2,sigmoid,sgd,0.02,8,gaussian,"(-0.5, 0.5)",35,0.11373939978747477,0.6764705882352942,967
[4],0.06999999999999999,0.004,0.008,0.1,0.4,sigmoid,sgd,0.02,64,gaussian,"(-0.7, 0.7)",35,0.1262419356547649,0.6764705882352942,968
[4],0.18999999999999997,0.0,0.006,0.1,0.5,sigmoid,adam,0.02,32,xavier,"(-0.5, 0.5)",20,0.02508469521022657,1.0,969
[6],0.10999999999999997,0.012,0.008,0.25,0.1,sigmoid,sgd,0.0,8,gaussian,"(-0.7, 0.7)",30,0.13007547366629899,0.6764705882352942,970
[5],0.06999999999999999,0.006,0.002,0.05,0.6000000000000001,sigmoid,sgd,0.03,64,glorot,"(-0.5, 0.5)",20,0.1125136488586648,0.6764705882352942,971
[4],0.03,0.012,0.008,0.25,0.0,tanh,adam,0.02,64,gaussian,"(-0.5, 0.5)",20,0.08276450344099512,0.7647058823529411,972
[4],0.16999999999999998,0.01,0.0,0.05,0.6000000000000001,sigmoid,adam,0.04,32,xavier,"(-0.7, 0.7)",35,0.08680364651590779,1.0,973
[5],0.049999999999999996,0.008,0.0,0.25,0.0,tanh,adam,0.0,16,glorot,"(-0.5, 0.5)",20,0.0431253824034798,1.0,974
[6],0.15,0.01,0.008,0.05,0.6000000000000001,tanh,adam,0.01,32,range,"(-0.1, 0.1)",30,0.0601831934411848,1.0,975
[4],0.01,0.0,0.002,0.25,0.6000000000000001,sigmoid,adam,0.03,32,glorot,"(-0.7, 0.7)",20,0.10446759870798532,0.6764705882352942,976
[5],0.18999999999999997,0.014,0.004,0.1,0.7000000000000001,sigmoid,sgd,0.04,16,range,"(-0.7, 0.7)",35,0.10821747402447386,0.6764705882352942,977
[6],0.18999999999999997,0.016,0.004,0.2,0.1,tanh,adam,0.0,32,he,"(-0.1, 0.1)",30,0.0787418544539926,1.0,978
[4],0.049999999999999996,0.012,0.006,0.1,0.30000000000000004,sigmoid,sgd,0.01,32,glorot,"(-0.1, 0.1)",20,0.11502250159570195,0.6764705882352942,979
[3],0.049999999999999996,0.016,0.008,0.25,0.8,sigmoid,sgd,0.02,32,range,"(-0.5, 0.5)",20,0.11273009469537235,0.6764705882352942,980
[5],0.01,0.0,0.0,0.05,0.7000000000000001,tanh,sgd,0.01,16,range,"(-0.7, 0.7)",35,0.108535403210212,0.7058823529411765,981
[5],0.15,0.008,0.002,0.25,0.2,tanh,adam,0.03,64,gaussian,"(-0.7, 0.7)",35,0.06519698591275033,0.9705882352941176,982
[4],0.049999999999999996,0.006,0.006,0.2,0.8,tanh,sgd,0.02,32,gaussian,"(-0.5, 0.5)",35,0.12089859001166058,0.6764705882352942,983
[3],0.12999999999999998,0.002,0.002,0.25,0.4,tanh,adam,0.02,64,range,"(-0.7, 0.7)",35,0.06756868606609054,0.8235294117647058,984
[5],0.12999999999999998,0.0,0.004,0.2,0.6000000000000001,tanh,adam,0.04,64,xavier,"(-0.7, 0.7)",35,0.015332132246649664,1.0,985
[4],0.01,0.018000000000000002,0.006,0.05,0.30000000000000004,tanh,sgd,0.0,8,range,"(-0.1, 0.1)",30,0.11240372550372134,0.6764705882352942,986
[3],0.12999999999999998,0.012,0.002,0.0,0.1,tanh,adam,0.02,32,glorot,"(-0.7, 0.7)",35,0.06135602666277351,0.9411764705882353,987
[6],0.08999999999999998,0.01,0.006,0.25,0.8,tanh,adam,0.02,32,glorot,"(-0.5, 0.5)",20,0.06532422942729635,1.0,988
[4],0.08999999999999998,0.014,0.006,0.1,0.0,sigmoid,sgd,0.03,64,he,"(-0.7, 0.7)",30,0.11871095376768225,0.6470588235294118,989
[4],0.08999999999999998,0.0,0.004,0.0,0.6000000000000001,tanh,adam,0.02,32,gaussian,"(-0.1, 0.1)",20,0.007410194791782058,1.0,990
[5],0.08999999999999998,0.008,0.0,0.2,0.7000000000000001,tanh,sgd,0.01,16,xavier,"(-0.7, 0.7)",30,0.0784583336710084,0.7352941176470589,991
[6],0.01,0.016,0.002,0.1,0.7000000000000001,sigmoid,sgd,0.03,8,xavier,"(-0.5, 0.5)",20,0.11303141240533716,0.6764705882352942,992
[3],0.18999999999999997,0.008,0.004,0.05,0.30000000000000004,tanh,sgd,0.01,8,he,"(-0.7, 0.7)",20,0.023275858671982893,0.9705882352941176,993
[4],0.01,0.018000000000000002,0.004,0.25,0.1,sigmoid,adam,0.04,8,range,"(-0.5, 0.5)",35,0.10948494378301371,0.6764705882352942,994
[3],0.18999999999999997,0.014,0.008,0.15000000000000002,0.7000000000000001,sigmoid,adam,0.02,16,range,"(-0.5, 0.5)",20,0.10142160570298815,0.6764705882352942,995
[4],0.10999999999999997,0.012,0.008,0.1,0.8,sigmoid,adam,0.02,8,glorot,"(-0.1, 0.1)",30,0.0756898622220768,1.0,996
[6],0.15,0.008,0.008,0.0,0.5,tanh,sgd,0.04,32,gaussian,"(-0.5, 0.5)",35,0.11701604901697757,0.6764705882352942,997
[3],0.049999999999999996,0.012,0.0,0.05,0.4,tanh,sgd,0.0,16,gaussian,"(-0.5, 0.5)",35,0.11697215156031777,0.6764705882352942,998
[4],0.10999999999999997,0.016,0.004,0.2,0.0,tanh,sgd,0.02,16,gaussian,"(-0.1, 0.1)",20,0.10953783942894839,0.6764705882352942,999
[6],0.15,0.014,0.004,0.2,0.6000000000000001,tanh,adam,0.04,32,gaussian,"(-0.7, 0.7)",30,0.06665030679201527,1.0,1000
[3],0.16999999999999998,0.012,0.004,0.25,0.8,sigmoid,sgd,0.0,16,range,"(-0.5, 0.5)",35,0.08571934215044363,0.6176470588235294,1
[6],0.16999999999999998,0.008,0.0,0.2,0.6000000000000001,sigmoid,sgd,0.01,16,glorot,"(-0.1, 0.1)",35,0.10819475116899864,0.6764705882352942,2
[5],0.16999999999999998,0.012,0.008,0.1,0.2,tanh,adam,0.03,32,range,"(-0.1, 0.1)",20,0.06858026459230585,1.0,3
[6],0.06999999999999999,0.0,0.006,0.15000000000000002,0.2,sigmoid,sgd,0.02,8,range,"(-0.1, 0.1)",30,0.10996490087269808,0.7058823529411765,4
[4],0.08999999999999998,0.004,0.006,0.1,0.5,tanh,adam,0.04,8,glorot,"(-0.1, 0.1)",20,0.02351539024723699,1.0,5
[4],0.15,0.004,0.002,0.25,0.7000000000000001,sigmoid,adam,0.04,8,xavier,"(-0.1, 0.1)",20,0.040490456924845236,1.0,6
[6],0.18999999999999997,0.0,0.0,0.25,0.6000000000000001,tanh,adam,0.04,64,gaussian,"(-0.7, 0.7)",35,0.001340803956658963,1.0,7
[5],0.15,0.014,0.008,0.1,0.4,sigmoid,adam,0.03,64,he,"(-0.5, 0.5)",20,0.0950669335905706,0.9117647058823529,8
[3],0.16999999999999998,0.016,0.008,0.25,0.0,tanh,sgd,0.03,8,he,"(-0.7, 0.7)",20,0.10293211900858637,0.7058823529411765,9
[5],0.15,0.018000000000000002,0.0,0.2,0.4,tanh,adam,0.01,64,range,"(-0.1, 0.1)",35,0.10186876065226003,0.8823529411764706,10
[5],0.16999999999999998,0.016,0.006,0.15000000000000002,0.30000000000000004,sigmoid,sgd,0.0,64,glorot,"(-0.1, 0.1)",20,0.11045482351634935,0.7058823529411765,11
[4],0.18999999999999997,0.012,0.0,0.05,0.1,sigmoid,adam,0.0,8,xavier,"(-0.7, 0.7)",35,0.07659513587651959,1.0,12
[6],0.03,0.016,0.002,0.0,0.7000000000000001,sigmoid,adam,0.03,8,gaussian,"(-0.1, 0.1)",30,0.07896426095633277,1.0,13
[4],0.06999999999999999,0.014,0.002,0.2,0.8,sigmoid,adam,0.04,16,xavier,"(-0.5, 0.5)",35,0.09488417208414576,1.0,14
[6],0.08999999999999998,0.018000000000000002,0.006,0.0,0.30000000000000004,tanh,sgd,0.03,64,he,"(-0.5, 0.5)",35,0.11090462278306065,0.7647058823529411,15
[6],0.16999999999999998,0.006,0.002,0.1,0.5,tanh,sgd,0.03,64,xavier,"(-0.7, 0.7)",20,0.09955459303563846,0.7352941176470589,16
[4],0.06999999999999999,0.002,0.004,0.1,0.5,sigmoid,adam,0.03,8,he,"(-0.1, 0.1)",35,0.03241046795339575,1.0,17
[3],0.16999999999999998,0.014,0.008,0.2,0.30000000000000004,tanh,adam,0.02,8,he,"(-0.5, 0.5)",35,0.06512527701108543,0.9705882352941176,18
[4],0.03,0.002,0.004,0.0,0.4,tanh,sgd,0.0,16,xavier,"(-0.7, 0.7)",30,0.09944888982331826,0.7941176470588235,19
[3],0.06999999999999999,0.012,0.008,0.15000000000000002,0.1,tanh,adam,0.04,8,gaussian,"(-0.7, 0.7)",35,0.06629338097992007,0.9117647058823529,20
[6],0.15,0.018000000000000002,0.006,0.2,0.0,sigmoid,sgd,0.02,32,he,"(-0.5, 0.5)",35,0.11125398235526571,0.7058823529411765,21
[5],0.08999999999999998,0.012,0.006,0.2,0.4,sigmoid,sgd,0.03,64,he,"(-0.1, 0.1)",20,0.11191272692489092,0.7058823529411765,22
[6],0.06999999999999999,0.004,0.008,0.1,0.7000000000000001,sigmoid,adam,0.04,16,gaussian,"(-0.5, 0.5)",35,0.06225358692260883,1.0,23
[6],0.10999999999999997,0.014,0.002,0.2,0.2,tanh,sgd,0.0,64,range,"(-0.7, 0.7)",20,0.11437123972524982,0.7058823529411765,24
[3],0.049999999999999996,0.018000000000000002,0.0,0.1,0.8,tanh,adam,0.01,16,xavier,"(-0.1, 0.1)",30,0.05774350362214404,0.9705882352941176,25
[3],0.12999999999999998,0.01,0.0,0.2,0.5,tanh,sgd,0.04,64,glorot,"(-0.1, 0.1)",30,0.10524939088532129,0.7058823529411765,26
[4],0.08999999999999998,0.008,0.006,0.15000000000000002,0.4,tanh,sgd,0.0,32,range,"(-0.5, 0.5)",35,0.10070467830149897,0.7352941176470589,27
[5],0.03,0.014,0.004,0.25,0.1,tanh,sgd,0.03,8,he,"(-0.1, 0.1)",20,0.10805667864021119,0.7058823529411765,28
[4],0.03,0.016,0.0,0.15000000000000002,0.8,sigmoid,adam,0.0,16,he,"(-0.5, 0.5)",35,0.07628945404339074,1.0,29
[6],0.12999999999999998,0.0,0.008,0.1,0.8,sigmoid,adam,0.03,32,gaussian,"(-0.7, 0.7)",20,0.020822125259443835,1.0,30
[4],0.16999999999999998,0.012,0.004,0.25,0.30000000000000004,sigmoid,sgd,0.01,64,he,"(-0.7, 0.7)",20,0.11369901200766443,0.6470588235294118,31
[6],0.049999999999999996,0.002,0.008,0.05,0.6000000000000001,tanh,adam,0.03,8,range,"(-0.7, 0.7)",30,0.03292256172327253,0.9411764705882353,32
[6],0.12999999999999998,0.012,0.0,0.0,0.2,tanh,adam,0.01,32,xavier,"(-0.1, 0.1)",20,0.034325375996488466,1.0,33
[4],0.049999999999999996,0.006,0.004,0.2,0.8,sigmoid,sgd,0.01,64,glorot,"(-0.7, 0.7)",20,0.1090059306059571,0.7058823529411765,34
[6],0.15,0.01,0.008,0.25,0.0,sigmoid,adam,0.03,8,he,"(-0.1, 0.1)",35,0.0903999739635073,1.0,35
[5],0.08999999999999998,0.012,0.0,0.1,0.4,sigmoid,sgd,0.01,16,he,"(-0.1, 0.1)",30,0.108291359323856,0.7058823529411765,36
[5],0.12999999999999998,0.01,0.006,0.1,0.2,tanh,sgd,0.0,64,xavier,"(-0.5, 0.5)",20,0.1028104641458443,0.7058823529411765,37
[6],0.06999999999999999,0.002,0.008,0.2,0.5,tanh,adam,0.02,16,xavier,"(-0.5, 0.5)",35,0.035336433495062824,0.9705882352941176,38
[6],0.12999999999999998,0.008,0.0,0.1,0.0,sigmoid,sgd,0.04,32,gaussian,"(-0.1, 0.1)",35,0.10870143548723002,0.7058823529411765,39
[5],0.10999999999999997,0.002,0.002,0.1,0.4,tanh,adam,0.03,16,xavier,"(-0.7, 0.7)",35,0.028617530858871244,0.9705882352941176,40
[4],0.18999999999999997,0.0,0.004,0.15000000000000002,0.30000000000000004,sigmoid,sgd,0.02,32,he,"(-0.5, 0.5)",35,0.10700565375469084,0.6470588235294118,41
[3],0.10999999999999997,0.014,0.004,0.2,0.30000000000000004,sigmoid,adam,0.0,8,he,"(-0.7, 0.7)",35,0.07941590538656253,1.0,42
[6],0.16999999999999998,0.016,0.006,0.2,0.5,sigmoid,sgd,0.01,8,he,"(-0.1, 0.1)",35,0.10704151231002895,0.7058823529411765,43
[5],0.08999999999999998,0.006,0.006,0.15000000000000002,0.6000000000000001,tanh,sgd,0.04,16,gaussian,"(-0.7, 0.7)",35,0.1191082761020327,0.7058823529411765,44
[5],0.16999999999999998,0.0,0.0,0.0,0.8,tanh,sgd,0.0,32,xavier,"(-0.7, 0.7)",20,0.0052896886092491475,1.0,45
[5],0.03,0.002,0.004,0.05,0.6000000000000001,tanh,adam,0.01,8,gaussian,"(-0.5, 0.5)",35,0.03582325436407058,0.9411764705882353,46
[3],0.16999999999999998,0.014,0.0,0.0,0.6000000000000001,tanh,adam,0.02,16,he,"(-0.5, 0.5)",20,0.07605508039086148,0.8823529411764706,47
[6],0.16999999999999998,0.0,0.002,0.15000000000000002,0.30000000000000004,sigmoid,sgd,0.02,32,xavier,"(-0.7, 0.7)",35,0.10705244254765285,0.7058823529411765,48
[4],0.01,0.012,0.0,0.0,0.2,sigmoid,sgd,0.01,64,he,"(-0.7, 0.7)",35,0.11350951111149551,0.7058823529411765,49
[5],0.01,0.01,0.002,0.05,0.4,sigmoid,sgd,0.02,16,gaussian,"(-0.5, 0.5)",30,0.12335728660426187,0.7058823529411765,50
[6],0.01,0.002,0.004,0.0,0.4,tanh,sgd,0.0,8,glorot,"(-0.5, 0.5)",20,0.116199262704796,0.6470588235294118,51
[4],0.16999999999999998,0.004,0.002,0.05,0.2,tanh,sgd,0.0,32,xavier,"(-0.7, 0.7)",20,0.0811005983027662,0.7941176470588235,52
[4],0.049999999999999996,0.0,0.004,0.15000000000000002,0.2,sigmoid,sgd,0.04,8,gaussian,"(-0.1, 0.1)",20,0.10993823441883921,0.7058823529411765,53
[5],0.16999999999999998,0.008,0.002,0.05,0.1,sigmoid,sgd,0.01,32,xavier,"(-0.7, 0.7)",30,0.10868427765820653,0.7058823529411765,54
[3],0.06999999999999999,0.004,0.002,0.25,0.4,tanh,adam,0.02,32,xavier,"(-0.1, 0.1)",30,0.05538952414697141,0.9411764705882353,55
[4],0.16999999999999998,0.012,0.004,0.1,0.7000000000000001,tanh,sgd,0.01,32,range,"(-0.7, 0.7)",30,0.05915952234580937,0.8823529411764706,56
[6],0.06999999999999999,0.008,0.002,0.25,0.0,tanh,sgd,0.03,64,glorot,"(-0.7, 0.7)",20,0.11963859107469163,0.6764705882352942,57
[5],0.18999999999999997,0.016,0.004,0.05,0.7000000000000001,sigmoid,adam,0.03,8,he,"(-0.7, 0.7)",20,0.08351492074156758,1.0,58
[6],0.12999999999999998,0.01,0.004,0.2,0.1,tanh,adam,0.03,16,he,"(-0.1, 0.1)",35,0.055732015487864786,1.0,59
[3],0.18999999999999997,0.012,0.006,0.1,0.1,tanh,adam,0.02,16,xavier,"(-0.5, 0.5)",35,0.046138974488800125,1.0,60
[5],0.049999999999999996,0.008,0.006,0.1,0.6000000000000001,tanh,adam,0.01,32,xavier,"(-0.7, 0.7)",35,0.04587784337679137,0.9705882352941176,61
[6],0.049999999999999996,0.018000000000000002,0.008,0.1,0.30000000000000004,sigmoid,adam,0.01,64,glorot,"(-0.7, 0.7)",20,0.10532001609364958,0.7352941176470589,62
[5],0.03,0.01,0.006,0.0,0.2,tanh,adam,0.01,16,he,"(-0.5, 0.5)",20,0.036106135775675625,1.0,63
[5],0.12999999999999998,0.016,0.004,0.2,0.6000000000000001,sigmoid,sgd,0.03,8,glorot,"(-0.7, 0.7)",35,0.10726542139608815,0.7058823529411765,64
[4],0.08999999999999998,0.018000000000000002,0.006,0.2,0.30000000000000004,sigmoid,adam,0.0,32,xavier,"(-0.7, 0.7)",35,0.14668170829149021,1.0,65
[3],0.03,0.012,0.008,0.25,0.30000000000000004,tanh,sgd,0.0,16,gaussian,"(-0.5, 0.5)",20,0.11695732683930951,0.7058823529411765,66
[6],0.049999999999999996,0.012,0.0,0.15000000000000002,0.2,sigmoid,sgd,0.02,64,glorot,"(-0.7, 0.7)",35,0.11645153060246329,0.7058823529411765,67
[3],0.16999999999999998,0.004,0.006,0.25,0.4,sigmoid,sgd,0.01,8,he,"(-0.5, 0.5)",20,0.10715427984316514,0.7058823529411765,68
[5],0.15,0.012,0.002,0.1,0.4,sigmoid,sgd,0.03,32,he,"(-0.5, 0.5)",20,0.10991320241729162,0.7058823529411765,69
[4],0.18999999999999997,0.002,0.006,0.05,0.4,sigmoid,sgd,0.03,32,range,"(-0.7, 0.7)",20,0.10978169750265862,0.7058823529411765,70
[3],0.049999999999999996,0.012,0.006,0.25,0.4,tanh,sgd,0.04,64,glorot,"(-0.7, 0.7)",20,0.10823712207163218,0.6176470588235294,71
[6],0.16999999999999998,0.006,0.002,0.1,0.30000000000000004,sigmoid,sgd,0.0,64,gaussian,"(-0.1, 0.1)",30,0.10722886990598639,0.7058823529411765,72
[3],0.03,0.012,0.002,0.2,0.4,sigmoid,sgd,0.01,16,xavier,"(-0.5, 0.5)",30,0.10951493167644157,0.7058823529411765,73
[4],0.15,0.012,0.006,0.25,0.30000000000000004,tanh,sgd,0.02,8,range,"(-0.7, 0.7)",35,0.0662927485554533,0.8823529411764706,74
[5],0.03,0.0,0.0,0.15000000000000002,0.7000000000000001,sigmoid,sgd,0.0,32,range,"(-0.1, 0.1)",20,0.10842367617917954,0.7058823529411765,75
[6],0.01,0.008,0.008,0.25,0.1,sigmoid,sgd,0.02,16,gaussian,"(-0.1, 0.1)",35,0.11466478339922583,0.7058823529411765,76
[6],0.12999999999999998,0.002,0.006,0.2,0.0,sigmoid,sgd,0.01,32,xavier,"(-0.1, 0.1)",20,0.10883829858464483,0.7058823529411765,77
[5],0.16999999999999998,0.01,0.004,0.2,0.4,sigmoid,sgd,0.01,32,xavier,"(-0.1, 0.1)",30,0.10852586232450262,0.7058823529411765,78
[3],0.15,0.018000000000000002,0.0,0.15000000000000002,0.1,sigmoid,adam,0.0,8,he,"(-0.5, 0.5)",20,0.09226345049439319,1.0,79
[3],0.15,0.002,0.002,0.05,0.1,tanh,sgd,0.01,32,glorot,"(-0.7, 0.7)",20,0.10336612215512121,0.6470588235294118,80
[4],0.16999999999999998,0.016,0.0,0.1,0.1,sigmoid,sgd,0.04,64,he,"(-0.5, 0.5)",20,0.11333762409526954,0.6470588235294118,81
[6],0.03,0.018000000000000002,0.002,0.15000000000000002,0.7000000000000001,tanh,adam,0.03,32,glorot,"(-0.1, 0.1)",35,0.06022750352537393,0.9411764705882353,82
[3],0.06999999999999999,0.016,0.0,0.0,0.7000000000000001,tanh,sgd,0.03,8,range,"(-0.5, 0.5)",20,0.0644951093002579,0.8823529411764706,83
[4],0.049999999999999996,0.002,0.004,0.1,0.0,sigmoid,sgd,0.0,32,xavier,"(-0.5, 0.5)",20,0.11054102934082957,0.7058823529411765,84
[6],0.18999999999999997,0.012,0.002,0.15000000000000002,0.1,tanh,adam,0.02,32,xavier,"(-0.5, 0.5)",20,0.062206774507721004,1.0,85
[6],0.08999999999999998,0.002,0.0,0.05,0.5,tanh,adam,0.0,64,range,"(-0.7, 0.7)",35,0.013039167490287846,1.0,86
[5],0.16999999999999998,0.016,0.004,0.15000000000000002,0.6000000000000001,tanh,sgd,0.0,8,he,"(-0.1, 0.1)",35,0.034536986301283344,1.0,87
[5],0.12999999999999998,0.014,0.004,0.25,0.6000000000000001,sigmoid,adam,0.02,32,xavier,"(-0.1, 0.1)",30,0.13223854275159277,1.0,88
[3],0.15,0.004,0.006,0.15000000000000002,0.2,tanh,adam,0.02,8,he,"(-0.5, 0.5)",20,0.03628956731833699,1.0,89
[6],0.01,0.0,0.0,0.1,0.4,sigmoid,sgd,0.0,64,range,"(-0.7, 0.7)",30,0.11987625166187676,0.7058823529411765,90
[4],0.08999999999999998,0.0,0.008,0.15000000000000002,0.1,sigmoid,sgd,0.03,64,range,"(-0.7, 0.7)",20,0.11344872372176752,0.7058823529411765,91
[5],0.03,0.014,0.002,0.2,0.2,sigmoid,adam,0.03,16,xavier,"(-0.7, 0.7)",35,0.08071278519570571,1.0,92
[3],0.03,0.01,0.002,0.05,0.30000000000000004,sigmoid,sgd,0.01,16,range,"(-0.1, 0.1)",30,0.10900250845709483,0.7058823529411765,93
[3],0.16999999999999998,0.008,0.006,0.1,0.2,sigmoid,adam,0.04,32,gaussian,"(-0.1, 0.1)",30,0.09142362995741765,0.7058823529411765,94
[3],0.01,0.016,0.004,0.15000000000000002,0.1,sigmoid,adam,0.0,8,xavier,"(-0.5, 0.5)",35,0.10466713765166223,0.7058823529411765,95
[3],0.10999999999999997,0.006,0.004,0.15000000000000002,0.2,sigmoid,sgd,0.0,64,he,"(-0.1, 0.1)",35,0.10812128519281589,0.7058823529411765,96
[5],0.15,0.016,0.0,0.2,0.7000000000000001,sigmoid,sgd,0.01,8,gaussian,"(-0.1, 0.1)",30,0.0946341299060151,0.6176470588235294,97
[3],0.18999999999999997,0.008,0.004,0.05,0.4,sigmoid,adam,0.01,8,he,"(-0.5, 0.5)",30,0.05546091788809383,1.0,98
[6],0.15,0.008,0.002,0.2,0.0,sigmoid,sgd,0.04,16,gaussian,"(-0.5, 0.5)",20,0.11585333530272872,0.7058823529411765,99
[5],0.15,0.016,0.0,0.25,0.30000000000000004,tanh,sgd,0.01,8,xavier,"(-0.7, 0.7)",35,0.06858206183838711,0.8823529411764706,100
[6],0.08999999999999998,0.006,0.006,0.2,0.0,tanh,adam,0.04,32,he,"(-0.5, 0.5)",30,0.04202437027827451,1.0,101
[5],0.01,0.016,0.004,0.05,0.0,tanh,adam,0.04,8,he,"(-0.5, 0.5)",20,0.059421139002413484,0.9117647058823529,102
[6],0.01,0.012,0.0,0.25,0.0,tanh,adam,0.03,64,xavier,"(-0.1, 0.1)",30,0.09730838012108378,0.7941176470588235,103
[5],0.10999999999999997,0.014,0.0,0.0,0.6000000000000001,tanh,sgd,0.03,64,gaussian,"(-0.1, 0.1)",30,0.10853367455118819,0.7058823529411765,104
[3],0.08999999999999998,0.018000000000000002,0.008,0.0,0.2,tanh,sgd,0.0,32,xavier,"(-0.5, 0.5)",35,0.1069801560619553,0.7058823529411765,105
[6],0.18999999999999997,0.018000000000000002,0.002,0.25,0.6000000000000001,tanh,adam,0.02,64,glorot,"(-0.1, 0.1)",30,0.09835473521216682,0.9411764705882353,106
[3],0.16999999999999998,0.008,0.002,0.05,0.2,tanh,sgd,0.01,32,range,"(-0.1, 0.1)",20,0.10071114504909144,0.7352941176470589,107
[5],0.03,0.014,0.002,0.1,0.1,tanh,adam,0.01,64,range,"(-0.1, 0.1)",30,0.049732535153168785,0.9705882352941176,108
[5],0.10999999999999997,0.014,0.004,0.2,0.0,tanh,sgd,0.03,64,gaussian,"(-0.1, 0.1)",30,0.10949862894596117,0.7058823529411765,109
[4],0.10999999999999997,0.014,0.0,0.05,0.30000000000000004,sigmoid,sgd,0.04,32,range,"(-0.5, 0.5)",30,0.10995122381991641,0.7058823529411765,110
[4],0.06999999999999999,0.002,0.004,0.25,0.8,sigmoid,adam,0.01,8,he,"(-0.1, 0.1)",20,0.03133354383340199,1.0,111
[6],0.12999999999999998,0.004,0.008,0.2,0.1,tanh,sgd,0.0,64,he,"(-0.1, 0.1)",35,0.10286035547209406,0.7352941176470589,112
[4],0.049999999999999996,0.0,0.004,0.0,0.6000000000000001,tanh,sgd,0.0,32,xavier,"(-0.7, 0.7)",20,0.09856883830400556,0.8235294117647058,113
[6],0.12999999999999998,0.018000000000000002,0.002,0.15000000000000002,0.0,tanh,sgd,0.01,32,gaussian,"(-0.1, 0.1)",20,0.10603963809757577,0.7058823529411765,114
[4],0.18999999999999997,0.004,0.008,0.0,0.4,tanh,sgd,0.01,16,gaussian,"(-0.5, 0.5)",20,0.11201187631239325,0.7058823529411765,115
[3],0.03,0.018000000000000002,0.002,0.25,0.30000000000000004,sigmoid,adam,0.04,16,glorot,"(-0.7, 0.7)",30,0.08658249482183049,0.8823529411764706,116
[3],0.18999999999999997,0.0,0.0,0.0,0.0,sigmoid,adam,0.03,8,glorot,"(-0.1, 0.1)",20,0.08448808015489519,0.7352941176470589,117
[5],0.12999999999999998,0.008,0.006,0.0,0.8,tanh,adam,0.04,32,gaussian,"(-0.7, 0.7)",30,0.03273215823078254,1.0,118
[4],0.06999999999999999,0.0,0.004,0.1,0.30000000000000004,sigmoid,sgd,0.0,64,glorot,"(-0.5, 0.5)",35,0.11005435329712752,0.7058823529411765,119
[3],0.08999999999999998,0.01,0.006,0.1,0.7000000000000001,tanh,sgd,0.03,8,gaussian,"(-0.7, 0.7)",30,0.11426181225839918,0.7058823529411765,120
[5],0.06999999999999999,0.018000000000000002,0.0,0.0,0.7000000000000001,tanh,adam,0.03,64,he,"(-0.1, 0.1)",30,0.046819764623849784,0.9705882352941176,121
[4],0.15,0.012,0.0,0.05,0.0,sigmoid,sgd,0.02,64,range,"(-0.1, 0.1)",30,0.10710313534921034,0.7058823529411765,122
[3],0.18999999999999997,0.0,0.002,0.05,0.30000000000000004,sigmoid,sgd,0.03,64,range,"(-0.7, 0.7)",30,0.10489770401269402,0.7058823529411765,123
[3],0.12999999999999998,0.014,0.006,0.05,0.5,sigmoid,sgd,0.01,16,glorot,"(-0.1, 0.1)",35,0.10601687579585543,0.7058823529411765,124
[5],0.18999999999999997,0.004,0.0,0.05,0.6000000000000001,tanh,adam,0.03,16,glorot,"(-0.1, 0.1)",20,0.021023395559905646,1.0,125
[5],0.049999999999999996,0.018000000000000002,0.004,0.05,0.0,sigmoid,sgd,0.01,64,he,"(-0.1, 0.1)",35,0.11378541072780973,0.7058823529411765,126
[4],0.06999999999999999,0.002,0.002,0.05,0.4,tanh,adam,0.04,64,glorot,"(-0.7, 0.7)",20,0.01011815476522544,1.0,127
[4],0.15,0.016,0.004,0.0,0.7000000000000001,sigmoid,adam,0.03,32,range,"(-0.1, 0.1)",30,0.10247345136450245,0.7058823529411765,128
[4],0.16999999999999998,0.004,0.0,0.0,0.1,tanh,sgd,0.03,32,xavier,"(-0.7, 0.7)",30,0.09719968346342589,0.7647058823529411,129
[6],0.08999999999999998,0.004,0.006,0.15000000000000002,0.30000000000000004,tanh,sgd,0.01,64,xavier,"(-0.5, 0.5)",30,0.10325066455071621,0.7058823529411765,130
[5],0.06999999999999999,0.006,0.006,0.1,0.6000000000000001,tanh,adam,0.04,64,glorot,"(-0.5, 0.5)",35,0.03903962767438813,0.9117647058823529,131
[6],0.16999999999999998,0.008,0.008,0.15000000000000002,0.2,sigmoid,adam,0.04,32,he,"(-0.1, 0.1)",20,0.0766202396435303,1.0,132
[5],0.12999999999999998,0.004,0.004,0.0,0.6000000000000001,sigmoid,adam,0.02,64,range,"(-0.5, 0.5)",20,0.04238636174163581,1.0,133
[4],0.01,0.012,0.002,0.15000000000000002,0.6000000000000001,tanh,sgd,0.04,16,he,"(-0.7, 0.7)",20,0.10694394828066656,0.6764705882352942,134
[6],0.18999999999999997,0.006,0.004,0.25,0.4,sigmoid,sgd,0.01,8,he,"(-0.5, 0.5)",35,0.10582723696471001,0.7058823529411765,135
[5],0.01,0.004,0.002,0.05,0.4,tanh,adam,0.04,8,he,"(-0.5, 0.5)",30,0.05358984830454173,0.9117647058823529,136
[6],0.049999999999999996,0.01,0.0,0.2,0.4,sigmoid,adam,0.0,16,xavier,"(-0.7, 0.7)",35,0.0864015854147315,1.0,137
[4],0.03,0.008,0.006,0.2,0.2,sigmoid,sgd,0.03,16,gaussian,"(-0.7, 0.7)",35,0.1254393441840182,0.7058823529411765,138
[5],0.10999999999999997,0.002,0.006,0.15000000000000002,0.6000000000000001,tanh,sgd,0.03,16,glorot,"(-0.7, 0.7)",20,0.06113319197583097,0.9117647058823529,139
[4],0.16999999999999998,0.012,0.002,0.0,0.1,sigmoid,sgd,0.01,8,gaussian,"(-0.7, 0.7)",35,0.1184551727161225,0.7058823529411765,140
[5],0.16999999999999998,0.008,0.002,0.15000000000000002,0.4,sigmoid,sgd,0.01,64,glorot,"(-0.7, 0.7)",35,0.10823004384323665,0.7058823529411765,141
[6],0.01,0.016,0.002,0.25,0.8,tanh,adam,0.0,16,glorot,"(-0.1, 0.1)",30,0.07542543627635799,0.9411764705882353,142
[5],0.18999999999999997,0.008,0.006,0.2,0.2,sigmoid,adam,0.03,32,range,"(-0.7, 0.7)",20,0.06911411486034813,1.0,143
[3],0.06999999999999999,0.004,0.004,0.2,0.5,sigmoid,sgd,0.02,8,gaussian,"(-0.1, 0.1)",20,0.10874206446815571,0.7058823529411765,144
[5],0.08999999999999998,0.012,0.0,0.15000000000000002,0.5,sigmoid,sgd,0.01,8,he,"(-0.5, 0.5)",35,0.1069445983709184,0.7058823529411765,145
[3],0.01,0.008,0.0,0.1,0.30000000000000004,sigmoid,adam,0.03,64,range,"(-0.5, 0.5)",20,0.10438154777528126,0.7058823529411765,146
[4],0.10999999999999997,0.006,0.008,0.25,0.1,tanh,sgd,0.03,32,glorot,"(-0.5, 0.5)",30,0.10332342059375073,0.7352941176470589,147
[3],0.06999999999999999,0.0,0.008,0.25,0.0,sigmoid,adam,0.04,32,glorot,"(-0.5, 0.5)",30,0.04752345499417507,0.9705882352941176,148
[3],0.15,0.014,0.008,0.1,0.0,sigmoid,sgd,0.01,64,gaussian,"(-0.5, 0.5)",35,0.11705477106526632,0.7058823529411765,149
[4],0.15,0.002,0.006,0.0,0.1,tanh,adam,0.03,64,gaussian,"(-0.1, 0.1)",35,0.028520369535856877,0.9411764705882353,150
[6],0.12999999999999998,0.014,0.004,0.2,0.8,sigmoid,sgd,0.01,64,gaussian,"(-0.5, 0.5)",20,0.11927509824360714,0.7058823529411765,151
[5],0.01,0.01,0.008,0.05,0.5,sigmoid,adam,0.02,8,range,"(-0.5, 0.5)",30,0.09763009286175835,0.7058823529411765,152
[5],0.15,0.004,0.008,0.1,0.30000000000000004,tanh,sgd,0.01,16,he,"(-0.1, 0.1)",30,0.09649737435769132,0.7058823529411765,153
[6],0.049999999999999996,0.002,0.006,0.25,0.7000000000000001,tanh,sgd,0.0,32,range,"(-0.5, 0.5)",30,0.1083615496207768,0.6764705882352942,154
[6],0.16999999999999998,0.014,0.008,0.05,0.0,sigmoid,sgd,0.01,32,xavier,"(-0.1, 0.1)",30,0.10960965942139865,0.7058823529411765,155
[4],0.15,0.012,0.006,0.2,0.8,sigmoid,adam,0.02,8,he,"(-0.7, 0.7)",35,0.08191243285089982,1.0,156
[3],0.049999999999999996,0.01,0.002,0.2,0.5,tanh,adam,0.0,16,gaussian,"(-0.7, 0.7)",30,0.05777988610084488,0.9411764705882353,157
[4],0.01,0.016,0.008,0.15000000000000002,0.2,sigmoid,adam,0.01,16,glorot,"(-0.5, 0.5)",30,0.09682899673577836,0.7352941176470589,158
[6],0.03,0.002,0.008,0.1,0.2,tanh,sgd,0.03,64,xavier,"(-0.1, 0.1)",35,0.11108396098304167,0.7058823529411765,159
[3],0.01,0.014,0.0,0.05,0.1,sigmoid,sgd,0.02,16,xavier,"(-0.5, 0.5)",35,0.11277496918907763,0.7058823529411765,160
[5],0.15,0.006,0.0,0.1,0.7000000000000001,tanh,adam,0.0,64,gaussian,"(-0.7, 0.7)",35,0.0372600089807361,0.9705882352941176,161
[6],0.03,0.012,0.004,0.25,0.6000000000000001,tanh,adam,0.03,64,glorot,"(-0.5, 0.5)",20,0.08871668495030446,0.8529411764705882,162
[6],0.16999999999999998,0.006,0.002,0.1,0.4,sigmoid,sgd,0.04,32,xavier,"(-0.1, 0.1)",30,0.10775950133343297,0.7058823529411765,163
[4],0.12999999999999998,0.01,0.002,0.15000000000000002,0.30000000000000004,sigmoid,sgd,0.0,8,he,"(-0.1, 0.1)",35,0.09534711649446591,0.6470588235294118,164
[3],0.15,0.0,0.004,0.25,0.4,tanh,sgd,0.03,8,gaussian,"(-0.5, 0.5)",30,0.10733540391042881,0.7058823529411765,165
[3],0.03,0.01,0.0,0.25,0.1,sigmoid,sgd,0.03,16,glorot,"(-0.1, 0.1)",20,0.10773214509128697,0.7058823529411765,166
[3],0.049999999999999996,0.012,0.004,0.2,0.30000000000000004,tanh,adam,0.02,64,range,"(-0.1, 0.1)",20,0.061330323990106565,0.8823529411764706,167
[5],0.08999999999999998,0.016,0.008,0.25,0.30000000000000004,tanh,adam,0.0,16,gaussian,"(-0.5, 0.5)",35,0.09348449222171232,1.0,168
[6],0.15,0.018000000000000002,0.0,0.1,0.6000000000000001,sigmoid,adam,0.03,32,xavier,"(-0.1, 0.1)",20,0.09862318910725529,0.7058823529411765,169
[4],0.03,0.014,0.002,0.25,0.6000000000000001,tanh,adam,0.01,16,he,"(-0.5, 0.5)",35,0.04223032770073326,1.0,170
[5],0.08999999999999998,0.018000000000000002,0.002,0.25,0.7000000000000001,sigmoid,adam,0.0,8,gaussian,"(-0.7, 0.7)",35,0.10200961430523864,1.0,171
[4],0.01,0.016,0.006,0.25,0.0,sigmoid,adam,0.03,8,he,"(-0.1, 0.1)",35,0.1051106325996619,0.7058823529411765,172
[3],0.16999999999999998,0.01,0.004,0.05,0.2,tanh,sgd,0.03,16,gaussian,"(-0.7, 0.7)",35,0.11760376010680366,0.7058823529411765,173
[4],0.06999999999999999,0.01,0.006,0.25,0.30000000000000004,tanh,sgd,0.0,8,gaussian,"(-0.1, 0.1)",35,0.10379471840094191,0.7058823529411765,174
[3],0.18999999999999997,0.0,0.008,0.2,0.30000000000000004,sigmoid,adam,0.04,8,gaussian,"(-0.5, 0.5)",35,0.023936167923305406,1.0,175
[3],0.049999999999999996,0.016,0.002,0.1,0.4,sigmoid,adam,0.04,16,range,"(-0.7, 0.7)",20,0.08274683694548751,1.0,176
[4],0.01,0.008,0.002,0.25,0.7000000000000001,tanh,adam,0.0,16,glorot,"(-0.5, 0.5)",20,0.05869131718587371,0.9117647058823529,177
[3],0.16999999999999998,0.002,0.002,0.05,0.6000000000000001,sigmoid,adam,0.04,32,glorot,"(-0.7, 0.7)",30,0.039326464000015264,0.9411764705882353,178
[6],0.01,0.01,0.002,0.0,0.1,sigmoid,adam,0.04,16,xavier,"(-0.1, 0.1)",35,0.10256470033215015,0.7352941176470589,179
[6],0.15,0.006,0.008,0.15000000000000002,0.8,tanh,sgd,0.0,8,he,"(-0.1, 0.1)",35,0.0332714429641924,1.0,180
[6],0.18999999999999997,0.006,0.006,0.15000000000000002,0.5,sigmoid,sgd,0.03,64,glorot,"(-0.5, 0.5)",35,0.11370308538647914,0.7058823529411765,181
[3],0.16999999999999998,0.014,0.006,0.15000000000000002,0.2,sigmoid,adam,0.01,64,range,"(-0.7, 0.7)",35,0.09828171132750362,1.0,182
[5],0.01,0.002,0.006,0.25,0.2,tanh,adam,0.01,16,xavier,"(-0.5, 0.5)",30,0.062116715828240764,0.8823529411764706,183
[6],0.15,0.016,0.008,0.0,0.30000000000000004,tanh,adam,0.0,64,he,"(-0.1, 0.1)",20,0.04999001814306318,1.0,184
[3],0.15,0.008,0.008,0.2,0.30000000000000004,tanh,sgd,0.01,32,he,"(-0.7, 0.7)",30,0.1064135072664106,0.7058823529411765,185
[6],0.15,0.004,0.006,0.1,0.7000000000000001,tanh,adam,0.0,16,range,"(-0.5, 0.5)",35,0.04767290523337972,1.0,186
[3],0.10999999999999997,0.0,0.0,0.25,0.4,sigmoid,adam,0.0,64,he,"(-0.5, 0.5)",35,0.02572550268629988,1.0,187
[4],0.18999999999999997,0.002,0.002,0.2,0.5,tanh,adam,0.0,64,gaussian,"(-0.7, 0.7)",20,0.038635070943725744,0.9411764705882353,188
[5],0.16999999999999998,0.012,0.0,0.0,0.5,sigmoid,sgd,0.04,16,he,"(-0.5, 0.5)",35,0.1070212297554005,0.7058823529411765,189
[4],0.16999999999999998,0.014,0.008,0.15000000000000002,0.5,tanh,sgd,0.01,8,xavier,"(-0.7, 0.7)",20,0.03954710656091799,1.0,190
[3],0.03,0.002,0.002,0.1,0.0,sigmoid,adam,0.0,64,he,"(-0.1, 0.1)",35,0.07974350214881447,0.7058823529411765,191
[3],0.12999999999999998,0.018000000000000002,0.004,0.05,0.2,sigmoid,sgd,0.01,64,range,"(-0.1, 0.1)",20,0.10859758128707717,0.7058823529411765,192
[3],0.12999999999999998,0.004,0.0,0.0,0.7000000000000001,sigmoid,sgd,0.01,32,xavier,"(-0.5, 0.5)",35,0.10617629736119,0.7058823529411765,193
[6],0.049999999999999996,0.008,0.008,0.15000000000000002,0.5,sigmoid,adam,0.02,8,he,"(-0.5, 0.5)",35,0.06368549493340214,1.0,194
[3],0.08999999999999998,0.008,0.006,0.25,0.5,tanh,adam,0.02,8,glorot,"(-0.7, 0.7)",30,0.036792434505193594,1.0,195
[4],0.10999999999999997,0.008,0.004,0.1,0.30000000000000004,tanh,adam,0.0,32,glorot,"(-0.7, 0.7)",30,0.05225372440860508,1.0,196
[6],0.10999999999999997,0.016,0.002,0.25,0.4,sigmoid,adam,0.04,16,he,"(-0.7, 0.7)",35,0.13163901895876093,1.0,197
[6],0.049999999999999996,0.012,0.006,0.05,0.6000000000000001,tanh,adam,0.04,32,xavier,"(-0.1, 0.1)",20,0.04423151604446688,0.9705882352941176,198
[6],0.15,0.01,0.008,0.15000000000000002,0.0,tanh,sgd,0.01,64,range,"(-0.7, 0.7)",20,0.11753244914088876,0.7058823529411765,199
[5],0.08999999999999998,0.006,0.006,0.2,0.5,sigmoid,adam,0.0,32,he,"(-0.1, 0.1)",30,0.08757155611373021,1.0,200
[3],0.18999999999999997,0.004,0.008,0.1,0.6000000000000001,tanh,sgd,0.0,8,glorot,"(-0.1, 0.1)",30,0.06406384450959868,0.8529411764705882,201
[4],0.18999999999999997,0.006,0.008,0.0,0.7000000000000001,tanh,sgd,0.03,16,range,"(-0.5, 0.5)",30,0.029335506381910282,0.9705882352941176,202
[5],0.01,0.006,0.008,0.0,0.1,tanh,sgd,0.02,32,gaussian,"(-0.5, 0.5)",20,0.12262483253092728,0.7058823529411765,203
[4],0.01,0.008,0.004,0.0,0.2,sigmoid,adam,0.01,32,xavier,"(-0.1, 0.1)",20,0.10201214656676909,0.6764705882352942,204
[6],0.18999999999999997,0.008,0.002,0.05,0.7000000000000001,tanh,sgd,0.0,8,gaussian,"(-0.1, 0.1)",20,0.026855917017253844,1.0,205
[5],0.18999999999999997,0.0,0.004,0.05,0.6000000000000001,tanh,sgd,0.03,32,xavier,"(-0.7, 0.7)",30,0.09497915989745191,0.6764705882352942,206
[6],0.049999999999999996,0.01,0.0,0.25,0.0,tanh,adam,0.01,16,range,"(-0.7, 0.7)",35,0.05162929702311349,1.0,207
[5],0.10999999999999997,0.008,0.004,0.0,0.4,tanh,sgd,0.04,8,range,"(-0.1, 0.1)",30,0.09939132639546898,0.7352941176470589,208
[3],0.03,0.014,0.004,0.1,0.5,tanh,sgd,0.03,8,glorot,"(-0.1, 0.1)",30,0.10825143051737394,0.6176470588235294,209
[4],0.16999999999999998,0.002,0.006,0.15000000000000002,0.30000000000000004,sigmoid,adam,0.02,64,gaussian,"(-0.1, 0.1)",20,0.053048857665971075,1.0,210
[5],0.15,0.01,0.006,0.25,0.2,tanh,adam,0.0,16,glorot,"(-0.1, 0.1)",35,0.0648421771893736,1.0,211
[5],0.16999999999999998,0.002,0.008,0.25,0.7000000000000001,tanh,sgd,0.0,8,glorot,"(-0.7, 0.7)",20,0.02414487390141623,1.0,212
[3],0.18999999999999997,0.012,0.002,0.0,0.30000000000000004,tanh,sgd,0.03,64,gaussian,"(-0.5, 0.5)",30,0.11349371504414384,0.7058823529411765,213
[3],0.10999999999999997,0.018000000000000002,0.008,0.2,0.2,sigmoid,adam,0.03,16,gaussian,"(-0.1, 0.1)",20,0.10116152866528452,0.7058823529411765,214
[5],0.06999999999999999,0.016,0.008,0.2,0.0,tanh,adam,0.0,32,xavier,"(-0.1, 0.1)",20,0.057472105341761726,1.0,215
[5],0.18999999999999997,0.006,0.006,0.1,0.5,sigmoid,sgd,0.04,16,xavier,"(-0.1, 0.1)",20,0.10725838767210975,0.7058823529411765,216
[5],0.049999999999999996,0.014,0.004,0.1,0.7000000000000001,tanh,adam,0.01,8,gaussian,"(-0.7, 0.7)",30,0.05886430058828862,0.9411764705882353,217
[5],0.18999999999999997,0.0,0.004,0.25,0.4,sigmoid,sgd,0.04,16,he,"(-0.1, 0.1)",30,0.10915860778548436,0.7058823529411765,218
[5],0.06999999999999999,0.002,0.0,0.25,0.2,tanh,adam,0.0,8,he,"(-0.1, 0.1)",30,0.019064799169002805,1.0,219
[4],0.18999999999999997,0.002,0.006,0.2,0.2,tanh,adam,0.0,64,xavier,"(-0.1, 0.1)",35,0.07892244451068978,0.7941176470588235,220
[3],0.12999999999999998,0.004,0.008,0.0,0.0,tanh,sgd,0.04,16,xavier,"(-0.1, 0.1)",35,0.10546759553023405,0.7058823529411765,221
[4],0.12999999999999998,0.018000000000000002,0.0,0.1,0.7000000000000001,sigmoid,adam,0.03,64,gaussian,"(-0.1, 0.1)",30,0.09466620865414155,0.7058823529411765,222
[4],0.18999999999999997,0.016,0.006,0.15000000000000002,0.0,tanh,adam,0.02,8,he,"(-0.1, 0.1)",20,0.04798931051081101,1.0,223
[5],0.08999999999999998,0.01,0.0,0.0,0.2,sigmoid,sgd,0.03,16,range,"(-0.5, 0.5)",35,0.10916857378282718,0.7058823529411765,224
[3],0.06999999999999999,0.008,0.004,0.0,0.2,tanh,adam,0.03,64,gaussian,"(-0.1, 0.1)",35,0.06712377719175751,0.8235294117647058,225
[3],0.08999999999999998,0.0,0.008,0.25,0.30000000000000004,tanh,adam,0.03,32,he,"(-0.7, 0.7)",20,0.03231362135665679,0.9705882352941176,226
[4],0.06999999999999999,0.012,0.008,0.2,0.1,sigmoid,sgd,0.01,16,glorot,"(-0.1, 0.1)",20,0.11352114930146605,0.7058823529411765,227
[3],0.10999999999999997,0.002,0.002,0.05,0.4,tanh,sgd,0.0,32,xavier,"(-0.1, 0.1)",20,0.10274932725026953,0.7058823529411765,228
[3],0.06999999999999999,0.016,0.008,0.05,0.5,sigmoid,sgd,0.0,16,gaussian,"(-0.7, 0.7)",30,0.12467576692945573,0.7058823529411765,229
[3],0.12999999999999998,0.006,0.006,0.0,0.30000000000000004,sigmoid,adam,0.01,64,range,"(-0.1, 0.1)",30,0.06637877349806762,1.0,230
[5],0.15,0.012,0.006,0.05,0.0,sigmoid,sgd,0.02,16,gaussian,"(-0.5, 0.5)",35,0.11941791631335662,0.7058823529411765,231
[3],0.01,0.014,0.0,0.15000000000000002,0.1,tanh,sgd,0.02,32,gaussian,"(-0.7, 0.7)",35,0.13239420344102992,0.7058823529411765,232
[5],0.03,0.004,0.002,0.15000000000000002,0.0,tanh,sgd,0.0,8,range,"(-0.5, 0.5)",35,0.10653525349922761,0.7058823529411765,233
[5],0.10999999999999997,0.008,0.004,0.15000000000000002,0.7000000000000001,sigmoid,adam,0.02,32,glorot,"(-0.1, 0.1)",35,0.0902053091521627,1.0,234
[4],0.15,0.012,0.006,0.0,0.30000000000000004,tanh,adam,0.0,64,xavier,"(-0.5, 0.5)",20,0.05613166335413503,0.9705882352941176,235
[5],0.12999999999999998,0.002,0.002,0.25,0.6000000000000001,tanh,adam,0.04,16,gaussian,"(-0.5, 0.5)",30,0.02637249171262091,1.0,236
[6],0.06999999999999999,0.014,0.0,0.05,0.8,tanh,adam,0.0,16,xavier,"(-0.1, 0.1)",35,0.05652619394917739,1.0,237
[5],0.12999999999999998,0.002,0.004,0.1,0.6000000000000001,tanh,sgd,0.03,64,xavier,"(-0.7, 0.7)",20,0.09951786271516107,0.7647058823529411,238
[3],0.08999999999999998,0.002,0.0,0.15000000000000002,0.6000000000000001,sigmoid,adam,0.01,8,he,"(-0.1, 0.1)",30,0.02268928747557487,1.0,239
[4],0.03,0.018000000000000002,0.006,0.2,0.6000000000000001,sigmoid,adam,0.02,64,gaussian,"(-0.5, 0.5)",30,0.08728119484372433,1.0,240
[5],0.12999999999999998,0.016,0.008,0.15000000000000002,0.8,tanh,sgd,0.01,64,range,"(-0.7, 0.7)",20,0.1004032318571046,0.7647058823529411,241
[3],0.01,0.008,0.008,0.05,0.7000000000000001,sigmoid,adam,0.01,8,he,"(-0.7, 0.7)",20,0.1027977607858156,0.7058823529411765,242
[4],0.18999999999999997,0.002,0.002,0.15000000000000002,0.0,tanh,adam,0.04,16,he,"(-0.1, 0.1)",20,0.02249847085239033,0.9705882352941176,243
[5],0.01,0.012,0.002,0.2,0.1,sigmoid,adam,0.01,16,range,"(-0.1, 0.1)",30,0.09962947778452261,0.7058823529411765,244
[6],0.03,0.016,0.002,0.0,0.1,sigmoid,adam,0.04,64,gaussian,"(-0.5, 0.5)",30,0.0716368000254004,1.0,245
[6],0.16999999999999998,0.018000000000000002,0.008,0.25,0.4,tanh,adam,0.04,64,range,"(-0.7, 0.7)",20,0.11601098962593626,0.7058823529411765,246
[5],0.049999999999999996,0.004,0.0,0.15000000000000002,0.1,sigmoid,adam,0.04,64,he,"(-0.5, 0.5)",30,0.06930262158574833,0.9117647058823529,247
[3],0.16999999999999998,0.018000000000000002,0.008,0.25,0.1,sigmoid,adam,0.0,64,xavier,"(-0.7, 0.7)",35,0.1255727381889403,0.7647058823529411,248
[5],0.12999999999999998,0.006,0.0,0.15000000000000002,0.30000000000000004,sigmoid,sgd,0.04,64,he,"(-0.5, 0.5)",30,0.10893530904204035,0.7058823529411765,249
[4],0.12999999999999998,0.002,0.006,0.2,0.4,tanh,sgd,0.03,8,gaussian,"(-0.7, 0.7)",20,0.11132288071469021,0.7058823529411765,250
[3],0.12999999999999998,0.016,0.002,0.25,0.0,sigmoid,sgd,0.0,64,gaussian,"(-0.5, 0.5)",30,0.11482495022169485,0.7058823529411765,251
[5],0.06999999999999999,0.004,0.0,0.15000000000000002,0.30000000000000004,sigmoid,adam,0.0,16,gaussian,"(-0.5, 0.5)",35,0.04875678039398828,1.0,252
[5],0.08999999999999998,0.018000000000000002,0.0,0.0,0.4,sigmoid,sgd,0.03,16,range,"(-0.5, 0.5)",35,0.10964160685676506,0.7058823529411765,253
[5],0.10999999999999997,0.016,0.004,0.2,0.30000000000000004,tanh,adam,0.01,8,xavier,"(-0.5, 0.5)",30,0.05262459975691633,1.0,254
[4],0.18999999999999997,0.004,0.002,0.1,0.5,sigmoid,adam,0.02,8,range,"(-0.7, 0.7)",35,0.04716561963859421,1.0,255
[4],0.10999999999999997,0.016,0.0,0.25,0.4,tanh,adam,0.01,8,xavier,"(-0.7, 0.7)",20,0.08005279479440663,0.8529411764705882,256
[6],0.01,0.002,0.008,0.15000000000000002,0.30000000000000004,tanh,adam,0.02,8,xavier,"(-0.7, 0.7)",35,0.052703697944989684,0.9117647058823529,257
[5],0.10999999999999997,0.006,0.0,0.1,0.6000000000000001,sigmoid,sgd,0.04,16,gaussian,"(-0.5, 0.5)",35,0.11187807561329635,0.7058823529411765,258
[6],0.16999999999999998,0.01,0.008,0.0,0.6000000000000001,tanh,adam,0.04,64,xavier,"(-0.7, 0.7)",30,0.05123400971994463,1.0,259
[3],0.16999999999999998,0.018000000000000002,0.008,0.05,0.1,tanh,adam,0.01,32,gaussian,"(-0.5, 0.5)",30,0.09682161832839244,0.8529411764705882,260
[3],0.03,0.006,0.002,0.2,0.7000000000000001,sigmoid,adam,0.03,8,glorot,"(-0.7, 0.7)",20,0.053599314191591294,0.9705882352941176,261
[3],0.15,0.006,0.004,0.0,0.2,tanh,sgd,0.01,16,he,"(-0.1, 0.1)",35,0.10127556837750794,0.7058823529411765,262
[4],0.01,0.012,0.002,0.05,0.30000000000000004,tanh,adam,0.02,8,gaussian,"(-0.7, 0.7)",20,0.05952374726476617,0.9411764705882353,263
[5],0.08999999999999998,0.008,0.002,0.1,0.8,tanh,sgd,0.0,16,he,"(-0.1, 0.1)",30,0.046220874455475576,0.9411764705882353,264
[3],0.18999999999999997,0.008,0.006,0.15000000000000002,0.5,sigmoid,sgd,0.04,64,gaussian,"(-0.5, 0.5)",30,0.11404082165181553,0.7058823529411765,265
[5],0.01,0.018000000000000002,0.008,0.1,0.1,tanh,adam,0.02,16,range,"(-0.7, 0.7)",35,0.06541635203539005,0.9117647058823529,266
[3],0.06999999999999999,0.014,0.0,0.1,0.4,sigmoid,adam,0.02,8,range,"(-0.1, 0.1)",35,0.07753376710745703,1.0,267
[4],0.12999999999999998,0.002,0.0,0.0,0.30000000000000004,tanh,adam,0.02,32,xavier,"(-0.7, 0.7)",35,0.013059713227311923,0.9705882352941176,268
[4],0.01,0.004,0.002,0.15000000000000002,0.6000000000000001,tanh,adam,0.04,64,range,"(-0.1, 0.1)",20,0.09789827591271462,0.7647058823529411,269
[5],0.06999999999999999,0.006,0.008,0.15000000000000002,0.1,tanh,sgd,0.0,16,range,"(-0.7, 0.7)",20,0.10956432099219943,0.7352941176470589,270
[4],0.08999999999999998,0.004,0.004,0.25,0.2,tanh,sgd,0.03,64,xavier,"(-0.7, 0.7)",35,0.10865005032174024,0.7058823529411765,271
[4],0.08999999999999998,0.012,0.002,0.05,0.4,sigmoid,sgd,0.02,16,glorot,"(-0.5, 0.5)",20,0.1095153691771688,0.7058823529411765,272
[6],0.12999999999999998,0.018000000000000002,0.004,0.25,0.0,tanh,adam,0.02,16,he,"(-0.1, 0.1)",35,0.06966655631948644,1.0,273
[4],0.12999999999999998,0.018000000000000002,0.002,0.2,0.5,tanh,sgd,0.03,32,xavier,"(-0.5, 0.5)",20,0.10097031668352548,0.7647058823529411,274
[5],0.049999999999999996,0.016,0.008,0.2,0.5,tanh,adam,0.0,16,range,"(-0.5, 0.5)",35,0.07169816801030796,1.0,275
[6],0.08999999999999998,0.01,0.002,0.1,0.1,tanh,adam,0.02,8,he,"(-0.5, 0.5)",20,0.04870537733843762,1.0,276
[4],0.01,0.0,0.008,0.2,0.5,tanh,sgd,0.04,64,xavier,"(-0.5, 0.5)",30,0.1194844765158265,0.6470588235294118,277
[6],0.12999999999999998,0.016,0.006,0.15000000000000002,0.7000000000000001,tanh,adam,0.0,64,gaussian,"(-0.5, 0.5)",35,0.06883023683477492,1.0,278
[3],0.12999999999999998,0.018000000000000002,0.0,0.0,0.4,tanh,sgd,0.0,8,xavier,"(-0.7, 0.7)",30,0.03151104306209255,1.0,279
[6],0.03,0.01,0.006,0.15000000000000002,0.5,tanh,adam,0.02,8,he,"(-0.1, 0.1)",35,0.04806386891683544,0.9705882352941176,280
[6],0.01,0.002,0.006,0.15000000000000002,0.4,tanh,sgd,0.01,32,xavier,"(-0.5, 0.5)",35,0.1116669472095357,0.7058823529411765,281
[6],0.18999999999999997,0.016,0.004,0.0,0.4,tanh,sgd,0.02,64,glorot,"(-0.7, 0.7)",35,0.11193103405537133,0.6470588235294118,282
[4],0.15,0.01,0.004,0.0,0.2,tanh,sgd,0.04,64,gaussian,"(-0.5, 0.5)",35,0.11639162477873291,0.6764705882352942,283
[4],0.10999999999999997,0.014,0.0,0.1,0.0,sigmoid,adam,0.0,16,range,"(-0.5, 0.5)",35,0.11850796809118669,1.0,284
[6],0.12999999999999998,0.004,0.006,0.1,0.8,sigmoid,adam,0.01,32,range,"(-0.1, 0.1)",35,0.07489950689828427,1.0,285
[6],0.16999999999999998,0.0,0.006,0.05,0.5,tanh,sgd,0.0,8,gaussian,"(-0.1, 0.1)",20,0.011188462382761558,1.0,286
[6],0.16999999999999998,0.018000000000000002,0.006,0.2,0.5,sigmoid,sgd,0.0,32,range,"(-0.5, 0.5)",20,0.11313708312175372,0.7058823529411765,287
[6],0.15,0.01,0.008,0.15000000000000002,0.7000000000000001,sigmoid,sgd,0.03,32,glorot,"(-0.1, 0.1)",20,0.11278073242833432,0.7058823529411765,288
[4],0.12999999999999998,0.006,0.004,0.1,0.4,sigmoid,adam,0.03,64,xavier,"(-0.1, 0.1)",20,0.0587458759817792,1.0,289
[3],0.049999999999999996,0.006,0.002,0.1,0.7000000000000001,tanh,sgd,0.03,8,glorot,"(-0.1, 0.1)",20,0.10654332336013582,0.6764705882352942,290
[6],0.08999999999999998,0.008,0.004,0.15000000000000002,0.7000000000000001,tanh,sgd,0.03,16,glorot,"(-0.1, 0.1)",30,0.09855088228637811,0.7058823529411765,291
[6],0.16999999999999998,0.01,0.0,0.2,0.8,tanh,adam,0.02,64,he,"(-0.7, 0.7)",30,0.06095597774064086,0.9705882352941176,292
[5],0.06999999999999999,0.008,0.008,0.25,0.5,sigmoid,adam,0.01,64,glorot,"(-0.5, 0.5)",20,0.07505465920836146,1.0,293
[4],0.15,0.012,0.006,0.15000000000000002,0.8,tanh,adam,0.0,32,xavier,"(-0.1, 0.1)",30,0.06760103786396936,0.9705882352941176,294
[6],0.15,0.01,0.0,0.1,0.7000000000000001,tanh,sgd,0.02,8,gaussian,"(-0.5, 0.5)",30,0.025653773548584616,1.0,295
[4],0.06999999999999999,0.0,0.008,0.2,0.0,sigmoid,sgd,0.04,32,gaussian,"(-0.5, 0.5)",30,0.11675872617847402,0.7058823529411765,296
[6],0.10999999999999997,0.016,0.002,0.05,0.4,tanh,adam,0.01,32,glorot,"(-0.5, 0.5)",20,0.055624622023132536,1.0,297
[5],0.049999999999999996,0.006,0.002,0.15000000000000002,0.6000000000000001,sigmoid,sgd,0.0,32,glorot,"(-0.1, 0.1)",35,0.10865451781638642,0.7058823529411765,298
[3],0.03,0.0,0.002,0.1,0.5,tanh,sgd,0.0,64,he,"(-0.1, 0.1)",20,0.11162495331645486,0.7058823529411765,299
[3],0.10999999999999997,0.016,0.002,0.25,0.7000000000000001,tanh,adam,0.03,8,he,"(-0.7, 0.7)",30,0.07319867634512577,0.8823529411764706,300
[6],0.15,0.012,0.0,0.2,0.6000000000000001,tanh,sgd,0.02,64,range,"(-0.5, 0.5)",30,0.1081864660411507,0.6764705882352942,301
[6],0.16999999999999998,0.004,0.008,0.0,0.5,sigmoid,adam,0.03,32,range,"(-0.7, 0.7)",30,0.05742633177334579,1.0,302
[3],0.16999999999999998,0.018000000000000002,0.0,0.1,0.2,sigmoid,sgd,0.0,16,range,"(-0.7, 0.7)",20,0.10618208708901979,0.7058823529411765,303
[6],0.12999999999999998,0.008,0.0,0.1,0.4,tanh,sgd,0.04,64,xavier,"(-0.1, 0.1)",20,0.10144302114240206,0.7647058823529411,304
[5],0.01,0.01,0.0,0.05,0.1,tanh,adam,0.0,32,glorot,"(-0.5, 0.5)",30,0.05136532580992404,0.9117647058823529,305
[4],0.06999999999999999,0.016,0.008,0.0,0.4,tanh,adam,0.01,32,glorot,"(-0.5, 0.5)",30,0.04866549018409177,1.0,306
[4],0.01,0.006,0.004,0.2,0.4,tanh,sgd,0.0,16,xavier,"(-0.7, 0.7)",30,0.10747154069955514,0.6764705882352942,307
[4],0.10999999999999997,0.002,0.008,0.25,0.6000000000000001,tanh,adam,0.03,64,he,"(-0.1, 0.1)",20,0.09803727097871721,0.7352941176470589,308
[3],0.06999999999999999,0.01,0.0,0.2,0.30000000000000004,sigmoid,sgd,0.02,32,xavier,"(-0.5, 0.5)",30,0.10834469756775429,0.7058823529411765,309
[5],0.16999999999999998,0.002,0.004,0.05,0.8,tanh,sgd,0.0,64,range,"(-0.7, 0.7)",30,0.04888908970372285,0.9117647058823529,310
[5],0.18999999999999997,0.018000000000000002,0.0,0.2,0.8,tanh,sgd,0.01,64,he,"(-0.5, 0.5)",35,0.07319665843950365,0.8235294117647058,311
[3],0.12999999999999998,0.014,0.004,0.2,0.2,sigmoid,sgd,0.0,16,he,"(-0.7, 0.7)",35,0.10931410329025061,0.7058823529411765,312
[3],0.16999999999999998,0.0,0.0,0.05,0.8,sigmoid,adam,0.03,16,he,"(-0.1, 0.1)",35,0.008729882445132838,1.0,313
[4],0.08999999999999998,0.004,0.0,0.25,0.5,tanh,sgd,0.0,8,xavier,"(-0.1, 0.1)",35,0.05109924338931172,0.9411764705882353,314
[5],0.049999999999999996,0.014,0.002,0.1,0.1,sigmoid,adam,0.03,8,xavier,"(-0.1, 0.1)",20,0.07297383957608623,1.0,315
[5],0.10999999999999997,0.01,0.002,0.0,0.1,tanh,sgd,0.0,16,gaussian,"(-0.5, 0.5)",30,0.11426189498051706,0.7058823529411765,316
[3],0.15,0.014,0.008,0.0,0.1,sigmoid,adam,0.02,32,he,"(-0.5, 0.5)",30,0.09854674336814896,0.7352941176470589,317
[6],0.12999999999999998,0.006,0.004,0.1,0.4,sigmoid,sgd,0.04,8,xavier,"(-0.5, 0.5)",35,0.10677289687469217,0.7058823529411765,318
[5],0.10999999999999997,0.004,0.0,0.15000000000000002,0.4,sigmoid,sgd,0.0,64,gaussian,"(-0.7, 0.7)",35,0.11358203931680091,0.7058823529411765,319
[6],0.12999999999999998,0.018000000000000002,0.0,0.0,0.0,sigmoid,sgd,0.02,16,gaussian,"(-0.5, 0.5)",35,0.12110370203844939,0.7058823529411765,320
[4],0.12999999999999998,0.016,0.002,0.05,0.1,tanh,adam,0.03,16,glorot,"(-0.7, 0.7)",35,0.055580259176041626,0.9705882352941176,321
[6],0.049999999999999996,0.0,0.008,0.05,0.4,tanh,sgd,0.0,8,he,"(-0.7, 0.7)",20,0.07224035015666283,0.8823529411764706,322
[4],0.10999999999999997,0.014,0.002,0.05,0.8,tanh,sgd,0.01,16,xavier,"(-0.1, 0.1)",20,0.04008890411266551,0.9411764705882353,323
[6],0.08999999999999998,0.016,0.004,0.2,0.7000000000000001,sigmoid,adam,0.01,64,gaussian,"(-0.1, 0.1)",35,0.11533791505475889,1.0,324
[5],0.03,0.008,0.004,0.05,0.0,tanh,sgd,0.01,64,gaussian,"(-0.5, 0.5)",20,0.11658446910301846,0.7058823529411765,325
[5],0.16999999999999998,0.0,0.002,0.05,0.4,sigmoid,adam,0.02,32,glorot,"(-0.5, 0.5)",30,0.008112916058108256,1.0,326
[6],0.18999999999999997,0.01,0.0,0.25,0.0,tanh,sgd,0.04,32,glorot,"(-0.5, 0.5)",35,0.11124282945746246,0.7058823529411765,327
[5],0.06999999999999999,0.0,0.0,0.15000000000000002,0.5,tanh,adam,0.01,16,range,"(-0.7, 0.7)",30,0.013041510348088297,0.9411764705882353,328
[6],0.12999999999999998,0.01,0.006,0.25,0.30000000000000004,sigmoid,sgd,0.03,8,glorot,"(-0.7, 0.7)",20,0.11209419520286765,0.7058823529411765,329
[4],0.18999999999999997,0.0,0.0,0.0,0.30000000000000004,tanh,sgd,0.02,64,range,"(-0.5, 0.5)",35,0.10445295156122573,0.7352941176470589,330
[6],0.03,0.018000000000000002,0.008,0.0,0.30000000000000004,sigmoid,sgd,0.02,8,he,"(-0.7, 0.7)",35,0.11276436046775681,0.7058823529411765,331
[5],0.06999999999999999,0.016,0.002,0.25,0.4,tanh,sgd,0.04,8,he,"(-0.5, 0.5)",35,0.10323023170570997,0.7058823529411765,332
[3],0.10999999999999997,0.006,0.004,0.15000000000000002,0.2,sigmoid,adam,0.0,64,glorot,"(-0.1, 0.1)",35,0.057317079363707855,0.9705882352941176,333
[3],0.18999999999999997,0.01,0.002,0.05,0.6000000000000001,tanh,sgd,0.04,32,range,"(-0.7, 0.7)",30,0.10608253095083912,0.7352941176470589,334
[6],0.10999999999999997,0.012,0.002,0.2,0.2,tanh,sgd,0.01,16,range,"(-0.1, 0.1)",20,0.1036334362833231,0.6764705882352942,335
[4],0.049999999999999996,0.006,0.004,0.05,0.0,tanh,adam,0.03,32,glorot,"(-0.5, 0.5)",30,0.021564490769203713,1.0,336
[6],0.16999999999999998,0.0,0.008,0.15000000000000002,0.4,tanh,sgd,0.03,32,he,"(-0.7, 0.7)",30,0.09803574066015883,0.7941176470588235,337
[6],0.10999999999999997,0.004,0.0,0.05,0.5,sigmoid,sgd,0.03,32,he,"(-0.7, 0.7)",35,0.1065014204539365,0.7058823529411765,338
[5],0.18999999999999997,0.004,0.008,0.25,0.7000000000000001,tanh,adam,0.02,8,gaussian,"(-0.7, 0.7)",35,0.055942801005666176,0.9705882352941176,339
[5],0.16999999999999998,0.012,0.002,0.15000000000000002,0.7000000000000001,tanh,sgd,0.0,64,glorot,"(-0.5, 0.5)",30,0.06568785681033763,0.9117647058823529,340
[4],0.08999999999999998,0.018000000000000002,0.006,0.1,0.5,sigmoid,adam,0.03,32,gaussian,"(-0.7, 0.7)",30,0.0797867785991071,1.0,341
[6],0.16999999999999998,0.018000000000000002,0.006,0.05,0.0,sigmoid,sgd,0.02,16,gaussian,"(-0.1, 0.1)",30,0.1096814812983941,0.7058823529411765,342
[4],0.01,0.002,0.004,0.2,0.7000000000000001,sigmoid,sgd,0.02,16,xavier,"(-0.7, 0.7)",30,0.11140033874130588,0.7058823529411765,343
[4],0.08999999999999998,0.018000000000000002,0.002,0.15000000000000002,0.6000000000000001,tanh,sgd,0.04,32,glorot,"(-0.7, 0.7)",35,0.09364266847413782,0.8235294117647058,344
[3],0.03,0.016,0.0,0.1,0.0,sigmoid,sgd,0.02,8,gaussian,"(-0.5, 0.5)",20,0.11570626448708679,0.7058823529411765,345
[6],0.06999999999999999,0.01,0.008,0.15000000000000002,0.6000000000000001,tanh,sgd,0.02,32,he,"(-0.5, 0.5)",30,0.10483328155104764,0.7352941176470589,346
[3],0.10999999999999997,0.006,0.008,0.05,0.6000000000000001,sigmoid,adam,0.03,32,glorot,"(-0.7, 0.7)",35,0.08152791658476125,0.9411764705882353,347
[4],0.15,0.004,0.0,0.25,0.5,sigmoid,adam,0.02,8,gaussian,"(-0.7, 0.7)",35,0.042259257791143943,1.0,348
[4],0.16999999999999998,0.01,0.006,0.15000000000000002,0.2,tanh,sgd,0.01,8,he,"(-0.5, 0.5)",35,0.047904059788642026,0.9117647058823529,349
[4],0.16999999999999998,0.006,0.0,0.25,0.7000000000000001,tanh,adam,0.02,16,gaussian,"(-0.1, 0.1)",30,0.03347089105853653,1.0,350
[4],0.12999999999999998,0.008,0.002,0.2,0.5,tanh,adam,0.04,32,he,"(-0.7, 0.7)",30,0.06523231771814027,0.9705882352941176,351
[3],0.15,0.016,0.008,0.0,0.7000000000000001,tanh,sgd,0.04,8,range,"(-0.7, 0.7)",20,0.03631787925410922,1.0,352
[6],0.15,0.01,0.004,0.0,0.2,tanh,adam,0.0,32,range,"(-0.1, 0.1)",30,0.08399948479949483,1.0,353
[4],0.03,0.012,0.004,0.2,0.8,sigmoid,sgd,0.04,32,range,"(-0.5, 0.5)",30,0.11148000799919834,0.7058823529411765,354
[6],0.15,0.012,0.004,0.15000000000000002,0.5,sigmoid,adam,0.0,32,he,"(-0.5, 0.5)",35,0.12094414180727285,1.0,355
[5],0.06999999999999999,0.008,0.002,0.15000000000000002,0.8,tanh,adam,0.0,32,glorot,"(-0.7, 0.7)",20,0.05186875929248774,0.9705882352941176,356
[4],0.01,0.018000000000000002,0.004,0.2,0.0,tanh,adam,0.01,32,gaussian,"(-0.5, 0.5)",20,0.08965892818933441,0.8235294117647058,357
[5],0.18999999999999997,0.014,0.006,0.0,0.0,sigmoid,sgd,0.0,32,he,"(-0.5, 0.5)",30,0.1111342465974147,0.7058823529411765,358
[4],0.08999999999999998,0.018000000000000002,0.004,0.05,0.1,tanh,adam,0.01,16,he,"(-0.5, 0.5)",30,0.0455144193042869,1.0,359
[5],0.12999999999999998,0.008,0.0,0.05,0.5,tanh,adam,0.02,8,glorot,"(-0.7, 0.7)",30,0.04171907956718954,1.0,360
[5],0.15,0.006,0.008,0.25,0.5,sigmoid,sgd,0.01,32,he,"(-0.5, 0.5)",35,0.11065948105897051,0.7058823529411765,361
[3],0.18999999999999997,0.01,0.006,0.25,0.4,tanh,adam,0.04,8,glorot,"(-0.5, 0.5)",20,0.07381040689915011,0.8529411764705882,362
[4],0.16999999999999998,0.008,0.0,0.05,0.6000000000000001,sigmoid,sgd,0.01,32,glorot,"(-0.1, 0.1)",30,0.10397695220121193,0.7058823529411765,363
[3],0.15,0.002,0.004,0.15000000000000002,0.7000000000000001,sigmoid,adam,0.03,64,xavier,"(-0.5, 0.5)",20,0.05012647861949268,0.9705882352941176,364
[5],0.10999999999999997,0.018000000000000002,0.004,0.0,0.8,sigmoid,adam,0.02,32,glorot,"(-0.1, 0.1)",20,0.0921451868272582,1.0,365
[6],0.01,0.006,0.008,0.15000000000000002,0.1,sigmoid,sgd,0.03,32,range,"(-0.7, 0.7)",20,0.12763948255319016,0.7058823529411765,366
[3],0.03,0.014,0.0,0.15000000000000002,0.7000000000000001,tanh,sgd,0.03,64,range,"(-0.1, 0.1)",35,0.11165843146581825,0.7058823529411765,367
[5],0.10999999999999997,0.002,0.006,0.25,0.2,sigmoid,adam,0.04,16,range,"(-0.7, 0.7)",30,0.05820904097335397,0.9411764705882353,368
[6],0.12999999999999998,0.006,0.004,0.05,0.6000000000000001,tanh,sgd,0.02,32,range,"(-0.7, 0.7)",30,0.10853323007175632,0.6176470588235294,369
[3],0.15,0.0,0.006,0.05,0.2,sigmoid,adam,0.0,16,xavier,"(-0.5, 0.5)",20,0.01699511807608254,1.0,370
[4],0.18999999999999997,0.0,0.0,0.1,0.30000000000000004,sigmoid,adam,0.02,16,glorot,"(-0.7, 0.7)",30,0.0041065070116149335,1.0,371
[4],0.12999999999999998,0.012,0.002,0.1,0.7000000000000001,tanh,adam,0.0,32,range,"(-0.1, 0.1)",20,0.06354075556357267,1.0,372
[3],0.01,0.014,0.002,0.1,0.6000000000000001,tanh,sgd,0.03,8,range,"(-0.1, 0.1)",30,0.10992243502333542,0.7058823529411765,373
[4],0.12999999999999998,0.006,0.006,0.2,0.4,sigmoid,sgd,0.04,64,glorot,"(-0.7, 0.7)",20,0.11125858564308619,0.7058823529411765,374
[3],0.049999999999999996,0.004,0.002,0.05,0.1,tanh,sgd,0.02,16,glorot,"(-0.1, 0.1)",20,0.10705685438270561,0.6764705882352942,375
[6],0.16999999999999998,0.018000000000000002,0.002,0.1,0.4,tanh,adam,0.03,32,he,"(-0.5, 0.5)",30,0.07190579721653337,1.0,376
[4],0.049999999999999996,0.01,0.004,0.1,0.4,sigmoid,sgd,0.04,8,range,"(-0.7, 0.7)",35,0.1131091009510658,0.7058823529411765,377
[5],0.03,0.006,0.006,0.15000000000000002,0.30000000000000004,sigmoid,adam,0.01,8,xavier,"(-0.7, 0.7)",35,0.05521379387314084,1.0,378
[3],0.18999999999999997,0.006,0.006,0.25,0.6000000000000001,tanh,sgd,0.04,32,glorot,"(-0.1, 0.1)",30,0.10695179184386433,0.6176470588235294,379
[6],0.049999999999999996,0.004,0.0,0.0,0.4,sigmoid,sgd,0.01,32,he,"(-0.1, 0.1)",20,0.10924065081050699,0.7058823529411765,380
[3],0.049999999999999996,0.014,0.002,0.2,0.30000000000000004,tanh,sgd,0.01,8,range,"(-0.5, 0.5)",30,0.1060012167232707,0.5882352941176471,381
[5],0.15,0.014,0.0,0.25,0.0,tanh,adam,0.03,8,range,"(-0.1, 0.1)",30,0.06281345170345422,1.0,382
[6],0.049999999999999996,0.018000000000000002,0.004,0.0,0.7000000000000001,tanh,adam,0.0,64,xavier,"(-0.1, 0.1)",30,0.04960987338104775,1.0,383
[4],0.01,0.008,0.008,0.2,0.8,tanh,sgd,0.02,8,range,"(-0.5, 0.5)",35,0.10671500813519344,0.7058823529411765,384
[4],0.01,0.006,0.002,0.15000000000000002,0.4,tanh,adam,0.02,64,glorot,"(-0.5, 0.5)",20,0.0911531809830631,0.7647058823529411,385
[3],0.12999999999999998,0.0,0.004,0.25,0.30000000000000004,sigmoid,adam,0.02,8,range,"(-0.7, 0.7)",35,0.03135782695507288,1.0,386
[6],0.01,0.006,0.004,0.05,0.5,sigmoid,adam,0.0,8,range,"(-0.1, 0.1)",35,0.08877139627842397,0.7352941176470589,387
[5],0.16999999999999998,0.018000000000000002,0.0,0.05,0.6000000000000001,sigmoid,adam,0.03,8,glorot,"(-0.5, 0.5)",20,0.09291200955429145,1.0,388
[3],0.10999999999999997,0.006,0.0,0.2,0.30000000000000004,tanh,sgd,0.02,16,glorot,"(-0.1, 0.1)",20,0.10608568332925776,0.6764705882352942,389
[4],0.03,0.012,0.008,0.25,0.0,tanh,adam,0.02,8,xavier,"(-0.7, 0.7)",20,0.060245493160178624,0.9411764705882353,390
[4],0.10999999999999997,0.016,0.002,0.2,0.4,sigmoid,sgd,0.0,64,he,"(-0.5, 0.5)",20,0.113738431694766,0.6470588235294118,391
[5],0.03,0.014,0.004,0.1,0.4,tanh,sgd,0.02,8,gaussian,"(-0.1, 0.1)",35,0.10694370677067169,0.7058823529411765,392
[3],0.08999999999999998,0.0,0.0,0.05,0.8,sigmoid,sgd,0.0,32,he,"(-0.7, 0.7)",35,0.10413488907105752,0.7058823529411765,393
[6],0.18999999999999997,0.018000000000000002,0.0,0.05,0.5,tanh,sgd,0.03,64,gaussian,"(-0.5, 0.5)",35,0.1182128181350553,0.6764705882352942,394
[3],0.06999999999999999,0.0,0.004,0.15000000000000002,0.8,tanh,sgd,0.04,32,gaussian,"(-0.1, 0.1)",30,0.10239100022856887,0.7058823529411765,395
[6],0.01,0.01,0.0,0.15000000000000002,0.4,sigmoid,adam,0.01,16,glorot,"(-0.5, 0.5)",35,0.10329714345371777,0.7058823529411765,396
[5],0.03,0.016,0.006,0.15000000000000002,0.7000000000000001,tanh,adam,0.0,8,glorot,"(-0.5, 0.5)",20,0.049288338303603,1.0,397
[5],0.10999999999999997,0.018000000000000002,0.006,0.25,0.30000000000000004,sigmoid,adam,0.01,8,xavier,"(-0.1, 0.1)",20,0.08790156667250425,1.0,398
[5],0.18999999999999997,0.012,0.006,0.1,0.7000000000000001,tanh,adam,0.0,8,he,"(-0.7, 0.7)",30,0.04778105086595265,1.0,399
[3],0.18999999999999997,0.008,0.006,0.25,0.30000000000000004,sigmoid,sgd,0.02,64,gaussian,"(-0.5, 0.5)",30,0.11361899719543146,0.7058823529411765,400
[4],0.15,0.0,0.006,0.2,0.5,tanh,adam,0.03,8,gaussian,"(-0.1, 0.1)",20,0.024148144206711786,1.0,401
[6],0.18999999999999997,0.014,0.006,0.1,0.7000000000000001,tanh,adam,0.02,64,he,"(-0.5, 0.5)",20,0.08398738599934417,0.9117647058823529,402
[6],0.049999999999999996,0.004,0.006,0.25,0.30000000000000004,tanh,adam,0.02,8,xavier,"(-0.7, 0.7)",20,0.028829613585892384,1.0,403
[5],0.12999999999999998,0.016,0.004,0.25,0.6000000000000001,sigmoid,adam,0.03,16,glorot,"(-0.1, 0.1)",20,0.0932957544305775,0.8529411764705882,404
[4],0.12999999999999998,0.016,0.006,0.0,0.7000000000000001,tanh,adam,0.03,32,glorot,"(-0.1, 0.1)",35,0.04843195732439424,1.0,405
[4],0.18999999999999997,0.018000000000000002,0.006,0.05,0.6000000000000001,sigmoid,adam,0.03,16,glorot,"(-0.1, 0.1)",35,0.1018321250763486,1.0,406
[3],0.01,0.014,0.002,0.1,0.1,sigmoid,adam,0.01,16,gaussian,"(-0.5, 0.5)",35,0.08999764772694807,0.5882352941176471,407
[4],0.08999999999999998,0.006,0.002,0.05,0.30000000000000004,sigmoid,sgd,0.01,16,range,"(-0.7, 0.7)",20,0.11062147886885995,0.7058823529411765,408
[5],0.08999999999999998,0.012,0.0,0.15000000000000002,0.0,tanh,adam,0.01,8,glorot,"(-0.7, 0.7)",30,0.05965232818375548,0.9411764705882353,409
[4],0.06999999999999999,0.01,0.006,0.2,0.6000000000000001,tanh,sgd,0.04,32,gaussian,"(-0.1, 0.1)",35,0.10970787523238872,0.7058823529411765,410
[5],0.06999999999999999,0.014,0.0,0.0,0.6000000000000001,tanh,adam,0.04,32,he,"(-0.7, 0.7)",30,0.0420168233247861,1.0,411
[5],0.06999999999999999,0.002,0.0,0.2,0.8,sigmoid,adam,0.01,32,he,"(-0.5, 0.5)",20,0.04024697720264489,0.9705882352941176,412
[3],0.10999999999999997,0.006,0.006,0.15000000000000002,0.4,sigmoid,adam,0.02,8,glorot,"(-0.7, 0.7)",30,0.056982962228957164,1.0,413
[6],0.16999999999999998,0.012,0.0,0.25,0.2,sigmoid,sgd,0.04,16,xavier,"(-0.1, 0.1)",20,0.10824665755927373,0.7058823529411765,414
[3],0.15,0.0,0.0,0.2,0.5,tanh,adam,0.01,16,range,"(-0.5, 0.5)",35,0.03830945984380427,0.9411764705882353,415
[6],0.049999999999999996,0.016,0.006,0.05,0.1,tanh,sgd,0.02,32,glorot,"(-0.1, 0.1)",35,0.12089034932275489,0.6764705882352942,416
[3],0.15,0.018000000000000002,0.006,0.1,0.4,sigmoid,adam,0.0,16,xavier,"(-0.1, 0.1)",35,0.10938112968955296,1.0,417
[3],0.15,0.0,0.0,0.1,0.1,sigmoid,sgd,0.04,64,he,"(-0.5, 0.5)",35,0.10709497490302018,0.7058823529411765,418
[3],0.049999999999999996,0.0,0.002,0.25,0.2,sigmoid,sgd,0.03,32,he,"(-0.5, 0.5)",30,0.109053552660632,0.7058823529411765,419
[3],0.12999999999999998,0.008,0.008,0.15000000000000002,0.2,sigmoid,sgd,0.02,64,glorot,"(-0.1, 0.1)",30,0.10773414015557219,0.7058823529411765,420
[5],0.01,0.002,0.004,0.05,0.6000000000000001,tanh,adam,0.02,16,gaussian,"(-0.1, 0.1)",35,0.08183402485916133,0.7647058823529411,421
[6],0.01,0.014,0.008,0.1,0.4,sigmoid,sgd,0.0,32,range,"(-0.5, 0.5)",20,0.11988924939948575,0.7058823529411765,422
[4],0.16999999999999998,0.006,0.006,0.2,0.0,tanh,sgd,0.0,32,he,"(-0.5, 0.5)",35,0.08584428777754428,0.7352941176470589,423
[4],0.06999999999999999,0.004,0.006,0.15000000000000002,0.1,tanh,adam,0.04,8,range,"(-0.7, 0.7)",30,0.025115351035855153,1.0,424
[3],0.03,0.01,0.0,0.25,0.1,tanh,adam,0.04,64,xavier,"(-0.1, 0.1)",35,0.09654172332214322,0.7647058823529411,425
[4],0.10999999999999997,0.002,0.008,0.05,0.0,sigmoid,sgd,0.04,32,xavier,"(-0.1, 0.1)",20,0.11193175069055653,0.7058823529411765,426
[4],0.18999999999999997,0.014,0.0,0.1,0.30000000000000004,tanh,adam,0.04,16,range,"(-0.1, 0.1)",30,0.05537798431308052,1.0,427
[5],0.10999999999999997,0.002,0.0,0.15000000000000002,0.30000000000000004,tanh,sgd,0.02,16,gaussian,"(-0.5, 0.5)",30,0.10735004735232116,0.7058823529411765,428
[6],0.08999999999999998,0.002,0.004,0.05,0.4,tanh,sgd,0.04,64,xavier,"(-0.5, 0.5)",20,0.10416571905031101,0.7058823529411765,429
[5],0.18999999999999997,0.002,0.008,0.2,0.30000000000000004,sigmoid,sgd,0.02,64,glorot,"(-0.1, 0.1)",35,0.10936055970943459,0.7058823529411765,430
[6],0.15,0.014,0.002,0.1,0.4,sigmoid,adam,0.01,32,he,"(-0.7, 0.7)",30,0.12969377005623245,1.0,431
[6],0.049999999999999996,0.018000000000000002,0.006,0.1,0.7000000000000001,sigmoid,adam,0.03,32,xavier,"(-0.7, 0.7)",35,0.09678883509930611,0.9705882352941176,432
[3],0.049999999999999996,0.018000000000000002,0.008,0.0,0.30000000000000004,tanh,sgd,0.02,16,he,"(-0.5, 0.5)",35,0.10949989128893262,0.7058823529411765,433
[6],0.01,0.0,0.0,0.2,0.4,sigmoid,sgd,0.03,32,glorot,"(-0.1, 0.1)",30,0.11912214615073449,0.7058823529411765,434
[6],0.049999999999999996,0.008,0.002,0.15000000000000002,0.6000000000000001,sigmoid,sgd,0.02,32,range,"(-0.1, 0.1)",20,0.10884100260734934,0.7058823529411765,435
[4],0.12999999999999998,0.018000000000000002,0.002,0.0,0.1,tanh,sgd,0.0,32,xavier,"(-0.5, 0.5)",20,0.0975439512046639,0.7941176470588235,436
[3],0.03,0.014,0.002,0.05,0.6000000000000001,tanh,sgd,0.02,64,he,"(-0.5, 0.5)",35,0.11461641960574405,0.7058823529411765,437
[3],0.01,0.002,0.008,0.1,0.2,sigmoid,sgd,0.02,32,glorot,"(-0.5, 0.5)",20,0.11871444786639176,0.6764705882352942,438
[4],0.18999999999999997,0.016,0.002,0.25,0.5,tanh,adam,0.03,64,gaussian,"(-0.5, 0.5)",20,0.07475463015697098,1.0,439
[3],0.049999999999999996,0.004,0.006,0.05,0.4,tanh,sgd,0.03,32,gaussian,"(-0.1, 0.1)",35,0.10871533480508497,0.7058823529411765,440
[4],0.049999999999999996,0.018000000000000002,0.008,0.0,0.0,sigmoid,adam,0.02,64,glorot,"(-0.1, 0.1)",35,0.08757594706456315,0.8823529411764706,441
[5],0.08999999999999998,0.004,0.006,0.2,0.7000000000000001,sigmoid,adam,0.02,32,gaussian,"(-0.7, 0.7)",30,0.06274590754196524,1.0,442
[4],0.06999999999999999,0.002,0.006,0.2,0.7000000000000001,sigmoid,sgd,0.03,64,he,"(-0.5, 0.5)",35,0.11273526806500775,0.6470588235294118,443
[4],0.18999999999999997,0.006,0.004,0.05,0.6000000000000001,sigmoid,adam,0.02,16,range,"(-0.1, 0.1)",35,0.06845191323586484,1.0,444
[5],0.049999999999999996,0.016,0.006,0.2,0.30000000000000004,tanh,adam,0.01,16,range,"(-0.1, 0.1)",20,0.06161023031444616,0.9705882352941176,445
[4],0.01,0.014,0.002,0.1,0.5,sigmoid,sgd,0.0,16,xavier,"(-0.5, 0.5)",30,0.11169967361248664,0.7058823529411765,446
[3],0.049999999999999996,0.004,0.004,0.15000000000000002,0.4,sigmoid,adam,0.01,64,xavier,"(-0.1, 0.1)",20,0.0816267836470259,0.7058823529411765,447
[4],0.10999999999999997,0.0,0.004,0.0,0.6000000000000001,sigmoid,sgd,0.01,16,he,"(-0.1, 0.1)",20,0.09453305240024822,0.6470588235294118,448
[6],0.03,0.01,0.004,0.1,0.8,tanh,sgd,0.04,32,gaussian,"(-0.5, 0.5)",20,0.11504518049726495,0.7058823529411765,449
[4],0.08999999999999998,0.01,0.006,0.1,0.1,sigmoid,sgd,0.02,32,gaussian,"(-0.1, 0.1)",30,0.11143435947734773,0.7058823529411765,450
[4],0.16999999999999998,0.0,0.006,0.2,0.1,sigmoid,sgd,0.02,8,he,"(-0.7, 0.7)",35,0.10207672501430694,0.7058823529411765,451
[4],0.08999999999999998,0.018000000000000002,0.004,0.0,0.7000000000000001,sigmoid,adam,0.03,32,he,"(-0.5, 0.5)",20,0.0996968451675985,1.0,452
[6],0.12999999999999998,0.006,0.002,0.2,0.2,tanh,adam,0.01,8,glorot,"(-0.1, 0.1)",35,0.03521389357132822,1.0,453
[6],0.049999999999999996,0.002,0.008,0.25,0.5,tanh,sgd,0.02,16,gaussian,"(-0.1, 0.1)",30,0.10699560395863786,0.7058823529411765,454
[6],0.03,0.01,0.0,0.1,0.2,sigmoid,adam,0.04,64,range,"(-0.5, 0.5)",35,0.10264985414655901,0.6764705882352942,455
[6],0.18999999999999997,0.014,0.006,0.0,0.4,sigmoid,sgd,0.03,8,range,"(-0.1, 0.1)",35,0.10832665387844262,0.7058823529411765,456
[3],0.03,0.0,0.0,0.1,0.6000000000000001,sigmoid,sgd,0.01,16,glorot,"(-0.7, 0.7)",35,0.10484289492645806,0.7058823529411765,457
[3],0.16999999999999998,0.018000000000000002,0.002,0.0,0.4,tanh,sgd,0.03,16,range,"(-0.7, 0.7)",20,0.10772792558759813,0.6176470588235294,458
[6],0.16999999999999998,0.014,0.008,0.25,0.5,sigmoid,adam,0.03,8,he,"(-0.7, 0.7)",20,0.0824690201950916,1.0,459
[6],0.10999999999999997,0.012,0.008,0.2,0.2,tanh,adam,0.01,8,gaussian,"(-0.5, 0.5)",20,0.05113911632437407,1.0,460
[6],0.049999999999999996,0.0,0.008,0.0,0.4,tanh,sgd,0.01,64,xavier,"(-0.5, 0.5)",30,0.10875836981347571,0.7352941176470589,461
[5],0.01,0.014,0.008,0.05,0.0,sigmoid,sgd,0.03,64,range,"(-0.7, 0.7)",35,0.11625199874326352,0.7058823529411765,462
[5],0.03,0.008,0.004,0.1,0.8,sigmoid,adam,0.03,8,he,"(-0.5, 0.5)",30,0.05650662917774451,1.0,463
[5],0.18999999999999997,0.0,0.006,0.15000000000000002,0.8,tanh,adam,0.02,8,range,"(-0.5, 0.5)",30,0.04252805074476143,0.9705882352941176,464
[3],0.03,0.012,0.004,0.1,0.6000000000000001,sigmoid,adam,0.04,32,glorot,"(-0.1, 0.1)",30,0.08615813962647596,0.8823529411764706,465
[4],0.03,0.016,0.0,0.25,0.7000000000000001,sigmoid,sgd,0.0,8,xavier,"(-0.5, 0.5)",35,0.10714174671883991,0.7058823529411765,466
[5],0.12999999999999998,0.01,0.002,0.05,0.7000000000000001,tanh,adam,0.01,8,xavier,"(-0.1, 0.1)",30,0.044982749879537993,1.0,467
[6],0.16999999999999998,0.014,0.0,0.2,0.2,tanh,sgd,0.02,32,range,"(-0.5, 0.5)",35,0.10847960501868263,0.6470588235294118,468
[4],0.01,0.002,0.002,0.1,0.0,sigmoid,adam,0.02,32,he,"(-0.1, 0.1)",35,0.10114043934370318,0.7058823529411765,469
[3],0.10999999999999997,0.008,0.008,0.0,0.8,sigmoid,sgd,0.04,64,glorot,"(-0.7, 0.7)",30,0.10904940465916238,0.7058823529411765,470
[4],0.16999999999999998,0.016,0.006,0.05,0.4,tanh,sgd,0.03,16,gaussian,"(-0.1, 0.1)",30,0.10145475169438915,0.7647058823529411,471
[4],0.16999999999999998,0.006,0.0,0.0,0.0,sigmoid,adam,0.01,32,xavier,"(-0.7, 0.7)",30,0.0500158126573471,1.0,472
[4],0.01,0.014,0.004,0.0,0.7000000000000001,tanh,adam,0.02,64,glorot,"(-0.1, 0.1)",35,0.10014058502298742,0.7941176470588235,473
[6],0.06999999999999999,0.01,0.0,0.2,0.6000000000000001,sigmoid,sgd,0.02,16,glorot,"(-0.5, 0.5)",35,0.11084759298978454,0.7058823529411765,474
[6],0.01,0.0,0.002,0.05,0.30000000000000004,sigmoid,sgd,0.01,32,gaussian,"(-0.5, 0.5)",30,0.12027644468556652,0.7058823529411765,475
[6],0.15,0.002,0.002,0.1,0.1,tanh,sgd,0.02,8,range,"(-0.7, 0.7)",20,0.06997358925513726,0.8235294117647058,476
[3],0.10999999999999997,0.002,0.006,0.15000000000000002,0.6000000000000001,sigmoid,sgd,0.01,16,range,"(-0.1, 0.1)",30,0.10773905188454913,0.7058823529411765,477
[5],0.08999999999999998,0.014,0.008,0.0,0.8,tanh,sgd,0.03,8,he,"(-0.1, 0.1)",30,0.03392316965983721,1.0,478
[6],0.18999999999999997,0.01,0.008,0.1,0.4,tanh,sgd,0.0,16,xavier,"(-0.5, 0.5)",35,0.05802691229745044,0.8823529411764706,479
[4],0.08999999999999998,0.016,0.008,0.15000000000000002,0.30000000000000004,sigmoid,sgd,0.03,16,glorot,"(-0.1, 0.1)",30,0.11305043367391582,0.7058823529411765,480
[5],0.01,0.006,0.0,0.0,0.8,sigmoid,sgd,0.03,64,range,"(-0.1, 0.1)",30,0.11123706012897304,0.7058823529411765,481
[3],0.18999999999999997,0.006,0.008,0.15000000000000002,0.0,tanh,sgd,0.0,32,glorot,"(-0.1, 0.1)",35,0.10663347261289446,0.6764705882352942,482
[3],0.03,0.018000000000000002,0.008,0.05,0.5,tanh,sgd,0.02,64,glorot,"(-0.7, 0.7)",35,0.11017169845736846,0.6470588235294118,483
[4],0.08999999999999998,0.002,0.0,0.05,0.4,sigmoid,adam,0.0,16,gaussian,"(-0.7, 0.7)",20,0.01703952882923644,1.0,484
[3],0.16999999999999998,0.002,0.004,0.0,0.5,sigmoid,sgd,0.01,32,gaussian,"(-0.5, 0.5)",35,0.11154259865730415,0.7058823529411765,485
[3],0.08999999999999998,0.008,0.006,0.0,0.8,tanh,adam,0.0,32,gaussian,"(-0.5, 0.5)",30,0.06565824513235899,0.9117647058823529,486
[3],0.08999999999999998,0.016,0.006,0.2,0.30000000000000004,sigmoid,sgd,0.01,8,he,"(-0.5, 0.5)",30,0.10963769816293925,0.7058823529411765,487
[5],0.10999999999999997,0.014,0.002,0.05,0.7000000000000001,tanh,adam,0.04,32,gaussian,"(-0.5, 0.5)",35,0.05346900039521191,1.0,488
[5],0.01,0.006,0.002,0.15000000000000002,0.4,tanh,adam,0.0,16,xavier,"(-0.7, 0.7)",20,0.05267715746870595,0.9117647058823529,489
[4],0.12999999999999998,0.018000000000000002,0.004,0.0,0.2,tanh,adam,0.0,8,glorot,"(-0.1, 0.1)",20,0.1030137073036485,0.8529411764705882,490
[4],0.12999999999999998,0.014,0.004,0.05,0.1,sigmoid,adam,0.03,64,xavier,"(-0.1, 0.1)",35,0.10069259621438609,1.0,491
[3],0.03,0.0,0.008,0.2,0.6000000000000001,tanh,adam,0.03,8,xavier,"(-0.5, 0.5)",20,0.06586592484166867,0.8529411764705882,492
[6],0.01,0.012,0.004,0.0,0.0,tanh,adam,0.02,64,glorot,"(-0.7, 0.7)",30,0.10684509489560376,0.6470588235294118,493
[6],0.18999999999999997,0.016,0.008,0.1,0.8,tanh,sgd,0.03,8,xavier,"(-0.5, 0.5)",20,0.04328495266015194,1.0,494
[3],0.01,0.014,0.006,0.0,0.1,tanh,adam,0.01,64,he,"(-0.7, 0.7)",30,0.10619565841477989,0.6764705882352942,495
[4],0.06999999999999999,0.0,0.006,0.2,0.1,sigmoid,sgd,0.03,8,range,"(-0.7, 0.7)",30,0.11237429087913327,0.7058823529411765,496
[3],0.01,0.008,0.008,0.0,0.2,sigmoid,adam,0.02,32,gaussian,"(-0.5, 0.5)",30,0.0940587830168576,0.7058823529411765,497
[6],0.15,0.008,0.002,0.05,0.30000000000000004,tanh,adam,0.02,32,xavier,"(-0.1, 0.1)",35,0.04268334360461228,1.0,498
[3],0.15,0.0,0.002,0.25,0.30000000000000004,tanh,sgd,0.0,8,he,"(-0.7, 0.7)",35,0.05953134877450433,0.9117647058823529,499
[4],0.12999999999999998,0.012,0.004,0.05,0.6000000000000001,sigmoid,adam,0.03,16,gaussian,"(-0.5, 0.5)",20,0.07242168330490022,1.0,500
[5],0.12999999999999998,0.004,0.004,0.2,0.7000000000000001,sigmoid,sgd,0.04,32,range,"(-0.5, 0.5)",30,0.10874720295093888,0.7058823529411765,501
[4],0.18999999999999997,0.004,0.006,0.25,0.6000000000000001,tanh,sgd,0.02,8,xavier,"(-0.5, 0.5)",35,0.024805920471856556,1.0,502
[4],0.03,0.014,0.008,0.15000000000000002,0.7000000000000001,sigmoid,adam,0.0,32,he,"(-0.7, 0.7)",35,0.08940994448799904,0.8823529411764706,503
[3],0.15,0.006,0.004,0.15000000000000002,0.2,sigmoid,sgd,0.03,16,he,"(-0.1, 0.1)",30,0.10899467120293904,0.7058823529411765,504
[4],0.10999999999999997,0.008,0.006,0.1,0.6000000000000001,sigmoid,adam,0.0,8,he,"(-0.7, 0.7)",35,0.06949052362913508,1.0,505
[5],0.10999999999999997,0.014,0.0,0.05,0.30000000000000004,tanh,sgd,0.03,8,range,"(-0.5, 0.5)",30,0.08824279924353984,0.7647058823529411,506
[4],0.10999999999999997,0.01,0.002,0.2,0.0,tanh,sgd,0.04,16,glorot,"(-0.1, 0.1)",20,0.09854272273847277,0.7941176470588235,507
[3],0.03,0.002,0.0,0.0,0.5,tanh,sgd,0.03,8,range,"(-0.5, 0.5)",20,0.10568676008237243,0.6176470588235294,508
[5],0.08999999999999998,0.018000000000000002,0.008,0.0,0.2,sigmoid,sgd,0.0,8,range,"(-0.7, 0.7)",20,0.11057183574039833,0.7058823529411765,509
[4],0.16999999999999998,0.008,0.006,0.2,0.0,tanh,adam,0.01,16,xavier,"(-0.1, 0.1)",20,0.04018794672310296,1.0,510
[5],0.08999999999999998,0.016,0.0,0.15000000000000002,0.7000000000000001,sigmoid,adam,0.02,32,glorot,"(-0.1, 0.1)",35,0.1256124631008412,1.0,511
[4],0.049999999999999996,0.002,0.008,0.2,0.2,sigmoid,sgd,0.03,16,gaussian,"(-0.7, 0.7)",35,0.11994669373897679,0.7058823529411765,512
[6],0.08999999999999998,0.002,0.006,0.15000000000000002,0.1,sigmoid,sgd,0.01,16,glorot,"(-0.5, 0.5)",20,0.11334514852680379,0.7058823529411765,513
[6],0.18999999999999997,0.006,0.006,0.2,0.30000000000000004,tanh,sgd,0.03,64,glorot,"(-0.5, 0.5)",20,0.11393034425375377,0.7058823529411765,514
[4],0.049999999999999996,0.006,0.008,0.25,0.1,sigmoid,sgd,0.02,16,range,"(-0.1, 0.1)",35,0.10944919234940274,0.7058823529411765,515
[6],0.15,0.002,0.002,0.15000000000000002,0.30000000000000004,tanh,adam,0.04,32,xavier,"(-0.1, 0.1)",30,0.02226608365237265,1.0,516
[4],0.18999999999999997,0.012,0.004,0.1,0.4,tanh,sgd,0.03,64,range,"(-0.1, 0.1)",20,0.10318067713828263,0.7058823529411765,517
[3],0.08999999999999998,0.006,0.002,0.0,0.6000000000000001,tanh,sgd,0.04,8,he,"(-0.7, 0.7)",30,0.06383035199988972,0.8235294117647058,518
[6],0.03,0.01,0.004,0.25,0.5,sigmoid,adam,0.01,64,range,"(-0.5, 0.5)",35,0.10719702724205325,0.6470588235294118,519
[3],0.049999999999999996,0.01,0.008,0.0,0.2,sigmoid,adam,0.03,16,glorot,"(-0.1, 0.1)",20,0.10463832793600827,0.7058823529411765,520
[6],0.049999999999999996,0.012,0.006,0.25,0.0,sigmoid,sgd,0.01,32,range,"(-0.5, 0.5)",20,0.11575249811581079,0.7058823529411765,521
[3],0.049999999999999996,0.018000000000000002,0.004,0.1,0.7000000000000001,tanh,sgd,0.03,16,range,"(-0.5, 0.5)",30,0.10711010358235426,0.6176470588235294,522
[5],0.10999999999999997,0.002,0.008,0.25,0.2,tanh,adam,0.02,8,gaussian,"(-0.1, 0.1)",30,0.029103051953356954,1.0,523
[4],0.12999999999999998,0.014,0.0,0.05,0.8,tanh,sgd,0.02,64,glorot,"(-0.5, 0.5)",20,0.06502039388704504,0.8529411764705882,524
[3],0.049999999999999996,0.01,0.008,0.1,0.2,sigmoid,sgd,0.0,8,range,"(-0.1, 0.1)",30,0.10915512629878131,0.7058823529411765,525
[6],0.06999999999999999,0.0,0.008,0.25,0.2,sigmoid,adam,0.04,16,range,"(-0.5, 0.5)",20,0.031162078506893398,1.0,526
[4],0.03,0.0,0.006,0.25,0.8,sigmoid,sgd,0.01,64,xavier,"(-0.7, 0.7)",30,0.11007423635857765,0.7058823529411765,527
[5],0.08999999999999998,0.016,0.004,0.05,0.2,sigmoid,adam,0.01,8,gaussian,"(-0.7, 0.7)",30,0.08231858124780836,1.0,528
[3],0.16999999999999998,0.008,0.002,0.2,0.7000000000000001,tanh,sgd,0.03,16,glorot,"(-0.7, 0.7)",35,0.06418660142785904,0.8823529411764706,529
[6],0.06999999999999999,0.012,0.004,0.0,0.2,tanh,adam,0.02,8,gaussian,"(-0.1, 0.1)",30,0.042515502990543894,1.0,530
[3],0.01,0.016,0.0,0.2,0.4,tanh,sgd,0.01,64,xavier,"(-0.1, 0.1)",35,0.12049501802808832,0.7352941176470589,531
[3],0.01,0.006,0.006,0.0,0.7000000000000001,sigmoid,sgd,0.01,32,gaussian,"(-0.1, 0.1)",35,0.11458672636616878,0.7058823529411765,532
[4],0.01,0.006,0.004,0.25,0.2,tanh,sgd,0.03,32,xavier,"(-0.7, 0.7)",20,0.1172089559003575,0.6470588235294118,533
[6],0.18999999999999997,0.004,0.008,0.0,0.1,tanh,adam,0.01,8,glorot,"(-0.5, 0.5)",35,0.03985878636262114,1.0,534
[6],0.16999999999999998,0.014,0.004,0.0,0.30000000000000004,sigmoid,sgd,0.02,32,he,"(-0.5, 0.5)",20,0.10809619567053631,0.7058823529411765,535
[3],0.12999999999999998,0.002,0.006,0.15000000000000002,0.4,tanh,sgd,0.0,32,he,"(-0.7, 0.7)",30,0.10512810415892249,0.7058823529411765,536
[3],0.03,0.01,0.0,0.15000000000000002,0.6000000000000001,tanh,sgd,0.04,64,xavier,"(-0.7, 0.7)",20,0.11449131079825255,0.7058823529411765,537
[4],0.08999999999999998,0.002,0.0,0.1,0.0,tanh,sgd,0.04,64,range,"(-0.7, 0.7)",35,0.10893348219577755,0.7058823529411765,538
[6],0.03,0.006,0.0,0.1,0.2,tanh,adam,0.01,16,xavier,"(-0.1, 0.1)",35,0.025115571727623125,1.0,539
[3],0.10999999999999997,0.016,0.008,0.05,0.7000000000000001,tanh,adam,0.01,32,he,"(-0.7, 0.7)",20,0.06110503980654821,0.9705882352941176,540
[5],0.15,0.012,0.002,0.1,0.30000000000000004,tanh,sgd,0.0,8,gaussian,"(-0.5, 0.5)",20,0.1126944286589174,0.7058823529411765,541
[5],0.10999999999999997,0.016,0.006,0.05,0.7000000000000001,tanh,sgd,0.03,8,xavier,"(-0.1, 0.1)",30,0.04570062926546815,0.9705882352941176,542
[5],0.16999999999999998,0.018000000000000002,0.0,0.05,0.0,tanh,adam,0.04,8,range,"(-0.5, 0.5)",20,0.10352958776247245,0.7941176470588235,543
[6],0.03,0.008,0.002,0.05,0.30000000000000004,tanh,adam,0.02,32,range,"(-0.1, 0.1)",20,0.024112129137532627,1.0,544
[5],0.10999999999999997,0.018000000000000002,0.006,0.15000000000000002,0.5,tanh,adam,0.04,8,gaussian,"(-0.7, 0.7)",20,0.05733768512644145,1.0,545
[6],0.18999999999999997,0.016,0.002,0.0,0.4,tanh,adam,0.03,16,glorot,"(-0.5, 0.5)",30,0.0634406276162893,1.0,546
[3],0.03,0.012,0.0,0.2,0.5,tanh,sgd,0.0,32,xavier,"(-0.1, 0.1)",20,0.10817197391444212,0.7058823529411765,547
[4],0.06999999999999999,0.012,0.008,0.2,0.6000000000000001,sigmoid,sgd,0.04,16,he,"(-0.5, 0.5)",30,0.1101129661132867,0.7058823529411765,548
[3],0.049999999999999996,0.016,0.008,0.2,0.30000000000000004,sigmoid,adam,0.02,64,gaussian,"(-0.7, 0.7)",20,0.0947941437104213,0.7058823529411765,549
[4],0.18999999999999997,0.018000000000000002,0.006,0.2,0.2,tanh,sgd,0.02,64,gaussian,"(-0.1, 0.1)",20,0.11132934261112602,0.7058823529411765,550
[6],0.16999999999999998,0.016,0.004,0.05,0.8,tanh,adam,0.04,8,range,"(-0.5, 0.5)",20,0.043487341258678466,1.0,551
[6],0.12999999999999998,0.006,0.0,0.25,0.0,sigmoid,adam,0.01,64,range,"(-0.5, 0.5)",35,0.07665336561892892,1.0,552
[5],0.08999999999999998,0.01,0.006,0.25,0.4,tanh,adam,0.0,8,glorot,"(-0.5, 0.5)",35,0.0507484375059096,1.0,553
[4],0.12999999999999998,0.004,0.006,0.25,0.5,tanh,sgd,0.02,64,he,"(-0.7, 0.7)",20,0.10000277972622407,0.7058823529411765,554
[6],0.01,0.008,0.002,0.1,0.8,sigmoid,adam,0.04,8,glorot,"(-0.7, 0.7)",35,0.10384077181678666,0.7058823529411765,555
[6],0.10999999999999997,0.016,0.004,0.15000000000000002,0.8,sigmoid,adam,0.02,64,range,"(-0.1, 0.1)",30,0.09966937653157609,1.0,556
[6],0.16999999999999998,0.008,0.002,0.1,0.0,tanh,sgd,0.0,64,gaussian,"(-0.7, 0.7)",30,0.11749681601506323,0.7058823529411765,557
[6],0.12999999999999998,0.002,0.002,0.1,0.0,sigmoid,adam,0.04,16,glorot,"(-0.7, 0.7)",20,0.03925826850377285,1.0,558
[4],0.06999999999999999,0.006,0.008,0.1,0.4,sigmoid,sgd,0.01,64,range,"(-0.7, 0.7)",35,0.11344133246596236,0.7058823529411765,559
[5],0.049999999999999996,0.016,0.004,0.25,0.0,sigmoid,sgd,0.0,16,glorot,"(-0.5, 0.5)",20,0.11119395755327152,0.7058823529411765,560
[4],0.15,0.006,0.004,0.25,0.5,sigmoid,adam,0.04,64,xavier,"(-0.5, 0.5)",35,0.07711251981627293,0.9705882352941176,561
[3],0.06999999999999999,0.004,0.002,0.05,0.4,tanh,adam,0.0,32,glorot,"(-0.7, 0.7)",30,0.04601492492426476,0.9411764705882353,562
[3],0.18999999999999997,0.006,0.004,0.1,0.5,tanh,adam,0.0,16,gaussian,"(-0.1, 0.1)",30,0.06621637780780971,0.9117647058823529,563
[3],0.15,0.008,0.0,0.05,0.6000000000000001,tanh,adam,0.02,32,glorot,"(-0.5, 0.5)",20,0.055404859690903224,0.9705882352941176,564
[4],0.03,0.016,0.008,0.05,0.1,sigmoid,adam,0.0,64,he,"(-0.1, 0.1)",30,0.10048323709089993,0.8235294117647058,565
[6],0.03,0.004,0.002,0.05,0.8,sigmoid,sgd,0.02,64,he,"(-0.5, 0.5)",30,0.10799211797095595,0.7058823529411765,566
[5],0.06999999999999999,0.0,0.004,0.1,0.5,tanh,adam,0.04,32,gaussian,"(-0.1, 0.1)",30,0.01374513728807347,0.9705882352941176,567
[4],0.10999999999999997,0.012,0.0,0.15000000000000002,0.7000000000000001,tanh,adam,0.01,16,xavier,"(-0.5, 0.5)",30,0.06300226565391012,0.9705882352941176,568
[4],0.18999999999999997,0.018000000000000002,0.0,0.1,0.6000000000000001,sigmoid,sgd,0.04,16,xavier,"(-0.5, 0.5)",35,0.1025128095351227,0.7058823529411765,569
[6],0.049999999999999996,0.012,0.008,0.0,0.2,sigmoid,sgd,0.0,64,he,"(-0.5, 0.5)",35,0.11485318544565333,0.7058823529411765,570
[3],0.12999999999999998,0.002,0.006,0.2,0.0,tanh,adam,0.0,8,he,"(-0.7, 0.7)",20,0.0655136825471288,0.7941176470588235,571
[4],0.01,0.0,0.002,0.2,0.30000000000000004,tanh,adam,0.04,8,glorot,"(-0.5, 0.5)",35,0.05431547359540776,0.9117647058823529,572
[6],0.049999999999999996,0.002,0.006,0.05,0.1,sigmoid,sgd,0.01,8,range,"(-0.1, 0.1)",35,0.11002760491869289,0.7058823529411765,573
[6],0.18999999999999997,0.004,0.0,0.0,0.5,sigmoid,sgd,0.03,8,xavier,"(-0.1, 0.1)",30,0.09888962690278469,0.7058823529411765,574
[3],0.01,0.016,0.002,0.05,0.8,sigmoid,adam,0.03,32,xavier,"(-0.5, 0.5)",20,0.10460453654249653,0.7058823529411765,575
[5],0.08999999999999998,0.018000000000000002,0.008,0.1,0.7000000000000001,tanh,sgd,0.04,16,gaussian,"(-0.5, 0.5)",20,0.12213217335441483,0.7058823529411765,576
[4],0.049999999999999996,0.016,0.0,0.0,0.2,tanh,sgd,0.02,32,glorot,"(-0.7, 0.7)",30,0.1078423308622308,0.7647058823529411,577
[5],0.16999999999999998,0.018000000000000002,0.004,0.05,0.4,tanh,adam,0.0,64,gaussian,"(-0.7, 0.7)",30,0.08052423958102878,0.9705882352941176,578
[5],0.15,0.004,0.004,0.1,0.2,tanh,adam,0.01,64,range,"(-0.5, 0.5)",35,0.030368484383072828,1.0,579
[5],0.15,0.014,0.008,0.2,0.4,sigmoid,adam,0.0,32,glorot,"(-0.5, 0.5)",30,0.09553437622317147,0.9411764705882353,580
[6],0.15,0.0,0.006,0.0,0.2,tanh,sgd,0.04,32,xavier,"(-0.5, 0.5)",35,0.10388529567218505,0.7352941176470589,581
[3],0.18999999999999997,0.004,0.008,0.05,0.6000000000000001,sigmoid,adam,0.02,8,glorot,"(-0.1, 0.1)",20,0.044883758393201814,1.0,582
[5],0.06999999999999999,0.014,0.0,0.25,0.8,tanh,sgd,0.02,64,glorot,"(-0.7, 0.7)",35,0.10208321786537686,0.7647058823529411,583
[3],0.06999999999999999,0.002,0.006,0.15000000000000002,0.4,tanh,adam,0.0,16,glorot,"(-0.7, 0.7)",35,0.045305571391247065,0.9705882352941176,584
[4],0.03,0.004,0.004,0.05,0.8,tanh,sgd,0.02,32,gaussian,"(-0.5, 0.5)",20,0.11213855847754768,0.7058823529411765,585
[3],0.18999999999999997,0.018000000000000002,0.0,0.2,0.8,tanh,sgd,0.04,64,gaussian,"(-0.7, 0.7)",20,0.1184148248949326,0.7058823529411765,586
[6],0.01,0.016,0.006,0.15000000000000002,0.1,tanh,sgd,0.0,64,glorot,"(-0.7, 0.7)",20,0.13220637739090735,0.5,587
[3],0.15,0.008,0.0,0.1,0.30000000000000004,sigmoid,adam,0.04,32,glorot,"(-0.7, 0.7)",30,0.06358334734579599,1.0,588
[6],0.049999999999999996,0.008,0.006,0.0,0.0,tanh,sgd,0.0,8,range,"(-0.1, 0.1)",20,0.10493039253796654,0.7058823529411765,589
[6],0.01,0.002,0.006,0.2,0.5,sigmoid,sgd,0.0,32,gaussian,"(-0.1, 0.1)",30,0.11384110589153704,0.7058823529411765,590
[5],0.18999999999999997,0.014,0.002,0.25,0.30000000000000004,sigmoid,sgd,0.0,8,xavier,"(-0.7, 0.7)",30,0.10913004115226814,0.7058823529411765,591
[5],0.18999999999999997,0.018000000000000002,0.006,0.1,0.7000000000000001,tanh,sgd,0.04,64,he,"(-0.7, 0.7)",35,0.0998142055124052,0.7352941176470589,592
[6],0.08999999999999998,0.008,0.002,0.1,0.2,tanh,adam,0.01,8,he,"(-0.1, 0.1)",30,0.03707811749561797,1.0,593
[5],0.03,0.01,0.002,0.15000000000000002,0.4,sigmoid,adam,0.0,16,xavier,"(-0.5, 0.5)",35,0.07886017379753678,1.0,594
[4],0.15,0.012,0.006,0.25,0.7000000000000001,tanh,sgd,0.03,8,range,"(-0.5, 0.5)",30,0.03443171796086954,1.0,595
[6],0.03,0.014,0.004,0.2,0.0,tanh,adam,0.04,64,range,"(-0.7, 0.7)",20,0.1139020247373993,0.7058823529411765,596
[5],0.08999999999999998,0.018000000000000002,0.008,0.0,0.8,sigmoid,sgd,0.02,64,xavier,"(-0.5, 0.5)",35,0.11409594370306021,0.7058823529411765,597
[3],0.10999999999999997,0.014,0.004,0.1,0.5,sigmoid,adam,0.01,16,he,"(-0.5, 0.5)",20,0.08532261355681937,1.0,598
[5],0.049999999999999996,0.014,0.008,0.0,0.1,sigmoid,sgd,0.0,32,gaussian,"(-0.7, 0.7)",30,0.1353000501436095,0.7058823529411765,599
[6],0.12999999999999998,0.016,0.008,0.2,0.5,sigmoid,sgd,0.0,16,he,"(-0.7, 0.7)",30,0.10992715454974897,0.7058823529411765,600
[3],0.16999999999999998,0.006,0.0,0.25,0.7000000000000001,sigmoid,adam,0.04,8,gaussian,"(-0.1, 0.1)",20,0.05815324899393169,1.0,601
[6],0.08999999999999998,0.004,0.004,0.2,0.7000000000000001,sigmoid,sgd,0.02,32,he,"(-0.7, 0.7)",20,0.10846277013881034,0.7058823529411765,602
[6],0.16999999999999998,0.002,0.008,0.05,0.1,tanh,adam,0.02,32,glorot,"(-0.5, 0.5)",30,0.029930364250184333,1.0,603
[3],0.08999999999999998,0.004,0.008,0.05,0.7000000000000001,sigmoid,adam,0.04,32,glorot,"(-0.1, 0.1)",20,0.04441827089828306,1.0,604
[5],0.12999999999999998,0.002,0.006,0.05,0.7000000000000001,tanh,sgd,0.02,32,xavier,"(-0.7, 0.7)",20,0.09551373036538001,0.7058823529411765,605
[6],0.15,0.012,0.008,0.2,0.8,tanh,adam,0.03,32,he,"(-0.5, 0.5)",30,0.07738393572030008,0.9705882352941176,606
[5],0.15,0.008,0.0,0.05,0.4,sigmoid,sgd,0.04,16,range,"(-0.7, 0.7)",20,0.10779507113988797,0.7058823529411765,607
[6],0.01,0.01,0.008,0.15000000000000002,0.2,tanh,adam,0.0,16,he,"(-0.5, 0.5)",20,0.05253868545195276,0.9411764705882353,608
[3],0.03,0.004,0.004,0.2,0.4,tanh,adam,0.04,16,glorot,"(-0.7, 0.7)",35,0.05198237530555825,0.9411764705882353,609
[5],0.12999999999999998,0.002,0.0,0.1,0.6000000000000001,tanh,sgd,0.01,16,gaussian,"(-0.5, 0.5)",20,0.10671888909973525,0.7058823529411765,610
[6],0.10999999999999997,0.018000000000000002,0.004,0.2,0.0,tanh,sgd,0.0,64,gaussian,"(-0.1, 0.1)",35,0.10726110373856224,0.7058823529411765,611
[4],0.15,0.008,0.002,0.05,0.0,sigmoid,adam,0.01,64,gaussian,"(-0.7, 0.7)",30,0.06364435802984761,1.0,612
[4],0.08999999999999998,0.008,0.006,0.1,0.6000000000000001,sigmoid,sgd,0.0,16,gaussian,"(-0.1, 0.1)",35,0.10909704467551373,0.7058823529411765,613
[3],0.15,0.016,0.002,0.2,0.7000000000000001,sigmoid,adam,0.03,8,he,"(-0.7, 0.7)",30,0.09181202684159169,1.0,614
[5],0.18999999999999997,0.016,0.004,0.2,0.6000000000000001,tanh,sgd,0.02,64,he,"(-0.7, 0.7)",30,0.09837995870496381,0.7352941176470589,615
[3],0.16999999999999998,0.0,0.002,0.25,0.8,sigmoid,adam,0.01,8,xavier,"(-0.7, 0.7)",35,0.06781920485523509,0.7941176470588235,616
[6],0.12999999999999998,0.018000000000000002,0.0,0.1,0.4,tanh,adam,0.01,16,range,"(-0.5, 0.5)",30,0.06023976117028883,1.0,617
[3],0.10999999999999997,0.004,0.0,0.05,0.1,sigmoid,sgd,0.04,64,gaussian,"(-0.7, 0.7)",20,0.11297858033872538,0.7058823529411765,618
[4],0.049999999999999996,0.0,0.002,0.15000000000000002,0.6000000000000001,tanh,adam,0.01,64,glorot,"(-0.7, 0.7)",30,0.013503394242884888,1.0,619
[4],0.12999999999999998,0.016,0.004,0.05,0.7000000000000001,sigmoid,adam,0.03,8,xavier,"(-0.1, 0.1)",20,0.0863741947739793,0.9705882352941176,620
[6],0.15,0.016,0.002,0.1,0.7000000000000001,sigmoid,sgd,0.03,16,range,"(-0.1, 0.1)",20,0.10720062162817692,0.7058823529411765,621
[5],0.10999999999999997,0.01,0.006,0.05,0.5,tanh,sgd,0.01,16,glorot,"(-0.5, 0.5)",35,0.05467931854073246,0.9117647058823529,622
[3],0.01,0.008,0.004,0.05,0.5,tanh,adam,0.01,8,xavier,"(-0.5, 0.5)",20,0.05718431837964003,0.9117647058823529,623
[4],0.049999999999999996,0.016,0.004,0.15000000000000002,0.0,tanh,sgd,0.02,8,xavier,"(-0.5, 0.5)",30,0.10139544948178571,0.7352941176470589,624
[5],0.08999999999999998,0.012,0.008,0.2,0.30000000000000004,tanh,adam,0.0,32,gaussian,"(-0.1, 0.1)",30,0.06609899353692625,1.0,625
[6],0.16999999999999998,0.016,0.0,0.1,0.6000000000000001,tanh,adam,0.03,16,range,"(-0.5, 0.5)",30,0.057947530833553404,1.0,626
[6],0.18999999999999997,0.0,0.004,0.1,0.8,tanh,adam,0.03,16,xavier,"(-0.1, 0.1)",35,0.013114601668469178,1.0,627
[4],0.18999999999999997,0.002,0.002,0.1,0.8,tanh,adam,0.04,64,glorot,"(-0.1, 0.1)",20,0.032336273016607735,0.9411764705882353,628
[6],0.049999999999999996,0.006,0.008,0.1,0.5,tanh,sgd,0.03,32,gaussian,"(-0.5, 0.5)",30,0.11837488107946666,0.7058823529411765,629
[3],0.16999999999999998,0.018000000000000002,0.004,0.05,0.0,sigmoid,sgd,0.0,16,xavier,"(-0.7, 0.7)",35,0.10859246616597899,0.7058823529411765,630
[3],0.03,0.006,0.008,0.15000000000000002,0.1,tanh,sgd,0.04,16,xavier,"(-0.5, 0.5)",30,0.11113367815090026,0.7058823529411765,631
[3],0.10999999999999997,0.016,0.0,0.0,0.8,sigmoid,sgd,0.02,16,xavier,"(-0.5, 0.5)",30,0.10285105851973808,0.7058823529411765,632
[4],0.10999999999999997,0.012,0.006,0.0,0.2,tanh,adam,0.01,64,gaussian,"(-0.5, 0.5)",30,0.04891268896013885,1.0,633
[5],0.18999999999999997,0.012,0.008,0.1,0.7000000000000001,tanh,adam,0.03,32,range,"(-0.5, 0.5)",35,0.07679826326806252,1.0,634
[5],0.10999999999999997,0.0,0.004,0.1,0.30000000000000004,tanh,sgd,0.04,8,glorot,"(-0.1, 0.1)",30,0.05785539266299078,0.9117647058823529,635
[5],0.08999999999999998,0.002,0.008,0.05,0.5,sigmoid,adam,0.01,32,xavier,"(-0.1, 0.1)",30,0.04979491693200088,1.0,636
[4],0.03,0.012,0.004,0.0,0.1,sigmoid,sgd,0.02,32,glorot,"(-0.5, 0.5)",35,0.11404805146819723,0.7058823529411765,637
[5],0.10999999999999997,0.004,0.0,0.05,0.0,sigmoid,adam,0.03,32,glorot,"(-0.1, 0.1)",20,0.0391362872944424,1.0,638
[4],0.08999999999999998,0.0,0.002,0.25,0.5,sigmoid,sgd,0.0,16,he,"(-0.5, 0.5)",20,0.10459350424911328,0.7058823529411765,639
[4],0.18999999999999997,0.006,0.006,0.05,0.4,sigmoid,adam,0.0,16,gaussian,"(-0.7, 0.7)",20,0.052074882732897065,1.0,640
[5],0.049999999999999996,0.01,0.006,0.2,0.5,sigmoid,sgd,0.02,64,range,"(-0.5, 0.5)",20,0.11169967900217205,0.7058823529411765,641
[4],0.06999999999999999,0.004,0.004,0.1,0.6000000000000001,sigmoid,sgd,0.04,8,gaussian,"(-0.1, 0.1)",30,0.1083935388914643,0.7058823529411765,642
[4],0.08999999999999998,0.016,0.004,0.15000000000000002,0.1,sigmoid,sgd,0.04,64,xavier,"(-0.5, 0.5)",30,0.11142900662609145,0.7058823529411765,643
[6],0.03,0.004,0.006,0.05,0.4,sigmoid,sgd,0.0,16,gaussian,"(-0.1, 0.1)",35,0.11000925895467135,0.7058823529411765,644
[3],0.06999999999999999,0.016,0.0,0.05,0.0,sigmoid,adam,0.04,32,range,"(-0.1, 0.1)",20,0.0917873359623678,0.7058823529411765,645
[3],0.16999999999999998,0.016,0.008,0.25,0.1,tanh,adam,0.02,32,xavier,"(-0.1, 0.1)",20,0.08702101104383728,0.9411764705882353,646
[3],0.18999999999999997,0.018000000000000002,0.0,0.2,0.2,sigmoid,sgd,0.01,32,glorot,"(-0.7, 0.7)",35,0.10670643001904753,0.7058823529411765,647
[4],0.03,0.014,0.002,0.05,0.6000000000000001,tanh,adam,0.0,32,gaussian,"(-0.5, 0.5)",20,0.05210718099833567,1.0,648
[3],0.06999999999999999,0.016,0.008,0.0,0.1,tanh,adam,0.0,32,gaussian,"(-0.1, 0.1)",20,0.06176493765534391,0.9705882352941176,649
[4],0.049999999999999996,0.0,0.002,0.1,0.4,tanh,adam,0.0,64,gaussian,"(-0.5, 0.5)",35,0.050281489924625215,0.9411764705882353,650
[6],0.12999999999999998,0.01,0.0,0.25,0.7000000000000001,tanh,adam,0.01,32,glorot,"(-0.1, 0.1)",20,0.046268998818972895,1.0,651
[3],0.12999999999999998,0.006,0.0,0.15000000000000002,0.0,sigmoid,adam,0.04,8,gaussian,"(-0.7, 0.7)",35,0.04512428525786039,1.0,652
[3],0.10999999999999997,0.014,0.0,0.05,0.6000000000000001,sigmoid,sgd,0.03,64,glorot,"(-0.1, 0.1)",20,0.10546481690546075,0.7058823529411765,653
[5],0.18999999999999997,0.018000000000000002,0.004,0.15000000000000002,0.6000000000000001,tanh,sgd,0.01,16,xavier,"(-0.7, 0.7)",30,0.058661953325806794,0.9117647058823529,654
[3],0.01,0.014,0.0,0.25,0.5,sigmoid,sgd,0.04,64,gaussian,"(-0.5, 0.5)",35,0.12726598947965612,0.7058823529411765,655
[3],0.16999999999999998,0.012,0.002,0.05,0.2,sigmoid,adam,0.01,8,glorot,"(-0.5, 0.5)",35,0.07061900726925784,1.0,656
[6],0.08999999999999998,0.008,0.008,0.25,0.8,sigmoid,sgd,0.01,64,he,"(-0.7, 0.7)",35,0.10982438647881404,0.7058823529411765,657
[3],0.18999999999999997,0.014,0.002,0.05,0.8,tanh,sgd,0.02,32,he,"(-0.5, 0.5)",30,0.057993415062009265,0.8823529411764706,658
[3],0.06999999999999999,0.018000000000000002,0.0,0.2,0.6000000000000001,sigmoid,sgd,0.02,16,xavier,"(-0.5, 0.5)",30,0.1085974226503026,0.7058823529411765,659
[4],0.16999999999999998,0.014,0.002,0.15000000000000002,0.30000000000000004,sigmoid,sgd,0.04,8,gaussian,"(-0.5, 0.5)",35,0.10933405662767463,0.7058823529411765,660
[4],0.12999999999999998,0.008,0.006,0.1,0.8,tanh,adam,0.03,32,range,"(-0.5, 0.5)",35,0.05174390425192077,0.9705882352941176,661
[6],0.08999999999999998,0.002,0.006,0.05,0.7000000000000001,sigmoid,sgd,0.0,64,xavier,"(-0.1, 0.1)",30,0.10693263053065827,0.7058823529411765,662
[5],0.10999999999999997,0.004,0.008,0.15000000000000002,0.7000000000000001,tanh,sgd,0.0,32,he,"(-0.7, 0.7)",30,0.09272848309108228,0.7352941176470589,663
[3],0.16999999999999998,0.002,0.0,0.25,0.4,tanh,sgd,0.02,64,xavier,"(-0.7, 0.7)",20,0.1039295899705172,0.7058823529411765,664
[5],0.06999999999999999,0.012,0.0,0.0,0.6000000000000001,tanh,sgd,0.0,32,glorot,"(-0.1, 0.1)",20,0.09348817825315778,0.7647058823529411,665
[6],0.03,0.002,0.008,0.2,0.2,tanh,sgd,0.02,32,he,"(-0.7, 0.7)",35,0.10997055649728801,0.7352941176470589,666
[5],0.12999999999999998,0.01,0.004,0.05,0.6000000000000001,sigmoid,adam,0.04,32,xavier,"(-0.5, 0.5)",30,0.09796524869572337,1.0,667
[3],0.08999999999999998,0.0,0.002,0.1,0.4,tanh,adam,0.02,32,glorot,"(-0.5, 0.5)",20,0.06755551839448896,0.7647058823529411,668
[3],0.06999999999999999,0.0,0.0,0.0,0.6000000000000001,sigmoid,sgd,0.03,16,xavier,"(-0.7, 0.7)",30,0.107594322847392,0.7058823529411765,669
[6],0.08999999999999998,0.004,0.0,0.25,0.7000000000000001,sigmoid,adam,0.04,16,range,"(-0.5, 0.5)",35,0.057675564286777725,1.0,670
[3],0.18999999999999997,0.01,0.006,0.0,0.30000000000000004,tanh,sgd,0.04,8,glorot,"(-0.7, 0.7)",30,0.10698993773542359,0.6470588235294118,671
[3],0.16999999999999998,0.002,0.0,0.05,0.6000000000000001,tanh,sgd,0.01,32,range,"(-0.7, 0.7)",30,0.08048743095004736,0.7352941176470589,672
[5],0.06999999999999999,0.014,0.006,0.0,0.0,tanh,sgd,0.03,32,range,"(-0.5, 0.5)",35,0.11125120935221457,0.7352941176470589,673
[3],0.08999999999999998,0.004,0.008,0.1,0.4,tanh,adam,0.03,32,he,"(-0.1, 0.1)",20,0.041625211931653375,0.9705882352941176,674
[6],0.10999999999999997,0.012,0.002,0.15000000000000002,0.5,sigmoid,sgd,0.0,8,glorot,"(-0.7, 0.7)",35,0.10867678658864167,0.6764705882352942,675
[3],0.15,0.006,0.004,0.1,0.7000000000000001,tanh,adam,0.04,16,xavier,"(-0.5, 0.5)",35,0.053055364719052915,0.9117647058823529,676
[3],0.12999999999999998,0.006,0.008,0.05,0.2,tanh,adam,0.04,64,gaussian,"(-0.7, 0.7)",35,0.05088764369577631,0.9411764705882353,677
[3],0.01,0.002,0.006,0.0,0.7000000000000001,sigmoid,sgd,0.04,32,he,"(-0.5, 0.5)",30,0.11414806709736355,0.7058823529411765,678
[3],0.06999999999999999,0.0,0.004,0.2,0.4,tanh,sgd,0.02,16,xavier,"(-0.5, 0.5)",35,0.10426517359626138,0.7058823529411765,679
[5],0.049999999999999996,0.016,0.002,0.25,0.30000000000000004,tanh,sgd,0.04,64,he,"(-0.5, 0.5)",35,0.11263017702601676,0.7058823529411765,680
[6],0.18999999999999997,0.016,0.0,0.25,0.30000000000000004,sigmoid,sgd,0.03,32,glorot,"(-0.5, 0.5)",35,0.1123524180366646,0.7058823529411765,681
[6],0.15,0.002,0.0,0.1,0.8,sigmoid,sgd,0.04,64,gaussian,"(-0.7, 0.7)",35,0.11088557086057325,0.7058823529411765,682
[5],0.03,0.0,0.006,0.25,0.1,sigmoid,adam,0.0,8,he,"(-0.5, 0.5)",30,0.024374888490215667,1.0,683
[5],0.12999999999999998,0.002,0.0,0.2,0.8,sigmoid,sgd,0.04,64,he,"(-0.5, 0.5)",20,0.10556118153427803,0.7058823529411765,684
[5],0.15,0.006,0.008,0.2,0.5,sigmoid,sgd,0.03,64,he,"(-0.7, 0.7)",35,0.11032633986827557,0.7058823529411765,685
[6],0.15,0.0,0.0,0.15000000000000002,0.8,sigmoid,sgd,0.02,16,xavier,"(-0.5, 0.5)",20,0.09927317768387153,0.7058823529411765,686
[4],0.03,0.016,0.0,0.2,0.2,sigmoid,adam,0.03,8,range,"(-0.5, 0.5)",35,0.07687737194382877,1.0,687
[6],0.12999999999999998,0.0,0.002,0.2,0.6000000000000001,tanh,sgd,0.04,16,range,"(-0.7, 0.7)",30,0.10312493615174573,0.6470588235294118,688
[6],0.03,0.012,0.004,0.15000000000000002,0.8,sigmoid,sgd,0.0,8,xavier,"(-0.7, 0.7)",35,0.10800589158407826,0.7058823529411765,689
[6],0.01,0.018000000000000002,0.0,0.15000000000000002,0.0,sigmoid,adam,0.04,8,range,"(-0.7, 0.7)",35,0.10612327362894813,0.6764705882352942,690
[6],0.12999999999999998,0.018000000000000002,0.002,0.05,0.0,tanh,sgd,0.04,16,he,"(-0.7, 0.7)",30,0.10335213507533451,0.7058823529411765,691
[4],0.12999999999999998,0.014,0.004,0.2,0.7000000000000001,tanh,sgd,0.04,64,he,"(-0.1, 0.1)",30,0.10063441784982283,0.6470588235294118,692
[5],0.08999999999999998,0.01,0.006,0.1,0.7000000000000001,sigmoid,adam,0.03,64,he,"(-0.7, 0.7)",30,0.07045418232426558,1.0,693
[3],0.18999999999999997,0.016,0.002,0.2,0.1,tanh,adam,0.03,64,range,"(-0.5, 0.5)",20,0.07052291149650694,0.9117647058823529,694
[3],0.06999999999999999,0.008,0.004,0.05,0.2,sigmoid,sgd,0.03,16,glorot,"(-0.7, 0.7)",20,0.10721576485700479,0.7058823529411765,695
[3],0.06999999999999999,0.004,0.006,0.25,0.4,tanh,sgd,0.02,64,xavier,"(-0.1, 0.1)",20,0.10885432366643687,0.7058823529411765,696
[3],0.15,0.008,0.0,0.25,0.6000000000000001,sigmoid,adam,0.0,64,range,"(-0.5, 0.5)",20,0.057301816061213914,1.0,697
[4],0.08999999999999998,0.014,0.006,0.25,0.7000000000000001,tanh,sgd,0.01,32,range,"(-0.1, 0.1)",30,0.1014911954584662,0.7352941176470589,698
[3],0.01,0.01,0.002,0.15000000000000002,0.6000000000000001,sigmoid,sgd,0.01,64,glorot,"(-0.1, 0.1)",20,0.11708734384221735,0.6470588235294118,699
[5],0.049999999999999996,0.004,0.008,0.1,0.6000000000000001,sigmoid,sgd,0.03,16,xavier,"(-0.5, 0.5)",35,0.10993203291860092,0.7058823529411765,700
[4],0.049999999999999996,0.01,0.008,0.05,0.1,sigmoid,sgd,0.01,64,gaussian,"(-0.1, 0.1)",35,0.11308082731352155,0.7058823529411765,701
[5],0.049999999999999996,0.006,0.004,0.0,0.30000000000000004,tanh,sgd,0.02,16,xavier,"(-0.1, 0.1)",20,0.10485315246380499,0.7647058823529411,702
[3],0.16999999999999998,0.016,0.002,0.2,0.4,tanh,adam,0.0,16,he,"(-0.7, 0.7)",30,0.07272560049668914,1.0,703
[3],0.08999999999999998,0.014,0.002,0.15000000000000002,0.1,tanh,sgd,0.03,64,range,"(-0.7, 0.7)",30,0.10742510703146986,0.6470588235294118,704
[3],0.12999999999999998,0.008,0.004,0.25,0.5,tanh,adam,0.01,8,he,"(-0.5, 0.5)",35,0.0536399158046485,0.9117647058823529,705
[4],0.15,0.018000000000000002,0.002,0.15000000000000002,0.4,sigmoid,adam,0.01,16,glorot,"(-0.1, 0.1)",35,0.09517144594506544,0.6470588235294118,706
[6],0.16999999999999998,0.016,0.004,0.2,0.30000000000000004,tanh,sgd,0.04,16,range,"(-0.1, 0.1)",20,0.10317180028344607,0.7058823529411765,707
[6],0.18999999999999997,0.018000000000000002,0.006,0.25,0.8,sigmoid,sgd,0.0,32,gaussian,"(-0.1, 0.1)",20,0.10665053533920991,0.7058823529411765,708
[3],0.18999999999999997,0.016,0.004,0.2,0.6000000000000001,tanh,adam,0.0,8,xavier,"(-0.5, 0.5)",20,0.07696484142206596,0.9705882352941176,709
[6],0.12999999999999998,0.012,0.008,0.15000000000000002,0.0,tanh,adam,0.01,32,glorot,"(-0.5, 0.5)",30,0.07545373376390052,1.0,710
[3],0.08999999999999998,0.018000000000000002,0.008,0.25,0.8,tanh,sgd,0.01,32,range,"(-0.1, 0.1)",35,0.09969715721985786,0.7647058823529411,711
[3],0.06999999999999999,0.016,0.004,0.05,0.4,sigmoid,adam,0.03,16,xavier,"(-0.1, 0.1)",30,0.09051426214479748,1.0,712
[5],0.18999999999999997,0.012,0.002,0.25,0.7000000000000001,tanh,sgd,0.04,64,xavier,"(-0.7, 0.7)",35,0.09593653732806603,0.7647058823529411,713
[5],0.18999999999999997,0.01,0.008,0.1,0.0,sigmoid,adam,0.02,32,glorot,"(-0.5, 0.5)",30,0.0943984353295928,1.0,714
[5],0.06999999999999999,0.002,0.006,0.0,0.8,tanh,sgd,0.0,8,xavier,"(-0.7, 0.7)",20,0.012200371136091065,1.0,715
[3],0.049999999999999996,0.014,0.002,0.15000000000000002,0.6000000000000001,sigmoid,sgd,0.02,64,glorot,"(-0.1, 0.1)",35,0.10698774645970817,0.7058823529411765,716
[4],0.049999999999999996,0.006,0.004,0.2,0.7000000000000001,tanh,sgd,0.04,8,glorot,"(-0.7, 0.7)",30,0.06517145186991576,0.8529411764705882,717
[3],0.03,0.018000000000000002,0.0,0.0,0.0,tanh,adam,0.03,8,glorot,"(-0.1, 0.1)",35,0.05995233601864793,0.9411764705882353,718
[4],0.12999999999999998,0.008,0.004,0.15000000000000002,0.8,sigmoid,adam,0.04,32,range,"(-0.5, 0.5)",35,0.08233419380166862,1.0,719
[5],0.03,0.014,0.006,0.0,0.0,sigmoid,adam,0.0,64,he,"(-0.7, 0.7)",35,0.09096077158061815,0.7352941176470589,720
[5],0.16999999999999998,0.002,0.0,0.1,0.5,tanh,sgd,0.02,64,glorot,"(-0.7, 0.7)",30,0.0919276888961818,0.7647058823529411,721
[5],0.15,0.006,0.002,0.2,0.7000000000000001,sigmoid,adam,0.01,8,he,"(-0.5, 0.5)",30,0.07085955280312552,1.0,722
[5],0.03,0.016,0.002,0.15000000000000002,0.8,tanh,adam,0.03,8,range,"(-0.7, 0.7)",35,0.050509128294268575,0.9705882352941176,723
[4],0.15,0.008,0.002,0.1,0.5,sigmoid,adam,0.04,32,range,"(-0.1, 0.1)",35,0.07719216386506657,1.0,724
[3],0.12999999999999998,0.004,0.004,0.0,0.2,sigmoid,sgd,0.04,64,he,"(-0.5, 0.5)",35,0.10981121523541024,0.7058823529411765,725
[4],0.08999999999999998,0.006,0.004,0.05,0.5,tanh,adam,0.04,32,xavier,"(-0.1, 0.1)",20,0.01924445334105175,1.0,726
[3],0.10999999999999997,0.012,0.0,0.05,0.8,tanh,sgd,0.0,8,xavier,"(-0.5, 0.5)",30,0.04069499922476982,0.9705882352941176,727
[6],0.18999999999999997,0.008,0.006,0.15000000000000002,0.0,tanh,sgd,0.01,64,glorot,"(-0.5, 0.5)",30,0.11524033065212015,0.6470588235294118,728
[5],0.15,0.012,0.008,0.0,0.1,tanh,sgd,0.01,16,gaussian,"(-0.5, 0.5)",20,0.11895189879775961,0.7058823529411765,729
[4],0.18999999999999997,0.012,0.004,0.1,0.8,tanh,sgd,0.04,8,gaussian,"(-0.5, 0.5)",20,0.038816793271833155,1.0,730
[5],0.16999999999999998,0.018000000000000002,0.002,0.05,0.30000000000000004,tanh,sgd,0.04,64,glorot,"(-0.1, 0.1)",20,0.10290501907039891,0.7647058823529411,731
[4],0.16999999999999998,0.01,0.004,0.25,0.0,sigmoid,sgd,0.04,32,glorot,"(-0.1, 0.1)",35,0.11184190060972037,0.7058823529411765,732
[3],0.03,0.0,0.0,0.05,0.4,tanh,adam,0.0,8,he,"(-0.7, 0.7)",20,0.006833634112307824,1.0,733
[6],0.03,0.018000000000000002,0.004,0.2,0.1,sigmoid,adam,0.02,8,he,"(-0.5, 0.5)",20,0.10381002259813692,0.7058823529411765,734
[3],0.18999999999999997,0.006,0.008,0.15000000000000002,0.8,tanh,sgd,0.04,64,glorot,"(-0.1, 0.1)",30,0.09421476776753314,0.7058823529411765,735
[3],0.16999999999999998,0.0,0.004,0.2,0.2,sigmoid,sgd,0.04,32,gaussian,"(-0.5, 0.5)",35,0.11033367312212486,0.7058823529411765,736
[3],0.18999999999999997,0.012,0.0,0.05,0.30000000000000004,sigmoid,sgd,0.0,16,he,"(-0.7, 0.7)",30,0.10593923413365594,0.7058823529411765,737
[4],0.049999999999999996,0.0,0.008,0.1,0.0,sigmoid,sgd,0.03,8,glorot,"(-0.5, 0.5)",30,0.11262308590761133,0.7058823529411765,738
[5],0.12999999999999998,0.004,0.006,0.1,0.8,sigmoid,adam,0.03,8,gaussian,"(-0.7, 0.7)",20,0.04169333024361052,1.0,739
[6],0.049999999999999996,0.0,0.002,0.0,0.6000000000000001,tanh,sgd,0.03,32,glorot,"(-0.7, 0.7)",20,0.11309199860936582,0.6176470588235294,740
[4],0.03,0.002,0.008,0.15000000000000002,0.0,sigmoid,sgd,0.0,16,xavier,"(-0.7, 0.7)",35,0.11189782120601922,0.7058823529411765,741
[4],0.06999999999999999,0.0,0.002,0.1,0.5,tanh,sgd,0.0,64,xavier,"(-0.1, 0.1)",20,0.1006438750791704,0.6764705882352942,742
[5],0.10999999999999997,0.018000000000000002,0.006,0.2,0.8,sigmoid,sgd,0.04,64,gaussian,"(-0.7, 0.7)",30,0.1346025235418075,0.7058823529411765,743
[3],0.08999999999999998,0.01,0.0,0.1,0.2,sigmoid,sgd,0.01,8,xavier,"(-0.5, 0.5)",20,0.1078175572596141,0.7058823529411765,744
[3],0.12999999999999998,0.008,0.0,0.25,0.8,sigmoid,adam,0.02,64,gaussian,"(-0.7, 0.7)",35,0.08065324281177705,0.8235294117647058,745
[3],0.18999999999999997,0.014,0.0,0.1,0.0,sigmoid,adam,0.03,32,he,"(-0.5, 0.5)",35,0.11364307973021884,1.0,746
[5],0.01,0.012,0.0,0.2,0.5,sigmoid,adam,0.01,64,he,"(-0.5, 0.5)",30,0.10387308656838816,0.7058823529411765,747
[6],0.18999999999999997,0.016,0.002,0.25,0.8,tanh,sgd,0.03,32,xavier,"(-0.7, 0.7)",30,0.06747544424492208,0.8529411764705882,748
[3],0.08999999999999998,0.004,0.008,0.25,0.0,tanh,adam,0.03,64,glorot,"(-0.1, 0.1)",30,0.0808754632163448,0.7352941176470589,749
[4],0.16999999999999998,0.008,0.006,0.15000000000000002,0.6000000000000001,sigmoid,adam,0.01,8,gaussian,"(-0.5, 0.5)",30,0.0767141613492508,1.0,750
[6],0.049999999999999996,0.016,0.006,0.0,0.7000000000000001,tanh,adam,0.04,32,range,"(-0.1, 0.1)",20,0.05558950451897183,0.9705882352941176,751
[6],0.049999999999999996,0.018000000000000002,0.006,0.15000000000000002,0.1,sigmoid,adam,0.03,16,range,"(-0.5, 0.5)",30,0.10886141247406955,1.0,752
[3],0.06999999999999999,0.008,0.008,0.2,0.2,tanh,adam,0.04,64,glorot,"(-0.7, 0.7)",20,0.06388533794197089,0.9411764705882353,753
[3],0.12999999999999998,0.01,0.006,0.05,0.7000000000000001,tanh,adam,0.0,16,gaussian,"(-0.5, 0.5)",30,0.058071732284605826,1.0,754
[4],0.06999999999999999,0.002,0.002,0.1,0.2,tanh,sgd,0.01,32,xavier,"(-0.5, 0.5)",35,0.10321884357784045,0.7352941176470589,755
[6],0.01,0.0,0.008,0.1,0.8,tanh,adam,0.0,64,xavier,"(-0.1, 0.1)",30,0.09578907580841768,0.7941176470588235,756
[3],0.10999999999999997,0.004,0.0,0.25,0.5,sigmoid,adam,0.01,8,xavier,"(-0.7, 0.7)",20,0.054102055113881276,0.9411764705882353,757
[5],0.10999999999999997,0.012,0.0,0.1,0.30000000000000004,tanh,sgd,0.01,16,xavier,"(-0.7, 0.7)",35,0.09851611416645056,0.7058823529411765,758
[3],0.01,0.018000000000000002,0.0,0.05,0.4,tanh,sgd,0.0,32,gaussian,"(-0.5, 0.5)",20,0.11635988031485432,0.7058823529411765,759
[6],0.16999999999999998,0.006,0.004,0.25,0.30000000000000004,tanh,adam,0.04,16,he,"(-0.1, 0.1)",20,0.04223792846209421,1.0,760
[3],0.03,0.012,0.008,0.05,0.30000000000000004,sigmoid,sgd,0.03,8,range,"(-0.1, 0.1)",35,0.10939842937785506,0.7058823529411765,761
[3],0.01,0.018000000000000002,0.006,0.05,0.4,sigmoid,adam,0.02,64,range,"(-0.7, 0.7)",30,0.10739969893876498,0.7058823529411765,762
[4],0.10999999999999997,0.01,0.008,0.15000000000000002,0.7000000000000001,tanh,adam,0.01,64,xavier,"(-0.7, 0.7)",30,0.05805703880750896,0.9411764705882353,763
[4],0.06999999999999999,0.014,0.002,0.1,0.4,tanh,sgd,0.01,32,xavier,"(-0.5, 0.5)",20,0.10360875899512928,0.7352941176470589,764
[3],0.15,0.016,0.008,0.05,0.8,sigmoid,adam,0.0,16,he,"(-0.5, 0.5)",30,0.09424249461071343,0.7058823529411765,765
[4],0.16999999999999998,0.016,0.002,0.2,0.7000000000000001,sigmoid,sgd,0.02,64,glorot,"(-0.5, 0.5)",30,0.10655461156757487,0.7058823529411765,766
[6],0.12999999999999998,0.0,0.008,0.05,0.8,tanh,adam,0.02,64,gaussian,"(-0.7, 0.7)",35,0.019228539320693648,1.0,767
[4],0.01,0.014,0.004,0.05,0.1,sigmoid,adam,0.04,32,range,"(-0.1, 0.1)",20,0.10449572640129051,0.7058823529411765,768
[5],0.049999999999999996,0.012,0.002,0.0,0.0,tanh,adam,0.0,32,he,"(-0.1, 0.1)",20,0.041461752577817985,1.0,769
[3],0.01,0.012,0.0,0.1,0.4,tanh,sgd,0.04,64,he,"(-0.5, 0.5)",35,0.12471403623334988,0.6470588235294118,770
[6],0.08999999999999998,0.008,0.002,0.05,0.1,tanh,sgd,0.0,32,xavier,"(-0.1, 0.1)",20,0.10172814586733045,0.7352941176470589,771
[5],0.18999999999999997,0.014,0.002,0.2,0.6000000000000001,tanh,sgd,0.0,8,gaussian,"(-0.7, 0.7)",20,0.12038306396850172,0.7058823529411765,772
[5],0.06999999999999999,0.008,0.004,0.2,0.7000000000000001,tanh,adam,0.04,64,gaussian,"(-0.7, 0.7)",35,0.06127037469980227,0.9117647058823529,773
[3],0.15,0.016,0.006,0.0,0.2,sigmoid,adam,0.04,16,glorot,"(-0.7, 0.7)",30,0.09637705800468181,0.7058823529411765,774
[4],0.15,0.012,0.002,0.2,0.2,tanh,adam,0.04,8,xavier,"(-0.1, 0.1)",20,0.05455460149312776,0.9705882352941176,775
[4],0.049999999999999996,0.004,0.002,0.2,0.5,tanh,sgd,0.03,8,he,"(-0.5, 0.5)",20,0.07469953132151011,0.8529411764705882,776
[3],0.08999999999999998,0.016,0.002,0.15000000000000002,0.8,tanh,adam,0.03,64,glorot,"(-0.5, 0.5)",20,0.07104032243387541,0.9411764705882353,777
[6],0.01,0.006,0.006,0.15000000000000002,0.6000000000000001,tanh,adam,0.0,8,glorot,"(-0.5, 0.5)",35,0.04366168859537878,0.9411764705882353,778
[4],0.049999999999999996,0.016,0.002,0.0,0.2,sigmoid,sgd,0.04,16,range,"(-0.5, 0.5)",35,0.11281371332111745,0.7058823529411765,779
[4],0.15,0.016,0.004,0.15000000000000002,0.2,tanh,adam,0.01,16,xavier,"(-0.1, 0.1)",30,0.07555496413871816,1.0,780
[5],0.18999999999999997,0.012,0.008,0.05,0.0,tanh,adam,0.03,8,he,"(-0.7, 0.7)",30,0.04167344905792143,1.0,781
[4],0.03,0.004,0.002,0.1,0.4,sigmoid,adam,0.04,32,range,"(-0.7, 0.7)",20,0.06540140215123487,0.9117647058823529,782
[3],0.16999999999999998,0.008,0.006,0.1,0.1,sigmoid,adam,0.01,8,gaussian,"(-0.5, 0.5)",35,0.060136276227465854,1.0,783
[4],0.15,0.016,0.0,0.15000000000000002,0.0,tanh,sgd,0.03,32,range,"(-0.1, 0.1)",20,0.10641298925873623,0.7058823529411765,784
[6],0.10999999999999997,0.018000000000000002,0.004,0.1,0.8,tanh,adam,0.01,8,range,"(-0.1, 0.1)",30,0.05841619677970447,1.0,785
[4],0.03,0.006,0.006,0.05,0.6000000000000001,tanh,adam,0.01,64,glorot,"(-0.5, 0.5)",30,0.044769250400506166,0.9705882352941176,786
[6],0.15,0.014,0.004,0.2,0.30000000000000004,tanh,adam,0.0,16,he,"(-0.1, 0.1)",30,0.06805879872475808,1.0,787
[5],0.18999999999999997,0.002,0.008,0.1,0.30000000000000004,sigmoid,adam,0.01,64,glorot,"(-0.1, 0.1)",20,0.059263428611402325,1.0,788
[4],0.18999999999999997,0.018000000000000002,0.0,0.25,0.7000000000000001,tanh,sgd,0.02,8,gaussian,"(-0.1, 0.1)",20,0.03782535590776104,1.0,789
[3],0.06999999999999999,0.018000000000000002,0.0,0.1,0.4,sigmoid,adam,0.02,16,xavier,"(-0.5, 0.5)",30,0.09519077378301484,1.0,790
[6],0.18999999999999997,0.004,0.0,0.1,0.0,sigmoid,sgd,0.04,64,gaussian,"(-0.5, 0.5)",30,0.11116998026903464,0.7058823529411765,791
[6],0.18999999999999997,0.0,0.004,0.25,0.1,tanh,adam,0.01,8,glorot,"(-0.5, 0.5)",35,0.016891488981911493,1.0,792
[6],0.15,0.006,0.006,0.15000000000000002,0.2,sigmoid,adam,0.0,8,xavier,"(-0.1, 0.1)",30,0.07525787434561436,1.0,793
[4],0.12999999999999998,0.008,0.002,0.25,0.2,sigmoid,adam,0.04,64,range,"(-0.7, 0.7)",30,0.0572224885832529,1.0,794
[4],0.08999999999999998,0.01,0.008,0.15000000000000002,0.1,tanh,adam,0.03,16,xavier,"(-0.5, 0.5)",30,0.04470868799645042,1.0,795
[3],0.03,0.002,0.004,0.1,0.1,tanh,adam,0.01,16,glorot,"(-0.1, 0.1)",35,0.04410455310582903,0.9411764705882353,796
[6],0.16999999999999998,0.01,0.006,0.2,0.8,tanh,sgd,0.0,32,range,"(-0.5, 0.5)",20,0.05820034550945783,0.9411764705882353,797
[5],0.16999999999999998,0.012,0.006,0.2,0.4,sigmoid,sgd,0.03,32,he,"(-0.5, 0.5)",20,0.1105051679211181,0.7058823529411765,798
[4],0.12999999999999998,0.006,0.002,0.15000000000000002,0.6000000000000001,tanh,adam,0.02,64,he,"(-0.7, 0.7)",30,0.04722378501956456,0.9117647058823529,799
[6],0.12999999999999998,0.012,0.008,0.1,0.4,tanh,sgd,0.02,32,xavier,"(-0.5, 0.5)",30,0.10261787956235195,0.7352941176470589,800
[5],0.10999999999999997,0.0,0.002,0.1,0.0,tanh,sgd,0.03,64,xavier,"(-0.7, 0.7)",35,0.10677896519203918,0.7058823529411765,801
[3],0.16999999999999998,0.008,0.008,0.2,0.6000000000000001,tanh,sgd,0.04,32,he,"(-0.1, 0.1)",20,0.10522493095376918,0.7058823529411765,802
[6],0.10999999999999997,0.008,0.008,0.0,0.7000000000000001,sigmoid,adam,0.01,16,xavier,"(-0.7, 0.7)",35,0.07494806872285849,1.0,803
[5],0.12999999999999998,0.018000000000000002,0.002,0.05,0.1,sigmoid,adam,0.04,64,he,"(-0.7, 0.7)",35,0.11664427188236791,1.0,804
[3],0.08999999999999998,0.0,0.006,0.05,0.7000000000000001,sigmoid,sgd,0.02,8,he,"(-0.1, 0.1)",35,0.10217527374411968,0.7058823529411765,805
[6],0.06999999999999999,0.004,0.004,0.0,0.5,sigmoid,sgd,0.01,64,he,"(-0.7, 0.7)",20,0.11161450922774008,0.7058823529411765,806
[6],0.18999999999999997,0.012,0.002,0.05,0.4,tanh,adam,0.02,64,he,"(-0.7, 0.7)",30,0.05646600024356848,1.0,807
[6],0.01,0.006,0.002,0.05,0.7000000000000001,sigmoid,adam,0.02,8,he,"(-0.7, 0.7)",20,0.10399724405076426,0.7058823529411765,808
[3],0.18999999999999997,0.008,0.0,0.0,0.1,sigmoid,sgd,0.03,64,gaussian,"(-0.5, 0.5)",35,0.11225223487351683,0.7058823529411765,809
[3],0.18999999999999997,0.01,0.0,0.15000000000000002,0.4,tanh,adam,0.03,64,xavier,"(-0.7, 0.7)",20,0.07039622052918651,0.8235294117647058,810
[4],0.01,0.012,0.0,0.1,0.4,sigmoid,adam,0.03,32,he,"(-0.7, 0.7)",30,0.10394648545316658,0.6764705882352942,811
[4],0.10999999999999997,0.0,0.004,0.25,0.2,tanh,sgd,0.01,64,gaussian,"(-0.7, 0.7)",30,0.11164707325140383,0.7058823529411765,812
[6],0.10999999999999997,0.012,0.006,0.0,0.7000000000000001,sigmoid,sgd,0.01,16,xavier,"(-0.7, 0.7)",30,0.10567790942263751,0.7058823529411765,813
[3],0.06999999999999999,0.018000000000000002,0.0,0.05,0.30000000000000004,tanh,adam,0.02,32,range,"(-0.7, 0.7)",35,0.08900100146246535,0.8235294117647058,814
[5],0.03,0.006,0.002,0.15000000000000002,0.6000000000000001,tanh,sgd,0.02,8,glorot,"(-0.7, 0.7)",20,0.09170771601371516,0.8235294117647058,815
[3],0.12999999999999998,0.01,0.0,0.0,0.6000000000000001,tanh,sgd,0.03,8,glorot,"(-0.7, 0.7)",20,0.10646156423559984,0.6176470588235294,816
[5],0.15,0.016,0.004,0.2,0.30000000000000004,sigmoid,sgd,0.02,32,glorot,"(-0.1, 0.1)",30,0.11058213254170482,0.7058823529411765,817
[5],0.08999999999999998,0.0,0.004,0.1,0.2,tanh,sgd,0.04,8,range,"(-0.1, 0.1)",20,0.10163506392690608,0.7352941176470589,818
[3],0.15,0.016,0.008,0.05,0.6000000000000001,tanh,sgd,0.0,64,glorot,"(-0.7, 0.7)",35,0.10585097307734163,0.6176470588235294,819
[5],0.18999999999999997,0.016,0.004,0.1,0.4,sigmoid,adam,0.04,16,gaussian,"(-0.1, 0.1)",20,0.1002589778670045,0.6764705882352942,820
[3],0.15,0.01,0.006,0.0,0.5,sigmoid,adam,0.04,8,gaussian,"(-0.7, 0.7)",30,0.05927928608195468,1.0,821
[4],0.06999999999999999,0.0,0.002,0.2,0.6000000000000001,tanh,sgd,0.01,8,range,"(-0.1, 0.1)",20,0.07856042205419583,0.7941176470588235,822
[5],0.12999999999999998,0.01,0.004,0.0,0.30000000000000004,sigmoid,adam,0.04,8,he,"(-0.5, 0.5)",20,0.061229989191637836,1.0,823
[4],0.15,0.006,0.002,0.0,0.1,sigmoid,adam,0.01,8,range,"(-0.5, 0.5)",20,0.0440186712984333,1.0,824
[3],0.08999999999999998,0.004,0.002,0.0,0.8,sigmoid,sgd,0.03,16,gaussian,"(-0.5, 0.5)",35,0.11136275593396519,0.7058823529411765,825
[3],0.01,0.018000000000000002,0.002,0.0,0.5,tanh,adam,0.03,16,range,"(-0.5, 0.5)",30,0.0861407290679138,0.8235294117647058,826
[6],0.18999999999999997,0.014,0.002,0.2,0.8,sigmoid,adam,0.02,32,xavier,"(-0.7, 0.7)",20,0.09533137042443682,0.7352941176470589,827
[5],0.03,0.016,0.002,0.15000000000000002,0.2,sigmoid,sgd,0.03,32,xavier,"(-0.7, 0.7)",30,0.11167423185160019,0.7058823529411765,828
[3],0.16999999999999998,0.01,0.002,0.1,0.5,tanh,adam,0.04,8,he,"(-0.5, 0.5)",35,0.03074025461169362,1.0,829
[3],0.06999999999999999,0.0,0.008,0.0,0.6000000000000001,tanh,adam,0.02,64,glorot,"(-0.1, 0.1)",35,0.04839143389855357,0.9411764705882353,830
[5],0.01,0.008,0.008,0.2,0.4,sigmoid,adam,0.0,16,he,"(-0.5, 0.5)",30,0.09799072678508663,0.7058823529411765,831
[5],0.01,0.006,0.004,0.0,0.7000000000000001,tanh,adam,0.02,32,range,"(-0.7, 0.7)",20,0.07310562500588183,0.7941176470588235,832
[5],0.10999999999999997,0.016,0.008,0.0,0.0,sigmoid,sgd,0.03,64,he,"(-0.5, 0.5)",30,0.11615528357180566,0.7058823529411765,833
[6],0.15,0.014,0.004,0.1,0.2,tanh,adam,0.0,16,xavier,"(-0.7, 0.7)",30,0.060202204787844146,1.0,834
[4],0.08999999999999998,0.018000000000000002,0.002,0.15000000000000002,0.7000000000000001,sigmoid,sgd,0.03,8,he,"(-0.5, 0.5)",30,0.0977392314070198,0.6764705882352942,835
[5],0.16999999999999998,0.008,0.008,0.25,0.6000000000000001,tanh,adam,0.0,64,glorot,"(-0.1, 0.1)",20,0.04988646295339663,1.0,836
[5],0.12999999999999998,0.014,0.0,0.05,0.5,tanh,sgd,0.02,8,xavier,"(-0.5, 0.5)",30,0.0553974028779455,0.9117647058823529,837
[6],0.08999999999999998,0.018000000000000002,0.0,0.15000000000000002,0.4,sigmoid,sgd,0.01,64,xavier,"(-0.7, 0.7)",30,0.10800838595279884,0.7058823529411765,838
[6],0.10999999999999997,0.006,0.0,0.1,0.5,sigmoid,sgd,0.02,8,glorot,"(-0.7, 0.7)",20,0.10731489850341244,0.6764705882352942,839
[3],0.10999999999999997,0.008,0.004,0.1,0.8,sigmoid,adam,0.02,32,range,"(-0.5, 0.5)",30,0.06677543136304721,1.0,840
[6],0.049999999999999996,0.002,0.006,0.2,0.30000000000000004,sigmoid,adam,0.03,64,glorot,"(-0.7, 0.7)",20,0.09342050087534612,0.6764705882352942,841
[5],0.01,0.008,0.008,0.0,0.0,tanh,sgd,0.02,16,gaussian,"(-0.5, 0.5)",20,0.12046829293858984,0.7058823529411765,842
[5],0.10999999999999997,0.014,0.008,0.1,0.2,sigmoid,adam,0.04,16,xavier,"(-0.5, 0.5)",35,0.11341685717848665,1.0,843
[6],0.01,0.018000000000000002,0.002,0.0,0.6000000000000001,sigmoid,adam,0.0,8,gaussian,"(-0.5, 0.5)",30,0.07867382716987979,1.0,844
[4],0.18999999999999997,0.002,0.0,0.0,0.5,sigmoid,sgd,0.0,16,glorot,"(-0.5, 0.5)",20,0.09872636932706397,0.6470588235294118,845
[3],0.18999999999999997,0.006,0.002,0.25,0.30000000000000004,tanh,sgd,0.03,8,xavier,"(-0.1, 0.1)",35,0.06981727938484758,0.8529411764705882,846
[4],0.16999999999999998,0.016,0.006,0.2,0.2,sigmoid,sgd,0.04,32,he,"(-0.5, 0.5)",35,0.11229098811600216,0.7058823529411765,847
[3],0.12999999999999998,0.014,0.006,0.15000000000000002,0.30000000000000004,tanh,sgd,0.0,16,he,"(-0.7, 0.7)",35,0.10448149186255011,0.6764705882352942,848
[3],0.049999999999999996,0.008,0.002,0.25,0.6000000000000001,tanh,adam,0.03,32,xavier,"(-0.7, 0.7)",30,0.046230426349025855,1.0,849
[5],0.08999999999999998,0.0,0.004,0.15000000000000002,0.8,sigmoid,sgd,0.03,64,glorot,"(-0.1, 0.1)",30,0.10852951930528923,0.7058823529411765,850
[5],0.16999999999999998,0.002,0.008,0.15000000000000002,0.7000000000000001,tanh,adam,0.04,16,he,"(-0.5, 0.5)",35,0.03809068485319618,1.0,851
[6],0.03,0.008,0.004,0.15000000000000002,0.30000000000000004,tanh,sgd,0.0,32,he,"(-0.5, 0.5)",30,0.10723377932944135,0.7352941176470589,852
[5],0.049999999999999996,0.006,0.008,0.1,0.0,sigmoid,adam,0.04,8,range,"(-0.7, 0.7)",30,0.052225021231401894,1.0,853
[5],0.18999999999999997,0.012,0.006,0.15000000000000002,0.8,sigmoid,sgd,0.04,16,xavier,"(-0.7, 0.7)",20,0.10096639781020791,0.7058823529411765,854
[4],0.049999999999999996,0.008,0.006,0.2,0.7000000000000001,sigmoid,sgd,0.0,16,glorot,"(-0.1, 0.1)",20,0.10921400272114609,0.7058823529411765,855
[6],0.16999999999999998,0.008,0.0,0.15000000000000002,0.1,sigmoid,adam,0.03,32,range,"(-0.5, 0.5)",30,0.09767696631878871,1.0,856
[4],0.01,0.008,0.004,0.1,0.6000000000000001,tanh,adam,0.03,32,glorot,"(-0.7, 0.7)",30,0.07834279885529839,0.8529411764705882,857
[3],0.01,0.01,0.004,0.0,0.2,tanh,adam,0.03,32,he,"(-0.7, 0.7)",30,0.10494876416756505,0.6470588235294118,858
[4],0.12999999999999998,0.006,0.002,0.15000000000000002,0.0,tanh,adam,0.0,32,glorot,"(-0.5, 0.5)",20,0.030045898963485196,1.0,859
[5],0.08999999999999998,0.004,0.0,0.0,0.4,sigmoid,sgd,0.04,64,glorot,"(-0.5, 0.5)",30,0.10787822767207124,0.7058823529411765,860
[3],0.10999999999999997,0.004,0.0,0.05,0.5,sigmoid,sgd,0.04,32,gaussian,"(-0.5, 0.5)",30,0.1105045451695666,0.7058823529411765,861
[5],0.03,0.006,0.002,0.1,0.8,tanh,sgd,0.04,8,he,"(-0.1, 0.1)",20,0.09940833894165028,0.7058823529411765,862
[4],0.18999999999999997,0.016,0.006,0.15000000000000002,0.6000000000000001,sigmoid,sgd,0.03,8,he,"(-0.1, 0.1)",20,0.08967477207006841,0.6764705882352942,863
[4],0.16999999999999998,0.002,0.0,0.15000000000000002,0.0,sigmoid,adam,0.0,8,he,"(-0.1, 0.1)",20,0.02426025373781229,1.0,864
[3],0.16999999999999998,0.008,0.004,0.15000000000000002,0.4,tanh,adam,0.04,8,he,"(-0.1, 0.1)",30,0.02859107679852539,1.0,865
[3],0.049999999999999996,0.01,0.008,0.2,0.6000000000000001,sigmoid,sgd,0.02,16,he,"(-0.7, 0.7)",20,0.1104718218921141,0.7058823529411765,866
[3],0.08999999999999998,0.0,0.006,0.15000000000000002,0.5,sigmoid,sgd,0.0,64,gaussian,"(-0.1, 0.1)",35,0.10757462828798064,0.7058823529411765,867
[4],0.049999999999999996,0.002,0.006,0.2,0.7000000000000001,tanh,adam,0.01,64,gaussian,"(-0.5, 0.5)",30,0.05276514903990086,0.9411764705882353,868
[4],0.049999999999999996,0.0,0.004,0.05,0.1,sigmoid,adam,0.02,16,gaussian,"(-0.1, 0.1)",30,0.0261494116249895,1.0,869
[6],0.12999999999999998,0.01,0.006,0.0,0.2,sigmoid,sgd,0.03,8,glorot,"(-0.5, 0.5)",30,0.1101993072074553,0.7058823529411765,870
[3],0.12999999999999998,0.004,0.004,0.15000000000000002,0.5,tanh,adam,0.01,64,glorot,"(-0.1, 0.1)",20,0.054606119421683544,0.8823529411764706,871
[4],0.12999999999999998,0.014,0.0,0.05,0.7000000000000001,tanh,sgd,0.0,8,he,"(-0.7, 0.7)",35,0.031893079376365666,1.0,872
[6],0.16999999999999998,0.014,0.0,0.15000000000000002,0.0,tanh,adam,0.0,8,xavier,"(-0.1, 0.1)",35,0.09870636492998114,0.9705882352941176,873
[3],0.12999999999999998,0.014,0.008,0.05,0.2,sigmoid,adam,0.01,16,xavier,"(-0.1, 0.1)",35,0.08928002153047324,1.0,874
[5],0.08999999999999998,0.016,0.004,0.25,0.5,sigmoid,adam,0.02,64,gaussian,"(-0.5, 0.5)",35,0.10506024244048075,1.0,875
[5],0.06999999999999999,0.004,0.0,0.25,0.8,sigmoid,sgd,0.01,32,xavier,"(-0.5, 0.5)",35,0.10688091159401643,0.7058823529411765,876
[5],0.12999999999999998,0.016,0.004,0.25,0.5,sigmoid,sgd,0.01,8,he,"(-0.1, 0.1)",35,0.11016731816030567,0.7058823529411765,877
[3],0.10999999999999997,0.008,0.008,0.2,0.0,tanh,sgd,0.0,16,xavier,"(-0.5, 0.5)",30,0.10493742532484633,0.6764705882352942,878
[5],0.06999999999999999,0.006,0.006,0.05,0.30000000000000004,sigmoid,adam,0.03,32,he,"(-0.1, 0.1)",30,0.06708554673019426,1.0,879
[3],0.01,0.018000000000000002,0.008,0.1,0.1,tanh,adam,0.01,64,glorot,"(-0.1, 0.1)",35,0.10711997750842532,0.6470588235294118,880
[4],0.03,0.014,0.0,0.25,0.4,tanh,sgd,0.0,16,he,"(-0.7, 0.7)",35,0.09940738896004213,0.7352941176470589,881
[4],0.16999999999999998,0.006,0.002,0.25,0.7000000000000001,sigmoid,adam,0.04,32,glorot,"(-0.7, 0.7)",20,0.07242798525314817,1.0,882
[6],0.12999999999999998,0.018000000000000002,0.006,0.1,0.0,tanh,sgd,0.03,16,range,"(-0.1, 0.1)",20,0.10600486312657005,0.7058823529411765,883
[3],0.01,0.01,0.004,0.2,0.1,tanh,sgd,0.01,8,glorot,"(-0.7, 0.7)",20,0.10895870228691287,0.6764705882352942,884
[6],0.08999999999999998,0.014,0.0,0.2,0.4,tanh,sgd,0.03,32,he,"(-0.5, 0.5)",20,0.10331027202859422,0.7647058823529411,885
[5],0.18999999999999997,0.006,0.004,0.15000000000000002,0.0,tanh,adam,0.02,8,range,"(-0.5, 0.5)",30,0.040538194822347225,1.0,886
[4],0.01,0.014,0.008,0.25,0.5,tanh,sgd,0.01,64,gaussian,"(-0.7, 0.7)",35,0.15887256783272174,0.5588235294117647,887
[4],0.12999999999999998,0.0,0.002,0.25,0.6000000000000001,sigmoid,sgd,0.04,64,range,"(-0.1, 0.1)",35,0.10690274161784703,0.7058823529411765,888
[3],0.01,0.018000000000000002,0.002,0.15000000000000002,0.0,sigmoid,adam,0.04,8,range,"(-0.1, 0.1)",35,0.10429253960599073,0.7058823529411765,889
[6],0.01,0.0,0.002,0.05,0.7000000000000001,tanh,sgd,0.04,8,he,"(-0.7, 0.7)",35,0.10536113487113374,0.7647058823529411,890
[6],0.15,0.014,0.006,0.0,0.1,tanh,adam,0.01,64,range,"(-0.1, 0.1)",20,0.11611869977371703,0.7058823529411765,891
[3],0.18999999999999997,0.01,0.006,0.25,0.6000000000000001,tanh,adam,0.0,64,glorot,"(-0.1, 0.1)",35,0.11087537342236185,0.7058823529411765,892
[5],0.18999999999999997,0.01,0.006,0.25,0.1,sigmoid,sgd,0.0,32,gaussian,"(-0.1, 0.1)",30,0.10973155197991473,0.7058823529411765,893
[6],0.06999999999999999,0.018000000000000002,0.006,0.1,0.8,sigmoid,adam,0.0,8,glorot,"(-0.5, 0.5)",20,0.08671105558320436,1.0,894
[6],0.15,0.008,0.008,0.15000000000000002,0.7000000000000001,sigmoid,adam,0.04,8,range,"(-0.1, 0.1)",35,0.06687566131111375,1.0,895
[3],0.15,0.014,0.004,0.2,0.7000000000000001,tanh,adam,0.03,16,he,"(-0.7, 0.7)",35,0.08241411058581792,0.8529411764705882,896
[5],0.16999999999999998,0.008,0.002,0.2,0.30000000000000004,tanh,adam,0.04,64,gaussian,"(-0.1, 0.1)",30,0.039784979473480066,1.0,897
[4],0.01,0.002,0.008,0.05,0.0,tanh,adam,0.03,8,xavier,"(-0.5, 0.5)",30,0.050142943739103364,0.9117647058823529,898
[3],0.18999999999999997,0.002,0.008,0.15000000000000002,0.30000000000000004,sigmoid,adam,0.01,8,xavier,"(-0.7, 0.7)",20,0.038788844936598295,1.0,899
[4],0.16999999999999998,0.014,0.008,0.05,0.0,tanh,adam,0.04,16,range,"(-0.7, 0.7)",35,0.05335436198008728,1.0,900
[6],0.10999999999999997,0.006,0.002,0.1,0.5,sigmoid,adam,0.01,8,xavier,"(-0.7, 0.7)",35,0.060197457124287555,1.0,901
[5],0.16999999999999998,0.014,0.004,0.15000000000000002,0.8,sigmoid,sgd,0.01,16,glorot,"(-0.7, 0.7)",35,0.0876640011828375,0.7647058823529411,902
[4],0.08999999999999998,0.01,0.0,0.15000000000000002,0.30000000000000004,sigmoid,sgd,0.01,16,gaussian,"(-0.5, 0.5)",35,0.1150052952504987,0.7058823529411765,903
[6],0.16999999999999998,0.012,0.004,0.0,0.30000000000000004,tanh,adam,0.02,8,he,"(-0.5, 0.5)",30,0.0351050452084175,1.0,904
[6],0.15,0.018000000000000002,0.0,0.15000000000000002,0.4,sigmoid,sgd,0.01,32,xavier,"(-0.5, 0.5)",35,0.10762700470006324,0.7058823529411765,905
[5],0.06999999999999999,0.01,0.002,0.2,0.1,sigmoid,adam,0.03,32,gaussian,"(-0.7, 0.7)",20,0.06375631904866509,0.9705882352941176,906
[6],0.049999999999999996,0.0,0.008,0.1,0.8,sigmoid,sgd,0.03,32,glorot,"(-0.7, 0.7)",30,0.11353098490763318,0.7058823529411765,907
[6],0.049999999999999996,0.018000000000000002,0.004,0.05,0.30000000000000004,sigmoid,adam,0.04,64,glorot,"(-0.1, 0.1)",35,0.10503157014418597,0.6764705882352942,908
[5],0.10999999999999997,0.0,0.006,0.2,0.4,sigmoid,adam,0.02,8,gaussian,"(-0.7, 0.7)",20,0.022936725716824508,1.0,909
[3],0.08999999999999998,0.004,0.006,0.25,0.7000000000000001,tanh,sgd,0.02,32,range,"(-0.1, 0.1)",20,0.10109984926848264,0.7352941176470589,910
[3],0.03,0.016,0.0,0.2,0.8,tanh,sgd,0.01,16,range,"(-0.1, 0.1)",30,0.10142256423324776,0.7058823529411765,911
[6],0.10999999999999997,0.006,0.008,0.1,0.8,sigmoid,sgd,0.0,32,glorot,"(-0.1, 0.1)",20,0.11135345125410244,0.6470588235294118,912
[5],0.15,0.01,0.006,0.0,0.1,tanh,adam,0.01,64,xavier,"(-0.5, 0.5)",30,0.035130049036876505,1.0,913
[5],0.08999999999999998,0.012,0.002,0.0,0.2,sigmoid,sgd,0.02,32,glorot,"(-0.7, 0.7)",35,0.11057923058431221,0.7058823529411765,914
[4],0.049999999999999996,0.006,0.008,0.1,0.0,tanh,sgd,0.03,16,he,"(-0.1, 0.1)",30,0.1018123978436494,0.7352941176470589,915
[6],0.12999999999999998,0.0,0.008,0.1,0.4,tanh,sgd,0.0,64,gaussian,"(-0.1, 0.1)",35,0.10192663229513882,0.7058823529411765,916
[3],0.01,0.014,0.008,0.1,0.1,tanh,sgd,0.02,16,gaussian,"(-0.5, 0.5)",35,0.11935749727504313,0.7058823529411765,917
[3],0.049999999999999996,0.0,0.002,0.05,0.4,sigmoid,adam,0.02,64,gaussian,"(-0.5, 0.5)",35,0.042235889318094015,0.9117647058823529,918
[3],0.18999999999999997,0.01,0.006,0.1,0.1,tanh,adam,0.0,16,xavier,"(-0.7, 0.7)",20,0.15410630515906387,0.7058823529411765,919
[6],0.12999999999999998,0.01,0.0,0.05,0.8,tanh,sgd,0.02,64,he,"(-0.7, 0.7)",20,0.09535453389686474,0.7352941176470589,920
[6],0.18999999999999997,0.002,0.004,0.25,0.7000000000000001,sigmoid,sgd,0.02,16,he,"(-0.7, 0.7)",20,0.10726581766987259,0.7058823529411765,921
[4],0.03,0.018000000000000002,0.0,0.25,0.1,tanh,sgd,0.04,32,range,"(-0.1, 0.1)",30,0.11336498344261703,0.7058823529411765,922
[3],0.08999999999999998,0.0,0.0,0.05,0.8,tanh,adam,0.04,16,range,"(-0.1, 0.1)",30,0.016056396288938322,0.9705882352941176,923
[4],0.12999999999999998,0.01,0.002,0.0,0.1,sigmoid,sgd,0.0,64,he,"(-0.1, 0.1)",20,0.1089783033074108,0.7058823529411765,924
[3],0.18999999999999997,0.016,0.004,0.25,0.4,tanh,adam,0.03,32,range,"(-0.5, 0.5)",35,0.07567323679833937,1.0,925
[3],0.16999999999999998,0.004,0.006,0.05,0.1,sigmoid,adam,0.03,32,range,"(-0.1, 0.1)",30,0.049539793298469345,1.0,926
[5],0.08999999999999998,0.018000000000000002,0.0,0.1,0.30000000000000004,sigmoid,sgd,0.04,8,gaussian,"(-0.1, 0.1)",20,0.1086798809195985,0.7058823529411765,927
[3],0.16999999999999998,0.01,0.002,0.05,0.1,tanh,adam,0.04,16,xavier,"(-0.5, 0.5)",20,0.05330519710847499,1.0,928
[5],0.01,0.004,0.002,0.25,0.4,tanh,sgd,0.03,64,gaussian,"(-0.7, 0.7)",20,0.1283597406100659,0.7058823529411765,929
[4],0.01,0.004,0.004,0.05,0.4,sigmoid,sgd,0.04,64,glorot,"(-0.1, 0.1)",30,0.11263861783534793,0.7058823529411765,930
[6],0.12999999999999998,0.0,0.004,0.05,0.30000000000000004,tanh,adam,0.03,64,he,"(-0.1, 0.1)",35,0.014253956398351014,1.0,931
[6],0.15,0.004,0.0,0.0,0.7000000000000001,tanh,sgd,0.02,8,gaussian,"(-0.1, 0.1)",20,0.015884124176801188,0.9705882352941176,932
[3],0.10999999999999997,0.002,0.0,0.25,0.7000000000000001,sigmoid,adam,0.03,16,he,"(-0.5, 0.5)",20,0.04329258713998669,1.0,933
[6],0.10999999999999997,0.008,0.0,0.15000000000000002,0.8,sigmoid,sgd,0.03,64,xavier,"(-0.7, 0.7)",35,0.10577835410758976,0.7058823529411765,934
[5],0.049999999999999996,0.006,0.008,0.25,0.1,sigmoid,sgd,0.03,16,xavier,"(-0.5, 0.5)",35,0.11162713289687862,0.7058823529411765,935
[6],0.16999999999999998,0.0,0.006,0.25,0.0,tanh,sgd,0.01,32,glorot,"(-0.7, 0.7)",20,0.11108624568639627,0.6470588235294118,936
[3],0.16999999999999998,0.018000000000000002,0.008,0.1,0.30000000000000004,sigmoid,sgd,0.03,16,gaussian,"(-0.7, 0.7)",20,0.12530825436069784,0.7058823529411765,937
[5],0.06999999999999999,0.008,0.006,0.25,0.0,tanh,sgd,0.03,8,glorot,"(-0.5, 0.5)",30,0.10395250607299016,0.7352941176470589,938
[3],0.16999999999999998,0.016,0.004,0.2,0.4,tanh,sgd,0.02,64,glorot,"(-0.7, 0.7)",30,0.10630814007401033,0.7058823529411765,939
[6],0.049999999999999996,0.002,0.002,0.2,0.0,tanh,adam,0.0,32,range,"(-0.5, 0.5)",35,0.03040028413224153,0.9411764705882353,940
[5],0.08999999999999998,0.004,0.002,0.1,0.5,tanh,sgd,0.01,16,gaussian,"(-0.7, 0.7)",30,0.11254198854797036,0.7058823529411765,941
[3],0.10999999999999997,0.008,0.0,0.2,0.6000000000000001,sigmoid,adam,0.0,8,gaussian,"(-0.7, 0.7)",30,0.06795878778018792,1.0,942
[6],0.08999999999999998,0.01,0.0,0.25,0.30000000000000004,tanh,sgd,0.03,32,range,"(-0.1, 0.1)",30,0.10868450174678812,0.7058823529411765,943
[3],0.08999999999999998,0.002,0.006,0.05,0.7000000000000001,sigmoid,sgd,0.01,32,xavier,"(-0.5, 0.5)",35,0.10736565161286853,0.7058823529411765,944
[6],0.16999999999999998,0.014,0.0,0.25,0.30000000000000004,sigmoid,sgd,0.04,8,xavier,"(-0.7, 0.7)",20,0.10594602027939717,0.7058823529411765,945
[6],0.03,0.016,0.008,0.25,0.30000000000000004,tanh,adam,0.03,32,xavier,"(-0.1, 0.1)",20,0.06388909472717108,0.9117647058823529,946
[4],0.15,0.01,0.008,0.15000000000000002,0.30000000000000004,tanh,sgd,0.0,8,he,"(-0.7, 0.7)",20,0.04063155486917039,1.0,947
[4],0.03,0.0,0.008,0.2,0.6000000000000001,sigmoid,sgd,0.0,64,he,"(-0.7, 0.7)",30,0.11492396993854492,0.6470588235294118,948
[3],0.01,0.006,0.008,0.0,0.8,sigmoid,sgd,0.03,32,range,"(-0.5, 0.5)",35,0.11253430666490946,0.7058823529411765,949
[3],0.01,0.0,0.002,0.0,0.8,sigmoid,adam,0.0,32,gaussian,"(-0.7, 0.7)",20,0.06731111610721509,0.7058823529411765,950
[6],0.01,0.004,0.008,0.1,0.6000000000000001,sigmoid,adam,0.04,64,range,"(-0.5, 0.5)",35,0.11174271130872898,0.7058823529411765,951
[4],0.049999999999999996,0.002,0.004,0.2,0.7000000000000001,sigmoid,sgd,0.01,8,he,"(-0.1, 0.1)",35,0.1015600578043228,0.7058823529411765,952
[5],0.15,0.008,0.002,0.25,0.30000000000000004,tanh,adam,0.01,8,gaussian,"(-0.5, 0.5)",30,0.04164069208287768,1.0,953
[3],0.01,0.0,0.004,0.15000000000000002,0.0,sigmoid,sgd,0.02,8,xavier,"(-0.1, 0.1)",20,0.11086076251533734,0.7058823529411765,954
[5],0.10999999999999997,0.01,0.006,0.2,0.4,sigmoid,sgd,0.03,16,xavier,"(-0.7, 0.7)",20,0.10986236509022186,0.7058823529411765,955
[5],0.12999999999999998,0.014,0.002,0.25,0.1,tanh,adam,0.0,64,range,"(-0.5, 0.5)",30,0.08781141327852138,0.8823529411764706,956
[6],0.15,0.014,0.004,0.0,0.30000000000000004,tanh,adam,0.0,16,xavier,"(-0.7, 0.7)",35,0.06054824261451123,1.0,957
[3],0.16999999999999998,0.018000000000000002,0.002,0.2,0.7000000000000001,sigmoid,sgd,0.02,64,xavier,"(-0.1, 0.1)",30,0.10683735444670223,0.7058823529411765,958
[5],0.03,0.018000000000000002,0.004,0.1,0.5,tanh,sgd,0.03,16,he,"(-0.1, 0.1)",35,0.1073388691857476,0.7352941176470589,959
[3],0.15,0.018000000000000002,0.006,0.1,0.0,sigmoid,sgd,0.02,64,he,"(-0.7, 0.7)",30,0.10995794140853991,0.7058823529411765,960
[4],0.18999999999999997,0.002,0.008,0.25,0.5,sigmoid,adam,0.01,8,he,"(-0.5, 0.5)",30,0.0512975482111573,1.0,961
[4],0.06999999999999999,0.018000000000000002,0.002,0.15000000000000002,0.1,tanh,adam,0.0,64,xavier,"(-0.7, 0.7)",30,0.07617898274925204,0.8529411764705882,962
[6],0.15,0.0,0.002,0.0,0.7000000000000001,sigmoid,adam,0.01,64,range,"(-0.7, 0.7)",30,0.008050215117051897,1.0,963
[4],0.01,0.01,0.004,0.25,0.5,tanh,sgd,0.02,32,he,"(-0.1, 0.1)",30,0.11589083836943131,0.6764705882352942,964
[6],0.15,0.014,0.008,0.2,0.8,sigmoid,sgd,0.0,8,gaussian,"(-0.5, 0.5)",20,0.08220018893934555,1.0,965
[3],0.08999999999999998,0.0,0.008,0.1,0.7000000000000001,sigmoid,sgd,0.01,32,glorot,"(-0.1, 0.1)",35,0.10588128323808692,0.7058823529411765,966
[6],0.10999999999999997,0.014,0.008,0.25,0.0,tanh,sgd,0.0,32,range,"(-0.5, 0.5)",30,0.1127784083560679,0.7058823529411765,967
[6],0.03,0.016,0.006,0.1,0.4,sigmoid,adam,0.01,32,he,"(-0.5, 0.5)",20,0.10395043024174842,0.7058823529411765,968
[5],0.18999999999999997,0.016,0.006,0.15000000000000002,0.1,sigmoid,sgd,0.0,64,glorot,"(-0.1, 0.1)",20,0.1109089687085078,0.7058823529411765,969
[4],0.049999999999999996,0.01,0.006,0.0,0.4,tanh,sgd,0.0,64,xavier,"(-0.1, 0.1)",30,0.10359275080750481,0.7352941176470589,970
[6],0.12999999999999998,0.016,0.008,0.2,0.7000000000000001,tanh,sgd,0.01,8,he,"(-0.1, 0.1)",35,0.04102204358375634,1.0,971
[3],0.15,0.014,0.008,0.2,0.8,sigmoid,adam,0.03,16,he,"(-0.5, 0.5)",20,0.09187287072553135,1.0,972
[5],0.16999999999999998,0.002,0.0,0.25,0.30000000000000004,sigmoid,sgd,0.04,64,he,"(-0.1, 0.1)",20,0.10827464832773806,0.7058823529411765,973
[4],0.03,0.008,0.004,0.25,0.6000000000000001,tanh,sgd,0.04,8,xavier,"(-0.5, 0.5)",30,0.10106831190672513,0.7647058823529411,974
[3],0.15,0.0,0.0,0.05,0.4,sigmoid,adam,0.02,16,xavier,"(-0.5, 0.5)",30,0.006256195694608328,1.0,975
[6],0.08999999999999998,0.0,0.004,0.05,0.6000000000000001,sigmoid,adam,0.0,16,xavier,"(-0.1, 0.1)",20,0.01586125691472518,1.0,976
[5],0.08999999999999998,0.002,0.0,0.0,0.0,sigmoid,sgd,0.03,8,glorot,"(-0.1, 0.1)",20,0.10794244946865711,0.7058823529411765,977
[6],0.18999999999999997,0.006,0.0,0.0,0.5,sigmoid,sgd,0.0,32,he,"(-0.1, 0.1)",35,0.10318965886331237,0.7058823529411765,978
[6],0.15,0.006,0.004,0.05,0.8,tanh,sgd,0.02,64,gaussian,"(-0.1, 0.1)",30,0.09786519527414989,0.7941176470588235,979
[3],0.10999999999999997,0.018000000000000002,0.008,0.25,0.4,tanh,sgd,0.03,8,range,"(-0.5, 0.5)",30,0.09290348607783165,0.7058823529411765,980
[5],0.06999999999999999,0.014,0.004,0.2,0.2,tanh,sgd,0.04,32,gaussian,"(-0.7, 0.7)",20,0.1274685463149809,0.7058823529411765,981
[5],0.18999999999999997,0.018000000000000002,0.004,0.0,0.2,sigmoid,sgd,0.01,32,range,"(-0.5, 0.5)",35,0.11045117053052683,0.7058823529411765,982
[4],0.10999999999999997,0.016,0.0,0.25,0.30000000000000004,tanh,sgd,0.04,8,he,"(-0.1, 0.1)",30,0.08164060048072774,0.7647058823529411,983
[5],0.01,0.014,0.008,0.0,0.7000000000000001,sigmoid,adam,0.02,32,xavier,"(-0.5, 0.5)",20,0.10791863918833974,0.7058823529411765,984
[5],0.15,0.014,0.006,0.15000000000000002,0.4,tanh,adam,0.04,64,he,"(-0.7, 0.7)",20,0.04823896308775276,1.0,985
[3],0.08999999999999998,0.012,0.004,0.0,0.0,tanh,sgd,0.03,16,glorot,"(-0.5, 0.5)",35,0.10925525275930734,0.6470588235294118,986
[6],0.049999999999999996,0.014,0.004,0.1,0.30000000000000004,tanh,adam,0.04,16,range,"(-0.5, 0.5)",35,0.05405440252893254,1.0,987
[5],0.12999999999999998,0.0,0.008,0.0,0.2,sigmoid,sgd,0.02,8,glorot,"(-0.1, 0.1)",30,0.1063488365746123,0.7058823529411765,988
[5],0.10999999999999997,0.006,0.008,0.15000000000000002,0.0,sigmoid,adam,0.0,16,xavier,"(-0.7, 0.7)",35,0.09388537017197761,1.0,989
[5],0.15,0.0,0.006,0.2,0.2,tanh,sgd,0.02,8,glorot,"(-0.5, 0.5)",20,0.04839948011817862,0.9117647058823529,990
[3],0.12999999999999998,0.0,0.002,0.05,0.5,sigmoid,sgd,0.04,32,xavier,"(-0.7, 0.7)",35,0.1073906820655586,0.7058823529411765,991
[5],0.08999999999999998,0.004,0.006,0.2,0.5,sigmoid,sgd,0.03,8,glorot,"(-0.7, 0.7)",30,0.10862032677348354,0.7058823529411765,992
[6],0.08999999999999998,0.01,0.004,0.2,0.5,tanh,adam,0.04,8,xavier,"(-0.5, 0.5)",35,0.041175812776544224,1.0,993
[4],0.03,0.014,0.004,0.25,0.2,tanh,sgd,0.04,16,xavier,"(-0.1, 0.1)",35,0.10632381479682103,0.6764705882352942,994
[5],0.01,0.004,0.002,0.2,0.30000000000000004,tanh,sgd,0.03,64,gaussian,"(-0.5, 0.5)",30,0.12277679521809487,0.7058823529411765,995
[5],0.01,0.008,0.0,0.1,0.6000000000000001,tanh,adam,0.0,8,xavier,"(-0.7, 0.7)",30,0.026850987728565676,0.9705882352941176,996
[4],0.16999999999999998,0.002,0.0,0.0,0.5,sigmoid,sgd,0.01,16,gaussian,"(-0.5, 0.5)",35,0.10240463906571051,0.7058823529411765,997
[5],0.10999999999999997,0.018000000000000002,0.004,0.05,0.8,sigmoid,adam,0.03,64,glorot,"(-0.5, 0.5)",20,0.09712144888831822,1.0,998
[4],0.18999999999999997,0.006,0.004,0.25,0.4,sigmoid,sgd,0.03,16,xavier,"(-0.7, 0.7)",30,0.10766666692007809,0.7058823529411765,999
[4],0.18999999999999997,0.012,0.008,0.05,0.1,tanh,sgd,0.0,8,xavier,"(-0.5, 0.5)",20,0.036358586514293405,1.0,1000
[6],0.15,0.004,0.0,0.1,0.30000000000000004,tanh,adam,0.04,64,he,"(-0.1, 0.1)",30,0.028624920128307835,1.0,1
[3],0.10999999999999997,0.01,0.006,0.05,0.1,sigmoid,adam,0.01,8,range,"(-0.7, 0.7)",35,0.06973672401775258,1.0,2
[4],0.03,0.016,0.006,0.05,0.0,tanh,sgd,0.03,16,xavier,"(-0.5, 0.5)",30,0.12037459583063555,0.7352941176470589,3
[4],0.03,0.004,0.008,0.15000000000000002,0.30000000000000004,tanh,sgd,0.02,32,gaussian,"(-0.1, 0.1)",35,0.11249966421238147,0.7058823529411765,4
[6],0.10999999999999997,0.018000000000000002,0.0,0.2,0.2,tanh,sgd,0.0,8,glorot,"(-0.1, 0.1)",20,0.11859476535869044,0.6764705882352942,5
[3],0.16999999999999998,0.014,0.0,0.05,0.1,tanh,adam,0.01,16,range,"(-0.7, 0.7)",35,0.07505440782438853,0.9411764705882353,6
[5],0.18999999999999997,0.012,0.0,0.05,0.30000000000000004,sigmoid,sgd,0.02,64,he,"(-0.1, 0.1)",30,0.10805335576901835,0.7058823529411765,7
[5],0.15,0.018000000000000002,0.0,0.05,0.2,sigmoid,sgd,0.04,8,glorot,"(-0.1, 0.1)",35,0.11031122343244255,0.7058823529411765,8
[5],0.03,0.014,0.004,0.0,0.2,tanh,sgd,0.01,8,gaussian,"(-0.5, 0.5)",35,0.11859518991881819,0.7058823529411765,9
[6],0.15,0.01,0.008,0.25,0.7000000000000001,tanh,adam,0.04,32,gaussian,"(-0.7, 0.7)",30,0.09218460065130409,0.9117647058823529,10
[3],0.08999999999999998,0.01,0.0,0.1,0.7000000000000001,sigmoid,sgd,0.03,64,range,"(-0.5, 0.5)",35,0.11158852107936097,0.7058823529411765,11
[6],0.049999999999999996,0.014,0.002,0.2,0.6000000000000001,tanh,sgd,0.04,8,he,"(-0.7, 0.7)",20,0.12185897593754999,0.6176470588235294,12
[3],0.08999999999999998,0.006,0.008,0.1,0.5,sigmoid,adam,0.03,16,gaussian,"(-0.5, 0.5)",30,0.08763570499961346,1.0,13
[5],0.06999999999999999,0.008,0.008,0.05,0.4,sigmoid,adam,0.03,64,he,"(-0.1, 0.1)",30,0.11554365535458788,0.7058823529411765,14
[6],0.18999999999999997,0.016,0.004,0.2,0.5,tanh,adam,0.04,8,gaussian,"(-0.1, 0.1)",30,0.05788516542480496,1.0,15
[6],0.15,0.004,0.006,0.1,0.1,tanh,sgd,0.04,64,range,"(-0.7, 0.7)",30,0.1250698682219875,0.5882352941176471,16
[4],0.15,0.014,0.0,0.0,0.2,tanh,sgd,0.0,64,he,"(-0.5, 0.5)",35,0.11008101014627211,0.6764705882352942,17
[4],0.08999999999999998,0.006,0.006,0.2,0.0,tanh,adam,0.0,32,gaussian,"(-0.5, 0.5)",35,0.07523351446356848,0.9117647058823529,18
[4],0.12999999999999998,0.01,0.0,0.2,0.7000000000000001,tanh,adam,0.04,16,glorot,"(-0.7, 0.7)",35,0.09515693774579743,0.8529411764705882,19
[4],0.01,0.006,0.002,0.15000000000000002,0.30000000000000004,tanh,adam,0.0,16,he,"(-0.5, 0.5)",30,0.1017585510155878,0.7058823529411765,20
[4],0.03,0.004,0.002,0.0,0.0,tanh,adam,0.04,32,range,"(-0.1, 0.1)",30,0.09886760970721381,0.47058823529411764,21
[4],0.049999999999999996,0.008,0.002,0.1,0.6000000000000001,tanh,sgd,0.0,8,he,"(-0.5, 0.5)",35,0.08870216249793005,0.8235294117647058,22
[4],0.12999999999999998,0.018000000000000002,0.0,0.25,0.30000000000000004,sigmoid,sgd,0.02,8,xavier,"(-0.7, 0.7)",30,0.10971472423721253,0.7058823529411765,23
[5],0.06999999999999999,0.004,0.008,0.2,0.5,tanh,adam,0.04,64,glorot,"(-0.1, 0.1)",35,0.07297920988433695,0.8235294117647058,24
[6],0.01,0.012,0.0,0.0,0.7000000000000001,tanh,adam,0.0,32,xavier,"(-0.1, 0.1)",30,0.11754626325992565,0.6764705882352942,25
[3],0.01,0.008,0.008,0.0,0.7000000000000001,tanh,adam,0.01,64,range,"(-0.5, 0.5)",20,0.11503489366153134,0.7058823529411765,26
[6],0.06999999999999999,0.016,0.006,0.15000000000000002,0.2,sigmoid,adam,0.03,64,he,"(-0.1, 0.1)",35,0.11219382366597166,0.7058823529411765,27
[5],0.08999999999999998,0.01,0.008,0.15000000000000002,0.6000000000000001,sigmoid,sgd,0.02,64,he,"(-0.1, 0.1)",30,0.11210863686077763,0.7058823529411765,28
[4],0.15,0.016,0.004,0.05,0.1,tanh,sgd,0.04,64,xavier,"(-0.5, 0.5)",20,0.11836287829568813,0.7352941176470589,29
[5],0.18999999999999997,0.004,0.0,0.25,0.2,sigmoid,sgd,0.01,16,gaussian,"(-0.5, 0.5)",35,0.11213311024081256,0.7058823529411765,30
[3],0.01,0.014,0.0,0.05,0.2,sigmoid,adam,0.02,32,he,"(-0.5, 0.5)",30,0.1179570679239812,0.7058823529411765,31
[6],0.03,0.01,0.004,0.0,0.7000000000000001,tanh,adam,0.0,32,he,"(-0.5, 0.5)",35,0.04483781043368497,1.0,32
[4],0.18999999999999997,0.002,0.0,0.15000000000000002,0.4,tanh,adam,0.03,64,glorot,"(-0.5, 0.5)",30,0.09194767125354032,0.7647058823529411,33
[6],0.12999999999999998,0.012,0.006,0.1,0.7000000000000001,tanh,sgd,0.04,32,xavier,"(-0.1, 0.1)",35,0.11917751840553083,0.7058823529411765,34
[5],0.049999999999999996,0.018000000000000002,0.006,0.1,0.5,tanh,sgd,0.0,64,he,"(-0.1, 0.1)",30,0.12036918541329708,0.6470588235294118,35
[6],0.16999999999999998,0.004,0.008,0.2,0.8,tanh,sgd,0.03,32,he,"(-0.7, 0.7)",30,0.10823221662133597,0.7058823529411765,36
[4],0.049999999999999996,0.0,0.006,0.0,0.8,tanh,sgd,0.03,16,range,"(-0.7, 0.7)",30,0.09950916699697633,0.6176470588235294,37
[4],0.16999999999999998,0.012,0.004,0.0,0.0,tanh,adam,0.01,32,glorot,"(-0.5, 0.5)",20,0.041444158931463755,1.0,38
[3],0.06999999999999999,0.004,0.0,0.1,0.30000000000000004,sigmoid,sgd,0.0,16,range,"(-0.1, 0.1)",20,0.10922248408851008,0.7058823529411765,39
[3],0.03,0.002,0.0,0.2,0.4,sigmoid,adam,0.02,32,range,"(-0.7, 0.7)",30,0.0982551797042365,0.6470588235294118,40
[5],0.16999999999999998,0.014,0.004,0.1,0.2,tanh,adam,0.01,64,gaussian,"(-0.5, 0.5)",20,0.05966179232722183,1.0,41
[5],0.06999999999999999,0.012,0.008,0.15000000000000002,0.4,tanh,adam,0.04,16,he,"(-0.1, 0.1)",30,0.0561654072481754,1.0,42
[4],0.16999999999999998,0.014,0.0,0.25,0.30000000000000004,tanh,adam,0.03,64,range,"(-0.5, 0.5)",20,0.07995448959345133,0.9117647058823529,43
[4],0.16999999999999998,0.018000000000000002,0.004,0.25,0.8,tanh,adam,0.0,64,range,"(-0.1, 0.1)",30,0.074780832166707,1.0,44
[6],0.01,0.002,0.008,0.2,0.1,tanh,sgd,0.02,64,range,"(-0.5, 0.5)",35,0.1240461951591484,0.6764705882352942,45
[6],0.12999999999999998,0.004,0.008,0.05,0.6000000000000001,tanh,sgd,0.03,32,gaussian,"(-0.5, 0.5)",35,0.10987651895776611,0.6764705882352942,46
[6],0.06999999999999999,0.012,0.006,0.2,0.0,sigmoid,sgd,0.01,64,gaussian,"(-0.7, 0.7)",20,0.13410351307440146,0.7058823529411765,47
[5],0.049999999999999996,0.0,0.002,0.2,0.7000000000000001,sigmoid,sgd,0.01,8,he,"(-0.7, 0.7)",20,0.11064834960184482,0.7058823529411765,48
[3],0.08999999999999998,0.01,0.006,0.05,0.4,tanh,adam,0.01,16,gaussian,"(-0.1, 0.1)",30,0.10328397098569857,0.8235294117647058,49
[5],0.12999999999999998,0.012,0.002,0.25,0.30000000000000004,sigmoid,adam,0.0,16,he,"(-0.1, 0.1)",35,0.1509301848205377,0.9411764705882353,50
[4],0.12999999999999998,0.004,0.004,0.05,0.8,sigmoid,adam,0.0,16,gaussian,"(-0.7, 0.7)",30,0.039711096980424736,1.0,51
[5],0.10999999999999997,0.018000000000000002,0.008,0.1,0.1,tanh,sgd,0.0,16,he,"(-0.7, 0.7)",30,0.11679298887138453,0.7058823529411765,52
[4],0.10999999999999997,0.0,0.006,0.1,0.5,sigmoid,sgd,0.01,16,range,"(-0.1, 0.1)",35,0.11060963801161959,0.7058823529411765,53
[6],0.01,0.004,0.004,0.1,0.0,tanh,sgd,0.0,8,range,"(-0.1, 0.1)",30,0.11181833666220772,0.7058823529411765,54
[6],0.03,0.016,0.002,0.05,0.5,sigmoid,sgd,0.03,64,xavier,"(-0.5, 0.5)",30,0.11210572100495331,0.7058823529411765,55
[5],0.10999999999999997,0.008,0.006,0.15000000000000002,0.1,tanh,sgd,0.03,32,glorot,"(-0.1, 0.1)",30,0.11906908403262896,0.6176470588235294,56
[5],0.08999999999999998,0.016,0.0,0.1,0.7000000000000001,sigmoid,sgd,0.03,64,glorot,"(-0.1, 0.1)",30,0.11010935308246929,0.7058823529411765,57
[4],0.18999999999999997,0.006,0.008,0.25,0.2,tanh,sgd,0.03,8,xavier,"(-0.1, 0.1)",30,0.09483935641371287,0.7352941176470589,58
[3],0.03,0.006,0.004,0.05,0.30000000000000004,sigmoid,adam,0.01,64,range,"(-0.7, 0.7)",35,0.11047349320510089,0.6470588235294118,59
[5],0.16999999999999998,0.004,0.004,0.15000000000000002,0.7000000000000001,sigmoid,sgd,0.04,8,xavier,"(-0.7, 0.7)",35,0.10303820101772627,0.5882352941176471,60
[3],0.06999999999999999,0.014,0.0,0.25,0.1,sigmoid,adam,0.02,16,range,"(-0.7, 0.7)",30,0.10934408255639347,0.7058823529411765,61
[5],0.15,0.002,0.004,0.05,0.1,sigmoid,adam,0.01,16,gaussian,"(-0.7, 0.7)",30,0.03711383189876311,1.0,62
[5],0.18999999999999997,0.002,0.0,0.0,0.4,tanh,sgd,0.03,32,xavier,"(-0.5, 0.5)",30,0.11131584920271369,0.7058823529411765,63
[5],0.08999999999999998,0.006,0.002,0.25,0.6000000000000001,sigmoid,adam,0.01,16,gaussian,"(-0.7, 0.7)",20,0.0682448272483642,1.0,64
[6],0.049999999999999996,0.004,0.006,0.15000000000000002,0.8,sigmoid,adam,0.01,64,range,"(-0.1, 0.1)",35,0.10705853174760448,0.7058823529411765,65
[6],0.16999999999999998,0.01,0.006,0.0,0.0,sigmoid,sgd,0.04,32,xavier,"(-0.1, 0.1)",20,0.11065501455880256,0.7058823529411765,66
[3],0.18999999999999997,0.0,0.0,0.25,0.6000000000000001,sigmoid,sgd,0.02,64,glorot,"(-0.5, 0.5)",30,0.1137455518331786,0.7058823529411765,67
[5],0.12999999999999998,0.01,0.008,0.15000000000000002,0.1,tanh,sgd,0.04,32,glorot,"(-0.7, 0.7)",20,0.11916936316449056,0.6176470588235294,68
[4],0.08999999999999998,0.008,0.006,0.25,0.30000000000000004,sigmoid,sgd,0.02,64,he,"(-0.7, 0.7)",35,0.11311006073207283,0.7058823529411765,69
[6],0.16999999999999998,0.008,0.0,0.1,0.4,tanh,sgd,0.02,8,glorot,"(-0.5, 0.5)",30,0.09520777458537882,0.7352941176470589,70
[4],0.10999999999999997,0.002,0.008,0.1,0.1,tanh,adam,0.04,64,he,"(-0.7, 0.7)",35,0.07406732360009796,0.7941176470588235,71
[5],0.18999999999999997,0.012,0.004,0.15000000000000002,0.0,sigmoid,sgd,0.01,64,he,"(-0.1, 0.1)",20,0.10990056166912973,0.7058823529411765,72
[6],0.08999999999999998,0.016,0.004,0.25,0.2,sigmoid,sgd,0.04,16,xavier,"(-0.1, 0.1)",30,0.11192901718131683,0.7058823529411765,73
[3],0.08999999999999998,0.01,0.004,0.15000000000000002,0.5,sigmoid,adam,0.01,16,glorot,"(-0.5, 0.5)",30,0.0921641119434284,1.0,74
[3],0.08999999999999998,0.002,0.004,0.05,0.6000000000000001,tanh,sgd,0.0,16,range,"(-0.5, 0.5)",20,0.1168574027510927,0.7058823529411765,75
[3],0.06999999999999999,0.014,0.002,0.05,0.8,sigmoid,sgd,0.0,16,he,"(-0.7, 0.7)",20,0.11307417137920392,0.7058823529411765,76
[5],0.06999999999999999,0.018000000000000002,0.002,0.05,0.5,sigmoid,sgd,0.02,64,xavier,"(-0.7, 0.7)",30,0.1111873421067186,0.7058823529411765,77
[3],0.15,0.012,0.008,0.1,0.30000000000000004,sigmoid,adam,0.04,16,he,"(-0.5, 0.5)",30,0.09648500740490469,0.9411764705882353,78
[6],0.18999999999999997,0.0,0.0,0.15000000000000002,0.8,sigmoid,adam,0.02,64,glorot,"(-0.5, 0.5)",30,0.05838310249043335,0.8529411764705882,79
[5],0.16999999999999998,0.006,0.006,0.25,0.0,tanh,sgd,0.04,64,range,"(-0.1, 0.1)",35,0.11195584480065239,0.7058823529411765,80
[5],0.01,0.016,0.004,0.1,0.2,tanh,adam,0.01,64,xavier,"(-0.5, 0.5)",30,0.11339628335789854,0.7058823529411765,81
[4],0.06999999999999999,0.004,0.004,0.15000000000000002,0.2,tanh,sgd,0.02,64,range,"(-0.7, 0.7)",35,0.11925421880182661,0.6176470588235294,82
[4],0.15,0.0,0.004,0.15000000000000002,0.2,sigmoid,sgd,0.02,32,glorot,"(-0.5, 0.5)",30,0.11100864263414502,0.7058823529411765,83
[3],0.01,0.01,0.0,0.1,0.6000000000000001,sigmoid,sgd,0.03,64,xavier,"(-0.7, 0.7)",35,0.11657950844741459,0.7058823529411765,84
[6],0.16999999999999998,0.016,0.006,0.2,0.2,tanh,adam,0.04,32,gaussian,"(-0.1, 0.1)",35,0.12517531352993136,0.8823529411764706,85
[5],0.03,0.016,0.006,0.2,0.5,tanh,sgd,0.01,32,he,"(-0.1, 0.1)",35,0.11924864366879981,0.6764705882352942,86
[4],0.06999999999999999,0.002,0.008,0.05,0.8,sigmoid,sgd,0.03,16,he,"(-0.5, 0.5)",30,0.1150624395189829,0.7058823529411765,87
[3],0.049999999999999996,0.006,0.006,0.15000000000000002,0.30000000000000004,sigmoid,sgd,0.01,16,gaussian,"(-0.1, 0.1)",30,0.10947000941316161,0.7058823529411765,88
[4],0.03,0.016,0.004,0.05,0.0,sigmoid,sgd,0.01,8,he,"(-0.1, 0.1)",20,0.11460814228459879,0.7058823529411765,89
[3],0.06999999999999999,0.006,0.006,0.25,0.30000000000000004,sigmoid,adam,0.0,16,gaussian,"(-0.1, 0.1)",30,0.10838393930749685,0.4411764705882353,90
[3],0.049999999999999996,0.006,0.0,0.2,0.6000000000000001,tanh,sgd,0.0,8,xavier,"(-0.7, 0.7)",30,0.10060607013074559,0.7058823529411765,91
[3],0.06999999999999999,0.002,0.006,0.15000000000000002,0.5,tanh,sgd,0.0,8,gaussian,"(-0.7, 0.7)",35,0.11148684047046052,0.7058823529411765,92
[3],0.15,0.012,0.004,0.05,0.2,tanh,adam,0.04,16,he,"(-0.1, 0.1)",35,0.08724458507441192,0.9117647058823529,93
[6],0.03,0.01,0.0,0.1,0.4,tanh,adam,0.03,8,gaussian,"(-0.5, 0.5)",35,0.03484843109563887,1.0,94
[3],0.16999999999999998,0.014,0.0,0.05,0.7000000000000001,sigmoid,sgd,0.0,32,gaussian,"(-0.1, 0.1)",35,0.11282716351960179,0.7058823529411765,95
[4],0.16999999999999998,0.0,0.008,0.25,0.30000000000000004,tanh,sgd,0.01,16,xavier,"(-0.1, 0.1)",30,0.09784902388028532,0.7058823529411765,96
[3],0.01,0.01,0.008,0.25,0.30000000000000004,sigmoid,adam,0.0,16,xavier,"(-0.7, 0.7)",35,0.11501611188492164,0.7058823529411765,97
[5],0.049999999999999996,0.014,0.006,0.05,0.5,sigmoid,sgd,0.01,8,xavier,"(-0.1, 0.1)",20,0.11171970659867049,0.7058823529411765,98
[6],0.15,0.018000000000000002,0.004,0.25,0.4,sigmoid,sgd,0.01,64,glorot,"(-0.7, 0.7)",20,0.11539100209074994,0.7058823529411765,99
[3],0.03,0.012,0.006,0.2,0.1,sigmoid,adam,0.03,64,xavier,"(-0.7, 0.7)",20,0.11374470025361819,0.7058823529411765,100
[4],0.10999999999999997,0.002,0.004,0.05,0.8,tanh,adam,0.01,64,glorot,"(-0.1, 0.1)",20,0.05005588867887594,0.9117647058823529,101
[4],0.049999999999999996,0.0,0.008,0.2,0.4,sigmoid,adam,0.02,16,gaussian,"(-0.5, 0.5)",35,0.028896302653237012,1.0,102
[3],0.10999999999999997,0.006,0.0,0.2,0.8,tanh,sgd,0.0,32,gaussian,"(-0.5, 0.5)",30,0.10862208175146469,0.7058823529411765,103
[5],0.01,0.016,0.004,0.2,0.5,sigmoid,adam,0.03,64,glorot,"(-0.1, 0.1)",20,0.11258459298451265,0.7058823529411765,104
[6],0.16999999999999998,0.008,0.006,0.15000000000000002,0.7000000000000001,sigmoid,sgd,0.04,16,gaussian,"(-0.7, 0.7)",30,0.11782485770494416,0.7058823529411765,105
[6],0.08999999999999998,0.008,0.0,0.1,0.8,sigmoid,adam,0.02,8,gaussian,"(-0.5, 0.5)",20,0.0555082334959488,1.0,106
[6],0.049999999999999996,0.014,0.008,0.15000000000000002,0.30000000000000004,sigmoid,sgd,0.04,8,gaussian,"(-0.7, 0.7)",35,0.1354302634882426,0.7058823529411765,107
[4],0.049999999999999996,0.0,0.004,0.0,0.1,sigmoid,sgd,0.01,32,gaussian,"(-0.5, 0.5)",20,0.11430572861037111,0.7058823529411765,108
[6],0.16999999999999998,0.0,0.0,0.2,0.0,tanh,sgd,0.01,32,gaussian,"(-0.5, 0.5)",30,0.1054862283217865,0.7058823529411765,109
[3],0.03,0.014,0.004,0.15000000000000002,0.1,sigmoid,adam,0.0,64,he,"(-0.7, 0.7)",30,0.11533650683176636,0.7058823529411765,110
[6],0.18999999999999997,0.012,0.008,0.2,0.6000000000000001,sigmoid,sgd,0.01,32,gaussian,"(-0.5, 0.5)",35,0.12180271604612056,0.7058823529411765,111
[3],0.08999999999999998,0.008,0.008,0.25,0.1,sigmoid,sgd,0.04,8,gaussian,"(-0.1, 0.1)",30,0.10995790111674075,0.7058823529411765,112
[5],0.12999999999999998,0.014,0.006,0.15000000000000002,0.7000000000000001,tanh,sgd,0.04,32,xavier,"(-0.5, 0.5)",35,0.11146165163097545,0.6764705882352942,113
[6],0.01,0.002,0.006,0.0,0.2,sigmoid,adam,0.03,32,he,"(-0.1, 0.1)",30,0.11464146335495569,0.7058823529411765,114
[6],0.01,0.004,0.002,0.25,0.30000000000000004,sigmoid,adam,0.02,16,he,"(-0.5, 0.5)",35,0.11372663861527106,0.7058823529411765,115
[4],0.15,0.014,0.002,0.1,0.30000000000000004,sigmoid,sgd,0.04,32,range,"(-0.7, 0.7)",35,0.11457886996003534,0.7058823529411765,116
[4],0.16999999999999998,0.008,0.008,0.2,0.8,tanh,sgd,0.02,64,xavier,"(-0.5, 0.5)",20,0.10634115376626697,0.47058823529411764,117
[4],0.06999999999999999,0.01,0.006,0.25,0.0,sigmoid,adam,0.0,16,range,"(-0.7, 0.7)",30,0.1059027459743023,1.0,118
[6],0.06999999999999999,0.018000000000000002,0.008,0.1,0.6000000000000001,tanh,adam,0.02,16,glorot,"(-0.1, 0.1)",35,0.10255651269995923,0.8823529411764706,119
[4],0.10999999999999997,0.012,0.004,0.05,0.30000000000000004,sigmoid,adam,0.03,64,xavier,"(-0.1, 0.1)",30,0.08966326694051703,0.9411764705882353,120
[4],0.10999999999999997,0.006,0.002,0.1,0.0,tanh,sgd,0.0,8,glorot,"(-0.5, 0.5)",20,0.09220015001238223,0.7352941176470589,121
[4],0.08999999999999998,0.0,0.0,0.1,0.2,sigmoid,adam,0.03,16,he,"(-0.7, 0.7)",30,0.007182563976500891,1.0,122
[4],0.12999999999999998,0.006,0.006,0.05,0.8,tanh,sgd,0.01,16,he,"(-0.5, 0.5)",20,0.04396039140700097,0.9411764705882353,123
[5],0.08999999999999998,0.008,0.004,0.1,0.1,tanh,sgd,0.02,32,xavier,"(-0.1, 0.1)",20,0.11319633765859727,0.7058823529411765,124
[3],0.15,0.01,0.004,0.2,0.4,tanh,adam,0.03,32,xavier,"(-0.1, 0.1)",35,0.10928990197569202,0.7647058823529411,125
[5],0.049999999999999996,0.008,0.006,0.05,0.8,sigmoid,adam,0.0,16,range,"(-0.1, 0.1)",20,0.11034383287588041,0.7058823529411765,126
[6],0.08999999999999998,0.014,0.008,0.05,0.4,tanh,adam,0.01,64,xavier,"(-0.5, 0.5)",30,0.10398744821683394,0.8529411764705882,127
[4],0.10999999999999997,0.006,0.008,0.2,0.8,tanh,adam,0.04,8,he,"(-0.1, 0.1)",20,0.10689278746685013,0.6764705882352942,128
[3],0.15,0.01,0.0,0.1,0.5,sigmoid,sgd,0.02,64,range,"(-0.1, 0.1)",35,0.10943115520773047,0.7058823529411765,129
[4],0.01,0.01,0.006,0.2,0.2,tanh,adam,0.01,8,gaussian,"(-0.7, 0.7)",35,0.10892661637318463,0.6764705882352942,130
[3],0.049999999999999996,0.008,0.006,0.1,0.30000000000000004,tanh,adam,0.01,32,xavier,"(-0.7, 0.7)",20,0.11201642251572877,0.7058823529411765,131
[3],0.08999999999999998,0.012,0.0,0.15000000000000002,0.6000000000000001,tanh,sgd,0.0,64,range,"(-0.7, 0.7)",30,0.12500032861714855,0.5882352941176471,132
[4],0.15,0.008,0.008,0.0,0.2,sigmoid,adam,0.04,8,glorot,"(-0.5, 0.5)",20,0.06447213564543541,0.9411764705882353,133
[6],0.03,0.008,0.006,0.0,0.5,sigmoid,sgd,0.0,16,he,"(-0.1, 0.1)",20,0.11587363280009437,0.7058823529411765,134
[4],0.03,0.012,0.0,0.0,0.4,sigmoid,sgd,0.03,16,range,"(-0.7, 0.7)",35,0.11407803422053978,0.7058823529411765,135
[6],0.16999999999999998,0.006,0.002,0.0,0.2,sigmoid,adam,0.0,32,range,"(-0.7, 0.7)",30,0.11199333321847561,0.9411764705882353,136
[4],0.10999999999999997,0.0,0.006,0.2,0.6000000000000001,tanh,adam,0.04,32,xavier,"(-0.1, 0.1)",20,0.09225331536869347,0.7647058823529411,137
[3],0.08999999999999998,0.002,0.004,0.1,0.2,tanh,adam,0.0,64,xavier,"(-0.5, 0.5)",20,0.08869612356638486,0.7941176470588235,138
[4],0.16999999999999998,0.012,0.0,0.25,0.5,tanh,sgd,0.04,32,range,"(-0.7, 0.7)",35,0.11566311636144476,0.6764705882352942,139
[5],0.15,0.01,0.006,0.25,0.6000000000000001,sigmoid,adam,0.04,16,range,"(-0.1, 0.1)",20,0.11818579726776064,1.0,140
[5],0.10999999999999997,0.014,0.006,0.2,0.7000000000000001,sigmoid,adam,0.03,64,gaussian,"(-0.5, 0.5)",30,0.12379536813014913,0.8529411764705882,141
[3],0.01,0.01,0.008,0.05,0.4,sigmoid,adam,0.0,32,xavier,"(-0.7, 0.7)",20,0.11380824419355755,0.7058823529411765,142
[4],0.10999999999999997,0.012,0.0,0.05,0.8,tanh,adam,0.04,64,glorot,"(-0.7, 0.7)",20,0.06636018922104092,0.9117647058823529,143
[6],0.06999999999999999,0.01,0.004,0.25,0.7000000000000001,tanh,sgd,0.03,32,gaussian,"(-0.1, 0.1)",20,0.11050648756637022,0.7058823529411765,144
[3],0.03,0.016,0.004,0.05,0.6000000000000001,sigmoid,sgd,0.03,32,he,"(-0.1, 0.1)",35,0.1134750788464107,0.7058823529411765,145
[3],0.049999999999999996,0.008,0.004,0.2,0.4,sigmoid,adam,0.04,16,he,"(-0.5, 0.5)",30,0.1042350356086465,0.7647058823529411,146
[4],0.10999999999999997,0.004,0.004,0.25,0.30000000000000004,tanh,adam,0.04,32,gaussian,"(-0.5, 0.5)",35,0.07128352676052443,0.8529411764705882,147
[6],0.10999999999999997,0.01,0.006,0.05,0.7000000000000001,tanh,adam,0.01,32,gaussian,"(-0.1, 0.1)",20,0.06001089730044769,0.9705882352941176,148
[5],0.16999999999999998,0.008,0.006,0.15000000000000002,0.0,sigmoid,adam,0.02,16,xavier,"(-0.5, 0.5)",35,0.10350199583316443,1.0,149
[4],0.18999999999999997,0.008,0.008,0.25,0.6000000000000001,tanh,sgd,0.01,64,glorot,"(-0.5, 0.5)",35,0.11188955494014213,0.6764705882352942,150
[3],0.049999999999999996,0.0,0.002,0.25,0.8,tanh,adam,0.0,64,gaussian,"(-0.1, 0.1)",35,0.09348245280800084,0.7352941176470589,151
[5],0.03,0.01,0.008,0.25,0.1,sigmoid,adam,0.01,64,range,"(-0.7, 0.7)",30,0.11401482660428115,0.7058823529411765,152
[6],0.10999999999999997,0.006,0.008,0.1,0.1,sigmoid,adam,0.03,16,he,"(-0.1, 0.1)",35,0.08002806954530589,1.0,153
[5],0.12999999999999998,0.002,0.004,0.05,0.6000000000000001,sigmoid,sgd,0.02,8,range,"(-0.5, 0.5)",20,0.10920033027488582,0.7058823529411765,154
[3],0.12999999999999998,0.006,0.002,0.1,0.6000000000000001,sigmoid,sgd,0.04,64,range,"(-0.5, 0.5)",20,0.11168406100396452,0.7058823529411765,155
[6],0.049999999999999996,0.016,0.002,0.25,0.6000000000000001,tanh,sgd,0.01,8,he,"(-0.1, 0.1)",35,0.11028060893502675,0.6176470588235294,156
[3],0.15,0.002,0.006,0.0,0.30000000000000004,sigmoid,sgd,0.0,32,he,"(-0.5, 0.5)",20,0.11358863884328463,0.7058823529411765,157
[5],0.06999999999999999,0.012,0.006,0.0,0.2,sigmoid,sgd,0.0,16,glorot,"(-0.7, 0.7)",35,0.11257195377897661,0.7058823529411765,158
[3],0.049999999999999996,0.002,0.0,0.2,0.30000000000000004,tanh,adam,0.03,64,glorot,"(-0.5, 0.5)",30,0.09202261918226495,0.7058823529411765,159
[4],0.12999999999999998,0.01,0.006,0.15000000000000002,0.4,tanh,adam,0.02,32,range,"(-0.1, 0.1)",20,0.0689751411986939,0.9411764705882353,160
[5],0.16999999999999998,0.002,0.008,0.1,0.4,sigmoid,adam,0.0,8,gaussian,"(-0.1, 0.1)",30,0.04724433282155993,1.0,161
[4],0.18999999999999997,0.01,0.004,0.05,0.30000000000000004,sigmoid,sgd,0.01,16,xavier,"(-0.7, 0.7)",20,0.11205936035387241,0.7058823529411765,162
[4],0.10999999999999997,0.002,0.004,0.25,0.8,tanh,adam,0.0,64,gaussian,"(-0.1, 0.1)",30,0.10530577964701018,0.7352941176470589,163
[5],0.01,0.012,0.002,0.15000000000000002,0.0,tanh,adam,0.02,8,he,"(-0.7, 0.7)",20,0.08927399286695818,0.7941176470588235,164
[5],0.08999999999999998,0.016,0.006,0.15000000000000002,0.2,sigmoid,adam,0.02,16,he,"(-0.7, 0.7)",20,0.1138738929867136,0.9705882352941176,165
[6],0.18999999999999997,0.014,0.002,0.0,0.2,tanh,sgd,0.03,32,glorot,"(-0.1, 0.1)",30,0.12234475760454164,0.6764705882352942,166
[4],0.01,0.004,0.002,0.25,0.5,sigmoid,adam,0.03,8,xavier,"(-0.5, 0.5)",35,0.11244867783466524,0.7058823529411765,167
[4],0.16999999999999998,0.008,0.008,0.2,0.1,tanh,adam,0.0,64,he,"(-0.7, 0.7)",35,0.11724532764592208,0.7058823529411765,168
[3],0.18999999999999997,0.008,0.004,0.15000000000000002,0.4,tanh,adam,0.02,32,xavier,"(-0.1, 0.1)",35,0.11124386747434015,0.7352941176470589,169
[3],0.01,0.008,0.0,0.1,0.2,tanh,sgd,0.04,64,glorot,"(-0.7, 0.7)",30,0.12788342749734116,0.5588235294117647,170
[5],0.08999999999999998,0.014,0.0,0.0,0.8,tanh,adam,0.04,32,gaussian,"(-0.1, 0.1)",35,0.048718840898873884,1.0,171
[5],0.12999999999999998,0.014,0.0,0.25,0.30000000000000004,tanh,adam,0.01,32,gaussian,"(-0.7, 0.7)",20,0.07837197570700692,0.9411764705882353,172
[3],0.01,0.008,0.0,0.15000000000000002,0.7000000000000001,sigmoid,adam,0.01,32,glorot,"(-0.1, 0.1)",35,0.12127297765561312,0.6470588235294118,173
[4],0.03,0.012,0.0,0.05,0.4,sigmoid,adam,0.04,16,gaussian,"(-0.5, 0.5)",30,0.06484337489672387,1.0,174
[5],0.15,0.01,0.002,0.15000000000000002,0.5,tanh,sgd,0.04,16,xavier,"(-0.7, 0.7)",30,0.1020035339752183,0.6470588235294118,175
[6],0.16999999999999998,0.01,0.0,0.1,0.0,tanh,adam,0.04,8,he,"(-0.5, 0.5)",35,0.04463057732978021,1.0,176
[6],0.03,0.01,0.004,0.15000000000000002,0.6000000000000001,sigmoid,adam,0.03,32,gaussian,"(-0.7, 0.7)",20,0.08814221713522882,0.9117647058823529,177
[6],0.06999999999999999,0.012,0.004,0.15000000000000002,0.0,tanh,adam,0.02,8,glorot,"(-0.1, 0.1)",20,0.08874798424022558,0.9117647058823529,178
[4],0.06999999999999999,0.018000000000000002,0.004,0.15000000000000002,0.30000000000000004,sigmoid,sgd,0.02,32,gaussian,"(-0.7, 0.7)",20,0.13385961769639967,0.7058823529411765,179
[5],0.12999999999999998,0.018000000000000002,0.006,0.0,0.2,sigmoid,sgd,0.03,64,he,"(-0.7, 0.7)",35,0.11768442784957851,0.7058823529411765,180
[6],0.18999999999999997,0.014,0.008,0.1,0.8,tanh,adam,0.01,8,range,"(-0.5, 0.5)",20,0.08472271935494245,0.9705882352941176,181
[3],0.10999999999999997,0.004,0.006,0.25,0.0,tanh,sgd,0.03,16,xavier,"(-0.5, 0.5)",35,0.12341445702012342,0.6176470588235294,182
[3],0.12999999999999998,0.008,0.002,0.05,0.0,sigmoid,sgd,0.03,32,glorot,"(-0.7, 0.7)",35,0.11388292927654442,0.7058823529411765,183
[3],0.03,0.014,0.006,0.05,0.1,sigmoid,adam,0.01,64,gaussian,"(-0.7, 0.7)",30,0.12329821736606374,0.5,184
[5],0.06999999999999999,0.012,0.0,0.15000000000000002,0.2,sigmoid,sgd,0.0,64,xavier,"(-0.5, 0.5)",30,0.11066367049482774,0.7058823529411765,185
[6],0.06999999999999999,0.01,0.006,0.15000000000000002,0.5,tanh,adam,0.01,32,gaussian,"(-0.1, 0.1)",30,0.13114540526837562,0.7647058823529411,186
[3],0.01,0.006,0.002,0.15000000000000002,0.30000000000000004,sigmoid,sgd,0.01,32,range,"(-0.1, 0.1)",35,0.1147276622494819,0.7058823529411765,187
[6],0.08999999999999998,0.012,0.002,0.25,0.5,sigmoid,sgd,0.02,64,gaussian,"(-0.1, 0.1)",35,0.10854043335022184,0.7058823529411765,188
[4],0.01,0.006,0.008,0.0,0.6000000000000001,tanh,adam,0.01,8,range,"(-0.5, 0.5)",20,0.09856729118283312,0.7352941176470589,189
[3],0.03,0.002,0.002,0.2,0.1,tanh,adam,0.04,8,xavier,"(-0.7, 0.7)",30,0.09041239723390387,0.7352941176470589,190
[6],0.12999999999999998,0.012,0.002,0.15000000000000002,0.4,tanh,sgd,0.04,8,xavier,"(-0.1, 0.1)",30,0.10693306960983028,0.6764705882352942,191
[5],0.18999999999999997,0.016,0.004,0.1,0.0,sigmoid,sgd,0.03,8,xavier,"(-0.7, 0.7)",35,0.10843365479520427,0.7058823529411765,192
[5],0.01,0.006,0.006,0.1,0.30000000000000004,tanh,sgd,0.0,16,xavier,"(-0.7, 0.7)",30,0.11599923012694048,0.7058823529411765,193
[5],0.049999999999999996,0.014,0.004,0.15000000000000002,0.7000000000000001,sigmoid,adam,0.0,16,gaussian,"(-0.5, 0.5)",30,0.11595052687884076,1.0,194
[6],0.16999999999999998,0.0,0.006,0.0,0.2,tanh,adam,0.01,32,range,"(-0.5, 0.5)",35,0.01703248142453675,1.0,195
[3],0.16999999999999998,0.01,0.002,0.25,0.8,sigmoid,sgd,0.0,8,he,"(-0.1, 0.1)",30,0.11405849567314337,0.5588235294117647,196
[6],0.15,0.014,0.006,0.1,0.1,sigmoid,adam,0.0,64,he,"(-0.5, 0.5)",30,0.11176755812528283,0.7058823529411765,197
[5],0.049999999999999996,0.016,0.002,0.05,0.6000000000000001,sigmoid,adam,0.02,8,xavier,"(-0.7, 0.7)",30,0.09610950904890604,0.9411764705882353,198
[5],0.18999999999999997,0.008,0.002,0.25,0.4,tanh,adam,0.03,64,glorot,"(-0.1, 0.1)",35,0.09400390811904946,0.8823529411764706,199
[4],0.16999999999999998,0.016,0.006,0.1,0.5,sigmoid,sgd,0.04,8,he,"(-0.7, 0.7)",30,0.11460037861879364,0.7058823529411765,200
[6],0.15,0.016,0.002,0.05,0.30000000000000004,tanh,sgd,0.03,8,gaussian,"(-0.7, 0.7)",30,0.04561784902444063,1.0,201
[3],0.049999999999999996,0.014,0.0,0.15000000000000002,0.6000000000000001,sigmoid,adam,0.01,64,gaussian,"(-0.7, 0.7)",35,0.11675293451572011,0.5882352941176471,202
[6],0.16999999999999998,0.0,0.006,0.05,0.0,sigmoid,sgd,0.01,16,range,"(-0.7, 0.7)",20,0.11447181053620971,0.7058823529411765,203
[3],0.049999999999999996,0.0,0.008,0.2,0.6000000000000001,tanh,adam,0.03,16,glorot,"(-0.1, 0.1)",20,0.09024262398676657,0.7647058823529411,204
[4],0.15,0.006,0.004,0.1,0.8,sigmoid,adam,0.02,64,glorot,"(-0.1, 0.1)",30,0.08162000905687411,0.9705882352941176,205
[3],0.18999999999999997,0.0,0.004,0.15000000000000002,0.5,tanh,adam,0.01,64,glorot,"(-0.5, 0.5)",20,0.10230079688403179,0.7647058823529411,206
[5],0.08999999999999998,0.012,0.006,0.05,0.30000000000000004,sigmoid,adam,0.02,8,range,"(-0.7, 0.7)",30,0.0874922939138942,1.0,207
[5],0.12999999999999998,0.016,0.008,0.15000000000000002,0.30000000000000004,sigmoid,adam,0.04,64,range,"(-0.1, 0.1)",20,0.11468626082249289,0.7058823529411765,208
[4],0.10999999999999997,0.006,0.0,0.05,0.2,tanh,adam,0.01,32,he,"(-0.5, 0.5)",35,0.05194088999347823,0.9411764705882353,209
[3],0.01,0.018000000000000002,0.004,0.2,0.0,tanh,sgd,0.0,32,glorot,"(-0.1, 0.1)",30,0.12501426284981237,0.6470588235294118,210
[6],0.01,0.0,0.0,0.0,0.0,sigmoid,adam,0.01,32,he,"(-0.5, 0.5)",30,0.11156884255755281,0.7058823529411765,211
[4],0.08999999999999998,0.014,0.004,0.05,0.6000000000000001,sigmoid,sgd,0.04,32,gaussian,"(-0.1, 0.1)",20,0.11035390071686525,0.7058823529411765,212
[5],0.18999999999999997,0.012,0.006,0.0,0.8,sigmoid,sgd,0.0,16,gaussian,"(-0.5, 0.5)",30,0.11996292253860781,0.5588235294117647,213
[4],0.16999999999999998,0.008,0.002,0.1,0.1,sigmoid,sgd,0.04,8,xavier,"(-0.5, 0.5)",35,0.11037702497337007,0.7058823529411765,214
[5],0.01,0.018000000000000002,0.004,0.05,0.4,sigmoid,sgd,0.02,64,range,"(-0.7, 0.7)",35,0.11557206327056574,0.7058823529411765,215
[3],0.06999999999999999,0.004,0.002,0.2,0.8,tanh,adam,0.03,64,glorot,"(-0.1, 0.1)",35,0.10214641739598751,0.6470588235294118,216
[6],0.049999999999999996,0.016,0.008,0.1,0.1,sigmoid,adam,0.0,16,range,"(-0.7, 0.7)",30,0.11618429438716668,0.7058823529411765,217
[4],0.16999999999999998,0.014,0.004,0.1,0.30000000000000004,sigmoid,sgd,0.04,16,glorot,"(-0.1, 0.1)",20,0.1131992353925973,0.7058823529411765,218
[4],0.18999999999999997,0.014,0.0,0.05,0.6000000000000001,tanh,sgd,0.04,16,gaussian,"(-0.5, 0.5)",20,0.10979934259073174,0.7058823529411765,219
[5],0.08999999999999998,0.016,0.0,0.2,0.5,sigmoid,sgd,0.01,8,gaussian,"(-0.5, 0.5)",35,0.118005170413092,0.7058823529411765,220
[6],0.01,0.01,0.006,0.15000000000000002,0.6000000000000001,tanh,adam,0.0,16,range,"(-0.7, 0.7)",35,0.11315443953366698,0.7352941176470589,221
[4],0.01,0.006,0.0,0.05,0.8,tanh,adam,0.03,32,gaussian,"(-0.5, 0.5)",35,0.11041187610553252,0.5882352941176471,222
[4],0.06999999999999999,0.0,0.002,0.15000000000000002,0.0,tanh,adam,0.03,64,gaussian,"(-0.7, 0.7)",35,0.10054036731759033,0.6470588235294118,223
[4],0.08999999999999998,0.018000000000000002,0.006,0.25,0.2,tanh,adam,0.02,64,gaussian,"(-0.1, 0.1)",30,0.1100897035261033,0.7352941176470589,224
[5],0.18999999999999997,0.012,0.006,0.1,0.5,sigmoid,adam,0.02,16,glorot,"(-0.5, 0.5)",20,0.13234148818278388,0.9411764705882353,225
[5],0.15,0.008,0.004,0.25,0.8,sigmoid,adam,0.01,64,range,"(-0.7, 0.7)",20,0.11398576366808004,0.7058823529411765,226
[3],0.16999999999999998,0.01,0.0,0.0,0.1,tanh,adam,0.03,16,xavier,"(-0.7, 0.7)",30,0.06734864542143176,0.8529411764705882,227
[3],0.10999999999999997,0.014,0.006,0.1,0.6000000000000001,tanh,sgd,0.02,8,glorot,"(-0.7, 0.7)",20,0.08172968515328279,0.8235294117647058,228
[4],0.16999999999999998,0.006,0.0,0.2,0.30000000000000004,tanh,adam,0.02,8,xavier,"(-0.5, 0.5)",30,0.04786401868046947,0.9411764705882353,229
[6],0.01,0.006,0.004,0.25,0.5,tanh,sgd,0.01,16,range,"(-0.7, 0.7)",20,0.11930590638757119,0.6764705882352942,230
[4],0.08999999999999998,0.018000000000000002,0.004,0.05,0.4,tanh,adam,0.0,32,gaussian,"(-0.5, 0.5)",30,0.09710476431067756,0.9411764705882353,231
[6],0.16999999999999998,0.004,0.006,0.05,0.8,sigmoid,sgd,0.01,32,xavier,"(-0.5, 0.5)",20,0.10965879593667087,0.7058823529411765,232
[6],0.03,0.016,0.006,0.05,0.8,tanh,adam,0.02,64,glorot,"(-0.7, 0.7)",20,0.12074989074611132,0.6764705882352942,233
[4],0.15,0.0,0.002,0.25,0.8,tanh,adam,0.03,64,xavier,"(-0.5, 0.5)",35,0.09344234466934548,0.7058823529411765,234
[3],0.18999999999999997,0.006,0.0,0.2,0.2,sigmoid,adam,0.0,16,xavier,"(-0.1, 0.1)",35,0.0672143440002172,1.0,235
[3],0.12999999999999998,0.004,0.004,0.05,0.4,sigmoid,adam,0.02,32,he,"(-0.5, 0.5)",20,0.10483043721138119,0.5588235294117647,236
[4],0.10999999999999997,0.016,0.008,0.05,0.1,tanh,sgd,0.0,16,he,"(-0.5, 0.5)",20,0.10724358697655993,0.5882352941176471,237
[3],0.06999999999999999,0.004,0.008,0.05,0.6000000000000001,tanh,sgd,0.02,32,range,"(-0.1, 0.1)",30,0.12601850190286965,0.6176470588235294,238
[6],0.18999999999999997,0.016,0.006,0.1,0.7000000000000001,sigmoid,adam,0.04,64,xavier,"(-0.1, 0.1)",20,0.11300975588341054,0.7058823529411765,239
[4],0.10999999999999997,0.0,0.008,0.15000000000000002,0.2,tanh,adam,0.03,32,xavier,"(-0.5, 0.5)",30,0.02552395661881142,0.9411764705882353,240
[6],0.01,0.016,0.008,0.05,0.30000000000000004,sigmoid,sgd,0.02,64,xavier,"(-0.7, 0.7)",35,0.11967504911453207,0.7058823529411765,241
[5],0.12999999999999998,0.014,0.002,0.15000000000000002,0.30000000000000004,sigmoid,adam,0.01,16,gaussian,"(-0.7, 0.7)",30,0.11824123963157232,1.0,242
[6],0.01,0.002,0.006,0.05,0.6000000000000001,sigmoid,sgd,0.01,16,glorot,"(-0.5, 0.5)",35,0.11682378822491438,0.7058823529411765,243
[3],0.16999999999999998,0.008,0.006,0.1,0.1,sigmoid,adam,0.01,32,xavier,"(-0.7, 0.7)",20,0.11617843172488362,0.6176470588235294,244
[4],0.03,0.0,0.0,0.15000000000000002,0.6000000000000001,sigmoid,adam,0.03,16,xavier,"(-0.7, 0.7)",30,0.09516306798361628,0.47058823529411764,245
[5],0.10999999999999997,0.008,0.0,0.1,0.0,tanh,adam,0.04,64,xavier,"(-0.1, 0.1)",35,0.04209229185667243,0.9411764705882353,246
[5],0.03,0.002,0.0,0.2,0.4,tanh,sgd,0.0,64,glorot,"(-0.7, 0.7)",20,0.1154510278887775,0.6470588235294118,247
[3],0.049999999999999996,0.012,0.0,0.1,0.6000000000000001,sigmoid,sgd,0.03,32,range,"(-0.7, 0.7)",30,0.11319779112303545,0.7058823529411765,248
[4],0.16999999999999998,0.018000000000000002,0.0,0.25,0.6000000000000001,sigmoid,adam,0.02,8,gaussian,"(-0.5, 0.5)",30,0.10977122447358958,1.0,249
[6],0.16999999999999998,0.016,0.004,0.1,0.7000000000000001,sigmoid,sgd,0.0,64,he,"(-0.1, 0.1)",20,0.11290666678668619,0.7058823529411765,250
[5],0.049999999999999996,0.006,0.008,0.2,0.30000000000000004,tanh,adam,0.02,8,glorot,"(-0.1, 0.1)",20,0.0626106440086457,0.8823529411764706,251
[3],0.15,0.004,0.008,0.2,0.5,sigmoid,sgd,0.01,8,he,"(-0.7, 0.7)",35,0.11332323341716793,0.7058823529411765,252
[3],0.12999999999999998,0.012,0.006,0.0,0.4,tanh,sgd,0.01,16,gaussian,"(-0.5, 0.5)",20,0.11462576223491637,0.7058823529411765,253
[5],0.15,0.018000000000000002,0.004,0.1,0.4,sigmoid,sgd,0.04,16,he,"(-0.7, 0.7)",20,0.11216625526834313,0.7058823529411765,254
[4],0.01,0.004,0.008,0.25,0.8,sigmoid,adam,0.01,8,range,"(-0.7, 0.7)",35,0.10710292444571148,0.6470588235294118,255
[5],0.049999999999999996,0.002,0.006,0.15000000000000002,0.8,sigmoid,sgd,0.01,64,range,"(-0.5, 0.5)",20,0.11220179533939231,0.7058823529411765,256
[5],0.01,0.01,0.0,0.15000000000000002,0.30000000000000004,sigmoid,adam,0.04,8,xavier,"(-0.7, 0.7)",30,0.11104538218767827,0.7058823529411765,257
[4],0.01,0.006,0.002,0.1,0.0,sigmoid,adam,0.02,64,xavier,"(-0.1, 0.1)",35,0.11016951351432931,0.7058823529411765,258
[4],0.16999999999999998,0.008,0.004,0.0,0.30000000000000004,tanh,adam,0.02,32,xavier,"(-0.7, 0.7)",35,0.12470980429441211,0.7941176470588235,259
[5],0.049999999999999996,0.016,0.004,0.25,0.8,sigmoid,sgd,0.01,8,range,"(-0.5, 0.5)",35,0.11696020339113013,0.7058823529411765,260
[5],0.03,0.008,0.008,0.15000000000000002,0.30000000000000004,sigmoid,sgd,0.04,32,gaussian,"(-0.5, 0.5)",20,0.12491643896646538,0.7058823529411765,261
[5],0.16999999999999998,0.014,0.0,0.1,0.0,tanh,sgd,0.04,16,xavier,"(-0.5, 0.5)",30,0.11085294513811499,0.7058823529411765,262
[4],0.03,0.0,0.008,0.0,0.7000000000000001,tanh,adam,0.02,64,range,"(-0.7, 0.7)",20,0.08994384348161483,0.7352941176470589,263
[3],0.03,0.014,0.0,0.15000000000000002,0.4,sigmoid,sgd,0.01,32,he,"(-0.5, 0.5)",35,0.1118496092966536,0.7058823529411765,264
[5],0.16999999999999998,0.012,0.004,0.25,0.7000000000000001,sigmoid,adam,0.02,32,range,"(-0.5, 0.5)",30,0.12101162664943702,0.7058823529411765,265
[6],0.01,0.014,0.002,0.05,0.6000000000000001,tanh,sgd,0.02,64,he,"(-0.1, 0.1)",20,0.12884071964576405,0.5294117647058824,266
[3],0.16999999999999998,0.002,0.008,0.0,0.30000000000000004,tanh,sgd,0.04,16,he,"(-0.1, 0.1)",35,0.11637276692690146,0.7058823529411765,267
[5],0.01,0.008,0.002,0.2,0.30000000000000004,tanh,sgd,0.03,8,xavier,"(-0.5, 0.5)",35,0.11458593454319278,0.7058823529411765,268
[5],0.15,0.014,0.004,0.05,0.6000000000000001,tanh,adam,0.04,8,xavier,"(-0.7, 0.7)",35,0.04454662228720082,1.0,269
[3],0.12999999999999998,0.006,0.006,0.15000000000000002,0.8,sigmoid,adam,0.02,16,he,"(-0.7, 0.7)",35,0.090181425861775,0.9705882352941176,270
[3],0.06999999999999999,0.01,0.002,0.15000000000000002,0.6000000000000001,tanh,sgd,0.04,16,range,"(-0.1, 0.1)",20,0.11270722432713523,0.7058823529411765,271
[4],0.18999999999999997,0.01,0.002,0.2,0.5,sigmoid,adam,0.0,32,xavier,"(-0.1, 0.1)",35,0.11463641627326794,1.0,272
[6],0.06999999999999999,0.008,0.0,0.0,0.1,tanh,adam,0.02,64,he,"(-0.5, 0.5)",35,0.05221563642192596,0.9411764705882353,273
[6],0.06999999999999999,0.014,0.006,0.0,0.4,sigmoid,adam,0.03,8,range,"(-0.5, 0.5)",30,0.09742831711202883,1.0,274
[6],0.10999999999999997,0.018000000000000002,0.006,0.15000000000000002,0.30000000000000004,tanh,sgd,0.0,16,he,"(-0.1, 0.1)",30,0.11252042584511988,0.6176470588235294,275
[6],0.06999999999999999,0.012,0.008,0.25,0.1,sigmoid,sgd,0.02,8,glorot,"(-0.5, 0.5)",30,0.11757033859533389,0.7058823529411765,276
[5],0.06999999999999999,0.0,0.006,0.25,0.2,sigmoid,adam,0.03,8,glorot,"(-0.7, 0.7)",35,0.027328158741393972,1.0,277
[3],0.12999999999999998,0.01,0.008,0.15000000000000002,0.2,sigmoid,adam,0.01,32,gaussian,"(-0.1, 0.1)",20,0.11766491320726928,0.7058823529411765,278
[5],0.16999999999999998,0.01,0.006,0.2,0.6000000000000001,tanh,sgd,0.01,64,he,"(-0.5, 0.5)",35,0.12049085860412682,0.6764705882352942,279
[4],0.16999999999999998,0.002,0.008,0.05,0.1,sigmoid,adam,0.04,32,xavier,"(-0.5, 0.5)",35,0.046151792052386634,1.0,280
[3],0.18999999999999997,0.012,0.0,0.25,0.8,tanh,sgd,0.02,32,he,"(-0.1, 0.1)",30,0.1005573336731042,0.6176470588235294,281
[4],0.01,0.008,0.002,0.15000000000000002,0.6000000000000001,sigmoid,sgd,0.04,32,he,"(-0.7, 0.7)",30,0.11179404740494626,0.7058823529411765,282
[6],0.01,0.014,0.0,0.15000000000000002,0.4,tanh,sgd,0.02,32,gaussian,"(-0.1, 0.1)",20,0.11379236061899398,0.7058823529411765,283
[5],0.01,0.014,0.004,0.15000000000000002,0.0,sigmoid,sgd,0.0,8,glorot,"(-0.5, 0.5)",20,0.1116346803181,0.7058823529411765,284
[6],0.18999999999999997,0.014,0.002,0.2,0.6000000000000001,sigmoid,sgd,0.04,32,he,"(-0.1, 0.1)",30,0.11178975689460692,0.7058823529411765,285
[4],0.08999999999999998,0.008,0.008,0.25,0.7000000000000001,sigmoid,adam,0.0,64,xavier,"(-0.5, 0.5)",30,0.12924802837906108,0.7647058823529411,286
[5],0.08999999999999998,0.014,0.004,0.2,0.7000000000000001,sigmoid,adam,0.0,8,he,"(-0.1, 0.1)",35,0.10988021565603602,1.0,287
[4],0.10999999999999997,0.018000000000000002,0.0,0.15000000000000002,0.7000000000000001,tanh,sgd,0.04,32,xavier,"(-0.7, 0.7)",30,0.10886110302666377,0.5,288
[3],0.03,0.014,0.004,0.05,0.0,tanh,sgd,0.01,32,glorot,"(-0.1, 0.1)",20,0.12263794222468412,0.6764705882352942,289
[5],0.03,0.006,0.0,0.15000000000000002,0.6000000000000001,tanh,adam,0.02,16,glorot,"(-0.1, 0.1)",30,0.05685109541801814,0.9117647058823529,290
[3],0.049999999999999996,0.014,0.008,0.25,0.7000000000000001,sigmoid,adam,0.03,16,he,"(-0.1, 0.1)",30,0.11480064884315896,0.7058823529411765,291
[5],0.049999999999999996,0.014,0.002,0.2,0.0,tanh,sgd,0.04,8,glorot,"(-0.7, 0.7)",30,0.11609203456211484,0.6470588235294118,292
[6],0.12999999999999998,0.004,0.002,0.15000000000000002,0.0,sigmoid,adam,0.02,16,gaussian,"(-0.5, 0.5)",35,0.0682166342905378,0.9705882352941176,293
[4],0.18999999999999997,0.002,0.004,0.2,0.4,tanh,adam,0.03,16,he,"(-0.5, 0.5)",20,0.05877381182160008,0.9117647058823529,294
[5],0.12999999999999998,0.014,0.008,0.05,0.0,sigmoid,adam,0.04,8,glorot,"(-0.7, 0.7)",20,0.10652902036069226,0.9411764705882353,295
[5],0.10999999999999997,0.0,0.002,0.15000000000000002,0.1,sigmoid,adam,0.0,64,xavier,"(-0.1, 0.1)",20,0.027565063525861584,0.9411764705882353,296
[4],0.01,0.012,0.006,0.15000000000000002,0.6000000000000001,tanh,adam,0.02,8,he,"(-0.1, 0.1)",35,0.10902900340102896,0.6764705882352942,297
[4],0.08999999999999998,0.004,0.0,0.25,0.6000000000000001,tanh,sgd,0.02,16,xavier,"(-0.7, 0.7)",35,0.09966931268482641,0.6764705882352942,298
[6],0.03,0.014,0.008,0.25,0.0,tanh,sgd,0.01,8,he,"(-0.5, 0.5)",20,0.1269806649686661,0.6176470588235294,299
[4],0.03,0.006,0.006,0.15000000000000002,0.8,tanh,adam,0.02,32,he,"(-0.1, 0.1)",30,0.10233233321262669,0.7058823529411765,300
[3],0.10999999999999997,0.002,0.0,0.15000000000000002,0.0,tanh,adam,0.03,8,he,"(-0.1, 0.1)",35,0.03746810570350215,0.9117647058823529,301
[5],0.01,0.016,0.006,0.2,0.7000000000000001,tanh,adam,0.0,16,xavier,"(-0.5, 0.5)",35,0.11030626221838555,0.7058823529411765,302
[6],0.049999999999999996,0.01,0.008,0.15000000000000002,0.2,tanh,sgd,0.02,64,gaussian,"(-0.1, 0.1)",30,0.11133767117548028,0.7058823529411765,303
[4],0.10999999999999997,0.01,0.0,0.1,0.1,tanh,adam,0.02,8,range,"(-0.1, 0.1)",30,0.0374817382382778,1.0,304
[5],0.18999999999999997,0.01,0.002,0.0,0.2,tanh,sgd,0.02,32,he,"(-0.7, 0.7)",35,0.12452795820644214,0.5882352941176471,305
[3],0.03,0.018000000000000002,0.006,0.15000000000000002,0.2,sigmoid,sgd,0.02,64,gaussian,"(-0.5, 0.5)",30,0.1257702450181752,0.7058823529411765,306
[6],0.03,0.01,0.002,0.25,0.6000000000000001,tanh,sgd,0.01,16,xavier,"(-0.7, 0.7)",30,0.11962692106017357,0.7058823529411765,307
[6],0.01,0.016,0.0,0.0,0.1,tanh,sgd,0.01,64,gaussian,"(-0.7, 0.7)",35,0.17308793437388792,0.7058823529411765,308
[5],0.01,0.016,0.008,0.25,0.4,sigmoid,adam,0.02,8,xavier,"(-0.5, 0.5)",35,0.1121892947758171,0.7058823529411765,309
[3],0.15,0.018000000000000002,0.002,0.0,0.0,sigmoid,adam,0.04,8,he,"(-0.7, 0.7)",35,0.08732824038678788,1.0,310
[3],0.16999999999999998,0.002,0.004,0.0,0.30000000000000004,sigmoid,adam,0.0,32,gaussian,"(-0.7, 0.7)",35,0.03007899859668997,1.0,311
[3],0.01,0.01,0.006,0.25,0.30000000000000004,tanh,adam,0.04,8,xavier,"(-0.1, 0.1)",20,0.11975622331694431,0.6470588235294118,312
[3],0.03,0.012,0.006,0.2,0.4,tanh,sgd,0.01,8,xavier,"(-0.5, 0.5)",30,0.12488480776713073,0.6176470588235294,313
[6],0.12999999999999998,0.008,0.002,0.2,0.1,sigmoid,adam,0.04,16,glorot,"(-0.1, 0.1)",20,0.11208903322423559,0.7058823529411765,314
[6],0.08999999999999998,0.018000000000000002,0.008,0.2,0.4,tanh,sgd,0.01,64,gaussian,"(-0.7, 0.7)",20,0.1366250053891971,0.7058823529411765,315
[3],0.06999999999999999,0.006,0.0,0.25,0.4,tanh,adam,0.03,32,glorot,"(-0.7, 0.7)",20,0.10313737408064436,0.7647058823529411,316
[6],0.12999999999999998,0.01,0.006,0.2,0.1,sigmoid,sgd,0.02,32,gaussian,"(-0.5, 0.5)",20,0.12096837021102266,0.7058823529411765,317
[6],0.08999999999999998,0.002,0.006,0.1,0.5,sigmoid,adam,0.01,32,xavier,"(-0.1, 0.1)",20,0.05847290292934004,1.0,318
[4],0.01,0.014,0.002,0.1,0.8,tanh,adam,0.02,8,xavier,"(-0.5, 0.5)",20,0.10632108359796845,0.6764705882352942,319
[4],0.18999999999999997,0.01,0.004,0.15000000000000002,0.4,tanh,adam,0.0,8,he,"(-0.7, 0.7)",20,0.09360905488112832,0.9117647058823529,320
[4],0.08999999999999998,0.0,0.008,0.05,0.5,tanh,adam,0.01,64,range,"(-0.7, 0.7)",30,0.10466477893863821,0.7058823529411765,321
[3],0.18999999999999997,0.004,0.0,0.15000000000000002,0.6000000000000001,tanh,adam,0.04,16,xavier,"(-0.5, 0.5)",35,0.07040356384276228,0.8529411764705882,322
[6],0.049999999999999996,0.014,0.006,0.25,0.2,sigmoid,sgd,0.03,16,gaussian,"(-0.1, 0.1)",30,0.11049849430829255,0.7058823529411765,323
[5],0.06999999999999999,0.008,0.0,0.2,0.30000000000000004,tanh,adam,0.03,8,xavier,"(-0.1, 0.1)",35,0.07540442463398973,0.9411764705882353,324
[3],0.03,0.014,0.006,0.0,0.0,tanh,sgd,0.04,32,he,"(-0.1, 0.1)",20,0.12283468041973869,0.6470588235294118,325
[6],0.18999999999999997,0.008,0.004,0.15000000000000002,0.30000000000000004,tanh,sgd,0.02,8,he,"(-0.7, 0.7)",20,0.09383985714593693,0.7352941176470589,326
[3],0.01,0.006,0.002,0.05,0.1,tanh,adam,0.03,8,glorot,"(-0.5, 0.5)",35,0.12046843368879263,0.5882352941176471,327
[6],0.08999999999999998,0.014,0.006,0.25,0.2,sigmoid,sgd,0.0,8,he,"(-0.1, 0.1)",35,0.11375875512496575,0.7058823529411765,328
[4],0.16999999999999998,0.008,0.002,0.25,0.7000000000000001,sigmoid,adam,0.0,8,range,"(-0.5, 0.5)",30,0.0750678542509558,1.0,329
[6],0.18999999999999997,0.01,0.002,0.05,0.4,sigmoid,sgd,0.02,16,range,"(-0.1, 0.1)",35,0.11247741563613833,0.7058823529411765,330
[4],0.049999999999999996,0.008,0.002,0.1,0.7000000000000001,tanh,adam,0.01,64,glorot,"(-0.5, 0.5)",30,0.0640188807638763,0.9411764705882353,331
[6],0.10999999999999997,0.0,0.002,0.0,0.8,tanh,sgd,0.0,8,he,"(-0.7, 0.7)",30,0.05086454303710136,0.9117647058823529,332
[6],0.01,0.006,0.006,0.05,0.8,sigmoid,adam,0.04,64,range,"(-0.7, 0.7)",30,0.12160288143866112,0.6470588235294118,333
[4],0.01,0.008,0.006,0.1,0.8,sigmoid,adam,0.04,32,glorot,"(-0.5, 0.5)",20,0.11302665855223838,0.7058823529411765,334
[6],0.18999999999999997,0.006,0.008,0.05,0.8,tanh,sgd,0.01,8,xavier,"(-0.5, 0.5)",30,0.03206025531416962,1.0,335
[6],0.03,0.012,0.006,0.2,0.4,tanh,adam,0.03,8,range,"(-0.7, 0.7)",35,0.08247799177187949,0.8823529411764706,336
[6],0.06999999999999999,0.012,0.0,0.05,0.5,tanh,adam,0.04,16,gaussian,"(-0.1, 0.1)",35,0.045669287710370564,1.0,337
[5],0.15,0.004,0.002,0.25,0.5,sigmoid,sgd,0.04,32,glorot,"(-0.1, 0.1)",30,0.10946093135308668,0.7058823529411765,338
[6],0.18999999999999997,0.012,0.002,0.15000000000000002,0.30000000000000004,tanh,adam,0.02,64,glorot,"(-0.7, 0.7)",20,0.12300188461413612,0.6764705882352942,339
[6],0.16999999999999998,0.004,0.002,0.0,0.0,sigmoid,sgd,0.0,8,he,"(-0.1, 0.1)",35,0.11268919470585535,0.7058823529411765,340
[6],0.12999999999999998,0.018000000000000002,0.0,0.15000000000000002,0.2,tanh,sgd,0.02,64,he,"(-0.7, 0.7)",30,0.1254338929972714,0.5882352941176471,341
[3],0.08999999999999998,0.018000000000000002,0.0,0.2,0.6000000000000001,tanh,sgd,0.0,8,gaussian,"(-0.7, 0.7)",30,0.11268201764851171,0.7058823529411765,342
[5],0.16999999999999998,0.014,0.002,0.1,0.2,sigmoid,adam,0.02,64,glorot,"(-0.5, 0.5)",35,0.13688155349906558,0.9411764705882353,343
[4],0.18999999999999997,0.008,0.008,0.05,0.0,tanh,sgd,0.03,8,range,"(-0.5, 0.5)",20,0.09586168137820983,0.7647058823529411,344
[5],0.03,0.004,0.002,0.1,0.30000000000000004,sigmoid,adam,0.01,64,glorot,"(-0.5, 0.5)",35,0.1089825458168286,0.4411764705882353,345
[6],0.15,0.014,0.006,0.05,0.4,sigmoid,adam,0.02,64,he,"(-0.1, 0.1)",20,0.11258012622267259,0.7058823529411765,346
[3],0.01,0.008,0.008,0.15000000000000002,0.1,tanh,sgd,0.03,64,gaussian,"(-0.7, 0.7)",35,0.16351030381953324,0.7058823529411765,347
[4],0.16999999999999998,0.0,0.006,0.0,0.0,tanh,adam,0.03,64,glorot,"(-0.7, 0.7)",30,0.045821527420726114,0.9117647058823529,348
[5],0.15,0.004,0.0,0.15000000000000002,0.1,sigmoid,adam,0.01,32,glorot,"(-0.5, 0.5)",35,0.0877416866076035,0.9411764705882353,349
[4],0.01,0.006,0.002,0.1,0.30000000000000004,tanh,adam,0.01,32,he,"(-0.7, 0.7)",30,0.10990144150450148,0.5588235294117647,350
[6],0.15,0.006,0.004,0.25,0.0,tanh,sgd,0.0,64,xavier,"(-0.7, 0.7)",35,0.12219815498593622,0.6176470588235294,351
[4],0.18999999999999997,0.008,0.006,0.15000000000000002,0.4,tanh,sgd,0.01,64,gaussian,"(-0.5, 0.5)",35,0.11845792703569949,0.7058823529411765,352
[4],0.12999999999999998,0.006,0.0,0.2,0.6000000000000001,sigmoid,adam,0.02,64,he,"(-0.5, 0.5)",20,0.08761108268664994,0.9117647058823529,353
[3],0.18999999999999997,0.01,0.0,0.25,0.5,tanh,adam,0.01,8,gaussian,"(-0.7, 0.7)",30,0.042904887229944656,1.0,354
[4],0.12999999999999998,0.004,0.0,0.0,0.5,sigmoid,adam,0.02,8,glorot,"(-0.7, 0.7)",30,0.05043337478798676,0.9705882352941176,355
[3],0.08999999999999998,0.016,0.0,0.0,0.30000000000000004,tanh,sgd,0.03,16,range,"(-0.5, 0.5)",30,0.11612569741741433,0.7058823529411765,356
[4],0.15,0.004,0.008,0.1,0.8,tanh,adam,0.03,64,gaussian,"(-0.5, 0.5)",30,0.05892805335852865,0.9117647058823529,357
[5],0.16999999999999998,0.018000000000000002,0.008,0.25,0.0,tanh,sgd,0.01,64,range,"(-0.7, 0.7)",20,0.12200667020981168,0.5882352941176471,358
[5],0.08999999999999998,0.016,0.002,0.15000000000000002,0.0,sigmoid,sgd,0.04,16,xavier,"(-0.7, 0.7)",20,0.11054037752398543,0.7058823529411765,359
[4],0.049999999999999996,0.012,0.008,0.2,0.30000000000000004,tanh,adam,0.03,8,xavier,"(-0.1, 0.1)",20,0.05566680390462807,0.9411764705882353,360
[6],0.16999999999999998,0.016,0.004,0.0,0.5,tanh,adam,0.0,16,range,"(-0.1, 0.1)",35,0.21239795203762946,0.7058823529411765,361
[5],0.049999999999999996,0.01,0.0,0.25,0.5,tanh,sgd,0.03,64,he,"(-0.5, 0.5)",35,0.11613160110703731,0.6764705882352942,362
[4],0.049999999999999996,0.006,0.004,0.1,0.2,tanh,adam,0.0,64,xavier,"(-0.1, 0.1)",35,0.08414846702151989,0.7647058823529411,363
[4],0.049999999999999996,0.016,0.002,0.2,0.30000000000000004,sigmoid,adam,0.01,64,range,"(-0.7, 0.7)",30,0.12877824124638093,0.6470588235294118,364
[3],0.10999999999999997,0.006,0.004,0.2,0.6000000000000001,tanh,adam,0.01,64,range,"(-0.7, 0.7)",30,0.10644407816010158,0.7058823529411765,365
[6],0.08999999999999998,0.012,0.004,0.25,0.5,tanh,sgd,0.03,16,range,"(-0.1, 0.1)",20,0.11195623685017068,0.7058823529411765,366
[3],0.03,0.016,0.004,0.25,0.0,sigmoid,adam,0.02,64,he,"(-0.5, 0.5)",20,0.11613451139929654,0.7058823529411765,367
[5],0.16999999999999998,0.002,0.0,0.1,0.8,sigmoid,sgd,0.0,64,glorot,"(-0.7, 0.7)",30,0.10858035213813638,0.7058823529411765,368
[5],0.08999999999999998,0.014,0.006,0.0,0.30000000000000004,tanh,adam,0.03,16,glorot,"(-0.7, 0.7)",30,0.05086020778213659,1.0,369
[6],0.10999999999999997,0.006,0.002,0.05,0.4,tanh,adam,0.02,64,xavier,"(-0.1, 0.1)",30,0.04669711756959272,0.9117647058823529,370
[4],0.049999999999999996,0.012,0.002,0.2,0.1,sigmoid,adam,0.0,16,xavier,"(-0.5, 0.5)",30,0.11282375662384364,0.7058823529411765,371
[4],0.16999999999999998,0.014,0.002,0.1,0.5,sigmoid,adam,0.01,8,range,"(-0.5, 0.5)",20,0.10001126319742525,1.0,372
[5],0.01,0.008,0.006,0.05,0.6000000000000001,sigmoid,adam,0.04,64,xavier,"(-0.7, 0.7)",20,0.11105511893192757,0.7058823529411765,373
[5],0.10999999999999997,0.018000000000000002,0.006,0.15000000000000002,0.30000000000000004,tanh,adam,0.0,32,range,"(-0.1, 0.1)",35,0.10281500604876505,0.7058823529411765,374
[3],0.15,0.008,0.006,0.25,0.30000000000000004,tanh,adam,0.02,16,range,"(-0.5, 0.5)",35,0.10626006708277226,0.7647058823529411,375
[5],0.16999999999999998,0.014,0.004,0.2,0.5,tanh,adam,0.0,16,gaussian,"(-0.7, 0.7)",35,0.10063791538714584,0.9117647058823529,376
[5],0.08999999999999998,0.008,0.008,0.15000000000000002,0.1,tanh,sgd,0.04,32,xavier,"(-0.5, 0.5)",30,0.11744692722044543,0.7352941176470589,377
[5],0.15,0.014,0.006,0.1,0.30000000000000004,tanh,sgd,0.0,16,xavier,"(-0.7, 0.7)",30,0.10274838273523984,0.6764705882352942,378
[6],0.15,0.01,0.006,0.0,0.1,tanh,adam,0.02,64,range,"(-0.7, 0.7)",35,0.06509514929281715,0.9117647058823529,379
[4],0.049999999999999996,0.004,0.008,0.0,0.0,sigmoid,adam,0.04,8,he,"(-0.5, 0.5)",30,0.042654151276007066,1.0,380
[3],0.15,0.006,0.006,0.1,0.8,tanh,adam,0.0,32,range,"(-0.1, 0.1)",35,0.09281887760750404,0.8235294117647058,381
[4],0.08999999999999998,0.008,0.002,0.1,0.6000000000000001,sigmoid,adam,0.0,16,xavier,"(-0.7, 0.7)",20,0.08359140017396982,0.8823529411764706,382
[4],0.01,0.012,0.004,0.05,0.30000000000000004,tanh,sgd,0.02,64,he,"(-0.7, 0.7)",35,0.1313784034753668,0.5588235294117647,383
[3],0.18999999999999997,0.012,0.002,0.2,0.2,sigmoid,adam,0.0,64,range,"(-0.5, 0.5)",35,0.10740324539818176,0.7058823529411765,384
[5],0.15,0.016,0.008,0.05,0.7000000000000001,sigmoid,adam,0.03,16,gaussian,"(-0.7, 0.7)",30,0.12172793670399275,1.0,385
[6],0.06999999999999999,0.018000000000000002,0.008,0.25,0.30000000000000004,tanh,adam,0.03,8,range,"(-0.5, 0.5)",35,0.07509432004279243,0.9117647058823529,386
[6],0.16999999999999998,0.01,0.004,0.0,0.0,tanh,adam,0.02,8,glorot,"(-0.7, 0.7)",20,0.02940532564226111,1.0,387
[6],0.049999999999999996,0.018000000000000002,0.0,0.25,0.1,sigmoid,adam,0.04,16,xavier,"(-0.7, 0.7)",20,0.11114314055231331,0.7058823529411765,388
[6],0.10999999999999997,0.004,0.006,0.2,0.2,tanh,adam,0.03,16,gaussian,"(-0.5, 0.5)",35,0.05593840221295312,0.9411764705882353,389
[5],0.03,0.01,0.006,0.15000000000000002,0.1,sigmoid,adam,0.03,32,xavier,"(-0.7, 0.7)",35,0.11133521134734092,0.7058823529411765,390
[6],0.049999999999999996,0.008,0.004,0.2,0.1,tanh,sgd,0.04,32,gaussian,"(-0.5, 0.5)",30,0.11698380225145491,0.7058823529411765,391
[5],0.06999999999999999,0.016,0.0,0.1,0.30000000000000004,tanh,adam,0.04,64,xavier,"(-0.5, 0.5)",35,0.08798437368578557,0.8529411764705882,392
[4],0.18999999999999997,0.01,0.0,0.15000000000000002,0.0,tanh,sgd,0.01,8,glorot,"(-0.7, 0.7)",30,0.08955232841552178,0.7058823529411765,393
[6],0.049999999999999996,0.002,0.002,0.2,0.1,tanh,adam,0.04,16,range,"(-0.5, 0.5)",20,0.0665517206768559,0.7647058823529411,394
[4],0.15,0.016,0.004,0.05,0.7000000000000001,sigmoid,sgd,0.02,16,he,"(-0.1, 0.1)",20,0.11732309535989795,0.7058823529411765,395
[6],0.03,0.014,0.002,0.0,0.6000000000000001,sigmoid,sgd,0.04,32,range,"(-0.1, 0.1)",20,0.10951456347282182,0.7058823529411765,396
[6],0.16999999999999998,0.008,0.008,0.05,0.6000000000000001,sigmoid,adam,0.03,16,xavier,"(-0.7, 0.7)",30,0.08862131552933344,1.0,397
[6],0.10999999999999997,0.012,0.0,0.15000000000000002,0.7000000000000001,tanh,adam,0.02,32,glorot,"(-0.1, 0.1)",35,0.0863645307769898,0.9411764705882353,398
[5],0.08999999999999998,0.002,0.0,0.1,0.7000000000000001,tanh,sgd,0.02,8,he,"(-0.1, 0.1)",20,0.050244203883358304,0.9117647058823529,399
[5],0.16999999999999998,0.018000000000000002,0.008,0.2,0.1,sigmoid,adam,0.02,64,xavier,"(-0.1, 0.1)",30,0.11721919859951467,0.7058823529411765,400
[6],0.16999999999999998,0.008,0.004,0.15000000000000002,0.2,sigmoid,sgd,0.01,32,gaussian,"(-0.1, 0.1)",30,0.10833292354986196,0.7058823529411765,401
[3],0.10999999999999997,0.0,0.006,0.25,0.4,sigmoid,sgd,0.03,64,gaussian,"(-0.7, 0.7)",35,0.11340040910202444,0.7058823529411765,402
[3],0.12999999999999998,0.002,0.0,0.1,0.5,tanh,adam,0.0,16,he,"(-0.1, 0.1)",35,0.06321368968884894,0.8529411764705882,403
[5],0.15,0.01,0.0,0.0,0.0,tanh,adam,0.04,32,gaussian,"(-0.7, 0.7)",35,0.0527588045806982,0.9411764705882353,404
[4],0.049999999999999996,0.014,0.0,0.15000000000000002,0.0,tanh,adam,0.04,32,range,"(-0.1, 0.1)",30,0.10170449502782822,0.7941176470588235,405
[6],0.10999999999999997,0.016,0.0,0.25,0.30000000000000004,tanh,sgd,0.04,16,glorot,"(-0.5, 0.5)",30,0.11814660110720906,0.7058823529411765,406
[4],0.049999999999999996,0.008,0.004,0.1,0.8,sigmoid,adam,0.0,16,xavier,"(-0.5, 0.5)",20,0.11505937418242283,0.47058823529411764,407
[5],0.049999999999999996,0.008,0.004,0.25,0.6000000000000001,tanh,sgd,0.04,8,gaussian,"(-0.7, 0.7)",20,0.11769678965439279,0.7058823529411765,408
[5],0.10999999999999997,0.006,0.008,0.25,0.8,sigmoid,adam,0.04,64,glorot,"(-0.7, 0.7)",20,0.11620700639635559,0.4117647058823529,409
[5],0.03,0.008,0.0,0.25,0.6000000000000001,sigmoid,adam,0.0,64,xavier,"(-0.1, 0.1)",30,0.10791055406836318,0.7058823529411765,410
[3],0.18999999999999997,0.016,0.0,0.15000000000000002,0.6000000000000001,sigmoid,sgd,0.0,16,range,"(-0.5, 0.5)",30,0.11041223800142785,0.7058823529411765,411
[3],0.049999999999999996,0.016,0.0,0.1,0.0,sigmoid,adam,0.02,32,he,"(-0.5, 0.5)",30,0.11222693488111334,0.7058823529411765,412
[4],0.10999999999999997,0.014,0.002,0.0,0.2,tanh,sgd,0.03,8,xavier,"(-0.5, 0.5)",30,0.10099312182379912,0.7058823529411765,413
[6],0.12999999999999998,0.004,0.002,0.2,0.5,tanh,adam,0.03,32,he,"(-0.1, 0.1)",35,0.05181658850147494,0.8823529411764706,414
[3],0.18999999999999997,0.016,0.008,0.15000000000000002,0.1,tanh,sgd,0.01,8,he,"(-0.5, 0.5)",20,0.10034513521965067,0.7647058823529411,415
[6],0.01,0.008,0.002,0.15000000000000002,0.1,tanh,adam,0.03,8,glorot,"(-0.5, 0.5)",20,0.11930071311717513,0.6764705882352942,416
[5],0.08999999999999998,0.002,0.004,0.05,0.6000000000000001,tanh,adam,0.02,16,range,"(-0.5, 0.5)",35,0.0184180970777494,1.0,417
[5],0.10999999999999997,0.008,0.0,0.25,0.1,sigmoid,adam,0.04,8,he,"(-0.7, 0.7)",35,0.08009467847818112,1.0,418
[6],0.12999999999999998,0.004,0.0,0.2,0.30000000000000004,sigmoid,adam,0.01,64,he,"(-0.7, 0.7)",20,0.05906725313289995,0.9705882352941176,419
[5],0.049999999999999996,0.014,0.006,0.0,0.7000000000000001,tanh,sgd,0.02,64,he,"(-0.5, 0.5)",20,0.12570167375200175,0.5882352941176471,420
[4],0.12999999999999998,0.002,0.002,0.1,0.30000000000000004,tanh,sgd,0.02,32,he,"(-0.5, 0.5)",20,0.10666989708565065,0.4411764705882353,421
[4],0.049999999999999996,0.012,0.002,0.0,0.30000000000000004,tanh,sgd,0.02,32,gaussian,"(-0.1, 0.1)",35,0.110208257276085,0.7058823529411765,422
[5],0.08999999999999998,0.004,0.004,0.05,0.7000000000000001,tanh,sgd,0.02,64,range,"(-0.7, 0.7)",35,0.1267877288312878,0.6176470588235294,423
[3],0.16999999999999998,0.008,0.008,0.05,0.0,tanh,sgd,0.03,8,xavier,"(-0.5, 0.5)",20,0.11628998810077745,0.7058823529411765,424
[4],0.08999999999999998,0.0,0.002,0.25,0.30000000000000004,tanh,sgd,0.01,16,glorot,"(-0.5, 0.5)",20,0.10610401969907603,0.6764705882352942,425
[6],0.06999999999999999,0.006,0.002,0.15000000000000002,0.2,tanh,adam,0.03,64,he,"(-0.5, 0.5)",35,0.06876342134826346,0.8235294117647058,426
[5],0.16999999999999998,0.016,0.0,0.2,0.4,tanh,adam,0.03,32,range,"(-0.7, 0.7)",20,0.11178798112184239,0.7058823529411765,427
[5],0.08999999999999998,0.018000000000000002,0.008,0.05,0.1,sigmoid,adam,0.03,32,glorot,"(-0.1, 0.1)",35,0.12735978269273124,0.9411764705882353,428
[6],0.12999999999999998,0.016,0.004,0.25,0.0,tanh,sgd,0.03,64,glorot,"(-0.7, 0.7)",35,0.12284270167768474,0.6470588235294118,429
[4],0.049999999999999996,0.0,0.002,0.0,0.6000000000000001,sigmoid,sgd,0.0,64,glorot,"(-0.7, 0.7)",20,0.10986572815201213,0.7058823529411765,430
[5],0.06999999999999999,0.008,0.0,0.05,0.8,sigmoid,sgd,0.01,8,he,"(-0.7, 0.7)",35,0.11032538769072374,0.7058823529411765,431
[3],0.16999999999999998,0.0,0.0,0.15000000000000002,0.6000000000000001,tanh,sgd,0.01,16,glorot,"(-0.1, 0.1)",35,0.08047452814371253,0.7941176470588235,432
[3],0.03,0.018000000000000002,0.002,0.2,0.8,tanh,sgd,0.0,8,he,"(-0.5, 0.5)",35,0.10136788917669962,0.7058823529411765,433
[4],0.18999999999999997,0.014,0.008,0.0,0.5,tanh,sgd,0.02,8,he,"(-0.7, 0.7)",20,0.05098826164305477,0.9411764705882353,434
[3],0.12999999999999998,0.012,0.0,0.2,0.6000000000000001,sigmoid,sgd,0.03,32,gaussian,"(-0.5, 0.5)",30,0.1130895241102996,0.7058823529411765,435
[3],0.049999999999999996,0.012,0.002,0.05,0.4,tanh,sgd,0.01,32,gaussian,"(-0.7, 0.7)",35,0.11737398114904131,0.7058823529411765,436
[4],0.12999999999999998,0.002,0.002,0.1,0.0,tanh,sgd,0.0,8,range,"(-0.5, 0.5)",20,0.08814423823521848,0.7058823529411765,437
[3],0.10999999999999997,0.014,0.008,0.2,0.7000000000000001,sigmoid,adam,0.01,8,gaussian,"(-0.7, 0.7)",35,0.11174829821926338,1.0,438
[6],0.10999999999999997,0.004,0.006,0.2,0.6000000000000001,tanh,adam,0.0,16,glorot,"(-0.7, 0.7)",20,0.055782205274154895,0.9705882352941176,439
[6],0.16999999999999998,0.004,0.0,0.1,0.0,tanh,sgd,0.03,16,gaussian,"(-0.7, 0.7)",35,0.1107050433590021,0.7058823529411765,440
[6],0.03,0.008,0.002,0.2,0.0,sigmoid,sgd,0.04,16,gaussian,"(-0.1, 0.1)",30,0.11041603014514634,0.7058823529411765,441
[6],0.049999999999999996,0.012,0.0,0.15000000000000002,0.0,sigmoid,adam,0.03,32,range,"(-0.5, 0.5)",35,0.1077497423016764,0.7058823529411765,442
[6],0.18999999999999997,0.016,0.008,0.2,0.2,sigmoid,sgd,0.01,64,xavier,"(-0.7, 0.7)",20,0.11159437462358394,0.7058823529411765,443
[5],0.049999999999999996,0.004,0.008,0.05,0.2,sigmoid,adam,0.01,32,he,"(-0.1, 0.1)",20,0.05950911892420559,0.9705882352941176,444
[5],0.18999999999999997,0.006,0.008,0.25,0.4,tanh,adam,0.02,16,gaussian,"(-0.7, 0.7)",35,0.0716163778419083,0.9705882352941176,445
[6],0.08999999999999998,0.01,0.008,0.1,0.7000000000000001,sigmoid,sgd,0.03,16,he,"(-0.5, 0.5)",20,0.11545069849915891,0.7058823529411765,446
[6],0.12999999999999998,0.018000000000000002,0.008,0.05,0.7000000000000001,tanh,adam,0.02,8,he,"(-0.5, 0.5)",35,0.056015801052504484,1.0,447
[4],0.16999999999999998,0.014,0.004,0.0,0.0,tanh,adam,0.0,8,xavier,"(-0.1, 0.1)",30,0.16249651187491657,0.7058823529411765,448
[4],0.03,0.002,0.002,0.1,0.8,sigmoid,adam,0.01,16,xavier,"(-0.1, 0.1)",30,0.08834490947447923,0.7647058823529411,449
[6],0.18999999999999997,0.012,0.004,0.0,0.1,sigmoid,sgd,0.02,64,gaussian,"(-0.1, 0.1)",35,0.11228405876698334,0.7058823529411765,450
[4],0.06999999999999999,0.01,0.002,0.0,0.6000000000000001,sigmoid,sgd,0.03,8,range,"(-0.1, 0.1)",20,0.10915475817739857,0.7058823529411765,451
[6],0.08999999999999998,0.004,0.006,0.15000000000000002,0.30000000000000004,sigmoid,sgd,0.03,8,he,"(-0.1, 0.1)",35,0.11276404888680187,0.7058823529411765,452
[4],0.06999999999999999,0.002,0.0,0.0,0.7000000000000001,sigmoid,adam,0.0,32,he,"(-0.5, 0.5)",35,0.030547400269557587,0.9411764705882353,453
[5],0.01,0.01,0.0,0.2,0.5,sigmoid,sgd,0.04,8,gaussian,"(-0.5, 0.5)",30,0.118955963871776,0.7058823529411765,454
[6],0.06999999999999999,0.01,0.002,0.15000000000000002,0.30000000000000004,tanh,adam,0.0,64,glorot,"(-0.1, 0.1)",30,0.05364310579329204,0.9705882352941176,455
[4],0.08999999999999998,0.002,0.002,0.25,0.0,sigmoid,sgd,0.04,64,glorot,"(-0.1, 0.1)",20,0.1104257440811887,0.7058823529411765,456
[6],0.12999999999999998,0.01,0.006,0.0,0.2,tanh,sgd,0.01,32,glorot,"(-0.5, 0.5)",30,0.12452352803299697,0.6764705882352942,457
[5],0.03,0.008,0.008,0.0,0.5,tanh,sgd,0.03,32,xavier,"(-0.1, 0.1)",20,0.11752827110614011,0.7058823529411765,458
[6],0.18999999999999997,0.018000000000000002,0.006,0.25,0.5,sigmoid,adam,0.0,32,range,"(-0.5, 0.5)",35,0.1149782769861431,0.7058823529411765,459
[3],0.12999999999999998,0.016,0.002,0.0,0.7000000000000001,sigmoid,adam,0.0,8,gaussian,"(-0.5, 0.5)",20,0.08710269204362303,1.0,460
[5],0.03,0.004,0.004,0.25,0.8,tanh,adam,0.02,64,glorot,"(-0.1, 0.1)",20,0.09697210509170127,0.6764705882352942,461
[4],0.15,0.002,0.006,0.25,0.4,sigmoid,sgd,0.03,64,range,"(-0.5, 0.5)",30,0.11184847375638812,0.7058823529411765,462
[5],0.01,0.016,0.004,0.15000000000000002,0.0,sigmoid,adam,0.0,8,gaussian,"(-0.5, 0.5)",30,0.11508500888865968,0.7058823529411765,463
[3],0.15,0.0,0.006,0.0,0.30000000000000004,sigmoid,sgd,0.0,16,glorot,"(-0.1, 0.1)",35,0.12646480182226363,0.5882352941176471,464
[4],0.03,0.016,0.0,0.15000000000000002,0.2,sigmoid,sgd,0.02,64,range,"(-0.5, 0.5)",30,0.11257729988341568,0.7058823529411765,465
[6],0.08999999999999998,0.0,0.0,0.0,0.1,tanh,adam,0.01,64,gaussian,"(-0.7, 0.7)",30,0.005554710098421055,1.0,466
[4],0.08999999999999998,0.002,0.0,0.15000000000000002,0.4,sigmoid,adam,0.01,32,gaussian,"(-0.1, 0.1)",30,0.058546733664990656,1.0,467
[6],0.10999999999999997,0.008,0.006,0.15000000000000002,0.2,tanh,sgd,0.01,16,gaussian,"(-0.7, 0.7)",30,0.12277712727601266,0.7058823529411765,468
[5],0.049999999999999996,0.002,0.0,0.15000000000000002,0.8,tanh,adam,0.0,16,range,"(-0.7, 0.7)",30,0.042167819388851724,0.8823529411764706,469
[3],0.10999999999999997,0.018000000000000002,0.002,0.05,0.4,tanh,adam,0.02,16,gaussian,"(-0.5, 0.5)",30,0.09613437279303265,0.9117647058823529,470
[6],0.08999999999999998,0.01,0.002,0.05,0.1,tanh,adam,0.04,32,gaussian,"(-0.5, 0.5)",20,0.07263469379435229,0.8823529411764706,471
[5],0.08999999999999998,0.002,0.0,0.25,0.30000000000000004,tanh,sgd,0.01,32,glorot,"(-0.7, 0.7)",20,0.11540050575368274,0.5882352941176471,472
[3],0.01,0.014,0.008,0.2,0.0,tanh,adam,0.04,32,glorot,"(-0.7, 0.7)",30,0.12818207171718501,0.6176470588235294,473
[3],0.03,0.016,0.008,0.05,0.0,tanh,sgd,0.02,32,he,"(-0.5, 0.5)",30,0.12212182735025284,0.6470588235294118,474
[6],0.06999999999999999,0.006,0.004,0.25,0.30000000000000004,tanh,adam,0.01,64,range,"(-0.5, 0.5)",20,0.043152413091709335,0.9705882352941176,475
[3],0.12999999999999998,0.016,0.004,0.05,0.5,sigmoid,sgd,0.03,32,gaussian,"(-0.5, 0.5)",20,0.11639088898141355,0.7058823529411765,476
[4],0.15,0.0,0.0,0.25,0.1,tanh,adam,0.04,64,he,"(-0.7, 0.7)",20,0.06681372985549246,0.7941176470588235,477
[5],0.049999999999999996,0.018000000000000002,0.0,0.1,0.5,sigmoid,adam,0.03,16,range,"(-0.1, 0.1)",35,0.10959765279408065,0.7058823529411765,478
[5],0.15,0.004,0.006,0.15000000000000002,0.8,sigmoid,adam,0.01,16,he,"(-0.1, 0.1)",30,0.07370092348308352,0.9705882352941176,479
[3],0.03,0.018000000000000002,0.004,0.1,0.0,tanh,sgd,0.03,8,range,"(-0.7, 0.7)",35,0.12195807537632179,0.7058823529411765,480
[3],0.12999999999999998,0.016,0.002,0.0,0.1,sigmoid,sgd,0.03,32,range,"(-0.1, 0.1)",35,0.1111764247096669,0.7058823529411765,481
[4],0.049999999999999996,0.006,0.002,0.0,0.2,tanh,adam,0.03,64,xavier,"(-0.5, 0.5)",20,0.09352748607726283,0.7352941176470589,482
[4],0.16999999999999998,0.01,0.006,0.0,0.6000000000000001,sigmoid,adam,0.0,32,gaussian,"(-0.1, 0.1)",30,0.08469884518848314,1.0,483
[4],0.15,0.014,0.002,0.05,0.30000000000000004,tanh,adam,0.01,64,he,"(-0.1, 0.1)",20,0.09983861464541027,0.7941176470588235,484
[5],0.049999999999999996,0.0,0.008,0.1,0.2,sigmoid,adam,0.04,16,glorot,"(-0.5, 0.5)",20,0.07016174143993256,0.8235294117647058,485
[5],0.16999999999999998,0.014,0.0,0.2,0.4,sigmoid,adam,0.0,32,range,"(-0.1, 0.1)",35,0.14271402312900935,1.0,486
[5],0.06999999999999999,0.0,0.008,0.1,0.5,tanh,adam,0.04,16,glorot,"(-0.5, 0.5)",35,0.02388732951646503,1.0,487
[4],0.15,0.006,0.006,0.2,0.5,tanh,sgd,0.01,8,glorot,"(-0.7, 0.7)",20,0.04897236132737891,0.9411764705882353,488
[4],0.18999999999999997,0.004,0.0,0.05,0.5,sigmoid,sgd,0.0,16,xavier,"(-0.1, 0.1)",20,0.11045943583260456,0.7058823529411765,489
[3],0.15,0.01,0.002,0.1,0.0,sigmoid,adam,0.03,32,range,"(-0.5, 0.5)",35,0.11600147841823738,0.7058823529411765,490
[3],0.049999999999999996,0.006,0.002,0.25,0.2,sigmoid,sgd,0.01,8,range,"(-0.5, 0.5)",20,0.11164594028689358,0.7058823529411765,491
[5],0.15,0.0,0.008,0.1,0.30000000000000004,sigmoid,sgd,0.03,8,range,"(-0.5, 0.5)",35,0.11030718855215477,0.7058823529411765,492
[6],0.16999999999999998,0.006,0.006,0.2,0.2,sigmoid,sgd,0.0,64,range,"(-0.1, 0.1)",20,0.10843996451965099,0.7058823529411765,493
[6],0.01,0.016,0.0,0.2,0.30000000000000004,tanh,sgd,0.02,8,range,"(-0.1, 0.1)",20,0.11229975438348785,0.7058823529411765,494
[6],0.16999999999999998,0.008,0.004,0.25,0.8,sigmoid,sgd,0.01,64,he,"(-0.7, 0.7)",30,0.11046621900964276,0.7058823529411765,495
[4],0.16999999999999998,0.002,0.0,0.05,0.30000000000000004,tanh,sgd,0.02,32,glorot,"(-0.1, 0.1)",30,0.10584107282790653,0.6470588235294118,496
[5],0.10999999999999997,0.008,0.0,0.15000000000000002,0.7000000000000001,sigmoid,sgd,0.02,16,he,"(-0.5, 0.5)",35,0.10999887030354107,0.7058823529411765,497
[4],0.06999999999999999,0.008,0.008,0.25,0.1,sigmoid,sgd,0.04,16,range,"(-0.7, 0.7)",35,0.11566814001844115,0.7058823529411765,498
[4],0.16999999999999998,0.01,0.0,0.05,0.8,tanh,adam,0.03,16,he,"(-0.7, 0.7)",30,0.0975181272285641,0.7058823529411765,499
[5],0.06999999999999999,0.014,0.0,0.1,0.6000000000000001,tanh,sgd,0.02,16,xavier,"(-0.7, 0.7)",20,0.11206714784249312,0.7058823529411765,500
[6],0.01,0.012,0.006,0.15000000000000002,0.7000000000000001,sigmoid,adam,0.01,16,gaussian,"(-0.1, 0.1)",35,0.11101470796044052,0.7058823529411765,501
[3],0.12999999999999998,0.002,0.0,0.2,0.5,tanh,sgd,0.0,16,glorot,"(-0.1, 0.1)",35,0.0969224436364188,0.5,502
[3],0.06999999999999999,0.008,0.0,0.05,0.7000000000000001,tanh,sgd,0.03,8,xavier,"(-0.5, 0.5)",35,0.09369879856065809,0.7941176470588235,503
[4],0.01,0.012,0.0,0.2,0.2,sigmoid,sgd,0.02,32,range,"(-0.1, 0.1)",20,0.11439957374552802,0.7058823529411765,504
[6],0.049999999999999996,0.002,0.006,0.05,0.4,tanh,adam,0.01,32,glorot,"(-0.7, 0.7)",30,0.024572227904305414,1.0,505
[6],0.06999999999999999,0.004,0.004,0.1,0.0,tanh,adam,0.01,8,he,"(-0.7, 0.7)",20,0.02964524410196587,1.0,506
[6],0.15,0.018000000000000002,0.0,0.05,0.0,tanh,sgd,0.0,32,glorot,"(-0.7, 0.7)",35,0.11998050310078232,0.6764705882352942,507
[3],0.06999999999999999,0.01,0.004,0.0,0.8,sigmoid,adam,0.04,32,he,"(-0.5, 0.5)",30,0.12236303093252282,0.6470588235294118,508
[5],0.15,0.016,0.0,0.25,0.7000000000000001,tanh,adam,0.01,8,he,"(-0.5, 0.5)",20,0.05795180659421124,1.0,509
[5],0.03,0.01,0.004,0.15000000000000002,0.7000000000000001,tanh,sgd,0.04,16,gaussian,"(-0.1, 0.1)",35,0.11680908926468365,0.7058823529411765,510
[6],0.15,0.01,0.008,0.25,0.30000000000000004,sigmoid,sgd,0.0,16,he,"(-0.7, 0.7)",20,0.11361667056696136,0.7058823529411765,511
[5],0.01,0.01,0.008,0.0,0.6000000000000001,tanh,sgd,0.04,8,he,"(-0.5, 0.5)",30,0.1195826642082005,0.6764705882352942,512
[5],0.08999999999999998,0.016,0.004,0.0,0.0,sigmoid,sgd,0.02,8,gaussian,"(-0.5, 0.5)",35,0.11963610303361966,0.7058823529411765,513
[6],0.08999999999999998,0.01,0.004,0.2,0.7000000000000001,tanh,sgd,0.02,64,he,"(-0.1, 0.1)",30,0.12318469617277458,0.6470588235294118,514
[6],0.01,0.008,0.008,0.2,0.2,tanh,adam,0.03,16,he,"(-0.5, 0.5)",30,0.11394651265982127,0.6470588235294118,515
[3],0.03,0.006,0.008,0.0,0.7000000000000001,tanh,sgd,0.0,8,xavier,"(-0.7, 0.7)",20,0.1188300927049666,0.6470588235294118,516
[6],0.10999999999999997,0.004,0.004,0.0,0.8,sigmoid,adam,0.04,32,range,"(-0.1, 0.1)",30,0.04747611250259244,1.0,517
[4],0.03,0.01,0.0,0.15000000000000002,0.1,tanh,adam,0.0,64,he,"(-0.5, 0.5)",30,0.10429530828835837,0.6470588235294118,518
[6],0.06999999999999999,0.002,0.0,0.25,0.30000000000000004,sigmoid,sgd,0.0,64,glorot,"(-0.5, 0.5)",20,0.11331755610149521,0.7058823529411765,519
[4],0.10999999999999997,0.008,0.006,0.0,0.6000000000000001,tanh,adam,0.02,64,range,"(-0.5, 0.5)",30,0.10925323529588735,0.6764705882352942,520
[5],0.16999999999999998,0.018000000000000002,0.002,0.1,0.4,sigmoid,sgd,0.01,8,gaussian,"(-0.1, 0.1)",30,0.10737067536445442,0.7058823529411765,521
[4],0.08999999999999998,0.008,0.006,0.25,0.2,tanh,adam,0.04,8,he,"(-0.5, 0.5)",35,0.07598445627822796,0.9117647058823529,522
[5],0.01,0.0,0.008,0.25,0.4,tanh,adam,0.04,32,glorot,"(-0.1, 0.1)",35,0.11618975551559885,0.6470588235294118,523
[4],0.08999999999999998,0.016,0.008,0.15000000000000002,0.8,sigmoid,adam,0.01,64,glorot,"(-0.7, 0.7)",35,0.12191181376045947,0.6470588235294118,524
[6],0.12999999999999998,0.008,0.008,0.15000000000000002,0.30000000000000004,tanh,sgd,0.02,16,he,"(-0.1, 0.1)",30,0.11394320797454213,0.6470588235294118,525
[3],0.18999999999999997,0.002,0.008,0.15000000000000002,0.1,tanh,sgd,0.04,64,he,"(-0.5, 0.5)",30,0.1185253497981981,0.6764705882352942,526
[6],0.12999999999999998,0.012,0.006,0.0,0.1,sigmoid,sgd,0.02,16,glorot,"(-0.5, 0.5)",20,0.11951023700693622,0.7058823529411765,527
[5],0.18999999999999997,0.018000000000000002,0.002,0.0,0.7000000000000001,tanh,adam,0.0,32,glorot,"(-0.5, 0.5)",30,0.05323337995139061,1.0,528
[3],0.01,0.01,0.006,0.25,0.30000000000000004,tanh,adam,0.0,32,he,"(-0.5, 0.5)",30,0.10580829854855665,0.6470588235294118,529
[6],0.03,0.008,0.0,0.1,0.7000000000000001,tanh,sgd,0.01,32,gaussian,"(-0.7, 0.7)",20,0.11629244723369708,0.7058823529411765,530
[5],0.10999999999999997,0.008,0.004,0.2,0.4,sigmoid,adam,0.03,32,xavier,"(-0.5, 0.5)",30,0.09324076202356305,1.0,531
[4],0.15,0.008,0.004,0.25,0.8,tanh,adam,0.02,32,glorot,"(-0.5, 0.5)",35,0.10743026986397715,0.7647058823529411,532
[6],0.06999999999999999,0.006,0.004,0.25,0.4,sigmoid,sgd,0.02,8,range,"(-0.5, 0.5)",20,0.11226179310651718,0.7058823529411765,533
[3],0.15,0.004,0.006,0.25,0.7000000000000001,sigmoid,sgd,0.03,64,range,"(-0.5, 0.5)",35,0.11329783396651613,0.7058823529411765,534
[6],0.01,0.016,0.008,0.1,0.2,tanh,adam,0.0,16,glorot,"(-0.5, 0.5)",35,0.1174895604645787,0.7058823529411765,535
[3],0.049999999999999996,0.014,0.006,0.25,0.4,tanh,sgd,0.04,32,xavier,"(-0.7, 0.7)",30,0.11674890174178769,0.7058823529411765,536
[3],0.01,0.014,0.008,0.15000000000000002,0.1,tanh,adam,0.01,64,glorot,"(-0.5, 0.5)",35,0.12860092087509412,0.6176470588235294,537
[5],0.049999999999999996,0.008,0.006,0.0,0.6000000000000001,tanh,sgd,0.04,8,glorot,"(-0.1, 0.1)",35,0.1031895486171705,0.7352941176470589,538
[6],0.18999999999999997,0.01,0.0,0.25,0.7000000000000001,sigmoid,adam,0.04,16,he,"(-0.1, 0.1)",20,0.11650860238908996,0.7352941176470589,539
[6],0.18999999999999997,0.002,0.004,0.15000000000000002,0.7000000000000001,sigmoid,adam,0.04,16,xavier,"(-0.1, 0.1)",30,0.0510019564010061,1.0,540
[3],0.01,0.016,0.0,0.05,0.30000000000000004,tanh,sgd,0.01,16,glorot,"(-0.5, 0.5)",20,0.12229271438747621,0.6764705882352942,541
[4],0.12999999999999998,0.018000000000000002,0.002,0.1,0.4,sigmoid,sgd,0.0,64,range,"(-0.7, 0.7)",30,0.11482799433734697,0.7058823529411765,542
[3],0.03,0.004,0.008,0.1,0.6000000000000001,tanh,sgd,0.01,8,gaussian,"(-0.7, 0.7)",20,0.11556935148415104,0.7058823529411765,543
[6],0.18999999999999997,0.002,0.004,0.15000000000000002,0.5,tanh,sgd,0.0,16,gaussian,"(-0.1, 0.1)",20,0.06898929610236428,0.8235294117647058,544
[3],0.10999999999999997,0.018000000000000002,0.006,0.15000000000000002,0.6000000000000001,tanh,sgd,0.01,32,xavier,"(-0.7, 0.7)",35,0.12371285827065437,0.6470588235294118,545
[4],0.15,0.01,0.004,0.05,0.8,tanh,adam,0.01,64,glorot,"(-0.1, 0.1)",30,0.05211324497661018,0.9705882352941176,546
[5],0.01,0.006,0.0,0.25,0.2,tanh,adam,0.01,8,glorot,"(-0.7, 0.7)",20,0.07538143007105688,0.7941176470588235,547
[3],0.12999999999999998,0.004,0.004,0.0,0.5,tanh,sgd,0.01,64,glorot,"(-0.7, 0.7)",35,0.13733873146878792,0.5,548
[4],0.08999999999999998,0.008,0.008,0.05,0.7000000000000001,sigmoid,adam,0.04,64,glorot,"(-0.7, 0.7)",20,0.12273572350049561,0.7352941176470589,549
[5],0.18999999999999997,0.002,0.002,0.2,0.6000000000000001,tanh,sgd,0.04,64,glorot,"(-0.5, 0.5)",30,0.11087597007888353,0.6470588235294118,550
[6],0.18999999999999997,0.002,0.0,0.1,0.0,tanh,adam,0.01,64,range,"(-0.5, 0.5)",30,0.1050950819770598,0.6764705882352942,551
[4],0.08999999999999998,0.002,0.004,0.15000000000000002,0.30000000000000004,sigmoid,sgd,0.01,8,he,"(-0.1, 0.1)",30,0.11280743799849284,0.7058823529411765,552
[3],0.01,0.014,0.0,0.2,0.1,sigmoid,adam,0.01,16,glorot,"(-0.1, 0.1)",20,0.11599428815835405,0.7058823529411765,553
[6],0.10999999999999997,0.014,0.008,0.0,0.4,tanh,sgd,0.02,32,gaussian,"(-0.1, 0.1)",35,0.12648788078913117,0.6176470588235294,554
[4],0.10999999999999997,0.006,0.0,0.25,0.1,sigmoid,sgd,0.02,32,he,"(-0.5, 0.5)",30,0.11111148436213868,0.7058823529411765,555
[4],0.03,0.006,0.006,0.0,0.0,sigmoid,adam,0.02,16,gaussian,"(-0.5, 0.5)",30,0.05029037744779872,1.0,556
[6],0.01,0.014,0.002,0.0,0.2,sigmoid,adam,0.01,64,xavier,"(-0.1, 0.1)",35,0.12371749809260967,0.6176470588235294,557
[6],0.01,0.002,0.0,0.0,0.4,sigmoid,adam,0.01,8,range,"(-0.7, 0.7)",20,0.11412658126414035,0.7058823529411765,558
[4],0.08999999999999998,0.0,0.0,0.15000000000000002,0.1,sigmoid,adam,0.02,32,range,"(-0.5, 0.5)",30,0.01489812756719692,1.0,559
[3],0.049999999999999996,0.01,0.0,0.1,0.30000000000000004,tanh,sgd,0.02,64,gaussian,"(-0.1, 0.1)",35,0.10874251013399709,0.7058823529411765,560
[3],0.01,0.008,0.004,0.0,0.1,tanh,sgd,0.0,8,range,"(-0.5, 0.5)",35,0.11753447716696523,0.7058823529411765,561
[6],0.01,0.004,0.006,0.15000000000000002,0.30000000000000004,tanh,adam,0.03,64,glorot,"(-0.1, 0.1)",30,0.12161051968909208,0.6764705882352942,562
[5],0.16999999999999998,0.01,0.006,0.05,0.5,tanh,adam,0.0,32,xavier,"(-0.1, 0.1)",30,0.07887336145435553,1.0,563
[6],0.08999999999999998,0.0,0.006,0.2,0.4,tanh,sgd,0.03,32,he,"(-0.1, 0.1)",35,0.1281773874955071,0.6176470588235294,564
[4],0.15,0.014,0.0,0.0,0.4,sigmoid,adam,0.0,32,range,"(-0.1, 0.1)",20,0.11971696739833597,1.0,565
[6],0.10999999999999997,0.01,0.006,0.0,0.8,sigmoid,adam,0.03,64,he,"(-0.1, 0.1)",30,0.11220665785677505,0.7058823529411765,566
[5],0.08999999999999998,0.002,0.004,0.1,0.2,tanh,sgd,0.03,64,gaussian,"(-0.7, 0.7)",35,0.1148205250053407,0.7058823529411765,567
[3],0.10999999999999997,0.0,0.0,0.1,0.1,sigmoid,adam,0.04,64,xavier,"(-0.5, 0.5)",35,0.04593320609817237,0.9411764705882353,568
[5],0.18999999999999997,0.014,0.0,0.1,0.2,tanh,sgd,0.03,8,he,"(-0.1, 0.1)",20,0.09330566907684183,0.7352941176470589,569
[6],0.12999999999999998,0.016,0.0,0.15000000000000002,0.0,sigmoid,adam,0.04,8,he,"(-0.1, 0.1)",30,0.09183110159995647,0.9705882352941176,570
[5],0.18999999999999997,0.014,0.002,0.25,0.30000000000000004,tanh,adam,0.03,8,gaussian,"(-0.5, 0.5)",30,0.061049360797282376,1.0,571
[3],0.15,0.002,0.004,0.0,0.0,tanh,adam,0.0,8,glorot,"(-0.5, 0.5)",20,0.09275983123508469,0.6470588235294118,572
[3],0.01,0.014,0.006,0.2,0.4,sigmoid,adam,0.02,32,glorot,"(-0.5, 0.5)",20,0.11697779937799373,0.7352941176470589,573
[6],0.15,0.014,0.0,0.15000000000000002,0.6000000000000001,tanh,sgd,0.0,16,xavier,"(-0.7, 0.7)",20,0.09600036185785543,0.7647058823529411,574
[5],0.18999999999999997,0.002,0.004,0.05,0.0,sigmoid,sgd,0.02,16,glorot,"(-0.1, 0.1)",35,0.10948721781487794,0.7058823529411765,575
[5],0.18999999999999997,0.014,0.008,0.05,0.30000000000000004,tanh,adam,0.02,8,range,"(-0.7, 0.7)",35,0.06626562706254778,1.0,576
[3],0.049999999999999996,0.0,0.004,0.2,0.4,tanh,adam,0.03,8,gaussian,"(-0.1, 0.1)",35,0.08715731250520557,0.7352941176470589,577
[4],0.10999999999999997,0.012,0.002,0.0,0.8,sigmoid,adam,0.0,8,range,"(-0.7, 0.7)",20,0.06550312305583952,1.0,578
[4],0.10999999999999997,0.014,0.0,0.0,0.6000000000000001,sigmoid,sgd,0.03,16,glorot,"(-0.1, 0.1)",20,0.11278111938464476,0.7058823529411765,579
[5],0.10999999999999997,0.018000000000000002,0.004,0.2,0.1,tanh,sgd,0.03,64,glorot,"(-0.1, 0.1)",30,0.11924913194114174,0.6176470588235294,580
[6],0.049999999999999996,0.018000000000000002,0.006,0.1,0.8,tanh,sgd,0.03,8,xavier,"(-0.5, 0.5)",20,0.1088844195995892,0.7058823529411765,581
[6],0.16999999999999998,0.014,0.002,0.05,0.0,sigmoid,sgd,0.02,32,he,"(-0.1, 0.1)",35,0.11496750699913373,0.7058823529411765,582
[3],0.12999999999999998,0.018000000000000002,0.004,0.0,0.7000000000000001,tanh,sgd,0.04,64,gaussian,"(-0.7, 0.7)",20,0.12184783015218228,0.7058823529411765,583
[5],0.03,0.0,0.0,0.25,0.0,tanh,adam,0.02,32,range,"(-0.5, 0.5)",20,0.07530166240655183,0.7647058823529411,584
[4],0.01,0.0,0.004,0.15000000000000002,0.0,sigmoid,adam,0.03,8,range,"(-0.7, 0.7)",35,0.10767832456974374,0.5588235294117647,585
[6],0.01,0.012,0.004,0.2,0.30000000000000004,tanh,adam,0.04,8,he,"(-0.5, 0.5)",30,0.10722076506479757,0.6470588235294118,586
[3],0.10999999999999997,0.016,0.002,0.0,0.4,tanh,sgd,0.01,64,range,"(-0.7, 0.7)",20,0.11672301250939884,0.7058823529411765,587
[4],0.15,0.012,0.004,0.1,0.1,sigmoid,sgd,0.0,32,gaussian,"(-0.1, 0.1)",35,0.11143294498984883,0.7058823529411765,588
[5],0.15,0.01,0.004,0.15000000000000002,0.30000000000000004,sigmoid,adam,0.01,64,he,"(-0.1, 0.1)",30,0.11416098907692177,0.9411764705882353,589
[4],0.16999999999999998,0.004,0.008,0.1,0.0,tanh,sgd,0.02,32,xavier,"(-0.1, 0.1)",20,0.11686392868731467,0.7058823529411765,590
[5],0.049999999999999996,0.016,0.004,0.0,0.5,tanh,sgd,0.0,16,he,"(-0.1, 0.1)",30,0.11832890865839427,0.6470588235294118,591
[6],0.03,0.002,0.006,0.2,0.8,tanh,adam,0.0,32,gaussian,"(-0.1, 0.1)",35,0.10481229051532635,0.7352941176470589,592
[3],0.16999999999999998,0.008,0.0,0.2,0.0,tanh,sgd,0.02,8,xavier,"(-0.1, 0.1)",35,0.09866355519632682,0.5588235294117647,593
[3],0.15,0.008,0.0,0.1,0.5,sigmoid,adam,0.03,16,xavier,"(-0.1, 0.1)",30,0.07020739130974035,1.0,594
[6],0.18999999999999997,0.004,0.006,0.2,0.4,tanh,sgd,0.04,64,range,"(-0.1, 0.1)",20,0.11144010510350484,0.7058823529411765,595
[4],0.10999999999999997,0.004,0.002,0.2,0.0,tanh,sgd,0.02,64,xavier,"(-0.5, 0.5)",20,0.11657738120691936,0.7647058823529411,596
[6],0.03,0.004,0.004,0.0,0.30000000000000004,tanh,sgd,0.04,32,range,"(-0.1, 0.1)",20,0.11389309659913203,0.7058823529411765,597
[5],0.16999999999999998,0.002,0.008,0.05,0.6000000000000001,tanh,adam,0.01,64,he,"(-0.1, 0.1)",30,0.06424723586297312,0.9117647058823529,598
[5],0.06999999999999999,0.002,0.004,0.25,0.5,tanh,adam,0.03,8,he,"(-0.1, 0.1)",35,0.10310338405980861,0.6764705882352942,599
[5],0.03,0.008,0.006,0.25,0.30000000000000004,sigmoid,adam,0.04,64,glorot,"(-0.1, 0.1)",20,0.11216237206833424,0.7058823529411765,600
[3],0.049999999999999996,0.006,0.0,0.1,0.2,sigmoid,sgd,0.01,16,gaussian,"(-0.7, 0.7)",35,0.11387382068963472,0.7058823529411765,601
[6],0.01,0.004,0.004,0.0,0.2,tanh,sgd,0.02,8,gaussian,"(-0.5, 0.5)",20,0.11574416526031081,0.7058823529411765,602
[6],0.12999999999999998,0.012,0.008,0.1,0.7000000000000001,sigmoid,adam,0.01,64,gaussian,"(-0.7, 0.7)",20,0.09344002233037835,1.0,603
[6],0.10999999999999997,0.014,0.008,0.2,0.6000000000000001,tanh,sgd,0.03,8,he,"(-0.1, 0.1)",30,0.10659663186625458,0.7058823529411765,604
[4],0.16999999999999998,0.0,0.008,0.2,0.2,sigmoid,sgd,0.0,64,gaussian,"(-0.1, 0.1)",35,0.11248374265649298,0.7058823529411765,605
[4],0.08999999999999998,0.014,0.006,0.0,0.7000000000000001,tanh,sgd,0.04,64,xavier,"(-0.1, 0.1)",20,0.11667574603318014,0.7058823529411765,606
[6],0.06999999999999999,0.012,0.006,0.2,0.2,sigmoid,adam,0.04,64,gaussian,"(-0.1, 0.1)",30,0.11157100683776869,0.7058823529411765,607
[6],0.16999999999999998,0.016,0.0,0.05,0.7000000000000001,sigmoid,adam,0.01,32,xavier,"(-0.7, 0.7)",35,0.11589310556512329,0.7058823529411765,608
[5],0.12999999999999998,0.01,0.008,0.0,0.6000000000000001,sigmoid,adam,0.04,16,xavier,"(-0.7, 0.7)",30,0.08148511868456729,1.0,609
[3],0.18999999999999997,0.018000000000000002,0.006,0.2,0.7000000000000001,sigmoid,sgd,0.0,8,range,"(-0.1, 0.1)",35,0.10763338364582233,0.7058823529411765,610
[4],0.08999999999999998,0.016,0.0,0.2,0.8,tanh,adam,0.02,64,range,"(-0.7, 0.7)",20,0.10321404991266867,0.7352941176470589,611
[5],0.16999999999999998,0.006,0.002,0.1,0.6000000000000001,tanh,adam,0.03,16,glorot,"(-0.1, 0.1)",20,0.03800805071110141,1.0,612
[3],0.06999999999999999,0.002,0.008,0.25,0.0,tanh,adam,0.03,32,gaussian,"(-0.5, 0.5)",35,0.08279337659527336,0.8235294117647058,613
[6],0.08999999999999998,0.006,0.0,0.2,0.7000000000000001,sigmoid,sgd,0.03,16,he,"(-0.7, 0.7)",20,0.11070717570525992,0.7058823529411765,614
[6],0.03,0.004,0.006,0.25,0.8,tanh,sgd,0.02,8,he,"(-0.5, 0.5)",30,0.11040680044797911,0.5882352941176471,615
[3],0.06999999999999999,0.014,0.002,0.25,0.1,tanh,sgd,0.0,64,he,"(-0.5, 0.5)",20,0.11683912282374463,0.7058823529411765,616
[5],0.15,0.018000000000000002,0.008,0.1,0.4,sigmoid,sgd,0.0,64,range,"(-0.1, 0.1)",30,0.10903049646970614,0.7058823529411765,617
[4],0.01,0.01,0.008,0.15000000000000002,0.6000000000000001,tanh,sgd,0.0,32,gaussian,"(-0.5, 0.5)",35,0.11949446193303753,0.7058823529411765,618
[5],0.12999999999999998,0.008,0.0,0.0,0.5,tanh,adam,0.02,64,glorot,"(-0.1, 0.1)",20,0.0534855182486385,0.9117647058823529,619
[6],0.16999999999999998,0.01,0.006,0.1,0.2,tanh,adam,0.02,16,he,"(-0.5, 0.5)",35,0.05464620818913411,1.0,620
[6],0.12999999999999998,0.014,0.002,0.2,0.2,sigmoid,adam,0.01,16,glorot,"(-0.5, 0.5)",35,0.11281372618597836,0.7058823529411765,621
[5],0.01,0.012,0.0,0.0,0.5,tanh,sgd,0.01,16,glorot,"(-0.7, 0.7)",20,0.11605306161315027,0.6470588235294118,622
[6],0.16999999999999998,0.016,0.002,0.05,0.2,sigmoid,adam,0.01,16,he,"(-0.7, 0.7)",30,0.1161190229986899,0.7058823529411765,623
[6],0.16999999999999998,0.012,0.002,0.2,0.6000000000000001,tanh,sgd,0.0,16,he,"(-0.5, 0.5)",30,0.0995688113955543,0.7058823529411765,624
[6],0.08999999999999998,0.016,0.0,0.2,0.4,sigmoid,adam,0.0,32,range,"(-0.1, 0.1)",30,0.10746925307814947,0.7058823529411765,625
[4],0.15,0.006,0.004,0.0,0.6000000000000001,sigmoid,sgd,0.0,16,glorot,"(-0.5, 0.5)",30,0.11314542265034229,0.7058823529411765,626
[6],0.01,0.018000000000000002,0.006,0.0,0.4,sigmoid,sgd,0.0,8,range,"(-0.1, 0.1)",30,0.11009085774635347,0.7058823529411765,627
[6],0.10999999999999997,0.018000000000000002,0.004,0.1,0.5,tanh,sgd,0.0,8,gaussian,"(-0.5, 0.5)",35,0.04111316560483553,1.0,628
[5],0.12999999999999998,0.004,0.006,0.25,0.4,sigmoid,sgd,0.02,16,xavier,"(-0.5, 0.5)",35,0.10976925413088214,0.7058823529411765,629
[6],0.06999999999999999,0.0,0.006,0.05,0.2,sigmoid,adam,0.03,32,glorot,"(-0.7, 0.7)",20,0.0803734027974218,0.7941176470588235,630
[3],0.15,0.0,0.008,0.25,0.6000000000000001,sigmoid,sgd,0.03,8,xavier,"(-0.7, 0.7)",30,0.11081018166171115,0.7058823529411765,631
[3],0.049999999999999996,0.01,0.0,0.0,0.6000000000000001,tanh,sgd,0.01,64,glorot,"(-0.5, 0.5)",20,0.11792761200614169,0.6764705882352942,632
[5],0.18999999999999997,0.008,0.006,0.1,0.2,tanh,adam,0.0,32,xavier,"(-0.5, 0.5)",30,0.11790659877154136,0.7647058823529411,633
[6],0.08999999999999998,0.002,0.0,0.15000000000000002,0.0,sigmoid,adam,0.04,32,xavier,"(-0.7, 0.7)",35,0.06487118088028099,0.8823529411764706,634
[6],0.10999999999999997,0.01,0.008,0.25,0.8,tanh,adam,0.04,16,gaussian,"(-0.5, 0.5)",35,0.08560764511412769,0.9411764705882353,635
[3],0.10999999999999997,0.01,0.002,0.2,0.2,sigmoid,sgd,0.0,64,he,"(-0.7, 0.7)",20,0.10975130375084399,0.7058823529411765,636
[3],0.06999999999999999,0.004,0.008,0.15000000000000002,0.7000000000000001,tanh,adam,0.02,16,xavier,"(-0.7, 0.7)",20,0.04808685794986184,0.9411764705882353,637
[5],0.10999999999999997,0.014,0.008,0.15000000000000002,0.7000000000000001,tanh,sgd,0.02,64,glorot,"(-0.1, 0.1)",30,0.11790204322259736,0.6764705882352942,638
[6],0.08999999999999998,0.018000000000000002,0.006,0.05,0.8,sigmoid,adam,0.0,8,glorot,"(-0.5, 0.5)",35,0.1053255093780104,1.0,639
[3],0.01,0.0,0.008,0.2,0.7000000000000001,tanh,adam,0.01,16,range,"(-0.7, 0.7)",20,0.1202446555135915,0.7058823529411765,640
[3],0.12999999999999998,0.008,0.002,0.0,0.2,sigmoid,adam,0.02,32,range,"(-0.5, 0.5)",20,0.0713929860417115,1.0,641
[4],0.08999999999999998,0.016,0.008,0.0,0.0,tanh,adam,0.03,8,he,"(-0.7, 0.7)",35,0.08832904734680651,0.8823529411764706,642
[5],0.06999999999999999,0.008,0.004,0.15000000000000002,0.5,sigmoid,sgd,0.01,32,xavier,"(-0.5, 0.5)",30,0.11015506794191243,0.7058823529411765,643
[3],0.15,0.0,0.008,0.0,0.6000000000000001,sigmoid,sgd,0.01,32,range,"(-0.7, 0.7)",30,0.12380113622087066,0.6764705882352942,644
[4],0.10999999999999997,0.014,0.008,0.25,0.4,tanh,sgd,0.03,16,gaussian,"(-0.1, 0.1)",35,0.12600307464217614,0.5,645
[4],0.03,0.002,0.0,0.05,0.6000000000000001,tanh,sgd,0.0,8,he,"(-0.5, 0.5)",30,0.09515200914846643,0.6470588235294118,646
[6],0.16999999999999998,0.016,0.008,0.05,0.7000000000000001,tanh,sgd,0.03,8,he,"(-0.1, 0.1)",30,0.05705841163542724,0.9411764705882353,647
[3],0.18999999999999997,0.01,0.0,0.25,0.6000000000000001,sigmoid,adam,0.01,16,glorot,"(-0.5, 0.5)",20,0.09684099564313217,0.9705882352941176,648
[5],0.06999999999999999,0.004,0.006,0.1,0.7000000000000001,sigmoid,sgd,0.03,8,he,"(-0.7, 0.7)",30,0.11187039390621265,0.7058823529411765,649
[3],0.15,0.016,0.008,0.25,0.30000000000000004,tanh,adam,0.03,32,xavier,"(-0.7, 0.7)",35,0.11450213983545399,0.7941176470588235,650
[4],0.18999999999999997,0.018000000000000002,0.008,0.15000000000000002,0.30000000000000004,tanh,sgd,0.04,32,he,"(-0.5, 0.5)",30,0.11219005359403009,0.4411764705882353,651
[3],0.18999999999999997,0.016,0.002,0.2,0.5,tanh,sgd,0.04,16,glorot,"(-0.1, 0.1)",35,0.10432534205150536,0.47058823529411764,652
[3],0.03,0.012,0.004,0.0,0.5,tanh,sgd,0.03,32,glorot,"(-0.7, 0.7)",35,0.12503955823645954,0.6764705882352942,653
[6],0.03,0.01,0.004,0.25,0.30000000000000004,sigmoid,sgd,0.0,64,range,"(-0.1, 0.1)",20,0.11207967930709108,0.7058823529411765,654
[4],0.08999999999999998,0.014,0.004,0.15000000000000002,0.1,tanh,sgd,0.03,64,he,"(-0.7, 0.7)",20,0.12636232622384777,0.6176470588235294,655
[4],0.03,0.0,0.0,0.0,0.2,tanh,adam,0.02,32,range,"(-0.7, 0.7)",30,0.01655823874928511,0.9411764705882353,656
[3],0.01,0.01,0.0,0.25,0.2,tanh,sgd,0.04,8,glorot,"(-0.1, 0.1)",20,0.12030456268307059,0.6470588235294118,657
[3],0.10999999999999997,0.006,0.006,0.15000000000000002,0.30000000000000004,sigmoid,adam,0.04,16,glorot,"(-0.5, 0.5)",35,0.07522576099443609,1.0,658
[6],0.049999999999999996,0.004,0.006,0.2,0.7000000000000001,tanh,sgd,0.0,8,he,"(-0.1, 0.1)",35,0.09720091538087171,0.7058823529411765,659
[5],0.06999999999999999,0.016,0.006,0.05,0.0,tanh,adam,0.03,16,gaussian,"(-0.5, 0.5)",35,0.07393949935225452,0.9705882352941176,660
[5],0.08999999999999998,0.018000000000000002,0.004,0.0,0.6000000000000001,tanh,adam,0.04,64,xavier,"(-0.7, 0.7)",30,0.06162136475339826,0.9411764705882353,661
[4],0.16999999999999998,0.008,0.0,0.2,0.2,tanh,adam,0.0,32,glorot,"(-0.1, 0.1)",35,0.057948647944638595,1.0,662
[6],0.16999999999999998,0.01,0.0,0.25,0.7000000000000001,sigmoid,adam,0.0,16,he,"(-0.1, 0.1)",35,0.11691280814676994,0.7058823529411765,663
[3],0.01,0.006,0.0,0.25,0.8,tanh,adam,0.01,8,glorot,"(-0.5, 0.5)",35,0.11497573965788212,0.5882352941176471,664
[3],0.08999999999999998,0.008,0.004,0.15000000000000002,0.6000000000000001,sigmoid,adam,0.03,64,glorot,"(-0.1, 0.1)",20,0.10861605228523945,0.7058823529411765,665
[5],0.01,0.008,0.002,0.1,0.0,sigmoid,sgd,0.01,64,he,"(-0.5, 0.5)",30,0.12062224464706081,0.7058823529411765,666
[6],0.08999999999999998,0.014,0.004,0.15000000000000002,0.6000000000000001,tanh,adam,0.01,16,range,"(-0.7, 0.7)",30,0.09408697704974422,0.8823529411764706,667
[6],0.08999999999999998,0.002,0.0,0.1,0.0,tanh,adam,0.04,8,xavier,"(-0.1, 0.1)",20,0.042381152115109906,0.9117647058823529,668
[3],0.18999999999999997,0.008,0.006,0.25,0.2,sigmoid,adam,0.03,8,glorot,"(-0.1, 0.1)",30,0.07833679506744211,0.9705882352941176,669
[5],0.06999999999999999,0.014,0.002,0.0,0.5,sigmoid,adam,0.01,8,glorot,"(-0.7, 0.7)",35,0.0749841345288654,1.0,670
[3],0.12999999999999998,0.004,0.008,0.05,0.0,tanh,sgd,0.02,8,glorot,"(-0.1, 0.1)",20,0.11865165160253999,0.7058823529411765,671
[6],0.12999999999999998,0.002,0.006,0.2,0.0,sigmoid,adam,0.03,8,he,"(-0.7, 0.7)",20,0.04414860407635065,1.0,672
[5],0.03,0.002,0.006,0.25,0.7000000000000001,tanh,adam,0.01,8,range,"(-0.7, 0.7)",30,0.06907616595898936,0.8529411764705882,673
[6],0.15,0.0,0.008,0.2,0.6000000000000001,sigmoid,adam,0.02,64,gaussian,"(-0.1, 0.1)",20,0.05396799504890468,0.9411764705882353,674
[4],0.01,0.016,0.006,0.2,0.8,tanh,adam,0.03,16,he,"(-0.1, 0.1)",30,0.11534112686314336,0.6470588235294118,675
[5],0.18999999999999997,0.012,0.008,0.25,0.6000000000000001,tanh,sgd,0.03,32,range,"(-0.1, 0.1)",35,0.12479652380834771,0.5294117647058824,676
[4],0.01,0.0,0.008,0.25,0.7000000000000001,sigmoid,adam,0.02,64,he,"(-0.7, 0.7)",30,0.11271882581445841,0.7058823529411765,677
[3],0.03,0.006,0.002,0.15000000000000002,0.7000000000000001,sigmoid,sgd,0.0,32,glorot,"(-0.5, 0.5)",35,0.11340329169913815,0.7058823529411765,678
[3],0.08999999999999998,0.0,0.008,0.05,0.8,sigmoid,adam,0.03,32,range,"(-0.7, 0.7)",20,0.034782391278347854,0.9411764705882353,679
[4],0.15,0.002,0.006,0.1,0.0,tanh,sgd,0.01,8,he,"(-0.7, 0.7)",30,0.08513631638251971,0.7941176470588235,680
[4],0.15,0.016,0.0,0.05,0.1,sigmoid,adam,0.0,8,xavier,"(-0.5, 0.5)",35,0.09695960787695232,0.9411764705882353,681
[3],0.01,0.008,0.006,0.2,0.0,tanh,adam,0.02,32,range,"(-0.5, 0.5)",20,0.11782748789976029,0.6764705882352942,682
[5],0.16999999999999998,0.002,0.004,0.0,0.30000000000000004,tanh,sgd,0.03,8,gaussian,"(-0.7, 0.7)",35,0.1211852193775166,0.6764705882352942,683
[4],0.12999999999999998,0.016,0.008,0.0,0.0,tanh,sgd,0.03,8,he,"(-0.5, 0.5)",20,0.10527151945972815,0.6764705882352942,684
[6],0.12999999999999998,0.012,0.0,0.0,0.7000000000000001,tanh,sgd,0.04,32,xavier,"(-0.1, 0.1)",30,0.1155689980257384,0.7058823529411765,685
[6],0.01,0.016,0.0,0.1,0.8,tanh,sgd,0.02,8,he,"(-0.7, 0.7)",35,0.13215276344913146,0.5294117647058824,686
[6],0.15,0.018000000000000002,0.004,0.25,0.7000000000000001,sigmoid,adam,0.0,8,xavier,"(-0.1, 0.1)",20,0.11380051347411224,0.7058823529411765,687
[3],0.10999999999999997,0.002,0.008,0.15000000000000002,0.1,tanh,adam,0.04,64,xavier,"(-0.1, 0.1)",35,0.10228091009542713,0.7058823529411765,688
[5],0.18999999999999997,0.008,0.006,0.15000000000000002,0.4,sigmoid,adam,0.04,32,range,"(-0.1, 0.1)",20,0.11866039052054098,0.6764705882352942,689
[5],0.03,0.018000000000000002,0.008,0.0,0.1,sigmoid,sgd,0.03,16,xavier,"(-0.5, 0.5)",35,0.11388742301972803,0.7058823529411765,690
[4],0.049999999999999996,0.014,0.006,0.25,0.7000000000000001,sigmoid,adam,0.04,32,xavier,"(-0.5, 0.5)",35,0.11610712838447144,0.7058823529411765,691
[4],0.06999999999999999,0.018000000000000002,0.004,0.25,0.5,tanh,sgd,0.02,32,range,"(-0.1, 0.1)",20,0.11602985211254362,0.6764705882352942,692
[4],0.16999999999999998,0.0,0.0,0.0,0.5,tanh,adam,0.03,32,gaussian,"(-0.7, 0.7)",30,0.0479596068098667,0.8823529411764706,693
[3],0.06999999999999999,0.018000000000000002,0.008,0.1,0.5,sigmoid,sgd,0.01,64,he,"(-0.1, 0.1)",35,0.1125907541928256,0.7058823529411765,694
[4],0.18999999999999997,0.014,0.002,0.0,0.7000000000000001,tanh,sgd,0.02,16,xavier,"(-0.1, 0.1)",30,0.052711798158114526,0.9411764705882353,695
[4],0.08999999999999998,0.004,0.0,0.25,0.30000000000000004,tanh,adam,0.04,64,he,"(-0.5, 0.5)",20,0.10367362693098359,0.6764705882352942,696
[3],0.15,0.006,0.002,0.1,0.0,sigmoid,adam,0.02,32,he,"(-0.7, 0.7)",35,0.08983012790612556,1.0,697
[3],0.08999999999999998,0.016,0.002,0.2,0.4,sigmoid,adam,0.04,16,range,"(-0.5, 0.5)",20,0.11350777468521922,0.9411764705882353,698
[5],0.10999999999999997,0.016,0.006,0.25,0.2,sigmoid,adam,0.0,64,xavier,"(-0.7, 0.7)",35,0.11407991334569613,0.7058823529411765,699
[5],0.16999999999999998,0.014,0.002,0.15000000000000002,0.0,sigmoid,adam,0.02,16,xavier,"(-0.5, 0.5)",20,0.11797729565405511,0.9411764705882353,700
[4],0.03,0.012,0.006,0.1,0.0,sigmoid,sgd,0.02,16,xavier,"(-0.7, 0.7)",30,0.11234029508626735,0.7058823529411765,701
[3],0.06999999999999999,0.008,0.0,0.1,0.7000000000000001,tanh,adam,0.03,64,xavier,"(-0.7, 0.7)",30,0.10111851997175098,0.7352941176470589,702
[3],0.06999999999999999,0.014,0.008,0.2,0.8,tanh,sgd,0.04,8,he,"(-0.1, 0.1)",35,0.09639314367061151,0.7058823529411765,703
[4],0.16999999999999998,0.018000000000000002,0.008,0.25,0.1,sigmoid,sgd,0.01,64,he,"(-0.5, 0.5)",35,0.11560967552883285,0.7058823529411765,704
[5],0.06999999999999999,0.014,0.006,0.1,0.4,tanh,sgd,0.01,32,glorot,"(-0.1, 0.1)",20,0.1201382043156787,0.5882352941176471,705
[4],0.01,0.016,0.002,0.1,0.6000000000000001,tanh,adam,0.01,64,gaussian,"(-0.1, 0.1)",35,0.12460574160344397,0.6470588235294118,706
[3],0.15,0.002,0.008,0.25,0.6000000000000001,sigmoid,adam,0.04,16,range,"(-0.7, 0.7)",30,0.05368791876965045,1.0,707
[5],0.03,0.0,0.006,0.25,0.8,sigmoid,sgd,0.04,16,gaussian,"(-0.5, 0.5)",20,0.1152765861795263,0.7058823529411765,708
[6],0.01,0.008,0.002,0.15000000000000002,0.8,tanh,adam,0.0,8,xavier,"(-0.5, 0.5)",35,0.04564908728731203,0.9411764705882353,709
[4],0.01,0.01,0.006,0.2,0.5,tanh,sgd,0.02,8,range,"(-0.5, 0.5)",35,0.11954348967940502,0.6470588235294118,710
[5],0.03,0.004,0.002,0.1,0.2,sigmoid,adam,0.0,8,gaussian,"(-0.1, 0.1)",30,0.07460577711233984,0.9411764705882353,711
[3],0.08999999999999998,0.018000000000000002,0.002,0.05,0.6000000000000001,sigmoid,sgd,0.03,8,range,"(-0.7, 0.7)",30,0.11420990442879164,0.7058823529411765,712
[5],0.08999999999999998,0.008,0.002,0.15000000000000002,0.2,sigmoid,sgd,0.01,64,glorot,"(-0.5, 0.5)",30,0.11032461424027337,0.7058823529411765,713
[4],0.16999999999999998,0.006,0.0,0.25,0.1,sigmoid,adam,0.01,32,xavier,"(-0.1, 0.1)",35,0.07463575844257249,1.0,714
[6],0.18999999999999997,0.014,0.004,0.15000000000000002,0.8,tanh,sgd,0.0,8,range,"(-0.1, 0.1)",20,0.04887110261930493,1.0,715
[6],0.08999999999999998,0.014,0.002,0.2,0.1,sigmoid,sgd,0.0,16,glorot,"(-0.5, 0.5)",35,0.11662814064573122,0.7058823529411765,716
[6],0.08999999999999998,0.012,0.0,0.05,0.0,sigmoid,sgd,0.0,16,gaussian,"(-0.5, 0.5)",35,0.11718989352231489,0.7058823529411765,717
[3],0.15,0.0,0.004,0.05,0.30000000000000004,sigmoid,adam,0.02,8,gaussian,"(-0.7, 0.7)",30,0.01308786657332461,1.0,718
[4],0.01,0.012,0.002,0.0,0.4,sigmoid,adam,0.02,16,glorot,"(-0.1, 0.1)",30,0.1129497769889526,0.7058823529411765,719
[3],0.16999999999999998,0.018000000000000002,0.0,0.0,0.5,sigmoid,sgd,0.0,8,gaussian,"(-0.5, 0.5)",35,0.11036303992957866,0.47058823529411764,720
[4],0.10999999999999997,0.002,0.002,0.15000000000000002,0.2,sigmoid,sgd,0.04,8,gaussian,"(-0.1, 0.1)",35,0.11007787235913105,0.7058823529411765,721
[6],0.01,0.004,0.0,0.2,0.8,sigmoid,adam,0.0,8,he,"(-0.5, 0.5)",35,0.11422734842596537,0.7058823529411765,722
[6],0.03,0.006,0.006,0.0,0.7000000000000001,tanh,sgd,0.03,16,gaussian,"(-0.7, 0.7)",35,0.12225142567719079,0.7058823529411765,723
[5],0.10999999999999997,0.0,0.008,0.2,0.0,tanh,sgd,0.02,16,xavier,"(-0.1, 0.1)",30,0.11284672550726901,0.7058823529411765,724
[3],0.03,0.012,0.002,0.15000000000000002,0.2,tanh,sgd,0.0,32,range,"(-0.5, 0.5)",30,0.11713416693200637,0.7058823529411765,725
[3],0.15,0.006,0.0,0.1,0.1,tanh,sgd,0.01,16,xavier,"(-0.1, 0.1)",35,0.1154907183785156,0.7058823529411765,726
[6],0.15,0.006,0.0,0.2,0.2,tanh,sgd,0.03,32,gaussian,"(-0.7, 0.7)",20,0.11294067245599218,0.7058823529411765,727
[5],0.18999999999999997,0.012,0.006,0.1,0.30000000000000004,sigmoid,sgd,0.01,64,xavier,"(-0.7, 0.7)",35,0.11166644233624202,0.7058823529411765,728
[5],0.15,0.008,0.002,0.05,0.1,tanh,sgd,0.0,8,range,"(-0.5, 0.5)",20,0.08453472671209492,0.7647058823529411,729
[6],0.049999999999999996,0.012,0.006,0.1,0.0,sigmoid,adam,0.03,16,gaussian,"(-0.5, 0.5)",30,0.10168774787837989,1.0,730
[5],0.01,0.0,0.002,0.2,0.4,tanh,adam,0.04,32,glorot,"(-0.7, 0.7)",30,0.11252851066512086,0.6176470588235294,731
[4],0.01,0.002,0.008,0.0,0.0,sigmoid,sgd,0.01,8,gaussian,"(-0.5, 0.5)",30,0.11941365268781619,0.7058823529411765,732
[3],0.18999999999999997,0.016,0.008,0.2,0.0,tanh,sgd,0.04,8,glorot,"(-0.5, 0.5)",20,0.11736227777352759,0.7058823529411765,733
[6],0.10999999999999997,0.002,0.008,0.05,0.6000000000000001,tanh,adam,0.02,8,he,"(-0.5, 0.5)",20,0.02398917475125184,1.0,734
[6],0.049999999999999996,0.004,0.008,0.25,0.4,sigmoid,adam,0.02,64,range,"(-0.7, 0.7)",35,0.11376103131228646,0.7058823529411765,735
[6],0.049999999999999996,0.0,0.002,0.0,0.4,tanh,sgd,0.0,16,glorot,"(-0.7, 0.7)",30,0.12028781953768891,0.6764705882352942,736
[4],0.08999999999999998,0.014,0.006,0.1,0.1,tanh,adam,0.01,64,gaussian,"(-0.7, 0.7)",35,0.09565188262009522,0.8529411764705882,737
[6],0.08999999999999998,0.01,0.002,0.0,0.4,tanh,adam,0.02,8,range,"(-0.1, 0.1)",20,0.04345256042359058,1.0,738
[4],0.18999999999999997,0.0,0.006,0.25,0.5,tanh,adam,0.01,32,glorot,"(-0.5, 0.5)",20,0.0887173548584267,0.7352941176470589,739
[6],0.049999999999999996,0.018000000000000002,0.004,0.05,0.6000000000000001,sigmoid,sgd,0.04,8,range,"(-0.7, 0.7)",20,0.11861504343035167,0.7058823529411765,740
[5],0.10999999999999997,0.0,0.008,0.0,0.4,tanh,adam,0.03,8,xavier,"(-0.1, 0.1)",30,0.01028533370040245,1.0,741
[3],0.15,0.008,0.0,0.15000000000000002,0.0,tanh,sgd,0.01,16,he,"(-0.1, 0.1)",30,0.11832461456746259,0.6764705882352942,742
[5],0.06999999999999999,0.002,0.002,0.1,0.1,tanh,adam,0.01,16,range,"(-0.1, 0.1)",35,0.03410357207831684,0.9705882352941176,743
[5],0.08999999999999998,0.002,0.006,0.1,0.4,sigmoid,sgd,0.03,16,glorot,"(-0.7, 0.7)",20,0.11053810584536887,0.7058823529411765,744
[5],0.16999999999999998,0.008,0.008,0.05,0.8,sigmoid,adam,0.01,16,xavier,"(-0.7, 0.7)",35,0.10449892664402603,0.9705882352941176,745
[6],0.18999999999999997,0.002,0.0,0.2,0.2,tanh,adam,0.03,8,xavier,"(-0.1, 0.1)",30,0.03567341787424638,0.9705882352941176,746
[5],0.12999999999999998,0.008,0.006,0.15000000000000002,0.6000000000000001,tanh,adam,0.04,32,glorot,"(-0.1, 0.1)",30,0.11177382054220482,0.7647058823529411,747
[3],0.16999999999999998,0.008,0.004,0.0,0.1,tanh,sgd,0.04,16,he,"(-0.5, 0.5)",20,0.11759924082397881,0.6764705882352942,748
[4],0.16999999999999998,0.012,0.0,0.0,0.2,tanh,adam,0.0,32,xavier,"(-0.7, 0.7)",35,0.18405505042026682,0.7352941176470589,749
[4],0.10999999999999997,0.01,0.002,0.0,0.30000000000000004,sigmoid,adam,0.02,8,range,"(-0.1, 0.1)",35,0.06346647280099063,1.0,750
[3],0.10999999999999997,0.004,0.008,0.05,0.0,tanh,sgd,0.0,64,glorot,"(-0.1, 0.1)",20,0.11724578393330941,0.7058823529411765,751
[4],0.01,0.006,0.008,0.2,0.4,sigmoid,sgd,0.03,64,glorot,"(-0.5, 0.5)",35,0.1124537372934989,0.7058823529411765,752
[4],0.03,0.018000000000000002,0.0,0.25,0.0,tanh,sgd,0.03,8,range,"(-0.5, 0.5)",20,0.11566133123648192,0.7058823529411765,753
[5],0.15,0.008,0.004,0.1,0.4,sigmoid,adam,0.04,8,he,"(-0.1, 0.1)",35,0.06883157512708109,1.0,754
[6],0.12999999999999998,0.014,0.002,0.2,0.4,sigmoid,sgd,0.02,32,glorot,"(-0.5, 0.5)",30,0.1166870286667863,0.7058823529411765,755
[5],0.18999999999999997,0.014,0.008,0.05,0.6000000000000001,sigmoid,adam,0.01,16,glorot,"(-0.1, 0.1)",20,0.1353917376552389,1.0,756
[5],0.06999999999999999,0.014,0.0,0.05,0.1,sigmoid,adam,0.03,64,he,"(-0.7, 0.7)",20,0.11375081005118146,0.7058823529411765,757
[5],0.03,0.006,0.004,0.05,0.0,tanh,adam,0.04,16,xavier,"(-0.7, 0.7)",35,0.04128798174907379,0.9411764705882353,758
[6],0.12999999999999998,0.016,0.0,0.25,0.6000000000000001,sigmoid,adam,0.0,8,glorot,"(-0.1, 0.1)",20,0.10464567154143399,0.9705882352941176,759
[5],0.049999999999999996,0.006,0.006,0.25,0.30000000000000004,tanh,adam,0.01,64,xavier,"(-0.7, 0.7)",20,0.10869383271630445,0.7058823529411765,760
[3],0.06999999999999999,0.002,0.008,0.1,0.30000000000000004,tanh,sgd,0.01,32,glorot,"(-0.7, 0.7)",20,0.11962887891736936,0.6764705882352942,761
[6],0.16999999999999998,0.004,0.006,0.0,0.1,sigmoid,adam,0.03,64,xavier,"(-0.1, 0.1)",30,0.053910510434927374,1.0,762
[4],0.08999999999999998,0.014,0.008,0.15000000000000002,0.30000000000000004,tanh,adam,0.0,32,he,"(-0.5, 0.5)",30,0.08070936639368909,0.9411764705882353,763
[5],0.15,0.006,0.0,0.25,0.1,tanh,adam,0.04,16,glorot,"(-0.5, 0.5)",20,0.09406066327573556,0.8235294117647058,764
[6],0.01,0.0,0.008,0.25,0.8,tanh,sgd,0.04,16,gaussian,"(-0.1, 0.1)",30,0.11305091387509585,0.7058823529411765,765
[5],0.15,0.016,0.0,0.15000000000000002,0.5,tanh,sgd,0.04,8,he,"(-0.1, 0.1)",35,0.09321046457578763,0.7352941176470589,766
[3],0.049999999999999996,0.008,0.004,0.15000000000000002,0.2,sigmoid,adam,0.0,64,xavier,"(-0.5, 0.5)",35,0.11361458199071545,0.5,767
[6],0.01,0.016,0.006,0.05,0.6000000000000001,sigmoid,sgd,0.02,16,gaussian,"(-0.7, 0.7)",20,0.14543604067672566,0.7058823529411765,768
[4],0.15,0.004,0.002,0.2,0.30000000000000004,sigmoid,adam,0.02,8,xavier,"(-0.1, 0.1)",35,0.04517573936104751,1.0,769
[4],0.08999999999999998,0.018000000000000002,0.0,0.25,0.1,tanh,adam,0.03,64,he,"(-0.7, 0.7)",20,0.0880836539814885,0.9117647058823529,770
[6],0.06999999999999999,0.016,0.006,0.2,0.1,sigmoid,sgd,0.03,16,xavier,"(-0.7, 0.7)",30,0.11294000881053043,0.7058823529411765,771
[3],0.16999999999999998,0.002,0.004,0.1,0.30000000000000004,sigmoid,adam,0.04,16,gaussian,"(-0.1, 0.1)",20,0.046647016640833046,1.0,772
[4],0.12999999999999998,0.014,0.0,0.15000000000000002,0.0,sigmoid,sgd,0.04,32,gaussian,"(-0.7, 0.7)",30,0.12595301327535374,0.7058823529411765,773
[6],0.12999999999999998,0.0,0.002,0.2,0.7000000000000001,tanh,sgd,0.03,16,glorot,"(-0.7, 0.7)",35,0.1016651992769803,0.7058823529411765,774
[5],0.16999999999999998,0.016,0.0,0.0,0.5,sigmoid,sgd,0.04,8,glorot,"(-0.5, 0.5)",35,0.11129272227742505,0.7058823529411765,775
[3],0.049999999999999996,0.016,0.008,0.25,0.30000000000000004,tanh,sgd,0.04,32,range,"(-0.1, 0.1)",20,0.11186705306913114,0.7058823529411765,776
[4],0.049999999999999996,0.014,0.008,0.0,0.4,tanh,adam,0.01,32,xavier,"(-0.5, 0.5)",35,0.046564353679685026,1.0,777
[4],0.06999999999999999,0.004,0.0,0.15000000000000002,0.2,tanh,adam,0.0,8,he,"(-0.5, 0.5)",35,0.021422582047636134,1.0,778
[4],0.06999999999999999,0.0,0.006,0.15000000000000002,0.8,sigmoid,sgd,0.04,32,glorot,"(-0.5, 0.5)",20,0.11198383651904076,0.7058823529411765,779
[3],0.08999999999999998,0.002,0.002,0.2,0.0,tanh,adam,0.03,8,xavier,"(-0.1, 0.1)",35,0.07627875577914386,0.7941176470588235,780
[4],0.12999999999999998,0.004,0.004,0.2,0.7000000000000001,tanh,adam,0.03,16,xavier,"(-0.5, 0.5)",35,0.034233336263007015,1.0,781
[6],0.03,0.014,0.002,0.05,0.7000000000000001,tanh,adam,0.0,64,xavier,"(-0.7, 0.7)",35,0.11161870136722467,0.7647058823529411,782
[5],0.03,0.006,0.006,0.2,0.0,tanh,adam,0.03,32,gaussian,"(-0.7, 0.7)",30,0.0836351627351626,0.8235294117647058,783
[5],0.06999999999999999,0.012,0.006,0.25,0.30000000000000004,sigmoid,adam,0.02,64,gaussian,"(-0.7, 0.7)",30,0.11790583481117217,0.7941176470588235,784
[5],0.06999999999999999,0.01,0.006,0.15000000000000002,0.7000000000000001,tanh,adam,0.04,16,range,"(-0.5, 0.5)",30,0.07293021393167007,0.9411764705882353,785
[4],0.12999999999999998,0.002,0.008,0.25,0.8,sigmoid,adam,0.02,32,range,"(-0.7, 0.7)",20,0.07003426418618242,0.9705882352941176,786
[4],0.18999999999999997,0.012,0.0,0.1,0.2,tanh,adam,0.02,8,xavier,"(-0.5, 0.5)",30,0.044603076450370836,1.0,787
[6],0.01,0.004,0.0,0.15000000000000002,0.8,sigmoid,adam,0.04,8,glorot,"(-0.1, 0.1)",35,0.11456002923246986,0.7058823529411765,788
[3],0.06999999999999999,0.014,0.006,0.05,0.2,tanh,sgd,0.01,8,he,"(-0.1, 0.1)",30,0.12008768469822072,0.6470588235294118,789
[5],0.03,0.004,0.006,0.2,0.8,sigmoid,adam,0.02,32,gaussian,"(-0.1, 0.1)",35,0.11339920786420184,0.4117647058823529,790
[6],0.03,0.018000000000000002,0.008,0.15000000000000002,0.0,tanh,sgd,0.04,16,gaussian,"(-0.1, 0.1)",20,0.1123958207748218,0.7058823529411765,791
[5],0.01,0.004,0.006,0.1,0.4,sigmoid,adam,0.0,8,glorot,"(-0.5, 0.5)",30,0.10047150760183189,0.6470588235294118,792
[5],0.10999999999999997,0.01,0.006,0.1,0.8,tanh,sgd,0.01,8,gaussian,"(-0.7, 0.7)",35,0.1590742459699247,0.47058823529411764,793
[6],0.01,0.01,0.006,0.0,0.5,tanh,adam,0.01,32,gaussian,"(-0.1, 0.1)",35,0.11541901230396683,0.6764705882352942,794
[6],0.01,0.0,0.006,0.15000000000000002,0.1,tanh,sgd,0.02,16,gaussian,"(-0.5, 0.5)",30,0.11470354056338919,0.7058823529411765,795
[6],0.01,0.004,0.004,0.1,0.5,tanh,adam,0.04,8,range,"(-0.1, 0.1)",30,0.10136661872689189,0.7352941176470589,796
[4],0.06999999999999999,0.012,0.008,0.15000000000000002,0.5,tanh,adam,0.02,32,glorot,"(-0.1, 0.1)",30,0.06063205373823302,0.9411764705882353,797
[4],0.08999999999999998,0.004,0.006,0.0,0.5,sigmoid,sgd,0.04,16,he,"(-0.7, 0.7)",35,0.11453350682624437,0.7058823529411765,798
[6],0.18999999999999997,0.012,0.006,0.25,0.0,sigmoid,adam,0.02,8,he,"(-0.1, 0.1)",30,0.1008445812535206,0.8823529411764706,799
[3],0.06999999999999999,0.012,0.002,0.1,0.8,tanh,adam,0.02,8,xavier,"(-0.7, 0.7)",30,0.10414542417117911,0.7647058823529411,800
[3],0.18999999999999997,0.006,0.006,0.2,0.0,sigmoid,sgd,0.04,16,gaussian,"(-0.7, 0.7)",35,0.11718946901173251,0.7058823529411765,801
[5],0.08999999999999998,0.006,0.0,0.25,0.2,sigmoid,sgd,0.02,32,he,"(-0.5, 0.5)",35,0.11191405318698575,0.7058823529411765,802
[3],0.01,0.014,0.002,0.1,0.6000000000000001,tanh,adam,0.01,16,gaussian,"(-0.5, 0.5)",35,0.11912894002665969,0.6176470588235294,803
[4],0.12999999999999998,0.01,0.006,0.2,0.30000000000000004,tanh,sgd,0.02,8,gaussian,"(-0.5, 0.5)",20,0.11082416918621794,0.7058823529411765,804
[4],0.12999999999999998,0.014,0.006,0.15000000000000002,0.6000000000000001,tanh,adam,0.04,16,xavier,"(-0.7, 0.7)",20,0.08214907544085742,0.9117647058823529,805
[5],0.18999999999999997,0.012,0.006,0.05,0.7000000000000001,sigmoid,adam,0.03,32,he,"(-0.5, 0.5)",35,0.13136535656986384,0.9411764705882353,806
[3],0.049999999999999996,0.0,0.008,0.1,0.5,tanh,sgd,0.01,32,he,"(-0.1, 0.1)",35,0.11975814677643176,0.6470588235294118,807
[4],0.12999999999999998,0.018000000000000002,0.006,0.15000000000000002,0.4,sigmoid,sgd,0.03,64,glorot,"(-0.5, 0.5)",35,0.11512183424275078,0.7058823529411765,808
[6],0.16999999999999998,0.018000000000000002,0.008,0.15000000000000002,0.0,tanh,adam,0.01,8,he,"(-0.1, 0.1)",35,0.0866679886552098,0.9411764705882353,809
[4],0.10999999999999997,0.018000000000000002,0.0,0.25,0.4,sigmoid,adam,0.02,32,glorot,"(-0.5, 0.5)",20,0.12067595647895267,0.6176470588235294,810
[6],0.01,0.014,0.002,0.1,0.4,tanh,adam,0.01,64,range,"(-0.5, 0.5)",20,0.1168460654678536,0.6764705882352942,811
[3],0.18999999999999997,0.01,0.004,0.15000000000000002,0.2,tanh,adam,0.0,64,he,"(-0.1, 0.1)",35,0.1353500755160316,0.6764705882352942,812
[4],0.18999999999999997,0.002,0.004,0.15000000000000002,0.0,sigmoid,adam,0.04,16,range,"(-0.1, 0.1)",20,0.05798567154932499,1.0,813
[5],0.12999999999999998,0.016,0.008,0.2,0.1,sigmoid,adam,0.04,64,glorot,"(-0.5, 0.5)",20,0.11727119275794538,0.7058823529411765,814
[6],0.10999999999999997,0.0,0.0,0.05,0.30000000000000004,sigmoid,adam,0.03,64,range,"(-0.5, 0.5)",35,0.07268311969072351,0.7647058823529411,815
[5],0.12999999999999998,0.006,0.0,0.15000000000000002,0.7000000000000001,sigmoid,adam,0.01,64,glorot,"(-0.7, 0.7)",30,0.07809637041841702,0.9411764705882353,816
[6],0.03,0.012,0.002,0.05,0.8,tanh,sgd,0.04,8,xavier,"(-0.1, 0.1)",20,0.11912701159027235,0.6764705882352942,817
[4],0.12999999999999998,0.004,0.004,0.25,0.8,tanh,adam,0.0,32,glorot,"(-0.5, 0.5)",30,0.09733271327752092,0.7352941176470589,818
[5],0.18999999999999997,0.014,0.006,0.0,0.5,sigmoid,adam,0.02,32,xavier,"(-0.5, 0.5)",35,0.10869957485218773,1.0,819
[5],0.08999999999999998,0.002,0.002,0.0,0.7000000000000001,tanh,sgd,0.0,8,gaussian,"(-0.7, 0.7)",20,0.10872053584488361,0.7058823529411765,820
[4],0.08999999999999998,0.016,0.002,0.2,0.0,sigmoid,sgd,0.0,32,xavier,"(-0.5, 0.5)",30,0.11149418165065296,0.7058823529411765,821
[3],0.08999999999999998,0.01,0.006,0.2,0.6000000000000001,tanh,sgd,0.0,8,range,"(-0.1, 0.1)",20,0.08546590461804207,0.7941176470588235,822
[4],0.03,0.01,0.002,0.1,0.0,tanh,sgd,0.02,64,he,"(-0.7, 0.7)",35,0.12904890527781307,0.5294117647058824,823
[5],0.049999999999999996,0.014,0.006,0.2,0.6000000000000001,sigmoid,sgd,0.03,64,range,"(-0.7, 0.7)",20,0.11540138991583795,0.7058823529411765,824
[4],0.06999999999999999,0.006,0.004,0.15000000000000002,0.4,sigmoid,sgd,0.0,32,he,"(-0.5, 0.5)",30,0.11253651008924968,0.7058823529411765,825
[6],0.12999999999999998,0.002,0.006,0.25,0.2,tanh,sgd,0.03,32,gaussian,"(-0.1, 0.1)",20,0.11071812089857579,0.7058823529411765,826
[3],0.16999999999999998,0.008,0.0,0.25,0.7000000000000001,sigmoid,sgd,0.03,32,xavier,"(-0.1, 0.1)",30,0.11150641889752469,0.7058823529411765,827
[6],0.10999999999999997,0.01,0.004,0.15000000000000002,0.1,sigmoid,sgd,0.01,32,glorot,"(-0.5, 0.5)",35,0.11696768407056288,0.7058823529411765,828
[4],0.12999999999999998,0.008,0.004,0.25,0.0,sigmoid,sgd,0.04,8,he,"(-0.7, 0.7)",20,0.1128764396829336,0.7058823529411765,829
[5],0.06999999999999999,0.01,0.004,0.05,0.5,tanh,sgd,0.04,64,gaussian,"(-0.5, 0.5)",35,0.11660588332709362,0.7058823529411765,830
[3],0.06999999999999999,0.016,0.004,0.25,0.7000000000000001,tanh,sgd,0.01,32,gaussian,"(-0.5, 0.5)",35,0.11412484037756558,0.7058823529411765,831
[5],0.18999999999999997,0.002,0.008,0.25,0.5,sigmoid,adam,0.04,16,he,"(-0.1, 0.1)",30,0.06269689184551638,1.0,832
[5],0.08999999999999998,0.012,0.004,0.0,0.2,sigmoid,adam,0.04,8,glorot,"(-0.1, 0.1)",20,0.07059397521443418,1.0,833
[5],0.18999999999999997,0.014,0.002,0.25,0.7000000000000001,sigmoid,adam,0.01,8,xavier,"(-0.1, 0.1)",30,0.09955334596207699,1.0,834
[5],0.12999999999999998,0.008,0.002,0.2,0.4,tanh,sgd,0.04,8,he,"(-0.5, 0.5)",35,0.09751041826094346,0.6176470588235294,835
[3],0.01,0.018000000000000002,0.002,0.25,0.30000000000000004,sigmoid,adam,0.0,64,range,"(-0.5, 0.5)",20,0.11309361875578337,0.7058823529411765,836
[3],0.10999999999999997,0.006,0.008,0.0,0.0,sigmoid,adam,0.01,16,range,"(-0.1, 0.1)",30,0.06392454142665704,1.0,837
[4],0.01,0.01,0.004,0.25,0.5,tanh,adam,0.01,32,range,"(-0.5, 0.5)",30,0.10786380362349961,0.6764705882352942,838
[6],0.10999999999999997,0.014,0.008,0.25,0.30000000000000004,sigmoid,sgd,0.04,32,xavier,"(-0.1, 0.1)",20,0.11303294145792565,0.7058823529411765,839
[5],0.03,0.016,0.008,0.2,0.5,tanh,adam,0.04,16,range,"(-0.1, 0.1)",35,0.11532043168586291,0.6764705882352942,840
[5],0.15,0.004,0.008,0.05,0.7000000000000001,sigmoid,sgd,0.0,64,he,"(-0.7, 0.7)",35,0.11669231754026124,0.7058823529411765,841
[5],0.12999999999999998,0.0,0.006,0.1,0.5,tanh,sgd,0.02,64,glorot,"(-0.1, 0.1)",20,0.11919671530106088,0.6176470588235294,842
[4],0.15,0.002,0.008,0.25,0.8,tanh,adam,0.04,64,he,"(-0.1, 0.1)",35,0.08859914598269479,0.7941176470588235,843
[3],0.049999999999999996,0.0,0.006,0.1,0.2,sigmoid,adam,0.03,8,glorot,"(-0.5, 0.5)",20,0.07782021856522366,0.7352941176470589,844
[3],0.12999999999999998,0.008,0.008,0.1,0.7000000000000001,tanh,sgd,0.04,16,gaussian,"(-0.1, 0.1)",30,0.1024573141936315,0.7352941176470589,845
[5],0.08999999999999998,0.0,0.006,0.05,0.1,tanh,sgd,0.04,8,gaussian,"(-0.1, 0.1)",20,0.1092558927665382,0.7058823529411765,846
[3],0.06999999999999999,0.012,0.006,0.05,0.1,tanh,adam,0.01,64,gaussian,"(-0.7, 0.7)",30,0.12256421743253139,0.6470588235294118,847
[6],0.12999999999999998,0.008,0.006,0.0,0.0,tanh,sgd,0.02,16,glorot,"(-0.5, 0.5)",30,0.1226034210602626,0.6764705882352942,848
[5],0.049999999999999996,0.0,0.008,0.05,0.1,sigmoid,sgd,0.0,8,glorot,"(-0.1, 0.1)",35,0.11089172861503949,0.7058823529411765,849
[4],0.049999999999999996,0.002,0.004,0.05,0.0,sigmoid,adam,0.02,8,glorot,"(-0.5, 0.5)",35,0.05256585684085584,0.9117647058823529,850
[5],0.06999999999999999,0.0,0.008,0.15000000000000002,0.0,tanh,sgd,0.04,16,gaussian,"(-0.5, 0.5)",30,0.11256465001532846,0.7058823529411765,851
[4],0.06999999999999999,0.004,0.004,0.15000000000000002,0.4,tanh,adam,0.0,8,glorot,"(-0.1, 0.1)",30,0.026591410074257565,1.0,852
[3],0.12999999999999998,0.014,0.002,0.15000000000000002,0.7000000000000001,sigmoid,sgd,0.02,8,range,"(-0.1, 0.1)",20,0.10816766376587114,0.7058823529411765,853
[3],0.15,0.004,0.008,0.0,0.8,tanh,adam,0.04,8,gaussian,"(-0.7, 0.7)",20,0.02098287503671736,1.0,854
[6],0.01,0.01,0.006,0.1,0.7000000000000001,tanh,adam,0.04,32,glorot,"(-0.5, 0.5)",30,0.12099463576237285,0.6764705882352942,855
[3],0.06999999999999999,0.006,0.006,0.25,0.7000000000000001,tanh,adam,0.03,8,gaussian,"(-0.7, 0.7)",35,0.09542769729374194,0.7941176470588235,856
[4],0.15,0.016,0.004,0.2,0.6000000000000001,tanh,sgd,0.01,8,range,"(-0.1, 0.1)",30,0.05124146089139528,0.9411764705882353,857
[5],0.06999999999999999,0.006,0.004,0.05,0.0,tanh,sgd,0.0,64,gaussian,"(-0.1, 0.1)",20,0.11029879611210523,0.7058823529411765,858
[4],0.12999999999999998,0.014,0.004,0.1,0.4,tanh,adam,0.01,64,he,"(-0.7, 0.7)",20,0.09858195898568312,0.7058823529411765,859
[6],0.06999999999999999,0.016,0.002,0.1,0.1,sigmoid,adam,0.01,16,gaussian,"(-0.1, 0.1)",30,0.10944136881386367,0.7058823529411765,860
[4],0.03,0.014,0.002,0.15000000000000002,0.30000000000000004,sigmoid,sgd,0.04,8,he,"(-0.7, 0.7)",35,0.11385628849506177,0.7058823529411765,861
[3],0.16999999999999998,0.016,0.006,0.25,0.1,sigmoid,sgd,0.02,8,he,"(-0.5, 0.5)",35,0.11380823464503327,0.7058823529411765,862
[4],0.01,0.012,0.004,0.25,0.7000000000000001,tanh,sgd,0.0,8,xavier,"(-0.5, 0.5)",20,0.11914729213623322,0.7647058823529411,863
[6],0.16999999999999998,0.002,0.0,0.2,0.8,sigmoid,adam,0.03,64,xavier,"(-0.5, 0.5)",20,0.08680765653288293,0.8235294117647058,864
[3],0.10999999999999997,0.004,0.006,0.15000000000000002,0.30000000000000004,tanh,sgd,0.0,8,glorot,"(-0.1, 0.1)",30,0.0922992038501054,0.7058823529411765,865
[6],0.16999999999999998,0.012,0.004,0.15000000000000002,0.4,sigmoid,adam,0.03,16,he,"(-0.7, 0.7)",30,0.11596929805118868,0.7058823529411765,866
[6],0.16999999999999998,0.018000000000000002,0.004,0.05,0.7000000000000001,tanh,sgd,0.02,16,he,"(-0.5, 0.5)",30,0.09519394757263476,0.7647058823529411,867
[6],0.16999999999999998,0.018000000000000002,0.008,0.25,0.7000000000000001,tanh,sgd,0.04,32,gaussian,"(-0.5, 0.5)",35,0.12279514627314657,0.7058823529411765,868
[6],0.01,0.006,0.002,0.25,0.30000000000000004,tanh,sgd,0.0,32,gaussian,"(-0.7, 0.7)",30,0.11823850825661887,0.7058823529411765,869
[3],0.15,0.002,0.004,0.25,0.1,tanh,sgd,0.01,16,gaussian,"(-0.7, 0.7)",30,0.11157449017948796,0.7058823529411765,870
[6],0.15,0.004,0.004,0.25,0.6000000000000001,sigmoid,sgd,0.02,32,xavier,"(-0.1, 0.1)",35,0.10940606624792035,0.7058823529411765,871
[5],0.03,0.012,0.002,0.25,0.0,tanh,sgd,0.04,8,he,"(-0.7, 0.7)",35,0.11852228287113559,0.7058823529411765,872
[6],0.12999999999999998,0.0,0.002,0.0,0.8,sigmoid,adam,0.0,16,he,"(-0.1, 0.1)",30,0.009749597694766427,1.0,873
[4],0.12999999999999998,0.006,0.004,0.15000000000000002,0.8,sigmoid,adam,0.03,16,he,"(-0.5, 0.5)",20,0.08995044683377862,0.9411764705882353,874
[5],0.08999999999999998,0.002,0.006,0.15000000000000002,0.6000000000000001,sigmoid,sgd,0.04,64,he,"(-0.1, 0.1)",20,0.11047734624948873,0.7058823529411765,875
[6],0.08999999999999998,0.014,0.004,0.05,0.30000000000000004,sigmoid,adam,0.04,16,he,"(-0.7, 0.7)",30,0.11324362297211928,0.7058823529411765,876
[3],0.18999999999999997,0.004,0.008,0.1,0.1,tanh,sgd,0.04,8,range,"(-0.5, 0.5)",30,0.10465242711927127,0.5294117647058824,877
[5],0.16999999999999998,0.004,0.006,0.05,0.7000000000000001,tanh,sgd,0.01,8,xavier,"(-0.5, 0.5)",35,0.02828824749577902,0.9705882352941176,878
[3],0.049999999999999996,0.016,0.006,0.15000000000000002,0.6000000000000001,sigmoid,adam,0.0,32,gaussian,"(-0.7, 0.7)",30,0.11159425992947587,0.7058823529411765,879
[5],0.08999999999999998,0.014,0.006,0.1,0.2,sigmoid,adam,0.03,64,range,"(-0.5, 0.5)",20,0.11267188985540869,0.7058823529411765,880
[6],0.18999999999999997,0.004,0.0,0.15000000000000002,0.5,sigmoid,adam,0.0,16,he,"(-0.7, 0.7)",35,0.06135280552474211,1.0,881
[4],0.16999999999999998,0.008,0.004,0.1,0.7000000000000001,sigmoid,adam,0.0,8,he,"(-0.5, 0.5)",30,0.09209712075582806,0.9411764705882353,882
[5],0.16999999999999998,0.0,0.006,0.15000000000000002,0.6000000000000001,tanh,adam,0.04,32,gaussian,"(-0.1, 0.1)",35,0.10070248284416053,0.7647058823529411,883
[4],0.03,0.004,0.006,0.15000000000000002,0.0,tanh,sgd,0.01,32,range,"(-0.5, 0.5)",35,0.11659949540086703,0.7058823529411765,884
[4],0.049999999999999996,0.008,0.004,0.05,0.4,sigmoid,adam,0.0,16,he,"(-0.1, 0.1)",30,0.0654468392753362,1.0,885
[3],0.15,0.012,0.004,0.1,0.6000000000000001,sigmoid,adam,0.0,8,range,"(-0.7, 0.7)",20,0.08374598025568818,1.0,886
[3],0.03,0.008,0.006,0.05,0.1,sigmoid,sgd,0.02,32,he,"(-0.7, 0.7)",35,0.11373611075637635,0.7058823529411765,887
[3],0.03,0.004,0.006,0.15000000000000002,0.1,sigmoid,adam,0.03,8,he,"(-0.5, 0.5)",35,0.08348463252659713,0.7647058823529411,888
[5],0.06999999999999999,0.018000000000000002,0.0,0.2,0.1,tanh,adam,0.02,64,range,"(-0.5, 0.5)",20,0.08493861719710058,0.8235294117647058,889
[3],0.06999999999999999,0.0,0.008,0.2,0.2,sigmoid,sgd,0.03,32,gaussian,"(-0.7, 0.7)",35,0.11527610428394505,0.7058823529411765,890
[6],0.10999999999999997,0.016,0.004,0.0,0.2,sigmoid,adam,0.03,32,he,"(-0.1, 0.1)",30,0.10128674399784833,1.0,891
[5],0.16999999999999998,0.014,0.002,0.2,0.0,sigmoid,sgd,0.04,64,he,"(-0.5, 0.5)",20,0.11043676599096323,0.7058823529411765,892
[6],0.01,0.0,0.008,0.0,0.5,sigmoid,sgd,0.04,8,gaussian,"(-0.7, 0.7)",20,0.1242051824401507,0.7058823529411765,893
[3],0.01,0.01,0.002,0.15000000000000002,0.8,sigmoid,adam,0.04,64,xavier,"(-0.7, 0.7)",35,0.11117059964493793,0.7058823529411765,894
[4],0.01,0.006,0.0,0.15000000000000002,0.1,sigmoid,sgd,0.03,16,xavier,"(-0.1, 0.1)",35,0.11014475775329567,0.7058823529411765,895
[6],0.12999999999999998,0.012,0.002,0.0,0.5,tanh,sgd,0.02,8,range,"(-0.7, 0.7)",20,0.10424147337927354,0.6764705882352942,896
[6],0.01,0.004,0.006,0.25,0.2,sigmoid,adam,0.01,64,xavier,"(-0.5, 0.5)",35,0.1119363929046325,0.7058823529411765,897
[4],0.08999999999999998,0.018000000000000002,0.002,0.25,0.6000000000000001,sigmoid,adam,0.02,32,he,"(-0.7, 0.7)",20,0.11814879779240475,0.4411764705882353,898
[3],0.18999999999999997,0.004,0.002,0.05,0.5,tanh,adam,0.03,16,range,"(-0.7, 0.7)",20,0.05986217121960746,0.9117647058823529,899
[5],0.12999999999999998,0.006,0.008,0.2,0.1,tanh,sgd,0.04,8,he,"(-0.5, 0.5)",35,0.11003602915669035,0.5588235294117647,900
[6],0.10999999999999997,0.006,0.0,0.25,0.2,tanh,sgd,0.02,8,range,"(-0.5, 0.5)",20,0.1141408590340099,0.7058823529411765,901
[6],0.15,0.018000000000000002,0.004,0.25,0.2,sigmoid,sgd,0.03,8,he,"(-0.5, 0.5)",30,0.11229431349591609,0.7058823529411765,902
[3],0.03,0.016,0.008,0.0,0.7000000000000001,sigmoid,adam,0.02,32,range,"(-0.7, 0.7)",30,0.11531797509546556,0.7058823529411765,903
[5],0.18999999999999997,0.008,0.0,0.0,0.2,tanh,sgd,0.04,64,he,"(-0.7, 0.7)",35,0.12332224015688971,0.5588235294117647,904
[3],0.15,0.004,0.0,0.0,0.8,sigmoid,adam,0.03,8,gaussian,"(-0.7, 0.7)",30,0.030288141231732825,1.0,905
[5],0.06999999999999999,0.01,0.006,0.1,0.2,sigmoid,adam,0.02,32,glorot,"(-0.7, 0.7)",20,0.0934988561870593,1.0,906
[5],0.12999999999999998,0.018000000000000002,0.0,0.0,0.1,tanh,sgd,0.01,16,glorot,"(-0.1, 0.1)",30,0.1041966752755972,0.7352941176470589,907
[4],0.08999999999999998,0.018000000000000002,0.004,0.15000000000000002,0.0,sigmoid,sgd,0.02,8,range,"(-0.7, 0.7)",20,0.1151965466124629,0.7058823529411765,908
[6],0.15,0.004,0.004,0.25,0.4,tanh,sgd,0.04,32,glorot,"(-0.7, 0.7)",30,0.11781054118525651,0.6764705882352942,909
[4],0.08999999999999998,0.016,0.006,0.15000000000000002,0.4,tanh,adam,0.01,8,range,"(-0.1, 0.1)",30,0.05680029640560544,1.0,910
[6],0.049999999999999996,0.016,0.008,0.0,0.1,sigmoid,sgd,0.03,16,he,"(-0.7, 0.7)",30,0.11937820765817724,0.7058823529411765,911
[5],0.03,0.016,0.0,0.1,0.2,sigmoid,sgd,0.01,16,gaussian,"(-0.5, 0.5)",35,0.11941236599663371,0.7058823529411765,912
[6],0.10999999999999997,0.014,0.002,0.05,0.6000000000000001,sigmoid,adam,0.03,32,glorot,"(-0.5, 0.5)",35,0.11185927109159292,0.7058823529411765,913
[5],0.10999999999999997,0.004,0.004,0.2,0.6000000000000001,tanh,adam,0.04,32,gaussian,"(-0.7, 0.7)",30,0.07032697753514403,0.8529411764705882,914
[6],0.08999999999999998,0.016,0.006,0.2,0.2,tanh,adam,0.04,64,gaussian,"(-0.1, 0.1)",20,0.11186722075668744,0.7058823529411765,915
[3],0.01,0.004,0.004,0.1,0.4,tanh,adam,0.02,16,xavier,"(-0.5, 0.5)",30,0.10149348878679403,0.6764705882352942,916
[5],0.049999999999999996,0.018000000000000002,0.004,0.25,0.8,tanh,adam,0.03,8,he,"(-0.1, 0.1)",35,0.06193464591916892,1.0,917
[5],0.10999999999999997,0.0,0.004,0.25,0.6000000000000001,sigmoid,sgd,0.03,8,glorot,"(-0.7, 0.7)",30,0.11002864414436309,0.7058823529411765,918
[3],0.03,0.016,0.0,0.2,0.6000000000000001,sigmoid,sgd,0.04,64,he,"(-0.7, 0.7)",35,0.11351420773652975,0.7058823529411765,919
[5],0.10999999999999997,0.018000000000000002,0.004,0.05,0.2,sigmoid,sgd,0.01,16,he,"(-0.1, 0.1)",35,0.11653033871883893,0.7058823529411765,920
[6],0.15,0.002,0.0,0.2,0.0,sigmoid,adam,0.03,64,he,"(-0.1, 0.1)",30,0.03283523361781955,1.0,921
[3],0.08999999999999998,0.016,0.008,0.0,0.8,tanh,sgd,0.03,8,he,"(-0.1, 0.1)",35,0.05693853180456602,0.9411764705882353,922
[6],0.18999999999999997,0.008,0.006,0.1,0.30000000000000004,tanh,adam,0.03,16,range,"(-0.5, 0.5)",20,0.05681942978101214,1.0,923
[6],0.03,0.016,0.006,0.15000000000000002,0.6000000000000001,tanh,adam,0.04,8,range,"(-0.5, 0.5)",20,0.09572116066395685,0.8529411764705882,924
[3],0.18999999999999997,0.012,0.004,0.05,0.1,tanh,sgd,0.0,32,xavier,"(-0.7, 0.7)",20,0.11654025235595793,0.7058823529411765,925
[4],0.12999999999999998,0.0,0.004,0.1,0.7000000000000001,tanh,sgd,0.01,32,he,"(-0.7, 0.7)",30,0.0940370412608116,0.7058823529411765,926
[6],0.12999999999999998,0.018000000000000002,0.004,0.1,0.1,sigmoid,adam,0.04,8,xavier,"(-0.1, 0.1)",30,0.10515074849179111,1.0,927
[4],0.15,0.006,0.0,0.2,0.30000000000000004,tanh,adam,0.0,16,xavier,"(-0.7, 0.7)",30,0.13079229601748457,0.7647058823529411,928
[5],0.18999999999999997,0.004,0.002,0.05,0.5,sigmoid,sgd,0.02,32,he,"(-0.5, 0.5)",20,0.10830210031252037,0.7058823529411765,929
[3],0.12999999999999998,0.004,0.006,0.1,0.30000000000000004,tanh,sgd,0.02,16,range,"(-0.5, 0.5)",20,0.11722772483861357,0.6764705882352942,930
[4],0.15,0.0,0.002,0.05,0.1,tanh,adam,0.0,16,range,"(-0.7, 0.7)",20,0.05763765463101364,0.8823529411764706,931
[3],0.12999999999999998,0.0,0.006,0.15000000000000002,0.30000000000000004,tanh,adam,0.01,16,he,"(-0.7, 0.7)",30,0.03831206120956872,0.9411764705882353,932
[3],0.049999999999999996,0.012,0.002,0.05,0.5,tanh,adam,0.0,64,xavier,"(-0.7, 0.7)",35,0.1063013323863834,0.7647058823529411,933
[6],0.01,0.004,0.004,0.05,0.1,tanh,sgd,0.02,16,he,"(-0.1, 0.1)",30,0.12677504509648613,0.5294117647058824,934
[4],0.06999999999999999,0.012,0.008,0.1,0.0,tanh,adam,0.04,32,xavier,"(-0.5, 0.5)",20,0.05495830735659285,0.9411764705882353,935
[4],0.06999999999999999,0.01,0.004,0.25,0.7000000000000001,sigmoid,sgd,0.02,8,he,"(-0.7, 0.7)",30,0.11279310588353743,0.7058823529411765,936
[4],0.01,0.012,0.0,0.0,0.30000000000000004,sigmoid,sgd,0.02,32,range,"(-0.7, 0.7)",20,0.11371502921564039,0.7058823529411765,937
[6],0.10999999999999997,0.004,0.002,0.1,0.0,tanh,sgd,0.02,64,range,"(-0.7, 0.7)",20,0.11764578886513828,0.6764705882352942,938
[4],0.10999999999999997,0.01,0.004,0.15000000000000002,0.30000000000000004,tanh,sgd,0.04,16,range,"(-0.5, 0.5)",20,0.1151712498303672,0.7058823529411765,939
[6],0.08999999999999998,0.016,0.006,0.2,0.8,sigmoid,sgd,0.02,32,glorot,"(-0.7, 0.7)",20,0.11506122945931246,0.7058823529411765,940
[4],0.16999999999999998,0.0,0.006,0.2,0.2,tanh,adam,0.0,32,gaussian,"(-0.5, 0.5)",30,0.032696648084002244,0.9411764705882353,941
[6],0.10999999999999997,0.0,0.0,0.15000000000000002,0.5,sigmoid,adam,0.03,64,he,"(-0.5, 0.5)",35,0.09226541331655749,0.7058823529411765,942
[3],0.12999999999999998,0.01,0.008,0.15000000000000002,0.7000000000000001,sigmoid,sgd,0.01,16,he,"(-0.1, 0.1)",20,0.11408476295755308,0.7058823529411765,943
[5],0.06999999999999999,0.0,0.0,0.15000000000000002,0.30000000000000004,sigmoid,sgd,0.0,64,range,"(-0.5, 0.5)",20,0.10998989333325167,0.7058823529411765,944
[4],0.12999999999999998,0.006,0.004,0.2,0.1,sigmoid,adam,0.01,8,xavier,"(-0.7, 0.7)",30,0.07278756576095663,1.0,945
[3],0.049999999999999996,0.004,0.002,0.05,0.8,tanh,sgd,0.02,8,xavier,"(-0.7, 0.7)",30,0.07481098821539744,0.8529411764705882,946
[5],0.08999999999999998,0.004,0.002,0.1,0.2,sigmoid,adam,0.01,8,xavier,"(-0.1, 0.1)",35,0.04987216184562969,1.0,947
[4],0.01,0.0,0.0,0.0,0.30000000000000004,sigmoid,adam,0.04,16,range,"(-0.7, 0.7)",35,0.11138053811828853,0.7058823529411765,948
[4],0.08999999999999998,0.006,0.004,0.0,0.7000000000000001,sigmoid,sgd,0.02,16,xavier,"(-0.7, 0.7)",30,0.11277701311037405,0.7058823529411765,949
[6],0.03,0.014,0.006,0.05,0.4,tanh,adam,0.03,64,he,"(-0.1, 0.1)",35,0.11495917115897612,0.6470588235294118,950
[6],0.15,0.018000000000000002,0.004,0.05,0.6000000000000001,sigmoid,adam,0.0,16,gaussian,"(-0.7, 0.7)",30,0.10235301360150538,1.0,951
[3],0.18999999999999997,0.0,0.006,0.05,0.30000000000000004,tanh,sgd,0.01,64,xavier,"(-0.1, 0.1)",35,0.1198953649423943,0.6470588235294118,952
[5],0.12999999999999998,0.014,0.002,0.15000000000000002,0.1,tanh,sgd,0.03,16,range,"(-0.1, 0.1)",30,0.11119203599774387,0.7058823529411765,953
[5],0.18999999999999997,0.016,0.008,0.15000000000000002,0.7000000000000001,tanh,sgd,0.04,16,he,"(-0.1, 0.1)",35,0.0918704737947195,0.8235294117647058,954
[4],0.03,0.008,0.006,0.05,0.2,sigmoid,sgd,0.01,16,xavier,"(-0.7, 0.7)",35,0.11199263292519186,0.7058823529411765,955
[3],0.06999999999999999,0.016,0.004,0.05,0.2,sigmoid,adam,0.04,8,glorot,"(-0.1, 0.1)",30,0.11064932727809382,0.7058823529411765,956
[3],0.18999999999999997,0.008,0.0,0.25,0.1,tanh,adam,0.0,16,he,"(-0.5, 0.5)",20,0.10843680927830376,0.6470588235294118,957
[4],0.18999999999999997,0.004,0.004,0.1,0.6000000000000001,tanh,sgd,0.04,16,range,"(-0.7, 0.7)",20,0.08705433309659938,0.7352941176470589,958
[5],0.01,0.008,0.006,0.05,0.30000000000000004,sigmoid,adam,0.02,8,he,"(-0.1, 0.1)",30,0.1125395848729914,0.7058823529411765,959
[4],0.06999999999999999,0.016,0.006,0.2,0.5,sigmoid,sgd,0.02,16,gaussian,"(-0.7, 0.7)",35,0.13130997384710966,0.7058823529411765,960
[5],0.10999999999999997,0.016,0.006,0.1,0.5,sigmoid,sgd,0.02,64,xavier,"(-0.1, 0.1)",20,0.10981290362262988,0.7058823529411765,961
[4],0.01,0.0,0.006,0.0,0.8,tanh,sgd,0.04,64,range,"(-0.5, 0.5)",35,0.1166332994965048,0.7058823529411765,962
[5],0.12999999999999998,0.014,0.004,0.15000000000000002,0.5,sigmoid,sgd,0.02,16,he,"(-0.7, 0.7)",30,0.11199002400830722,0.7058823529411765,963
[5],0.01,0.016,0.006,0.2,0.2,sigmoid,adam,0.0,16,he,"(-0.1, 0.1)",35,0.12182802443269417,0.5,964
[5],0.08999999999999998,0.002,0.0,0.25,0.0,tanh,adam,0.03,16,he,"(-0.1, 0.1)",20,0.022450690654518893,1.0,965
[6],0.12999999999999998,0.014,0.006,0.25,0.8,sigmoid,adam,0.0,32,range,"(-0.5, 0.5)",30,0.11171055282594791,0.7058823529411765,966
[6],0.01,0.006,0.002,0.15000000000000002,0.4,sigmoid,adam,0.02,16,xavier,"(-0.1, 0.1)",30,0.1120721618132332,0.7058823529411765,967
[5],0.08999999999999998,0.006,0.002,0.15000000000000002,0.1,tanh,sgd,0.02,8,xavier,"(-0.5, 0.5)",20,0.11280619094325493,0.7058823529411765,968
[5],0.049999999999999996,0.008,0.002,0.0,0.0,sigmoid,adam,0.03,16,gaussian,"(-0.7, 0.7)",35,0.05624681765750506,1.0,969
[5],0.06999999999999999,0.002,0.002,0.05,0.5,sigmoid,adam,0.02,64,he,"(-0.5, 0.5)",35,0.0837143292525289,0.7941176470588235,970
[6],0.01,0.012,0.006,0.25,0.6000000000000001,tanh,adam,0.01,64,xavier,"(-0.1, 0.1)",30,0.11958893447590346,0.7058823529411765,971
[3],0.15,0.016,0.0,0.25,0.0,sigmoid,sgd,0.0,16,he,"(-0.5, 0.5)",35,0.11182393825098506,0.7058823529411765,972
[3],0.10999999999999997,0.012,0.008,0.25,0.4,sigmoid,sgd,0.0,64,he,"(-0.7, 0.7)",35,0.11144528631909009,0.7058823529411765,973
[3],0.01,0.008,0.004,0.2,0.1,sigmoid,sgd,0.03,16,xavier,"(-0.7, 0.7)",20,0.11448845782558564,0.7058823529411765,974
[5],0.18999999999999997,0.004,0.0,0.1,0.30000000000000004,sigmoid,adam,0.02,8,he,"(-0.1, 0.1)",20,0.051121571605059805,1.0,975
[3],0.01,0.014,0.0,0.25,0.4,sigmoid,sgd,0.0,32,he,"(-0.1, 0.1)",20,0.11502640117531823,0.7058823529411765,976
[3],0.10999999999999997,0.016,0.008,0.15000000000000002,0.8,tanh,sgd,0.03,64,gaussian,"(-0.5, 0.5)",30,0.11468466097643557,0.7058823529411765,977
[5],0.03,0.008,0.0,0.1,0.8,sigmoid,adam,0.0,32,glorot,"(-0.1, 0.1)",35,0.11693950970011902,0.6470588235294118,978
[5],0.03,0.008,0.002,0.15000000000000002,0.7000000000000001,sigmoid,sgd,0.0,32,xavier,"(-0.7, 0.7)",30,0.11085838795359267,0.7058823529411765,979
[3],0.03,0.01,0.0,0.0,0.1,tanh,sgd,0.03,8,he,"(-0.1, 0.1)",30,0.1207099968611797,0.6470588235294118,980
[4],0.08999999999999998,0.002,0.0,0.15000000000000002,0.1,tanh,adam,0.0,32,glorot,"(-0.1, 0.1)",30,0.024791553263046717,0.9411764705882353,981
[5],0.06999999999999999,0.002,0.0,0.15000000000000002,0.30000000000000004,tanh,sgd,0.01,16,gaussian,"(-0.5, 0.5)",20,0.1078325707088625,0.7058823529411765,982
[5],0.01,0.016,0.004,0.1,0.2,tanh,sgd,0.04,64,gaussian,"(-0.7, 0.7)",35,0.16428845369081954,0.7058823529411765,983
[6],0.18999999999999997,0.004,0.004,0.05,0.30000000000000004,tanh,sgd,0.0,8,range,"(-0.7, 0.7)",35,0.056919213338305324,0.8823529411764706,984
[4],0.03,0.018000000000000002,0.0,0.25,0.4,sigmoid,sgd,0.04,8,xavier,"(-0.7, 0.7)",35,0.11201360416122004,0.7058823529411765,985
[6],0.03,0.018000000000000002,0.002,0.25,0.2,tanh,adam,0.0,32,range,"(-0.5, 0.5)",35,0.12263307827239116,0.7352941176470589,986
[4],0.10999999999999997,0.008,0.002,0.1,0.5,sigmoid,sgd,0.03,64,he,"(-0.7, 0.7)",20,0.11215903884841133,0.7058823529411765,987
[6],0.06999999999999999,0.016,0.006,0.25,0.6000000000000001,tanh,adam,0.04,8,gaussian,"(-0.1, 0.1)",30,0.0638444183146071,1.0,988
[3],0.049999999999999996,0.018000000000000002,0.002,0.25,0.7000000000000001,sigmoid,adam,0.01,8,glorot,"(-0.5, 0.5)",30,0.10092805479450101,0.8529411764705882,989
[6],0.18999999999999997,0.016,0.002,0.25,0.6000000000000001,tanh,adam,0.04,8,gaussian,"(-0.5, 0.5)",20,0.07409109363406755,0.8823529411764706,990
[4],0.08999999999999998,0.0,0.008,0.2,0.30000000000000004,tanh,sgd,0.01,16,gaussian,"(-0.5, 0.5)",30,0.11262667088188695,0.7058823529411765,991
[4],0.01,0.016,0.002,0.25,0.30000000000000004,tanh,adam,0.0,64,xavier,"(-0.1, 0.1)",20,0.1206067535122489,0.6764705882352942,992
[6],0.049999999999999996,0.018000000000000002,0.004,0.25,0.1,sigmoid,adam,0.03,8,range,"(-0.5, 0.5)",35,0.10998557406990404,0.7058823529411765,993
[6],0.03,0.002,0.0,0.2,0.4,sigmoid,sgd,0.04,8,range,"(-0.1, 0.1)",35,0.10967292595744593,0.7058823529411765,994
[6],0.12999999999999998,0.014,0.002,0.15000000000000002,0.0,tanh,sgd,0.01,16,range,"(-0.7, 0.7)",35,0.13562500451233733,0.5588235294117647,995
[5],0.01,0.012,0.006,0.25,0.6000000000000001,tanh,adam,0.0,32,he,"(-0.1, 0.1)",35,0.12048083807365034,0.6764705882352942,996
[3],0.01,0.01,0.0,0.25,0.0,sigmoid,sgd,0.03,16,he,"(-0.1, 0.1)",35,0.11533975750847121,0.7058823529411765,997
[3],0.10999999999999997,0.01,0.006,0.1,0.4,sigmoid,adam,0.0,16,he,"(-0.1, 0.1)",30,0.10092953688400079,1.0,998
[3],0.12999999999999998,0.0,0.004,0.0,0.2,sigmoid,adam,0.03,8,range,"(-0.1, 0.1)",35,0.017583327955811842,1.0,999
[3],0.08999999999999998,0.018000000000000002,0.008,0.05,0.6000000000000001,tanh,adam,0.04,8,xavier,"(-0.1, 0.1)",20,0.06809749832398457,0.9411764705882353,1000
[6],0.15,0.008,0.008,0.25,0.1,sigmoid,adam,0.03,64,he,"(-0.5, 0.5)",20,0.09662476765381806,1.0,1
[3],0.08999999999999998,0.006,0.006,0.1,0.30000000000000004,sigmoid,adam,0.03,32,xavier,"(-0.1, 0.1)",35,0.12526550003773643,0.696969696969697,2
[5],0.01,0.016,0.002,0.2,0.6000000000000001,sigmoid,sgd,0.04,8,xavier,"(-0.5, 0.5)",30,0.12394320399695906,0.5757575757575758,3
[5],0.16999999999999998,0.012,0.006,0.1,0.6000000000000001,tanh,adam,0.01,32,gaussian,"(-0.5, 0.5)",20,0.0887538478107239,1.0,4
[5],0.15,0.008,0.002,0.2,0.2,tanh,sgd,0.04,8,xavier,"(-0.1, 0.1)",30,0.10725111005699754,0.6060606060606061,5
[3],0.01,0.006,0.006,0.2,0.1,sigmoid,sgd,0.0,16,xavier,"(-0.1, 0.1)",35,0.12376893255586835,0.5757575757575758,6
[4],0.06999999999999999,0.008,0.0,0.15000000000000002,0.0,sigmoid,adam,0.02,64,range,"(-0.7, 0.7)",30,0.07898182560917538,0.9696969696969697,7
[3],0.12999999999999998,0.012,0.0,0.2,0.0,tanh,adam,0.02,32,he,"(-0.7, 0.7)",20,0.10643050257897141,0.696969696969697,8
[5],0.06999999999999999,0.018000000000000002,0.004,0.25,0.6000000000000001,sigmoid,adam,0.01,16,xavier,"(-0.5, 0.5)",35,0.1338439292084816,1.0,9
[6],0.049999999999999996,0.012,0.0,0.0,0.5,tanh,sgd,0.01,64,gaussian,"(-0.7, 0.7)",20,0.13700406789348676,0.5757575757575758,10
[5],0.12999999999999998,0.01,0.004,0.2,0.2,sigmoid,adam,0.03,64,he,"(-0.7, 0.7)",35,0.09855403285857564,1.0,11
[4],0.06999999999999999,0.018000000000000002,0.006,0.1,0.5,sigmoid,sgd,0.04,8,xavier,"(-0.1, 0.1)",35,0.12509322070892565,0.5757575757575758,12
[5],0.16999999999999998,0.014,0.006,0.0,0.4,tanh,adam,0.01,16,glorot,"(-0.1, 0.1)",30,0.048064704940754044,1.0,13
[3],0.18999999999999997,0.0,0.008,0.1,0.7000000000000001,tanh,sgd,0.03,32,glorot,"(-0.5, 0.5)",20,0.12325523984558234,0.5454545454545454,14
[3],0.16999999999999998,0.006,0.004,0.05,0.0,sigmoid,sgd,0.02,16,glorot,"(-0.7, 0.7)",30,0.12234205208504441,0.5757575757575758,15
[4],0.06999999999999999,0.008,0.006,0.25,0.1,tanh,sgd,0.01,8,glorot,"(-0.5, 0.5)",30,0.11390928179477781,0.6363636363636364,16
[3],0.16999999999999998,0.018000000000000002,0.006,0.0,0.1,sigmoid,adam,0.03,32,range,"(-0.7, 0.7)",30,0.11156779118900521,1.0,17
[4],0.08999999999999998,0.004,0.004,0.15000000000000002,0.5,sigmoid,sgd,0.04,32,he,"(-0.7, 0.7)",35,0.12680750500885463,0.5757575757575758,18
[3],0.08999999999999998,0.008,0.004,0.0,0.30000000000000004,tanh,sgd,0.04,16,he,"(-0.5, 0.5)",30,0.12581460097701422,0.5454545454545454,19
[3],0.16999999999999998,0.002,0.004,0.1,0.8,tanh,sgd,0.01,64,he,"(-0.1, 0.1)",20,0.100174700147679,0.696969696969697,20
[4],0.03,0.01,0.002,0.0,0.7000000000000001,sigmoid,adam,0.04,8,range,"(-0.1, 0.1)",30,0.12171059001270848,0.6666666666666666,21
[6],0.16999999999999998,0.012,0.0,0.0,0.5,sigmoid,sgd,0.01,32,he,"(-0.1, 0.1)",20,0.12623565149794036,0.5757575757575758,22
[4],0.18999999999999997,0.008,0.004,0.1,0.1,sigmoid,sgd,0.03,8,he,"(-0.7, 0.7)",30,0.12385140508377149,0.5454545454545454,23
[5],0.049999999999999996,0.01,0.0,0.15000000000000002,0.4,sigmoid,sgd,0.0,16,range,"(-0.5, 0.5)",35,0.12592672399076965,0.5757575757575758,24
[3],0.01,0.014,0.008,0.15000000000000002,0.7000000000000001,tanh,adam,0.02,8,gaussian,"(-0.5, 0.5)",20,0.1274144060755537,0.5757575757575758,25
[5],0.15,0.012,0.0,0.25,0.30000000000000004,tanh,adam,0.01,16,glorot,"(-0.1, 0.1)",30,0.07219871165245653,0.9696969696969697,26
[4],0.08999999999999998,0.014,0.004,0.0,0.5,sigmoid,adam,0.01,16,range,"(-0.5, 0.5)",30,0.08987204256099515,1.0,27
[6],0.03,0.008,0.008,0.25,0.2,tanh,sgd,0.03,32,range,"(-0.5, 0.5)",20,0.12598758078378156,0.5757575757575758,28
[6],0.16999999999999998,0.004,0.006,0.25,0.5,tanh,adam,0.01,8,glorot,"(-0.1, 0.1)",30,0.047391487943469486,1.0,29
[6],0.01,0.002,0.006,0.25,0.4,sigmoid,adam,0.02,8,gaussian,"(-0.1, 0.1)",35,0.12433442349318774,0.5757575757575758,30
[4],0.10999999999999997,0.012,0.008,0.05,0.5,tanh,sgd,0.03,16,range,"(-0.5, 0.5)",30,0.1193126617230776,0.5757575757575758,31
[6],0.12999999999999998,0.01,0.004,0.0,0.2,sigmoid,adam,0.03,8,he,"(-0.5, 0.5)",20,0.0647433164967344,1.0,32
[4],0.15,0.008,0.0,0.05,0.8,sigmoid,adam,0.02,64,he,"(-0.1, 0.1)",35,0.06069965921235238,1.0,33
[4],0.12999999999999998,0.014,0.004,0.15000000000000002,0.2,tanh,adam,0.02,32,he,"(-0.1, 0.1)",20,0.0932071510237677,0.8787878787878788,34
[5],0.18999999999999997,0.016,0.008,0.05,0.7000000000000001,tanh,adam,0.02,16,glorot,"(-0.7, 0.7)",30,0.07033441250364347,1.0,35
[4],0.049999999999999996,0.0,0.008,0.1,0.7000000000000001,sigmoid,adam,0.02,32,glorot,"(-0.5, 0.5)",30,0.0599965497991872,0.9696969696969697,36
[4],0.18999999999999997,0.0,0.0,0.2,0.7000000000000001,tanh,sgd,0.03,8,he,"(-0.1, 0.1)",35,0.005321327882397125,1.0,37
[5],0.049999999999999996,0.016,0.006,0.0,0.5,sigmoid,adam,0.02,16,gaussian,"(-0.1, 0.1)",35,0.09941053159144436,1.0,38
[6],0.06999999999999999,0.016,0.004,0.1,0.4,sigmoid,adam,0.0,16,range,"(-0.5, 0.5)",35,0.13545203871829026,1.0,39
[3],0.08999999999999998,0.012,0.008,0.2,0.6000000000000001,sigmoid,adam,0.03,16,he,"(-0.7, 0.7)",20,0.12657389819715537,0.5757575757575758,40
[6],0.049999999999999996,0.008,0.006,0.15000000000000002,0.1,sigmoid,adam,0.03,64,xavier,"(-0.5, 0.5)",35,0.12062800041395315,0.5151515151515151,41
[3],0.10999999999999997,0.012,0.0,0.15000000000000002,0.2,sigmoid,adam,0.01,64,glorot,"(-0.1, 0.1)",20,0.12032436872701738,0.6666666666666666,42
[6],0.06999999999999999,0.002,0.004,0.0,0.30000000000000004,sigmoid,sgd,0.03,64,glorot,"(-0.7, 0.7)",20,0.12393083963509902,0.5757575757575758,43
[6],0.049999999999999996,0.008,0.006,0.2,0.8,tanh,adam,0.03,16,gaussian,"(-0.7, 0.7)",20,0.04238364438698718,1.0,44
[4],0.08999999999999998,0.014,0.008,0.25,0.2,sigmoid,adam,0.03,64,range,"(-0.5, 0.5)",30,0.12789602460758448,0.5757575757575758,45
[3],0.15,0.002,0.006,0.15000000000000002,0.1,tanh,adam,0.03,16,he,"(-0.5, 0.5)",35,0.02836211133643389,1.0,46
[5],0.049999999999999996,0.006,0.004,0.05,0.8,sigmoid,sgd,0.04,16,he,"(-0.1, 0.1)",20,0.1250577142489236,0.5757575757575758,47
[6],0.06999999999999999,0.008,0.004,0.1,0.2,tanh,adam,0.0,8,he,"(-0.5, 0.5)",35,0.040887345644191345,1.0,48
[4],0.049999999999999996,0.002,0.008,0.0,0.5,sigmoid,adam,0.0,8,glorot,"(-0.1, 0.1)",30,0.033884695157305925,1.0,49
[6],0.15,0.012,0.008,0.05,0.1,sigmoid,sgd,0.03,32,he,"(-0.1, 0.1)",35,0.1294539223095523,0.5757575757575758,50
[4],0.06999999999999999,0.012,0.004,0.05,0.5,tanh,sgd,0.01,32,xavier,"(-0.1, 0.1)",35,0.12367593969329213,0.6060606060606061,51
[4],0.03,0.0,0.0,0.05,0.5,tanh,adam,0.03,32,range,"(-0.1, 0.1)",30,0.07993542121663648,0.7575757575757576,52
[5],0.18999999999999997,0.014,0.006,0.0,0.30000000000000004,sigmoid,adam,0.0,32,glorot,"(-0.7, 0.7)",35,0.16246325702087736,1.0,53
[4],0.10999999999999997,0.016,0.002,0.05,0.0,sigmoid,adam,0.01,32,he,"(-0.5, 0.5)",30,0.1098688847414527,1.0,54
[4],0.12999999999999998,0.014,0.008,0.2,0.8,sigmoid,adam,0.04,64,xavier,"(-0.5, 0.5)",35,0.13304135158699226,0.7272727272727273,55
[5],0.08999999999999998,0.008,0.008,0.2,0.1,sigmoid,adam,0.01,16,glorot,"(-0.5, 0.5)",20,0.09170195035855273,1.0,56
[4],0.01,0.012,0.0,0.1,0.2,tanh,sgd,0.04,16,gaussian,"(-0.1, 0.1)",35,0.1224082020315118,0.5757575757575758,57
[4],0.08999999999999998,0.014,0.004,0.05,0.5,sigmoid,adam,0.04,64,range,"(-0.1, 0.1)",20,0.12596458528185295,0.5757575757575758,58
[4],0.16999999999999998,0.014,0.002,0.0,0.1,sigmoid,sgd,0.01,16,range,"(-0.7, 0.7)",35,0.12615430176782633,0.5757575757575758,59
[4],0.18999999999999997,0.018000000000000002,0.0,0.0,0.5,sigmoid,adam,0.04,32,he,"(-0.5, 0.5)",30,0.10793971922611573,1.0,60
[3],0.12999999999999998,0.016,0.0,0.25,0.6000000000000001,sigmoid,sgd,0.0,32,gaussian,"(-0.1, 0.1)",30,0.12245066513959803,0.5757575757575758,61
[5],0.12999999999999998,0.016,0.0,0.0,0.30000000000000004,sigmoid,adam,0.01,16,glorot,"(-0.1, 0.1)",30,0.0985724618980014,1.0,62
[6],0.08999999999999998,0.006,0.002,0.0,0.1,sigmoid,adam,0.02,32,range,"(-0.7, 0.7)",35,0.05530994659248198,1.0,63
[4],0.18999999999999997,0.002,0.006,0.2,0.1,tanh,sgd,0.04,8,xavier,"(-0.5, 0.5)",30,0.09360029112207507,0.6363636363636364,64
[3],0.15,0.012,0.004,0.25,0.2,sigmoid,adam,0.04,32,range,"(-0.7, 0.7)",20,0.12712377366698538,0.5757575757575758,65
[6],0.01,0.018000000000000002,0.0,0.0,0.6000000000000001,sigmoid,sgd,0.0,32,xavier,"(-0.7, 0.7)",30,0.12607974965353627,0.5757575757575758,66
[3],0.18999999999999997,0.012,0.004,0.05,0.4,tanh,sgd,0.02,64,xavier,"(-0.1, 0.1)",20,0.12363508501271792,0.5757575757575758,67
[3],0.18999999999999997,0.012,0.0,0.0,0.5,sigmoid,adam,0.01,8,he,"(-0.1, 0.1)",20,0.06614335556888465,1.0,68
[5],0.12999999999999998,0.004,0.004,0.25,0.8,sigmoid,adam,0.04,64,gaussian,"(-0.5, 0.5)",30,0.058082688494862686,1.0,69
[5],0.16999999999999998,0.01,0.004,0.1,0.1,tanh,sgd,0.01,32,gaussian,"(-0.5, 0.5)",35,0.13027403599814472,0.5757575757575758,70
[6],0.08999999999999998,0.002,0.0,0.25,0.30000000000000004,tanh,sgd,0.04,8,gaussian,"(-0.1, 0.1)",35,0.12248970576287135,0.5757575757575758,71
[3],0.12999999999999998,0.012,0.006,0.15000000000000002,0.0,tanh,sgd,0.0,32,range,"(-0.5, 0.5)",35,0.12209714673534366,0.5757575757575758,72
[3],0.08999999999999998,0.006,0.008,0.1,0.2,sigmoid,sgd,0.04,16,he,"(-0.7, 0.7)",35,0.1248485698360336,0.5757575757575758,73
[5],0.15,0.016,0.002,0.2,0.8,sigmoid,sgd,0.03,8,xavier,"(-0.5, 0.5)",30,0.1244835306236055,0.5757575757575758,74
[4],0.03,0.004,0.0,0.1,0.8,tanh,adam,0.04,32,xavier,"(-0.7, 0.7)",20,0.0603873235436411,0.9090909090909091,75
[6],0.08999999999999998,0.016,0.006,0.2,0.1,sigmoid,adam,0.0,32,gaussian,"(-0.5, 0.5)",20,0.1044369394043379,0.9696969696969697,76
[5],0.01,0.002,0.008,0.0,0.30000000000000004,tanh,sgd,0.03,8,gaussian,"(-0.1, 0.1)",30,0.12351011409038004,0.5757575757575758,77
[5],0.08999999999999998,0.002,0.002,0.25,0.30000000000000004,tanh,sgd,0.0,32,he,"(-0.1, 0.1)",30,0.12544096987601702,0.5757575757575758,78
[5],0.06999999999999999,0.018000000000000002,0.006,0.05,0.5,tanh,adam,0.0,32,he,"(-0.1, 0.1)",20,0.07359044956948398,1.0,79
[6],0.01,0.002,0.0,0.2,0.30000000000000004,sigmoid,sgd,0.02,16,range,"(-0.5, 0.5)",20,0.12209058656187731,0.5757575757575758,80
[6],0.12999999999999998,0.002,0.0,0.0,0.4,sigmoid,sgd,0.02,8,range,"(-0.5, 0.5)",35,0.12204634775047221,0.5757575757575758,81
[5],0.049999999999999996,0.012,0.0,0.05,0.1,tanh,adam,0.04,32,range,"(-0.1, 0.1)",35,0.03279591228163324,1.0,82
[3],0.01,0.002,0.0,0.05,0.30000000000000004,sigmoid,sgd,0.0,64,glorot,"(-0.7, 0.7)",30,0.12139695625269425,0.5757575757575758,83
[5],0.10999999999999997,0.012,0.006,0.05,0.2,sigmoid,sgd,0.03,32,gaussian,"(-0.5, 0.5)",20,0.1340296529254578,0.5757575757575758,84
[5],0.08999999999999998,0.012,0.002,0.05,0.8,sigmoid,adam,0.02,8,he,"(-0.1, 0.1)",35,0.083778374776372,1.0,85
[3],0.10999999999999997,0.018000000000000002,0.004,0.0,0.4,sigmoid,sgd,0.03,16,glorot,"(-0.1, 0.1)",30,0.12357453300396203,0.5757575757575758,86
[6],0.15,0.004,0.0,0.0,0.8,tanh,sgd,0.03,32,gaussian,"(-0.1, 0.1)",30,0.08471169687507878,0.7575757575757576,87
[3],0.10999999999999997,0.014,0.008,0.2,0.1,tanh,adam,0.02,8,range,"(-0.5, 0.5)",35,0.04648772339409039,1.0,88
[5],0.10999999999999997,0.004,0.008,0.15000000000000002,0.4,sigmoid,adam,0.01,16,gaussian,"(-0.5, 0.5)",20,0.06120918592666918,1.0,89
[4],0.16999999999999998,0.008,0.002,0.1,0.8,tanh,sgd,0.04,8,xavier,"(-0.1, 0.1)",20,0.024257855768632017,1.0,90
[3],0.15,0.004,0.006,0.1,0.1,sigmoid,adam,0.01,8,he,"(-0.7, 0.7)",30,0.054505385783162164,1.0,91
[6],0.16999999999999998,0.002,0.002,0.0,0.4,tanh,adam,0.01,32,xavier,"(-0.1, 0.1)",20,0.022928493044617484,1.0,92
[3],0.049999999999999996,0.008,0.0,0.05,0.0,sigmoid,sgd,0.0,16,gaussian,"(-0.5, 0.5)",30,0.12554129271306935,0.5757575757575758,93
[5],0.08999999999999998,0.004,0.0,0.1,0.30000000000000004,tanh,adam,0.04,8,he,"(-0.5, 0.5)",35,0.022636910486219946,1.0,94
[4],0.049999999999999996,0.014,0.006,0.0,0.2,tanh,sgd,0.02,64,glorot,"(-0.7, 0.7)",35,0.1300921026869438,0.5757575757575758,95
[6],0.18999999999999997,0.018000000000000002,0.008,0.15000000000000002,0.2,tanh,adam,0.04,64,he,"(-0.1, 0.1)",20,0.0863254057048528,0.9696969696969697,96
[4],0.10999999999999997,0.0,0.006,0.25,0.6000000000000001,tanh,adam,0.03,16,glorot,"(-0.7, 0.7)",30,0.09128023733709477,0.7272727272727273,97
[4],0.06999999999999999,0.018000000000000002,0.006,0.2,0.0,sigmoid,adam,0.0,8,range,"(-0.5, 0.5)",30,0.10528481352079655,1.0,98
[5],0.01,0.01,0.002,0.05,0.0,sigmoid,sgd,0.01,64,gaussian,"(-0.7, 0.7)",30,0.13738616106804594,0.5757575757575758,99
[4],0.049999999999999996,0.01,0.008,0.25,0.30000000000000004,sigmoid,sgd,0.01,8,he,"(-0.1, 0.1)",20,0.12642064618910026,0.5757575757575758,100
[3],0.12999999999999998,0.002,0.006,0.15000000000000002,0.7000000000000001,tanh,adam,0.03,64,gaussian,"(-0.5, 0.5)",20,0.0983490124943416,0.7272727272727273,101
[3],0.18999999999999997,0.016,0.008,0.1,0.1,sigmoid,sgd,0.02,64,range,"(-0.5, 0.5)",20,0.12434717008593034,0.5757575757575758,102
[4],0.18999999999999997,0.0,0.002,0.15000000000000002,0.1,tanh,adam,0.04,64,gaussian,"(-0.1, 0.1)",30,0.022666845374154667,0.9696969696969697,103
[5],0.049999999999999996,0.006,0.006,0.05,0.4,tanh,adam,0.03,16,glorot,"(-0.1, 0.1)",30,0.043462539266766506,0.9696969696969697,104
[6],0.16999999999999998,0.014,0.004,0.0,0.8,sigmoid,adam,0.03,8,gaussian,"(-0.5, 0.5)",35,0.07562430163536629,1.0,105
[5],0.08999999999999998,0.008,0.0,0.0,0.2,tanh,adam,0.04,32,xavier,"(-0.5, 0.5)",30,0.04070834953382429,0.9696969696969697,106
[4],0.15,0.018000000000000002,0.002,0.15000000000000002,0.6000000000000001,tanh,sgd,0.02,32,range,"(-0.5, 0.5)",35,0.12524131151154486,0.5757575757575758,107
[6],0.03,0.002,0.008,0.2,0.1,tanh,sgd,0.04,16,glorot,"(-0.7, 0.7)",30,0.12776090062048606,0.5757575757575758,108
[4],0.08999999999999998,0.014,0.006,0.1,0.6000000000000001,tanh,adam,0.02,16,glorot,"(-0.1, 0.1)",35,0.05548680473329112,1.0,109
[4],0.03,0.016,0.008,0.0,0.5,tanh,adam,0.02,32,gaussian,"(-0.1, 0.1)",30,0.04834831756558795,0.9696969696969697,110
[5],0.10999999999999997,0.01,0.006,0.2,0.7000000000000001,sigmoid,adam,0.04,8,glorot,"(-0.5, 0.5)",35,0.09288562288196828,1.0,111
[3],0.08999999999999998,0.01,0.004,0.05,0.0,sigmoid,sgd,0.03,16,gaussian,"(-0.5, 0.5)",20,0.12839470716966703,0.5757575757575758,112
[4],0.15,0.004,0.004,0.2,0.2,sigmoid,sgd,0.04,32,glorot,"(-0.5, 0.5)",35,0.12446293109886546,0.5757575757575758,113
[4],0.08999999999999998,0.0,0.004,0.1,0.5,sigmoid,adam,0.0,64,glorot,"(-0.5, 0.5)",35,0.02221608743523861,1.0,114
[5],0.12999999999999998,0.01,0.002,0.25,0.6000000000000001,tanh,sgd,0.02,16,glorot,"(-0.5, 0.5)",20,0.09113535114095048,0.7272727272727273,115
[4],0.049999999999999996,0.0,0.002,0.05,0.0,tanh,sgd,0.0,64,he,"(-0.7, 0.7)",30,0.12515969681034508,0.6060606060606061,116
[3],0.15,0.004,0.006,0.1,0.2,sigmoid,sgd,0.02,64,glorot,"(-0.1, 0.1)",35,0.12585013462339512,0.5757575757575758,117
[6],0.15,0.006,0.006,0.05,0.5,sigmoid,sgd,0.04,16,xavier,"(-0.1, 0.1)",35,0.12586395929226274,0.5757575757575758,118
[5],0.12999999999999998,0.018000000000000002,0.002,0.05,0.0,tanh,sgd,0.03,32,gaussian,"(-0.5, 0.5)",35,0.13367899622504523,0.5757575757575758,119
[6],0.03,0.01,0.008,0.2,0.4,tanh,adam,0.01,16,glorot,"(-0.5, 0.5)",35,0.06352375251520823,0.9696969696969697,120
[5],0.03,0.002,0.0,0.0,0.2,sigmoid,adam,0.03,64,gaussian,"(-0.5, 0.5)",20,0.08882161072302293,0.7272727272727273,121
[6],0.049999999999999996,0.006,0.002,0.0,0.5,sigmoid,adam,0.02,8,range,"(-0.5, 0.5)",30,0.04608809347869177,1.0,122
[4],0.18999999999999997,0.012,0.0,0.1,0.8,tanh,adam,0.01,8,he,"(-0.7, 0.7)",20,0.06856747182931318,0.9696969696969697,123
[5],0.049999999999999996,0.004,0.0,0.15000000000000002,0.0,tanh,sgd,0.0,8,glorot,"(-0.5, 0.5)",20,0.1278056693302508,0.6363636363636364,124
[4],0.049999999999999996,0.016,0.006,0.1,0.5,sigmoid,adam,0.03,32,xavier,"(-0.7, 0.7)",35,0.12589178910558874,0.5757575757575758,125
[6],0.01,0.002,0.006,0.15000000000000002,0.7000000000000001,tanh,sgd,0.04,8,gaussian,"(-0.1, 0.1)",20,0.12349209380731205,0.5757575757575758,126
[4],0.01,0.01,0.002,0.25,0.2,sigmoid,sgd,0.02,16,xavier,"(-0.1, 0.1)",30,0.12358109697452394,0.5757575757575758,127
[6],0.10999999999999997,0.0,0.004,0.1,0.8,sigmoid,adam,0.01,16,he,"(-0.5, 0.5)",35,0.01740294468141418,1.0,128
[6],0.16999999999999998,0.008,0.006,0.0,0.4,sigmoid,sgd,0.03,8,glorot,"(-0.7, 0.7)",35,0.12596669699218838,0.5757575757575758,129
[5],0.10999999999999997,0.008,0.002,0.15000000000000002,0.30000000000000004,sigmoid,adam,0.0,16,gaussian,"(-0.5, 0.5)",35,0.09016152746450355,1.0,130
[6],0.03,0.012,0.008,0.25,0.0,tanh,adam,0.03,8,gaussian,"(-0.1, 0.1)",35,0.1035897700920855,0.7575757575757576,131
[6],0.10999999999999997,0.008,0.004,0.0,0.0,tanh,sgd,0.03,64,gaussian,"(-0.1, 0.1)",35,0.12506564321239094,0.5757575757575758,132
[6],0.15,0.0,0.004,0.0,0.30000000000000004,tanh,adam,0.01,16,glorot,"(-0.1, 0.1)",30,0.06199564722678391,0.8787878787878788,133
[6],0.08999999999999998,0.01,0.006,0.0,0.4,tanh,sgd,0.0,8,glorot,"(-0.5, 0.5)",30,0.0704764800843961,0.8484848484848485,134
[4],0.049999999999999996,0.004,0.006,0.15000000000000002,0.1,sigmoid,sgd,0.03,32,gaussian,"(-0.1, 0.1)",30,0.12386088315700547,0.5757575757575758,135
[4],0.15,0.004,0.008,0.0,0.6000000000000001,tanh,sgd,0.01,16,range,"(-0.1, 0.1)",30,0.10292122861779988,0.6666666666666666,136
[4],0.16999999999999998,0.008,0.0,0.2,0.7000000000000001,tanh,adam,0.03,8,glorot,"(-0.5, 0.5)",30,0.03634911102840029,1.0,137
[6],0.049999999999999996,0.004,0.004,0.1,0.8,sigmoid,adam,0.03,8,glorot,"(-0.7, 0.7)",35,0.049772762110812586,1.0,138
[4],0.06999999999999999,0.008,0.0,0.2,0.30000000000000004,sigmoid,adam,0.04,16,glorot,"(-0.7, 0.7)",20,0.07336176759946963,1.0,139
[5],0.18999999999999997,0.004,0.006,0.15000000000000002,0.8,tanh,adam,0.04,8,range,"(-0.1, 0.1)",30,0.0307649978853877,1.0,140
[5],0.12999999999999998,0.01,0.002,0.0,0.0,sigmoid,sgd,0.01,64,he,"(-0.1, 0.1)",35,0.12548337908312035,0.5757575757575758,141
[4],0.12999999999999998,0.0,0.004,0.15000000000000002,0.0,sigmoid,sgd,0.01,16,glorot,"(-0.1, 0.1)",30,0.12389468735527384,0.5757575757575758,142
[4],0.03,0.006,0.006,0.1,0.7000000000000001,sigmoid,adam,0.04,16,range,"(-0.1, 0.1)",35,0.12357297801717937,0.42424242424242425,143
[4],0.12999999999999998,0.016,0.008,0.1,0.5,tanh,sgd,0.03,64,xavier,"(-0.7, 0.7)",20,0.12493264588028462,0.6060606060606061,144
[4],0.12999999999999998,0.018000000000000002,0.008,0.05,0.2,tanh,sgd,0.03,16,range,"(-0.1, 0.1)",35,0.12270714360492875,0.5757575757575758,145
[5],0.18999999999999997,0.016,0.0,0.25,0.6000000000000001,sigmoid,sgd,0.04,8,range,"(-0.7, 0.7)",35,0.12903260409268344,0.48484848484848486,146
[3],0.08999999999999998,0.0,0.008,0.05,0.30000000000000004,tanh,sgd,0.03,16,he,"(-0.5, 0.5)",30,0.12577243473783378,0.5757575757575758,147
[4],0.049999999999999996,0.014,0.004,0.2,0.4,sigmoid,adam,0.03,16,xavier,"(-0.7, 0.7)",35,0.11459562241500272,0.8787878787878788,148
[6],0.049999999999999996,0.004,0.002,0.0,0.5,tanh,sgd,0.01,32,gaussian,"(-0.1, 0.1)",30,0.12294839538216562,0.5757575757575758,149
[4],0.049999999999999996,0.018000000000000002,0.006,0.1,0.5,sigmoid,sgd,0.03,32,gaussian,"(-0.5, 0.5)",20,0.1349593952191274,0.5757575757575758,150
[6],0.049999999999999996,0.008,0.008,0.1,0.1,sigmoid,sgd,0.04,64,glorot,"(-0.7, 0.7)",20,0.12729499898468583,0.5757575757575758,151
[5],0.15,0.01,0.002,0.25,0.6000000000000001,tanh,adam,0.03,8,gaussian,"(-0.7, 0.7)",20,0.04343138099048527,1.0,152
[4],0.049999999999999996,0.0,0.006,0.05,0.30000000000000004,sigmoid,sgd,0.04,32,glorot,"(-0.5, 0.5)",30,0.12500787734244248,0.5757575757575758,153
[3],0.12999999999999998,0.006,0.006,0.2,0.8,tanh,sgd,0.03,64,glorot,"(-0.7, 0.7)",30,0.12288516286969563,0.6363636363636364,154
[5],0.18999999999999997,0.018000000000000002,0.008,0.0,0.6000000000000001,tanh,adam,0.03,8,xavier,"(-0.1, 0.1)",20,0.04533968207659164,1.0,155
[6],0.08999999999999998,0.008,0.008,0.25,0.5,sigmoid,adam,0.01,64,gaussian,"(-0.7, 0.7)",30,0.08761071126757944,1.0,156
[4],0.08999999999999998,0.004,0.004,0.2,0.1,tanh,sgd,0.03,16,gaussian,"(-0.5, 0.5)",30,0.12706358584970173,0.5757575757575758,157
[6],0.08999999999999998,0.008,0.002,0.05,0.2,sigmoid,sgd,0.02,16,gaussian,"(-0.7, 0.7)",35,0.13576790776235614,0.5757575757575758,158
[6],0.06999999999999999,0.016,0.0,0.25,0.0,sigmoid,adam,0.03,16,gaussian,"(-0.5, 0.5)",30,0.1277845221987048,1.0,159
[3],0.01,0.004,0.008,0.1,0.8,sigmoid,adam,0.0,16,xavier,"(-0.1, 0.1)",30,0.12339152646555869,0.5757575757575758,160
[3],0.01,0.008,0.004,0.05,0.5,sigmoid,sgd,0.02,64,xavier,"(-0.7, 0.7)",35,0.12318658375536552,0.5757575757575758,161
[5],0.06999999999999999,0.002,0.006,0.0,0.1,tanh,sgd,0.01,32,he,"(-0.5, 0.5)",35,0.12987126889656758,0.6060606060606061,162
[3],0.10999999999999997,0.008,0.002,0.05,0.8,sigmoid,adam,0.02,8,glorot,"(-0.5, 0.5)",35,0.05930947601680195,1.0,163
[4],0.049999999999999996,0.0,0.006,0.2,0.2,tanh,adam,0.04,8,xavier,"(-0.7, 0.7)",30,0.015829388884347564,1.0,164
[5],0.15,0.002,0.008,0.15000000000000002,0.1,sigmoid,adam,0.01,32,he,"(-0.7, 0.7)",35,0.05680253540737481,1.0,165
[4],0.03,0.008,0.004,0.05,0.6000000000000001,tanh,sgd,0.01,16,range,"(-0.5, 0.5)",20,0.12440337881564265,0.5757575757575758,166
[4],0.12999999999999998,0.014,0.004,0.15000000000000002,0.1,tanh,sgd,0.03,8,he,"(-0.5, 0.5)",20,0.0961257950666631,0.6666666666666666,167
[4],0.15,0.0,0.006,0.25,0.30000000000000004,tanh,adam,0.0,16,glorot,"(-0.7, 0.7)",30,0.07121394609694677,0.8787878787878788,168
[6],0.01,0.012,0.008,0.1,0.30000000000000004,sigmoid,sgd,0.0,64,range,"(-0.7, 0.7)",30,0.13060412369188168,0.5757575757575758,169
[3],0.12999999999999998,0.018000000000000002,0.006,0.05,0.6000000000000001,tanh,sgd,0.0,32,gaussian,"(-0.7, 0.7)",30,0.13880542163989756,0.5757575757575758,170
[4],0.18999999999999997,0.006,0.0,0.2,0.1,tanh,adam,0.04,64,he,"(-0.7, 0.7)",35,0.08086540755021286,0.8181818181818182,171
[6],0.08999999999999998,0.014,0.004,0.0,0.1,sigmoid,adam,0.02,16,gaussian,"(-0.5, 0.5)",30,0.08205520430550839,1.0,172
[5],0.01,0.008,0.006,0.0,0.6000000000000001,sigmoid,adam,0.01,32,gaussian,"(-0.1, 0.1)",35,0.12368086116945597,0.5757575757575758,173
[6],0.049999999999999996,0.012,0.006,0.1,0.4,tanh,adam,0.03,8,range,"(-0.5, 0.5)",20,0.04204669949287417,1.0,174
[5],0.049999999999999996,0.01,0.0,0.2,0.5,tanh,sgd,0.03,8,xavier,"(-0.7, 0.7)",30,0.12373088087867083,0.5757575757575758,175
[5],0.049999999999999996,0.016,0.008,0.05,0.30000000000000004,sigmoid,sgd,0.01,64,glorot,"(-0.7, 0.7)",20,0.1305241952240151,0.5757575757575758,176
[5],0.06999999999999999,0.01,0.008,0.25,0.5,sigmoid,adam,0.03,64,xavier,"(-0.7, 0.7)",30,0.11402871275679521,0.8484848484848485,177
[6],0.18999999999999997,0.004,0.002,0.1,0.4,sigmoid,adam,0.03,16,glorot,"(-0.5, 0.5)",20,0.06026199706987337,1.0,178
[6],0.03,0.002,0.006,0.0,0.6000000000000001,tanh,sgd,0.02,32,he,"(-0.1, 0.1)",35,0.13408134004691172,0.5757575757575758,179
[5],0.10999999999999997,0.0,0.006,0.25,0.8,tanh,sgd,0.04,32,range,"(-0.5, 0.5)",20,0.1262438170043318,0.5757575757575758,180
[3],0.18999999999999997,0.018000000000000002,0.006,0.25,0.2,tanh,adam,0.02,8,glorot,"(-0.7, 0.7)",20,0.10073759246350777,0.8484848484848485,181
[5],0.06999999999999999,0.002,0.004,0.2,0.1,tanh,sgd,0.0,32,he,"(-0.5, 0.5)",35,0.1297530256577786,0.5757575757575758,182
[3],0.18999999999999997,0.012,0.006,0.15000000000000002,0.2,tanh,sgd,0.04,32,glorot,"(-0.5, 0.5)",20,0.12353401486147594,0.5454545454545454,183
[5],0.01,0.01,0.002,0.25,0.7000000000000001,tanh,sgd,0.01,32,he,"(-0.5, 0.5)",30,0.12679367950395182,0.5757575757575758,184
[6],0.06999999999999999,0.0,0.006,0.25,0.7000000000000001,tanh,adam,0.0,8,range,"(-0.1, 0.1)",30,0.03022558296845946,0.9696969696969697,185
[5],0.03,0.018000000000000002,0.004,0.0,0.7000000000000001,sigmoid,sgd,0.02,64,gaussian,"(-0.5, 0.5)",35,0.13611557947600245,0.5757575757575758,186
[3],0.08999999999999998,0.002,0.0,0.15000000000000002,0.0,sigmoid,sgd,0.01,8,range,"(-0.1, 0.1)",30,0.1221910294532802,0.5757575757575758,187
[3],0.06999999999999999,0.018000000000000002,0.0,0.0,0.2,tanh,sgd,0.0,8,he,"(-0.5, 0.5)",30,0.12592257912906027,0.5757575757575758,188
[6],0.049999999999999996,0.018000000000000002,0.008,0.0,0.5,tanh,adam,0.01,16,glorot,"(-0.7, 0.7)",20,0.05429345501816065,1.0,189
[3],0.08999999999999998,0.018000000000000002,0.006,0.1,0.7000000000000001,tanh,adam,0.03,32,he,"(-0.1, 0.1)",30,0.1016284476230872,0.9090909090909091,190
[4],0.06999999999999999,0.006,0.002,0.25,0.8,tanh,adam,0.02,8,range,"(-0.1, 0.1)",20,0.03278411639736788,1.0,191
[5],0.16999999999999998,0.006,0.0,0.2,0.2,tanh,sgd,0.01,8,gaussian,"(-0.5, 0.5)",20,0.12535414380084414,0.5757575757575758,192
[6],0.08999999999999998,0.008,0.008,0.0,0.30000000000000004,tanh,sgd,0.02,8,glorot,"(-0.7, 0.7)",30,0.11978871949015837,0.6060606060606061,193
[4],0.06999999999999999,0.008,0.002,0.25,0.0,tanh,sgd,0.04,16,gaussian,"(-0.7, 0.7)",35,0.13179327267300034,0.5757575757575758,194
[4],0.03,0.012,0.0,0.15000000000000002,0.30000000000000004,sigmoid,sgd,0.0,64,glorot,"(-0.7, 0.7)",35,0.12472016426639491,0.5757575757575758,195
[3],0.03,0.0,0.008,0.0,0.2,sigmoid,sgd,0.03,64,gaussian,"(-0.7, 0.7)",20,0.12821972536069862,0.5757575757575758,196
[5],0.15,0.018000000000000002,0.004,0.05,0.5,tanh,adam,0.02,8,gaussian,"(-0.7, 0.7)",35,0.0519222735030489,1.0,197
[4],0.10999999999999997,0.008,0.006,0.25,0.2,tanh,sgd,0.04,64,xavier,"(-0.5, 0.5)",20,0.12318184527625962,0.5757575757575758,198
[4],0.06999999999999999,0.016,0.004,0.2,0.2,sigmoid,sgd,0.0,64,he,"(-0.7, 0.7)",20,0.12492409216373362,0.5757575757575758,199
[5],0.10999999999999997,0.0,0.008,0.0,0.0,sigmoid,adam,0.03,16,range,"(-0.5, 0.5)",35,0.02258939519773285,1.0,200
[4],0.18999999999999997,0.01,0.002,0.2,0.1,sigmoid,adam,0.03,16,xavier,"(-0.1, 0.1)",35,0.1008894094197577,1.0,201
[4],0.15,0.012,0.004,0.05,0.4,sigmoid,sgd,0.02,64,glorot,"(-0.7, 0.7)",35,0.12552959180742648,0.5757575757575758,202
[4],0.06999999999999999,0.016,0.004,0.2,0.5,tanh,sgd,0.0,8,gaussian,"(-0.7, 0.7)",20,0.13670390108120492,0.48484848484848486,203
[5],0.08999999999999998,0.008,0.004,0.2,0.4,tanh,sgd,0.0,64,he,"(-0.1, 0.1)",30,0.12739543128825867,0.5757575757575758,204
[3],0.16999999999999998,0.014,0.0,0.05,0.2,sigmoid,sgd,0.03,64,he,"(-0.7, 0.7)",35,0.1235878195293437,0.5757575757575758,205
[3],0.049999999999999996,0.01,0.004,0.25,0.8,sigmoid,sgd,0.0,16,xavier,"(-0.1, 0.1)",35,0.12336148381916148,0.5757575757575758,206
[5],0.03,0.0,0.002,0.25,0.7000000000000001,sigmoid,sgd,0.0,16,range,"(-0.5, 0.5)",20,0.12376446298066877,0.5757575757575758,207
[5],0.15,0.01,0.004,0.0,0.2,tanh,sgd,0.03,8,gaussian,"(-0.5, 0.5)",35,0.14183721127613588,0.45454545454545453,208
[6],0.06999999999999999,0.006,0.0,0.05,0.2,tanh,sgd,0.03,64,glorot,"(-0.5, 0.5)",35,0.12546320388487908,0.5757575757575758,209
[4],0.03,0.004,0.006,0.1,0.6000000000000001,sigmoid,sgd,0.01,16,he,"(-0.5, 0.5)",35,0.1280911202641579,0.5757575757575758,210
[5],0.16999999999999998,0.004,0.008,0.1,0.6000000000000001,tanh,adam,0.01,8,range,"(-0.1, 0.1)",35,0.03523859192114087,1.0,211
[5],0.18999999999999997,0.0,0.008,0.25,0.4,tanh,sgd,0.02,64,he,"(-0.1, 0.1)",30,0.12680722780070686,0.5757575757575758,212
[6],0.06999999999999999,0.014,0.008,0.25,0.2,tanh,adam,0.02,32,range,"(-0.5, 0.5)",30,0.06943901134467115,1.0,213
[6],0.12999999999999998,0.012,0.008,0.1,0.5,tanh,adam,0.0,32,gaussian,"(-0.7, 0.7)",30,0.10043728778002681,0.9696969696969697,214
[5],0.01,0.012,0.006,0.2,0.6000000000000001,tanh,adam,0.0,8,he,"(-0.7, 0.7)",35,0.09834787239815651,0.7575757575757576,215
[3],0.10999999999999997,0.018000000000000002,0.002,0.1,0.6000000000000001,tanh,sgd,0.02,16,glorot,"(-0.5, 0.5)",30,0.12382296793710386,0.5454545454545454,216
[6],0.18999999999999997,0.01,0.0,0.25,0.8,sigmoid,adam,0.03,64,gaussian,"(-0.7, 0.7)",35,0.09904189352621706,1.0,217
[6],0.06999999999999999,0.016,0.002,0.2,0.5,sigmoid,adam,0.0,64,xavier,"(-0.5, 0.5)",30,0.1073542681235153,0.9696969696969697,218
[3],0.049999999999999996,0.0,0.008,0.05,0.2,tanh,sgd,0.0,16,xavier,"(-0.7, 0.7)",20,0.12384981007472637,0.5757575757575758,219
[4],0.18999999999999997,0.008,0.004,0.25,0.6000000000000001,sigmoid,adam,0.03,16,he,"(-0.7, 0.7)",20,0.09341201430656362,0.8787878787878788,220
[5],0.16999999999999998,0.014,0.004,0.2,0.7000000000000001,sigmoid,adam,0.0,16,range,"(-0.5, 0.5)",30,0.12654892753274724,1.0,221
[5],0.16999999999999998,0.018000000000000002,0.002,0.25,0.8,tanh,sgd,0.01,32,range,"(-0.7, 0.7)",30,0.08937801986132082,0.8181818181818182,222
[3],0.12999999999999998,0.018000000000000002,0.004,0.05,0.5,tanh,sgd,0.01,64,he,"(-0.1, 0.1)",20,0.12600365044364178,0.5454545454545454,223
[3],0.18999999999999997,0.0,0.0,0.2,0.1,tanh,adam,0.04,64,xavier,"(-0.1, 0.1)",20,0.11732852152782328,0.5757575757575758,224
[3],0.08999999999999998,0.018000000000000002,0.006,0.05,0.30000000000000004,tanh,sgd,0.04,8,gaussian,"(-0.5, 0.5)",35,0.13061555999140992,0.5757575757575758,225
[3],0.08999999999999998,0.01,0.008,0.15000000000000002,0.1,tanh,adam,0.0,8,he,"(-0.7, 0.7)",30,0.06875532866028228,0.9090909090909091,226
[5],0.16999999999999998,0.006,0.004,0.25,0.4,tanh,adam,0.01,8,gaussian,"(-0.7, 0.7)",30,0.043019153563295,1.0,227
[4],0.01,0.016,0.004,0.0,0.8,sigmoid,adam,0.02,32,range,"(-0.1, 0.1)",30,0.12287079037584488,0.5757575757575758,228
[6],0.049999999999999996,0.01,0.004,0.0,0.5,tanh,sgd,0.02,8,range,"(-0.1, 0.1)",35,0.12244744971996105,0.5757575757575758,229
[4],0.15,0.01,0.006,0.15000000000000002,0.0,tanh,adam,0.0,64,gaussian,"(-0.7, 0.7)",30,0.05470004541344787,1.0,230
[5],0.03,0.006,0.004,0.0,0.2,tanh,sgd,0.03,32,he,"(-0.7, 0.7)",30,0.1276500848454097,0.5757575757575758,231
[4],0.15,0.014,0.0,0.25,0.6000000000000001,sigmoid,sgd,0.03,8,he,"(-0.5, 0.5)",35,0.12026388321734009,0.42424242424242425,232
[5],0.18999999999999997,0.0,0.006,0.0,0.8,sigmoid,adam,0.03,8,gaussian,"(-0.1, 0.1)",20,0.015095797770848272,1.0,233
[4],0.10999999999999997,0.002,0.002,0.0,0.4,tanh,adam,0.04,8,he,"(-0.5, 0.5)",20,0.009832976506443027,1.0,234
[5],0.18999999999999997,0.008,0.002,0.2,0.5,tanh,sgd,0.01,64,he,"(-0.7, 0.7)",35,0.12584157823769776,0.5757575757575758,235
[5],0.18999999999999997,0.002,0.002,0.25,0.8,tanh,adam,0.0,8,range,"(-0.7, 0.7)",20,0.06320798484948895,0.9696969696969697,236
[3],0.03,0.006,0.002,0.15000000000000002,0.5,sigmoid,sgd,0.01,8,he,"(-0.1, 0.1)",20,0.12339813514738307,0.5757575757575758,237
[5],0.03,0.014,0.0,0.25,0.7000000000000001,sigmoid,sgd,0.03,64,range,"(-0.5, 0.5)",20,0.12577623919907668,0.5757575757575758,238
[4],0.16999999999999998,0.014,0.008,0.25,0.0,sigmoid,sgd,0.01,16,gaussian,"(-0.7, 0.7)",20,0.14251357574560164,0.5757575757575758,239
[4],0.01,0.008,0.004,0.2,0.4,sigmoid,adam,0.0,64,range,"(-0.7, 0.7)",20,0.1254645060497002,0.5757575757575758,240
[6],0.08999999999999998,0.018000000000000002,0.004,0.15000000000000002,0.1,sigmoid,adam,0.01,32,range,"(-0.7, 0.7)",20,0.1472765900550013,1.0,241
[3],0.049999999999999996,0.016,0.004,0.05,0.2,tanh,sgd,0.03,8,gaussian,"(-0.7, 0.7)",35,0.1366572014249157,0.5757575757575758,242
[4],0.03,0.006,0.006,0.15000000000000002,0.4,sigmoid,adam,0.0,16,gaussian,"(-0.5, 0.5)",35,0.06666048737261987,1.0,243
[6],0.18999999999999997,0.004,0.004,0.25,0.1,tanh,sgd,0.01,16,he,"(-0.7, 0.7)",20,0.1290217738688072,0.6060606060606061,244
[4],0.12999999999999998,0.016,0.002,0.05,0.0,sigmoid,adam,0.01,64,range,"(-0.5, 0.5)",35,0.10609880125616727,1.0,245
[5],0.08999999999999998,0.012,0.002,0.0,0.1,tanh,adam,0.0,8,glorot,"(-0.1, 0.1)",20,0.03260827029606624,1.0,246
[4],0.03,0.004,0.004,0.0,0.7000000000000001,tanh,adam,0.02,32,xavier,"(-0.5, 0.5)",20,0.03926839655311426,0.9696969696969697,247
[4],0.03,0.006,0.004,0.0,0.1,sigmoid,sgd,0.02,32,range,"(-0.5, 0.5)",35,0.12344876880554391,0.5757575757575758,248
[5],0.01,0.018000000000000002,0.002,0.2,0.1,tanh,adam,0.02,32,range,"(-0.5, 0.5)",35,0.12597424491103518,0.6060606060606061,249
[6],0.049999999999999996,0.01,0.004,0.15000000000000002,0.2,sigmoid,adam,0.03,32,he,"(-0.1, 0.1)",35,0.0951266227001513,0.8787878787878788,250
[3],0.15,0.01,0.006,0.05,0.4,sigmoid,adam,0.03,32,gaussian,"(-0.5, 0.5)",30,0.0828256806207889,1.0,251
[5],0.08999999999999998,0.012,0.004,0.15000000000000002,0.4,sigmoid,adam,0.02,16,he,"(-0.1, 0.1)",35,0.10852197607139732,1.0,252
[6],0.08999999999999998,0.012,0.004,0.0,0.8,sigmoid,sgd,0.02,16,gaussian,"(-0.5, 0.5)",35,0.1273171721033929,0.5757575757575758,253
[5],0.049999999999999996,0.002,0.002,0.2,0.1,sigmoid,adam,0.04,64,he,"(-0.5, 0.5)",35,0.1096836981067993,0.5151515151515151,254
[4],0.18999999999999997,0.006,0.006,0.15000000000000002,0.7000000000000001,sigmoid,adam,0.0,32,he,"(-0.1, 0.1)",20,0.06284151088528198,1.0,255
[5],0.03,0.004,0.004,0.0,0.30000000000000004,sigmoid,adam,0.0,16,he,"(-0.5, 0.5)",20,0.0424802921294849,1.0,256
[4],0.06999999999999999,0.014,0.002,0.0,0.7000000000000001,tanh,sgd,0.04,64,he,"(-0.1, 0.1)",30,0.1304487337835106,0.5151515151515151,257
[3],0.01,0.012,0.002,0.05,0.30000000000000004,tanh,adam,0.01,16,he,"(-0.1, 0.1)",20,0.10395204124869215,0.6363636363636364,258
[3],0.16999999999999998,0.01,0.008,0.05,0.7000000000000001,tanh,adam,0.04,16,glorot,"(-0.1, 0.1)",20,0.058828679235626236,0.9696969696969697,259
[3],0.16999999999999998,0.018000000000000002,0.004,0.1,0.1,sigmoid,adam,0.04,8,range,"(-0.1, 0.1)",20,0.09510458256629256,1.0,260
[5],0.049999999999999996,0.016,0.0,0.15000000000000002,0.8,sigmoid,adam,0.01,8,glorot,"(-0.5, 0.5)",20,0.08651021438337034,1.0,261
[4],0.18999999999999997,0.01,0.004,0.05,0.4,sigmoid,sgd,0.02,64,gaussian,"(-0.7, 0.7)",30,0.1365819275280854,0.5757575757575758,262
[4],0.01,0.008,0.0,0.2,0.30000000000000004,sigmoid,adam,0.01,32,xavier,"(-0.7, 0.7)",20,0.12345936872920527,0.5757575757575758,263
[3],0.18999999999999997,0.002,0.006,0.05,0.1,tanh,sgd,0.01,16,he,"(-0.7, 0.7)",20,0.12566369145812314,0.5757575757575758,264
[3],0.16999999999999998,0.014,0.002,0.1,0.4,tanh,sgd,0.04,8,glorot,"(-0.1, 0.1)",20,0.09365922264849205,0.7878787878787878,265
[3],0.049999999999999996,0.01,0.006,0.2,0.8,tanh,sgd,0.0,16,he,"(-0.1, 0.1)",35,0.10303588192723347,0.7272727272727273,266
[4],0.15,0.004,0.004,0.1,0.5,sigmoid,sgd,0.03,64,range,"(-0.7, 0.7)",35,0.12437318292907329,0.5757575757575758,267
[3],0.10999999999999997,0.004,0.008,0.05,0.1,sigmoid,adam,0.03,32,gaussian,"(-0.5, 0.5)",30,0.05335001158577788,1.0,268
[5],0.01,0.002,0.008,0.0,0.0,tanh,adam,0.02,8,xavier,"(-0.5, 0.5)",30,0.08048834244135647,0.8181818181818182,269
[6],0.01,0.002,0.002,0.05,0.1,tanh,sgd,0.02,64,he,"(-0.1, 0.1)",20,0.130240451011871,0.5454545454545454,270
[3],0.01,0.006,0.006,0.15000000000000002,0.8,tanh,adam,0.02,16,range,"(-0.5, 0.5)",35,0.1051944685567718,0.696969696969697,271
[4],0.16999999999999998,0.008,0.006,0.25,0.1,tanh,adam,0.04,8,glorot,"(-0.1, 0.1)",20,0.03891002127772897,1.0,272
[4],0.03,0.004,0.008,0.0,0.8,sigmoid,sgd,0.03,16,glorot,"(-0.1, 0.1)",30,0.12640415162706098,0.5757575757575758,273
[3],0.03,0.004,0.008,0.25,0.8,sigmoid,sgd,0.0,8,xavier,"(-0.5, 0.5)",20,0.12359019457004088,0.5757575757575758,274
[4],0.15,0.0,0.004,0.0,0.6000000000000001,tanh,adam,0.04,16,he,"(-0.1, 0.1)",20,0.006538731048036182,1.0,275
[4],0.10999999999999997,0.008,0.006,0.1,0.4,tanh,adam,0.01,8,glorot,"(-0.7, 0.7)",20,0.06093341558193128,0.9696969696969697,276
[5],0.10999999999999997,0.01,0.008,0.0,0.30000000000000004,tanh,adam,0.01,32,he,"(-0.1, 0.1)",20,0.04382789858543395,1.0,277
[6],0.049999999999999996,0.008,0.006,0.15000000000000002,0.7000000000000001,tanh,sgd,0.01,64,glorot,"(-0.5, 0.5)",20,0.12712118455742677,0.6060606060606061,278
[6],0.08999999999999998,0.014,0.008,0.0,0.4,tanh,adam,0.01,16,he,"(-0.7, 0.7)",20,0.06299137389881214,1.0,279
[3],0.10999999999999997,0.018000000000000002,0.006,0.1,0.2,tanh,adam,0.04,64,range,"(-0.1, 0.1)",30,0.11841585196573796,0.6060606060606061,280
[5],0.06999999999999999,0.014,0.0,0.2,0.6000000000000001,sigmoid,sgd,0.02,64,xavier,"(-0.1, 0.1)",20,0.12319609124681569,0.5757575757575758,281
[6],0.01,0.002,0.004,0.15000000000000002,0.5,sigmoid,adam,0.01,8,gaussian,"(-0.7, 0.7)",35,0.03569484257373273,1.0,282
[5],0.08999999999999998,0.004,0.004,0.0,0.1,tanh,sgd,0.02,16,glorot,"(-0.7, 0.7)",20,0.12916697011971368,0.6060606060606061,283
[6],0.16999999999999998,0.0,0.008,0.2,0.30000000000000004,tanh,adam,0.02,16,glorot,"(-0.5, 0.5)",30,0.03116265632783662,0.9696969696969697,284
[5],0.16999999999999998,0.014,0.004,0.2,0.7000000000000001,tanh,adam,0.01,32,he,"(-0.1, 0.1)",35,0.08298642073907544,1.0,285
[3],0.08999999999999998,0.006,0.006,0.2,0.2,tanh,adam,0.03,32,range,"(-0.5, 0.5)",35,0.12314357141474039,0.7272727272727273,286
[5],0.01,0.014,0.008,0.25,0.6000000000000001,tanh,sgd,0.02,16,gaussian,"(-0.7, 0.7)",20,0.14646166519076984,0.5757575757575758,287
[5],0.16999999999999998,0.0,0.008,0.15000000000000002,0.7000000000000001,tanh,adam,0.0,8,range,"(-0.1, 0.1)",35,0.0817771863175372,0.8181818181818182,288
[4],0.08999999999999998,0.012,0.006,0.0,0.2,tanh,adam,0.01,16,glorot,"(-0.1, 0.1)",20,0.034675122510405575,1.0,289
[3],0.049999999999999996,0.018000000000000002,0.004,0.2,0.6000000000000001,sigmoid,adam,0.0,64,he,"(-0.5, 0.5)",20,0.12519368663105973,0.5757575757575758,290
[5],0.06999999999999999,0.004,0.0,0.2,0.30000000000000004,tanh,sgd,0.01,8,gaussian,"(-0.5, 0.5)",30,0.125151202979703,0.5757575757575758,291
[6],0.08999999999999998,0.002,0.008,0.15000000000000002,0.2,tanh,sgd,0.0,16,glorot,"(-0.5, 0.5)",30,0.12733431139418708,0.5757575757575758,292
[3],0.12999999999999998,0.018000000000000002,0.002,0.05,0.8,tanh,sgd,0.0,8,glorot,"(-0.1, 0.1)",20,0.05351377040807089,0.9696969696969697,293
[3],0.06999999999999999,0.014,0.0,0.2,0.7000000000000001,sigmoid,adam,0.03,64,range,"(-0.1, 0.1)",35,0.12298287508294703,0.5757575757575758,294
[6],0.15,0.006,0.006,0.05,0.1,tanh,sgd,0.03,32,range,"(-0.1, 0.1)",30,0.12243728118316753,0.5757575757575758,295
[5],0.12999999999999998,0.0,0.0,0.0,0.0,tanh,adam,0.03,32,gaussian,"(-0.1, 0.1)",35,0.004473162789569361,1.0,296
[6],0.01,0.002,0.008,0.05,0.2,tanh,adam,0.03,8,range,"(-0.1, 0.1)",30,0.09433973019082978,0.6363636363636364,297
[3],0.01,0.016,0.004,0.05,0.7000000000000001,sigmoid,sgd,0.03,8,gaussian,"(-0.1, 0.1)",20,0.12279973611493739,0.5757575757575758,298
[4],0.049999999999999996,0.004,0.0,0.05,0.6000000000000001,sigmoid,sgd,0.02,8,gaussian,"(-0.1, 0.1)",20,0.12222604643828547,0.5757575757575758,299
[3],0.12999999999999998,0.018000000000000002,0.002,0.1,0.1,sigmoid,adam,0.03,64,range,"(-0.7, 0.7)",30,0.10262542449933676,1.0,300
[3],0.01,0.002,0.004,0.2,0.4,sigmoid,sgd,0.03,16,xavier,"(-0.7, 0.7)",20,0.12297594982566375,0.5757575757575758,301
[4],0.10999999999999997,0.002,0.008,0.15000000000000002,0.4,sigmoid,adam,0.04,64,gaussian,"(-0.5, 0.5)",30,0.11195860567381151,0.6363636363636364,302
[4],0.03,0.002,0.006,0.0,0.2,tanh,adam,0.02,64,he,"(-0.5, 0.5)",20,0.09678594978198668,0.5454545454545454,303
[4],0.08999999999999998,0.004,0.0,0.2,0.2,tanh,adam,0.04,8,he,"(-0.7, 0.7)",30,0.021587884587241035,1.0,304
[5],0.18999999999999997,0.01,0.0,0.05,0.4,sigmoid,adam,0.01,64,xavier,"(-0.1, 0.1)",30,0.08843470262046822,1.0,305
[4],0.06999999999999999,0.002,0.006,0.25,0.5,tanh,adam,0.03,8,xavier,"(-0.1, 0.1)",20,0.07015202991734994,0.8484848484848485,306
[4],0.01,0.012,0.0,0.25,0.30000000000000004,sigmoid,sgd,0.01,8,range,"(-0.5, 0.5)",30,0.12285382008855794,0.5757575757575758,307
[6],0.15,0.008,0.004,0.2,0.2,sigmoid,adam,0.04,8,glorot,"(-0.1, 0.1)",35,0.0746329826159832,1.0,308
[3],0.01,0.008,0.008,0.15000000000000002,0.30000000000000004,sigmoid,adam,0.03,64,glorot,"(-0.5, 0.5)",20,0.12487280604699555,0.5757575757575758,309
[6],0.01,0.004,0.008,0.15000000000000002,0.4,sigmoid,sgd,0.02,64,gaussian,"(-0.5, 0.5)",30,0.1349328700460755,0.5757575757575758,310
[5],0.08999999999999998,0.01,0.008,0.1,0.4,tanh,adam,0.03,64,gaussian,"(-0.1, 0.1)",35,0.054876830335528176,0.9696969696969697,311
[6],0.03,0.01,0.002,0.1,0.2,tanh,sgd,0.01,64,xavier,"(-0.1, 0.1)",20,0.1271452506587754,0.5757575757575758,312
[6],0.12999999999999998,0.012,0.004,0.1,0.8,tanh,sgd,0.03,32,range,"(-0.5, 0.5)",30,0.09428548586069609,0.7272727272727273,313
[5],0.10999999999999997,0.008,0.0,0.05,0.0,sigmoid,sgd,0.0,32,xavier,"(-0.5, 0.5)",30,0.12274772641762415,0.5757575757575758,314
[5],0.18999999999999997,0.008,0.004,0.05,0.8,sigmoid,sgd,0.01,16,he,"(-0.5, 0.5)",35,0.12007171330964442,0.48484848484848486,315
[4],0.06999999999999999,0.01,0.006,0.15000000000000002,0.8,sigmoid,sgd,0.04,64,he,"(-0.5, 0.5)",35,0.1285333622882941,0.5757575757575758,316
[5],0.08999999999999998,0.018000000000000002,0.002,0.25,0.0,sigmoid,sgd,0.0,16,xavier,"(-0.7, 0.7)",30,0.1240115607647745,0.5757575757575758,317
[6],0.03,0.018000000000000002,0.0,0.1,0.7000000000000001,tanh,sgd,0.0,32,gaussian,"(-0.1, 0.1)",20,0.12282588723637362,0.5757575757575758,318
[5],0.16999999999999998,0.002,0.006,0.05,0.30000000000000004,sigmoid,adam,0.01,32,xavier,"(-0.7, 0.7)",20,0.045005605232656565,1.0,319
[3],0.10999999999999997,0.016,0.006,0.25,0.6000000000000001,tanh,sgd,0.04,8,glorot,"(-0.1, 0.1)",35,0.10788495939341271,0.696969696969697,320
[6],0.10999999999999997,0.0,0.004,0.15000000000000002,0.2,sigmoid,adam,0.0,8,range,"(-0.7, 0.7)",20,0.019766695432502375,1.0,321
[3],0.01,0.018000000000000002,0.004,0.1,0.30000000000000004,sigmoid,sgd,0.01,64,glorot,"(-0.1, 0.1)",20,0.12481717494754743,0.5757575757575758,322
[3],0.12999999999999998,0.01,0.006,0.2,0.4,sigmoid,adam,0.03,16,range,"(-0.1, 0.1)",35,0.10112111664221628,1.0,323
[4],0.12999999999999998,0.006,0.002,0.15000000000000002,0.7000000000000001,tanh,sgd,0.0,8,he,"(-0.1, 0.1)",20,0.02207260253958854,1.0,324
[3],0.15,0.01,0.002,0.2,0.8,tanh,sgd,0.02,8,he,"(-0.1, 0.1)",30,0.02972849204060119,1.0,325
[5],0.049999999999999996,0.018000000000000002,0.002,0.0,0.6000000000000001,tanh,adam,0.0,32,xavier,"(-0.7, 0.7)",35,0.051346434335512336,1.0,326
[4],0.16999999999999998,0.002,0.006,0.15000000000000002,0.4,sigmoid,adam,0.02,8,he,"(-0.7, 0.7)",30,0.04398461249941779,1.0,327
[6],0.08999999999999998,0.006,0.008,0.2,0.4,tanh,adam,0.01,64,xavier,"(-0.7, 0.7)",30,0.08006356940530279,0.8484848484848485,328
[5],0.18999999999999997,0.014,0.008,0.2,0.8,sigmoid,sgd,0.02,32,he,"(-0.7, 0.7)",30,0.12754424731380995,0.5757575757575758,329
[3],0.08999999999999998,0.004,0.0,0.0,0.0,sigmoid,adam,0.04,64,gaussian,"(-0.1, 0.1)",30,0.108080344831863,0.696969696969697,330
[6],0.16999999999999998,0.01,0.004,0.1,0.30000000000000004,sigmoid,adam,0.03,64,glorot,"(-0.1, 0.1)",35,0.1147696995675278,1.0,331
[6],0.18999999999999997,0.004,0.002,0.05,0.5,sigmoid,sgd,0.0,16,he,"(-0.7, 0.7)",30,0.12637419978728093,0.5757575757575758,332
[4],0.18999999999999997,0.01,0.002,0.25,0.5,tanh,sgd,0.03,64,xavier,"(-0.1, 0.1)",20,0.12428380290521747,0.5757575757575758,333
[5],0.049999999999999996,0.008,0.004,0.2,0.7000000000000001,sigmoid,sgd,0.01,8,gaussian,"(-0.1, 0.1)",30,0.12319548206575531,0.5757575757575758,334
[5],0.03,0.014,0.002,0.25,0.30000000000000004,tanh,sgd,0.03,16,he,"(-0.7, 0.7)",35,0.1284368514350611,0.5757575757575758,335
[4],0.03,0.01,0.0,0.1,0.6000000000000001,tanh,adam,0.01,64,range,"(-0.5, 0.5)",20,0.08330982722404022,0.8181818181818182,336
[6],0.03,0.006,0.004,0.25,0.30000000000000004,tanh,sgd,0.0,32,he,"(-0.7, 0.7)",20,0.1306017513570906,0.6060606060606061,337
[5],0.12999999999999998,0.004,0.006,0.05,0.6000000000000001,tanh,sgd,0.01,8,glorot,"(-0.1, 0.1)",20,0.038066459629416086,0.9696969696969697,338
[3],0.18999999999999997,0.018000000000000002,0.002,0.2,0.6000000000000001,tanh,adam,0.01,64,glorot,"(-0.5, 0.5)",20,0.12714364245258997,0.5454545454545454,339
[5],0.06999999999999999,0.012,0.006,0.05,0.0,tanh,adam,0.0,64,glorot,"(-0.7, 0.7)",35,0.07244223894881198,0.9090909090909091,340
[3],0.049999999999999996,0.016,0.004,0.25,0.6000000000000001,tanh,adam,0.02,8,glorot,"(-0.5, 0.5)",35,0.06755244508630599,0.9696969696969697,341
[4],0.06999999999999999,0.002,0.0,0.0,0.5,tanh,adam,0.02,8,xavier,"(-0.5, 0.5)",35,0.019192303545898654,0.9696969696969697,342
[4],0.03,0.016,0.0,0.15000000000000002,0.0,sigmoid,adam,0.01,16,xavier,"(-0.7, 0.7)",30,0.12619300188867616,0.6363636363636364,343
[3],0.16999999999999998,0.01,0.002,0.05,0.1,tanh,adam,0.03,8,xavier,"(-0.7, 0.7)",20,0.08855936008098174,0.8484848484848485,344
[6],0.06999999999999999,0.018000000000000002,0.008,0.15000000000000002,0.1,tanh,adam,0.02,32,he,"(-0.1, 0.1)",20,0.08387552325598413,1.0,345
[3],0.15,0.008,0.004,0.25,0.7000000000000001,tanh,adam,0.02,8,he,"(-0.5, 0.5)",35,0.04277359748302347,0.9696969696969697,346
[5],0.03,0.016,0.002,0.0,0.6000000000000001,sigmoid,sgd,0.01,32,xavier,"(-0.1, 0.1)",35,0.1254499518731478,0.5757575757575758,347
[6],0.06999999999999999,0.0,0.004,0.15000000000000002,0.5,tanh,adam,0.03,8,glorot,"(-0.1, 0.1)",20,0.01047427836619296,1.0,348
[5],0.01,0.014,0.006,0.15000000000000002,0.6000000000000001,sigmoid,adam,0.04,32,gaussian,"(-0.7, 0.7)",30,0.1365178393365066,0.5454545454545454,349
[4],0.12999999999999998,0.002,0.0,0.15000000000000002,0.8,tanh,adam,0.02,16,xavier,"(-0.5, 0.5)",30,0.05862824126240838,0.8787878787878788,350
[6],0.08999999999999998,0.002,0.004,0.0,0.2,tanh,sgd,0.02,16,range,"(-0.5, 0.5)",35,0.12343164465499419,0.6363636363636364,351
[5],0.16999999999999998,0.006,0.004,0.2,0.6000000000000001,sigmoid,sgd,0.0,8,range,"(-0.7, 0.7)",35,0.11699690593289026,0.5151515151515151,352
[4],0.01,0.016,0.006,0.0,0.6000000000000001,sigmoid,sgd,0.04,16,range,"(-0.7, 0.7)",35,0.12776226519307807,0.5757575757575758,353
[4],0.15,0.002,0.008,0.0,0.8,sigmoid,sgd,0.04,64,range,"(-0.1, 0.1)",20,0.12266834328248079,0.5757575757575758,354
[6],0.10999999999999997,0.0,0.0,0.2,0.1,tanh,adam,0.03,64,gaussian,"(-0.1, 0.1)",35,0.012537893217594668,1.0,355
[3],0.16999999999999998,0.012,0.006,0.25,0.5,sigmoid,sgd,0.03,16,he,"(-0.7, 0.7)",20,0.12506214534890525,0.5757575757575758,356
[5],0.049999999999999996,0.016,0.008,0.05,0.2,sigmoid,adam,0.03,32,gaussian,"(-0.5, 0.5)",30,0.11094626166048277,1.0,357
[4],0.03,0.006,0.0,0.2,0.7000000000000001,tanh,sgd,0.0,16,he,"(-0.1, 0.1)",35,0.1103710591943783,0.5151515151515151,358
[6],0.12999999999999998,0.004,0.004,0.1,0.30000000000000004,tanh,adam,0.02,8,gaussian,"(-0.7, 0.7)",20,0.024102651925827154,1.0,359
[5],0.12999999999999998,0.012,0.004,0.0,0.6000000000000001,sigmoid,sgd,0.03,16,glorot,"(-0.1, 0.1)",30,0.1265233942001136,0.5757575757575758,360
[5],0.16999999999999998,0.006,0.006,0.05,0.8,sigmoid,sgd,0.02,8,xavier,"(-0.5, 0.5)",20,0.07451306294191878,0.8787878787878788,361
[4],0.06999999999999999,0.008,0.006,0.0,0.7000000000000001,tanh,adam,0.04,64,he,"(-0.5, 0.5)",30,0.0714524440662525,0.8484848484848485,362
[5],0.12999999999999998,0.01,0.004,0.25,0.4,sigmoid,sgd,0.04,64,xavier,"(-0.7, 0.7)",35,0.12391967218942787,0.5757575757575758,363
[4],0.03,0.004,0.004,0.1,0.8,tanh,adam,0.02,8,he,"(-0.1, 0.1)",20,0.016935965611303228,1.0,364
[3],0.10999999999999997,0.002,0.002,0.1,0.6000000000000001,tanh,sgd,0.04,64,he,"(-0.7, 0.7)",30,0.12940173061260302,0.5151515151515151,365
[6],0.06999999999999999,0.016,0.006,0.1,0.4,tanh,adam,0.0,16,he,"(-0.1, 0.1)",20,0.0593291016079496,1.0,366
[5],0.06999999999999999,0.016,0.002,0.1,0.1,sigmoid,adam,0.02,64,xavier,"(-0.7, 0.7)",35,0.10623471437697556,0.9696969696969697,367
[6],0.12999999999999998,0.012,0.004,0.15000000000000002,0.2,sigmoid,adam,0.03,8,xavier,"(-0.7, 0.7)",20,0.07744488842866244,1.0,368
[4],0.12999999999999998,0.014,0.006,0.15000000000000002,0.4,tanh,sgd,0.0,32,xavier,"(-0.7, 0.7)",30,0.11386576000166157,0.5454545454545454,369
[3],0.03,0.016,0.002,0.25,0.0,sigmoid,sgd,0.02,8,range,"(-0.7, 0.7)",20,0.12369982285707173,0.5757575757575758,370
[5],0.16999999999999998,0.004,0.006,0.25,0.1,tanh,sgd,0.01,8,xavier,"(-0.1, 0.1)",35,0.10188957086488716,0.6060606060606061,371
[3],0.12999999999999998,0.012,0.006,0.1,0.6000000000000001,tanh,sgd,0.04,32,glorot,"(-0.7, 0.7)",35,0.12340108279324725,0.5151515151515151,372
[6],0.18999999999999997,0.014,0.008,0.2,0.8,tanh,adam,0.04,64,range,"(-0.7, 0.7)",30,0.09187649648780229,0.9696969696969697,373
[6],0.18999999999999997,0.014,0.0,0.0,0.4,sigmoid,adam,0.04,32,glorot,"(-0.1, 0.1)",35,0.09562675035264907,1.0,374
[3],0.12999999999999998,0.018000000000000002,0.002,0.05,0.5,sigmoid,sgd,0.04,16,xavier,"(-0.5, 0.5)",35,0.12329307392816875,0.5757575757575758,375
[6],0.12999999999999998,0.016,0.006,0.2,0.8,tanh,sgd,0.0,8,xavier,"(-0.1, 0.1)",30,0.051952826552044994,1.0,376
[5],0.01,0.006,0.0,0.1,0.2,tanh,sgd,0.0,32,xavier,"(-0.1, 0.1)",35,0.12344925209284979,0.5757575757575758,377
[6],0.12999999999999998,0.01,0.0,0.05,0.30000000000000004,tanh,sgd,0.04,32,range,"(-0.5, 0.5)",30,0.12253388064502652,0.5757575757575758,378
[6],0.01,0.006,0.008,0.15000000000000002,0.1,sigmoid,adam,0.04,16,range,"(-0.5, 0.5)",20,0.1261148558211915,0.5757575757575758,379
[5],0.10999999999999997,0.006,0.008,0.15000000000000002,0.8,tanh,adam,0.0,16,range,"(-0.5, 0.5)",30,0.05325095457182821,1.0,380
[6],0.12999999999999998,0.004,0.0,0.25,0.30000000000000004,tanh,adam,0.02,64,gaussian,"(-0.5, 0.5)",35,0.029756398540632216,1.0,381
[4],0.03,0.01,0.002,0.25,0.8,sigmoid,adam,0.04,32,xavier,"(-0.1, 0.1)",20,0.12519437244030845,0.5757575757575758,382
[3],0.01,0.016,0.004,0.2,0.0,tanh,sgd,0.0,16,he,"(-0.1, 0.1)",35,0.12663476556604103,0.5757575757575758,383
[6],0.01,0.006,0.006,0.25,0.4,sigmoid,sgd,0.03,16,xavier,"(-0.1, 0.1)",20,0.12543286150313532,0.5757575757575758,384
[5],0.049999999999999996,0.008,0.0,0.1,0.7000000000000001,sigmoid,adam,0.03,16,gaussian,"(-0.5, 0.5)",30,0.06942648494520239,1.0,385
[5],0.049999999999999996,0.018000000000000002,0.002,0.0,0.0,sigmoid,adam,0.01,64,he,"(-0.7, 0.7)",20,0.12661592727924642,0.5757575757575758,386
[3],0.10999999999999997,0.002,0.006,0.1,0.0,tanh,adam,0.01,8,xavier,"(-0.1, 0.1)",30,0.08972496272104095,0.8484848484848485,387
[3],0.08999999999999998,0.018000000000000002,0.006,0.0,0.6000000000000001,tanh,sgd,0.04,64,glorot,"(-0.1, 0.1)",30,0.12394856284287854,0.5151515151515151,388
[3],0.08999999999999998,0.01,0.006,0.0,0.6000000000000001,tanh,adam,0.04,64,xavier,"(-0.1, 0.1)",30,0.0457302180523845,0.9696969696969697,389
[5],0.15,0.014,0.0,0.25,0.7000000000000001,sigmoid,sgd,0.0,16,range,"(-0.1, 0.1)",30,0.12310639700252934,0.5757575757575758,390
[6],0.15,0.0,0.006,0.25,0.0,sigmoid,sgd,0.01,64,range,"(-0.5, 0.5)",20,0.12429614396929568,0.5757575757575758,391
[5],0.08999999999999998,0.01,0.002,0.15000000000000002,0.8,tanh,sgd,0.0,8,xavier,"(-0.7, 0.7)",35,0.03210399916736535,1.0,392
[6],0.16999999999999998,0.0,0.006,0.1,0.6000000000000001,tanh,adam,0.04,8,range,"(-0.5, 0.5)",35,0.01569330160166224,1.0,393
[5],0.18999999999999997,0.016,0.006,0.25,0.4,sigmoid,sgd,0.0,16,range,"(-0.1, 0.1)",20,0.12331262719025064,0.5757575757575758,394
[6],0.16999999999999998,0.012,0.008,0.15000000000000002,0.0,sigmoid,adam,0.02,32,glorot,"(-0.7, 0.7)",30,0.14071029745785624,1.0,395
[5],0.10999999999999997,0.014,0.006,0.1,0.30000000000000004,sigmoid,sgd,0.02,64,he,"(-0.1, 0.1)",20,0.12673047025789388,0.5757575757575758,396
[3],0.06999999999999999,0.004,0.002,0.05,0.5,tanh,adam,0.0,32,gaussian,"(-0.1, 0.1)",20,0.09514301613038512,0.5757575757575758,397
[6],0.12999999999999998,0.008,0.002,0.25,0.5,sigmoid,adam,0.02,32,glorot,"(-0.1, 0.1)",20,0.12059000642868259,1.0,398
[5],0.18999999999999997,0.004,0.006,0.15000000000000002,0.2,sigmoid,adam,0.03,64,glorot,"(-0.1, 0.1)",20,0.09085430471759784,1.0,399
[4],0.16999999999999998,0.0,0.006,0.0,0.0,sigmoid,sgd,0.02,32,range,"(-0.7, 0.7)",35,0.12460238544276381,0.5757575757575758,400
[6],0.08999999999999998,0.002,0.006,0.25,0.30000000000000004,tanh,adam,0.04,16,xavier,"(-0.7, 0.7)",20,0.032348702917136624,1.0,401
[4],0.16999999999999998,0.006,0.002,0.2,0.7000000000000001,tanh,sgd,0.04,64,range,"(-0.7, 0.7)",35,0.1258674721662044,0.5757575757575758,402
[4],0.10999999999999997,0.016,0.0,0.15000000000000002,0.30000000000000004,tanh,sgd,0.03,32,xavier,"(-0.7, 0.7)",20,0.12312952387920509,0.6060606060606061,403
[4],0.10999999999999997,0.0,0.006,0.25,0.30000000000000004,tanh,adam,0.01,32,xavier,"(-0.1, 0.1)",35,0.020136792556785563,1.0,404
[3],0.12999999999999998,0.016,0.004,0.2,0.6000000000000001,sigmoid,sgd,0.01,32,xavier,"(-0.7, 0.7)",35,0.12364146006785516,0.5757575757575758,405
[5],0.01,0.016,0.006,0.15000000000000002,0.2,sigmoid,adam,0.03,16,range,"(-0.1, 0.1)",20,0.1227915014663807,0.5757575757575758,406
[6],0.12999999999999998,0.014,0.006,0.25,0.7000000000000001,tanh,adam,0.01,64,gaussian,"(-0.7, 0.7)",20,0.06878115910984349,1.0,407
[3],0.10999999999999997,0.018000000000000002,0.006,0.1,0.6000000000000001,sigmoid,sgd,0.0,32,xavier,"(-0.7, 0.7)",30,0.12402369968437668,0.5757575757575758,408
[5],0.01,0.012,0.002,0.1,0.2,tanh,sgd,0.0,16,xavier,"(-0.1, 0.1)",30,0.12490736011545589,0.5757575757575758,409
[6],0.15,0.006,0.006,0.1,0.1,tanh,sgd,0.04,64,glorot,"(-0.1, 0.1)",20,0.12691659438915578,0.6060606060606061,410
[4],0.18999999999999997,0.008,0.0,0.15000000000000002,0.30000000000000004,tanh,adam,0.01,32,glorot,"(-0.5, 0.5)",20,0.0969917688272751,0.696969696969697,411
[5],0.15,0.004,0.006,0.25,0.8,tanh,sgd,0.0,64,xavier,"(-0.7, 0.7)",35,0.11696753568550287,0.6060606060606061,412
[5],0.06999999999999999,0.016,0.004,0.2,0.0,sigmoid,adam,0.03,16,he,"(-0.7, 0.7)",30,0.1274881854974832,1.0,413
[3],0.10999999999999997,0.002,0.004,0.2,0.0,tanh,adam,0.01,32,range,"(-0.5, 0.5)",30,0.0918080456484639,0.7575757575757576,414
[5],0.06999999999999999,0.008,0.004,0.05,0.6000000000000001,tanh,adam,0.0,8,glorot,"(-0.5, 0.5)",35,0.059707133177339194,0.9696969696969697,415
[6],0.15,0.004,0.002,0.05,0.2,tanh,adam,0.03,8,he,"(-0.1, 0.1)",20,0.02038486124375551,1.0,416
[3],0.01,0.004,0.006,0.0,0.2,tanh,adam,0.0,64,glorot,"(-0.7, 0.7)",30,0.12244774221046283,0.5454545454545454,417
[6],0.18999999999999997,0.006,0.008,0.25,0.0,tanh,sgd,0.02,32,xavier,"(-0.7, 0.7)",30,0.12770828540406653,0.6060606060606061,418
[3],0.03,0.012,0.008,0.0,0.2,sigmoid,adam,0.02,8,gaussian,"(-0.1, 0.1)",30,0.12567895465612164,0.5757575757575758,419
[3],0.10999999999999997,0.01,0.008,0.1,0.30000000000000004,sigmoid,sgd,0.02,32,he,"(-0.5, 0.5)",30,0.12518957955696994,0.5757575757575758,420
[5],0.049999999999999996,0.006,0.002,0.05,0.1,tanh,adam,0.02,8,xavier,"(-0.7, 0.7)",35,0.026188783252273192,1.0,421
[5],0.03,0.014,0.006,0.2,0.30000000000000004,sigmoid,sgd,0.01,8,he,"(-0.5, 0.5)",35,0.12670228194660113,0.5757575757575758,422
[5],0.18999999999999997,0.0,0.006,0.0,0.5,tanh,adam,0.0,8,glorot,"(-0.1, 0.1)",30,0.007181803241081075,1.0,423
[3],0.03,0.004,0.008,0.15000000000000002,0.4,sigmoid,sgd,0.0,64,xavier,"(-0.1, 0.1)",35,0.12441255437479608,0.5757575757575758,424
[6],0.18999999999999997,0.018000000000000002,0.002,0.2,0.2,sigmoid,adam,0.02,16,range,"(-0.5, 0.5)",35,0.13795047470592814,0.5757575757575758,425
[6],0.049999999999999996,0.016,0.008,0.05,0.0,sigmoid,adam,0.0,32,xavier,"(-0.1, 0.1)",35,0.12211222335102556,1.0,426
[5],0.01,0.01,0.006,0.0,0.8,sigmoid,sgd,0.04,8,xavier,"(-0.7, 0.7)",30,0.12454636526315803,0.5757575757575758,427
[3],0.08999999999999998,0.016,0.004,0.25,0.8,tanh,adam,0.02,8,range,"(-0.5, 0.5)",30,0.0754265151808616,0.9090909090909091,428
[3],0.18999999999999997,0.006,0.008,0.15000000000000002,0.5,tanh,adam,0.0,16,glorot,"(-0.7, 0.7)",20,0.06428334128963319,0.9696969696969697,429
[5],0.08999999999999998,0.016,0.006,0.1,0.8,tanh,sgd,0.02,64,glorot,"(-0.1, 0.1)",20,0.13161013660303816,0.6363636363636364,430
[3],0.01,0.01,0.006,0.0,0.4,tanh,adam,0.0,32,gaussian,"(-0.1, 0.1)",20,0.10239055690103199,0.6363636363636364,431
[4],0.10999999999999997,0.0,0.006,0.15000000000000002,0.5,tanh,adam,0.0,32,gaussian,"(-0.5, 0.5)",35,0.02948966004598852,0.9696969696969697,432
[3],0.16999999999999998,0.01,0.004,0.25,0.7000000000000001,tanh,adam,0.03,16,glorot,"(-0.7, 0.7)",35,0.10734032785082358,0.8181818181818182,433
[4],0.18999999999999997,0.002,0.008,0.1,0.7000000000000001,tanh,sgd,0.03,16,range,"(-0.7, 0.7)",20,0.031225228961818216,0.9696969696969697,434
[4],0.10999999999999997,0.004,0.0,0.25,0.6000000000000001,sigmoid,sgd,0.0,16,glorot,"(-0.5, 0.5)",30,0.12302317871025406,0.5757575757575758,435
[6],0.03,0.008,0.002,0.1,0.30000000000000004,sigmoid,sgd,0.0,8,range,"(-0.1, 0.1)",20,0.12242411421533907,0.5757575757575758,436
[6],0.12999999999999998,0.004,0.002,0.15000000000000002,0.7000000000000001,sigmoid,sgd,0.01,16,gaussian,"(-0.7, 0.7)",35,0.11908148019088495,0.5757575757575758,437
[4],0.03,0.008,0.004,0.05,0.30000000000000004,tanh,sgd,0.01,32,glorot,"(-0.1, 0.1)",20,0.12970923594122513,0.5757575757575758,438
[4],0.16999999999999998,0.014,0.004,0.25,0.2,tanh,adam,0.02,64,range,"(-0.5, 0.5)",30,0.12496007241438163,0.7575757575757576,439
[3],0.10999999999999997,0.016,0.0,0.0,0.0,tanh,adam,0.01,8,he,"(-0.5, 0.5)",30,0.12016212932025828,0.7272727272727273,440
[3],0.03,0.01,0.004,0.05,0.8,tanh,adam,0.04,8,range,"(-0.7, 0.7)",20,0.04125952076571416,0.9696969696969697,441
[6],0.15,0.018000000000000002,0.004,0.2,0.1,tanh,sgd,0.02,8,he,"(-0.5, 0.5)",30,0.11017762627822926,0.5757575757575758,442
[6],0.03,0.018000000000000002,0.008,0.1,0.4,sigmoid,adam,0.0,8,gaussian,"(-0.5, 0.5)",30,0.10010402396065934,1.0,443
[6],0.049999999999999996,0.012,0.006,0.15000000000000002,0.8,tanh,adam,0.02,32,xavier,"(-0.7, 0.7)",35,0.05556833870242449,1.0,444
[6],0.06999999999999999,0.014,0.006,0.15000000000000002,0.6000000000000001,tanh,adam,0.04,8,xavier,"(-0.7, 0.7)",20,0.0627855153077053,0.9696969696969697,445
[5],0.08999999999999998,0.004,0.002,0.2,0.1,tanh,sgd,0.01,64,glorot,"(-0.5, 0.5)",35,0.12857159858111156,0.6363636363636364,446
[5],0.18999999999999997,0.002,0.008,0.25,0.6000000000000001,sigmoid,adam,0.03,16,range,"(-0.7, 0.7)",20,0.05617734164961369,1.0,447
[6],0.06999999999999999,0.01,0.008,0.0,0.5,sigmoid,sgd,0.0,32,gaussian,"(-0.7, 0.7)",20,0.14634059185807446,0.5757575757575758,448
[3],0.06999999999999999,0.01,0.006,0.0,0.1,tanh,sgd,0.01,64,range,"(-0.5, 0.5)",30,0.12189876886268265,0.5757575757575758,449
[4],0.08999999999999998,0.008,0.006,0.2,0.30000000000000004,tanh,sgd,0.01,16,range,"(-0.7, 0.7)",20,0.12850641985661687,0.5757575757575758,450
[6],0.12999999999999998,0.002,0.008,0.25,0.6000000000000001,sigmoid,sgd,0.02,32,range,"(-0.5, 0.5)",35,0.12559020888917083,0.5757575757575758,451
[4],0.03,0.006,0.004,0.25,0.7000000000000001,tanh,sgd,0.04,64,he,"(-0.5, 0.5)",30,0.127009032032586,0.48484848484848486,452
[3],0.15,0.006,0.008,0.15000000000000002,0.2,tanh,sgd,0.03,32,glorot,"(-0.5, 0.5)",30,0.12324373959658026,0.5454545454545454,453
[6],0.18999999999999997,0.018000000000000002,0.0,0.15000000000000002,0.1,sigmoid,adam,0.02,16,he,"(-0.1, 0.1)",20,0.1270887425153577,1.0,454
[3],0.18999999999999997,0.01,0.004,0.1,0.5,sigmoid,sgd,0.02,8,he,"(-0.1, 0.1)",35,0.11862137806309221,0.3333333333333333,455
[6],0.06999999999999999,0.008,0.008,0.1,0.0,sigmoid,adam,0.0,64,gaussian,"(-0.7, 0.7)",35,0.0785508278475421,1.0,456
[6],0.08999999999999998,0.018000000000000002,0.0,0.1,0.4,tanh,sgd,0.01,64,he,"(-0.1, 0.1)",20,0.13348263379765343,0.48484848484848486,457
[3],0.10999999999999997,0.012,0.008,0.0,0.4,tanh,sgd,0.03,32,gaussian,"(-0.5, 0.5)",30,0.13117444210346338,0.5757575757575758,458
[4],0.06999999999999999,0.014,0.006,0.2,0.4,sigmoid,sgd,0.01,32,gaussian,"(-0.7, 0.7)",30,0.1423154811495488,0.5757575757575758,459
[3],0.01,0.018000000000000002,0.0,0.15000000000000002,0.1,tanh,adam,0.0,32,he,"(-0.1, 0.1)",30,0.1257473474108864,0.5757575757575758,460
[5],0.03,0.008,0.008,0.25,0.5,tanh,sgd,0.04,64,xavier,"(-0.5, 0.5)",35,0.1259394333165844,0.5757575757575758,461
[3],0.15,0.004,0.008,0.15000000000000002,0.6000000000000001,sigmoid,sgd,0.04,32,xavier,"(-0.7, 0.7)",35,0.12366834827551461,0.5757575757575758,462
[3],0.12999999999999998,0.016,0.004,0.2,0.2,tanh,sgd,0.01,8,range,"(-0.7, 0.7)",20,0.10269178450391937,0.6666666666666666,463
[6],0.01,0.008,0.006,0.1,0.4,tanh,sgd,0.01,8,gaussian,"(-0.5, 0.5)",35,0.13282084312517867,0.5757575757575758,464
[3],0.08999999999999998,0.01,0.0,0.25,0.0,sigmoid,adam,0.01,16,gaussian,"(-0.1, 0.1)",20,0.11998902204569026,0.5757575757575758,465
[6],0.12999999999999998,0.006,0.002,0.15000000000000002,0.2,sigmoid,sgd,0.03,16,glorot,"(-0.7, 0.7)",30,0.12353896918893295,0.5757575757575758,466
[3],0.08999999999999998,0.006,0.002,0.25,0.6000000000000001,sigmoid,adam,0.04,8,he,"(-0.5, 0.5)",20,0.07371496104061506,1.0,467
[5],0.06999999999999999,0.01,0.002,0.05,0.6000000000000001,tanh,adam,0.04,16,gaussian,"(-0.5, 0.5)",20,0.04905382573004008,0.9696969696969697,468
[6],0.06999999999999999,0.008,0.004,0.0,0.30000000000000004,tanh,adam,0.02,16,glorot,"(-0.1, 0.1)",35,0.03016227357335002,1.0,469
[6],0.01,0.0,0.008,0.2,0.7000000000000001,sigmoid,adam,0.02,8,he,"(-0.1, 0.1)",30,0.1274196925069033,0.5757575757575758,470
[4],0.03,0.012,0.004,0.0,0.1,sigmoid,sgd,0.03,32,glorot,"(-0.5, 0.5)",35,0.12611844054869217,0.5757575757575758,471
[3],0.049999999999999996,0.01,0.004,0.05,0.6000000000000001,sigmoid,sgd,0.03,16,range,"(-0.7, 0.7)",35,0.12354875764969817,0.5757575757575758,472
[4],0.049999999999999996,0.006,0.008,0.1,0.30000000000000004,tanh,adam,0.04,16,range,"(-0.7, 0.7)",35,0.030515306925985294,1.0,473
[5],0.18999999999999997,0.008,0.004,0.2,0.2,sigmoid,adam,0.0,64,he,"(-0.5, 0.5)",30,0.10646109508381273,1.0,474
[4],0.18999999999999997,0.008,0.008,0.15000000000000002,0.7000000000000001,tanh,adam,0.02,32,gaussian,"(-0.1, 0.1)",35,0.066290637914793,0.9696969696969697,475
[5],0.12999999999999998,0.006,0.008,0.05,0.6000000000000001,tanh,adam,0.03,32,glorot,"(-0.1, 0.1)",20,0.040821471140121794,1.0,476
[3],0.01,0.002,0.002,0.05,0.1,sigmoid,sgd,0.04,64,he,"(-0.1, 0.1)",35,0.12352474098874026,0.5757575757575758,477
[5],0.049999999999999996,0.002,0.004,0.1,0.8,sigmoid,adam,0.02,32,glorot,"(-0.5, 0.5)",35,0.11145662810041809,0.696969696969697,478
[4],0.18999999999999997,0.012,0.008,0.05,0.8,sigmoid,adam,0.01,32,he,"(-0.1, 0.1)",20,0.08483393717774679,1.0,479
[4],0.10999999999999997,0.006,0.004,0.05,0.1,tanh,sgd,0.03,16,he,"(-0.5, 0.5)",30,0.11167261524916608,0.5454545454545454,480
[3],0.12999999999999998,0.016,0.008,0.25,0.2,tanh,adam,0.0,32,glorot,"(-0.5, 0.5)",30,0.11179035116119324,0.696969696969697,481
[3],0.01,0.016,0.0,0.25,0.1,sigmoid,sgd,0.0,16,xavier,"(-0.1, 0.1)",35,0.12325417576365916,0.5757575757575758,482
[4],0.06999999999999999,0.018000000000000002,0.004,0.1,0.1,sigmoid,sgd,0.03,16,xavier,"(-0.1, 0.1)",20,0.12451795173494691,0.5757575757575758,483
[5],0.08999999999999998,0.002,0.004,0.05,0.2,tanh,sgd,0.01,64,xavier,"(-0.1, 0.1)",30,0.12417549424886754,0.5757575757575758,484
[5],0.10999999999999997,0.006,0.006,0.0,0.5,sigmoid,adam,0.02,8,range,"(-0.5, 0.5)",30,0.05231991402599103,1.0,485
[6],0.15,0.016,0.008,0.0,0.1,sigmoid,adam,0.04,8,xavier,"(-0.1, 0.1)",30,0.08641259462181707,1.0,486
[5],0.049999999999999996,0.006,0.002,0.25,0.6000000000000001,sigmoid,adam,0.02,32,glorot,"(-0.7, 0.7)",35,0.13017186492205626,0.6363636363636364,487
[3],0.06999999999999999,0.006,0.006,0.25,0.30000000000000004,sigmoid,sgd,0.02,64,gaussian,"(-0.7, 0.7)",30,0.1318532673448245,0.5757575757575758,488
[4],0.049999999999999996,0.006,0.008,0.0,0.5,tanh,adam,0.02,16,glorot,"(-0.7, 0.7)",35,0.0270196734596871,1.0,489
[6],0.12999999999999998,0.004,0.006,0.0,0.2,sigmoid,adam,0.03,32,gaussian,"(-0.7, 0.7)",35,0.04849360280493568,1.0,490
[4],0.01,0.018000000000000002,0.008,0.2,0.8,tanh,sgd,0.04,32,gaussian,"(-0.5, 0.5)",35,0.13610976391677992,0.5757575757575758,491
[6],0.15,0.018000000000000002,0.006,0.2,0.30000000000000004,sigmoid,sgd,0.04,32,range,"(-0.7, 0.7)",30,0.13094738790973792,0.5757575757575758,492
[5],0.12999999999999998,0.002,0.002,0.05,0.1,sigmoid,sgd,0.01,32,gaussian,"(-0.5, 0.5)",30,0.12490873235842616,0.5757575757575758,493
[3],0.15,0.01,0.008,0.15000000000000002,0.30000000000000004,tanh,sgd,0.02,16,xavier,"(-0.1, 0.1)",30,0.11508587022110389,0.6060606060606061,494
[3],0.049999999999999996,0.016,0.008,0.2,0.6000000000000001,tanh,adam,0.04,64,range,"(-0.5, 0.5)",35,0.12481808080174389,0.5454545454545454,495
[5],0.06999999999999999,0.002,0.0,0.15000000000000002,0.2,sigmoid,sgd,0.03,32,gaussian,"(-0.5, 0.5)",35,0.12439147817396834,0.5757575757575758,496
[5],0.15,0.006,0.008,0.15000000000000002,0.5,tanh,sgd,0.0,8,he,"(-0.5, 0.5)",30,0.030726673818991645,1.0,497
[6],0.03,0.0,0.002,0.25,0.0,sigmoid,adam,0.02,64,gaussian,"(-0.7, 0.7)",35,0.047923648916226066,0.9393939393939394,498
[5],0.16999999999999998,0.012,0.008,0.15000000000000002,0.30000000000000004,tanh,adam,0.01,32,xavier,"(-0.1, 0.1)",20,0.09722022641482037,0.9393939393939394,499
[5],0.18999999999999997,0.008,0.004,0.05,0.1,sigmoid,adam,0.04,64,gaussian,"(-0.5, 0.5)",20,0.06987464838045955,1.0,500
[3],0.18999999999999997,0.016,0.0,0.2,0.0,tanh,sgd,0.04,8,he,"(-0.1, 0.1)",30,0.1096753296285986,0.6363636363636364,501
[3],0.08999999999999998,0.0,0.004,0.0,0.8,tanh,sgd,0.0,16,he,"(-0.5, 0.5)",35,0.02231885409788045,0.9696969696969697,502
[5],0.049999999999999996,0.018000000000000002,0.006,0.05,0.6000000000000001,tanh,sgd,0.01,16,glorot,"(-0.5, 0.5)",30,0.12186446564065995,0.5454545454545454,503
[4],0.10999999999999997,0.008,0.002,0.25,0.2,tanh,adam,0.01,64,gaussian,"(-0.5, 0.5)",20,0.10663235031713483,0.7272727272727273,504
[5],0.01,0.016,0.0,0.15000000000000002,0.4,tanh,sgd,0.02,16,range,"(-0.7, 0.7)",35,0.13001379970199534,0.6060606060606061,505
[6],0.16999999999999998,0.01,0.002,0.15000000000000002,0.6000000000000001,sigmoid,sgd,0.04,8,range,"(-0.7, 0.7)",35,0.12545411551520627,0.5757575757575758,506
[3],0.049999999999999996,0.004,0.004,0.15000000000000002,0.6000000000000001,sigmoid,adam,0.01,8,range,"(-0.5, 0.5)",20,0.053234691291967534,1.0,507
[4],0.01,0.018000000000000002,0.006,0.2,0.0,tanh,sgd,0.02,8,he,"(-0.7, 0.7)",20,0.13169778233946305,0.5757575757575758,508
[3],0.15,0.01,0.002,0.05,0.1,tanh,sgd,0.01,32,xavier,"(-0.1, 0.1)",30,0.12327611887307048,0.5757575757575758,509
[6],0.01,0.016,0.006,0.0,0.4,sigmoid,adam,0.03,32,range,"(-0.5, 0.5)",20,0.1275116833795774,0.5757575757575758,510
[5],0.06999999999999999,0.014,0.0,0.15000000000000002,0.2,sigmoid,sgd,0.02,16,xavier,"(-0.1, 0.1)",20,0.12326039806311037,0.5757575757575758,511
[3],0.06999999999999999,0.004,0.004,0.15000000000000002,0.6000000000000001,tanh,adam,0.02,8,xavier,"(-0.1, 0.1)",20,0.02994842880659171,0.9696969696969697,512
[3],0.10999999999999997,0.002,0.008,0.15000000000000002,0.8,sigmoid,adam,0.04,32,xavier,"(-0.1, 0.1)",30,0.0686844363735967,1.0,513
[6],0.06999999999999999,0.002,0.004,0.1,0.30000000000000004,sigmoid,sgd,0.01,32,range,"(-0.1, 0.1)",20,0.12256983845531601,0.5757575757575758,514
[3],0.10999999999999997,0.012,0.004,0.05,0.6000000000000001,tanh,adam,0.0,16,glorot,"(-0.5, 0.5)",30,0.08981533386236006,0.8787878787878788,515
[4],0.10999999999999997,0.002,0.004,0.1,0.2,sigmoid,sgd,0.01,16,he,"(-0.7, 0.7)",20,0.12352010377891011,0.5757575757575758,516
[5],0.16999999999999998,0.01,0.002,0.25,0.7000000000000001,sigmoid,adam,0.04,64,he,"(-0.5, 0.5)",30,0.12434914363778016,0.8484848484848485,517
[5],0.16999999999999998,0.006,0.002,0.1,0.2,sigmoid,adam,0.0,64,he,"(-0.1, 0.1)",30,0.07404156761803808,1.0,518
[5],0.03,0.004,0.002,0.25,0.1,tanh,adam,0.0,16,he,"(-0.5, 0.5)",30,0.027707765193136755,1.0,519
[4],0.01,0.014,0.004,0.0,0.1,tanh,sgd,0.01,64,gaussian,"(-0.1, 0.1)",35,0.12395153510581498,0.5757575757575758,520
[5],0.18999999999999997,0.002,0.004,0.0,0.0,tanh,sgd,0.03,64,xavier,"(-0.5, 0.5)",30,0.12419896680454989,0.5757575757575758,521
[4],0.15,0.004,0.0,0.05,0.6000000000000001,tanh,adam,0.02,16,glorot,"(-0.5, 0.5)",30,0.014389392662196512,1.0,522
[6],0.18999999999999997,0.012,0.006,0.25,0.4,tanh,adam,0.01,64,range,"(-0.7, 0.7)",30,0.074834820720639,0.9696969696969697,523
[4],0.01,0.002,0.002,0.05,0.30000000000000004,sigmoid,adam,0.04,16,gaussian,"(-0.5, 0.5)",20,0.11065491320046732,0.6363636363636364,524
[4],0.12999999999999998,0.014,0.0,0.2,0.6000000000000001,sigmoid,adam,0.04,32,range,"(-0.1, 0.1)",35,0.12321046526865956,1.0,525
[5],0.03,0.008,0.006,0.1,0.6000000000000001,sigmoid,adam,0.0,16,range,"(-0.5, 0.5)",35,0.07387745557910345,1.0,526
[5],0.049999999999999996,0.012,0.0,0.15000000000000002,0.8,sigmoid,sgd,0.04,64,range,"(-0.5, 0.5)",35,0.12633846425373702,0.5757575757575758,527
[6],0.03,0.008,0.0,0.0,0.6000000000000001,tanh,sgd,0.02,16,range,"(-0.1, 0.1)",20,0.12201059856442742,0.5757575757575758,528
[5],0.15,0.016,0.008,0.0,0.8,tanh,sgd,0.03,8,xavier,"(-0.1, 0.1)",35,0.04051431841278677,1.0,529
[4],0.08999999999999998,0.014,0.0,0.0,0.2,sigmoid,sgd,0.03,16,gaussian,"(-0.7, 0.7)",20,0.1363914259359249,0.5757575757575758,530
[4],0.16999999999999998,0.01,0.008,0.1,0.1,sigmoid,sgd,0.0,64,xavier,"(-0.1, 0.1)",20,0.12383834743417144,0.5757575757575758,531
[3],0.06999999999999999,0.006,0.004,0.25,0.8,sigmoid,sgd,0.01,32,gaussian,"(-0.1, 0.1)",35,0.12266358016552908,0.5757575757575758,532
[3],0.06999999999999999,0.018000000000000002,0.008,0.15000000000000002,0.7000000000000001,sigmoid,adam,0.04,16,glorot,"(-0.7, 0.7)",30,0.11705282235887121,1.0,533
[6],0.15,0.016,0.002,0.05,0.6000000000000001,sigmoid,adam,0.01,16,range,"(-0.5, 0.5)",30,0.1228506599901443,1.0,534
[5],0.03,0.008,0.004,0.25,0.4,tanh,adam,0.03,32,xavier,"(-0.1, 0.1)",30,0.04604443425225122,0.9696969696969697,535
[4],0.01,0.012,0.008,0.0,0.4,tanh,sgd,0.04,64,xavier,"(-0.1, 0.1)",20,0.12472041609788276,0.6060606060606061,536
[3],0.03,0.006,0.0,0.0,0.8,tanh,sgd,0.01,8,he,"(-0.1, 0.1)",35,0.09002881964584367,0.7272727272727273,537
[3],0.03,0.014,0.008,0.15000000000000002,0.30000000000000004,sigmoid,sgd,0.02,8,glorot,"(-0.5, 0.5)",35,0.12415558283306344,0.5757575757575758,538
[5],0.01,0.008,0.004,0.05,0.2,tanh,sgd,0.04,16,range,"(-0.7, 0.7)",35,0.13022711601055473,0.6060606060606061,539
[3],0.049999999999999996,0.016,0.004,0.25,0.4,sigmoid,adam,0.0,64,range,"(-0.1, 0.1)",35,0.12373644178202037,0.5757575757575758,540
[6],0.049999999999999996,0.008,0.0,0.2,0.8,tanh,sgd,0.03,16,xavier,"(-0.1, 0.1)",35,0.12641827611677003,0.5757575757575758,541
[3],0.06999999999999999,0.014,0.0,0.25,0.5,tanh,adam,0.0,8,xavier,"(-0.5, 0.5)",30,0.10636848329028932,0.6666666666666666,542
[4],0.049999999999999996,0.012,0.004,0.2,0.4,sigmoid,adam,0.01,32,range,"(-0.1, 0.1)",35,0.12464938687139512,0.5757575757575758,543
[5],0.03,0.012,0.002,0.1,0.7000000000000001,sigmoid,sgd,0.03,32,he,"(-0.7, 0.7)",30,0.1249465074507008,0.5757575757575758,544
[6],0.16999999999999998,0.008,0.006,0.0,0.30000000000000004,sigmoid,sgd,0.0,8,xavier,"(-0.7, 0.7)",35,0.1257754909364811,0.5757575757575758,545
[3],0.10999999999999997,0.016,0.004,0.25,0.1,sigmoid,adam,0.04,8,gaussian,"(-0.1, 0.1)",20,0.11164284254060798,1.0,546
[5],0.12999999999999998,0.0,0.002,0.05,0.5,sigmoid,adam,0.04,64,range,"(-0.1, 0.1)",35,0.0980100569281599,0.696969696969697,547
[3],0.03,0.008,0.0,0.2,0.1,sigmoid,sgd,0.02,64,xavier,"(-0.1, 0.1)",30,0.12261762309275351,0.5757575757575758,548
[6],0.12999999999999998,0.012,0.0,0.05,0.7000000000000001,sigmoid,adam,0.04,16,glorot,"(-0.7, 0.7)",35,0.09605684115799466,1.0,549
[5],0.15,0.016,0.006,0.0,0.8,sigmoid,sgd,0.04,16,he,"(-0.5, 0.5)",35,0.12761379163962597,0.5757575757575758,550
[6],0.01,0.01,0.0,0.0,0.4,tanh,sgd,0.0,8,xavier,"(-0.7, 0.7)",20,0.12637209087360926,0.6060606060606061,551
[3],0.06999999999999999,0.002,0.0,0.25,0.4,sigmoid,adam,0.0,32,xavier,"(-0.1, 0.1)",30,0.062453396884656405,1.0,552
[5],0.08999999999999998,0.012,0.008,0.15000000000000002,0.8,tanh,sgd,0.02,64,xavier,"(-0.5, 0.5)",35,0.12565480734709486,0.5757575757575758,553
[3],0.01,0.002,0.008,0.15000000000000002,0.6000000000000001,sigmoid,sgd,0.02,32,gaussian,"(-0.1, 0.1)",30,0.12301839763833378,0.5757575757575758,554
[3],0.18999999999999997,0.01,0.0,0.25,0.1,sigmoid,sgd,0.01,8,glorot,"(-0.5, 0.5)",30,0.12193020834776971,0.5757575757575758,555
[3],0.15,0.0,0.006,0.25,0.1,tanh,adam,0.04,32,glorot,"(-0.5, 0.5)",35,0.08354334767977172,0.7575757575757576,556
[4],0.01,0.018000000000000002,0.008,0.15000000000000002,0.2,tanh,sgd,0.04,8,range,"(-0.5, 0.5)",35,0.12648949819613314,0.5757575757575758,557
[6],0.18999999999999997,0.004,0.002,0.1,0.4,tanh,sgd,0.02,32,glorot,"(-0.1, 0.1)",30,0.12378849759444459,0.6363636363636364,558
[6],0.15,0.004,0.0,0.05,0.6000000000000001,sigmoid,adam,0.01,8,range,"(-0.1, 0.1)",30,0.04318322324712136,1.0,559
[3],0.08999999999999998,0.018000000000000002,0.004,0.0,0.7000000000000001,sigmoid,sgd,0.0,8,gaussian,"(-0.5, 0.5)",20,0.12967721023829015,0.5757575757575758,560
[6],0.12999999999999998,0.016,0.006,0.05,0.7000000000000001,sigmoid,sgd,0.04,32,range,"(-0.7, 0.7)",20,0.13009023560874328,0.5757575757575758,561
[5],0.16999999999999998,0.008,0.0,0.1,0.7000000000000001,sigmoid,adam,0.03,8,xavier,"(-0.5, 0.5)",30,0.06620365686763999,1.0,562
[6],0.10999999999999997,0.012,0.004,0.0,0.6000000000000001,tanh,adam,0.03,64,glorot,"(-0.1, 0.1)",30,0.04046077814330597,1.0,563
[6],0.03,0.002,0.0,0.05,0.0,tanh,sgd,0.0,8,he,"(-0.7, 0.7)",35,0.12868816302238573,0.6060606060606061,564
[4],0.10999999999999997,0.018000000000000002,0.006,0.15000000000000002,0.2,tanh,sgd,0.02,32,xavier,"(-0.5, 0.5)",30,0.12464688534370989,0.6060606060606061,565
[6],0.03,0.01,0.0,0.25,0.30000000000000004,sigmoid,adam,0.04,32,range,"(-0.1, 0.1)",35,0.12295755018409558,0.5757575757575758,566
[6],0.03,0.016,0.006,0.25,0.8,sigmoid,sgd,0.02,16,he,"(-0.1, 0.1)",20,0.13034466567722006,0.5757575757575758,567
[6],0.16999999999999998,0.01,0.002,0.05,0.1,sigmoid,sgd,0.01,16,range,"(-0.7, 0.7)",35,0.12565273823869244,0.5757575757575758,568
[4],0.01,0.018000000000000002,0.0,0.1,0.0,sigmoid,sgd,0.03,64,he,"(-0.7, 0.7)",30,0.12718997322962242,0.5757575757575758,569
[3],0.03,0.008,0.0,0.1,0.6000000000000001,tanh,sgd,0.01,32,glorot,"(-0.7, 0.7)",30,0.12107382057038639,0.6363636363636364,570
[3],0.18999999999999997,0.0,0.008,0.1,0.0,sigmoid,adam,0.04,8,he,"(-0.5, 0.5)",20,0.03802644339380454,1.0,571
[6],0.18999999999999997,0.002,0.008,0.2,0.1,sigmoid,adam,0.02,16,glorot,"(-0.1, 0.1)",30,0.06128553873464842,1.0,572
[6],0.03,0.012,0.002,0.15000000000000002,0.7000000000000001,tanh,sgd,0.03,64,he,"(-0.1, 0.1)",35,0.13047279229217573,0.6060606060606061,573
[6],0.18999999999999997,0.008,0.002,0.25,0.6000000000000001,sigmoid,adam,0.02,64,range,"(-0.7, 0.7)",35,0.13143555812440394,1.0,574
[3],0.08999999999999998,0.002,0.002,0.1,0.5,sigmoid,adam,0.03,8,he,"(-0.1, 0.1)",35,0.10731220205182872,0.696969696969697,575
[6],0.10999999999999997,0.01,0.0,0.1,0.6000000000000001,sigmoid,adam,0.02,8,range,"(-0.7, 0.7)",35,0.07231565722772519,1.0,576
[6],0.15,0.016,0.008,0.25,0.5,sigmoid,sgd,0.01,8,range,"(-0.1, 0.1)",35,0.12287504486659362,0.5757575757575758,577
[6],0.01,0.014,0.004,0.25,0.1,tanh,sgd,0.0,8,xavier,"(-0.5, 0.5)",35,0.12983329258238807,0.5757575757575758,578
[5],0.06999999999999999,0.016,0.002,0.2,0.1,tanh,sgd,0.02,64,xavier,"(-0.5, 0.5)",30,0.12663530953038907,0.5757575757575758,579
[6],0.06999999999999999,0.01,0.006,0.05,0.30000000000000004,tanh,sgd,0.03,16,xavier,"(-0.1, 0.1)",35,0.12799805764044475,0.6060606060606061,580
[3],0.06999999999999999,0.008,0.004,0.1,0.4,tanh,adam,0.01,16,gaussian,"(-0.7, 0.7)",20,0.04773862017218904,0.9696969696969697,581
[5],0.08999999999999998,0.018000000000000002,0.006,0.2,0.6000000000000001,sigmoid,adam,0.03,16,gaussian,"(-0.5, 0.5)",35,0.1392729171475172,1.0,582
[3],0.18999999999999997,0.018000000000000002,0.0,0.25,0.8,tanh,adam,0.03,64,gaussian,"(-0.5, 0.5)",20,0.11244126321048845,0.696969696969697,583
[5],0.03,0.002,0.0,0.05,0.5,tanh,sgd,0.02,64,glorot,"(-0.1, 0.1)",20,0.1282322239907447,0.6060606060606061,584
[3],0.18999999999999997,0.0,0.002,0.2,0.0,tanh,adam,0.04,32,he,"(-0.1, 0.1)",20,0.07133262048575612,0.7878787878787878,585
[3],0.08999999999999998,0.008,0.004,0.0,0.5,tanh,adam,0.01,8,he,"(-0.7, 0.7)",30,0.03802795351028517,0.9696969696969697,586
[4],0.15,0.01,0.006,0.05,0.2,sigmoid,sgd,0.0,64,he,"(-0.7, 0.7)",35,0.12938299630430253,0.5454545454545454,587
[4],0.16999999999999998,0.006,0.008,0.25,0.0,tanh,sgd,0.03,8,gaussian,"(-0.7, 0.7)",20,0.13241461929782752,0.5757575757575758,588
[6],0.12999999999999998,0.0,0.006,0.05,0.0,sigmoid,sgd,0.02,16,xavier,"(-0.1, 0.1)",35,0.1248903863483191,0.5757575757575758,589
[6],0.15,0.01,0.006,0.15000000000000002,0.7000000000000001,tanh,adam,0.03,32,xavier,"(-0.1, 0.1)",30,0.05591960950738492,1.0,590
[3],0.08999999999999998,0.016,0.004,0.05,0.6000000000000001,sigmoid,adam,0.03,32,glorot,"(-0.7, 0.7)",30,0.10004195464598065,1.0,591
[6],0.10999999999999997,0.016,0.004,0.25,0.7000000000000001,tanh,adam,0.02,32,gaussian,"(-0.7, 0.7)",35,0.07405249580994902,1.0,592
[4],0.08999999999999998,0.004,0.006,0.2,0.30000000000000004,tanh,adam,0.04,16,range,"(-0.7, 0.7)",35,0.052745970939335904,0.9696969696969697,593
[5],0.03,0.012,0.004,0.05,0.2,tanh,sgd,0.02,8,gaussian,"(-0.7, 0.7)",30,0.13916042800121592,0.5757575757575758,594
[6],0.16999999999999998,0.012,0.002,0.1,0.1,tanh,adam,0.04,64,glorot,"(-0.5, 0.5)",30,0.04865437978706286,1.0,595
[6],0.12999999999999998,0.006,0.008,0.15000000000000002,0.1,sigmoid,sgd,0.0,64,xavier,"(-0.5, 0.5)",30,0.12661923075880283,0.5757575757575758,596
[6],0.01,0.012,0.008,0.2,0.8,tanh,adam,0.02,16,gaussian,"(-0.5, 0.5)",35,0.08606782475678192,0.8181818181818182,597
[3],0.10999999999999997,0.014,0.008,0.1,0.6000000000000001,sigmoid,sgd,0.0,64,xavier,"(-0.5, 0.5)",30,0.12405618665039733,0.5757575757575758,598
[5],0.03,0.016,0.006,0.1,0.1,tanh,sgd,0.0,16,gaussian,"(-0.5, 0.5)",20,0.13564661716762338,0.5757575757575758,599
[4],0.16999999999999998,0.004,0.008,0.2,0.7000000000000001,sigmoid,adam,0.04,64,he,"(-0.1, 0.1)",35,0.06154328418164428,1.0,600
[5],0.12999999999999998,0.012,0.0,0.0,0.7000000000000001,sigmoid,adam,0.04,16,range,"(-0.5, 0.5)",30,0.08532305606489987,1.0,601
[3],0.03,0.01,0.004,0.25,0.2,sigmoid,adam,0.02,8,xavier,"(-0.5, 0.5)",30,0.10190260529248205,0.8484848484848485,602
[5],0.10999999999999997,0.004,0.008,0.1,0.7000000000000001,tanh,sgd,0.02,8,glorot,"(-0.7, 0.7)",20,0.04706066358843944,0.9393939393939394,603
[4],0.01,0.004,0.002,0.15000000000000002,0.1,sigmoid,sgd,0.0,8,gaussian,"(-0.1, 0.1)",20,0.12249271042137665,0.5757575757575758,604
[5],0.18999999999999997,0.016,0.0,0.0,0.8,tanh,adam,0.02,32,he,"(-0.5, 0.5)",35,0.046176869413519395,1.0,605
[6],0.06999999999999999,0.008,0.002,0.05,0.8,sigmoid,sgd,0.04,8,xavier,"(-0.1, 0.1)",35,0.1262781073397636,0.5757575757575758,606
[3],0.16999999999999998,0.006,0.006,0.15000000000000002,0.4,sigmoid,adam,0.04,8,range,"(-0.5, 0.5)",30,0.06394197854431076,1.0,607
[6],0.06999999999999999,0.004,0.008,0.15000000000000002,0.5,tanh,adam,0.03,16,glorot,"(-0.1, 0.1)",35,0.03658371307300878,1.0,608
[4],0.15,0.0,0.002,0.1,0.4,tanh,adam,0.02,8,range,"(-0.1, 0.1)",30,0.0076151477277514035,1.0,609
[6],0.01,0.018000000000000002,0.004,0.15000000000000002,0.8,sigmoid,sgd,0.03,16,glorot,"(-0.5, 0.5)",30,0.1276438831937828,0.5757575757575758,610
[5],0.16999999999999998,0.016,0.008,0.2,0.8,tanh,sgd,0.02,32,he,"(-0.5, 0.5)",20,0.12997802061565733,0.5757575757575758,611
[3],0.049999999999999996,0.016,0.004,0.05,0.0,sigmoid,adam,0.02,16,range,"(-0.1, 0.1)",35,0.11376219030337048,1.0,612
[3],0.03,0.004,0.002,0.0,0.2,sigmoid,adam,0.0,16,range,"(-0.5, 0.5)",20,0.032925588921693866,1.0,613
[4],0.12999999999999998,0.016,0.004,0.0,0.5,tanh,sgd,0.03,32,xavier,"(-0.1, 0.1)",30,0.1253167614275438,0.5757575757575758,614
[3],0.01,0.016,0.006,0.15000000000000002,0.7000000000000001,tanh,sgd,0.04,8,gaussian,"(-0.1, 0.1)",20,0.12335275224207201,0.5757575757575758,615
[4],0.12999999999999998,0.0,0.006,0.05,0.4,tanh,adam,0.01,16,glorot,"(-0.5, 0.5)",30,0.021024970125306408,0.9696969696969697,616
[5],0.12999999999999998,0.008,0.002,0.0,0.0,sigmoid,sgd,0.01,16,range,"(-0.7, 0.7)",30,0.12580262806105302,0.5757575757575758,617
[5],0.06999999999999999,0.014,0.006,0.15000000000000002,0.30000000000000004,sigmoid,adam,0.04,32,range,"(-0.1, 0.1)",20,0.1268862536440781,0.5757575757575758,618
[6],0.08999999999999998,0.01,0.008,0.2,0.6000000000000001,sigmoid,sgd,0.02,16,gaussian,"(-0.1, 0.1)",35,0.12432563382812871,0.5757575757575758,619
[3],0.049999999999999996,0.01,0.004,0.2,0.8,sigmoid,sgd,0.01,8,glorot,"(-0.7, 0.7)",20,0.12275886660091824,0.5757575757575758,620
[5],0.03,0.004,0.004,0.15000000000000002,0.0,tanh,adam,0.0,64,glorot,"(-0.7, 0.7)",35,0.0786692652499693,0.8787878787878788,621
[4],0.08999999999999998,0.008,0.004,0.1,0.7000000000000001,tanh,adam,0.0,8,xavier,"(-0.1, 0.1)",30,0.04708888369662525,1.0,622
[6],0.16999999999999998,0.014,0.002,0.0,0.0,sigmoid,adam,0.01,64,he,"(-0.5, 0.5)",35,0.10401732539488454,1.0,623
[6],0.06999999999999999,0.018000000000000002,0.004,0.15000000000000002,0.8,tanh,adam,0.04,16,gaussian,"(-0.1, 0.1)",35,0.08261231926466016,1.0,624
[3],0.06999999999999999,0.01,0.008,0.25,0.5,tanh,sgd,0.03,16,xavier,"(-0.7, 0.7)",30,0.12415164423849842,0.5757575757575758,625
[5],0.01,0.004,0.006,0.25,0.1,sigmoid,adam,0.02,16,gaussian,"(-0.7, 0.7)",20,0.11179944256603612,0.6060606060606061,626
[4],0.06999999999999999,0.016,0.006,0.05,0.8,sigmoid,adam,0.01,64,glorot,"(-0.7, 0.7)",35,0.13310400767841254,0.7575757575757576,627
[5],0.18999999999999997,0.014,0.0,0.15000000000000002,0.5,sigmoid,sgd,0.04,64,he,"(-0.1, 0.1)",35,0.1243604073861128,0.5757575757575758,628
[4],0.10999999999999997,0.012,0.002,0.05,0.5,sigmoid,sgd,0.0,8,gaussian,"(-0.7, 0.7)",30,0.1306687882537521,0.6060606060606061,629
[3],0.01,0.0,0.0,0.2,0.2,sigmoid,sgd,0.0,32,xavier,"(-0.1, 0.1)",35,0.12199382498173875,0.5757575757575758,630
[4],0.01,0.016,0.008,0.05,0.5,tanh,sgd,0.04,8,he,"(-0.5, 0.5)",30,0.13235354658305176,0.5757575757575758,631
[3],0.15,0.002,0.0,0.0,0.4,tanh,sgd,0.02,64,he,"(-0.7, 0.7)",35,0.1301422239081381,0.5151515151515151,632
[3],0.03,0.014,0.002,0.2,0.0,tanh,adam,0.02,8,glorot,"(-0.7, 0.7)",35,0.06261467770881204,0.9696969696969697,633
[5],0.15,0.012,0.0,0.05,0.7000000000000001,sigmoid,sgd,0.03,8,xavier,"(-0.5, 0.5)",20,0.12316497084448388,0.5757575757575758,634
[4],0.08999999999999998,0.01,0.0,0.15000000000000002,0.30000000000000004,sigmoid,adam,0.0,32,xavier,"(-0.5, 0.5)",20,0.09055552297627298,1.0,635
[6],0.18999999999999997,0.008,0.004,0.15000000000000002,0.4,tanh,adam,0.03,64,glorot,"(-0.7, 0.7)",35,0.058673143373284976,0.9696969696969697,636
[5],0.12999999999999998,0.018000000000000002,0.0,0.1,0.2,tanh,sgd,0.0,8,gaussian,"(-0.7, 0.7)",20,0.1352270088856306,0.5757575757575758,637
[4],0.15,0.008,0.002,0.15000000000000002,0.8,tanh,adam,0.0,8,glorot,"(-0.1, 0.1)",35,0.07345313604756917,0.9393939393939394,638
[4],0.06999999999999999,0.004,0.002,0.1,0.8,sigmoid,sgd,0.03,64,xavier,"(-0.7, 0.7)",35,0.12518867287063548,0.5757575757575758,639
[4],0.06999999999999999,0.006,0.004,0.1,0.0,sigmoid,adam,0.02,8,glorot,"(-0.5, 0.5)",30,0.050746538017479276,1.0,640
[5],0.15,0.016,0.006,0.15000000000000002,0.1,sigmoid,sgd,0.0,8,he,"(-0.7, 0.7)",20,0.12643231844764408,0.5757575757575758,641
[3],0.16999999999999998,0.012,0.002,0.25,0.4,tanh,sgd,0.04,16,xavier,"(-0.5, 0.5)",35,0.11456619129995123,0.6060606060606061,642
[3],0.08999999999999998,0.0,0.002,0.15000000000000002,0.6000000000000001,sigmoid,sgd,0.02,32,he,"(-0.7, 0.7)",35,0.12273351011447055,0.5757575757575758,643
[3],0.01,0.016,0.006,0.1,0.7000000000000001,tanh,adam,0.02,8,xavier,"(-0.1, 0.1)",35,0.10357576440701827,0.6363636363636364,644
[4],0.16999999999999998,0.004,0.002,0.15000000000000002,0.0,tanh,adam,0.02,64,range,"(-0.7, 0.7)",30,0.046256561284147374,1.0,645
[3],0.03,0.006,0.008,0.0,0.30000000000000004,tanh,adam,0.0,32,xavier,"(-0.7, 0.7)",20,0.09507199702718012,0.7272727272727273,646
[4],0.12999999999999998,0.008,0.004,0.15000000000000002,0.0,sigmoid,adam,0.03,16,xavier,"(-0.5, 0.5)",35,0.08126401191516311,1.0,647
[3],0.03,0.0,0.006,0.1,0.30000000000000004,tanh,sgd,0.02,32,range,"(-0.5, 0.5)",20,0.12113857603516215,0.5757575757575758,648
[4],0.15,0.018000000000000002,0.002,0.0,0.0,sigmoid,adam,0.01,64,glorot,"(-0.5, 0.5)",30,0.11167310341363636,1.0,649
[3],0.12999999999999998,0.0,0.004,0.0,0.8,tanh,adam,0.0,32,glorot,"(-0.5, 0.5)",20,0.02046461236147188,0.9696969696969697,650
[3],0.16999999999999998,0.004,0.008,0.2,0.2,sigmoid,sgd,0.03,32,range,"(-0.5, 0.5)",30,0.12342028831349651,0.5757575757575758,651
[4],0.10999999999999997,0.016,0.002,0.0,0.7000000000000001,tanh,sgd,0.01,64,xavier,"(-0.1, 0.1)",30,0.12354523320654913,0.6060606060606061,652
[4],0.16999999999999998,0.018000000000000002,0.006,0.2,0.1,tanh,sgd,0.03,32,glorot,"(-0.7, 0.7)",30,0.13028025106270064,0.5151515151515151,653
[4],0.08999999999999998,0.01,0.004,0.2,0.6000000000000001,tanh,sgd,0.01,8,glorot,"(-0.7, 0.7)",35,0.06787804727232861,0.8787878787878788,654
[4],0.10999999999999997,0.01,0.008,0.05,0.0,sigmoid,sgd,0.02,8,range,"(-0.5, 0.5)",30,0.125700172457229,0.5757575757575758,655
[6],0.06999999999999999,0.008,0.004,0.2,0.1,sigmoid,adam,0.01,32,range,"(-0.7, 0.7)",20,0.09591032330636673,1.0,656
[3],0.18999999999999997,0.004,0.006,0.25,0.2,tanh,adam,0.04,16,he,"(-0.1, 0.1)",30,0.09380910361069873,0.7878787878787878,657
[4],0.049999999999999996,0.016,0.0,0.2,0.1,tanh,adam,0.0,64,glorot,"(-0.7, 0.7)",20,0.04996727253687244,1.0,658
[3],0.01,0.006,0.004,0.0,0.2,sigmoid,adam,0.01,64,gaussian,"(-0.5, 0.5)",30,0.12805847257503108,0.5757575757575758,659
[5],0.15,0.008,0.0,0.15000000000000002,0.1,tanh,sgd,0.0,8,gaussian,"(-0.1, 0.1)",20,0.12247383047237947,0.5757575757575758,660
[4],0.06999999999999999,0.0,0.002,0.25,0.1,tanh,sgd,0.02,8,gaussian,"(-0.1, 0.1)",35,0.1222831569934639,0.5757575757575758,661
[4],0.18999999999999997,0.004,0.0,0.1,0.8,sigmoid,sgd,0.03,64,xavier,"(-0.5, 0.5)",30,0.12168327408862091,0.5757575757575758,662
[4],0.15,0.012,0.004,0.1,0.6000000000000001,sigmoid,adam,0.03,8,he,"(-0.7, 0.7)",35,0.0877498136992298,1.0,663
[4],0.06999999999999999,0.012,0.004,0.2,0.7000000000000001,tanh,adam,0.0,8,he,"(-0.7, 0.7)",30,0.04438586093219151,1.0,664
[3],0.18999999999999997,0.004,0.008,0.0,0.8,sigmoid,sgd,0.04,16,glorot,"(-0.5, 0.5)",30,0.11192700350830173,0.5454545454545454,665
[3],0.18999999999999997,0.014,0.008,0.25,0.6000000000000001,sigmoid,sgd,0.03,64,glorot,"(-0.7, 0.7)",35,0.12461590334232037,0.5757575757575758,666
[3],0.12999999999999998,0.018000000000000002,0.008,0.05,0.7000000000000001,tanh,sgd,0.04,64,glorot,"(-0.5, 0.5)",30,0.1248330457619545,0.6363636363636364,667
[5],0.16999999999999998,0.012,0.004,0.2,0.7000000000000001,tanh,adam,0.04,64,glorot,"(-0.5, 0.5)",30,0.09063359253921544,0.9090909090909091,668
[4],0.16999999999999998,0.0,0.0,0.15000000000000002,0.5,sigmoid,adam,0.04,16,xavier,"(-0.7, 0.7)",35,0.012179135116475698,1.0,669
[4],0.15,0.006,0.002,0.2,0.30000000000000004,tanh,adam,0.02,8,xavier,"(-0.5, 0.5)",30,0.03657169207313964,1.0,670
[6],0.10999999999999997,0.014,0.0,0.15000000000000002,0.30000000000000004,tanh,adam,0.03,8,he,"(-0.1, 0.1)",20,0.04219112262697074,1.0,671
[6],0.06999999999999999,0.004,0.0,0.05,0.30000000000000004,sigmoid,adam,0.04,64,range,"(-0.7, 0.7)",20,0.07938539004511884,0.8181818181818182,672
[3],0.049999999999999996,0.004,0.008,0.25,0.5,tanh,adam,0.03,16,gaussian,"(-0.7, 0.7)",35,0.08426348711475184,0.8181818181818182,673
[4],0.15,0.0,0.006,0.2,0.1,sigmoid,adam,0.01,16,gaussian,"(-0.5, 0.5)",35,0.02415613736072327,1.0,674
[5],0.06999999999999999,0.008,0.004,0.2,0.1,tanh,adam,0.03,8,range,"(-0.5, 0.5)",35,0.042580302287636144,1.0,675
[6],0.15,0.002,0.0,0.25,0.7000000000000001,sigmoid,adam,0.04,32,range,"(-0.5, 0.5)",20,0.04317616954094572,1.0,676
[5],0.06999999999999999,0.012,0.004,0.25,0.0,tanh,sgd,0.03,16,glorot,"(-0.5, 0.5)",20,0.13021133615310887,0.6363636363636364,677
[5],0.01,0.016,0.008,0.15000000000000002,0.2,tanh,sgd,0.0,16,xavier,"(-0.1, 0.1)",30,0.1266844605037656,0.5757575757575758,678
[6],0.12999999999999998,0.014,0.0,0.0,0.1,tanh,sgd,0.03,8,gaussian,"(-0.5, 0.5)",30,0.0411233194083597,1.0,679
[4],0.01,0.014,0.0,0.2,0.8,sigmoid,sgd,0.01,8,xavier,"(-0.1, 0.1)",35,0.12323693921085213,0.5757575757575758,680
[6],0.01,0.01,0.0,0.05,0.4,tanh,sgd,0.0,64,xavier,"(-0.5, 0.5)",20,0.12622274531280772,0.6060606060606061,681
[6],0.08999999999999998,0.002,0.004,0.15000000000000002,0.5,tanh,adam,0.02,8,xavier,"(-0.1, 0.1)",20,0.024374214752909237,1.0,682
[5],0.10999999999999997,0.018000000000000002,0.0,0.15000000000000002,0.4,sigmoid,adam,0.03,64,xavier,"(-0.1, 0.1)",35,0.12170420582183443,1.0,683
[4],0.12999999999999998,0.006,0.002,0.2,0.6000000000000001,tanh,adam,0.02,8,gaussian,"(-0.5, 0.5)",30,0.05687241032841185,0.9696969696969697,684
[5],0.06999999999999999,0.01,0.002,0.1,0.0,sigmoid,sgd,0.03,32,xavier,"(-0.5, 0.5)",30,0.12350539504405493,0.5757575757575758,685
[6],0.01,0.012,0.006,0.2,0.6000000000000001,tanh,adam,0.04,8,xavier,"(-0.5, 0.5)",20,0.1012085586962811,0.696969696969697,686
[5],0.10999999999999997,0.004,0.004,0.1,0.8,tanh,adam,0.04,8,he,"(-0.1, 0.1)",30,0.026270737186957167,1.0,687
[3],0.18999999999999997,0.0,0.004,0.05,0.5,sigmoid,adam,0.0,64,xavier,"(-0.7, 0.7)",20,0.016420019161297476,1.0,688
[5],0.12999999999999998,0.01,0.0,0.05,0.2,tanh,sgd,0.0,8,he,"(-0.7, 0.7)",35,0.08028898920730579,0.7878787878787878,689
[3],0.049999999999999996,0.012,0.004,0.05,0.8,tanh,adam,0.0,8,range,"(-0.1, 0.1)",35,0.04802719413482751,0.9696969696969697,690
[3],0.10999999999999997,0.0,0.008,0.0,0.6000000000000001,sigmoid,sgd,0.04,16,xavier,"(-0.5, 0.5)",20,0.12333429166261765,0.5757575757575758,691
[5],0.18999999999999997,0.006,0.002,0.2,0.6000000000000001,tanh,adam,0.0,8,range,"(-0.1, 0.1)",35,0.03759567170331032,1.0,692
[5],0.18999999999999997,0.002,0.002,0.2,0.30000000000000004,sigmoid,sgd,0.03,16,xavier,"(-0.7, 0.7)",20,0.1227795430407792,0.5757575757575758,693
[4],0.18999999999999997,0.004,0.004,0.1,0.1,tanh,adam,0.04,8,glorot,"(-0.5, 0.5)",30,0.12838026591474577,0.6666666666666666,694
[3],0.18999999999999997,0.012,0.0,0.15000000000000002,0.1,sigmoid,adam,0.01,16,xavier,"(-0.1, 0.1)",35,0.11390192201599503,1.0,695
[5],0.18999999999999997,0.002,0.002,0.25,0.30000000000000004,tanh,sgd,0.0,32,xavier,"(-0.5, 0.5)",30,0.12338680844868408,0.5757575757575758,696
[4],0.16999999999999998,0.014,0.002,0.25,0.4,tanh,sgd,0.02,8,range,"(-0.5, 0.5)",20,0.0962866009693716,0.7575757575757576,697
[5],0.15,0.014,0.0,0.15000000000000002,0.8,sigmoid,sgd,0.0,16,he,"(-0.5, 0.5)",30,0.1254882228105119,0.5757575757575758,698
[4],0.03,0.012,0.002,0.15000000000000002,0.2,tanh,sgd,0.01,64,he,"(-0.7, 0.7)",35,0.13280345640758756,0.48484848484848486,699
[6],0.06999999999999999,0.004,0.002,0.05,0.2,sigmoid,adam,0.01,64,xavier,"(-0.5, 0.5)",35,0.07333608487034182,0.8787878787878788,700
[4],0.12999999999999998,0.016,0.0,0.05,0.5,tanh,sgd,0.02,32,xavier,"(-0.7, 0.7)",30,0.11360633477104401,0.5151515151515151,701
[5],0.15,0.01,0.008,0.0,0.4,tanh,adam,0.02,8,glorot,"(-0.5, 0.5)",30,0.038752596611123694,1.0,702
[4],0.08999999999999998,0.008,0.0,0.0,0.5,tanh,adam,0.0,64,he,"(-0.1, 0.1)",30,0.023957782739872948,1.0,703
[4],0.049999999999999996,0.018000000000000002,0.002,0.25,0.2,tanh,adam,0.02,16,he,"(-0.7, 0.7)",30,0.05011947241969826,1.0,704
[3],0.18999999999999997,0.018000000000000002,0.004,0.1,0.0,tanh,adam,0.02,32,glorot,"(-0.1, 0.1)",35,0.09019428552404242,0.9696969696969697,705
[3],0.10999999999999997,0.014,0.0,0.15000000000000002,0.6000000000000001,sigmoid,adam,0.0,8,glorot,"(-0.1, 0.1)",20,0.09116266105748357,1.0,706
[3],0.08999999999999998,0.006,0.006,0.15000000000000002,0.1,tanh,adam,0.04,64,xavier,"(-0.5, 0.5)",35,0.11307735100600502,0.696969696969697,707
[5],0.18999999999999997,0.004,0.006,0.0,0.5,sigmoid,sgd,0.0,32,glorot,"(-0.7, 0.7)",20,0.1254967979296786,0.5757575757575758,708
[3],0.16999999999999998,0.0,0.008,0.05,0.0,tanh,sgd,0.04,16,xavier,"(-0.1, 0.1)",35,0.12388050574934231,0.5757575757575758,709
[4],0.10999999999999997,0.004,0.0,0.0,0.4,sigmoid,sgd,0.02,32,glorot,"(-0.7, 0.7)",20,0.12302032866946701,0.5757575757575758,710
[4],0.01,0.004,0.006,0.2,0.2,sigmoid,sgd,0.02,8,gaussian,"(-0.1, 0.1)",35,0.12366385386281584,0.5757575757575758,711
[4],0.049999999999999996,0.014,0.008,0.2,0.2,tanh,adam,0.04,16,he,"(-0.7, 0.7)",35,0.045198069206443446,1.0,712
[5],0.06999999999999999,0.004,0.006,0.0,0.30000000000000004,sigmoid,sgd,0.02,8,range,"(-0.1, 0.1)",35,0.12268406678639036,0.5757575757575758,713
[6],0.15,0.0,0.0,0.05,0.7000000000000001,sigmoid,adam,0.0,32,gaussian,"(-0.5, 0.5)",35,0.0036122789899348017,1.0,714
[5],0.049999999999999996,0.008,0.006,0.0,0.8,tanh,sgd,0.0,32,gaussian,"(-0.5, 0.5)",20,0.1303989840545862,0.5757575757575758,715
[4],0.049999999999999996,0.016,0.006,0.15000000000000002,0.0,sigmoid,adam,0.02,32,gaussian,"(-0.1, 0.1)",30,0.12430192338932332,0.5757575757575758,716
[3],0.10999999999999997,0.018000000000000002,0.0,0.05,0.6000000000000001,tanh,adam,0.01,64,xavier,"(-0.7, 0.7)",30,0.09865573883621981,0.9090909090909091,717
[3],0.03,0.004,0.004,0.2,0.6000000000000001,tanh,sgd,0.02,16,xavier,"(-0.7, 0.7)",35,0.1301227225022993,0.5151515151515151,718
[6],0.16999999999999998,0.012,0.006,0.0,0.5,tanh,sgd,0.04,32,range,"(-0.7, 0.7)",30,0.13044780646267032,0.5757575757575758,719
[6],0.03,0.018000000000000002,0.004,0.15000000000000002,0.7000000000000001,sigmoid,sgd,0.03,8,range,"(-0.1, 0.1)",35,0.1228308312655774,0.5757575757575758,720
[3],0.06999999999999999,0.01,0.002,0.05,0.6000000000000001,sigmoid,adam,0.04,16,gaussian,"(-0.7, 0.7)",30,0.08875813536576753,1.0,721
[4],0.06999999999999999,0.008,0.0,0.1,0.1,tanh,adam,0.04,64,glorot,"(-0.1, 0.1)",20,0.02344126684738631,1.0,722
[5],0.06999999999999999,0.016,0.006,0.0,0.6000000000000001,sigmoid,sgd,0.02,32,xavier,"(-0.1, 0.1)",20,0.12497713393187836,0.5757575757575758,723
[5],0.18999999999999997,0.008,0.008,0.25,0.1,sigmoid,adam,0.02,32,gaussian,"(-0.5, 0.5)",20,0.10747989184307918,1.0,724
[4],0.12999999999999998,0.012,0.006,0.1,0.8,sigmoid,adam,0.01,8,xavier,"(-0.5, 0.5)",30,0.08459192777202898,1.0,725
[3],0.01,0.002,0.008,0.2,0.0,sigmoid,sgd,0.0,64,xavier,"(-0.7, 0.7)",20,0.12361976014974362,0.5757575757575758,726
[4],0.08999999999999998,0.008,0.002,0.05,0.6000000000000001,tanh,adam,0.04,32,gaussian,"(-0.7, 0.7)",35,0.04217782764334023,0.9696969696969697,727
[3],0.18999999999999997,0.014,0.008,0.25,0.5,tanh,sgd,0.03,8,he,"(-0.5, 0.5)",20,0.08874698752038733,0.8181818181818182,728
[6],0.18999999999999997,0.016,0.0,0.25,0.30000000000000004,tanh,adam,0.04,32,range,"(-0.7, 0.7)",20,0.05849271689151575,1.0,729
[3],0.08999999999999998,0.018000000000000002,0.004,0.0,0.8,sigmoid,sgd,0.0,8,glorot,"(-0.7, 0.7)",30,0.11181859333151607,0.7272727272727273,730
[6],0.18999999999999997,0.016,0.0,0.2,0.8,sigmoid,sgd,0.01,8,glorot,"(-0.5, 0.5)",35,0.12449116047073604,0.5757575757575758,731
[4],0.12999999999999998,0.012,0.004,0.0,0.30000000000000004,sigmoid,adam,0.02,8,he,"(-0.7, 0.7)",35,0.06949179406497387,1.0,732
[3],0.12999999999999998,0.008,0.0,0.2,0.1,sigmoid,adam,0.03,8,gaussian,"(-0.7, 0.7)",20,0.06870320987951574,1.0,733
[6],0.18999999999999997,0.012,0.004,0.0,0.0,tanh,sgd,0.0,64,he,"(-0.1, 0.1)",35,0.13109429876415013,0.5454545454545454,734
[6],0.08999999999999998,0.018000000000000002,0.004,0.1,0.5,sigmoid,sgd,0.0,32,glorot,"(-0.5, 0.5)",35,0.12695483768378094,0.5757575757575758,735
[5],0.08999999999999998,0.018000000000000002,0.002,0.1,0.7000000000000001,sigmoid,sgd,0.03,8,gaussian,"(-0.5, 0.5)",35,0.13362010454239295,0.5757575757575758,736
[6],0.06999999999999999,0.004,0.0,0.0,0.7000000000000001,sigmoid,sgd,0.0,64,range,"(-0.1, 0.1)",30,0.12223711237504495,0.5757575757575758,737
[6],0.049999999999999996,0.006,0.002,0.1,0.5,sigmoid,sgd,0.04,8,xavier,"(-0.7, 0.7)",30,0.1242492943271124,0.5757575757575758,738
[6],0.12999999999999998,0.002,0.004,0.0,0.8,sigmoid,adam,0.04,32,he,"(-0.1, 0.1)",30,0.03532364145536733,1.0,739
[6],0.15,0.012,0.0,0.0,0.4,sigmoid,adam,0.04,64,glorot,"(-0.5, 0.5)",30,0.08430040984147637,1.0,740
[3],0.049999999999999996,0.01,0.004,0.1,0.5,tanh,adam,0.04,32,gaussian,"(-0.7, 0.7)",30,0.10169588165099713,0.7272727272727273,741
[3],0.08999999999999998,0.018000000000000002,0.008,0.0,0.1,tanh,sgd,0.04,8,he,"(-0.5, 0.5)",35,0.12764713967399605,0.5757575757575758,742
[5],0.08999999999999998,0.018000000000000002,0.006,0.05,0.5,sigmoid,sgd,0.03,32,xavier,"(-0.7, 0.7)",35,0.12508867205063637,0.5757575757575758,743
[6],0.06999999999999999,0.018000000000000002,0.0,0.15000000000000002,0.6000000000000001,tanh,adam,0.03,32,xavier,"(-0.5, 0.5)",35,0.05966583334163203,1.0,744
[5],0.049999999999999996,0.0,0.002,0.0,0.5,tanh,adam,0.0,64,he,"(-0.7, 0.7)",20,0.034400890674748705,0.9090909090909091,745
[3],0.049999999999999996,0.008,0.004,0.0,0.7000000000000001,tanh,sgd,0.03,16,he,"(-0.1, 0.1)",35,0.1257207699980294,0.5454545454545454,746
[6],0.16999999999999998,0.0,0.0,0.2,0.2,sigmoid,adam,0.0,64,glorot,"(-0.1, 0.1)",20,0.0020466451216275983,1.0,747
[4],0.10999999999999997,0.004,0.006,0.0,0.1,tanh,adam,0.01,64,he,"(-0.5, 0.5)",35,0.05930720074577887,0.9090909090909091,748
[3],0.06999999999999999,0.004,0.006,0.0,0.30000000000000004,tanh,adam,0.01,64,gaussian,"(-0.1, 0.1)",35,0.0872839300952288,0.7272727272727273,749
[4],0.06999999999999999,0.006,0.002,0.25,0.0,sigmoid,sgd,0.02,16,gaussian,"(-0.5, 0.5)",35,0.12722560373917888,0.5757575757575758,750
[6],0.15,0.008,0.0,0.15000000000000002,0.1,tanh,sgd,0.01,8,gaussian,"(-0.5, 0.5)",30,0.03550980963491403,1.0,751
[5],0.16999999999999998,0.006,0.004,0.15000000000000002,0.2,tanh,adam,0.01,8,range,"(-0.5, 0.5)",35,0.0626641053384761,0.9393939393939394,752
[4],0.06999999999999999,0.012,0.004,0.2,0.2,sigmoid,adam,0.01,64,he,"(-0.5, 0.5)",35,0.12429357921409397,0.6060606060606061,753
[6],0.03,0.012,0.006,0.05,0.30000000000000004,sigmoid,sgd,0.01,16,gaussian,"(-0.5, 0.5)",35,0.137075504164005,0.5757575757575758,754
[3],0.15,0.0,0.0,0.2,0.2,sigmoid,adam,0.02,64,he,"(-0.7, 0.7)",20,0.049107373687577054,0.9696969696969697,755
[4],0.10999999999999997,0.002,0.002,0.0,0.8,sigmoid,sgd,0.02,8,gaussian,"(-0.5, 0.5)",35,0.060548342248114916,0.8787878787878788,756
[3],0.18999999999999997,0.008,0.004,0.25,0.5,tanh,adam,0.03,64,range,"(-0.7, 0.7)",30,0.11359498509254602,0.696969696969697,757
[4],0.10999999999999997,0.006,0.006,0.15000000000000002,0.1,sigmoid,adam,0.0,16,gaussian,"(-0.1, 0.1)",30,0.08368814972317919,1.0,758
[5],0.15,0.008,0.0,0.25,0.7000000000000001,tanh,adam,0.02,16,xavier,"(-0.1, 0.1)",20,0.06569205341814194,0.9696969696969697,759
[4],0.049999999999999996,0.008,0.002,0.05,0.30000000000000004,tanh,sgd,0.03,64,he,"(-0.1, 0.1)",20,0.1266118441385354,0.5454545454545454,760
[4],0.10999999999999997,0.002,0.008,0.2,0.7000000000000001,sigmoid,sgd,0.0,8,he,"(-0.1, 0.1)",35,0.10584410567069603,0.5151515151515151,761
[4],0.15,0.0,0.008,0.25,0.30000000000000004,sigmoid,adam,0.03,64,he,"(-0.1, 0.1)",20,0.05665623131952989,0.9393939393939394,762
[3],0.03,0.014,0.002,0.0,0.0,sigmoid,sgd,0.04,8,gaussian,"(-0.7, 0.7)",30,0.13495240214535623,0.5757575757575758,763
[6],0.01,0.0,0.004,0.05,0.0,tanh,adam,0.03,64,range,"(-0.5, 0.5)",35,0.12174047821259977,0.6363636363636364,764
[5],0.03,0.0,0.002,0.2,0.5,sigmoid,adam,0.01,16,glorot,"(-0.7, 0.7)",35,0.04884303961039375,0.9696969696969697,765
[4],0.18999999999999997,0.004,0.008,0.0,0.2,tanh,sgd,0.01,32,he,"(-0.7, 0.7)",35,0.10260364880471887,0.5757575757575758,766
[3],0.15,0.012,0.008,0.25,0.6000000000000001,tanh,adam,0.03,64,he,"(-0.5, 0.5)",20,0.1093529808378738,0.8484848484848485,767
[5],0.18999999999999997,0.004,0.008,0.2,0.1,tanh,adam,0.01,8,xavier,"(-0.7, 0.7)",30,0.04810877164019729,1.0,768
[5],0.06999999999999999,0.008,0.006,0.1,0.1,sigmoid,adam,0.0,32,glorot,"(-0.7, 0.7)",35,0.09358285292161046,1.0,769
[3],0.16999999999999998,0.004,0.002,0.05,0.30000000000000004,tanh,adam,0.04,32,he,"(-0.5, 0.5)",35,0.10275603622855349,0.7575757575757576,770
[5],0.16999999999999998,0.008,0.008,0.1,0.6000000000000001,tanh,adam,0.02,8,he,"(-0.1, 0.1)",20,0.05568220500956587,0.9696969696969697,771
[5],0.15,0.004,0.008,0.25,0.1,tanh,sgd,0.03,8,glorot,"(-0.1, 0.1)",20,0.10144126997349086,0.5757575757575758,772
[4],0.18999999999999997,0.002,0.004,0.05,0.8,sigmoid,adam,0.03,32,glorot,"(-0.1, 0.1)",20,0.05051661385687639,1.0,773
[4],0.18999999999999997,0.01,0.004,0.1,0.5,sigmoid,adam,0.04,8,xavier,"(-0.5, 0.5)",20,0.06892749515165067,1.0,774
[3],0.12999999999999998,0.014,0.006,0.25,0.30000000000000004,sigmoid,adam,0.04,8,xavier,"(-0.7, 0.7)",35,0.10919280417080576,1.0,775
[4],0.08999999999999998,0.012,0.008,0.15000000000000002,0.2,sigmoid,adam,0.02,16,range,"(-0.1, 0.1)",35,0.11346652777983773,1.0,776
[3],0.18999999999999997,0.006,0.008,0.05,0.8,sigmoid,sgd,0.02,8,glorot,"(-0.1, 0.1)",35,0.06085036326515264,1.0,777
[5],0.16999999999999998,0.01,0.004,0.0,0.5,sigmoid,adam,0.04,8,he,"(-0.1, 0.1)",35,0.060939515198867464,1.0,778
[3],0.08999999999999998,0.012,0.002,0.15000000000000002,0.8,tanh,adam,0.03,16,gaussian,"(-0.5, 0.5)",35,0.05653220091239437,0.9696969696969697,779
[6],0.049999999999999996,0.014,0.002,0.1,0.30000000000000004,sigmoid,adam,0.02,32,glorot,"(-0.5, 0.5)",20,0.09499386253027832,0.9696969696969697,780
[5],0.18999999999999997,0.018000000000000002,0.006,0.1,0.30000000000000004,sigmoid,sgd,0.02,32,glorot,"(-0.7, 0.7)",20,0.1279098967078955,0.5757575757575758,781
[4],0.16999999999999998,0.008,0.004,0.1,0.4,tanh,sgd,0.0,16,xavier,"(-0.1, 0.1)",20,0.046703808534854216,0.9696969696969697,782
[5],0.16999999999999998,0.002,0.002,0.0,0.2,sigmoid,adam,0.04,16,gaussian,"(-0.7, 0.7)",35,0.02404209548176802,1.0,783
[4],0.01,0.018000000000000002,0.002,0.25,0.2,sigmoid,sgd,0.01,32,gaussian,"(-0.5, 0.5)",30,0.13302614694993867,0.5757575757575758,784
[6],0.18999999999999997,0.014,0.0,0.25,0.6000000000000001,sigmoid,sgd,0.04,16,glorot,"(-0.7, 0.7)",30,0.12410720242207914,0.5757575757575758,785
[6],0.08999999999999998,0.0,0.0,0.25,0.0,tanh,adam,0.01,32,he,"(-0.7, 0.7)",35,0.014472109369213185,1.0,786
[6],0.049999999999999996,0.01,0.008,0.1,0.0,sigmoid,sgd,0.0,16,he,"(-0.5, 0.5)",20,0.1292550898932634,0.5757575757575758,787
[3],0.03,0.004,0.004,0.05,0.4,sigmoid,adam,0.02,64,glorot,"(-0.7, 0.7)",20,0.12400591040736988,0.5757575757575758,788
[6],0.01,0.012,0.006,0.25,0.5,tanh,adam,0.02,8,xavier,"(-0.7, 0.7)",20,0.09573787219697821,0.7575757575757576,789
[5],0.16999999999999998,0.004,0.002,0.0,0.1,tanh,adam,0.03,16,gaussian,"(-0.5, 0.5)",30,0.01884841954548371,1.0,790
[5],0.06999999999999999,0.004,0.0,0.15000000000000002,0.8,tanh,adam,0.02,8,xavier,"(-0.5, 0.5)",35,0.032993866805378594,0.9696969696969697,791
[5],0.10999999999999997,0.0,0.004,0.2,0.30000000000000004,tanh,sgd,0.03,16,xavier,"(-0.7, 0.7)",35,0.12404978493297872,0.5757575757575758,792
[5],0.18999999999999997,0.018000000000000002,0.002,0.2,0.2,tanh,adam,0.04,8,gaussian,"(-0.1, 0.1)",30,0.06265112883979067,1.0,793
[5],0.049999999999999996,0.016,0.004,0.1,0.4,sigmoid,sgd,0.02,16,xavier,"(-0.7, 0.7)",30,0.12443853198168166,0.5757575757575758,794
[3],0.08999999999999998,0.002,0.006,0.05,0.7000000000000001,sigmoid,adam,0.01,64,he,"(-0.7, 0.7)",20,0.10744912233331154,0.6666666666666666,795
[3],0.01,0.01,0.0,0.05,0.4,sigmoid,adam,0.04,16,range,"(-0.5, 0.5)",30,0.12278284525422556,0.5757575757575758,796
[3],0.01,0.008,0.008,0.1,0.1,tanh,sgd,0.02,32,xavier,"(-0.5, 0.5)",35,0.1251022341818934,0.5757575757575758,797
[6],0.16999999999999998,0.008,0.0,0.1,0.1,tanh,adam,0.0,32,gaussian,"(-0.7, 0.7)",35,0.04643983017542045,1.0,798
[6],0.15,0.018000000000000002,0.004,0.0,0.5,tanh,sgd,0.01,8,xavier,"(-0.5, 0.5)",35,0.038488641268263596,1.0,799
[3],0.03,0.012,0.008,0.2,0.4,sigmoid,adam,0.03,64,xavier,"(-0.1, 0.1)",20,0.12408393604967084,0.5757575757575758,800
[5],0.15,0.018000000000000002,0.0,0.1,0.1,tanh,sgd,0.04,32,xavier,"(-0.5, 0.5)",30,0.12419373399654399,0.5757575757575758,801
[6],0.15,0.008,0.0,0.15000000000000002,0.5,sigmoid,adam,0.02,64,glorot,"(-0.5, 0.5)",35,0.08558763327641827,1.0,802
[5],0.12999999999999998,0.006,0.006,0.0,0.6000000000000001,tanh,sgd,0.03,8,gaussian,"(-0.1, 0.1)",30,0.0784463692480597,0.7575757575757576,803
[5],0.18999999999999997,0.01,0.002,0.1,0.1,tanh,sgd,0.03,64,he,"(-0.5, 0.5)",35,0.127049144061094,0.5757575757575758,804
[4],0.10999999999999997,0.012,0.002,0.1,0.30000000000000004,sigmoid,adam,0.0,8,gaussian,"(-0.1, 0.1)",20,0.08751789918314676,1.0,805
[4],0.16999999999999998,0.016,0.002,0.25,0.1,tanh,sgd,0.02,8,gaussian,"(-0.1, 0.1)",20,0.12276175292239835,0.5757575757575758,806
[4],0.01,0.002,0.006,0.1,0.7000000000000001,tanh,sgd,0.02,64,range,"(-0.5, 0.5)",20,0.12420239955604774,0.5757575757575758,807
[5],0.049999999999999996,0.006,0.008,0.0,0.2,sigmoid,sgd,0.02,32,range,"(-0.1, 0.1)",30,0.12282942497728724,0.5757575757575758,808
[6],0.01,0.016,0.0,0.25,0.7000000000000001,sigmoid,sgd,0.03,32,glorot,"(-0.5, 0.5)",35,0.12477877626523282,0.5757575757575758,809
[4],0.12999999999999998,0.008,0.002,0.1,0.4,sigmoid,adam,0.03,8,xavier,"(-0.5, 0.5)",35,0.06772848860444233,1.0,810
[3],0.10999999999999997,0.008,0.006,0.15000000000000002,0.6000000000000001,sigmoid,sgd,0.03,16,range,"(-0.5, 0.5)",20,0.12356103270509175,0.5757575757575758,811
[4],0.06999999999999999,0.002,0.008,0.25,0.7000000000000001,sigmoid,adam,0.01,16,he,"(-0.7, 0.7)",30,0.08042510628614224,0.9393939393939394,812
[5],0.06999999999999999,0.018000000000000002,0.006,0.1,0.0,sigmoid,sgd,0.01,32,glorot,"(-0.7, 0.7)",35,0.12964659221123698,0.5757575757575758,813
[3],0.049999999999999996,0.016,0.004,0.1,0.0,sigmoid,adam,0.04,16,glorot,"(-0.7, 0.7)",20,0.09832313959748483,1.0,814
[6],0.16999999999999998,0.008,0.008,0.1,0.1,tanh,adam,0.04,8,he,"(-0.5, 0.5)",30,0.06051257974052836,0.9696969696969697,815
[5],0.03,0.01,0.002,0.15000000000000002,0.2,tanh,sgd,0.03,8,range,"(-0.1, 0.1)",20,0.12249501521360635,0.5757575757575758,816
[4],0.01,0.0,0.0,0.25,0.2,tanh,sgd,0.03,64,range,"(-0.1, 0.1)",35,0.1229118407247705,0.5757575757575758,817
[5],0.12999999999999998,0.01,0.004,0.05,0.0,sigmoid,sgd,0.01,16,gaussian,"(-0.1, 0.1)",35,0.12306316445116738,0.5757575757575758,818
[3],0.12999999999999998,0.018000000000000002,0.0,0.05,0.5,sigmoid,sgd,0.01,16,xavier,"(-0.5, 0.5)",20,0.12294528107200291,0.5757575757575758,819
[4],0.08999999999999998,0.008,0.002,0.1,0.1,tanh,sgd,0.04,16,range,"(-0.7, 0.7)",35,0.12747312587738613,0.5757575757575758,820
[3],0.08999999999999998,0.016,0.008,0.25,0.4,sigmoid,sgd,0.01,16,xavier,"(-0.1, 0.1)",35,0.12424040154226364,0.5757575757575758,821
[5],0.12999999999999998,0.012,0.0,0.2,0.7000000000000001,sigmoid,sgd,0.04,8,range,"(-0.5, 0.5)",20,0.12324616411747029,0.5757575757575758,822
[4],0.03,0.006,0.002,0.15000000000000002,0.5,sigmoid,sgd,0.02,32,he,"(-0.5, 0.5)",30,0.1242181334196331,0.5757575757575758,823
[6],0.049999999999999996,0.004,0.006,0.0,0.0,tanh,adam,0.02,32,xavier,"(-0.1, 0.1)",35,0.0231839077458163,1.0,824
[5],0.18999999999999997,0.014,0.002,0.0,0.30000000000000004,tanh,adam,0.04,32,gaussian,"(-0.7, 0.7)",20,0.04204063869971193,1.0,825
[6],0.08999999999999998,0.006,0.002,0.25,0.0,sigmoid,adam,0.0,16,gaussian,"(-0.7, 0.7)",30,0.09054486328301399,1.0,826
[6],0.06999999999999999,0.012,0.006,0.15000000000000002,0.5,tanh,adam,0.03,8,he,"(-0.5, 0.5)",20,0.0501508562103605,1.0,827
[4],0.06999999999999999,0.01,0.002,0.2,0.30000000000000004,tanh,sgd,0.01,16,range,"(-0.7, 0.7)",35,0.13024880220175583,0.5151515151515151,828
[5],0.01,0.01,0.006,0.2,0.4,tanh,adam,0.0,16,glorot,"(-0.7, 0.7)",35,0.09036460460085566,0.8181818181818182,829
[3],0.049999999999999996,0.0,0.006,0.2,0.6000000000000001,sigmoid,adam,0.04,8,range,"(-0.7, 0.7)",30,0.044446107973259305,0.9696969696969697,830
[4],0.049999999999999996,0.008,0.002,0.15000000000000002,0.5,tanh,sgd,0.03,16,glorot,"(-0.1, 0.1)",20,0.12794870039341602,0.5757575757575758,831
[3],0.15,0.0,0.0,0.0,0.7000000000000001,tanh,adam,0.02,64,glorot,"(-0.5, 0.5)",30,0.10868991168874936,0.7272727272727273,832
[6],0.06999999999999999,0.01,0.0,0.0,0.6000000000000001,tanh,adam,0.02,32,range,"(-0.7, 0.7)",35,0.03429739786627547,1.0,833
[3],0.15,0.002,0.006,0.15000000000000002,0.7000000000000001,sigmoid,sgd,0.0,16,he,"(-0.7, 0.7)",20,0.12411544948828271,0.5757575757575758,834
[4],0.01,0.0,0.008,0.05,0.30000000000000004,tanh,sgd,0.04,64,gaussian,"(-0.5, 0.5)",35,0.15732905350348803,0.42424242424242425,835
[5],0.01,0.006,0.008,0.25,0.30000000000000004,sigmoid,sgd,0.04,8,xavier,"(-0.5, 0.5)",30,0.12476762415935733,0.5757575757575758,836
[4],0.03,0.006,0.006,0.25,0.30000000000000004,sigmoid,sgd,0.04,32,gaussian,"(-0.5, 0.5)",35,0.1286917910549158,0.5757575757575758,837
[3],0.18999999999999997,0.016,0.006,0.25,0.5,tanh,sgd,0.01,16,range,"(-0.1, 0.1)",30,0.10757295482277172,0.6363636363636364,838
[3],0.18999999999999997,0.018000000000000002,0.002,0.2,0.30000000000000004,tanh,sgd,0.04,8,gaussian,"(-0.5, 0.5)",20,0.1274928346188401,0.5757575757575758,839
[3],0.08999999999999998,0.012,0.006,0.2,0.6000000000000001,sigmoid,sgd,0.01,8,glorot,"(-0.7, 0.7)",20,0.12349718926591753,0.5757575757575758,840
[5],0.16999999999999998,0.012,0.006,0.0,0.7000000000000001,tanh,adam,0.02,32,he,"(-0.7, 0.7)",20,0.04722416885584895,1.0,841
[3],0.16999999999999998,0.01,0.0,0.0,0.1,tanh,adam,0.01,64,xavier,"(-0.5, 0.5)",30,0.049774617107204266,0.9696969696969697,842
[6],0.06999999999999999,0.0,0.0,0.2,0.0,tanh,sgd,0.02,32,xavier,"(-0.1, 0.1)",20,0.12536552784334987,0.6060606060606061,843
[4],0.049999999999999996,0.014,0.002,0.15000000000000002,0.5,sigmoid,sgd,0.02,16,glorot,"(-0.7, 0.7)",35,0.12541519294574194,0.5757575757575758,844
[4],0.06999999999999999,0.002,0.0,0.25,0.4,sigmoid,adam,0.0,64,glorot,"(-0.1, 0.1)",35,0.07145555173851467,0.9393939393939394,845
[4],0.12999999999999998,0.014,0.006,0.1,0.7000000000000001,sigmoid,adam,0.03,64,gaussian,"(-0.7, 0.7)",35,0.10200420287691808,1.0,846
[5],0.12999999999999998,0.0,0.004,0.05,0.4,tanh,adam,0.03,32,gaussian,"(-0.7, 0.7)",30,0.04873569271160816,0.9090909090909091,847
[4],0.08999999999999998,0.016,0.006,0.25,0.8,tanh,sgd,0.03,32,glorot,"(-0.1, 0.1)",35,0.1144858102921635,0.6666666666666666,848
[4],0.18999999999999997,0.002,0.006,0.15000000000000002,0.30000000000000004,tanh,sgd,0.02,16,range,"(-0.1, 0.1)",35,0.12256281150529187,0.5757575757575758,849
[3],0.03,0.0,0.0,0.0,0.7000000000000001,tanh,sgd,0.0,16,glorot,"(-0.1, 0.1)",30,0.11971516585599268,0.5757575757575758,850
[5],0.03,0.018000000000000002,0.008,0.15000000000000002,0.0,sigmoid,sgd,0.01,32,gaussian,"(-0.7, 0.7)",35,0.15196247785524583,0.5757575757575758,851
[3],0.18999999999999997,0.006,0.002,0.2,0.2,sigmoid,adam,0.02,32,he,"(-0.5, 0.5)",35,0.14220351556209157,0.696969696969697,852
[5],0.08999999999999998,0.008,0.006,0.05,0.7000000000000001,tanh,sgd,0.02,32,glorot,"(-0.7, 0.7)",35,0.11174101503061926,0.5454545454545454,853
[6],0.03,0.014,0.004,0.0,0.6000000000000001,tanh,adam,0.03,32,xavier,"(-0.1, 0.1)",35,0.0560532867259883,0.9393939393939394,854
[6],0.03,0.006,0.006,0.15000000000000002,0.8,sigmoid,sgd,0.03,64,gaussian,"(-0.7, 0.7)",20,0.13831199488408494,0.5757575757575758,855
[5],0.18999999999999997,0.006,0.0,0.2,0.7000000000000001,tanh,sgd,0.04,8,xavier,"(-0.7, 0.7)",20,0.020735019422697606,1.0,856
[4],0.03,0.004,0.006,0.05,0.5,sigmoid,adam,0.03,64,gaussian,"(-0.1, 0.1)",20,0.12383539721831255,0.5757575757575758,857
[6],0.049999999999999996,0.004,0.004,0.25,0.1,sigmoid,sgd,0.02,64,xavier,"(-0.7, 0.7)",30,0.12462346850949858,0.5757575757575758,858
[5],0.06999999999999999,0.014,0.002,0.2,0.2,tanh,sgd,0.0,16,he,"(-0.7, 0.7)",20,0.1273775719793935,0.5757575757575758,859
[3],0.01,0.008,0.002,0.05,0.0,sigmoid,sgd,0.04,8,xavier,"(-0.5, 0.5)",30,0.1232891060415979,0.5757575757575758,860
[6],0.12999999999999998,0.012,0.006,0.2,0.30000000000000004,sigmoid,sgd,0.0,64,xavier,"(-0.7, 0.7)",35,0.12662807165103548,0.5757575757575758,861
[5],0.01,0.018000000000000002,0.008,0.05,0.7000000000000001,tanh,sgd,0.01,64,glorot,"(-0.7, 0.7)",35,0.13399015101833076,0.6060606060606061,862
[5],0.16999999999999998,0.002,0.004,0.25,0.1,tanh,adam,0.04,8,range,"(-0.5, 0.5)",30,0.07761945006560969,0.8181818181818182,863
[3],0.18999999999999997,0.004,0.0,0.2,0.4,tanh,adam,0.01,32,gaussian,"(-0.7, 0.7)",30,0.09442510579285264,0.7878787878787878,864
[3],0.10999999999999997,0.012,0.008,0.1,0.5,sigmoid,adam,0.0,8,gaussian,"(-0.5, 0.5)",30,0.10824249149019194,0.9696969696969697,865
[4],0.16999999999999998,0.014,0.008,0.2,0.7000000000000001,sigmoid,sgd,0.02,64,he,"(-0.1, 0.1)",20,0.12580687138765717,0.5757575757575758,866
[4],0.10999999999999997,0.018000000000000002,0.002,0.25,0.1,sigmoid,sgd,0.03,16,he,"(-0.5, 0.5)",30,0.12540304629058263,0.5757575757575758,867
[5],0.10999999999999997,0.0,0.002,0.25,0.0,tanh,adam,0.04,16,he,"(-0.5, 0.5)",30,0.0884380977801982,0.7272727272727273,868
[6],0.15,0.004,0.002,0.2,0.6000000000000001,tanh,adam,0.04,16,range,"(-0.1, 0.1)",30,0.04642148498723636,1.0,869
[5],0.03,0.012,0.002,0.2,0.0,tanh,adam,0.01,64,glorot,"(-0.7, 0.7)",30,0.09547237984130902,0.696969696969697,870
[3],0.18999999999999997,0.018000000000000002,0.0,0.15000000000000002,0.30000000000000004,tanh,sgd,0.01,8,glorot,"(-0.5, 0.5)",30,0.08428502737571761,0.8181818181818182,871
[3],0.06999999999999999,0.012,0.0,0.1,0.5,tanh,adam,0.0,16,range,"(-0.1, 0.1)",35,0.10158069828205346,0.7575757575757576,872
[5],0.12999999999999998,0.01,0.0,0.25,0.5,tanh,adam,0.0,32,range,"(-0.1, 0.1)",20,0.08305251747417505,0.9696969696969697,873
[4],0.10999999999999997,0.012,0.0,0.25,0.2,sigmoid,sgd,0.02,8,gaussian,"(-0.7, 0.7)",30,0.13323215741614525,0.5757575757575758,874
[5],0.16999999999999998,0.012,0.002,0.15000000000000002,0.30000000000000004,sigmoid,adam,0.04,32,glorot,"(-0.1, 0.1)",30,0.1293875337854957,1.0,875
[3],0.08999999999999998,0.006,0.004,0.25,0.1,tanh,adam,0.04,16,gaussian,"(-0.5, 0.5)",20,0.09130125401033425,0.7878787878787878,876
[6],0.03,0.0,0.008,0.25,0.4,tanh,adam,0.01,8,he,"(-0.5, 0.5)",35,0.036674482787373765,0.9696969696969697,877
[6],0.03,0.004,0.006,0.1,0.0,tanh,adam,0.02,32,xavier,"(-0.5, 0.5)",35,0.029676812838041557,1.0,878
[6],0.16999999999999998,0.016,0.0,0.15000000000000002,0.6000000000000001,sigmoid,adam,0.02,8,gaussian,"(-0.7, 0.7)",35,0.09774067501308831,1.0,879
[6],0.08999999999999998,0.008,0.006,0.05,0.2,sigmoid,adam,0.03,32,he,"(-0.5, 0.5)",30,0.07949047733351493,1.0,880
[5],0.15,0.014,0.0,0.15000000000000002,0.0,tanh,adam,0.04,16,he,"(-0.7, 0.7)",30,0.07816415897694827,1.0,881
[6],0.08999999999999998,0.006,0.002,0.15000000000000002,0.5,tanh,sgd,0.0,32,glorot,"(-0.5, 0.5)",20,0.12483024538469092,0.6363636363636364,882
[6],0.15,0.0,0.0,0.25,0.5,tanh,sgd,0.03,64,range,"(-0.7, 0.7)",35,0.12139679228716552,0.6363636363636364,883
[3],0.16999999999999998,0.0,0.004,0.05,0.7000000000000001,sigmoid,sgd,0.0,32,he,"(-0.5, 0.5)",20,0.12321236364385674,0.5757575757575758,884
[3],0.12999999999999998,0.008,0.006,0.0,0.6000000000000001,tanh,adam,0.04,16,xavier,"(-0.1, 0.1)",30,0.042751898297217546,0.9696969696969697,885
[5],0.10999999999999997,0.016,0.002,0.2,0.8,sigmoid,sgd,0.01,8,he,"(-0.7, 0.7)",20,0.12631039954733533,0.5757575757575758,886
[4],0.10999999999999997,0.008,0.008,0.1,0.2,sigmoid,sgd,0.03,64,glorot,"(-0.5, 0.5)",20,0.12644517605005204,0.5757575757575758,887
[5],0.15,0.018000000000000002,0.006,0.25,0.1,sigmoid,sgd,0.0,16,range,"(-0.1, 0.1)",20,0.12281686627485373,0.5757575757575758,888
[3],0.01,0.006,0.002,0.25,0.6000000000000001,tanh,adam,0.0,64,range,"(-0.1, 0.1)",35,0.12260993314112731,0.5757575757575758,889
[6],0.08999999999999998,0.008,0.008,0.25,0.1,tanh,sgd,0.03,64,glorot,"(-0.5, 0.5)",20,0.12898099603876145,0.5757575757575758,890
[4],0.18999999999999997,0.008,0.002,0.1,0.0,sigmoid,sgd,0.01,8,he,"(-0.1, 0.1)",30,0.1232399451858018,0.5454545454545454,891
[4],0.15,0.01,0.008,0.05,0.7000000000000001,sigmoid,adam,0.03,64,gaussian,"(-0.5, 0.5)",20,0.10844551696991625,1.0,892
[5],0.049999999999999996,0.018000000000000002,0.002,0.05,0.8,sigmoid,sgd,0.0,64,gaussian,"(-0.1, 0.1)",30,0.12304539688325918,0.5757575757575758,893
[6],0.08999999999999998,0.008,0.006,0.0,0.8,sigmoid,adam,0.04,64,he,"(-0.7, 0.7)",20,0.07692920451822821,1.0,894
[6],0.10999999999999997,0.0,0.006,0.2,0.30000000000000004,sigmoid,sgd,0.01,16,gaussian,"(-0.5, 0.5)",35,0.12792738826716346,0.5757575757575758,895
[4],0.08999999999999998,0.018000000000000002,0.006,0.15000000000000002,0.2,sigmoid,adam,0.02,8,gaussian,"(-0.7, 0.7)",20,0.09761447029730648,1.0,896
[6],0.10999999999999997,0.002,0.004,0.0,0.6000000000000001,tanh,adam,0.03,16,xavier,"(-0.7, 0.7)",35,0.014094723534963327,1.0,897
[6],0.06999999999999999,0.004,0.006,0.2,0.6000000000000001,sigmoid,sgd,0.04,32,range,"(-0.5, 0.5)",20,0.12504163142929506,0.5757575757575758,898
[5],0.10999999999999997,0.01,0.0,0.0,0.2,sigmoid,sgd,0.02,32,xavier,"(-0.5, 0.5)",20,0.12292622179295755,0.5757575757575758,899
[5],0.18999999999999997,0.01,0.002,0.0,0.1,tanh,adam,0.02,64,gaussian,"(-0.5, 0.5)",35,0.04774084914008387,1.0,900
[5],0.08999999999999998,0.01,0.008,0.2,0.1,tanh,adam,0.01,8,gaussian,"(-0.1, 0.1)",20,0.06463150888521091,0.9696969696969697,901
[4],0.16999999999999998,0.016,0.006,0.0,0.7000000000000001,sigmoid,sgd,0.03,8,he,"(-0.1, 0.1)",20,0.10534273457933421,0.8181818181818182,902
[4],0.03,0.0,0.0,0.1,0.6000000000000001,tanh,adam,0.02,16,gaussian,"(-0.1, 0.1)",20,0.005470789836650916,1.0,903
[5],0.16999999999999998,0.012,0.004,0.1,0.2,tanh,adam,0.03,64,xavier,"(-0.1, 0.1)",20,0.05732999069281525,1.0,904
[3],0.10999999999999997,0.008,0.004,0.0,0.7000000000000001,sigmoid,sgd,0.02,64,glorot,"(-0.1, 0.1)",35,0.12241754363289177,0.5757575757575758,905
[4],0.18999999999999997,0.006,0.006,0.2,0.0,tanh,sgd,0.03,32,range,"(-0.7, 0.7)",30,0.12807439251817448,0.5757575757575758,906
[4],0.06999999999999999,0.01,0.008,0.25,0.30000000000000004,tanh,sgd,0.03,32,xavier,"(-0.1, 0.1)",30,0.12426136611980497,0.6060606060606061,907
[6],0.15,0.0,0.0,0.1,0.8,sigmoid,sgd,0.03,64,xavier,"(-0.5, 0.5)",20,0.12332208022132013,0.5757575757575758,908
[4],0.10999999999999997,0.01,0.002,0.2,0.2,tanh,adam,0.01,16,xavier,"(-0.7, 0.7)",30,0.04286651879606409,1.0,909
[4],0.049999999999999996,0.01,0.0,0.15000000000000002,0.30000000000000004,tanh,sgd,0.03,16,xavier,"(-0.1, 0.1)",20,0.12238347572635788,0.6060606060606061,910
[3],0.08999999999999998,0.012,0.004,0.15000000000000002,0.7000000000000001,tanh,sgd,0.01,8,range,"(-0.5, 0.5)",35,0.09597021308778374,0.7575757575757576,911
[5],0.03,0.016,0.004,0.25,0.2,sigmoid,sgd,0.04,64,gaussian,"(-0.1, 0.1)",20,0.12326769400479363,0.5757575757575758,912
[3],0.08999999999999998,0.008,0.002,0.05,0.0,tanh,sgd,0.04,8,range,"(-0.7, 0.7)",20,0.12161378019962549,0.5454545454545454,913
[5],0.01,0.018000000000000002,0.006,0.25,0.0,sigmoid,adam,0.03,32,range,"(-0.5, 0.5)",30,0.12747925948876693,0.5757575757575758,914
[5],0.16999999999999998,0.008,0.002,0.05,0.5,sigmoid,adam,0.03,64,range,"(-0.5, 0.5)",30,0.09394816072458685,1.0,915
[5],0.10999999999999997,0.012,0.004,0.1,0.2,sigmoid,adam,0.03,32,gaussian,"(-0.1, 0.1)",35,0.11578165346135834,1.0,916
[4],0.049999999999999996,0.01,0.002,0.25,0.6000000000000001,tanh,adam,0.04,32,xavier,"(-0.1, 0.1)",20,0.0855675211778299,0.8484848484848485,917
[3],0.12999999999999998,0.012,0.0,0.2,0.5,sigmoid,sgd,0.04,8,he,"(-0.7, 0.7)",35,0.12399206080568648,0.5757575757575758,918
[6],0.03,0.008,0.002,0.25,0.0,sigmoid,adam,0.03,64,glorot,"(-0.7, 0.7)",20,0.12319643874574832,0.5757575757575758,919
[3],0.049999999999999996,0.008,0.0,0.1,0.30000000000000004,tanh,sgd,0.03,16,xavier,"(-0.1, 0.1)",30,0.12289550357505599,0.5757575757575758,920
[5],0.10999999999999997,0.006,0.002,0.25,0.7000000000000001,sigmoid,adam,0.03,64,glorot,"(-0.1, 0.1)",20,0.12523756633670396,0.30303030303030304,921
[6],0.10999999999999997,0.016,0.004,0.2,0.2,tanh,adam,0.02,32,glorot,"(-0.7, 0.7)",35,0.10097303213810445,0.9090909090909091,922
[3],0.10999999999999997,0.016,0.008,0.15000000000000002,0.30000000000000004,sigmoid,sgd,0.03,32,range,"(-0.1, 0.1)",30,0.12260928806279887,0.5757575757575758,923
[5],0.049999999999999996,0.018000000000000002,0.008,0.25,0.30000000000000004,tanh,adam,0.03,8,range,"(-0.1, 0.1)",30,0.06714468628602469,1.0,924
[5],0.01,0.01,0.006,0.0,0.1,tanh,adam,0.02,8,gaussian,"(-0.5, 0.5)",30,0.07688296979690228,0.8484848484848485,925
[3],0.16999999999999998,0.016,0.006,0.2,0.6000000000000001,sigmoid,sgd,0.02,8,gaussian,"(-0.5, 0.5)",20,0.12660055485694938,0.5757575757575758,926
[6],0.049999999999999996,0.018000000000000002,0.006,0.0,0.1,sigmoid,adam,0.04,16,gaussian,"(-0.5, 0.5)",30,0.1133232805527269,1.0,927
[4],0.08999999999999998,0.004,0.0,0.15000000000000002,0.0,tanh,sgd,0.0,64,range,"(-0.5, 0.5)",30,0.12272094144036029,0.5757575757575758,928
[3],0.10999999999999997,0.008,0.002,0.1,0.2,tanh,sgd,0.0,32,glorot,"(-0.1, 0.1)",35,0.12171180770375799,0.5757575757575758,929
[3],0.049999999999999996,0.006,0.002,0.15000000000000002,0.1,sigmoid,adam,0.01,16,he,"(-0.5, 0.5)",30,0.12539010529943964,0.696969696969697,930
[4],0.03,0.004,0.002,0.0,0.30000000000000004,tanh,sgd,0.02,64,he,"(-0.1, 0.1)",20,0.1262613652819317,0.6363636363636364,931
[6],0.049999999999999996,0.002,0.0,0.25,0.4,tanh,sgd,0.0,8,range,"(-0.7, 0.7)",30,0.1159893572754039,0.6666666666666666,932
[6],0.01,0.002,0.008,0.2,0.7000000000000001,sigmoid,adam,0.0,32,he,"(-0.5, 0.5)",30,0.1274500951400417,0.5757575757575758,933
[4],0.03,0.016,0.0,0.05,0.1,sigmoid,adam,0.02,64,gaussian,"(-0.7, 0.7)",35,0.09493862121799207,0.8181818181818182,934
[6],0.06999999999999999,0.008,0.0,0.05,0.5,sigmoid,adam,0.02,8,glorot,"(-0.5, 0.5)",30,0.06163417456467174,1.0,935
[6],0.03,0.016,0.006,0.25,0.2,tanh,sgd,0.03,8,xavier,"(-0.1, 0.1)",30,0.1286283710488579,0.5757575757575758,936
[5],0.06999999999999999,0.018000000000000002,0.004,0.2,0.0,tanh,sgd,0.0,64,range,"(-0.5, 0.5)",35,0.1309747287803627,0.5757575757575758,937
[5],0.16999999999999998,0.008,0.004,0.2,0.4,sigmoid,sgd,0.01,16,glorot,"(-0.7, 0.7)",30,0.12526193779752437,0.5757575757575758,938
[6],0.01,0.004,0.0,0.2,0.0,tanh,adam,0.03,16,he,"(-0.1, 0.1)",30,0.09975814319504234,0.6666666666666666,939
[4],0.08999999999999998,0.008,0.004,0.1,0.1,sigmoid,adam,0.03,64,he,"(-0.7, 0.7)",20,0.11276961682760941,0.6363636363636364,940
[3],0.01,0.016,0.002,0.0,0.6000000000000001,sigmoid,adam,0.02,16,glorot,"(-0.1, 0.1)",20,0.12417359087190966,0.5757575757575758,941
[5],0.049999999999999996,0.01,0.006,0.25,0.5,tanh,sgd,0.01,64,xavier,"(-0.5, 0.5)",20,0.12524184434069485,0.5757575757575758,942
[5],0.18999999999999997,0.014,0.002,0.1,0.8,tanh,sgd,0.01,16,he,"(-0.1, 0.1)",30,0.04107571818688555,1.0,943
[3],0.049999999999999996,0.004,0.006,0.15000000000000002,0.4,tanh,sgd,0.01,16,range,"(-0.5, 0.5)",30,0.12152197829367356,0.5757575757575758,944
[3],0.06999999999999999,0.014,0.0,0.1,0.8,tanh,adam,0.02,16,xavier,"(-0.1, 0.1)",20,0.11589314152123101,0.7272727272727273,945
[4],0.01,0.0,0.004,0.0,0.2,sigmoid,adam,0.01,8,xavier,"(-0.1, 0.1)",35,0.1128004543779931,0.5151515151515151,946
[6],0.06999999999999999,0.016,0.004,0.1,0.30000000000000004,tanh,sgd,0.0,16,gaussian,"(-0.5, 0.5)",35,0.13292696594108766,0.5757575757575758,947
[6],0.06999999999999999,0.016,0.002,0.15000000000000002,0.6000000000000001,tanh,adam,0.01,64,he,"(-0.7, 0.7)",30,0.052647885559477206,1.0,948
[5],0.18999999999999997,0.002,0.008,0.2,0.7000000000000001,tanh,sgd,0.01,32,he,"(-0.5, 0.5)",35,0.10689514258969748,0.6060606060606061,949
[5],0.06999999999999999,0.004,0.008,0.15000000000000002,0.7000000000000001,tanh,sgd,0.03,32,range,"(-0.5, 0.5)",20,0.1278112003578247,0.5757575757575758,950
[4],0.03,0.016,0.008,0.2,0.6000000000000001,sigmoid,adam,0.03,64,xavier,"(-0.1, 0.1)",30,0.12678135234381693,0.5757575757575758,951
[4],0.16999999999999998,0.0,0.008,0.0,0.1,tanh,adam,0.0,64,range,"(-0.1, 0.1)",30,0.060915164849844154,0.9090909090909091,952
[6],0.15,0.0,0.004,0.25,0.4,sigmoid,sgd,0.02,8,glorot,"(-0.5, 0.5)",35,0.12339797673516666,0.5757575757575758,953
[5],0.15,0.012,0.004,0.0,0.2,tanh,adam,0.02,8,glorot,"(-0.5, 0.5)",20,0.032846263483714014,1.0,954
[5],0.03,0.006,0.008,0.05,0.4,tanh,adam,0.01,16,xavier,"(-0.5, 0.5)",35,0.03144828634174125,1.0,955
[5],0.12999999999999998,0.01,0.0,0.1,0.8,sigmoid,sgd,0.01,8,range,"(-0.5, 0.5)",30,0.10615740250726596,0.6363636363636364,956
[6],0.01,0.01,0.008,0.15000000000000002,0.7000000000000001,tanh,adam,0.03,8,xavier,"(-0.5, 0.5)",35,0.09135794273586119,0.7575757575757576,957
[4],0.06999999999999999,0.008,0.004,0.0,0.4,tanh,adam,0.04,64,range,"(-0.7, 0.7)",35,0.03945044415147842,0.9696969696969697,958
[4],0.16999999999999998,0.018000000000000002,0.002,0.1,0.2,sigmoid,adam,0.04,16,glorot,"(-0.1, 0.1)",30,0.11612979787213938,1.0,959
[4],0.18999999999999997,0.0,0.008,0.05,0.1,sigmoid,adam,0.04,64,glorot,"(-0.7, 0.7)",30,0.0245698273942151,1.0,960
[5],0.15,0.016,0.006,0.2,0.7000000000000001,sigmoid,sgd,0.0,64,gaussian,"(-0.7, 0.7)",20,0.14726500692358413,0.5757575757575758,961
[3],0.12999999999999998,0.018000000000000002,0.004,0.1,0.1,sigmoid,adam,0.04,64,gaussian,"(-0.7, 0.7)",35,0.13492961344223087,0.9696969696969697,962
[6],0.01,0.002,0.004,0.05,0.8,tanh,adam,0.0,32,he,"(-0.1, 0.1)",35,0.09118187298640908,0.7272727272727273,963
[3],0.18999999999999997,0.018000000000000002,0.008,0.1,0.8,tanh,sgd,0.0,64,he,"(-0.1, 0.1)",30,0.1060625202971257,0.7272727272727273,964
[3],0.08999999999999998,0.004,0.002,0.15000000000000002,0.4,sigmoid,adam,0.02,8,xavier,"(-0.1, 0.1)",35,0.1169005744086493,0.696969696969697,965
[5],0.16999999999999998,0.018000000000000002,0.002,0.25,0.7000000000000001,sigmoid,sgd,0.0,16,he,"(-0.5, 0.5)",35,0.13317290259619874,0.5757575757575758,966
[5],0.06999999999999999,0.002,0.008,0.2,0.1,sigmoid,sgd,0.02,16,he,"(-0.5, 0.5)",20,0.12565402895849379,0.5757575757575758,967
[3],0.049999999999999996,0.016,0.004,0.1,0.7000000000000001,sigmoid,adam,0.01,8,he,"(-0.1, 0.1)",35,0.1275862675894444,0.5757575757575758,968
[3],0.01,0.016,0.006,0.15000000000000002,0.7000000000000001,sigmoid,adam,0.01,32,glorot,"(-0.7, 0.7)",20,0.12553839588104004,0.5757575757575758,969
[4],0.10999999999999997,0.008,0.0,0.15000000000000002,0.4,sigmoid,sgd,0.01,32,range,"(-0.7, 0.7)",30,0.12366541725772394,0.5757575757575758,970
[6],0.12999999999999998,0.018000000000000002,0.0,0.2,0.6000000000000001,tanh,adam,0.0,16,gaussian,"(-0.1, 0.1)",20,0.09257173587793857,1.0,971
[5],0.18999999999999997,0.012,0.0,0.1,0.30000000000000004,tanh,sgd,0.03,16,glorot,"(-0.1, 0.1)",20,0.09129855816619156,0.696969696969697,972
[5],0.049999999999999996,0.012,0.004,0.25,0.30000000000000004,tanh,sgd,0.0,16,range,"(-0.7, 0.7)",30,0.13031343627743394,0.5757575757575758,973
[3],0.10999999999999997,0.014,0.0,0.15000000000000002,0.2,tanh,adam,0.02,32,range,"(-0.5, 0.5)",20,0.11880131760672429,0.7272727272727273,974
[3],0.18999999999999997,0.012,0.004,0.15000000000000002,0.1,tanh,adam,0.04,32,range,"(-0.1, 0.1)",35,0.11568863650772952,0.7272727272727273,975
[5],0.12999999999999998,0.0,0.0,0.15000000000000002,0.6000000000000001,tanh,adam,0.03,64,range,"(-0.7, 0.7)",30,0.015779534368268205,0.9696969696969697,976
[4],0.049999999999999996,0.008,0.008,0.15000000000000002,0.5,sigmoid,sgd,0.0,16,glorot,"(-0.1, 0.1)",35,0.12660629390622652,0.5757575757575758,977
[4],0.049999999999999996,0.012,0.0,0.05,0.8,tanh,sgd,0.02,64,he,"(-0.1, 0.1)",35,0.12228427930393151,0.48484848484848486,978
[4],0.12999999999999998,0.016,0.002,0.15000000000000002,0.8,sigmoid,sgd,0.03,8,glorot,"(-0.1, 0.1)",35,0.12128590938038208,0.5757575757575758,979
[6],0.10999999999999997,0.016,0.008,0.0,0.7000000000000001,tanh,adam,0.0,16,gaussian,"(-0.5, 0.5)",30,0.05498805110227377,1.0,980
[5],0.08999999999999998,0.01,0.006,0.1,0.6000000000000001,tanh,sgd,0.03,16,glorot,"(-0.1, 0.1)",35,0.10675517734827983,0.6060606060606061,981
[3],0.06999999999999999,0.018000000000000002,0.002,0.25,0.2,sigmoid,sgd,0.0,32,xavier,"(-0.1, 0.1)",20,0.12329655677968988,0.5757575757575758,982
[4],0.15,0.018000000000000002,0.008,0.2,0.2,sigmoid,adam,0.04,64,range,"(-0.7, 0.7)",35,0.11856626803691052,1.0,983
[4],0.15,0.0,0.0,0.05,0.30000000000000004,sigmoid,adam,0.03,16,glorot,"(-0.7, 0.7)",30,0.009708351955023512,1.0,984
[5],0.18999999999999997,0.0,0.0,0.05,0.2,sigmoid,sgd,0.0,8,xavier,"(-0.1, 0.1)",30,0.12200467923273399,0.5757575757575758,985
[3],0.08999999999999998,0.01,0.006,0.1,0.0,tanh,sgd,0.03,32,range,"(-0.7, 0.7)",20,0.12306710611356324,0.5454545454545454,986
[3],0.06999999999999999,0.018000000000000002,0.002,0.2,0.2,sigmoid,adam,0.04,64,he,"(-0.7, 0.7)",20,0.12618155584936733,0.5757575757575758,987
[4],0.12999999999999998,0.016,0.002,0.0,0.30000000000000004,sigmoid,sgd,0.01,16,range,"(-0.1, 0.1)",20,0.12230866874586567,0.5757575757575758,988
[6],0.15,0.006,0.006,0.0,0.4,sigmoid,adam,0.03,64,gaussian,"(-0.7, 0.7)",30,0.06385393016428335,1.0,989
[5],0.12999999999999998,0.002,0.004,0.2,0.1,sigmoid,sgd,0.0,64,range,"(-0.7, 0.7)",30,0.1283938008999178,0.5757575757575758,990
[4],0.18999999999999997,0.004,0.002,0.05,0.1,tanh,adam,0.04,16,xavier,"(-0.1, 0.1)",20,0.03732787778436841,0.9696969696969697,991
[3],0.16999999999999998,0.018000000000000002,0.008,0.25,0.1,sigmoid,adam,0.01,16,xavier,"(-0.7, 0.7)",20,0.1291676049048515,0.5757575757575758,992
[6],0.08999999999999998,0.014,0.008,0.05,0.0,sigmoid,adam,0.02,8,gaussian,"(-0.7, 0.7)",35,0.08260753750688221,1.0,993
[4],0.08999999999999998,0.008,0.004,0.05,0.5,sigmoid,adam,0.02,16,he,"(-0.7, 0.7)",30,0.06825795975484049,1.0,994
[3],0.15,0.016,0.004,0.2,0.4,tanh,adam,0.0,16,xavier,"(-0.7, 0.7)",20,0.10845941155736415,0.7272727272727273,995
[4],0.03,0.0,0.008,0.0,0.5,tanh,sgd,0.04,8,gaussian,"(-0.5, 0.5)",35,0.12738524274337165,0.5757575757575758,996
[4],0.18999999999999997,0.014,0.008,0.25,0.2,sigmoid,adam,0.0,8,xavier,"(-0.5, 0.5)",20,0.12668740784669938,0.5757575757575758,997
[5],0.01,0.01,0.008,0.25,0.6000000000000001,sigmoid,sgd,0.0,64,xavier,"(-0.5, 0.5)",35,0.12526717144241487,0.5757575757575758,998
[5],0.08999999999999998,0.002,0.008,0.15000000000000002,0.7000000000000001,tanh,adam,0.0,64,glorot,"(-0.7, 0.7)",35,0.03177768408245389,0.9696969696969697,999
[6],0.049999999999999996,0.018000000000000002,0.006,0.05,0.0,tanh,sgd,0.04,64,he,"(-0.7, 0.7)",35,0.13278840160115168,0.6060606060606061,1000
[4],0.01,0.0,0.0,0.25,0.8,sigmoid,sgd,0.0,2,gaussian,"(-0.1, 0.1)",15,0.14311663456683493,0.4411764705882353,1
[4],0.01,0.0,0.0,0.05,0.9000000000000001,sigmoid,sgd,0.0,2,gaussian,"(-0.1, 0.1)",15,0.09985939055217885,0.5,2
[4],0.16,0.0,0.0,0.1,0.75,sigmoid,sgd,0.0,2,gaussian,"(-0.5, 0.5)",15,0.012804241357284023,1.0,3
[4],0.01,0.0,0.0,0.25,0.8500000000000001,sigmoid,sgd,0.0,2,gaussian,"(-0.1, 0.1)",15,0.13248001124123698,0.4411764705882353,4
[4],0.16,0.0,0.0,0.0,0.75,sigmoid,sgd,0.0,2,gaussian,"(-0.5, 0.5)",15,0.005295731476840503,1.0,5
[4],0.16,0.0,0.0,0.25,0.7,sigmoid,sgd,0.0,2,gaussian,"(-0.5, 0.5)",15,0.03691260343730847,1.0,6
[4],0.01,0.0,0.0,0.0,0.8,sigmoid,sgd,0.0,2,gaussian,"(-0.5, 0.5)",15,0.11184668942827444,0.4411764705882353,7
[4],0.01,0.0,0.0,0.1,0.75,sigmoid,sgd,0.0,2,gaussian,"(-0.5, 0.5)",15,0.12815427303476878,0.4411764705882353,8
[4],0.01,0.0,0.0,0.0,0.75,sigmoid,sgd,0.0,2,gaussian,"(-0.1, 0.1)",15,0.13865444889854667,0.4411764705882353,9
[4],0.16,0.0,0.0,0.25,0.8,sigmoid,sgd,0.0,2,gaussian,"(-0.1, 0.1)",15,0.021521341666201864,1.0,10
[4],0.16,0.0,0.0,0.25,0.9000000000000001,sigmoid,sgd,0.0,2,gaussian,"(-0.1, 0.1)",15,0.030118869334414003,1.0,11
[4],0.16,0.0,0.0,0.1,0.75,sigmoid,sgd,0.0,2,gaussian,"(-0.1, 0.1)",15,0.0013771916151068878,1.0,12
[4],0.01,0.0,0.0,0.1,0.9000000000000001,sigmoid,sgd,0.0,2,gaussian,"(-0.5, 0.5)",15,0.04335564216226815,1.0,13
[4],0.01,0.0,0.0,0.05,0.7,sigmoid,sgd,0.0,2,gaussian,"(-0.1, 0.1)",15,0.14550693436316742,0.4411764705882353,14
[4],0.01,0.0,0.0,0.1,0.7,sigmoid,sgd,0.0,2,gaussian,"(-0.5, 0.5)",15,0.1367045363398884,0.4411764705882353,15
[4],0.01,0.0,0.0,0.0,0.7,sigmoid,sgd,0.0,2,gaussian,"(-0.1, 0.1)",15,0.14294566834122718,0.4411764705882353,16
[4],0.01,0.0,0.0,0.15000000000000002,0.9000000000000001,sigmoid,sgd,0.0,2,gaussian,"(-0.5, 0.5)",15,0.05377764012318193,1.0,18
[4],0.01,0.0,0.0,0.15000000000000002,0.7,sigmoid,sgd,0.0,2,gaussian,"(-0.5, 0.5)",15,0.1375582694337497,0.4411764705882353,19
[4],0.01,0.0,0.0,0.05,0.8,sigmoid,sgd,0.0,2,gaussian,"(-0.1, 0.1)",15,0.13475118167084169,0.4411764705882353,20
[4],0.01,0.0,0.0,0.05,0.7,sigmoid,sgd,0.0,2,gaussian,"(-0.5, 0.5)",15,0.1362191364645578,0.4411764705882353,21
[4],0.16,0.0,0.0,0.05,0.8,sigmoid,sgd,0.0,2,gaussian,"(-0.1, 0.1)",15,0.0007648615575266194,1.0,22
[4],0.16,0.0,0.0,0.2,0.9000000000000001,sigmoid,sgd,0.0,2,gaussian,"(-0.1, 0.1)",15,0.017944924904119315,1.0,23
[4],0.16,0.0,0.0,0.05,0.8500000000000001,sigmoid,sgd,0.0,2,gaussian,"(-0.1, 0.1)",15,0.004042173371334262,1.0,24
[4],0.16,0.0,0.0,0.1,0.9000000000000001,sigmoid,sgd,0.0,2,gaussian,"(-0.1, 0.1)",15,0.002420892032447331,1.0,25
[4],0.16,0.0,0.0,0.0,0.7,sigmoid,sgd,0.0,2,gaussian,"(-0.1, 0.1)",15,0.004058126412400477,1.0,26
[4],0.01,0.0,0.0,0.2,0.7,sigmoid,sgd,0.0,2,gaussian,"(-0.1, 0.1)",15,0.14771294087655423,0.4411764705882353,27
[4],0.01,0.0,0.0,0.25,0.75,sigmoid,sgd,0.0,2,gaussian,"(-0.5, 0.5)",15,0.13169275578507098,0.4411764705882353,28
[4],0.01,0.0,0.0,0.25,0.8,sigmoid,sgd,0.0,2,gaussian,"(-0.5, 0.5)",15,0.12297088766836207,0.4411764705882353,29
[4],0.01,0.0,0.0,0.15000000000000002,0.8,sigmoid,sgd,0.0,2,gaussian,"(-0.5, 0.5)",15,0.11924602084802131,0.4411764705882353,30
[4],0.16,0.0,0.0,0.1,0.8,sigmoid,sgd,0.0,2,gaussian,"(-0.1, 0.1)",15,0.0012392420593260246,1.0,32
[4],0.16,0.0,0.0,0.15000000000000002,0.7,sigmoid,sgd,0.0,2,gaussian,"(-0.5, 0.5)",15,0.023621379761858075,1.0,33
[4],0.01,0.0,0.0,0.05,0.8500000000000001,sigmoid,sgd,0.0,2,gaussian,"(-0.1, 0.1)",15,0.11883616334363759,0.4117647058823529,34
[4],0.16,0.0,0.0,0.15000000000000002,0.8500000000000001,sigmoid,sgd,0.0,2,gaussian,"(-0.1, 0.1)",15,0.012497666321971936,1.0,35
[4],0.16,0.0,0.0,0.05,0.75,sigmoid,sgd,0.0,2,gaussian,"(-0.5, 0.5)",15,0.008274606105288226,1.0,36
[4],0.16,0.0,0.0,0.15000000000000002,0.8500000000000001,sigmoid,sgd,0.0,2,gaussian,"(-0.5, 0.5)",15,0.007013119726907411,1.0,37
[4],0.01,0.0,0.0,0.0,0.8500000000000001,sigmoid,sgd,0.0,2,gaussian,"(-0.5, 0.5)",15,0.08019086511181477,0.8529411764705882,38
[4],0.16,0.0,0.0,0.05,0.8,sigmoid,sgd,0.0,2,gaussian,"(-0.5, 0.5)",15,0.008626855570205687,1.0,39
[4],0.16,0.0,0.0,0.2,0.7,sigmoid,sgd,0.0,2,gaussian,"(-0.5, 0.5)",15,0.04031887117775915,0.9705882352941176,40
[4],0.16,0.0,0.0,0.2,0.8500000000000001,sigmoid,sgd,0.0,2,gaussian,"(-0.5, 0.5)",15,0.016638085446759775,1.0,41
[4],0.16,0.0,0.0,0.1,0.8500000000000001,sigmoid,sgd,0.0,2,gaussian,"(-0.1, 0.1)",15,0.0037551251964663347,1.0,42
[4],0.16,0.0,0.0,0.25,0.8500000000000001,sigmoid,sgd,0.0,2,gaussian,"(-0.5, 0.5)",15,0.026699914613400336,1.0,43
[4],0.16,0.0,0.0,0.05,0.7,sigmoid,sgd,0.0,2,gaussian,"(-0.5, 0.5)",15,0.008094398352635463,1.0,44
[4],0.16,0.0,0.0,0.1,0.7,sigmoid,sgd,0.0,2,gaussian,"(-0.1, 0.1)",15,0.0015900500490153918,1.0,45
[4],0.01,0.0,0.0,0.0,0.9000000000000001,sigmoid,sgd,0.0,2,gaussian,"(-0.5, 0.5)",15,0.023539451501097663,1.0,46
[4],0.01,0.0,0.0,0.2,0.9000000000000001,sigmoid,sgd,0.0,2,gaussian,"(-0.5, 0.5)",15,0.06260569825005424,0.9411764705882353,47
[4],0.01,0.0,0.0,0.2,0.75,sigmoid,sgd,0.0,2,gaussian,"(-0.1, 0.1)",15,0.1465062159745905,0.4411764705882353,48
[4],0.01,0.0,0.0,0.15000000000000002,0.8500000000000001,sigmoid,sgd,0.0,2,gaussian,"(-0.5, 0.5)",15,0.09810635724095919,0.4411764705882353,49
[4],0.16,0.0,0.0,0.15000000000000002,0.9000000000000001,sigmoid,sgd,0.0,2,gaussian,"(-0.5, 0.5)",15,0.007673133100827482,1.0,50
[4],0.16,0.0,0.0,0.0,0.8500000000000001,sigmoid,sgd,0.0,2,gaussian,"(-0.5, 0.5)",15,0.005823281002612518,1.0,51
[4],0.01,0.0,0.0,0.2,0.75,sigmoid,sgd,0.0,2,gaussian,"(-0.5, 0.5)",15,0.13118297572421012,0.4411764705882353,52
[4],0.16,0.0,0.0,0.1,0.9000000000000001,sigmoid,sgd,0.0,2,gaussian,"(-0.5, 0.5)",15,0.004625389449223742,1.0,55
[4],0.01,0.0,0.0,0.05,0.9000000000000001,sigmoid,sgd,0.0,2,gaussian,"(-0.5, 0.5)",15,0.033170478724073194,1.0,58
[4],0.16,0.0,0.0,0.2,0.8500000000000001,sigmoid,sgd,0.0,2,gaussian,"(-0.1, 0.1)",15,0.014977397247781658,1.0,59
[4],0.16,0.0,0.0,0.25,0.8500000000000001,sigmoid,sgd,0.0,2,gaussian,"(-0.1, 0.1)",15,0.008021758226542046,1.0,61
[4],0.01,0.0,0.0,0.0,0.7,sigmoid,sgd,0.0,2,gaussian,"(-0.5, 0.5)",15,0.13546903175633374,0.4411764705882353,62
[4],0.16,0.0,0.0,0.15000000000000002,0.7,sigmoid,sgd,0.0,2,gaussian,"(-0.1, 0.1)",15,0.003813252942327812,1.0,63
[4],0.01,0.0,0.0,0.05,0.8500000000000001,sigmoid,sgd,0.0,2,gaussian,"(-0.5, 0.5)",15,0.08588846695372321,0.7058823529411765,64
[4],0.16,0.0,0.0,0.1,0.7,sigmoid,sgd,0.0,2,gaussian,"(-0.5, 0.5)",15,0.013416927436989337,1.0,65
[4],0.16,0.0,0.0,0.1,0.8,sigmoid,sgd,0.0,2,gaussian,"(-0.5, 0.5)",15,0.011285821856236642,1.0,66
[4],0.16,0.0,0.0,0.0,0.75,sigmoid,sgd,0.0,2,gaussian,"(-0.1, 0.1)",15,0.00020765456415585215,1.0,67
[4],0.16,0.0,0.0,0.2,0.9000000000000001,sigmoid,sgd,0.0,2,gaussian,"(-0.5, 0.5)",15,0.015769109824413135,1.0,71
[4],0.01,0.0,0.0,0.2,0.8500000000000001,sigmoid,sgd,0.0,2,gaussian,"(-0.5, 0.5)",15,0.10212019218325663,0.4411764705882353,73
[4],0.01,0.0,0.0,0.1,0.9000000000000001,sigmoid,sgd,0.0,2,gaussian,"(-0.1, 0.1)",15,0.1051737819138567,0.38235294117647056,74
[4],0.16,0.0,0.0,0.0,0.7,sigmoid,sgd,0.0,2,gaussian,"(-0.5, 0.5)",15,0.005301316694318902,1.0,75
[4],0.16,0.0,0.0,0.15000000000000002,0.75,sigmoid,sgd,0.0,2,gaussian,"(-0.1, 0.1)",15,0.0033783183735857604,1.0,76
[4],0.16,0.0,0.0,0.2,0.8,sigmoid,sgd,0.0,2,gaussian,"(-0.1, 0.1)",15,0.01305759529438523,1.0,78
[4],0.16,0.0,0.0,0.2,0.8,sigmoid,sgd,0.0,2,gaussian,"(-0.5, 0.5)",15,0.01869865905250888,1.0,79
[4],0.01,0.0,0.0,0.2,0.8,sigmoid,sgd,0.0,2,gaussian,"(-0.5, 0.5)",15,0.1216855619010896,0.4411764705882353,80
[4],0.16,0.0,0.0,0.25,0.75,sigmoid,sgd,0.0,2,gaussian,"(-0.5, 0.5)",15,0.02907844807608914,1.0,81
[4],0.01,0.0,0.0,0.1,0.8500000000000001,sigmoid,sgd,0.0,2,gaussian,"(-0.5, 0.5)",15,0.09159785383940543,0.6176470588235294,82
[4],0.01,0.0,0.0,0.15000000000000002,0.7,sigmoid,sgd,0.0,2,gaussian,"(-0.1, 0.1)",15,0.14678876005836336,0.4411764705882353,83
[4],0.16,0.0,0.0,0.0,0.9000000000000001,sigmoid,sgd,0.0,2,gaussian,"(-0.1, 0.1)",15,0.0024580056171896484,1.0,84
[4],0.16,0.0,0.0,0.0,0.8,sigmoid,sgd,0.0,2,gaussian,"(-0.1, 0.1)",15,0.00013397133181791286,1.0,87
[4],0.16,0.0,0.0,0.25,0.7,sigmoid,sgd,0.0,2,gaussian,"(-0.1, 0.1)",15,0.00612648428845739,1.0,96
[4],0.01,0.0,0.0,0.25,0.7,sigmoid,sgd,0.0,2,gaussian,"(-0.1, 0.1)",15,0.1473943769953382,0.4411764705882353,100
[4],0.16,0.0,0.0,0.05,0.75,sigmoid,sgd,0.0,2,gaussian,"(-0.1, 0.1)",15,0.002689865719063975,1.0,2
[4],0.16,0.0,0.0,0.2,0.75,sigmoid,sgd,0.0,2,gaussian,"(-0.1, 0.1)",15,0.010289484735057192,1.0,3
[4],0.01,0.0,0.0,0.0,0.9000000000000001,sigmoid,sgd,0.0,2,gaussian,"(-0.1, 0.1)",15,0.0486955344221253,0.8823529411764706,6
[4],0.01,0.0,0.0,0.0,0.8,sigmoid,sgd,0.0,2,gaussian,"(-0.1, 0.1)",15,0.09300441410821503,0.6764705882352942,9
[4],0.16,0.0,0.0,0.05,0.9000000000000001,sigmoid,sgd,0.0,2,gaussian,"(-0.5, 0.5)",15,0.0036624363234432347,1.0,13
[4],0.01,0.0,0.0,0.2,0.9000000000000001,sigmoid,sgd,0.0,2,gaussian,"(-0.1, 0.1)",15,0.07366133217474681,0.6176470588235294,15
[4],0.01,0.0,0.0,0.25,0.8500000000000001,sigmoid,sgd,0.0,2,gaussian,"(-0.5, 0.5)",15,0.06451247554953005,0.7647058823529411,18
[4],0.01,0.0,0.0,0.25,0.75,sigmoid,sgd,0.0,2,gaussian,"(-0.1, 0.1)",15,0.10700677806130016,0.6764705882352942,23
[4],0.16,0.0,0.0,0.2,0.75,sigmoid,sgd,0.0,2,gaussian,"(-0.5, 0.5)",15,0.011950099179254027,1.0,31
[4],0.16,0.0,0.0,0.25,0.8,sigmoid,sgd,0.0,2,gaussian,"(-0.5, 0.5)",15,0.008826689332941656,1.0,33
[4],0.16,0.0,0.0,0.05,0.9000000000000001,sigmoid,sgd,0.0,2,gaussian,"(-0.1, 0.1)",15,0.0021875478027479412,1.0,34
[4],0.01,0.0,0.0,0.05,0.75,sigmoid,sgd,0.0,2,gaussian,"(-0.1, 0.1)",15,0.10333298656804508,0.6764705882352942,36
[4],0.16,0.0,0.0,0.15000000000000002,0.8,sigmoid,sgd,0.0,2,gaussian,"(-0.5, 0.5)",15,0.00839906328658543,1.0,45
[4],0.01,0.0,0.0,0.0,0.8500000000000001,sigmoid,sgd,0.0,2,gaussian,"(-0.1, 0.1)",15,0.07874390333593138,0.5882352941176471,48
[4],0.01,0.0,0.0,0.2,0.8500000000000001,sigmoid,sgd,0.0,2,gaussian,"(-0.1, 0.1)",15,0.09521293182952911,0.6764705882352942,51
[4],0.01,0.0,0.0,0.1,0.8500000000000001,sigmoid,sgd,0.0,2,gaussian,"(-0.1, 0.1)",15,0.08498834884653987,0.5294117647058824,56
[4],0.01,0.0,0.0,0.2,0.7,sigmoid,sgd,0.0,2,gaussian,"(-0.5, 0.5)",15,0.10149097389025503,0.6764705882352942,59
[4],0.01,0.0,0.0,0.1,0.75,sigmoid,sgd,0.0,2,gaussian,"(-0.1, 0.1)",15,0.10444680059583165,0.6764705882352942,61
[4],0.01,0.0,0.0,0.15000000000000002,0.8,sigmoid,sgd,0.0,2,gaussian,"(-0.1, 0.1)",15,0.10254724777302225,0.6764705882352942,64
[4],0.16,0.0,0.0,0.05,0.8500000000000001,sigmoid,sgd,0.0,2,gaussian,"(-0.5, 0.5)",15,0.003934905052912481,1.0,65
[4],0.01,0.0,0.0,0.1,0.8,sigmoid,sgd,0.0,2,gaussian,"(-0.5, 0.5)",15,0.07904628774260525,0.7058823529411765,80
[4],0.01,0.0,0.0,0.1,0.7,sigmoid,sgd,0.0,2,gaussian,"(-0.1, 0.1)",15,0.10671018131721902,0.6764705882352942,86
[4],0.01,0.0,0.0,0.15000000000000002,0.8500000000000001,sigmoid,sgd,0.0,2,gaussian,"(-0.1, 0.1)",15,0.08922897340063171,0.6470588235294118,87
[4],0.01,0.0,0.0,0.1,0.8,sigmoid,sgd,0.0,2,gaussian,"(-0.1, 0.1)",15,0.09886731890678035,0.6764705882352942,96
[4],0.01,0.0,0.0,0.25,0.7,sigmoid,sgd,0.0,2,gaussian,"(-0.5, 0.5)",15,0.09725967190326028,0.7058823529411765,5
[4],0.01,0.0,0.0,0.25,0.9000000000000001,sigmoid,sgd,0.0,2,gaussian,"(-0.5, 0.5)",15,0.026902268370292005,1.0,15
[4],0.01,0.0,0.0,0.05,0.8,sigmoid,sgd,0.0,2,gaussian,"(-0.5, 0.5)",15,0.07437077882092431,0.7647058823529411,17
[4],0.16,0.0,0.0,0.2,0.7,sigmoid,sgd,0.0,2,gaussian,"(-0.1, 0.1)",15,0.010081322024163323,1.0,31
[4],0.16,0.0,0.0,0.15000000000000002,0.75,sigmoid,sgd,0.0,2,gaussian,"(-0.5, 0.5)",15,0.006743054044349041,1.0,50
[4],0.01,0.0,0.0,0.2,0.8,sigmoid,sgd,0.0,2,gaussian,"(-0.1, 0.1)",15,0.09745450435844595,0.7058823529411765,53
[4],0.16,0.0,0.0,0.15000000000000002,0.8,sigmoid,sgd,0.0,2,gaussian,"(-0.1, 0.1)",15,0.006125145013623798,1.0,66
[4],0.16,0.0,0.0,0.25,0.75,sigmoid,sgd,0.0,2,gaussian,"(-0.1, 0.1)",15,0.014639099391550187,1.0,82
[4],0.16,0.0,0.0,0.25,0.9000000000000001,sigmoid,sgd,0.0,2,gaussian,"(-0.5, 0.5)",15,0.002904325558127565,1.0,84
[4],0.01,0.0,0.0,0.15000000000000002,0.75,sigmoid,sgd,0.0,2,gaussian,"(-0.1, 0.1)",15,0.11084660378955077,0.5588235294117647,9
[4],0.16,0.0,0.0,0.0,0.9000000000000001,sigmoid,sgd,0.0,2,gaussian,"(-0.5, 0.5)",15,0.0036636546056523847,1.0,15
[4],0.01,0.0,0.0,0.15000000000000002,0.75,sigmoid,sgd,0.0,2,gaussian,"(-0.5, 0.5)",15,0.10152745141001825,0.6176470588235294,39
[4],0.16,0.0,0.0,0.05,0.7,sigmoid,sgd,0.0,2,gaussian,"(-0.1, 0.1)",15,0.0005874847333107238,1.0,53
[4],0.01,0.0,0.0,0.15000000000000002,0.9000000000000001,sigmoid,sgd,0.0,2,gaussian,"(-0.1, 0.1)",15,0.0981138584892707,0.5588235294117647,72
[4],0.16,0.0,0.0,0.1,0.8500000000000001,sigmoid,sgd,0.0,2,gaussian,"(-0.5, 0.5)",15,0.005281953275347799,1.0,75
[4],0.01,0.0,0.0,0.25,0.9000000000000001,sigmoid,sgd,0.0,2,gaussian,"(-0.1, 0.1)",15,0.09489726285088584,0.5588235294117647,84
[4],0.01,0.0,0.0,0.0,0.75,sigmoid,sgd,0.0,2,gaussian,"(-0.5, 0.5)",15,0.10142508265710339,0.5588235294117647,92
[4],0.16,0.0,0.0,0.15000000000000002,0.9000000000000001,sigmoid,sgd,0.0,2,gaussian,"(-0.1, 0.1)",15,0.0010549553065893884,1.0,5
[4],0.16,0.0,0.0,0.0,0.8,sigmoid,sgd,0.0,2,gaussian,"(-0.5, 0.5)",15,0.0031071162431595125,1.0,34
[4],0.16,0.0,0.0,0.0,0.8500000000000001,sigmoid,sgd,0.0,2,gaussian,"(-0.1, 0.1)",15,0.002845831387743351,1.0,62
[3],0.01,0.0,0.0,0.25,0.8,sigmoid,sgd,0.0,8,he,"(-0.1, 0.1)",15,0.12780752289942443,0.4411764705882353,1
[3],0.01,0.0,0.0,0.05,0.75,sigmoid,sgd,0.0,8,he,"(-0.1, 0.1)",15,0.1275419432094419,0.4411764705882353,2
[3],0.16,0.0,0.0,0.1,0.8,sigmoid,sgd,0.0,4,gaussian,"(-0.5, 0.5)",15,0.004039385038284415,1.0,3
[4],0.16,0.0,0.0,0.0,0.8500000000000001,sigmoid,adam,0.0,8,gaussian,"(-0.1, 0.1)",15,4.8178537405617144e-05,1.0,4
[3],0.01,0.0,0.0,0.1,0.7,sigmoid,sgd,0.0,8,he,"(-0.1, 0.1)",15,0.12739301471664477,0.4411764705882353,5
[4],0.16,0.0,0.0,0.05,0.8,sigmoid,sgd,0.0,4,he,"(-0.1, 0.1)",15,0.004857995541358747,1.0,6
[4],0.01,0.0,0.0,0.05,0.7,tanh,adam,0.0,8,glorot,"(-0.5, 0.5)",15,0.07221287520836026,0.7352941176470589,7
[3],0.16,0.0,0.0,0.15000000000000002,0.8500000000000001,sigmoid,adam,0.0,8,glorot,"(-0.5, 0.5)",15,0.02137824796976817,1.0,8
[4],0.16,0.0,0.0,0.05,0.75,tanh,sgd,0.0,8,gaussian,"(-0.5, 0.5)",15,0.05062388965568912,0.8823529411764706,9
[3],0.16,0.0,0.0,0.15000000000000002,0.9000000000000001,tanh,adam,0.0,8,he,"(-0.1, 0.1)",15,0.000698268558751627,1.0,10
[4],0.16,0.0,0.0,0.05,0.8500000000000001,sigmoid,adam,0.0,8,glorot,"(-0.1, 0.1)",15,0.0005360120312947287,1.0,11
[3],0.16,0.0,0.0,0.05,0.9000000000000001,sigmoid,adam,0.0,4,he,"(-0.1, 0.1)",15,0.033835776776472565,0.9411764705882353,12
[3],0.01,0.0,0.0,0.2,0.7,sigmoid,adam,0.0,8,he,"(-0.1, 0.1)",15,0.1309754436724599,0.4411764705882353,13
[4],0.16,0.0,0.0,0.05,0.9000000000000001,sigmoid,adam,0.0,8,he,"(-0.1, 0.1)",15,0.00901952039038627,1.0,14
[3],0.01,0.0,0.0,0.0,0.8,sigmoid,sgd,0.0,8,glorot,"(-0.1, 0.1)",15,0.12487852795282225,0.6176470588235294,15
[3],0.01,0.0,0.0,0.0,0.8,sigmoid,sgd,0.0,8,gaussian,"(-0.5, 0.5)",15,0.1258647928270728,0.4411764705882353,16
[3],0.16,0.0,0.0,0.15000000000000002,0.75,sigmoid,sgd,0.0,4,he,"(-0.1, 0.1)",15,0.006064202923231124,1.0,17
[3],0.01,0.0,0.0,0.15000000000000002,0.8,sigmoid,sgd,0.0,2,he,"(-0.1, 0.1)",15,0.13554677022954664,0.4411764705882353,18
[4],0.16,0.0,0.0,0.05,0.7,tanh,sgd,0.0,2,gaussian,"(-0.5, 0.5)",15,5.7167137200919954e-05,1.0,19
[4],0.16,0.0,0.0,0.05,0.8500000000000001,sigmoid,sgd,0.0,4,he,"(-0.5, 0.5)",15,0.005317123855484817,1.0,20
[4],0.16,0.0,0.0,0.05,0.75,tanh,sgd,0.0,2,gaussian,"(-0.5, 0.5)",15,7.590297264759336e-05,1.0,21
[3],0.01,0.0,0.0,0.2,0.7,sigmoid,sgd,0.0,2,glorot,"(-0.1, 0.1)",15,0.1274925330572692,0.47058823529411764,22
[3],0.01,0.0,0.0,0.15000000000000002,0.9000000000000001,tanh,adam,0.0,4,he,"(-0.1, 0.1)",15,0.08818878967654731,0.6764705882352942,23
[4],0.16,0.0,0.0,0.1,0.7,sigmoid,adam,0.0,8,he,"(-0.1, 0.1)",15,0.021346166731913,1.0,24
[4],0.01,0.0,0.0,0.05,0.8,tanh,sgd,0.0,8,glorot,"(-0.5, 0.5)",15,0.11157523446461207,0.5882352941176471,25
[4],0.16,0.0,0.0,0.1,0.7,sigmoid,adam,0.0,4,gaussian,"(-0.5, 0.5)",15,0.040820605988301284,0.9411764705882353,27
[3],0.16,0.0,0.0,0.2,0.8500000000000001,sigmoid,sgd,0.0,4,glorot,"(-0.1, 0.1)",15,0.02433284240105872,1.0,28
[4],0.01,0.0,0.0,0.0,0.8,tanh,sgd,0.0,8,gaussian,"(-0.5, 0.5)",15,0.1373880490414862,0.5,29
[4],0.01,0.0,0.0,0.05,0.75,sigmoid,adam,0.0,4,glorot,"(-0.1, 0.1)",15,0.029933804081136852,0.9411764705882353,30
[4],0.01,0.0,0.0,0.25,0.7,tanh,sgd,0.0,4,he,"(-0.5, 0.5)",15,0.142053405411542,0.47058823529411764,31
[3],0.01,0.0,0.0,0.0,0.75,tanh,adam,0.0,4,glorot,"(-0.5, 0.5)",15,0.06795650452581083,0.7941176470588235,32
[4],0.01,0.0,0.0,0.0,0.8,sigmoid,adam,0.0,4,glorot,"(-0.5, 0.5)",15,0.010856695437370544,1.0,33
[4],0.01,0.0,0.0,0.15000000000000002,0.9000000000000001,sigmoid,adam,0.0,8,glorot,"(-0.1, 0.1)",15,0.10482190913942252,0.5882352941176471,34
[4],0.16,0.0,0.0,0.0,0.8,tanh,sgd,0.0,4,he,"(-0.5, 0.5)",15,6.911124332189923e-05,1.0,35
[3],0.01,0.0,0.0,0.15000000000000002,0.8500000000000001,sigmoid,adam,0.0,4,gaussian,"(-0.5, 0.5)",15,0.03311040694620736,1.0,36
[4],0.16,0.0,0.0,0.15000000000000002,0.8500000000000001,sigmoid,adam,0.0,8,glorot,"(-0.5, 0.5)",15,0.002001464313134558,1.0,37
[3],0.01,0.0,0.0,0.25,0.8,sigmoid,sgd,0.0,2,he,"(-0.1, 0.1)",15,0.1357553322354757,0.4411764705882353,38
[4],0.16,0.0,0.0,0.25,0.9000000000000001,sigmoid,adam,0.0,2,glorot,"(-0.1, 0.1)",15,0.00917831040683781,1.0,39
[3],0.16,0.0,0.0,0.05,0.75,tanh,sgd,0.0,2,he,"(-0.5, 0.5)",15,9.518418143873963e-05,1.0,40
[4],0.16,0.0,0.0,0.2,0.8500000000000001,sigmoid,adam,0.0,8,he,"(-0.5, 0.5)",15,0.09208032919497935,0.6764705882352942,41
[3],0.16,0.0,0.0,0.15000000000000002,0.7,tanh,sgd,0.0,8,gaussian,"(-0.1, 0.1)",15,0.008986462460789386,1.0,42
[3],0.01,0.0,0.0,0.15000000000000002,0.75,sigmoid,sgd,0.0,8,he,"(-0.5, 0.5)",15,0.12760199386500504,0.4411764705882353,43
[3],0.01,0.0,0.0,0.15000000000000002,0.8500000000000001,sigmoid,adam,0.0,4,he,"(-0.5, 0.5)",15,0.09995834865354589,0.6470588235294118,44
[3],0.16,0.0,0.0,0.05,0.8,tanh,adam,0.0,8,glorot,"(-0.5, 0.5)",15,0.01605703193478139,0.9705882352941176,45
[3],0.16,0.0,0.0,0.05,0.9000000000000001,sigmoid,adam,0.0,2,he,"(-0.1, 0.1)",15,0.07746747879201368,0.6470588235294118,46
[3],0.16,0.0,0.0,0.15000000000000002,0.8,sigmoid,adam,0.0,4,he,"(-0.5, 0.5)",15,0.008291738568416189,1.0,47
[3],0.16,0.0,0.0,0.0,0.9000000000000001,sigmoid,adam,0.0,2,gaussian,"(-0.1, 0.1)",15,0.07499223624040931,0.8529411764705882,48
[3],0.01,0.0,0.0,0.05,0.75,tanh,sgd,0.0,4,gaussian,"(-0.1, 0.1)",15,0.12923482350241197,0.4411764705882353,49
[3],0.16,0.0,0.0,0.0,0.9000000000000001,sigmoid,adam,0.0,2,glorot,"(-0.1, 0.1)",15,0.03798926101938139,0.9117647058823529,50
[3],0.16,0.0,0.0,0.25,0.9000000000000001,sigmoid,sgd,0.0,2,glorot,"(-0.5, 0.5)",15,0.015038546254389058,1.0,51
[3],0.16,0.0,0.0,0.15000000000000002,0.7,tanh,adam,0.0,2,glorot,"(-0.5, 0.5)",15,0.13419565894005717,0.4411764705882353,52
[4],0.16,0.0,0.0,0.15000000000000002,0.9000000000000001,tanh,adam,0.0,4,gaussian,"(-0.5, 0.5)",15,0.0375402435277022,0.9117647058823529,53
[4],0.16,0.0,0.0,0.0,0.8500000000000001,tanh,sgd,0.0,4,he,"(-0.5, 0.5)",15,5.3369515293493005e-05,1.0,54
[4],0.01,0.0,0.0,0.2,0.75,sigmoid,sgd,0.0,8,he,"(-0.5, 0.5)",15,0.14517867331508827,0.4411764705882353,55
[4],0.16,0.0,0.0,0.1,0.8500000000000001,tanh,adam,0.0,8,gaussian,"(-0.5, 0.5)",15,0.0005857683049744166,1.0,57
[3],0.01,0.0,0.0,0.05,0.75,tanh,adam,0.0,4,gaussian,"(-0.5, 0.5)",15,0.06042240080693778,0.7941176470588235,58
[3],0.16,0.0,0.0,0.0,0.9000000000000001,sigmoid,adam,0.0,8,gaussian,"(-0.5, 0.5)",15,0.003189806092918742,1.0,59
[3],0.01,0.0,0.0,0.2,0.8,tanh,adam,0.0,2,he,"(-0.5, 0.5)",15,0.08744451848910027,0.6764705882352942,60
[3],0.01,0.0,0.0,0.15000000000000002,0.8500000000000001,sigmoid,sgd,0.0,2,gaussian,"(-0.1, 0.1)",15,0.13230906264513087,0.4411764705882353,61
[4],0.01,0.0,0.0,0.2,0.8500000000000001,tanh,adam,0.0,8,glorot,"(-0.1, 0.1)",15,0.10204369520878032,0.5882352941176471,62
[3],0.01,0.0,0.0,0.25,0.75,tanh,sgd,0.0,8,gaussian,"(-0.1, 0.1)",15,0.12703059724203825,0.4411764705882353,63
[3],0.16,0.0,0.0,0.15000000000000002,0.9000000000000001,tanh,adam,0.0,8,he,"(-0.5, 0.5)",15,0.000698268558751627,1.0,64
[3],0.01,0.0,0.0,0.1,0.9000000000000001,sigmoid,adam,0.0,4,gaussian,"(-0.1, 0.1)",15,0.0852245393284304,0.6764705882352942,65
[3],0.01,0.0,0.0,0.1,0.9000000000000001,tanh,adam,0.0,8,he,"(-0.5, 0.5)",15,0.12522904554007153,0.5882352941176471,66
[4],0.16,0.0,0.0,0.0,0.9000000000000001,sigmoid,adam,0.0,2,gaussian,"(-0.1, 0.1)",15,0.05730022783033634,0.8529411764705882,67
[4],0.01,0.0,0.0,0.05,0.8500000000000001,tanh,adam,0.0,2,he,"(-0.5, 0.5)",15,0.010848787677799369,0.9705882352941176,68
[4],0.01,0.0,0.0,0.1,0.8,tanh,sgd,0.0,4,gaussian,"(-0.1, 0.1)",15,0.12920856129725086,0.4411764705882353,70
[4],0.16,0.0,0.0,0.25,0.8500000000000001,sigmoid,sgd,0.0,4,glorot,"(-0.5, 0.5)",15,0.011695241082951615,1.0,71
[3],0.01,0.0,0.0,0.25,0.9000000000000001,sigmoid,sgd,0.0,2,gaussian,"(-0.1, 0.1)",15,0.13492081202845418,0.4411764705882353,72
[4],0.01,0.0,0.0,0.25,0.75,tanh,adam,0.0,4,gaussian,"(-0.5, 0.5)",15,0.0884158096079239,0.7058823529411765,73
[3],0.16,0.0,0.0,0.05,0.9000000000000001,sigmoid,sgd,0.0,8,he,"(-0.1, 0.1)",15,0.00723265595708337,1.0,74
[4],0.16,0.0,0.0,0.2,0.9000000000000001,tanh,sgd,0.0,4,glorot,"(-0.5, 0.5)",15,0.027966711197301236,0.9411764705882353,75
[4],0.16,0.0,0.0,0.05,0.75,tanh,sgd,0.0,8,he,"(-0.5, 0.5)",15,0.0022423777634433878,1.0,76
[4],0.01,0.0,0.0,0.15000000000000002,0.7,sigmoid,adam,0.0,8,he,"(-0.1, 0.1)",15,0.10561380819680152,0.5882352941176471,77
[3],0.16,0.0,0.0,0.25,0.75,sigmoid,adam,0.0,8,gaussian,"(-0.5, 0.5)",15,0.015705103584689458,1.0,78
[4],0.16,0.0,0.0,0.25,0.8500000000000001,sigmoid,sgd,0.0,8,gaussian,"(-0.5, 0.5)",15,0.04309052630774004,1.0,79
[3],0.01,0.0,0.0,0.15000000000000002,0.75,tanh,sgd,0.0,4,he,"(-0.5, 0.5)",15,0.126284809689156,0.6176470588235294,80
[4],0.01,0.0,0.0,0.05,0.9000000000000001,tanh,sgd,0.0,8,he,"(-0.1, 0.1)",15,0.09608564911575307,0.7058823529411765,81
[4],0.01,0.0,0.0,0.05,0.8500000000000001,tanh,adam,0.0,4,glorot,"(-0.1, 0.1)",15,0.052571372493158075,0.9117647058823529,82
[3],0.16,0.0,0.0,0.1,0.9000000000000001,tanh,adam,0.0,2,he,"(-0.5, 0.5)",15,0.12198664120668624,0.6470588235294118,83
[3],0.01,0.0,0.0,0.15000000000000002,0.9000000000000001,tanh,adam,0.0,4,gaussian,"(-0.1, 0.1)",15,0.09135479020599437,0.6764705882352942,84
[4],0.16,0.0,0.0,0.05,0.9000000000000001,tanh,sgd,0.0,8,gaussian,"(-0.1, 0.1)",15,0.004303469927791286,0.9705882352941176,85
[4],0.16,0.0,0.0,0.0,0.9000000000000001,tanh,sgd,0.0,8,he,"(-0.1, 0.1)",15,0.00038344591200440076,1.0,86
[3],0.01,0.0,0.0,0.2,0.8,tanh,sgd,0.0,8,he,"(-0.1, 0.1)",15,0.12585311007967095,0.6176470588235294,87
[4],0.01,0.0,0.0,0.05,0.75,tanh,adam,0.0,4,glorot,"(-0.1, 0.1)",15,0.05434653566099385,0.8823529411764706,88
[4],0.16,0.0,0.0,0.25,0.8,tanh,adam,0.0,2,glorot,"(-0.5, 0.5)",15,0.12911605748402424,0.5588235294117647,89
[3],0.01,0.0,0.0,0.25,0.8500000000000001,tanh,adam,0.0,2,he,"(-0.5, 0.5)",15,0.10376813355726994,0.6176470588235294,90
[3],0.01,0.0,0.0,0.05,0.9000000000000001,sigmoid,adam,0.0,8,glorot,"(-0.1, 0.1)",15,0.09325144254619452,0.6470588235294118,91
[4],0.01,0.0,0.0,0.15000000000000002,0.9000000000000001,tanh,adam,0.0,4,he,"(-0.1, 0.1)",15,0.04723482832055542,0.8529411764705882,92
[4],0.01,0.0,0.0,0.25,0.8,tanh,sgd,0.0,2,he,"(-0.1, 0.1)",15,0.07848699246531021,0.7941176470588235,93
[3],0.01,0.0,0.0,0.0,0.8,sigmoid,sgd,0.0,8,gaussian,"(-0.1, 0.1)",15,0.12656250585709602,0.4411764705882353,94
[4],0.01,0.0,0.0,0.2,0.7,tanh,sgd,0.0,2,glorot,"(-0.1, 0.1)",15,0.06726001081146829,0.7941176470588235,95
[3],0.01,0.0,0.0,0.1,0.75,tanh,sgd,0.0,2,glorot,"(-0.5, 0.5)",15,0.13533428069102815,0.47058823529411764,96
[3],0.01,0.0,0.0,0.15000000000000002,0.8500000000000001,tanh,sgd,0.0,8,glorot,"(-0.5, 0.5)",15,0.12862555255322086,0.5,97
[4],0.01,0.0,0.0,0.0,0.8500000000000001,tanh,adam,0.0,2,gaussian,"(-0.5, 0.5)",15,0.006361192744837541,0.9705882352941176,98
[3],0.01,0.0,0.0,0.05,0.8,tanh,adam,0.0,2,glorot,"(-0.1, 0.1)",15,0.08621236324371538,0.7058823529411765,99
[3],0.16,0.0,0.0,0.15000000000000002,0.75,tanh,adam,0.0,8,gaussian,"(-0.5, 0.5)",15,0.12854258815127514,0.5,100
[4],0.16,0.0,0.0,0.25,0.8,tanh,sgd,0.0,2,gaussian,"(-0.5, 0.5)",15,0.0279100051487999,0.9411764705882353,1
[3],0.16,0.0,0.0,0.05,0.9000000000000001,sigmoid,adam,0.0,8,he,"(-0.1, 0.1)",15,0.0395592442473426,0.8823529411764706,2
[4],0.16,0.0,0.0,0.1,0.7,sigmoid,sgd,0.0,4,glorot,"(-0.5, 0.5)",15,0.0051517952836318635,1.0,3
[3],0.16,0.0,0.0,0.2,0.75,tanh,sgd,0.0,4,glorot,"(-0.5, 0.5)",15,0.04715738482177492,0.8823529411764706,4
[4],0.16,0.0,0.0,0.0,0.75,sigmoid,adam,0.0,2,glorot,"(-0.1, 0.1)",15,0.06852007133623672,0.7058823529411765,5
[4],0.16,0.0,0.0,0.15000000000000002,0.8,sigmoid,adam,0.0,2,gaussian,"(-0.1, 0.1)",15,0.013106547684422596,0.9705882352941176,6
[3],0.01,0.0,0.0,0.1,0.8500000000000001,tanh,adam,0.0,2,glorot,"(-0.1, 0.1)",15,0.042892760975496304,0.8823529411764706,7
[4],0.16,0.0,0.0,0.0,0.8,tanh,adam,0.0,8,gaussian,"(-0.1, 0.1)",15,1.8591944375004865e-05,1.0,8
[3],0.16,0.0,0.0,0.05,0.75,tanh,adam,0.0,4,glorot,"(-0.5, 0.5)",15,0.10357310760472072,0.6764705882352942,9
[3],0.01,0.0,0.0,0.15000000000000002,0.9000000000000001,sigmoid,adam,0.0,4,gaussian,"(-0.5, 0.5)",15,0.014483596069853687,1.0,10
[3],0.16,0.0,0.0,0.2,0.8500000000000001,tanh,adam,0.0,2,he,"(-0.1, 0.1)",15,0.06349152167891184,0.7941176470588235,11
[4],0.16,0.0,0.0,0.0,0.8500000000000001,sigmoid,sgd,0.0,4,he,"(-0.5, 0.5)",15,0.00012112905922416999,1.0,12
[3],0.16,0.0,0.0,0.05,0.7,sigmoid,sgd,0.0,2,gaussian,"(-0.1, 0.1)",15,0.002506204006100808,1.0,13
[4],0.01,0.0,0.0,0.05,0.9000000000000001,sigmoid,sgd,0.0,8,glorot,"(-0.5, 0.5)",15,0.10529655542691481,0.6764705882352942,14
[4],0.16,0.0,0.0,0.05,0.8500000000000001,sigmoid,adam,0.0,8,gaussian,"(-0.5, 0.5)",15,0.0037647643866544457,1.0,15
[3],0.16,0.0,0.0,0.15000000000000002,0.8500000000000001,sigmoid,sgd,0.0,8,gaussian,"(-0.5, 0.5)",15,0.007272052405244093,1.0,16
[4],0.01,0.0,0.0,0.15000000000000002,0.9000000000000001,sigmoid,adam,0.0,4,gaussian,"(-0.5, 0.5)",15,0.012065630624941297,1.0,17
[3],0.01,0.0,0.0,0.0,0.75,tanh,adam,0.0,4,he,"(-0.5, 0.5)",15,0.056525319361877616,0.7941176470588235,18
[4],0.01,0.0,0.0,0.25,0.8,sigmoid,adam,0.0,4,glorot,"(-0.1, 0.1)",15,0.03945809628396234,0.9117647058823529,19
[4],0.01,0.0,0.0,0.2,0.75,tanh,adam,0.0,4,glorot,"(-0.5, 0.5)",15,0.006491062272171573,1.0,20
[4],0.01,0.0,0.0,0.25,0.9000000000000001,sigmoid,adam,0.0,4,gaussian,"(-0.1, 0.1)",15,0.0320130392904547,1.0,21
[4],0.16,0.0,0.0,0.05,0.75,sigmoid,sgd,0.0,8,glorot,"(-0.1, 0.1)",15,0.015731286763449488,1.0,22
[4],0.01,0.0,0.0,0.2,0.8500000000000001,sigmoid,sgd,0.0,2,he,"(-0.5, 0.5)",15,0.07519746624100833,0.7647058823529411,23
[3],0.16,0.0,0.0,0.2,0.8,tanh,sgd,0.0,2,he,"(-0.5, 0.5)",15,0.07105707597331935,0.7941176470588235,24
[4],0.16,0.0,0.0,0.15000000000000002,0.9000000000000001,tanh,sgd,0.0,2,glorot,"(-0.5, 0.5)",15,0.09266209928962352,0.7941176470588235,25
[4],0.01,0.0,0.0,0.25,0.9000000000000001,sigmoid,adam,0.0,4,glorot,"(-0.1, 0.1)",15,0.043702804694143824,0.8529411764705882,26
[4],0.01,0.0,0.0,0.05,0.8500000000000001,tanh,sgd,0.0,8,he,"(-0.1, 0.1)",15,0.06840625628968935,0.6470588235294118,27
[4],0.01,0.0,0.0,0.1,0.75,sigmoid,adam,0.0,2,gaussian,"(-0.5, 0.5)",15,0.009371854731991612,0.9705882352941176,28
[4],0.01,0.0,0.0,0.25,0.8500000000000001,tanh,sgd,0.0,2,gaussian,"(-0.5, 0.5)",15,0.09857418927441258,0.7352941176470589,29
[3],0.16,0.0,0.0,0.05,0.8,sigmoid,sgd,0.0,2,gaussian,"(-0.5, 0.5)",15,0.004163378442100324,1.0,30
[3],0.01,0.0,0.0,0.25,0.75,tanh,adam,0.0,8,he,"(-0.1, 0.1)",15,0.05901256620579835,0.8235294117647058,31
[3],0.16,0.0,0.0,0.0,0.9000000000000001,sigmoid,adam,0.0,4,he,"(-0.1, 0.1)",15,0.003542662870811312,1.0,32
[4],0.01,0.0,0.0,0.1,0.75,sigmoid,adam,0.0,8,he,"(-0.1, 0.1)",15,0.06913664252507798,0.6764705882352942,33
[3],0.16,0.0,0.0,0.1,0.9000000000000001,tanh,adam,0.0,4,he,"(-0.1, 0.1)",15,0.00019553388510082473,1.0,35
[4],0.16,0.0,0.0,0.0,0.8,tanh,adam,0.0,2,he,"(-0.5, 0.5)",15,0.11000174945131355,0.6764705882352942,36
[4],0.16,0.0,0.0,0.0,0.8500000000000001,sigmoid,adam,0.0,2,gaussian,"(-0.5, 0.5)",15,0.003509182090412885,1.0,37
[4],0.16,0.0,0.0,0.25,0.7,sigmoid,adam,0.0,2,glorot,"(-0.5, 0.5)",15,0.013377355173226087,1.0,39
[3],0.01,0.0,0.0,0.0,0.75,tanh,adam,0.0,8,he,"(-0.5, 0.5)",15,0.05875786617976095,0.8235294117647058,40
[3],0.16,0.0,0.0,0.2,0.8500000000000001,sigmoid,adam,0.0,8,he,"(-0.5, 0.5)",15,0.04825355166846059,0.8823529411764706,42
[3],0.01,0.0,0.0,0.05,0.7,tanh,sgd,0.0,8,he,"(-0.1, 0.1)",15,0.10701378931517054,0.6764705882352942,43
[4],0.16,0.0,0.0,0.05,0.75,tanh,sgd,0.0,2,he,"(-0.1, 0.1)",15,0.04505114338988943,0.8235294117647058,44
[4],0.16,0.0,0.0,0.15000000000000002,0.9000000000000001,sigmoid,sgd,0.0,8,glorot,"(-0.5, 0.5)",15,0.00585504921217221,1.0,45
[4],0.16,0.0,0.0,0.2,0.7,sigmoid,adam,0.0,8,glorot,"(-0.5, 0.5)",15,0.004292545487294009,1.0,46
[3],0.01,0.0,0.0,0.05,0.8500000000000001,sigmoid,sgd,0.0,2,he,"(-0.1, 0.1)",15,0.08997314708914661,0.6470588235294118,47
[4],0.16,0.0,0.0,0.0,0.8,sigmoid,adam,0.0,8,glorot,"(-0.1, 0.1)",15,0.0034046795689696235,1.0,48
[3],0.01,0.0,0.0,0.25,0.9000000000000001,tanh,sgd,0.0,8,glorot,"(-0.5, 0.5)",15,0.10858771333852012,0.6470588235294118,49
[3],0.16,0.0,0.0,0.2,0.7,tanh,adam,0.0,8,he,"(-0.5, 0.5)",15,0.001261285138503254,1.0,50
[4],0.01,0.0,0.0,0.25,0.7,sigmoid,adam,0.0,2,he,"(-0.1, 0.1)",15,0.06685685306659786,0.7352941176470589,51
[4],0.16,0.0,0.0,0.25,0.8,tanh,sgd,0.0,2,he,"(-0.1, 0.1)",15,0.0021840877861282275,1.0,52
[3],0.01,0.0,0.0,0.2,0.8,sigmoid,sgd,0.0,4,glorot,"(-0.1, 0.1)",15,0.10837647826343483,0.6764705882352942,55
[3],0.16,0.0,0.0,0.05,0.8,tanh,adam,0.0,2,glorot,"(-0.1, 0.1)",15,0.10877027568394389,0.6764705882352942,56
[4],0.16,0.0,0.0,0.0,0.8500000000000001,tanh,adam,0.0,4,he,"(-0.5, 0.5)",15,2.1030089126729438e-05,1.0,57
[4],0.01,0.0,0.0,0.05,0.9000000000000001,tanh,sgd,0.0,8,he,"(-0.5, 0.5)",15,0.05200409162872098,0.8235294117647058,58
[4],0.01,0.0,0.0,0.2,0.9000000000000001,sigmoid,adam,0.0,8,glorot,"(-0.5, 0.5)",15,0.058406923996256126,0.7941176470588235,59
[4],0.16,0.0,0.0,0.25,0.9000000000000001,tanh,adam,0.0,8,gaussian,"(-0.5, 0.5)",15,0.0030141851449555215,1.0,60
[4],0.01,0.0,0.0,0.2,0.8500000000000001,tanh,sgd,0.0,8,glorot,"(-0.5, 0.5)",15,0.07288378626249176,0.7941176470588235,61
[3],0.01,0.0,0.0,0.0,0.9000000000000001,sigmoid,sgd,0.0,4,gaussian,"(-0.5, 0.5)",15,0.10990019378333625,0.6764705882352942,62
[3],0.16,0.0,0.0,0.2,0.9000000000000001,tanh,sgd,0.0,8,he,"(-0.5, 0.5)",15,0.0033944865458811735,1.0,63
[4],0.01,0.0,0.0,0.15000000000000002,0.9000000000000001,tanh,adam,0.0,2,he,"(-0.5, 0.5)",15,0.003261240474751268,1.0,64
[3],0.16,0.0,0.0,0.1,0.75,tanh,adam,0.0,4,gaussian,"(-0.5, 0.5)",15,0.06335265861155417,0.8529411764705882,65
[4],0.16,0.0,0.0,0.05,0.8,sigmoid,adam,0.0,8,he,"(-0.5, 0.5)",15,0.002218082587144061,1.0,66
[3],0.01,0.0,0.0,0.2,0.8,tanh,sgd,0.0,2,glorot,"(-0.1, 0.1)",15,0.07343058553984622,0.7352941176470589,67
[3],0.01,0.0,0.0,0.0,0.8500000000000001,tanh,adam,0.0,8,gaussian,"(-0.5, 0.5)",15,0.06645487094442384,0.7941176470588235,68
[4],0.16,0.0,0.0,0.25,0.75,tanh,adam,0.0,8,glorot,"(-0.1, 0.1)",15,0.05605930231534507,0.8823529411764706,69
[3],0.01,0.0,0.0,0.15000000000000002,0.75,sigmoid,adam,0.0,2,gaussian,"(-0.5, 0.5)",15,0.006306320717450284,1.0,70
[3],0.16,0.0,0.0,0.1,0.8500000000000001,tanh,sgd,0.0,2,he,"(-0.1, 0.1)",15,0.00012803093678481861,1.0,71
[4],0.16,0.0,0.0,0.25,0.75,sigmoid,adam,0.0,8,glorot,"(-0.5, 0.5)",15,0.011240999357332825,1.0,72
[4],0.01,0.0,0.0,0.15000000000000002,0.8,tanh,adam,0.0,8,gaussian,"(-0.1, 0.1)",15,0.058992911988615344,0.8235294117647058,74
[3],0.16,0.0,0.0,0.1,0.75,tanh,adam,0.0,8,gaussian,"(-0.1, 0.1)",15,0.06414560713212919,0.8235294117647058,75
[3],0.16,0.0,0.0,0.05,0.8500000000000001,tanh,adam,0.0,8,glorot,"(-0.1, 0.1)",15,0.0008237857266762389,1.0,76
[4],0.16,0.0,0.0,0.0,0.9000000000000001,sigmoid,sgd,0.0,4,glorot,"(-0.5, 0.5)",15,0.00038890334268315313,1.0,77
[3],0.01,0.0,0.0,0.25,0.9000000000000001,tanh,sgd,0.0,2,glorot,"(-0.5, 0.5)",15,0.046111913138085506,0.8823529411764706,78
[4],0.01,0.0,0.0,0.2,0.8500000000000001,tanh,sgd,0.0,8,gaussian,"(-0.1, 0.1)",15,0.10477212869511587,0.6764705882352942,79
[3],0.16,0.0,0.0,0.1,0.7,sigmoid,sgd,0.0,4,gaussian,"(-0.1, 0.1)",15,0.004311960297526126,1.0,80
[4],0.16,0.0,0.0,0.15000000000000002,0.8500000000000001,tanh,adam,0.0,2,gaussian,"(-0.5, 0.5)",15,0.04930023132171717,0.8823529411764706,81
[3],0.01,0.0,0.0,0.0,0.7,tanh,adam,0.0,2,he,"(-0.5, 0.5)",15,0.017837175549801864,0.9411764705882353,82
[3],0.16,0.0,0.0,0.05,0.7,sigmoid,adam,0.0,2,gaussian,"(-0.1, 0.1)",15,0.0038883485133779983,1.0,83
[4],0.01,0.0,0.0,0.05,0.7,tanh,adam,0.0,2,glorot,"(-0.5, 0.5)",15,0.00019236829702784383,1.0,84
[3],0.16,0.0,0.0,0.2,0.9000000000000001,tanh,sgd,0.0,4,he,"(-0.5, 0.5)",15,0.0016193771613023623,1.0,85
[3],0.01,0.0,0.0,0.25,0.8500000000000001,tanh,sgd,0.0,8,he,"(-0.5, 0.5)",15,0.09982340975538155,0.7058823529411765,86
[3],0.16,0.0,0.0,0.15000000000000002,0.75,tanh,sgd,0.0,4,gaussian,"(-0.5, 0.5)",15,0.05966262283786916,0.8529411764705882,87
[4],0.01,0.0,0.0,0.15000000000000002,0.75,tanh,sgd,0.0,4,gaussian,"(-0.1, 0.1)",15,0.10229621929300604,0.7058823529411765,88
[3],0.16,0.0,0.0,0.15000000000000002,0.9000000000000001,sigmoid,sgd,0.0,2,he,"(-0.5, 0.5)",15,0.006173206358076685,1.0,89
[3],0.01,0.0,0.0,0.05,0.7,tanh,sgd,0.0,8,he,"(-0.5, 0.5)",15,0.10701378931517054,0.6764705882352942,90
[4],0.16,0.0,0.0,0.2,0.8,tanh,adam,0.0,2,glorot,"(-0.5, 0.5)",15,0.1069139800236498,0.6764705882352942,91
[4],0.01,0.0,0.0,0.1,0.8,tanh,sgd,0.0,4,glorot,"(-0.5, 0.5)",15,0.053443204965877296,0.8823529411764706,92
[4],0.01,0.0,0.0,0.05,0.8,sigmoid,adam,0.0,4,he,"(-0.5, 0.5)",15,0.05957436004679345,0.7941176470588235,93
[4],0.01,0.0,0.0,0.25,0.8,sigmoid,sgd,0.0,8,gaussian,"(-0.1, 0.1)",15,0.11116363574391531,0.6764705882352942,94
[3],0.16,0.0,0.0,0.25,0.8500000000000001,sigmoid,sgd,0.0,8,glorot,"(-0.5, 0.5)",15,0.05399625118201986,0.8529411764705882,96
[4],0.01,0.0,0.0,0.2,0.8500000000000001,sigmoid,sgd,0.0,2,glorot,"(-0.5, 0.5)",15,0.08067810754475067,0.6176470588235294,97
[4],0.16,0.0,0.0,0.15000000000000002,0.7,tanh,adam,0.0,4,glorot,"(-0.1, 0.1)",15,0.1276390773141992,0.5294117647058824,98
[3],0.01,0.0,0.0,0.15000000000000002,0.8500000000000001,tanh,adam,0.0,2,he,"(-0.5, 0.5)",15,0.03981397751414962,0.9117647058823529,99
[4],0.01,0.0,0.0,0.2,0.7,sigmoid,sgd,0.0,2,glorot,"(-0.5, 0.5)",15,0.1048096604485614,0.6764705882352942,100
[3],0.01,0.0,0.0,0.1,0.7,sigmoid,sgd,0.0,2,glorot,"(-0.1, 0.1)",15,0.103223325241491,0.7058823529411765,1
[4],0.16,0.0,0.0,0.15000000000000002,0.75,sigmoid,adam,0.0,2,gaussian,"(-0.5, 0.5)",15,0.05994733576285296,0.7941176470588235,2
[4],0.16,0.0,0.0,0.0,0.8,tanh,adam,0.0,4,gaussian,"(-0.5, 0.5)",15,2.1387553125824904e-05,1.0,3
[3],0.16,0.0,0.0,0.05,0.7,sigmoid,adam,0.0,8,he,"(-0.5, 0.5)",15,0.005140870029750372,1.0,4
[4],0.01,0.0,0.0,0.0,0.7,tanh,adam,0.0,2,gaussian,"(-0.1, 0.1)",15,0.0005758432864408008,1.0,5
[4],0.16,0.0,0.0,0.2,0.9000000000000001,tanh,sgd,0.0,8,gaussian,"(-0.5, 0.5)",15,0.010061621139387725,1.0,6
[4],0.01,0.0,0.0,0.1,0.8500000000000001,tanh,sgd,0.0,2,gaussian,"(-0.5, 0.5)",15,0.10499034109936063,0.7058823529411765,7
[4],0.16,0.0,0.0,0.15000000000000002,0.75,sigmoid,sgd,0.0,4,he,"(-0.1, 0.1)",15,0.008652696347549865,1.0,8
[4],0.16,0.0,0.0,0.05,0.8500000000000001,sigmoid,adam,0.0,2,he,"(-0.5, 0.5)",15,0.058593966181557884,0.7352941176470589,9
[4],0.16,0.0,0.0,0.15000000000000002,0.8,tanh,sgd,0.0,4,he,"(-0.1, 0.1)",15,0.0002297344411107699,1.0,10
[4],0.16,0.0,0.0,0.1,0.8500000000000001,sigmoid,adam,0.0,4,gaussian,"(-0.1, 0.1)",15,0.004819759955943215,1.0,11
[3],0.01,0.0,0.0,0.25,0.8500000000000001,sigmoid,adam,0.0,8,he,"(-0.1, 0.1)",15,0.103235019036669,0.6470588235294118,12
[4],0.01,0.0,0.0,0.1,0.75,tanh,adam,0.0,8,he,"(-0.5, 0.5)",15,0.012774443073174092,1.0,13
[3],0.16,0.0,0.0,0.25,0.9000000000000001,sigmoid,sgd,0.0,8,glorot,"(-0.1, 0.1)",15,0.03480486398569175,0.9411764705882353,14
[4],0.16,0.0,0.0,0.15000000000000002,0.7,sigmoid,sgd,0.0,4,he,"(-0.5, 0.5)",15,0.009162941183218441,1.0,15
[4],0.01,0.0,0.0,0.1,0.7,tanh,sgd,0.0,2,glorot,"(-0.1, 0.1)",15,0.03358690100770777,0.9117647058823529,16
[4],0.16,0.0,0.0,0.1,0.8500000000000001,sigmoid,adam,0.0,4,glorot,"(-0.5, 0.5)",15,0.0016141377707275372,1.0,17
[4],0.01,0.0,0.0,0.1,0.7,sigmoid,sgd,0.0,8,gaussian,"(-0.1, 0.1)",15,0.10907302157529321,0.7058823529411765,18
[3],0.16,0.0,0.0,0.2,0.8500000000000001,tanh,sgd,0.0,8,glorot,"(-0.5, 0.5)",15,0.06023908293150247,0.8235294117647058,19
[4],0.01,0.0,0.0,0.25,0.9000000000000001,sigmoid,adam,0.0,8,gaussian,"(-0.1, 0.1)",15,0.06330934811874288,0.7941176470588235,20
[4],0.01,0.0,0.0,0.2,0.7,sigmoid,adam,0.0,2,he,"(-0.5, 0.5)",15,0.025002600970624917,1.0,21
[4],0.16,0.0,0.0,0.2,0.8500000000000001,sigmoid,adam,0.0,8,glorot,"(-0.5, 0.5)",15,0.002553660801337028,1.0,22
[3],0.01,0.0,0.0,0.1,0.7,sigmoid,adam,0.0,8,gaussian,"(-0.5, 0.5)",15,0.021815213894972887,1.0,23
[4],0.01,0.0,0.0,0.2,0.8500000000000001,tanh,sgd,0.0,4,he,"(-0.1, 0.1)",15,0.049786882374804435,0.8529411764705882,24
[3],0.16,0.0,0.0,0.15000000000000002,0.9000000000000001,sigmoid,adam,0.0,2,he,"(-0.5, 0.5)",15,0.05538751416037106,0.7941176470588235,25
[4],0.16,0.0,0.0,0.15000000000000002,0.8500000000000001,tanh,sgd,0.0,4,gaussian,"(-0.5, 0.5)",15,0.00033681934535542663,1.0,26
[3],0.16,0.0,0.0,0.05,0.8500000000000001,tanh,sgd,0.0,8,gaussian,"(-0.5, 0.5)",15,0.046424043978385086,0.8823529411764706,27
[3],0.16,0.0,0.0,0.0,0.75,tanh,sgd,0.0,2,he,"(-0.1, 0.1)",15,4.039631804116494e-05,1.0,28
[3],0.01,0.0,0.0,0.25,0.9000000000000001,tanh,adam,0.0,2,gaussian,"(-0.5, 0.5)",15,0.05459744961940044,0.8529411764705882,29
[4],0.01,0.0,0.0,0.1,0.8,tanh,adam,0.0,2,he,"(-0.1, 0.1)",15,0.024562923100704195,0.9411764705882353,30
[3],0.01,0.0,0.0,0.05,0.8,sigmoid,adam,0.0,8,he,"(-0.5, 0.5)",15,0.06449638473171891,0.7941176470588235,31
[4],0.01,0.0,0.0,0.25,0.7,tanh,adam,0.0,4,glorot,"(-0.1, 0.1)",15,0.006309506253860888,1.0,32
[3],0.16,0.0,0.0,0.25,0.8,sigmoid,adam,0.0,4,he,"(-0.5, 0.5)",15,0.024035984364645505,0.9705882352941176,33
[4],0.16,0.0,0.0,0.2,0.9000000000000001,sigmoid,adam,0.0,2,glorot,"(-0.5, 0.5)",15,0.00416513961254063,1.0,34
[3],0.01,0.0,0.0,0.05,0.8500000000000001,tanh,sgd,0.0,8,he,"(-0.1, 0.1)",15,0.10027946402579992,0.6764705882352942,35
[4],0.01,0.0,0.0,0.25,0.8,tanh,sgd,0.0,4,glorot,"(-0.5, 0.5)",15,0.05507802060939007,0.8529411764705882,36
[3],0.16,0.0,0.0,0.25,0.7,sigmoid,sgd,0.0,2,glorot,"(-0.1, 0.1)",15,0.015886324745979175,1.0,37
[4],0.01,0.0,0.0,0.0,0.8,sigmoid,adam,0.0,2,he,"(-0.1, 0.1)",15,0.002195131294848089,1.0,38
[3],0.01,0.0,0.0,0.1,0.8,tanh,sgd,0.0,2,glorot,"(-0.1, 0.1)",15,0.05411512089898336,0.8529411764705882,39
[3],0.16,0.0,0.0,0.1,0.75,sigmoid,adam,0.0,2,gaussian,"(-0.1, 0.1)",15,0.04207916218223758,0.8823529411764706,40
[4],0.16,0.0,0.0,0.15000000000000002,0.8,sigmoid,sgd,0.0,8,glorot,"(-0.5, 0.5)",15,0.004863580254112748,1.0,41
[3],0.16,0.0,0.0,0.25,0.9000000000000001,sigmoid,sgd,0.0,4,glorot,"(-0.5, 0.5)",15,0.01572743739435231,1.0,43
[4],0.16,0.0,0.0,0.15000000000000002,0.8500000000000001,sigmoid,sgd,0.0,2,glorot,"(-0.1, 0.1)",15,0.012988583387153679,0.9705882352941176,45
[3],0.16,0.0,0.0,0.15000000000000002,0.9000000000000001,sigmoid,adam,0.0,2,gaussian,"(-0.5, 0.5)",15,0.10490283295329522,0.7058823529411765,46
[3],0.16,0.0,0.0,0.2,0.9000000000000001,sigmoid,adam,0.0,8,gaussian,"(-0.1, 0.1)",15,0.06074777736861847,0.7941176470588235,47
[3],0.16,0.0,0.0,0.1,0.9000000000000001,tanh,sgd,0.0,8,gaussian,"(-0.1, 0.1)",15,0.05222784190893909,0.8529411764705882,48
[4],0.16,0.0,0.0,0.1,0.9000000000000001,sigmoid,adam,0.0,8,he,"(-0.1, 0.1)",15,0.0018921565307293577,1.0,49
[4],0.01,0.0,0.0,0.1,0.75,tanh,sgd,0.0,2,gaussian,"(-0.1, 0.1)",15,0.046750343032505484,0.8823529411764706,50
[3],0.16,0.0,0.0,0.1,0.8500000000000001,sigmoid,sgd,0.0,4,gaussian,"(-0.5, 0.5)",15,0.01930062815173388,0.9705882352941176,51
[4],0.16,0.0,0.0,0.0,0.9000000000000001,tanh,sgd,0.0,8,gaussian,"(-0.5, 0.5)",15,6.235123484431548e-05,1.0,52
[3],0.16,0.0,0.0,0.1,0.8,tanh,sgd,0.0,2,he,"(-0.5, 0.5)",15,0.041221048831587365,0.9411764705882353,53
[3],0.16,0.0,0.0,0.1,0.9000000000000001,tanh,sgd,0.0,4,gaussian,"(-0.1, 0.1)",15,0.00010743172378368058,1.0,54
[4],0.01,0.0,0.0,0.1,0.7,tanh,adam,0.0,4,he,"(-0.1, 0.1)",15,0.004775923838868126,1.0,55
[3],0.16,0.0,0.0,0.0,0.7,sigmoid,adam,0.0,8,gaussian,"(-0.1, 0.1)",15,0.002218497393121279,1.0,56
[4],0.01,0.0,0.0,0.2,0.9000000000000001,sigmoid,adam,0.0,4,he,"(-0.5, 0.5)",15,0.0538737130124489,0.8823529411764706,57
[4],0.16,0.0,0.0,0.1,0.8500000000000001,sigmoid,adam,0.0,4,he,"(-0.1, 0.1)",15,0.04243378510800488,0.9117647058823529,59
[3],0.01,0.0,0.0,0.25,0.8,sigmoid,sgd,0.0,8,gaussian,"(-0.5, 0.5)",15,0.11049757753665415,0.7058823529411765,60
[4],0.01,0.0,0.0,0.25,0.8,tanh,sgd,0.0,8,glorot,"(-0.1, 0.1)",15,0.08363264385481818,0.8529411764705882,61
[3],0.16,0.0,0.0,0.0,0.75,sigmoid,sgd,0.0,2,he,"(-0.5, 0.5)",15,0.002179851318703472,1.0,62
[3],0.16,0.0,0.0,0.0,0.7,sigmoid,sgd,0.0,4,gaussian,"(-0.1, 0.1)",15,0.003002169764266173,1.0,63
[4],0.01,0.0,0.0,0.05,0.9000000000000001,tanh,adam,0.0,8,he,"(-0.1, 0.1)",15,0.010101236701631286,1.0,64
[4],0.01,0.0,0.0,0.05,0.8,tanh,adam,0.0,8,he,"(-0.5, 0.5)",15,0.007450621487724986,1.0,65
[4],0.16,0.0,0.0,0.0,0.7,tanh,adam,0.0,8,glorot,"(-0.1, 0.1)",15,0.01881316612569131,0.9705882352941176,66
[3],0.16,0.0,0.0,0.25,0.8,tanh,adam,0.0,4,gaussian,"(-0.1, 0.1)",15,0.0586381082039624,0.7647058823529411,67
[4],0.01,0.0,0.0,0.0,0.8,sigmoid,adam,0.0,2,gaussian,"(-0.1, 0.1)",15,0.0006923157637612068,1.0,68
[4],0.01,0.0,0.0,0.05,0.9000000000000001,tanh,adam,0.0,8,he,"(-0.5, 0.5)",15,0.010101236701631286,1.0,69
[3],0.16,0.0,0.0,0.2,0.9000000000000001,sigmoid,sgd,0.0,4,gaussian,"(-0.1, 0.1)",15,0.006373179637007072,1.0,70
[3],0.01,0.0,0.0,0.2,0.75,sigmoid,adam,0.0,2,he,"(-0.1, 0.1)",15,0.05273265113457194,0.8823529411764706,71
[4],0.01,0.0,0.0,0.0,0.75,sigmoid,sgd,0.0,8,glorot,"(-0.5, 0.5)",15,0.1085012469907018,0.7058823529411765,72
[3],0.16,0.0,0.0,0.1,0.8,sigmoid,sgd,0.0,2,glorot,"(-0.5, 0.5)",15,0.008059303110648466,1.0,73
[3],0.01,0.0,0.0,0.15000000000000002,0.8,tanh,sgd,0.0,8,gaussian,"(-0.1, 0.1)",15,0.10303580406273578,0.7058823529411765,74
[4],0.01,0.0,0.0,0.25,0.9000000000000001,sigmoid,adam,0.0,2,he,"(-0.5, 0.5)",15,0.03340591251411569,0.9117647058823529,75
[3],0.01,0.0,0.0,0.25,0.8,tanh,sgd,0.0,8,gaussian,"(-0.5, 0.5)",15,0.10920909769524367,0.7058823529411765,76
[4],0.01,0.0,0.0,0.25,0.7,sigmoid,adam,0.0,4,he,"(-0.5, 0.5)",15,0.05677103049020369,0.8823529411764706,77
[4],0.16,0.0,0.0,0.0,0.8500000000000001,sigmoid,sgd,0.0,4,gaussian,"(-0.5, 0.5)",15,0.0032080321756746935,1.0,78
[3],0.16,0.0,0.0,0.25,0.75,tanh,sgd,0.0,2,gaussian,"(-0.5, 0.5)",15,0.006027073855753699,1.0,80
[4],0.16,0.0,0.0,0.1,0.75,sigmoid,sgd,0.0,2,he,"(-0.1, 0.1)",15,0.0005007398148572564,1.0,81
[4],0.01,0.0,0.0,0.1,0.9000000000000001,tanh,sgd,0.0,2,glorot,"(-0.5, 0.5)",15,0.01609079151146033,0.9705882352941176,82
[3],0.16,0.0,0.0,0.0,0.8,tanh,adam,0.0,8,glorot,"(-0.5, 0.5)",15,0.08959412987215072,0.7352941176470589,83
[3],0.16,0.0,0.0,0.15000000000000002,0.8,sigmoid,adam,0.0,4,he,"(-0.1, 0.1)",15,0.0559010219461775,0.9117647058823529,84
[4],0.01,0.0,0.0,0.05,0.7,sigmoid,adam,0.0,4,glorot,"(-0.5, 0.5)",15,0.0030802628128151475,1.0,85
[4],0.01,0.0,0.0,0.15000000000000002,0.8,sigmoid,adam,0.0,4,gaussian,"(-0.1, 0.1)",15,0.00894854336069076,1.0,86
[3],0.01,0.0,0.0,0.15000000000000002,0.9000000000000001,tanh,adam,0.0,8,glorot,"(-0.5, 0.5)",15,0.04175900875548283,0.9411764705882353,88
[3],0.16,0.0,0.0,0.05,0.75,sigmoid,sgd,0.0,4,he,"(-0.5, 0.5)",15,0.003274855089644922,1.0,89
[4],0.16,0.0,0.0,0.0,0.75,tanh,adam,0.0,4,he,"(-0.1, 0.1)",15,3.2387477283420746e-05,1.0,90
[3],0.16,0.0,0.0,0.1,0.8,sigmoid,adam,0.0,4,glorot,"(-0.1, 0.1)",15,0.014778455323150582,0.9705882352941176,91
[3],0.01,0.0,0.0,0.1,0.8500000000000001,tanh,adam,0.0,4,gaussian,"(-0.5, 0.5)",15,0.06952827649842581,0.7941176470588235,92
[4],0.16,0.0,0.0,0.0,0.9000000000000001,sigmoid,sgd,0.0,8,glorot,"(-0.1, 0.1)",15,0.00032221625575442865,1.0,93
[3],0.01,0.0,0.0,0.05,0.7,sigmoid,sgd,0.0,8,gaussian,"(-0.5, 0.5)",15,0.11060255832935623,0.7058823529411765,94
[4],0.16,0.0,0.0,0.2,0.8500000000000001,sigmoid,sgd,0.0,8,he,"(-0.1, 0.1)",15,0.013405766901387716,1.0,95
[4],0.16,0.0,0.0,0.1,0.75,tanh,sgd,0.0,2,gaussian,"(-0.1, 0.1)",15,5.3907676140096376e-05,1.0,96
[3],0.01,0.0,0.0,0.25,0.75,tanh,adam,0.0,2,glorot,"(-0.1, 0.1)",15,0.03672082241821452,0.9411764705882353,97
[3],0.01,0.0,0.0,0.1,0.9000000000000001,tanh,adam,0.0,4,he,"(-0.1, 0.1)",15,0.030146023358448144,0.9411764705882353,98
[4],0.16,0.0,0.0,0.25,0.9000000000000001,tanh,sgd,0.0,4,glorot,"(-0.1, 0.1)",15,0.029329395259385466,0.9411764705882353,99
[4],0.01,0.0,0.0,0.1,0.8,tanh,adam,0.0,2,glorot,"(-0.1, 0.1)",15,0.0007872468781483215,1.0,100
[3],0.16,0.0,0.0,0.25,0.8,sigmoid,sgd,0.0,4,he,"(-0.5, 0.5)",15,0.08491101916016286,0.6470588235294118,1
[3],0.01,0.0,0.0,0.1,0.75,tanh,adam,0.0,4,gaussian,"(-0.5, 0.5)",15,0.06359718646032189,0.8529411764705882,2
[3],0.16,0.0,0.0,0.25,0.9000000000000001,sigmoid,adam,0.0,2,glorot,"(-0.5, 0.5)",15,0.0163493066987953,1.0,3
[4],0.16,0.0,0.0,0.1,0.8,tanh,adam,0.0,8,glorot,"(-0.1, 0.1)",15,0.09772250196370032,0.6470588235294118,4
[4],0.01,0.0,0.0,0.2,0.7,tanh,adam,0.0,2,gaussian,"(-0.5, 0.5)",15,0.05590604927182577,0.8529411764705882,5
[4],0.16,0.0,0.0,0.05,0.8,sigmoid,sgd,0.0,4,glorot,"(-0.1, 0.1)",15,0.0009461413889355784,1.0,6
[3],0.16,0.0,0.0,0.1,0.75,sigmoid,sgd,0.0,8,he,"(-0.5, 0.5)",15,0.038028919235621156,0.9411764705882353,7
[4],0.16,0.0,0.0,0.15000000000000002,0.8500000000000001,sigmoid,sgd,0.0,4,glorot,"(-0.1, 0.1)",15,0.005383637751927388,1.0,8
[3],0.01,0.0,0.0,0.25,0.75,sigmoid,adam,0.0,4,glorot,"(-0.5, 0.5)",15,0.08858367482259687,0.6764705882352942,9
[3],0.01,0.0,0.0,0.0,0.8,tanh,adam,0.0,4,he,"(-0.5, 0.5)",15,0.026799018959347803,0.9411764705882353,10
[3],0.01,0.0,0.0,0.15000000000000002,0.7,sigmoid,sgd,0.0,8,glorot,"(-0.1, 0.1)",15,0.11284749771806331,0.7058823529411765,11
[3],0.16,0.0,0.0,0.25,0.7,tanh,adam,0.0,8,gaussian,"(-0.1, 0.1)",15,0.08921022768253563,0.7941176470588235,12
[3],0.16,0.0,0.0,0.15000000000000002,0.8500000000000001,sigmoid,adam,0.0,8,glorot,"(-0.1, 0.1)",15,0.0432515387825349,0.9411764705882353,13
[4],0.16,0.0,0.0,0.25,0.7,tanh,sgd,0.0,4,gaussian,"(-0.1, 0.1)",15,0.008696799973956615,1.0,14
[4],0.01,0.0,0.0,0.2,0.75,tanh,sgd,0.0,2,gaussian,"(-0.5, 0.5)",15,0.10385013410267038,0.7058823529411765,15
[3],0.16,0.0,0.0,0.1,0.75,sigmoid,sgd,0.0,2,gaussian,"(-0.1, 0.1)",15,0.005892854875809522,1.0,16
[3],0.16,0.0,0.0,0.25,0.75,tanh,adam,0.0,2,gaussian,"(-0.1, 0.1)",15,0.08182245241787853,0.7058823529411765,17
[4],0.16,0.0,0.0,0.25,0.8,tanh,sgd,0.0,2,glorot,"(-0.1, 0.1)",15,0.07225703111865966,0.8235294117647058,18
[4],0.16,0.0,0.0,0.15000000000000002,0.9000000000000001,tanh,sgd,0.0,2,he,"(-0.5, 0.5)",15,0.10127221819751554,0.6470588235294118,19
[4],0.16,0.0,0.0,0.15000000000000002,0.8500000000000001,tanh,sgd,0.0,2,gaussian,"(-0.5, 0.5)",15,0.09656985531175166,0.7352941176470589,20
[4],0.16,0.0,0.0,0.05,0.9000000000000001,tanh,adam,0.0,4,gaussian,"(-0.5, 0.5)",15,9.603166888682673e-05,1.0,21
[4],0.01,0.0,0.0,0.0,0.8,tanh,sgd,0.0,4,glorot,"(-0.1, 0.1)",15,0.06858624656771795,0.8235294117647058,22
[4],0.16,0.0,0.0,0.25,0.8500000000000001,sigmoid,sgd,0.0,4,gaussian,"(-0.1, 0.1)",15,0.00776961266639161,1.0,23
[4],0.16,0.0,0.0,0.05,0.8,tanh,sgd,0.0,2,gaussian,"(-0.5, 0.5)",15,4.219641784742336e-05,1.0,24
[4],0.16,0.0,0.0,0.0,0.8500000000000001,tanh,adam,0.0,2,he,"(-0.5, 0.5)",15,0.08529059816771703,0.6470588235294118,25
[3],0.01,0.0,0.0,0.0,0.9000000000000001,tanh,sgd,0.0,2,gaussian,"(-0.5, 0.5)",15,0.10441414849088695,0.7058823529411765,26
[4],0.16,0.0,0.0,0.25,0.8,tanh,sgd,0.0,4,he,"(-0.5, 0.5)",15,0.013784767969138766,1.0,27
[4],0.01,0.0,0.0,0.0,0.75,tanh,sgd,0.0,8,gaussian,"(-0.1, 0.1)",15,0.11048641284978152,0.7058823529411765,28
[3],0.16,0.0,0.0,0.05,0.8500000000000001,sigmoid,adam,0.0,8,glorot,"(-0.1, 0.1)",15,0.01024791361997889,1.0,29
[4],0.16,0.0,0.0,0.25,0.9000000000000001,sigmoid,adam,0.0,8,he,"(-0.1, 0.1)",15,0.006910155645148324,1.0,30
[3],0.01,0.0,0.0,0.0,0.8500000000000001,tanh,adam,0.0,4,he,"(-0.5, 0.5)",15,0.03447150208306943,0.9411764705882353,31
[4],0.01,0.0,0.0,0.05,0.8500000000000001,tanh,adam,0.0,8,glorot,"(-0.5, 0.5)",15,0.03064687686748245,0.8823529411764706,32
[4],0.01,0.0,0.0,0.25,0.75,tanh,sgd,0.0,8,glorot,"(-0.5, 0.5)",15,0.11738608612149724,0.6764705882352942,33
[4],0.01,0.0,0.0,0.2,0.7,sigmoid,adam,0.0,2,he,"(-0.1, 0.1)",15,0.09051561983872003,0.6764705882352942,34
[4],0.16,0.0,0.0,0.05,0.7,tanh,sgd,0.0,2,glorot,"(-0.1, 0.1)",15,9.602065983544874e-05,1.0,35
[4],0.01,0.0,0.0,0.2,0.8,sigmoid,adam,0.0,8,gaussian,"(-0.1, 0.1)",15,0.08925548717240867,0.6470588235294118,36
[4],0.01,0.0,0.0,0.2,0.8500000000000001,sigmoid,adam,0.0,4,gaussian,"(-0.1, 0.1)",15,0.0916115664996297,0.6470588235294118,37
[3],0.01,0.0,0.0,0.25,0.9000000000000001,sigmoid,adam,0.0,8,he,"(-0.1, 0.1)",15,0.11263504357675802,0.7058823529411765,38
[3],0.16,0.0,0.0,0.0,0.8,tanh,sgd,0.0,8,gaussian,"(-0.5, 0.5)",15,0.08118739166443192,0.8235294117647058,39
[4],0.16,0.0,0.0,0.0,0.8,sigmoid,sgd,0.0,8,glorot,"(-0.5, 0.5)",15,0.007715324161448876,1.0,40
[3],0.16,0.0,0.0,0.05,0.75,tanh,adam,0.0,8,glorot,"(-0.5, 0.5)",15,0.02416790757367535,0.9411764705882353,41
[3],0.01,0.0,0.0,0.25,0.8,tanh,sgd,0.0,4,gaussian,"(-0.5, 0.5)",15,0.10785192430541908,0.7058823529411765,42
[4],0.16,0.0,0.0,0.0,0.9000000000000001,tanh,adam,0.0,8,gaussian,"(-0.5, 0.5)",15,0.0010681103190368969,1.0,43
[3],0.01,0.0,0.0,0.05,0.9000000000000001,sigmoid,sgd,0.0,2,gaussian,"(-0.5, 0.5)",15,0.08560766293089239,0.6764705882352942,44
[3],0.01,0.0,0.0,0.0,0.8500000000000001,tanh,sgd,0.0,2,he,"(-0.1, 0.1)",15,0.026310228193642905,0.9411764705882353,45
[3],0.16,0.0,0.0,0.15000000000000002,0.8500000000000001,tanh,adam,0.0,4,glorot,"(-0.1, 0.1)",15,0.0340236779487188,0.9411764705882353,46
[3],0.01,0.0,0.0,0.25,0.9000000000000001,sigmoid,sgd,0.0,8,he,"(-0.1, 0.1)",15,0.112909673649216,0.7058823529411765,47
[4],0.16,0.0,0.0,0.15000000000000002,0.8500000000000001,sigmoid,adam,0.0,8,he,"(-0.5, 0.5)",15,0.002768422031851795,1.0,48
[3],0.16,0.0,0.0,0.25,0.8,sigmoid,sgd,0.0,8,glorot,"(-0.5, 0.5)",15,0.08923933418279034,0.6470588235294118,49
[3],0.16,0.0,0.0,0.05,0.8,sigmoid,adam,0.0,2,glorot,"(-0.5, 0.5)",15,0.03755226882063896,0.9411764705882353,50
[3],0.01,0.0,0.0,0.05,0.9000000000000001,sigmoid,adam,0.0,4,gaussian,"(-0.1, 0.1)",15,0.09193639820208142,0.6470588235294118,51
[4],0.16,0.0,0.0,0.1,0.75,sigmoid,sgd,0.0,4,he,"(-0.5, 0.5)",15,0.009960878457475007,1.0,52
[4],0.16,0.0,0.0,0.25,0.9000000000000001,sigmoid,adam,0.0,2,he,"(-0.1, 0.1)",15,0.01268279127288501,1.0,53
[3],0.16,0.0,0.0,0.1,0.8,sigmoid,adam,0.0,4,he,"(-0.5, 0.5)",15,0.10641022362984552,0.7058823529411765,54
[3],0.01,0.0,0.0,0.25,0.9000000000000001,sigmoid,adam,0.0,8,glorot,"(-0.1, 0.1)",15,0.09149749125199991,0.6764705882352942,55
[3],0.01,0.0,0.0,0.2,0.7,tanh,sgd,0.0,8,gaussian,"(-0.5, 0.5)",15,0.10900814601343027,0.7058823529411765,56
[3],0.01,0.0,0.0,0.15000000000000002,0.75,sigmoid,sgd,0.0,2,he,"(-0.1, 0.1)",15,0.11108402364895784,0.7058823529411765,58
[3],0.16,0.0,0.0,0.1,0.75,sigmoid,sgd,0.0,4,gaussian,"(-0.1, 0.1)",15,0.007099027055756266,1.0,59
[4],0.01,0.0,0.0,0.25,0.9000000000000001,tanh,adam,0.0,4,glorot,"(-0.1, 0.1)",15,0.09164456812516564,0.7647058823529411,60
[4],0.16,0.0,0.0,0.05,0.9000000000000001,tanh,adam,0.0,8,gaussian,"(-0.1, 0.1)",15,0.09371829900186023,0.6470588235294118,61
[4],0.01,0.0,0.0,0.05,0.7,tanh,sgd,0.0,4,glorot,"(-0.1, 0.1)",15,0.09081418611128589,0.7352941176470589,62
[3],0.16,0.0,0.0,0.1,0.7,tanh,adam,0.0,8,he,"(-0.1, 0.1)",15,0.02280706058102843,0.9411764705882353,63
[3],0.01,0.0,0.0,0.05,0.9000000000000001,sigmoid,sgd,0.0,2,he,"(-0.1, 0.1)",15,0.0855718815873039,0.6470588235294118,64
[3],0.01,0.0,0.0,0.2,0.9000000000000001,tanh,sgd,0.0,2,he,"(-0.5, 0.5)",15,0.02831101725605372,0.9411764705882353,66
[3],0.01,0.0,0.0,0.0,0.75,tanh,sgd,0.0,8,glorot,"(-0.1, 0.1)",15,0.12114971359960348,0.6764705882352942,67
[3],0.01,0.0,0.0,0.15000000000000002,0.75,sigmoid,adam,0.0,8,glorot,"(-0.5, 0.5)",15,0.0912553732917004,0.7058823529411765,68
[3],0.16,0.0,0.0,0.15000000000000002,0.8,sigmoid,adam,0.0,2,gaussian,"(-0.5, 0.5)",15,0.08925413470209119,0.7058823529411765,69
[4],0.16,0.0,0.0,0.05,0.7,sigmoid,sgd,0.0,8,he,"(-0.5, 0.5)",15,0.009244297848099506,1.0,70
[4],0.01,0.0,0.0,0.05,0.8500000000000001,tanh,adam,0.0,8,he,"(-0.1, 0.1)",15,0.06096809064101829,0.7941176470588235,71
[4],0.16,0.0,0.0,0.05,0.8,tanh,adam,0.0,8,gaussian,"(-0.1, 0.1)",15,0.052253589068223645,0.8823529411764706,72
[3],0.16,0.0,0.0,0.25,0.75,sigmoid,sgd,0.0,2,he,"(-0.1, 0.1)",15,0.01568153664710438,1.0,73
[3],0.01,0.0,0.0,0.15000000000000002,0.9000000000000001,tanh,sgd,0.0,4,gaussian,"(-0.1, 0.1)",15,0.08974732267910084,0.7058823529411765,74
[4],0.16,0.0,0.0,0.2,0.9000000000000001,tanh,sgd,0.0,2,gaussian,"(-0.5, 0.5)",15,0.12466018413808101,0.6470588235294118,75
[3],0.01,0.0,0.0,0.2,0.9000000000000001,sigmoid,sgd,0.0,8,gaussian,"(-0.1, 0.1)",15,0.11022891342429754,0.7058823529411765,76
[3],0.16,0.0,0.0,0.15000000000000002,0.8,tanh,adam,0.0,2,glorot,"(-0.5, 0.5)",15,0.10379881085112151,0.7058823529411765,77
[4],0.16,0.0,0.0,0.1,0.75,sigmoid,adam,0.0,2,he,"(-0.1, 0.1)",15,0.011870381625831199,1.0,78
[3],0.16,0.0,0.0,0.1,0.7,tanh,adam,0.0,2,he,"(-0.5, 0.5)",15,0.06640190076828184,0.8823529411764706,79
[4],0.01,0.0,0.0,0.15000000000000002,0.7,tanh,sgd,0.0,4,he,"(-0.5, 0.5)",15,0.0938815751565859,0.6470588235294118,80
[3],0.16,0.0,0.0,0.05,0.8,sigmoid,adam,0.0,4,he,"(-0.5, 0.5)",15,0.04247770083867127,0.9117647058823529,81
[3],0.16,0.0,0.0,0.05,0.75,tanh,sgd,0.0,2,gaussian,"(-0.1, 0.1)",15,8.608761051483989e-05,1.0,82
[3],0.16,0.0,0.0,0.05,0.7,sigmoid,sgd,0.0,4,he,"(-0.5, 0.5)",15,0.00495034658224622,1.0,83
[4],0.16,0.0,0.0,0.15000000000000002,0.75,tanh,adam,0.0,8,he,"(-0.5, 0.5)",15,0.0012178970863528059,1.0,84
[3],0.16,0.0,0.0,0.15000000000000002,0.75,tanh,sgd,0.0,2,glorot,"(-0.1, 0.1)",15,0.04543067438912228,0.9411764705882353,85
[4],0.01,0.0,0.0,0.15000000000000002,0.8500000000000001,sigmoid,adam,0.0,4,he,"(-0.1, 0.1)",15,0.0949647946396553,0.5,87
[3],0.01,0.0,0.0,0.0,0.8,sigmoid,adam,0.0,8,gaussian,"(-0.5, 0.5)",15,0.02878761909077321,0.9705882352941176,88
[3],0.01,0.0,0.0,0.15000000000000002,0.8500000000000001,sigmoid,adam,0.0,8,glorot,"(-0.1, 0.1)",15,0.09148628946034883,0.7058823529411765,89
[4],0.01,0.0,0.0,0.25,0.75,sigmoid,sgd,0.0,4,glorot,"(-0.5, 0.5)",15,0.10957074305750501,0.7058823529411765,90
[4],0.16,0.0,0.0,0.1,0.9000000000000001,tanh,adam,0.0,4,glorot,"(-0.1, 0.1)",15,0.024583290047685,0.9411764705882353,91
[3],0.16,0.0,0.0,0.1,0.8,tanh,adam,0.0,4,glorot,"(-0.1, 0.1)",15,0.018363265162467772,0.9411764705882353,92
[3],0.16,0.0,0.0,0.15000000000000002,0.9000000000000001,tanh,sgd,0.0,2,he,"(-0.5, 0.5)",15,0.10282712284757226,0.7058823529411765,93
[4],0.16,0.0,0.0,0.2,0.8500000000000001,tanh,adam,0.0,2,gaussian,"(-0.1, 0.1)",15,0.09047670524062898,0.7647058823529411,94
[3],0.01,0.0,0.0,0.25,0.8,sigmoid,sgd,0.0,2,gaussian,"(-0.5, 0.5)",15,0.10984577808528438,0.7058823529411765,95
[3],0.01,0.0,0.0,0.15000000000000002,0.9000000000000001,sigmoid,sgd,0.0,8,he,"(-0.5, 0.5)",15,0.11469851317958253,0.7058823529411765,96
[3],0.01,0.0,0.0,0.25,0.8,tanh,sgd,0.0,2,glorot,"(-0.5, 0.5)",15,0.08897406705915935,0.7058823529411765,97
[4],0.16,0.0,0.0,0.15000000000000002,0.9000000000000001,tanh,adam,0.0,8,glorot,"(-0.5, 0.5)",15,0.051564178350835,0.8823529411764706,98
[4],0.16,0.0,0.0,0.15000000000000002,0.9000000000000001,sigmoid,sgd,0.0,4,he,"(-0.1, 0.1)",15,0.005336157953243358,1.0,99
[4],0.01,0.0,0.0,0.0,0.9000000000000001,sigmoid,adam,0.0,8,he,"(-0.5, 0.5)",15,0.09776628617384833,0.6176470588235294,100
[4],0.01,0.0,0.0,0.15000000000000002,0.8,sigmoid,sgd,0.0,8,he,"(-0.5, 0.5)",15,0.12194070863449541,0.5757575757575758,1
[3],0.01,0.0,0.0,0.25,0.8500000000000001,tanh,sgd,0.0,8,gaussian,"(-0.5, 0.5)",15,0.12290085395023938,0.5757575757575758,2
[4],0.16,0.0,0.0,0.15000000000000002,0.75,sigmoid,sgd,0.0,8,he,"(-0.5, 0.5)",15,0.02528484583164215,1.0,3
[4],0.16,0.0,0.0,0.05,0.8,sigmoid,sgd,0.0,2,he,"(-0.5, 0.5)",15,0.000662259810327762,1.0,4
[3],0.16,0.0,0.0,0.25,0.7,sigmoid,sgd,0.0,2,he,"(-0.5, 0.5)",15,0.01490431924769434,1.0,5
[4],0.01,0.0,0.0,0.05,0.8,tanh,sgd,0.0,4,gaussian,"(-0.1, 0.1)",15,0.1224242048031359,0.5757575757575758,7
[3],0.16,0.0,0.0,0.25,0.7,sigmoid,adam,0.0,2,glorot,"(-0.1, 0.1)",15,0.07505853184191215,0.8787878787878788,8
[3],0.16,0.0,0.0,0.15000000000000002,0.8,sigmoid,adam,0.0,2,glorot,"(-0.5, 0.5)",15,0.0679543577324681,0.7575757575757576,9
[4],0.01,0.0,0.0,0.05,0.8,sigmoid,adam,0.0,8,glorot,"(-0.5, 0.5)",15,0.051310981295642696,0.8787878787878788,10
[3],0.16,0.0,0.0,0.0,0.75,sigmoid,adam,0.0,2,he,"(-0.1, 0.1)",15,0.03584928131132918,0.9090909090909091,11
[3],0.01,0.0,0.0,0.15000000000000002,0.75,tanh,adam,0.0,8,he,"(-0.5, 0.5)",15,0.08340530048179996,0.7272727272727273,12
[3],0.16,0.0,0.0,0.0,0.8500000000000001,tanh,adam,0.0,8,he,"(-0.5, 0.5)",15,0.12389809019036353,0.5757575757575758,13
[4],0.16,0.0,0.0,0.2,0.9000000000000001,sigmoid,sgd,0.0,4,glorot,"(-0.5, 0.5)",15,0.020335461751825993,1.0,14
[4],0.01,0.0,0.0,0.25,0.9000000000000001,tanh,sgd,0.0,4,glorot,"(-0.1, 0.1)",15,0.06769450899822592,0.8181818181818182,15
[4],0.01,0.0,0.0,0.2,0.8500000000000001,sigmoid,adam,0.0,2,gaussian,"(-0.1, 0.1)",15,0.03528931917266407,1.0,16
[3],0.01,0.0,0.0,0.05,0.7,sigmoid,sgd,0.0,2,glorot,"(-0.5, 0.5)",15,0.12058179431473295,0.5757575757575758,17
[4],0.16,0.0,0.0,0.0,0.8,sigmoid,sgd,0.0,2,he,"(-0.1, 0.1)",15,0.0008781263686528643,1.0,18
[4],0.16,0.0,0.0,0.1,0.7,tanh,sgd,0.0,2,glorot,"(-0.1, 0.1)",15,6.169559831880808e-05,1.0,19
[3],0.01,0.0,0.0,0.2,0.8500000000000001,sigmoid,sgd,0.0,8,gaussian,"(-0.5, 0.5)",15,0.12213418151930032,0.5757575757575758,20
[4],0.16,0.0,0.0,0.0,0.75,sigmoid,adam,0.0,4,he,"(-0.5, 0.5)",15,0.0005393877924690748,1.0,21
[4],0.16,0.0,0.0,0.25,0.8500000000000001,tanh,sgd,0.0,4,he,"(-0.5, 0.5)",15,0.0010348091242432455,1.0,22
[4],0.01,0.0,0.0,0.25,0.7,tanh,sgd,0.0,4,gaussian,"(-0.1, 0.1)",15,0.12229014362059197,0.5757575757575758,23
[4],0.01,0.0,0.0,0.05,0.8,tanh,sgd,0.0,8,he,"(-0.5, 0.5)",15,0.09761736159135428,0.6060606060606061,25
[3],0.16,0.0,0.0,0.25,0.9000000000000001,sigmoid,adam,0.0,2,he,"(-0.5, 0.5)",15,0.06117277705863479,0.8484848484848485,26
[4],0.16,0.0,0.0,0.0,0.75,sigmoid,adam,0.0,4,glorot,"(-0.1, 0.1)",15,0.0011745455767725134,1.0,27
[4],0.01,0.0,0.0,0.05,0.7,tanh,adam,0.0,4,he,"(-0.1, 0.1)",15,0.003748847124907512,1.0,28
[3],0.16,0.0,0.0,0.0,0.8500000000000001,sigmoid,adam,0.0,8,he,"(-0.1, 0.1)",15,0.0027125935585918257,1.0,29
[3],0.16,0.0,0.0,0.2,0.75,tanh,adam,0.0,2,he,"(-0.5, 0.5)",15,0.09058197353052883,0.696969696969697,30
[4],0.01,0.0,0.0,0.0,0.8500000000000001,tanh,adam,0.0,4,glorot,"(-0.1, 0.1)",15,0.01327585646828736,0.9696969696969697,31
[3],0.01,0.0,0.0,0.0,0.7,sigmoid,sgd,0.0,8,gaussian,"(-0.5, 0.5)",15,0.1229318623785397,0.5757575757575758,33
[4],0.16,0.0,0.0,0.0,0.8,sigmoid,sgd,0.0,8,glorot,"(-0.1, 0.1)",15,0.0009020703643501468,1.0,34
[3],0.16,0.0,0.0,0.2,0.9000000000000001,sigmoid,adam,0.0,2,glorot,"(-0.5, 0.5)",15,0.015301237199771988,1.0,35
[3],0.16,0.0,0.0,0.25,0.7,sigmoid,adam,0.0,2,he,"(-0.5, 0.5)",15,0.005777236685008247,1.0,36
[3],0.16,0.0,0.0,0.2,0.7,tanh,adam,0.0,8,he,"(-0.1, 0.1)",15,0.11964362629785402,0.5757575757575758,37
[3],0.01,0.0,0.0,0.2,0.8,tanh,adam,0.0,4,glorot,"(-0.5, 0.5)",15,0.0687496283253484,0.8181818181818182,38
[4],0.16,0.0,0.0,0.05,0.9000000000000001,tanh,sgd,0.0,8,he,"(-0.1, 0.1)",15,0.00024076089618463173,1.0,39
[3],0.16,0.0,0.0,0.15000000000000002,0.75,sigmoid,adam,0.0,8,gaussian,"(-0.5, 0.5)",15,0.015621224197899252,1.0,40
[4],0.16,0.0,0.0,0.15000000000000002,0.9000000000000001,sigmoid,sgd,0.0,4,glorot,"(-0.1, 0.1)",15,0.007350707341219986,1.0,41
[4],0.16,0.0,0.0,0.15000000000000002,0.8,tanh,adam,0.0,2,gaussian,"(-0.1, 0.1)",15,0.09177217928712478,0.696969696969697,43
[4],0.01,0.0,0.0,0.2,0.75,sigmoid,sgd,0.0,2,glorot,"(-0.5, 0.5)",15,0.12288603839708347,0.5757575757575758,44
[4],0.01,0.0,0.0,0.15000000000000002,0.8500000000000001,tanh,sgd,0.0,2,he,"(-0.1, 0.1)",15,0.001630978822391735,1.0,45
[4],0.16,0.0,0.0,0.05,0.75,sigmoid,sgd,0.0,8,he,"(-0.5, 0.5)",15,0.006283404066173376,1.0,46
[3],0.16,0.0,0.0,0.15000000000000002,0.7,tanh,adam,0.0,4,he,"(-0.1, 0.1)",15,0.04836322063764931,0.8787878787878788,47
[3],0.16,0.0,0.0,0.25,0.7,tanh,sgd,0.0,4,he,"(-0.5, 0.5)",15,0.11623330917264595,0.6060606060606061,48
[4],0.01,0.0,0.0,0.15000000000000002,0.8,sigmoid,sgd,0.0,8,glorot,"(-0.1, 0.1)",15,0.12270997302587722,0.5757575757575758,49
[3],0.01,0.0,0.0,0.15000000000000002,0.8500000000000001,tanh,adam,0.0,8,glorot,"(-0.1, 0.1)",15,0.06956057902038995,0.8484848484848485,50
[4],0.01,0.0,0.0,0.1,0.8,sigmoid,sgd,0.0,8,he,"(-0.1, 0.1)",15,0.12201996200631775,0.5757575757575758,51
[4],0.01,0.0,0.0,0.15000000000000002,0.9000000000000001,tanh,sgd,0.0,2,gaussian,"(-0.1, 0.1)",15,0.07967640970788224,0.7575757575757576,52
[3],0.16,0.0,0.0,0.1,0.8,tanh,adam,0.0,2,gaussian,"(-0.5, 0.5)",15,0.11999424965216646,0.5757575757575758,53
[3],0.16,0.0,0.0,0.15000000000000002,0.8500000000000001,sigmoid,adam,0.0,4,he,"(-0.5, 0.5)",15,0.08926831664217742,0.696969696969697,54
[3],0.01,0.0,0.0,0.05,0.9000000000000001,tanh,sgd,0.0,2,glorot,"(-0.5, 0.5)",15,0.014640064531496235,0.9696969696969697,55
[3],0.01,0.0,0.0,0.0,0.9000000000000001,tanh,adam,0.0,4,gaussian,"(-0.1, 0.1)",15,0.08014270039223058,0.696969696969697,56
[4],0.01,0.0,0.0,0.15000000000000002,0.9000000000000001,tanh,sgd,0.0,4,he,"(-0.1, 0.1)",15,0.004757204910690653,1.0,57
[4],0.01,0.0,0.0,0.1,0.8500000000000001,sigmoid,sgd,0.0,8,gaussian,"(-0.1, 0.1)",15,0.12213992265337673,0.5757575757575758,58
[3],0.01,0.0,0.0,0.2,0.9000000000000001,sigmoid,adam,0.0,4,glorot,"(-0.5, 0.5)",15,0.08739373160435898,0.696969696969697,59
[3],0.16,0.0,0.0,0.2,0.8500000000000001,tanh,sgd,0.0,2,gaussian,"(-0.1, 0.1)",15,0.054062257788686514,0.8787878787878788,60
[4],0.01,0.0,0.0,0.25,0.75,tanh,adam,0.0,8,glorot,"(-0.1, 0.1)",15,0.024683817686963042,0.9696969696969697,61
[3],0.01,0.0,0.0,0.25,0.8,tanh,sgd,0.0,2,gaussian,"(-0.5, 0.5)",15,0.12210088117381362,0.5757575757575758,62
[4],0.16,0.0,0.0,0.25,0.9000000000000001,sigmoid,sgd,0.0,8,he,"(-0.5, 0.5)",15,0.017745143909593284,1.0,63
[3],0.01,0.0,0.0,0.2,0.8,tanh,sgd,0.0,4,he,"(-0.1, 0.1)",15,0.09757385030572832,0.7272727272727273,65
[4],0.01,0.0,0.0,0.2,0.7,tanh,adam,0.0,2,he,"(-0.1, 0.1)",15,0.011600467975230885,1.0,66
[4],0.16,0.0,0.0,0.1,0.75,tanh,sgd,0.0,2,gaussian,"(-0.5, 0.5)",15,0.00019099586614018077,1.0,67
[3],0.16,0.0,0.0,0.2,0.75,sigmoid,adam,0.0,2,gaussian,"(-0.1, 0.1)",15,0.00444564120975185,1.0,68
[3],0.01,0.0,0.0,0.15000000000000002,0.8500000000000001,sigmoid,sgd,0.0,4,he,"(-0.1, 0.1)",15,0.12225160686993215,0.5757575757575758,69
[3],0.16,0.0,0.0,0.0,0.9000000000000001,tanh,sgd,0.0,4,he,"(-0.5, 0.5)",15,0.013171945773535157,0.9696969696969697,70
[4],0.01,0.0,0.0,0.1,0.75,sigmoid,adam,0.0,2,glorot,"(-0.5, 0.5)",15,0.0035655406349022942,1.0,71
[4],0.16,0.0,0.0,0.05,0.8,sigmoid,sgd,0.0,8,he,"(-0.1, 0.1)",15,0.004683005478752904,1.0,72
[3],0.01,0.0,0.0,0.15000000000000002,0.7,sigmoid,adam,0.0,4,gaussian,"(-0.5, 0.5)",15,0.028118742989142846,1.0,73
[4],0.16,0.0,0.0,0.1,0.75,sigmoid,adam,0.0,2,he,"(-0.5, 0.5)",15,0.0068315299000769394,1.0,74
[4],0.16,0.0,0.0,0.05,0.75,sigmoid,adam,0.0,8,glorot,"(-0.5, 0.5)",15,0.017555534185104,0.9696969696969697,75
[4],0.16,0.0,0.0,0.15000000000000002,0.7,sigmoid,adam,0.0,4,gaussian,"(-0.5, 0.5)",15,0.010132522343972406,1.0,76
[4],0.01,0.0,0.0,0.2,0.7,tanh,sgd,0.0,8,he,"(-0.5, 0.5)",15,0.12654631654668114,0.6363636363636364,77
[4],0.01,0.0,0.0,0.2,0.75,sigmoid,adam,0.0,2,glorot,"(-0.5, 0.5)",15,0.05115181138257707,0.9090909090909091,78
[4],0.16,0.0,0.0,0.2,0.75,sigmoid,sgd,0.0,4,glorot,"(-0.1, 0.1)",15,0.02027880686792332,1.0,79
[4],0.01,0.0,0.0,0.1,0.8500000000000001,sigmoid,sgd,0.0,8,glorot,"(-0.1, 0.1)",15,0.1226859378369943,0.5757575757575758,80
[3],0.01,0.0,0.0,0.05,0.9000000000000001,sigmoid,sgd,0.0,4,glorot,"(-0.5, 0.5)",15,0.12084591393402848,0.5757575757575758,81
[3],0.01,0.0,0.0,0.25,0.8,tanh,adam,0.0,8,gaussian,"(-0.5, 0.5)",15,0.07575594200760996,0.8181818181818182,82
[3],0.16,0.0,0.0,0.0,0.8,sigmoid,sgd,0.0,2,gaussian,"(-0.5, 0.5)",15,0.004705110799508945,1.0,83
[4],0.16,0.0,0.0,0.25,0.8500000000000001,tanh,adam,0.0,4,gaussian,"(-0.1, 0.1)",15,0.08721923500440892,0.7272727272727273,84
[4],0.16,0.0,0.0,0.15000000000000002,0.75,tanh,sgd,0.0,8,gaussian,"(-0.1, 0.1)",15,0.07578704243470434,0.7575757575757576,85
[4],0.16,0.0,0.0,0.05,0.7,sigmoid,adam,0.0,4,glorot,"(-0.5, 0.5)",15,0.005050490953848357,1.0,86
[4],0.16,0.0,0.0,0.1,0.75,sigmoid,adam,0.0,8,glorot,"(-0.5, 0.5)",15,0.014198378051820327,1.0,87
[4],0.16,0.0,0.0,0.0,0.7,tanh,adam,0.0,2,glorot,"(-0.5, 0.5)",15,8.007752312625554e-05,1.0,88
[4],0.01,0.0,0.0,0.2,0.9000000000000001,sigmoid,sgd,0.0,8,gaussian,"(-0.5, 0.5)",15,0.12121918301087328,0.5757575757575758,89
[3],0.16,0.0,0.0,0.15000000000000002,0.9000000000000001,tanh,adam,0.0,4,gaussian,"(-0.1, 0.1)",15,0.12061769951560831,0.6666666666666666,90
[4],0.16,0.0,0.0,0.0,0.8500000000000001,sigmoid,sgd,0.0,4,gaussian,"(-0.1, 0.1)",15,0.0009290011240802346,1.0,91
[4],0.16,0.0,0.0,0.05,0.8,sigmoid,adam,0.0,2,gaussian,"(-0.1, 0.1)",15,0.08583424480886408,0.696969696969697,93
[4],0.16,0.0,0.0,0.15000000000000002,0.75,tanh,sgd,0.0,8,he,"(-0.1, 0.1)",15,0.001147411148610426,1.0,94
[3],0.01,0.0,0.0,0.15000000000000002,0.8500000000000001,tanh,adam,0.0,8,glorot,"(-0.5, 0.5)",15,0.06956057902038995,0.8484848484848485,95
[3],0.16,0.0,0.0,0.15000000000000002,0.9000000000000001,tanh,adam,0.0,4,glorot,"(-0.5, 0.5)",15,0.00048791184671077533,1.0,97
[3],0.16,0.0,0.0,0.0,0.9000000000000001,sigmoid,adam,0.0,4,gaussian,"(-0.1, 0.1)",15,0.003999043570262688,1.0,99
[3],0.01,0.0,0.0,0.0,0.9000000000000001,sigmoid,sgd,0.0,4,glorot,"(-0.1, 0.1)",15,0.12126303580366476,0.5757575757575758,100
[4],0.16,0.0,0.0,0.0,0.8500000000000001,sigmoid,sgd,0.0,8,gaussian,"(-0.1, 0.1)",15,0.006572704240354486,1.0,4
[4],0.01,0.0,0.0,0.05,0.7,sigmoid,sgd,0.0,8,glorot,"(-0.5, 0.5)",15,0.14479847801084988,0.4411764705882353,7
[3],0.16,0.0,0.0,0.15000000000000002,0.8500000000000001,sigmoid,sgd,0.0,8,glorot,"(-0.5, 0.5)",15,0.0323448533619462,1.0,8
[4],0.16,0.0,0.0,0.05,0.75,sigmoid,sgd,0.0,8,gaussian,"(-0.5, 0.5)",15,0.010136059966001927,1.0,9
[3],0.16,0.0,0.0,0.15000000000000002,0.9000000000000001,sigmoid,sgd,0.0,8,he,"(-0.1, 0.1)",15,0.005187127216423643,1.0,10
[4],0.16,0.0,0.0,0.05,0.8500000000000001,sigmoid,sgd,0.0,8,glorot,"(-0.1, 0.1)",15,0.004692326291691227,1.0,11
[3],0.16,0.0,0.0,0.05,0.9000000000000001,sigmoid,sgd,0.0,4,he,"(-0.1, 0.1)",15,0.006117887280275042,1.0,12
[3],0.01,0.0,0.0,0.2,0.7,sigmoid,sgd,0.0,8,he,"(-0.1, 0.1)",15,0.12748220101202465,0.4411764705882353,13
[4],0.16,0.0,0.0,0.05,0.9000000000000001,sigmoid,sgd,0.0,8,he,"(-0.1, 0.1)",15,0.0009983434259003868,1.0,14
[3],0.01,0.0,0.0,0.15000000000000002,0.9000000000000001,sigmoid,sgd,0.0,4,he,"(-0.1, 0.1)",15,0.13274385038454123,0.4411764705882353,23
[4],0.16,0.0,0.0,0.1,0.7,sigmoid,sgd,0.0,8,he,"(-0.1, 0.1)",15,0.03481664075959883,1.0,24
[4],0.01,0.0,0.0,0.05,0.8,sigmoid,sgd,0.0,8,glorot,"(-0.5, 0.5)",15,0.14489212084497635,0.4411764705882353,25
[4],0.16,0.0,0.0,0.1,0.7,sigmoid,sgd,0.0,4,gaussian,"(-0.5, 0.5)",15,0.01221966705586312,1.0,27
[4],0.01,0.0,0.0,0.0,0.8,sigmoid,sgd,0.0,8,gaussian,"(-0.5, 0.5)",15,0.12719190283730258,0.47058823529411764,29
[4],0.01,0.0,0.0,0.05,0.75,sigmoid,sgd,0.0,4,glorot,"(-0.1, 0.1)",15,0.145849595484633,0.4411764705882353,30
[4],0.01,0.0,0.0,0.25,0.7,sigmoid,sgd,0.0,4,he,"(-0.5, 0.5)",15,0.143118860874348,0.4411764705882353,31
[3],0.01,0.0,0.0,0.0,0.75,sigmoid,sgd,0.0,4,glorot,"(-0.5, 0.5)",15,0.12564800075149854,0.5294117647058824,32
[4],0.01,0.0,0.0,0.0,0.8,sigmoid,sgd,0.0,4,glorot,"(-0.5, 0.5)",15,0.14615997947748594,0.4411764705882353,33
[4],0.01,0.0,0.0,0.15000000000000002,0.9000000000000001,sigmoid,sgd,0.0,8,glorot,"(-0.1, 0.1)",15,0.14465205469164455,0.4411764705882353,34
[4],0.16,0.0,0.0,0.0,0.8,sigmoid,sgd,0.0,4,he,"(-0.5, 0.5)",15,0.003778588007767956,1.0,35
[3],0.01,0.0,0.0,0.15000000000000002,0.8500000000000001,sigmoid,sgd,0.0,4,gaussian,"(-0.5, 0.5)",15,0.1263564277742985,0.4411764705882353,36
[4],0.16,0.0,0.0,0.15000000000000002,0.8500000000000001,sigmoid,sgd,0.0,8,glorot,"(-0.5, 0.5)",15,0.01900400250469088,1.0,37
[4],0.16,0.0,0.0,0.25,0.9000000000000001,sigmoid,sgd,0.0,2,glorot,"(-0.1, 0.1)",15,0.009715391124833267,1.0,39
[3],0.16,0.0,0.0,0.05,0.75,sigmoid,sgd,0.0,2,he,"(-0.5, 0.5)",15,0.005434467883305024,1.0,40
[4],0.16,0.0,0.0,0.2,0.8500000000000001,sigmoid,sgd,0.0,8,he,"(-0.5, 0.5)",15,0.04688901546790944,0.9411764705882353,41
[3],0.16,0.0,0.0,0.15000000000000002,0.7,sigmoid,sgd,0.0,8,gaussian,"(-0.1, 0.1)",15,0.07483537009368249,0.7941176470588235,42
[3],0.01,0.0,0.0,0.15000000000000002,0.8500000000000001,sigmoid,sgd,0.0,4,he,"(-0.5, 0.5)",15,0.13119355733966745,0.4411764705882353,44
[3],0.16,0.0,0.0,0.05,0.8,sigmoid,sgd,0.0,8,glorot,"(-0.5, 0.5)",15,0.0040789077236880215,1.0,45
[3],0.16,0.0,0.0,0.05,0.9000000000000001,sigmoid,sgd,0.0,2,he,"(-0.1, 0.1)",15,0.00229196097975641,1.0,46
[3],0.16,0.0,0.0,0.15000000000000002,0.8,sigmoid,sgd,0.0,4,he,"(-0.5, 0.5)",15,0.005091075326995466,1.0,47
[3],0.16,0.0,0.0,0.0,0.9000000000000001,sigmoid,sgd,0.0,2,gaussian,"(-0.1, 0.1)",15,0.002505739707404584,1.0,48
[3],0.01,0.0,0.0,0.05,0.75,sigmoid,sgd,0.0,4,gaussian,"(-0.1, 0.1)",15,0.1275798730742249,0.4411764705882353,49
[3],0.16,0.0,0.0,0.0,0.9000000000000001,sigmoid,sgd,0.0,2,glorot,"(-0.1, 0.1)",15,0.0040449705796749905,1.0,50
[3],0.16,0.0,0.0,0.15000000000000002,0.7,sigmoid,sgd,0.0,2,glorot,"(-0.5, 0.5)",15,0.0454005629474032,0.9117647058823529,52
[4],0.16,0.0,0.0,0.15000000000000002,0.9000000000000001,sigmoid,sgd,0.0,4,gaussian,"(-0.5, 0.5)",15,0.015498036781596884,1.0,53
[4],0.16,0.0,0.0,0.1,0.8500000000000001,sigmoid,sgd,0.0,8,gaussian,"(-0.5, 0.5)",15,0.011314455375084463,1.0,57
[3],0.01,0.0,0.0,0.05,0.75,sigmoid,sgd,0.0,4,gaussian,"(-0.5, 0.5)",15,0.12631680130724107,0.4411764705882353,58
[3],0.16,0.0,0.0,0.0,0.9000000000000001,sigmoid,sgd,0.0,8,gaussian,"(-0.5, 0.5)",15,0.0034840816912863268,1.0,59
[3],0.01,0.0,0.0,0.2,0.8,sigmoid,sgd,0.0,2,he,"(-0.5, 0.5)",15,0.13577612427697136,0.4411764705882353,60
[4],0.01,0.0,0.0,0.2,0.8500000000000001,sigmoid,sgd,0.0,8,glorot,"(-0.1, 0.1)",15,0.1447406646269418,0.4411764705882353,62
[3],0.01,0.0,0.0,0.25,0.75,sigmoid,sgd,0.0,8,gaussian,"(-0.1, 0.1)",15,0.1264461150981749,0.4411764705882353,63
[3],0.16,0.0,0.0,0.15000000000000002,0.9000000000000001,sigmoid,sgd,0.0,8,he,"(-0.5, 0.5)",15,0.005187127216423643,1.0,64
[3],0.01,0.0,0.0,0.1,0.9000000000000001,sigmoid,sgd,0.0,4,gaussian,"(-0.1, 0.1)",15,0.12900905624548487,0.4411764705882353,65
[3],0.01,0.0,0.0,0.1,0.9000000000000001,sigmoid,sgd,0.0,8,he,"(-0.5, 0.5)",15,0.12834524763456368,0.4411764705882353,66
[4],0.01,0.0,0.0,0.05,0.8500000000000001,sigmoid,sgd,0.0,2,he,"(-0.5, 0.5)",15,0.08899558515627573,0.7058823529411765,68
[4],0.01,0.0,0.0,0.1,0.8,sigmoid,sgd,0.0,4,gaussian,"(-0.1, 0.1)",15,0.13029350505919488,0.4411764705882353,70
[4],0.01,0.0,0.0,0.25,0.75,sigmoid,sgd,0.0,4,gaussian,"(-0.5, 0.5)",15,0.127622026965733,0.4411764705882353,73
[4],0.01,0.0,0.0,0.15000000000000002,0.7,sigmoid,sgd,0.0,8,he,"(-0.1, 0.1)",15,0.14487503614763012,0.4411764705882353,77
[3],0.16,0.0,0.0,0.25,0.75,sigmoid,sgd,0.0,8,gaussian,"(-0.5, 0.5)",15,0.13429208788217217,0.4411764705882353,78
[3],0.01,0.0,0.0,0.15000000000000002,0.75,sigmoid,sgd,0.0,4,he,"(-0.5, 0.5)",15,0.1296551621865258,0.4411764705882353,80
[4],0.01,0.0,0.0,0.05,0.9000000000000001,sigmoid,sgd,0.0,8,he,"(-0.1, 0.1)",15,0.13785413517723005,0.4411764705882353,81
[4],0.01,0.0,0.0,0.05,0.8500000000000001,sigmoid,sgd,0.0,4,glorot,"(-0.1, 0.1)",15,0.1465209878296092,0.4411764705882353,82
[3],0.16,0.0,0.0,0.1,0.9000000000000001,sigmoid,sgd,0.0,2,he,"(-0.5, 0.5)",15,0.002337497159804679,1.0,83
[3],0.01,0.0,0.0,0.15000000000000002,0.9000000000000001,sigmoid,sgd,0.0,4,gaussian,"(-0.1, 0.1)",15,0.12905010417989385,0.4411764705882353,84
[4],0.16,0.0,0.0,0.05,0.9000000000000001,sigmoid,sgd,0.0,8,gaussian,"(-0.1, 0.1)",15,0.002988633075094337,1.0,85
[4],0.16,0.0,0.0,0.0,0.9000000000000001,sigmoid,sgd,0.0,8,he,"(-0.1, 0.1)",15,0.0018822875705175235,1.0,86
[3],0.01,0.0,0.0,0.2,0.8,sigmoid,sgd,0.0,8,he,"(-0.1, 0.1)",15,0.12783408956211176,0.4411764705882353,87
[4],0.16,0.0,0.0,0.25,0.8,sigmoid,sgd,0.0,2,glorot,"(-0.5, 0.5)",15,0.0014418104619626172,1.0,89
[3],0.01,0.0,0.0,0.25,0.8500000000000001,sigmoid,sgd,0.0,2,he,"(-0.5, 0.5)",15,0.13808976472238918,0.4411764705882353,90
[3],0.01,0.0,0.0,0.05,0.9000000000000001,sigmoid,sgd,0.0,8,glorot,"(-0.1, 0.1)",15,0.1251040426413256,0.6176470588235294,91
[4],0.01,0.0,0.0,0.15000000000000002,0.9000000000000001,sigmoid,sgd,0.0,4,he,"(-0.1, 0.1)",15,0.12159719078554672,0.4411764705882353,92
[4],0.01,0.0,0.0,0.25,0.8,sigmoid,sgd,0.0,2,he,"(-0.1, 0.1)",15,0.13182352463010455,0.4411764705882353,93
[4],0.01,0.0,0.0,0.2,0.7,sigmoid,sgd,0.0,2,glorot,"(-0.1, 0.1)",15,0.14606209638841425,0.4411764705882353,95
[3],0.01,0.0,0.0,0.1,0.75,sigmoid,sgd,0.0,2,glorot,"(-0.5, 0.5)",15,0.12795237287504935,0.4411764705882353,96
[3],0.01,0.0,0.0,0.15000000000000002,0.8500000000000001,sigmoid,sgd,0.0,8,glorot,"(-0.5, 0.5)",15,0.1249486703514024,0.6470588235294118,97
[3],0.01,0.0,0.0,0.05,0.8,sigmoid,sgd,0.0,2,glorot,"(-0.1, 0.1)",15,0.1288672318082746,0.4411764705882353,99
[3],0.16,0.0,0.0,0.15000000000000002,0.75,sigmoid,sgd,0.0,8,gaussian,"(-0.5, 0.5)",15,0.09279663412244787,0.5882352941176471,100
[3],0.16,0.0,0.0,0.2,0.75,sigmoid,sgd,0.0,4,glorot,"(-0.5, 0.5)",15,0.04628091040191285,0.8823529411764706,4
[4],0.16,0.0,0.0,0.0,0.75,sigmoid,sgd,0.0,2,glorot,"(-0.1, 0.1)",15,0.0006044276443948819,1.0,5
[3],0.01,0.0,0.0,0.1,0.8500000000000001,sigmoid,sgd,0.0,2,glorot,"(-0.1, 0.1)",15,0.0996498258888513,0.6470588235294118,7
[4],0.16,0.0,0.0,0.0,0.8,sigmoid,sgd,0.0,8,gaussian,"(-0.1, 0.1)",15,0.004461935670825637,1.0,8
[3],0.16,0.0,0.0,0.05,0.75,sigmoid,sgd,0.0,4,glorot,"(-0.5, 0.5)",15,0.0054141174927564385,1.0,9
[3],0.01,0.0,0.0,0.15000000000000002,0.9000000000000001,sigmoid,sgd,0.0,4,gaussian,"(-0.5, 0.5)",15,0.11005139655012432,0.6764705882352942,10
[3],0.16,0.0,0.0,0.2,0.8500000000000001,sigmoid,sgd,0.0,2,he,"(-0.1, 0.1)",15,0.010220605990301765,1.0,11
[4],0.16,0.0,0.0,0.05,0.8500000000000001,sigmoid,sgd,0.0,8,gaussian,"(-0.5, 0.5)",15,0.0037656849589038097,1.0,15
[4],0.01,0.0,0.0,0.15000000000000002,0.9000000000000001,sigmoid,sgd,0.0,4,gaussian,"(-0.5, 0.5)",15,0.079286186093073,0.6176470588235294,17
[3],0.01,0.0,0.0,0.0,0.75,sigmoid,sgd,0.0,4,he,"(-0.5, 0.5)",15,0.10806140208040294,0.6764705882352942,18
[4],0.01,0.0,0.0,0.25,0.8,sigmoid,sgd,0.0,4,glorot,"(-0.1, 0.1)",15,0.1071769048941027,0.6764705882352942,19
[4],0.01,0.0,0.0,0.2,0.75,sigmoid,sgd,0.0,4,glorot,"(-0.5, 0.5)",15,0.10777426043323875,0.6764705882352942,20
[4],0.01,0.0,0.0,0.25,0.9000000000000001,sigmoid,sgd,0.0,4,gaussian,"(-0.1, 0.1)",15,0.10477775942581605,0.6764705882352942,21
[3],0.16,0.0,0.0,0.2,0.8,sigmoid,sgd,0.0,2,he,"(-0.5, 0.5)",15,0.009941639281142165,1.0,24
[4],0.16,0.0,0.0,0.15000000000000002,0.9000000000000001,sigmoid,sgd,0.0,2,glorot,"(-0.5, 0.5)",15,0.0028464600249209194,1.0,25
[4],0.01,0.0,0.0,0.25,0.9000000000000001,sigmoid,sgd,0.0,4,glorot,"(-0.1, 0.1)",15,0.09826625816859733,0.6764705882352942,26
[4],0.01,0.0,0.0,0.05,0.8500000000000001,sigmoid,sgd,0.0,8,he,"(-0.1, 0.1)",15,0.10345803025948645,0.6470588235294118,27
[3],0.01,0.0,0.0,0.25,0.75,sigmoid,sgd,0.0,8,he,"(-0.1, 0.1)",15,0.11079365960173182,0.6764705882352942,31
[3],0.16,0.0,0.0,0.0,0.9000000000000001,sigmoid,sgd,0.0,4,he,"(-0.1, 0.1)",15,0.002759970753824139,1.0,32
[4],0.01,0.0,0.0,0.1,0.75,sigmoid,sgd,0.0,8,he,"(-0.1, 0.1)",15,0.1073650465607885,0.6764705882352942,33
[3],0.16,0.0,0.0,0.1,0.9000000000000001,sigmoid,sgd,0.0,4,he,"(-0.1, 0.1)",15,0.00312173856685495,1.0,35
[4],0.16,0.0,0.0,0.0,0.8,sigmoid,sgd,0.0,2,he,"(-0.5, 0.5)",15,0.0022624763602050587,1.0,36
[4],0.16,0.0,0.0,0.25,0.7,sigmoid,sgd,0.0,2,glorot,"(-0.5, 0.5)",15,0.007868345204522257,1.0,39
[3],0.01,0.0,0.0,0.0,0.75,sigmoid,sgd,0.0,8,he,"(-0.5, 0.5)",15,0.10979048963898863,0.6764705882352942,40
[3],0.16,0.0,0.0,0.2,0.8500000000000001,sigmoid,sgd,0.0,8,he,"(-0.5, 0.5)",15,0.01244346875805924,1.0,42
[3],0.01,0.0,0.0,0.05,0.7,sigmoid,sgd,0.0,8,he,"(-0.1, 0.1)",15,0.11018683810746391,0.6764705882352942,43
[4],0.16,0.0,0.0,0.05,0.75,sigmoid,sgd,0.0,2,he,"(-0.1, 0.1)",15,0.0002797061196058902,1.0,44
[4],0.16,0.0,0.0,0.2,0.7,sigmoid,sgd,0.0,8,glorot,"(-0.5, 0.5)",15,0.05586807532137919,0.8235294117647058,46
[3],0.01,0.0,0.0,0.25,0.9000000000000001,sigmoid,sgd,0.0,8,glorot,"(-0.5, 0.5)",15,0.10873945675362727,0.6764705882352942,49
[3],0.16,0.0,0.0,0.2,0.7,sigmoid,sgd,0.0,8,he,"(-0.5, 0.5)",15,0.07008543927659484,0.7352941176470589,50
[4],0.01,0.0,0.0,0.25,0.7,sigmoid,sgd,0.0,2,he,"(-0.1, 0.1)",15,0.1026924959710912,0.6764705882352942,51
[4],0.16,0.0,0.0,0.25,0.8,sigmoid,sgd,0.0,2,he,"(-0.1, 0.1)",15,0.03520008555272744,0.9117647058823529,52
[3],0.16,0.0,0.0,0.05,0.8,sigmoid,sgd,0.0,2,glorot,"(-0.1, 0.1)",15,0.008277070344908684,1.0,56
[4],0.01,0.0,0.0,0.05,0.9000000000000001,sigmoid,sgd,0.0,8,he,"(-0.5, 0.5)",15,0.09753162063134253,0.6470588235294118,58
[4],0.01,0.0,0.0,0.2,0.9000000000000001,sigmoid,sgd,0.0,8,glorot,"(-0.5, 0.5)",15,0.10637733677515793,0.6764705882352942,59
[4],0.16,0.0,0.0,0.25,0.9000000000000001,sigmoid,sgd,0.0,8,gaussian,"(-0.5, 0.5)",15,0.014912154958802286,1.0,60
[4],0.01,0.0,0.0,0.2,0.8500000000000001,sigmoid,sgd,0.0,8,glorot,"(-0.5, 0.5)",15,0.10826208887162449,0.6764705882352942,61
[3],0.16,0.0,0.0,0.2,0.9000000000000001,sigmoid,sgd,0.0,8,he,"(-0.5, 0.5)",15,0.011067332642331335,1.0,63
[4],0.01,0.0,0.0,0.15000000000000002,0.9000000000000001,sigmoid,sgd,0.0,2,he,"(-0.5, 0.5)",15,0.05753166001710137,0.8235294117647058,64
[3],0.16,0.0,0.0,0.1,0.75,sigmoid,sgd,0.0,4,gaussian,"(-0.5, 0.5)",15,0.005017371757144917,1.0,65
[4],0.16,0.0,0.0,0.05,0.8,sigmoid,sgd,0.0,8,he,"(-0.5, 0.5)",15,0.004057273593108015,1.0,66
[3],0.01,0.0,0.0,0.2,0.8,sigmoid,sgd,0.0,2,glorot,"(-0.1, 0.1)",15,0.10421778438730482,0.6470588235294118,67
[3],0.01,0.0,0.0,0.0,0.8500000000000001,sigmoid,sgd,0.0,8,gaussian,"(-0.5, 0.5)",15,0.11226476021601915,0.6764705882352942,68
[4],0.16,0.0,0.0,0.25,0.75,sigmoid,sgd,0.0,8,glorot,"(-0.1, 0.1)",15,0.05229169728247297,0.8529411764705882,69
[3],0.01,0.0,0.0,0.15000000000000002,0.75,sigmoid,sgd,0.0,2,gaussian,"(-0.5, 0.5)",15,0.11134616281303805,0.6764705882352942,70
[3],0.16,0.0,0.0,0.1,0.8500000000000001,sigmoid,sgd,0.0,2,he,"(-0.1, 0.1)",15,0.0029588432417439517,1.0,71
[4],0.16,0.0,0.0,0.25,0.75,sigmoid,sgd,0.0,8,glorot,"(-0.5, 0.5)",15,0.05229169728247297,0.8529411764705882,72
[4],0.01,0.0,0.0,0.15000000000000002,0.8,sigmoid,sgd,0.0,8,gaussian,"(-0.1, 0.1)",15,0.11099057737823682,0.6764705882352942,74
[3],0.16,0.0,0.0,0.1,0.75,sigmoid,sgd,0.0,8,gaussian,"(-0.1, 0.1)",15,0.02532959243542235,0.9705882352941176,75
[3],0.16,0.0,0.0,0.05,0.8500000000000001,sigmoid,sgd,0.0,8,glorot,"(-0.1, 0.1)",15,0.01715222947632433,1.0,76
[3],0.01,0.0,0.0,0.25,0.9000000000000001,sigmoid,sgd,0.0,2,glorot,"(-0.5, 0.5)",15,0.0712752344367288,0.7352941176470589,78
[4],0.01,0.0,0.0,0.2,0.8500000000000001,sigmoid,sgd,0.0,8,gaussian,"(-0.1, 0.1)",15,0.11045602262639691,0.6764705882352942,79
[3],0.01,0.0,0.0,0.0,0.7,sigmoid,sgd,0.0,2,he,"(-0.5, 0.5)",15,0.1061259624216471,0.7058823529411765,82
[4],0.01,0.0,0.0,0.05,0.7,sigmoid,sgd,0.0,2,glorot,"(-0.5, 0.5)",15,0.10440034263545878,0.6764705882352942,84
[3],0.16,0.0,0.0,0.2,0.9000000000000001,sigmoid,sgd,0.0,4,he,"(-0.5, 0.5)",15,0.03944333188159671,0.8823529411764706,85
[3],0.01,0.0,0.0,0.25,0.8500000000000001,sigmoid,sgd,0.0,8,he,"(-0.5, 0.5)",15,0.11017943375429645,0.6764705882352942,86
[3],0.16,0.0,0.0,0.15000000000000002,0.75,sigmoid,sgd,0.0,4,gaussian,"(-0.5, 0.5)",15,0.00618793588627959,1.0,87
[4],0.01,0.0,0.0,0.15000000000000002,0.75,sigmoid,sgd,0.0,4,gaussian,"(-0.1, 0.1)",15,0.11013843667745545,0.6764705882352942,88
[3],0.01,0.0,0.0,0.05,0.7,sigmoid,sgd,0.0,8,he,"(-0.5, 0.5)",15,0.11018683810746391,0.6764705882352942,90
[4],0.16,0.0,0.0,0.2,0.8,sigmoid,sgd,0.0,2,glorot,"(-0.5, 0.5)",15,0.006672426137967969,1.0,91
[4],0.01,0.0,0.0,0.1,0.8,sigmoid,sgd,0.0,4,glorot,"(-0.5, 0.5)",15,0.1056314016126746,0.6764705882352942,92
[4],0.01,0.0,0.0,0.05,0.8,sigmoid,sgd,0.0,4,he,"(-0.5, 0.5)",15,0.09687356569037092,0.6470588235294118,93
[4],0.16,0.0,0.0,0.15000000000000002,0.7,sigmoid,sgd,0.0,4,glorot,"(-0.1, 0.1)",15,0.005747178181916641,1.0,98
[3],0.01,0.0,0.0,0.15000000000000002,0.8500000000000001,sigmoid,sgd,0.0,2,he,"(-0.5, 0.5)",15,0.10562903327774076,0.6764705882352942,99
[4],0.16,0.0,0.0,0.0,0.8,sigmoid,sgd,0.0,4,gaussian,"(-0.5, 0.5)",15,0.003389210364528929,1.0,3
[3],0.16,0.0,0.0,0.05,0.7,sigmoid,sgd,0.0,8,he,"(-0.5, 0.5)",15,0.010184334685521842,1.0,4
[4],0.16,0.0,0.0,0.2,0.9000000000000001,sigmoid,sgd,0.0,8,gaussian,"(-0.5, 0.5)",15,0.00782520506266282,1.0,6
[4],0.16,0.0,0.0,0.05,0.8500000000000001,sigmoid,sgd,0.0,2,he,"(-0.5, 0.5)",15,0.0004453543504490601,1.0,9
[4],0.16,0.0,0.0,0.15000000000000002,0.8,sigmoid,sgd,0.0,4,he,"(-0.1, 0.1)",15,0.009973076930559438,1.0,10
[4],0.16,0.0,0.0,0.1,0.8500000000000001,sigmoid,sgd,0.0,4,gaussian,"(-0.1, 0.1)",15,0.0033029351218190053,1.0,11
[3],0.01,0.0,0.0,0.25,0.8500000000000001,sigmoid,sgd,0.0,8,he,"(-0.1, 0.1)",15,0.10837537024010747,0.7058823529411765,12
[4],0.01,0.0,0.0,0.1,0.75,sigmoid,sgd,0.0,8,he,"(-0.5, 0.5)",15,0.10433488832661765,0.7058823529411765,13
[4],0.01,0.0,0.0,0.1,0.7,sigmoid,sgd,0.0,2,glorot,"(-0.1, 0.1)",15,0.10152995323698434,0.7058823529411765,16
[4],0.16,0.0,0.0,0.1,0.8500000000000001,sigmoid,sgd,0.0,4,glorot,"(-0.5, 0.5)",15,0.003228167977435391,1.0,17
[3],0.16,0.0,0.0,0.2,0.8500000000000001,sigmoid,sgd,0.0,8,glorot,"(-0.5, 0.5)",15,0.03144548899871752,0.9705882352941176,19
[4],0.01,0.0,0.0,0.25,0.9000000000000001,sigmoid,sgd,0.0,8,gaussian,"(-0.1, 0.1)",15,0.10663064906451003,0.7058823529411765,20
[4],0.01,0.0,0.0,0.2,0.7,sigmoid,sgd,0.0,2,he,"(-0.5, 0.5)",15,0.09361050951836591,0.7058823529411765,21
[4],0.16,0.0,0.0,0.2,0.8500000000000001,sigmoid,sgd,0.0,8,glorot,"(-0.5, 0.5)",15,0.008475185651285876,1.0,22
[3],0.01,0.0,0.0,0.1,0.7,sigmoid,sgd,0.0,8,gaussian,"(-0.5, 0.5)",15,0.11059692469733236,0.7058823529411765,23
[4],0.01,0.0,0.0,0.2,0.8500000000000001,sigmoid,sgd,0.0,4,he,"(-0.1, 0.1)",15,0.09476653453380374,0.7058823529411765,24
[4],0.16,0.0,0.0,0.15000000000000002,0.8500000000000001,sigmoid,sgd,0.0,4,gaussian,"(-0.5, 0.5)",15,0.004893067861278794,1.0,26
[3],0.16,0.0,0.0,0.05,0.8500000000000001,sigmoid,sgd,0.0,8,gaussian,"(-0.5, 0.5)",15,0.00893646607942182,1.0,27
[3],0.16,0.0,0.0,0.0,0.75,sigmoid,sgd,0.0,2,he,"(-0.1, 0.1)",15,0.002179851318703472,1.0,28
[3],0.01,0.0,0.0,0.25,0.9000000000000001,sigmoid,sgd,0.0,2,gaussian,"(-0.5, 0.5)",15,0.08901029444347212,0.7058823529411765,29
[4],0.01,0.0,0.0,0.1,0.8,sigmoid,sgd,0.0,2,he,"(-0.1, 0.1)",15,0.07135851742367297,0.8235294117647058,30
[3],0.01,0.0,0.0,0.05,0.8,sigmoid,sgd,0.0,8,he,"(-0.5, 0.5)",15,0.10769354355674804,0.7058823529411765,31
[4],0.01,0.0,0.0,0.25,0.7,sigmoid,sgd,0.0,4,glorot,"(-0.1, 0.1)",15,0.10718065079867783,0.7058823529411765,32
[4],0.16,0.0,0.0,0.2,0.9000000000000001,sigmoid,sgd,0.0,2,glorot,"(-0.5, 0.5)",15,0.016367545576821723,1.0,34
[3],0.01,0.0,0.0,0.05,0.8500000000000001,sigmoid,sgd,0.0,8,he,"(-0.1, 0.1)",15,0.106967812459029,0.7058823529411765,35
[4],0.01,0.0,0.0,0.25,0.8,sigmoid,sgd,0.0,4,glorot,"(-0.5, 0.5)",15,0.10447397027318465,0.7058823529411765,36
[4],0.01,0.0,0.0,0.0,0.8,sigmoid,sgd,0.0,2,he,"(-0.1, 0.1)",15,0.06210687684555715,0.8529411764705882,38
[3],0.01,0.0,0.0,0.1,0.8,sigmoid,sgd,0.0,2,glorot,"(-0.1, 0.1)",15,0.10092286660072591,0.7058823529411765,39
[3],0.16,0.0,0.0,0.15000000000000002,0.9000000000000001,sigmoid,sgd,0.0,2,gaussian,"(-0.5, 0.5)",15,0.0035871826535553114,1.0,46
[3],0.16,0.0,0.0,0.2,0.9000000000000001,sigmoid,sgd,0.0,8,gaussian,"(-0.1, 0.1)",15,0.0075660232818083135,1.0,47
[3],0.16,0.0,0.0,0.1,0.9000000000000001,sigmoid,sgd,0.0,8,gaussian,"(-0.1, 0.1)",15,0.003238366915257241,1.0,48
[4],0.16,0.0,0.0,0.1,0.9000000000000001,sigmoid,sgd,0.0,8,he,"(-0.1, 0.1)",15,0.00410146321380115,1.0,49
[4],0.16,0.0,0.0,0.0,0.9000000000000001,sigmoid,sgd,0.0,8,gaussian,"(-0.5, 0.5)",15,0.0033466551472348355,1.0,52
[3],0.16,0.0,0.0,0.1,0.8,sigmoid,sgd,0.0,2,he,"(-0.5, 0.5)",15,0.019412406670249488,0.9705882352941176,53
[3],0.16,0.0,0.0,0.1,0.9000000000000001,sigmoid,sgd,0.0,4,gaussian,"(-0.1, 0.1)",15,0.00299658234868821,1.0,54
[4],0.01,0.0,0.0,0.1,0.7,sigmoid,sgd,0.0,4,he,"(-0.1, 0.1)",15,0.10080701111840285,0.6764705882352942,55
[3],0.16,0.0,0.0,0.0,0.7,sigmoid,sgd,0.0,8,gaussian,"(-0.1, 0.1)",15,0.03600512772115343,0.9117647058823529,56
[4],0.01,0.0,0.0,0.2,0.9000000000000001,sigmoid,sgd,0.0,4,he,"(-0.5, 0.5)",15,0.08067478228858499,0.6764705882352942,57
[4],0.16,0.0,0.0,0.1,0.8500000000000001,sigmoid,sgd,0.0,4,he,"(-0.1, 0.1)",15,0.0005100740889648462,1.0,59
[4],0.01,0.0,0.0,0.25,0.8,sigmoid,sgd,0.0,8,glorot,"(-0.1, 0.1)",15,0.10847604236641868,0.7058823529411765,61
[4],0.01,0.0,0.0,0.05,0.8,sigmoid,sgd,0.0,8,he,"(-0.5, 0.5)",15,0.1022065384923066,0.6764705882352942,65
[4],0.16,0.0,0.0,0.0,0.7,sigmoid,sgd,0.0,8,glorot,"(-0.1, 0.1)",15,0.004211235058780694,1.0,66
[3],0.16,0.0,0.0,0.25,0.8,sigmoid,sgd,0.0,4,gaussian,"(-0.1, 0.1)",15,0.01129726635548544,1.0,67
[3],0.01,0.0,0.0,0.2,0.75,sigmoid,sgd,0.0,2,he,"(-0.1, 0.1)",15,0.1054984251690703,0.7058823529411765,71
[3],0.01,0.0,0.0,0.15000000000000002,0.8,sigmoid,sgd,0.0,8,gaussian,"(-0.1, 0.1)",15,0.10836697297110767,0.7058823529411765,74
[4],0.01,0.0,0.0,0.25,0.9000000000000001,sigmoid,sgd,0.0,2,he,"(-0.5, 0.5)",15,0.057080994917252346,0.8529411764705882,75
[3],0.16,0.0,0.0,0.25,0.75,sigmoid,sgd,0.0,2,gaussian,"(-0.5, 0.5)",15,0.02423535344097689,0.9705882352941176,80
[4],0.01,0.0,0.0,0.1,0.9000000000000001,sigmoid,sgd,0.0,2,glorot,"(-0.5, 0.5)",15,0.03319805237761115,0.9411764705882353,82
[3],0.16,0.0,0.0,0.0,0.8,sigmoid,sgd,0.0,8,glorot,"(-0.5, 0.5)",15,0.0037101278109637594,1.0,83
[3],0.16,0.0,0.0,0.15000000000000002,0.8,sigmoid,sgd,0.0,4,he,"(-0.1, 0.1)",15,0.004021483366296965,1.0,84
[4],0.01,0.0,0.0,0.05,0.7,sigmoid,sgd,0.0,4,glorot,"(-0.5, 0.5)",15,0.10593335578232671,0.7058823529411765,85
[4],0.01,0.0,0.0,0.15000000000000002,0.8,sigmoid,sgd,0.0,4,gaussian,"(-0.1, 0.1)",15,0.10668216767959243,0.7058823529411765,86
[3],0.01,0.0,0.0,0.15000000000000002,0.9000000000000001,sigmoid,sgd,0.0,8,glorot,"(-0.5, 0.5)",15,0.10326095530020968,0.7058823529411765,88
[4],0.16,0.0,0.0,0.0,0.75,sigmoid,sgd,0.0,4,he,"(-0.1, 0.1)",15,0.0036226424126882327,1.0,90
[3],0.16,0.0,0.0,0.1,0.8,sigmoid,sgd,0.0,4,glorot,"(-0.1, 0.1)",15,0.0038795643936318826,1.0,91
[3],0.01,0.0,0.0,0.1,0.8500000000000001,sigmoid,sgd,0.0,4,gaussian,"(-0.5, 0.5)",15,0.1090509062517292,0.7058823529411765,92
[3],0.01,0.0,0.0,0.25,0.75,sigmoid,sgd,0.0,2,glorot,"(-0.1, 0.1)",15,0.10332265904135597,0.7058823529411765,97
[3],0.01,0.0,0.0,0.1,0.9000000000000001,sigmoid,sgd,0.0,4,he,"(-0.1, 0.1)",15,0.10065966824959617,0.6764705882352942,98
[4],0.16,0.0,0.0,0.25,0.9000000000000001,sigmoid,sgd,0.0,4,glorot,"(-0.1, 0.1)",15,0.005038796230431978,1.0,99
[4],0.01,0.0,0.0,0.1,0.8,sigmoid,sgd,0.0,2,glorot,"(-0.1, 0.1)",15,0.09057552285796838,0.7352941176470589,100
[3],0.01,0.0,0.0,0.1,0.75,sigmoid,sgd,0.0,4,gaussian,"(-0.5, 0.5)",15,0.10993918013070114,0.7058823529411765,2
[4],0.16,0.0,0.0,0.1,0.8,sigmoid,sgd,0.0,8,glorot,"(-0.1, 0.1)",15,0.002087919238747734,1.0,4
[3],0.01,0.0,0.0,0.25,0.75,sigmoid,sgd,0.0,4,glorot,"(-0.5, 0.5)",15,0.11212408982040556,0.7058823529411765,9
[3],0.01,0.0,0.0,0.0,0.8,sigmoid,sgd,0.0,4,he,"(-0.5, 0.5)",15,0.11185047583152041,0.7058823529411765,10
[3],0.16,0.0,0.0,0.25,0.7,sigmoid,sgd,0.0,8,gaussian,"(-0.1, 0.1)",15,0.0894927947396656,0.5882352941176471,12
[3],0.16,0.0,0.0,0.15000000000000002,0.8500000000000001,sigmoid,sgd,0.0,8,glorot,"(-0.1, 0.1)",15,0.021939146690205483,1.0,13
[4],0.16,0.0,0.0,0.25,0.7,sigmoid,sgd,0.0,4,gaussian,"(-0.1, 0.1)",15,0.012466105725216644,1.0,14
[3],0.16,0.0,0.0,0.25,0.75,sigmoid,sgd,0.0,2,gaussian,"(-0.1, 0.1)",15,0.023201432460578066,1.0,17
[4],0.16,0.0,0.0,0.25,0.8,sigmoid,sgd,0.0,2,glorot,"(-0.1, 0.1)",15,0.0029240395153522676,1.0,18
[4],0.16,0.0,0.0,0.15000000000000002,0.9000000000000001,sigmoid,sgd,0.0,2,he,"(-0.5, 0.5)",15,0.00038069075183181186,1.0,19
[4],0.16,0.0,0.0,0.05,0.9000000000000001,sigmoid,sgd,0.0,4,gaussian,"(-0.5, 0.5)",15,0.0035126049742360437,1.0,21
[4],0.01,0.0,0.0,0.0,0.8,sigmoid,sgd,0.0,4,glorot,"(-0.1, 0.1)",15,0.10961739659136517,0.7058823529411765,22
[4],0.16,0.0,0.0,0.0,0.8500000000000001,sigmoid,sgd,0.0,2,he,"(-0.5, 0.5)",15,0.00011608418053210128,1.0,25
[3],0.01,0.0,0.0,0.0,0.9000000000000001,sigmoid,sgd,0.0,2,gaussian,"(-0.5, 0.5)",15,0.08277076234296207,0.6764705882352942,26
[4],0.16,0.0,0.0,0.25,0.8,sigmoid,sgd,0.0,4,he,"(-0.5, 0.5)",15,0.015191896030090106,1.0,27
[4],0.01,0.0,0.0,0.0,0.75,sigmoid,sgd,0.0,8,gaussian,"(-0.1, 0.1)",15,0.10978918681727631,0.7058823529411765,28
[4],0.16,0.0,0.0,0.25,0.9000000000000001,sigmoid,sgd,0.0,8,he,"(-0.1, 0.1)",15,0.012506439492448673,1.0,30
[3],0.01,0.0,0.0,0.0,0.8500000000000001,sigmoid,sgd,0.0,4,he,"(-0.5, 0.5)",15,0.11155214597433448,0.7058823529411765,31
[4],0.01,0.0,0.0,0.05,0.8500000000000001,sigmoid,sgd,0.0,8,glorot,"(-0.5, 0.5)",15,0.10918601087246094,0.7058823529411765,32
[4],0.01,0.0,0.0,0.25,0.75,sigmoid,sgd,0.0,8,glorot,"(-0.5, 0.5)",15,0.1090934962153576,0.7058823529411765,33
[4],0.01,0.0,0.0,0.2,0.7,sigmoid,sgd,0.0,2,he,"(-0.1, 0.1)",15,0.11107027395254211,0.7058823529411765,34
[4],0.16,0.0,0.0,0.05,0.7,sigmoid,sgd,0.0,2,glorot,"(-0.1, 0.1)",15,0.00032117665200678694,1.0,35
[4],0.01,0.0,0.0,0.2,0.8,sigmoid,sgd,0.0,8,gaussian,"(-0.1, 0.1)",15,0.10978397168176672,0.7058823529411765,36
[4],0.01,0.0,0.0,0.2,0.8500000000000001,sigmoid,sgd,0.0,4,gaussian,"(-0.1, 0.1)",15,0.11177720769993799,0.7058823529411765,37
[3],0.16,0.0,0.0,0.0,0.8,sigmoid,sgd,0.0,8,gaussian,"(-0.5, 0.5)",15,0.007408233876421962,1.0,39
[3],0.16,0.0,0.0,0.05,0.75,sigmoid,sgd,0.0,8,glorot,"(-0.5, 0.5)",15,0.034627818869846394,0.9117647058823529,41
[3],0.01,0.0,0.0,0.25,0.8,sigmoid,sgd,0.0,4,gaussian,"(-0.5, 0.5)",15,0.1100657682666967,0.7058823529411765,42
[3],0.01,0.0,0.0,0.0,0.8500000000000001,sigmoid,sgd,0.0,2,he,"(-0.1, 0.1)",15,0.0931766966619591,0.6470588235294118,45
[3],0.16,0.0,0.0,0.15000000000000002,0.8500000000000001,sigmoid,sgd,0.0,4,glorot,"(-0.1, 0.1)",15,0.015546869080169005,1.0,46
[4],0.16,0.0,0.0,0.15000000000000002,0.8500000000000001,sigmoid,sgd,0.0,8,he,"(-0.5, 0.5)",15,0.013416370252815508,1.0,48
[3],0.16,0.0,0.0,0.05,0.8,sigmoid,sgd,0.0,2,glorot,"(-0.5, 0.5)",15,0.005091751692836217,1.0,50
[3],0.01,0.0,0.0,0.05,0.9000000000000001,sigmoid,sgd,0.0,4,gaussian,"(-0.1, 0.1)",15,0.10605636559934198,0.4411764705882353,51
[4],0.16,0.0,0.0,0.25,0.9000000000000001,sigmoid,sgd,0.0,2,he,"(-0.1, 0.1)",15,0.0010819443054353483,1.0,53
[3],0.16,0.0,0.0,0.1,0.8,sigmoid,sgd,0.0,4,he,"(-0.5, 0.5)",15,0.006275409462418542,1.0,54
[3],0.01,0.0,0.0,0.25,0.9000000000000001,sigmoid,sgd,0.0,8,glorot,"(-0.1, 0.1)",15,0.11188268824970067,0.7058823529411765,55
[3],0.01,0.0,0.0,0.2,0.7,sigmoid,sgd,0.0,8,gaussian,"(-0.5, 0.5)",15,0.11083086537662162,0.7058823529411765,56
[4],0.01,0.0,0.0,0.05,0.7,sigmoid,sgd,0.0,4,glorot,"(-0.1, 0.1)",15,0.10951895355745833,0.7058823529411765,62
[3],0.16,0.0,0.0,0.1,0.7,sigmoid,sgd,0.0,8,he,"(-0.1, 0.1)",15,0.07066491239494466,0.7647058823529411,63
[3],0.01,0.0,0.0,0.2,0.9000000000000001,sigmoid,sgd,0.0,2,he,"(-0.5, 0.5)",15,0.09188806793454088,0.5882352941176471,66
[3],0.01,0.0,0.0,0.0,0.75,sigmoid,sgd,0.0,8,glorot,"(-0.1, 0.1)",15,0.11440361017879384,0.6764705882352942,67
[3],0.01,0.0,0.0,0.15000000000000002,0.75,sigmoid,sgd,0.0,8,glorot,"(-0.5, 0.5)",15,0.11336106555075809,0.7058823529411765,68
[3],0.16,0.0,0.0,0.15000000000000002,0.8,sigmoid,sgd,0.0,2,gaussian,"(-0.5, 0.5)",15,0.008829398649135243,1.0,69
[4],0.16,0.0,0.0,0.05,0.8,sigmoid,sgd,0.0,8,gaussian,"(-0.1, 0.1)",15,0.00811726459674023,1.0,72
[3],0.16,0.0,0.0,0.15000000000000002,0.8,sigmoid,sgd,0.0,2,glorot,"(-0.5, 0.5)",15,0.050573997251129224,0.8823529411764706,77
[3],0.16,0.0,0.0,0.1,0.7,sigmoid,sgd,0.0,2,he,"(-0.5, 0.5)",15,0.00542761122595798,1.0,79
[4],0.01,0.0,0.0,0.15000000000000002,0.7,sigmoid,sgd,0.0,4,he,"(-0.5, 0.5)",15,0.11072603970669354,0.7058823529411765,80
[3],0.16,0.0,0.0,0.05,0.8,sigmoid,sgd,0.0,4,he,"(-0.5, 0.5)",15,0.003817609406511092,1.0,81
[3],0.16,0.0,0.0,0.05,0.75,sigmoid,sgd,0.0,2,gaussian,"(-0.1, 0.1)",15,0.004421354161857828,1.0,82
[3],0.16,0.0,0.0,0.15000000000000002,0.75,sigmoid,sgd,0.0,2,glorot,"(-0.1, 0.1)",15,0.05075021397979422,0.8823529411764706,85
[4],0.01,0.0,0.0,0.15000000000000002,0.8500000000000001,sigmoid,sgd,0.0,4,he,"(-0.1, 0.1)",15,0.11215987115428387,0.7058823529411765,87
[3],0.01,0.0,0.0,0.15000000000000002,0.8500000000000001,sigmoid,sgd,0.0,8,glorot,"(-0.1, 0.1)",15,0.1122510548541879,0.7058823529411765,89
[4],0.16,0.0,0.0,0.1,0.9000000000000001,sigmoid,sgd,0.0,4,glorot,"(-0.1, 0.1)",15,0.0018459328899825915,1.0,91
[3],0.01,0.0,0.0,0.25,0.8,sigmoid,sgd,0.0,2,glorot,"(-0.5, 0.5)",15,0.11142122812281674,0.7058823529411765,97
[4],0.01,0.0,0.0,0.0,0.9000000000000001,sigmoid,sgd,0.0,8,he,"(-0.5, 0.5)",15,0.11013818822216084,0.7058823529411765,100
[3],0.01,0.0,0.0,0.25,0.8500000000000001,sigmoid,sgd,0.0,8,gaussian,"(-0.5, 0.5)",15,0.12212951791667652,0.5757575757575758,2
[4],0.01,0.0,0.0,0.05,0.8,sigmoid,sgd,0.0,4,gaussian,"(-0.1, 0.1)",15,0.1221653761279042,0.5757575757575758,7
[3],0.16,0.0,0.0,0.0,0.8500000000000001,sigmoid,sgd,0.0,8,he,"(-0.5, 0.5)",15,0.0035109536390742374,1.0,13
[4],0.16,0.0,0.0,0.1,0.7,sigmoid,sgd,0.0,2,glorot,"(-0.1, 0.1)",15,0.0018104911865184177,1.0,19
[4],0.16,0.0,0.0,0.0,0.75,sigmoid,sgd,0.0,4,he,"(-0.5, 0.5)",15,0.0037710976029788615,1.0,21
[4],0.16,0.0,0.0,0.25,0.8500000000000001,sigmoid,sgd,0.0,4,he,"(-0.5, 0.5)",15,0.01209603532661179,1.0,22
[4],0.01,0.0,0.0,0.25,0.7,sigmoid,sgd,0.0,4,gaussian,"(-0.1, 0.1)",15,0.12212491574327178,0.5757575757575758,23
[3],0.16,0.0,0.0,0.25,0.9000000000000001,sigmoid,sgd,0.0,2,he,"(-0.5, 0.5)",15,0.01667061889277905,1.0,26
[4],0.16,0.0,0.0,0.0,0.75,sigmoid,sgd,0.0,4,glorot,"(-0.1, 0.1)",15,0.0002857373840544851,1.0,27
[4],0.01,0.0,0.0,0.05,0.7,sigmoid,sgd,0.0,4,he,"(-0.1, 0.1)",15,0.12197389118132536,0.5757575757575758,28
[3],0.16,0.0,0.0,0.0,0.8500000000000001,sigmoid,sgd,0.0,8,he,"(-0.1, 0.1)",15,0.0035109536390742374,1.0,29
[3],0.16,0.0,0.0,0.2,0.75,sigmoid,sgd,0.0,2,he,"(-0.5, 0.5)",15,0.01039631822269578,1.0,30
[4],0.01,0.0,0.0,0.0,0.8500000000000001,sigmoid,sgd,0.0,4,glorot,"(-0.1, 0.1)",15,0.12336894368618402,0.5757575757575758,31
[3],0.16,0.0,0.0,0.2,0.9000000000000001,sigmoid,sgd,0.0,2,glorot,"(-0.5, 0.5)",15,0.011211560028291682,1.0,35
[3],0.16,0.0,0.0,0.2,0.7,sigmoid,sgd,0.0,8,he,"(-0.1, 0.1)",15,0.08118015626252646,0.7878787878787878,37
[3],0.01,0.0,0.0,0.2,0.8,sigmoid,sgd,0.0,4,glorot,"(-0.5, 0.5)",15,0.12074458387888813,0.5757575757575758,38
[4],0.01,0.0,0.0,0.15000000000000002,0.8500000000000001,sigmoid,sgd,0.0,2,he,"(-0.1, 0.1)",15,0.0947251854669027,0.5757575757575758,45
[3],0.16,0.0,0.0,0.15000000000000002,0.7,sigmoid,sgd,0.0,4,he,"(-0.1, 0.1)",15,0.017532089248649012,1.0,47
[3],0.16,0.0,0.0,0.25,0.7,sigmoid,sgd,0.0,4,he,"(-0.5, 0.5)",15,0.01475239738331787,1.0,48
[3],0.16,0.0,0.0,0.1,0.8,sigmoid,sgd,0.0,2,gaussian,"(-0.5, 0.5)",15,0.0028571570695355426,1.0,53
[3],0.16,0.0,0.0,0.15000000000000002,0.8500000000000001,sigmoid,sgd,0.0,4,he,"(-0.5, 0.5)",15,0.006191663133405453,1.0,54
[3],0.01,0.0,0.0,0.05,0.9000000000000001,sigmoid,sgd,0.0,2,glorot,"(-0.5, 0.5)",15,0.08048047832086778,0.6363636363636364,55
[3],0.01,0.0,0.0,0.0,0.9000000000000001,sigmoid,sgd,0.0,4,gaussian,"(-0.1, 0.1)",15,0.12210909208876594,0.5757575757575758,56
[3],0.01,0.0,0.0,0.2,0.9000000000000001,sigmoid,sgd,0.0,4,glorot,"(-0.5, 0.5)",15,0.12094553950032477,0.5757575757575758,59
[3],0.16,0.0,0.0,0.2,0.8500000000000001,sigmoid,sgd,0.0,2,gaussian,"(-0.1, 0.1)",15,0.0916518523678128,0.696969696969697,60
[4],0.01,0.0,0.0,0.25,0.75,sigmoid,sgd,0.0,8,glorot,"(-0.1, 0.1)",15,0.12257922745938858,0.5757575757575758,61
[3],0.01,0.0,0.0,0.2,0.8,sigmoid,sgd,0.0,4,he,"(-0.1, 0.1)",15,0.12212145661969014,0.5757575757575758,65
[3],0.16,0.0,0.0,0.2,0.75,sigmoid,sgd,0.0,2,gaussian,"(-0.1, 0.1)",15,0.01716437097938144,1.0,68
[3],0.16,0.0,0.0,0.0,0.9000000000000001,sigmoid,sgd,0.0,4,he,"(-0.5, 0.5)",15,0.004771489638031645,1.0,70
[4],0.01,0.0,0.0,0.1,0.75,sigmoid,sgd,0.0,2,glorot,"(-0.5, 0.5)",15,0.12279870338350629,0.5757575757575758,71
[3],0.01,0.0,0.0,0.15000000000000002,0.7,sigmoid,sgd,0.0,4,gaussian,"(-0.5, 0.5)",15,0.12218401668976764,0.5757575757575758,73
[4],0.16,0.0,0.0,0.1,0.75,sigmoid,sgd,0.0,2,he,"(-0.5, 0.5)",15,0.004542083654408814,1.0,74
[4],0.16,0.0,0.0,0.05,0.75,sigmoid,sgd,0.0,8,glorot,"(-0.5, 0.5)",15,0.008897696041968207,1.0,75
[4],0.16,0.0,0.0,0.15000000000000002,0.7,sigmoid,sgd,0.0,4,gaussian,"(-0.5, 0.5)",15,0.012695826514114416,1.0,76
[4],0.01,0.0,0.0,0.2,0.7,sigmoid,sgd,0.0,8,he,"(-0.5, 0.5)",15,0.1222773829434672,0.5757575757575758,77
[4],0.16,0.0,0.0,0.15000000000000002,0.75,sigmoid,sgd,0.0,8,gaussian,"(-0.1, 0.1)",15,0.029143636546924395,1.0,85
[4],0.16,0.0,0.0,0.05,0.7,sigmoid,sgd,0.0,4,glorot,"(-0.5, 0.5)",15,0.0013787612730551831,1.0,86
[4],0.16,0.0,0.0,0.1,0.75,sigmoid,sgd,0.0,8,glorot,"(-0.5, 0.5)",15,0.022378433465049228,1.0,87
[4],0.16,0.0,0.0,0.0,0.7,sigmoid,sgd,0.0,2,glorot,"(-0.5, 0.5)",15,0.0001277643743845455,1.0,88
[3],0.16,0.0,0.0,0.15000000000000002,0.9000000000000001,sigmoid,sgd,0.0,4,gaussian,"(-0.1, 0.1)",15,0.09000911005527917,0.696969696969697,90
[4],0.16,0.0,0.0,0.15000000000000002,0.75,sigmoid,sgd,0.0,8,he,"(-0.1, 0.1)",15,0.02528484583164215,1.0,94
[3],0.16,0.0,0.0,0.15000000000000002,0.9000000000000001,sigmoid,sgd,0.0,4,glorot,"(-0.5, 0.5)",15,0.005590751744824046,1.0,97
[3],0.16,0.0,0.0,0.0,0.9000000000000001,sigmoid,sgd,0.0,4,gaussian,"(-0.1, 0.1)",15,0.002866177726867826,1.0,99
[3],0.01,0.0,0.0,0.1,0.8,sigmoid,sgd,0.0,8,glorot,"(-0.5, 0.5)",15,0.10448609042416512,0.7058823529411765,101
[4],0.01,0.0,0.0,0.0,0.8,sigmoid,sgd,0.0,4,he,"(-0.1, 0.1)",15,0.09077694960112798,0.6764705882352942,102
[4],0.01,0.0,0.0,0.15000000000000002,0.75,sigmoid,sgd,0.0,8,he,"(-0.1, 0.1)",15,0.1052471896685263,0.7058823529411765,103
[3],0.16,0.0,0.0,0.25,0.8,sigmoid,sgd,0.0,4,gaussian,"(-0.5, 0.5)",15,0.026216348681093588,0.9705882352941176,104
[3],0.01,0.0,0.0,0.0,0.8500000000000001,sigmoid,sgd,0.0,8,glorot,"(-0.5, 0.5)",15,0.10304491129858859,0.7058823529411765,105
[4],0.16,0.0,0.0,0.15000000000000002,0.7,sigmoid,sgd,0.0,8,glorot,"(-0.5, 0.5)",15,0.009942973640348974,1.0,106
[3],0.01,0.0,0.0,0.15000000000000002,0.75,sigmoid,sgd,0.0,2,glorot,"(-0.5, 0.5)",15,0.10217381424123595,0.7058823529411765,108
[3],0.01,0.0,0.0,0.0,0.75,sigmoid,sgd,0.0,8,glorot,"(-0.5, 0.5)",15,0.10414113694568636,0.7058823529411765,109
[3],0.01,0.0,0.0,0.0,0.7,sigmoid,sgd,0.0,2,glorot,"(-0.1, 0.1)",15,0.10187096431577115,0.6470588235294118,111
[3],0.01,0.0,0.0,0.25,0.7,sigmoid,sgd,0.0,2,gaussian,"(-0.5, 0.5)",15,0.10921721107480312,0.7058823529411765,112
[3],0.01,0.0,0.0,0.05,0.8500000000000001,sigmoid,sgd,0.0,4,gaussian,"(-0.1, 0.1)",15,0.1033503205808785,0.7058823529411765,113
[3],0.16,0.0,0.0,0.0,0.7,sigmoid,sgd,0.0,8,gaussian,"(-0.5, 0.5)",15,0.0812554157978932,0.5882352941176471,114
[3],0.01,0.0,0.0,0.05,0.7,sigmoid,sgd,0.0,2,gaussian,"(-0.1, 0.1)",15,0.10441336962102865,0.7058823529411765,115
[3],0.16,0.0,0.0,0.15000000000000002,0.8500000000000001,sigmoid,sgd,0.0,4,gaussian,"(-0.1, 0.1)",15,0.00604128705164108,1.0,116
[3],0.01,0.0,0.0,0.25,0.8500000000000001,sigmoid,sgd,0.0,8,gaussian,"(-0.1, 0.1)",15,0.10799614921930467,0.7058823529411765,117
[3],0.01,0.0,0.0,0.2,0.8,sigmoid,sgd,0.0,2,gaussian,"(-0.1, 0.1)",15,0.10100091847218023,0.7058823529411765,118
[4],0.16,0.0,0.0,0.05,0.75,sigmoid,sgd,0.0,4,he,"(-0.5, 0.5)",15,0.0034194963805979895,1.0,119
[4],0.16,0.0,0.0,0.05,0.8,sigmoid,sgd,0.0,2,glorot,"(-0.5, 0.5)",15,0.0016119585219189405,1.0,121
[3],0.16,0.0,0.0,0.05,0.7,sigmoid,sgd,0.0,2,glorot,"(-0.5, 0.5)",15,0.0026475707162628166,1.0,122
[3],0.16,0.0,0.0,0.05,0.7,sigmoid,sgd,0.0,2,he,"(-0.1, 0.1)",15,0.003098142711647575,1.0,124
[3],0.01,0.0,0.0,0.0,0.8500000000000001,sigmoid,sgd,0.0,2,glorot,"(-0.5, 0.5)",15,0.07522026193593577,0.7941176470588235,125
[3],0.01,0.0,0.0,0.1,0.8500000000000001,sigmoid,sgd,0.0,2,he,"(-0.1, 0.1)",15,0.08748122093612305,0.6470588235294118,126
[3],0.01,0.0,0.0,0.1,0.8,sigmoid,sgd,0.0,2,glorot,"(-0.5, 0.5)",15,0.10092286660072591,0.7058823529411765,128
[4],0.01,0.0,0.0,0.1,0.8500000000000001,sigmoid,sgd,0.0,8,glorot,"(-0.5, 0.5)",15,0.10626731865518554,0.7058823529411765,130
[3],0.01,0.0,0.0,0.15000000000000002,0.8,sigmoid,sgd,0.0,8,glorot,"(-0.1, 0.1)",15,0.10444983800951338,0.7058823529411765,131
[3],0.01,0.0,0.0,0.1,0.75,sigmoid,sgd,0.0,4,he,"(-0.5, 0.5)",15,0.1070175170877711,0.7058823529411765,132
[4],0.01,0.0,0.0,0.0,0.8,sigmoid,sgd,0.0,8,glorot,"(-0.5, 0.5)",15,0.10746547353376848,0.7058823529411765,133
[4],0.16,0.0,0.0,0.25,0.7,sigmoid,sgd,0.0,2,he,"(-0.1, 0.1)",15,0.024409746861016293,1.0,134
[3],0.01,0.0,0.0,0.1,0.7,sigmoid,sgd,0.0,4,he,"(-0.1, 0.1)",15,0.10756107576302035,0.7058823529411765,135
[4],0.16,0.0,0.0,0.15000000000000002,0.8500000000000001,sigmoid,sgd,0.0,2,glorot,"(-0.5, 0.5)",15,0.012988583387153679,0.9705882352941176,136
[4],0.16,0.0,0.0,0.25,0.8,sigmoid,sgd,0.0,4,gaussian,"(-0.5, 0.5)",15,0.01220665837570052,1.0,137
[3],0.16,0.0,0.0,0.1,0.8,sigmoid,sgd,0.0,2,glorot,"(-0.1, 0.1)",15,0.008059303110648466,1.0,138
[4],0.01,0.0,0.0,0.05,0.75,sigmoid,sgd,0.0,8,gaussian,"(-0.5, 0.5)",15,0.11071628606740565,0.7058823529411765,139
[4],0.16,0.0,0.0,0.05,0.75,sigmoid,sgd,0.0,4,glorot,"(-0.1, 0.1)",15,0.002222979137067748,1.0,140
[4],0.01,0.0,0.0,0.0,0.8500000000000001,sigmoid,sgd,0.0,2,glorot,"(-0.5, 0.5)",15,0.07716022247536666,0.7941176470588235,141
[4],0.01,0.0,0.0,0.15000000000000002,0.9000000000000001,sigmoid,sgd,0.0,2,glorot,"(-0.1, 0.1)",15,0.03427567420158066,0.9705882352941176,143
[3],0.16,0.0,0.0,0.05,0.7,sigmoid,sgd,0.0,4,he,"(-0.1, 0.1)",15,0.003522586412638303,1.0,144
[3],0.01,0.0,0.0,0.05,0.8,sigmoid,sgd,0.0,2,he,"(-0.5, 0.5)",15,0.09658708961222182,0.6764705882352942,147
[4],0.01,0.0,0.0,0.2,0.8500000000000001,sigmoid,sgd,0.0,8,he,"(-0.1, 0.1)",15,0.10363355211853931,0.7058823529411765,148
[4],0.16,0.0,0.0,0.15000000000000002,0.9000000000000001,sigmoid,sgd,0.0,4,he,"(-0.5, 0.5)",15,0.007654453169733566,1.0,149
[4],0.16,0.0,0.0,0.1,0.8500000000000001,sigmoid,sgd,0.0,8,gaussian,"(-0.1, 0.1)",15,0.011359825584560638,1.0,151
[4],0.16,0.0,0.0,0.25,0.75,sigmoid,sgd,0.0,4,glorot,"(-0.5, 0.5)",15,0.004308533726992637,1.0,152
[3],0.16,0.0,0.0,0.1,0.9000000000000001,sigmoid,sgd,0.0,8,he,"(-0.5, 0.5)",15,0.003604263665779399,1.0,153
[4],0.16,0.0,0.0,0.25,0.8,sigmoid,sgd,0.0,8,he,"(-0.5, 0.5)",15,0.01571681894344126,1.0,154
[4],0.16,0.0,0.0,0.1,0.75,sigmoid,sgd,0.0,8,glorot,"(-0.1, 0.1)",15,0.004228771479284006,1.0,155
[4],0.16,0.0,0.0,0.0,0.7,sigmoid,sgd,0.0,8,he,"(-0.1, 0.1)",15,0.005787216142210774,1.0,156
[4],0.16,0.0,0.0,0.05,0.8,sigmoid,sgd,0.0,8,gaussian,"(-0.5, 0.5)",15,0.004060450247327116,1.0,157
[3],0.01,0.0,0.0,0.05,0.7,sigmoid,sgd,0.0,4,gaussian,"(-0.1, 0.1)",15,0.10777469070522903,0.7058823529411765,158
[3],0.01,0.0,0.0,0.25,0.9000000000000001,sigmoid,sgd,0.0,2,he,"(-0.1, 0.1)",15,0.08248611722347894,0.6470588235294118,159
[3],0.01,0.0,0.0,0.2,0.75,sigmoid,sgd,0.0,2,glorot,"(-0.5, 0.5)",15,0.1017334569561212,0.7058823529411765,160
[4],0.16,0.0,0.0,0.05,0.9000000000000001,sigmoid,sgd,0.0,8,gaussian,"(-0.5, 0.5)",15,0.0031759342203842226,1.0,161
[3],0.01,0.0,0.0,0.25,0.7,sigmoid,sgd,0.0,8,gaussian,"(-0.1, 0.1)",15,0.10924832300219911,0.7058823529411765,162
[4],0.16,0.0,0.0,0.15000000000000002,0.75,sigmoid,sgd,0.0,4,gaussian,"(-0.1, 0.1)",15,0.009124614877263354,1.0,163
[4],0.16,0.0,0.0,0.05,0.9000000000000001,sigmoid,sgd,0.0,4,glorot,"(-0.5, 0.5)",15,0.0016266877926572776,1.0,165
[3],0.01,0.0,0.0,0.0,0.8,sigmoid,sgd,0.0,2,he,"(-0.5, 0.5)",15,0.09039707258562703,0.6470588235294118,167
[4],0.16,0.0,0.0,0.25,0.8500000000000001,sigmoid,sgd,0.0,2,he,"(-0.1, 0.1)",15,0.01130937707711,1.0,168
[3],0.16,0.0,0.0,0.15000000000000002,0.8500000000000001,sigmoid,sgd,0.0,2,he,"(-0.1, 0.1)",15,0.011920826634780989,1.0,169
[3],0.16,0.0,0.0,0.2,0.8,sigmoid,sgd,0.0,4,gaussian,"(-0.5, 0.5)",15,0.025218562394449945,0.9705882352941176,170
[4],0.16,0.0,0.0,0.2,0.8,sigmoid,sgd,0.0,4,he,"(-0.5, 0.5)",15,0.010379300206470765,1.0,171
[4],0.16,0.0,0.0,0.0,0.9000000000000001,sigmoid,sgd,0.0,4,he,"(-0.5, 0.5)",15,0.00021256023358465385,1.0,173
[4],0.16,0.0,0.0,0.1,0.8,sigmoid,sgd,0.0,4,glorot,"(-0.1, 0.1)",15,0.0013639364702544405,1.0,174
[3],0.16,0.0,0.0,0.2,0.7,sigmoid,sgd,0.0,2,glorot,"(-0.5, 0.5)",15,0.010285487228072597,1.0,176
[3],0.16,0.0,0.0,0.25,0.8500000000000001,sigmoid,sgd,0.0,4,he,"(-0.5, 0.5)",15,0.04130944863319425,0.9117647058823529,177
[4],0.01,0.0,0.0,0.15000000000000002,0.7,sigmoid,sgd,0.0,8,he,"(-0.5, 0.5)",15,0.10596551239407184,0.7058823529411765,178
[3],0.01,0.0,0.0,0.2,0.8,sigmoid,sgd,0.0,4,gaussian,"(-0.5, 0.5)",15,0.10935595573218837,0.7058823529411765,180
[4],0.16,0.0,0.0,0.25,0.9000000000000001,sigmoid,sgd,0.0,8,glorot,"(-0.5, 0.5)",15,0.004427281900758574,1.0,181
[3],0.01,0.0,0.0,0.1,0.8500000000000001,sigmoid,sgd,0.0,4,he,"(-0.1, 0.1)",15,0.1045871166503453,0.7058823529411765,183
[3],0.16,0.0,0.0,0.1,0.8,sigmoid,sgd,0.0,2,gaussian,"(-0.1, 0.1)",15,0.002941150798533801,1.0,184
[3],0.16,0.0,0.0,0.1,0.7,sigmoid,sgd,0.0,8,glorot,"(-0.5, 0.5)",15,0.027526507243692683,0.9411764705882353,187
[4],0.01,0.0,0.0,0.05,0.9000000000000001,sigmoid,sgd,0.0,4,gaussian,"(-0.1, 0.1)",15,0.09191296957656359,0.7058823529411765,188
[3],0.01,0.0,0.0,0.05,0.8,sigmoid,sgd,0.0,8,he,"(-0.1, 0.1)",15,0.10769354355674804,0.7058823529411765,189
[4],0.16,0.0,0.0,0.1,0.7,sigmoid,sgd,0.0,8,he,"(-0.5, 0.5)",15,0.007992097873688537,1.0,192
[3],0.16,0.0,0.0,0.0,0.8500000000000001,sigmoid,sgd,0.0,2,glorot,"(-0.5, 0.5)",15,0.0039306486655896295,1.0,193
[3],0.16,0.0,0.0,0.05,0.8,sigmoid,sgd,0.0,8,glorot,"(-0.1, 0.1)",15,0.005855099693875998,1.0,195
[4],0.01,0.0,0.0,0.15000000000000002,0.8500000000000001,sigmoid,sgd,0.0,4,gaussian,"(-0.5, 0.5)",15,0.09455028183378004,0.7058823529411765,197
[3],0.01,0.0,0.0,0.15000000000000002,0.9000000000000001,sigmoid,sgd,0.0,2,glorot,"(-0.1, 0.1)",15,0.05452079493253157,0.8823529411764706,198
[3],0.16,0.0,0.0,0.15000000000000002,0.8500000000000001,sigmoid,sgd,0.0,4,glorot,"(-0.5, 0.5)",15,0.015578725235050935,1.0,199
[4],0.16,0.0,0.0,0.05,0.9000000000000001,sigmoid,sgd,0.0,2,he,"(-0.1, 0.1)",15,0.0031663257818595166,1.0,1
[4],0.16,0.0,0.0,0.25,0.75,sigmoid,sgd,0.0,8,gaussian,"(-0.1, 0.1)",15,0.04723333967022612,0.8529411764705882,2
[4],0.01,0.0,0.0,0.15000000000000002,0.8,sigmoid,sgd,0.0,4,glorot,"(-0.5, 0.5)",15,0.11745686494513848,0.6176470588235294,3
[3],0.01,0.0,0.0,0.2,0.75,sigmoid,sgd,0.0,2,gaussian,"(-0.5, 0.5)",15,0.11068293922879767,0.7058823529411765,4
[4],0.01,0.0,0.0,0.1,0.7,sigmoid,sgd,0.0,8,he,"(-0.5, 0.5)",15,0.11649208560777799,0.7647058823529411,5
[4],0.01,0.0,0.0,0.15000000000000002,0.7,sigmoid,sgd,0.0,2,glorot,"(-0.1, 0.1)",15,0.11932600341620195,0.5,8
[3],0.16,0.0,0.0,0.0,0.75,sigmoid,sgd,0.0,8,gaussian,"(-0.1, 0.1)",15,0.014739427786526382,1.0,9
[4],0.01,0.0,0.0,0.05,0.8500000000000001,sigmoid,sgd,0.0,4,he,"(-0.1, 0.1)",15,0.10674256489950677,0.47058823529411764,10
[4],0.01,0.0,0.0,0.0,0.7,sigmoid,sgd,0.0,4,gaussian,"(-0.5, 0.5)",15,0.11160199634817174,0.7058823529411765,11
[4],0.01,0.0,0.0,0.05,0.7,sigmoid,sgd,0.0,2,he,"(-0.5, 0.5)",15,0.10592403904048424,0.47058823529411764,12
[3],0.01,0.0,0.0,0.15000000000000002,0.7,sigmoid,sgd,0.0,4,glorot,"(-0.1, 0.1)",15,0.11611741504849975,0.6764705882352942,13
[4],0.16,0.0,0.0,0.15000000000000002,0.8,sigmoid,sgd,0.0,4,glorot,"(-0.5, 0.5)",15,0.005386915154692988,1.0,15
[3],0.01,0.0,0.0,0.2,0.8,sigmoid,sgd,0.0,4,he,"(-0.5, 0.5)",15,0.11351797096325886,0.7058823529411765,16
[3],0.01,0.0,0.0,0.2,0.8500000000000001,sigmoid,sgd,0.0,4,glorot,"(-0.1, 0.1)",15,0.12058582853933451,0.6470588235294118,18
[3],0.01,0.0,0.0,0.25,0.8500000000000001,sigmoid,sgd,0.0,4,glorot,"(-0.5, 0.5)",15,0.1187760038516093,0.6176470588235294,19
[4],0.16,0.0,0.0,0.25,0.8500000000000001,sigmoid,sgd,0.0,2,glorot,"(-0.5, 0.5)",15,0.0026770072599952067,1.0,20
[3],0.01,0.0,0.0,0.25,0.75,sigmoid,sgd,0.0,4,glorot,"(-0.1, 0.1)",15,0.11567522431492576,0.6764705882352942,23
[3],0.16,0.0,0.0,0.15000000000000002,0.75,sigmoid,sgd,0.0,2,glorot,"(-0.5, 0.5)",15,0.05075021397979422,0.8823529411764706,24
[3],0.01,0.0,0.0,0.2,0.7,sigmoid,sgd,0.0,4,gaussian,"(-0.5, 0.5)",15,0.10985828061726072,0.7058823529411765,27
[4],0.16,0.0,0.0,0.25,0.8500000000000001,sigmoid,sgd,0.0,4,he,"(-0.1, 0.1)",15,0.013920463842351287,1.0,28
[3],0.16,0.0,0.0,0.2,0.8500000000000001,sigmoid,sgd,0.0,4,gaussian,"(-0.1, 0.1)",15,0.0035092993625043256,1.0,29
[4],0.01,0.0,0.0,0.25,0.8500000000000001,sigmoid,sgd,0.0,2,he,"(-0.5, 0.5)",15,0.09367505566385287,0.5,30
[4],0.01,0.0,0.0,0.05,0.9000000000000001,sigmoid,sgd,0.0,8,gaussian,"(-0.1, 0.1)",15,0.11191631045889619,0.7058823529411765,31
[3],0.01,0.0,0.0,0.1,0.8500000000000001,sigmoid,sgd,0.0,4,he,"(-0.5, 0.5)",15,0.11606775808551548,0.6470588235294118,32
[3],0.16,0.0,0.0,0.05,0.9000000000000001,sigmoid,sgd,0.0,2,glorot,"(-0.1, 0.1)",15,0.04612065082982384,0.8823529411764706,33
[3],0.16,0.0,0.0,0.1,0.75,sigmoid,sgd,0.0,2,he,"(-0.5, 0.5)",15,0.005857133184147185,1.0,35
[4],0.01,0.0,0.0,0.0,0.8,sigmoid,sgd,0.0,8,he,"(-0.1, 0.1)",15,0.12036908556940246,0.5588235294117647,36
[3],0.16,0.0,0.0,0.15000000000000002,0.8500000000000001,sigmoid,sgd,0.0,2,glorot,"(-0.1, 0.1)",15,0.05034849764246592,0.8823529411764706,37
[3],0.16,0.0,0.0,0.1,0.8500000000000001,sigmoid,sgd,0.0,8,glorot,"(-0.1, 0.1)",15,0.012605766858259333,1.0,38
[4],0.01,0.0,0.0,0.2,0.9000000000000001,sigmoid,sgd,0.0,8,gaussian,"(-0.1, 0.1)",15,0.11082547343555876,0.7058823529411765,41
[3],0.01,0.0,0.0,0.25,0.7,sigmoid,sgd,0.0,2,glorot,"(-0.1, 0.1)",15,0.11907407730174413,0.6470588235294118,43
[4],0.16,0.0,0.0,0.1,0.9000000000000001,sigmoid,sgd,0.0,8,glorot,"(-0.1, 0.1)",15,0.002031095977533744,1.0,44
[4],0.16,0.0,0.0,0.0,0.75,sigmoid,sgd,0.0,4,gaussian,"(-0.5, 0.5)",15,0.00417675786556631,1.0,45
[3],0.16,0.0,0.0,0.0,0.8,sigmoid,sgd,0.0,4,glorot,"(-0.5, 0.5)",15,0.003906522003525425,1.0,46
[4],0.01,0.0,0.0,0.05,0.9000000000000001,sigmoid,sgd,0.0,8,gaussian,"(-0.5, 0.5)",15,0.1079489942998514,0.7058823529411765,47
[3],0.01,0.0,0.0,0.0,0.8,sigmoid,sgd,0.0,2,gaussian,"(-0.1, 0.1)",15,0.10466613827202716,0.4117647058823529,49
[3],0.16,0.0,0.0,0.15000000000000002,0.9000000000000001,sigmoid,sgd,0.0,8,glorot,"(-0.1, 0.1)",15,0.015272122337025199,1.0,51
[3],0.16,0.0,0.0,0.15000000000000002,0.8500000000000001,sigmoid,sgd,0.0,2,he,"(-0.5, 0.5)",15,0.010781140626902257,1.0,52
[3],0.16,0.0,0.0,0.25,0.8,sigmoid,sgd,0.0,8,glorot,"(-0.1, 0.1)",15,0.08923933418279034,0.6470588235294118,53
[3],0.01,0.0,0.0,0.2,0.9000000000000001,sigmoid,sgd,0.0,2,he,"(-0.1, 0.1)",15,0.09188806793454088,0.5882352941176471,54
[4],0.01,0.0,0.0,0.2,0.8,sigmoid,sgd,0.0,8,gaussian,"(-0.5, 0.5)",15,0.1124276691211239,0.7058823529411765,56
[3],0.01,0.0,0.0,0.05,0.9000000000000001,sigmoid,sgd,0.0,2,he,"(-0.5, 0.5)",15,0.0855718815873039,0.6470588235294118,59
[4],0.16,0.0,0.0,0.15000000000000002,0.7,sigmoid,sgd,0.0,8,he,"(-0.5, 0.5)",15,0.03347490910402323,0.8823529411764706,61
[3],0.01,0.0,0.0,0.15000000000000002,0.9000000000000001,sigmoid,sgd,0.0,4,glorot,"(-0.5, 0.5)",15,0.12079434649658172,0.5,62
[4],0.16,0.0,0.0,0.25,0.75,sigmoid,sgd,0.0,2,he,"(-0.1, 0.1)",15,0.0017137584633038897,1.0,63
[4],0.16,0.0,0.0,0.05,0.7,sigmoid,sgd,0.0,2,he,"(-0.5, 0.5)",15,0.005113056427415317,1.0,68
[3],0.01,0.0,0.0,0.05,0.8500000000000001,sigmoid,sgd,0.0,8,glorot,"(-0.1, 0.1)",15,0.11792357618645628,0.6764705882352942,69
[3],0.01,0.0,0.0,0.25,0.7,sigmoid,sgd,0.0,8,gaussian,"(-0.5, 0.5)",15,0.11084793759304312,0.7058823529411765,70
[4],0.01,0.0,0.0,0.15000000000000002,0.7,sigmoid,sgd,0.0,8,glorot,"(-0.5, 0.5)",15,0.11204862677476321,0.7058823529411765,71
[4],0.16,0.0,0.0,0.2,0.7,sigmoid,sgd,0.0,4,gaussian,"(-0.5, 0.5)",15,0.018306894233791164,1.0,72
[3],0.16,0.0,0.0,0.0,0.9000000000000001,sigmoid,sgd,0.0,2,gaussian,"(-0.5, 0.5)",15,0.0024237969366110003,1.0,73
[4],0.01,0.0,0.0,0.1,0.7,sigmoid,sgd,0.0,8,he,"(-0.1, 0.1)",15,0.11649208560777799,0.7647058823529411,75
[3],0.01,0.0,0.0,0.0,0.8500000000000001,sigmoid,sgd,0.0,2,he,"(-0.5, 0.5)",15,0.0931766966619591,0.6470588235294118,76
[3],0.01,0.0,0.0,0.25,0.7,sigmoid,sgd,0.0,8,he,"(-0.1, 0.1)",15,0.11119434696172002,0.7058823529411765,77
[3],0.16,0.0,0.0,0.15000000000000002,0.8500000000000001,sigmoid,sgd,0.0,8,he,"(-0.1, 0.1)",15,0.07283873278704346,0.7941176470588235,78
[3],0.01,0.0,0.0,0.0,0.9000000000000001,sigmoid,sgd,0.0,4,he,"(-0.5, 0.5)",15,0.1001952188682703,0.5294117647058824,79
[3],0.01,0.0,0.0,0.05,0.7,sigmoid,sgd,0.0,4,glorot,"(-0.1, 0.1)",15,0.1181735589832823,0.6764705882352942,80
[3],0.16,0.0,0.0,0.1,0.9000000000000001,sigmoid,sgd,0.0,2,gaussian,"(-0.1, 0.1)",15,0.04839126262059883,0.8823529411764706,81
[4],0.16,0.0,0.0,0.2,0.8,sigmoid,sgd,0.0,2,he,"(-0.1, 0.1)",15,0.008952923010672272,1.0,83
[4],0.01,0.0,0.0,0.0,0.8,sigmoid,sgd,0.0,2,he,"(-0.5, 0.5)",15,0.09198448339728298,0.7058823529411765,85
[3],0.16,0.0,0.0,0.0,0.7,sigmoid,sgd,0.0,4,glorot,"(-0.1, 0.1)",15,0.005042016003645963,1.0,86
[3],0.01,0.0,0.0,0.2,0.8,sigmoid,sgd,0.0,2,glorot,"(-0.5, 0.5)",15,0.11645328423936062,0.5294117647058824,90
[3],0.01,0.0,0.0,0.15000000000000002,0.9000000000000001,sigmoid,sgd,0.0,8,he,"(-0.1, 0.1)",15,0.11469851317958253,0.7058823529411765,91
[4],0.01,0.0,0.0,0.15000000000000002,0.75,sigmoid,sgd,0.0,4,glorot,"(-0.1, 0.1)",15,0.11538915276995595,0.6470588235294118,93
[4],0.16,0.0,0.0,0.1,0.8500000000000001,sigmoid,sgd,0.0,4,gaussian,"(-0.5, 0.5)",15,0.0073457586639969616,1.0,95
[3],0.16,0.0,0.0,0.0,0.8,sigmoid,sgd,0.0,2,he,"(-0.1, 0.1)",15,0.0026741062399146787,1.0,96
[3],0.16,0.0,0.0,0.1,0.8,sigmoid,sgd,0.0,4,gaussian,"(-0.1, 0.1)",15,0.006373001162970576,1.0,98
[3],0.16,0.0,0.0,0.05,0.9000000000000001,sigmoid,sgd,0.0,2,he,"(-0.5, 0.5)",15,0.003589512499579765,1.0,99
[3],0.16,0.0,0.0,0.15000000000000002,0.9000000000000001,sigmoid,sgd,0.0,8,gaussian,"(-0.5, 0.5)",15,0.006963835499576654,1.0,100
[4],0.16,0.0,0.0,0.05,0.8500000000000001,sigmoid,sgd,0.0,8,gaussian,"(-0.1, 0.1)",15,0.002179146252022257,1.0,101
[3],0.16,0.0,0.0,0.2,0.9000000000000001,sigmoid,sgd,0.0,8,he,"(-0.1, 0.1)",15,0.013808928085046553,1.0,102
[4],0.01,0.0,0.0,0.1,0.9000000000000001,sigmoid,sgd,0.0,8,glorot,"(-0.1, 0.1)",15,0.11895165694566247,0.6176470588235294,103
[4],0.16,0.0,0.0,0.25,0.7,sigmoid,sgd,0.0,4,glorot,"(-0.5, 0.5)",15,0.008267650310286864,1.0,106
[3],0.16,0.0,0.0,0.2,0.75,sigmoid,sgd,0.0,4,gaussian,"(-0.5, 0.5)",15,0.009215562140441847,1.0,107
[3],0.16,0.0,0.0,0.25,0.7,sigmoid,sgd,0.0,8,glorot,"(-0.1, 0.1)",15,0.0910418982807556,0.5882352941176471,110
[3],0.01,0.0,0.0,0.15000000000000002,0.7,sigmoid,sgd,0.0,2,he,"(-0.1, 0.1)",15,0.11632608801510848,0.6470588235294118,112
[3],0.16,0.0,0.0,0.0,0.75,sigmoid,sgd,0.0,2,glorot,"(-0.1, 0.1)",15,0.003614519304550066,1.0,113
[4],0.01,0.0,0.0,0.15000000000000002,0.8,sigmoid,sgd,0.0,4,gaussian,"(-0.5, 0.5)",15,0.10878522315572399,0.7058823529411765,114
[3],0.01,0.0,0.0,0.05,0.7,sigmoid,sgd,0.0,4,he,"(-0.1, 0.1)",15,0.11405002296251547,0.7058823529411765,118
[3],0.16,0.0,0.0,0.15000000000000002,0.7,sigmoid,sgd,0.0,2,gaussian,"(-0.5, 0.5)",15,0.003891540702115493,1.0,119
[3],0.16,0.0,0.0,0.05,0.8,sigmoid,sgd,0.0,4,glorot,"(-0.1, 0.1)",15,0.005251712803410017,1.0,122
[3],0.01,0.0,0.0,0.0,0.9000000000000001,sigmoid,sgd,0.0,8,gaussian,"(-0.1, 0.1)",15,0.11089549112335771,0.7058823529411765,123
[4],0.01,0.0,0.0,0.1,0.8,sigmoid,sgd,0.0,8,he,"(-0.5, 0.5)",15,0.11832265522301334,0.6176470588235294,125
[3],0.01,0.0,0.0,0.2,0.7,sigmoid,sgd,0.0,4,glorot,"(-0.1, 0.1)",15,0.11546209189002977,0.6764705882352942,126
[3],0.01,0.0,0.0,0.15000000000000002,0.8500000000000001,sigmoid,sgd,0.0,2,glorot,"(-0.1, 0.1)",15,0.1092423215884004,0.47058823529411764,128
[4],0.16,0.0,0.0,0.2,0.8500000000000001,sigmoid,sgd,0.0,4,he,"(-0.1, 0.1)",15,0.01048415455245027,1.0,129
[3],0.01,0.0,0.0,0.1,0.8500000000000001,sigmoid,sgd,0.0,8,glorot,"(-0.5, 0.5)",15,0.11710727139212614,0.6764705882352942,131
[3],0.16,0.0,0.0,0.05,0.8500000000000001,sigmoid,sgd,0.0,8,glorot,"(-0.5, 0.5)",15,0.007721393098944881,1.0,132
[4],0.16,0.0,0.0,0.15000000000000002,0.8500000000000001,sigmoid,sgd,0.0,4,gaussian,"(-0.1, 0.1)",15,0.011225578754088705,1.0,133
[4],0.01,0.0,0.0,0.05,0.8500000000000001,sigmoid,sgd,0.0,8,he,"(-0.5, 0.5)",15,0.11982600861040718,0.5,134
[3],0.01,0.0,0.0,0.15000000000000002,0.7,sigmoid,sgd,0.0,8,gaussian,"(-0.5, 0.5)",15,0.11083635434910906,0.7058823529411765,135
[3],0.01,0.0,0.0,0.0,0.7,sigmoid,sgd,0.0,4,gaussian,"(-0.5, 0.5)",15,0.10992992914340531,0.7058823529411765,136
[4],0.16,0.0,0.0,0.2,0.9000000000000001,sigmoid,sgd,0.0,8,glorot,"(-0.5, 0.5)",15,0.028763322988894315,0.9411764705882353,137
[4],0.16,0.0,0.0,0.25,0.8,sigmoid,sgd,0.0,8,gaussian,"(-0.1, 0.1)",15,0.023168044096239574,1.0,139
[4],0.01,0.0,0.0,0.2,0.7,sigmoid,sgd,0.0,8,gaussian,"(-0.1, 0.1)",15,0.1098025131568757,0.7058823529411765,140
[3],0.16,0.0,0.0,0.0,0.9000000000000001,sigmoid,sgd,0.0,2,he,"(-0.1, 0.1)",15,0.003548224053529413,1.0,142
[4],0.16,0.0,0.0,0.25,0.8,sigmoid,sgd,0.0,8,gaussian,"(-0.5, 0.5)",15,0.021070098153809943,1.0,144
[4],0.01,0.0,0.0,0.0,0.8500000000000001,sigmoid,sgd,0.0,8,gaussian,"(-0.5, 0.5)",15,0.11195167415545475,0.7058823529411765,145
[4],0.16,0.0,0.0,0.2,0.8500000000000001,sigmoid,sgd,0.0,2,glorot,"(-0.5, 0.5)",15,0.006209853525130098,1.0,146
[4],0.16,0.0,0.0,0.2,0.75,sigmoid,sgd,0.0,4,glorot,"(-0.5, 0.5)",15,0.012066166330346772,1.0,148
[3],0.16,0.0,0.0,0.0,0.8500000000000001,sigmoid,sgd,0.0,2,he,"(-0.1, 0.1)",15,0.003674429216737437,1.0,149
[3],0.16,0.0,0.0,0.15000000000000002,0.8,sigmoid,sgd,0.0,8,glorot,"(-0.5, 0.5)",15,0.04245446309249072,0.9117647058823529,150
[3],0.16,0.0,0.0,0.05,0.9000000000000001,sigmoid,sgd,0.0,2,gaussian,"(-0.5, 0.5)",15,0.0035851105438301565,1.0,151
[3],0.16,0.0,0.0,0.0,0.7,sigmoid,sgd,0.0,2,he,"(-0.5, 0.5)",15,0.00536640548712326,1.0,152
[3],0.16,0.0,0.0,0.0,0.9000000000000001,sigmoid,sgd,0.0,8,gaussian,"(-0.1, 0.1)",15,0.007050362252269685,1.0,153
[3],0.16,0.0,0.0,0.0,0.9000000000000001,sigmoid,sgd,0.0,4,glorot,"(-0.5, 0.5)",15,0.003617709467407824,1.0,154
[3],0.16,0.0,0.0,0.05,0.7,sigmoid,sgd,0.0,8,gaussian,"(-0.5, 0.5)",15,0.03292973542271821,0.9411764705882353,155
[4],0.16,0.0,0.0,0.0,0.8,sigmoid,sgd,0.0,4,glorot,"(-0.5, 0.5)",15,0.0009704122675638922,1.0,156
[4],0.01,0.0,0.0,0.0,0.9000000000000001,sigmoid,sgd,0.0,4,he,"(-0.1, 0.1)",15,0.09278654751277617,0.7058823529411765,157
[4],0.16,0.0,0.0,0.25,0.75,sigmoid,sgd,0.0,8,he,"(-0.5, 0.5)",15,0.046267438655590305,0.8529411764705882,158
[4],0.01,0.0,0.0,0.25,0.75,sigmoid,sgd,0.0,4,he,"(-0.1, 0.1)",15,0.11486254671754419,0.6470588235294118,160
[3],0.01,0.0,0.0,0.2,0.8,sigmoid,sgd,0.0,2,gaussian,"(-0.5, 0.5)",15,0.10965190338341706,0.7058823529411765,161
[4],0.16,0.0,0.0,0.25,0.9000000000000001,sigmoid,sgd,0.0,4,glorot,"(-0.5, 0.5)",15,0.004229198657251017,1.0,162
[4],0.01,0.0,0.0,0.0,0.7,sigmoid,sgd,0.0,8,glorot,"(-0.5, 0.5)",15,0.11325970745042868,0.7058823529411765,163
[4],0.01,0.0,0.0,0.2,0.75,sigmoid,sgd,0.0,2,he,"(-0.1, 0.1)",15,0.10235730965967269,0.47058823529411764,164
[3],0.01,0.0,0.0,0.2,0.8500000000000001,sigmoid,sgd,0.0,8,gaussian,"(-0.1, 0.1)",15,0.10948072286009744,0.7058823529411765,166
[4],0.01,0.0,0.0,0.0,0.7,sigmoid,sgd,0.0,2,he,"(-0.1, 0.1)",15,0.10538076144114752,0.5,167
[3],0.01,0.0,0.0,0.05,0.8,sigmoid,sgd,0.0,2,glorot,"(-0.5, 0.5)",15,0.11052236093732958,0.47058823529411764,169
[3],0.16,0.0,0.0,0.1,0.8500000000000001,sigmoid,sgd,0.0,8,he,"(-0.1, 0.1)",15,0.005588803086072175,1.0,170
[3],0.01,0.0,0.0,0.25,0.8,sigmoid,sgd,0.0,4,he,"(-0.5, 0.5)",15,0.11295777363927953,0.7058823529411765,171
[4],0.16,0.0,0.0,0.05,0.75,sigmoid,sgd,0.0,4,gaussian,"(-0.1, 0.1)",15,0.003953000004498904,1.0,173
[3],0.16,0.0,0.0,0.2,0.8500000000000001,sigmoid,sgd,0.0,2,gaussian,"(-0.5, 0.5)",15,0.006335059120926455,1.0,174
[4],0.16,0.0,0.0,0.15000000000000002,0.9000000000000001,sigmoid,sgd,0.0,8,gaussian,"(-0.5, 0.5)",15,0.011806671246671962,1.0,177
[3],0.01,0.0,0.0,0.1,0.75,sigmoid,sgd,0.0,2,he,"(-0.1, 0.1)",15,0.11146311540292757,0.47058823529411764,181
[4],0.01,0.0,0.0,0.0,0.9000000000000001,sigmoid,sgd,0.0,2,glorot,"(-0.5, 0.5)",15,0.07074763988865654,0.7941176470588235,185
[3],0.16,0.0,0.0,0.15000000000000002,0.8,sigmoid,sgd,0.0,2,he,"(-0.5, 0.5)",15,0.01064049279512147,1.0,186
[3],0.01,0.0,0.0,0.1,0.8500000000000001,sigmoid,sgd,0.0,4,gaussian,"(-0.1, 0.1)",15,0.11166210654370712,0.7058823529411765,187
[4],0.16,0.0,0.0,0.25,0.8,sigmoid,sgd,0.0,2,he,"(-0.5, 0.5)",15,0.0014402717079306042,1.0,188
[3],0.01,0.0,0.0,0.0,0.8,sigmoid,sgd,0.0,4,he,"(-0.1, 0.1)",15,0.11882592530571257,0.6470588235294118,190
[4],0.01,0.0,0.0,0.2,0.75,sigmoid,sgd,0.0,8,gaussian,"(-0.5, 0.5)",15,0.11242134004748357,0.7058823529411765,191
[3],0.16,0.0,0.0,0.25,0.7,sigmoid,sgd,0.0,2,he,"(-0.1, 0.1)",15,0.01691603205782133,1.0,192
[4],0.01,0.0,0.0,0.05,0.8500000000000001,sigmoid,sgd,0.0,4,glorot,"(-0.5, 0.5)",15,0.11951288314354504,0.5,193
[3],0.01,0.0,0.0,0.1,0.8500000000000001,sigmoid,sgd,0.0,2,he,"(-0.5, 0.5)",15,0.09474671849154256,0.5882352941176471,194
[3],0.01,0.0,0.0,0.25,0.7,sigmoid,sgd,0.0,2,glorot,"(-0.5, 0.5)",15,0.11907407730174413,0.6470588235294118,197
[3],0.16,0.0,0.0,0.0,0.7,sigmoid,sgd,0.0,8,he,"(-0.1, 0.1)",15,0.014710261381779015,1.0,198
[3],0.16,0.0,0.0,0.1,0.8500000000000001,sigmoid,sgd,0.0,4,glorot,"(-0.5, 0.5)",15,0.009034027931494657,1.0,199
[4],0.16,0.0,0.0,0.15000000000000002,0.7,sigmoid,sgd,0.0,2,glorot,"(-0.5, 0.5)",15,0.010831419900405384,1.0,200
[3],0.16,0.0,0.0,0.0,0.9000000000000001,sigmoid,sgd,0.0,2,he,"(-0.5, 0.5)",15,0.0027468448979258778,1.0,1
[4],0.16,0.0,0.0,0.2,0.8,sigmoid,sgd,0.0,8,glorot,"(-0.1, 0.1)",15,0.0816102438313421,0.6363636363636364,2
[4],0.16,0.0,0.0,0.1,0.75,sigmoid,sgd,0.0,2,glorot,"(-0.1, 0.1)",15,0.000792031154488288,1.0,3
[4],0.01,0.0,0.0,0.25,0.75,sigmoid,sgd,0.0,2,glorot,"(-0.1, 0.1)",15,0.122242459967251,0.5151515151515151,4
[4],0.01,0.0,0.0,0.25,0.7,sigmoid,sgd,0.0,2,glorot,"(-0.1, 0.1)",15,0.12497526734269336,0.5757575757575758,6
[4],0.16,0.0,0.0,0.25,0.9000000000000001,sigmoid,sgd,0.0,2,glorot,"(-0.5, 0.5)",15,0.007177663130781493,1.0,7
[3],0.16,0.0,0.0,0.05,0.8500000000000001,sigmoid,sgd,0.0,2,he,"(-0.1, 0.1)",15,0.002960204177744497,1.0,8
[3],0.01,0.0,0.0,0.2,0.8500000000000001,sigmoid,sgd,0.0,2,he,"(-0.1, 0.1)",15,0.1066844041323788,0.2727272727272727,9
[3],0.01,0.0,0.0,0.0,0.8500000000000001,sigmoid,sgd,0.0,8,gaussian,"(-0.1, 0.1)",15,0.12621199989086426,0.5757575757575758,10
[4],0.16,0.0,0.0,0.0,0.7,sigmoid,sgd,0.0,4,gaussian,"(-0.1, 0.1)",15,0.00497292777442605,1.0,11
[4],0.01,0.0,0.0,0.05,0.7,sigmoid,sgd,0.0,8,he,"(-0.1, 0.1)",15,0.12687956002544007,0.5454545454545454,13
[4],0.01,0.0,0.0,0.0,0.75,sigmoid,sgd,0.0,4,glorot,"(-0.5, 0.5)",15,0.1303620403010259,0.45454545454545453,14
[3],0.16,0.0,0.0,0.25,0.7,sigmoid,sgd,0.0,4,he,"(-0.1, 0.1)",15,0.01475239738331787,1.0,15
[4],0.01,0.0,0.0,0.1,0.7,sigmoid,sgd,0.0,8,gaussian,"(-0.5, 0.5)",15,0.12220372363979876,0.5757575757575758,16
[3],0.16,0.0,0.0,0.2,0.8,sigmoid,sgd,0.0,4,glorot,"(-0.1, 0.1)",15,0.010014460725851507,1.0,17
[3],0.01,0.0,0.0,0.25,0.75,sigmoid,sgd,0.0,2,gaussian,"(-0.5, 0.5)",15,0.12360092402772146,0.5757575757575758,18
[4],0.01,0.0,0.0,0.0,0.8,sigmoid,sgd,0.0,4,he,"(-0.5, 0.5)",15,0.12226944954043434,0.48484848484848486,19
[4],0.16,0.0,0.0,0.05,0.75,sigmoid,sgd,0.0,4,gaussian,"(-0.5, 0.5)",15,0.004757964763714581,1.0,20
[3],0.01,0.0,0.0,0.05,0.8,sigmoid,sgd,0.0,2,gaussian,"(-0.1, 0.1)",15,0.12149271108290091,0.36363636363636365,21
[3],0.01,0.0,0.0,0.1,0.75,sigmoid,sgd,0.0,2,gaussian,"(-0.5, 0.5)",15,0.12361579298397701,0.5757575757575758,24
[3],0.16,0.0,0.0,0.15000000000000002,0.8500000000000001,sigmoid,sgd,0.0,2,gaussian,"(-0.1, 0.1)",15,0.09018255127824021,0.696969696969697,25
[3],0.01,0.0,0.0,0.0,0.8500000000000001,sigmoid,sgd,0.0,4,gaussian,"(-0.5, 0.5)",15,0.12373218549598144,0.5757575757575758,26
[3],0.16,0.0,0.0,0.05,0.75,sigmoid,sgd,0.0,8,glorot,"(-0.1, 0.1)",15,0.011314091212301038,1.0,27
[4],0.16,0.0,0.0,0.1,0.8500000000000001,sigmoid,sgd,0.0,2,he,"(-0.1, 0.1)",15,0.0023254075425324186,1.0,28
[3],0.01,0.0,0.0,0.1,0.9000000000000001,sigmoid,sgd,0.0,8,gaussian,"(-0.1, 0.1)",15,0.12759432194488268,0.5757575757575758,29
[3],0.01,0.0,0.0,0.1,0.75,sigmoid,sgd,0.0,8,glorot,"(-0.1, 0.1)",15,0.12448075817445965,0.5757575757575758,30
[4],0.16,0.0,0.0,0.2,0.7,sigmoid,sgd,0.0,8,gaussian,"(-0.1, 0.1)",15,0.07898570697601025,0.7878787878787878,33
[3],0.16,0.0,0.0,0.05,0.75,sigmoid,sgd,0.0,2,he,"(-0.1, 0.1)",15,0.0030344866204404745,1.0,35
[3],0.01,0.0,0.0,0.05,0.8500000000000001,sigmoid,sgd,0.0,2,glorot,"(-0.5, 0.5)",15,0.10453816699138622,0.5151515151515151,37
[4],0.16,0.0,0.0,0.25,0.7,sigmoid,sgd,0.0,4,he,"(-0.1, 0.1)",15,0.019518518590467472,1.0,39
[3],0.01,0.0,0.0,0.05,0.7,sigmoid,sgd,0.0,2,he,"(-0.5, 0.5)",15,0.12334322016093419,0.5454545454545454,41
[4],0.01,0.0,0.0,0.25,0.8500000000000001,sigmoid,sgd,0.0,4,gaussian,"(-0.1, 0.1)",15,0.12323312259405858,0.5757575757575758,42
[4],0.01,0.0,0.0,0.25,0.8,sigmoid,sgd,0.0,4,gaussian,"(-0.1, 0.1)",15,0.12546942028625388,0.5757575757575758,45
[4],0.16,0.0,0.0,0.15000000000000002,0.8500000000000001,sigmoid,sgd,0.0,8,glorot,"(-0.1, 0.1)",15,0.03595744926030098,0.9696969696969697,46
[3],0.01,0.0,0.0,0.1,0.8,sigmoid,sgd,0.0,4,gaussian,"(-0.5, 0.5)",15,0.12353109837377668,0.5757575757575758,47
[4],0.01,0.0,0.0,0.1,0.75,sigmoid,sgd,0.0,4,he,"(-0.1, 0.1)",15,0.12455195824841646,0.48484848484848486,49
[4],0.16,0.0,0.0,0.15000000000000002,0.8500000000000001,sigmoid,sgd,0.0,2,he,"(-0.5, 0.5)",15,0.005097889678953254,1.0,50
[4],0.01,0.0,0.0,0.2,0.9000000000000001,sigmoid,sgd,0.0,8,he,"(-0.1, 0.1)",15,0.1228844909835074,0.5151515151515151,51
[3],0.01,0.0,0.0,0.0,0.7,sigmoid,sgd,0.0,8,glorot,"(-0.1, 0.1)",15,0.12439939607931635,0.5757575757575758,52
[4],0.16,0.0,0.0,0.05,0.75,sigmoid,sgd,0.0,2,he,"(-0.5, 0.5)",15,0.0007843395571981228,1.0,53
[4],0.16,0.0,0.0,0.0,0.8,sigmoid,sgd,0.0,4,glorot,"(-0.1, 0.1)",15,0.00020952980029829166,1.0,54
[3],0.16,0.0,0.0,0.0,0.7,sigmoid,sgd,0.0,2,glorot,"(-0.5, 0.5)",15,0.002918153275128888,1.0,55
[3],0.16,0.0,0.0,0.05,0.9000000000000001,sigmoid,sgd,0.0,8,gaussian,"(-0.5, 0.5)",15,0.006188781493748469,1.0,56
[4],0.01,0.0,0.0,0.15000000000000002,0.75,sigmoid,sgd,0.0,8,gaussian,"(-0.5, 0.5)",15,0.12214976849174333,0.5757575757575758,57
[3],0.01,0.0,0.0,0.0,0.7,sigmoid,sgd,0.0,8,he,"(-0.1, 0.1)",15,0.12418104042958611,0.5757575757575758,58
[3],0.16,0.0,0.0,0.25,0.8,sigmoid,sgd,0.0,8,gaussian,"(-0.5, 0.5)",15,0.05194478404049459,0.8787878787878788,59
[3],0.16,0.0,0.0,0.0,0.75,sigmoid,sgd,0.0,8,glorot,"(-0.1, 0.1)",15,0.007378932537288412,1.0,63
[3],0.16,0.0,0.0,0.0,0.75,sigmoid,sgd,0.0,2,gaussian,"(-0.1, 0.1)",15,0.0028803711803878627,1.0,64
[4],0.16,0.0,0.0,0.1,0.9000000000000001,sigmoid,sgd,0.0,4,he,"(-0.1, 0.1)",15,0.004161966107567478,1.0,69
[4],0.01,0.0,0.0,0.0,0.75,sigmoid,sgd,0.0,2,he,"(-0.1, 0.1)",15,0.10646523541182362,0.5454545454545454,70
[4],0.01,0.0,0.0,0.15000000000000002,0.9000000000000001,sigmoid,sgd,0.0,8,gaussian,"(-0.1, 0.1)",15,0.12664026087374658,0.5757575757575758,71
[3],0.16,0.0,0.0,0.25,0.9000000000000001,sigmoid,sgd,0.0,2,gaussian,"(-0.1, 0.1)",15,0.033451794398922874,1.0,72
[4],0.16,0.0,0.0,0.0,0.8,sigmoid,sgd,0.0,8,he,"(-0.5, 0.5)",15,0.004972808583753101,1.0,73
[4],0.01,0.0,0.0,0.0,0.8500000000000001,sigmoid,sgd,0.0,4,he,"(-0.1, 0.1)",15,0.11423314467667377,0.5454545454545454,75
[4],0.16,0.0,0.0,0.2,0.7,sigmoid,sgd,0.0,4,glorot,"(-0.1, 0.1)",15,0.027264152064210706,1.0,76
[3],0.01,0.0,0.0,0.0,0.7,sigmoid,sgd,0.0,2,gaussian,"(-0.1, 0.1)",15,0.12738898176871274,0.5454545454545454,77
[4],0.01,0.0,0.0,0.25,0.7,sigmoid,sgd,0.0,2,he,"(-0.5, 0.5)",15,0.11715700119042566,0.3939393939393939,78
[4],0.16,0.0,0.0,0.25,0.75,sigmoid,sgd,0.0,2,glorot,"(-0.5, 0.5)",15,0.0092953302030313,1.0,79
[4],0.16,0.0,0.0,0.25,0.75,sigmoid,sgd,0.0,4,glorot,"(-0.1, 0.1)",15,0.014859600072424511,1.0,83
[4],0.01,0.0,0.0,0.0,0.8,sigmoid,sgd,0.0,4,gaussian,"(-0.1, 0.1)",15,0.12731744909563097,0.5757575757575758,84
[3],0.01,0.0,0.0,0.15000000000000002,0.75,sigmoid,sgd,0.0,4,gaussian,"(-0.1, 0.1)",15,0.12579278795288035,0.5757575757575758,85
[4],0.16,0.0,0.0,0.05,0.75,sigmoid,sgd,0.0,4,he,"(-0.1, 0.1)",15,0.0038882805295543344,1.0,86
[3],0.16,0.0,0.0,0.25,0.8500000000000001,sigmoid,sgd,0.0,8,he,"(-0.5, 0.5)",15,0.014180059466903261,1.0,87
[4],0.01,0.0,0.0,0.25,0.7,sigmoid,sgd,0.0,2,glorot,"(-0.5, 0.5)",15,0.12497526734269336,0.5757575757575758,88
[3],0.01,0.0,0.0,0.2,0.7,sigmoid,sgd,0.0,2,gaussian,"(-0.5, 0.5)",15,0.12356714205398611,0.5757575757575758,89
[4],0.01,0.0,0.0,0.05,0.75,sigmoid,sgd,0.0,2,glorot,"(-0.5, 0.5)",15,0.1250823735009974,0.45454545454545453,90
[4],0.16,0.0,0.0,0.2,0.9000000000000001,sigmoid,sgd,0.0,4,gaussian,"(-0.1, 0.1)",15,0.005017973901735425,1.0,95
[4],0.16,0.0,0.0,0.2,0.75,sigmoid,sgd,0.0,4,he,"(-0.1, 0.1)",15,0.016409776332073665,1.0,97
[3],0.16,0.0,0.0,0.2,0.7,sigmoid,sgd,0.0,2,he,"(-0.1, 0.1)",15,0.01040116427578541,1.0,98
[4],0.01,0.0,0.0,0.2,0.8,sigmoid,sgd,0.0,4,gaussian,"(-0.5, 0.5)",15,0.12117621187290205,0.5757575757575758,99
[3],0.16,0.0,0.0,0.05,0.8,sigmoid,sgd,0.0,8,gaussian,"(-0.5, 0.5)",15,0.01049733555846601,1.0,101
[3],0.16,0.0,0.0,0.05,0.7,sigmoid,sgd,0.0,4,gaussian,"(-0.5, 0.5)",15,0.00703045063915156,1.0,102
[4],0.16,0.0,0.0,0.0,0.8,sigmoid,sgd,0.0,2,glorot,"(-0.5, 0.5)",15,8.888673022266417e-05,1.0,104
[4],0.16,0.0,0.0,0.15000000000000002,0.8,sigmoid,sgd,0.0,2,glorot,"(-0.1, 0.1)",15,0.0048818863359144675,1.0,105
[4],0.01,0.0,0.0,0.05,0.9000000000000001,sigmoid,sgd,0.0,2,he,"(-0.1, 0.1)",15,0.028291391063695586,1.0,106
[4],0.01,0.0,0.0,0.15000000000000002,0.9000000000000001,sigmoid,sgd,0.0,8,gaussian,"(-0.5, 0.5)",15,0.12110519779466854,0.5757575757575758,107
[3],0.16,0.0,0.0,0.2,0.8500000000000001,sigmoid,sgd,0.0,8,gaussian,"(-0.5, 0.5)",15,0.02032540488444618,1.0,108
[3],0.01,0.0,0.0,0.25,0.75,sigmoid,sgd,0.0,2,gaussian,"(-0.1, 0.1)",15,0.1266250720538149,0.5757575757575758,109
[3],0.01,0.0,0.0,0.2,0.7,sigmoid,sgd,0.0,8,he,"(-0.5, 0.5)",15,0.12348314021694719,0.5757575757575758,110
[3],0.01,0.0,0.0,0.1,0.8500000000000001,sigmoid,sgd,0.0,8,glorot,"(-0.1, 0.1)",15,0.12647583526368505,0.5757575757575758,111
[4],0.01,0.0,0.0,0.2,0.8500000000000001,sigmoid,sgd,0.0,4,he,"(-0.5, 0.5)",15,0.11646370183295789,0.36363636363636365,113
[4],0.16,0.0,0.0,0.2,0.7,sigmoid,sgd,0.0,8,gaussian,"(-0.5, 0.5)",15,0.030155544109379425,1.0,116
[4],0.16,0.0,0.0,0.0,0.8500000000000001,sigmoid,sgd,0.0,8,he,"(-0.5, 0.5)",15,0.0036698191626815487,1.0,117
[4],0.01,0.0,0.0,0.0,0.7,sigmoid,sgd,0.0,8,he,"(-0.5, 0.5)",15,0.1273956403177356,0.5757575757575758,118
[3],0.01,0.0,0.0,0.0,0.75,sigmoid,sgd,0.0,2,gaussian,"(-0.1, 0.1)",15,0.12500310974250078,0.45454545454545453,119
[4],0.16,0.0,0.0,0.2,0.7,sigmoid,sgd,0.0,2,glorot,"(-0.1, 0.1)",15,0.02042724747794584,1.0,120
[3],0.16,0.0,0.0,0.15000000000000002,0.8500000000000001,sigmoid,sgd,0.0,8,gaussian,"(-0.1, 0.1)",15,0.09271240769060807,0.696969696969697,121
[3],0.01,0.0,0.0,0.05,0.7,sigmoid,sgd,0.0,4,gaussian,"(-0.5, 0.5)",15,0.12351874686085336,0.5757575757575758,122
[3],0.01,0.0,0.0,0.2,0.8500000000000001,sigmoid,sgd,0.0,4,glorot,"(-0.5, 0.5)",15,0.12918207973956644,0.5151515151515151,123
[4],0.16,0.0,0.0,0.2,0.7,sigmoid,sgd,0.0,4,he,"(-0.5, 0.5)",15,0.01817724424137461,1.0,126
[3],0.16,0.0,0.0,0.15000000000000002,0.8500000000000001,sigmoid,sgd,0.0,2,glorot,"(-0.5, 0.5)",15,0.0030637380792166227,1.0,129
[4],0.16,0.0,0.0,0.2,0.75,sigmoid,sgd,0.0,8,gaussian,"(-0.1, 0.1)",15,0.04321756506507654,1.0,133
[4],0.01,0.0,0.0,0.15000000000000002,0.8,sigmoid,sgd,0.0,8,gaussian,"(-0.5, 0.5)",15,0.12200145294489598,0.5757575757575758,134
[4],0.01,0.0,0.0,0.0,0.8,sigmoid,sgd,0.0,2,glorot,"(-0.1, 0.1)",15,0.1122972414001898,0.45454545454545453,135
[4],0.01,0.0,0.0,0.2,0.8,sigmoid,sgd,0.0,4,glorot,"(-0.5, 0.5)",15,0.12692079997041447,0.5757575757575758,139
[4],0.01,0.0,0.0,0.0,0.9000000000000001,sigmoid,sgd,0.0,2,he,"(-0.5, 0.5)",15,0.013255203155628005,1.0,140
[3],0.01,0.0,0.0,0.0,0.8,sigmoid,sgd,0.0,8,he,"(-0.1, 0.1)",15,0.1250882802632615,0.5757575757575758,141
[4],0.16,0.0,0.0,0.1,0.8,sigmoid,sgd,0.0,2,he,"(-0.5, 0.5)",15,0.003979598728625489,1.0,142
[3],0.16,0.0,0.0,0.0,0.8500000000000001,sigmoid,sgd,0.0,2,glorot,"(-0.1, 0.1)",15,0.0027844231655823736,1.0,143
[3],0.01,0.0,0.0,0.05,0.7,sigmoid,sgd,0.0,8,glorot,"(-0.1, 0.1)",15,0.12413333641513644,0.5757575757575758,145
[3],0.16,0.0,0.0,0.1,0.7,sigmoid,sgd,0.0,2,glorot,"(-0.5, 0.5)",15,0.0032010044727217492,1.0,146
[4],0.01,0.0,0.0,0.0,0.75,sigmoid,sgd,0.0,4,he,"(-0.1, 0.1)",15,0.1262016639973679,0.45454545454545453,150
[4],0.01,0.0,0.0,0.1,0.75,sigmoid,sgd,0.0,8,gaussian,"(-0.5, 0.5)",15,0.12215195654949265,0.5757575757575758,151
[4],0.16,0.0,0.0,0.0,0.8,sigmoid,sgd,0.0,4,gaussian,"(-0.1, 0.1)",15,0.0035182439983644895,1.0,152
[3],0.16,0.0,0.0,0.25,0.9000000000000001,sigmoid,sgd,0.0,2,gaussian,"(-0.5, 0.5)",15,0.005571155232306851,1.0,153
[3],0.01,0.0,0.0,0.25,0.8,sigmoid,sgd,0.0,4,glorot,"(-0.1, 0.1)",15,0.12647737998908032,0.5757575757575758,157
[3],0.01,0.0,0.0,0.25,0.75,sigmoid,sgd,0.0,4,gaussian,"(-0.1, 0.1)",15,0.12547875451784035,0.5757575757575758,160
[3],0.01,0.0,0.0,0.05,0.9000000000000001,sigmoid,sgd,0.0,4,gaussian,"(-0.5, 0.5)",15,0.12502135638316036,0.5757575757575758,162
[3],0.16,0.0,0.0,0.2,0.8500000000000001,sigmoid,sgd,0.0,8,glorot,"(-0.1, 0.1)",15,0.012862545889346854,1.0,163
[4],0.01,0.0,0.0,0.2,0.7,sigmoid,sgd,0.0,8,gaussian,"(-0.5, 0.5)",15,0.12220891147698913,0.5757575757575758,166
[4],0.01,0.0,0.0,0.15000000000000002,0.75,sigmoid,sgd,0.0,8,glorot,"(-0.1, 0.1)",15,0.12493817845366652,0.5757575757575758,167
[4],0.16,0.0,0.0,0.2,0.75,sigmoid,sgd,0.0,8,he,"(-0.5, 0.5)",15,0.07504616745306078,0.7878787878787878,169
[4],0.16,0.0,0.0,0.0,0.75,sigmoid,sgd,0.0,2,glorot,"(-0.5, 0.5)",15,0.00010682918895047811,1.0,170
[3],0.01,0.0,0.0,0.15000000000000002,0.8,sigmoid,sgd,0.0,4,glorot,"(-0.5, 0.5)",15,0.12804399157707252,0.5757575757575758,171
[3],0.01,0.0,0.0,0.1,0.8,sigmoid,sgd,0.0,8,he,"(-0.5, 0.5)",15,0.12428711832600994,0.5757575757575758,172
[4],0.16,0.0,0.0,0.15000000000000002,0.75,sigmoid,sgd,0.0,8,glorot,"(-0.1, 0.1)",15,0.07453508928379841,0.8484848484848485,174
[3],0.16,0.0,0.0,0.0,0.8,sigmoid,sgd,0.0,8,gaussian,"(-0.1, 0.1)",15,0.05069551815710521,0.9090909090909091,175
[3],0.16,0.0,0.0,0.15000000000000002,0.7,sigmoid,sgd,0.0,8,glorot,"(-0.1, 0.1)",15,0.05517902567640091,0.8787878787878788,177
[3],0.16,0.0,0.0,0.25,0.7,sigmoid,sgd,0.0,2,gaussian,"(-0.5, 0.5)",15,0.017583875065413868,1.0,178
[3],0.01,0.0,0.0,0.25,0.9000000000000001,sigmoid,sgd,0.0,4,he,"(-0.1, 0.1)",15,0.12107179887603861,0.5757575757575758,179
[4],0.16,0.0,0.0,0.15000000000000002,0.8,sigmoid,sgd,0.0,4,glorot,"(-0.1, 0.1)",15,0.014899832752900698,1.0,181
[4],0.01,0.0,0.0,0.0,0.8500000000000001,sigmoid,sgd,0.0,2,he,"(-0.5, 0.5)",15,0.06591948314568728,0.7575757575757576,184
[3],0.16,0.0,0.0,0.25,0.75,sigmoid,sgd,0.0,4,glorot,"(-0.5, 0.5)",15,0.007810851342580786,1.0,185
[3],0.01,0.0,0.0,0.15000000000000002,0.7,sigmoid,sgd,0.0,2,gaussian,"(-0.5, 0.5)",15,0.12358047511949954,0.5757575757575758,186
[3],0.01,0.0,0.0,0.15000000000000002,0.8500000000000001,sigmoid,sgd,0.0,2,he,"(-0.1, 0.1)",15,0.10461919355100326,0.3333333333333333,187
[4],0.16,0.0,0.0,0.25,0.8,sigmoid,sgd,0.0,8,glorot,"(-0.1, 0.1)",15,0.028766498098963773,1.0,188
[3],0.01,0.0,0.0,0.15000000000000002,0.7,sigmoid,sgd,0.0,8,he,"(-0.5, 0.5)",15,0.12362724673216825,0.5757575757575758,190
[4],0.16,0.0,0.0,0.15000000000000002,0.9000000000000001,sigmoid,sgd,0.0,2,glorot,"(-0.1, 0.1)",15,0.0062467481958917775,1.0,192
[3],0.01,0.0,0.0,0.1,0.75,sigmoid,sgd,0.0,8,glorot,"(-0.5, 0.5)",15,0.12448075817445965,0.5757575757575758,193
[4],0.01,0.0,0.0,0.05,0.7,sigmoid,sgd,0.0,2,he,"(-0.1, 0.1)",15,0.11332481639978295,0.48484848484848486,194
[4],0.16,0.0,0.0,0.25,0.8500000000000001,sigmoid,sgd,0.0,8,gaussian,"(-0.1, 0.1)",15,0.01055827767049141,1.0,198
